part_number,series,family,capability,qualifier,stated,count,value,attribute,#,confidence,basis
CH32H415REU6,CH32H415,CH32H417,adc,with-tkey,count,2,2,adc_tkey_units,#,confirmed,products:zh+products:en
CH32H415REU6,CH32H415,CH32H417,adc-channel,with-tkey,text,,15+2,adc_tkey_channels,#,confirmed,products:zh+products:en
CH32H415REU6,CH32H415,CH32H417,can,,count,3,3,can,#,confirmed,products:zh+products:en
CH32H415REU6,CH32H415,CH32H417,cmp,,count,1,1,cmp,#,confirmed,products:zh+products:en
CH32H415REU6,CH32H415,CH32H417,dac,,count,2,2,dac_unit,#,confirmed,products:zh+products:en
CH32H415REU6,CH32H415,CH32H417,dfsdm,,count,1,1,dfsdm,#,confirmed,products:zh+products:en
CH32H415REU6,CH32H415,CH32H417,dvp,,count,1,1,dvp,#,confirmed,products:zh+products:en
CH32H415REU6,CH32H415,CH32H417,gpha,,count,1,1,gpha,#,confirmed,products:zh+products:en
CH32H415REU6,CH32H415,CH32H417,hsadc,,count,1,1,hsadc_units,#,confirmed,products:zh+products:en
CH32H415REU6,CH32H415,CH32H417,hsadc-channel,,count,4,4,hsadc_channels,#,confirmed,products:zh+products:en
CH32H415REU6,CH32H415,CH32H417,i2c,,count,4,4,i2c,#,confirmed,products:zh+products:en
CH32H415REU6,CH32H415,CH32H417,i3c,,count,1,1,i3c,#,confirmed,products:zh+products:en
CH32H415REU6,CH32H415,CH32H417,ltdc,,count,1,1,ltdc,#,confirmed,products:zh+products:en
CH32H415REU6,CH32H415,CH32H417,opa,,text,,2 (OPA1/3),opa,#,confirmed,products:zh+products:en
CH32H415REU6,CH32H415,CH32H417,pioc,,count,1,1,pioc,#,confirmed,products:zh+products:en
CH32H415REU6,CH32H415,CH32H417,rng,,count,1,1,rng,#,confirmed,products:zh+products:en
CH32H415REU6,CH32H415,CH32H417,rtc,,marker,,√,rtc,#,confirmed,products:zh+products:en
CH32H415REU6,CH32H415,CH32H417,sai,,count,1,1,sai,#,confirmed,products:zh+products:en
CH32H415REU6,CH32H415,CH32H417,sdio,,count,1,1,sdio,#,confirmed,products:zh+products:en
CH32H415REU6,CH32H415,CH32H417,spi-i2s,,text,,4/2,spi_i2s,#,confirmed,products:zh+products:en
CH32H415REU6,CH32H415,CH32H417,sram,core1-hs-dtcm,text,,256KB,sram_core_1_hs_dtcm,#,confirmed,products:zh+products:en
CH32H415REU6,CH32H415,CH32H417,sram,core1-hs-itcm,text,,128KB,sram_core_1_hs_itcm,#,confirmed,products:zh+products:en
CH32H415REU6,CH32H415,CH32H417,sram,shared,text,,512KB,sram_shared_code_and_data_area,#,confirmed,products:zh+products:en
CH32H415REU6,CH32H415,CH32H417,swpmi,,count,1,1,swpmi,#,confirmed,products:zh+products:en
CH32H415REU6,CH32H415,CH32H417,systick,32bit,count,2,2,timer_systick_32_bit,#,confirmed,products:zh+products:en
CH32H415REU6,CH32H415,CH32H417,timer-advanced,16bit,count,2,2,timer_adtm_16_bit,#,confirmed,products:zh+products:en
CH32H415REU6,CH32H415,CH32H417,timer-basic,16bit,count,2,2,timer_basic_16_bit,#,confirmed,products:zh+products:en
CH32H415REU6,CH32H415,CH32H417,timer-general,16bit,count,4,4,timer_gptm_16_bit,#,confirmed,products:zh+products:en
CH32H415REU6,CH32H415,CH32H417,timer-general,32bit,count,4,4,timer_gptm_32_bit,#,confirmed,products:zh+products:en
CH32H415REU6,CH32H415,CH32H417,timer-lptim,,count,2,2,timer_lptim,#,confirmed,products:zh+products:en
CH32H415REU6,CH32H415,CH32H417,usart,,count,8,8,usart,#,confirmed,products:zh+products:en
CH32H415REU6,CH32H415,CH32H417,usb-fs,otg,count,1,1,pdusb_usbfs_otg_fs,#,confirmed,products:zh+products:en
CH32H415REU6,CH32H415,CH32H417,usb-hs,,count,1,1,pdusb_usbhs_usb_2_0,#,confirmed,products:zh+products:en
CH32H415REU6,CH32H415,CH32H417,usb-pd,,count,1,1,pdusb_usbpd_type_c,#,confirmed,products:zh+products:en
CH32H415REU6,CH32H415,CH32H417,watchdog,,text,,WWDG+IWDG,timer_watchdog,#,confirmed,products:zh+products:en
CH32H416RDU6,CH32H416,CH32H417,adc,with-tkey,count,2,2,adc_tkey_units,#,confirmed,products:zh+products:en
CH32H416RDU6,CH32H416,CH32H417,adc-channel,with-tkey,text,,16+2,adc_tkey_channels,#,confirmed,products:zh+products:en
CH32H416RDU6,CH32H416,CH32H417,can,,count,3,3,can,#,confirmed,products:zh+products:en
CH32H416RDU6,CH32H416,CH32H417,cmp,,count,1,1,cmp,#,confirmed,products:zh+products:en
CH32H416RDU6,CH32H416,CH32H417,dac,,count,2,2,dac_unit,#,confirmed,products:zh+products:en
CH32H416RDU6,CH32H416,CH32H417,dfsdm,,count,1,1,dfsdm,#,confirmed,products:zh+products:en
CH32H416RDU6,CH32H416,CH32H417,dvp,,count,1,1,dvp,#,confirmed,products:zh+products:en
CH32H416RDU6,CH32H416,CH32H417,gpha,,count,1,1,gpha,#,confirmed,products:zh+products:en
CH32H416RDU6,CH32H416,CH32H417,hsadc,,count,1,1,hsadc_units,#,confirmed,products:zh+products:en
CH32H416RDU6,CH32H416,CH32H417,hsadc-channel,,count,7,7,hsadc_channels,#,confirmed,products:zh+products:en
CH32H416RDU6,CH32H416,CH32H417,i2c,,count,4,4,i2c,#,confirmed,products:zh+products:en
CH32H416RDU6,CH32H416,CH32H417,i3c,,count,1,1,i3c,#,confirmed,products:zh+products:en
CH32H416RDU6,CH32H416,CH32H417,ltdc,,count,1,1,ltdc,#,confirmed,products:zh+products:en
CH32H416RDU6,CH32H416,CH32H417,opa,,count,3,3,opa,#,confirmed,products:zh+products:en
CH32H416RDU6,CH32H416,CH32H417,pioc,,count,1,1,pioc,#,confirmed,products:zh+products:en
CH32H416RDU6,CH32H416,CH32H417,qspi,,text,,1 (QSPI2),qspi,#,confirmed,products:zh+products:en
CH32H416RDU6,CH32H416,CH32H417,rng,,count,1,1,rng,#,confirmed,products:zh+products:en
CH32H416RDU6,CH32H416,CH32H417,rtc,,marker,,√,rtc,#,confirmed,products:zh+products:en
CH32H416RDU6,CH32H416,CH32H417,sai,,count,1,1,sai,#,confirmed,products:zh+products:en
CH32H416RDU6,CH32H416,CH32H417,sdmmc,,count,1,1,sdmmc,#,confirmed,products:zh+products:en
CH32H416RDU6,CH32H416,CH32H417,spi-i2s,,text,,3/2,spi_i2s,#,confirmed,products:zh+products:en
CH32H416RDU6,CH32H416,CH32H417,sram,core1-hs-dtcm,text,,256K,sram_core_1_hs_dtcm,#,confirmed,products:zh+products:en
CH32H416RDU6,CH32H416,CH32H417,sram,core1-hs-itcm,text,,128K,sram_core_1_hs_itcm,#,confirmed,products:zh+products:en
CH32H416RDU6,CH32H416,CH32H417,sram,shared,text,,512K,sram_shared_code_and_data_area,#,confirmed,products:zh+products:en
CH32H416RDU6,CH32H416,CH32H417,swpmi,,count,1,1,swpmi,#,confirmed,products:zh+products:en
CH32H416RDU6,CH32H416,CH32H417,systick,32bit,count,2,2,timer_systick_32_bit,#,confirmed,products:zh+products:en
CH32H416RDU6,CH32H416,CH32H417,timer-advanced,16bit,count,2,2,timer_adtm_16_bit,#,confirmed,products:zh+products:en
CH32H416RDU6,CH32H416,CH32H417,timer-basic,16bit,count,2,2,timer_basic_16_bit,#,confirmed,products:zh+products:en
CH32H416RDU6,CH32H416,CH32H417,timer-general,16bit,count,4,4,timer_gptm_16_bit,#,confirmed,products:zh+products:en
CH32H416RDU6,CH32H416,CH32H417,timer-general,32bit,count,4,4,timer_gptm_32_bit,#,confirmed,products:zh+products:en
CH32H416RDU6,CH32H416,CH32H417,timer-lptim,,count,2,2,timer_lptim,#,confirmed,products:zh+products:en
CH32H416RDU6,CH32H416,CH32H417,usart,,count,7,7,usart,#,confirmed,products:zh+products:en
CH32H416RDU6,CH32H416,CH32H417,usb-fs,otg,count,1,1,pdusb_usbfs_otg_fs,#,confirmed,products:zh+products:en
CH32H416RDU6,CH32H416,CH32H417,usb-hs,,count,1,1,pdusb_usbhs_usb_2_0,#,confirmed,products:zh+products:en
CH32H416RDU6,CH32H416,CH32H417,usb-pd,,text,,1 Built-in Rd(4),pdusb_usbpd_type_c,#,conflict,products:en+!products:zh(=1 built-in Rd(4))
CH32H416RDU6,CH32H416,CH32H417,usb-ss,,count,1,1,pdusb_usbss_usb_3_0,#,confirmed,products:zh+products:en
CH32H416RDU6,CH32H416,CH32H417,watchdog,,text,,WWDG+IWDG,timer_watchdog,#,confirmed,products:zh+products:en
CH32H417MEU6,CH32H417,CH32H417,adc,with-tkey,count,2,2,adc_tkey_units,#,confirmed,products:zh+products:en
CH32H417MEU6,CH32H417,CH32H417,adc-channel,with-tkey,text,,9+2,adc_tkey_channels,#,confirmed,products:zh+products:en
CH32H417MEU6,CH32H417,CH32H417,can,,count,3,3,can,#,confirmed,products:zh+products:en
CH32H417MEU6,CH32H417,CH32H417,cmp,,count,1,1,cmp,#,confirmed,products:zh+products:en
CH32H417MEU6,CH32H417,CH32H417,dac,,count,2,2,dac_unit,#,confirmed,products:zh+products:en
CH32H417MEU6,CH32H417,CH32H417,dfsdm,,count,1,1,dfsdm,#,confirmed,products:zh+products:en
CH32H417MEU6,CH32H417,CH32H417,dvp,,count,1,1,dvp,#,confirmed,products:zh+products:en
CH32H417MEU6,CH32H417,CH32H417,ethernet,,text,,MAC+10/100M PHY,ethernet,#,confirmed,products:zh+products:en
CH32H417MEU6,CH32H417,CH32H417,fsmc,,text,,1(2),fmc_fsmc,#,confirmed,products:zh+products:en
CH32H417MEU6,CH32H417,CH32H417,gpha,,count,1,1,gpha,#,confirmed,products:zh+products:en
CH32H417MEU6,CH32H417,CH32H417,hsadc,,count,1,1,hsadc_units,#,confirmed,products:zh+products:en
CH32H417MEU6,CH32H417,CH32H417,hsadc-channel,,count,4,4,hsadc_channels,#,confirmed,products:zh+products:en
CH32H417MEU6,CH32H417,CH32H417,i2c,,count,4,4,i2c,#,confirmed,products:zh+products:en
CH32H417MEU6,CH32H417,CH32H417,i3c,,count,1,1,i3c,#,confirmed,products:zh+products:en
CH32H417MEU6,CH32H417,CH32H417,ltdc,,count,1,1,ltdc,#,confirmed,products:zh+products:en
CH32H417MEU6,CH32H417,CH32H417,opa,,text,,2 (OPA1/3),opa,#,confirmed,products:zh+products:en
CH32H417MEU6,CH32H417,CH32H417,pioc,,count,1,1,pioc,#,confirmed,products:zh+products:en
CH32H417MEU6,CH32H417,CH32H417,qspi,,text,,1 (QSPI2),qspi,#,confirmed,products:zh+products:en
CH32H417MEU6,CH32H417,CH32H417,rng,,count,1,1,rng,#,confirmed,products:zh+products:en
CH32H417MEU6,CH32H417,CH32H417,rtc,,marker,,√,rtc,#,confirmed,products:zh+products:en
CH32H417MEU6,CH32H417,CH32H417,sai,,count,1,1,sai,#,confirmed,products:zh+products:en
CH32H417MEU6,CH32H417,CH32H417,sdmmc,,count,1,1,sdmmc,#,confirmed,products:zh+products:en
CH32H417MEU6,CH32H417,CH32H417,sdram,,count,1,1,fmc_sdram,#,confirmed,products:zh+products:en
CH32H417MEU6,CH32H417,CH32H417,serdes,,count,1,1,serdes,#,confirmed,products:zh+products:en
CH32H417MEU6,CH32H417,CH32H417,spi-i2s,,text,,4/2,spi_i2s,#,confirmed,products:zh+products:en
CH32H417MEU6,CH32H417,CH32H417,sram,core1-hs-dtcm,text,,256KB,sram_core_1_hs_dtcm,#,confirmed,products:zh+products:en
CH32H417MEU6,CH32H417,CH32H417,sram,core1-hs-itcm,text,,128KB,sram_core_1_hs_itcm,#,confirmed,products:zh+products:en
CH32H417MEU6,CH32H417,CH32H417,sram,shared,text,,512KB,sram_shared_code_and_data_area,#,confirmed,products:zh+products:en
CH32H417MEU6,CH32H417,CH32H417,swpmi,,count,1,1,swpmi,#,confirmed,products:zh+products:en
CH32H417MEU6,CH32H417,CH32H417,systick,32bit,count,2,2,timer_systick_32_bit,#,confirmed,products:zh+products:en
CH32H417MEU6,CH32H417,CH32H417,timer-advanced,16bit,count,2,2,timer_adtm_16_bit,#,confirmed,products:zh+products:en
CH32H417MEU6,CH32H417,CH32H417,timer-basic,16bit,count,2,2,timer_basic_16_bit,#,confirmed,products:zh+products:en
CH32H417MEU6,CH32H417,CH32H417,timer-general,16bit,count,4,4,timer_gptm_16_bit,#,confirmed,products:zh+products:en
CH32H417MEU6,CH32H417,CH32H417,timer-general,32bit,count,4,4,timer_gptm_32_bit,#,confirmed,products:zh+products:en
CH32H417MEU6,CH32H417,CH32H417,timer-lptim,,count,2,2,timer_lptim,#,confirmed,products:zh+products:en
CH32H417MEU6,CH32H417,CH32H417,uhsif,,count,1,1,uhsif,#,confirmed,products:zh+products:en
CH32H417MEU6,CH32H417,CH32H417,usart,,count,8,8,usart,#,confirmed,products:zh+products:en
CH32H417MEU6,CH32H417,CH32H417,usb-fs,otg,count,1,1,pdusb_usbfs_otg_fs,#,confirmed,products:zh+products:en
CH32H417MEU6,CH32H417,CH32H417,usb-hs,,count,1,1,pdusb_usbhs_usb_2_0,#,confirmed,products:zh+products:en
CH32H417MEU6,CH32H417,CH32H417,usb-pd,,count,1,1,pdusb_usbpd_type_c,#,confirmed,products:zh+products:en
CH32H417MEU6,CH32H417,CH32H417,usb-ss,,count,1,1,pdusb_usbss_usb_3_0,#,confirmed,products:zh+products:en
CH32H417MEU6,CH32H417,CH32H417,watchdog,,text,,WWDG+IWDG,timer_watchdog,#,confirmed,products:zh+products:en
CH32H417QEU6,CH32H417,CH32H417,adc,with-tkey,count,2,2,adc_tkey_units,#,confirmed,products:zh+products:en
CH32H417QEU6,CH32H417,CH32H417,adc-channel,with-tkey,text,,16+2,adc_tkey_channels,#,confirmed,products:zh+products:en
CH32H417QEU6,CH32H417,CH32H417,can,,count,3,3,can,#,confirmed,products:zh+products:en
CH32H417QEU6,CH32H417,CH32H417,cmp,,count,1,1,cmp,#,confirmed,products:zh+products:en
CH32H417QEU6,CH32H417,CH32H417,dac,,count,2,2,dac_unit,#,confirmed,products:zh+products:en
CH32H417QEU6,CH32H417,CH32H417,dfsdm,,count,1,1,dfsdm,#,confirmed,products:zh+products:en
CH32H417QEU6,CH32H417,CH32H417,dvp,,count,1,1,dvp,#,confirmed,products:zh+products:en
CH32H417QEU6,CH32H417,CH32H417,ethernet,,text,,MAC+10/100M PHY,ethernet,#,confirmed,products:zh+products:en
CH32H417QEU6,CH32H417,CH32H417,fsmc,,count,1,1,fmc_fsmc,#,confirmed,products:zh+products:en
CH32H417QEU6,CH32H417,CH32H417,gpha,,count,1,1,gpha,#,confirmed,products:zh+products:en
CH32H417QEU6,CH32H417,CH32H417,hsadc,,count,1,1,hsadc_units,#,confirmed,products:zh+products:en
CH32H417QEU6,CH32H417,CH32H417,hsadc-channel,,count,7,7,hsadc_channels,#,confirmed,products:zh+products:en
CH32H417QEU6,CH32H417,CH32H417,i2c,,count,4,4,i2c,#,confirmed,products:zh+products:en
CH32H417QEU6,CH32H417,CH32H417,i3c,,count,1,1,i3c,#,confirmed,products:zh+products:en
CH32H417QEU6,CH32H417,CH32H417,ltdc,,count,1,1,ltdc,#,confirmed,products:zh+products:en
CH32H417QEU6,CH32H417,CH32H417,opa,,count,3,3,opa,#,confirmed,products:zh+products:en
CH32H417QEU6,CH32H417,CH32H417,pioc,,count,1,1,pioc,#,confirmed,products:zh+products:en
CH32H417QEU6,CH32H417,CH32H417,qspi,,count,2,2,qspi,#,confirmed,products:zh+products:en
CH32H417QEU6,CH32H417,CH32H417,rng,,count,1,1,rng,#,confirmed,products:zh+products:en
CH32H417QEU6,CH32H417,CH32H417,rtc,,marker,,√,rtc,#,confirmed,products:zh+products:en
CH32H417QEU6,CH32H417,CH32H417,sai,,count,1,1,sai,#,confirmed,products:zh+products:en
CH32H417QEU6,CH32H417,CH32H417,sdio,,count,1,1,sdio,#,confirmed,products:zh+products:en
CH32H417QEU6,CH32H417,CH32H417,sdmmc,,count,1,1,sdmmc,#,confirmed,products:zh+products:en
CH32H417QEU6,CH32H417,CH32H417,sdram,,count,1,1,fmc_sdram,#,confirmed,products:zh+products:en
CH32H417QEU6,CH32H417,CH32H417,serdes,,count,1,1,serdes,#,confirmed,products:zh+products:en
CH32H417QEU6,CH32H417,CH32H417,spi-i2s,,text,,4/2,spi_i2s,#,confirmed,products:zh+products:en
CH32H417QEU6,CH32H417,CH32H417,sram,core1-hs-dtcm,text,,256KB,sram_core_1_hs_dtcm,#,confirmed,products:zh+products:en
CH32H417QEU6,CH32H417,CH32H417,sram,core1-hs-itcm,text,,128KB,sram_core_1_hs_itcm,#,confirmed,products:zh+products:en
CH32H417QEU6,CH32H417,CH32H417,sram,shared,text,,512KB,sram_shared_code_and_data_area,#,confirmed,products:zh+products:en
CH32H417QEU6,CH32H417,CH32H417,swpmi,,count,1,1,swpmi,#,confirmed,products:zh+products:en
CH32H417QEU6,CH32H417,CH32H417,systick,32bit,count,2,2,timer_systick_32_bit,#,confirmed,products:zh+products:en
CH32H417QEU6,CH32H417,CH32H417,timer-advanced,16bit,count,2,2,timer_adtm_16_bit,#,confirmed,products:zh+products:en
CH32H417QEU6,CH32H417,CH32H417,timer-basic,16bit,count,2,2,timer_basic_16_bit,#,confirmed,products:zh+products:en
CH32H417QEU6,CH32H417,CH32H417,timer-general,16bit,count,4,4,timer_gptm_16_bit,#,confirmed,products:zh+products:en
CH32H417QEU6,CH32H417,CH32H417,timer-general,32bit,count,4,4,timer_gptm_32_bit,#,confirmed,products:zh+products:en
CH32H417QEU6,CH32H417,CH32H417,timer-lptim,,count,2,2,timer_lptim,#,confirmed,products:zh+products:en
CH32H417QEU6,CH32H417,CH32H417,uhsif,,count,1,1,uhsif,#,confirmed,products:zh+products:en
CH32H417QEU6,CH32H417,CH32H417,usart,,count,8,8,usart,#,confirmed,products:zh+products:en
CH32H417QEU6,CH32H417,CH32H417,usb-fs,otg,count,1,1,pdusb_usbfs_otg_fs,#,confirmed,products:zh+products:en
CH32H417QEU6,CH32H417,CH32H417,usb-hs,,count,1,1,pdusb_usbhs_usb_2_0,#,confirmed,products:zh+products:en
CH32H417QEU6,CH32H417,CH32H417,usb-pd,,count,1,1,pdusb_usbpd_type_c,#,confirmed,products:zh+products:en
CH32H417QEU6,CH32H417,CH32H417,usb-ss,,count,1,1,pdusb_usbss_usb_3_0,#,confirmed,products:zh+products:en
CH32H417QEU6,CH32H417,CH32H417,watchdog,,text,,WWDG+IWDG,timer_watchdog,#,confirmed,products:zh+products:en
CH32H417WEU6,CH32H417,CH32H417,adc,with-tkey,count,2,2,adc_tkey_units,#,confirmed,products:zh+products:en
CH32H417WEU6,CH32H417,CH32H417,adc-channel,with-tkey,text,,7+2,adc_tkey_channels,#,confirmed,products:zh+products:en
CH32H417WEU6,CH32H417,CH32H417,can,,count,3,3,can,#,confirmed,products:zh+products:en
CH32H417WEU6,CH32H417,CH32H417,cmp,,count,1,1,cmp,#,confirmed,products:zh+products:en
CH32H417WEU6,CH32H417,CH32H417,dac,,text,,1 (DAC2),dac_unit,#,confirmed,products:zh+products:en
CH32H417WEU6,CH32H417,CH32H417,dfsdm,,count,1,1,dfsdm,#,confirmed,products:zh+products:en
CH32H417WEU6,CH32H417,CH32H417,dvp,,count,1,1,dvp,#,confirmed,products:zh+products:en
CH32H417WEU6,CH32H417,CH32H417,ethernet,,text,,MAC+10/100M PHY,ethernet,#,confirmed,products:zh+products:en
CH32H417WEU6,CH32H417,CH32H417,fsmc,,text,,1(2),fmc_fsmc,#,confirmed,products:zh+products:en
CH32H417WEU6,CH32H417,CH32H417,gpha,,count,1,1,gpha,#,confirmed,products:zh+products:en
CH32H417WEU6,CH32H417,CH32H417,hsadc,,count,1,1,hsadc_units,#,confirmed,products:zh+products:en
CH32H417WEU6,CH32H417,CH32H417,hsadc-channel,,count,4,4,hsadc_channels,#,confirmed,products:zh+products:en
CH32H417WEU6,CH32H417,CH32H417,i2c,,count,4,4,i2c,#,confirmed,products:zh+products:en
CH32H417WEU6,CH32H417,CH32H417,i3c,,count,1,1,i3c,#,confirmed,products:zh+products:en
CH32H417WEU6,CH32H417,CH32H417,ltdc,,count,1,1,ltdc,#,confirmed,products:zh+products:en
CH32H417WEU6,CH32H417,CH32H417,opa,,text,,2 (OPA1/3),opa,#,conflict,products:en+!products:zh(=1（OPA1）)
CH32H417WEU6,CH32H417,CH32H417,pioc,,count,1,1,pioc,#,confirmed,products:zh+products:en
CH32H417WEU6,CH32H417,CH32H417,qspi,,text,,1 (QSPI2),qspi,#,confirmed,products:zh+products:en
CH32H417WEU6,CH32H417,CH32H417,rng,,count,1,1,rng,#,confirmed,products:zh+products:en
CH32H417WEU6,CH32H417,CH32H417,rtc,,marker,,√,rtc,#,confirmed,products:zh+products:en
CH32H417WEU6,CH32H417,CH32H417,sai,,count,1,1,sai,#,confirmed,products:zh+products:en
CH32H417WEU6,CH32H417,CH32H417,sdmmc,,count,1,1,sdmmc,#,confirmed,products:zh+products:en
CH32H417WEU6,CH32H417,CH32H417,sdram,,text,,1(3),fmc_sdram,#,confirmed,products:zh+products:en
CH32H417WEU6,CH32H417,CH32H417,spi-i2s,,text,,3/2,spi_i2s,#,confirmed,products:zh+products:en
CH32H417WEU6,CH32H417,CH32H417,sram,core1-hs-dtcm,text,,256KB,sram_core_1_hs_dtcm,#,confirmed,products:zh+products:en
CH32H417WEU6,CH32H417,CH32H417,sram,core1-hs-itcm,text,,128KB,sram_core_1_hs_itcm,#,confirmed,products:zh+products:en
CH32H417WEU6,CH32H417,CH32H417,sram,shared,text,,512KB,sram_shared_code_and_data_area,#,confirmed,products:zh+products:en
CH32H417WEU6,CH32H417,CH32H417,swpmi,,count,1,1,swpmi,#,confirmed,products:zh+products:en
CH32H417WEU6,CH32H417,CH32H417,systick,32bit,count,2,2,timer_systick_32_bit,#,confirmed,products:zh+products:en
CH32H417WEU6,CH32H417,CH32H417,timer-advanced,16bit,count,2,2,timer_adtm_16_bit,#,confirmed,products:zh+products:en
CH32H417WEU6,CH32H417,CH32H417,timer-basic,16bit,count,2,2,timer_basic_16_bit,#,confirmed,products:zh+products:en
CH32H417WEU6,CH32H417,CH32H417,timer-general,16bit,count,4,4,timer_gptm_16_bit,#,confirmed,products:zh+products:en
CH32H417WEU6,CH32H417,CH32H417,timer-general,32bit,count,4,4,timer_gptm_32_bit,#,confirmed,products:zh+products:en
CH32H417WEU6,CH32H417,CH32H417,timer-lptim,,count,2,2,timer_lptim,#,confirmed,products:zh+products:en
CH32H417WEU6,CH32H417,CH32H417,uhsif,,text,,1(1),uhsif,#,confirmed,products:zh+products:en
CH32H417WEU6,CH32H417,CH32H417,usart,,count,7,7,usart,#,confirmed,products:zh+products:en
CH32H417WEU6,CH32H417,CH32H417,usb-hs,,count,1,1,pdusb_usbhs_usb_2_0,#,confirmed,products:zh+products:en
CH32H417WEU6,CH32H417,CH32H417,usb-ss,,count,1,1,pdusb_usbss_usb_3_0,#,confirmed,products:zh+products:en
CH32H417WEU6,CH32H417,CH32H417,watchdog,,text,,WWDG+IWDG,timer_watchdog,#,confirmed,products:zh+products:en
CH32L103C8T6,CH32L103,CH32L103,adc-channel,,text,,10+3,adc,#,confirmed,products:zh+products:en
CH32L103C8T6,CH32L103,CH32L103,can,,count,1,1,communication_interface_can,#,confirmed,products:zh+products:en
CH32L103C8T6,CH32L103,CH32L103,can-fd,,marker,,√,communication_interface_can_fd,#,confirmed,products:zh+products:en
CH32L103C8T6,CH32L103,CH32L103,clock,,text,,Max: 96MHz,cpu_main_frequency,#,confirmed,products:zh+products:en
CH32L103C8T6,CH32L103,CH32L103,cmp,,count,3,3,cmp,#,confirmed,products:zh+products:en
CH32L103C8T6,CH32L103,CH32L103,i2c,,count,2,2,communication_interface_i2c,#,confirmed,products:zh+products:en
CH32L103C8T6,CH32L103,CH32L103,opa,,count,1,1,opa,#,confirmed,products:zh+products:en
CH32L103C8T6,CH32L103,CH32L103,rtc,,marker,,√,rtc,#,confirmed,products:zh+products:en
CH32L103C8T6,CH32L103,CH32L103,spi,,count,2,2,communication_interface_spi,#,confirmed,products:zh+products:en
CH32L103C8T6,CH32L103,CH32L103,systick,64bit,marker,,√,timer_systick_64_bit,#,confirmed,products:zh+products:en
CH32L103C8T6,CH32L103,CH32L103,timer-advanced,tim1-16bit,count,1,1,timer_advanced_control_tim1_16_bit,#,confirmed,products:zh+products:en
CH32L103C8T6,CH32L103,CH32L103,timer-general,tim2-3-16bit,count,2,2,timer_general_purpose_tim2_3_16_bit,#,confirmed,products:zh+products:en
CH32L103C8T6,CH32L103,CH32L103,timer-general,tim4-32bit,count,1,1,timer_general_purpose_tim4_32_bit,#,confirmed,products:zh+products:en
CH32L103C8T6,CH32L103,CH32L103,timer-lptim,,marker,,√,timer_low_power_timer_lptim,#,confirmed,products:zh+products:en
CH32L103C8T6,CH32L103,CH32L103,tkey-channel,,count,10,10,tkey,#,confirmed,products:zh+products:en
CH32L103C8T6,CH32L103,CH32L103,usart,,count,4,4,communication_interface_usart,#,confirmed,products:zh+products:en
CH32L103C8T6,CH32L103,CH32L103,usb,host-device,text,,Host Device,communication_interface_pdusb_usb_host_device,#,confirmed,products:zh+products:en
CH32L103C8T6,CH32L103,CH32L103,usb-pd,,text,,DRP Source Sink,communication_interface_pdusb_usb_pd_type_c,#,confirmed,products:zh+products:en
CH32L103C8T6,CH32L103,CH32L103,voltage,,text,,3.3V,rated_voltage,#,confirmed,products:zh+products:en
CH32L103C8T6,CH32L103,CH32L103,watchdog,,text,,2 ( WWDG + IWDG ),timer_watchdog,#,confirmed,products:zh+products:en
CH32L103F8P6,CH32L103,CH32L103,adc-channel,,text,,9+3,adc,#,confirmed,products:zh+products:en
CH32L103F8P6,CH32L103,CH32L103,can,,count,1,1,communication_interface_can,#,confirmed,products:zh+products:en
CH32L103F8P6,CH32L103,CH32L103,clock,,text,,Max: 96MHz,cpu_main_frequency,#,confirmed,products:zh+products:en
CH32L103F8P6,CH32L103,CH32L103,cmp,,text,,CMP1 CMP2,cmp,#,confirmed,products:zh+products:en
CH32L103F8P6,CH32L103,CH32L103,i2c,,text,,I2C1,communication_interface_i2c,#,confirmed,products:zh+products:en
CH32L103F8P6,CH32L103,CH32L103,opa,,count,1,1,opa,#,confirmed,products:zh+products:en
CH32L103F8P6,CH32L103,CH32L103,rtc,,marker,,√,rtc,#,confirmed,products:zh+products:en
CH32L103F8P6,CH32L103,CH32L103,spi,,text,,SPI1,communication_interface_spi,#,confirmed,products:zh+products:en
CH32L103F8P6,CH32L103,CH32L103,systick,64bit,marker,,√,timer_systick_64_bit,#,confirmed,products:zh+products:en
CH32L103F8P6,CH32L103,CH32L103,timer-advanced,tim1-16bit,count,1,1,timer_advanced_control_tim1_16_bit,#,confirmed,products:zh+products:en
CH32L103F8P6,CH32L103,CH32L103,timer-general,tim2-3-16bit,count,2,2,timer_general_purpose_tim2_3_16_bit,#,confirmed,products:zh+products:en
CH32L103F8P6,CH32L103,CH32L103,timer-general,tim4-32bit,count,1,1,timer_general_purpose_tim4_32_bit,#,confirmed,products:zh+products:en
CH32L103F8P6,CH32L103,CH32L103,timer-lptim,,marker,,√,timer_low_power_timer_lptim,#,confirmed,products:zh+products:en
CH32L103F8P6,CH32L103,CH32L103,tkey-channel,,count,9,9,tkey,#,confirmed,products:zh+products:en
CH32L103F8P6,CH32L103,CH32L103,usart,,count,4,4,communication_interface_usart,#,confirmed,products:zh+products:en
CH32L103F8P6,CH32L103,CH32L103,usb,host-device,text,,Device,communication_interface_pdusb_usb_host_device,#,confirmed,products:zh+products:en
CH32L103F8P6,CH32L103,CH32L103,usb-pd,,text,,DRP Source Sink,communication_interface_pdusb_usb_pd_type_c,#,confirmed,products:zh+products:en
CH32L103F8P6,CH32L103,CH32L103,voltage,,text,,3.3V,rated_voltage,#,confirmed,products:zh+products:en
CH32L103F8P6,CH32L103,CH32L103,watchdog,,text,,2 ( WWDG + IWDG ),timer_watchdog,#,confirmed,products:zh+products:en
CH32L103F8U6,CH32L103,CH32L103,adc-channel,,text,,10+3,adc,#,confirmed,products:zh+products:en
CH32L103F8U6,CH32L103,CH32L103,can,,count,1,1,communication_interface_can,#,confirmed,products:zh+products:en
CH32L103F8U6,CH32L103,CH32L103,clock,,text,,Max: 96MHz,cpu_main_frequency,#,confirmed,products:zh+products:en
CH32L103F8U6,CH32L103,CH32L103,cmp,,count,3,3,cmp,#,confirmed,products:zh+products:en
CH32L103F8U6,CH32L103,CH32L103,i2c,,count,2,2,communication_interface_i2c,#,confirmed,products:zh+products:en
CH32L103F8U6,CH32L103,CH32L103,opa,,count,1,1,opa,#,confirmed,products:zh+products:en
CH32L103F8U6,CH32L103,CH32L103,rtc,,marker,,√,rtc,#,confirmed,products:zh+products:en
CH32L103F8U6,CH32L103,CH32L103,spi,,count,2,2,communication_interface_spi,#,confirmed,products:zh+products:en
CH32L103F8U6,CH32L103,CH32L103,systick,64bit,marker,,√,timer_systick_64_bit,#,confirmed,products:zh+products:en
CH32L103F8U6,CH32L103,CH32L103,timer-advanced,tim1-16bit,count,1,1,timer_advanced_control_tim1_16_bit,#,confirmed,products:zh+products:en
CH32L103F8U6,CH32L103,CH32L103,timer-general,tim2-3-16bit,count,2,2,timer_general_purpose_tim2_3_16_bit,#,confirmed,products:zh+products:en
CH32L103F8U6,CH32L103,CH32L103,timer-general,tim4-32bit,count,1,1,timer_general_purpose_tim4_32_bit,#,confirmed,products:zh+products:en
CH32L103F8U6,CH32L103,CH32L103,timer-lptim,,marker,,√,timer_low_power_timer_lptim,#,confirmed,products:zh+products:en
CH32L103F8U6,CH32L103,CH32L103,tkey-channel,,count,10,10,tkey,#,confirmed,products:zh+products:en
CH32L103F8U6,CH32L103,CH32L103,usart,,count,4,4,communication_interface_usart,#,confirmed,products:zh+products:en
CH32L103F8U6,CH32L103,CH32L103,usb,host-device,text,,Host Device,communication_interface_pdusb_usb_host_device,#,confirmed,products:zh+products:en
CH32L103F8U6,CH32L103,CH32L103,usb-pd,,text,,DRP Source Sink Built-in Rd(1),communication_interface_pdusb_usb_pd_type_c,#,conflict,"products:en+!products:zh(=DRP/Source/Sink, built-in Rd(1))"
CH32L103F8U6,CH32L103,CH32L103,voltage,,text,,3.3V,rated_voltage,#,confirmed,products:zh+products:en
CH32L103F8U6,CH32L103,CH32L103,watchdog,,text,,2 ( WWDG + IWDG ),timer_watchdog,#,confirmed,products:zh+products:en
CH32L103G8R6,CH32L103,CH32L103,adc-channel,,text,,10+3,adc,#,confirmed,products:zh+products:en
CH32L103G8R6,CH32L103,CH32L103,can,,count,1,1,communication_interface_can,#,confirmed,products:zh+products:en
CH32L103G8R6,CH32L103,CH32L103,clock,,text,,Max: 96MHz,cpu_main_frequency,#,confirmed,products:zh+products:en
CH32L103G8R6,CH32L103,CH32L103,cmp,,count,3,3,cmp,#,confirmed,products:zh+products:en
CH32L103G8R6,CH32L103,CH32L103,i2c,,count,2,2,communication_interface_i2c,#,confirmed,products:zh+products:en
CH32L103G8R6,CH32L103,CH32L103,opa,,count,1,1,opa,#,confirmed,products:zh+products:en
CH32L103G8R6,CH32L103,CH32L103,rtc,,marker,,√,rtc,#,confirmed,products:zh+products:en
CH32L103G8R6,CH32L103,CH32L103,spi,,count,2,2,communication_interface_spi,#,confirmed,products:zh+products:en
CH32L103G8R6,CH32L103,CH32L103,systick,64bit,marker,,√,timer_systick_64_bit,#,confirmed,products:zh+products:en
CH32L103G8R6,CH32L103,CH32L103,timer-advanced,tim1-16bit,count,1,1,timer_advanced_control_tim1_16_bit,#,confirmed,products:zh+products:en
CH32L103G8R6,CH32L103,CH32L103,timer-general,tim2-3-16bit,count,2,2,timer_general_purpose_tim2_3_16_bit,#,confirmed,products:zh+products:en
CH32L103G8R6,CH32L103,CH32L103,timer-general,tim4-32bit,count,1,1,timer_general_purpose_tim4_32_bit,#,confirmed,products:zh+products:en
CH32L103G8R6,CH32L103,CH32L103,timer-lptim,,marker,,√,timer_low_power_timer_lptim,#,confirmed,products:zh+products:en
CH32L103G8R6,CH32L103,CH32L103,tkey-channel,,count,10,10,tkey,#,confirmed,products:zh+products:en
CH32L103G8R6,CH32L103,CH32L103,usart,,count,4,4,communication_interface_usart,#,confirmed,products:zh+products:en
CH32L103G8R6,CH32L103,CH32L103,usb,host-device,text,,Host Device,communication_interface_pdusb_usb_host_device,#,confirmed,products:zh+products:en
CH32L103G8R6,CH32L103,CH32L103,usb-pd,,text,,DRP Source Sink,communication_interface_pdusb_usb_pd_type_c,#,confirmed,products:zh+products:en
CH32L103G8R6,CH32L103,CH32L103,voltage,,text,,3.3V,rated_voltage,#,confirmed,products:zh+products:en
CH32L103G8R6,CH32L103,CH32L103,watchdog,,text,,2 ( WWDG + IWDG ),timer_watchdog,#,confirmed,products:zh+products:en
CH32L103K8U6,CH32L103,CH32L103,adc-channel,,text,,10+3,adc,#,confirmed,products:zh+products:en
CH32L103K8U6,CH32L103,CH32L103,can,,count,1,1,communication_interface_can,#,confirmed,products:zh+products:en
CH32L103K8U6,CH32L103,CH32L103,can-fd,,marker,,√,communication_interface_can_fd,#,confirmed,products:zh+products:en
CH32L103K8U6,CH32L103,CH32L103,clock,,text,,Max: 96MHz,cpu_main_frequency,#,confirmed,products:zh+products:en
CH32L103K8U6,CH32L103,CH32L103,cmp,,count,3,3,cmp,#,confirmed,products:zh+products:en
CH32L103K8U6,CH32L103,CH32L103,i2c,,text,,I2C1,communication_interface_i2c,#,confirmed,products:zh+products:en
CH32L103K8U6,CH32L103,CH32L103,opa,,count,1,1,opa,#,confirmed,products:zh+products:en
CH32L103K8U6,CH32L103,CH32L103,rtc,,marker,,√,rtc,#,confirmed,products:zh+products:en
CH32L103K8U6,CH32L103,CH32L103,spi,,text,,SPI1,communication_interface_spi,#,confirmed,products:zh+products:en
CH32L103K8U6,CH32L103,CH32L103,systick,64bit,marker,,√,timer_systick_64_bit,#,confirmed,products:zh+products:en
CH32L103K8U6,CH32L103,CH32L103,timer-advanced,tim1-16bit,count,1,1,timer_advanced_control_tim1_16_bit,#,confirmed,products:zh+products:en
CH32L103K8U6,CH32L103,CH32L103,timer-general,tim2-3-16bit,count,2,2,timer_general_purpose_tim2_3_16_bit,#,confirmed,products:zh+products:en
CH32L103K8U6,CH32L103,CH32L103,timer-general,tim4-32bit,count,1,1,timer_general_purpose_tim4_32_bit,#,confirmed,products:zh+products:en
CH32L103K8U6,CH32L103,CH32L103,timer-lptim,,marker,,√,timer_low_power_timer_lptim,#,confirmed,products:zh+products:en
CH32L103K8U6,CH32L103,CH32L103,tkey-channel,,count,10,10,tkey,#,confirmed,products:zh+products:en
CH32L103K8U6,CH32L103,CH32L103,usart,,count,4,4,communication_interface_usart,#,confirmed,products:zh+products:en
CH32L103K8U6,CH32L103,CH32L103,usb,host-device,text,,Host Device,communication_interface_pdusb_usb_host_device,#,confirmed,products:zh+products:en
CH32L103K8U6,CH32L103,CH32L103,usb-pd,,text,,DRP Source Sink Built-in Rd(1),communication_interface_pdusb_usb_pd_type_c,#,conflict,"products:en+!products:zh(=DRP/Source/Sink, built-in Rd(1))"
CH32L103K8U6,CH32L103,CH32L103,voltage,,text,,3.3V,rated_voltage,#,confirmed,products:zh+products:en
CH32L103K8U6,CH32L103,CH32L103,watchdog,,text,,2 ( WWDG + IWDG ),timer_watchdog,#,confirmed,products:zh+products:en
CH32L103K8U7,CH32L103,CH32L103,adc-channel,,text,,10+3,adc,#,confirmed,products:zh+products:en
CH32L103K8U7,CH32L103,CH32L103,can,,count,1,1,communication_interface_can,#,confirmed,products:zh+products:en
CH32L103K8U7,CH32L103,CH32L103,clock,,text,,Max: 96MHz,cpu_main_frequency,#,confirmed,products:zh+products:en
CH32L103K8U7,CH32L103,CH32L103,cmp,,count,3,3,cmp,#,confirmed,products:zh+products:en
CH32L103K8U7,CH32L103,CH32L103,i2c,,text,,I2C1,communication_interface_i2c,#,confirmed,products:zh+products:en
CH32L103K8U7,CH32L103,CH32L103,opa,,count,1,1,opa,#,confirmed,products:zh+products:en
CH32L103K8U7,CH32L103,CH32L103,rtc,,marker,,√,rtc,#,confirmed,products:zh+products:en
CH32L103K8U7,CH32L103,CH32L103,spi,,text,,SPI1,communication_interface_spi,#,confirmed,products:zh+products:en
CH32L103K8U7,CH32L103,CH32L103,systick,64bit,marker,,√,timer_systick_64_bit,#,confirmed,products:zh+products:en
CH32L103K8U7,CH32L103,CH32L103,timer-advanced,tim1-16bit,count,1,1,timer_advanced_control_tim1_16_bit,#,confirmed,products:zh+products:en
CH32L103K8U7,CH32L103,CH32L103,timer-general,tim2-3-16bit,count,2,2,timer_general_purpose_tim2_3_16_bit,#,confirmed,products:zh+products:en
CH32L103K8U7,CH32L103,CH32L103,timer-general,tim4-32bit,count,1,1,timer_general_purpose_tim4_32_bit,#,confirmed,products:zh+products:en
CH32L103K8U7,CH32L103,CH32L103,timer-lptim,,marker,,√,timer_low_power_timer_lptim,#,confirmed,products:zh+products:en
CH32L103K8U7,CH32L103,CH32L103,tkey-channel,,count,10,10,tkey,#,confirmed,products:zh+products:en
CH32L103K8U7,CH32L103,CH32L103,usart,,count,4,4,communication_interface_usart,#,confirmed,products:zh+products:en
CH32L103K8U7,CH32L103,CH32L103,usb,host-device,text,,Host Device,communication_interface_pdusb_usb_host_device,#,confirmed,products:zh+products:en
CH32L103K8U7,CH32L103,CH32L103,usb-pd,,text,,DRP Source Sink Built-in Rd(1),communication_interface_pdusb_usb_pd_type_c,#,conflict,"products:en+!products:zh(=DRP/Source/Sink, built-in Rd(1))"
CH32L103K8U7,CH32L103,CH32L103,voltage,,text,,3.3V,rated_voltage,#,confirmed,products:zh+products:en
CH32L103K8U7,CH32L103,CH32L103,watchdog,,text,,2 ( WWDG + IWDG ),timer_watchdog,#,confirmed,products:zh+products:en
CH32M007E8R6,CH32M007,CH32V006,adc-channel,,text,,7+2,adc,#,confirmed,products:zh+products:en
CH32M007E8R6,CH32M007,CH32V006,cmp,,count,2,2,cmp,#,confirmed,products:zh+products:en
CH32M007E8R6,CH32M007,CH32V006,gate-driver,3-phase-voltage,text,,24V,three_phase_pre_drive_voltage,#,confirmed,products:zh+products:en
CH32M007E8R6,CH32M007,CH32V006,gate-driver,structure,text,,P+N,structure,#,confirmed,products:zh+products:en
CH32M007E8R6,CH32M007,CH32V006,i2c,,count,1,1,i2c,#,confirmed,products:zh+products:en
CH32M007E8R6,CH32M007,CH32V006,opa,,count,1,1,opa,#,confirmed,products:zh+products:en
CH32M007E8R6,CH32M007,CH32V006,opa,polling,count,3,3,opa_polling,#,confirmed,products:zh+products:en
CH32M007E8R6,CH32M007,CH32V006,spi,,count,1,1,spi,#,confirmed,products:zh+products:en
CH32M007E8R6,CH32M007,CH32V006,timer-advanced,,count,1,1,adtm,#,confirmed,products:zh+products:en
CH32M007E8R6,CH32M007,CH32V006,timer-general,,count,1,1,gptm,#,confirmed,products:zh+products:en
CH32M007E8R6,CH32M007,CH32V006,timer-streamlined,,count,1,1,streamlined_timer,#,confirmed,products:zh+products:en
CH32M007E8R6,CH32M007,CH32V006,tkey-channel,,count,7,7,touch_key_button,#,confirmed,products:zh+products:en
CH32M007E8R6,CH32M007,CH32V006,usart,,count,2,2,serial_port,#,confirmed,products:zh+products:en
CH32M007E8R6,CH32M007,CH32V006,watchdog,,count,2,2,watchdog,#,confirmed,products:zh+products:en
CH32M007E8U7,CH32M007,CH32V006,adc-channel,,text,,7+2,adc,#,confirmed,products:zh+products:en
CH32M007E8U7,CH32M007,CH32V006,cmp,,count,2,2,cmp,#,confirmed,products:zh+products:en
CH32M007E8U7,CH32M007,CH32V006,gate-driver,3-phase-voltage,text,,24V,three_phase_pre_drive_voltage,#,confirmed,products:zh+products:en
CH32M007E8U7,CH32M007,CH32V006,gate-driver,structure,text,,P+N,structure,#,confirmed,products:zh+products:en
CH32M007E8U7,CH32M007,CH32V006,i2c,,count,1,1,i2c,#,confirmed,products:zh+products:en
CH32M007E8U7,CH32M007,CH32V006,opa,,count,1,1,opa,#,confirmed,products:zh+products:en
CH32M007E8U7,CH32M007,CH32V006,opa,polling,count,3,3,opa_polling,#,confirmed,products:zh+products:en
CH32M007E8U7,CH32M007,CH32V006,spi,,count,1,1,spi,#,confirmed,products:zh+products:en
CH32M007E8U7,CH32M007,CH32V006,timer-advanced,,count,1,1,adtm,#,confirmed,products:zh+products:en
CH32M007E8U7,CH32M007,CH32V006,timer-general,,count,1,1,gptm,#,confirmed,products:zh+products:en
CH32M007E8U7,CH32M007,CH32V006,timer-streamlined,,count,1,1,streamlined_timer,#,confirmed,products:zh+products:en
CH32M007E8U7,CH32M007,CH32V006,tkey-channel,,count,7,7,touch_key_button,#,confirmed,products:zh+products:en
CH32M007E8U7,CH32M007,CH32V006,usart,,count,2,2,serial_port,#,confirmed,products:zh+products:en
CH32M007E8U7,CH32M007,CH32V006,watchdog,,count,2,2,watchdog,#,confirmed,products:zh+products:en
CH32M007G8R6,CH32M007,CH32V006,adc-channel,,text,,7+2,adc,#,confirmed,products:zh+products:en
CH32M007G8R6,CH32M007,CH32V006,cmp,,count,2,2,cmp,#,confirmed,products:zh+products:en
CH32M007G8R6,CH32M007,CH32V006,gate-driver,3-phase-voltage,text,,48V,three_phase_pre_drive_voltage,#,confirmed,products:zh+products:en
CH32M007G8R6,CH32M007,CH32V006,gate-driver,structure,text,,N+N,structure,#,confirmed,products:zh+products:en
CH32M007G8R6,CH32M007,CH32V006,i2c,,count,1,1,i2c,#,confirmed,products:zh+products:en
CH32M007G8R6,CH32M007,CH32V006,opa,,count,1,1,opa,#,confirmed,products:zh+products:en
CH32M007G8R6,CH32M007,CH32V006,opa,polling,count,3,3,opa_polling,#,confirmed,products:zh+products:en
CH32M007G8R6,CH32M007,CH32V006,spi,,count,1,1,spi,#,confirmed,products:zh+products:en
CH32M007G8R6,CH32M007,CH32V006,timer-advanced,,count,1,1,adtm,#,confirmed,products:zh+products:en
CH32M007G8R6,CH32M007,CH32V006,timer-general,,count,1,1,gptm,#,confirmed,products:zh+products:en
CH32M007G8R6,CH32M007,CH32V006,timer-streamlined,,count,1,1,streamlined_timer,#,confirmed,products:zh+products:en
CH32M007G8R6,CH32M007,CH32V006,tkey-channel,,count,7,7,touch_key_button,#,confirmed,products:zh+products:en
CH32M007G8R6,CH32M007,CH32V006,usart,,count,2,2,serial_port,#,confirmed,products:zh+products:en
CH32M007G8R6,CH32M007,CH32V006,watchdog,,count,2,2,watchdog,#,confirmed,products:zh+products:en
CH32M007K8U7,CH32M007,CH32V006,adc-channel,,text,,7+2,adc,#,confirmed,products:zh+products:en
CH32M007K8U7,CH32M007,CH32V006,cmp,,count,2,2,cmp,#,confirmed,products:zh+products:en
CH32M007K8U7,CH32M007,CH32V006,gate-driver,3-phase-voltage,text,,48V,three_phase_pre_drive_voltage,#,confirmed,products:zh+products:en
CH32M007K8U7,CH32M007,CH32V006,gate-driver,structure,text,,N+N,structure,#,confirmed,products:zh+products:en
CH32M007K8U7,CH32M007,CH32V006,i2c,,count,1,1,i2c,#,confirmed,products:zh+products:en
CH32M007K8U7,CH32M007,CH32V006,opa,,count,1,1,opa,#,confirmed,products:zh+products:en
CH32M007K8U7,CH32M007,CH32V006,opa,polling,count,3,3,opa_polling,#,confirmed,products:zh+products:en
CH32M007K8U7,CH32M007,CH32V006,spi,,count,1,1,spi,#,confirmed,products:zh+products:en
CH32M007K8U7,CH32M007,CH32V006,timer-advanced,,count,1,1,adtm,#,confirmed,products:zh+products:en
CH32M007K8U7,CH32M007,CH32V006,timer-general,,count,1,1,gptm,#,confirmed,products:zh+products:en
CH32M007K8U7,CH32M007,CH32V006,timer-streamlined,,count,1,1,streamlined_timer,#,confirmed,products:zh+products:en
CH32M007K8U7,CH32M007,CH32V006,tkey-channel,,count,7,7,touch_key_button,#,confirmed,products:zh+products:en
CH32M007K8U7,CH32M007,CH32V006,usart,,count,2,2,serial_port,#,confirmed,products:zh+products:en
CH32M007K8U7,CH32M007,CH32V006,watchdog,,count,2,2,watchdog,#,confirmed,products:zh+products:en
CH32M030C8T7,CH32M030,CH32M030,adc-channel,,count,20,20,adc,#,confirmed,products:zh+products:en
CH32M030C8T7,CH32M030,CH32M030,cmp,cmp1,count,1,1,cmp1,#,confirmed,products:zh+products:en
CH32M030C8T7,CH32M030,CH32M030,cmp,cmp2,count,1,1,cmp2,#,confirmed,products:zh+products:en
CH32M030C8T7,CH32M030,CH32M030,cmp,cmp3,count,1,1,cmp3,#,confirmed,products:zh+products:en
CH32M030C8T7,CH32M030,CH32M030,current-sense,,text,,Differential *2,current_sampling_isp_isn,#,conflict,products:en+!products:zh(=2 differential)
CH32M030C8T7,CH32M030,CH32M030,gate-driver,half-bridge,count,4,4,half_bridge_gate_driver,#,confirmed,products:zh+products:en
CH32M030C8T7,CH32M030,CH32M030,i2c,,count,1,1,communication_interface_i2c,#,confirmed,products:zh+products:en
CH32M030C8T7,CH32M030,CH32M030,isink,,count,2,2,programmable_current_injection_module_isink,#,confirmed,products:zh+products:en
CH32M030C8T7,CH32M030,CH32M030,isource,,count,2,2,source_current_module_isource,#,confirmed,products:zh+products:en
CH32M030C8T7,CH32M030,CH32M030,opa,opa1,count,1,1,opa1,#,confirmed,products:zh+products:en
CH32M030C8T7,CH32M030,CH32M030,opa,opa2,count,1,1,opa2,#,confirmed,products:zh+products:en
CH32M030C8T7,CH32M030,CH32M030,opa,opa3,count,1,1,opa3,#,confirmed,products:zh+products:en
CH32M030C8T7,CH32M030,CH32M030,opa,opa4,count,1,1,opa4,#,confirmed,products:zh+products:en
CH32M030C8T7,CH32M030,CH32M030,pre-drive-io,,count,8,8,pre_drive_i_o_mv_i_0,#,confirmed,products:zh+products:en
CH32M030C8T7,CH32M030,CH32M030,qii,,count,2,2,signal_decoding_qii,#,confirmed,products:zh+products:en
CH32M030C8T7,CH32M030,CH32M030,spi,,count,1,1,communication_interface_spi,#,confirmed,products:zh+products:en
CH32M030C8T7,CH32M030,CH32M030,systick,32bit,marker,,√,timer_system_time_base_32_bit,#,confirmed,products:zh+products:en
CH32M030C8T7,CH32M030,CH32M030,timer-advanced,tim1-16bit,count,1,1,timer_advanced_control_tim1_16_bit,#,confirmed,products:zh+products:en
CH32M030C8T7,CH32M030,CH32M030,timer-general,tim2-16bit,count,1,1,timer_general_purpose_tim2_16_bit,#,confirmed,products:zh+products:en
CH32M030C8T7,CH32M030,CH32M030,timer-streamlined,tim3-16bit,count,1,1,timer_streamlined_tim3_16_bit,#,confirmed,products:zh+products:en
CH32M030C8T7,CH32M030,CH32M030,usart,uart,count,1,1,communication_interface_uart,#,confirmed,products:zh+products:en
CH32M030C8T7,CH32M030,CH32M030,usb-fs,,text,,Host Device,communication_interface_pdusb_usbfs,#,confirmed,products:zh+products:en
CH32M030C8T7,CH32M030,CH32M030,usb-pd,,text,,"(CC1, CC2) (CC3, CC4)",communication_interface_pdusb_usb_pd_type_c,#,confirmed,products:zh+products:en
CH32M030C8T7,CH32M030,CH32M030,watchdog,wwdg,count,1,1,timer_wwdg,#,confirmed,products:zh+products:en
CH32M030C8U3,CH32M030,CH32M030,adc-channel,,count,20,20,adc,#,confirmed,products:zh+products:en
CH32M030C8U3,CH32M030,CH32M030,cmp,cmp1,count,1,1,cmp1,#,confirmed,products:zh+products:en
CH32M030C8U3,CH32M030,CH32M030,cmp,cmp2,count,1,1,cmp2,#,confirmed,products:zh+products:en
CH32M030C8U3,CH32M030,CH32M030,cmp,cmp3,count,1,1,cmp3,#,confirmed,products:zh+products:en
CH32M030C8U3,CH32M030,CH32M030,current-sense,,text,,Differential*2,current_sampling_isp_isn,#,conflict,products:en+!products:zh(=2 differential)
CH32M030C8U3,CH32M030,CH32M030,gate-driver,half-bridge,count,4,4,half_bridge_gate_driver,#,confirmed,products:zh+products:en
CH32M030C8U3,CH32M030,CH32M030,hv-io,,count,2,2,high_voltage_i_o_hv_i_0,#,confirmed,products:zh+products:en
CH32M030C8U3,CH32M030,CH32M030,i2c,,count,1,1,communication_interface_i2c,#,confirmed,products:zh+products:en
CH32M030C8U3,CH32M030,CH32M030,isink,,count,2,2,programmable_current_injection_module_isink,#,confirmed,products:zh+products:en
CH32M030C8U3,CH32M030,CH32M030,isource,,count,2,2,source_current_module_isource,#,confirmed,products:zh+products:en
CH32M030C8U3,CH32M030,CH32M030,opa,opa1,count,1,1,opa1,#,confirmed,products:zh+products:en
CH32M030C8U3,CH32M030,CH32M030,opa,opa2,count,1,1,opa2,#,confirmed,products:zh+products:en
CH32M030C8U3,CH32M030,CH32M030,opa,opa3,count,1,1,opa3,#,confirmed,products:zh+products:en
CH32M030C8U3,CH32M030,CH32M030,opa,opa4,count,1,1,opa4,#,confirmed,products:zh+products:en
CH32M030C8U3,CH32M030,CH32M030,pre-drive-io,,count,8,8,pre_drive_i_o_mv_i_0,#,confirmed,products:zh+products:en
CH32M030C8U3,CH32M030,CH32M030,qii,,count,2,2,signal_decoding_qii,#,confirmed,products:zh+products:en
CH32M030C8U3,CH32M030,CH32M030,spi,,count,1,1,communication_interface_spi,#,confirmed,products:zh+products:en
CH32M030C8U3,CH32M030,CH32M030,systick,32bit,marker,,√,timer_system_time_base_32_bit,#,confirmed,products:zh+products:en
CH32M030C8U3,CH32M030,CH32M030,timer-advanced,tim1-16bit,count,1,1,timer_advanced_control_tim1_16_bit,#,confirmed,products:zh+products:en
CH32M030C8U3,CH32M030,CH32M030,timer-general,tim2-16bit,count,1,1,timer_general_purpose_tim2_16_bit,#,confirmed,products:zh+products:en
CH32M030C8U3,CH32M030,CH32M030,timer-streamlined,tim3-16bit,count,1,1,timer_streamlined_tim3_16_bit,#,confirmed,products:zh+products:en
CH32M030C8U3,CH32M030,CH32M030,usart,uart,count,1,1,communication_interface_uart,#,confirmed,products:zh+products:en
CH32M030C8U3,CH32M030,CH32M030,usb-fs,,text,,Host Device,communication_interface_pdusb_usbfs,#,confirmed,products:zh+products:en
CH32M030C8U3,CH32M030,CH32M030,usb-pd,,text,,"(CC1R, CC2R) (CC3, CC4) Built-in Rd(1)",communication_interface_pdusb_usb_pd_type_c,#,conflict,"products:en+!products:zh(=(CC1R,CC2R)(CC3,CC4), built-in Rd(1))"
CH32M030C8U3,CH32M030,CH32M030,watchdog,wwdg,count,1,1,timer_wwdg,#,confirmed,products:zh+products:en
CH32M030C8U7,CH32M030,CH32M030,adc-channel,,count,20,20,adc,#,confirmed,products:zh+products:en
CH32M030C8U7,CH32M030,CH32M030,cmp,cmp1,count,1,1,cmp1,#,confirmed,products:zh+products:en
CH32M030C8U7,CH32M030,CH32M030,cmp,cmp2,count,1,1,cmp2,#,confirmed,products:zh+products:en
CH32M030C8U7,CH32M030,CH32M030,cmp,cmp3,count,1,1,cmp3,#,confirmed,products:zh+products:en
CH32M030C8U7,CH32M030,CH32M030,current-sense,,text,,Differential *2,current_sampling_isp_isn,#,conflict,products:en+!products:zh(=2 differential)
CH32M030C8U7,CH32M030,CH32M030,gate-driver,half-bridge,count,4,4,half_bridge_gate_driver,#,confirmed,products:zh+products:en
CH32M030C8U7,CH32M030,CH32M030,hv-io,,count,1,1,high_voltage_i_o_hv_i_0,#,confirmed,products:zh+products:en
CH32M030C8U7,CH32M030,CH32M030,i2c,,count,1,1,communication_interface_i2c,#,confirmed,products:zh+products:en
CH32M030C8U7,CH32M030,CH32M030,isink,,count,2,2,programmable_current_injection_module_isink,#,confirmed,products:zh+products:en
CH32M030C8U7,CH32M030,CH32M030,isource,,count,2,2,source_current_module_isource,#,confirmed,products:zh+products:en
CH32M030C8U7,CH32M030,CH32M030,opa,opa1,count,1,1,opa1,#,confirmed,products:zh+products:en
CH32M030C8U7,CH32M030,CH32M030,opa,opa2,count,1,1,opa2,#,confirmed,products:zh+products:en
CH32M030C8U7,CH32M030,CH32M030,opa,opa3,count,1,1,opa3,#,confirmed,products:zh+products:en
CH32M030C8U7,CH32M030,CH32M030,opa,opa4,count,1,1,opa4,#,confirmed,products:zh+products:en
CH32M030C8U7,CH32M030,CH32M030,pre-drive-io,,count,8,8,pre_drive_i_o_mv_i_0,#,confirmed,products:zh+products:en
CH32M030C8U7,CH32M030,CH32M030,qii,,count,2,2,signal_decoding_qii,#,confirmed,products:zh+products:en
CH32M030C8U7,CH32M030,CH32M030,spi,,count,1,1,communication_interface_spi,#,confirmed,products:zh+products:en
CH32M030C8U7,CH32M030,CH32M030,systick,32bit,marker,,√,timer_system_time_base_32_bit,#,confirmed,products:zh+products:en
CH32M030C8U7,CH32M030,CH32M030,timer-advanced,tim1-16bit,count,1,1,timer_advanced_control_tim1_16_bit,#,confirmed,products:zh+products:en
CH32M030C8U7,CH32M030,CH32M030,timer-general,tim2-16bit,count,1,1,timer_general_purpose_tim2_16_bit,#,confirmed,products:zh+products:en
CH32M030C8U7,CH32M030,CH32M030,timer-streamlined,tim3-16bit,count,1,1,timer_streamlined_tim3_16_bit,#,confirmed,products:zh+products:en
CH32M030C8U7,CH32M030,CH32M030,usart,uart,count,1,1,communication_interface_uart,#,confirmed,products:zh+products:en
CH32M030C8U7,CH32M030,CH32M030,usb-fs,,text,,Host Device,communication_interface_pdusb_usbfs,#,confirmed,products:zh+products:en
CH32M030C8U7,CH32M030,CH32M030,usb-pd,,text,,"(CC1R, CC2R) (CC3, CC4) Built-in Rd(1)",communication_interface_pdusb_usb_pd_type_c,#,conflict,"products:en+!products:zh(=(CC1R,CC2R)(CC3,CC4), built-in Rd(1))"
CH32M030C8U7,CH32M030,CH32M030,watchdog,wwdg,count,1,1,timer_wwdg,#,confirmed,products:zh+products:en
CH32M030G8R7,CH32M030,CH32M030,adc-channel,,count,11,11,adc,#,confirmed,products:zh+products:en
CH32M030G8R7,CH32M030,CH32M030,cmp,cmp2,count,1,1,cmp2,#,confirmed,products:zh+products:en
CH32M030G8R7,CH32M030,CH32M030,cmp,cmp3,count,1,1,cmp3,#,confirmed,products:zh+products:en
CH32M030G8R7,CH32M030,CH32M030,current-sense,,text,,Differential *2,current_sampling_isp_isn,#,conflict,products:en+!products:zh(=2 differential)
CH32M030G8R7,CH32M030,CH32M030,gate-driver,half-bridge,count,3,3,half_bridge_gate_driver,#,confirmed,products:zh+products:en
CH32M030G8R7,CH32M030,CH32M030,i2c,,count,1,1,communication_interface_i2c,#,confirmed,products:zh+products:en
CH32M030G8R7,CH32M030,CH32M030,isink,,count,1,1,programmable_current_injection_module_isink,#,confirmed,products:zh+products:en
CH32M030G8R7,CH32M030,CH32M030,opa,opa2,count,1,1,opa2,#,confirmed,products:zh+products:en
CH32M030G8R7,CH32M030,CH32M030,opa,opa3,count,1,1,opa3,#,confirmed,products:zh+products:en
CH32M030G8R7,CH32M030,CH32M030,opa,opa4,count,1,1,opa4,#,confirmed,products:zh+products:en
CH32M030G8R7,CH32M030,CH32M030,pre-drive-io,,count,6,6,pre_drive_i_o_mv_i_0,#,confirmed,products:zh+products:en
CH32M030G8R7,CH32M030,CH32M030,qii,,count,1,1,signal_decoding_qii,#,confirmed,products:zh+products:en
CH32M030G8R7,CH32M030,CH32M030,systick,32bit,marker,,√,timer_system_time_base_32_bit,#,confirmed,products:zh+products:en
CH32M030G8R7,CH32M030,CH32M030,timer-advanced,tim1-16bit,count,1,1,timer_advanced_control_tim1_16_bit,#,confirmed,products:zh+products:en
CH32M030G8R7,CH32M030,CH32M030,timer-general,tim2-16bit,count,1,1,timer_general_purpose_tim2_16_bit,#,confirmed,products:zh+products:en
CH32M030G8R7,CH32M030,CH32M030,timer-streamlined,tim3-16bit,count,1,1,timer_streamlined_tim3_16_bit,#,confirmed,products:zh+products:en
CH32M030G8R7,CH32M030,CH32M030,usart,uart,count,1,1,communication_interface_uart,#,confirmed,products:zh+products:en
CH32M030G8R7,CH32M030,CH32M030,usb-fs,,text,,Host Device,communication_interface_pdusb_usbfs,#,confirmed,products:zh+products:en
CH32M030G8R7,CH32M030,CH32M030,usb-pd,,text,,"(CC3, CC4)",communication_interface_pdusb_usb_pd_type_c,#,confirmed,products:zh+products:en
CH32M030G8R7,CH32M030,CH32M030,watchdog,wwdg,count,1,1,timer_wwdg,#,confirmed,products:zh+products:en
CH32M030K8U7,CH32M030,CH32M030,adc-channel,,count,16,16,adc,#,confirmed,products:zh+products:en
CH32M030K8U7,CH32M030,CH32M030,cmp,cmp2,count,1,1,cmp2,#,confirmed,products:zh+products:en
CH32M030K8U7,CH32M030,CH32M030,cmp,cmp3,count,1,1,cmp3,#,confirmed,products:zh+products:en
CH32M030K8U7,CH32M030,CH32M030,current-sense,,text,,Differential *1 Single end*1,current_sampling_isp_isn,#,conflict,products:en+!products:zh(=1 differential + 1 single-ended)
CH32M030K8U7,CH32M030,CH32M030,gate-driver,half-bridge,count,2,2,half_bridge_gate_driver,#,confirmed,products:zh+products:en
CH32M030K8U7,CH32M030,CH32M030,hv-io,,count,1,1,high_voltage_i_o_hv_i_0,#,confirmed,products:zh+products:en
CH32M030K8U7,CH32M030,CH32M030,i2c,,count,1,1,communication_interface_i2c,#,confirmed,products:zh+products:en
CH32M030K8U7,CH32M030,CH32M030,isink,,count,2,2,programmable_current_injection_module_isink,#,confirmed,products:zh+products:en
CH32M030K8U7,CH32M030,CH32M030,isource,,count,1,1,source_current_module_isource,#,confirmed,products:zh+products:en
CH32M030K8U7,CH32M030,CH32M030,opa,opa2,count,1,1,opa2,#,confirmed,products:zh+products:en
CH32M030K8U7,CH32M030,CH32M030,opa,opa3,count,1,1,opa3,#,confirmed,products:zh+products:en
CH32M030K8U7,CH32M030,CH32M030,opa,opa4,count,1,1,opa4,#,confirmed,products:zh+products:en
CH32M030K8U7,CH32M030,CH32M030,pre-drive-io,,count,6,6,pre_drive_i_o_mv_i_0,#,confirmed,products:zh+products:en
CH32M030K8U7,CH32M030,CH32M030,qii,,count,1,1,signal_decoding_qii,#,confirmed,products:zh+products:en
CH32M030K8U7,CH32M030,CH32M030,spi,,count,1,1,communication_interface_spi,#,confirmed,products:zh+products:en
CH32M030K8U7,CH32M030,CH32M030,systick,32bit,marker,,√,timer_system_time_base_32_bit,#,confirmed,products:zh+products:en
CH32M030K8U7,CH32M030,CH32M030,timer-advanced,tim1-16bit,count,1,1,timer_advanced_control_tim1_16_bit,#,confirmed,products:zh+products:en
CH32M030K8U7,CH32M030,CH32M030,timer-general,tim2-16bit,count,1,1,timer_general_purpose_tim2_16_bit,#,confirmed,products:zh+products:en
CH32M030K8U7,CH32M030,CH32M030,timer-streamlined,tim3-16bit,count,1,1,timer_streamlined_tim3_16_bit,#,confirmed,products:zh+products:en
CH32M030K8U7,CH32M030,CH32M030,usart,uart,count,1,1,communication_interface_uart,#,confirmed,products:zh+products:en
CH32M030K8U7,CH32M030,CH32M030,usb-fs,,text,,Host Device,communication_interface_pdusb_usbfs,#,confirmed,products:zh+products:en
CH32M030K8U7,CH32M030,CH32M030,usb-pd,,text,,"(CC1R, CC2R) (CC3, CC4) Built-in Rd(1)",communication_interface_pdusb_usb_pd_type_c,#,conflict,"products:en+!products:zh(=(CC1R,CC2R)(CC3,CC4), built-in Rd(1))"
CH32M030K8U7,CH32M030,CH32M030,watchdog,wwdg,count,1,1,timer_wwdg,#,confirmed,products:zh+products:en
CH32M103G8R6,CH32M103,CH32L103,adc-channel,,text,,10+3,adc,#,confirmed,products:zh+products:en
CH32M103G8R6,CH32M103,CH32L103,can,,count,1,1,communication_interface_can,#,confirmed,products:zh+products:en
CH32M103G8R6,CH32M103,CH32L103,clock,,text,,Max: 96MHz,cpu_main_frequency,#,confirmed,products:zh+products:en
CH32M103G8R6,CH32M103,CH32L103,cmp,,count,3,3,cmp,#,confirmed,products:zh+products:en
CH32M103G8R6,CH32M103,CH32L103,gate-driver,3-phase-structure,text,,P+N,3_phase_gate_drive_structure,#,confirmed,products:zh+products:en
CH32M103G8R6,CH32M103,CH32L103,gate-driver,3-phase-voltage,text,,24V,3_phase_gate_drive_voltage,#,confirmed,products:zh+products:en
CH32M103G8R6,CH32M103,CH32L103,i2c,,count,2,2,communication_interface_i2c,#,confirmed,products:zh+products:en
CH32M103G8R6,CH32M103,CH32L103,opa,,count,1,1,opa,#,confirmed,products:zh+products:en
CH32M103G8R6,CH32M103,CH32L103,rtc,,marker,,√,rtc,#,confirmed,products:zh+products:en
CH32M103G8R6,CH32M103,CH32L103,spi,,text,,SPI1,communication_interface_spi,#,confirmed,products:zh+products:en
CH32M103G8R6,CH32M103,CH32L103,systick,64bit,marker,,√,timer_systick_64_bit,#,confirmed,products:zh+products:en
CH32M103G8R6,CH32M103,CH32L103,timer-advanced,tim1-16bit,count,1,1,timer_advanced_control_tim1_16_bit,#,confirmed,products:zh+products:en
CH32M103G8R6,CH32M103,CH32L103,timer-general,tim2-3-16bit,count,2,2,timer_general_purpose_tim2_3_16_bit,#,confirmed,products:zh+products:en
CH32M103G8R6,CH32M103,CH32L103,timer-general,tim4-32bit,count,1,1,timer_general_purpose_tim4_32_bit,#,confirmed,products:zh+products:en
CH32M103G8R6,CH32M103,CH32L103,timer-lptim,,marker,,√,timer_low_power_timer_lptim,#,confirmed,products:zh+products:en
CH32M103G8R6,CH32M103,CH32L103,tkey-channel,,count,10,10,tkey,#,confirmed,products:zh+products:en
CH32M103G8R6,CH32M103,CH32L103,usart,,count,4,4,communication_interface_usart,#,confirmed,products:zh+products:en
CH32M103G8R6,CH32M103,CH32L103,usb,host-device,text,,Host Device,communication_interface_pdusb_usb_host_device,#,confirmed,products:zh+products:en
CH32M103G8R6,CH32M103,CH32L103,usb-pd,,text,,DRP Source Sink,communication_interface_pdusb_usb_pd_type_c,#,confirmed,products:zh+products:en
CH32M103G8R6,CH32M103,CH32L103,voltage,,text,,3.3V,rated_voltage,#,confirmed,products:zh+products:en
CH32M103G8R6,CH32M103,CH32L103,watchdog,,text,,2 ( WWDG + IWDG ),timer_watchdog,#,confirmed,products:zh+products:en
CH32V002A4M6,CH32V002,CH32V006,adc-channel,,text,,6+2,adc,#,confirmed,products:zh+products:en
CH32V002A4M6,CH32V002,CH32V006,i2c,,count,1,1,i2c,#,confirmed,products:zh+products:en
CH32V002A4M6,CH32V002,CH32V006,spi,,count,1,1,spi,#,confirmed,products:zh+products:en
CH32V002A4M6,CH32V002,CH32V006,timer-advanced,,count,1,1,adtm,#,confirmed,products:zh+products:en
CH32V002A4M6,CH32V002,CH32V006,timer-general,,count,1,1,gptm,#,confirmed,products:zh+products:en
CH32V002A4M6,CH32V002,CH32V006,usart,,count,1,1,serial_port,#,confirmed,products:zh+products:en
CH32V002A4M6,CH32V002,CH32V006,watchdog,,count,2,2,watchdog,#,confirmed,products:zh+products:en
CH32V002D4U6,CH32V002,CH32V006,adc-channel,,text,,4+2,adc,#,confirmed,products:zh+products:en
CH32V002D4U6,CH32V002,CH32V006,i2c,,count,1,1,i2c,#,confirmed,products:zh+products:en
CH32V002D4U6,CH32V002,CH32V006,timer-advanced,,count,1,1,adtm,#,confirmed,products:zh+products:en
CH32V002D4U6,CH32V002,CH32V006,timer-general,,count,1,1,gptm,#,confirmed,products:zh+products:en
CH32V002D4U6,CH32V002,CH32V006,usart,,count,1,1,serial_port,#,confirmed,products:zh+products:en
CH32V002D4U6,CH32V002,CH32V006,watchdog,,count,2,2,watchdog,#,confirmed,products:zh+products:en
CH32V002F4P6,CH32V002,CH32V006,adc-channel,,text,,8+2,adc,#,confirmed,products:zh+products:en
CH32V002F4P6,CH32V002,CH32V006,i2c,,count,1,1,i2c,#,confirmed,products:zh+products:en
CH32V002F4P6,CH32V002,CH32V006,spi,,count,1,1,spi,#,confirmed,products:zh+products:en
CH32V002F4P6,CH32V002,CH32V006,timer-advanced,,count,1,1,adtm,#,confirmed,products:zh+products:en
CH32V002F4P6,CH32V002,CH32V006,timer-general,,count,1,1,gptm,#,confirmed,products:zh+products:en
CH32V002F4P6,CH32V002,CH32V006,usart,,count,1,1,serial_port,#,confirmed,products:zh+products:en
CH32V002F4P6,CH32V002,CH32V006,watchdog,,count,2,2,watchdog,#,confirmed,products:zh+products:en
CH32V002F4U6,CH32V002,CH32V006,adc-channel,,text,,8+2,adc,#,confirmed,products:zh+products:en
CH32V002F4U6,CH32V002,CH32V006,i2c,,count,1,1,i2c,#,confirmed,products:zh+products:en
CH32V002F4U6,CH32V002,CH32V006,spi,,count,1,1,spi,#,confirmed,products:zh+products:en
CH32V002F4U6,CH32V002,CH32V006,timer-advanced,,count,1,1,adtm,#,confirmed,products:zh+products:en
CH32V002F4U6,CH32V002,CH32V006,timer-general,,count,1,1,gptm,#,confirmed,products:zh+products:en
CH32V002F4U6,CH32V002,CH32V006,usart,,count,1,1,serial_port,#,confirmed,products:zh+products:en
CH32V002F4U6,CH32V002,CH32V006,watchdog,,count,2,2,watchdog,#,confirmed,products:zh+products:en
CH32V002J4M6,CH32V002,CH32V006,adc-channel,,text,,6+2,adc,#,confirmed,products:zh+products:en
CH32V002J4M6,CH32V002,CH32V006,i2c,,count,1,1,i2c,#,confirmed,products:zh+products:en
CH32V002J4M6,CH32V002,CH32V006,timer-advanced,,count,1,1,adtm,#,confirmed,products:zh+products:en
CH32V002J4M6,CH32V002,CH32V006,timer-general,,count,1,1,gptm,#,confirmed,products:zh+products:en
CH32V002J4M6,CH32V002,CH32V006,usart,,count,1,1,serial_port,#,confirmed,products:zh+products:en
CH32V002J4M6,CH32V002,CH32V006,watchdog,,count,2,2,watchdog,#,confirmed,products:zh+products:en
CH32V003A4M6,CH32V003,CH32V003,adc-channel,,count,6,6,adc_channel_no,#,confirmed,products:zh+products:en
CH32V003A4M6,CH32V003,CH32V003,clock,sources,count,3,3,system_clock_source,#,confirmed,products:zh+products:en
CH32V003A4M6,CH32V003,CH32V003,i2c,,count,1,1,i2c,#,confirmed,products:zh+products:en
CH32V003A4M6,CH32V003,CH32V003,timer-advanced,,count,1,1,advanced_control_timer,#,confirmed,products:zh+products:en
CH32V003A4M6,CH32V003,CH32V003,timer-general,,count,1,1,general_purpose_timer,#,confirmed,products:zh+products:en
CH32V003A4M6,CH32V003,CH32V003,usart,,count,1,1,usart,#,confirmed,products:zh+products:en
CH32V003A4M6,CH32V003,CH32V003,watchdog,,count,2,2,watchdog,#,confirmed,products:zh+products:en
CH32V003F4P6,CH32V003,CH32V003,adc-channel,,count,8,8,adc_channel_no,#,confirmed,products:zh+products:en
CH32V003F4P6,CH32V003,CH32V003,clock,sources,count,3,3,system_clock_source,#,confirmed,products:zh+products:en
CH32V003F4P6,CH32V003,CH32V003,i2c,,count,1,1,i2c,#,confirmed,products:zh+products:en
CH32V003F4P6,CH32V003,CH32V003,spi,,count,1,1,spi,#,confirmed,products:zh+products:en
CH32V003F4P6,CH32V003,CH32V003,timer-advanced,,count,1,1,advanced_control_timer,#,confirmed,products:zh+products:en
CH32V003F4P6,CH32V003,CH32V003,timer-general,,count,1,1,general_purpose_timer,#,confirmed,products:zh+products:en
CH32V003F4P6,CH32V003,CH32V003,usart,,count,1,1,usart,#,confirmed,products:zh+products:en
CH32V003F4P6,CH32V003,CH32V003,watchdog,,count,2,2,watchdog,#,confirmed,products:zh+products:en
CH32V003F4U6,CH32V003,CH32V003,adc-channel,,count,8,8,adc_channel_no,#,confirmed,products:zh+products:en
CH32V003F4U6,CH32V003,CH32V003,clock,sources,count,3,3,system_clock_source,#,confirmed,products:zh+products:en
CH32V003F4U6,CH32V003,CH32V003,i2c,,count,1,1,i2c,#,confirmed,products:zh+products:en
CH32V003F4U6,CH32V003,CH32V003,spi,,count,1,1,spi,#,confirmed,products:zh+products:en
CH32V003F4U6,CH32V003,CH32V003,timer-advanced,,count,1,1,advanced_control_timer,#,confirmed,products:zh+products:en
CH32V003F4U6,CH32V003,CH32V003,timer-general,,count,1,1,general_purpose_timer,#,confirmed,products:zh+products:en
CH32V003F4U6,CH32V003,CH32V003,usart,,count,1,1,usart,#,confirmed,products:zh+products:en
CH32V003F4U6,CH32V003,CH32V003,watchdog,,count,2,2,watchdog,#,confirmed,products:zh+products:en
CH32V003J4M6,CH32V003,CH32V003,adc-channel,,count,6,6,adc_channel_no,#,confirmed,products:zh+products:en
CH32V003J4M6,CH32V003,CH32V003,clock,sources,count,3,3,system_clock_source,#,confirmed,products:zh+products:en
CH32V003J4M6,CH32V003,CH32V003,i2c,,count,1,1,i2c,#,confirmed,products:zh+products:en
CH32V003J4M6,CH32V003,CH32V003,timer-advanced,,count,1,1,advanced_control_timer,#,confirmed,products:zh+products:en
CH32V003J4M6,CH32V003,CH32V003,timer-general,,count,1,1,general_purpose_timer,#,confirmed,products:zh+products:en
CH32V003J4M6,CH32V003,CH32V003,usart,,count,1,1,usart,#,confirmed,products:zh+products:en
CH32V003J4M6,CH32V003,CH32V003,watchdog,,count,2,2,watchdog,#,confirmed,products:zh+products:en
CH32V004F6P1,CH32V004,CH32V006,adc-channel,,text,,8+2,adc,#,confirmed,products:zh+products:en
CH32V004F6P1,CH32V004,CH32V006,i2c,,count,1,1,i2c,#,confirmed,products:zh+products:en
CH32V004F6P1,CH32V004,CH32V006,spi,,count,1,1,spi,#,confirmed,products:zh+products:en
CH32V004F6P1,CH32V004,CH32V006,timer-advanced,,count,1,1,adtm,#,confirmed,products:zh+products:en
CH32V004F6P1,CH32V004,CH32V006,timer-general,,count,1,1,gptm,#,confirmed,products:zh+products:en
CH32V004F6P1,CH32V004,CH32V006,usart,,count,1,1,serial_port,#,confirmed,products:zh+products:en
CH32V004F6P1,CH32V004,CH32V006,watchdog,,count,2,2,watchdog,#,confirmed,products:zh+products:en
CH32V004F6U1,CH32V004,CH32V006,adc-channel,,text,,8+2,adc,#,confirmed,products:zh+products:en
CH32V004F6U1,CH32V004,CH32V006,i2c,,count,1,1,i2c,#,confirmed,products:zh+products:en
CH32V004F6U1,CH32V004,CH32V006,spi,,count,1,1,spi,#,confirmed,products:zh+products:en
CH32V004F6U1,CH32V004,CH32V006,timer-advanced,,count,1,1,adtm,#,confirmed,products:zh+products:en
CH32V004F6U1,CH32V004,CH32V006,timer-general,,count,1,1,gptm,#,confirmed,products:zh+products:en
CH32V004F6U1,CH32V004,CH32V006,usart,,count,1,1,serial_port,#,confirmed,products:zh+products:en
CH32V004F6U1,CH32V004,CH32V006,watchdog,,count,2,2,watchdog,#,confirmed,products:zh+products:en
CH32V005D6U6,CH32V005,CH32V006,adc-channel,,text,,4+2,adc,#,confirmed,products:zh+products:en
CH32V005D6U6,CH32V005,CH32V006,i2c,,count,1,1,i2c,#,confirmed,products:zh+products:en
CH32V005D6U6,CH32V005,CH32V006,opa,,count,1,1,opa,#,confirmed,products:zh+products:en
CH32V005D6U6,CH32V005,CH32V006,timer-advanced,,count,1,1,adtm,#,confirmed,products:zh+products:en
CH32V005D6U6,CH32V005,CH32V006,timer-general,,count,1,1,gptm,#,confirmed,products:zh+products:en
CH32V005D6U6,CH32V005,CH32V006,usart,,count,2,2,serial_port,#,confirmed,products:zh+products:en
CH32V005D6U6,CH32V005,CH32V006,watchdog,,count,2,2,watchdog,#,confirmed,products:zh+products:en
CH32V005E6R6,CH32V005,CH32V006,adc-channel,,text,,8+2,adc,#,confirmed,products:zh+products:en
CH32V005E6R6,CH32V005,CH32V006,i2c,,count,1,1,i2c,#,confirmed,products:zh+products:en
CH32V005E6R6,CH32V005,CH32V006,opa,,count,1,1,opa,#,confirmed,products:zh+products:en
CH32V005E6R6,CH32V005,CH32V006,spi,,count,1,1,spi,#,confirmed,products:zh+products:en
CH32V005E6R6,CH32V005,CH32V006,timer-advanced,,count,1,1,adtm,#,confirmed,products:zh+products:en
CH32V005E6R6,CH32V005,CH32V006,timer-general,,count,1,1,gptm,#,confirmed,products:zh+products:en
CH32V005E6R6,CH32V005,CH32V006,usart,,count,2,2,serial_port,#,confirmed,products:zh+products:en
CH32V005E6R6,CH32V005,CH32V006,watchdog,,count,2,2,watchdog,#,confirmed,products:zh+products:en
CH32V005F6P6,CH32V005,CH32V006,adc-channel,,text,,8+2,adc,#,confirmed,products:zh+products:en
CH32V005F6P6,CH32V005,CH32V006,i2c,,count,1,1,i2c,#,confirmed,products:zh+products:en
CH32V005F6P6,CH32V005,CH32V006,opa,,count,1,1,opa,#,confirmed,products:zh+products:en
CH32V005F6P6,CH32V005,CH32V006,spi,,count,1,1,spi,#,confirmed,products:zh+products:en
CH32V005F6P6,CH32V005,CH32V006,timer-advanced,,count,1,1,adtm,#,confirmed,products:zh+products:en
CH32V005F6P6,CH32V005,CH32V006,timer-general,,count,1,1,gptm,#,confirmed,products:zh+products:en
CH32V005F6P6,CH32V005,CH32V006,usart,,count,2,2,serial_port,#,confirmed,products:zh+products:en
CH32V005F6P6,CH32V005,CH32V006,watchdog,,count,2,2,watchdog,#,confirmed,products:zh+products:en
CH32V005F6U6,CH32V005,CH32V006,adc-channel,,text,,8+2,adc,#,confirmed,products:zh+products:en
CH32V005F6U6,CH32V005,CH32V006,i2c,,count,1,1,i2c,#,confirmed,products:zh+products:en
CH32V005F6U6,CH32V005,CH32V006,opa,,count,1,1,opa,#,confirmed,products:zh+products:en
CH32V005F6U6,CH32V005,CH32V006,spi,,count,1,1,spi,#,confirmed,products:zh+products:en
CH32V005F6U6,CH32V005,CH32V006,timer-advanced,,count,1,1,adtm,#,confirmed,products:zh+products:en
CH32V005F6U6,CH32V005,CH32V006,timer-general,,count,1,1,gptm,#,confirmed,products:zh+products:en
CH32V005F6U6,CH32V005,CH32V006,usart,,count,2,2,serial_port,#,confirmed,products:zh+products:en
CH32V005F6U6,CH32V005,CH32V006,watchdog,,count,2,2,watchdog,#,confirmed,products:zh+products:en
CH32V006D8U7,CH32V006,CH32V006,adc-channel,,text,,4+2,adc,#,confirmed,products:zh+products:en
CH32V006D8U7,CH32V006,CH32V006,i2c,,count,1,1,i2c,#,confirmed,products:zh+products:en
CH32V006D8U7,CH32V006,CH32V006,opa,,count,1,1,opa,#,confirmed,products:zh+products:en
CH32V006D8U7,CH32V006,CH32V006,opa,polling,count,3,3,opa_polling,#,confirmed,products:zh+products:en
CH32V006D8U7,CH32V006,CH32V006,timer-advanced,,count,1,1,adtm,#,confirmed,products:zh+products:en
CH32V006D8U7,CH32V006,CH32V006,timer-general,,count,1,1,gptm,#,confirmed,products:zh+products:en
CH32V006D8U7,CH32V006,CH32V006,timer-streamlined,,count,1,1,streamlined_timer,#,confirmed,products:zh+products:en
CH32V006D8U7,CH32V006,CH32V006,tkey-channel,,count,4,4,capacitive_touchkey,#,confirmed,products:zh+products:en
CH32V006D8U7,CH32V006,CH32V006,usart,,count,2,2,serial_port,#,confirmed,products:zh+products:en
CH32V006D8U7,CH32V006,CH32V006,watchdog,,count,2,2,watchdog,#,confirmed,products:zh+products:en
CH32V006E8R6,CH32V006,CH32V006,adc-channel,,text,,8+2,adc,#,confirmed,products:zh+products:en
CH32V006E8R6,CH32V006,CH32V006,i2c,,count,1,1,i2c,#,confirmed,products:zh+products:en
CH32V006E8R6,CH32V006,CH32V006,opa,,count,1,1,opa,#,confirmed,products:zh+products:en
CH32V006E8R6,CH32V006,CH32V006,opa,polling,count,3,3,opa_polling,#,confirmed,products:zh+products:en
CH32V006E8R6,CH32V006,CH32V006,spi,,count,1,1,spi,#,confirmed,products:zh+products:en
CH32V006E8R6,CH32V006,CH32V006,timer-advanced,,count,1,1,adtm,#,confirmed,products:zh+products:en
CH32V006E8R6,CH32V006,CH32V006,timer-general,,count,1,1,gptm,#,confirmed,products:zh+products:en
CH32V006E8R6,CH32V006,CH32V006,timer-streamlined,,count,1,1,streamlined_timer,#,confirmed,products:zh+products:en
CH32V006E8R6,CH32V006,CH32V006,tkey-channel,,count,8,8,capacitive_touchkey,#,confirmed,products:zh+products:en
CH32V006E8R6,CH32V006,CH32V006,usart,,count,2,2,serial_port,#,confirmed,products:zh+products:en
CH32V006E8R6,CH32V006,CH32V006,watchdog,,count,2,2,watchdog,#,confirmed,products:zh+products:en
CH32V006E8R7,CH32V006,CH32V006,adc-channel,,text,,8+2,adc,#,confirmed,products:zh+products:en
CH32V006E8R7,CH32V006,CH32V006,i2c,,count,1,1,i2c,#,confirmed,products:zh+products:en
CH32V006E8R7,CH32V006,CH32V006,opa,,count,1,1,opa,#,confirmed,products:zh+products:en
CH32V006E8R7,CH32V006,CH32V006,opa,polling,count,3,3,opa_polling,#,confirmed,products:zh+products:en
CH32V006E8R7,CH32V006,CH32V006,spi,,count,1,1,spi,#,confirmed,products:zh+products:en
CH32V006E8R7,CH32V006,CH32V006,timer-advanced,,count,1,1,adtm,#,confirmed,products:zh+products:en
CH32V006E8R7,CH32V006,CH32V006,timer-general,,count,1,1,gptm,#,confirmed,products:zh+products:en
CH32V006E8R7,CH32V006,CH32V006,timer-streamlined,,count,1,1,streamlined_timer,#,confirmed,products:zh+products:en
CH32V006E8R7,CH32V006,CH32V006,tkey-channel,,count,8,8,capacitive_touchkey,#,confirmed,products:zh+products:en
CH32V006E8R7,CH32V006,CH32V006,usart,,count,2,2,serial_port,#,confirmed,products:zh+products:en
CH32V006E8R7,CH32V006,CH32V006,watchdog,,count,2,2,watchdog,#,confirmed,products:zh+products:en
CH32V006F4U6,CH32V006,CH32V006,adc-channel,,text,,8+2,adc,#,confirmed,products:zh+products:en
CH32V006F4U6,CH32V006,CH32V006,i2c,,count,1,1,i2c,#,confirmed,products:zh+products:en
CH32V006F4U6,CH32V006,CH32V006,spi,,count,1,1,spi,#,confirmed,products:zh+products:en
CH32V006F4U6,CH32V006,CH32V006,timer-advanced,,count,1,1,adtm,#,confirmed,products:zh+products:en
CH32V006F4U6,CH32V006,CH32V006,timer-general,,count,1,1,gptm,#,confirmed,products:zh+products:en
CH32V006F4U6,CH32V006,CH32V006,timer-streamlined,,count,1,1,streamlined_timer,#,confirmed,products:zh+products:en
CH32V006F4U6,CH32V006,CH32V006,tkey-channel,,count,8,8,capacitive_touchkey,#,confirmed,products:zh+products:en
CH32V006F4U6,CH32V006,CH32V006,usart,,count,1,1,serial_port,#,confirmed,products:zh+products:en
CH32V006F4U6,CH32V006,CH32V006,watchdog,,count,2,2,watchdog,#,confirmed,products:zh+products:en
CH32V006F8P7,CH32V006,CH32V006,adc-channel,,text,,8+2,adc,#,confirmed,products:zh+products:en
CH32V006F8P7,CH32V006,CH32V006,i2c,,count,1,1,i2c,#,confirmed,products:zh+products:en
CH32V006F8P7,CH32V006,CH32V006,opa,,count,1,1,opa,#,confirmed,products:zh+products:en
CH32V006F8P7,CH32V006,CH32V006,opa,polling,count,3,3,opa_polling,#,confirmed,products:zh+products:en
CH32V006F8P7,CH32V006,CH32V006,spi,,count,1,1,spi,#,confirmed,products:zh+products:en
CH32V006F8P7,CH32V006,CH32V006,timer-advanced,,count,1,1,adtm,#,confirmed,products:zh+products:en
CH32V006F8P7,CH32V006,CH32V006,timer-general,,count,1,1,gptm,#,confirmed,products:zh+products:en
CH32V006F8P7,CH32V006,CH32V006,timer-streamlined,,count,1,1,streamlined_timer,#,confirmed,products:zh+products:en
CH32V006F8P7,CH32V006,CH32V006,tkey-channel,,count,8,8,capacitive_touchkey,#,confirmed,products:zh+products:en
CH32V006F8P7,CH32V006,CH32V006,usart,,count,2,2,serial_port,#,confirmed,products:zh+products:en
CH32V006F8P7,CH32V006,CH32V006,watchdog,,count,2,2,watchdog,#,confirmed,products:zh+products:en
CH32V006F8U7,CH32V006,CH32V006,adc-channel,,text,,8+2,adc,#,confirmed,products:zh+products:en
CH32V006F8U7,CH32V006,CH32V006,i2c,,count,1,1,i2c,#,confirmed,products:zh+products:en
CH32V006F8U7,CH32V006,CH32V006,opa,,count,1,1,opa,#,confirmed,products:zh+products:en
CH32V006F8U7,CH32V006,CH32V006,opa,polling,count,3,3,opa_polling,#,confirmed,products:zh+products:en
CH32V006F8U7,CH32V006,CH32V006,spi,,count,1,1,spi,#,confirmed,products:zh+products:en
CH32V006F8U7,CH32V006,CH32V006,timer-advanced,,count,1,1,adtm,#,confirmed,products:zh+products:en
CH32V006F8U7,CH32V006,CH32V006,timer-general,,count,1,1,gptm,#,confirmed,products:zh+products:en
CH32V006F8U7,CH32V006,CH32V006,timer-streamlined,,count,1,1,streamlined_timer,#,confirmed,products:zh+products:en
CH32V006F8U7,CH32V006,CH32V006,tkey-channel,,count,8,8,capacitive_touchkey,#,confirmed,products:zh+products:en
CH32V006F8U7,CH32V006,CH32V006,usart,,count,2,2,serial_port,#,confirmed,products:zh+products:en
CH32V006F8U7,CH32V006,CH32V006,watchdog,,count,2,2,watchdog,#,confirmed,products:zh+products:en
CH32V006K8U7,CH32V006,CH32V006,adc-channel,,text,,8+2,adc,#,confirmed,products:zh+products:en
CH32V006K8U7,CH32V006,CH32V006,i2c,,count,1,1,i2c,#,confirmed,products:zh+products:en
CH32V006K8U7,CH32V006,CH32V006,opa,,count,1,1,opa,#,confirmed,products:zh+products:en
CH32V006K8U7,CH32V006,CH32V006,opa,polling,count,3,3,opa_polling,#,confirmed,products:zh+products:en
CH32V006K8U7,CH32V006,CH32V006,spi,,count,1,1,spi,#,confirmed,products:zh+products:en
CH32V006K8U7,CH32V006,CH32V006,timer-advanced,,count,1,1,adtm,#,confirmed,products:zh+products:en
CH32V006K8U7,CH32V006,CH32V006,timer-general,,count,1,1,gptm,#,confirmed,products:zh+products:en
CH32V006K8U7,CH32V006,CH32V006,timer-streamlined,,count,1,1,streamlined_timer,#,confirmed,products:zh+products:en
CH32V006K8U7,CH32V006,CH32V006,tkey-channel,,count,8,8,capacitive_touchkey,#,confirmed,products:zh+products:en
CH32V006K8U7,CH32V006,CH32V006,usart,,count,2,2,serial_port,#,confirmed,products:zh+products:en
CH32V006K8U7,CH32V006,CH32V006,watchdog,,count,2,2,watchdog,#,confirmed,products:zh+products:en
CH32V007E8R6,CH32V007,CH32V006,adc-channel,,text,,8+2,adc,#,confirmed,products:zh+products:en
CH32V007E8R6,CH32V007,CH32V006,cmp,,count,2,2,cmp,#,confirmed,products:zh+products:en
CH32V007E8R6,CH32V007,CH32V006,i2c,,count,1,1,i2c,#,confirmed,products:zh+products:en
CH32V007E8R6,CH32V007,CH32V006,opa,,count,1,1,opa,#,confirmed,products:zh+products:en
CH32V007E8R6,CH32V007,CH32V006,opa,polling,count,3,3,opa_polling,#,confirmed,products:zh+products:en
CH32V007E8R6,CH32V007,CH32V006,spi,,count,1,1,spi,#,confirmed,products:zh+products:en
CH32V007E8R6,CH32V007,CH32V006,timer-advanced,,count,1,1,adtm,#,confirmed,products:zh+products:en
CH32V007E8R6,CH32V007,CH32V006,timer-general,,count,1,1,gptm,#,confirmed,products:zh+products:en
CH32V007E8R6,CH32V007,CH32V006,timer-streamlined,,count,1,1,streamlined_timer,#,confirmed,products:zh+products:en
CH32V007E8R6,CH32V007,CH32V006,tkey-channel,,count,8,8,touch_key_button,#,confirmed,products:zh+products:en
CH32V007E8R6,CH32V007,CH32V006,usart,,count,2,2,serial_port,#,confirmed,products:zh+products:en
CH32V007E8R6,CH32V007,CH32V006,watchdog,,count,2,2,watchdog,#,confirmed,products:zh+products:en
CH32V007E8R7,CH32V007,CH32V006,adc-channel,,text,,8+2,adc,#,confirmed,products:zh+products:en
CH32V007E8R7,CH32V007,CH32V006,cmp,,count,2,2,cmp,#,confirmed,products:zh+products:en
CH32V007E8R7,CH32V007,CH32V006,i2c,,count,1,1,i2c,#,confirmed,products:zh+products:en
CH32V007E8R7,CH32V007,CH32V006,opa,,count,1,1,opa,#,confirmed,products:zh+products:en
CH32V007E8R7,CH32V007,CH32V006,opa,polling,count,3,3,opa_polling,#,confirmed,products:zh+products:en
CH32V007E8R7,CH32V007,CH32V006,spi,,count,1,1,spi,#,confirmed,products:zh+products:en
CH32V007E8R7,CH32V007,CH32V006,timer-advanced,,count,1,1,adtm,#,confirmed,products:zh+products:en
CH32V007E8R7,CH32V007,CH32V006,timer-general,,count,1,1,gptm,#,confirmed,products:zh+products:en
CH32V007E8R7,CH32V007,CH32V006,timer-streamlined,,count,1,1,streamlined_timer,#,confirmed,products:zh+products:en
CH32V007E8R7,CH32V007,CH32V006,tkey-channel,,count,8,8,touch_key_button,#,confirmed,products:zh+products:en
CH32V007E8R7,CH32V007,CH32V006,usart,,count,2,2,serial_port,#,confirmed,products:zh+products:en
CH32V007E8R7,CH32V007,CH32V006,watchdog,,count,2,2,watchdog,#,confirmed,products:zh+products:en
CH32V007K8U6,CH32V007,CH32V006,adc-channel,,text,,8+2,adc,#,confirmed,products:zh+products:en
CH32V007K8U6,CH32V007,CH32V006,cmp,,count,2,2,cmp,#,confirmed,products:zh+products:en
CH32V007K8U6,CH32V007,CH32V006,i2c,,count,1,1,i2c,#,confirmed,products:zh+products:en
CH32V007K8U6,CH32V007,CH32V006,opa,,count,1,1,opa,#,confirmed,products:zh+products:en
CH32V007K8U6,CH32V007,CH32V006,opa,polling,count,3,3,opa_polling,#,confirmed,products:zh+products:en
CH32V007K8U6,CH32V007,CH32V006,spi,,count,1,1,spi,#,confirmed,products:zh+products:en
CH32V007K8U6,CH32V007,CH32V006,timer-advanced,,count,1,1,adtm,#,confirmed,products:zh+products:en
CH32V007K8U6,CH32V007,CH32V006,timer-general,,count,1,1,gptm,#,confirmed,products:zh+products:en
CH32V007K8U6,CH32V007,CH32V006,timer-streamlined,,count,1,1,streamlined_timer,#,confirmed,products:zh+products:en
CH32V007K8U6,CH32V007,CH32V006,tkey-channel,,count,8,8,touch_key_button,#,confirmed,products:zh+products:en
CH32V007K8U6,CH32V007,CH32V006,usart,,count,2,2,serial_port,#,confirmed,products:zh+products:en
CH32V007K8U6,CH32V007,CH32V006,watchdog,,count,2,2,watchdog,#,confirmed,products:zh+products:en
CH32V007K8U7,CH32V007,CH32V006,adc-channel,,text,,8+2,adc,#,confirmed,products:zh+products:en
CH32V007K8U7,CH32V007,CH32V006,cmp,,count,2,2,cmp,#,confirmed,products:zh+products:en
CH32V007K8U7,CH32V007,CH32V006,i2c,,count,1,1,i2c,#,confirmed,products:zh+products:en
CH32V007K8U7,CH32V007,CH32V006,opa,,count,1,1,opa,#,confirmed,products:zh+products:en
CH32V007K8U7,CH32V007,CH32V006,opa,polling,count,3,3,opa_polling,#,confirmed,products:zh+products:en
CH32V007K8U7,CH32V007,CH32V006,spi,,count,1,1,spi,#,confirmed,products:zh+products:en
CH32V007K8U7,CH32V007,CH32V006,timer-advanced,,count,1,1,adtm,#,confirmed,products:zh+products:en
CH32V007K8U7,CH32V007,CH32V006,timer-general,,count,1,1,gptm,#,confirmed,products:zh+products:en
CH32V007K8U7,CH32V007,CH32V006,timer-streamlined,,count,1,1,streamlined_timer,#,confirmed,products:zh+products:en
CH32V007K8U7,CH32V007,CH32V006,tkey-channel,,count,8,8,touch_key_button,#,confirmed,products:zh+products:en
CH32V007K8U7,CH32V007,CH32V006,usart,,count,2,2,serial_port,#,confirmed,products:zh+products:en
CH32V007K8U7,CH32V007,CH32V006,watchdog,,count,2,2,watchdog,#,confirmed,products:zh+products:en
CH32V103C6T6,CH32V103,CH32V103,adc-channel,with-tkey,count,10,10,adc_tkey_number_of_channels,#,confirmed,products:zh+products:en
CH32V103C6T6,CH32V103,CH32V103,clock,,text,,Typical: 72MHz,cpu_clock_frequency,#,conflict,products:en+!products:zh(=Typ. 72MHz)
CH32V103C6T6,CH32V103,CH32V103,i2c,,count,1,1,communication_interface_i2c,#,confirmed,products:zh+products:en
CH32V103C6T6,CH32V103,CH32V103,spi,,count,1,1,communication_interface_spi,#,confirmed,products:zh+products:en
CH32V103C6T6,CH32V103,CH32V103,systick,,count,1,1,timer_systick,#,confirmed,products:zh+products:en
CH32V103C6T6,CH32V103,CH32V103,timer-advanced,,count,1,1,timer_advanced,#,confirmed,products:zh+products:en
CH32V103C6T6,CH32V103,CH32V103,timer-general,,count,2,2,timer_general_purpose,#,confirmed,products:zh+products:en
CH32V103C6T6,CH32V103,CH32V103,usart,,count,2,2,communication_interface_usart,#,confirmed,products:zh+products:en
CH32V103C6T6,CH32V103,CH32V103,usb-fs,usbhd,count,1,1,communication_interface_usbhd_2_0fs,#,confirmed,products:zh+products:en
CH32V103C6T6,CH32V103,CH32V103,voltage,,text,,2.7V~5.5V,operating_voltage,#,confirmed,products:zh+products:en
CH32V103C6T6,CH32V103,CH32V103,watchdog,,count,2,2,timer_watchdog_wdt,#,confirmed,products:zh+products:en
CH32V103C8T6,CH32V103,CH32V103,adc-channel,with-tkey,count,10,10,adc_tkey_number_of_channels,#,confirmed,products:zh+products:en
CH32V103C8T6,CH32V103,CH32V103,clock,,text,,Typical: 72MHz,cpu_clock_frequency,#,conflict,products:en+!products:zh(=Typ. 72MHz)
CH32V103C8T6,CH32V103,CH32V103,i2c,,count,2,2,communication_interface_i2c,#,confirmed,products:zh+products:en
CH32V103C8T6,CH32V103,CH32V103,spi,,count,2,2,communication_interface_spi,#,confirmed,products:zh+products:en
CH32V103C8T6,CH32V103,CH32V103,systick,,count,1,1,timer_systick,#,confirmed,products:zh+products:en
CH32V103C8T6,CH32V103,CH32V103,timer-advanced,,count,1,1,timer_advanced,#,confirmed,products:zh+products:en
CH32V103C8T6,CH32V103,CH32V103,timer-general,,count,3,3,timer_general_purpose,#,confirmed,products:zh+products:en
CH32V103C8T6,CH32V103,CH32V103,usart,,count,3,3,communication_interface_usart,#,confirmed,products:zh+products:en
CH32V103C8T6,CH32V103,CH32V103,usb-fs,usbhd,count,1,1,communication_interface_usbhd_2_0fs,#,confirmed,products:zh+products:en
CH32V103C8T6,CH32V103,CH32V103,voltage,,text,,2.7V~5.5V,operating_voltage,#,confirmed,products:zh+products:en
CH32V103C8T6,CH32V103,CH32V103,watchdog,,count,2,2,timer_watchdog_wdt,#,confirmed,products:zh+products:en
CH32V103C8U6,CH32V103,CH32V103,adc-channel,with-tkey,count,10,10,adc_tkey_number_of_channels,#,confirmed,products:zh+products:en
CH32V103C8U6,CH32V103,CH32V103,clock,,text,,Typical: 72MHz,cpu_clock_frequency,#,conflict,products:en+!products:zh(=Typ. 72MHz)
CH32V103C8U6,CH32V103,CH32V103,i2c,,count,2,2,communication_interface_i2c,#,confirmed,products:zh+products:en
CH32V103C8U6,CH32V103,CH32V103,spi,,count,2,2,communication_interface_spi,#,confirmed,products:zh+products:en
CH32V103C8U6,CH32V103,CH32V103,systick,,count,1,1,timer_systick,#,confirmed,products:zh+products:en
CH32V103C8U6,CH32V103,CH32V103,timer-advanced,,count,1,1,timer_advanced,#,confirmed,products:zh+products:en
CH32V103C8U6,CH32V103,CH32V103,timer-general,,count,3,3,timer_general_purpose,#,confirmed,products:zh+products:en
CH32V103C8U6,CH32V103,CH32V103,usart,,count,3,3,communication_interface_usart,#,confirmed,products:zh+products:en
CH32V103C8U6,CH32V103,CH32V103,usb-fs,usbhd,count,1,1,communication_interface_usbhd_2_0fs,#,confirmed,products:zh+products:en
CH32V103C8U6,CH32V103,CH32V103,voltage,,text,,2.7V~5.5V,operating_voltage,#,confirmed,products:zh+products:en
CH32V103C8U6,CH32V103,CH32V103,watchdog,,count,2,2,timer_watchdog_wdt,#,confirmed,products:zh+products:en
CH32V103R8T6,CH32V103,CH32V103,adc-channel,with-tkey,count,16,16,adc_tkey_number_of_channels,#,confirmed,products:zh+products:en
CH32V103R8T6,CH32V103,CH32V103,clock,,text,,Typical: 72MHz,cpu_clock_frequency,#,conflict,products:en+!products:zh(=Typ. 72MHz)
CH32V103R8T6,CH32V103,CH32V103,i2c,,count,2,2,communication_interface_i2c,#,confirmed,products:zh+products:en
CH32V103R8T6,CH32V103,CH32V103,spi,,count,2,2,communication_interface_spi,#,confirmed,products:zh+products:en
CH32V103R8T6,CH32V103,CH32V103,systick,,count,1,1,timer_systick,#,confirmed,products:zh+products:en
CH32V103R8T6,CH32V103,CH32V103,timer-advanced,,count,1,1,timer_advanced,#,confirmed,products:zh+products:en
CH32V103R8T6,CH32V103,CH32V103,timer-general,,count,3,3,timer_general_purpose,#,confirmed,products:zh+products:en
CH32V103R8T6,CH32V103,CH32V103,usart,,count,3,3,communication_interface_usart,#,confirmed,products:zh+products:en
CH32V103R8T6,CH32V103,CH32V103,usb-fs,usbhd,count,1,1,communication_interface_usbhd_2_0fs,#,confirmed,products:zh+products:en
CH32V103R8T6,CH32V103,CH32V103,voltage,,text,,2.7V~5.5V,operating_voltage,#,confirmed,products:zh+products:en
CH32V103R8T6,CH32V103,CH32V103,watchdog,,count,2,2,timer_watchdog_wdt,#,confirmed,products:zh+products:en
CH32V203C6T6,CH32V203,CH32V20x,adc-channel,with-tkey-per-unit,text,,10@2,adc_tkey_channel_unitcount,#,confirmed,products:zh+products:en
CH32V203C6T6,CH32V203,CH32V20x,can,,count,1,1,communication_interface_can,#,confirmed,products:zh+products:en
CH32V203C6T6,CH32V203,CH32V20x,clock,,text,,Max: 144MHz,cpu_clock_speed,#,confirmed,products:zh+products:en
CH32V203C6T6,CH32V203,CH32V20x,i2c,,count,1,1,communication_interface_i2c,#,confirmed,products:zh+products:en
CH32V203C6T6,CH32V203,CH32V20x,opa-cmp,,count,2,2,opa_cmp,#,confirmed,products:zh+products:en
CH32V203C6T6,CH32V203,CH32V20x,rtc,,marker,,Supported,rtc,#,confirmed,products:zh+products:en
CH32V203C6T6,CH32V203,CH32V20x,spi,,count,1,1,communication_interface_spi,#,confirmed,products:zh+products:en
CH32V203C6T6,CH32V203,CH32V20x,systick,64bit,marker,,Supported,timer_systick_64_bit,#,confirmed,products:zh+products:en
CH32V203C6T6,CH32V203,CH32V20x,timer-advanced,16bit,count,1,1,timer_advanced_control_16_bit,#,confirmed,products:zh+products:en
CH32V203C6T6,CH32V203,CH32V20x,timer-general,16bit,count,3,3,timer_general_purpose_16_bit,#,confirmed,products:zh+products:en
CH32V203C6T6,CH32V203,CH32V20x,usart,,count,2,2,communication_interface_usart_uart,#,confirmed,products:zh+products:en
CH32V203C6T6,CH32V203,CH32V20x,usb-fs,usbd,count,1,1,communication_interface_usb_fs_usbd,#,confirmed,products:zh+products:en
CH32V203C6T6,CH32V203,CH32V20x,usb-fs,usbhd,count,1,1,communication_interface_usb_fs_usbhd,#,confirmed,products:zh+products:en
CH32V203C6T6,CH32V203,CH32V20x,voltage,,text,,3.3V,rated_voltage,#,confirmed,products:zh+products:en
CH32V203C6T6,CH32V203,CH32V20x,watchdog,,text,,2 ( WWDG + IWDG ),timer_watchdog,#,confirmed,products:zh+products:en
CH32V203C6U6,CH32V203,CH32V20x,adc-channel,with-tkey-per-unit,text,,10@2,adc_tkey_channel_unitcount,#,confirmed,products:zh+products:en
CH32V203C6U6,CH32V203,CH32V20x,can,,count,1,1,communication_interface_can,#,confirmed,products:zh+products:en
CH32V203C6U6,CH32V203,CH32V20x,clock,,text,,Max: 144MHz,cpu_clock_speed,#,confirmed,products:zh+products:en
CH32V203C6U6,CH32V203,CH32V20x,i2c,,count,1,1,communication_interface_i2c,#,confirmed,products:zh+products:en
CH32V203C6U6,CH32V203,CH32V20x,opa-cmp,,count,2,2,opa_cmp,#,confirmed,products:zh+products:en
CH32V203C6U6,CH32V203,CH32V20x,rtc,,marker,,Supported,rtc,#,confirmed,products:zh+products:en
CH32V203C6U6,CH32V203,CH32V20x,spi,,count,1,1,communication_interface_spi,#,confirmed,products:zh+products:en
CH32V203C6U6,CH32V203,CH32V20x,systick,64bit,marker,,Supported,timer_systick_64_bit,#,confirmed,products:zh+products:en
CH32V203C6U6,CH32V203,CH32V20x,timer-advanced,16bit,count,1,1,timer_advanced_control_16_bit,#,confirmed,products:zh+products:en
CH32V203C6U6,CH32V203,CH32V20x,timer-general,16bit,count,3,3,timer_general_purpose_16_bit,#,confirmed,products:zh+products:en
CH32V203C6U6,CH32V203,CH32V20x,usart,,count,2,2,communication_interface_usart_uart,#,confirmed,products:zh+products:en
CH32V203C6U6,CH32V203,CH32V20x,usb-fs,usbd,count,1,1,communication_interface_usb_fs_usbd,#,confirmed,products:zh+products:en
CH32V203C6U6,CH32V203,CH32V20x,usb-fs,usbhd,count,1,1,communication_interface_usb_fs_usbhd,#,confirmed,products:zh+products:en
CH32V203C6U6,CH32V203,CH32V20x,voltage,,text,,3.3V,rated_voltage,#,confirmed,products:zh+products:en
CH32V203C6U6,CH32V203,CH32V20x,watchdog,,text,,2 ( WWDG + IWDG ),timer_watchdog,#,confirmed,products:zh+products:en
CH32V203C8T6,CH32V203,CH32V20x,adc-channel,with-tkey-per-unit,text,,10@2,adc_tkey_channel_unitcount,#,confirmed,products:zh+products:en
CH32V203C8T6,CH32V203,CH32V20x,can,,count,1,1,communication_interface_can,#,confirmed,products:zh+products:en
CH32V203C8T6,CH32V203,CH32V20x,clock,,text,,Max: 144MHz,cpu_clock_speed,#,confirmed,products:zh+products:en
CH32V203C8T6,CH32V203,CH32V20x,i2c,,count,2,2,communication_interface_i2c,#,confirmed,products:zh+products:en
CH32V203C8T6,CH32V203,CH32V20x,opa-cmp,,count,2,2,opa_cmp,#,confirmed,products:zh+products:en
CH32V203C8T6,CH32V203,CH32V20x,rtc,,marker,,Supported,rtc,#,confirmed,products:zh+products:en
CH32V203C8T6,CH32V203,CH32V20x,spi,,count,2,2,communication_interface_spi,#,confirmed,products:zh+products:en
CH32V203C8T6,CH32V203,CH32V20x,systick,64bit,marker,,Supported,timer_systick_64_bit,#,confirmed,products:zh+products:en
CH32V203C8T6,CH32V203,CH32V20x,timer-advanced,16bit,count,1,1,timer_advanced_control_16_bit,#,confirmed,products:zh+products:en
CH32V203C8T6,CH32V203,CH32V20x,timer-general,16bit,count,3,3,timer_general_purpose_16_bit,#,confirmed,products:zh+products:en
CH32V203C8T6,CH32V203,CH32V20x,usart,,count,4,4,communication_interface_usart_uart,#,confirmed,products:zh+products:en
CH32V203C8T6,CH32V203,CH32V20x,usb-fs,usbd,count,1,1,communication_interface_usb_fs_usbd,#,confirmed,products:zh+products:en
CH32V203C8T6,CH32V203,CH32V20x,usb-fs,usbhd,count,1,1,communication_interface_usb_fs_usbhd,#,confirmed,products:zh+products:en
CH32V203C8T6,CH32V203,CH32V20x,voltage,,text,,3.3V,rated_voltage,#,confirmed,products:zh+products:en
CH32V203C8T6,CH32V203,CH32V20x,watchdog,,text,,2 ( WWDG + IWDG ),timer_watchdog,#,confirmed,products:zh+products:en
CH32V203C8U6,CH32V203,CH32V20x,adc-channel,with-tkey-per-unit,text,,10@2,adc_tkey_channel_unitcount,#,confirmed,products:zh+products:en
CH32V203C8U6,CH32V203,CH32V20x,can,,count,1,1,communication_interface_can,#,confirmed,products:zh+products:en
CH32V203C8U6,CH32V203,CH32V20x,clock,,text,,Max: 144MHz,cpu_clock_speed,#,confirmed,products:zh+products:en
CH32V203C8U6,CH32V203,CH32V20x,i2c,,count,2,2,communication_interface_i2c,#,confirmed,products:zh+products:en
CH32V203C8U6,CH32V203,CH32V20x,opa-cmp,,count,2,2,opa_cmp,#,confirmed,products:zh+products:en
CH32V203C8U6,CH32V203,CH32V20x,rtc,,marker,,Supported,rtc,#,confirmed,products:zh+products:en
CH32V203C8U6,CH32V203,CH32V20x,spi,,count,2,2,communication_interface_spi,#,confirmed,products:zh+products:en
CH32V203C8U6,CH32V203,CH32V20x,systick,64bit,marker,,Supported,timer_systick_64_bit,#,confirmed,products:zh+products:en
CH32V203C8U6,CH32V203,CH32V20x,timer-advanced,16bit,count,1,1,timer_advanced_control_16_bit,#,confirmed,products:zh+products:en
CH32V203C8U6,CH32V203,CH32V20x,timer-general,16bit,count,3,3,timer_general_purpose_16_bit,#,confirmed,products:zh+products:en
CH32V203C8U6,CH32V203,CH32V20x,usart,,count,4,4,communication_interface_usart_uart,#,confirmed,products:zh+products:en
CH32V203C8U6,CH32V203,CH32V20x,usb-fs,usbd,count,1,1,communication_interface_usb_fs_usbd,#,confirmed,products:zh+products:en
CH32V203C8U6,CH32V203,CH32V20x,usb-fs,usbhd,count,1,1,communication_interface_usb_fs_usbhd,#,confirmed,products:zh+products:en
CH32V203C8U6,CH32V203,CH32V20x,voltage,,text,,3.3V,rated_voltage,#,confirmed,products:zh+products:en
CH32V203C8U6,CH32V203,CH32V20x,watchdog,,text,,2 ( WWDG + IWDG ),timer_watchdog,#,confirmed,products:zh+products:en
CH32V203CCT6,CH32V203,CH32V205,adc-channel,,text,,10+3,adc,#,confirmed,products:zh+products:en
CH32V203CCT6,CH32V203,CH32V205,can,,count,1,1,can,#,confirmed,products:zh+products:en
CH32V203CCT6,CH32V203,CH32V205,clock,,text,,40MHz@Zero-wait; Max: 192MHz@Non-zero wait,cpu_main_frequency,#,confirmed,products:zh+products:en
CH32V203CCT6,CH32V203,CH32V205,cmp,,count,2,2,cmp,#,confirmed,products:zh+products:en
CH32V203CCT6,CH32V203,CH32V205,i2c,,count,2,2,i2c,#,confirmed,products:zh+products:en
CH32V203CCT6,CH32V203,CH32V205,opa,,count,2,2,opa,#,confirmed,products:zh+products:en
CH32V203CCT6,CH32V203,CH32V205,qspi,,count,1,1,qspi,#,confirmed,products:zh+products:en
CH32V203CCT6,CH32V203,CH32V205,rtc,,marker,,√,rtc,#,confirmed,products:zh+products:en
CH32V203CCT6,CH32V203,CH32V205,spi,,count,2,2,spi,#,confirmed,products:zh+products:en
CH32V203CCT6,CH32V203,CH32V205,systick,32bit,marker,,√,timer_systick_32_bit,#,confirmed,products:zh+products:en
CH32V203CCT6,CH32V203,CH32V205,timer-advanced,tim1-16bit,count,1,1,timer_advanced_control_tim1_16_bit,#,confirmed,products:zh+products:en
CH32V203CCT6,CH32V203,CH32V205,timer-general,tim2-3-16bit,count,2,2,timer_general_purpose_tim2_3_16_bit,#,confirmed,products:zh+products:en
CH32V203CCT6,CH32V203,CH32V205,timer-general,tim4-32bit,count,1,1,timer_general_purpose_tim4_32_bit,#,confirmed,products:zh+products:en
CH32V203CCT6,CH32V203,CH32V205,tkey-channel,,count,10,10,tkey,#,confirmed,products:zh+products:en
CH32V203CCT6,CH32V203,CH32V205,usart,,count,8,8,usart,#,confirmed,products:zh+products:en
CH32V203CCT6,CH32V203,CH32V205,usb-fs,,count,1,1,pdusb_usbfs,#,confirmed,products:zh+products:en
CH32V203CCT6,CH32V203,CH32V205,voltage,,text,,3.3V,rated_voltage,#,confirmed,products:zh+products:en
CH32V203CCT6,CH32V203,CH32V205,watchdog,,text,,2(WWDG+IWDG),timer_watchdog,#,confirmed,products:zh+products:en
CH32V203F6P6,CH32V203,CH32V20x,adc-channel,with-tkey-per-unit,text,,9@2,adc_tkey_channel_unitcount,#,confirmed,products:zh+products:en
CH32V203F6P6,CH32V203,CH32V20x,can,,count,1,1,communication_interface_can,#,confirmed,products:zh+products:en
CH32V203F6P6,CH32V203,CH32V20x,clock,,text,,Max: 144MHz,cpu_clock_speed,#,confirmed,products:zh+products:en
CH32V203F6P6,CH32V203,CH32V20x,opa-cmp,,count,1,1,opa_cmp,#,confirmed,products:zh+products:en
CH32V203F6P6,CH32V203,CH32V20x,rtc,,marker,,Supported,rtc,#,confirmed,products:zh+products:en
CH32V203F6P6,CH32V203,CH32V20x,spi,,count,1,1,communication_interface_spi,#,confirmed,products:zh+products:en
CH32V203F6P6,CH32V203,CH32V20x,systick,64bit,marker,,Supported,timer_systick_64_bit,#,confirmed,products:zh+products:en
CH32V203F6P6,CH32V203,CH32V20x,timer-advanced,16bit,text,,1(3),timer_advanced_control_16_bit,#,confirmed,products:zh+products:en
CH32V203F6P6,CH32V203,CH32V20x,timer-general,16bit,text,,3(3),timer_general_purpose_16_bit,#,confirmed,products:zh+products:en
CH32V203F6P6,CH32V203,CH32V20x,usart,,count,1,1,communication_interface_usart_uart,#,confirmed,products:zh+products:en
CH32V203F6P6,CH32V203,CH32V20x,usb-fs,usbd,count,1,1,communication_interface_usb_fs_usbd,#,confirmed,products:zh+products:en
CH32V203F6P6,CH32V203,CH32V20x,voltage,,text,,3.3V,rated_voltage,#,confirmed,products:zh+products:en
CH32V203F6P6,CH32V203,CH32V20x,watchdog,,text,,2 ( WWDG + IWDG ),timer_watchdog,#,confirmed,products:zh+products:en
CH32V203F8P6,CH32V203,CH32V20x,adc-channel,with-tkey-per-unit,text,,9@2,adc_tkey_channel_unitcount,#,confirmed,products:zh+products:en
CH32V203F8P6,CH32V203,CH32V20x,clock,,text,,Max: 144MHz,cpu_clock_speed,#,confirmed,products:zh+products:en
CH32V203F8P6,CH32V203,CH32V20x,i2c,,count,1,1,communication_interface_i2c,#,confirmed,products:zh+products:en
CH32V203F8P6,CH32V203,CH32V20x,opa-cmp,,count,2,2,opa_cmp,#,confirmed,products:zh+products:en
CH32V203F8P6,CH32V203,CH32V20x,rtc,,marker,,Supported,rtc,#,confirmed,products:zh+products:en
CH32V203F8P6,CH32V203,CH32V20x,spi,,count,1,1,communication_interface_spi,#,confirmed,products:zh+products:en
CH32V203F8P6,CH32V203,CH32V20x,systick,64bit,marker,,Supported,timer_systick_64_bit,#,confirmed,products:zh+products:en
CH32V203F8P6,CH32V203,CH32V20x,timer-advanced,16bit,text,,1(3),timer_advanced_control_16_bit,#,confirmed,products:zh+products:en
CH32V203F8P6,CH32V203,CH32V20x,timer-general,16bit,text,,3(3),timer_general_purpose_16_bit,#,confirmed,products:zh+products:en
CH32V203F8P6,CH32V203,CH32V20x,usart,,count,2,2,communication_interface_usart_uart,#,confirmed,products:zh+products:en
CH32V203F8P6,CH32V203,CH32V20x,usb-fs,usbhd,count,1,1,communication_interface_usb_fs_usbhd,#,confirmed,products:zh+products:en
CH32V203F8P6,CH32V203,CH32V20x,voltage,,text,,3.3V,rated_voltage,#,confirmed,products:zh+products:en
CH32V203F8P6,CH32V203,CH32V20x,watchdog,,text,,2 ( WWDG + IWDG ),timer_watchdog,#,confirmed,products:zh+products:en
CH32V203F8U6,CH32V203,CH32V20x,adc-channel,with-tkey-per-unit,text,,9@2,adc_tkey_channel_unitcount,#,confirmed,products:zh+products:en
CH32V203F8U6,CH32V203,CH32V20x,clock,,text,,Max: 144MHz,cpu_clock_speed,#,confirmed,products:zh+products:en
CH32V203F8U6,CH32V203,CH32V20x,i2c,,count,1,1,communication_interface_i2c,#,confirmed,products:zh+products:en
CH32V203F8U6,CH32V203,CH32V20x,opa-cmp,,count,2,2,opa_cmp,#,confirmed,products:zh+products:en
CH32V203F8U6,CH32V203,CH32V20x,rtc,,marker,,Supported,rtc,#,confirmed,products:zh+products:en
CH32V203F8U6,CH32V203,CH32V20x,spi,,count,1,1,communication_interface_spi,#,confirmed,products:zh+products:en
CH32V203F8U6,CH32V203,CH32V20x,systick,64bit,marker,,Supported,timer_systick_64_bit,#,confirmed,products:zh+products:en
CH32V203F8U6,CH32V203,CH32V20x,timer-advanced,16bit,text,,1(3),timer_advanced_control_16_bit,#,confirmed,products:zh+products:en
CH32V203F8U6,CH32V203,CH32V20x,timer-general,16bit,text,,3(3),timer_general_purpose_16_bit,#,confirmed,products:zh+products:en
CH32V203F8U6,CH32V203,CH32V20x,usart,,count,2,2,communication_interface_usart_uart,#,confirmed,products:zh+products:en
CH32V203F8U6,CH32V203,CH32V20x,usb-fs,usbhd,count,1,1,communication_interface_usb_fs_usbhd,#,confirmed,products:zh+products:en
CH32V203F8U6,CH32V203,CH32V20x,voltage,,text,,3.3V,rated_voltage,#,confirmed,products:zh+products:en
CH32V203F8U6,CH32V203,CH32V20x,watchdog,,text,,2 ( WWDG + IWDG ),timer_watchdog,#,confirmed,products:zh+products:en
CH32V203G6U6,CH32V203,CH32V20x,adc-channel,with-tkey-per-unit,text,,10@2,adc_tkey_channel_unitcount,#,confirmed,products:zh+products:en
CH32V203G6U6,CH32V203,CH32V20x,can,,count,1,1,communication_interface_can,#,confirmed,products:zh+products:en
CH32V203G6U6,CH32V203,CH32V20x,clock,,text,,Max: 144MHz,cpu_clock_speed,#,confirmed,products:zh+products:en
CH32V203G6U6,CH32V203,CH32V20x,i2c,,count,1,1,communication_interface_i2c,#,confirmed,products:zh+products:en
CH32V203G6U6,CH32V203,CH32V20x,opa-cmp,,count,2,2,opa_cmp,#,confirmed,products:zh+products:en
CH32V203G6U6,CH32V203,CH32V20x,rtc,,marker,,Supported,rtc,#,confirmed,products:zh+products:en
CH32V203G6U6,CH32V203,CH32V20x,spi,,count,1,1,communication_interface_spi,#,confirmed,products:zh+products:en
CH32V203G6U6,CH32V203,CH32V20x,systick,64bit,marker,,Supported,timer_systick_64_bit,#,confirmed,products:zh+products:en
CH32V203G6U6,CH32V203,CH32V20x,timer-advanced,16bit,text,,1(3),timer_advanced_control_16_bit,#,confirmed,products:zh+products:en
CH32V203G6U6,CH32V203,CH32V20x,timer-general,16bit,count,3,3,timer_general_purpose_16_bit,#,confirmed,products:zh+products:en
CH32V203G6U6,CH32V203,CH32V20x,usart,,count,2,2,communication_interface_usart_uart,#,confirmed,products:zh+products:en
CH32V203G6U6,CH32V203,CH32V20x,usb-fs,usbd,count,1,1,communication_interface_usb_fs_usbd,#,confirmed,products:zh+products:en
CH32V203G6U6,CH32V203,CH32V20x,voltage,,text,,3.3V,rated_voltage,#,confirmed,products:zh+products:en
CH32V203G6U6,CH32V203,CH32V20x,watchdog,,text,,2 ( WWDG + IWDG ),timer_watchdog,#,confirmed,products:zh+products:en
CH32V203G8R6,CH32V203,CH32V20x,adc-channel,with-tkey-per-unit,text,,10@2,adc_tkey_channel_unitcount,#,confirmed,products:zh+products:en
CH32V203G8R6,CH32V203,CH32V20x,can,,count,1,1,communication_interface_can,#,confirmed,products:zh+products:en
CH32V203G8R6,CH32V203,CH32V20x,clock,,text,,Max: 144MHz,cpu_clock_speed,#,confirmed,products:zh+products:en
CH32V203G8R6,CH32V203,CH32V20x,i2c,,count,1,1,communication_interface_i2c,#,confirmed,products:zh+products:en
CH32V203G8R6,CH32V203,CH32V20x,opa-cmp,,count,2,2,opa_cmp,#,confirmed,products:zh+products:en
CH32V203G8R6,CH32V203,CH32V20x,rtc,,marker,,Supported,rtc,#,confirmed,products:zh+products:en
CH32V203G8R6,CH32V203,CH32V20x,spi,,count,1,1,communication_interface_spi,#,confirmed,products:zh+products:en
CH32V203G8R6,CH32V203,CH32V20x,systick,64bit,marker,,Supported,timer_systick_64_bit,#,confirmed,products:zh+products:en
CH32V203G8R6,CH32V203,CH32V20x,timer-advanced,16bit,text,,1(3),timer_advanced_control_16_bit,#,confirmed,products:zh+products:en
CH32V203G8R6,CH32V203,CH32V20x,timer-general,16bit,count,3,3,timer_general_purpose_16_bit,#,confirmed,products:zh+products:en
CH32V203G8R6,CH32V203,CH32V20x,usart,,count,2,2,communication_interface_usart_uart,#,confirmed,products:zh+products:en
CH32V203G8R6,CH32V203,CH32V20x,usb-fs,usbd,count,1,1,communication_interface_usb_fs_usbd,#,confirmed,products:zh+products:en
CH32V203G8R6,CH32V203,CH32V20x,usb-fs,usbhd,count,1,1,communication_interface_usb_fs_usbhd,#,confirmed,products:zh+products:en
CH32V203G8R6,CH32V203,CH32V20x,voltage,,text,,3.3V,rated_voltage,#,confirmed,products:zh+products:en
CH32V203G8R6,CH32V203,CH32V20x,watchdog,,text,,2 ( WWDG + IWDG ),timer_watchdog,#,confirmed,products:zh+products:en
CH32V203K8T6,CH32V203,CH32V20x,adc-channel,with-tkey-per-unit,text,,10@2,adc_tkey_channel_unitcount,#,confirmed,products:zh+products:en
CH32V203K8T6,CH32V203,CH32V20x,can,,count,1,1,communication_interface_can,#,confirmed,products:zh+products:en
CH32V203K8T6,CH32V203,CH32V20x,clock,,text,,Max: 144MHz,cpu_clock_speed,#,confirmed,products:zh+products:en
CH32V203K8T6,CH32V203,CH32V20x,i2c,,count,1,1,communication_interface_i2c,#,confirmed,products:zh+products:en
CH32V203K8T6,CH32V203,CH32V20x,opa-cmp,,count,2,2,opa_cmp,#,confirmed,products:zh+products:en
CH32V203K8T6,CH32V203,CH32V20x,rtc,,marker,,Supported,rtc,#,confirmed,products:zh+products:en
CH32V203K8T6,CH32V203,CH32V20x,spi,,count,1,1,communication_interface_spi,#,confirmed,products:zh+products:en
CH32V203K8T6,CH32V203,CH32V20x,systick,64bit,marker,,Supported,timer_systick_64_bit,#,confirmed,products:zh+products:en
CH32V203K8T6,CH32V203,CH32V20x,timer-advanced,16bit,count,1,1,timer_advanced_control_16_bit,#,confirmed,products:zh+products:en
CH32V203K8T6,CH32V203,CH32V20x,timer-general,16bit,count,3,3,timer_general_purpose_16_bit,#,confirmed,products:zh+products:en
CH32V203K8T6,CH32V203,CH32V20x,usart,,count,2,2,communication_interface_usart_uart,#,confirmed,products:zh+products:en
CH32V203K8T6,CH32V203,CH32V20x,usb-fs,usbd,count,1,1,communication_interface_usb_fs_usbd,#,confirmed,products:zh+products:en
CH32V203K8T6,CH32V203,CH32V20x,voltage,,text,,3.3V,rated_voltage,#,confirmed,products:zh+products:en
CH32V203K8T6,CH32V203,CH32V20x,watchdog,,text,,2 ( WWDG + IWDG ),timer_watchdog,#,confirmed,products:zh+products:en
CH32V203K8U7,CH32V203,CH32V20x,adc-channel,with-tkey-per-unit,text,,10@2,adc_tkey_channel_unitcount,#,confirmed,products:zh+products:en
CH32V203K8U7,CH32V203,CH32V20x,can,,count,1,1,communication_interface_can,#,confirmed,products:zh+products:en
CH32V203K8U7,CH32V203,CH32V20x,clock,,text,,Max: 144MHz,cpu_clock_speed,#,confirmed,products:zh+products:en
CH32V203K8U7,CH32V203,CH32V20x,i2c,,count,1,1,communication_interface_i2c,#,confirmed,products:zh+products:en
CH32V203K8U7,CH32V203,CH32V20x,opa-cmp,,count,2,2,opa_cmp,#,confirmed,products:zh+products:en
CH32V203K8U7,CH32V203,CH32V20x,rtc,,marker,,Supported,rtc,#,confirmed,products:zh+products:en
CH32V203K8U7,CH32V203,CH32V20x,spi,,count,1,1,communication_interface_spi,#,confirmed,products:zh+products:en
CH32V203K8U7,CH32V203,CH32V20x,systick,64bit,marker,,Supported,timer_systick_64_bit,#,confirmed,products:zh+products:en
CH32V203K8U7,CH32V203,CH32V20x,timer-advanced,16bit,count,1,1,timer_advanced_control_16_bit,#,confirmed,products:zh+products:en
CH32V203K8U7,CH32V203,CH32V20x,timer-general,16bit,count,3,3,timer_general_purpose_16_bit,#,confirmed,products:zh+products:en
CH32V203K8U7,CH32V203,CH32V20x,usart,,count,2,2,communication_interface_usart_uart,#,confirmed,products:zh+products:en
CH32V203K8U7,CH32V203,CH32V20x,usb-fs,usbd,count,1,1,communication_interface_usb_fs_usbd,#,confirmed,products:zh+products:en
CH32V203K8U7,CH32V203,CH32V20x,usb-fs,usbhd,count,1,1,communication_interface_usb_fs_usbhd,#,confirmed,products:zh+products:en
CH32V203K8U7,CH32V203,CH32V20x,voltage,,text,,3.3V,rated_voltage,#,confirmed,products:zh+products:en
CH32V203K8U7,CH32V203,CH32V20x,watchdog,,text,,2 ( WWDG + IWDG ),timer_watchdog,#,confirmed,products:zh+products:en
CH32V203RBT6,CH32V203,CH32V20x,adc-channel,with-tkey-per-unit,text,,16@1,adc_tkey_channel_unitcount,#,confirmed,products:zh+products:en
CH32V203RBT6,CH32V203,CH32V20x,can,,count,1,1,communication_interface_can,#,confirmed,products:zh+products:en
CH32V203RBT6,CH32V203,CH32V20x,clock,,text,,Max: 144MHz,cpu_clock_speed,#,confirmed,products:zh+products:en
CH32V203RBT6,CH32V203,CH32V20x,ethernet,,text,,10M,communication_interface_ethernet,#,confirmed,products:zh+products:en
CH32V203RBT6,CH32V203,CH32V20x,i2c,,count,2,2,communication_interface_i2c,#,confirmed,products:zh+products:en
CH32V203RBT6,CH32V203,CH32V20x,opa-cmp,,count,2,2,opa_cmp,#,confirmed,products:zh+products:en
CH32V203RBT6,CH32V203,CH32V20x,rtc,,marker,,Supported,rtc,#,confirmed,products:zh+products:en
CH32V203RBT6,CH32V203,CH32V20x,spi,,count,2,2,communication_interface_spi,#,confirmed,products:zh+products:en
CH32V203RBT6,CH32V203,CH32V20x,systick,64bit,marker,,Supported,timer_systick_64_bit,#,confirmed,products:zh+products:en
CH32V203RBT6,CH32V203,CH32V20x,timer-advanced,16bit,count,1,1,timer_advanced_control_16_bit,#,confirmed,products:zh+products:en
CH32V203RBT6,CH32V203,CH32V20x,timer-general,16bit,count,3,3,timer_general_purpose_16_bit,#,confirmed,products:zh+products:en
CH32V203RBT6,CH32V203,CH32V20x,timer-general,32bit,count,1,1,timer_general_purpose_32_bit,#,confirmed,products:zh+products:en
CH32V203RBT6,CH32V203,CH32V20x,usart,,count,4,4,communication_interface_usart_uart,#,confirmed,products:zh+products:en
CH32V203RBT6,CH32V203,CH32V20x,usb-fs,usbd,count,1,1,communication_interface_usb_fs_usbd,#,confirmed,products:zh+products:en
CH32V203RBT6,CH32V203,CH32V20x,usb-fs,usbhd,count,1,1,communication_interface_usb_fs_usbhd,#,confirmed,products:zh+products:en
CH32V203RBT6,CH32V203,CH32V20x,voltage,,text,,3.3V,rated_voltage,#,confirmed,products:zh+products:en
CH32V203RBT6,CH32V203,CH32V20x,watchdog,,text,,2 ( WWDG + IWDG ),timer_watchdog,#,confirmed,products:zh+products:en
CH32V205CCT6,CH32V205,CH32V205,adc-channel,,text,,16+3,adc,#,confirmed,products:zh+products:en
CH32V205CCT6,CH32V205,CH32V205,can,,count,1,1,can,#,confirmed,products:zh+products:en
CH32V205CCT6,CH32V205,CH32V205,clock,,text,,40MHz@Zero-wait; Max: 192MHz@Non-zero wait,cpu_main_frequency,#,confirmed,products:zh+products:en
CH32V205CCT6,CH32V205,CH32V205,cmp,,count,2,2,cmp,#,confirmed,products:zh+products:en
CH32V205CCT6,CH32V205,CH32V205,i2c,,count,2,2,i2c,#,confirmed,products:zh+products:en
CH32V205CCT6,CH32V205,CH32V205,opa,,count,2,2,opa,#,confirmed,products:zh+products:en
CH32V205CCT6,CH32V205,CH32V205,pioc,,count,1,1,pioc,#,confirmed,products:zh+products:en
CH32V205CCT6,CH32V205,CH32V205,qspi,,count,1,1,qspi,#,confirmed,products:zh+products:en
CH32V205CCT6,CH32V205,CH32V205,rtc,,marker,,√,rtc,#,confirmed,products:zh+products:en
CH32V205CCT6,CH32V205,CH32V205,spi,,count,2,2,spi,#,confirmed,products:zh+products:en
CH32V205CCT6,CH32V205,CH32V205,systick,32bit,marker,,√,timer_systick_32_bit,#,confirmed,products:zh+products:en
CH32V205CCT6,CH32V205,CH32V205,timer-advanced,tim1-16bit,count,1,1,timer_advanced_control_tim1_16_bit,#,confirmed,products:zh+products:en
CH32V205CCT6,CH32V205,CH32V205,timer-general,tim2-3-16bit,count,2,2,timer_general_purpose_tim2_3_16_bit,#,confirmed,products:zh+products:en
CH32V205CCT6,CH32V205,CH32V205,timer-general,tim4-32bit,count,1,1,timer_general_purpose_tim4_32_bit,#,confirmed,products:zh+products:en
CH32V205CCT6,CH32V205,CH32V205,tkey-channel,,count,16,16,tkey,#,confirmed,products:zh+products:en
CH32V205CCT6,CH32V205,CH32V205,usart,,count,8,8,usart,#,confirmed,products:zh+products:en
CH32V205CCT6,CH32V205,CH32V205,usb-fs,,count,1,1,pdusb_usbfs,#,confirmed,products:zh+products:en
CH32V205CCT6,CH32V205,CH32V205,usb-hs,,count,1,1,pdusb_usbhs,#,confirmed,products:zh+products:en
CH32V205CCT6,CH32V205,CH32V205,usb-pd,,count,1,1,pdusb_usb_pd_type_c,#,confirmed,products:zh+products:en
CH32V205CCT6,CH32V205,CH32V205,voltage,,text,,3.3V,rated_voltage,#,confirmed,products:zh+products:en
CH32V205CCT6,CH32V205,CH32V205,watchdog,,text,,2(WWDG+IWDG),timer_watchdog,#,confirmed,products:zh+products:en
CH32V205RCT6,CH32V205,CH32V205,adc-channel,,text,,16+3,adc,#,confirmed,products:zh+products:en
CH32V205RCT6,CH32V205,CH32V205,can,,count,1,1,can,#,confirmed,products:zh+products:en
CH32V205RCT6,CH32V205,CH32V205,clock,,text,,40MHz@Zero-wait; Max: 192MHz@Non-zero wait,cpu_main_frequency,#,confirmed,products:zh+products:en
CH32V205RCT6,CH32V205,CH32V205,cmp,,count,2,2,cmp,#,confirmed,products:zh+products:en
CH32V205RCT6,CH32V205,CH32V205,i2c,,count,2,2,i2c,#,confirmed,products:zh+products:en
CH32V205RCT6,CH32V205,CH32V205,opa,,count,2,2,opa,#,confirmed,products:zh+products:en
CH32V205RCT6,CH32V205,CH32V205,pioc,,count,1,1,pioc,#,confirmed,products:zh+products:en
CH32V205RCT6,CH32V205,CH32V205,qspi,,count,1,1,qspi,#,confirmed,products:zh+products:en
CH32V205RCT6,CH32V205,CH32V205,rtc,,marker,,√,rtc,#,confirmed,products:zh+products:en
CH32V205RCT6,CH32V205,CH32V205,spi,,count,2,2,spi,#,confirmed,products:zh+products:en
CH32V205RCT6,CH32V205,CH32V205,systick,32bit,marker,,√,timer_systick_32_bit,#,confirmed,products:zh+products:en
CH32V205RCT6,CH32V205,CH32V205,timer-advanced,tim1-16bit,count,1,1,timer_advanced_control_tim1_16_bit,#,confirmed,products:zh+products:en
CH32V205RCT6,CH32V205,CH32V205,timer-general,tim2-3-16bit,count,2,2,timer_general_purpose_tim2_3_16_bit,#,confirmed,products:zh+products:en
CH32V205RCT6,CH32V205,CH32V205,timer-general,tim4-32bit,count,1,1,timer_general_purpose_tim4_32_bit,#,confirmed,products:zh+products:en
CH32V205RCT6,CH32V205,CH32V205,tkey-channel,,count,16,16,tkey,#,confirmed,products:zh+products:en
CH32V205RCT6,CH32V205,CH32V205,usart,,count,8,8,usart,#,confirmed,products:zh+products:en
CH32V205RCT6,CH32V205,CH32V205,usb-fs,,count,1,1,pdusb_usbfs,#,confirmed,products:zh+products:en
CH32V205RCT6,CH32V205,CH32V205,usb-hs,,count,1,1,pdusb_usbhs,#,confirmed,products:zh+products:en
CH32V205RCT6,CH32V205,CH32V205,usb-pd,,count,1,1,pdusb_usb_pd_type_c,#,confirmed,products:zh+products:en
CH32V205RCT6,CH32V205,CH32V205,voltage,,text,,3.3V,rated_voltage,#,confirmed,products:zh+products:en
CH32V205RCT6,CH32V205,CH32V205,watchdog,,text,,2(WWDG+IWDG),timer_watchdog,#,confirmed,products:zh+products:en
CH32V205VCT6,CH32V205,CH32V205,adc-channel,,text,,16+3,adc,#,confirmed,products:zh+products:en
CH32V205VCT6,CH32V205,CH32V205,can,,count,1,1,can,#,confirmed,products:zh+products:en
CH32V205VCT6,CH32V205,CH32V205,clock,,text,,40MHz@Zero-wait; Max: 192MHz@Non-zero wait,cpu_main_frequency,#,confirmed,products:zh+products:en
CH32V205VCT6,CH32V205,CH32V205,cmp,,count,2,2,cmp,#,confirmed,products:zh+products:en
CH32V205VCT6,CH32V205,CH32V205,fsmc,,count,1,1,fsmc,#,confirmed,products:zh+products:en
CH32V205VCT6,CH32V205,CH32V205,i2c,,count,2,2,i2c,#,confirmed,products:zh+products:en
CH32V205VCT6,CH32V205,CH32V205,opa,,count,2,2,opa,#,confirmed,products:zh+products:en
CH32V205VCT6,CH32V205,CH32V205,pioc,,count,1,1,pioc,#,confirmed,products:zh+products:en
CH32V205VCT6,CH32V205,CH32V205,qspi,,count,1,1,qspi,#,confirmed,products:zh+products:en
CH32V205VCT6,CH32V205,CH32V205,rtc,,marker,,√,rtc,#,confirmed,products:zh+products:en
CH32V205VCT6,CH32V205,CH32V205,spi,,count,2,2,spi,#,confirmed,products:zh+products:en
CH32V205VCT6,CH32V205,CH32V205,systick,32bit,marker,,√,timer_systick_32_bit,#,confirmed,products:zh+products:en
CH32V205VCT6,CH32V205,CH32V205,timer-advanced,tim1-16bit,count,1,1,timer_advanced_control_tim1_16_bit,#,confirmed,products:zh+products:en
CH32V205VCT6,CH32V205,CH32V205,timer-general,tim2-3-16bit,count,2,2,timer_general_purpose_tim2_3_16_bit,#,confirmed,products:zh+products:en
CH32V205VCT6,CH32V205,CH32V205,timer-general,tim4-32bit,count,1,1,timer_general_purpose_tim4_32_bit,#,confirmed,products:zh+products:en
CH32V205VCT6,CH32V205,CH32V205,tkey-channel,,count,16,16,tkey,#,confirmed,products:zh+products:en
CH32V205VCT6,CH32V205,CH32V205,usart,,count,8,8,usart,#,confirmed,products:zh+products:en
CH32V205VCT6,CH32V205,CH32V205,usb-fs,,count,1,1,pdusb_usbfs,#,confirmed,products:zh+products:en
CH32V205VCT6,CH32V205,CH32V205,usb-hs,,count,1,1,pdusb_usbhs,#,confirmed,products:zh+products:en
CH32V205VCT6,CH32V205,CH32V205,usb-pd,,count,1,1,pdusb_usb_pd_type_c,#,confirmed,products:zh+products:en
CH32V205VCT6,CH32V205,CH32V205,voltage,,text,,3.3V,rated_voltage,#,confirmed,products:zh+products:en
CH32V205VCT6,CH32V205,CH32V205,watchdog,,text,,2(WWDG+IWDG),timer_watchdog,#,confirmed,products:zh+products:en
CH32V208CBU6,CH32V208,CH32V20x,adc-channel,with-tkey-per-unit,text,,10@1,adc_tkey_channel_unit_count,#,confirmed,products:zh+products:en
CH32V208CBU6,CH32V208,CH32V20x,ble,,marker,,supported,communication_interfaces_ble_5_3,#,confirmed,products:zh+products:en
CH32V208CBU6,CH32V208,CH32V20x,can,,count,1,1,communication_interfaces_can,#,confirmed,products:zh+products:en
CH32V208CBU6,CH32V208,CH32V20x,clock,,text,,Max: 144MHz,cpu_clock_speed,#,confirmed,products:zh+products:en
CH32V208CBU6,CH32V208,CH32V20x,i2c,,count,2,2,communication_interfaces_i2c,#,confirmed,products:zh+products:en
CH32V208CBU6,CH32V208,CH32V20x,opa,,count,2,2,opa,#,confirmed,products:zh+products:en
CH32V208CBU6,CH32V208,CH32V20x,rtc,,marker,,Supported,rtc,#,confirmed,products:zh+products:en
CH32V208CBU6,CH32V208,CH32V20x,spi,,count,2,2,communication_interfaces_spi,#,confirmed,products:zh+products:en
CH32V208CBU6,CH32V208,CH32V20x,systick,64bit,marker,,Supported,timer_systick_64_bits,#,confirmed,products:zh+products:en
CH32V208CBU6,CH32V208,CH32V20x,timer-advanced,16bit,count,1,1,timer_advanced_control_16_bits,#,confirmed,products:zh+products:en
CH32V208CBU6,CH32V208,CH32V20x,timer-general,16bit,count,3,3,timer_general_purpose_16_bits,#,confirmed,products:zh+products:en
CH32V208CBU6,CH32V208,CH32V20x,timer-general,32bit,count,1,1,timer_general_purpose_32_bits,#,confirmed,products:zh+products:en
CH32V208CBU6,CH32V208,CH32V20x,usart,,count,4,4,communication_interfaces_usart_uart,#,confirmed,products:zh+products:en
CH32V208CBU6,CH32V208,CH32V20x,usb-fs,usbd,count,1,1,communication_interfaces_usb_fs_usbd,#,confirmed,products:zh+products:en
CH32V208CBU6,CH32V208,CH32V20x,usb-fs,usbhd,count,1,1,communication_interfaces_usb_fs_usbhd,#,confirmed,products:zh+products:en
CH32V208CBU6,CH32V208,CH32V20x,voltage,,text,,3.3V,rated_voltage,#,confirmed,products:zh+products:en
CH32V208CBU6,CH32V208,CH32V20x,watchdog,,count,2,2,timer_watchdog,#,confirmed,products:zh+products:en
CH32V208GBU6,CH32V208,CH32V20x,adc-channel,with-tkey-per-unit,text,,8@1,adc_tkey_channel_unit_count,#,confirmed,products:zh+products:en
CH32V208GBU6,CH32V208,CH32V20x,ble,,marker,,supported,communication_interfaces_ble_5_3,#,confirmed,products:zh+products:en
CH32V208GBU6,CH32V208,CH32V20x,can,,count,1,1,communication_interfaces_can,#,confirmed,products:zh+products:en
CH32V208GBU6,CH32V208,CH32V20x,clock,,text,,Max: 144MHz,cpu_clock_speed,#,confirmed,products:zh+products:en
CH32V208GBU6,CH32V208,CH32V20x,ethernet,,text,,10M,communication_interfaces_ethernet,#,confirmed,products:zh+products:en
CH32V208GBU6,CH32V208,CH32V20x,i2c,,count,1,1,communication_interfaces_i2c,#,confirmed,products:zh+products:en
CH32V208GBU6,CH32V208,CH32V20x,opa,,text,,OPA2,opa,#,confirmed,products:zh+products:en
CH32V208GBU6,CH32V208,CH32V20x,rtc,,marker,,Supported,rtc,#,confirmed,products:zh+products:en
CH32V208GBU6,CH32V208,CH32V20x,spi,,count,1,1,communication_interfaces_spi,#,confirmed,products:zh+products:en
CH32V208GBU6,CH32V208,CH32V20x,systick,64bit,marker,,Supported,timer_systick_64_bits,#,confirmed,products:zh+products:en
CH32V208GBU6,CH32V208,CH32V20x,timer-advanced,16bit,count,1,1,timer_advanced_control_16_bits,#,confirmed,products:zh+products:en
CH32V208GBU6,CH32V208,CH32V20x,timer-general,16bit,count,3,3,timer_general_purpose_16_bits,#,confirmed,products:zh+products:en
CH32V208GBU6,CH32V208,CH32V20x,timer-general,32bit,count,1,1,timer_general_purpose_32_bits,#,confirmed,products:zh+products:en
CH32V208GBU6,CH32V208,CH32V20x,usart,,count,2,2,communication_interfaces_usart_uart,#,confirmed,products:zh+products:en
CH32V208GBU6,CH32V208,CH32V20x,usb-fs,usbd,count,1,1,communication_interfaces_usb_fs_usbd,#,confirmed,products:zh+products:en
CH32V208GBU6,CH32V208,CH32V20x,usb-fs,usbhd,count,1,1,communication_interfaces_usb_fs_usbhd,#,confirmed,products:zh+products:en
CH32V208GBU6,CH32V208,CH32V20x,voltage,,text,,3.3V,rated_voltage,#,confirmed,products:zh+products:en
CH32V208GBU6,CH32V208,CH32V20x,watchdog,,count,2,2,timer_watchdog,#,confirmed,products:zh+products:en
CH32V208RBT6,CH32V208,CH32V20x,adc-channel,with-tkey-per-unit,text,,16@1,adc_tkey_channel_unit_count,#,confirmed,products:zh+products:en
CH32V208RBT6,CH32V208,CH32V20x,ble,,marker,,supported,communication_interfaces_ble_5_3,#,confirmed,products:zh+products:en
CH32V208RBT6,CH32V208,CH32V20x,can,,count,1,1,communication_interfaces_can,#,confirmed,products:zh+products:en
CH32V208RBT6,CH32V208,CH32V20x,clock,,text,,Max: 144MHz,cpu_clock_speed,#,confirmed,products:zh+products:en
CH32V208RBT6,CH32V208,CH32V20x,ethernet,,text,,10M,communication_interfaces_ethernet,#,confirmed,products:zh+products:en
CH32V208RBT6,CH32V208,CH32V20x,i2c,,count,2,2,communication_interfaces_i2c,#,confirmed,products:zh+products:en
CH32V208RBT6,CH32V208,CH32V20x,opa,,count,2,2,opa,#,confirmed,products:zh+products:en
CH32V208RBT6,CH32V208,CH32V20x,rtc,,marker,,Supported,rtc,#,confirmed,products:zh+products:en
CH32V208RBT6,CH32V208,CH32V20x,spi,,count,2,2,communication_interfaces_spi,#,confirmed,products:zh+products:en
CH32V208RBT6,CH32V208,CH32V20x,systick,64bit,marker,,Supported,timer_systick_64_bits,#,confirmed,products:zh+products:en
CH32V208RBT6,CH32V208,CH32V20x,timer-advanced,16bit,count,1,1,timer_advanced_control_16_bits,#,confirmed,products:zh+products:en
CH32V208RBT6,CH32V208,CH32V20x,timer-general,16bit,count,3,3,timer_general_purpose_16_bits,#,confirmed,products:zh+products:en
CH32V208RBT6,CH32V208,CH32V20x,timer-general,32bit,count,1,1,timer_general_purpose_32_bits,#,confirmed,products:zh+products:en
CH32V208RBT6,CH32V208,CH32V20x,usart,,count,4,4,communication_interfaces_usart_uart,#,confirmed,products:zh+products:en
CH32V208RBT6,CH32V208,CH32V20x,usb-fs,usbd,count,1,1,communication_interfaces_usb_fs_usbd,#,confirmed,products:zh+products:en
CH32V208RBT6,CH32V208,CH32V20x,usb-fs,usbhd,count,1,1,communication_interfaces_usb_fs_usbhd,#,confirmed,products:zh+products:en
CH32V208RBT6,CH32V208,CH32V20x,voltage,,text,,3.3V,rated_voltage,#,confirmed,products:zh+products:en
CH32V208RBT6,CH32V208,CH32V20x,watchdog,,count,2,2,timer_watchdog,#,confirmed,products:zh+products:en
CH32V208WBU6,CH32V208,CH32V20x,adc-channel,with-tkey-per-unit,text,,16@1,adc_tkey_channel_unit_count,#,confirmed,products:zh+products:en
CH32V208WBU6,CH32V208,CH32V20x,ble,,marker,,supported,communication_interfaces_ble_5_3,#,confirmed,products:zh+products:en
CH32V208WBU6,CH32V208,CH32V20x,can,,count,1,1,communication_interfaces_can,#,confirmed,products:zh+products:en
CH32V208WBU6,CH32V208,CH32V20x,clock,,text,,Max: 144MHz,cpu_clock_speed,#,confirmed,products:zh+products:en
CH32V208WBU6,CH32V208,CH32V20x,ethernet,,text,,10M,communication_interfaces_ethernet,#,confirmed,products:zh+products:en
CH32V208WBU6,CH32V208,CH32V20x,i2c,,count,2,2,communication_interfaces_i2c,#,confirmed,products:zh+products:en
CH32V208WBU6,CH32V208,CH32V20x,opa,,count,2,2,opa,#,confirmed,products:zh+products:en
CH32V208WBU6,CH32V208,CH32V20x,rtc,,marker,,Supported,rtc,#,confirmed,products:zh+products:en
CH32V208WBU6,CH32V208,CH32V20x,spi,,count,2,2,communication_interfaces_spi,#,confirmed,products:zh+products:en
CH32V208WBU6,CH32V208,CH32V20x,systick,64bit,marker,,Supported,timer_systick_64_bits,#,confirmed,products:zh+products:en
CH32V208WBU6,CH32V208,CH32V20x,timer-advanced,16bit,count,1,1,timer_advanced_control_16_bits,#,confirmed,products:zh+products:en
CH32V208WBU6,CH32V208,CH32V20x,timer-general,16bit,count,3,3,timer_general_purpose_16_bits,#,confirmed,products:zh+products:en
CH32V208WBU6,CH32V208,CH32V20x,timer-general,32bit,count,1,1,timer_general_purpose_32_bits,#,confirmed,products:zh+products:en
CH32V208WBU6,CH32V208,CH32V20x,usart,,count,4,4,communication_interfaces_usart_uart,#,confirmed,products:zh+products:en
CH32V208WBU6,CH32V208,CH32V20x,usb-fs,usbd,count,1,1,communication_interfaces_usb_fs_usbd,#,confirmed,products:zh+products:en
CH32V208WBU6,CH32V208,CH32V20x,usb-fs,usbhd,count,1,1,communication_interfaces_usb_fs_usbhd,#,confirmed,products:zh+products:en
CH32V208WBU6,CH32V208,CH32V20x,voltage,,text,,3.3V,rated_voltage,#,confirmed,products:zh+products:en
CH32V208WBU6,CH32V208,CH32V20x,watchdog,,count,2,2,timer_watchdog,#,confirmed,products:zh+products:en
CH32V303CBT6,CH32V303,CH32V307,adc,with-tkey,count,2,2,adc_tkey_unit,#,confirmed,products:zh+products:en
CH32V303CBT6,CH32V303,CH32V307,adc-channel,with-tkey,count,10,10,adc_tkey_channel,#,confirmed,products:zh+products:en
CH32V303CBT6,CH32V303,CH32V307,can,,count,1,1,communication_interfaces_can,#,confirmed,products:zh+products:en
CH32V303CBT6,CH32V303,CH32V307,clock,,text,,Max: 144MHz,cpu_main_frequency,#,confirmed,products:zh+products:en
CH32V303CBT6,CH32V303,CH32V307,dac,,count,2,2,dac_unit,#,confirmed,products:zh+products:en
CH32V303CBT6,CH32V303,CH32V307,flash,,text,,480K,code_flash_bytes,#,confirmed,products:zh+products:en
CH32V303CBT6,CH32V303,CH32V307,i2c,,count,2,2,communication_interfaces_i2c,#,confirmed,products:zh+products:en
CH32V303CBT6,CH32V303,CH32V307,opa-cmp,,count,4,4,opa_cmp,#,confirmed,products:zh+products:en
CH32V303CBT6,CH32V303,CH32V307,rtc,,marker,,Supported,rtc,#,confirmed,products:zh+products:en
CH32V303CBT6,CH32V303,CH32V307,spi,,count,2,2,communication_interfaces_spi,#,confirmed,products:zh+products:en
CH32V303CBT6,CH32V303,CH32V307,systick,64bit,marker,,Supported,timer_systick_64_bit,#,confirmed,products:zh+products:en
CH32V303CBT6,CH32V303,CH32V307,timer-advanced,16bit,count,1,1,timer_advanced_control_16_bit,#,confirmed,products:zh+products:en
CH32V303CBT6,CH32V303,CH32V307,timer-general,16bit,count,3,3,timer_general_purpose_16_bit,#,confirmed,products:zh+products:en
CH32V303CBT6,CH32V303,CH32V307,usart,,count,3,3,communication_interfaces_usart_uart,#,confirmed,products:zh+products:en
CH32V303CBT6,CH32V303,CH32V307,usb-fs,usbhd,count,1,1,communication_interfaces_usb_fs_usbhd,#,confirmed,products:zh+products:en
CH32V303CBT6,CH32V303,CH32V307,watchdog,,text,,2 (WWDG + IWDG),timer_watchdog,#,confirmed,products:zh+products:en
CH32V303RBT6,CH32V303,CH32V307,adc,with-tkey,count,2,2,adc_tkey_unit,#,confirmed,products:zh+products:en
CH32V303RBT6,CH32V303,CH32V307,adc-channel,with-tkey,count,16,16,adc_tkey_channel,#,confirmed,products:zh+products:en
CH32V303RBT6,CH32V303,CH32V307,can,,count,1,1,communication_interfaces_can,#,confirmed,products:zh+products:en
CH32V303RBT6,CH32V303,CH32V307,clock,,text,,Max: 144MHz,cpu_main_frequency,#,confirmed,products:zh+products:en
CH32V303RBT6,CH32V303,CH32V307,dac,,count,2,2,dac_unit,#,confirmed,products:zh+products:en
CH32V303RBT6,CH32V303,CH32V307,flash,,text,,480K,code_flash_bytes,#,confirmed,products:zh+products:en
CH32V303RBT6,CH32V303,CH32V307,i2c,,count,2,2,communication_interfaces_i2c,#,confirmed,products:zh+products:en
CH32V303RBT6,CH32V303,CH32V307,opa-cmp,,count,4,4,opa_cmp,#,confirmed,products:zh+products:en
CH32V303RBT6,CH32V303,CH32V307,rtc,,marker,,Supported,rtc,#,confirmed,products:zh+products:en
CH32V303RBT6,CH32V303,CH32V307,spi,,count,2,2,communication_interfaces_spi,#,confirmed,products:zh+products:en
CH32V303RBT6,CH32V303,CH32V307,systick,64bit,marker,,Supported,timer_systick_64_bit,#,confirmed,products:zh+products:en
CH32V303RBT6,CH32V303,CH32V307,timer-advanced,16bit,count,1,1,timer_advanced_control_16_bit,#,confirmed,products:zh+products:en
CH32V303RBT6,CH32V303,CH32V307,timer-general,16bit,count,3,3,timer_general_purpose_16_bit,#,confirmed,products:zh+products:en
CH32V303RBT6,CH32V303,CH32V307,usart,,count,3,3,communication_interfaces_usart_uart,#,confirmed,products:zh+products:en
CH32V303RBT6,CH32V303,CH32V307,usb-fs,usbhd,count,1,1,communication_interfaces_usb_fs_usbhd,#,confirmed,products:zh+products:en
CH32V303RBT6,CH32V303,CH32V307,watchdog,,text,,2 (WWDG + IWDG),timer_watchdog,#,confirmed,products:zh+products:en
CH32V303RCT6,CH32V303,CH32V307,adc,with-tkey,count,2,2,adc_tkey_unit,#,confirmed,products:zh+products:en
CH32V303RCT6,CH32V303,CH32V307,adc-channel,with-tkey,count,16,16,adc_tkey_channel,#,confirmed,products:zh+products:en
CH32V303RCT6,CH32V303,CH32V307,can,,count,1,1,communication_interfaces_can,#,confirmed,products:zh+products:en
CH32V303RCT6,CH32V303,CH32V307,clock,,text,,Max: 144MHz,cpu_main_frequency,#,confirmed,products:zh+products:en
CH32V303RCT6,CH32V303,CH32V307,dac,,count,2,2,dac_unit,#,confirmed,products:zh+products:en
CH32V303RCT6,CH32V303,CH32V307,flash,,text,,480K,code_flash_bytes,#,confirmed,products:zh+products:en
CH32V303RCT6,CH32V303,CH32V307,i2c,,count,2,2,communication_interfaces_i2c,#,confirmed,products:zh+products:en
CH32V303RCT6,CH32V303,CH32V307,i2s,,count,2,2,communication_interfaces_i2s,#,confirmed,products:zh+products:en
CH32V303RCT6,CH32V303,CH32V307,opa-cmp,,count,4,4,opa_cmp,#,confirmed,products:zh+products:en
CH32V303RCT6,CH32V303,CH32V307,rng,,count,1,1,rng,#,confirmed,products:zh+products:en
CH32V303RCT6,CH32V303,CH32V307,rtc,,marker,,Supported,rtc,#,confirmed,products:zh+products:en
CH32V303RCT6,CH32V303,CH32V307,sdio,,count,1,1,communication_interfaces_sdio,#,confirmed,products:zh+products:en
CH32V303RCT6,CH32V303,CH32V307,spi,,count,3,3,communication_interfaces_spi,#,confirmed,products:zh+products:en
CH32V303RCT6,CH32V303,CH32V307,systick,64bit,marker,,Supported,timer_systick_64_bit,#,confirmed,products:zh+products:en
CH32V303RCT6,CH32V303,CH32V307,timer-advanced,16bit,count,4,4,timer_advanced_control_16_bit,#,confirmed,products:zh+products:en
CH32V303RCT6,CH32V303,CH32V307,timer-basic,16bit,count,2,2,timer_basic_16_bit,#,confirmed,products:zh+products:en
CH32V303RCT6,CH32V303,CH32V307,timer-general,16bit,count,4,4,timer_general_purpose_16_bit,#,confirmed,products:zh+products:en
CH32V303RCT6,CH32V303,CH32V307,usart,,count,8,8,communication_interfaces_usart_uart,#,confirmed,products:zh+products:en
CH32V303RCT6,CH32V303,CH32V307,usb-fs,usbhd,count,1,1,communication_interfaces_usb_fs_usbhd,#,confirmed,products:zh+products:en
CH32V303RCT6,CH32V303,CH32V307,watchdog,,text,,2 (WWDG + IWDG),timer_watchdog,#,confirmed,products:zh+products:en
CH32V303RCT7,CH32V303,CH32V307,adc,with-tkey,count,2,2,adc_tkey_unit,#,confirmed,products:zh+products:en
CH32V303RCT7,CH32V303,CH32V307,adc-channel,with-tkey,count,16,16,adc_tkey_channel,#,confirmed,products:zh+products:en
CH32V303RCT7,CH32V303,CH32V307,can,,count,1,1,communication_interfaces_can,#,confirmed,products:zh+products:en
CH32V303RCT7,CH32V303,CH32V307,clock,,text,,Max: 144MHz,cpu_main_frequency,#,confirmed,products:zh+products:en
CH32V303RCT7,CH32V303,CH32V307,dac,,count,2,2,dac_unit,#,confirmed,products:zh+products:en
CH32V303RCT7,CH32V303,CH32V307,flash,,text,,480K,code_flash_bytes,#,confirmed,products:zh+products:en
CH32V303RCT7,CH32V303,CH32V307,i2c,,count,2,2,communication_interfaces_i2c,#,confirmed,products:zh+products:en
CH32V303RCT7,CH32V303,CH32V307,i2s,,count,2,2,communication_interfaces_i2s,#,confirmed,products:zh+products:en
CH32V303RCT7,CH32V303,CH32V307,opa-cmp,,count,4,4,opa_cmp,#,confirmed,products:zh+products:en
CH32V303RCT7,CH32V303,CH32V307,rng,,count,1,1,rng,#,confirmed,products:zh+products:en
CH32V303RCT7,CH32V303,CH32V307,rtc,,marker,,Supported,rtc,#,confirmed,products:zh+products:en
CH32V303RCT7,CH32V303,CH32V307,sdio,,count,1,1,communication_interfaces_sdio,#,confirmed,products:zh+products:en
CH32V303RCT7,CH32V303,CH32V307,spi,,count,3,3,communication_interfaces_spi,#,confirmed,products:zh+products:en
CH32V303RCT7,CH32V303,CH32V307,systick,64bit,marker,,Supported,timer_systick_64_bit,#,confirmed,products:zh+products:en
CH32V303RCT7,CH32V303,CH32V307,timer-advanced,16bit,count,4,4,timer_advanced_control_16_bit,#,confirmed,products:zh+products:en
CH32V303RCT7,CH32V303,CH32V307,timer-basic,16bit,count,2,2,timer_basic_16_bit,#,confirmed,products:zh+products:en
CH32V303RCT7,CH32V303,CH32V307,timer-general,16bit,count,4,4,timer_general_purpose_16_bit,#,confirmed,products:zh+products:en
CH32V303RCT7,CH32V303,CH32V307,usart,,count,8,8,communication_interfaces_usart_uart,#,confirmed,products:zh+products:en
CH32V303RCT7,CH32V303,CH32V307,usb-fs,usbhd,count,1,1,communication_interfaces_usb_fs_usbhd,#,confirmed,products:zh+products:en
CH32V303RCT7,CH32V303,CH32V307,watchdog,,text,,2 (WWDG + IWDG),timer_watchdog,#,confirmed,products:zh+products:en
CH32V303VCT6,CH32V303,CH32V307,adc,with-tkey,count,2,2,adc_tkey_unit,#,confirmed,products:zh+products:en
CH32V303VCT6,CH32V303,CH32V307,adc-channel,with-tkey,count,16,16,adc_tkey_channel,#,confirmed,products:zh+products:en
CH32V303VCT6,CH32V303,CH32V307,can,,count,1,1,communication_interfaces_can,#,confirmed,products:zh+products:en
CH32V303VCT6,CH32V303,CH32V307,clock,,text,,Max: 144MHz,cpu_main_frequency,#,confirmed,products:zh+products:en
CH32V303VCT6,CH32V303,CH32V307,dac,,count,2,2,dac_unit,#,confirmed,products:zh+products:en
CH32V303VCT6,CH32V303,CH32V307,flash,,text,,480K,code_flash_bytes,#,confirmed,products:zh+products:en
CH32V303VCT6,CH32V303,CH32V307,fsmc,,count,1,1,communication_interfaces_fsmc,#,confirmed,products:zh+products:en
CH32V303VCT6,CH32V303,CH32V307,i2c,,count,2,2,communication_interfaces_i2c,#,confirmed,products:zh+products:en
CH32V303VCT6,CH32V303,CH32V307,i2s,,count,2,2,communication_interfaces_i2s,#,confirmed,products:zh+products:en
CH32V303VCT6,CH32V303,CH32V307,opa-cmp,,count,4,4,opa_cmp,#,confirmed,products:zh+products:en
CH32V303VCT6,CH32V303,CH32V307,rng,,count,1,1,rng,#,confirmed,products:zh+products:en
CH32V303VCT6,CH32V303,CH32V307,rtc,,marker,,Supported,rtc,#,confirmed,products:zh+products:en
CH32V303VCT6,CH32V303,CH32V307,sdio,,count,1,1,communication_interfaces_sdio,#,confirmed,products:zh+products:en
CH32V303VCT6,CH32V303,CH32V307,spi,,count,3,3,communication_interfaces_spi,#,confirmed,products:zh+products:en
CH32V303VCT6,CH32V303,CH32V307,systick,64bit,marker,,Supported,timer_systick_64_bit,#,confirmed,products:zh+products:en
CH32V303VCT6,CH32V303,CH32V307,timer-advanced,16bit,count,4,4,timer_advanced_control_16_bit,#,confirmed,products:zh+products:en
CH32V303VCT6,CH32V303,CH32V307,timer-basic,16bit,count,2,2,timer_basic_16_bit,#,confirmed,products:zh+products:en
CH32V303VCT6,CH32V303,CH32V307,timer-general,16bit,count,4,4,timer_general_purpose_16_bit,#,confirmed,products:zh+products:en
CH32V303VCT6,CH32V303,CH32V307,usart,,count,8,8,communication_interfaces_usart_uart,#,confirmed,products:zh+products:en
CH32V303VCT6,CH32V303,CH32V307,usb-fs,usbhd,count,1,1,communication_interfaces_usb_fs_usbhd,#,confirmed,products:zh+products:en
CH32V303VCT6,CH32V303,CH32V307,watchdog,,text,,2 (WWDG + IWDG),timer_watchdog,#,confirmed,products:zh+products:en
CH32V305CCT6,CH32V305,CH32V307,adc,with-tkey,count,2,2,adc_tkey_unit,#,confirmed,products:zh+products:en
CH32V305CCT6,CH32V305,CH32V307,adc-channel,with-tkey,count,16,16,adc_tkey_channel,#,confirmed,products:zh+products:en
CH32V305CCT6,CH32V305,CH32V307,can,,count,2,2,communication_interfaces_can,#,confirmed,products:zh+products:en
CH32V305CCT6,CH32V305,CH32V307,clock,,text,,Max: 144MHz,cpu_main_frequency,#,confirmed,products:zh+products:en
CH32V305CCT6,CH32V305,CH32V307,dac,,count,2,2,dac_unit,#,confirmed,products:zh+products:en
CH32V305CCT6,CH32V305,CH32V307,flash,,text,,480K,code_flash_bytes,#,confirmed,products:zh+products:en
CH32V305CCT6,CH32V305,CH32V307,i2c,,count,2,2,communication_interfaces_i2c,#,confirmed,products:zh+products:en
CH32V305CCT6,CH32V305,CH32V307,i2s,,count,2,2,communication_interfaces_i2s,#,confirmed,products:zh+products:en
CH32V305CCT6,CH32V305,CH32V307,opa-cmp,,count,4,4,opa_cmp,#,confirmed,products:zh+products:en
CH32V305CCT6,CH32V305,CH32V307,rng,,count,1,1,rng,#,confirmed,products:zh+products:en
CH32V305CCT6,CH32V305,CH32V307,rtc,,marker,,Supported,rtc,#,confirmed,products:zh+products:en
CH32V305CCT6,CH32V305,CH32V307,spi,,count,3,3,communication_interfaces_spi,#,confirmed,products:zh+products:en
CH32V305CCT6,CH32V305,CH32V307,systick,64bit,marker,,Supported,timer_systick_64_bit,#,confirmed,products:zh+products:en
CH32V305CCT6,CH32V305,CH32V307,timer-advanced,16bit,count,4,4,timer_advanced_control_16_bit,#,confirmed,products:zh+products:en
CH32V305CCT6,CH32V305,CH32V307,timer-basic,16bit,count,2,2,timer_basic_16_bit,#,confirmed,products:zh+products:en
CH32V305CCT6,CH32V305,CH32V307,timer-general,16bit,count,4,4,timer_general_purpose_16_bit,#,confirmed,products:zh+products:en
CH32V305CCT6,CH32V305,CH32V307,usart,,count,5,5,communication_interfaces_usart_uart,#,confirmed,products:zh+products:en
CH32V305CCT6,CH32V305,CH32V307,usb-fs,usbhd,count,1,1,communication_interfaces_usb_fs_usbhd,#,confirmed,products:zh+products:en
CH32V305CCT6,CH32V305,CH32V307,usb-hs,include-phy,count,1,1,communication_interfaces_usbhs_include_phy,#,confirmed,products:zh+products:en
CH32V305CCT6,CH32V305,CH32V307,watchdog,,text,,2 (WWDG + IWDG),timer_watchdog,#,confirmed,products:zh+products:en
CH32V305FBP6,CH32V305,CH32V307,adc,with-tkey,count,2,2,adc_tkey_unit,#,confirmed,products:zh+products:en
CH32V305FBP6,CH32V305,CH32V307,adc-channel,with-tkey,count,1,1,adc_tkey_channel,#,confirmed,products:zh+products:en
CH32V305FBP6,CH32V305,CH32V307,can,,text,,CAN2,communication_interfaces_can,#,confirmed,products:zh+products:en
CH32V305FBP6,CH32V305,CH32V307,clock,,text,,Max: 144MHz,cpu_main_frequency,#,confirmed,products:zh+products:en
CH32V305FBP6,CH32V305,CH32V307,dac,,text,,DAC2,dac_unit,#,confirmed,products:zh+products:en
CH32V305FBP6,CH32V305,CH32V307,flash,,text,,224K,code_flash_bytes,#,confirmed,products:zh+products:en
CH32V305FBP6,CH32V305,CH32V307,i2c,,count,2,2,communication_interfaces_i2c,#,confirmed,products:zh+products:en
CH32V305FBP6,CH32V305,CH32V307,i2s,,text,,I2S2,communication_interfaces_i2s,#,confirmed,products:zh+products:en
CH32V305FBP6,CH32V305,CH32V307,rng,,count,1,1,rng,#,confirmed,products:zh+products:en
CH32V305FBP6,CH32V305,CH32V307,rtc,,marker,,Supported,rtc,#,confirmed,products:zh+products:en
CH32V305FBP6,CH32V305,CH32V307,spi,,text,,SPI2,communication_interfaces_spi,#,confirmed,products:zh+products:en
CH32V305FBP6,CH32V305,CH32V307,systick,64bit,marker,,Supported,timer_systick_64_bit,#,confirmed,products:zh+products:en
CH32V305FBP6,CH32V305,CH32V307,timer-advanced,16bit,count,4,4,timer_advanced_control_16_bit,#,confirmed,products:zh+products:en
CH32V305FBP6,CH32V305,CH32V307,timer-basic,16bit,count,2,2,timer_basic_16_bit,#,confirmed,products:zh+products:en
CH32V305FBP6,CH32V305,CH32V307,timer-general,16bit,count,4,4,timer_general_purpose_16_bit,#,confirmed,products:zh+products:en
CH32V305FBP6,CH32V305,CH32V307,usart,,text,,USART1 USART3,communication_interfaces_usart_uart,#,confirmed,products:zh+products:en
CH32V305FBP6,CH32V305,CH32V307,usb-hs,include-phy,count,1,1,communication_interfaces_usbhs_include_phy,#,confirmed,products:zh+products:en
CH32V305FBP6,CH32V305,CH32V307,watchdog,,text,,2 (WWDG + IWDG),timer_watchdog,#,confirmed,products:zh+products:en
CH32V305GBU6,CH32V305,CH32V307,adc,with-tkey,count,2,2,adc_tkey_unit,#,confirmed,products:zh+products:en
CH32V305GBU6,CH32V305,CH32V307,adc-channel,with-tkey,count,6,6,adc_tkey_channel,#,confirmed,products:zh+products:en
CH32V305GBU6,CH32V305,CH32V307,can,,text,,CAN2,communication_interfaces_can,#,confirmed,products:zh+products:en
CH32V305GBU6,CH32V305,CH32V307,clock,,text,,Max: 144MHz,cpu_main_frequency,#,confirmed,products:zh+products:en
CH32V305GBU6,CH32V305,CH32V307,dac,,count,2,2,dac_unit,#,confirmed,products:zh+products:en
CH32V305GBU6,CH32V305,CH32V307,flash,,text,,224K,code_flash_bytes,#,confirmed,products:zh+products:en
CH32V305GBU6,CH32V305,CH32V307,i2c,,count,2,2,communication_interfaces_i2c,#,confirmed,products:zh+products:en
CH32V305GBU6,CH32V305,CH32V307,i2s,,count,2,2,communication_interfaces_i2s,#,confirmed,products:zh+products:en
CH32V305GBU6,CH32V305,CH32V307,opa-cmp,,text,,OPA3,opa_cmp,#,confirmed,products:zh+products:en
CH32V305GBU6,CH32V305,CH32V307,rng,,count,1,1,rng,#,confirmed,products:zh+products:en
CH32V305GBU6,CH32V305,CH32V307,rtc,,marker,,Supported,rtc,#,confirmed,products:zh+products:en
CH32V305GBU6,CH32V305,CH32V307,sdio,,count,1,1,communication_interfaces_sdio,#,confirmed,products:zh+products:en
CH32V305GBU6,CH32V305,CH32V307,spi,,count,3,3,communication_interfaces_spi,#,confirmed,products:zh+products:en
CH32V305GBU6,CH32V305,CH32V307,systick,64bit,marker,,Supported,timer_systick_64_bit,#,confirmed,products:zh+products:en
CH32V305GBU6,CH32V305,CH32V307,timer-advanced,16bit,count,4,4,timer_advanced_control_16_bit,#,confirmed,products:zh+products:en
CH32V305GBU6,CH32V305,CH32V307,timer-basic,16bit,count,2,2,timer_basic_16_bit,#,confirmed,products:zh+products:en
CH32V305GBU6,CH32V305,CH32V307,timer-general,16bit,count,4,4,timer_general_purpose_16_bit,#,confirmed,products:zh+products:en
CH32V305GBU6,CH32V305,CH32V307,usart,,text,,USART1 USART3 UART4 UART5 UART7,communication_interfaces_usart_uart,#,confirmed,products:zh+products:en
CH32V305GBU6,CH32V305,CH32V307,usb-hs,include-phy,count,1,1,communication_interfaces_usbhs_include_phy,#,confirmed,products:zh+products:en
CH32V305GBU6,CH32V305,CH32V307,watchdog,,text,,2 (WWDG + IWDG),timer_watchdog,#,confirmed,products:zh+products:en
CH32V305RBT6,CH32V305,CH32V307,adc,with-tkey,count,2,2,adc_tkey_unit,#,confirmed,products:zh+products:en
CH32V305RBT6,CH32V305,CH32V307,adc-channel,with-tkey,count,16,16,adc_tkey_channel,#,confirmed,products:zh+products:en
CH32V305RBT6,CH32V305,CH32V307,can,,count,2,2,communication_interfaces_can,#,confirmed,products:zh+products:en
CH32V305RBT6,CH32V305,CH32V307,clock,,text,,Max: 144MHz,cpu_main_frequency,#,confirmed,products:zh+products:en
CH32V305RBT6,CH32V305,CH32V307,dac,,count,2,2,dac_unit,#,confirmed,products:zh+products:en
CH32V305RBT6,CH32V305,CH32V307,flash,,text,,480K,code_flash_bytes,#,confirmed,products:zh+products:en
CH32V305RBT6,CH32V305,CH32V307,i2c,,count,2,2,communication_interfaces_i2c,#,confirmed,products:zh+products:en
CH32V305RBT6,CH32V305,CH32V307,i2s,,count,2,2,communication_interfaces_i2s,#,confirmed,products:zh+products:en
CH32V305RBT6,CH32V305,CH32V307,opa-cmp,,count,4,4,opa_cmp,#,confirmed,products:zh+products:en
CH32V305RBT6,CH32V305,CH32V307,rng,,count,1,1,rng,#,confirmed,products:zh+products:en
CH32V305RBT6,CH32V305,CH32V307,rtc,,marker,,Supported,rtc,#,confirmed,products:zh+products:en
CH32V305RBT6,CH32V305,CH32V307,sdio,,count,1,1,communication_interfaces_sdio,#,confirmed,products:zh+products:en
CH32V305RBT6,CH32V305,CH32V307,spi,,count,3,3,communication_interfaces_spi,#,confirmed,products:zh+products:en
CH32V305RBT6,CH32V305,CH32V307,systick,64bit,marker,,Supported,timer_systick_64_bit,#,confirmed,products:zh+products:en
CH32V305RBT6,CH32V305,CH32V307,timer-advanced,16bit,count,4,4,timer_advanced_control_16_bit,#,confirmed,products:zh+products:en
CH32V305RBT6,CH32V305,CH32V307,timer-basic,16bit,count,2,2,timer_basic_16_bit,#,confirmed,products:zh+products:en
CH32V305RBT6,CH32V305,CH32V307,timer-general,16bit,count,4,4,timer_general_purpose_16_bit,#,confirmed,products:zh+products:en
CH32V305RBT6,CH32V305,CH32V307,usart,,count,5,5,communication_interfaces_usart_uart,#,confirmed,products:zh+products:en
CH32V305RBT6,CH32V305,CH32V307,usb-fs,usbhd,count,1,1,communication_interfaces_usb_fs_usbhd,#,confirmed,products:zh+products:en
CH32V305RBT6,CH32V305,CH32V307,usb-hs,include-phy,count,1,1,communication_interfaces_usbhs_include_phy,#,confirmed,products:zh+products:en
CH32V305RBT6,CH32V305,CH32V307,watchdog,,text,,2 (WWDG + IWDG),timer_watchdog,#,confirmed,products:zh+products:en
CH32V307RCT6,CH32V307,CH32V307,adc,with-tkey,count,2,2,adc_tkey_unit,#,confirmed,products:zh+products:en
CH32V307RCT6,CH32V307,CH32V307,adc-channel,with-tkey,count,16,16,adc_tkey_channel,#,confirmed,products:zh+products:en
CH32V307RCT6,CH32V307,CH32V307,can,,count,2,2,communication_interfaces_can,#,confirmed,products:zh+products:en
CH32V307RCT6,CH32V307,CH32V307,clock,,text,,Max: 144MHz,cpu_main_frequency,#,confirmed,products:zh+products:en
CH32V307RCT6,CH32V307,CH32V307,dac,,count,2,2,dac_unit,#,confirmed,products:zh+products:en
CH32V307RCT6,CH32V307,CH32V307,ethernet,,text,,1G MAC+10M PHY,communication_interfaces_ethernet,#,confirmed,products:zh+products:en
CH32V307RCT6,CH32V307,CH32V307,flash,,text,,480K,code_flash_bytes,#,confirmed,products:zh+products:en
CH32V307RCT6,CH32V307,CH32V307,i2c,,count,2,2,communication_interfaces_i2c,#,confirmed,products:zh+products:en
CH32V307RCT6,CH32V307,CH32V307,i2s,,count,2,2,communication_interfaces_i2s,#,confirmed,products:zh+products:en
CH32V307RCT6,CH32V307,CH32V307,opa-cmp,,count,4,4,opa_cmp,#,confirmed,products:zh+products:en
CH32V307RCT6,CH32V307,CH32V307,rng,,count,1,1,rng,#,confirmed,products:zh+products:en
CH32V307RCT6,CH32V307,CH32V307,rtc,,marker,,Supported,rtc,#,confirmed,products:zh+products:en
CH32V307RCT6,CH32V307,CH32V307,sdio,,count,1,1,communication_interfaces_sdio,#,confirmed,products:zh+products:en
CH32V307RCT6,CH32V307,CH32V307,spi,,count,3,3,communication_interfaces_spi,#,confirmed,products:zh+products:en
CH32V307RCT6,CH32V307,CH32V307,systick,64bit,marker,,Supported,timer_systick_64_bit,#,confirmed,products:zh+products:en
CH32V307RCT6,CH32V307,CH32V307,timer-advanced,16bit,count,4,4,timer_advanced_control_16_bit,#,confirmed,products:zh+products:en
CH32V307RCT6,CH32V307,CH32V307,timer-basic,16bit,count,2,2,timer_basic_16_bit,#,confirmed,products:zh+products:en
CH32V307RCT6,CH32V307,CH32V307,timer-general,16bit,count,4,4,timer_general_purpose_16_bit,#,confirmed,products:zh+products:en
CH32V307RCT6,CH32V307,CH32V307,usart,,count,8,8,communication_interfaces_usart_uart,#,confirmed,products:zh+products:en
CH32V307RCT6,CH32V307,CH32V307,usb-fs,usbhd,count,1,1,communication_interfaces_usb_fs_usbhd,#,confirmed,products:zh+products:en
CH32V307RCT6,CH32V307,CH32V307,usb-hs,include-phy,count,1,1,communication_interfaces_usbhs_include_phy,#,confirmed,products:zh+products:en
CH32V307RCT6,CH32V307,CH32V307,watchdog,,text,,2 (WWDG + IWDG),timer_watchdog,#,confirmed,products:zh+products:en
CH32V307VCT6,CH32V307,CH32V307,adc,with-tkey,count,2,2,adc_tkey_unit,#,confirmed,products:zh+products:en
CH32V307VCT6,CH32V307,CH32V307,adc-channel,with-tkey,count,16,16,adc_tkey_channel,#,confirmed,products:zh+products:en
CH32V307VCT6,CH32V307,CH32V307,can,,count,2,2,communication_interfaces_can,#,confirmed,products:zh+products:en
CH32V307VCT6,CH32V307,CH32V307,clock,,text,,Max: 144MHz,cpu_main_frequency,#,confirmed,products:zh+products:en
CH32V307VCT6,CH32V307,CH32V307,dac,,count,2,2,dac_unit,#,confirmed,products:zh+products:en
CH32V307VCT6,CH32V307,CH32V307,dvp,,count,1,1,communication_interfaces_dvp,#,confirmed,products:zh+products:en
CH32V307VCT6,CH32V307,CH32V307,ethernet,,text,,1G MAC+10M PHY,communication_interfaces_ethernet,#,confirmed,products:zh+products:en
CH32V307VCT6,CH32V307,CH32V307,flash,,text,,480K,code_flash_bytes,#,confirmed,products:zh+products:en
CH32V307VCT6,CH32V307,CH32V307,fsmc,,count,1,1,communication_interfaces_fsmc,#,confirmed,products:zh+products:en
CH32V307VCT6,CH32V307,CH32V307,i2c,,count,2,2,communication_interfaces_i2c,#,confirmed,products:zh+products:en
CH32V307VCT6,CH32V307,CH32V307,i2s,,count,2,2,communication_interfaces_i2s,#,confirmed,products:zh+products:en
CH32V307VCT6,CH32V307,CH32V307,opa-cmp,,count,4,4,opa_cmp,#,confirmed,products:zh+products:en
CH32V307VCT6,CH32V307,CH32V307,rng,,count,1,1,rng,#,confirmed,products:zh+products:en
CH32V307VCT6,CH32V307,CH32V307,rtc,,marker,,Supported,rtc,#,confirmed,products:zh+products:en
CH32V307VCT6,CH32V307,CH32V307,sdio,,count,1,1,communication_interfaces_sdio,#,confirmed,products:zh+products:en
CH32V307VCT6,CH32V307,CH32V307,spi,,count,3,3,communication_interfaces_spi,#,confirmed,products:zh+products:en
CH32V307VCT6,CH32V307,CH32V307,systick,64bit,marker,,Supported,timer_systick_64_bit,#,confirmed,products:zh+products:en
CH32V307VCT6,CH32V307,CH32V307,timer-advanced,16bit,count,4,4,timer_advanced_control_16_bit,#,confirmed,products:zh+products:en
CH32V307VCT6,CH32V307,CH32V307,timer-basic,16bit,count,2,2,timer_basic_16_bit,#,confirmed,products:zh+products:en
CH32V307VCT6,CH32V307,CH32V307,timer-general,16bit,count,4,4,timer_general_purpose_16_bit,#,confirmed,products:zh+products:en
CH32V307VCT6,CH32V307,CH32V307,usart,,count,8,8,communication_interfaces_usart_uart,#,confirmed,products:zh+products:en
CH32V307VCT6,CH32V307,CH32V307,usb-fs,usbhd,count,1,1,communication_interfaces_usb_fs_usbhd,#,confirmed,products:zh+products:en
CH32V307VCT6,CH32V307,CH32V307,usb-hs,include-phy,count,1,1,communication_interfaces_usbhs_include_phy,#,confirmed,products:zh+products:en
CH32V307VCT6,CH32V307,CH32V307,watchdog,,text,,2 (WWDG + IWDG),timer_watchdog,#,confirmed,products:zh+products:en
CH32V307WCU6,CH32V307,CH32V307,adc,with-tkey,count,2,2,adc_tkey_unit,#,confirmed,products:zh+products:en
CH32V307WCU6,CH32V307,CH32V307,adc-channel,with-tkey,count,16,16,adc_tkey_channel,#,confirmed,products:zh+products:en
CH32V307WCU6,CH32V307,CH32V307,can,,count,2,2,communication_interfaces_can,#,confirmed,products:zh+products:en
CH32V307WCU6,CH32V307,CH32V307,clock,,text,,Max: 144MHz,cpu_main_frequency,#,confirmed,products:zh+products:en
CH32V307WCU6,CH32V307,CH32V307,dac,,count,2,2,dac_unit,#,confirmed,products:zh+products:en
CH32V307WCU6,CH32V307,CH32V307,ethernet,,text,,1G MAC+10M PHY,communication_interfaces_ethernet,#,confirmed,products:zh+products:en
CH32V307WCU6,CH32V307,CH32V307,flash,,text,,480K,code_flash_bytes,#,confirmed,products:zh+products:en
CH32V307WCU6,CH32V307,CH32V307,i2c,,count,2,2,communication_interfaces_i2c,#,confirmed,products:zh+products:en
CH32V307WCU6,CH32V307,CH32V307,i2s,,count,2,2,communication_interfaces_i2s,#,confirmed,products:zh+products:en
CH32V307WCU6,CH32V307,CH32V307,opa-cmp,,count,4,4,opa_cmp,#,confirmed,products:zh+products:en
CH32V307WCU6,CH32V307,CH32V307,rng,,count,1,1,rng,#,confirmed,products:zh+products:en
CH32V307WCU6,CH32V307,CH32V307,rtc,,marker,,Supported,rtc,#,confirmed,products:zh+products:en
CH32V307WCU6,CH32V307,CH32V307,sdio,,count,1,1,communication_interfaces_sdio,#,confirmed,products:zh+products:en
CH32V307WCU6,CH32V307,CH32V307,spi,,count,3,3,communication_interfaces_spi,#,confirmed,products:zh+products:en
CH32V307WCU6,CH32V307,CH32V307,systick,64bit,marker,,Supported,timer_systick_64_bit,#,confirmed,products:zh+products:en
CH32V307WCU6,CH32V307,CH32V307,timer-advanced,16bit,count,4,4,timer_advanced_control_16_bit,#,confirmed,products:zh+products:en
CH32V307WCU6,CH32V307,CH32V307,timer-basic,16bit,count,2,2,timer_basic_16_bit,#,confirmed,products:zh+products:en
CH32V307WCU6,CH32V307,CH32V307,timer-general,16bit,count,4,4,timer_general_purpose_16_bit,#,confirmed,products:zh+products:en
CH32V307WCU6,CH32V307,CH32V307,usart,,count,8,8,communication_interfaces_usart_uart,#,confirmed,products:zh+products:en
CH32V307WCU6,CH32V307,CH32V307,usb-fs,usbhd,count,1,1,communication_interfaces_usb_fs_usbhd,#,confirmed,products:zh+products:en
CH32V307WCU6,CH32V307,CH32V307,usb-hs,include-phy,count,1,1,communication_interfaces_usbhs_include_phy,#,confirmed,products:zh+products:en
CH32V307WCU6,CH32V307,CH32V307,watchdog,,text,,2 (WWDG + IWDG),timer_watchdog,#,confirmed,products:zh+products:en
CH32V317VCT6,CH32V317,CH32V307,adc,with-tkey,count,2,2,adc_tkey_unit,#,confirmed,products:zh+products:en
CH32V317VCT6,CH32V317,CH32V307,adc-channel,with-tkey,count,16,16,adc_tkey_channel,#,confirmed,products:zh+products:en
CH32V317VCT6,CH32V317,CH32V307,can,,count,2,2,communication_interfaces_can,#,confirmed,products:zh+products:en
CH32V317VCT6,CH32V317,CH32V307,clock,,text,,Max: 144MHz,cpu_main_frequency,#,confirmed,products:zh+products:en
CH32V317VCT6,CH32V317,CH32V307,dac,,count,2,2,dac_unit,#,confirmed,products:zh+products:en
CH32V317VCT6,CH32V317,CH32V307,dvp,,count,1,1,communication_interfaces_dvp,#,confirmed,products:zh+products:en
CH32V317VCT6,CH32V317,CH32V307,ethernet,,text,,MAC+10M/100M PHY,communication_interfaces_ethernet,#,confirmed,products:zh+products:en
CH32V317VCT6,CH32V317,CH32V307,flash,,text,,480K,code_flash_bytes,#,reference,products:zh
CH32V317VCT6,CH32V317,CH32V307,i2c,,count,2,2,communication_interfaces_i2c,#,confirmed,products:zh+products:en
CH32V317VCT6,CH32V317,CH32V307,i2s,,count,2,2,communication_interfaces_i2s,#,confirmed,products:zh+products:en
CH32V317VCT6,CH32V317,CH32V307,opa,,count,4,4,opa,#,confirmed,products:zh+products:en
CH32V317VCT6,CH32V317,CH32V307,rng,,count,1,1,rng,#,confirmed,products:zh+products:en
CH32V317VCT6,CH32V317,CH32V307,rtc,,marker,,Supported,rtc,#,confirmed,products:zh+products:en
CH32V317VCT6,CH32V317,CH32V307,sdio,,count,1,1,communication_interfaces_sdio,#,confirmed,products:zh+products:en
CH32V317VCT6,CH32V317,CH32V307,spi,,count,3,3,communication_interfaces_spi,#,confirmed,products:zh+products:en
CH32V317VCT6,CH32V317,CH32V307,systick,64bit,marker,,Supported,timer_systick_64_bit,#,confirmed,products:zh+products:en
CH32V317VCT6,CH32V317,CH32V307,timer-advanced,16bit,count,4,4,timer_advanced_control_16_bit,#,confirmed,products:zh+products:en
CH32V317VCT6,CH32V317,CH32V307,timer-basic,16bit,count,2,2,timer_basic_16_bit,#,confirmed,products:zh+products:en
CH32V317VCT6,CH32V317,CH32V307,timer-general,16bit,count,4,4,timer_general_purpose_16_bit,#,confirmed,products:zh+products:en
CH32V317VCT6,CH32V317,CH32V307,usart,,count,8,8,communication_interfaces_usart_uart,#,confirmed,products:zh+products:en
CH32V317VCT6,CH32V317,CH32V307,usb-fs,usbhd,count,1,1,communication_interfaces_usb_fs_usbhd,#,confirmed,products:zh+products:en
CH32V317VCT6,CH32V317,CH32V307,usb-hs,include-phy,count,1,1,communication_interfaces_usbhs_include_phy,#,confirmed,products:zh+products:en
CH32V317VCT6,CH32V317,CH32V307,watchdog,,text,,2 (WWDG + IWDG),timer_watchdog,#,confirmed,products:zh+products:en
CH32V317WCU6,CH32V317,CH32V307,adc,with-tkey,count,2,2,adc_tkey_unit,#,confirmed,products:zh+products:en
CH32V317WCU6,CH32V317,CH32V307,adc-channel,with-tkey,count,16,16,adc_tkey_channel,#,confirmed,products:zh+products:en
CH32V317WCU6,CH32V317,CH32V307,can,,count,2,2,communication_interfaces_can,#,confirmed,products:zh+products:en
CH32V317WCU6,CH32V317,CH32V307,clock,,text,,Max: 144MHz,cpu_main_frequency,#,confirmed,products:zh+products:en
CH32V317WCU6,CH32V317,CH32V307,dac,,count,2,2,dac_unit,#,confirmed,products:zh+products:en
CH32V317WCU6,CH32V317,CH32V307,ethernet,,text,,MAC+10M/100M PHY,communication_interfaces_ethernet,#,confirmed,products:zh+products:en
CH32V317WCU6,CH32V317,CH32V307,flash,,text,,480K,code_flash_bytes,#,reference,products:zh
CH32V317WCU6,CH32V317,CH32V307,i2c,,count,2,2,communication_interfaces_i2c,#,confirmed,products:zh+products:en
CH32V317WCU6,CH32V317,CH32V307,i2s,,count,2,2,communication_interfaces_i2s,#,confirmed,products:zh+products:en
CH32V317WCU6,CH32V317,CH32V307,opa,,count,4,4,opa,#,confirmed,products:zh+products:en
CH32V317WCU6,CH32V317,CH32V307,rng,,count,1,1,rng,#,confirmed,products:zh+products:en
CH32V317WCU6,CH32V317,CH32V307,rtc,,marker,,Supported,rtc,#,confirmed,products:zh+products:en
CH32V317WCU6,CH32V317,CH32V307,sdio,,count,1,1,communication_interfaces_sdio,#,confirmed,products:zh+products:en
CH32V317WCU6,CH32V317,CH32V307,spi,,count,3,3,communication_interfaces_spi,#,confirmed,products:zh+products:en
CH32V317WCU6,CH32V317,CH32V307,systick,64bit,marker,,Supported,timer_systick_64_bit,#,confirmed,products:zh+products:en
CH32V317WCU6,CH32V317,CH32V307,timer-advanced,16bit,count,4,4,timer_advanced_control_16_bit,#,confirmed,products:zh+products:en
CH32V317WCU6,CH32V317,CH32V307,timer-basic,16bit,count,2,2,timer_basic_16_bit,#,confirmed,products:zh+products:en
CH32V317WCU6,CH32V317,CH32V307,timer-general,16bit,count,4,4,timer_general_purpose_16_bit,#,confirmed,products:zh+products:en
CH32V317WCU6,CH32V317,CH32V307,usart,,count,8,8,communication_interfaces_usart_uart,#,confirmed,products:zh+products:en
CH32V317WCU6,CH32V317,CH32V307,usb-fs,usbhd,count,1,1,communication_interfaces_usb_fs_usbhd,#,confirmed,products:zh+products:en
CH32V317WCU6,CH32V317,CH32V307,usb-hs,include-phy,count,1,1,communication_interfaces_usbhs_include_phy,#,confirmed,products:zh+products:en
CH32V317WCU6,CH32V317,CH32V307,watchdog,,text,,2 (WWDG + IWDG),timer_watchdog,#,confirmed,products:zh+products:en
CH32V407RET6,CH32V407,CH32V407,adc,,count,2,2,adc_unit,#,confirmed,products:zh+products:en
CH32V407RET6,CH32V407,CH32V407,adc-channel,,text,,16+2,adc_channel,#,confirmed,products:zh+products:en
CH32V407RET6,CH32V407,CH32V407,argb,,count,1,1,argb,#,confirmed,products:zh+products:en
CH32V407RET6,CH32V407,CH32V407,can,,count,1,1,can,#,confirmed,products:zh+products:en
CH32V407RET6,CH32V407,CH32V407,clock,,text,,Max: 200MHz,cpu_main_frequency,#,confirmed,products:zh+products:en
CH32V407RET6,CH32V407,CH32V407,dac,,count,2,2,dac_unit,#,confirmed,products:zh+products:en
CH32V407RET6,CH32V407,CH32V407,dvp,,count,1,1,dvp,#,confirmed,products:zh+products:en
CH32V407RET6,CH32V407,CH32V407,ethernet,,text,,MAC+10M/100M PHY,ethernet,#,confirmed,products:zh+products:en
CH32V407RET6,CH32V407,CH32V407,i2c,,count,1,1,i2c,#,confirmed,products:zh+products:en
CH32V407RET6,CH32V407,CH32V407,i3c,,count,1,1,i3c,#,confirmed,products:zh+products:en
CH32V407RET6,CH32V407,CH32V407,ltdc,,count,1,1,ltdc,#,confirmed,products:zh+products:en
CH32V407RET6,CH32V407,CH32V407,opa,,count,1,1,opa,#,confirmed,products:zh+products:en
CH32V407RET6,CH32V407,CH32V407,rng,,count,1,1,rng,#,confirmed,products:zh+products:en
CH32V407RET6,CH32V407,CH32V407,rtc,,marker,,Support,rtc,#,confirmed,products:zh+products:en
CH32V407RET6,CH32V407,CH32V407,sdio,,count,1,1,sdio,#,confirmed,products:zh+products:en
CH32V407RET6,CH32V407,CH32V407,spi-i2s,,text,,3/2,spi_i2s,#,confirmed,products:zh+products:en
CH32V407RET6,CH32V407,CH32V407,systick,32bit,marker,,Support,timer_systick_32_bit,#,confirmed,products:zh+products:en
CH32V407RET6,CH32V407,CH32V407,timer-advanced,16bit,count,2,2,timer_advanced_control_16_bit,#,confirmed,products:zh+products:en
CH32V407RET6,CH32V407,CH32V407,timer-basic,16bit,count,2,2,timer_basic_16_bit,#,confirmed,products:zh+products:en
CH32V407RET6,CH32V407,CH32V407,timer-general,16bit,count,4,4,timer_general_purpose_16_bit,#,confirmed,products:zh+products:en
CH32V407RET6,CH32V407,CH32V407,usart,,count,10,10,usart,#,confirmed,products:zh+products:en
CH32V407RET6,CH32V407,CH32V407,usb-hs,include-phy,text,,1 (USBHS1),usbhs_include_phy,#,confirmed,products:zh+products:en
CH32V407RET6,CH32V407,CH32V407,watchdog,,text,,2 (WWDG + IWDG),timer_watchdog,#,confirmed,products:zh+products:en
CH32V407VET6,CH32V407,CH32V407,adc,,count,2,2,adc_unit,#,confirmed,products:zh+products:en
CH32V407VET6,CH32V407,CH32V407,adc-channel,,text,,16+2,adc_channel,#,confirmed,products:zh+products:en
CH32V407VET6,CH32V407,CH32V407,argb,,count,1,1,argb,#,confirmed,products:zh+products:en
CH32V407VET6,CH32V407,CH32V407,can,,count,1,1,can,#,confirmed,products:zh+products:en
CH32V407VET6,CH32V407,CH32V407,clock,,text,,Max: 200MHz,cpu_main_frequency,#,confirmed,products:zh+products:en
CH32V407VET6,CH32V407,CH32V407,dac,,count,2,2,dac_unit,#,confirmed,products:zh+products:en
CH32V407VET6,CH32V407,CH32V407,dvp,,count,1,1,dvp,#,confirmed,products:zh+products:en
CH32V407VET6,CH32V407,CH32V407,ethernet,,text,,MAC+10M/100M PHY,ethernet,#,confirmed,products:zh+products:en
CH32V407VET6,CH32V407,CH32V407,fsmc,,count,1,1,fsmc,#,confirmed,products:zh+products:en
CH32V407VET6,CH32V407,CH32V407,i2c,,count,1,1,i2c,#,confirmed,products:zh+products:en
CH32V407VET6,CH32V407,CH32V407,i3c,,count,1,1,i3c,#,confirmed,products:zh+products:en
CH32V407VET6,CH32V407,CH32V407,ltdc,,count,1,1,ltdc,#,confirmed,products:zh+products:en
CH32V407VET6,CH32V407,CH32V407,opa,,count,1,1,opa,#,confirmed,products:zh+products:en
CH32V407VET6,CH32V407,CH32V407,rng,,count,1,1,rng,#,confirmed,products:zh+products:en
CH32V407VET6,CH32V407,CH32V407,rtc,,marker,,Support,rtc,#,confirmed,products:zh+products:en
CH32V407VET6,CH32V407,CH32V407,sdio,,count,1,1,sdio,#,confirmed,products:zh+products:en
CH32V407VET6,CH32V407,CH32V407,spi-i2s,,text,,3/2,spi_i2s,#,confirmed,products:zh+products:en
CH32V407VET6,CH32V407,CH32V407,systick,32bit,marker,,Support,timer_systick_32_bit,#,confirmed,products:zh+products:en
CH32V407VET6,CH32V407,CH32V407,timer-advanced,16bit,count,2,2,timer_advanced_control_16_bit,#,confirmed,products:zh+products:en
CH32V407VET6,CH32V407,CH32V407,timer-basic,16bit,count,2,2,timer_basic_16_bit,#,confirmed,products:zh+products:en
CH32V407VET6,CH32V407,CH32V407,timer-general,16bit,count,4,4,timer_general_purpose_16_bit,#,confirmed,products:zh+products:en
CH32V407VET6,CH32V407,CH32V407,usart,,count,10,10,usart,#,confirmed,products:zh+products:en
CH32V407VET6,CH32V407,CH32V407,usb-hs,include-phy,count,2,2,usbhs_include_phy,#,confirmed,products:zh+products:en
CH32V407VET6,CH32V407,CH32V407,watchdog,,text,,2 (WWDG + IWDG),timer_watchdog,#,confirmed,products:zh+products:en
CH32V407WEU6,CH32V407,CH32V407,adc,,count,2,2,adc_unit,#,confirmed,products:zh+products:en
CH32V407WEU6,CH32V407,CH32V407,adc-channel,,text,,16+2,adc_channel,#,confirmed,products:zh+products:en
CH32V407WEU6,CH32V407,CH32V407,argb,,count,1,1,argb,#,confirmed,products:zh+products:en
CH32V407WEU6,CH32V407,CH32V407,can,,count,1,1,can,#,confirmed,products:zh+products:en
CH32V407WEU6,CH32V407,CH32V407,clock,,text,,Max: 200MHz,cpu_main_frequency,#,confirmed,products:zh+products:en
CH32V407WEU6,CH32V407,CH32V407,dac,,count,2,2,dac_unit,#,confirmed,products:zh+products:en
CH32V407WEU6,CH32V407,CH32V407,dvp,,count,1,1,dvp,#,confirmed,products:zh+products:en
CH32V407WEU6,CH32V407,CH32V407,ethernet,,text,,MAC+10M/100M PHY,ethernet,#,confirmed,products:zh+products:en
CH32V407WEU6,CH32V407,CH32V407,i2c,,count,1,1,i2c,#,confirmed,products:zh+products:en
CH32V407WEU6,CH32V407,CH32V407,i3c,,count,1,1,i3c,#,confirmed,products:zh+products:en
CH32V407WEU6,CH32V407,CH32V407,ltdc,,count,1,1,ltdc,#,confirmed,products:zh+products:en
CH32V407WEU6,CH32V407,CH32V407,opa,,count,1,1,opa,#,confirmed,products:zh+products:en
CH32V407WEU6,CH32V407,CH32V407,rng,,count,1,1,rng,#,confirmed,products:zh+products:en
CH32V407WEU6,CH32V407,CH32V407,rtc,,marker,,Support,rtc,#,confirmed,products:zh+products:en
CH32V407WEU6,CH32V407,CH32V407,sdio,,count,1,1,sdio,#,confirmed,products:zh+products:en
CH32V407WEU6,CH32V407,CH32V407,spi-i2s,,text,,3/2,spi_i2s,#,confirmed,products:zh+products:en
CH32V407WEU6,CH32V407,CH32V407,systick,32bit,marker,,Support,timer_systick_32_bit,#,confirmed,products:zh+products:en
CH32V407WEU6,CH32V407,CH32V407,timer-advanced,16bit,count,2,2,timer_advanced_control_16_bit,#,confirmed,products:zh+products:en
CH32V407WEU6,CH32V407,CH32V407,timer-basic,16bit,count,2,2,timer_basic_16_bit,#,confirmed,products:zh+products:en
CH32V407WEU6,CH32V407,CH32V407,timer-general,16bit,count,4,4,timer_general_purpose_16_bit,#,confirmed,products:zh+products:en
CH32V407WEU6,CH32V407,CH32V407,usart,,count,10,10,usart,#,confirmed,products:zh+products:en
CH32V407WEU6,CH32V407,CH32V407,usb-hs,include-phy,count,2,2,usbhs_include_phy,#,confirmed,products:zh+products:en
CH32V407WEU6,CH32V407,CH32V407,watchdog,,text,,2 (WWDG + IWDG),timer_watchdog,#,confirmed,products:zh+products:en
CH32V467RET6,CH32V467,CH32V407,adc,,count,2,2,adc_unit,#,confirmed,products:zh+products:en
CH32V467RET6,CH32V467,CH32V407,adc-channel,,text,,16+2,adc_channel,#,confirmed,products:zh+products:en
CH32V467RET6,CH32V467,CH32V407,argb,,count,1,1,argb,#,confirmed,products:zh+products:en
CH32V467RET6,CH32V467,CH32V407,can,,count,1,1,can,#,confirmed,products:zh+products:en
CH32V467RET6,CH32V467,CH32V407,clock,,text,,Max: 200MHz,cpu_main_frequency,#,confirmed,products:zh+products:en
CH32V467RET6,CH32V467,CH32V407,dac,,count,2,2,dac_unit,#,confirmed,products:zh+products:en
CH32V467RET6,CH32V467,CH32V407,dvp,,count,1,1,dvp,#,confirmed,products:zh+products:en
CH32V467RET6,CH32V467,CH32V407,ethernet,,text,,MAC+10M/100M PHY,ethernet,#,confirmed,products:zh+products:en
CH32V467RET6,CH32V467,CH32V407,i2c,,count,1,1,i2c,#,confirmed,products:zh+products:en
CH32V467RET6,CH32V467,CH32V407,i3c,,count,1,1,i3c,#,confirmed,products:zh+products:en
CH32V467RET6,CH32V467,CH32V407,ltdc,,count,1,1,ltdc,#,confirmed,products:zh+products:en
CH32V467RET6,CH32V467,CH32V407,opa,,count,1,1,opa,#,confirmed,products:zh+products:en
CH32V467RET6,CH32V467,CH32V407,psram,,text,,4M,extended_psram_bytes,#,confirmed,products:zh+products:en
CH32V467RET6,CH32V467,CH32V407,rng,,count,1,1,rng,#,confirmed,products:zh+products:en
CH32V467RET6,CH32V467,CH32V407,rtc,,marker,,Support,rtc,#,confirmed,products:zh+products:en
CH32V467RET6,CH32V467,CH32V407,sdio,,count,1,1,sdio,#,confirmed,products:zh+products:en
CH32V467RET6,CH32V467,CH32V407,spi-i2s,,text,,3/2,spi_i2s,#,confirmed,products:zh+products:en
CH32V467RET6,CH32V467,CH32V407,systick,32bit,marker,,Support,timer_systick_32_bit,#,confirmed,products:zh+products:en
CH32V467RET6,CH32V467,CH32V407,timer-advanced,16bit,count,2,2,timer_advanced_control_16_bit,#,confirmed,products:zh+products:en
CH32V467RET6,CH32V467,CH32V407,timer-basic,16bit,count,2,2,timer_basic_16_bit,#,confirmed,products:zh+products:en
CH32V467RET6,CH32V467,CH32V407,timer-general,16bit,count,4,4,timer_general_purpose_16_bit,#,confirmed,products:zh+products:en
CH32V467RET6,CH32V467,CH32V407,usart,,count,10,10,usart,#,confirmed,products:zh+products:en
CH32V467RET6,CH32V467,CH32V407,usb-hs,include-phy,text,,1 (USBHS1),usbhs_include_phy,#,confirmed,products:zh+products:en
CH32V467RET6,CH32V467,CH32V407,watchdog,,text,,2 (WWDG + IWDG),timer_watchdog,#,confirmed,products:zh+products:en
CH32V467VET6,CH32V467,CH32V407,adc,,count,2,2,adc_unit,#,confirmed,products:zh+products:en
CH32V467VET6,CH32V467,CH32V407,adc-channel,,text,,16+2,adc_channel,#,confirmed,products:zh+products:en
CH32V467VET6,CH32V467,CH32V407,argb,,count,1,1,argb,#,confirmed,products:zh+products:en
CH32V467VET6,CH32V467,CH32V407,can,,count,1,1,can,#,confirmed,products:zh+products:en
CH32V467VET6,CH32V467,CH32V407,clock,,text,,Max: 200MHz,cpu_main_frequency,#,confirmed,products:zh+products:en
CH32V467VET6,CH32V467,CH32V407,dac,,count,2,2,dac_unit,#,confirmed,products:zh+products:en
CH32V467VET6,CH32V467,CH32V407,dvp,,count,1,1,dvp,#,confirmed,products:zh+products:en
CH32V467VET6,CH32V467,CH32V407,ethernet,,text,,MAC+10M/100M PHY,ethernet,#,confirmed,products:zh+products:en
CH32V467VET6,CH32V467,CH32V407,fsmc,,count,1,1,fsmc,#,confirmed,products:zh+products:en
CH32V467VET6,CH32V467,CH32V407,i2c,,count,1,1,i2c,#,confirmed,products:zh+products:en
CH32V467VET6,CH32V467,CH32V407,i3c,,count,1,1,i3c,#,confirmed,products:zh+products:en
CH32V467VET6,CH32V467,CH32V407,ltdc,,count,1,1,ltdc,#,confirmed,products:zh+products:en
CH32V467VET6,CH32V467,CH32V407,opa,,count,1,1,opa,#,confirmed,products:zh+products:en
CH32V467VET6,CH32V467,CH32V407,psram,,text,,8M,extended_psram_bytes,#,confirmed,products:zh+products:en
CH32V467VET6,CH32V467,CH32V407,rng,,count,1,1,rng,#,confirmed,products:zh+products:en
CH32V467VET6,CH32V467,CH32V407,rtc,,marker,,Support,rtc,#,confirmed,products:zh+products:en
CH32V467VET6,CH32V467,CH32V407,sdio,,count,1,1,sdio,#,confirmed,products:zh+products:en
CH32V467VET6,CH32V467,CH32V407,spi-i2s,,text,,3/2,spi_i2s,#,confirmed,products:zh+products:en
CH32V467VET6,CH32V467,CH32V407,systick,32bit,marker,,Support,timer_systick_32_bit,#,confirmed,products:zh+products:en
CH32V467VET6,CH32V467,CH32V407,timer-advanced,16bit,count,2,2,timer_advanced_control_16_bit,#,confirmed,products:zh+products:en
CH32V467VET6,CH32V467,CH32V407,timer-basic,16bit,count,2,2,timer_basic_16_bit,#,confirmed,products:zh+products:en
CH32V467VET6,CH32V467,CH32V407,timer-general,16bit,count,4,4,timer_general_purpose_16_bit,#,confirmed,products:zh+products:en
CH32V467VET6,CH32V467,CH32V407,usart,,count,10,10,usart,#,confirmed,products:zh+products:en
CH32V467VET6,CH32V467,CH32V407,usb-hs,include-phy,count,2,2,usbhs_include_phy,#,confirmed,products:zh+products:en
CH32V467VET6,CH32V467,CH32V407,watchdog,,text,,2 (WWDG + IWDG),timer_watchdog,#,confirmed,products:zh+products:en
CH32V467WEU6,CH32V467,CH32V407,adc,,count,2,2,adc_unit,#,confirmed,products:zh+products:en
CH32V467WEU6,CH32V467,CH32V407,adc-channel,,text,,16+2,adc_channel,#,confirmed,products:zh+products:en
CH32V467WEU6,CH32V467,CH32V407,argb,,count,1,1,argb,#,confirmed,products:zh+products:en
CH32V467WEU6,CH32V467,CH32V407,can,,count,1,1,can,#,confirmed,products:zh+products:en
CH32V467WEU6,CH32V467,CH32V407,clock,,text,,Max: 200MHz,cpu_main_frequency,#,confirmed,products:zh+products:en
CH32V467WEU6,CH32V467,CH32V407,dac,,count,2,2,dac_unit,#,confirmed,products:zh+products:en
CH32V467WEU6,CH32V467,CH32V407,dvp,,count,1,1,dvp,#,confirmed,products:zh+products:en
CH32V467WEU6,CH32V467,CH32V407,ethernet,,text,,MAC+10M/100M PHY,ethernet,#,confirmed,products:zh+products:en
CH32V467WEU6,CH32V467,CH32V407,i2c,,count,1,1,i2c,#,confirmed,products:zh+products:en
CH32V467WEU6,CH32V467,CH32V407,i3c,,count,1,1,i3c,#,confirmed,products:zh+products:en
CH32V467WEU6,CH32V467,CH32V407,ltdc,,count,1,1,ltdc,#,confirmed,products:zh+products:en
CH32V467WEU6,CH32V467,CH32V407,opa,,count,1,1,opa,#,confirmed,products:zh+products:en
CH32V467WEU6,CH32V467,CH32V407,psram,,text,,8M,extended_psram_bytes,#,confirmed,products:zh+products:en
CH32V467WEU6,CH32V467,CH32V407,rng,,count,1,1,rng,#,confirmed,products:zh+products:en
CH32V467WEU6,CH32V467,CH32V407,rtc,,marker,,Support,rtc,#,confirmed,products:zh+products:en
CH32V467WEU6,CH32V467,CH32V407,sdio,,count,1,1,sdio,#,confirmed,products:zh+products:en
CH32V467WEU6,CH32V467,CH32V407,spi-i2s,,text,,3/2,spi_i2s,#,confirmed,products:zh+products:en
CH32V467WEU6,CH32V467,CH32V407,systick,32bit,marker,,Support,timer_systick_32_bit,#,confirmed,products:zh+products:en
CH32V467WEU6,CH32V467,CH32V407,timer-advanced,16bit,count,2,2,timer_advanced_control_16_bit,#,confirmed,products:zh+products:en
CH32V467WEU6,CH32V467,CH32V407,timer-basic,16bit,count,2,2,timer_basic_16_bit,#,confirmed,products:zh+products:en
CH32V467WEU6,CH32V467,CH32V407,timer-general,16bit,count,4,4,timer_general_purpose_16_bit,#,confirmed,products:zh+products:en
CH32V467WEU6,CH32V467,CH32V407,usart,,count,10,10,usart,#,confirmed,products:zh+products:en
CH32V467WEU6,CH32V467,CH32V407,usb-hs,include-phy,count,2,2,usbhs_include_phy,#,confirmed,products:zh+products:en
CH32V467WEU6,CH32V467,CH32V407,watchdog,,text,,2 (WWDG + IWDG),timer_watchdog,#,confirmed,products:zh+products:en
CH32X033F8P6,CH32X033,CH32X035,adc-channel,,text,,10+1,adc,#,confirmed,products:zh+products:en
CH32X033F8P6,CH32X033,CH32X035,cmp,,count,2,2,cmp,#,confirmed,products:zh+products:en
CH32X033F8P6,CH32X033,CH32X035,opa,,count,2,2,opa,#,confirmed,products:zh+products:en
CH32X033F8P6,CH32X033,CH32X035,pioc,,marker,,√,pioc_1_wire_interface,#,confirmed,products:zh+products:en
CH32X033F8P6,CH32X033,CH32X035,spi,,marker,,√,spi,#,confirmed,products:zh+products:en
CH32X033F8P6,CH32X033,CH32X035,timer-advanced,,count,2,2,advanced_control_timer,#,confirmed,products:zh+products:en
CH32X033F8P6,CH32X033,CH32X035,timer-general,,count,1,1,general_purpose_timer,#,confirmed,products:zh+products:en
CH32X033F8P6,CH32X033,CH32X035,tkey-channel,,count,10,10,capacitive_touchkey,#,confirmed,products:zh+products:en
CH32X033F8P6,CH32X033,CH32X035,usart,,count,4,4,serial_port,#,confirmed,products:zh+products:en
CH32X033F8P6,CH32X033,CH32X035,usb,device,marker,,√,usb_device,#,confirmed,products:zh+products:en
CH32X033F8P6,CH32X033,CH32X035,watchdog,,count,2,2,watchdog,#,confirmed,products:zh+products:en
CH32X035C8T6,CH32X035,CH32X035,adc-channel,,text,,10+1,adc,#,confirmed,products:zh+products:en
CH32X035C8T6,CH32X035,CH32X035,cmp,,count,3,3,cmp,#,confirmed,products:zh+products:en
CH32X035C8T6,CH32X035,CH32X035,opa,,count,2,2,opa,#,confirmed,products:zh+products:en
CH32X035C8T6,CH32X035,CH32X035,pioc,,marker,,√,pioc_1_wire_interface,#,confirmed,products:zh+products:en
CH32X035C8T6,CH32X035,CH32X035,spi,,marker,,√,spi,#,confirmed,products:zh+products:en
CH32X035C8T6,CH32X035,CH32X035,timer-advanced,,count,2,2,advanced_control_timer,#,confirmed,products:zh+products:en
CH32X035C8T6,CH32X035,CH32X035,timer-general,,count,1,1,general_purpose_timer,#,confirmed,products:zh+products:en
CH32X035C8T6,CH32X035,CH32X035,tkey-channel,,count,10,10,capacitive_touchkey,#,confirmed,products:zh+products:en
CH32X035C8T6,CH32X035,CH32X035,usart,,count,4,4,serial_port,#,confirmed,products:zh+products:en
CH32X035C8T6,CH32X035,CH32X035,usb,device,marker,,√,usb_device,#,confirmed,products:zh+products:en
CH32X035C8T6,CH32X035,CH32X035,usb,host,marker,,√,pdusb_usb_host,#,confirmed,products:zh+products:en
CH32X035C8T6,CH32X035,CH32X035,usb-pd,drp,marker,,√,type_c_source_sink_drp,#,confirmed,products:zh+products:en
CH32X035C8T6,CH32X035,CH32X035,watchdog,,count,2,2,watchdog,#,confirmed,products:zh+products:en
CH32X035D8U6,CH32X035,CH32X035,adc-channel,,text,,5+1,adc,#,confirmed,products:zh+products:en
CH32X035D8U6,CH32X035,CH32X035,opa,,count,1,1,opa,#,confirmed,products:zh+products:en
CH32X035D8U6,CH32X035,CH32X035,pioc,,marker,,√,pioc_1_wire_interface,#,confirmed,products:zh+products:en
CH32X035D8U6,CH32X035,CH32X035,spi,,marker,,√,spi,#,confirmed,products:zh+products:en
CH32X035D8U6,CH32X035,CH32X035,timer-advanced,,count,2,2,advanced_control_timer,#,confirmed,products:zh+products:en
CH32X035D8U6,CH32X035,CH32X035,timer-general,,count,1,1,general_purpose_timer,#,confirmed,products:zh+products:en
CH32X035D8U6,CH32X035,CH32X035,tkey-channel,,count,5,5,capacitive_touchkey,#,confirmed,products:zh+products:en
CH32X035D8U6,CH32X035,CH32X035,usart,,count,3,3,serial_port,#,confirmed,products:zh+products:en
CH32X035D8U6,CH32X035,CH32X035,usb,device,marker,,√,usb_device,#,confirmed,products:zh+products:en
CH32X035D8U6,CH32X035,CH32X035,usb-pd,drp,marker,,√,type_c_source_sink_drp,#,confirmed,products:zh+products:en
CH32X035D8U6,CH32X035,CH32X035,watchdog,,count,2,2,watchdog,#,confirmed,products:zh+products:en
CH32X035F7P6,CH32X035,CH32X035,adc-channel,,text,,11+1,adc,#,confirmed,products:zh+products:en
CH32X035F7P6,CH32X035,CH32X035,cmp,,count,1,1,cmp,#,confirmed,products:zh+products:en
CH32X035F7P6,CH32X035,CH32X035,opa,,count,1,1,opa,#,confirmed,products:zh+products:en
CH32X035F7P6,CH32X035,CH32X035,pioc,,marker,,√,pioc_1_wire_interface,#,confirmed,products:zh+products:en
CH32X035F7P6,CH32X035,CH32X035,spi,,marker,,√,spi,#,confirmed,products:zh+products:en
CH32X035F7P6,CH32X035,CH32X035,timer-advanced,,count,2,2,advanced_control_timer,#,confirmed,products:zh+products:en
CH32X035F7P6,CH32X035,CH32X035,timer-general,,count,1,1,general_purpose_timer,#,confirmed,products:zh+products:en
CH32X035F7P6,CH32X035,CH32X035,tkey-channel,,count,11,11,capacitive_touchkey,#,confirmed,products:zh+products:en
CH32X035F7P6,CH32X035,CH32X035,usart,,count,3,3,serial_port,#,confirmed,products:zh+products:en
CH32X035F7P6,CH32X035,CH32X035,usb,device,marker,,√,usb_device,#,confirmed,products:zh+products:en
CH32X035F7P6,CH32X035,CH32X035,usb-pd,drp,marker,,√,type_c_source_sink_drp,#,confirmed,products:zh+products:en
CH32X035F7P6,CH32X035,CH32X035,watchdog,,count,2,2,watchdog,#,confirmed,products:zh+products:en
CH32X035F8U6,CH32X035,CH32X035,adc-channel,,text,,10+1,adc,#,confirmed,products:zh+products:en
CH32X035F8U6,CH32X035,CH32X035,opa,,count,2,2,opa,#,confirmed,products:zh+products:en
CH32X035F8U6,CH32X035,CH32X035,pioc,,marker,,√,pioc_1_wire_interface,#,confirmed,products:zh+products:en
CH32X035F8U6,CH32X035,CH32X035,spi,,marker,,√,spi,#,confirmed,products:zh+products:en
CH32X035F8U6,CH32X035,CH32X035,timer-advanced,,count,2,2,advanced_control_timer,#,confirmed,products:zh+products:en
CH32X035F8U6,CH32X035,CH32X035,timer-general,,count,1,1,general_purpose_timer,#,confirmed,products:zh+products:en
CH32X035F8U6,CH32X035,CH32X035,tkey-channel,,count,10,10,capacitive_touchkey,#,confirmed,products:zh+products:en
CH32X035F8U6,CH32X035,CH32X035,usart,,count,3,3,serial_port,#,confirmed,products:zh+products:en
CH32X035F8U6,CH32X035,CH32X035,usb,device,marker,,√,usb_device,#,confirmed,products:zh+products:en
CH32X035F8U6,CH32X035,CH32X035,usb-pd,drp,marker,,√,type_c_source_sink_drp,#,confirmed,products:zh+products:en
CH32X035F8U6,CH32X035,CH32X035,watchdog,,count,2,2,watchdog,#,confirmed,products:zh+products:en
CH32X035G8R6,CH32X035,CH32X035,adc-channel,,text,,11+1,adc,#,confirmed,products:zh+products:en
CH32X035G8R6,CH32X035,CH32X035,cmp,,count,3,3,cmp,#,confirmed,products:zh+products:en
CH32X035G8R6,CH32X035,CH32X035,opa,,count,2,2,opa,#,confirmed,products:zh+products:en
CH32X035G8R6,CH32X035,CH32X035,pioc,,marker,,√,pioc_1_wire_interface,#,confirmed,products:zh+products:en
CH32X035G8R6,CH32X035,CH32X035,spi,,marker,,√,spi,#,confirmed,products:zh+products:en
CH32X035G8R6,CH32X035,CH32X035,timer-advanced,,count,2,2,advanced_control_timer,#,confirmed,products:zh+products:en
CH32X035G8R6,CH32X035,CH32X035,timer-general,,count,1,1,general_purpose_timer,#,confirmed,products:zh+products:en
CH32X035G8R6,CH32X035,CH32X035,tkey-channel,,count,11,11,capacitive_touchkey,#,confirmed,products:zh+products:en
CH32X035G8R6,CH32X035,CH32X035,usart,,count,4,4,serial_port,#,confirmed,products:zh+products:en
CH32X035G8R6,CH32X035,CH32X035,usb,device,marker,,√,usb_device,#,confirmed,products:zh+products:en
CH32X035G8R6,CH32X035,CH32X035,usb,host,marker,,√,pdusb_usb_host,#,confirmed,products:zh+products:en
CH32X035G8R6,CH32X035,CH32X035,usb-pd,drp,marker,,√,type_c_source_sink_drp,#,confirmed,products:zh+products:en
CH32X035G8R6,CH32X035,CH32X035,watchdog,,count,2,2,watchdog,#,confirmed,products:zh+products:en
CH32X035G8U6,CH32X035,CH32X035,adc-channel,,text,,12+1,adc,#,confirmed,products:zh+products:en
CH32X035G8U6,CH32X035,CH32X035,cmp,,count,1,1,cmp,#,confirmed,products:zh+products:en
CH32X035G8U6,CH32X035,CH32X035,opa,,count,2,2,opa,#,confirmed,products:zh+products:en
CH32X035G8U6,CH32X035,CH32X035,pioc,,marker,,√,pioc_1_wire_interface,#,confirmed,products:zh+products:en
CH32X035G8U6,CH32X035,CH32X035,spi,,marker,,√,spi,#,confirmed,products:zh+products:en
CH32X035G8U6,CH32X035,CH32X035,timer-advanced,,count,2,2,advanced_control_timer,#,confirmed,products:zh+products:en
CH32X035G8U6,CH32X035,CH32X035,timer-general,,count,1,1,general_purpose_timer,#,confirmed,products:zh+products:en
CH32X035G8U6,CH32X035,CH32X035,tkey-channel,,count,12,12,capacitive_touchkey,#,confirmed,products:zh+products:en
CH32X035G8U6,CH32X035,CH32X035,usart,,count,4,4,serial_port,#,confirmed,products:zh+products:en
CH32X035G8U6,CH32X035,CH32X035,usb,device,marker,,√,usb_device,#,confirmed,products:zh+products:en
CH32X035G8U6,CH32X035,CH32X035,usb,host,marker,,√,pdusb_usb_host,#,confirmed,products:zh+products:en
CH32X035G8U6,CH32X035,CH32X035,usb-pd,drp,marker,,√,type_c_source_sink_drp,#,confirmed,products:zh+products:en
CH32X035G8U6,CH32X035,CH32X035,watchdog,,count,2,2,watchdog,#,confirmed,products:zh+products:en
CH32X035R8T6,CH32X035,CH32X035,adc-channel,,text,,14+1,adc,#,confirmed,products:zh+products:en
CH32X035R8T6,CH32X035,CH32X035,cmp,,count,3,3,cmp,#,confirmed,products:zh+products:en
CH32X035R8T6,CH32X035,CH32X035,opa,,count,2,2,opa,#,confirmed,products:zh+products:en
CH32X035R8T6,CH32X035,CH32X035,pioc,,marker,,√,pioc_1_wire_interface,#,confirmed,products:zh+products:en
CH32X035R8T6,CH32X035,CH32X035,spi,,marker,,√,spi,#,confirmed,products:zh+products:en
CH32X035R8T6,CH32X035,CH32X035,timer-advanced,,count,2,2,advanced_control_timer,#,confirmed,products:zh+products:en
CH32X035R8T6,CH32X035,CH32X035,timer-general,,count,1,1,general_purpose_timer,#,confirmed,products:zh+products:en
CH32X035R8T6,CH32X035,CH32X035,tkey-channel,,count,14,14,capacitive_touchkey,#,confirmed,products:zh+products:en
CH32X035R8T6,CH32X035,CH32X035,usart,,count,4,4,serial_port,#,confirmed,products:zh+products:en
CH32X035R8T6,CH32X035,CH32X035,usb,device,marker,,√,usb_device,#,confirmed,products:zh+products:en
CH32X035R8T6,CH32X035,CH32X035,usb,host,marker,,√,pdusb_usb_host,#,confirmed,products:zh+products:en
CH32X035R8T6,CH32X035,CH32X035,usb-pd,drp,marker,,√,type_c_source_sink_drp,#,confirmed,products:zh+products:en
CH32X035R8T6,CH32X035,CH32X035,watchdog,,count,2,2,watchdog,#,confirmed,products:zh+products:en
CH32X305RCT6,CH32X305,CH32X315,adc-channel,adc1,text,,9+1,adc_adc1_channel,#,confirmed,products:zh+products:en
CH32X305RCT6,CH32X305,CH32X315,adc-channel,adc2,count,10,10,adc_adc2_channel,#,confirmed,products:zh+products:en
CH32X305RCT6,CH32X305,CH32X315,adc-channel,adc3,count,10,10,adc_adc3_channel,#,confirmed,products:zh+products:en
CH32X305RCT6,CH32X305,CH32X315,adc-channel,adc4,count,10,10,adc_adc4_channel,#,confirmed,products:zh+products:en
CH32X305RCT6,CH32X305,CH32X315,argb,,count,1,1,argb,#,confirmed,products:zh+products:en
CH32X305RCT6,CH32X305,CH32X315,clock,,text,,Max: 480MHz,cpu_main_frequency,#,confirmed,products:zh+products:en
CH32X305RCT6,CH32X305,CH32X315,flash,,text,,480K(1),code_flash_bytes,#,confirmed,products:zh+products:en
CH32X305RCT6,CH32X305,CH32X315,i2c,,count,2,2,i2c,#,confirmed,products:zh+products:en
CH32X305RCT6,CH32X305,CH32X315,rtc,,marker,,Support,rtc,#,confirmed,products:zh+products:en
CH32X305RCT6,CH32X305,CH32X315,spi,,count,3,3,spi,#,confirmed,products:zh+products:en
CH32X305RCT6,CH32X305,CH32X315,systick,32bit,marker,,Support,timer_systick_32_bit,#,confirmed,products:zh+products:en
CH32X305RCT6,CH32X305,CH32X315,timer-advanced,16bit,count,1,1,timer_advanced_control_16_bit,#,confirmed,products:zh+products:en
CH32X305RCT6,CH32X305,CH32X315,timer-general,16bit,count,2,2,timer_general_purpose_16_bit,#,confirmed,products:zh+products:en
CH32X305RCT6,CH32X305,CH32X315,timer-general,32bit,count,1,1,timer_general_purpose_32_bit,#,confirmed,products:zh+products:en
CH32X305RCT6,CH32X305,CH32X315,usart,,count,4,4,usart,#,confirmed,products:zh+products:en
CH32X305RCT6,CH32X305,CH32X315,usb-hs,,text,,Host/Device,pdusb_usbhs_usb_2_0,#,confirmed,products:zh+products:en
CH32X305RCT6,CH32X305,CH32X315,usb-pd,,count,1,1,pdusb_usbpd,#,confirmed,products:zh+products:en
CH32X305RCT6,CH32X305,CH32X315,watchdog,,text,,WWDG+IWDG,timer_watchdog,#,confirmed,products:zh+products:en
CH32X315CCU6,CH32X315,CH32X315,adc-channel,adc1,text,,8+1,adc_adc1_channel,#,confirmed,products:zh+products:en
CH32X315CCU6,CH32X315,CH32X315,adc-channel,adc2,count,6,6,adc_adc2_channel,#,confirmed,products:zh+products:en
CH32X315CCU6,CH32X315,CH32X315,adc-channel,adc3,count,8,8,adc_adc3_channel,#,confirmed,products:zh+products:en
CH32X315CCU6,CH32X315,CH32X315,adc-channel,adc4,count,6,6,adc_adc4_channel,#,confirmed,products:zh+products:en
CH32X315CCU6,CH32X315,CH32X315,argb,,count,1,1,argb,#,confirmed,products:zh+products:en
CH32X315CCU6,CH32X315,CH32X315,clock,,text,,Max: 480MHz,cpu_main_frequency,#,confirmed,products:zh+products:en
CH32X315CCU6,CH32X315,CH32X315,flash,,text,,480K(1),code_flash_bytes,#,confirmed,products:zh+products:en
CH32X315CCU6,CH32X315,CH32X315,i2c,,count,2,2,i2c,#,confirmed,products:zh+products:en
CH32X315CCU6,CH32X315,CH32X315,rtc,,marker,,Support,rtc,#,confirmed,products:zh+products:en
CH32X315CCU6,CH32X315,CH32X315,spi,,count,3,3,spi,#,confirmed,products:zh+products:en
CH32X315CCU6,CH32X315,CH32X315,systick,32bit,marker,,Support,timer_systick_32_bit,#,confirmed,products:zh+products:en
CH32X315CCU6,CH32X315,CH32X315,timer-advanced,16bit,count,1,1,timer_advanced_control_16_bit,#,confirmed,products:zh+products:en
CH32X315CCU6,CH32X315,CH32X315,timer-general,16bit,count,2,2,timer_general_purpose_16_bit,#,confirmed,products:zh+products:en
CH32X315CCU6,CH32X315,CH32X315,timer-general,32bit,count,1,1,timer_general_purpose_32_bit,#,confirmed,products:zh+products:en
CH32X315CCU6,CH32X315,CH32X315,usart,,count,4,4,usart,#,confirmed,products:zh+products:en
CH32X315CCU6,CH32X315,CH32X315,usb-hs,,text,,Host/Device,pdusb_usbhs_usb_2_0,#,confirmed,products:zh+products:en
CH32X315CCU6,CH32X315,CH32X315,usb-pd,,count,1,1,pdusb_usbpd,#,confirmed,products:zh+products:en
CH32X315CCU6,CH32X315,CH32X315,usb-ss,,text,,Device,pdusb_usbss_usb_3_0,#,confirmed,products:zh+products:en
CH32X315CCU6,CH32X315,CH32X315,watchdog,,text,,WWDG+IWDG,timer_watchdog,#,confirmed,products:zh+products:en
CH32X315MCU6,CH32X315,CH32X315,adc-channel,adc1,text,,12+1,adc_adc1_channel,#,confirmed,products:zh+products:en
CH32X315MCU6,CH32X315,CH32X315,adc-channel,adc2,count,12,12,adc_adc2_channel,#,confirmed,products:zh+products:en
CH32X315MCU6,CH32X315,CH32X315,adc-channel,adc3,count,12,12,adc_adc3_channel,#,confirmed,products:zh+products:en
CH32X315MCU6,CH32X315,CH32X315,adc-channel,adc4,count,12,12,adc_adc4_channel,#,confirmed,products:zh+products:en
CH32X315MCU6,CH32X315,CH32X315,argb,,count,1,1,argb,#,confirmed,products:zh+products:en
CH32X315MCU6,CH32X315,CH32X315,clock,,text,,Max: 480MHz,cpu_main_frequency,#,confirmed,products:zh+products:en
CH32X315MCU6,CH32X315,CH32X315,flash,,text,,480K(1),code_flash_bytes,#,confirmed,products:zh+products:en
CH32X315MCU6,CH32X315,CH32X315,i2c,,count,2,2,i2c,#,confirmed,products:zh+products:en
CH32X315MCU6,CH32X315,CH32X315,rtc,,marker,,Support,rtc,#,confirmed,products:zh+products:en
CH32X315MCU6,CH32X315,CH32X315,spi,,count,3,3,spi,#,confirmed,products:zh+products:en
CH32X315MCU6,CH32X315,CH32X315,systick,32bit,marker,,Support,timer_systick_32_bit,#,confirmed,products:zh+products:en
CH32X315MCU6,CH32X315,CH32X315,timer-advanced,16bit,count,1,1,timer_advanced_control_16_bit,#,confirmed,products:zh+products:en
CH32X315MCU6,CH32X315,CH32X315,timer-general,16bit,count,2,2,timer_general_purpose_16_bit,#,confirmed,products:zh+products:en
CH32X315MCU6,CH32X315,CH32X315,timer-general,32bit,count,1,1,timer_general_purpose_32_bit,#,confirmed,products:zh+products:en
CH32X315MCU6,CH32X315,CH32X315,usart,,count,4,4,usart,#,confirmed,products:zh+products:en
CH32X315MCU6,CH32X315,CH32X315,usb-hs,,text,,Host/Device,pdusb_usbhs_usb_2_0,#,confirmed,products:zh+products:en
CH32X315MCU6,CH32X315,CH32X315,usb-pd,,text,,1 Built-in Rd(2),pdusb_usbpd,#,conflict,products:en+!products:zh(=1 built-in Rd(2))
CH32X315MCU6,CH32X315,CH32X315,usb-ss,,text,,Device,pdusb_usbss_usb_3_0,#,confirmed,products:zh+products:en
CH32X315MCU6,CH32X315,CH32X315,watchdog,,text,,WWDG+IWDG,timer_watchdog,#,confirmed,products:zh+products:en
CH32X315WCU6,CH32X315,CH32X315,adc-channel,adc1,text,,12+1,adc_adc1_channel,#,confirmed,products:zh+products:en
CH32X315WCU6,CH32X315,CH32X315,adc-channel,adc2,count,12,12,adc_adc2_channel,#,confirmed,products:zh+products:en
CH32X315WCU6,CH32X315,CH32X315,adc-channel,adc3,count,12,12,adc_adc3_channel,#,confirmed,products:zh+products:en
CH32X315WCU6,CH32X315,CH32X315,adc-channel,adc4,count,12,12,adc_adc4_channel,#,confirmed,products:zh+products:en
CH32X315WCU6,CH32X315,CH32X315,argb,,count,1,1,argb,#,confirmed,products:zh+products:en
CH32X315WCU6,CH32X315,CH32X315,clock,,text,,Max: 480MHz,cpu_main_frequency,#,confirmed,products:zh+products:en
CH32X315WCU6,CH32X315,CH32X315,flash,,text,,480K(1),code_flash_bytes,#,confirmed,products:zh+products:en
CH32X315WCU6,CH32X315,CH32X315,i2c,,count,2,2,i2c,#,confirmed,products:zh+products:en
CH32X315WCU6,CH32X315,CH32X315,rtc,,marker,,Support,rtc,#,confirmed,products:zh+products:en
CH32X315WCU6,CH32X315,CH32X315,spi,,count,3,3,spi,#,confirmed,products:zh+products:en
CH32X315WCU6,CH32X315,CH32X315,systick,32bit,marker,,Support,timer_systick_32_bit,#,confirmed,products:zh+products:en
CH32X315WCU6,CH32X315,CH32X315,timer-advanced,16bit,count,1,1,timer_advanced_control_16_bit,#,confirmed,products:zh+products:en
CH32X315WCU6,CH32X315,CH32X315,timer-general,16bit,count,2,2,timer_general_purpose_16_bit,#,confirmed,products:zh+products:en
CH32X315WCU6,CH32X315,CH32X315,timer-general,32bit,count,1,1,timer_general_purpose_32_bit,#,confirmed,products:zh+products:en
CH32X315WCU6,CH32X315,CH32X315,usart,,count,4,4,usart,#,confirmed,products:zh+products:en
CH32X315WCU6,CH32X315,CH32X315,usb-hs,,text,,Host/Device,pdusb_usbhs_usb_2_0,#,confirmed,products:zh+products:en
CH32X315WCU6,CH32X315,CH32X315,usb-pd,,count,1,1,pdusb_usbpd,#,confirmed,products:zh+products:en
CH32X315WCU6,CH32X315,CH32X315,usb-ss,,text,,Device,pdusb_usbss_usb_3_0,#,confirmed,products:zh+products:en
CH32X315WCU6,CH32X315,CH32X315,watchdog,,text,,WWDG+IWDG,timer_watchdog,#,confirmed,products:zh+products:en
