family,block,type,register,address,offset,width_bits,count,#,confidence,basis
CH32H417,OB,OB,RDPR,0x1ffff800,0x000,16,1,#,reference,evt(ch32h417.h)
CH32H417,OB,OB,USER,0x1ffff802,0x002,16,1,#,reference,evt(ch32h417.h)
CH32H417,OB,OB,Data0,0x1ffff804,0x004,16,1,#,reference,evt(ch32h417.h)
CH32H417,OB,OB,Data1,0x1ffff806,0x006,16,1,#,reference,evt(ch32h417.h)
CH32H417,OB,OB,WRPR0,0x1ffff808,0x008,16,1,#,reference,evt(ch32h417.h)
CH32H417,OB,OB,WRPR1,0x1ffff80a,0x00a,16,1,#,reference,evt(ch32h417.h)
CH32H417,OB,OB,WRPR2,0x1ffff80c,0x00c,16,1,#,reference,evt(ch32h417.h)
CH32H417,OB,OB,WRPR3,0x1ffff80e,0x00e,16,1,#,reference,evt(ch32h417.h)
CH32H417,TIM2,TIM,CTLR1,0x40000000,0x000,16,1,#,confirmed,evt(ch32h417.h)+rm(CH32H417RM.PDF)+rm-address(CH32H417RM.PDF)
CH32H417,TIM2,TIM,CTLR2,0x40000004,0x004,16,1,#,confirmed,evt(ch32h417.h)+rm(CH32H417RM.PDF)+rm-address(CH32H417RM.PDF)
CH32H417,TIM2,TIM,SMCFGR,0x40000008,0x008,16,1,#,confirmed,evt(ch32h417.h)+rm(CH32H417RM.PDF)+rm-address(CH32H417RM.PDF)
CH32H417,TIM2,TIM,DMAINTENR,0x4000000c,0x00c,16,1,#,confirmed,evt(ch32h417.h)+rm(CH32H417RM.PDF)+rm-address(CH32H417RM.PDF)
CH32H417,TIM2,TIM,INTFR,0x40000010,0x010,16,1,#,confirmed,evt(ch32h417.h)+rm(CH32H417RM.PDF)+rm-address(CH32H417RM.PDF)
CH32H417,TIM2,TIM,SWEVGR,0x40000014,0x014,16,1,#,confirmed,evt(ch32h417.h)+rm(CH32H417RM.PDF)+rm-address(CH32H417RM.PDF)
CH32H417,TIM2,TIM,CHCTLR1,0x40000018,0x018,16,1,#,confirmed,evt(ch32h417.h)+rm(CH32H417RM.PDF)+rm-address(CH32H417RM.PDF)
CH32H417,TIM2,TIM,CHCTLR2,0x4000001c,0x01c,16,1,#,confirmed,evt(ch32h417.h)+rm(CH32H417RM.PDF)+rm-address(CH32H417RM.PDF)
CH32H417,TIM2,TIM,CCER,0x40000020,0x020,16,1,#,confirmed,evt(ch32h417.h)+rm(CH32H417RM.PDF)+rm-address(CH32H417RM.PDF)
CH32H417,TIM2,TIM,CNT,0x40000024,0x024,16,1,#,confirmed,evt(ch32h417.h)+rm(CH32H417RM.PDF)+rm-address(CH32H417RM.PDF)
CH32H417,TIM2,TIM,CNT_32,0x40000024,0x024,32,1,#,reference,evt(ch32h417.h)
CH32H417,TIM2,TIM,PSC,0x40000028,0x028,16,1,#,confirmed,evt(ch32h417.h)+rm(CH32H417RM.PDF)+rm-address(CH32H417RM.PDF)
CH32H417,TIM2,TIM,ATRLR,0x4000002c,0x02c,16,1,#,confirmed,evt(ch32h417.h)+rm(CH32H417RM.PDF)+rm-address(CH32H417RM.PDF)
CH32H417,TIM2,TIM,ATRLR_32,0x4000002c,0x02c,32,1,#,reference,evt(ch32h417.h)
CH32H417,TIM2,TIM,RPTCR,0x40000030,0x030,16,1,#,confirmed,evt(ch32h417.h)+rm(CH32H417RM.PDF)+rm-address(CH32H417RM.PDF)
CH32H417,TIM2,TIM,CH1CVR,0x40000034,0x034,16,1,#,confirmed,evt(ch32h417.h)+rm(CH32H417RM.PDF)+rm-address(CH32H417RM.PDF)
CH32H417,TIM2,TIM,CH1CVR_32,0x40000034,0x034,32,1,#,reference,evt(ch32h417.h)
CH32H417,TIM2,TIM,CH2CVR,0x40000038,0x038,16,1,#,confirmed,evt(ch32h417.h)+rm(CH32H417RM.PDF)+rm-address(CH32H417RM.PDF)
CH32H417,TIM2,TIM,CH2CVR_32,0x40000038,0x038,32,1,#,reference,evt(ch32h417.h)
CH32H417,TIM2,TIM,CH3CVR,0x4000003c,0x03c,16,1,#,confirmed,evt(ch32h417.h)+rm(CH32H417RM.PDF)+rm-address(CH32H417RM.PDF)
CH32H417,TIM2,TIM,CH3CVR_32,0x4000003c,0x03c,32,1,#,reference,evt(ch32h417.h)
CH32H417,TIM2,TIM,CH4CVR,0x40000040,0x040,16,1,#,confirmed,evt(ch32h417.h)+rm(CH32H417RM.PDF)+rm-address(CH32H417RM.PDF)
CH32H417,TIM2,TIM,CH4CVR_32,0x40000040,0x040,32,1,#,reference,evt(ch32h417.h)
CH32H417,TIM2,TIM,BDTR,0x40000044,0x044,16,1,#,confirmed,evt(ch32h417.h)+rm(CH32H417RM.PDF)+rm-address(CH32H417RM.PDF)
CH32H417,TIM2,TIM,DMACFGR,0x40000048,0x048,16,1,#,confirmed,evt(ch32h417.h)+rm(CH32H417RM.PDF)+rm-address(CH32H417RM.PDF)
CH32H417,TIM2,TIM,DMAADR,0x4000004c,0x04c,16,1,#,confirmed,evt(ch32h417.h)+rm(CH32H417RM.PDF)+rm-address(CH32H417RM.PDF)
CH32H417,TIM2,TIM,AUX,0x40000050,0x050,16,1,#,confirmed,evt(ch32h417.h)+rm(CH32H417RM.PDF)+rm-address(CH32H417RM.PDF)
CH32H417,TIM3,TIM,CTLR1,0x40000400,0x000,16,1,#,confirmed,evt(ch32h417.h)+rm(CH32H417RM.PDF)+rm-address(CH32H417RM.PDF)
CH32H417,TIM3,TIM,CTLR2,0x40000404,0x004,16,1,#,confirmed,evt(ch32h417.h)+rm(CH32H417RM.PDF)+rm-address(CH32H417RM.PDF)
CH32H417,TIM3,TIM,SMCFGR,0x40000408,0x008,16,1,#,confirmed,evt(ch32h417.h)+rm(CH32H417RM.PDF)+rm-address(CH32H417RM.PDF)
CH32H417,TIM3,TIM,DMAINTENR,0x4000040c,0x00c,16,1,#,confirmed,evt(ch32h417.h)+rm(CH32H417RM.PDF)+rm-address(CH32H417RM.PDF)
CH32H417,TIM3,TIM,INTFR,0x40000410,0x010,16,1,#,confirmed,evt(ch32h417.h)+rm(CH32H417RM.PDF)+rm-address(CH32H417RM.PDF)
CH32H417,TIM3,TIM,SWEVGR,0x40000414,0x014,16,1,#,confirmed,evt(ch32h417.h)+rm(CH32H417RM.PDF)+rm-address(CH32H417RM.PDF)
CH32H417,TIM3,TIM,CHCTLR1,0x40000418,0x018,16,1,#,confirmed,evt(ch32h417.h)+rm(CH32H417RM.PDF)+rm-address(CH32H417RM.PDF)
CH32H417,TIM3,TIM,CHCTLR2,0x4000041c,0x01c,16,1,#,confirmed,evt(ch32h417.h)+rm(CH32H417RM.PDF)+rm-address(CH32H417RM.PDF)
CH32H417,TIM3,TIM,CCER,0x40000420,0x020,16,1,#,confirmed,evt(ch32h417.h)+rm(CH32H417RM.PDF)+rm-address(CH32H417RM.PDF)
CH32H417,TIM3,TIM,CNT,0x40000424,0x024,16,1,#,confirmed,evt(ch32h417.h)+rm(CH32H417RM.PDF)+rm-address(CH32H417RM.PDF)
CH32H417,TIM3,TIM,CNT_32,0x40000424,0x024,32,1,#,reference,evt(ch32h417.h)
CH32H417,TIM3,TIM,PSC,0x40000428,0x028,16,1,#,confirmed,evt(ch32h417.h)+rm(CH32H417RM.PDF)+rm-address(CH32H417RM.PDF)
CH32H417,TIM3,TIM,ATRLR,0x4000042c,0x02c,16,1,#,confirmed,evt(ch32h417.h)+rm(CH32H417RM.PDF)+rm-address(CH32H417RM.PDF)
CH32H417,TIM3,TIM,ATRLR_32,0x4000042c,0x02c,32,1,#,reference,evt(ch32h417.h)
CH32H417,TIM3,TIM,RPTCR,0x40000430,0x030,16,1,#,confirmed,evt(ch32h417.h)+rm(CH32H417RM.PDF)+rm-address(CH32H417RM.PDF)
CH32H417,TIM3,TIM,CH1CVR,0x40000434,0x034,16,1,#,confirmed,evt(ch32h417.h)+rm(CH32H417RM.PDF)+rm-address(CH32H417RM.PDF)
CH32H417,TIM3,TIM,CH1CVR_32,0x40000434,0x034,32,1,#,reference,evt(ch32h417.h)
CH32H417,TIM3,TIM,CH2CVR,0x40000438,0x038,16,1,#,confirmed,evt(ch32h417.h)+rm(CH32H417RM.PDF)+rm-address(CH32H417RM.PDF)
CH32H417,TIM3,TIM,CH2CVR_32,0x40000438,0x038,32,1,#,reference,evt(ch32h417.h)
CH32H417,TIM3,TIM,CH3CVR,0x4000043c,0x03c,16,1,#,confirmed,evt(ch32h417.h)+rm(CH32H417RM.PDF)+rm-address(CH32H417RM.PDF)
CH32H417,TIM3,TIM,CH3CVR_32,0x4000043c,0x03c,32,1,#,reference,evt(ch32h417.h)
CH32H417,TIM3,TIM,CH4CVR,0x40000440,0x040,16,1,#,confirmed,evt(ch32h417.h)+rm(CH32H417RM.PDF)+rm-address(CH32H417RM.PDF)
CH32H417,TIM3,TIM,CH4CVR_32,0x40000440,0x040,32,1,#,reference,evt(ch32h417.h)
CH32H417,TIM3,TIM,BDTR,0x40000444,0x044,16,1,#,confirmed,evt(ch32h417.h)+rm(CH32H417RM.PDF)+rm-address(CH32H417RM.PDF)
CH32H417,TIM3,TIM,DMACFGR,0x40000448,0x048,16,1,#,confirmed,evt(ch32h417.h)+rm(CH32H417RM.PDF)+rm-address(CH32H417RM.PDF)
CH32H417,TIM3,TIM,DMAADR,0x4000044c,0x04c,16,1,#,confirmed,evt(ch32h417.h)+rm(CH32H417RM.PDF)+rm-address(CH32H417RM.PDF)
CH32H417,TIM3,TIM,AUX,0x40000450,0x050,16,1,#,confirmed,evt(ch32h417.h)+rm(CH32H417RM.PDF)+rm-address(CH32H417RM.PDF)
CH32H417,TIM4,TIM,CTLR1,0x40000800,0x000,16,1,#,confirmed,evt(ch32h417.h)+rm(CH32H417RM.PDF)+rm-address(CH32H417RM.PDF)
CH32H417,TIM4,TIM,CTLR2,0x40000804,0x004,16,1,#,confirmed,evt(ch32h417.h)+rm(CH32H417RM.PDF)+rm-address(CH32H417RM.PDF)
CH32H417,TIM4,TIM,SMCFGR,0x40000808,0x008,16,1,#,confirmed,evt(ch32h417.h)+rm(CH32H417RM.PDF)+rm-address(CH32H417RM.PDF)
CH32H417,TIM4,TIM,DMAINTENR,0x4000080c,0x00c,16,1,#,confirmed,evt(ch32h417.h)+rm(CH32H417RM.PDF)+rm-address(CH32H417RM.PDF)
CH32H417,TIM4,TIM,INTFR,0x40000810,0x010,16,1,#,confirmed,evt(ch32h417.h)+rm(CH32H417RM.PDF)+rm-address(CH32H417RM.PDF)
CH32H417,TIM4,TIM,SWEVGR,0x40000814,0x014,16,1,#,confirmed,evt(ch32h417.h)+rm(CH32H417RM.PDF)+rm-address(CH32H417RM.PDF)
CH32H417,TIM4,TIM,CHCTLR1,0x40000818,0x018,16,1,#,confirmed,evt(ch32h417.h)+rm(CH32H417RM.PDF)+rm-address(CH32H417RM.PDF)
CH32H417,TIM4,TIM,CHCTLR2,0x4000081c,0x01c,16,1,#,confirmed,evt(ch32h417.h)+rm(CH32H417RM.PDF)+rm-address(CH32H417RM.PDF)
CH32H417,TIM4,TIM,CCER,0x40000820,0x020,16,1,#,confirmed,evt(ch32h417.h)+rm(CH32H417RM.PDF)+rm-address(CH32H417RM.PDF)
CH32H417,TIM4,TIM,CNT,0x40000824,0x024,16,1,#,confirmed,evt(ch32h417.h)+rm(CH32H417RM.PDF)+rm-address(CH32H417RM.PDF)
CH32H417,TIM4,TIM,CNT_32,0x40000824,0x024,32,1,#,reference,evt(ch32h417.h)
CH32H417,TIM4,TIM,PSC,0x40000828,0x028,16,1,#,confirmed,evt(ch32h417.h)+rm(CH32H417RM.PDF)+rm-address(CH32H417RM.PDF)
CH32H417,TIM4,TIM,ATRLR,0x4000082c,0x02c,16,1,#,confirmed,evt(ch32h417.h)+rm(CH32H417RM.PDF)+rm-address(CH32H417RM.PDF)
CH32H417,TIM4,TIM,ATRLR_32,0x4000082c,0x02c,32,1,#,reference,evt(ch32h417.h)
CH32H417,TIM4,TIM,RPTCR,0x40000830,0x030,16,1,#,confirmed,evt(ch32h417.h)+rm(CH32H417RM.PDF)+rm-address(CH32H417RM.PDF)
CH32H417,TIM4,TIM,CH1CVR,0x40000834,0x034,16,1,#,confirmed,evt(ch32h417.h)+rm(CH32H417RM.PDF)+rm-address(CH32H417RM.PDF)
CH32H417,TIM4,TIM,CH1CVR_32,0x40000834,0x034,32,1,#,reference,evt(ch32h417.h)
CH32H417,TIM4,TIM,CH2CVR,0x40000838,0x038,16,1,#,confirmed,evt(ch32h417.h)+rm(CH32H417RM.PDF)+rm-address(CH32H417RM.PDF)
CH32H417,TIM4,TIM,CH2CVR_32,0x40000838,0x038,32,1,#,reference,evt(ch32h417.h)
CH32H417,TIM4,TIM,CH3CVR,0x4000083c,0x03c,16,1,#,confirmed,evt(ch32h417.h)+rm(CH32H417RM.PDF)+rm-address(CH32H417RM.PDF)
CH32H417,TIM4,TIM,CH3CVR_32,0x4000083c,0x03c,32,1,#,reference,evt(ch32h417.h)
CH32H417,TIM4,TIM,CH4CVR,0x40000840,0x040,16,1,#,confirmed,evt(ch32h417.h)+rm(CH32H417RM.PDF)+rm-address(CH32H417RM.PDF)
CH32H417,TIM4,TIM,CH4CVR_32,0x40000840,0x040,32,1,#,reference,evt(ch32h417.h)
CH32H417,TIM4,TIM,BDTR,0x40000844,0x044,16,1,#,confirmed,evt(ch32h417.h)+rm(CH32H417RM.PDF)+rm-address(CH32H417RM.PDF)
CH32H417,TIM4,TIM,DMACFGR,0x40000848,0x048,16,1,#,confirmed,evt(ch32h417.h)+rm(CH32H417RM.PDF)+rm-address(CH32H417RM.PDF)
CH32H417,TIM4,TIM,DMAADR,0x4000084c,0x04c,16,1,#,confirmed,evt(ch32h417.h)+rm(CH32H417RM.PDF)+rm-address(CH32H417RM.PDF)
CH32H417,TIM4,TIM,AUX,0x40000850,0x050,16,1,#,confirmed,evt(ch32h417.h)+rm(CH32H417RM.PDF)+rm-address(CH32H417RM.PDF)
CH32H417,TIM5,TIM,CTLR1,0x40000c00,0x000,16,1,#,confirmed,evt(ch32h417.h)+rm(CH32H417RM.PDF)+rm-address(CH32H417RM.PDF)
CH32H417,TIM5,TIM,CTLR2,0x40000c04,0x004,16,1,#,confirmed,evt(ch32h417.h)+rm(CH32H417RM.PDF)+rm-address(CH32H417RM.PDF)
CH32H417,TIM5,TIM,SMCFGR,0x40000c08,0x008,16,1,#,confirmed,evt(ch32h417.h)+rm(CH32H417RM.PDF)+rm-address(CH32H417RM.PDF)
CH32H417,TIM5,TIM,DMAINTENR,0x40000c0c,0x00c,16,1,#,confirmed,evt(ch32h417.h)+rm(CH32H417RM.PDF)+rm-address(CH32H417RM.PDF)
CH32H417,TIM5,TIM,INTFR,0x40000c10,0x010,16,1,#,confirmed,evt(ch32h417.h)+rm(CH32H417RM.PDF)+rm-address(CH32H417RM.PDF)
CH32H417,TIM5,TIM,SWEVGR,0x40000c14,0x014,16,1,#,confirmed,evt(ch32h417.h)+rm(CH32H417RM.PDF)+rm-address(CH32H417RM.PDF)
CH32H417,TIM5,TIM,CHCTLR1,0x40000c18,0x018,16,1,#,confirmed,evt(ch32h417.h)+rm(CH32H417RM.PDF)+rm-address(CH32H417RM.PDF)
CH32H417,TIM5,TIM,CHCTLR2,0x40000c1c,0x01c,16,1,#,confirmed,evt(ch32h417.h)+rm(CH32H417RM.PDF)+rm-address(CH32H417RM.PDF)
CH32H417,TIM5,TIM,CCER,0x40000c20,0x020,16,1,#,confirmed,evt(ch32h417.h)+rm(CH32H417RM.PDF)+rm-address(CH32H417RM.PDF)
CH32H417,TIM5,TIM,CNT,0x40000c24,0x024,16,1,#,confirmed,evt(ch32h417.h)+rm(CH32H417RM.PDF)+rm-address(CH32H417RM.PDF)
CH32H417,TIM5,TIM,CNT_32,0x40000c24,0x024,32,1,#,reference,evt(ch32h417.h)
CH32H417,TIM5,TIM,PSC,0x40000c28,0x028,16,1,#,confirmed,evt(ch32h417.h)+rm(CH32H417RM.PDF)+rm-address(CH32H417RM.PDF)
CH32H417,TIM5,TIM,ATRLR,0x40000c2c,0x02c,16,1,#,confirmed,evt(ch32h417.h)+rm(CH32H417RM.PDF)+rm-address(CH32H417RM.PDF)
CH32H417,TIM5,TIM,ATRLR_32,0x40000c2c,0x02c,32,1,#,reference,evt(ch32h417.h)
CH32H417,TIM5,TIM,RPTCR,0x40000c30,0x030,16,1,#,confirmed,evt(ch32h417.h)+rm(CH32H417RM.PDF)+rm-address(CH32H417RM.PDF)
CH32H417,TIM5,TIM,CH1CVR,0x40000c34,0x034,16,1,#,confirmed,evt(ch32h417.h)+rm(CH32H417RM.PDF)+rm-address(CH32H417RM.PDF)
CH32H417,TIM5,TIM,CH1CVR_32,0x40000c34,0x034,32,1,#,reference,evt(ch32h417.h)
CH32H417,TIM5,TIM,CH2CVR,0x40000c38,0x038,16,1,#,confirmed,evt(ch32h417.h)+rm(CH32H417RM.PDF)+rm-address(CH32H417RM.PDF)
CH32H417,TIM5,TIM,CH2CVR_32,0x40000c38,0x038,32,1,#,reference,evt(ch32h417.h)
CH32H417,TIM5,TIM,CH3CVR,0x40000c3c,0x03c,16,1,#,confirmed,evt(ch32h417.h)+rm(CH32H417RM.PDF)+rm-address(CH32H417RM.PDF)
CH32H417,TIM5,TIM,CH3CVR_32,0x40000c3c,0x03c,32,1,#,reference,evt(ch32h417.h)
CH32H417,TIM5,TIM,CH4CVR,0x40000c40,0x040,16,1,#,confirmed,evt(ch32h417.h)+rm(CH32H417RM.PDF)+rm-address(CH32H417RM.PDF)
CH32H417,TIM5,TIM,CH4CVR_32,0x40000c40,0x040,32,1,#,reference,evt(ch32h417.h)
CH32H417,TIM5,TIM,BDTR,0x40000c44,0x044,16,1,#,confirmed,evt(ch32h417.h)+rm(CH32H417RM.PDF)+rm-address(CH32H417RM.PDF)
CH32H417,TIM5,TIM,DMACFGR,0x40000c48,0x048,16,1,#,confirmed,evt(ch32h417.h)+rm(CH32H417RM.PDF)+rm-address(CH32H417RM.PDF)
CH32H417,TIM5,TIM,DMAADR,0x40000c4c,0x04c,16,1,#,confirmed,evt(ch32h417.h)+rm(CH32H417RM.PDF)+rm-address(CH32H417RM.PDF)
CH32H417,TIM5,TIM,AUX,0x40000c50,0x050,16,1,#,confirmed,evt(ch32h417.h)+rm(CH32H417RM.PDF)+rm-address(CH32H417RM.PDF)
CH32H417,TIM6,TIM,CTLR1,0x40001000,0x000,16,1,#,confirmed,evt(ch32h417.h)+rm(CH32H417RM.PDF)+rm-address(CH32H417RM.PDF)
CH32H417,TIM6,TIM,CTLR2,0x40001004,0x004,16,1,#,confirmed,evt(ch32h417.h)+rm(CH32H417RM.PDF)+rm-address(CH32H417RM.PDF)
CH32H417,TIM6,TIM,SMCFGR,0x40001008,0x008,16,1,#,confirmed,evt(ch32h417.h)+rm(CH32H417RM.PDF)+rm-address(CH32H417RM.PDF)
CH32H417,TIM6,TIM,DMAINTENR,0x4000100c,0x00c,16,1,#,confirmed,evt(ch32h417.h)+rm(CH32H417RM.PDF)+rm-address(CH32H417RM.PDF)
CH32H417,TIM6,TIM,INTFR,0x40001010,0x010,16,1,#,confirmed,evt(ch32h417.h)+rm(CH32H417RM.PDF)+rm-address(CH32H417RM.PDF)
CH32H417,TIM6,TIM,SWEVGR,0x40001014,0x014,16,1,#,confirmed,evt(ch32h417.h)+rm(CH32H417RM.PDF)+rm-address(CH32H417RM.PDF)
CH32H417,TIM6,TIM,CHCTLR1,0x40001018,0x018,16,1,#,confirmed,evt(ch32h417.h)+rm(CH32H417RM.PDF)+rm-address(CH32H417RM.PDF)
CH32H417,TIM6,TIM,CHCTLR2,0x4000101c,0x01c,16,1,#,confirmed,evt(ch32h417.h)+rm(CH32H417RM.PDF)+rm-address(CH32H417RM.PDF)
CH32H417,TIM6,TIM,CCER,0x40001020,0x020,16,1,#,confirmed,evt(ch32h417.h)+rm(CH32H417RM.PDF)+rm-address(CH32H417RM.PDF)
CH32H417,TIM6,TIM,CNT,0x40001024,0x024,16,1,#,confirmed,evt(ch32h417.h)+rm(CH32H417RM.PDF)+rm-address(CH32H417RM.PDF)
CH32H417,TIM6,TIM,CNT_32,0x40001024,0x024,32,1,#,reference,evt(ch32h417.h)
CH32H417,TIM6,TIM,PSC,0x40001028,0x028,16,1,#,confirmed,evt(ch32h417.h)+rm(CH32H417RM.PDF)+rm-address(CH32H417RM.PDF)
CH32H417,TIM6,TIM,ATRLR,0x4000102c,0x02c,16,1,#,confirmed,evt(ch32h417.h)+rm(CH32H417RM.PDF)+rm-address(CH32H417RM.PDF)
CH32H417,TIM6,TIM,ATRLR_32,0x4000102c,0x02c,32,1,#,reference,evt(ch32h417.h)
CH32H417,TIM6,TIM,RPTCR,0x40001030,0x030,16,1,#,confirmed,evt(ch32h417.h)+rm(CH32H417RM.PDF)+rm-address(CH32H417RM.PDF)
CH32H417,TIM6,TIM,CH1CVR,0x40001034,0x034,16,1,#,confirmed,evt(ch32h417.h)+rm(CH32H417RM.PDF)+rm-address(CH32H417RM.PDF)
CH32H417,TIM6,TIM,CH1CVR_32,0x40001034,0x034,32,1,#,reference,evt(ch32h417.h)
CH32H417,TIM6,TIM,CH2CVR,0x40001038,0x038,16,1,#,confirmed,evt(ch32h417.h)+rm(CH32H417RM.PDF)+rm-address(CH32H417RM.PDF)
CH32H417,TIM6,TIM,CH2CVR_32,0x40001038,0x038,32,1,#,reference,evt(ch32h417.h)
CH32H417,TIM6,TIM,CH3CVR,0x4000103c,0x03c,16,1,#,confirmed,evt(ch32h417.h)+rm(CH32H417RM.PDF)+rm-address(CH32H417RM.PDF)
CH32H417,TIM6,TIM,CH3CVR_32,0x4000103c,0x03c,32,1,#,reference,evt(ch32h417.h)
CH32H417,TIM6,TIM,CH4CVR,0x40001040,0x040,16,1,#,confirmed,evt(ch32h417.h)+rm(CH32H417RM.PDF)+rm-address(CH32H417RM.PDF)
CH32H417,TIM6,TIM,CH4CVR_32,0x40001040,0x040,32,1,#,reference,evt(ch32h417.h)
CH32H417,TIM6,TIM,BDTR,0x40001044,0x044,16,1,#,confirmed,evt(ch32h417.h)+rm(CH32H417RM.PDF)+rm-address(CH32H417RM.PDF)
CH32H417,TIM6,TIM,DMACFGR,0x40001048,0x048,16,1,#,confirmed,evt(ch32h417.h)+rm(CH32H417RM.PDF)+rm-address(CH32H417RM.PDF)
CH32H417,TIM6,TIM,DMAADR,0x4000104c,0x04c,16,1,#,confirmed,evt(ch32h417.h)+rm(CH32H417RM.PDF)+rm-address(CH32H417RM.PDF)
CH32H417,TIM6,TIM,AUX,0x40001050,0x050,16,1,#,confirmed,evt(ch32h417.h)+rm(CH32H417RM.PDF)+rm-address(CH32H417RM.PDF)
CH32H417,TIM7,TIM,CTLR1,0x40001400,0x000,16,1,#,confirmed,evt(ch32h417.h)+rm(CH32H417RM.PDF)+rm-address(CH32H417RM.PDF)
CH32H417,TIM7,TIM,CTLR2,0x40001404,0x004,16,1,#,confirmed,evt(ch32h417.h)+rm(CH32H417RM.PDF)+rm-address(CH32H417RM.PDF)
CH32H417,TIM7,TIM,SMCFGR,0x40001408,0x008,16,1,#,confirmed,evt(ch32h417.h)+rm(CH32H417RM.PDF)+rm-address(CH32H417RM.PDF)
CH32H417,TIM7,TIM,DMAINTENR,0x4000140c,0x00c,16,1,#,confirmed,evt(ch32h417.h)+rm(CH32H417RM.PDF)+rm-address(CH32H417RM.PDF)
CH32H417,TIM7,TIM,INTFR,0x40001410,0x010,16,1,#,confirmed,evt(ch32h417.h)+rm(CH32H417RM.PDF)+rm-address(CH32H417RM.PDF)
CH32H417,TIM7,TIM,SWEVGR,0x40001414,0x014,16,1,#,confirmed,evt(ch32h417.h)+rm(CH32H417RM.PDF)+rm-address(CH32H417RM.PDF)
CH32H417,TIM7,TIM,CHCTLR1,0x40001418,0x018,16,1,#,confirmed,evt(ch32h417.h)+rm(CH32H417RM.PDF)+rm-address(CH32H417RM.PDF)
CH32H417,TIM7,TIM,CHCTLR2,0x4000141c,0x01c,16,1,#,confirmed,evt(ch32h417.h)+rm(CH32H417RM.PDF)+rm-address(CH32H417RM.PDF)
CH32H417,TIM7,TIM,CCER,0x40001420,0x020,16,1,#,confirmed,evt(ch32h417.h)+rm(CH32H417RM.PDF)+rm-address(CH32H417RM.PDF)
CH32H417,TIM7,TIM,CNT,0x40001424,0x024,16,1,#,confirmed,evt(ch32h417.h)+rm(CH32H417RM.PDF)+rm-address(CH32H417RM.PDF)
CH32H417,TIM7,TIM,CNT_32,0x40001424,0x024,32,1,#,reference,evt(ch32h417.h)
CH32H417,TIM7,TIM,PSC,0x40001428,0x028,16,1,#,confirmed,evt(ch32h417.h)+rm(CH32H417RM.PDF)+rm-address(CH32H417RM.PDF)
CH32H417,TIM7,TIM,ATRLR,0x4000142c,0x02c,16,1,#,confirmed,evt(ch32h417.h)+rm(CH32H417RM.PDF)+rm-address(CH32H417RM.PDF)
CH32H417,TIM7,TIM,ATRLR_32,0x4000142c,0x02c,32,1,#,reference,evt(ch32h417.h)
CH32H417,TIM7,TIM,RPTCR,0x40001430,0x030,16,1,#,confirmed,evt(ch32h417.h)+rm(CH32H417RM.PDF)+rm-address(CH32H417RM.PDF)
CH32H417,TIM7,TIM,CH1CVR,0x40001434,0x034,16,1,#,confirmed,evt(ch32h417.h)+rm(CH32H417RM.PDF)+rm-address(CH32H417RM.PDF)
CH32H417,TIM7,TIM,CH1CVR_32,0x40001434,0x034,32,1,#,reference,evt(ch32h417.h)
CH32H417,TIM7,TIM,CH2CVR,0x40001438,0x038,16,1,#,confirmed,evt(ch32h417.h)+rm(CH32H417RM.PDF)+rm-address(CH32H417RM.PDF)
CH32H417,TIM7,TIM,CH2CVR_32,0x40001438,0x038,32,1,#,reference,evt(ch32h417.h)
CH32H417,TIM7,TIM,CH3CVR,0x4000143c,0x03c,16,1,#,confirmed,evt(ch32h417.h)+rm(CH32H417RM.PDF)+rm-address(CH32H417RM.PDF)
CH32H417,TIM7,TIM,CH3CVR_32,0x4000143c,0x03c,32,1,#,reference,evt(ch32h417.h)
CH32H417,TIM7,TIM,CH4CVR,0x40001440,0x040,16,1,#,confirmed,evt(ch32h417.h)+rm(CH32H417RM.PDF)+rm-address(CH32H417RM.PDF)
CH32H417,TIM7,TIM,CH4CVR_32,0x40001440,0x040,32,1,#,reference,evt(ch32h417.h)
CH32H417,TIM7,TIM,BDTR,0x40001444,0x044,16,1,#,confirmed,evt(ch32h417.h)+rm(CH32H417RM.PDF)+rm-address(CH32H417RM.PDF)
CH32H417,TIM7,TIM,DMACFGR,0x40001448,0x048,16,1,#,confirmed,evt(ch32h417.h)+rm(CH32H417RM.PDF)+rm-address(CH32H417RM.PDF)
CH32H417,TIM7,TIM,DMAADR,0x4000144c,0x04c,16,1,#,confirmed,evt(ch32h417.h)+rm(CH32H417RM.PDF)+rm-address(CH32H417RM.PDF)
CH32H417,TIM7,TIM,AUX,0x40001450,0x050,16,1,#,confirmed,evt(ch32h417.h)+rm(CH32H417RM.PDF)+rm-address(CH32H417RM.PDF)
CH32H417,USART6,USART,STATR,0x40001800,0x000,16,1,#,confirmed,evt(ch32h417.h)+rm(CH32H417RM.PDF)+rm-address(CH32H417RM.PDF)
CH32H417,USART6,USART,DATAR,0x40001804,0x004,16,1,#,confirmed,evt(ch32h417.h)+rm(CH32H417RM.PDF)+rm-address(CH32H417RM.PDF)
CH32H417,USART6,USART,BRR,0x40001808,0x008,16,1,#,confirmed,evt(ch32h417.h)+rm(CH32H417RM.PDF)+rm-address(CH32H417RM.PDF)
CH32H417,USART6,USART,CTLR1,0x4000180c,0x00c,16,1,#,confirmed,evt(ch32h417.h)+rm(CH32H417RM.PDF)+rm-address(CH32H417RM.PDF)
CH32H417,USART6,USART,CTLR2,0x40001810,0x010,16,1,#,confirmed,evt(ch32h417.h)+rm(CH32H417RM.PDF)+rm-address(CH32H417RM.PDF)
CH32H417,USART6,USART,CTLR3,0x40001814,0x014,16,1,#,confirmed,evt(ch32h417.h)+rm(CH32H417RM.PDF)+rm-address(CH32H417RM.PDF)
CH32H417,USART6,USART,GPR,0x40001818,0x018,16,1,#,confirmed,evt(ch32h417.h)+rm(CH32H417RM.PDF)+rm-address(CH32H417RM.PDF)
CH32H417,USART6,USART,CTLR4,0x4000181c,0x01c,16,1,#,confirmed,evt(ch32h417.h)+rm(CH32H417RM.PDF)+rm-address(CH32H417RM.PDF)
CH32H417,USART7,USART,STATR,0x40001c00,0x000,16,1,#,confirmed,evt(ch32h417.h)+rm(CH32H417RM.PDF)+rm-address(CH32H417RM.PDF)
CH32H417,USART7,USART,DATAR,0x40001c04,0x004,16,1,#,confirmed,evt(ch32h417.h)+rm(CH32H417RM.PDF)+rm-address(CH32H417RM.PDF)
CH32H417,USART7,USART,BRR,0x40001c08,0x008,16,1,#,confirmed,evt(ch32h417.h)+rm(CH32H417RM.PDF)+rm-address(CH32H417RM.PDF)
CH32H417,USART7,USART,CTLR1,0x40001c0c,0x00c,16,1,#,confirmed,evt(ch32h417.h)+rm(CH32H417RM.PDF)+rm-address(CH32H417RM.PDF)
CH32H417,USART7,USART,CTLR2,0x40001c10,0x010,16,1,#,confirmed,evt(ch32h417.h)+rm(CH32H417RM.PDF)+rm-address(CH32H417RM.PDF)
CH32H417,USART7,USART,CTLR3,0x40001c14,0x014,16,1,#,confirmed,evt(ch32h417.h)+rm(CH32H417RM.PDF)+rm-address(CH32H417RM.PDF)
CH32H417,USART7,USART,GPR,0x40001c18,0x018,16,1,#,confirmed,evt(ch32h417.h)+rm(CH32H417RM.PDF)+rm-address(CH32H417RM.PDF)
CH32H417,USART7,USART,CTLR4,0x40001c1c,0x01c,16,1,#,confirmed,evt(ch32h417.h)+rm(CH32H417RM.PDF)+rm-address(CH32H417RM.PDF)
CH32H417,USART8,USART,STATR,0x40002000,0x000,16,1,#,confirmed,evt(ch32h417.h)+rm(CH32H417RM.PDF)+rm-address(CH32H417RM.PDF)
CH32H417,USART8,USART,DATAR,0x40002004,0x004,16,1,#,confirmed,evt(ch32h417.h)+rm(CH32H417RM.PDF)+rm-address(CH32H417RM.PDF)
CH32H417,USART8,USART,BRR,0x40002008,0x008,16,1,#,confirmed,evt(ch32h417.h)+rm(CH32H417RM.PDF)+rm-address(CH32H417RM.PDF)
CH32H417,USART8,USART,CTLR1,0x4000200c,0x00c,16,1,#,confirmed,evt(ch32h417.h)+rm(CH32H417RM.PDF)+rm-address(CH32H417RM.PDF)
CH32H417,USART8,USART,CTLR2,0x40002010,0x010,16,1,#,confirmed,evt(ch32h417.h)+rm(CH32H417RM.PDF)+rm-address(CH32H417RM.PDF)
CH32H417,USART8,USART,CTLR3,0x40002014,0x014,16,1,#,confirmed,evt(ch32h417.h)+rm(CH32H417RM.PDF)+rm-address(CH32H417RM.PDF)
CH32H417,USART8,USART,GPR,0x40002018,0x018,16,1,#,confirmed,evt(ch32h417.h)+rm(CH32H417RM.PDF)+rm-address(CH32H417RM.PDF)
CH32H417,USART8,USART,CTLR4,0x4000201c,0x01c,16,1,#,confirmed,evt(ch32h417.h)+rm(CH32H417RM.PDF)+rm-address(CH32H417RM.PDF)
CH32H417,LPTIM1,LPTIM,ISR,0x40002400,0x000,32,1,#,confirmed,evt(ch32h417.h)+rm(CH32H417RM.PDF)+rm-address(CH32H417RM.PDF)
CH32H417,LPTIM1,LPTIM,ICR,0x40002404,0x004,32,1,#,confirmed,evt(ch32h417.h)+rm(CH32H417RM.PDF)+rm-address(CH32H417RM.PDF)
CH32H417,LPTIM1,LPTIM,IER,0x40002408,0x008,32,1,#,confirmed,evt(ch32h417.h)+rm(CH32H417RM.PDF)+rm-address(CH32H417RM.PDF)
CH32H417,LPTIM1,LPTIM,CFGR,0x4000240c,0x00c,32,1,#,confirmed,evt(ch32h417.h)+rm(CH32H417RM.PDF)+rm-address(CH32H417RM.PDF)
CH32H417,LPTIM1,LPTIM,CR,0x40002410,0x010,32,1,#,confirmed,evt(ch32h417.h)+rm(CH32H417RM.PDF)+rm-address(CH32H417RM.PDF)
CH32H417,LPTIM1,LPTIM,CMP,0x40002414,0x014,16,1,#,confirmed,evt(ch32h417.h)+rm(CH32H417RM.PDF)
CH32H417,LPTIM1,LPTIM,ARR,0x40002418,0x018,16,1,#,confirmed,evt(ch32h417.h)+rm(CH32H417RM.PDF)+rm-address(CH32H417RM.PDF)
CH32H417,LPTIM1,LPTIM,CNT,0x4000241c,0x01c,16,1,#,confirmed,evt(ch32h417.h)+rm(CH32H417RM.PDF)+rm-address(CH32H417RM.PDF)
CH32H417,RTC,RTC,CTLRH,0x40002800,0x000,16,1,#,confirmed,evt(ch32h417.h)+rm(CH32H417RM.PDF)+rm-address(CH32H417RM.PDF)
CH32H417,RTC,RTC,CTLRL,0x40002804,0x004,16,1,#,confirmed,evt(ch32h417.h)+rm(CH32H417RM.PDF)+rm-address(CH32H417RM.PDF)
CH32H417,RTC,RTC,PSCRH,0x40002808,0x008,16,1,#,confirmed,evt(ch32h417.h)+rm(CH32H417RM.PDF)+rm-address(CH32H417RM.PDF)
CH32H417,RTC,RTC,PSCRL,0x4000280c,0x00c,16,1,#,confirmed,evt(ch32h417.h)+rm(CH32H417RM.PDF)+rm-address(CH32H417RM.PDF)
CH32H417,RTC,RTC,DIVH,0x40002810,0x010,16,1,#,confirmed,evt(ch32h417.h)+rm(CH32H417RM.PDF)+rm-address(CH32H417RM.PDF)
CH32H417,RTC,RTC,DIVL,0x40002814,0x014,16,1,#,confirmed,evt(ch32h417.h)+rm(CH32H417RM.PDF)+rm-address(CH32H417RM.PDF)
CH32H417,RTC,RTC,CNTH,0x40002818,0x018,16,1,#,confirmed,evt(ch32h417.h)+rm(CH32H417RM.PDF)+rm-address(CH32H417RM.PDF)
CH32H417,RTC,RTC,CNTL,0x4000281c,0x01c,16,1,#,confirmed,evt(ch32h417.h)+rm(CH32H417RM.PDF)+rm-address(CH32H417RM.PDF)
CH32H417,RTC,RTC,ALRMH,0x40002820,0x020,16,1,#,confirmed,evt(ch32h417.h)+rm(CH32H417RM.PDF)+rm-address(CH32H417RM.PDF)
CH32H417,RTC,RTC,ALRML,0x40002824,0x024,16,1,#,confirmed,evt(ch32h417.h)+rm(CH32H417RM.PDF)+rm-address(CH32H417RM.PDF)
CH32H417,WWDG,WWDG,CTLR,0x40002c00,0x000,32,1,#,confirmed,evt(ch32h417.h)+rm(CH32H417RM.PDF)+rm-address(CH32H417RM.PDF)
CH32H417,WWDG,WWDG,CFGR,0x40002c04,0x004,32,1,#,confirmed,evt(ch32h417.h)+rm(CH32H417RM.PDF)+rm-address(CH32H417RM.PDF)
CH32H417,WWDG,WWDG,STATR,0x40002c08,0x008,32,1,#,confirmed,evt(ch32h417.h)+rm(CH32H417RM.PDF)+rm-address(CH32H417RM.PDF)
CH32H417,IWDG,IWDG,CTLR,0x40003000,0x000,32,1,#,confirmed,evt(ch32h417.h)+rm(CH32H417RM.PDF)+rm-address(CH32H417RM.PDF)
CH32H417,IWDG,IWDG,PSCR,0x40003004,0x004,32,1,#,confirmed,evt(ch32h417.h)+rm(CH32H417RM.PDF)+rm-address(CH32H417RM.PDF)
CH32H417,IWDG,IWDG,RLDR,0x40003008,0x008,32,1,#,confirmed,evt(ch32h417.h)+rm(CH32H417RM.PDF)+rm-address(CH32H417RM.PDF)
CH32H417,IWDG,IWDG,STATR,0x4000300c,0x00c,32,1,#,confirmed,evt(ch32h417.h)+rm(CH32H417RM.PDF)+rm-address(CH32H417RM.PDF)
CH32H417,LPTIM2,LPTIM,ISR,0x40003400,0x000,32,1,#,confirmed,evt(ch32h417.h)+rm(CH32H417RM.PDF)+rm-address(CH32H417RM.PDF)
CH32H417,LPTIM2,LPTIM,ICR,0x40003404,0x004,32,1,#,confirmed,evt(ch32h417.h)+rm(CH32H417RM.PDF)+rm-address(CH32H417RM.PDF)
CH32H417,LPTIM2,LPTIM,IER,0x40003408,0x008,32,1,#,confirmed,evt(ch32h417.h)+rm(CH32H417RM.PDF)+rm-address(CH32H417RM.PDF)
CH32H417,LPTIM2,LPTIM,CFGR,0x4000340c,0x00c,32,1,#,confirmed,evt(ch32h417.h)+rm(CH32H417RM.PDF)+rm-address(CH32H417RM.PDF)
CH32H417,LPTIM2,LPTIM,CR,0x40003410,0x010,32,1,#,confirmed,evt(ch32h417.h)+rm(CH32H417RM.PDF)+rm-address(CH32H417RM.PDF)
CH32H417,LPTIM2,LPTIM,CMP,0x40003414,0x014,16,1,#,confirmed,evt(ch32h417.h)+rm(CH32H417RM.PDF)
CH32H417,LPTIM2,LPTIM,ARR,0x40003418,0x018,16,1,#,confirmed,evt(ch32h417.h)+rm(CH32H417RM.PDF)+rm-address(CH32H417RM.PDF)
CH32H417,LPTIM2,LPTIM,CNT,0x4000341c,0x01c,16,1,#,confirmed,evt(ch32h417.h)+rm(CH32H417RM.PDF)+rm-address(CH32H417RM.PDF)
CH32H417,SPI2,SPI,CTLR1,0x40003800,0x000,16,1,#,confirmed,evt(ch32h417.h)+rm(CH32H417RM.PDF)+rm-address(CH32H417RM.PDF)
CH32H417,SPI2,SPI,CTLR2,0x40003804,0x004,16,1,#,confirmed,evt(ch32h417.h)+rm(CH32H417RM.PDF)+rm-address(CH32H417RM.PDF)
CH32H417,SPI2,SPI,STATR,0x40003808,0x008,16,1,#,confirmed,evt(ch32h417.h)+rm(CH32H417RM.PDF)+rm-address(CH32H417RM.PDF)
CH32H417,SPI2,SPI,DATAR,0x4000380c,0x00c,16,1,#,confirmed,evt(ch32h417.h)+rm(CH32H417RM.PDF)+rm-address(CH32H417RM.PDF)
CH32H417,SPI2,SPI,CRCR,0x40003810,0x010,16,1,#,confirmed,evt(ch32h417.h)+rm(CH32H417RM.PDF)+rm-address(CH32H417RM.PDF)
CH32H417,SPI2,SPI,RCRCR,0x40003814,0x014,16,1,#,confirmed,evt(ch32h417.h)+rm(CH32H417RM.PDF)+rm-address(CH32H417RM.PDF)
CH32H417,SPI2,SPI,TCRCR,0x40003818,0x018,16,1,#,confirmed,evt(ch32h417.h)+rm(CH32H417RM.PDF)+rm-address(CH32H417RM.PDF)
CH32H417,SPI2,SPI,I2SCFGR,0x4000381c,0x01c,16,1,#,reference,evt(ch32h417.h)
CH32H417,SPI2,SPI,I2SPR,0x40003820,0x020,16,1,#,confirmed,evt(ch32h417.h)+rm(CH32H417RM.PDF)+rm-address(CH32H417RM.PDF)
CH32H417,SPI2,SPI,HSCR,0x40003824,0x024,16,1,#,confirmed,evt(ch32h417.h)+rm(CH32H417RM.PDF)+rm-address(CH32H417RM.PDF)
CH32H417,SPI3,SPI,CTLR1,0x40003c00,0x000,16,1,#,confirmed,evt(ch32h417.h)+rm(CH32H417RM.PDF)+rm-address(CH32H417RM.PDF)
CH32H417,SPI3,SPI,CTLR2,0x40003c04,0x004,16,1,#,confirmed,evt(ch32h417.h)+rm(CH32H417RM.PDF)+rm-address(CH32H417RM.PDF)
CH32H417,SPI3,SPI,STATR,0x40003c08,0x008,16,1,#,confirmed,evt(ch32h417.h)+rm(CH32H417RM.PDF)+rm-address(CH32H417RM.PDF)
CH32H417,SPI3,SPI,DATAR,0x40003c0c,0x00c,16,1,#,confirmed,evt(ch32h417.h)+rm(CH32H417RM.PDF)+rm-address(CH32H417RM.PDF)
CH32H417,SPI3,SPI,CRCR,0x40003c10,0x010,16,1,#,confirmed,evt(ch32h417.h)+rm(CH32H417RM.PDF)+rm-address(CH32H417RM.PDF)
CH32H417,SPI3,SPI,RCRCR,0x40003c14,0x014,16,1,#,confirmed,evt(ch32h417.h)+rm(CH32H417RM.PDF)+rm-address(CH32H417RM.PDF)
CH32H417,SPI3,SPI,TCRCR,0x40003c18,0x018,16,1,#,confirmed,evt(ch32h417.h)+rm(CH32H417RM.PDF)+rm-address(CH32H417RM.PDF)
CH32H417,SPI3,SPI,I2SCFGR,0x40003c1c,0x01c,16,1,#,reference,evt(ch32h417.h)
CH32H417,SPI3,SPI,I2SPR,0x40003c20,0x020,16,1,#,confirmed,evt(ch32h417.h)+rm(CH32H417RM.PDF)+rm-address(CH32H417RM.PDF)
CH32H417,SPI3,SPI,HSCR,0x40003c24,0x024,16,1,#,confirmed,evt(ch32h417.h)+rm(CH32H417RM.PDF)+rm-address(CH32H417RM.PDF)
CH32H417,SPI4,SPI,CTLR1,0x40004000,0x000,16,1,#,confirmed,evt(ch32h417.h)+rm(CH32H417RM.PDF)+rm-address(CH32H417RM.PDF)
CH32H417,SPI4,SPI,CTLR2,0x40004004,0x004,16,1,#,confirmed,evt(ch32h417.h)+rm(CH32H417RM.PDF)+rm-address(CH32H417RM.PDF)
CH32H417,SPI4,SPI,STATR,0x40004008,0x008,16,1,#,confirmed,evt(ch32h417.h)+rm(CH32H417RM.PDF)+rm-address(CH32H417RM.PDF)
CH32H417,SPI4,SPI,DATAR,0x4000400c,0x00c,16,1,#,confirmed,evt(ch32h417.h)+rm(CH32H417RM.PDF)+rm-address(CH32H417RM.PDF)
CH32H417,SPI4,SPI,CRCR,0x40004010,0x010,16,1,#,confirmed,evt(ch32h417.h)+rm(CH32H417RM.PDF)+rm-address(CH32H417RM.PDF)
CH32H417,SPI4,SPI,RCRCR,0x40004014,0x014,16,1,#,confirmed,evt(ch32h417.h)+rm(CH32H417RM.PDF)+rm-address(CH32H417RM.PDF)
CH32H417,SPI4,SPI,TCRCR,0x40004018,0x018,16,1,#,confirmed,evt(ch32h417.h)+rm(CH32H417RM.PDF)+rm-address(CH32H417RM.PDF)
CH32H417,SPI4,SPI,I2SCFGR,0x4000401c,0x01c,16,1,#,reference,evt(ch32h417.h)
CH32H417,SPI4,SPI,I2SPR,0x40004020,0x020,16,1,#,confirmed,evt(ch32h417.h)+rm(CH32H417RM.PDF)+rm-address(CH32H417RM.PDF)
CH32H417,SPI4,SPI,HSCR,0x40004024,0x024,16,1,#,confirmed,evt(ch32h417.h)+rm(CH32H417RM.PDF)+rm-address(CH32H417RM.PDF)
CH32H417,USART2,USART,STATR,0x40004400,0x000,16,1,#,confirmed,evt(ch32h417.h)+rm(CH32H417RM.PDF)+rm-address(CH32H417RM.PDF)
CH32H417,USART2,USART,DATAR,0x40004404,0x004,16,1,#,confirmed,evt(ch32h417.h)+rm(CH32H417RM.PDF)+rm-address(CH32H417RM.PDF)
CH32H417,USART2,USART,BRR,0x40004408,0x008,16,1,#,confirmed,evt(ch32h417.h)+rm(CH32H417RM.PDF)+rm-address(CH32H417RM.PDF)
CH32H417,USART2,USART,CTLR1,0x4000440c,0x00c,16,1,#,confirmed,evt(ch32h417.h)+rm(CH32H417RM.PDF)+rm-address(CH32H417RM.PDF)
CH32H417,USART2,USART,CTLR2,0x40004410,0x010,16,1,#,confirmed,evt(ch32h417.h)+rm(CH32H417RM.PDF)+rm-address(CH32H417RM.PDF)
CH32H417,USART2,USART,CTLR3,0x40004414,0x014,16,1,#,confirmed,evt(ch32h417.h)+rm(CH32H417RM.PDF)+rm-address(CH32H417RM.PDF)
CH32H417,USART2,USART,GPR,0x40004418,0x018,16,1,#,confirmed,evt(ch32h417.h)+rm(CH32H417RM.PDF)+rm-address(CH32H417RM.PDF)
CH32H417,USART2,USART,CTLR4,0x4000441c,0x01c,16,1,#,confirmed,evt(ch32h417.h)+rm(CH32H417RM.PDF)+rm-address(CH32H417RM.PDF)
CH32H417,USART3,USART,STATR,0x40004800,0x000,16,1,#,confirmed,evt(ch32h417.h)+rm(CH32H417RM.PDF)+rm-address(CH32H417RM.PDF)
CH32H417,USART3,USART,DATAR,0x40004804,0x004,16,1,#,confirmed,evt(ch32h417.h)+rm(CH32H417RM.PDF)+rm-address(CH32H417RM.PDF)
CH32H417,USART3,USART,BRR,0x40004808,0x008,16,1,#,confirmed,evt(ch32h417.h)+rm(CH32H417RM.PDF)+rm-address(CH32H417RM.PDF)
CH32H417,USART3,USART,CTLR1,0x4000480c,0x00c,16,1,#,confirmed,evt(ch32h417.h)+rm(CH32H417RM.PDF)+rm-address(CH32H417RM.PDF)
CH32H417,USART3,USART,CTLR2,0x40004810,0x010,16,1,#,confirmed,evt(ch32h417.h)+rm(CH32H417RM.PDF)+rm-address(CH32H417RM.PDF)
CH32H417,USART3,USART,CTLR3,0x40004814,0x014,16,1,#,confirmed,evt(ch32h417.h)+rm(CH32H417RM.PDF)+rm-address(CH32H417RM.PDF)
CH32H417,USART3,USART,GPR,0x40004818,0x018,16,1,#,confirmed,evt(ch32h417.h)+rm(CH32H417RM.PDF)+rm-address(CH32H417RM.PDF)
CH32H417,USART3,USART,CTLR4,0x4000481c,0x01c,16,1,#,confirmed,evt(ch32h417.h)+rm(CH32H417RM.PDF)+rm-address(CH32H417RM.PDF)
CH32H417,USART4,USART,STATR,0x40004c00,0x000,16,1,#,confirmed,evt(ch32h417.h)+rm(CH32H417RM.PDF)+rm-address(CH32H417RM.PDF)
CH32H417,USART4,USART,DATAR,0x40004c04,0x004,16,1,#,confirmed,evt(ch32h417.h)+rm(CH32H417RM.PDF)+rm-address(CH32H417RM.PDF)
CH32H417,USART4,USART,BRR,0x40004c08,0x008,16,1,#,confirmed,evt(ch32h417.h)+rm(CH32H417RM.PDF)+rm-address(CH32H417RM.PDF)
CH32H417,USART4,USART,CTLR1,0x40004c0c,0x00c,16,1,#,confirmed,evt(ch32h417.h)+rm(CH32H417RM.PDF)+rm-address(CH32H417RM.PDF)
CH32H417,USART4,USART,CTLR2,0x40004c10,0x010,16,1,#,confirmed,evt(ch32h417.h)+rm(CH32H417RM.PDF)+rm-address(CH32H417RM.PDF)
CH32H417,USART4,USART,CTLR3,0x40004c14,0x014,16,1,#,confirmed,evt(ch32h417.h)+rm(CH32H417RM.PDF)+rm-address(CH32H417RM.PDF)
CH32H417,USART4,USART,GPR,0x40004c18,0x018,16,1,#,confirmed,evt(ch32h417.h)+rm(CH32H417RM.PDF)+rm-address(CH32H417RM.PDF)
CH32H417,USART4,USART,CTLR4,0x40004c1c,0x01c,16,1,#,confirmed,evt(ch32h417.h)+rm(CH32H417RM.PDF)+rm-address(CH32H417RM.PDF)
CH32H417,USART5,USART,STATR,0x40005000,0x000,16,1,#,confirmed,evt(ch32h417.h)+rm(CH32H417RM.PDF)+rm-address(CH32H417RM.PDF)
CH32H417,USART5,USART,DATAR,0x40005004,0x004,16,1,#,confirmed,evt(ch32h417.h)+rm(CH32H417RM.PDF)+rm-address(CH32H417RM.PDF)
CH32H417,USART5,USART,BRR,0x40005008,0x008,16,1,#,confirmed,evt(ch32h417.h)+rm(CH32H417RM.PDF)+rm-address(CH32H417RM.PDF)
CH32H417,USART5,USART,CTLR1,0x4000500c,0x00c,16,1,#,confirmed,evt(ch32h417.h)+rm(CH32H417RM.PDF)+rm-address(CH32H417RM.PDF)
CH32H417,USART5,USART,CTLR2,0x40005010,0x010,16,1,#,confirmed,evt(ch32h417.h)+rm(CH32H417RM.PDF)+rm-address(CH32H417RM.PDF)
CH32H417,USART5,USART,CTLR3,0x40005014,0x014,16,1,#,confirmed,evt(ch32h417.h)+rm(CH32H417RM.PDF)+rm-address(CH32H417RM.PDF)
CH32H417,USART5,USART,GPR,0x40005018,0x018,16,1,#,confirmed,evt(ch32h417.h)+rm(CH32H417RM.PDF)+rm-address(CH32H417RM.PDF)
CH32H417,USART5,USART,CTLR4,0x4000501c,0x01c,16,1,#,confirmed,evt(ch32h417.h)+rm(CH32H417RM.PDF)+rm-address(CH32H417RM.PDF)
CH32H417,I2C1,I2C,CTLR1,0x40005400,0x000,16,1,#,confirmed,evt(ch32h417.h)+rm(CH32H417RM.PDF)+rm-address(CH32H417RM.PDF)
CH32H417,I2C1,I2C,CTLR2,0x40005404,0x004,16,1,#,confirmed,evt(ch32h417.h)+rm(CH32H417RM.PDF)+rm-address(CH32H417RM.PDF)
CH32H417,I2C1,I2C,OADDR1,0x40005408,0x008,16,1,#,confirmed,evt(ch32h417.h)+rm(CH32H417RM.PDF)+rm-address(CH32H417RM.PDF)
CH32H417,I2C1,I2C,OADDR2,0x4000540c,0x00c,16,1,#,confirmed,evt(ch32h417.h)+rm(CH32H417RM.PDF)+rm-address(CH32H417RM.PDF)
CH32H417,I2C1,I2C,DATAR,0x40005410,0x010,16,1,#,confirmed,evt(ch32h417.h)+rm(CH32H417RM.PDF)+rm-address(CH32H417RM.PDF)
CH32H417,I2C1,I2C,STAR1,0x40005414,0x014,16,1,#,confirmed,evt(ch32h417.h)+rm(CH32H417RM.PDF)+rm-address(CH32H417RM.PDF)
CH32H417,I2C1,I2C,STAR2,0x40005418,0x018,16,1,#,confirmed,evt(ch32h417.h)+rm(CH32H417RM.PDF)+rm-address(CH32H417RM.PDF)
CH32H417,I2C1,I2C,CKCFGR,0x4000541c,0x01c,16,1,#,confirmed,evt(ch32h417.h)+rm(CH32H417RM.PDF)+rm-address(CH32H417RM.PDF)
CH32H417,I2C1,I2C,RTR,0x40005420,0x020,16,1,#,confirmed,evt(ch32h417.h)+rm(CH32H417RM.PDF)+rm-address(CH32H417RM.PDF)
CH32H417,I2C2,I2C,CTLR1,0x40005800,0x000,16,1,#,confirmed,evt(ch32h417.h)+rm(CH32H417RM.PDF)+rm-address(CH32H417RM.PDF)
CH32H417,I2C2,I2C,CTLR2,0x40005804,0x004,16,1,#,confirmed,evt(ch32h417.h)+rm(CH32H417RM.PDF)+rm-address(CH32H417RM.PDF)
CH32H417,I2C2,I2C,OADDR1,0x40005808,0x008,16,1,#,confirmed,evt(ch32h417.h)+rm(CH32H417RM.PDF)+rm-address(CH32H417RM.PDF)
CH32H417,I2C2,I2C,OADDR2,0x4000580c,0x00c,16,1,#,confirmed,evt(ch32h417.h)+rm(CH32H417RM.PDF)+rm-address(CH32H417RM.PDF)
CH32H417,I2C2,I2C,DATAR,0x40005810,0x010,16,1,#,confirmed,evt(ch32h417.h)+rm(CH32H417RM.PDF)+rm-address(CH32H417RM.PDF)
CH32H417,I2C2,I2C,STAR1,0x40005814,0x014,16,1,#,confirmed,evt(ch32h417.h)+rm(CH32H417RM.PDF)+rm-address(CH32H417RM.PDF)
CH32H417,I2C2,I2C,STAR2,0x40005818,0x018,16,1,#,confirmed,evt(ch32h417.h)+rm(CH32H417RM.PDF)+rm-address(CH32H417RM.PDF)
CH32H417,I2C2,I2C,CKCFGR,0x4000581c,0x01c,16,1,#,confirmed,evt(ch32h417.h)+rm(CH32H417RM.PDF)+rm-address(CH32H417RM.PDF)
CH32H417,I2C2,I2C,RTR,0x40005820,0x020,16,1,#,confirmed,evt(ch32h417.h)+rm(CH32H417RM.PDF)+rm-address(CH32H417RM.PDF)
CH32H417,I2C3,I2C,CTLR1,0x40005c00,0x000,16,1,#,confirmed,evt(ch32h417.h)+rm(CH32H417RM.PDF)+rm-address(CH32H417RM.PDF)
CH32H417,I2C3,I2C,CTLR2,0x40005c04,0x004,16,1,#,confirmed,evt(ch32h417.h)+rm(CH32H417RM.PDF)+rm-address(CH32H417RM.PDF)
CH32H417,I2C3,I2C,OADDR1,0x40005c08,0x008,16,1,#,confirmed,evt(ch32h417.h)+rm(CH32H417RM.PDF)+rm-address(CH32H417RM.PDF)
CH32H417,I2C3,I2C,OADDR2,0x40005c0c,0x00c,16,1,#,confirmed,evt(ch32h417.h)+rm(CH32H417RM.PDF)+rm-address(CH32H417RM.PDF)
CH32H417,I2C3,I2C,DATAR,0x40005c10,0x010,16,1,#,confirmed,evt(ch32h417.h)+rm(CH32H417RM.PDF)+rm-address(CH32H417RM.PDF)
CH32H417,I2C3,I2C,STAR1,0x40005c14,0x014,16,1,#,confirmed,evt(ch32h417.h)+rm(CH32H417RM.PDF)+rm-address(CH32H417RM.PDF)
CH32H417,I2C3,I2C,STAR2,0x40005c18,0x018,16,1,#,confirmed,evt(ch32h417.h)+rm(CH32H417RM.PDF)+rm-address(CH32H417RM.PDF)
CH32H417,I2C3,I2C,CKCFGR,0x40005c1c,0x01c,16,1,#,confirmed,evt(ch32h417.h)+rm(CH32H417RM.PDF)+rm-address(CH32H417RM.PDF)
CH32H417,I2C3,I2C,RTR,0x40005c20,0x020,16,1,#,confirmed,evt(ch32h417.h)+rm(CH32H417RM.PDF)+rm-address(CH32H417RM.PDF)
CH32H417,CAN1,CAN,CTLR,0x40006400,0x000,32,1,#,confirmed,evt(ch32h417.h)+rm(CH32H417RM.PDF)+rm-address(CH32H417RM.PDF)
CH32H417,CAN1,CAN,STATR,0x40006404,0x004,32,1,#,confirmed,evt(ch32h417.h)+rm(CH32H417RM.PDF)+rm-address(CH32H417RM.PDF)
CH32H417,CAN1,CAN,TSTATR,0x40006408,0x008,32,1,#,confirmed,evt(ch32h417.h)+rm(CH32H417RM.PDF)+rm-address(CH32H417RM.PDF)
CH32H417,CAN1,CAN,RFIFO0,0x4000640c,0x00c,32,1,#,confirmed,evt(ch32h417.h)+rm(CH32H417RM.PDF)+rm-address(CH32H417RM.PDF)
CH32H417,CAN1,CAN,RFIFO1,0x40006410,0x010,32,1,#,confirmed,evt(ch32h417.h)+rm(CH32H417RM.PDF)+rm-address(CH32H417RM.PDF)
CH32H417,CAN1,CAN,INTENR,0x40006414,0x014,32,1,#,confirmed,evt(ch32h417.h)+rm(CH32H417RM.PDF)+rm-address(CH32H417RM.PDF)
CH32H417,CAN1,CAN,ERRSR,0x40006418,0x018,32,1,#,confirmed,evt(ch32h417.h)+rm(CH32H417RM.PDF)+rm-address(CH32H417RM.PDF)
CH32H417,CAN1,CAN,BTIMR,0x4000641c,0x01c,32,1,#,confirmed,evt(ch32h417.h)+rm(CH32H417RM.PDF)+rm-address(CH32H417RM.PDF)
CH32H417,CAN1,CAN,TTCTLR,0x40006420,0x020,32,1,#,confirmed,evt(ch32h417.h)+rm(CH32H417RM.PDF)+rm-address(CH32H417RM.PDF)
CH32H417,CAN1,CAN,TTCNT,0x40006424,0x024,32,1,#,confirmed,evt(ch32h417.h)+rm(CH32H417RM.PDF)+rm-address(CH32H417RM.PDF)
CH32H417,CAN1,CAN,TERR_CNT,0x40006428,0x028,32,1,#,confirmed,evt(ch32h417.h)+rm(CH32H417RM.PDF)+rm-address(CH32H417RM.PDF)
CH32H417,CAN1,CAN,sTxMailBox[0].TXMIR,0x40006580,0x180,32,1,#,confirmed,evt(ch32h417.h)+rm-address(CH32H417RM.PDF)
CH32H417,CAN1,CAN,sTxMailBox[0].TXMDTR,0x40006584,0x184,32,1,#,confirmed,evt(ch32h417.h)+rm-address(CH32H417RM.PDF)
CH32H417,CAN1,CAN,sTxMailBox[0].TXMDLR,0x40006588,0x188,32,1,#,confirmed,evt(ch32h417.h)+rm-address(CH32H417RM.PDF)
CH32H417,CAN1,CAN,sTxMailBox[0].TXMDHR,0x4000658c,0x18c,32,1,#,confirmed,evt(ch32h417.h)+rm-address(CH32H417RM.PDF)
CH32H417,CAN1,CAN,sTxMailBox[1].TXMIR,0x40006590,0x190,32,1,#,confirmed,evt(ch32h417.h)+rm-address(CH32H417RM.PDF)
CH32H417,CAN1,CAN,sTxMailBox[1].TXMDTR,0x40006594,0x194,32,1,#,confirmed,evt(ch32h417.h)+rm-address(CH32H417RM.PDF)
CH32H417,CAN1,CAN,sTxMailBox[1].TXMDLR,0x40006598,0x198,32,1,#,confirmed,evt(ch32h417.h)+rm-address(CH32H417RM.PDF)
CH32H417,CAN1,CAN,sTxMailBox[1].TXMDHR,0x4000659c,0x19c,32,1,#,confirmed,evt(ch32h417.h)+rm-address(CH32H417RM.PDF)
CH32H417,CAN1,CAN,sTxMailBox[2].TXMIR,0x400065a0,0x1a0,32,1,#,confirmed,evt(ch32h417.h)+rm-address(CH32H417RM.PDF)
CH32H417,CAN1,CAN,sTxMailBox[2].TXMDTR,0x400065a4,0x1a4,32,1,#,confirmed,evt(ch32h417.h)+rm-address(CH32H417RM.PDF)
CH32H417,CAN1,CAN,sTxMailBox[2].TXMDLR,0x400065a8,0x1a8,32,1,#,confirmed,evt(ch32h417.h)+rm-address(CH32H417RM.PDF)
CH32H417,CAN1,CAN,sTxMailBox[2].TXMDHR,0x400065ac,0x1ac,32,1,#,confirmed,evt(ch32h417.h)+rm-address(CH32H417RM.PDF)
CH32H417,CAN1,CAN,sFIFOMailBox[0].RXMIR,0x400065b0,0x1b0,32,1,#,confirmed,evt(ch32h417.h)+rm-address(CH32H417RM.PDF)
CH32H417,CAN1,CAN,sFIFOMailBox[0].RXMDTR,0x400065b4,0x1b4,32,1,#,confirmed,evt(ch32h417.h)+rm-address(CH32H417RM.PDF)
CH32H417,CAN1,CAN,sFIFOMailBox[0].RXMDLR,0x400065b8,0x1b8,32,1,#,confirmed,evt(ch32h417.h)+rm-address(CH32H417RM.PDF)
CH32H417,CAN1,CAN,sFIFOMailBox[0].RXMDHR,0x400065bc,0x1bc,32,1,#,confirmed,evt(ch32h417.h)+rm-address(CH32H417RM.PDF)
CH32H417,CAN1,CAN,sFIFOMailBox[1].RXMIR,0x400065c0,0x1c0,32,1,#,confirmed,evt(ch32h417.h)+rm-address(CH32H417RM.PDF)
CH32H417,CAN1,CAN,sFIFOMailBox[1].RXMDTR,0x400065c4,0x1c4,32,1,#,confirmed,evt(ch32h417.h)+rm-address(CH32H417RM.PDF)
CH32H417,CAN1,CAN,sFIFOMailBox[1].RXMDLR,0x400065c8,0x1c8,32,1,#,confirmed,evt(ch32h417.h)+rm-address(CH32H417RM.PDF)
CH32H417,CAN1,CAN,sFIFOMailBox[1].RXMDHR,0x400065cc,0x1cc,32,1,#,confirmed,evt(ch32h417.h)+rm-address(CH32H417RM.PDF)
CH32H417,CAN1,CAN,FCTLR,0x40006600,0x200,32,1,#,confirmed,evt(ch32h417.h)+rm(CH32H417RM.PDF)+rm-address(CH32H417RM.PDF)
CH32H417,CAN1,CAN,FMCFGR,0x40006604,0x204,32,1,#,conflict,evt(ch32h417.h)+rm(CH32H417RM.PDF)+rm-address(CH32H417RM.PDF)+!rm-address(CH32H417RM.PDF)(=0x40006608)
CH32H417,CAN1,CAN,FMCFGR_CAN3,0x40006608,0x208,32,1,#,reference,evt(ch32h417.h)
CH32H417,CAN1,CAN,FSCFGR,0x4000660c,0x20c,32,1,#,conflict,evt(ch32h417.h)+rm(CH32H417RM.PDF)+rm-address(CH32H417RM.PDF)+!rm-address(CH32H417RM.PDF)(=0x40006610)
CH32H417,CAN1,CAN,FSCFGR_CAN3,0x40006610,0x210,32,1,#,reference,evt(ch32h417.h)
CH32H417,CAN1,CAN,FAFIFOR,0x40006614,0x214,32,1,#,conflict,evt(ch32h417.h)+rm(CH32H417RM.PDF)+rm-address(CH32H417RM.PDF)+!rm-address(CH32H417RM.PDF)(=0x40006618)
CH32H417,CAN1,CAN,FAFIFOR_CAN3,0x40006618,0x218,32,1,#,reference,evt(ch32h417.h)
CH32H417,CAN1,CAN,FWR,0x4000661c,0x21c,32,1,#,conflict,evt(ch32h417.h)+rm(CH32H417RM.PDF)+rm-address(CH32H417RM.PDF)+!rm-address(CH32H417RM.PDF)(=0x40006620)
CH32H417,CAN1,CAN,FWR_CAN3,0x40006620,0x220,32,1,#,reference,evt(ch32h417.h)
CH32H417,CAN1,CAN,sFilterRegister[0].FR1,0x40006640,0x240,32,1,#,confirmed,evt(ch32h417.h)+rm-address(CH32H417RM.PDF)
CH32H417,CAN1,CAN,sFilterRegister[0].FR2,0x40006644,0x244,32,1,#,confirmed,evt(ch32h417.h)+rm-address(CH32H417RM.PDF)
CH32H417,CAN1,CAN,sFilterRegister[1].FR1,0x40006648,0x248,32,1,#,confirmed,evt(ch32h417.h)+rm-address(CH32H417RM.PDF)
CH32H417,CAN1,CAN,sFilterRegister[1].FR2,0x4000664c,0x24c,32,1,#,confirmed,evt(ch32h417.h)+rm-address(CH32H417RM.PDF)
CH32H417,CAN1,CAN,sFilterRegister[2].FR1,0x40006650,0x250,32,1,#,confirmed,evt(ch32h417.h)+rm-address(CH32H417RM.PDF)
CH32H417,CAN1,CAN,sFilterRegister[2].FR2,0x40006654,0x254,32,1,#,confirmed,evt(ch32h417.h)+rm-address(CH32H417RM.PDF)
CH32H417,CAN1,CAN,sFilterRegister[3].FR1,0x40006658,0x258,32,1,#,confirmed,evt(ch32h417.h)+rm-address(CH32H417RM.PDF)
CH32H417,CAN1,CAN,sFilterRegister[3].FR2,0x4000665c,0x25c,32,1,#,confirmed,evt(ch32h417.h)+rm-address(CH32H417RM.PDF)
CH32H417,CAN1,CAN,sFilterRegister[4].FR1,0x40006660,0x260,32,1,#,confirmed,evt(ch32h417.h)+rm-address(CH32H417RM.PDF)
CH32H417,CAN1,CAN,sFilterRegister[4].FR2,0x40006664,0x264,32,1,#,confirmed,evt(ch32h417.h)+rm-address(CH32H417RM.PDF)
CH32H417,CAN1,CAN,sFilterRegister[5].FR1,0x40006668,0x268,32,1,#,confirmed,evt(ch32h417.h)+rm-address(CH32H417RM.PDF)
CH32H417,CAN1,CAN,sFilterRegister[5].FR2,0x4000666c,0x26c,32,1,#,confirmed,evt(ch32h417.h)+rm-address(CH32H417RM.PDF)
CH32H417,CAN1,CAN,sFilterRegister[6].FR1,0x40006670,0x270,32,1,#,confirmed,evt(ch32h417.h)+rm-address(CH32H417RM.PDF)
CH32H417,CAN1,CAN,sFilterRegister[6].FR2,0x40006674,0x274,32,1,#,confirmed,evt(ch32h417.h)+rm-address(CH32H417RM.PDF)
CH32H417,CAN1,CAN,sFilterRegister[7].FR1,0x40006678,0x278,32,1,#,confirmed,evt(ch32h417.h)+rm-address(CH32H417RM.PDF)
CH32H417,CAN1,CAN,sFilterRegister[7].FR2,0x4000667c,0x27c,32,1,#,confirmed,evt(ch32h417.h)+rm-address(CH32H417RM.PDF)
CH32H417,CAN1,CAN,sFilterRegister[8].FR1,0x40006680,0x280,32,1,#,confirmed,evt(ch32h417.h)+rm-address(CH32H417RM.PDF)
CH32H417,CAN1,CAN,sFilterRegister[8].FR2,0x40006684,0x284,32,1,#,confirmed,evt(ch32h417.h)+rm-address(CH32H417RM.PDF)
CH32H417,CAN1,CAN,sFilterRegister[9].FR1,0x40006688,0x288,32,1,#,confirmed,evt(ch32h417.h)+rm-address(CH32H417RM.PDF)
CH32H417,CAN1,CAN,sFilterRegister[9].FR2,0x4000668c,0x28c,32,1,#,confirmed,evt(ch32h417.h)+rm-address(CH32H417RM.PDF)
CH32H417,CAN1,CAN,sFilterRegister[10].FR1,0x40006690,0x290,32,1,#,confirmed,evt(ch32h417.h)+rm-address(CH32H417RM.PDF)
CH32H417,CAN1,CAN,sFilterRegister[10].FR2,0x40006694,0x294,32,1,#,confirmed,evt(ch32h417.h)+rm-address(CH32H417RM.PDF)
CH32H417,CAN1,CAN,sFilterRegister[11].FR1,0x40006698,0x298,32,1,#,confirmed,evt(ch32h417.h)+rm-address(CH32H417RM.PDF)
CH32H417,CAN1,CAN,sFilterRegister[11].FR2,0x4000669c,0x29c,32,1,#,confirmed,evt(ch32h417.h)+rm-address(CH32H417RM.PDF)
CH32H417,CAN1,CAN,sFilterRegister[12].FR1,0x400066a0,0x2a0,32,1,#,confirmed,evt(ch32h417.h)+rm-address(CH32H417RM.PDF)
CH32H417,CAN1,CAN,sFilterRegister[12].FR2,0x400066a4,0x2a4,32,1,#,confirmed,evt(ch32h417.h)+rm-address(CH32H417RM.PDF)
CH32H417,CAN1,CAN,sFilterRegister[13].FR1,0x400066a8,0x2a8,32,1,#,confirmed,evt(ch32h417.h)+rm-address(CH32H417RM.PDF)
CH32H417,CAN1,CAN,sFilterRegister[13].FR2,0x400066ac,0x2ac,32,1,#,confirmed,evt(ch32h417.h)+rm-address(CH32H417RM.PDF)
CH32H417,CAN1,CAN,sFilterRegister[14].FR1,0x400066b0,0x2b0,32,1,#,confirmed,evt(ch32h417.h)+rm-address(CH32H417RM.PDF)
CH32H417,CAN1,CAN,sFilterRegister[14].FR2,0x400066b4,0x2b4,32,1,#,confirmed,evt(ch32h417.h)+rm-address(CH32H417RM.PDF)
CH32H417,CAN1,CAN,sFilterRegister[15].FR1,0x400066b8,0x2b8,32,1,#,confirmed,evt(ch32h417.h)+rm-address(CH32H417RM.PDF)
CH32H417,CAN1,CAN,sFilterRegister[15].FR2,0x400066bc,0x2bc,32,1,#,confirmed,evt(ch32h417.h)+rm-address(CH32H417RM.PDF)
CH32H417,CAN1,CAN,sFilterRegister[16].FR1,0x400066c0,0x2c0,32,1,#,confirmed,evt(ch32h417.h)+rm-address(CH32H417RM.PDF)
CH32H417,CAN1,CAN,sFilterRegister[16].FR2,0x400066c4,0x2c4,32,1,#,confirmed,evt(ch32h417.h)+rm-address(CH32H417RM.PDF)
CH32H417,CAN1,CAN,sFilterRegister[17].FR1,0x400066c8,0x2c8,32,1,#,confirmed,evt(ch32h417.h)+rm-address(CH32H417RM.PDF)
CH32H417,CAN1,CAN,sFilterRegister[17].FR2,0x400066cc,0x2cc,32,1,#,confirmed,evt(ch32h417.h)+rm-address(CH32H417RM.PDF)
CH32H417,CAN1,CAN,sFilterRegister[18].FR1,0x400066d0,0x2d0,32,1,#,confirmed,evt(ch32h417.h)+rm-address(CH32H417RM.PDF)
CH32H417,CAN1,CAN,sFilterRegister[18].FR2,0x400066d4,0x2d4,32,1,#,confirmed,evt(ch32h417.h)+rm-address(CH32H417RM.PDF)
CH32H417,CAN1,CAN,sFilterRegister[19].FR1,0x400066d8,0x2d8,32,1,#,confirmed,evt(ch32h417.h)+rm-address(CH32H417RM.PDF)
CH32H417,CAN1,CAN,sFilterRegister[19].FR2,0x400066dc,0x2dc,32,1,#,confirmed,evt(ch32h417.h)+rm-address(CH32H417RM.PDF)
CH32H417,CAN1,CAN,sFilterRegister[20].FR1,0x400066e0,0x2e0,32,1,#,confirmed,evt(ch32h417.h)+rm-address(CH32H417RM.PDF)
CH32H417,CAN1,CAN,sFilterRegister[20].FR2,0x400066e4,0x2e4,32,1,#,confirmed,evt(ch32h417.h)+rm-address(CH32H417RM.PDF)
CH32H417,CAN1,CAN,sFilterRegister[21].FR1,0x400066e8,0x2e8,32,1,#,confirmed,evt(ch32h417.h)+rm-address(CH32H417RM.PDF)
CH32H417,CAN1,CAN,sFilterRegister[21].FR2,0x400066ec,0x2ec,32,1,#,confirmed,evt(ch32h417.h)+rm-address(CH32H417RM.PDF)
CH32H417,CAN1,CAN,sFilterRegister[22].FR1,0x400066f0,0x2f0,32,1,#,confirmed,evt(ch32h417.h)+rm-address(CH32H417RM.PDF)
CH32H417,CAN1,CAN,sFilterRegister[22].FR2,0x400066f4,0x2f4,32,1,#,confirmed,evt(ch32h417.h)+rm-address(CH32H417RM.PDF)
CH32H417,CAN1,CAN,sFilterRegister[23].FR1,0x400066f8,0x2f8,32,1,#,confirmed,evt(ch32h417.h)+rm-address(CH32H417RM.PDF)
CH32H417,CAN1,CAN,sFilterRegister[23].FR2,0x400066fc,0x2fc,32,1,#,confirmed,evt(ch32h417.h)+rm-address(CH32H417RM.PDF)
CH32H417,CAN1,CAN,sFilterRegister[24].FR1,0x40006700,0x300,32,1,#,confirmed,evt(ch32h417.h)+rm-address(CH32H417RM.PDF)
CH32H417,CAN1,CAN,sFilterRegister[24].FR2,0x40006704,0x304,32,1,#,confirmed,evt(ch32h417.h)+rm-address(CH32H417RM.PDF)
CH32H417,CAN1,CAN,sFilterRegister[25].FR1,0x40006708,0x308,32,1,#,confirmed,evt(ch32h417.h)+rm-address(CH32H417RM.PDF)
CH32H417,CAN1,CAN,sFilterRegister[25].FR2,0x4000670c,0x30c,32,1,#,confirmed,evt(ch32h417.h)+rm-address(CH32H417RM.PDF)
CH32H417,CAN1,CAN,sFilterRegister[26].FR1,0x40006710,0x310,32,1,#,confirmed,evt(ch32h417.h)+rm-address(CH32H417RM.PDF)
CH32H417,CAN1,CAN,sFilterRegister[26].FR2,0x40006714,0x314,32,1,#,confirmed,evt(ch32h417.h)+rm-address(CH32H417RM.PDF)
CH32H417,CAN1,CAN,sFilterRegister[27].FR1,0x40006718,0x318,32,1,#,confirmed,evt(ch32h417.h)+rm-address(CH32H417RM.PDF)
CH32H417,CAN1,CAN,sFilterRegister[27].FR2,0x4000671c,0x31c,32,1,#,confirmed,evt(ch32h417.h)+rm-address(CH32H417RM.PDF)
CH32H417,CAN1,CAN,sFilterRegister[28].FR1,0x40006720,0x320,32,1,#,confirmed,evt(ch32h417.h)+rm-address(CH32H417RM.PDF)
CH32H417,CAN1,CAN,sFilterRegister[28].FR2,0x40006724,0x324,32,1,#,confirmed,evt(ch32h417.h)+rm-address(CH32H417RM.PDF)
CH32H417,CAN1,CAN,sFilterRegister[29].FR1,0x40006728,0x328,32,1,#,confirmed,evt(ch32h417.h)+rm-address(CH32H417RM.PDF)
CH32H417,CAN1,CAN,sFilterRegister[29].FR2,0x4000672c,0x32c,32,1,#,confirmed,evt(ch32h417.h)+rm-address(CH32H417RM.PDF)
CH32H417,CAN1,CAN,sFilterRegister[30].FR1,0x40006730,0x330,32,1,#,confirmed,evt(ch32h417.h)+rm-address(CH32H417RM.PDF)
CH32H417,CAN1,CAN,sFilterRegister[30].FR2,0x40006734,0x334,32,1,#,confirmed,evt(ch32h417.h)+rm-address(CH32H417RM.PDF)
CH32H417,CAN1,CAN,sFilterRegister[31].FR1,0x40006738,0x338,32,1,#,confirmed,evt(ch32h417.h)+rm-address(CH32H417RM.PDF)
CH32H417,CAN1,CAN,sFilterRegister[31].FR2,0x4000673c,0x33c,32,1,#,confirmed,evt(ch32h417.h)+rm-address(CH32H417RM.PDF)
CH32H417,CAN1,CAN,sFilterRegister[32].FR1,0x40006740,0x340,32,1,#,confirmed,evt(ch32h417.h)+rm-address(CH32H417RM.PDF)
CH32H417,CAN1,CAN,sFilterRegister[32].FR2,0x40006744,0x344,32,1,#,confirmed,evt(ch32h417.h)+rm-address(CH32H417RM.PDF)
CH32H417,CAN1,CAN,sFilterRegister[33].FR1,0x40006748,0x348,32,1,#,confirmed,evt(ch32h417.h)+rm-address(CH32H417RM.PDF)
CH32H417,CAN1,CAN,sFilterRegister[33].FR2,0x4000674c,0x34c,32,1,#,confirmed,evt(ch32h417.h)+rm-address(CH32H417RM.PDF)
CH32H417,CAN1,CAN,sFilterRegister[34].FR1,0x40006750,0x350,32,1,#,confirmed,evt(ch32h417.h)+rm-address(CH32H417RM.PDF)
CH32H417,CAN1,CAN,sFilterRegister[34].FR2,0x40006754,0x354,32,1,#,confirmed,evt(ch32h417.h)+rm-address(CH32H417RM.PDF)
CH32H417,CAN1,CAN,sFilterRegister[35].FR1,0x40006758,0x358,32,1,#,confirmed,evt(ch32h417.h)+rm-address(CH32H417RM.PDF)
CH32H417,CAN1,CAN,sFilterRegister[35].FR2,0x4000675c,0x35c,32,1,#,confirmed,evt(ch32h417.h)+rm-address(CH32H417RM.PDF)
CH32H417,CAN1,CAN,sFilterRegister[36].FR1,0x40006760,0x360,32,1,#,confirmed,evt(ch32h417.h)+rm-address(CH32H417RM.PDF)
CH32H417,CAN1,CAN,sFilterRegister[36].FR2,0x40006764,0x364,32,1,#,confirmed,evt(ch32h417.h)+rm-address(CH32H417RM.PDF)
CH32H417,CAN1,CAN,sFilterRegister[37].FR1,0x40006768,0x368,32,1,#,confirmed,evt(ch32h417.h)+rm-address(CH32H417RM.PDF)
CH32H417,CAN1,CAN,sFilterRegister[37].FR2,0x4000676c,0x36c,32,1,#,confirmed,evt(ch32h417.h)+rm-address(CH32H417RM.PDF)
CH32H417,CAN1,CAN,sFilterRegister[38].FR1,0x40006770,0x370,32,1,#,confirmed,evt(ch32h417.h)+rm-address(CH32H417RM.PDF)
CH32H417,CAN1,CAN,sFilterRegister[38].FR2,0x40006774,0x374,32,1,#,confirmed,evt(ch32h417.h)+rm-address(CH32H417RM.PDF)
CH32H417,CAN1,CAN,sFilterRegister[39].FR1,0x40006778,0x378,32,1,#,confirmed,evt(ch32h417.h)+rm-address(CH32H417RM.PDF)
CH32H417,CAN1,CAN,sFilterRegister[39].FR2,0x4000677c,0x37c,32,1,#,confirmed,evt(ch32h417.h)+rm-address(CH32H417RM.PDF)
CH32H417,CAN1,CAN,sFilterRegister[40].FR1,0x40006780,0x380,32,1,#,confirmed,evt(ch32h417.h)+rm-address(CH32H417RM.PDF)
CH32H417,CAN1,CAN,sFilterRegister[40].FR2,0x40006784,0x384,32,1,#,confirmed,evt(ch32h417.h)+rm-address(CH32H417RM.PDF)
CH32H417,CAN1,CAN,sFilterRegister[41].FR1,0x40006788,0x388,32,1,#,confirmed,evt(ch32h417.h)+rm-address(CH32H417RM.PDF)
CH32H417,CAN1,CAN,sFilterRegister[41].FR2,0x4000678c,0x38c,32,1,#,confirmed,evt(ch32h417.h)+rm-address(CH32H417RM.PDF)
CH32H417,CAN2,CAN,CTLR,0x40006800,0x000,32,1,#,confirmed,evt(ch32h417.h)+rm(CH32H417RM.PDF)+rm-address(CH32H417RM.PDF)
CH32H417,CAN2,CAN,STATR,0x40006804,0x004,32,1,#,confirmed,evt(ch32h417.h)+rm(CH32H417RM.PDF)+rm-address(CH32H417RM.PDF)
CH32H417,CAN2,CAN,TSTATR,0x40006808,0x008,32,1,#,confirmed,evt(ch32h417.h)+rm(CH32H417RM.PDF)+rm-address(CH32H417RM.PDF)
CH32H417,CAN2,CAN,RFIFO0,0x4000680c,0x00c,32,1,#,confirmed,evt(ch32h417.h)+rm(CH32H417RM.PDF)+rm-address(CH32H417RM.PDF)
CH32H417,CAN2,CAN,RFIFO1,0x40006810,0x010,32,1,#,confirmed,evt(ch32h417.h)+rm(CH32H417RM.PDF)+rm-address(CH32H417RM.PDF)
CH32H417,CAN2,CAN,INTENR,0x40006814,0x014,32,1,#,confirmed,evt(ch32h417.h)+rm(CH32H417RM.PDF)+rm-address(CH32H417RM.PDF)
CH32H417,CAN2,CAN,ERRSR,0x40006818,0x018,32,1,#,confirmed,evt(ch32h417.h)+rm(CH32H417RM.PDF)+rm-address(CH32H417RM.PDF)
CH32H417,CAN2,CAN,BTIMR,0x4000681c,0x01c,32,1,#,confirmed,evt(ch32h417.h)+rm(CH32H417RM.PDF)+rm-address(CH32H417RM.PDF)
CH32H417,CAN2,CAN,TTCTLR,0x40006820,0x020,32,1,#,confirmed,evt(ch32h417.h)+rm(CH32H417RM.PDF)+rm-address(CH32H417RM.PDF)
CH32H417,CAN2,CAN,TTCNT,0x40006824,0x024,32,1,#,confirmed,evt(ch32h417.h)+rm(CH32H417RM.PDF)+rm-address(CH32H417RM.PDF)
CH32H417,CAN2,CAN,TERR_CNT,0x40006828,0x028,32,1,#,confirmed,evt(ch32h417.h)+rm(CH32H417RM.PDF)+rm-address(CH32H417RM.PDF)
CH32H417,CAN2,CAN,sTxMailBox[0].TXMIR,0x40006980,0x180,32,1,#,confirmed,evt(ch32h417.h)+rm-address(CH32H417RM.PDF)
CH32H417,CAN2,CAN,sTxMailBox[0].TXMDTR,0x40006984,0x184,32,1,#,confirmed,evt(ch32h417.h)+rm-address(CH32H417RM.PDF)
CH32H417,CAN2,CAN,sTxMailBox[0].TXMDLR,0x40006988,0x188,32,1,#,confirmed,evt(ch32h417.h)+rm-address(CH32H417RM.PDF)
CH32H417,CAN2,CAN,sTxMailBox[0].TXMDHR,0x4000698c,0x18c,32,1,#,confirmed,evt(ch32h417.h)+rm-address(CH32H417RM.PDF)
CH32H417,CAN2,CAN,sTxMailBox[1].TXMIR,0x40006990,0x190,32,1,#,confirmed,evt(ch32h417.h)+rm-address(CH32H417RM.PDF)
CH32H417,CAN2,CAN,sTxMailBox[1].TXMDTR,0x40006994,0x194,32,1,#,confirmed,evt(ch32h417.h)+rm-address(CH32H417RM.PDF)
CH32H417,CAN2,CAN,sTxMailBox[1].TXMDLR,0x40006998,0x198,32,1,#,confirmed,evt(ch32h417.h)+rm-address(CH32H417RM.PDF)
CH32H417,CAN2,CAN,sTxMailBox[1].TXMDHR,0x4000699c,0x19c,32,1,#,confirmed,evt(ch32h417.h)+rm-address(CH32H417RM.PDF)
CH32H417,CAN2,CAN,sTxMailBox[2].TXMIR,0x400069a0,0x1a0,32,1,#,confirmed,evt(ch32h417.h)+rm-address(CH32H417RM.PDF)
CH32H417,CAN2,CAN,sTxMailBox[2].TXMDTR,0x400069a4,0x1a4,32,1,#,confirmed,evt(ch32h417.h)+rm-address(CH32H417RM.PDF)
CH32H417,CAN2,CAN,sTxMailBox[2].TXMDLR,0x400069a8,0x1a8,32,1,#,confirmed,evt(ch32h417.h)+rm-address(CH32H417RM.PDF)
CH32H417,CAN2,CAN,sTxMailBox[2].TXMDHR,0x400069ac,0x1ac,32,1,#,confirmed,evt(ch32h417.h)+rm-address(CH32H417RM.PDF)
CH32H417,CAN2,CAN,sFIFOMailBox[0].RXMIR,0x400069b0,0x1b0,32,1,#,confirmed,evt(ch32h417.h)+rm-address(CH32H417RM.PDF)
CH32H417,CAN2,CAN,sFIFOMailBox[0].RXMDTR,0x400069b4,0x1b4,32,1,#,confirmed,evt(ch32h417.h)+rm-address(CH32H417RM.PDF)
CH32H417,CAN2,CAN,sFIFOMailBox[0].RXMDLR,0x400069b8,0x1b8,32,1,#,confirmed,evt(ch32h417.h)+rm-address(CH32H417RM.PDF)
CH32H417,CAN2,CAN,sFIFOMailBox[0].RXMDHR,0x400069bc,0x1bc,32,1,#,confirmed,evt(ch32h417.h)+rm-address(CH32H417RM.PDF)
CH32H417,CAN2,CAN,sFIFOMailBox[1].RXMIR,0x400069c0,0x1c0,32,1,#,confirmed,evt(ch32h417.h)+rm-address(CH32H417RM.PDF)
CH32H417,CAN2,CAN,sFIFOMailBox[1].RXMDTR,0x400069c4,0x1c4,32,1,#,confirmed,evt(ch32h417.h)+rm-address(CH32H417RM.PDF)
CH32H417,CAN2,CAN,sFIFOMailBox[1].RXMDLR,0x400069c8,0x1c8,32,1,#,confirmed,evt(ch32h417.h)+rm-address(CH32H417RM.PDF)
CH32H417,CAN2,CAN,sFIFOMailBox[1].RXMDHR,0x400069cc,0x1cc,32,1,#,confirmed,evt(ch32h417.h)+rm-address(CH32H417RM.PDF)
CH32H417,CAN2,CAN,FCTLR,0x40006a00,0x200,32,1,#,confirmed,evt(ch32h417.h)+rm(CH32H417RM.PDF)+rm-address(CH32H417RM.PDF)
CH32H417,CAN2,CAN,FMCFGR,0x40006a04,0x204,32,1,#,conflict,evt(ch32h417.h)+rm(CH32H417RM.PDF)+rm-address(CH32H417RM.PDF)+!rm-address(CH32H417RM.PDF)(=0x40006608)
CH32H417,CAN2,CAN,FMCFGR_CAN3,0x40006a08,0x208,32,1,#,reference,evt(ch32h417.h)
CH32H417,CAN2,CAN,FSCFGR,0x40006a0c,0x20c,32,1,#,conflict,evt(ch32h417.h)+rm(CH32H417RM.PDF)+rm-address(CH32H417RM.PDF)+!rm-address(CH32H417RM.PDF)(=0x40006610)
CH32H417,CAN2,CAN,FSCFGR_CAN3,0x40006a10,0x210,32,1,#,reference,evt(ch32h417.h)
CH32H417,CAN2,CAN,FAFIFOR,0x40006a14,0x214,32,1,#,conflict,evt(ch32h417.h)+rm(CH32H417RM.PDF)+rm-address(CH32H417RM.PDF)+!rm-address(CH32H417RM.PDF)(=0x40006618)
CH32H417,CAN2,CAN,FAFIFOR_CAN3,0x40006a18,0x218,32,1,#,reference,evt(ch32h417.h)
CH32H417,CAN2,CAN,FWR,0x40006a1c,0x21c,32,1,#,conflict,evt(ch32h417.h)+rm(CH32H417RM.PDF)+rm-address(CH32H417RM.PDF)+!rm-address(CH32H417RM.PDF)(=0x40006620)
CH32H417,CAN2,CAN,FWR_CAN3,0x40006a20,0x220,32,1,#,reference,evt(ch32h417.h)
CH32H417,CAN2,CAN,sFilterRegister[0].FR1,0x40006a40,0x240,32,1,#,confirmed,evt(ch32h417.h)+rm-address(CH32H417RM.PDF)
CH32H417,CAN2,CAN,sFilterRegister[0].FR2,0x40006a44,0x244,32,1,#,confirmed,evt(ch32h417.h)+rm-address(CH32H417RM.PDF)
CH32H417,CAN2,CAN,sFilterRegister[1].FR1,0x40006a48,0x248,32,1,#,confirmed,evt(ch32h417.h)+rm-address(CH32H417RM.PDF)
CH32H417,CAN2,CAN,sFilterRegister[1].FR2,0x40006a4c,0x24c,32,1,#,confirmed,evt(ch32h417.h)+rm-address(CH32H417RM.PDF)
CH32H417,CAN2,CAN,sFilterRegister[2].FR1,0x40006a50,0x250,32,1,#,confirmed,evt(ch32h417.h)+rm-address(CH32H417RM.PDF)
CH32H417,CAN2,CAN,sFilterRegister[2].FR2,0x40006a54,0x254,32,1,#,confirmed,evt(ch32h417.h)+rm-address(CH32H417RM.PDF)
CH32H417,CAN2,CAN,sFilterRegister[3].FR1,0x40006a58,0x258,32,1,#,confirmed,evt(ch32h417.h)+rm-address(CH32H417RM.PDF)
CH32H417,CAN2,CAN,sFilterRegister[3].FR2,0x40006a5c,0x25c,32,1,#,confirmed,evt(ch32h417.h)+rm-address(CH32H417RM.PDF)
CH32H417,CAN2,CAN,sFilterRegister[4].FR1,0x40006a60,0x260,32,1,#,confirmed,evt(ch32h417.h)+rm-address(CH32H417RM.PDF)
CH32H417,CAN2,CAN,sFilterRegister[4].FR2,0x40006a64,0x264,32,1,#,confirmed,evt(ch32h417.h)+rm-address(CH32H417RM.PDF)
CH32H417,CAN2,CAN,sFilterRegister[5].FR1,0x40006a68,0x268,32,1,#,confirmed,evt(ch32h417.h)+rm-address(CH32H417RM.PDF)
CH32H417,CAN2,CAN,sFilterRegister[5].FR2,0x40006a6c,0x26c,32,1,#,confirmed,evt(ch32h417.h)+rm-address(CH32H417RM.PDF)
CH32H417,CAN2,CAN,sFilterRegister[6].FR1,0x40006a70,0x270,32,1,#,confirmed,evt(ch32h417.h)+rm-address(CH32H417RM.PDF)
CH32H417,CAN2,CAN,sFilterRegister[6].FR2,0x40006a74,0x274,32,1,#,confirmed,evt(ch32h417.h)+rm-address(CH32H417RM.PDF)
CH32H417,CAN2,CAN,sFilterRegister[7].FR1,0x40006a78,0x278,32,1,#,confirmed,evt(ch32h417.h)+rm-address(CH32H417RM.PDF)
CH32H417,CAN2,CAN,sFilterRegister[7].FR2,0x40006a7c,0x27c,32,1,#,confirmed,evt(ch32h417.h)+rm-address(CH32H417RM.PDF)
CH32H417,CAN2,CAN,sFilterRegister[8].FR1,0x40006a80,0x280,32,1,#,confirmed,evt(ch32h417.h)+rm-address(CH32H417RM.PDF)
CH32H417,CAN2,CAN,sFilterRegister[8].FR2,0x40006a84,0x284,32,1,#,confirmed,evt(ch32h417.h)+rm-address(CH32H417RM.PDF)
CH32H417,CAN2,CAN,sFilterRegister[9].FR1,0x40006a88,0x288,32,1,#,confirmed,evt(ch32h417.h)+rm-address(CH32H417RM.PDF)
CH32H417,CAN2,CAN,sFilterRegister[9].FR2,0x40006a8c,0x28c,32,1,#,confirmed,evt(ch32h417.h)+rm-address(CH32H417RM.PDF)
CH32H417,CAN2,CAN,sFilterRegister[10].FR1,0x40006a90,0x290,32,1,#,confirmed,evt(ch32h417.h)+rm-address(CH32H417RM.PDF)
CH32H417,CAN2,CAN,sFilterRegister[10].FR2,0x40006a94,0x294,32,1,#,confirmed,evt(ch32h417.h)+rm-address(CH32H417RM.PDF)
CH32H417,CAN2,CAN,sFilterRegister[11].FR1,0x40006a98,0x298,32,1,#,confirmed,evt(ch32h417.h)+rm-address(CH32H417RM.PDF)
CH32H417,CAN2,CAN,sFilterRegister[11].FR2,0x40006a9c,0x29c,32,1,#,confirmed,evt(ch32h417.h)+rm-address(CH32H417RM.PDF)
CH32H417,CAN2,CAN,sFilterRegister[12].FR1,0x40006aa0,0x2a0,32,1,#,confirmed,evt(ch32h417.h)+rm-address(CH32H417RM.PDF)
CH32H417,CAN2,CAN,sFilterRegister[12].FR2,0x40006aa4,0x2a4,32,1,#,confirmed,evt(ch32h417.h)+rm-address(CH32H417RM.PDF)
CH32H417,CAN2,CAN,sFilterRegister[13].FR1,0x40006aa8,0x2a8,32,1,#,confirmed,evt(ch32h417.h)+rm-address(CH32H417RM.PDF)
CH32H417,CAN2,CAN,sFilterRegister[13].FR2,0x40006aac,0x2ac,32,1,#,confirmed,evt(ch32h417.h)+rm-address(CH32H417RM.PDF)
CH32H417,CAN2,CAN,sFilterRegister[14].FR1,0x40006ab0,0x2b0,32,1,#,confirmed,evt(ch32h417.h)+rm-address(CH32H417RM.PDF)
CH32H417,CAN2,CAN,sFilterRegister[14].FR2,0x40006ab4,0x2b4,32,1,#,confirmed,evt(ch32h417.h)+rm-address(CH32H417RM.PDF)
CH32H417,CAN2,CAN,sFilterRegister[15].FR1,0x40006ab8,0x2b8,32,1,#,confirmed,evt(ch32h417.h)+rm-address(CH32H417RM.PDF)
CH32H417,CAN2,CAN,sFilterRegister[15].FR2,0x40006abc,0x2bc,32,1,#,confirmed,evt(ch32h417.h)+rm-address(CH32H417RM.PDF)
CH32H417,CAN2,CAN,sFilterRegister[16].FR1,0x40006ac0,0x2c0,32,1,#,confirmed,evt(ch32h417.h)+rm-address(CH32H417RM.PDF)
CH32H417,CAN2,CAN,sFilterRegister[16].FR2,0x40006ac4,0x2c4,32,1,#,confirmed,evt(ch32h417.h)+rm-address(CH32H417RM.PDF)
CH32H417,CAN2,CAN,sFilterRegister[17].FR1,0x40006ac8,0x2c8,32,1,#,confirmed,evt(ch32h417.h)+rm-address(CH32H417RM.PDF)
CH32H417,CAN2,CAN,sFilterRegister[17].FR2,0x40006acc,0x2cc,32,1,#,confirmed,evt(ch32h417.h)+rm-address(CH32H417RM.PDF)
CH32H417,CAN2,CAN,sFilterRegister[18].FR1,0x40006ad0,0x2d0,32,1,#,confirmed,evt(ch32h417.h)+rm-address(CH32H417RM.PDF)
CH32H417,CAN2,CAN,sFilterRegister[18].FR2,0x40006ad4,0x2d4,32,1,#,confirmed,evt(ch32h417.h)+rm-address(CH32H417RM.PDF)
CH32H417,CAN2,CAN,sFilterRegister[19].FR1,0x40006ad8,0x2d8,32,1,#,confirmed,evt(ch32h417.h)+rm-address(CH32H417RM.PDF)
CH32H417,CAN2,CAN,sFilterRegister[19].FR2,0x40006adc,0x2dc,32,1,#,confirmed,evt(ch32h417.h)+rm-address(CH32H417RM.PDF)
CH32H417,CAN2,CAN,sFilterRegister[20].FR1,0x40006ae0,0x2e0,32,1,#,confirmed,evt(ch32h417.h)+rm-address(CH32H417RM.PDF)
CH32H417,CAN2,CAN,sFilterRegister[20].FR2,0x40006ae4,0x2e4,32,1,#,confirmed,evt(ch32h417.h)+rm-address(CH32H417RM.PDF)
CH32H417,CAN2,CAN,sFilterRegister[21].FR1,0x40006ae8,0x2e8,32,1,#,confirmed,evt(ch32h417.h)+rm-address(CH32H417RM.PDF)
CH32H417,CAN2,CAN,sFilterRegister[21].FR2,0x40006aec,0x2ec,32,1,#,confirmed,evt(ch32h417.h)+rm-address(CH32H417RM.PDF)
CH32H417,CAN2,CAN,sFilterRegister[22].FR1,0x40006af0,0x2f0,32,1,#,confirmed,evt(ch32h417.h)+rm-address(CH32H417RM.PDF)
CH32H417,CAN2,CAN,sFilterRegister[22].FR2,0x40006af4,0x2f4,32,1,#,confirmed,evt(ch32h417.h)+rm-address(CH32H417RM.PDF)
CH32H417,CAN2,CAN,sFilterRegister[23].FR1,0x40006af8,0x2f8,32,1,#,confirmed,evt(ch32h417.h)+rm-address(CH32H417RM.PDF)
CH32H417,CAN2,CAN,sFilterRegister[23].FR2,0x40006afc,0x2fc,32,1,#,confirmed,evt(ch32h417.h)+rm-address(CH32H417RM.PDF)
CH32H417,CAN2,CAN,sFilterRegister[24].FR1,0x40006b00,0x300,32,1,#,confirmed,evt(ch32h417.h)+rm-address(CH32H417RM.PDF)
CH32H417,CAN2,CAN,sFilterRegister[24].FR2,0x40006b04,0x304,32,1,#,confirmed,evt(ch32h417.h)+rm-address(CH32H417RM.PDF)
CH32H417,CAN2,CAN,sFilterRegister[25].FR1,0x40006b08,0x308,32,1,#,confirmed,evt(ch32h417.h)+rm-address(CH32H417RM.PDF)
CH32H417,CAN2,CAN,sFilterRegister[25].FR2,0x40006b0c,0x30c,32,1,#,confirmed,evt(ch32h417.h)+rm-address(CH32H417RM.PDF)
CH32H417,CAN2,CAN,sFilterRegister[26].FR1,0x40006b10,0x310,32,1,#,confirmed,evt(ch32h417.h)+rm-address(CH32H417RM.PDF)
CH32H417,CAN2,CAN,sFilterRegister[26].FR2,0x40006b14,0x314,32,1,#,confirmed,evt(ch32h417.h)+rm-address(CH32H417RM.PDF)
CH32H417,CAN2,CAN,sFilterRegister[27].FR1,0x40006b18,0x318,32,1,#,confirmed,evt(ch32h417.h)+rm-address(CH32H417RM.PDF)
CH32H417,CAN2,CAN,sFilterRegister[27].FR2,0x40006b1c,0x31c,32,1,#,confirmed,evt(ch32h417.h)+rm-address(CH32H417RM.PDF)
CH32H417,CAN2,CAN,sFilterRegister[28].FR1,0x40006b20,0x320,32,1,#,confirmed,evt(ch32h417.h)+rm-address(CH32H417RM.PDF)
CH32H417,CAN2,CAN,sFilterRegister[28].FR2,0x40006b24,0x324,32,1,#,confirmed,evt(ch32h417.h)+rm-address(CH32H417RM.PDF)
CH32H417,CAN2,CAN,sFilterRegister[29].FR1,0x40006b28,0x328,32,1,#,confirmed,evt(ch32h417.h)+rm-address(CH32H417RM.PDF)
CH32H417,CAN2,CAN,sFilterRegister[29].FR2,0x40006b2c,0x32c,32,1,#,confirmed,evt(ch32h417.h)+rm-address(CH32H417RM.PDF)
CH32H417,CAN2,CAN,sFilterRegister[30].FR1,0x40006b30,0x330,32,1,#,confirmed,evt(ch32h417.h)+rm-address(CH32H417RM.PDF)
CH32H417,CAN2,CAN,sFilterRegister[30].FR2,0x40006b34,0x334,32,1,#,confirmed,evt(ch32h417.h)+rm-address(CH32H417RM.PDF)
CH32H417,CAN2,CAN,sFilterRegister[31].FR1,0x40006b38,0x338,32,1,#,confirmed,evt(ch32h417.h)+rm-address(CH32H417RM.PDF)
CH32H417,CAN2,CAN,sFilterRegister[31].FR2,0x40006b3c,0x33c,32,1,#,confirmed,evt(ch32h417.h)+rm-address(CH32H417RM.PDF)
CH32H417,CAN2,CAN,sFilterRegister[32].FR1,0x40006b40,0x340,32,1,#,confirmed,evt(ch32h417.h)+rm-address(CH32H417RM.PDF)
CH32H417,CAN2,CAN,sFilterRegister[32].FR2,0x40006b44,0x344,32,1,#,confirmed,evt(ch32h417.h)+rm-address(CH32H417RM.PDF)
CH32H417,CAN2,CAN,sFilterRegister[33].FR1,0x40006b48,0x348,32,1,#,confirmed,evt(ch32h417.h)+rm-address(CH32H417RM.PDF)
CH32H417,CAN2,CAN,sFilterRegister[33].FR2,0x40006b4c,0x34c,32,1,#,confirmed,evt(ch32h417.h)+rm-address(CH32H417RM.PDF)
CH32H417,CAN2,CAN,sFilterRegister[34].FR1,0x40006b50,0x350,32,1,#,confirmed,evt(ch32h417.h)+rm-address(CH32H417RM.PDF)
CH32H417,CAN2,CAN,sFilterRegister[34].FR2,0x40006b54,0x354,32,1,#,confirmed,evt(ch32h417.h)+rm-address(CH32H417RM.PDF)
CH32H417,CAN2,CAN,sFilterRegister[35].FR1,0x40006b58,0x358,32,1,#,confirmed,evt(ch32h417.h)+rm-address(CH32H417RM.PDF)
CH32H417,CAN2,CAN,sFilterRegister[35].FR2,0x40006b5c,0x35c,32,1,#,confirmed,evt(ch32h417.h)+rm-address(CH32H417RM.PDF)
CH32H417,CAN2,CAN,sFilterRegister[36].FR1,0x40006b60,0x360,32,1,#,confirmed,evt(ch32h417.h)+rm-address(CH32H417RM.PDF)
CH32H417,CAN2,CAN,sFilterRegister[36].FR2,0x40006b64,0x364,32,1,#,confirmed,evt(ch32h417.h)+rm-address(CH32H417RM.PDF)
CH32H417,CAN2,CAN,sFilterRegister[37].FR1,0x40006b68,0x368,32,1,#,confirmed,evt(ch32h417.h)+rm-address(CH32H417RM.PDF)
CH32H417,CAN2,CAN,sFilterRegister[37].FR2,0x40006b6c,0x36c,32,1,#,confirmed,evt(ch32h417.h)+rm-address(CH32H417RM.PDF)
CH32H417,CAN2,CAN,sFilterRegister[38].FR1,0x40006b70,0x370,32,1,#,confirmed,evt(ch32h417.h)+rm-address(CH32H417RM.PDF)
CH32H417,CAN2,CAN,sFilterRegister[38].FR2,0x40006b74,0x374,32,1,#,confirmed,evt(ch32h417.h)+rm-address(CH32H417RM.PDF)
CH32H417,CAN2,CAN,sFilterRegister[39].FR1,0x40006b78,0x378,32,1,#,confirmed,evt(ch32h417.h)+rm-address(CH32H417RM.PDF)
CH32H417,CAN2,CAN,sFilterRegister[39].FR2,0x40006b7c,0x37c,32,1,#,confirmed,evt(ch32h417.h)+rm-address(CH32H417RM.PDF)
CH32H417,CAN2,CAN,sFilterRegister[40].FR1,0x40006b80,0x380,32,1,#,confirmed,evt(ch32h417.h)+rm-address(CH32H417RM.PDF)
CH32H417,CAN2,CAN,sFilterRegister[40].FR2,0x40006b84,0x384,32,1,#,confirmed,evt(ch32h417.h)+rm-address(CH32H417RM.PDF)
CH32H417,CAN2,CAN,sFilterRegister[41].FR1,0x40006b88,0x388,32,1,#,confirmed,evt(ch32h417.h)+rm-address(CH32H417RM.PDF)
CH32H417,CAN2,CAN,sFilterRegister[41].FR2,0x40006b8c,0x38c,32,1,#,confirmed,evt(ch32h417.h)+rm-address(CH32H417RM.PDF)
CH32H417,PWR,PWR,CTLR,0x40007000,0x000,32,1,#,confirmed,evt(ch32h417.h)+rm-address(CH32H417RM.PDF)
CH32H417,PWR,PWR,CSR,0x40007004,0x004,32,1,#,confirmed,evt(ch32h417.h)+rm(CH32H417RM.PDF)+rm-address(CH32H417RM.PDF)
CH32H417,DAC,DAC,CTLR,0x40007400,0x000,32,1,#,confirmed,evt(ch32h417.h)+rm(CH32H417RM.PDF)+rm-address(CH32H417RM.PDF)
CH32H417,DAC,DAC,SWTR,0x40007404,0x004,32,1,#,confirmed,evt(ch32h417.h)+rm(CH32H417RM.PDF)+rm-address(CH32H417RM.PDF)
CH32H417,DAC,DAC,R12BDHR1,0x40007408,0x008,32,1,#,confirmed,evt(ch32h417.h)+rm(CH32H417RM.PDF)+rm-address(CH32H417RM.PDF)
CH32H417,DAC,DAC,L12BDHR1,0x4000740c,0x00c,32,1,#,confirmed,evt(ch32h417.h)+rm(CH32H417RM.PDF)+rm-address(CH32H417RM.PDF)
CH32H417,DAC,DAC,R8BDHR1,0x40007410,0x010,32,1,#,confirmed,evt(ch32h417.h)+rm(CH32H417RM.PDF)+rm-address(CH32H417RM.PDF)
CH32H417,DAC,DAC,R12BDHR2,0x40007414,0x014,32,1,#,confirmed,evt(ch32h417.h)+rm(CH32H417RM.PDF)+rm-address(CH32H417RM.PDF)
CH32H417,DAC,DAC,L12BDHR2,0x40007418,0x018,32,1,#,confirmed,evt(ch32h417.h)+rm(CH32H417RM.PDF)+rm-address(CH32H417RM.PDF)
CH32H417,DAC,DAC,R8BDHR2,0x4000741c,0x01c,32,1,#,confirmed,evt(ch32h417.h)+rm(CH32H417RM.PDF)+rm-address(CH32H417RM.PDF)
CH32H417,DAC,DAC,RD12BDHR,0x40007420,0x020,32,1,#,confirmed,evt(ch32h417.h)+rm(CH32H417RM.PDF)+rm-address(CH32H417RM.PDF)
CH32H417,DAC,DAC,LD12BDHR,0x40007424,0x024,32,1,#,confirmed,evt(ch32h417.h)+rm(CH32H417RM.PDF)+rm-address(CH32H417RM.PDF)
CH32H417,DAC,DAC,RD8BDHR,0x40007428,0x028,32,1,#,confirmed,evt(ch32h417.h)+rm(CH32H417RM.PDF)+rm-address(CH32H417RM.PDF)
CH32H417,DAC,DAC,DOR1,0x4000742c,0x02c,32,1,#,confirmed,evt(ch32h417.h)+rm(CH32H417RM.PDF)+rm-address(CH32H417RM.PDF)
CH32H417,DAC,DAC,DOR2,0x40007430,0x030,32,1,#,confirmed,evt(ch32h417.h)+rm(CH32H417RM.PDF)+rm-address(CH32H417RM.PDF)
CH32H417,CAN3,CAN,CTLR,0x40007800,0x000,32,1,#,confirmed,evt(ch32h417.h)+rm(CH32H417RM.PDF)+rm-address(CH32H417RM.PDF)
CH32H417,CAN3,CAN,STATR,0x40007804,0x004,32,1,#,confirmed,evt(ch32h417.h)+rm(CH32H417RM.PDF)+rm-address(CH32H417RM.PDF)
CH32H417,CAN3,CAN,TSTATR,0x40007808,0x008,32,1,#,confirmed,evt(ch32h417.h)+rm(CH32H417RM.PDF)+rm-address(CH32H417RM.PDF)
CH32H417,CAN3,CAN,RFIFO0,0x4000780c,0x00c,32,1,#,confirmed,evt(ch32h417.h)+rm(CH32H417RM.PDF)+rm-address(CH32H417RM.PDF)
CH32H417,CAN3,CAN,RFIFO1,0x40007810,0x010,32,1,#,confirmed,evt(ch32h417.h)+rm(CH32H417RM.PDF)+rm-address(CH32H417RM.PDF)
CH32H417,CAN3,CAN,INTENR,0x40007814,0x014,32,1,#,confirmed,evt(ch32h417.h)+rm(CH32H417RM.PDF)+rm-address(CH32H417RM.PDF)
CH32H417,CAN3,CAN,ERRSR,0x40007818,0x018,32,1,#,confirmed,evt(ch32h417.h)+rm(CH32H417RM.PDF)+rm-address(CH32H417RM.PDF)
CH32H417,CAN3,CAN,BTIMR,0x4000781c,0x01c,32,1,#,confirmed,evt(ch32h417.h)+rm(CH32H417RM.PDF)+rm-address(CH32H417RM.PDF)
CH32H417,CAN3,CAN,TTCTLR,0x40007820,0x020,32,1,#,confirmed,evt(ch32h417.h)+rm(CH32H417RM.PDF)+rm-address(CH32H417RM.PDF)
CH32H417,CAN3,CAN,TTCNT,0x40007824,0x024,32,1,#,confirmed,evt(ch32h417.h)+rm(CH32H417RM.PDF)+rm-address(CH32H417RM.PDF)
CH32H417,CAN3,CAN,TERR_CNT,0x40007828,0x028,32,1,#,confirmed,evt(ch32h417.h)+rm(CH32H417RM.PDF)+rm-address(CH32H417RM.PDF)
CH32H417,CAN3,CAN,sTxMailBox[0].TXMIR,0x40007980,0x180,32,1,#,confirmed,evt(ch32h417.h)+rm-address(CH32H417RM.PDF)
CH32H417,CAN3,CAN,sTxMailBox[0].TXMDTR,0x40007984,0x184,32,1,#,confirmed,evt(ch32h417.h)+rm-address(CH32H417RM.PDF)
CH32H417,CAN3,CAN,sTxMailBox[0].TXMDLR,0x40007988,0x188,32,1,#,confirmed,evt(ch32h417.h)+rm-address(CH32H417RM.PDF)
CH32H417,CAN3,CAN,sTxMailBox[0].TXMDHR,0x4000798c,0x18c,32,1,#,confirmed,evt(ch32h417.h)+rm-address(CH32H417RM.PDF)
CH32H417,CAN3,CAN,sTxMailBox[1].TXMIR,0x40007990,0x190,32,1,#,confirmed,evt(ch32h417.h)+rm-address(CH32H417RM.PDF)
CH32H417,CAN3,CAN,sTxMailBox[1].TXMDTR,0x40007994,0x194,32,1,#,confirmed,evt(ch32h417.h)+rm-address(CH32H417RM.PDF)
CH32H417,CAN3,CAN,sTxMailBox[1].TXMDLR,0x40007998,0x198,32,1,#,confirmed,evt(ch32h417.h)+rm-address(CH32H417RM.PDF)
CH32H417,CAN3,CAN,sTxMailBox[1].TXMDHR,0x4000799c,0x19c,32,1,#,confirmed,evt(ch32h417.h)+rm-address(CH32H417RM.PDF)
CH32H417,CAN3,CAN,sTxMailBox[2].TXMIR,0x400079a0,0x1a0,32,1,#,confirmed,evt(ch32h417.h)+rm-address(CH32H417RM.PDF)
CH32H417,CAN3,CAN,sTxMailBox[2].TXMDTR,0x400079a4,0x1a4,32,1,#,confirmed,evt(ch32h417.h)+rm-address(CH32H417RM.PDF)
CH32H417,CAN3,CAN,sTxMailBox[2].TXMDLR,0x400079a8,0x1a8,32,1,#,confirmed,evt(ch32h417.h)+rm-address(CH32H417RM.PDF)
CH32H417,CAN3,CAN,sTxMailBox[2].TXMDHR,0x400079ac,0x1ac,32,1,#,confirmed,evt(ch32h417.h)+rm-address(CH32H417RM.PDF)
CH32H417,CAN3,CAN,sFIFOMailBox[0].RXMIR,0x400079b0,0x1b0,32,1,#,confirmed,evt(ch32h417.h)+rm-address(CH32H417RM.PDF)
CH32H417,CAN3,CAN,sFIFOMailBox[0].RXMDTR,0x400079b4,0x1b4,32,1,#,confirmed,evt(ch32h417.h)+rm-address(CH32H417RM.PDF)
CH32H417,CAN3,CAN,sFIFOMailBox[0].RXMDLR,0x400079b8,0x1b8,32,1,#,confirmed,evt(ch32h417.h)+rm-address(CH32H417RM.PDF)
CH32H417,CAN3,CAN,sFIFOMailBox[0].RXMDHR,0x400079bc,0x1bc,32,1,#,confirmed,evt(ch32h417.h)+rm-address(CH32H417RM.PDF)
CH32H417,CAN3,CAN,sFIFOMailBox[1].RXMIR,0x400079c0,0x1c0,32,1,#,confirmed,evt(ch32h417.h)+rm-address(CH32H417RM.PDF)
CH32H417,CAN3,CAN,sFIFOMailBox[1].RXMDTR,0x400079c4,0x1c4,32,1,#,confirmed,evt(ch32h417.h)+rm-address(CH32H417RM.PDF)
CH32H417,CAN3,CAN,sFIFOMailBox[1].RXMDLR,0x400079c8,0x1c8,32,1,#,confirmed,evt(ch32h417.h)+rm-address(CH32H417RM.PDF)
CH32H417,CAN3,CAN,sFIFOMailBox[1].RXMDHR,0x400079cc,0x1cc,32,1,#,confirmed,evt(ch32h417.h)+rm-address(CH32H417RM.PDF)
CH32H417,CAN3,CAN,FCTLR,0x40007a00,0x200,32,1,#,confirmed,evt(ch32h417.h)+rm(CH32H417RM.PDF)+rm-address(CH32H417RM.PDF)
CH32H417,CAN3,CAN,FMCFGR,0x40007a04,0x204,32,1,#,conflict,evt(ch32h417.h)+rm(CH32H417RM.PDF)+rm-address(CH32H417RM.PDF)+!rm-address(CH32H417RM.PDF)(=0x40006608)
CH32H417,CAN3,CAN,FMCFGR_CAN3,0x40007a08,0x208,32,1,#,reference,evt(ch32h417.h)
CH32H417,CAN3,CAN,FSCFGR,0x40007a0c,0x20c,32,1,#,conflict,evt(ch32h417.h)+rm(CH32H417RM.PDF)+rm-address(CH32H417RM.PDF)+!rm-address(CH32H417RM.PDF)(=0x40006610)
CH32H417,CAN3,CAN,FSCFGR_CAN3,0x40007a10,0x210,32,1,#,reference,evt(ch32h417.h)
CH32H417,CAN3,CAN,FAFIFOR,0x40007a14,0x214,32,1,#,conflict,evt(ch32h417.h)+rm(CH32H417RM.PDF)+rm-address(CH32H417RM.PDF)+!rm-address(CH32H417RM.PDF)(=0x40006618)
CH32H417,CAN3,CAN,FAFIFOR_CAN3,0x40007a18,0x218,32,1,#,reference,evt(ch32h417.h)
CH32H417,CAN3,CAN,FWR,0x40007a1c,0x21c,32,1,#,conflict,evt(ch32h417.h)+rm(CH32H417RM.PDF)+rm-address(CH32H417RM.PDF)+!rm-address(CH32H417RM.PDF)(=0x40006620)
CH32H417,CAN3,CAN,FWR_CAN3,0x40007a20,0x220,32,1,#,reference,evt(ch32h417.h)
CH32H417,CAN3,CAN,sFilterRegister[0].FR1,0x40007a40,0x240,32,1,#,confirmed,evt(ch32h417.h)+rm-address(CH32H417RM.PDF)
CH32H417,CAN3,CAN,sFilterRegister[0].FR2,0x40007a44,0x244,32,1,#,confirmed,evt(ch32h417.h)+rm-address(CH32H417RM.PDF)
CH32H417,CAN3,CAN,sFilterRegister[1].FR1,0x40007a48,0x248,32,1,#,confirmed,evt(ch32h417.h)+rm-address(CH32H417RM.PDF)
CH32H417,CAN3,CAN,sFilterRegister[1].FR2,0x40007a4c,0x24c,32,1,#,confirmed,evt(ch32h417.h)+rm-address(CH32H417RM.PDF)
CH32H417,CAN3,CAN,sFilterRegister[2].FR1,0x40007a50,0x250,32,1,#,confirmed,evt(ch32h417.h)+rm-address(CH32H417RM.PDF)
CH32H417,CAN3,CAN,sFilterRegister[2].FR2,0x40007a54,0x254,32,1,#,confirmed,evt(ch32h417.h)+rm-address(CH32H417RM.PDF)
CH32H417,CAN3,CAN,sFilterRegister[3].FR1,0x40007a58,0x258,32,1,#,confirmed,evt(ch32h417.h)+rm-address(CH32H417RM.PDF)
CH32H417,CAN3,CAN,sFilterRegister[3].FR2,0x40007a5c,0x25c,32,1,#,confirmed,evt(ch32h417.h)+rm-address(CH32H417RM.PDF)
CH32H417,CAN3,CAN,sFilterRegister[4].FR1,0x40007a60,0x260,32,1,#,confirmed,evt(ch32h417.h)+rm-address(CH32H417RM.PDF)
CH32H417,CAN3,CAN,sFilterRegister[4].FR2,0x40007a64,0x264,32,1,#,confirmed,evt(ch32h417.h)+rm-address(CH32H417RM.PDF)
CH32H417,CAN3,CAN,sFilterRegister[5].FR1,0x40007a68,0x268,32,1,#,confirmed,evt(ch32h417.h)+rm-address(CH32H417RM.PDF)
CH32H417,CAN3,CAN,sFilterRegister[5].FR2,0x40007a6c,0x26c,32,1,#,confirmed,evt(ch32h417.h)+rm-address(CH32H417RM.PDF)
CH32H417,CAN3,CAN,sFilterRegister[6].FR1,0x40007a70,0x270,32,1,#,confirmed,evt(ch32h417.h)+rm-address(CH32H417RM.PDF)
CH32H417,CAN3,CAN,sFilterRegister[6].FR2,0x40007a74,0x274,32,1,#,confirmed,evt(ch32h417.h)+rm-address(CH32H417RM.PDF)
CH32H417,CAN3,CAN,sFilterRegister[7].FR1,0x40007a78,0x278,32,1,#,confirmed,evt(ch32h417.h)+rm-address(CH32H417RM.PDF)
CH32H417,CAN3,CAN,sFilterRegister[7].FR2,0x40007a7c,0x27c,32,1,#,confirmed,evt(ch32h417.h)+rm-address(CH32H417RM.PDF)
CH32H417,CAN3,CAN,sFilterRegister[8].FR1,0x40007a80,0x280,32,1,#,confirmed,evt(ch32h417.h)+rm-address(CH32H417RM.PDF)
CH32H417,CAN3,CAN,sFilterRegister[8].FR2,0x40007a84,0x284,32,1,#,confirmed,evt(ch32h417.h)+rm-address(CH32H417RM.PDF)
CH32H417,CAN3,CAN,sFilterRegister[9].FR1,0x40007a88,0x288,32,1,#,confirmed,evt(ch32h417.h)+rm-address(CH32H417RM.PDF)
CH32H417,CAN3,CAN,sFilterRegister[9].FR2,0x40007a8c,0x28c,32,1,#,confirmed,evt(ch32h417.h)+rm-address(CH32H417RM.PDF)
CH32H417,CAN3,CAN,sFilterRegister[10].FR1,0x40007a90,0x290,32,1,#,confirmed,evt(ch32h417.h)+rm-address(CH32H417RM.PDF)
CH32H417,CAN3,CAN,sFilterRegister[10].FR2,0x40007a94,0x294,32,1,#,confirmed,evt(ch32h417.h)+rm-address(CH32H417RM.PDF)
CH32H417,CAN3,CAN,sFilterRegister[11].FR1,0x40007a98,0x298,32,1,#,confirmed,evt(ch32h417.h)+rm-address(CH32H417RM.PDF)
CH32H417,CAN3,CAN,sFilterRegister[11].FR2,0x40007a9c,0x29c,32,1,#,confirmed,evt(ch32h417.h)+rm-address(CH32H417RM.PDF)
CH32H417,CAN3,CAN,sFilterRegister[12].FR1,0x40007aa0,0x2a0,32,1,#,confirmed,evt(ch32h417.h)+rm-address(CH32H417RM.PDF)
CH32H417,CAN3,CAN,sFilterRegister[12].FR2,0x40007aa4,0x2a4,32,1,#,confirmed,evt(ch32h417.h)+rm-address(CH32H417RM.PDF)
CH32H417,CAN3,CAN,sFilterRegister[13].FR1,0x40007aa8,0x2a8,32,1,#,confirmed,evt(ch32h417.h)+rm-address(CH32H417RM.PDF)
CH32H417,CAN3,CAN,sFilterRegister[13].FR2,0x40007aac,0x2ac,32,1,#,confirmed,evt(ch32h417.h)+rm-address(CH32H417RM.PDF)
CH32H417,CAN3,CAN,sFilterRegister[14].FR1,0x40007ab0,0x2b0,32,1,#,confirmed,evt(ch32h417.h)+rm-address(CH32H417RM.PDF)
CH32H417,CAN3,CAN,sFilterRegister[14].FR2,0x40007ab4,0x2b4,32,1,#,confirmed,evt(ch32h417.h)+rm-address(CH32H417RM.PDF)
CH32H417,CAN3,CAN,sFilterRegister[15].FR1,0x40007ab8,0x2b8,32,1,#,confirmed,evt(ch32h417.h)+rm-address(CH32H417RM.PDF)
CH32H417,CAN3,CAN,sFilterRegister[15].FR2,0x40007abc,0x2bc,32,1,#,confirmed,evt(ch32h417.h)+rm-address(CH32H417RM.PDF)
CH32H417,CAN3,CAN,sFilterRegister[16].FR1,0x40007ac0,0x2c0,32,1,#,confirmed,evt(ch32h417.h)+rm-address(CH32H417RM.PDF)
CH32H417,CAN3,CAN,sFilterRegister[16].FR2,0x40007ac4,0x2c4,32,1,#,confirmed,evt(ch32h417.h)+rm-address(CH32H417RM.PDF)
CH32H417,CAN3,CAN,sFilterRegister[17].FR1,0x40007ac8,0x2c8,32,1,#,confirmed,evt(ch32h417.h)+rm-address(CH32H417RM.PDF)
CH32H417,CAN3,CAN,sFilterRegister[17].FR2,0x40007acc,0x2cc,32,1,#,confirmed,evt(ch32h417.h)+rm-address(CH32H417RM.PDF)
CH32H417,CAN3,CAN,sFilterRegister[18].FR1,0x40007ad0,0x2d0,32,1,#,confirmed,evt(ch32h417.h)+rm-address(CH32H417RM.PDF)
CH32H417,CAN3,CAN,sFilterRegister[18].FR2,0x40007ad4,0x2d4,32,1,#,confirmed,evt(ch32h417.h)+rm-address(CH32H417RM.PDF)
CH32H417,CAN3,CAN,sFilterRegister[19].FR1,0x40007ad8,0x2d8,32,1,#,confirmed,evt(ch32h417.h)+rm-address(CH32H417RM.PDF)
CH32H417,CAN3,CAN,sFilterRegister[19].FR2,0x40007adc,0x2dc,32,1,#,confirmed,evt(ch32h417.h)+rm-address(CH32H417RM.PDF)
CH32H417,CAN3,CAN,sFilterRegister[20].FR1,0x40007ae0,0x2e0,32,1,#,confirmed,evt(ch32h417.h)+rm-address(CH32H417RM.PDF)
CH32H417,CAN3,CAN,sFilterRegister[20].FR2,0x40007ae4,0x2e4,32,1,#,confirmed,evt(ch32h417.h)+rm-address(CH32H417RM.PDF)
CH32H417,CAN3,CAN,sFilterRegister[21].FR1,0x40007ae8,0x2e8,32,1,#,confirmed,evt(ch32h417.h)+rm-address(CH32H417RM.PDF)
CH32H417,CAN3,CAN,sFilterRegister[21].FR2,0x40007aec,0x2ec,32,1,#,confirmed,evt(ch32h417.h)+rm-address(CH32H417RM.PDF)
CH32H417,CAN3,CAN,sFilterRegister[22].FR1,0x40007af0,0x2f0,32,1,#,confirmed,evt(ch32h417.h)+rm-address(CH32H417RM.PDF)
CH32H417,CAN3,CAN,sFilterRegister[22].FR2,0x40007af4,0x2f4,32,1,#,confirmed,evt(ch32h417.h)+rm-address(CH32H417RM.PDF)
CH32H417,CAN3,CAN,sFilterRegister[23].FR1,0x40007af8,0x2f8,32,1,#,confirmed,evt(ch32h417.h)+rm-address(CH32H417RM.PDF)
CH32H417,CAN3,CAN,sFilterRegister[23].FR2,0x40007afc,0x2fc,32,1,#,confirmed,evt(ch32h417.h)+rm-address(CH32H417RM.PDF)
CH32H417,CAN3,CAN,sFilterRegister[24].FR1,0x40007b00,0x300,32,1,#,confirmed,evt(ch32h417.h)+rm-address(CH32H417RM.PDF)
CH32H417,CAN3,CAN,sFilterRegister[24].FR2,0x40007b04,0x304,32,1,#,confirmed,evt(ch32h417.h)+rm-address(CH32H417RM.PDF)
CH32H417,CAN3,CAN,sFilterRegister[25].FR1,0x40007b08,0x308,32,1,#,confirmed,evt(ch32h417.h)+rm-address(CH32H417RM.PDF)
CH32H417,CAN3,CAN,sFilterRegister[25].FR2,0x40007b0c,0x30c,32,1,#,confirmed,evt(ch32h417.h)+rm-address(CH32H417RM.PDF)
CH32H417,CAN3,CAN,sFilterRegister[26].FR1,0x40007b10,0x310,32,1,#,confirmed,evt(ch32h417.h)+rm-address(CH32H417RM.PDF)
CH32H417,CAN3,CAN,sFilterRegister[26].FR2,0x40007b14,0x314,32,1,#,confirmed,evt(ch32h417.h)+rm-address(CH32H417RM.PDF)
CH32H417,CAN3,CAN,sFilterRegister[27].FR1,0x40007b18,0x318,32,1,#,confirmed,evt(ch32h417.h)+rm-address(CH32H417RM.PDF)
CH32H417,CAN3,CAN,sFilterRegister[27].FR2,0x40007b1c,0x31c,32,1,#,confirmed,evt(ch32h417.h)+rm-address(CH32H417RM.PDF)
CH32H417,CAN3,CAN,sFilterRegister[28].FR1,0x40007b20,0x320,32,1,#,confirmed,evt(ch32h417.h)+rm-address(CH32H417RM.PDF)
CH32H417,CAN3,CAN,sFilterRegister[28].FR2,0x40007b24,0x324,32,1,#,confirmed,evt(ch32h417.h)+rm-address(CH32H417RM.PDF)
CH32H417,CAN3,CAN,sFilterRegister[29].FR1,0x40007b28,0x328,32,1,#,confirmed,evt(ch32h417.h)+rm-address(CH32H417RM.PDF)
CH32H417,CAN3,CAN,sFilterRegister[29].FR2,0x40007b2c,0x32c,32,1,#,confirmed,evt(ch32h417.h)+rm-address(CH32H417RM.PDF)
CH32H417,CAN3,CAN,sFilterRegister[30].FR1,0x40007b30,0x330,32,1,#,confirmed,evt(ch32h417.h)+rm-address(CH32H417RM.PDF)
CH32H417,CAN3,CAN,sFilterRegister[30].FR2,0x40007b34,0x334,32,1,#,confirmed,evt(ch32h417.h)+rm-address(CH32H417RM.PDF)
CH32H417,CAN3,CAN,sFilterRegister[31].FR1,0x40007b38,0x338,32,1,#,confirmed,evt(ch32h417.h)+rm-address(CH32H417RM.PDF)
CH32H417,CAN3,CAN,sFilterRegister[31].FR2,0x40007b3c,0x33c,32,1,#,confirmed,evt(ch32h417.h)+rm-address(CH32H417RM.PDF)
CH32H417,CAN3,CAN,sFilterRegister[32].FR1,0x40007b40,0x340,32,1,#,confirmed,evt(ch32h417.h)+rm-address(CH32H417RM.PDF)
CH32H417,CAN3,CAN,sFilterRegister[32].FR2,0x40007b44,0x344,32,1,#,confirmed,evt(ch32h417.h)+rm-address(CH32H417RM.PDF)
CH32H417,CAN3,CAN,sFilterRegister[33].FR1,0x40007b48,0x348,32,1,#,confirmed,evt(ch32h417.h)+rm-address(CH32H417RM.PDF)
CH32H417,CAN3,CAN,sFilterRegister[33].FR2,0x40007b4c,0x34c,32,1,#,confirmed,evt(ch32h417.h)+rm-address(CH32H417RM.PDF)
CH32H417,CAN3,CAN,sFilterRegister[34].FR1,0x40007b50,0x350,32,1,#,confirmed,evt(ch32h417.h)+rm-address(CH32H417RM.PDF)
CH32H417,CAN3,CAN,sFilterRegister[34].FR2,0x40007b54,0x354,32,1,#,confirmed,evt(ch32h417.h)+rm-address(CH32H417RM.PDF)
CH32H417,CAN3,CAN,sFilterRegister[35].FR1,0x40007b58,0x358,32,1,#,confirmed,evt(ch32h417.h)+rm-address(CH32H417RM.PDF)
CH32H417,CAN3,CAN,sFilterRegister[35].FR2,0x40007b5c,0x35c,32,1,#,confirmed,evt(ch32h417.h)+rm-address(CH32H417RM.PDF)
CH32H417,CAN3,CAN,sFilterRegister[36].FR1,0x40007b60,0x360,32,1,#,confirmed,evt(ch32h417.h)+rm-address(CH32H417RM.PDF)
CH32H417,CAN3,CAN,sFilterRegister[36].FR2,0x40007b64,0x364,32,1,#,confirmed,evt(ch32h417.h)+rm-address(CH32H417RM.PDF)
CH32H417,CAN3,CAN,sFilterRegister[37].FR1,0x40007b68,0x368,32,1,#,confirmed,evt(ch32h417.h)+rm-address(CH32H417RM.PDF)
CH32H417,CAN3,CAN,sFilterRegister[37].FR2,0x40007b6c,0x36c,32,1,#,confirmed,evt(ch32h417.h)+rm-address(CH32H417RM.PDF)
CH32H417,CAN3,CAN,sFilterRegister[38].FR1,0x40007b70,0x370,32,1,#,confirmed,evt(ch32h417.h)+rm-address(CH32H417RM.PDF)
CH32H417,CAN3,CAN,sFilterRegister[38].FR2,0x40007b74,0x374,32,1,#,confirmed,evt(ch32h417.h)+rm-address(CH32H417RM.PDF)
CH32H417,CAN3,CAN,sFilterRegister[39].FR1,0x40007b78,0x378,32,1,#,confirmed,evt(ch32h417.h)+rm-address(CH32H417RM.PDF)
CH32H417,CAN3,CAN,sFilterRegister[39].FR2,0x40007b7c,0x37c,32,1,#,confirmed,evt(ch32h417.h)+rm-address(CH32H417RM.PDF)
CH32H417,CAN3,CAN,sFilterRegister[40].FR1,0x40007b80,0x380,32,1,#,confirmed,evt(ch32h417.h)+rm-address(CH32H417RM.PDF)
CH32H417,CAN3,CAN,sFilterRegister[40].FR2,0x40007b84,0x384,32,1,#,confirmed,evt(ch32h417.h)+rm-address(CH32H417RM.PDF)
CH32H417,CAN3,CAN,sFilterRegister[41].FR1,0x40007b88,0x388,32,1,#,confirmed,evt(ch32h417.h)+rm-address(CH32H417RM.PDF)
CH32H417,CAN3,CAN,sFilterRegister[41].FR2,0x40007b8c,0x38c,32,1,#,confirmed,evt(ch32h417.h)+rm-address(CH32H417RM.PDF)
CH32H417,SWPMI,SWPMI,CR,0x40008400,0x000,32,1,#,confirmed,evt(ch32h417.h)+rm-address(CH32H417RM.PDF)
CH32H417,SWPMI,SWPMI,BRR,0x40008404,0x004,32,1,#,confirmed,evt(ch32h417.h)+rm-address(CH32H417RM.PDF)
CH32H417,SWPMI,SWPMI,ISR,0x4000840c,0x00c,32,1,#,confirmed,evt(ch32h417.h)+rm-address(CH32H417RM.PDF)
CH32H417,SWPMI,SWPMI,ICR,0x40008410,0x010,32,1,#,confirmed,evt(ch32h417.h)+rm-address(CH32H417RM.PDF)
CH32H417,SWPMI,SWPMI,IER,0x40008414,0x014,32,1,#,reference,evt(ch32h417.h)
CH32H417,SWPMI,SWPMI,RFL,0x40008418,0x018,32,1,#,confirmed,evt(ch32h417.h)+rm-address(CH32H417RM.PDF)
CH32H417,SWPMI,SWPMI,TDR,0x4000841c,0x01c,32,1,#,confirmed,evt(ch32h417.h)+rm-address(CH32H417RM.PDF)
CH32H417,SWPMI,SWPMI,RDR,0x40008420,0x020,32,1,#,confirmed,evt(ch32h417.h)+rm-address(CH32H417RM.PDF)
CH32H417,SWPMI,SWPMI,OR,0x40008424,0x024,32,1,#,confirmed,evt(ch32h417.h)+rm-address(CH32H417RM.PDF)
CH32H417,AFIO,AFIO,PCFR1,0x40010000,0x000,32,1,#,confirmed,evt(ch32h417.h)+rm(CH32H417RM.PDF)+rm-address(CH32H417RM.PDF)
CH32H417,AFIO,AFIO,GPIOA_AFLR,0x40010004,0x004,32,1,#,confirmed,evt(ch32h417.h)+rm-address(CH32H417RM.PDF)
CH32H417,AFIO,AFIO,GPIOA_AFHR,0x40010008,0x008,32,1,#,confirmed,evt(ch32h417.h)+rm-address(CH32H417RM.PDF)
CH32H417,AFIO,AFIO,GPIOB_AFLR,0x4001000c,0x00c,32,1,#,confirmed,evt(ch32h417.h)+rm-address(CH32H417RM.PDF)
CH32H417,AFIO,AFIO,GPIOB_AFHR,0x40010010,0x010,32,1,#,confirmed,evt(ch32h417.h)+rm-address(CH32H417RM.PDF)
CH32H417,AFIO,AFIO,GPIOC_AFLR,0x40010014,0x014,32,1,#,confirmed,evt(ch32h417.h)+rm-address(CH32H417RM.PDF)
CH32H417,AFIO,AFIO,GPIOC_AFHR,0x40010018,0x018,32,1,#,confirmed,evt(ch32h417.h)+rm-address(CH32H417RM.PDF)
CH32H417,AFIO,AFIO,GPIOD_AFLR,0x4001001c,0x01c,32,1,#,confirmed,evt(ch32h417.h)+rm-address(CH32H417RM.PDF)
CH32H417,AFIO,AFIO,GPIOD_AFHR,0x40010020,0x020,32,1,#,confirmed,evt(ch32h417.h)+rm-address(CH32H417RM.PDF)
CH32H417,AFIO,AFIO,GPIOE_AFLR,0x40010024,0x024,32,1,#,confirmed,evt(ch32h417.h)+rm-address(CH32H417RM.PDF)
CH32H417,AFIO,AFIO,GPIOE_AFHR,0x40010028,0x028,32,1,#,confirmed,evt(ch32h417.h)+rm-address(CH32H417RM.PDF)
CH32H417,AFIO,AFIO,GPIOF_AFLR,0x4001002c,0x02c,32,1,#,confirmed,evt(ch32h417.h)+rm-address(CH32H417RM.PDF)
CH32H417,AFIO,AFIO,GPIOF_AFHR,0x40010030,0x030,32,1,#,confirmed,evt(ch32h417.h)+rm-address(CH32H417RM.PDF)
CH32H417,AFIO,AFIO,EXTICR1,0x4001003c,0x03c,32,1,#,confirmed,evt(ch32h417.h)+rm-address(CH32H417RM.PDF)
CH32H417,AFIO,AFIO,EXTICR2,0x40010040,0x040,32,1,#,confirmed,evt(ch32h417.h)+rm-address(CH32H417RM.PDF)
CH32H417,EXTI,EXTI,INTENR,0x40010400,0x000,32,1,#,confirmed,evt(ch32h417.h)+rm-address(CH32H417RM.PDF)
CH32H417,EXTI,EXTI,EVENR,0x40010404,0x004,32,1,#,confirmed,evt(ch32h417.h)+rm(CH32H417RM.PDF)+rm-address(CH32H417RM.PDF)
CH32H417,EXTI,EXTI,RTENR,0x40010408,0x008,32,1,#,confirmed,evt(ch32h417.h)+rm(CH32H417RM.PDF)+rm-address(CH32H417RM.PDF)
CH32H417,EXTI,EXTI,FTENR,0x4001040c,0x00c,32,1,#,confirmed,evt(ch32h417.h)+rm(CH32H417RM.PDF)+rm-address(CH32H417RM.PDF)
CH32H417,EXTI,EXTI,SWIEVR,0x40010410,0x010,32,1,#,confirmed,evt(ch32h417.h)+rm(CH32H417RM.PDF)+rm-address(CH32H417RM.PDF)
CH32H417,EXTI,EXTI,INTFR,0x40010414,0x014,32,1,#,confirmed,evt(ch32h417.h)+rm(CH32H417RM.PDF)+rm-address(CH32H417RM.PDF)
CH32H417,GPIOA,GPIO,CFGLR,0x40010800,0x000,32,1,#,confirmed,evt(ch32h417.h)+rm-address(CH32H417RM.PDF)
CH32H417,GPIOA,GPIO,CFGHR,0x40010804,0x004,32,1,#,confirmed,evt(ch32h417.h)+rm(CH32H417RM.PDF)+rm-address(CH32H417RM.PDF)
CH32H417,GPIOA,GPIO,INDR,0x40010808,0x008,32,1,#,confirmed,evt(ch32h417.h)+rm(CH32H417RM.PDF)+rm-address(CH32H417RM.PDF)
CH32H417,GPIOA,GPIO,OUTDR,0x4001080c,0x00c,32,1,#,confirmed,evt(ch32h417.h)+rm(CH32H417RM.PDF)+rm-address(CH32H417RM.PDF)
CH32H417,GPIOA,GPIO,BSHR,0x40010810,0x010,32,1,#,confirmed,evt(ch32h417.h)+rm(CH32H417RM.PDF)+rm-address(CH32H417RM.PDF)
CH32H417,GPIOA,GPIO,BCR,0x40010814,0x014,32,1,#,confirmed,evt(ch32h417.h)+rm(CH32H417RM.PDF)+rm-address(CH32H417RM.PDF)
CH32H417,GPIOA,GPIO,LCKR,0x40010818,0x018,32,1,#,confirmed,evt(ch32h417.h)+rm(CH32H417RM.PDF)+rm-address(CH32H417RM.PDF)
CH32H417,GPIOA,GPIO,SPEED,0x4001081c,0x01c,32,1,#,confirmed,evt(ch32h417.h)+rm(CH32H417RM.PDF)+rm-address(CH32H417RM.PDF)
CH32H417,GPIOB,GPIO,CFGLR,0x40010c00,0x000,32,1,#,confirmed,evt(ch32h417.h)+rm-address(CH32H417RM.PDF)
CH32H417,GPIOB,GPIO,CFGHR,0x40010c04,0x004,32,1,#,confirmed,evt(ch32h417.h)+rm(CH32H417RM.PDF)+rm-address(CH32H417RM.PDF)
CH32H417,GPIOB,GPIO,INDR,0x40010c08,0x008,32,1,#,confirmed,evt(ch32h417.h)+rm(CH32H417RM.PDF)+rm-address(CH32H417RM.PDF)
CH32H417,GPIOB,GPIO,OUTDR,0x40010c0c,0x00c,32,1,#,confirmed,evt(ch32h417.h)+rm(CH32H417RM.PDF)+rm-address(CH32H417RM.PDF)
CH32H417,GPIOB,GPIO,BSHR,0x40010c10,0x010,32,1,#,confirmed,evt(ch32h417.h)+rm(CH32H417RM.PDF)+rm-address(CH32H417RM.PDF)
CH32H417,GPIOB,GPIO,BCR,0x40010c14,0x014,32,1,#,confirmed,evt(ch32h417.h)+rm(CH32H417RM.PDF)+rm-address(CH32H417RM.PDF)
CH32H417,GPIOB,GPIO,LCKR,0x40010c18,0x018,32,1,#,confirmed,evt(ch32h417.h)+rm(CH32H417RM.PDF)+rm-address(CH32H417RM.PDF)
CH32H417,GPIOB,GPIO,SPEED,0x40010c1c,0x01c,32,1,#,confirmed,evt(ch32h417.h)+rm(CH32H417RM.PDF)+rm-address(CH32H417RM.PDF)
CH32H417,GPIOC,GPIO,CFGLR,0x40011000,0x000,32,1,#,confirmed,evt(ch32h417.h)+rm-address(CH32H417RM.PDF)
CH32H417,GPIOC,GPIO,CFGHR,0x40011004,0x004,32,1,#,confirmed,evt(ch32h417.h)+rm(CH32H417RM.PDF)+rm-address(CH32H417RM.PDF)
CH32H417,GPIOC,GPIO,INDR,0x40011008,0x008,32,1,#,confirmed,evt(ch32h417.h)+rm(CH32H417RM.PDF)+rm-address(CH32H417RM.PDF)
CH32H417,GPIOC,GPIO,OUTDR,0x4001100c,0x00c,32,1,#,confirmed,evt(ch32h417.h)+rm(CH32H417RM.PDF)+rm-address(CH32H417RM.PDF)
CH32H417,GPIOC,GPIO,BSHR,0x40011010,0x010,32,1,#,confirmed,evt(ch32h417.h)+rm(CH32H417RM.PDF)+rm-address(CH32H417RM.PDF)
CH32H417,GPIOC,GPIO,BCR,0x40011014,0x014,32,1,#,confirmed,evt(ch32h417.h)+rm(CH32H417RM.PDF)+rm-address(CH32H417RM.PDF)
CH32H417,GPIOC,GPIO,LCKR,0x40011018,0x018,32,1,#,confirmed,evt(ch32h417.h)+rm(CH32H417RM.PDF)+rm-address(CH32H417RM.PDF)
CH32H417,GPIOC,GPIO,SPEED,0x4001101c,0x01c,32,1,#,confirmed,evt(ch32h417.h)+rm(CH32H417RM.PDF)+rm-address(CH32H417RM.PDF)
CH32H417,GPIOD,GPIO,CFGLR,0x40011400,0x000,32,1,#,confirmed,evt(ch32h417.h)+rm-address(CH32H417RM.PDF)
CH32H417,GPIOD,GPIO,CFGHR,0x40011404,0x004,32,1,#,confirmed,evt(ch32h417.h)+rm(CH32H417RM.PDF)+rm-address(CH32H417RM.PDF)
CH32H417,GPIOD,GPIO,INDR,0x40011408,0x008,32,1,#,confirmed,evt(ch32h417.h)+rm(CH32H417RM.PDF)+rm-address(CH32H417RM.PDF)
CH32H417,GPIOD,GPIO,OUTDR,0x4001140c,0x00c,32,1,#,confirmed,evt(ch32h417.h)+rm(CH32H417RM.PDF)+rm-address(CH32H417RM.PDF)
CH32H417,GPIOD,GPIO,BSHR,0x40011410,0x010,32,1,#,confirmed,evt(ch32h417.h)+rm(CH32H417RM.PDF)+rm-address(CH32H417RM.PDF)
CH32H417,GPIOD,GPIO,BCR,0x40011414,0x014,32,1,#,confirmed,evt(ch32h417.h)+rm(CH32H417RM.PDF)+rm-address(CH32H417RM.PDF)
CH32H417,GPIOD,GPIO,LCKR,0x40011418,0x018,32,1,#,confirmed,evt(ch32h417.h)+rm(CH32H417RM.PDF)+rm-address(CH32H417RM.PDF)
CH32H417,GPIOD,GPIO,SPEED,0x4001141c,0x01c,32,1,#,confirmed,evt(ch32h417.h)+rm(CH32H417RM.PDF)+rm-address(CH32H417RM.PDF)
CH32H417,GPIOE,GPIO,CFGLR,0x40011800,0x000,32,1,#,confirmed,evt(ch32h417.h)+rm-address(CH32H417RM.PDF)
CH32H417,GPIOE,GPIO,CFGHR,0x40011804,0x004,32,1,#,confirmed,evt(ch32h417.h)+rm(CH32H417RM.PDF)+rm-address(CH32H417RM.PDF)
CH32H417,GPIOE,GPIO,INDR,0x40011808,0x008,32,1,#,confirmed,evt(ch32h417.h)+rm(CH32H417RM.PDF)+rm-address(CH32H417RM.PDF)
CH32H417,GPIOE,GPIO,OUTDR,0x4001180c,0x00c,32,1,#,confirmed,evt(ch32h417.h)+rm(CH32H417RM.PDF)+rm-address(CH32H417RM.PDF)
CH32H417,GPIOE,GPIO,BSHR,0x40011810,0x010,32,1,#,confirmed,evt(ch32h417.h)+rm(CH32H417RM.PDF)+rm-address(CH32H417RM.PDF)
CH32H417,GPIOE,GPIO,BCR,0x40011814,0x014,32,1,#,confirmed,evt(ch32h417.h)+rm(CH32H417RM.PDF)+rm-address(CH32H417RM.PDF)
CH32H417,GPIOE,GPIO,LCKR,0x40011818,0x018,32,1,#,confirmed,evt(ch32h417.h)+rm(CH32H417RM.PDF)+rm-address(CH32H417RM.PDF)
CH32H417,GPIOE,GPIO,SPEED,0x4001181c,0x01c,32,1,#,confirmed,evt(ch32h417.h)+rm(CH32H417RM.PDF)+rm-address(CH32H417RM.PDF)
CH32H417,GPIOF,GPIO,CFGLR,0x40011c00,0x000,32,1,#,confirmed,evt(ch32h417.h)+rm-address(CH32H417RM.PDF)
CH32H417,GPIOF,GPIO,CFGHR,0x40011c04,0x004,32,1,#,confirmed,evt(ch32h417.h)+rm(CH32H417RM.PDF)+rm-address(CH32H417RM.PDF)
CH32H417,GPIOF,GPIO,INDR,0x40011c08,0x008,32,1,#,confirmed,evt(ch32h417.h)+rm(CH32H417RM.PDF)+rm-address(CH32H417RM.PDF)
CH32H417,GPIOF,GPIO,OUTDR,0x40011c0c,0x00c,32,1,#,confirmed,evt(ch32h417.h)+rm(CH32H417RM.PDF)+rm-address(CH32H417RM.PDF)
CH32H417,GPIOF,GPIO,BSHR,0x40011c10,0x010,32,1,#,confirmed,evt(ch32h417.h)+rm(CH32H417RM.PDF)+rm-address(CH32H417RM.PDF)
CH32H417,GPIOF,GPIO,BCR,0x40011c14,0x014,32,1,#,confirmed,evt(ch32h417.h)+rm(CH32H417RM.PDF)+rm-address(CH32H417RM.PDF)
CH32H417,GPIOF,GPIO,LCKR,0x40011c18,0x018,32,1,#,confirmed,evt(ch32h417.h)+rm(CH32H417RM.PDF)+rm-address(CH32H417RM.PDF)
CH32H417,GPIOF,GPIO,SPEED,0x40011c1c,0x01c,32,1,#,confirmed,evt(ch32h417.h)+rm(CH32H417RM.PDF)+rm-address(CH32H417RM.PDF)
CH32H417,ADC1,ADC,STATR,0x40012400,0x000,32,1,#,confirmed,evt(ch32h417.h)+rm(CH32H417RM.PDF)+rm-address(CH32H417RM.PDF)
CH32H417,TKey1,ADC,STATR,0x40012400,0x000,32,1,#,reference,evt(ch32h417.h)+rm(CH32H417RM.PDF)+rm-address(CH32H417RM.PDF)
CH32H417,ADC1,ADC,CTLR1,0x40012404,0x004,32,1,#,confirmed,evt(ch32h417.h)+rm(CH32H417RM.PDF)+rm-address(CH32H417RM.PDF)
CH32H417,TKey1,ADC,CTLR1,0x40012404,0x004,32,1,#,reference,evt(ch32h417.h)+rm(CH32H417RM.PDF)+rm-address(CH32H417RM.PDF)
CH32H417,ADC1,ADC,CTLR2,0x40012408,0x008,32,1,#,confirmed,evt(ch32h417.h)+rm(CH32H417RM.PDF)+rm-address(CH32H417RM.PDF)
CH32H417,TKey1,ADC,CTLR2,0x40012408,0x008,32,1,#,reference,evt(ch32h417.h)+rm(CH32H417RM.PDF)+rm-address(CH32H417RM.PDF)
CH32H417,ADC1,ADC,SAMPTR1,0x4001240c,0x00c,32,1,#,confirmed,evt(ch32h417.h)+rm(CH32H417RM.PDF)+rm-address(CH32H417RM.PDF)
CH32H417,TKey1,ADC,SAMPTR1,0x4001240c,0x00c,32,1,#,reference,evt(ch32h417.h)+rm(CH32H417RM.PDF)+rm-address(CH32H417RM.PDF)
CH32H417,ADC1,ADC,SAMPTR2,0x40012410,0x010,32,1,#,confirmed,evt(ch32h417.h)+rm(CH32H417RM.PDF)+rm-address(CH32H417RM.PDF)
CH32H417,TKey1,ADC,SAMPTR2,0x40012410,0x010,32,1,#,reference,evt(ch32h417.h)+rm(CH32H417RM.PDF)+rm-address(CH32H417RM.PDF)
CH32H417,ADC1,ADC,IOFR1,0x40012414,0x014,32,1,#,confirmed,evt(ch32h417.h)+rm-address(CH32H417RM.PDF)
CH32H417,TKey1,ADC,IOFR1,0x40012414,0x014,32,1,#,reference,evt(ch32h417.h)+rm-address(CH32H417RM.PDF)
CH32H417,ADC1,ADC,IOFR2,0x40012418,0x018,32,1,#,confirmed,evt(ch32h417.h)+rm-address(CH32H417RM.PDF)
CH32H417,TKey1,ADC,IOFR2,0x40012418,0x018,32,1,#,reference,evt(ch32h417.h)+rm-address(CH32H417RM.PDF)
CH32H417,ADC1,ADC,IOFR3,0x4001241c,0x01c,32,1,#,confirmed,evt(ch32h417.h)+rm-address(CH32H417RM.PDF)
CH32H417,TKey1,ADC,IOFR3,0x4001241c,0x01c,32,1,#,reference,evt(ch32h417.h)+rm-address(CH32H417RM.PDF)
CH32H417,ADC1,ADC,IOFR4,0x40012420,0x020,32,1,#,confirmed,evt(ch32h417.h)+rm-address(CH32H417RM.PDF)
CH32H417,TKey1,ADC,IOFR4,0x40012420,0x020,32,1,#,reference,evt(ch32h417.h)+rm-address(CH32H417RM.PDF)
CH32H417,ADC1,ADC,WDHTR,0x40012424,0x024,32,1,#,confirmed,evt(ch32h417.h)+rm(CH32H417RM.PDF)+rm-address(CH32H417RM.PDF)
CH32H417,TKey1,ADC,WDHTR,0x40012424,0x024,32,1,#,reference,evt(ch32h417.h)+rm(CH32H417RM.PDF)+rm-address(CH32H417RM.PDF)
CH32H417,ADC1,ADC,WDLTR,0x40012428,0x028,32,1,#,confirmed,evt(ch32h417.h)+rm(CH32H417RM.PDF)+rm-address(CH32H417RM.PDF)
CH32H417,TKey1,ADC,WDLTR,0x40012428,0x028,32,1,#,reference,evt(ch32h417.h)+rm(CH32H417RM.PDF)+rm-address(CH32H417RM.PDF)
CH32H417,ADC1,ADC,RSQR1,0x4001242c,0x02c,32,1,#,confirmed,evt(ch32h417.h)+rm(CH32H417RM.PDF)+rm-address(CH32H417RM.PDF)
CH32H417,TKey1,ADC,RSQR1,0x4001242c,0x02c,32,1,#,reference,evt(ch32h417.h)+rm(CH32H417RM.PDF)+rm-address(CH32H417RM.PDF)
CH32H417,ADC1,ADC,RSQR2,0x40012430,0x030,32,1,#,confirmed,evt(ch32h417.h)+rm(CH32H417RM.PDF)+rm-address(CH32H417RM.PDF)
CH32H417,TKey1,ADC,RSQR2,0x40012430,0x030,32,1,#,reference,evt(ch32h417.h)+rm(CH32H417RM.PDF)+rm-address(CH32H417RM.PDF)
CH32H417,ADC1,ADC,RSQR3,0x40012434,0x034,32,1,#,confirmed,evt(ch32h417.h)+rm(CH32H417RM.PDF)+rm-address(CH32H417RM.PDF)
CH32H417,TKey1,ADC,RSQR3,0x40012434,0x034,32,1,#,reference,evt(ch32h417.h)+rm(CH32H417RM.PDF)+rm-address(CH32H417RM.PDF)
CH32H417,ADC1,ADC,ISQR,0x40012438,0x038,32,1,#,confirmed,evt(ch32h417.h)+rm(CH32H417RM.PDF)+rm-address(CH32H417RM.PDF)
CH32H417,TKey1,ADC,ISQR,0x40012438,0x038,32,1,#,reference,evt(ch32h417.h)+rm(CH32H417RM.PDF)+rm-address(CH32H417RM.PDF)
CH32H417,ADC1,ADC,IDATAR1,0x4001243c,0x03c,32,1,#,confirmed,evt(ch32h417.h)+rm-address(CH32H417RM.PDF)
CH32H417,TKey1,ADC,IDATAR1,0x4001243c,0x03c,32,1,#,reference,evt(ch32h417.h)+rm-address(CH32H417RM.PDF)
CH32H417,ADC1,ADC,IDATAR2,0x40012440,0x040,32,1,#,confirmed,evt(ch32h417.h)+rm-address(CH32H417RM.PDF)
CH32H417,TKey1,ADC,IDATAR2,0x40012440,0x040,32,1,#,reference,evt(ch32h417.h)+rm-address(CH32H417RM.PDF)
CH32H417,ADC1,ADC,IDATAR3,0x40012444,0x044,32,1,#,confirmed,evt(ch32h417.h)+rm-address(CH32H417RM.PDF)
CH32H417,TKey1,ADC,IDATAR3,0x40012444,0x044,32,1,#,reference,evt(ch32h417.h)+rm-address(CH32H417RM.PDF)
CH32H417,ADC1,ADC,IDATAR4,0x40012448,0x048,32,1,#,confirmed,evt(ch32h417.h)+rm-address(CH32H417RM.PDF)
CH32H417,TKey1,ADC,IDATAR4,0x40012448,0x048,32,1,#,reference,evt(ch32h417.h)+rm-address(CH32H417RM.PDF)
CH32H417,ADC1,ADC,RDATAR,0x4001244c,0x04c,32,1,#,confirmed,evt(ch32h417.h)+rm(CH32H417RM.PDF)+rm-address(CH32H417RM.PDF)
CH32H417,TKey1,ADC,RDATAR,0x4001244c,0x04c,32,1,#,reference,evt(ch32h417.h)+rm(CH32H417RM.PDF)+rm-address(CH32H417RM.PDF)
CH32H417,ADC1,ADC,AUX,0x40012454,0x054,32,1,#,confirmed,evt(ch32h417.h)+rm(CH32H417RM.PDF)+rm-address(CH32H417RM.PDF)
CH32H417,TKey1,ADC,AUX,0x40012454,0x054,32,1,#,reference,evt(ch32h417.h)+rm(CH32H417RM.PDF)+rm-address(CH32H417RM.PDF)
CH32H417,ADC1,ADC,DRV,0x40012458,0x058,32,1,#,confirmed,evt(ch32h417.h)+rm(CH32H417RM.PDF)+rm-address(CH32H417RM.PDF)
CH32H417,TKey1,ADC,DRV,0x40012458,0x058,32,1,#,reference,evt(ch32h417.h)+rm(CH32H417RM.PDF)+rm-address(CH32H417RM.PDF)
CH32H417,ADC2,ADC,STATR,0x40012800,0x000,32,1,#,confirmed,evt(ch32h417.h)+rm(CH32H417RM.PDF)+rm-address(CH32H417RM.PDF)
CH32H417,TKey2,ADC,STATR,0x40012800,0x000,32,1,#,reference,evt(ch32h417.h)+rm(CH32H417RM.PDF)+rm-address(CH32H417RM.PDF)
CH32H417,ADC2,ADC,CTLR1,0x40012804,0x004,32,1,#,confirmed,evt(ch32h417.h)+rm(CH32H417RM.PDF)+rm-address(CH32H417RM.PDF)
CH32H417,TKey2,ADC,CTLR1,0x40012804,0x004,32,1,#,reference,evt(ch32h417.h)+rm(CH32H417RM.PDF)+rm-address(CH32H417RM.PDF)
CH32H417,ADC2,ADC,CTLR2,0x40012808,0x008,32,1,#,confirmed,evt(ch32h417.h)+rm(CH32H417RM.PDF)+rm-address(CH32H417RM.PDF)
CH32H417,TKey2,ADC,CTLR2,0x40012808,0x008,32,1,#,reference,evt(ch32h417.h)+rm(CH32H417RM.PDF)+rm-address(CH32H417RM.PDF)
CH32H417,ADC2,ADC,SAMPTR1,0x4001280c,0x00c,32,1,#,confirmed,evt(ch32h417.h)+rm(CH32H417RM.PDF)+rm-address(CH32H417RM.PDF)
CH32H417,TKey2,ADC,SAMPTR1,0x4001280c,0x00c,32,1,#,reference,evt(ch32h417.h)+rm(CH32H417RM.PDF)+rm-address(CH32H417RM.PDF)
CH32H417,ADC2,ADC,SAMPTR2,0x40012810,0x010,32,1,#,confirmed,evt(ch32h417.h)+rm(CH32H417RM.PDF)+rm-address(CH32H417RM.PDF)
CH32H417,TKey2,ADC,SAMPTR2,0x40012810,0x010,32,1,#,reference,evt(ch32h417.h)+rm(CH32H417RM.PDF)+rm-address(CH32H417RM.PDF)
CH32H417,ADC2,ADC,IOFR1,0x40012814,0x014,32,1,#,confirmed,evt(ch32h417.h)+rm-address(CH32H417RM.PDF)
CH32H417,TKey2,ADC,IOFR1,0x40012814,0x014,32,1,#,reference,evt(ch32h417.h)+rm-address(CH32H417RM.PDF)
CH32H417,ADC2,ADC,IOFR2,0x40012818,0x018,32,1,#,confirmed,evt(ch32h417.h)+rm-address(CH32H417RM.PDF)
CH32H417,TKey2,ADC,IOFR2,0x40012818,0x018,32,1,#,reference,evt(ch32h417.h)+rm-address(CH32H417RM.PDF)
CH32H417,ADC2,ADC,IOFR3,0x4001281c,0x01c,32,1,#,confirmed,evt(ch32h417.h)+rm-address(CH32H417RM.PDF)
CH32H417,TKey2,ADC,IOFR3,0x4001281c,0x01c,32,1,#,reference,evt(ch32h417.h)+rm-address(CH32H417RM.PDF)
CH32H417,ADC2,ADC,IOFR4,0x40012820,0x020,32,1,#,confirmed,evt(ch32h417.h)+rm-address(CH32H417RM.PDF)
CH32H417,TKey2,ADC,IOFR4,0x40012820,0x020,32,1,#,reference,evt(ch32h417.h)+rm-address(CH32H417RM.PDF)
CH32H417,ADC2,ADC,WDHTR,0x40012824,0x024,32,1,#,confirmed,evt(ch32h417.h)+rm(CH32H417RM.PDF)+rm-address(CH32H417RM.PDF)
CH32H417,TKey2,ADC,WDHTR,0x40012824,0x024,32,1,#,reference,evt(ch32h417.h)+rm(CH32H417RM.PDF)+rm-address(CH32H417RM.PDF)
CH32H417,ADC2,ADC,WDLTR,0x40012828,0x028,32,1,#,confirmed,evt(ch32h417.h)+rm(CH32H417RM.PDF)+rm-address(CH32H417RM.PDF)
CH32H417,TKey2,ADC,WDLTR,0x40012828,0x028,32,1,#,reference,evt(ch32h417.h)+rm(CH32H417RM.PDF)+rm-address(CH32H417RM.PDF)
CH32H417,ADC2,ADC,RSQR1,0x4001282c,0x02c,32,1,#,confirmed,evt(ch32h417.h)+rm(CH32H417RM.PDF)+rm-address(CH32H417RM.PDF)
CH32H417,TKey2,ADC,RSQR1,0x4001282c,0x02c,32,1,#,reference,evt(ch32h417.h)+rm(CH32H417RM.PDF)+rm-address(CH32H417RM.PDF)
CH32H417,ADC2,ADC,RSQR2,0x40012830,0x030,32,1,#,confirmed,evt(ch32h417.h)+rm(CH32H417RM.PDF)+rm-address(CH32H417RM.PDF)
CH32H417,TKey2,ADC,RSQR2,0x40012830,0x030,32,1,#,reference,evt(ch32h417.h)+rm(CH32H417RM.PDF)+rm-address(CH32H417RM.PDF)
CH32H417,ADC2,ADC,RSQR3,0x40012834,0x034,32,1,#,confirmed,evt(ch32h417.h)+rm(CH32H417RM.PDF)+rm-address(CH32H417RM.PDF)
CH32H417,TKey2,ADC,RSQR3,0x40012834,0x034,32,1,#,reference,evt(ch32h417.h)+rm(CH32H417RM.PDF)+rm-address(CH32H417RM.PDF)
CH32H417,ADC2,ADC,ISQR,0x40012838,0x038,32,1,#,confirmed,evt(ch32h417.h)+rm(CH32H417RM.PDF)+rm-address(CH32H417RM.PDF)
CH32H417,TKey2,ADC,ISQR,0x40012838,0x038,32,1,#,reference,evt(ch32h417.h)+rm(CH32H417RM.PDF)+rm-address(CH32H417RM.PDF)
CH32H417,ADC2,ADC,IDATAR1,0x4001283c,0x03c,32,1,#,confirmed,evt(ch32h417.h)+rm-address(CH32H417RM.PDF)
CH32H417,TKey2,ADC,IDATAR1,0x4001283c,0x03c,32,1,#,reference,evt(ch32h417.h)+rm-address(CH32H417RM.PDF)
CH32H417,ADC2,ADC,IDATAR2,0x40012840,0x040,32,1,#,confirmed,evt(ch32h417.h)+rm-address(CH32H417RM.PDF)
CH32H417,TKey2,ADC,IDATAR2,0x40012840,0x040,32,1,#,reference,evt(ch32h417.h)+rm-address(CH32H417RM.PDF)
CH32H417,ADC2,ADC,IDATAR3,0x40012844,0x044,32,1,#,confirmed,evt(ch32h417.h)+rm-address(CH32H417RM.PDF)
CH32H417,TKey2,ADC,IDATAR3,0x40012844,0x044,32,1,#,reference,evt(ch32h417.h)+rm-address(CH32H417RM.PDF)
CH32H417,ADC2,ADC,IDATAR4,0x40012848,0x048,32,1,#,confirmed,evt(ch32h417.h)+rm-address(CH32H417RM.PDF)
CH32H417,TKey2,ADC,IDATAR4,0x40012848,0x048,32,1,#,reference,evt(ch32h417.h)+rm-address(CH32H417RM.PDF)
CH32H417,ADC2,ADC,RDATAR,0x4001284c,0x04c,32,1,#,confirmed,evt(ch32h417.h)+rm(CH32H417RM.PDF)+rm-address(CH32H417RM.PDF)
CH32H417,TKey2,ADC,RDATAR,0x4001284c,0x04c,32,1,#,reference,evt(ch32h417.h)+rm(CH32H417RM.PDF)+rm-address(CH32H417RM.PDF)
CH32H417,ADC2,ADC,AUX,0x40012854,0x054,32,1,#,confirmed,evt(ch32h417.h)+rm(CH32H417RM.PDF)+rm-address(CH32H417RM.PDF)
CH32H417,TKey2,ADC,AUX,0x40012854,0x054,32,1,#,reference,evt(ch32h417.h)+rm(CH32H417RM.PDF)+rm-address(CH32H417RM.PDF)
CH32H417,ADC2,ADC,DRV,0x40012858,0x058,32,1,#,confirmed,evt(ch32h417.h)+rm(CH32H417RM.PDF)+rm-address(CH32H417RM.PDF)
CH32H417,TKey2,ADC,DRV,0x40012858,0x058,32,1,#,reference,evt(ch32h417.h)+rm(CH32H417RM.PDF)+rm-address(CH32H417RM.PDF)
CH32H417,TIM1,TIM,CTLR1,0x40012c00,0x000,16,1,#,confirmed,evt(ch32h417.h)+rm(CH32H417RM.PDF)+rm-address(CH32H417RM.PDF)
CH32H417,TIM1,TIM,CTLR2,0x40012c04,0x004,16,1,#,confirmed,evt(ch32h417.h)+rm(CH32H417RM.PDF)+rm-address(CH32H417RM.PDF)
CH32H417,TIM1,TIM,SMCFGR,0x40012c08,0x008,16,1,#,confirmed,evt(ch32h417.h)+rm(CH32H417RM.PDF)+rm-address(CH32H417RM.PDF)
CH32H417,TIM1,TIM,DMAINTENR,0x40012c0c,0x00c,16,1,#,confirmed,evt(ch32h417.h)+rm(CH32H417RM.PDF)+rm-address(CH32H417RM.PDF)
CH32H417,TIM1,TIM,INTFR,0x40012c10,0x010,16,1,#,confirmed,evt(ch32h417.h)+rm(CH32H417RM.PDF)+rm-address(CH32H417RM.PDF)
CH32H417,TIM1,TIM,SWEVGR,0x40012c14,0x014,16,1,#,confirmed,evt(ch32h417.h)+rm(CH32H417RM.PDF)+rm-address(CH32H417RM.PDF)
CH32H417,TIM1,TIM,CHCTLR1,0x40012c18,0x018,16,1,#,confirmed,evt(ch32h417.h)+rm(CH32H417RM.PDF)+rm-address(CH32H417RM.PDF)
CH32H417,TIM1,TIM,CHCTLR2,0x40012c1c,0x01c,16,1,#,confirmed,evt(ch32h417.h)+rm(CH32H417RM.PDF)+rm-address(CH32H417RM.PDF)
CH32H417,TIM1,TIM,CCER,0x40012c20,0x020,16,1,#,confirmed,evt(ch32h417.h)+rm(CH32H417RM.PDF)+rm-address(CH32H417RM.PDF)
CH32H417,TIM1,TIM,CNT,0x40012c24,0x024,16,1,#,confirmed,evt(ch32h417.h)+rm(CH32H417RM.PDF)+rm-address(CH32H417RM.PDF)
CH32H417,TIM1,TIM,CNT_32,0x40012c24,0x024,32,1,#,reference,evt(ch32h417.h)
CH32H417,TIM1,TIM,PSC,0x40012c28,0x028,16,1,#,confirmed,evt(ch32h417.h)+rm(CH32H417RM.PDF)+rm-address(CH32H417RM.PDF)
CH32H417,TIM1,TIM,ATRLR,0x40012c2c,0x02c,16,1,#,confirmed,evt(ch32h417.h)+rm(CH32H417RM.PDF)+rm-address(CH32H417RM.PDF)
CH32H417,TIM1,TIM,ATRLR_32,0x40012c2c,0x02c,32,1,#,reference,evt(ch32h417.h)
CH32H417,TIM1,TIM,RPTCR,0x40012c30,0x030,16,1,#,confirmed,evt(ch32h417.h)+rm(CH32H417RM.PDF)+rm-address(CH32H417RM.PDF)
CH32H417,TIM1,TIM,CH1CVR,0x40012c34,0x034,16,1,#,confirmed,evt(ch32h417.h)+rm(CH32H417RM.PDF)+rm-address(CH32H417RM.PDF)
CH32H417,TIM1,TIM,CH1CVR_32,0x40012c34,0x034,32,1,#,reference,evt(ch32h417.h)
CH32H417,TIM1,TIM,CH2CVR,0x40012c38,0x038,16,1,#,confirmed,evt(ch32h417.h)+rm(CH32H417RM.PDF)+rm-address(CH32H417RM.PDF)
CH32H417,TIM1,TIM,CH2CVR_32,0x40012c38,0x038,32,1,#,reference,evt(ch32h417.h)
CH32H417,TIM1,TIM,CH3CVR,0x40012c3c,0x03c,16,1,#,confirmed,evt(ch32h417.h)+rm(CH32H417RM.PDF)+rm-address(CH32H417RM.PDF)
CH32H417,TIM1,TIM,CH3CVR_32,0x40012c3c,0x03c,32,1,#,reference,evt(ch32h417.h)
CH32H417,TIM1,TIM,CH4CVR,0x40012c40,0x040,16,1,#,confirmed,evt(ch32h417.h)+rm(CH32H417RM.PDF)+rm-address(CH32H417RM.PDF)
CH32H417,TIM1,TIM,CH4CVR_32,0x40012c40,0x040,32,1,#,reference,evt(ch32h417.h)
CH32H417,TIM1,TIM,BDTR,0x40012c44,0x044,16,1,#,confirmed,evt(ch32h417.h)+rm(CH32H417RM.PDF)+rm-address(CH32H417RM.PDF)
CH32H417,TIM1,TIM,DMACFGR,0x40012c48,0x048,16,1,#,confirmed,evt(ch32h417.h)+rm(CH32H417RM.PDF)+rm-address(CH32H417RM.PDF)
CH32H417,TIM1,TIM,DMAADR,0x40012c4c,0x04c,16,1,#,confirmed,evt(ch32h417.h)+rm(CH32H417RM.PDF)+rm-address(CH32H417RM.PDF)
CH32H417,TIM1,TIM,AUX,0x40012c50,0x050,16,1,#,confirmed,evt(ch32h417.h)+rm(CH32H417RM.PDF)+rm-address(CH32H417RM.PDF)
CH32H417,SPI1,SPI,CTLR1,0x40013000,0x000,16,1,#,confirmed,evt(ch32h417.h)+rm(CH32H417RM.PDF)+rm-address(CH32H417RM.PDF)
CH32H417,SPI1,SPI,CTLR2,0x40013004,0x004,16,1,#,confirmed,evt(ch32h417.h)+rm(CH32H417RM.PDF)+rm-address(CH32H417RM.PDF)
CH32H417,SPI1,SPI,STATR,0x40013008,0x008,16,1,#,confirmed,evt(ch32h417.h)+rm(CH32H417RM.PDF)+rm-address(CH32H417RM.PDF)
CH32H417,SPI1,SPI,DATAR,0x4001300c,0x00c,16,1,#,confirmed,evt(ch32h417.h)+rm(CH32H417RM.PDF)+rm-address(CH32H417RM.PDF)
CH32H417,SPI1,SPI,CRCR,0x40013010,0x010,16,1,#,confirmed,evt(ch32h417.h)+rm(CH32H417RM.PDF)+rm-address(CH32H417RM.PDF)
CH32H417,SPI1,SPI,RCRCR,0x40013014,0x014,16,1,#,confirmed,evt(ch32h417.h)+rm(CH32H417RM.PDF)+rm-address(CH32H417RM.PDF)
CH32H417,SPI1,SPI,TCRCR,0x40013018,0x018,16,1,#,confirmed,evt(ch32h417.h)+rm(CH32H417RM.PDF)+rm-address(CH32H417RM.PDF)
CH32H417,SPI1,SPI,I2SCFGR,0x4001301c,0x01c,16,1,#,reference,evt(ch32h417.h)
CH32H417,SPI1,SPI,I2SPR,0x40013020,0x020,16,1,#,confirmed,evt(ch32h417.h)+rm(CH32H417RM.PDF)+rm-address(CH32H417RM.PDF)
CH32H417,SPI1,SPI,HSCR,0x40013024,0x024,16,1,#,confirmed,evt(ch32h417.h)+rm(CH32H417RM.PDF)+rm-address(CH32H417RM.PDF)
CH32H417,TIM8,TIM,CTLR1,0x40013400,0x000,16,1,#,confirmed,evt(ch32h417.h)+rm(CH32H417RM.PDF)+rm-address(CH32H417RM.PDF)
CH32H417,TIM8,TIM,CTLR2,0x40013404,0x004,16,1,#,confirmed,evt(ch32h417.h)+rm(CH32H417RM.PDF)+rm-address(CH32H417RM.PDF)
CH32H417,TIM8,TIM,SMCFGR,0x40013408,0x008,16,1,#,confirmed,evt(ch32h417.h)+rm(CH32H417RM.PDF)+rm-address(CH32H417RM.PDF)
CH32H417,TIM8,TIM,DMAINTENR,0x4001340c,0x00c,16,1,#,confirmed,evt(ch32h417.h)+rm(CH32H417RM.PDF)+rm-address(CH32H417RM.PDF)
CH32H417,TIM8,TIM,INTFR,0x40013410,0x010,16,1,#,confirmed,evt(ch32h417.h)+rm(CH32H417RM.PDF)+rm-address(CH32H417RM.PDF)
CH32H417,TIM8,TIM,SWEVGR,0x40013414,0x014,16,1,#,confirmed,evt(ch32h417.h)+rm(CH32H417RM.PDF)+rm-address(CH32H417RM.PDF)
CH32H417,TIM8,TIM,CHCTLR1,0x40013418,0x018,16,1,#,confirmed,evt(ch32h417.h)+rm(CH32H417RM.PDF)+rm-address(CH32H417RM.PDF)
CH32H417,TIM8,TIM,CHCTLR2,0x4001341c,0x01c,16,1,#,confirmed,evt(ch32h417.h)+rm(CH32H417RM.PDF)+rm-address(CH32H417RM.PDF)
CH32H417,TIM8,TIM,CCER,0x40013420,0x020,16,1,#,confirmed,evt(ch32h417.h)+rm(CH32H417RM.PDF)+rm-address(CH32H417RM.PDF)
CH32H417,TIM8,TIM,CNT,0x40013424,0x024,16,1,#,confirmed,evt(ch32h417.h)+rm(CH32H417RM.PDF)+rm-address(CH32H417RM.PDF)
CH32H417,TIM8,TIM,CNT_32,0x40013424,0x024,32,1,#,reference,evt(ch32h417.h)
CH32H417,TIM8,TIM,PSC,0x40013428,0x028,16,1,#,confirmed,evt(ch32h417.h)+rm(CH32H417RM.PDF)+rm-address(CH32H417RM.PDF)
CH32H417,TIM8,TIM,ATRLR,0x4001342c,0x02c,16,1,#,confirmed,evt(ch32h417.h)+rm(CH32H417RM.PDF)+rm-address(CH32H417RM.PDF)
CH32H417,TIM8,TIM,ATRLR_32,0x4001342c,0x02c,32,1,#,reference,evt(ch32h417.h)
CH32H417,TIM8,TIM,RPTCR,0x40013430,0x030,16,1,#,confirmed,evt(ch32h417.h)+rm(CH32H417RM.PDF)+rm-address(CH32H417RM.PDF)
CH32H417,TIM8,TIM,CH1CVR,0x40013434,0x034,16,1,#,confirmed,evt(ch32h417.h)+rm(CH32H417RM.PDF)+rm-address(CH32H417RM.PDF)
CH32H417,TIM8,TIM,CH1CVR_32,0x40013434,0x034,32,1,#,reference,evt(ch32h417.h)
CH32H417,TIM8,TIM,CH2CVR,0x40013438,0x038,16,1,#,confirmed,evt(ch32h417.h)+rm(CH32H417RM.PDF)+rm-address(CH32H417RM.PDF)
CH32H417,TIM8,TIM,CH2CVR_32,0x40013438,0x038,32,1,#,reference,evt(ch32h417.h)
CH32H417,TIM8,TIM,CH3CVR,0x4001343c,0x03c,16,1,#,confirmed,evt(ch32h417.h)+rm(CH32H417RM.PDF)+rm-address(CH32H417RM.PDF)
CH32H417,TIM8,TIM,CH3CVR_32,0x4001343c,0x03c,32,1,#,reference,evt(ch32h417.h)
CH32H417,TIM8,TIM,CH4CVR,0x40013440,0x040,16,1,#,confirmed,evt(ch32h417.h)+rm(CH32H417RM.PDF)+rm-address(CH32H417RM.PDF)
CH32H417,TIM8,TIM,CH4CVR_32,0x40013440,0x040,32,1,#,reference,evt(ch32h417.h)
CH32H417,TIM8,TIM,BDTR,0x40013444,0x044,16,1,#,confirmed,evt(ch32h417.h)+rm(CH32H417RM.PDF)+rm-address(CH32H417RM.PDF)
CH32H417,TIM8,TIM,DMACFGR,0x40013448,0x048,16,1,#,confirmed,evt(ch32h417.h)+rm(CH32H417RM.PDF)+rm-address(CH32H417RM.PDF)
CH32H417,TIM8,TIM,DMAADR,0x4001344c,0x04c,16,1,#,confirmed,evt(ch32h417.h)+rm(CH32H417RM.PDF)+rm-address(CH32H417RM.PDF)
CH32H417,TIM8,TIM,AUX,0x40013450,0x050,16,1,#,confirmed,evt(ch32h417.h)+rm(CH32H417RM.PDF)+rm-address(CH32H417RM.PDF)
CH32H417,USART1,USART,STATR,0x40013800,0x000,16,1,#,confirmed,evt(ch32h417.h)+rm(CH32H417RM.PDF)+rm-address(CH32H417RM.PDF)
CH32H417,USART1,USART,DATAR,0x40013804,0x004,16,1,#,confirmed,evt(ch32h417.h)+rm(CH32H417RM.PDF)+rm-address(CH32H417RM.PDF)
CH32H417,USART1,USART,BRR,0x40013808,0x008,16,1,#,confirmed,evt(ch32h417.h)+rm(CH32H417RM.PDF)+rm-address(CH32H417RM.PDF)
CH32H417,USART1,USART,CTLR1,0x4001380c,0x00c,16,1,#,confirmed,evt(ch32h417.h)+rm(CH32H417RM.PDF)+rm-address(CH32H417RM.PDF)
CH32H417,USART1,USART,CTLR2,0x40013810,0x010,16,1,#,confirmed,evt(ch32h417.h)+rm(CH32H417RM.PDF)+rm-address(CH32H417RM.PDF)
CH32H417,USART1,USART,CTLR3,0x40013814,0x014,16,1,#,confirmed,evt(ch32h417.h)+rm(CH32H417RM.PDF)+rm-address(CH32H417RM.PDF)
CH32H417,USART1,USART,GPR,0x40013818,0x018,16,1,#,confirmed,evt(ch32h417.h)+rm(CH32H417RM.PDF)+rm-address(CH32H417RM.PDF)
CH32H417,USART1,USART,CTLR4,0x4001381c,0x01c,16,1,#,confirmed,evt(ch32h417.h)+rm(CH32H417RM.PDF)+rm-address(CH32H417RM.PDF)
CH32H417,TIM12,TIM,CTLR1,0x40013c00,0x000,16,1,#,confirmed,evt(ch32h417.h)+rm(CH32H417RM.PDF)+rm-address(CH32H417RM.PDF)
CH32H417,TIM12,TIM,CTLR2,0x40013c04,0x004,16,1,#,confirmed,evt(ch32h417.h)+rm(CH32H417RM.PDF)+rm-address(CH32H417RM.PDF)
CH32H417,TIM12,TIM,SMCFGR,0x40013c08,0x008,16,1,#,confirmed,evt(ch32h417.h)+rm(CH32H417RM.PDF)+rm-address(CH32H417RM.PDF)
CH32H417,TIM12,TIM,DMAINTENR,0x40013c0c,0x00c,16,1,#,confirmed,evt(ch32h417.h)+rm(CH32H417RM.PDF)+rm-address(CH32H417RM.PDF)
CH32H417,TIM12,TIM,INTFR,0x40013c10,0x010,16,1,#,confirmed,evt(ch32h417.h)+rm(CH32H417RM.PDF)+rm-address(CH32H417RM.PDF)
CH32H417,TIM12,TIM,SWEVGR,0x40013c14,0x014,16,1,#,confirmed,evt(ch32h417.h)+rm(CH32H417RM.PDF)+rm-address(CH32H417RM.PDF)
CH32H417,TIM12,TIM,CHCTLR1,0x40013c18,0x018,16,1,#,confirmed,evt(ch32h417.h)+rm(CH32H417RM.PDF)+rm-address(CH32H417RM.PDF)
CH32H417,TIM12,TIM,CHCTLR2,0x40013c1c,0x01c,16,1,#,confirmed,evt(ch32h417.h)+rm(CH32H417RM.PDF)+rm-address(CH32H417RM.PDF)
CH32H417,TIM12,TIM,CCER,0x40013c20,0x020,16,1,#,confirmed,evt(ch32h417.h)+rm(CH32H417RM.PDF)+rm-address(CH32H417RM.PDF)
CH32H417,TIM12,TIM,CNT,0x40013c24,0x024,16,1,#,confirmed,evt(ch32h417.h)+rm(CH32H417RM.PDF)+rm-address(CH32H417RM.PDF)
CH32H417,TIM12,TIM,CNT_32,0x40013c24,0x024,32,1,#,reference,evt(ch32h417.h)
CH32H417,TIM12,TIM,PSC,0x40013c28,0x028,16,1,#,confirmed,evt(ch32h417.h)+rm(CH32H417RM.PDF)+rm-address(CH32H417RM.PDF)
CH32H417,TIM12,TIM,ATRLR,0x40013c2c,0x02c,16,1,#,confirmed,evt(ch32h417.h)+rm(CH32H417RM.PDF)+rm-address(CH32H417RM.PDF)
CH32H417,TIM12,TIM,ATRLR_32,0x40013c2c,0x02c,32,1,#,reference,evt(ch32h417.h)
CH32H417,TIM12,TIM,RPTCR,0x40013c30,0x030,16,1,#,confirmed,evt(ch32h417.h)+rm(CH32H417RM.PDF)+rm-address(CH32H417RM.PDF)
CH32H417,TIM12,TIM,CH1CVR,0x40013c34,0x034,16,1,#,confirmed,evt(ch32h417.h)+rm(CH32H417RM.PDF)+rm-address(CH32H417RM.PDF)
CH32H417,TIM12,TIM,CH1CVR_32,0x40013c34,0x034,32,1,#,reference,evt(ch32h417.h)
CH32H417,TIM12,TIM,CH2CVR,0x40013c38,0x038,16,1,#,confirmed,evt(ch32h417.h)+rm(CH32H417RM.PDF)+rm-address(CH32H417RM.PDF)
CH32H417,TIM12,TIM,CH2CVR_32,0x40013c38,0x038,32,1,#,reference,evt(ch32h417.h)
CH32H417,TIM12,TIM,CH3CVR,0x40013c3c,0x03c,16,1,#,confirmed,evt(ch32h417.h)+rm(CH32H417RM.PDF)+rm-address(CH32H417RM.PDF)
CH32H417,TIM12,TIM,CH3CVR_32,0x40013c3c,0x03c,32,1,#,reference,evt(ch32h417.h)
CH32H417,TIM12,TIM,CH4CVR,0x40013c40,0x040,16,1,#,confirmed,evt(ch32h417.h)+rm(CH32H417RM.PDF)+rm-address(CH32H417RM.PDF)
CH32H417,TIM12,TIM,CH4CVR_32,0x40013c40,0x040,32,1,#,reference,evt(ch32h417.h)
CH32H417,TIM12,TIM,BDTR,0x40013c44,0x044,16,1,#,confirmed,evt(ch32h417.h)+rm(CH32H417RM.PDF)+rm-address(CH32H417RM.PDF)
CH32H417,TIM12,TIM,DMACFGR,0x40013c48,0x048,16,1,#,confirmed,evt(ch32h417.h)+rm(CH32H417RM.PDF)+rm-address(CH32H417RM.PDF)
CH32H417,TIM12,TIM,DMAADR,0x40013c4c,0x04c,16,1,#,confirmed,evt(ch32h417.h)+rm(CH32H417RM.PDF)+rm-address(CH32H417RM.PDF)
CH32H417,TIM12,TIM,AUX,0x40013c50,0x050,16,1,#,confirmed,evt(ch32h417.h)+rm(CH32H417RM.PDF)+rm-address(CH32H417RM.PDF)
CH32H417,I2C4,I2C,CTLR1,0x40014000,0x000,16,1,#,confirmed,evt(ch32h417.h)+rm(CH32H417RM.PDF)+rm-address(CH32H417RM.PDF)
CH32H417,I2C4,I2C,CTLR2,0x40014004,0x004,16,1,#,confirmed,evt(ch32h417.h)+rm(CH32H417RM.PDF)+rm-address(CH32H417RM.PDF)
CH32H417,I2C4,I2C,OADDR1,0x40014008,0x008,16,1,#,confirmed,evt(ch32h417.h)+rm(CH32H417RM.PDF)+rm-address(CH32H417RM.PDF)
CH32H417,I2C4,I2C,OADDR2,0x4001400c,0x00c,16,1,#,confirmed,evt(ch32h417.h)+rm(CH32H417RM.PDF)+rm-address(CH32H417RM.PDF)
CH32H417,I2C4,I2C,DATAR,0x40014010,0x010,16,1,#,confirmed,evt(ch32h417.h)+rm(CH32H417RM.PDF)+rm-address(CH32H417RM.PDF)
CH32H417,I2C4,I2C,STAR1,0x40014014,0x014,16,1,#,confirmed,evt(ch32h417.h)+rm(CH32H417RM.PDF)+rm-address(CH32H417RM.PDF)
CH32H417,I2C4,I2C,STAR2,0x40014018,0x018,16,1,#,confirmed,evt(ch32h417.h)+rm(CH32H417RM.PDF)+rm-address(CH32H417RM.PDF)
CH32H417,I2C4,I2C,CKCFGR,0x4001401c,0x01c,16,1,#,confirmed,evt(ch32h417.h)+rm(CH32H417RM.PDF)+rm-address(CH32H417RM.PDF)
CH32H417,I2C4,I2C,RTR,0x40014020,0x020,16,1,#,confirmed,evt(ch32h417.h)+rm(CH32H417RM.PDF)+rm-address(CH32H417RM.PDF)
CH32H417,I3C,I3C,CTLR,0x40014400,0x000,32,1,#,confirmed,evt(ch32h417.h)+rm-address(CH32H417RM.PDF)
CH32H417,I3C,I3C,CFGR,0x40014404,0x004,32,1,#,confirmed,evt(ch32h417.h)+rm-address(CH32H417RM.PDF)
CH32H417,I3C,I3C,RDBR,0x40014410,0x010,32,1,#,reference,evt(ch32h417.h)
CH32H417,I3C,I3C,RDWR,0x40014414,0x014,32,1,#,confirmed,evt(ch32h417.h)+rm-address(CH32H417RM.PDF)
CH32H417,I3C,I3C,TDBR,0x40014418,0x018,32,1,#,reference,evt(ch32h417.h)
CH32H417,I3C,I3C,TDWR,0x4001441c,0x01c,32,1,#,confirmed,evt(ch32h417.h)+rm-address(CH32H417RM.PDF)
CH32H417,I3C,I3C,IBIDR,0x40014420,0x020,32,1,#,confirmed,evt(ch32h417.h)+rm-address(CH32H417RM.PDF)
CH32H417,I3C,I3C,TGTTDR,0x40014424,0x024,32,1,#,confirmed,evt(ch32h417.h)+rm-address(CH32H417RM.PDF)
CH32H417,I3C,I3C,RESET,0x4001442c,0x02c,32,1,#,confirmed,evt(ch32h417.h)+rm-address(CH32H417RM.PDF)
CH32H417,I3C,I3C,STATR,0x40014430,0x030,32,1,#,confirmed,evt(ch32h417.h)+rm-address(CH32H417RM.PDF)
CH32H417,I3C,I3C,STATER,0x40014434,0x034,32,1,#,confirmed,evt(ch32h417.h)+rm-address(CH32H417RM.PDF)
CH32H417,I3C,I3C,RMR,0x40014440,0x040,32,1,#,confirmed,evt(ch32h417.h)+rm-address(CH32H417RM.PDF)
CH32H417,I3C,I3C,EVR,0x40014450,0x050,32,1,#,confirmed,evt(ch32h417.h)+rm-address(CH32H417RM.PDF)
CH32H417,I3C,I3C,INTENR,0x40014454,0x054,32,1,#,confirmed,evt(ch32h417.h)+rm-address(CH32H417RM.PDF)
CH32H417,I3C,I3C,CEVR,0x40014458,0x058,32,1,#,confirmed,evt(ch32h417.h)+rm-address(CH32H417RM.PDF)
CH32H417,I3C,I3C,DEVR0,0x40014460,0x060,32,1,#,confirmed,evt(ch32h417.h)+rm-address(CH32H417RM.PDF)
CH32H417,I3C,I3C,DEVR1,0x40014464,0x064,32,1,#,confirmed,evt(ch32h417.h)+rm-address(CH32H417RM.PDF)
CH32H417,I3C,I3C,DEVR2,0x40014468,0x068,32,1,#,confirmed,evt(ch32h417.h)+rm-address(CH32H417RM.PDF)
CH32H417,I3C,I3C,DEVR3,0x4001446c,0x06c,32,1,#,confirmed,evt(ch32h417.h)+rm-address(CH32H417RM.PDF)
CH32H417,I3C,I3C,DEVR4,0x40014470,0x070,32,1,#,confirmed,evt(ch32h417.h)+rm-address(CH32H417RM.PDF)
CH32H417,I3C,I3C,MAXRLR,0x40014490,0x090,32,1,#,confirmed,evt(ch32h417.h)+rm-address(CH32H417RM.PDF)
CH32H417,I3C,I3C,MAXWLR,0x40014494,0x094,32,1,#,confirmed,evt(ch32h417.h)+rm-address(CH32H417RM.PDF)
CH32H417,I3C,I3C,TIMINGR0,0x400144a0,0x0a0,32,1,#,confirmed,evt(ch32h417.h)+rm-address(CH32H417RM.PDF)
CH32H417,I3C,I3C,TIMINGR1,0x400144a4,0x0a4,32,1,#,confirmed,evt(ch32h417.h)+rm-address(CH32H417RM.PDF)
CH32H417,I3C,I3C,TIMINGR2,0x400144a8,0x0a8,32,1,#,confirmed,evt(ch32h417.h)+rm-address(CH32H417RM.PDF)
CH32H417,I3C,I3C,BCR,0x400144c0,0x0c0,32,1,#,confirmed,evt(ch32h417.h)+rm-address(CH32H417RM.PDF)
CH32H417,I3C,I3C,DCR,0x400144c4,0x0c4,32,1,#,confirmed,evt(ch32h417.h)+rm-address(CH32H417RM.PDF)
CH32H417,I3C,I3C,GETCAPR,0x400144c8,0x0c8,32,1,#,confirmed,evt(ch32h417.h)+rm-address(CH32H417RM.PDF)
CH32H417,I3C,I3C,CRCAPR,0x400144cc,0x0cc,32,1,#,confirmed,evt(ch32h417.h)+rm-address(CH32H417RM.PDF)
CH32H417,I3C,I3C,GETMDSR,0x400144d0,0x0d0,32,1,#,confirmed,evt(ch32h417.h)+rm-address(CH32H417RM.PDF)
CH32H417,I3C,I3C,EPIDR,0x400144d4,0x0d4,32,1,#,confirmed,evt(ch32h417.h)+rm-address(CH32H417RM.PDF)
CH32H417,LTDC,LTDC,SSCR,0x40014800,0x000,32,1,#,confirmed,evt(ch32h417.h)+rm-address(CH32H417RM.PDF)
CH32H417,LTDC,LTDC,BPCR,0x40014804,0x004,32,1,#,confirmed,evt(ch32h417.h)+rm-address(CH32H417RM.PDF)
CH32H417,LTDC,LTDC,AWCR,0x40014808,0x008,32,1,#,confirmed,evt(ch32h417.h)+rm-address(CH32H417RM.PDF)
CH32H417,LTDC,LTDC,TWCR,0x4001480c,0x00c,32,1,#,confirmed,evt(ch32h417.h)+rm-address(CH32H417RM.PDF)
CH32H417,LTDC,LTDC,GCR,0x40014810,0x010,32,1,#,confirmed,evt(ch32h417.h)+rm-address(CH32H417RM.PDF)
CH32H417,LTDC,LTDC,SRCR,0x40014814,0x014,32,1,#,confirmed,evt(ch32h417.h)+rm-address(CH32H417RM.PDF)
CH32H417,LTDC,LTDC,BCCR,0x40014818,0x018,32,1,#,confirmed,evt(ch32h417.h)+rm-address(CH32H417RM.PDF)
CH32H417,LTDC,LTDC,IER,0x4001481c,0x01c,32,1,#,confirmed,evt(ch32h417.h)+rm-address(CH32H417RM.PDF)
CH32H417,LTDC,LTDC,ISR,0x40014820,0x020,32,1,#,confirmed,evt(ch32h417.h)+rm-address(CH32H417RM.PDF)
CH32H417,LTDC,LTDC,ICR,0x40014824,0x024,32,1,#,confirmed,evt(ch32h417.h)+rm-address(CH32H417RM.PDF)
CH32H417,LTDC,LTDC,LIPCR,0x40014828,0x028,32,1,#,confirmed,evt(ch32h417.h)+rm-address(CH32H417RM.PDF)
CH32H417,LTDC,LTDC,CPSR,0x4001482c,0x02c,32,1,#,confirmed,evt(ch32h417.h)+rm-address(CH32H417RM.PDF)
CH32H417,LTDC,LTDC,CDSR,0x40014830,0x030,32,1,#,confirmed,evt(ch32h417.h)+rm-address(CH32H417RM.PDF)
CH32H417,LTDC_Layer1,LTDC_Layer,CR,0x40014834,0x000,32,1,#,reference,evt(ch32h417.h)
CH32H417,LTDC_Layer1,LTDC_Layer,WHPCR,0x40014838,0x004,32,1,#,reference,evt(ch32h417.h)
CH32H417,LTDC_Layer1,LTDC_Layer,WVPCR,0x4001483c,0x008,32,1,#,reference,evt(ch32h417.h)
CH32H417,LTDC_Layer1,LTDC_Layer,CKCR,0x40014840,0x00c,32,1,#,reference,evt(ch32h417.h)
CH32H417,LTDC_Layer1,LTDC_Layer,PFCR,0x40014844,0x010,32,1,#,reference,evt(ch32h417.h)
CH32H417,LTDC_Layer1,LTDC_Layer,CACR,0x40014848,0x014,32,1,#,reference,evt(ch32h417.h)
CH32H417,LTDC_Layer1,LTDC_Layer,DCCR,0x4001484c,0x018,32,1,#,reference,evt(ch32h417.h)
CH32H417,LTDC_Layer1,LTDC_Layer,BFCR,0x40014850,0x01c,32,1,#,reference,evt(ch32h417.h)
CH32H417,LTDC_Layer1,LTDC_Layer,CFBAR,0x40014854,0x020,32,1,#,reference,evt(ch32h417.h)
CH32H417,LTDC_Layer1,LTDC_Layer,CFBLR,0x40014858,0x024,32,1,#,reference,evt(ch32h417.h)
CH32H417,LTDC_Layer1,LTDC_Layer,CFBLNR,0x4001485c,0x028,32,1,#,reference,evt(ch32h417.h)
CH32H417,LTDC_Layer1,LTDC_Layer,CLUTWR,0x40014860,0x02c,32,1,#,reference,evt(ch32h417.h)
CH32H417,LTDC_Layer2,LTDC_Layer,CR,0x40014864,0x000,32,1,#,reference,evt(ch32h417.h)
CH32H417,LTDC_Layer2,LTDC_Layer,WHPCR,0x40014868,0x004,32,1,#,reference,evt(ch32h417.h)
CH32H417,LTDC_Layer2,LTDC_Layer,WVPCR,0x4001486c,0x008,32,1,#,reference,evt(ch32h417.h)
CH32H417,LTDC_Layer2,LTDC_Layer,CKCR,0x40014870,0x00c,32,1,#,reference,evt(ch32h417.h)
CH32H417,LTDC_Layer2,LTDC_Layer,PFCR,0x40014874,0x010,32,1,#,reference,evt(ch32h417.h)
CH32H417,LTDC_Layer2,LTDC_Layer,CACR,0x40014878,0x014,32,1,#,reference,evt(ch32h417.h)
CH32H417,LTDC_Layer2,LTDC_Layer,DCCR,0x4001487c,0x018,32,1,#,reference,evt(ch32h417.h)
CH32H417,LTDC_Layer2,LTDC_Layer,BFCR,0x40014880,0x01c,32,1,#,reference,evt(ch32h417.h)
CH32H417,LTDC_Layer2,LTDC_Layer,CFBAR,0x40014884,0x020,32,1,#,reference,evt(ch32h417.h)
CH32H417,LTDC_Layer2,LTDC_Layer,CFBLR,0x40014888,0x024,32,1,#,reference,evt(ch32h417.h)
CH32H417,LTDC_Layer2,LTDC_Layer,CFBLNR,0x4001488c,0x028,32,1,#,reference,evt(ch32h417.h)
CH32H417,LTDC_Layer2,LTDC_Layer,CLUTWR,0x40014890,0x02c,32,1,#,reference,evt(ch32h417.h)
CH32H417,TIM9,TIM,CTLR1,0x40014c00,0x000,16,1,#,confirmed,evt(ch32h417.h)+rm(CH32H417RM.PDF)+rm-address(CH32H417RM.PDF)
CH32H417,TIM9,TIM,CTLR2,0x40014c04,0x004,16,1,#,confirmed,evt(ch32h417.h)+rm(CH32H417RM.PDF)+rm-address(CH32H417RM.PDF)
CH32H417,TIM9,TIM,SMCFGR,0x40014c08,0x008,16,1,#,confirmed,evt(ch32h417.h)+rm(CH32H417RM.PDF)+rm-address(CH32H417RM.PDF)
CH32H417,TIM9,TIM,DMAINTENR,0x40014c0c,0x00c,16,1,#,confirmed,evt(ch32h417.h)+rm(CH32H417RM.PDF)+rm-address(CH32H417RM.PDF)
CH32H417,TIM9,TIM,INTFR,0x40014c10,0x010,16,1,#,confirmed,evt(ch32h417.h)+rm(CH32H417RM.PDF)+rm-address(CH32H417RM.PDF)
CH32H417,TIM9,TIM,SWEVGR,0x40014c14,0x014,16,1,#,confirmed,evt(ch32h417.h)+rm(CH32H417RM.PDF)+rm-address(CH32H417RM.PDF)
CH32H417,TIM9,TIM,CHCTLR1,0x40014c18,0x018,16,1,#,confirmed,evt(ch32h417.h)+rm(CH32H417RM.PDF)+rm-address(CH32H417RM.PDF)
CH32H417,TIM9,TIM,CHCTLR2,0x40014c1c,0x01c,16,1,#,confirmed,evt(ch32h417.h)+rm(CH32H417RM.PDF)+rm-address(CH32H417RM.PDF)
CH32H417,TIM9,TIM,CCER,0x40014c20,0x020,16,1,#,confirmed,evt(ch32h417.h)+rm(CH32H417RM.PDF)+rm-address(CH32H417RM.PDF)
CH32H417,TIM9,TIM,CNT,0x40014c24,0x024,16,1,#,confirmed,evt(ch32h417.h)+rm(CH32H417RM.PDF)+rm-address(CH32H417RM.PDF)
CH32H417,TIM9,TIM,CNT_32,0x40014c24,0x024,32,1,#,reference,evt(ch32h417.h)
CH32H417,TIM9,TIM,PSC,0x40014c28,0x028,16,1,#,confirmed,evt(ch32h417.h)+rm(CH32H417RM.PDF)+rm-address(CH32H417RM.PDF)
CH32H417,TIM9,TIM,ATRLR,0x40014c2c,0x02c,16,1,#,confirmed,evt(ch32h417.h)+rm(CH32H417RM.PDF)+rm-address(CH32H417RM.PDF)
CH32H417,TIM9,TIM,ATRLR_32,0x40014c2c,0x02c,32,1,#,reference,evt(ch32h417.h)
CH32H417,TIM9,TIM,RPTCR,0x40014c30,0x030,16,1,#,confirmed,evt(ch32h417.h)+rm(CH32H417RM.PDF)+rm-address(CH32H417RM.PDF)
CH32H417,TIM9,TIM,CH1CVR,0x40014c34,0x034,16,1,#,confirmed,evt(ch32h417.h)+rm(CH32H417RM.PDF)+rm-address(CH32H417RM.PDF)
CH32H417,TIM9,TIM,CH1CVR_32,0x40014c34,0x034,32,1,#,reference,evt(ch32h417.h)
CH32H417,TIM9,TIM,CH2CVR,0x40014c38,0x038,16,1,#,confirmed,evt(ch32h417.h)+rm(CH32H417RM.PDF)+rm-address(CH32H417RM.PDF)
CH32H417,TIM9,TIM,CH2CVR_32,0x40014c38,0x038,32,1,#,reference,evt(ch32h417.h)
CH32H417,TIM9,TIM,CH3CVR,0x40014c3c,0x03c,16,1,#,confirmed,evt(ch32h417.h)+rm(CH32H417RM.PDF)+rm-address(CH32H417RM.PDF)
CH32H417,TIM9,TIM,CH3CVR_32,0x40014c3c,0x03c,32,1,#,reference,evt(ch32h417.h)
CH32H417,TIM9,TIM,CH4CVR,0x40014c40,0x040,16,1,#,confirmed,evt(ch32h417.h)+rm(CH32H417RM.PDF)+rm-address(CH32H417RM.PDF)
CH32H417,TIM9,TIM,CH4CVR_32,0x40014c40,0x040,32,1,#,reference,evt(ch32h417.h)
CH32H417,TIM9,TIM,BDTR,0x40014c44,0x044,16,1,#,confirmed,evt(ch32h417.h)+rm(CH32H417RM.PDF)+rm-address(CH32H417RM.PDF)
CH32H417,TIM9,TIM,DMACFGR,0x40014c48,0x048,16,1,#,confirmed,evt(ch32h417.h)+rm(CH32H417RM.PDF)+rm-address(CH32H417RM.PDF)
CH32H417,TIM9,TIM,DMAADR,0x40014c4c,0x04c,16,1,#,confirmed,evt(ch32h417.h)+rm(CH32H417RM.PDF)+rm-address(CH32H417RM.PDF)
CH32H417,TIM9,TIM,AUX,0x40014c50,0x050,16,1,#,confirmed,evt(ch32h417.h)+rm(CH32H417RM.PDF)+rm-address(CH32H417RM.PDF)
CH32H417,TIM10,TIM,CTLR1,0x40015000,0x000,16,1,#,confirmed,evt(ch32h417.h)+rm(CH32H417RM.PDF)+rm-address(CH32H417RM.PDF)
CH32H417,TIM10,TIM,CTLR2,0x40015004,0x004,16,1,#,confirmed,evt(ch32h417.h)+rm(CH32H417RM.PDF)+rm-address(CH32H417RM.PDF)
CH32H417,TIM10,TIM,SMCFGR,0x40015008,0x008,16,1,#,confirmed,evt(ch32h417.h)+rm(CH32H417RM.PDF)+rm-address(CH32H417RM.PDF)
CH32H417,TIM10,TIM,DMAINTENR,0x4001500c,0x00c,16,1,#,confirmed,evt(ch32h417.h)+rm(CH32H417RM.PDF)+rm-address(CH32H417RM.PDF)
CH32H417,TIM10,TIM,INTFR,0x40015010,0x010,16,1,#,confirmed,evt(ch32h417.h)+rm(CH32H417RM.PDF)+rm-address(CH32H417RM.PDF)
CH32H417,TIM10,TIM,SWEVGR,0x40015014,0x014,16,1,#,confirmed,evt(ch32h417.h)+rm(CH32H417RM.PDF)+rm-address(CH32H417RM.PDF)
CH32H417,TIM10,TIM,CHCTLR1,0x40015018,0x018,16,1,#,confirmed,evt(ch32h417.h)+rm(CH32H417RM.PDF)+rm-address(CH32H417RM.PDF)
CH32H417,TIM10,TIM,CHCTLR2,0x4001501c,0x01c,16,1,#,confirmed,evt(ch32h417.h)+rm(CH32H417RM.PDF)+rm-address(CH32H417RM.PDF)
CH32H417,TIM10,TIM,CCER,0x40015020,0x020,16,1,#,confirmed,evt(ch32h417.h)+rm(CH32H417RM.PDF)+rm-address(CH32H417RM.PDF)
CH32H417,TIM10,TIM,CNT,0x40015024,0x024,16,1,#,confirmed,evt(ch32h417.h)+rm(CH32H417RM.PDF)+rm-address(CH32H417RM.PDF)
CH32H417,TIM10,TIM,CNT_32,0x40015024,0x024,32,1,#,reference,evt(ch32h417.h)
CH32H417,TIM10,TIM,PSC,0x40015028,0x028,16,1,#,confirmed,evt(ch32h417.h)+rm(CH32H417RM.PDF)+rm-address(CH32H417RM.PDF)
CH32H417,TIM10,TIM,ATRLR,0x4001502c,0x02c,16,1,#,confirmed,evt(ch32h417.h)+rm(CH32H417RM.PDF)+rm-address(CH32H417RM.PDF)
CH32H417,TIM10,TIM,ATRLR_32,0x4001502c,0x02c,32,1,#,reference,evt(ch32h417.h)
CH32H417,TIM10,TIM,RPTCR,0x40015030,0x030,16,1,#,confirmed,evt(ch32h417.h)+rm(CH32H417RM.PDF)+rm-address(CH32H417RM.PDF)
CH32H417,TIM10,TIM,CH1CVR,0x40015034,0x034,16,1,#,confirmed,evt(ch32h417.h)+rm(CH32H417RM.PDF)+rm-address(CH32H417RM.PDF)
CH32H417,TIM10,TIM,CH1CVR_32,0x40015034,0x034,32,1,#,reference,evt(ch32h417.h)
CH32H417,TIM10,TIM,CH2CVR,0x40015038,0x038,16,1,#,confirmed,evt(ch32h417.h)+rm(CH32H417RM.PDF)+rm-address(CH32H417RM.PDF)
CH32H417,TIM10,TIM,CH2CVR_32,0x40015038,0x038,32,1,#,reference,evt(ch32h417.h)
CH32H417,TIM10,TIM,CH3CVR,0x4001503c,0x03c,16,1,#,confirmed,evt(ch32h417.h)+rm(CH32H417RM.PDF)+rm-address(CH32H417RM.PDF)
CH32H417,TIM10,TIM,CH3CVR_32,0x4001503c,0x03c,32,1,#,reference,evt(ch32h417.h)
CH32H417,TIM10,TIM,CH4CVR,0x40015040,0x040,16,1,#,confirmed,evt(ch32h417.h)+rm(CH32H417RM.PDF)+rm-address(CH32H417RM.PDF)
CH32H417,TIM10,TIM,CH4CVR_32,0x40015040,0x040,32,1,#,reference,evt(ch32h417.h)
CH32H417,TIM10,TIM,BDTR,0x40015044,0x044,16,1,#,confirmed,evt(ch32h417.h)+rm(CH32H417RM.PDF)+rm-address(CH32H417RM.PDF)
CH32H417,TIM10,TIM,DMACFGR,0x40015048,0x048,16,1,#,confirmed,evt(ch32h417.h)+rm(CH32H417RM.PDF)+rm-address(CH32H417RM.PDF)
CH32H417,TIM10,TIM,DMAADR,0x4001504c,0x04c,16,1,#,confirmed,evt(ch32h417.h)+rm(CH32H417RM.PDF)+rm-address(CH32H417RM.PDF)
CH32H417,TIM10,TIM,AUX,0x40015050,0x050,16,1,#,confirmed,evt(ch32h417.h)+rm(CH32H417RM.PDF)+rm-address(CH32H417RM.PDF)
CH32H417,TIM11,TIM,CTLR1,0x40015400,0x000,16,1,#,confirmed,evt(ch32h417.h)+rm(CH32H417RM.PDF)+rm-address(CH32H417RM.PDF)
CH32H417,TIM11,TIM,CTLR2,0x40015404,0x004,16,1,#,confirmed,evt(ch32h417.h)+rm(CH32H417RM.PDF)+rm-address(CH32H417RM.PDF)
CH32H417,TIM11,TIM,SMCFGR,0x40015408,0x008,16,1,#,confirmed,evt(ch32h417.h)+rm(CH32H417RM.PDF)+rm-address(CH32H417RM.PDF)
CH32H417,TIM11,TIM,DMAINTENR,0x4001540c,0x00c,16,1,#,confirmed,evt(ch32h417.h)+rm(CH32H417RM.PDF)+rm-address(CH32H417RM.PDF)
CH32H417,TIM11,TIM,INTFR,0x40015410,0x010,16,1,#,confirmed,evt(ch32h417.h)+rm(CH32H417RM.PDF)+rm-address(CH32H417RM.PDF)
CH32H417,TIM11,TIM,SWEVGR,0x40015414,0x014,16,1,#,confirmed,evt(ch32h417.h)+rm(CH32H417RM.PDF)+rm-address(CH32H417RM.PDF)
CH32H417,TIM11,TIM,CHCTLR1,0x40015418,0x018,16,1,#,confirmed,evt(ch32h417.h)+rm(CH32H417RM.PDF)+rm-address(CH32H417RM.PDF)
CH32H417,TIM11,TIM,CHCTLR2,0x4001541c,0x01c,16,1,#,confirmed,evt(ch32h417.h)+rm(CH32H417RM.PDF)+rm-address(CH32H417RM.PDF)
CH32H417,TIM11,TIM,CCER,0x40015420,0x020,16,1,#,confirmed,evt(ch32h417.h)+rm(CH32H417RM.PDF)+rm-address(CH32H417RM.PDF)
CH32H417,TIM11,TIM,CNT,0x40015424,0x024,16,1,#,confirmed,evt(ch32h417.h)+rm(CH32H417RM.PDF)+rm-address(CH32H417RM.PDF)
CH32H417,TIM11,TIM,CNT_32,0x40015424,0x024,32,1,#,reference,evt(ch32h417.h)
CH32H417,TIM11,TIM,PSC,0x40015428,0x028,16,1,#,confirmed,evt(ch32h417.h)+rm(CH32H417RM.PDF)+rm-address(CH32H417RM.PDF)
CH32H417,TIM11,TIM,ATRLR,0x4001542c,0x02c,16,1,#,confirmed,evt(ch32h417.h)+rm(CH32H417RM.PDF)+rm-address(CH32H417RM.PDF)
CH32H417,TIM11,TIM,ATRLR_32,0x4001542c,0x02c,32,1,#,reference,evt(ch32h417.h)
CH32H417,TIM11,TIM,RPTCR,0x40015430,0x030,16,1,#,confirmed,evt(ch32h417.h)+rm(CH32H417RM.PDF)+rm-address(CH32H417RM.PDF)
CH32H417,TIM11,TIM,CH1CVR,0x40015434,0x034,16,1,#,confirmed,evt(ch32h417.h)+rm(CH32H417RM.PDF)+rm-address(CH32H417RM.PDF)
CH32H417,TIM11,TIM,CH1CVR_32,0x40015434,0x034,32,1,#,reference,evt(ch32h417.h)
CH32H417,TIM11,TIM,CH2CVR,0x40015438,0x038,16,1,#,confirmed,evt(ch32h417.h)+rm(CH32H417RM.PDF)+rm-address(CH32H417RM.PDF)
CH32H417,TIM11,TIM,CH2CVR_32,0x40015438,0x038,32,1,#,reference,evt(ch32h417.h)
CH32H417,TIM11,TIM,CH3CVR,0x4001543c,0x03c,16,1,#,confirmed,evt(ch32h417.h)+rm(CH32H417RM.PDF)+rm-address(CH32H417RM.PDF)
CH32H417,TIM11,TIM,CH3CVR_32,0x4001543c,0x03c,32,1,#,reference,evt(ch32h417.h)
CH32H417,TIM11,TIM,CH4CVR,0x40015440,0x040,16,1,#,confirmed,evt(ch32h417.h)+rm(CH32H417RM.PDF)+rm-address(CH32H417RM.PDF)
CH32H417,TIM11,TIM,CH4CVR_32,0x40015440,0x040,32,1,#,reference,evt(ch32h417.h)
CH32H417,TIM11,TIM,BDTR,0x40015444,0x044,16,1,#,confirmed,evt(ch32h417.h)+rm(CH32H417RM.PDF)+rm-address(CH32H417RM.PDF)
CH32H417,TIM11,TIM,DMACFGR,0x40015448,0x048,16,1,#,confirmed,evt(ch32h417.h)+rm(CH32H417RM.PDF)+rm-address(CH32H417RM.PDF)
CH32H417,TIM11,TIM,DMAADR,0x4001544c,0x04c,16,1,#,confirmed,evt(ch32h417.h)+rm(CH32H417RM.PDF)+rm-address(CH32H417RM.PDF)
CH32H417,TIM11,TIM,AUX,0x40015450,0x050,16,1,#,confirmed,evt(ch32h417.h)+rm(CH32H417RM.PDF)+rm-address(CH32H417RM.PDF)
CH32H417,SAI_Block_A,SAI_Block,CFGR1,0x40015804,0x000,32,1,#,reference,evt(ch32h417.h)
CH32H417,SAI_Block_A,SAI_Block,CFGR2,0x40015808,0x004,32,1,#,reference,evt(ch32h417.h)
CH32H417,SAI_Block_A,SAI_Block,FRCR,0x4001580c,0x008,32,1,#,reference,evt(ch32h417.h)
CH32H417,SAI_Block_A,SAI_Block,SLOTR,0x40015810,0x00c,32,1,#,reference,evt(ch32h417.h)
CH32H417,SAI_Block_A,SAI_Block,INTENR,0x40015814,0x010,32,1,#,reference,evt(ch32h417.h)
CH32H417,SAI_Block_A,SAI_Block,SR,0x40015818,0x014,32,1,#,reference,evt(ch32h417.h)
CH32H417,SAI_Block_A,SAI_Block,DATAR,0x40015820,0x01c,32,1,#,reference,evt(ch32h417.h)
CH32H417,SAI_Block_B,SAI_Block,CFGR1,0x40015824,0x000,32,1,#,reference,evt(ch32h417.h)
CH32H417,SAI_Block_B,SAI_Block,CFGR2,0x40015828,0x004,32,1,#,reference,evt(ch32h417.h)
CH32H417,SAI_Block_B,SAI_Block,FRCR,0x4001582c,0x008,32,1,#,reference,evt(ch32h417.h)
CH32H417,SAI_Block_B,SAI_Block,SLOTR,0x40015830,0x00c,32,1,#,reference,evt(ch32h417.h)
CH32H417,SAI_Block_B,SAI_Block,INTENR,0x40015834,0x010,32,1,#,reference,evt(ch32h417.h)
CH32H417,SAI_Block_B,SAI_Block,SR,0x40015838,0x014,32,1,#,reference,evt(ch32h417.h)
CH32H417,SAI_Block_B,SAI_Block,DATAR,0x40015840,0x01c,32,1,#,reference,evt(ch32h417.h)
CH32H417,GPHA,GPHA,CTLR,0x40016800,0x000,32,1,#,confirmed,evt(ch32h417.h)+rm-address(CH32H417RM.PDF)
CH32H417,GPHA,GPHA,ISR,0x40016804,0x004,32,1,#,confirmed,evt(ch32h417.h)+rm-address(CH32H417RM.PDF)
CH32H417,GPHA,GPHA,IFCR,0x40016808,0x008,32,1,#,confirmed,evt(ch32h417.h)+rm-address(CH32H417RM.PDF)
CH32H417,GPHA,GPHA,FGMAR,0x4001680c,0x00c,32,1,#,confirmed,evt(ch32h417.h)+rm-address(CH32H417RM.PDF)
CH32H417,GPHA,GPHA,FGOR,0x40016810,0x010,32,1,#,confirmed,evt(ch32h417.h)+rm-address(CH32H417RM.PDF)
CH32H417,GPHA,GPHA,BGMAR,0x40016814,0x014,32,1,#,confirmed,evt(ch32h417.h)+rm-address(CH32H417RM.PDF)
CH32H417,GPHA,GPHA,BGOR,0x40016818,0x018,32,1,#,confirmed,evt(ch32h417.h)+rm-address(CH32H417RM.PDF)
CH32H417,GPHA,GPHA,FGPFCCR,0x4001681c,0x01c,32,1,#,confirmed,evt(ch32h417.h)+rm-address(CH32H417RM.PDF)
CH32H417,GPHA,GPHA,FGCOLR,0x40016820,0x020,32,1,#,confirmed,evt(ch32h417.h)+rm-address(CH32H417RM.PDF)
CH32H417,GPHA,GPHA,BGPFCCR,0x40016824,0x024,32,1,#,confirmed,evt(ch32h417.h)+rm-address(CH32H417RM.PDF)
CH32H417,GPHA,GPHA,BGCOLR,0x40016828,0x028,32,1,#,confirmed,evt(ch32h417.h)+rm-address(CH32H417RM.PDF)
CH32H417,GPHA,GPHA,FGCMAR,0x4001682c,0x02c,32,1,#,confirmed,evt(ch32h417.h)+rm-address(CH32H417RM.PDF)
CH32H417,GPHA,GPHA,BGCMAR,0x40016830,0x030,32,1,#,confirmed,evt(ch32h417.h)+rm-address(CH32H417RM.PDF)
CH32H417,GPHA,GPHA,OPFCCR,0x40016834,0x034,32,1,#,confirmed,evt(ch32h417.h)+rm-address(CH32H417RM.PDF)
CH32H417,GPHA,GPHA,OCOLR,0x40016838,0x038,32,1,#,confirmed,evt(ch32h417.h)+rm-address(CH32H417RM.PDF)
CH32H417,GPHA,GPHA,OMAR,0x4001683c,0x03c,32,1,#,confirmed,evt(ch32h417.h)+rm-address(CH32H417RM.PDF)
CH32H417,GPHA,GPHA,OOR,0x40016840,0x040,32,1,#,confirmed,evt(ch32h417.h)+rm-address(CH32H417RM.PDF)
CH32H417,GPHA,GPHA,NLR,0x40016844,0x044,32,1,#,confirmed,evt(ch32h417.h)+rm-address(CH32H417RM.PDF)
CH32H417,GPHA,GPHA,LWR,0x40016848,0x048,32,1,#,confirmed,evt(ch32h417.h)+rm-address(CH32H417RM.PDF)
CH32H417,GPHA,GPHA,AMTCR,0x4001684c,0x04c,32,1,#,confirmed,evt(ch32h417.h)+rm-address(CH32H417RM.PDF)
CH32H417,GPHA,GPHA,FGCWRS,0x40016850,0x050,32,1,#,confirmed,evt(ch32h417.h)+rm-address(CH32H417RM.PDF)
CH32H417,GPHA,GPHA,FGCDAT,0x40016854,0x054,32,1,#,confirmed,evt(ch32h417.h)+rm-address(CH32H417RM.PDF)
CH32H417,GPHA,GPHA,BGCWRS,0x40016858,0x058,32,1,#,confirmed,evt(ch32h417.h)+rm-address(CH32H417RM.PDF)
CH32H417,GPHA,GPHA,BGCDAT,0x4001685c,0x05c,32,1,#,confirmed,evt(ch32h417.h)+rm-address(CH32H417RM.PDF)
CH32H417,ECDC,ECDC,CTRL,0x40016c00,0x000,32,1,#,confirmed,evt(ch32h417.h)+rm-address(CH32H417RM.PDF)
CH32H417,ECDC,ECDC,INT_FG,0x40016c04,0x004,32,1,#,confirmed,evt(ch32h417.h)+rm-address(CH32H417RM.PDF)
CH32H417,ECDC,ECDC,KEY_255T224,0x40016c08,0x008,32,1,#,confirmed,evt(ch32h417.h)+rm-address(CH32H417RM.PDF)
CH32H417,ECDC,ECDC,KEY_223T192,0x40016c0c,0x00c,32,1,#,confirmed,evt(ch32h417.h)+rm-address(CH32H417RM.PDF)
CH32H417,ECDC,ECDC,KEY_191T160,0x40016c10,0x010,32,1,#,confirmed,evt(ch32h417.h)+rm-address(CH32H417RM.PDF)
CH32H417,ECDC,ECDC,KEY_159T128,0x40016c14,0x014,32,1,#,confirmed,evt(ch32h417.h)+rm-address(CH32H417RM.PDF)
CH32H417,ECDC,ECDC,KEY_127T96,0x40016c18,0x018,32,1,#,confirmed,evt(ch32h417.h)+rm-address(CH32H417RM.PDF)
CH32H417,ECDC,ECDC,KEY_95T64,0x40016c1c,0x01c,32,1,#,confirmed,evt(ch32h417.h)+rm-address(CH32H417RM.PDF)
CH32H417,ECDC,ECDC,KEY_63T32,0x40016c20,0x020,32,1,#,confirmed,evt(ch32h417.h)+rm-address(CH32H417RM.PDF)
CH32H417,ECDC,ECDC,KEY_31T0,0x40016c24,0x024,32,1,#,confirmed,evt(ch32h417.h)+rm-address(CH32H417RM.PDF)
CH32H417,ECDC,ECDC,IV_127T96,0x40016c28,0x028,32,1,#,confirmed,evt(ch32h417.h)+rm-address(CH32H417RM.PDF)
CH32H417,ECDC,ECDC,IV_95T64,0x40016c2c,0x02c,32,1,#,confirmed,evt(ch32h417.h)+rm-address(CH32H417RM.PDF)
CH32H417,ECDC,ECDC,IV_63T32,0x40016c30,0x030,32,1,#,confirmed,evt(ch32h417.h)+rm-address(CH32H417RM.PDF)
CH32H417,ECDC,ECDC,IV_31T0,0x40016c34,0x034,32,1,#,confirmed,evt(ch32h417.h)+rm-address(CH32H417RM.PDF)
CH32H417,ECDC,ECDC,SGSD_127T96,0x40016c40,0x040,32,1,#,confirmed,evt(ch32h417.h)+rm-address(CH32H417RM.PDF)
CH32H417,ECDC,ECDC,SGSD_95T64,0x40016c44,0x044,32,1,#,confirmed,evt(ch32h417.h)+rm-address(CH32H417RM.PDF)
CH32H417,ECDC,ECDC,SGSD_63T32,0x40016c48,0x048,32,1,#,confirmed,evt(ch32h417.h)+rm-address(CH32H417RM.PDF)
CH32H417,ECDC,ECDC,SGSD_31T0,0x40016c4c,0x04c,32,1,#,confirmed,evt(ch32h417.h)+rm-address(CH32H417RM.PDF)
CH32H417,ECDC,ECDC,SGRT_127T96,0x40016c50,0x050,32,1,#,confirmed,evt(ch32h417.h)+rm-address(CH32H417RM.PDF)
CH32H417,ECDC,ECDC,SGRT_95T64,0x40016c54,0x054,32,1,#,confirmed,evt(ch32h417.h)+rm-address(CH32H417RM.PDF)
CH32H417,ECDC,ECDC,SGRT_63T32,0x40016c58,0x058,32,1,#,confirmed,evt(ch32h417.h)+rm-address(CH32H417RM.PDF)
CH32H417,ECDC,ECDC,SGRT_31T0,0x40016c5c,0x05c,32,1,#,confirmed,evt(ch32h417.h)+rm-address(CH32H417RM.PDF)
CH32H417,ECDC,ECDC,SRC_ADDR,0x40016c60,0x060,32,1,#,confirmed,evt(ch32h417.h)+rm-address(CH32H417RM.PDF)
CH32H417,ECDC,ECDC,DST_ADDR,0x40016c64,0x064,32,1,#,confirmed,evt(ch32h417.h)+rm-address(CH32H417RM.PDF)
CH32H417,ECDC,ECDC,SRAM_LEN,0x40016c68,0x068,32,1,#,confirmed,evt(ch32h417.h)+rm-address(CH32H417RM.PDF)
CH32H417,DFSDM_Channel0,DFSDM_Channel,CFGR1,0x40017000,0x000,32,1,#,reference,evt(ch32h417.h)
CH32H417,DFSDM_Channel1,DFSDM_Channel,CFGR1,0x40017004,0x000,32,1,#,reference,evt(ch32h417.h)
CH32H417,DFSDM_Channel0,DFSDM_Channel,CFGR2,0x40017008,0x008,32,1,#,reference,evt(ch32h417.h)
CH32H417,DFSDM_Channel1,DFSDM_Channel,CFGR2,0x4001700c,0x008,32,1,#,reference,evt(ch32h417.h)
CH32H417,DFSDM_Channel0,DFSDM_Channel,AWSCDR,0x40017010,0x010,32,1,#,reference,evt(ch32h417.h)
CH32H417,DFSDM_Channel1,DFSDM_Channel,AWSCDR,0x40017014,0x010,32,1,#,reference,evt(ch32h417.h)
CH32H417,DFSDM_Channel0,DFSDM_Channel,WDATR,0x40017018,0x018,32,1,#,reference,evt(ch32h417.h)
CH32H417,DFSDM_Channel1,DFSDM_Channel,WDATR,0x4001701c,0x018,32,1,#,reference,evt(ch32h417.h)
CH32H417,DFSDM_Channel0,DFSDM_Channel,DATINR,0x40017020,0x020,32,1,#,reference,evt(ch32h417.h)
CH32H417,DFSDM_Channel0,DFSDM_Channel,DATINR0,0x40017024,0x024,16,1,#,reference,evt(ch32h417.h)
CH32H417,DFSDM_Channel1,DFSDM_Channel,DATINR,0x40017024,0x020,32,1,#,reference,evt(ch32h417.h)
CH32H417,DFSDM_Channel0,DFSDM_Channel,DATINR1,0x40017026,0x026,16,1,#,reference,evt(ch32h417.h)
CH32H417,DFSDM_Channel1,DFSDM_Channel,DATINR0,0x40017028,0x024,16,1,#,reference,evt(ch32h417.h)
CH32H417,DFSDM_FLT0,DFSDM_FLT,CR1,0x40017028,0x000,32,1,#,reference,evt(ch32h417.h)
CH32H417,DFSDM_Channel1,DFSDM_Channel,DATINR1,0x4001702a,0x026,16,1,#,reference,evt(ch32h417.h)
CH32H417,DFSDM_FLT1,DFSDM_FLT,CR1,0x4001702c,0x000,32,1,#,reference,evt(ch32h417.h)
CH32H417,DFSDM_FLT0,DFSDM_FLT,CR2,0x40017030,0x008,32,1,#,reference,evt(ch32h417.h)
CH32H417,DFSDM_FLT1,DFSDM_FLT,CR2,0x40017034,0x008,32,1,#,reference,evt(ch32h417.h)
CH32H417,DFSDM_FLT0,DFSDM_FLT,ISR,0x40017038,0x010,32,1,#,reference,evt(ch32h417.h)
CH32H417,DFSDM_FLT1,DFSDM_FLT,ISR,0x4001703c,0x010,32,1,#,reference,evt(ch32h417.h)
CH32H417,DFSDM_FLT0,DFSDM_FLT,ICR,0x40017040,0x018,32,1,#,reference,evt(ch32h417.h)
CH32H417,DFSDM_FLT1,DFSDM_FLT,ICR,0x40017044,0x018,32,1,#,reference,evt(ch32h417.h)
CH32H417,DFSDM_FLT0,DFSDM_FLT,JCHGR,0x40017048,0x020,32,1,#,reference,evt(ch32h417.h)
CH32H417,DFSDM_FLT1,DFSDM_FLT,JCHGR,0x4001704c,0x020,32,1,#,reference,evt(ch32h417.h)
CH32H417,DFSDM_FLT0,DFSDM_FLT,FCR3,0x40017050,0x028,32,1,#,reference,evt(ch32h417.h)
CH32H417,DFSDM_FLT1,DFSDM_FLT,FCR3,0x40017054,0x028,32,1,#,reference,evt(ch32h417.h)
CH32H417,DFSDM_FLT0,DFSDM_FLT,JDATAR,0x40017058,0x030,32,1,#,reference,evt(ch32h417.h)
CH32H417,DFSDM_FLT1,DFSDM_FLT,JDATAR,0x4001705c,0x030,32,1,#,reference,evt(ch32h417.h)
CH32H417,DFSDM_FLT0,DFSDM_FLT,RDATAR,0x40017060,0x038,32,1,#,reference,evt(ch32h417.h)
CH32H417,DFSDM_FLT1,DFSDM_FLT,RDATAR,0x40017064,0x038,32,1,#,reference,evt(ch32h417.h)
CH32H417,DFSDM_FLT0,DFSDM_FLT,AWHTR,0x40017068,0x040,32,1,#,reference,evt(ch32h417.h)
CH32H417,DFSDM_FLT1,DFSDM_FLT,AWHTR,0x4001706c,0x040,32,1,#,reference,evt(ch32h417.h)
CH32H417,DFSDM_FLT0,DFSDM_FLT,AWLTR,0x40017070,0x048,32,1,#,reference,evt(ch32h417.h)
CH32H417,DFSDM_FLT1,DFSDM_FLT,AWLTR,0x40017074,0x048,32,1,#,reference,evt(ch32h417.h)
CH32H417,DFSDM_FLT0,DFSDM_FLT,AWSR,0x40017078,0x050,32,1,#,reference,evt(ch32h417.h)
CH32H417,DFSDM_FLT1,DFSDM_FLT,AWSR,0x4001707c,0x050,32,1,#,reference,evt(ch32h417.h)
CH32H417,DFSDM_FLT0,DFSDM_FLT,AWCFR,0x40017080,0x058,32,1,#,reference,evt(ch32h417.h)
CH32H417,DFSDM_FLT1,DFSDM_FLT,AWCFR,0x40017084,0x058,32,1,#,reference,evt(ch32h417.h)
CH32H417,DFSDM_FLT0,DFSDM_FLT,EXMAX,0x40017088,0x060,32,1,#,reference,evt(ch32h417.h)
CH32H417,DFSDM_FLT1,DFSDM_FLT,EXMAX,0x4001708c,0x060,32,1,#,reference,evt(ch32h417.h)
CH32H417,DFSDM_FLT0,DFSDM_FLT,EXMIN,0x40017090,0x068,32,1,#,reference,evt(ch32h417.h)
CH32H417,DFSDM_FLT1,DFSDM_FLT,EXMIN,0x40017094,0x068,32,1,#,reference,evt(ch32h417.h)
CH32H417,DFSDM_FLT0,DFSDM_FLT,NVTIMR,0x40017098,0x070,32,1,#,reference,evt(ch32h417.h)
CH32H417,DFSDM_FLT1,DFSDM_FLT,NVTIMR,0x4001709c,0x070,32,1,#,reference,evt(ch32h417.h)
CH32H417,HSADC,HSADC,CFGR,0x40017400,0x000,32,1,#,confirmed,evt(ch32h417.h)+rm-address(CH32H417RM.PDF)
CH32H417,HSADC,HSADC,CTLR1,0x40017404,0x004,32,1,#,confirmed,evt(ch32h417.h)+rm-address(CH32H417RM.PDF)
CH32H417,HSADC,HSADC,CTLR2,0x40017408,0x008,32,1,#,confirmed,evt(ch32h417.h)+rm-address(CH32H417RM.PDF)
CH32H417,HSADC,HSADC,STATR,0x4001740c,0x00c,32,1,#,confirmed,evt(ch32h417.h)+rm-address(CH32H417RM.PDF)
CH32H417,HSADC,HSADC,DATAR,0x40017410,0x010,32,1,#,confirmed,evt(ch32h417.h)+rm-address(CH32H417RM.PDF)
CH32H417,HSADC,HSADC,ADDR0,0x40017414,0x014,32,1,#,confirmed,evt(ch32h417.h)+rm-address(CH32H417RM.PDF)
CH32H417,HSADC,HSADC,ADDR1,0x40017418,0x018,32,1,#,confirmed,evt(ch32h417.h)+rm-address(CH32H417RM.PDF)
CH32H417,OPA,OPA,CTLR1,0x40017800,0x000,32,1,#,confirmed,evt(ch32h417.h)+rm-address(CH32H417RM.PDF)
CH32H417,OPA,OPA,CTLR2,0x40017804,0x004,32,1,#,confirmed,evt(ch32h417.h)+rm-address(CH32H417RM.PDF)
CH32H417,OPA,OPA,CTLR3,0x40017808,0x008,32,1,#,confirmed,evt(ch32h417.h)+rm-address(CH32H417RM.PDF)
CH32H417,OPA,OPA,CMP_CTLR,0x4001780c,0x00c,32,1,#,reference,evt(ch32h417.h)
CH32H417,OPA,OPA,CMP_STATR,0x40017810,0x010,32,1,#,reference,evt(ch32h417.h)
CH32H417,SDIO,SDIO,POWER,0x40018000,0x000,32,1,#,confirmed,evt(ch32h417.h)+rm-address(CH32H417RM.PDF)
CH32H417,SDIO,SDIO,CLKCR,0x40018004,0x004,32,1,#,confirmed,evt(ch32h417.h)+rm-address(CH32H417RM.PDF)
CH32H417,SDIO,SDIO,ARG,0x40018008,0x008,32,1,#,confirmed,evt(ch32h417.h)+rm-address(CH32H417RM.PDF)
CH32H417,SDIO,SDIO,CMD,0x4001800c,0x00c,32,1,#,confirmed,evt(ch32h417.h)+rm-address(CH32H417RM.PDF)
CH32H417,SDIO,SDIO,RESPCMD,0x40018010,0x010,32,1,#,confirmed,evt(ch32h417.h)+rm-address(CH32H417RM.PDF)
CH32H417,SDIO,SDIO,RESP1,0x40018014,0x014,32,1,#,reference,evt(ch32h417.h)
CH32H417,SDIO,SDIO,RESP2,0x40018018,0x018,32,1,#,reference,evt(ch32h417.h)
CH32H417,SDIO,SDIO,RESP3,0x4001801c,0x01c,32,1,#,reference,evt(ch32h417.h)
CH32H417,SDIO,SDIO,RESP4,0x40018020,0x020,32,1,#,reference,evt(ch32h417.h)
CH32H417,SDIO,SDIO,DTIMER,0x40018024,0x024,32,1,#,confirmed,evt(ch32h417.h)+rm-address(CH32H417RM.PDF)
CH32H417,SDIO,SDIO,DLEN,0x40018028,0x028,32,1,#,confirmed,evt(ch32h417.h)+rm-address(CH32H417RM.PDF)
CH32H417,SDIO,SDIO,DCTRL,0x4001802c,0x02c,32,1,#,reference,evt(ch32h417.h)
CH32H417,SDIO,SDIO,DCOUNT,0x40018030,0x030,32,1,#,confirmed,evt(ch32h417.h)+rm-address(CH32H417RM.PDF)
CH32H417,SDIO,SDIO,STA,0x40018034,0x034,32,1,#,confirmed,evt(ch32h417.h)+rm-address(CH32H417RM.PDF)
CH32H417,SDIO,SDIO,ICR,0x40018038,0x038,32,1,#,confirmed,evt(ch32h417.h)+rm-address(CH32H417RM.PDF)
CH32H417,SDIO,SDIO,MASK,0x4001803c,0x03c,32,1,#,confirmed,evt(ch32h417.h)+rm-address(CH32H417RM.PDF)
CH32H417,SDIO,SDIO,FIFOCNT,0x40018048,0x048,32,1,#,confirmed,evt(ch32h417.h)+rm-address(CH32H417RM.PDF)
CH32H417,SDIO,SDIO,DCTRL2,0x40018060,0x060,32,1,#,confirmed,evt(ch32h417.h)+rm-address(CH32H417RM.PDF)
CH32H417,SDIO,SDIO,FIFO,0x40018080,0x080,32,1,#,confirmed,evt(ch32h417.h)+rm-address(CH32H417RM.PDF)
CH32H417,DMA1,DMA,INTFR,0x40020000,0x000,32,1,#,confirmed,evt(ch32h417.h)+rm-address(CH32H417RM.PDF)
CH32H417,DMA1,DMA,INTFCR,0x40020004,0x004,32,1,#,confirmed,evt(ch32h417.h)+rm-address(CH32H417RM.PDF)
CH32H417,DMA1_Channel1,DMA_Channel,CFGR,0x40020008,0x000,32,1,#,confirmed,evt(ch32h417.h)+rm-address(CH32H417RM.PDF)
CH32H417,DMA1_Channel1,DMA_Channel,CNTR,0x4002000c,0x004,32,1,#,confirmed,evt(ch32h417.h)+rm-address(CH32H417RM.PDF)
CH32H417,DMA1_Channel1,DMA_Channel,PADDR,0x40020010,0x008,32,1,#,confirmed,evt(ch32h417.h)+rm-address(CH32H417RM.PDF)
CH32H417,DMA1_Channel1,DMA_Channel,MADDR,0x40020014,0x00c,32,1,#,confirmed,evt(ch32h417.h)+rm-address(CH32H417RM.PDF)
CH32H417,DMA1_Channel1,DMA_Channel,M1ADDR,0x40020018,0x010,32,1,#,reference,evt(ch32h417.h)
CH32H417,DMA1_Channel2,DMA_Channel,CFGR,0x4002001c,0x000,32,1,#,confirmed,evt(ch32h417.h)+rm-address(CH32H417RM.PDF)
CH32H417,DMA1_Channel2,DMA_Channel,CNTR,0x40020020,0x004,32,1,#,confirmed,evt(ch32h417.h)+rm-address(CH32H417RM.PDF)
CH32H417,DMA1_Channel2,DMA_Channel,PADDR,0x40020024,0x008,32,1,#,confirmed,evt(ch32h417.h)+rm-address(CH32H417RM.PDF)
CH32H417,DMA1_Channel2,DMA_Channel,MADDR,0x40020028,0x00c,32,1,#,confirmed,evt(ch32h417.h)+rm-address(CH32H417RM.PDF)
CH32H417,DMA1_Channel2,DMA_Channel,M1ADDR,0x4002002c,0x010,32,1,#,reference,evt(ch32h417.h)
CH32H417,DMA1_Channel3,DMA_Channel,CFGR,0x40020030,0x000,32,1,#,confirmed,evt(ch32h417.h)+rm-address(CH32H417RM.PDF)
CH32H417,DMA1_Channel3,DMA_Channel,CNTR,0x40020034,0x004,32,1,#,confirmed,evt(ch32h417.h)+rm-address(CH32H417RM.PDF)
CH32H417,DMA1_Channel3,DMA_Channel,PADDR,0x40020038,0x008,32,1,#,confirmed,evt(ch32h417.h)+rm-address(CH32H417RM.PDF)
CH32H417,DMA1_Channel3,DMA_Channel,MADDR,0x4002003c,0x00c,32,1,#,confirmed,evt(ch32h417.h)+rm-address(CH32H417RM.PDF)
CH32H417,DMA1_Channel3,DMA_Channel,M1ADDR,0x40020040,0x010,32,1,#,reference,evt(ch32h417.h)
CH32H417,DMA1_Channel4,DMA_Channel,CFGR,0x40020044,0x000,32,1,#,confirmed,evt(ch32h417.h)+rm-address(CH32H417RM.PDF)
CH32H417,DMA1_Channel4,DMA_Channel,CNTR,0x40020048,0x004,32,1,#,confirmed,evt(ch32h417.h)+rm-address(CH32H417RM.PDF)
CH32H417,DMA1_Channel4,DMA_Channel,PADDR,0x4002004c,0x008,32,1,#,confirmed,evt(ch32h417.h)+rm-address(CH32H417RM.PDF)
CH32H417,DMA1_Channel4,DMA_Channel,MADDR,0x40020050,0x00c,32,1,#,confirmed,evt(ch32h417.h)+rm-address(CH32H417RM.PDF)
CH32H417,DMA1_Channel4,DMA_Channel,M1ADDR,0x40020054,0x010,32,1,#,reference,evt(ch32h417.h)
CH32H417,DMA1_Channel5,DMA_Channel,CFGR,0x40020058,0x000,32,1,#,confirmed,evt(ch32h417.h)+rm-address(CH32H417RM.PDF)
CH32H417,DMA1_Channel5,DMA_Channel,CNTR,0x4002005c,0x004,32,1,#,confirmed,evt(ch32h417.h)+rm-address(CH32H417RM.PDF)
CH32H417,DMA1_Channel5,DMA_Channel,PADDR,0x40020060,0x008,32,1,#,confirmed,evt(ch32h417.h)+rm-address(CH32H417RM.PDF)
CH32H417,DMA1_Channel5,DMA_Channel,MADDR,0x40020064,0x00c,32,1,#,confirmed,evt(ch32h417.h)+rm-address(CH32H417RM.PDF)
CH32H417,DMA1_Channel5,DMA_Channel,M1ADDR,0x40020068,0x010,32,1,#,reference,evt(ch32h417.h)
CH32H417,DMA1_Channel6,DMA_Channel,CFGR,0x4002006c,0x000,32,1,#,confirmed,evt(ch32h417.h)+rm-address(CH32H417RM.PDF)
CH32H417,DMA1_Channel6,DMA_Channel,CNTR,0x40020070,0x004,32,1,#,confirmed,evt(ch32h417.h)+rm-address(CH32H417RM.PDF)
CH32H417,DMA1_Channel6,DMA_Channel,PADDR,0x40020074,0x008,32,1,#,confirmed,evt(ch32h417.h)+rm-address(CH32H417RM.PDF)
CH32H417,DMA1_Channel6,DMA_Channel,MADDR,0x40020078,0x00c,32,1,#,confirmed,evt(ch32h417.h)+rm-address(CH32H417RM.PDF)
CH32H417,DMA1_Channel6,DMA_Channel,M1ADDR,0x4002007c,0x010,32,1,#,reference,evt(ch32h417.h)
CH32H417,DMA1_Channel7,DMA_Channel,CFGR,0x40020080,0x000,32,1,#,confirmed,evt(ch32h417.h)+rm-address(CH32H417RM.PDF)
CH32H417,DMA1_Channel7,DMA_Channel,CNTR,0x40020084,0x004,32,1,#,confirmed,evt(ch32h417.h)+rm-address(CH32H417RM.PDF)
CH32H417,DMA1_Channel7,DMA_Channel,PADDR,0x40020088,0x008,32,1,#,confirmed,evt(ch32h417.h)+rm-address(CH32H417RM.PDF)
CH32H417,DMA1_Channel7,DMA_Channel,MADDR,0x4002008c,0x00c,32,1,#,confirmed,evt(ch32h417.h)+rm-address(CH32H417RM.PDF)
CH32H417,DMA1_Channel7,DMA_Channel,M1ADDR,0x40020090,0x010,32,1,#,reference,evt(ch32h417.h)
CH32H417,DMA1_Channel8,DMA_Channel,CFGR,0x40020094,0x000,32,1,#,confirmed,evt(ch32h417.h)+rm-address(CH32H417RM.PDF)
CH32H417,DMA1_Channel8,DMA_Channel,CNTR,0x40020098,0x004,32,1,#,confirmed,evt(ch32h417.h)+rm-address(CH32H417RM.PDF)
CH32H417,DMA1_Channel8,DMA_Channel,PADDR,0x4002009c,0x008,32,1,#,confirmed,evt(ch32h417.h)+rm-address(CH32H417RM.PDF)
CH32H417,DMA1_Channel8,DMA_Channel,MADDR,0x400200a0,0x00c,32,1,#,confirmed,evt(ch32h417.h)+rm-address(CH32H417RM.PDF)
CH32H417,DMA1_Channel8,DMA_Channel,M1ADDR,0x400200a4,0x010,32,1,#,reference,evt(ch32h417.h)
CH32H417,DMA2,DMA,INTFR,0x40020400,0x000,32,1,#,confirmed,evt(ch32h417.h)+rm-address(CH32H417RM.PDF)
CH32H417,DMA2,DMA,INTFCR,0x40020404,0x004,32,1,#,confirmed,evt(ch32h417.h)+rm-address(CH32H417RM.PDF)
CH32H417,DMA2_Channel1,DMA_Channel,CFGR,0x40020408,0x000,32,1,#,confirmed,evt(ch32h417.h)+rm-address(CH32H417RM.PDF)
CH32H417,DMA2_Channel1,DMA_Channel,CNTR,0x4002040c,0x004,32,1,#,confirmed,evt(ch32h417.h)+rm-address(CH32H417RM.PDF)
CH32H417,DMA2_Channel1,DMA_Channel,PADDR,0x40020410,0x008,32,1,#,confirmed,evt(ch32h417.h)+rm-address(CH32H417RM.PDF)
CH32H417,DMA2_Channel1,DMA_Channel,MADDR,0x40020414,0x00c,32,1,#,confirmed,evt(ch32h417.h)+rm-address(CH32H417RM.PDF)
CH32H417,DMA2_Channel1,DMA_Channel,M1ADDR,0x40020418,0x010,32,1,#,reference,evt(ch32h417.h)
CH32H417,DMA2_Channel2,DMA_Channel,CFGR,0x4002041c,0x000,32,1,#,confirmed,evt(ch32h417.h)+rm-address(CH32H417RM.PDF)
CH32H417,DMA2_Channel2,DMA_Channel,CNTR,0x40020420,0x004,32,1,#,confirmed,evt(ch32h417.h)+rm-address(CH32H417RM.PDF)
CH32H417,DMA2_Channel2,DMA_Channel,PADDR,0x40020424,0x008,32,1,#,confirmed,evt(ch32h417.h)+rm-address(CH32H417RM.PDF)
CH32H417,DMA2_Channel2,DMA_Channel,MADDR,0x40020428,0x00c,32,1,#,confirmed,evt(ch32h417.h)+rm-address(CH32H417RM.PDF)
CH32H417,DMA2_Channel2,DMA_Channel,M1ADDR,0x4002042c,0x010,32,1,#,reference,evt(ch32h417.h)
CH32H417,DMA2_Channel3,DMA_Channel,CFGR,0x40020430,0x000,32,1,#,confirmed,evt(ch32h417.h)+rm-address(CH32H417RM.PDF)
CH32H417,DMA2_Channel3,DMA_Channel,CNTR,0x40020434,0x004,32,1,#,confirmed,evt(ch32h417.h)+rm-address(CH32H417RM.PDF)
CH32H417,DMA2_Channel3,DMA_Channel,PADDR,0x40020438,0x008,32,1,#,confirmed,evt(ch32h417.h)+rm-address(CH32H417RM.PDF)
CH32H417,DMA2_Channel3,DMA_Channel,MADDR,0x4002043c,0x00c,32,1,#,confirmed,evt(ch32h417.h)+rm-address(CH32H417RM.PDF)
CH32H417,DMA2_Channel3,DMA_Channel,M1ADDR,0x40020440,0x010,32,1,#,reference,evt(ch32h417.h)
CH32H417,DMA2_Channel4,DMA_Channel,CFGR,0x40020444,0x000,32,1,#,confirmed,evt(ch32h417.h)+rm-address(CH32H417RM.PDF)
CH32H417,DMA2_Channel4,DMA_Channel,CNTR,0x40020448,0x004,32,1,#,confirmed,evt(ch32h417.h)+rm-address(CH32H417RM.PDF)
CH32H417,DMA2_Channel4,DMA_Channel,PADDR,0x4002044c,0x008,32,1,#,confirmed,evt(ch32h417.h)+rm-address(CH32H417RM.PDF)
CH32H417,DMA2_Channel4,DMA_Channel,MADDR,0x40020450,0x00c,32,1,#,confirmed,evt(ch32h417.h)+rm-address(CH32H417RM.PDF)
CH32H417,DMA2_Channel4,DMA_Channel,M1ADDR,0x40020454,0x010,32,1,#,reference,evt(ch32h417.h)
CH32H417,DMA2_Channel5,DMA_Channel,CFGR,0x40020458,0x000,32,1,#,confirmed,evt(ch32h417.h)+rm-address(CH32H417RM.PDF)
CH32H417,DMA2_Channel5,DMA_Channel,CNTR,0x4002045c,0x004,32,1,#,confirmed,evt(ch32h417.h)+rm-address(CH32H417RM.PDF)
CH32H417,DMA2_Channel5,DMA_Channel,PADDR,0x40020460,0x008,32,1,#,confirmed,evt(ch32h417.h)+rm-address(CH32H417RM.PDF)
CH32H417,DMA2_Channel5,DMA_Channel,MADDR,0x40020464,0x00c,32,1,#,confirmed,evt(ch32h417.h)+rm-address(CH32H417RM.PDF)
CH32H417,DMA2_Channel5,DMA_Channel,M1ADDR,0x40020468,0x010,32,1,#,reference,evt(ch32h417.h)
CH32H417,DMA2_Channel6,DMA_Channel,CFGR,0x4002046c,0x000,32,1,#,confirmed,evt(ch32h417.h)+rm-address(CH32H417RM.PDF)
CH32H417,DMA2_Channel6,DMA_Channel,CNTR,0x40020470,0x004,32,1,#,confirmed,evt(ch32h417.h)+rm-address(CH32H417RM.PDF)
CH32H417,DMA2_Channel6,DMA_Channel,PADDR,0x40020474,0x008,32,1,#,confirmed,evt(ch32h417.h)+rm-address(CH32H417RM.PDF)
CH32H417,DMA2_Channel6,DMA_Channel,MADDR,0x40020478,0x00c,32,1,#,confirmed,evt(ch32h417.h)+rm-address(CH32H417RM.PDF)
CH32H417,DMA2_Channel6,DMA_Channel,M1ADDR,0x4002047c,0x010,32,1,#,reference,evt(ch32h417.h)
CH32H417,DMA2_Channel7,DMA_Channel,CFGR,0x40020480,0x000,32,1,#,confirmed,evt(ch32h417.h)+rm-address(CH32H417RM.PDF)
CH32H417,DMA2_Channel7,DMA_Channel,CNTR,0x40020484,0x004,32,1,#,confirmed,evt(ch32h417.h)+rm-address(CH32H417RM.PDF)
CH32H417,DMA2_Channel7,DMA_Channel,PADDR,0x40020488,0x008,32,1,#,confirmed,evt(ch32h417.h)+rm-address(CH32H417RM.PDF)
CH32H417,DMA2_Channel7,DMA_Channel,MADDR,0x4002048c,0x00c,32,1,#,confirmed,evt(ch32h417.h)+rm-address(CH32H417RM.PDF)
CH32H417,DMA2_Channel7,DMA_Channel,M1ADDR,0x40020490,0x010,32,1,#,reference,evt(ch32h417.h)
CH32H417,DMA2_Channel8,DMA_Channel,CFGR,0x40020494,0x000,32,1,#,confirmed,evt(ch32h417.h)+rm-address(CH32H417RM.PDF)
CH32H417,DMA2_Channel8,DMA_Channel,CNTR,0x40020498,0x004,32,1,#,confirmed,evt(ch32h417.h)+rm-address(CH32H417RM.PDF)
CH32H417,DMA2_Channel8,DMA_Channel,PADDR,0x4002049c,0x008,32,1,#,confirmed,evt(ch32h417.h)+rm-address(CH32H417RM.PDF)
CH32H417,DMA2_Channel8,DMA_Channel,MADDR,0x400204a0,0x00c,32,1,#,confirmed,evt(ch32h417.h)+rm-address(CH32H417RM.PDF)
CH32H417,DMA2_Channel8,DMA_Channel,M1ADDR,0x400204a4,0x010,32,1,#,reference,evt(ch32h417.h)
CH32H417,DMAMUX,DMAMUX,CFGR0_3,0x40020800,0x000,32,1,#,reference,evt(ch32h417.h)
CH32H417,DMAMUX,DMAMUX,CFGR4_7,0x40020804,0x004,32,1,#,reference,evt(ch32h417.h)
CH32H417,DMAMUX,DMAMUX,CFGR8_11,0x40020808,0x008,32,1,#,reference,evt(ch32h417.h)
CH32H417,DMAMUX,DMAMUX,CFGR12_15,0x4002080c,0x00c,32,1,#,reference,evt(ch32h417.h)
CH32H417,RCC,RCC,CTLR,0x40021000,0x000,32,1,#,confirmed,evt(ch32h417.h)+rm(CH32H417RM.PDF)+rm-address(CH32H417RM.PDF)
CH32H417,RCC,RCC,CFGR0,0x40021004,0x004,32,1,#,confirmed,evt(ch32h417.h)+rm(CH32H417RM.PDF)+rm-address(CH32H417RM.PDF)
CH32H417,RCC,RCC,PLLCFGR,0x40021008,0x008,32,1,#,confirmed,evt(ch32h417.h)+rm(CH32H417RM.PDF)+rm-address(CH32H417RM.PDF)
CH32H417,RCC,RCC,INTR,0x4002100c,0x00c,32,1,#,confirmed,evt(ch32h417.h)+rm(CH32H417RM.PDF)+rm-address(CH32H417RM.PDF)
CH32H417,RCC,RCC,HB2PRSTR,0x40021010,0x010,32,1,#,confirmed,evt(ch32h417.h)+rm(CH32H417RM.PDF)+rm-address(CH32H417RM.PDF)
CH32H417,RCC,RCC,HB1PRSTR,0x40021014,0x014,32,1,#,confirmed,evt(ch32h417.h)+rm(CH32H417RM.PDF)+rm-address(CH32H417RM.PDF)
CH32H417,RCC,RCC,HBPCENR,0x40021018,0x018,32,1,#,confirmed,evt(ch32h417.h)+rm(CH32H417RM.PDF)+rm-address(CH32H417RM.PDF)
CH32H417,RCC,RCC,HB2PCENR,0x4002101c,0x01c,32,1,#,confirmed,evt(ch32h417.h)+rm(CH32H417RM.PDF)+rm-address(CH32H417RM.PDF)
CH32H417,RCC,RCC,HB1PCENR,0x40021020,0x020,32,1,#,confirmed,evt(ch32h417.h)+rm(CH32H417RM.PDF)+rm-address(CH32H417RM.PDF)
CH32H417,RCC,RCC,BDCTLR,0x40021024,0x024,32,1,#,confirmed,evt(ch32h417.h)+rm(CH32H417RM.PDF)+rm-address(CH32H417RM.PDF)
CH32H417,RCC,RCC,RSTSCKR,0x40021028,0x028,32,1,#,confirmed,evt(ch32h417.h)+rm(CH32H417RM.PDF)+rm-address(CH32H417RM.PDF)
CH32H417,RCC,RCC,HBRSTR,0x4002102c,0x02c,32,1,#,confirmed,evt(ch32h417.h)+rm(CH32H417RM.PDF)+rm-address(CH32H417RM.PDF)
CH32H417,RCC,RCC,CFGR2,0x40021030,0x030,32,1,#,confirmed,evt(ch32h417.h)+rm(CH32H417RM.PDF)+rm-address(CH32H417RM.PDF)
CH32H417,RCC,RCC,PLLCFGR2,0x40021034,0x034,32,1,#,confirmed,evt(ch32h417.h)+rm(CH32H417RM.PDF)+rm-address(CH32H417RM.PDF)
CH32H417,FLASH,FLASH,ACTLR,0x40022000,0x000,32,1,#,confirmed,evt(ch32h417.h)+rm-address(CH32H417RM.PDF)
CH32H417,FLASH,FLASH,KEYR,0x40022004,0x004,32,1,#,confirmed,evt(ch32h417.h)+rm-address(CH32H417RM.PDF)
CH32H417,FLASH,FLASH,OBKEYR,0x40022008,0x008,32,1,#,confirmed,evt(ch32h417.h)+rm-address(CH32H417RM.PDF)
CH32H417,FLASH,FLASH,STATR,0x4002200c,0x00c,32,1,#,confirmed,evt(ch32h417.h)+rm-address(CH32H417RM.PDF)
CH32H417,FLASH,FLASH,CTLR,0x40022010,0x010,32,1,#,confirmed,evt(ch32h417.h)+rm-address(CH32H417RM.PDF)
CH32H417,FLASH,FLASH,ADDR,0x40022014,0x014,32,1,#,confirmed,evt(ch32h417.h)+rm-address(CH32H417RM.PDF)
CH32H417,FLASH,FLASH,OBR,0x4002201c,0x01c,32,1,#,confirmed,evt(ch32h417.h)+rm-address(CH32H417RM.PDF)
CH32H417,FLASH,FLASH,WPR,0x40022020,0x020,32,1,#,confirmed,evt(ch32h417.h)+rm-address(CH32H417RM.PDF)
CH32H417,FLASH,FLASH,MODEKEYR,0x40022024,0x024,32,1,#,confirmed,evt(ch32h417.h)+rm-address(CH32H417RM.PDF)
CH32H417,FLASH,FLASH,BOOT_MODEKEYR,0x40022028,0x028,32,1,#,reference,evt(ch32h417.h)
CH32H417,CRC,CRC,DATAR,0x40023000,0x000,32,1,#,confirmed,evt(ch32h417.h)+rm(CH32H417RM.PDF)+rm-address(CH32H417RM.PDF)
CH32H417,CRC,CRC,IDATAR,0x40023004,0x004,8,1,#,confirmed,evt(ch32h417.h)+rm(CH32H417RM.PDF)+rm-address(CH32H417RM.PDF)
CH32H417,CRC,CRC,CTLR,0x40023008,0x008,32,1,#,confirmed,evt(ch32h417.h)+rm(CH32H417RM.PDF)+rm-address(CH32H417RM.PDF)
CH32H417,USBFSD,USBFSD,BASE_CTRL,0x40023400,0x000,8,1,#,reference,evt(ch32h417.h)
CH32H417,USBFSH,USBFSH,BASE_CTRL,0x40023400,0x000,8,1,#,reference,evt(ch32h417.h)
CH32H417,USBFSD,USBFSD,UDEV_CTRL,0x40023401,0x001,8,1,#,reference,evt(ch32h417.h)
CH32H417,USBFSH,USBFSH,HOST_CTRL,0x40023401,0x001,8,1,#,reference,evt(ch32h417.h)
CH32H417,USBFSD,USBFSD,INT_EN,0x40023402,0x002,8,1,#,reference,evt(ch32h417.h)
CH32H417,USBFSH,USBFSH,INT_EN,0x40023402,0x002,8,1,#,reference,evt(ch32h417.h)
CH32H417,USBFSD,USBFSD,DEV_ADDR,0x40023403,0x003,8,1,#,reference,evt(ch32h417.h)
CH32H417,USBFSH,USBFSH,DEV_ADDR,0x40023403,0x003,8,1,#,reference,evt(ch32h417.h)
CH32H417,USBFSD,USBFSD,MIS_ST,0x40023405,0x005,8,1,#,reference,evt(ch32h417.h)
CH32H417,USBFSH,USBFSH,MIS_ST,0x40023405,0x005,8,1,#,reference,evt(ch32h417.h)
CH32H417,USBFSD,USBFSD,INT_FG,0x40023406,0x006,8,1,#,reference,evt(ch32h417.h)
CH32H417,USBFSH,USBFSH,INT_FG,0x40023406,0x006,8,1,#,reference,evt(ch32h417.h)
CH32H417,USBFSD,USBFSD,INT_ST,0x40023407,0x007,8,1,#,reference,evt(ch32h417.h)
CH32H417,USBFSH,USBFSH,INT_ST,0x40023407,0x007,8,1,#,reference,evt(ch32h417.h)
CH32H417,USBFSD,USBFSD,RX_LEN,0x40023408,0x008,16,1,#,reference,evt(ch32h417.h)
CH32H417,USBFSH,USBFSH,RX_LEN,0x40023408,0x008,16,1,#,reference,evt(ch32h417.h)
CH32H417,USBFSD,USBFSD,UEP4_1_MOD,0x4002340c,0x00c,8,1,#,reference,evt(ch32h417.h)
CH32H417,USBFSD,USBFSD,UEP2_3_MOD,0x4002340d,0x00d,8,1,#,reference,evt(ch32h417.h)
CH32H417,USBFSH,USBFSH,HOST_EP_MOD,0x4002340d,0x00d,8,1,#,reference,evt(ch32h417.h)
CH32H417,USBFSD,USBFSD,UEP5_6_MOD,0x4002340e,0x00e,8,1,#,reference,evt(ch32h417.h)
CH32H417,USBFSD,USBFSD,UEP7_MOD,0x4002340f,0x00f,8,1,#,reference,evt(ch32h417.h)
CH32H417,USBFSD,USBFSD,UEP0_DMA,0x40023410,0x010,32,1,#,reference,evt(ch32h417.h)
CH32H417,USBFSD,USBFSD,UEP1_DMA,0x40023414,0x014,32,1,#,reference,evt(ch32h417.h)
CH32H417,USBFSD,USBFSD,UEP2_DMA,0x40023418,0x018,32,1,#,reference,evt(ch32h417.h)
CH32H417,USBFSH,USBFSH,HOST_RX_DMA,0x40023418,0x018,32,1,#,reference,evt(ch32h417.h)
CH32H417,USBFSD,USBFSD,UEP3_DMA,0x4002341c,0x01c,32,1,#,reference,evt(ch32h417.h)
CH32H417,USBFSH,USBFSH,HOST_TX_DMA,0x4002341c,0x01c,32,1,#,reference,evt(ch32h417.h)
CH32H417,USBFSD,USBFSD,UEP4_DMA,0x40023420,0x020,32,1,#,reference,evt(ch32h417.h)
CH32H417,USBFSD,USBFSD,UEP5_DMA,0x40023424,0x024,32,1,#,reference,evt(ch32h417.h)
CH32H417,USBFSD,USBFSD,UEP6_DMA,0x40023428,0x028,32,1,#,reference,evt(ch32h417.h)
CH32H417,USBFSD,USBFSD,UEP7_DMA,0x4002342c,0x02c,32,1,#,reference,evt(ch32h417.h)
CH32H417,USBFSD,USBFSD,UEP0_TX_LEN,0x40023430,0x030,8,1,#,reference,evt(ch32h417.h)
CH32H417,USBFSD,USBFSD,UEP0_TX_CTRL,0x40023432,0x032,8,1,#,reference,evt(ch32h417.h)
CH32H417,USBFSD,USBFSD,UEP0_RX_CTRL,0x40023433,0x033,8,1,#,reference,evt(ch32h417.h)
CH32H417,USBFSD,USBFSD,UEP1_TX_LEN,0x40023434,0x034,8,1,#,reference,evt(ch32h417.h)
CH32H417,USBFSD,USBFSD,UEP1_TX_CTRL,0x40023436,0x036,8,1,#,reference,evt(ch32h417.h)
CH32H417,USBFSH,USBFSH,HOST_SETUP,0x40023436,0x036,16,1,#,reference,evt(ch32h417.h)
CH32H417,USBFSD,USBFSD,UEP1_RX_CTRL,0x40023437,0x037,8,1,#,reference,evt(ch32h417.h)
CH32H417,USBFSD,USBFSD,UEP2_TX_LEN,0x40023438,0x038,8,1,#,reference,evt(ch32h417.h)
CH32H417,USBFSH,USBFSH,HOST_EP_PID,0x40023438,0x038,8,1,#,reference,evt(ch32h417.h)
CH32H417,USBFSD,USBFSD,UEP2_TX_CTRL,0x4002343a,0x03a,8,1,#,reference,evt(ch32h417.h)
CH32H417,USBFSD,USBFSD,UEP2_RX_CTRL,0x4002343b,0x03b,8,1,#,reference,evt(ch32h417.h)
CH32H417,USBFSH,USBFSH,HOST_RX_CTRL,0x4002343b,0x03b,8,1,#,reference,evt(ch32h417.h)
CH32H417,USBFSD,USBFSD,UEP3_TX_LEN,0x4002343c,0x03c,16,1,#,reference,evt(ch32h417.h)
CH32H417,USBFSH,USBFSH,HOST_TX_LEN,0x4002343c,0x03c,16,1,#,reference,evt(ch32h417.h)
CH32H417,USBFSD,USBFSD,UEP3_TX_CTRL,0x4002343e,0x03e,8,1,#,reference,evt(ch32h417.h)
CH32H417,USBFSH,USBFSH,HOST_TX_CTRL,0x4002343e,0x03e,8,1,#,reference,evt(ch32h417.h)
CH32H417,USBFSD,USBFSD,UEP3_RX_CTRL,0x4002343f,0x03f,8,1,#,reference,evt(ch32h417.h)
CH32H417,USBFSD,USBFSD,UEP4_TX_LEN,0x40023440,0x040,8,1,#,reference,evt(ch32h417.h)
CH32H417,USBFSD,USBFSD,UEP4_TX_CTRL,0x40023442,0x042,8,1,#,reference,evt(ch32h417.h)
CH32H417,USBFSD,USBFSD,UEP4_RX_CTRL,0x40023443,0x043,8,1,#,reference,evt(ch32h417.h)
CH32H417,USBFSD,USBFSD,UEP5_TX_LEN,0x40023444,0x044,8,1,#,reference,evt(ch32h417.h)
CH32H417,USBFSD,USBFSD,UEP5_TX_CTRL,0x40023446,0x046,8,1,#,reference,evt(ch32h417.h)
CH32H417,USBFSD,USBFSD,UEP5_RX_CTRL,0x40023447,0x047,8,1,#,reference,evt(ch32h417.h)
CH32H417,USBFSD,USBFSD,UEP6_TX_LEN,0x40023448,0x048,8,1,#,reference,evt(ch32h417.h)
CH32H417,USBFSD,USBFSD,UEP6_TX_CTRL,0x4002344a,0x04a,8,1,#,reference,evt(ch32h417.h)
CH32H417,USBFSD,USBFSD,UEP6_RX_CTRL,0x4002344b,0x04b,8,1,#,reference,evt(ch32h417.h)
CH32H417,USBFSD,USBFSD,UEP7_TX_LEN,0x4002344c,0x04c,8,1,#,reference,evt(ch32h417.h)
CH32H417,USBFSD,USBFSD,UEP7_TX_CTRL,0x4002344e,0x04e,8,1,#,reference,evt(ch32h417.h)
CH32H417,USBFSD,USBFSD,UEP7_RX_CTRL,0x4002344f,0x04f,8,1,#,reference,evt(ch32h417.h)
CH32H417,USBFSD,USBFSD,OTG_CR,0x40023454,0x054,32,1,#,reference,evt(ch32h417.h)
CH32H417,USBFSH,USBFSH,OTG_CR,0x40023454,0x054,32,1,#,reference,evt(ch32h417.h)
CH32H417,USBFSD,USBFSD,OTG_SR,0x40023458,0x058,32,1,#,reference,evt(ch32h417.h)
CH32H417,USBFSH,USBFSH,OTG_SR,0x40023458,0x058,32,1,#,reference,evt(ch32h417.h)
CH32H417,RNG,RNG,CR,0x40023c00,0x000,32,1,#,confirmed,evt(ch32h417.h)+rm-address(CH32H417RM.PDF)
CH32H417,RNG,RNG,SR,0x40023c04,0x004,32,1,#,confirmed,evt(ch32h417.h)+rm-address(CH32H417RM.PDF)
CH32H417,RNG,RNG,DR,0x40023c08,0x008,32,1,#,confirmed,evt(ch32h417.h)+rm-address(CH32H417RM.PDF)
CH32H417,SDMMC,SDMMC,ARGUMENT,0x40024000,0x000,32,1,#,reference,evt(ch32h417.h)
CH32H417,SDMMC,SDMMC,CMD_SET,0x40024004,0x004,16,1,#,reference,evt(ch32h417.h)
CH32H417,SDMMC,SDMMC,RESPONSE0,0x40024008,0x008,32,1,#,reference,evt(ch32h417.h)
CH32H417,SDMMC,SDMMC,RESPONSE1,0x4002400c,0x00c,32,1,#,reference,evt(ch32h417.h)
CH32H417,SDMMC,SDMMC,RESPONSE2,0x40024010,0x010,32,1,#,reference,evt(ch32h417.h)
CH32H417,SDMMC,SDMMC,RESPONSE3,0x40024014,0x014,32,1,#,reference,evt(ch32h417.h)
CH32H417,SDMMC,SDMMC,WRITE_CONT,0x40024014,0x014,32,1,#,reference,evt(ch32h417.h)
CH32H417,SDMMC,SDMMC,CONTROL,0x40024018,0x018,16,1,#,reference,evt(ch32h417.h)
CH32H417,SDMMC,SDMMC,TIMEOUT,0x4002401c,0x01c,8,1,#,reference,evt(ch32h417.h)
CH32H417,SDMMC,SDMMC,STATUS,0x40024020,0x020,32,1,#,reference,evt(ch32h417.h)
CH32H417,SDMMC,SDMMC,INT_FG,0x40024024,0x024,16,1,#,reference,evt(ch32h417.h)
CH32H417,SDMMC,SDMMC,INT_EN,0x40024028,0x028,16,1,#,reference,evt(ch32h417.h)
CH32H417,SDMMC,SDMMC,DMA_BEG1,0x4002402c,0x02c,32,1,#,reference,evt(ch32h417.h)
CH32H417,SDMMC,SDMMC,BLOCK_CFG,0x40024030,0x030,32,1,#,reference,evt(ch32h417.h)
CH32H417,SDMMC,SDMMC,TRAN_MODE,0x40024034,0x034,32,1,#,reference,evt(ch32h417.h)
CH32H417,SDMMC,SDMMC,CLK_DIV,0x40024038,0x038,16,1,#,reference,evt(ch32h417.h)
CH32H417,SDMMC,SDMMC,DMA_BEG2,0x4002403c,0x03c,32,1,#,reference,evt(ch32h417.h)
CH32H417,SDMMC,SDMMC,TUNE_DATO,0x40024040,0x040,32,1,#,reference,evt(ch32h417.h)
CH32H417,SDMMC,SDMMC,TUNE_DATI,0x40024044,0x044,32,1,#,reference,evt(ch32h417.h)
CH32H417,SDMMC,SDMMC,TUNE_CLK_CMD,0x40024048,0x048,32,1,#,reference,evt(ch32h417.h)
CH32H417,USBPD,USBPD,CONFIG,0x40024400,0x000,16,1,#,confirmed,evt(ch32h417.h)+rm-address(CH32H417RM.PDF)
CH32H417,USBPD,USBPD,USBPD_CONFIG,0x40024400,0x000,32,1,#,reference,evt(ch32h417.h)
CH32H417,USBPD,USBPD,BMC_CLK_CNT,0x40024402,0x002,16,1,#,reference,evt(ch32h417.h)
CH32H417,USBPD,USBPD,CONTROL,0x40024404,0x004,8,1,#,confirmed,evt(ch32h417.h)+rm-address(CH32H417RM.PDF)
CH32H417,USBPD,USBPD,R16_CONTROL,0x40024404,0x004,16,1,#,reference,evt(ch32h417.h)
CH32H417,USBPD,USBPD,USBPD_CONTROL,0x40024404,0x004,32,1,#,reference,evt(ch32h417.h)
CH32H417,USBPD,USBPD,TX_SEL,0x40024405,0x005,8,1,#,reference,evt(ch32h417.h)
CH32H417,USBPD,USBPD,BMC_TX_SZ,0x40024406,0x006,16,1,#,reference,evt(ch32h417.h)
CH32H417,USBPD,USBPD,DATA_BUF,0x40024408,0x008,8,1,#,reference,evt(ch32h417.h)
CH32H417,USBPD,USBPD,R16_STATUS,0x40024408,0x008,16,1,#,reference,evt(ch32h417.h)
CH32H417,USBPD,USBPD,USBPD_STATUS,0x40024408,0x008,32,1,#,confirmed,evt(ch32h417.h)+rm-address(CH32H417RM.PDF)
CH32H417,USBPD,USBPD,STATUS,0x40024409,0x009,8,1,#,reference,evt(ch32h417.h)
CH32H417,USBPD,USBPD,BMC_BYTE_CNT,0x4002440a,0x00a,16,1,#,reference,evt(ch32h417.h)
CH32H417,USBPD,USBPD,PORT_CC1,0x4002440c,0x00c,16,1,#,reference,evt(ch32h417.h)
CH32H417,USBPD,USBPD,USBPD_PORT,0x4002440c,0x00c,32,1,#,confirmed,evt(ch32h417.h)+rm-address(CH32H417RM.PDF)
CH32H417,USBPD,USBPD,PORT_CC2,0x4002440e,0x00e,16,1,#,reference,evt(ch32h417.h)
CH32H417,USBPD,USBPD,USBPD_DMA,0x40024410,0x010,32,1,#,confirmed,evt(ch32h417.h)+rm-address(CH32H417RM.PDF)
CH32H417,QSPI1,QSPI,CR,0x40024c00,0x000,32,1,#,confirmed,evt(ch32h417.h)+rm-address(CH32H417RM.PDF)
CH32H417,QSPI1,QSPI,DCR,0x40024c04,0x004,32,1,#,confirmed,evt(ch32h417.h)+rm-address(CH32H417RM.PDF)
CH32H417,QSPI1,QSPI,SR,0x40024c08,0x008,32,1,#,confirmed,evt(ch32h417.h)+rm-address(CH32H417RM.PDF)
CH32H417,QSPI1,QSPI,FCR,0x40024c0c,0x00c,32,1,#,confirmed,evt(ch32h417.h)+rm-address(CH32H417RM.PDF)
CH32H417,QSPI1,QSPI,DLR,0x40024c10,0x010,32,1,#,confirmed,evt(ch32h417.h)+rm-address(CH32H417RM.PDF)
CH32H417,QSPI1,QSPI,CCR,0x40024c14,0x014,32,1,#,confirmed,evt(ch32h417.h)+rm-address(CH32H417RM.PDF)
CH32H417,QSPI1,QSPI,AR,0x40024c18,0x018,32,1,#,confirmed,evt(ch32h417.h)+rm-address(CH32H417RM.PDF)
CH32H417,QSPI1,QSPI,ABR,0x40024c1c,0x01c,32,1,#,confirmed,evt(ch32h417.h)+rm-address(CH32H417RM.PDF)
CH32H417,QSPI1,QSPI,DR,0x40024c20,0x020,32,1,#,confirmed,evt(ch32h417.h)+rm-address(CH32H417RM.PDF)
CH32H417,QSPI1,QSPI,PSMKR,0x40024c24,0x024,32,1,#,confirmed,evt(ch32h417.h)+rm-address(CH32H417RM.PDF)
CH32H417,QSPI1,QSPI,PSMAR,0x40024c28,0x028,32,1,#,confirmed,evt(ch32h417.h)+rm-address(CH32H417RM.PDF)
CH32H417,QSPI1,QSPI,PIR,0x40024c2c,0x02c,32,1,#,confirmed,evt(ch32h417.h)+rm-address(CH32H417RM.PDF)
CH32H417,QSPI1,QSPI,LPTR,0x40024c30,0x030,32,1,#,confirmed,evt(ch32h417.h)+rm-address(CH32H417RM.PDF)
CH32H417,QSPI2,QSPI,CR,0x40025000,0x000,32,1,#,confirmed,evt(ch32h417.h)+rm-address(CH32H417RM.PDF)
CH32H417,QSPI2,QSPI,DCR,0x40025004,0x004,32,1,#,confirmed,evt(ch32h417.h)+rm-address(CH32H417RM.PDF)
CH32H417,QSPI2,QSPI,SR,0x40025008,0x008,32,1,#,confirmed,evt(ch32h417.h)+rm-address(CH32H417RM.PDF)
CH32H417,QSPI2,QSPI,FCR,0x4002500c,0x00c,32,1,#,confirmed,evt(ch32h417.h)+rm-address(CH32H417RM.PDF)
CH32H417,QSPI2,QSPI,DLR,0x40025010,0x010,32,1,#,confirmed,evt(ch32h417.h)+rm-address(CH32H417RM.PDF)
CH32H417,QSPI2,QSPI,CCR,0x40025014,0x014,32,1,#,confirmed,evt(ch32h417.h)+rm-address(CH32H417RM.PDF)
CH32H417,QSPI2,QSPI,AR,0x40025018,0x018,32,1,#,confirmed,evt(ch32h417.h)+rm-address(CH32H417RM.PDF)
CH32H417,QSPI2,QSPI,ABR,0x4002501c,0x01c,32,1,#,confirmed,evt(ch32h417.h)+rm-address(CH32H417RM.PDF)
CH32H417,QSPI2,QSPI,DR,0x40025020,0x020,32,1,#,confirmed,evt(ch32h417.h)+rm-address(CH32H417RM.PDF)
CH32H417,QSPI2,QSPI,PSMKR,0x40025024,0x024,32,1,#,confirmed,evt(ch32h417.h)+rm-address(CH32H417RM.PDF)
CH32H417,QSPI2,QSPI,PSMAR,0x40025028,0x028,32,1,#,confirmed,evt(ch32h417.h)+rm-address(CH32H417RM.PDF)
CH32H417,QSPI2,QSPI,PIR,0x4002502c,0x02c,32,1,#,confirmed,evt(ch32h417.h)+rm-address(CH32H417RM.PDF)
CH32H417,QSPI2,QSPI,LPTR,0x40025030,0x030,32,1,#,confirmed,evt(ch32h417.h)+rm-address(CH32H417RM.PDF)
CH32H417,FMC_Bank1,FMC_Bank1,BTCR,0x40025400,0x000,32,8,#,reference,evt(ch32h417.h)
CH32H417,FMC_Bank3,FMC_Bank3,PCR,0x40025480,0x000,32,1,#,reference,evt(ch32h417.h)
CH32H417,FMC_Bank3,FMC_Bank3,SR,0x40025484,0x004,32,1,#,reference,evt(ch32h417.h)
CH32H417,FMC_Bank3,FMC_Bank3,PMEM,0x40025488,0x008,32,1,#,reference,evt(ch32h417.h)
CH32H417,FMC_Bank3,FMC_Bank3,PATT,0x4002548c,0x00c,32,1,#,reference,evt(ch32h417.h)
CH32H417,FMC_Bank3,FMC_Bank3,ECCR,0x40025494,0x014,32,1,#,reference,evt(ch32h417.h)
CH32H417,FMC_Bank1E,FMC_Bank1E,BWTR,0x40025504,0x000,32,7,#,reference,evt(ch32h417.h)
CH32H417,FMC_Bank5_6,FMC_Bank5_6,SDCR,0x40025540,0x000,32,2,#,reference,evt(ch32h417.h)
CH32H417,FMC_Bank5_6,FMC_Bank5_6,SDTR,0x40025548,0x008,32,2,#,reference,evt(ch32h417.h)
CH32H417,FMC_Bank5_6,FMC_Bank5_6,SDCMR,0x40025550,0x010,32,1,#,reference,evt(ch32h417.h)
CH32H417,FMC_Bank5_6,FMC_Bank5_6,SDRTR,0x40025554,0x014,32,1,#,reference,evt(ch32h417.h)
CH32H417,FMC_Bank5_6,FMC_Bank5_6,SDSR,0x40025558,0x018,32,1,#,reference,evt(ch32h417.h)
CH32H417,FMC_Bank5_6,FMC_Bank5_6,MISC,0x40025580,0x040,32,1,#,reference,evt(ch32h417.h)
CH32H417,DVP,DVP,CR0,0x40025800,0x000,8,1,#,confirmed,evt(ch32h417.h)+rm-address(CH32H417RM.PDF)
CH32H417,DVP,DVP,CR1,0x40025801,0x001,8,1,#,confirmed,evt(ch32h417.h)+rm-address(CH32H417RM.PDF)
CH32H417,DVP,DVP,IER,0x40025802,0x002,8,1,#,confirmed,evt(ch32h417.h)+rm-address(CH32H417RM.PDF)
CH32H417,DVP,DVP,ROW_NUM,0x40025804,0x004,16,1,#,confirmed,evt(ch32h417.h)+rm-address(CH32H417RM.PDF)
CH32H417,DVP,DVP,COL_NUM,0x40025806,0x006,16,1,#,confirmed,evt(ch32h417.h)+rm-address(CH32H417RM.PDF)
CH32H417,DVP,DVP,DMA_BUF0,0x40025808,0x008,32,1,#,confirmed,evt(ch32h417.h)+rm-address(CH32H417RM.PDF)
CH32H417,DVP,DVP,DMA_BUF1,0x4002580c,0x00c,32,1,#,confirmed,evt(ch32h417.h)+rm-address(CH32H417RM.PDF)
CH32H417,DVP,DVP,IFR,0x40025810,0x010,8,1,#,confirmed,evt(ch32h417.h)+rm-address(CH32H417RM.PDF)
CH32H417,DVP,DVP,STATUS,0x40025811,0x011,8,1,#,confirmed,evt(ch32h417.h)+rm-address(CH32H417RM.PDF)
CH32H417,DVP,DVP,ROW_CNT,0x40025814,0x014,16,1,#,confirmed,evt(ch32h417.h)+rm-address(CH32H417RM.PDF)
CH32H417,DVP,DVP,HOFFCNT,0x40025818,0x018,16,1,#,confirmed,evt(ch32h417.h)+rm-address(CH32H417RM.PDF)
CH32H417,DVP,DVP,VST,0x4002581a,0x01a,16,1,#,confirmed,evt(ch32h417.h)+rm-address(CH32H417RM.PDF)
CH32H417,DVP,DVP,CAPCNT,0x4002581c,0x01c,16,1,#,confirmed,evt(ch32h417.h)+rm-address(CH32H417RM.PDF)
CH32H417,DVP,DVP,VLINE,0x4002581e,0x01e,16,1,#,confirmed,evt(ch32h417.h)+rm-address(CH32H417RM.PDF)
CH32H417,DVP,DVP,DR,0x40025820,0x020,32,1,#,confirmed,evt(ch32h417.h)+rm-address(CH32H417RM.PDF)
CH32H417,SDS1,SDS,CTRL,0x40027c00,0x000,32,1,#,reference,evt(ch32h417.h)
CH32H417,SDS1,SDS,INT_EN,0x40027c04,0x004,32,1,#,reference,evt(ch32h417.h)
CH32H417,SDS1,SDS,STATUS,0x40027c08,0x008,32,1,#,reference,evt(ch32h417.h)
CH32H417,SDS1,SDS,RTX_CTRL,0x40027c0c,0x00c,32,1,#,reference,evt(ch32h417.h)
CH32H417,SDS1,SDS,RX_LEN0,0x40027c10,0x010,32,1,#,reference,evt(ch32h417.h)
CH32H417,SDS1,SDS,DATA0,0x40027c14,0x014,32,1,#,reference,evt(ch32h417.h)
CH32H417,SDS1,SDS,DMA_0,0x40027c18,0x018,32,1,#,reference,evt(ch32h417.h)
CH32H417,SDS1,SDS,RX_LEN1,0x40027c1c,0x01c,32,1,#,reference,evt(ch32h417.h)
CH32H417,SDS1,SDS,DATA1,0x40027c20,0x020,32,1,#,reference,evt(ch32h417.h)
CH32H417,SDS1,SDS,DMA_1,0x40027c24,0x024,32,1,#,reference,evt(ch32h417.h)
CH32H417,SDS2,SDS,CTRL,0x40027c40,0x000,32,1,#,reference,evt(ch32h417.h)
CH32H417,SDS2,SDS,INT_EN,0x40027c44,0x004,32,1,#,reference,evt(ch32h417.h)
CH32H417,SDS2,SDS,STATUS,0x40027c48,0x008,32,1,#,reference,evt(ch32h417.h)
CH32H417,SDS2,SDS,RTX_CTRL,0x40027c4c,0x00c,32,1,#,reference,evt(ch32h417.h)
CH32H417,SDS2,SDS,RX_LEN0,0x40027c50,0x010,32,1,#,reference,evt(ch32h417.h)
CH32H417,SDS2,SDS,DATA0,0x40027c54,0x014,32,1,#,reference,evt(ch32h417.h)
CH32H417,SDS2,SDS,DMA_0,0x40027c58,0x018,32,1,#,reference,evt(ch32h417.h)
CH32H417,SDS2,SDS,RX_LEN1,0x40027c5c,0x01c,32,1,#,reference,evt(ch32h417.h)
CH32H417,SDS2,SDS,DATA1,0x40027c60,0x020,32,1,#,reference,evt(ch32h417.h)
CH32H417,SDS2,SDS,DMA_1,0x40027c64,0x024,32,1,#,reference,evt(ch32h417.h)
CH32H417,ETH,ETH,MACCR,0x40028000,0x000,32,1,#,confirmed,evt(ch32h417.h)+rm-address(CH32H417RM.PDF)
CH32H417,ETH,ETH,MACFFR,0x40028004,0x004,32,1,#,confirmed,evt(ch32h417.h)+rm-address(CH32H417RM.PDF)
CH32H417,ETH,ETH,MACHTHR,0x40028008,0x008,32,1,#,confirmed,evt(ch32h417.h)+rm-address(CH32H417RM.PDF)
CH32H417,ETH,ETH,MACHTLR,0x4002800c,0x00c,32,1,#,confirmed,evt(ch32h417.h)+rm-address(CH32H417RM.PDF)
CH32H417,ETH,ETH,MACMIIAR,0x40028010,0x010,32,1,#,confirmed,evt(ch32h417.h)+rm-address(CH32H417RM.PDF)
CH32H417,ETH,ETH,MACMIIDR,0x40028014,0x014,32,1,#,confirmed,evt(ch32h417.h)+rm-address(CH32H417RM.PDF)
CH32H417,ETH,ETH,MACFCR,0x40028018,0x018,32,1,#,confirmed,evt(ch32h417.h)+rm-address(CH32H417RM.PDF)
CH32H417,ETH,ETH,MACVLANTR,0x4002801c,0x01c,32,1,#,reference,evt(ch32h417.h)
CH32H417,ETH,ETH,MACRWUFFR,0x40028028,0x028,32,1,#,confirmed,evt(ch32h417.h)+rm-address(CH32H417RM.PDF)
CH32H417,ETH,ETH,MACPMTCSR,0x4002802c,0x02c,32,1,#,confirmed,evt(ch32h417.h)+rm-address(CH32H417RM.PDF)
CH32H417,ETH,ETH,MACSR,0x40028038,0x038,32,1,#,confirmed,evt(ch32h417.h)+rm-address(CH32H417RM.PDF)
CH32H417,ETH,ETH,MACIMR,0x4002803c,0x03c,32,1,#,confirmed,evt(ch32h417.h)+rm-address(CH32H417RM.PDF)
CH32H417,ETH,ETH,MACA0HR,0x40028040,0x040,32,1,#,confirmed,evt(ch32h417.h)+rm-address(CH32H417RM.PDF)
CH32H417,ETH,ETH,MACA0LR,0x40028044,0x044,32,1,#,confirmed,evt(ch32h417.h)+rm-address(CH32H417RM.PDF)
CH32H417,ETH,ETH,MACA1HR,0x40028048,0x048,32,1,#,confirmed,evt(ch32h417.h)+rm-address(CH32H417RM.PDF)
CH32H417,ETH,ETH,MACA1LR,0x4002804c,0x04c,32,1,#,confirmed,evt(ch32h417.h)+rm-address(CH32H417RM.PDF)
CH32H417,ETH,ETH,MACA2HR,0x40028050,0x050,32,1,#,confirmed,evt(ch32h417.h)+rm-address(CH32H417RM.PDF)
CH32H417,ETH,ETH,MACA2LR,0x40028054,0x054,32,1,#,confirmed,evt(ch32h417.h)+rm-address(CH32H417RM.PDF)
CH32H417,ETH,ETH,MACA3HR,0x40028058,0x058,32,1,#,confirmed,evt(ch32h417.h)+rm-address(CH32H417RM.PDF)
CH32H417,ETH,ETH,MACA3LR,0x4002805c,0x05c,32,1,#,confirmed,evt(ch32h417.h)+rm-address(CH32H417RM.PDF)
CH32H417,ETH,ETH,MACPHYCR,0x40028080,0x080,32,1,#,reference,evt(ch32h417.h)
CH32H417,ETH,ETH,MACCFG0,0x40028098,0x098,32,1,#,reference,evt(ch32h417.h)
CH32H417,ETH,ETH,MMCCR,0x40028100,0x100,32,1,#,confirmed,evt(ch32h417.h)+rm-address(CH32H417RM.PDF)
CH32H417,ETH,ETH,MMCRIR,0x40028104,0x104,32,1,#,confirmed,evt(ch32h417.h)+rm-address(CH32H417RM.PDF)
CH32H417,ETH,ETH,MMCTIR,0x40028108,0x108,32,1,#,confirmed,evt(ch32h417.h)+rm-address(CH32H417RM.PDF)
CH32H417,ETH,ETH,MMCRIMR,0x4002810c,0x10c,32,1,#,confirmed,evt(ch32h417.h)+rm-address(CH32H417RM.PDF)
CH32H417,ETH,ETH,MMCTIMR,0x40028110,0x110,32,1,#,confirmed,evt(ch32h417.h)+rm-address(CH32H417RM.PDF)
CH32H417,ETH,ETH,MMCTGFSCCR,0x4002814c,0x14c,32,1,#,confirmed,evt(ch32h417.h)+rm-address(CH32H417RM.PDF)
CH32H417,ETH,ETH,MMCTGFMSCCR,0x40028150,0x150,32,1,#,confirmed,evt(ch32h417.h)+rm-address(CH32H417RM.PDF)
CH32H417,ETH,ETH,MMCTGFCR,0x40028168,0x168,32,1,#,confirmed,evt(ch32h417.h)+rm-address(CH32H417RM.PDF)
CH32H417,ETH,ETH,MMCRFCECR,0x40028194,0x194,32,1,#,confirmed,evt(ch32h417.h)+rm-address(CH32H417RM.PDF)
CH32H417,ETH,ETH,MMCRFAECR,0x40028198,0x198,32,1,#,confirmed,evt(ch32h417.h)+rm-address(CH32H417RM.PDF)
CH32H417,ETH,ETH,MMCRAFCR,0x4002819c,0x19c,32,1,#,confirmed,evt(ch32h417.h)+rm-address(CH32H417RM.PDF)
CH32H417,ETH,ETH,MMCRGUFCR,0x400281c4,0x1c4,32,1,#,confirmed,evt(ch32h417.h)+rm-address(CH32H417RM.PDF)
CH32H417,ETH,ETH,PTPTSCR,0x40028700,0x700,32,1,#,confirmed,evt(ch32h417.h)+rm-address(CH32H417RM.PDF)
CH32H417,ETH,ETH,PTPSSIR,0x40028704,0x704,32,1,#,confirmed,evt(ch32h417.h)+rm-address(CH32H417RM.PDF)
CH32H417,ETH,ETH,PTPTSHR,0x40028708,0x708,32,1,#,confirmed,evt(ch32h417.h)+rm-address(CH32H417RM.PDF)
CH32H417,ETH,ETH,PTPTSLR,0x4002870c,0x70c,32,1,#,confirmed,evt(ch32h417.h)+rm-address(CH32H417RM.PDF)
CH32H417,ETH,ETH,PTPTSHUR,0x40028710,0x710,32,1,#,confirmed,evt(ch32h417.h)+rm-address(CH32H417RM.PDF)
CH32H417,ETH,ETH,PTPTSLUR,0x40028714,0x714,32,1,#,confirmed,evt(ch32h417.h)+rm-address(CH32H417RM.PDF)
CH32H417,ETH,ETH,PTPTSAR,0x40028718,0x718,32,1,#,confirmed,evt(ch32h417.h)+rm-address(CH32H417RM.PDF)
CH32H417,ETH,ETH,PTPTTHR,0x4002871c,0x71c,32,1,#,confirmed,evt(ch32h417.h)+rm-address(CH32H417RM.PDF)
CH32H417,ETH,ETH,PTPTTLR,0x40028720,0x720,32,1,#,confirmed,evt(ch32h417.h)+rm-address(CH32H417RM.PDF)
CH32H417,ETH,ETH,DMABMR,0x40029000,0x1000,32,1,#,confirmed,evt(ch32h417.h)+rm-address(CH32H417RM.PDF)
CH32H417,ETH,ETH,DMATPDR,0x40029004,0x1004,32,1,#,confirmed,evt(ch32h417.h)+rm-address(CH32H417RM.PDF)
CH32H417,ETH,ETH,DMARPDR,0x40029008,0x1008,32,1,#,confirmed,evt(ch32h417.h)+rm-address(CH32H417RM.PDF)
CH32H417,ETH,ETH,DMARDLAR,0x4002900c,0x100c,32,1,#,confirmed,evt(ch32h417.h)+rm-address(CH32H417RM.PDF)
CH32H417,ETH,ETH,DMATDLAR,0x40029010,0x1010,32,1,#,confirmed,evt(ch32h417.h)+rm-address(CH32H417RM.PDF)
CH32H417,ETH,ETH,DMASR,0x40029014,0x1014,32,1,#,confirmed,evt(ch32h417.h)+rm-address(CH32H417RM.PDF)
CH32H417,ETH,ETH,DMAOMR,0x40029018,0x1018,32,1,#,confirmed,evt(ch32h417.h)+rm-address(CH32H417RM.PDF)
CH32H417,ETH,ETH,DMAIER,0x4002901c,0x101c,32,1,#,confirmed,evt(ch32h417.h)+rm-address(CH32H417RM.PDF)
CH32H417,ETH,ETH,DMAMFBOCR,0x40029020,0x1020,32,1,#,confirmed,evt(ch32h417.h)+rm-address(CH32H417RM.PDF)
CH32H417,ETH,ETH,DMACHTDR,0x40029048,0x1048,32,1,#,confirmed,evt(ch32h417.h)+rm-address(CH32H417RM.PDF)
CH32H417,ETH,ETH,DMACHRDR,0x4002904c,0x104c,32,1,#,confirmed,evt(ch32h417.h)+rm-address(CH32H417RM.PDF)
CH32H417,ETH,ETH,DMACHTBAR,0x40029050,0x1050,32,1,#,confirmed,evt(ch32h417.h)+rm-address(CH32H417RM.PDF)
CH32H417,ETH,ETH,DMACHRBAR,0x40029054,0x1054,32,1,#,confirmed,evt(ch32h417.h)+rm-address(CH32H417RM.PDF)
CH32H417,USBHSD,USBHSD,CONTROL,0x40030000,0x000,8,1,#,reference,evt(ch32h417.h)
CH32H417,USBHSD,USBHSD,BASE_MODE,0x40030001,0x001,8,1,#,reference,evt(ch32h417.h)
CH32H417,USBHSD,USBHSD,INT_EN,0x40030002,0x002,8,1,#,reference,evt(ch32h417.h)
CH32H417,USBHSD,USBHSD,DEV_AD,0x40030003,0x003,8,1,#,reference,evt(ch32h417.h)
CH32H417,USBHSD,USBHSD,WAKE_CTRL,0x40030004,0x004,8,1,#,reference,evt(ch32h417.h)
CH32H417,USBHSD,USBHSD,TEST_MODE,0x40030005,0x005,8,1,#,reference,evt(ch32h417.h)
CH32H417,USBHSD,USBHSD,LPM_DATA,0x40030006,0x006,16,1,#,reference,evt(ch32h417.h)
CH32H417,USBHSD,USBHSD,INT_FG,0x40030008,0x008,8,1,#,reference,evt(ch32h417.h)
CH32H417,USBHSD,USBHSD,INT_ST,0x40030009,0x009,8,1,#,reference,evt(ch32h417.h)
CH32H417,USBHSD,USBHSD,MIS_ST,0x4003000a,0x00a,8,1,#,reference,evt(ch32h417.h)
CH32H417,USBHSD,USBHSD,FRAME_NO,0x4003000c,0x00c,16,1,#,reference,evt(ch32h417.h)
CH32H417,USBHSD,USBHSD,BUS,0x4003000e,0x00e,16,1,#,reference,evt(ch32h417.h)
CH32H417,USBHSD,USBHSD,UEP_TX_EN,0x40030010,0x010,16,1,#,reference,evt(ch32h417.h)
CH32H417,USBHSD,USBHSD,UEP_RX_EN,0x40030012,0x012,16,1,#,reference,evt(ch32h417.h)
CH32H417,USBHSD,USBHSD,UEP_TX_TOG_AUTO,0x40030014,0x014,16,1,#,reference,evt(ch32h417.h)
CH32H417,USBHSD,USBHSD,UEP_RX_TOG_AUTO,0x40030016,0x016,16,1,#,reference,evt(ch32h417.h)
CH32H417,USBHSD,USBHSD,UEP_TX_BURST,0x40030018,0x018,8,1,#,reference,evt(ch32h417.h)
CH32H417,USBHSD,USBHSD,UEP_TX_BURST_MODE,0x40030019,0x019,8,1,#,reference,evt(ch32h417.h)
CH32H417,USBHSD,USBHSD,UEP_RX_BURST,0x4003001a,0x01a,8,1,#,reference,evt(ch32h417.h)
CH32H417,USBHSD,USBHSD,UEP_RX_RES_MODE,0x4003001b,0x01b,8,1,#,reference,evt(ch32h417.h)
CH32H417,USBHSD,USBHSD,UEP_AF_MODE,0x4003001c,0x01c,32,1,#,reference,evt(ch32h417.h)
CH32H417,USBHSD,USBHSD,UEP0_DMA,0x40030020,0x020,32,1,#,reference,evt(ch32h417.h)
CH32H417,USBHSD,USBHSD,UEP1_RX_DMA,0x40030024,0x024,32,1,#,reference,evt(ch32h417.h)
CH32H417,USBHSD,USBHSD,UEP2_RX_DMA,0x40030028,0x028,32,1,#,reference,evt(ch32h417.h)
CH32H417,USBHSD,USBHSD,UEP3_RX_DMA,0x4003002c,0x02c,32,1,#,reference,evt(ch32h417.h)
CH32H417,USBHSD,USBHSD,UEP4_RX_DMA,0x40030030,0x030,32,1,#,reference,evt(ch32h417.h)
CH32H417,USBHSD,USBHSD,UEP5_RX_DMA,0x40030034,0x034,32,1,#,reference,evt(ch32h417.h)
CH32H417,USBHSD,USBHSD,UEP6_RX_DMA,0x40030038,0x038,32,1,#,reference,evt(ch32h417.h)
CH32H417,USBHSD,USBHSD,UEP7_RX_DMA,0x4003003c,0x03c,32,1,#,reference,evt(ch32h417.h)
CH32H417,USBHSD,USBHSD,UEP1_TX_DMA,0x40030040,0x040,32,1,#,reference,evt(ch32h417.h)
CH32H417,USBHSD,USBHSD,UEP2_TX_DMA,0x40030044,0x044,32,1,#,reference,evt(ch32h417.h)
CH32H417,USBHSD,USBHSD,UEP3_TX_DMA,0x40030048,0x048,32,1,#,reference,evt(ch32h417.h)
CH32H417,USBHSD,USBHSD,UEP4_TX_DMA,0x4003004c,0x04c,32,1,#,reference,evt(ch32h417.h)
CH32H417,USBHSD,USBHSD,UEP5_TX_DMA,0x40030050,0x050,32,1,#,reference,evt(ch32h417.h)
CH32H417,USBHSD,USBHSD,UEP6_TX_DMA,0x40030054,0x054,32,1,#,reference,evt(ch32h417.h)
CH32H417,USBHSD,USBHSD,UEP7_TX_DMA,0x40030058,0x058,32,1,#,reference,evt(ch32h417.h)
CH32H417,USBHSD,USBHSD,UEP0_MAX_LEN,0x4003005c,0x05c,32,1,#,reference,evt(ch32h417.h)
CH32H417,USBHSD,USBHSD,UEP1_MAX_LEN,0x40030060,0x060,32,1,#,reference,evt(ch32h417.h)
CH32H417,USBHSD,USBHSD,UEP2_MAX_LEN,0x40030064,0x064,32,1,#,reference,evt(ch32h417.h)
CH32H417,USBHSD,USBHSD,UEP3_MAX_LEN,0x40030068,0x068,32,1,#,reference,evt(ch32h417.h)
CH32H417,USBHSD,USBHSD,UEP4_MAX_LEN,0x4003006c,0x06c,32,1,#,reference,evt(ch32h417.h)
CH32H417,USBHSD,USBHSD,UEP5_MAX_LEN,0x40030070,0x070,32,1,#,reference,evt(ch32h417.h)
CH32H417,USBHSD,USBHSD,UEP6_MAX_LEN,0x40030074,0x074,32,1,#,reference,evt(ch32h417.h)
CH32H417,USBHSD,USBHSD,UEP7_MAX_LEN,0x40030078,0x078,32,1,#,reference,evt(ch32h417.h)
CH32H417,USBHSD,USBHSD,UEP0_RX_LEN,0x4003007c,0x07c,16,1,#,reference,evt(ch32h417.h)
CH32H417,USBHSD,USBHSD,UEP1_RX_LEN,0x40030080,0x080,16,1,#,reference,evt(ch32h417.h)
CH32H417,USBHSD,USBHSD,UEP1_RX_SIZE,0x40030082,0x082,16,1,#,reference,evt(ch32h417.h)
CH32H417,USBHSD,USBHSD,UEP2_RX_LEN,0x40030084,0x084,16,1,#,reference,evt(ch32h417.h)
CH32H417,USBHSD,USBHSD,UEP2_RX_SIZE,0x40030086,0x086,16,1,#,reference,evt(ch32h417.h)
CH32H417,USBHSD,USBHSD,UEP3_RX_LEN,0x40030088,0x088,16,1,#,reference,evt(ch32h417.h)
CH32H417,USBHSD,USBHSD,UEP3_RX_SIZE,0x4003008a,0x08a,16,1,#,reference,evt(ch32h417.h)
CH32H417,USBHSD,USBHSD,UEP4_RX_LEN,0x4003008c,0x08c,16,1,#,reference,evt(ch32h417.h)
CH32H417,USBHSD,USBHSD,UEP4_RX_SIZE,0x4003008e,0x08e,16,1,#,reference,evt(ch32h417.h)
CH32H417,USBHSD,USBHSD,UEP5_RX_LEN,0x40030090,0x090,16,1,#,reference,evt(ch32h417.h)
CH32H417,USBHSD,USBHSD,UEP5_RX_SIZE,0x40030092,0x092,16,1,#,reference,evt(ch32h417.h)
CH32H417,USBHSD,USBHSD,UEP6_RX_LEN,0x40030094,0x094,16,1,#,reference,evt(ch32h417.h)
CH32H417,USBHSD,USBHSD,UEP6_RX_SIZE,0x40030096,0x096,16,1,#,reference,evt(ch32h417.h)
CH32H417,USBHSD,USBHSD,UEP7_RX_LEN,0x40030098,0x098,16,1,#,reference,evt(ch32h417.h)
CH32H417,USBHSD,USBHSD,UEP7_RX_SIZE,0x4003009a,0x09a,16,1,#,reference,evt(ch32h417.h)
CH32H417,USBHSD,USBHSD,UEP0_TX_LEN,0x4003009c,0x09c,16,1,#,reference,evt(ch32h417.h)
CH32H417,USBHSD,USBHSD,UEP0_TX_CTRL,0x4003009e,0x09e,8,1,#,reference,evt(ch32h417.h)
CH32H417,USBHSD,USBHSD,UEP0_RX_CTRL,0x4003009f,0x09f,8,1,#,reference,evt(ch32h417.h)
CH32H417,USBHSD,USBHSD,UEP1_TX_LEN,0x400300a0,0x0a0,16,1,#,reference,evt(ch32h417.h)
CH32H417,USBHSD,USBHSD,UEP1_TX_CTRL,0x400300a2,0x0a2,8,1,#,reference,evt(ch32h417.h)
CH32H417,USBHSD,USBHSD,UEP1_RX_CTRL,0x400300a3,0x0a3,8,1,#,reference,evt(ch32h417.h)
CH32H417,USBHSD,USBHSD,UEP2_TX_LEN,0x400300a4,0x0a4,16,1,#,reference,evt(ch32h417.h)
CH32H417,USBHSD,USBHSD,UEP2_TX_CTRL,0x400300a6,0x0a6,8,1,#,reference,evt(ch32h417.h)
CH32H417,USBHSD,USBHSD,UEP2_RX_CTRL,0x400300a7,0x0a7,8,1,#,reference,evt(ch32h417.h)
CH32H417,USBHSD,USBHSD,UEP3_TX_LEN,0x400300a8,0x0a8,16,1,#,reference,evt(ch32h417.h)
CH32H417,USBHSD,USBHSD,UEP3_TX_CTRL,0x400300aa,0x0aa,8,1,#,reference,evt(ch32h417.h)
CH32H417,USBHSD,USBHSD,UEP3_RX_CTRL,0x400300ab,0x0ab,8,1,#,reference,evt(ch32h417.h)
CH32H417,USBHSD,USBHSD,UEP4_TX_LEN,0x400300ac,0x0ac,16,1,#,reference,evt(ch32h417.h)
CH32H417,USBHSD,USBHSD,UEP4_TX_CTRL,0x400300ae,0x0ae,8,1,#,reference,evt(ch32h417.h)
CH32H417,USBHSD,USBHSD,UEP4_RX_CTRL,0x400300af,0x0af,8,1,#,reference,evt(ch32h417.h)
CH32H417,USBHSD,USBHSD,UEP5_TX_LEN,0x400300b0,0x0b0,16,1,#,reference,evt(ch32h417.h)
CH32H417,USBHSD,USBHSD,UEP5_TX_CTRL,0x400300b2,0x0b2,8,1,#,reference,evt(ch32h417.h)
CH32H417,USBHSD,USBHSD,UEP5_RX_CTRL,0x400300b3,0x0b3,8,1,#,reference,evt(ch32h417.h)
CH32H417,USBHSD,USBHSD,UEP6_TX_LEN,0x400300b4,0x0b4,16,1,#,reference,evt(ch32h417.h)
CH32H417,USBHSD,USBHSD,UEP6_TX_CTRL,0x400300b6,0x0b6,8,1,#,reference,evt(ch32h417.h)
CH32H417,USBHSD,USBHSD,UEP6_RX_CTRL,0x400300b7,0x0b7,8,1,#,reference,evt(ch32h417.h)
CH32H417,USBHSD,USBHSD,UEP7_TX_LEN,0x400300b8,0x0b8,16,1,#,reference,evt(ch32h417.h)
CH32H417,USBHSD,USBHSD,UEP7_TX_CTRL,0x400300ba,0x0ba,8,1,#,reference,evt(ch32h417.h)
CH32H417,USBHSD,USBHSD,UEP7_RX_CTRL,0x400300bb,0x0bb,8,1,#,reference,evt(ch32h417.h)
CH32H417,USBHSD,USBHSD,UEP_TX_ISO,0x400300bc,0x0bc,16,1,#,reference,evt(ch32h417.h)
CH32H417,USBHSD,USBHSD,UEP_RX_ISO,0x400300be,0x0be,16,1,#,reference,evt(ch32h417.h)
CH32H417,USBHSD,USBHSD,UEP1_RX_FIFO,0x400300c0,0x0c0,32,1,#,reference,evt(ch32h417.h)
CH32H417,USBHSD,USBHSD,UEP2_RX_FIFO,0x400300c4,0x0c4,32,1,#,reference,evt(ch32h417.h)
CH32H417,USBHSD,USBHSD,UEP3_RX_FIFO,0x400300c8,0x0c8,32,1,#,reference,evt(ch32h417.h)
CH32H417,USBHSD,USBHSD,UEP4_RX_FIFO,0x400300cc,0x0cc,32,1,#,reference,evt(ch32h417.h)
CH32H417,USBHSD,USBHSD,UEP5_RX_FIFO,0x400300d0,0x0d0,32,1,#,reference,evt(ch32h417.h)
CH32H417,USBHSD,USBHSD,UEP6_RX_FIFO,0x400300d4,0x0d4,32,1,#,reference,evt(ch32h417.h)
CH32H417,USBHSD,USBHSD,UEP7_RX_FIFO,0x400300d8,0x0d8,32,1,#,reference,evt(ch32h417.h)
CH32H417,USBHSD,USBHSD,UEP1_TX_FIFO,0x400300dc,0x0dc,32,1,#,reference,evt(ch32h417.h)
CH32H417,USBHSD,USBHSD,UEP2_TX_FIFO,0x400300e0,0x0e0,32,1,#,reference,evt(ch32h417.h)
CH32H417,USBHSD,USBHSD,UEP3_TX_FIFO,0x400300e4,0x0e4,32,1,#,reference,evt(ch32h417.h)
CH32H417,USBHSD,USBHSD,UEP4_TX_FIFO,0x400300e8,0x0e8,32,1,#,reference,evt(ch32h417.h)
CH32H417,USBHSD,USBHSD,UEP5_TX_FIFO,0x400300ec,0x0ec,32,1,#,reference,evt(ch32h417.h)
CH32H417,USBHSD,USBHSD,UEP6_TX_FIFO,0x400300f0,0x0f0,32,1,#,reference,evt(ch32h417.h)
CH32H417,USBHSD,USBHSD,UEP7_TX_FIFO,0x400300f4,0x0f4,32,1,#,reference,evt(ch32h417.h)
CH32H417,USBHSH,USBHSH,CFG,0x40030100,0x000,8,1,#,reference,evt(ch32h417.h)
CH32H417,USBHSH,USBHSH,INT_EN,0x40030102,0x002,8,1,#,reference,evt(ch32h417.h)
CH32H417,USBHSH,USBHSH,DEV_ADDR,0x40030103,0x003,8,1,#,reference,evt(ch32h417.h)
CH32H417,USBHSH,USBHSH,CONTROL,0x40030104,0x004,32,1,#,reference,evt(ch32h417.h)
CH32H417,USBHSH,USBHSH,INT_FLAG,0x40030108,0x008,8,1,#,reference,evt(ch32h417.h)
CH32H417,USBHSH,USBHSH,INT_ST,0x40030109,0x009,8,1,#,reference,evt(ch32h417.h)
CH32H417,USBHSH,USBHSH,MIS_ST,0x4003010a,0x00a,8,1,#,reference,evt(ch32h417.h)
CH32H417,USBHSH,USBHSH,LPM,0x4003010c,0x00c,32,1,#,reference,evt(ch32h417.h)
CH32H417,USBHSH,USBHSH,SPLIT,0x40030110,0x010,32,1,#,reference,evt(ch32h417.h)
CH32H417,USBHSH,USBHSH,FRAME,0x40030114,0x014,32,1,#,reference,evt(ch32h417.h)
CH32H417,USBHSH,USBHSH,TX_LEN,0x40030118,0x018,32,1,#,reference,evt(ch32h417.h)
CH32H417,USBHSH,USBHSH,RX_LEN,0x4003011c,0x01c,32,1,#,reference,evt(ch32h417.h)
CH32H417,USBHSH,USBHSH,RX_MAX_LEN,0x40030120,0x020,32,1,#,reference,evt(ch32h417.h)
CH32H417,USBHSH,USBHSH,RX_DMA,0x40030124,0x024,32,1,#,reference,evt(ch32h417.h)
CH32H417,USBHSH,USBHSH,TX_DMA,0x40030128,0x028,32,1,#,reference,evt(ch32h417.h)
CH32H417,USBHSH,USBHSH,PORT_CTRL,0x4003012c,0x02c,32,1,#,reference,evt(ch32h417.h)
CH32H417,USBHSH,USBHSH,PORT_CFG,0x40030130,0x030,8,1,#,reference,evt(ch32h417.h)
CH32H417,USBHSH,USBHSH,PORT_INT_EN,0x40030132,0x032,8,1,#,reference,evt(ch32h417.h)
CH32H417,USBHSH,USBHSH,PORT_TEST_CT,0x40030133,0x033,8,1,#,reference,evt(ch32h417.h)
CH32H417,USBHSH,USBHSH,PORT_STATUS,0x40030134,0x034,16,1,#,reference,evt(ch32h417.h)
CH32H417,USBHSH,USBHSH,PORT_STATUS_CHG,0x40030136,0x036,8,1,#,reference,evt(ch32h417.h)
CH32H417,USBHSH,USBHSH,ROOT_BC_CTRL,0x4003013c,0x03c,32,1,#,reference,evt(ch32h417.h)
CH32H417,USBSSD,USBSSD,LINK_CFG,0x40034000,0x000,32,1,#,reference,evt(ch32h417.h)
CH32H417,USBSSH,USBSSH,LINK_CFG,0x40034000,0x000,32,1,#,reference,evt(ch32h417.h)
CH32H417,USBSSD,USBSSD,LINK_CTRL,0x40034004,0x004,32,1,#,reference,evt(ch32h417.h)
CH32H417,USBSSH,USBSSH,LINK_CTRL,0x40034004,0x004,32,1,#,reference,evt(ch32h417.h)
CH32H417,USBSSD,USBSSD,LINK_INT_CTRL,0x40034008,0x008,32,1,#,reference,evt(ch32h417.h)
CH32H417,USBSSH,USBSSH,LINK_INT_CTRL,0x40034008,0x008,32,1,#,reference,evt(ch32h417.h)
CH32H417,USBSSD,USBSSD,LINK_INT_FLAG,0x4003400c,0x00c,32,1,#,reference,evt(ch32h417.h)
CH32H417,USBSSH,USBSSH,LINK_INT_FLAG,0x4003400c,0x00c,32,1,#,reference,evt(ch32h417.h)
CH32H417,USBSSD,USBSSD,LINK_STATUS,0x40034010,0x010,32,1,#,reference,evt(ch32h417.h)
CH32H417,USBSSH,USBSSH,LINK_STATUS,0x40034010,0x010,32,1,#,reference,evt(ch32h417.h)
CH32H417,USBSSD,USBSSD,LINK_ITP_PRE,0x40034017,0x017,8,1,#,reference,evt(ch32h417.h)
CH32H417,USBSSH,USBSSH,LINK_ITP_PRE,0x40034017,0x017,8,1,#,reference,evt(ch32h417.h)
CH32H417,USBSSD,USBSSD,LINK_U2_INACT_TIMER,0x4003401d,0x01d,8,1,#,reference,evt(ch32h417.h)
CH32H417,USBSSH,USBSSH,LINK_U2_INACT_TIMER,0x4003401d,0x01d,8,1,#,reference,evt(ch32h417.h)
CH32H417,USBSSD,USBSSD,LINK_U1_WKUP_FILTER,0x40034028,0x028,8,1,#,reference,evt(ch32h417.h)
CH32H417,USBSSH,USBSSH,LINK_U1_WKUP_FILTER,0x40034028,0x028,8,1,#,reference,evt(ch32h417.h)
CH32H417,USBSSD,USBSSD,LINK_U1_WKUP_TMR,0x4003402a,0x02a,16,1,#,reference,evt(ch32h417.h)
CH32H417,USBSSD,USBSSD,LINK_U2_WKUP_FILTER,0x4003402c,0x02c,8,1,#,reference,evt(ch32h417.h)
CH32H417,USBSSH,USBSSH,LINK_U2_WKUP_FILTER,0x4003402c,0x02c,8,1,#,reference,evt(ch32h417.h)
CH32H417,USBSSD,USBSSD,LINK_U3_WKUP_FILTER,0x40034030,0x030,8,1,#,reference,evt(ch32h417.h)
CH32H417,USBSSH,USBSSH,LINK_U3_WKUP_FILTER,0x40034030,0x030,8,1,#,reference,evt(ch32h417.h)
CH32H417,USBSSD,USBSSD,LINK_U3_WKUP_TMR,0x40034032,0x032,16,1,#,reference,evt(ch32h417.h)
CH32H417,USBSSD,USBSSD,LINK_ISO_DLY,0x40034040,0x040,16,1,#,reference,evt(ch32h417.h)
CH32H417,USBSSH,USBSSH,LINK_ISO_DLY,0x40034040,0x040,16,1,#,reference,evt(ch32h417.h)
CH32H417,USBSSD,USBSSD,LINK_LPM_CR,0x40034050,0x050,16,1,#,reference,evt(ch32h417.h)
CH32H417,USBSSH,USBSSH,LINK_LPM_CR,0x40034050,0x050,16,1,#,reference,evt(ch32h417.h)
CH32H417,USBSSD,USBSSD,LINK_LMP_PORT_CAP,0x40034054,0x054,32,1,#,reference,evt(ch32h417.h)
CH32H417,USBSSH,USBSSH,LINK_LMP_PORT_CAP,0x40034054,0x054,32,1,#,reference,evt(ch32h417.h)
CH32H417,USBSSD,USBSSD,LINK_LMP_RX_DATA0,0x40034058,0x058,32,1,#,reference,evt(ch32h417.h)
CH32H417,USBSSH,USBSSH,LINK_LMP_RX_DATA0,0x40034058,0x058,32,1,#,reference,evt(ch32h417.h)
CH32H417,USBSSD,USBSSD,LINK_LMP_RX_DATA1,0x4003405c,0x05c,32,1,#,reference,evt(ch32h417.h)
CH32H417,USBSSH,USBSSH,LINK_LMP_RX_DATA1,0x4003405c,0x05c,32,1,#,reference,evt(ch32h417.h)
CH32H417,USBSSD,USBSSD,LINK_LMP_RX_DATA2,0x40034060,0x060,32,1,#,reference,evt(ch32h417.h)
CH32H417,USBSSH,USBSSH,LINK_LMP_RX_DATA2,0x40034060,0x060,32,1,#,reference,evt(ch32h417.h)
CH32H417,USBSSD,USBSSD,LINK_LMP_TX_DATA0,0x40034064,0x064,32,1,#,reference,evt(ch32h417.h)
CH32H417,USBSSH,USBSSH,LINK_LMP_TX_DATA0,0x40034064,0x064,32,1,#,reference,evt(ch32h417.h)
CH32H417,USBSSD,USBSSD,LINK_LMP_TX_DATA1,0x40034068,0x068,32,1,#,reference,evt(ch32h417.h)
CH32H417,USBSSH,USBSSH,LINK_LMP_TX_DATA1,0x40034068,0x068,32,1,#,reference,evt(ch32h417.h)
CH32H417,USBSSD,USBSSD,LINK_LMP_TX_DATA2,0x4003406c,0x06c,32,1,#,reference,evt(ch32h417.h)
CH32H417,USBSSH,USBSSH,LINK_LMP_TX_DATA2,0x4003406c,0x06c,32,1,#,reference,evt(ch32h417.h)
CH32H417,USBSSD,USBSSD,USB_CONTROL,0x40034070,0x070,32,1,#,reference,evt(ch32h417.h)
CH32H417,USBSSH,USBSSH,USB_CONTROL,0x40034070,0x070,32,1,#,reference,evt(ch32h417.h)
CH32H417,USBSSD,USBSSD,USB_STATUS,0x40034074,0x074,32,1,#,reference,evt(ch32h417.h)
CH32H417,USBSSH,USBSSH,USB_STATUS,0x40034074,0x074,32,1,#,reference,evt(ch32h417.h)
CH32H417,USBSSD,USBSSD,USB_ITP,0x40034078,0x078,32,1,#,reference,evt(ch32h417.h)
CH32H417,USBSSH,USBSSH,USB_ITP,0x40034078,0x078,32,1,#,reference,evt(ch32h417.h)
CH32H417,USBSSD,USBSSD,USB_ITP_ADJ,0x4003407c,0x07c,32,1,#,reference,evt(ch32h417.h)
CH32H417,USBSSH,USBSSH,USB_ITP_ADJ,0x4003407c,0x07c,32,1,#,reference,evt(ch32h417.h)
CH32H417,USBSSD,USBSSD,UEP_TX_EN,0x40034080,0x080,16,1,#,reference,evt(ch32h417.h)
CH32H417,USBSSH,USBSSH,UEP_TX_EN,0x40034080,0x080,16,1,#,reference,evt(ch32h417.h)
CH32H417,USBSSD,USBSSD,UEP_RX_EN,0x40034082,0x082,16,1,#,reference,evt(ch32h417.h)
CH32H417,USBSSH,USBSSH,UEP_RX_EN,0x40034082,0x082,16,1,#,reference,evt(ch32h417.h)
CH32H417,USBSSD,USBSSD,UEP0_TX_CTRL,0x40034084,0x084,32,1,#,reference,evt(ch32h417.h)
CH32H417,USBSSH,USBSSH,UH_TX_CTRL,0x40034084,0x084,32,1,#,reference,evt(ch32h417.h)
CH32H417,USBSSD,USBSSD,UEP0_RX_CTRL,0x40034088,0x088,32,1,#,reference,evt(ch32h417.h)
CH32H417,USBSSH,USBSSH,UH_RX_CTRL,0x40034088,0x088,32,1,#,reference,evt(ch32h417.h)
CH32H417,USBSSD,USBSSD,UEP0_TX_DMA,0x4003408c,0x08c,32,1,#,reference,evt(ch32h417.h)
CH32H417,USBSSH,USBSSH,UH_TX_DMA,0x4003408c,0x08c,32,1,#,reference,evt(ch32h417.h)
CH32H417,USBSSD,USBSSD,UEP0_RX_DMA,0x40034090,0x090,32,1,#,reference,evt(ch32h417.h)
CH32H417,USBSSH,USBSSH,UH_RX_DMA,0x40034090,0x090,32,1,#,reference,evt(ch32h417.h)
CH32H417,USBSSD,USBSSD,UEP0_TX_DMA_OFS,0x40034094,0x094,32,1,#,reference,evt(ch32h417.h)
CH32H417,USBSSH,USBSSH,UH_TX_DMA_OFS,0x40034094,0x094,32,1,#,reference,evt(ch32h417.h)
CH32H417,USBSSD,USBSSD,UEP0_RX_DMA_OFS,0x40034098,0x098,32,1,#,reference,evt(ch32h417.h)
CH32H417,USBSSH,USBSSH,UH_RX_DMA_OFS,0x40034098,0x098,32,1,#,reference,evt(ch32h417.h)
CH32H417,USBSSH,USBSSH,HOST_TX_NUMP,0x4003409c,0x09c,16,1,#,reference,evt(ch32h417.h)
CH32H417,USBSSH,USBSSH,HOST_RX_NUMP,0x4003409e,0x09e,16,1,#,reference,evt(ch32h417.h)
CH32H417,USBSSH,USBSSH,HOST_STATUS,0x400340a0,0x0a0,32,1,#,reference,evt(ch32h417.h)
CH32H417,USBSSH,USBSSH,HOST_TX_FC_STATUS,0x400340a4,0x0a4,16,1,#,reference,evt(ch32h417.h)
CH32H417,USBSSH,USBSSH,HOST_RX_FC_STATUS,0x400340a6,0x0a6,16,1,#,reference,evt(ch32h417.h)
CH32H417,USBSSH,USBSSH,TP_RX_DATA0,0x400340a8,0x0a8,32,1,#,reference,evt(ch32h417.h)
CH32H417,USBSSH,USBSSH,TP_RX_DATA1,0x400340ac,0x0ac,32,1,#,reference,evt(ch32h417.h)
CH32H417,USBSSH,USBSSH,TP_RX_DATA2,0x400340b0,0x0b0,32,1,#,reference,evt(ch32h417.h)
CH32H417,USBSSD,USBSSD,EP1_TX.UEP_TX_CFG,0x400340c0,0x0c0,8,1,#,reference,evt(ch32h417.h)
CH32H417,USBSSD,USBSSD,EP1_TX.UEP_TX_CR,0x400340c1,0x0c1,8,1,#,reference,evt(ch32h417.h)
CH32H417,USBSSD,USBSSD,EP1_TX.UEP_TX_SEQ,0x400340c2,0x0c2,8,1,#,reference,evt(ch32h417.h)
CH32H417,USBSSD,USBSSD,EP1_TX.UEP_TX_ST,0x400340c3,0x0c3,8,1,#,reference,evt(ch32h417.h)
CH32H417,USBSSD,USBSSD,EP1_TX.UEP_TX_CHAIN_CR,0x400340c4,0x0c4,8,1,#,reference,evt(ch32h417.h)
CH32H417,USBSSD,USBSSD,EP1_TX.UEP_TX_CHAIN_ST,0x400340c5,0x0c5,8,1,#,reference,evt(ch32h417.h)
CH32H417,USBSSD,USBSSD,EP1_TX.UEP_TX_CHAIN_LEN,0x400340c6,0x0c6,16,1,#,reference,evt(ch32h417.h)
CH32H417,USBSSD,USBSSD,EP1_TX.UEP_TX_CHAIN_EXP_NUMP,0x400340c8,0x0c8,8,1,#,reference,evt(ch32h417.h)
CH32H417,USBSSD,USBSSD,EP1_TX.UEP_TX_CHAIN_NUMP,0x400340c9,0x0c9,8,1,#,reference,evt(ch32h417.h)
CH32H417,USBSSD,USBSSD,EP1_TX.UEP_TX_DMA_OFS,0x400340ca,0x0ca,16,1,#,reference,evt(ch32h417.h)
CH32H417,USBSSD,USBSSD,EP1_TX.UEP_TX_DMA,0x400340cc,0x0cc,32,1,#,reference,evt(ch32h417.h)
CH32H417,USBSSD,USBSSD,EP1_RX.UEP_RX_CFG,0x400340d0,0x0d0,8,1,#,reference,evt(ch32h417.h)
CH32H417,USBSSD,USBSSD,EP1_RX.UEP_RX_CR,0x400340d1,0x0d1,8,1,#,reference,evt(ch32h417.h)
CH32H417,USBSSD,USBSSD,EP1_RX.UEP_RX_SEQ,0x400340d2,0x0d2,8,1,#,reference,evt(ch32h417.h)
CH32H417,USBSSD,USBSSD,EP1_RX.UEP_RX_ST,0x400340d3,0x0d3,8,1,#,reference,evt(ch32h417.h)
CH32H417,USBSSD,USBSSD,EP1_RX.UEP_RX_CHAIN_CR,0x400340d4,0x0d4,8,1,#,reference,evt(ch32h417.h)
CH32H417,USBSSD,USBSSD,EP1_RX.UEP_RX_CHAIN_ST,0x400340d5,0x0d5,8,1,#,reference,evt(ch32h417.h)
CH32H417,USBSSD,USBSSD,EP1_RX.UEP_RX_CHAIN_LEN,0x400340d6,0x0d6,16,1,#,reference,evt(ch32h417.h)
CH32H417,USBSSD,USBSSD,EP1_RX.UEP_RX_CHAIN_MAX_NUMP,0x400340d8,0x0d8,8,1,#,reference,evt(ch32h417.h)
CH32H417,USBSSD,USBSSD,EP1_RX.UEP_RX_CHAIN_NUMP,0x400340d9,0x0d9,8,1,#,reference,evt(ch32h417.h)
CH32H417,USBSSD,USBSSD,EP1_RX.UEP_RX_DMA_OFS,0x400340da,0x0da,16,1,#,reference,evt(ch32h417.h)
CH32H417,USBSSD,USBSSD,EP1_RX.UEP_RX_DMA,0x400340dc,0x0dc,32,1,#,reference,evt(ch32h417.h)
CH32H417,USBSSD,USBSSD,EP2_TX.UEP_TX_CFG,0x400340e0,0x0e0,8,1,#,reference,evt(ch32h417.h)
CH32H417,USBSSD,USBSSD,EP2_TX.UEP_TX_CR,0x400340e1,0x0e1,8,1,#,reference,evt(ch32h417.h)
CH32H417,USBSSD,USBSSD,EP2_TX.UEP_TX_SEQ,0x400340e2,0x0e2,8,1,#,reference,evt(ch32h417.h)
CH32H417,USBSSD,USBSSD,EP2_TX.UEP_TX_ST,0x400340e3,0x0e3,8,1,#,reference,evt(ch32h417.h)
CH32H417,USBSSD,USBSSD,EP2_TX.UEP_TX_CHAIN_CR,0x400340e4,0x0e4,8,1,#,reference,evt(ch32h417.h)
CH32H417,USBSSD,USBSSD,EP2_TX.UEP_TX_CHAIN_ST,0x400340e5,0x0e5,8,1,#,reference,evt(ch32h417.h)
CH32H417,USBSSD,USBSSD,EP2_TX.UEP_TX_CHAIN_LEN,0x400340e6,0x0e6,16,1,#,reference,evt(ch32h417.h)
CH32H417,USBSSD,USBSSD,EP2_TX.UEP_TX_CHAIN_EXP_NUMP,0x400340e8,0x0e8,8,1,#,reference,evt(ch32h417.h)
CH32H417,USBSSD,USBSSD,EP2_TX.UEP_TX_CHAIN_NUMP,0x400340e9,0x0e9,8,1,#,reference,evt(ch32h417.h)
CH32H417,USBSSD,USBSSD,EP2_TX.UEP_TX_DMA_OFS,0x400340ea,0x0ea,16,1,#,reference,evt(ch32h417.h)
CH32H417,USBSSD,USBSSD,EP2_TX.UEP_TX_DMA,0x400340ec,0x0ec,32,1,#,reference,evt(ch32h417.h)
CH32H417,USBSSD,USBSSD,EP2_RX.UEP_RX_CFG,0x400340f0,0x0f0,8,1,#,reference,evt(ch32h417.h)
CH32H417,USBSSD,USBSSD,EP2_RX.UEP_RX_CR,0x400340f1,0x0f1,8,1,#,reference,evt(ch32h417.h)
CH32H417,USBSSD,USBSSD,EP2_RX.UEP_RX_SEQ,0x400340f2,0x0f2,8,1,#,reference,evt(ch32h417.h)
CH32H417,USBSSD,USBSSD,EP2_RX.UEP_RX_ST,0x400340f3,0x0f3,8,1,#,reference,evt(ch32h417.h)
CH32H417,USBSSD,USBSSD,EP2_RX.UEP_RX_CHAIN_CR,0x400340f4,0x0f4,8,1,#,reference,evt(ch32h417.h)
CH32H417,USBSSD,USBSSD,EP2_RX.UEP_RX_CHAIN_ST,0x400340f5,0x0f5,8,1,#,reference,evt(ch32h417.h)
CH32H417,USBSSD,USBSSD,EP2_RX.UEP_RX_CHAIN_LEN,0x400340f6,0x0f6,16,1,#,reference,evt(ch32h417.h)
CH32H417,USBSSD,USBSSD,EP2_RX.UEP_RX_CHAIN_MAX_NUMP,0x400340f8,0x0f8,8,1,#,reference,evt(ch32h417.h)
CH32H417,USBSSD,USBSSD,EP2_RX.UEP_RX_CHAIN_NUMP,0x400340f9,0x0f9,8,1,#,reference,evt(ch32h417.h)
CH32H417,USBSSD,USBSSD,EP2_RX.UEP_RX_DMA_OFS,0x400340fa,0x0fa,16,1,#,reference,evt(ch32h417.h)
CH32H417,USBSSD,USBSSD,EP2_RX.UEP_RX_DMA,0x400340fc,0x0fc,32,1,#,reference,evt(ch32h417.h)
CH32H417,USBSSD,USBSSD,EP3_TX.UEP_TX_CFG,0x40034100,0x100,8,1,#,reference,evt(ch32h417.h)
CH32H417,USBSSD,USBSSD,EP3_TX.UEP_TX_CR,0x40034101,0x101,8,1,#,reference,evt(ch32h417.h)
CH32H417,USBSSD,USBSSD,EP3_TX.UEP_TX_SEQ,0x40034102,0x102,8,1,#,reference,evt(ch32h417.h)
CH32H417,USBSSD,USBSSD,EP3_TX.UEP_TX_ST,0x40034103,0x103,8,1,#,reference,evt(ch32h417.h)
CH32H417,USBSSD,USBSSD,EP3_TX.UEP_TX_CHAIN_CR,0x40034104,0x104,8,1,#,reference,evt(ch32h417.h)
CH32H417,USBSSD,USBSSD,EP3_TX.UEP_TX_CHAIN_ST,0x40034105,0x105,8,1,#,reference,evt(ch32h417.h)
CH32H417,USBSSD,USBSSD,EP3_TX.UEP_TX_CHAIN_LEN,0x40034106,0x106,16,1,#,reference,evt(ch32h417.h)
CH32H417,USBSSD,USBSSD,EP3_TX.UEP_TX_CHAIN_EXP_NUMP,0x40034108,0x108,8,1,#,reference,evt(ch32h417.h)
CH32H417,USBSSD,USBSSD,EP3_TX.UEP_TX_CHAIN_NUMP,0x40034109,0x109,8,1,#,reference,evt(ch32h417.h)
CH32H417,USBSSD,USBSSD,EP3_TX.UEP_TX_DMA_OFS,0x4003410a,0x10a,16,1,#,reference,evt(ch32h417.h)
CH32H417,USBSSD,USBSSD,EP3_TX.UEP_TX_DMA,0x4003410c,0x10c,32,1,#,reference,evt(ch32h417.h)
CH32H417,USBSSD,USBSSD,EP3_RX.UEP_RX_CFG,0x40034110,0x110,8,1,#,reference,evt(ch32h417.h)
CH32H417,USBSSD,USBSSD,EP3_RX.UEP_RX_CR,0x40034111,0x111,8,1,#,reference,evt(ch32h417.h)
CH32H417,USBSSD,USBSSD,EP3_RX.UEP_RX_SEQ,0x40034112,0x112,8,1,#,reference,evt(ch32h417.h)
CH32H417,USBSSD,USBSSD,EP3_RX.UEP_RX_ST,0x40034113,0x113,8,1,#,reference,evt(ch32h417.h)
CH32H417,USBSSD,USBSSD,EP3_RX.UEP_RX_CHAIN_CR,0x40034114,0x114,8,1,#,reference,evt(ch32h417.h)
CH32H417,USBSSD,USBSSD,EP3_RX.UEP_RX_CHAIN_ST,0x40034115,0x115,8,1,#,reference,evt(ch32h417.h)
CH32H417,USBSSD,USBSSD,EP3_RX.UEP_RX_CHAIN_LEN,0x40034116,0x116,16,1,#,reference,evt(ch32h417.h)
CH32H417,USBSSD,USBSSD,EP3_RX.UEP_RX_CHAIN_MAX_NUMP,0x40034118,0x118,8,1,#,reference,evt(ch32h417.h)
CH32H417,USBSSD,USBSSD,EP3_RX.UEP_RX_CHAIN_NUMP,0x40034119,0x119,8,1,#,reference,evt(ch32h417.h)
CH32H417,USBSSD,USBSSD,EP3_RX.UEP_RX_DMA_OFS,0x4003411a,0x11a,16,1,#,reference,evt(ch32h417.h)
CH32H417,USBSSD,USBSSD,EP3_RX.UEP_RX_DMA,0x4003411c,0x11c,32,1,#,reference,evt(ch32h417.h)
CH32H417,USBSSD,USBSSD,EP4_TX.UEP_TX_CFG,0x40034120,0x120,8,1,#,reference,evt(ch32h417.h)
CH32H417,USBSSD,USBSSD,EP4_TX.UEP_TX_CR,0x40034121,0x121,8,1,#,reference,evt(ch32h417.h)
CH32H417,USBSSD,USBSSD,EP4_TX.UEP_TX_SEQ,0x40034122,0x122,8,1,#,reference,evt(ch32h417.h)
CH32H417,USBSSD,USBSSD,EP4_TX.UEP_TX_ST,0x40034123,0x123,8,1,#,reference,evt(ch32h417.h)
CH32H417,USBSSD,USBSSD,EP4_TX.UEP_TX_CHAIN_CR,0x40034124,0x124,8,1,#,reference,evt(ch32h417.h)
CH32H417,USBSSD,USBSSD,EP4_TX.UEP_TX_CHAIN_ST,0x40034125,0x125,8,1,#,reference,evt(ch32h417.h)
CH32H417,USBSSD,USBSSD,EP4_TX.UEP_TX_CHAIN_LEN,0x40034126,0x126,16,1,#,reference,evt(ch32h417.h)
CH32H417,USBSSD,USBSSD,EP4_TX.UEP_TX_CHAIN_EXP_NUMP,0x40034128,0x128,8,1,#,reference,evt(ch32h417.h)
CH32H417,USBSSD,USBSSD,EP4_TX.UEP_TX_CHAIN_NUMP,0x40034129,0x129,8,1,#,reference,evt(ch32h417.h)
CH32H417,USBSSD,USBSSD,EP4_TX.UEP_TX_DMA_OFS,0x4003412a,0x12a,16,1,#,reference,evt(ch32h417.h)
CH32H417,USBSSD,USBSSD,EP4_TX.UEP_TX_DMA,0x4003412c,0x12c,32,1,#,reference,evt(ch32h417.h)
CH32H417,USBSSD,USBSSD,EP4_RX.UEP_RX_CFG,0x40034130,0x130,8,1,#,reference,evt(ch32h417.h)
CH32H417,USBSSD,USBSSD,EP4_RX.UEP_RX_CR,0x40034131,0x131,8,1,#,reference,evt(ch32h417.h)
CH32H417,USBSSD,USBSSD,EP4_RX.UEP_RX_SEQ,0x40034132,0x132,8,1,#,reference,evt(ch32h417.h)
CH32H417,USBSSD,USBSSD,EP4_RX.UEP_RX_ST,0x40034133,0x133,8,1,#,reference,evt(ch32h417.h)
CH32H417,USBSSD,USBSSD,EP4_RX.UEP_RX_CHAIN_CR,0x40034134,0x134,8,1,#,reference,evt(ch32h417.h)
CH32H417,USBSSD,USBSSD,EP4_RX.UEP_RX_CHAIN_ST,0x40034135,0x135,8,1,#,reference,evt(ch32h417.h)
CH32H417,USBSSD,USBSSD,EP4_RX.UEP_RX_CHAIN_LEN,0x40034136,0x136,16,1,#,reference,evt(ch32h417.h)
CH32H417,USBSSD,USBSSD,EP4_RX.UEP_RX_CHAIN_MAX_NUMP,0x40034138,0x138,8,1,#,reference,evt(ch32h417.h)
CH32H417,USBSSD,USBSSD,EP4_RX.UEP_RX_CHAIN_NUMP,0x40034139,0x139,8,1,#,reference,evt(ch32h417.h)
CH32H417,USBSSD,USBSSD,EP4_RX.UEP_RX_DMA_OFS,0x4003413a,0x13a,16,1,#,reference,evt(ch32h417.h)
CH32H417,USBSSD,USBSSD,EP4_RX.UEP_RX_DMA,0x4003413c,0x13c,32,1,#,reference,evt(ch32h417.h)
CH32H417,USBSSD,USBSSD,EP5_TX.UEP_TX_CFG,0x40034140,0x140,8,1,#,reference,evt(ch32h417.h)
CH32H417,USBSSD,USBSSD,EP5_TX.UEP_TX_CR,0x40034141,0x141,8,1,#,reference,evt(ch32h417.h)
CH32H417,USBSSD,USBSSD,EP5_TX.UEP_TX_SEQ,0x40034142,0x142,8,1,#,reference,evt(ch32h417.h)
CH32H417,USBSSD,USBSSD,EP5_TX.UEP_TX_ST,0x40034143,0x143,8,1,#,reference,evt(ch32h417.h)
CH32H417,USBSSD,USBSSD,EP5_TX.UEP_TX_CHAIN_CR,0x40034144,0x144,8,1,#,reference,evt(ch32h417.h)
CH32H417,USBSSD,USBSSD,EP5_TX.UEP_TX_CHAIN_ST,0x40034145,0x145,8,1,#,reference,evt(ch32h417.h)
CH32H417,USBSSD,USBSSD,EP5_TX.UEP_TX_CHAIN_LEN,0x40034146,0x146,16,1,#,reference,evt(ch32h417.h)
CH32H417,USBSSD,USBSSD,EP5_TX.UEP_TX_CHAIN_EXP_NUMP,0x40034148,0x148,8,1,#,reference,evt(ch32h417.h)
CH32H417,USBSSD,USBSSD,EP5_TX.UEP_TX_CHAIN_NUMP,0x40034149,0x149,8,1,#,reference,evt(ch32h417.h)
CH32H417,USBSSD,USBSSD,EP5_TX.UEP_TX_DMA_OFS,0x4003414a,0x14a,16,1,#,reference,evt(ch32h417.h)
CH32H417,USBSSD,USBSSD,EP5_TX.UEP_TX_DMA,0x4003414c,0x14c,32,1,#,reference,evt(ch32h417.h)
CH32H417,USBSSD,USBSSD,EP5_RX.UEP_RX_CFG,0x40034150,0x150,8,1,#,reference,evt(ch32h417.h)
CH32H417,USBSSD,USBSSD,EP5_RX.UEP_RX_CR,0x40034151,0x151,8,1,#,reference,evt(ch32h417.h)
CH32H417,USBSSD,USBSSD,EP5_RX.UEP_RX_SEQ,0x40034152,0x152,8,1,#,reference,evt(ch32h417.h)
CH32H417,USBSSD,USBSSD,EP5_RX.UEP_RX_ST,0x40034153,0x153,8,1,#,reference,evt(ch32h417.h)
CH32H417,USBSSD,USBSSD,EP5_RX.UEP_RX_CHAIN_CR,0x40034154,0x154,8,1,#,reference,evt(ch32h417.h)
CH32H417,USBSSD,USBSSD,EP5_RX.UEP_RX_CHAIN_ST,0x40034155,0x155,8,1,#,reference,evt(ch32h417.h)
CH32H417,USBSSD,USBSSD,EP5_RX.UEP_RX_CHAIN_LEN,0x40034156,0x156,16,1,#,reference,evt(ch32h417.h)
CH32H417,USBSSD,USBSSD,EP5_RX.UEP_RX_CHAIN_MAX_NUMP,0x40034158,0x158,8,1,#,reference,evt(ch32h417.h)
CH32H417,USBSSD,USBSSD,EP5_RX.UEP_RX_CHAIN_NUMP,0x40034159,0x159,8,1,#,reference,evt(ch32h417.h)
CH32H417,USBSSD,USBSSD,EP5_RX.UEP_RX_DMA_OFS,0x4003415a,0x15a,16,1,#,reference,evt(ch32h417.h)
CH32H417,USBSSD,USBSSD,EP5_RX.UEP_RX_DMA,0x4003415c,0x15c,32,1,#,reference,evt(ch32h417.h)
CH32H417,USBSSD,USBSSD,EP6_TX.UEP_TX_CFG,0x40034160,0x160,8,1,#,reference,evt(ch32h417.h)
CH32H417,USBSSD,USBSSD,EP6_TX.UEP_TX_CR,0x40034161,0x161,8,1,#,reference,evt(ch32h417.h)
CH32H417,USBSSD,USBSSD,EP6_TX.UEP_TX_SEQ,0x40034162,0x162,8,1,#,reference,evt(ch32h417.h)
CH32H417,USBSSD,USBSSD,EP6_TX.UEP_TX_ST,0x40034163,0x163,8,1,#,reference,evt(ch32h417.h)
CH32H417,USBSSD,USBSSD,EP6_TX.UEP_TX_CHAIN_CR,0x40034164,0x164,8,1,#,reference,evt(ch32h417.h)
CH32H417,USBSSD,USBSSD,EP6_TX.UEP_TX_CHAIN_ST,0x40034165,0x165,8,1,#,reference,evt(ch32h417.h)
CH32H417,USBSSD,USBSSD,EP6_TX.UEP_TX_CHAIN_LEN,0x40034166,0x166,16,1,#,reference,evt(ch32h417.h)
CH32H417,USBSSD,USBSSD,EP6_TX.UEP_TX_CHAIN_EXP_NUMP,0x40034168,0x168,8,1,#,reference,evt(ch32h417.h)
CH32H417,USBSSD,USBSSD,EP6_TX.UEP_TX_CHAIN_NUMP,0x40034169,0x169,8,1,#,reference,evt(ch32h417.h)
CH32H417,USBSSD,USBSSD,EP6_TX.UEP_TX_DMA_OFS,0x4003416a,0x16a,16,1,#,reference,evt(ch32h417.h)
CH32H417,USBSSD,USBSSD,EP6_TX.UEP_TX_DMA,0x4003416c,0x16c,32,1,#,reference,evt(ch32h417.h)
CH32H417,USBSSD,USBSSD,EP6_RX.UEP_RX_CFG,0x40034170,0x170,8,1,#,reference,evt(ch32h417.h)
CH32H417,USBSSD,USBSSD,EP6_RX.UEP_RX_CR,0x40034171,0x171,8,1,#,reference,evt(ch32h417.h)
CH32H417,USBSSD,USBSSD,EP6_RX.UEP_RX_SEQ,0x40034172,0x172,8,1,#,reference,evt(ch32h417.h)
CH32H417,USBSSD,USBSSD,EP6_RX.UEP_RX_ST,0x40034173,0x173,8,1,#,reference,evt(ch32h417.h)
CH32H417,USBSSD,USBSSD,EP6_RX.UEP_RX_CHAIN_CR,0x40034174,0x174,8,1,#,reference,evt(ch32h417.h)
CH32H417,USBSSD,USBSSD,EP6_RX.UEP_RX_CHAIN_ST,0x40034175,0x175,8,1,#,reference,evt(ch32h417.h)
CH32H417,USBSSD,USBSSD,EP6_RX.UEP_RX_CHAIN_LEN,0x40034176,0x176,16,1,#,reference,evt(ch32h417.h)
CH32H417,USBSSD,USBSSD,EP6_RX.UEP_RX_CHAIN_MAX_NUMP,0x40034178,0x178,8,1,#,reference,evt(ch32h417.h)
CH32H417,USBSSD,USBSSD,EP6_RX.UEP_RX_CHAIN_NUMP,0x40034179,0x179,8,1,#,reference,evt(ch32h417.h)
CH32H417,USBSSD,USBSSD,EP6_RX.UEP_RX_DMA_OFS,0x4003417a,0x17a,16,1,#,reference,evt(ch32h417.h)
CH32H417,USBSSD,USBSSD,EP6_RX.UEP_RX_DMA,0x4003417c,0x17c,32,1,#,reference,evt(ch32h417.h)
CH32H417,USBSSD,USBSSD,EP7_TX.UEP_TX_CFG,0x40034180,0x180,8,1,#,reference,evt(ch32h417.h)
CH32H417,USBSSD,USBSSD,EP7_TX.UEP_TX_CR,0x40034181,0x181,8,1,#,reference,evt(ch32h417.h)
CH32H417,USBSSD,USBSSD,EP7_TX.UEP_TX_SEQ,0x40034182,0x182,8,1,#,reference,evt(ch32h417.h)
CH32H417,USBSSD,USBSSD,EP7_TX.UEP_TX_ST,0x40034183,0x183,8,1,#,reference,evt(ch32h417.h)
CH32H417,USBSSD,USBSSD,EP7_TX.UEP_TX_CHAIN_CR,0x40034184,0x184,8,1,#,reference,evt(ch32h417.h)
CH32H417,USBSSD,USBSSD,EP7_TX.UEP_TX_CHAIN_ST,0x40034185,0x185,8,1,#,reference,evt(ch32h417.h)
CH32H417,USBSSD,USBSSD,EP7_TX.UEP_TX_CHAIN_LEN,0x40034186,0x186,16,1,#,reference,evt(ch32h417.h)
CH32H417,USBSSD,USBSSD,EP7_TX.UEP_TX_CHAIN_EXP_NUMP,0x40034188,0x188,8,1,#,reference,evt(ch32h417.h)
CH32H417,USBSSD,USBSSD,EP7_TX.UEP_TX_CHAIN_NUMP,0x40034189,0x189,8,1,#,reference,evt(ch32h417.h)
CH32H417,USBSSD,USBSSD,EP7_TX.UEP_TX_DMA_OFS,0x4003418a,0x18a,16,1,#,reference,evt(ch32h417.h)
CH32H417,USBSSD,USBSSD,EP7_TX.UEP_TX_DMA,0x4003418c,0x18c,32,1,#,reference,evt(ch32h417.h)
CH32H417,USBSSD,USBSSD,EP7_RX.UEP_RX_CFG,0x40034190,0x190,8,1,#,reference,evt(ch32h417.h)
CH32H417,USBSSD,USBSSD,EP7_RX.UEP_RX_CR,0x40034191,0x191,8,1,#,reference,evt(ch32h417.h)
CH32H417,USBSSD,USBSSD,EP7_RX.UEP_RX_SEQ,0x40034192,0x192,8,1,#,reference,evt(ch32h417.h)
CH32H417,USBSSD,USBSSD,EP7_RX.UEP_RX_ST,0x40034193,0x193,8,1,#,reference,evt(ch32h417.h)
CH32H417,USBSSD,USBSSD,EP7_RX.UEP_RX_CHAIN_CR,0x40034194,0x194,8,1,#,reference,evt(ch32h417.h)
CH32H417,USBSSD,USBSSD,EP7_RX.UEP_RX_CHAIN_ST,0x40034195,0x195,8,1,#,reference,evt(ch32h417.h)
CH32H417,USBSSD,USBSSD,EP7_RX.UEP_RX_CHAIN_LEN,0x40034196,0x196,16,1,#,reference,evt(ch32h417.h)
CH32H417,USBSSD,USBSSD,EP7_RX.UEP_RX_CHAIN_MAX_NUMP,0x40034198,0x198,8,1,#,reference,evt(ch32h417.h)
CH32H417,USBSSD,USBSSD,EP7_RX.UEP_RX_CHAIN_NUMP,0x40034199,0x199,8,1,#,reference,evt(ch32h417.h)
CH32H417,USBSSD,USBSSD,EP7_RX.UEP_RX_DMA_OFS,0x4003419a,0x19a,16,1,#,reference,evt(ch32h417.h)
CH32H417,USBSSD,USBSSD,EP7_RX.UEP_RX_DMA,0x4003419c,0x19c,32,1,#,reference,evt(ch32h417.h)
CH32H417,UHSIF,UHSIF,,0x40038000,,,,#,reference,evt(ch32h417.h)
CH32L103,OB,OB,RDPR,0x1ffff800,0x000,16,1,#,reference,evt(ch32l103.h)
CH32L103,OB,OB,USER,0x1ffff802,0x002,16,1,#,reference,evt(ch32l103.h)
CH32L103,OB,OB,Data0,0x1ffff804,0x004,16,1,#,reference,evt(ch32l103.h)
CH32L103,OB,OB,Data1,0x1ffff806,0x006,16,1,#,reference,evt(ch32l103.h)
CH32L103,OB,OB,WRPR0,0x1ffff808,0x008,16,1,#,reference,evt(ch32l103.h)
CH32L103,OB,OB,WRPR1,0x1ffff80a,0x00a,16,1,#,reference,evt(ch32l103.h)
CH32L103,OB,OB,WRPR2,0x1ffff80c,0x00c,16,1,#,reference,evt(ch32l103.h)
CH32L103,OB,OB,WRPR3,0x1ffff80e,0x00e,16,1,#,reference,evt(ch32l103.h)
CH32L103,TIM2,TIM,CTLR1,0x40000000,0x000,16,1,#,confirmed,evt(ch32l103.h)+rm(CH32L103RM.PDF)+rm-address(CH32L103RM.PDF)
CH32L103,TIM2,TIM,CTLR2,0x40000004,0x004,16,1,#,confirmed,evt(ch32l103.h)+rm(CH32L103RM.PDF)+rm-address(CH32L103RM.PDF)
CH32L103,TIM2,TIM,SMCFGR,0x40000008,0x008,16,1,#,confirmed,evt(ch32l103.h)+rm(CH32L103RM.PDF)+rm-address(CH32L103RM.PDF)
CH32L103,TIM2,TIM,DMAINTENR,0x4000000c,0x00c,16,1,#,confirmed,evt(ch32l103.h)+rm(CH32L103RM.PDF)+rm-address(CH32L103RM.PDF)
CH32L103,TIM2,TIM,INTFR,0x40000010,0x010,16,1,#,confirmed,evt(ch32l103.h)+rm(CH32L103RM.PDF)+rm-address(CH32L103RM.PDF)
CH32L103,TIM2,TIM,SWEVGR,0x40000014,0x014,16,1,#,confirmed,evt(ch32l103.h)+rm(CH32L103RM.PDF)+rm-address(CH32L103RM.PDF)
CH32L103,TIM2,TIM,CHCTLR1,0x40000018,0x018,16,1,#,confirmed,evt(ch32l103.h)+rm(CH32L103RM.PDF)+rm-address(CH32L103RM.PDF)
CH32L103,TIM2,TIM,CHCTLR2,0x4000001c,0x01c,16,1,#,confirmed,evt(ch32l103.h)+rm(CH32L103RM.PDF)+rm-address(CH32L103RM.PDF)
CH32L103,TIM2,TIM,CCER,0x40000020,0x020,16,1,#,confirmed,evt(ch32l103.h)+rm(CH32L103RM.PDF)+rm-address(CH32L103RM.PDF)
CH32L103,TIM2,TIM,CNT,0x40000024,0x024,16,1,#,confirmed,evt(ch32l103.h)+rm(CH32L103RM.PDF)+rm-address(CH32L103RM.PDF)
CH32L103,TIM2,TIM,CNT_TIM4,0x40000024,0x024,32,1,#,reference,evt(ch32l103.h)
CH32L103,TIM2,TIM,PSC,0x40000028,0x028,16,1,#,confirmed,evt(ch32l103.h)+rm(CH32L103RM.PDF)+rm-address(CH32L103RM.PDF)
CH32L103,TIM2,TIM,ATRLR,0x4000002c,0x02c,16,1,#,confirmed,evt(ch32l103.h)+rm(CH32L103RM.PDF)+rm-address(CH32L103RM.PDF)
CH32L103,TIM2,TIM,ATRLR_TIM4,0x4000002c,0x02c,32,1,#,reference,evt(ch32l103.h)
CH32L103,TIM2,TIM,RPTCR,0x40000030,0x030,16,1,#,confirmed,evt(ch32l103.h)+rm(CH32L103RM.PDF)+rm-address(CH32L103RM.PDF)
CH32L103,TIM2,TIM,CH1CVR,0x40000034,0x034,32,1,#,confirmed,evt(ch32l103.h)+rm(CH32L103RM.PDF)+rm-address(CH32L103RM.PDF)
CH32L103,TIM2,TIM,CH1CVR_TIM4,0x40000034,0x034,32,1,#,reference,evt(ch32l103.h)
CH32L103,TIM2,TIM,CH2CVR,0x40000038,0x038,32,1,#,confirmed,evt(ch32l103.h)+rm(CH32L103RM.PDF)+rm-address(CH32L103RM.PDF)
CH32L103,TIM2,TIM,CH2CVR_TIM4,0x40000038,0x038,32,1,#,reference,evt(ch32l103.h)
CH32L103,TIM2,TIM,CH3CVR,0x4000003c,0x03c,32,1,#,confirmed,evt(ch32l103.h)+rm(CH32L103RM.PDF)+rm-address(CH32L103RM.PDF)
CH32L103,TIM2,TIM,CH3CVR_TIM4,0x4000003c,0x03c,32,1,#,reference,evt(ch32l103.h)
CH32L103,TIM2,TIM,CH4CVR,0x40000040,0x040,32,1,#,confirmed,evt(ch32l103.h)+rm(CH32L103RM.PDF)+rm-address(CH32L103RM.PDF)
CH32L103,TIM2,TIM,CH4CVR_TIM4,0x40000040,0x040,32,1,#,reference,evt(ch32l103.h)
CH32L103,TIM2,TIM,BDTR,0x40000044,0x044,16,1,#,confirmed,evt(ch32l103.h)+rm(CH32L103RM.PDF)+rm-address(CH32L103RM.PDF)
CH32L103,TIM2,TIM,DMACFGR,0x40000048,0x048,16,1,#,confirmed,evt(ch32l103.h)+rm(CH32L103RM.PDF)+rm-address(CH32L103RM.PDF)
CH32L103,TIM2,TIM,DMAADR,0x4000004c,0x04c,32,1,#,confirmed,evt(ch32l103.h)+rm(CH32L103RM.PDF)+rm-address(CH32L103RM.PDF)
CH32L103,TIM3,TIM,CTLR1,0x40000400,0x000,16,1,#,confirmed,evt(ch32l103.h)+rm(CH32L103RM.PDF)+rm-address(CH32L103RM.PDF)
CH32L103,TIM3,TIM,CTLR2,0x40000404,0x004,16,1,#,confirmed,evt(ch32l103.h)+rm(CH32L103RM.PDF)+rm-address(CH32L103RM.PDF)
CH32L103,TIM3,TIM,SMCFGR,0x40000408,0x008,16,1,#,confirmed,evt(ch32l103.h)+rm(CH32L103RM.PDF)+rm-address(CH32L103RM.PDF)
CH32L103,TIM3,TIM,DMAINTENR,0x4000040c,0x00c,16,1,#,confirmed,evt(ch32l103.h)+rm(CH32L103RM.PDF)+rm-address(CH32L103RM.PDF)
CH32L103,TIM3,TIM,INTFR,0x40000410,0x010,16,1,#,confirmed,evt(ch32l103.h)+rm(CH32L103RM.PDF)+rm-address(CH32L103RM.PDF)
CH32L103,TIM3,TIM,SWEVGR,0x40000414,0x014,16,1,#,confirmed,evt(ch32l103.h)+rm(CH32L103RM.PDF)+rm-address(CH32L103RM.PDF)
CH32L103,TIM3,TIM,CHCTLR1,0x40000418,0x018,16,1,#,confirmed,evt(ch32l103.h)+rm(CH32L103RM.PDF)+rm-address(CH32L103RM.PDF)
CH32L103,TIM3,TIM,CHCTLR2,0x4000041c,0x01c,16,1,#,confirmed,evt(ch32l103.h)+rm(CH32L103RM.PDF)+rm-address(CH32L103RM.PDF)
CH32L103,TIM3,TIM,CCER,0x40000420,0x020,16,1,#,confirmed,evt(ch32l103.h)+rm(CH32L103RM.PDF)+rm-address(CH32L103RM.PDF)
CH32L103,TIM3,TIM,CNT,0x40000424,0x024,16,1,#,confirmed,evt(ch32l103.h)+rm(CH32L103RM.PDF)+rm-address(CH32L103RM.PDF)
CH32L103,TIM3,TIM,CNT_TIM4,0x40000424,0x024,32,1,#,reference,evt(ch32l103.h)
CH32L103,TIM3,TIM,PSC,0x40000428,0x028,16,1,#,confirmed,evt(ch32l103.h)+rm(CH32L103RM.PDF)+rm-address(CH32L103RM.PDF)
CH32L103,TIM3,TIM,ATRLR,0x4000042c,0x02c,16,1,#,confirmed,evt(ch32l103.h)+rm(CH32L103RM.PDF)+rm-address(CH32L103RM.PDF)
CH32L103,TIM3,TIM,ATRLR_TIM4,0x4000042c,0x02c,32,1,#,reference,evt(ch32l103.h)
CH32L103,TIM3,TIM,RPTCR,0x40000430,0x030,16,1,#,confirmed,evt(ch32l103.h)+rm(CH32L103RM.PDF)+rm-address(CH32L103RM.PDF)
CH32L103,TIM3,TIM,CH1CVR,0x40000434,0x034,32,1,#,confirmed,evt(ch32l103.h)+rm(CH32L103RM.PDF)+rm-address(CH32L103RM.PDF)
CH32L103,TIM3,TIM,CH1CVR_TIM4,0x40000434,0x034,32,1,#,reference,evt(ch32l103.h)
CH32L103,TIM3,TIM,CH2CVR,0x40000438,0x038,32,1,#,confirmed,evt(ch32l103.h)+rm(CH32L103RM.PDF)+rm-address(CH32L103RM.PDF)
CH32L103,TIM3,TIM,CH2CVR_TIM4,0x40000438,0x038,32,1,#,reference,evt(ch32l103.h)
CH32L103,TIM3,TIM,CH3CVR,0x4000043c,0x03c,32,1,#,confirmed,evt(ch32l103.h)+rm(CH32L103RM.PDF)+rm-address(CH32L103RM.PDF)
CH32L103,TIM3,TIM,CH3CVR_TIM4,0x4000043c,0x03c,32,1,#,reference,evt(ch32l103.h)
CH32L103,TIM3,TIM,CH4CVR,0x40000440,0x040,32,1,#,confirmed,evt(ch32l103.h)+rm(CH32L103RM.PDF)+rm-address(CH32L103RM.PDF)
CH32L103,TIM3,TIM,CH4CVR_TIM4,0x40000440,0x040,32,1,#,reference,evt(ch32l103.h)
CH32L103,TIM3,TIM,BDTR,0x40000444,0x044,16,1,#,confirmed,evt(ch32l103.h)+rm(CH32L103RM.PDF)+rm-address(CH32L103RM.PDF)
CH32L103,TIM3,TIM,DMACFGR,0x40000448,0x048,16,1,#,confirmed,evt(ch32l103.h)+rm(CH32L103RM.PDF)+rm-address(CH32L103RM.PDF)
CH32L103,TIM3,TIM,DMAADR,0x4000044c,0x04c,32,1,#,confirmed,evt(ch32l103.h)+rm(CH32L103RM.PDF)+rm-address(CH32L103RM.PDF)
CH32L103,TIM4,TIM,CTLR1,0x40000800,0x000,16,1,#,confirmed,evt(ch32l103.h)+rm(CH32L103RM.PDF)+rm-address(CH32L103RM.PDF)
CH32L103,TIM4,TIM,CTLR2,0x40000804,0x004,16,1,#,confirmed,evt(ch32l103.h)+rm(CH32L103RM.PDF)+rm-address(CH32L103RM.PDF)
CH32L103,TIM4,TIM,SMCFGR,0x40000808,0x008,16,1,#,confirmed,evt(ch32l103.h)+rm(CH32L103RM.PDF)+rm-address(CH32L103RM.PDF)
CH32L103,TIM4,TIM,DMAINTENR,0x4000080c,0x00c,16,1,#,confirmed,evt(ch32l103.h)+rm(CH32L103RM.PDF)+rm-address(CH32L103RM.PDF)
CH32L103,TIM4,TIM,INTFR,0x40000810,0x010,16,1,#,confirmed,evt(ch32l103.h)+rm(CH32L103RM.PDF)+rm-address(CH32L103RM.PDF)
CH32L103,TIM4,TIM,SWEVGR,0x40000814,0x014,16,1,#,confirmed,evt(ch32l103.h)+rm(CH32L103RM.PDF)+rm-address(CH32L103RM.PDF)
CH32L103,TIM4,TIM,CHCTLR1,0x40000818,0x018,16,1,#,confirmed,evt(ch32l103.h)+rm(CH32L103RM.PDF)+rm-address(CH32L103RM.PDF)
CH32L103,TIM4,TIM,CHCTLR2,0x4000081c,0x01c,16,1,#,confirmed,evt(ch32l103.h)+rm(CH32L103RM.PDF)+rm-address(CH32L103RM.PDF)
CH32L103,TIM4,TIM,CCER,0x40000820,0x020,16,1,#,confirmed,evt(ch32l103.h)+rm(CH32L103RM.PDF)+rm-address(CH32L103RM.PDF)
CH32L103,TIM4,TIM,CNT,0x40000824,0x024,16,1,#,confirmed,evt(ch32l103.h)+rm(CH32L103RM.PDF)+rm-address(CH32L103RM.PDF)
CH32L103,TIM4,TIM,CNT_TIM4,0x40000824,0x024,32,1,#,reference,evt(ch32l103.h)
CH32L103,TIM4,TIM,PSC,0x40000828,0x028,16,1,#,confirmed,evt(ch32l103.h)+rm(CH32L103RM.PDF)+rm-address(CH32L103RM.PDF)
CH32L103,TIM4,TIM,ATRLR,0x4000082c,0x02c,16,1,#,confirmed,evt(ch32l103.h)+rm(CH32L103RM.PDF)+rm-address(CH32L103RM.PDF)
CH32L103,TIM4,TIM,ATRLR_TIM4,0x4000082c,0x02c,32,1,#,reference,evt(ch32l103.h)
CH32L103,TIM4,TIM,RPTCR,0x40000830,0x030,16,1,#,confirmed,evt(ch32l103.h)+rm(CH32L103RM.PDF)+rm-address(CH32L103RM.PDF)
CH32L103,TIM4,TIM,CH1CVR,0x40000834,0x034,32,1,#,confirmed,evt(ch32l103.h)+rm(CH32L103RM.PDF)+rm-address(CH32L103RM.PDF)
CH32L103,TIM4,TIM,CH1CVR_TIM4,0x40000834,0x034,32,1,#,reference,evt(ch32l103.h)
CH32L103,TIM4,TIM,CH2CVR,0x40000838,0x038,32,1,#,confirmed,evt(ch32l103.h)+rm(CH32L103RM.PDF)+rm-address(CH32L103RM.PDF)
CH32L103,TIM4,TIM,CH2CVR_TIM4,0x40000838,0x038,32,1,#,reference,evt(ch32l103.h)
CH32L103,TIM4,TIM,CH3CVR,0x4000083c,0x03c,32,1,#,confirmed,evt(ch32l103.h)+rm(CH32L103RM.PDF)+rm-address(CH32L103RM.PDF)
CH32L103,TIM4,TIM,CH3CVR_TIM4,0x4000083c,0x03c,32,1,#,reference,evt(ch32l103.h)
CH32L103,TIM4,TIM,CH4CVR,0x40000840,0x040,32,1,#,confirmed,evt(ch32l103.h)+rm(CH32L103RM.PDF)+rm-address(CH32L103RM.PDF)
CH32L103,TIM4,TIM,CH4CVR_TIM4,0x40000840,0x040,32,1,#,reference,evt(ch32l103.h)
CH32L103,TIM4,TIM,BDTR,0x40000844,0x044,16,1,#,confirmed,evt(ch32l103.h)+rm(CH32L103RM.PDF)+rm-address(CH32L103RM.PDF)
CH32L103,TIM4,TIM,DMACFGR,0x40000848,0x048,16,1,#,confirmed,evt(ch32l103.h)+rm(CH32L103RM.PDF)+rm-address(CH32L103RM.PDF)
CH32L103,TIM4,TIM,DMAADR,0x4000084c,0x04c,32,1,#,confirmed,evt(ch32l103.h)+rm(CH32L103RM.PDF)+rm-address(CH32L103RM.PDF)
CH32L103,RTC,RTC,CTLRH,0x40002800,0x000,16,1,#,confirmed,evt(ch32l103.h)+rm(CH32L103RM.PDF)+rm-address(CH32L103RM.PDF)
CH32L103,RTC,RTC,CTLRL,0x40002804,0x004,16,1,#,confirmed,evt(ch32l103.h)+rm(CH32L103RM.PDF)+rm-address(CH32L103RM.PDF)
CH32L103,RTC,RTC,PSCRH,0x40002808,0x008,16,1,#,confirmed,evt(ch32l103.h)+rm(CH32L103RM.PDF)+rm-address(CH32L103RM.PDF)
CH32L103,RTC,RTC,PSCRL,0x4000280c,0x00c,16,1,#,confirmed,evt(ch32l103.h)+rm(CH32L103RM.PDF)+rm-address(CH32L103RM.PDF)
CH32L103,RTC,RTC,DIVH,0x40002810,0x010,16,1,#,confirmed,evt(ch32l103.h)+rm(CH32L103RM.PDF)+rm-address(CH32L103RM.PDF)
CH32L103,RTC,RTC,DIVL,0x40002814,0x014,16,1,#,confirmed,evt(ch32l103.h)+rm(CH32L103RM.PDF)+rm-address(CH32L103RM.PDF)
CH32L103,RTC,RTC,CNTH,0x40002818,0x018,16,1,#,confirmed,evt(ch32l103.h)+rm(CH32L103RM.PDF)+rm-address(CH32L103RM.PDF)
CH32L103,RTC,RTC,CNTL,0x4000281c,0x01c,16,1,#,confirmed,evt(ch32l103.h)+rm(CH32L103RM.PDF)+rm-address(CH32L103RM.PDF)
CH32L103,RTC,RTC,ALRMH,0x40002820,0x020,16,1,#,confirmed,evt(ch32l103.h)+rm(CH32L103RM.PDF)+rm-address(CH32L103RM.PDF)
CH32L103,RTC,RTC,ALRML,0x40002824,0x024,16,1,#,confirmed,evt(ch32l103.h)+rm(CH32L103RM.PDF)+rm-address(CH32L103RM.PDF)
CH32L103,WWDG,WWDG,CTLR,0x40002c00,0x000,32,1,#,confirmed,evt(ch32l103.h)+rm(CH32L103RM.PDF)+rm-address(CH32L103RM.PDF)
CH32L103,WWDG,WWDG,CFGR,0x40002c04,0x004,32,1,#,confirmed,evt(ch32l103.h)+rm(CH32L103RM.PDF)+rm-address(CH32L103RM.PDF)
CH32L103,WWDG,WWDG,STATR,0x40002c08,0x008,32,1,#,confirmed,evt(ch32l103.h)+rm(CH32L103RM.PDF)+rm-address(CH32L103RM.PDF)
CH32L103,IWDG,IWDG,CTLR,0x40003000,0x000,32,1,#,confirmed,evt(ch32l103.h)+rm(CH32L103RM.PDF)+rm-address(CH32L103RM.PDF)
CH32L103,IWDG,IWDG,PSCR,0x40003004,0x004,32,1,#,confirmed,evt(ch32l103.h)+rm(CH32L103RM.PDF)+rm-address(CH32L103RM.PDF)
CH32L103,IWDG,IWDG,RLDR,0x40003008,0x008,32,1,#,confirmed,evt(ch32l103.h)+rm(CH32L103RM.PDF)+rm-address(CH32L103RM.PDF)
CH32L103,IWDG,IWDG,STATR,0x4000300c,0x00c,32,1,#,confirmed,evt(ch32l103.h)+rm(CH32L103RM.PDF)+rm-address(CH32L103RM.PDF)
CH32L103,SPI2,SPI,CTLR1,0x40003800,0x000,16,1,#,confirmed,evt(ch32l103.h)+rm(CH32L103RM.PDF)+rm-address(CH32L103RM.PDF)
CH32L103,SPI2,SPI,CTLR2,0x40003804,0x004,16,1,#,confirmed,evt(ch32l103.h)+rm(CH32L103RM.PDF)+rm-address(CH32L103RM.PDF)
CH32L103,SPI2,SPI,STATR,0x40003808,0x008,16,1,#,confirmed,evt(ch32l103.h)+rm(CH32L103RM.PDF)+rm-address(CH32L103RM.PDF)
CH32L103,SPI2,SPI,DATAR,0x4000380c,0x00c,16,1,#,confirmed,evt(ch32l103.h)+rm(CH32L103RM.PDF)+rm-address(CH32L103RM.PDF)
CH32L103,SPI2,SPI,CRCR,0x40003810,0x010,16,1,#,confirmed,evt(ch32l103.h)+rm(CH32L103RM.PDF)+rm-address(CH32L103RM.PDF)
CH32L103,SPI2,SPI,RCRCR,0x40003814,0x014,16,1,#,confirmed,evt(ch32l103.h)+rm(CH32L103RM.PDF)+rm-address(CH32L103RM.PDF)
CH32L103,SPI2,SPI,TCRCR,0x40003818,0x018,16,1,#,confirmed,evt(ch32l103.h)+rm(CH32L103RM.PDF)+rm-address(CH32L103RM.PDF)
CH32L103,SPI2,SPI,HSCR,0x40003824,0x024,16,1,#,confirmed,evt(ch32l103.h)+rm(CH32L103RM.PDF)+rm-address(CH32L103RM.PDF)
CH32L103,USART2,USART,STATR,0x40004400,0x000,16,1,#,confirmed,evt(ch32l103.h)+rm(CH32L103RM.PDF)+rm-address(CH32L103RM.PDF)
CH32L103,USART2,USART,DATAR,0x40004404,0x004,16,1,#,confirmed,evt(ch32l103.h)+rm(CH32L103RM.PDF)+rm-address(CH32L103RM.PDF)
CH32L103,USART2,USART,BRR,0x40004408,0x008,16,1,#,confirmed,evt(ch32l103.h)+rm(CH32L103RM.PDF)+rm-address(CH32L103RM.PDF)
CH32L103,USART2,USART,CTLR1,0x4000440c,0x00c,16,1,#,confirmed,evt(ch32l103.h)+rm(CH32L103RM.PDF)+rm-address(CH32L103RM.PDF)
CH32L103,USART2,USART,CTLR2,0x40004410,0x010,16,1,#,confirmed,evt(ch32l103.h)+rm(CH32L103RM.PDF)+rm-address(CH32L103RM.PDF)
CH32L103,USART2,USART,CTLR3,0x40004414,0x014,16,1,#,confirmed,evt(ch32l103.h)+rm(CH32L103RM.PDF)+rm-address(CH32L103RM.PDF)
CH32L103,USART2,USART,GPR,0x40004418,0x018,16,1,#,confirmed,evt(ch32l103.h)+rm(CH32L103RM.PDF)+rm-address(CH32L103RM.PDF)
CH32L103,USART3,USART,STATR,0x40004800,0x000,16,1,#,confirmed,evt(ch32l103.h)+rm(CH32L103RM.PDF)+rm-address(CH32L103RM.PDF)
CH32L103,USART3,USART,DATAR,0x40004804,0x004,16,1,#,confirmed,evt(ch32l103.h)+rm(CH32L103RM.PDF)+rm-address(CH32L103RM.PDF)
CH32L103,USART3,USART,BRR,0x40004808,0x008,16,1,#,confirmed,evt(ch32l103.h)+rm(CH32L103RM.PDF)+rm-address(CH32L103RM.PDF)
CH32L103,USART3,USART,CTLR1,0x4000480c,0x00c,16,1,#,confirmed,evt(ch32l103.h)+rm(CH32L103RM.PDF)+rm-address(CH32L103RM.PDF)
CH32L103,USART3,USART,CTLR2,0x40004810,0x010,16,1,#,confirmed,evt(ch32l103.h)+rm(CH32L103RM.PDF)+rm-address(CH32L103RM.PDF)
CH32L103,USART3,USART,CTLR3,0x40004814,0x014,16,1,#,confirmed,evt(ch32l103.h)+rm(CH32L103RM.PDF)+rm-address(CH32L103RM.PDF)
CH32L103,USART3,USART,GPR,0x40004818,0x018,16,1,#,confirmed,evt(ch32l103.h)+rm(CH32L103RM.PDF)+rm-address(CH32L103RM.PDF)
CH32L103,USART4,USART,STATR,0x40004c00,0x000,16,1,#,confirmed,evt(ch32l103.h)+rm(CH32L103RM.PDF)+rm-address(CH32L103RM.PDF)
CH32L103,USART4,USART,DATAR,0x40004c04,0x004,16,1,#,confirmed,evt(ch32l103.h)+rm(CH32L103RM.PDF)+rm-address(CH32L103RM.PDF)
CH32L103,USART4,USART,BRR,0x40004c08,0x008,16,1,#,confirmed,evt(ch32l103.h)+rm(CH32L103RM.PDF)+rm-address(CH32L103RM.PDF)
CH32L103,USART4,USART,CTLR1,0x40004c0c,0x00c,16,1,#,confirmed,evt(ch32l103.h)+rm(CH32L103RM.PDF)+rm-address(CH32L103RM.PDF)
CH32L103,USART4,USART,CTLR2,0x40004c10,0x010,16,1,#,confirmed,evt(ch32l103.h)+rm(CH32L103RM.PDF)+rm-address(CH32L103RM.PDF)
CH32L103,USART4,USART,CTLR3,0x40004c14,0x014,16,1,#,confirmed,evt(ch32l103.h)+rm(CH32L103RM.PDF)+rm-address(CH32L103RM.PDF)
CH32L103,USART4,USART,GPR,0x40004c18,0x018,16,1,#,confirmed,evt(ch32l103.h)+rm(CH32L103RM.PDF)+rm-address(CH32L103RM.PDF)
CH32L103,I2C1,I2C,CTLR1,0x40005400,0x000,16,1,#,confirmed,evt(ch32l103.h)+rm(CH32L103RM.PDF)+rm-address(CH32L103RM.PDF)
CH32L103,I2C1,I2C,CTLR2,0x40005404,0x004,16,1,#,confirmed,evt(ch32l103.h)+rm(CH32L103RM.PDF)+rm-address(CH32L103RM.PDF)
CH32L103,I2C1,I2C,OADDR1,0x40005408,0x008,16,1,#,confirmed,evt(ch32l103.h)+rm(CH32L103RM.PDF)+rm-address(CH32L103RM.PDF)
CH32L103,I2C1,I2C,OADDR2,0x4000540c,0x00c,16,1,#,confirmed,evt(ch32l103.h)+rm(CH32L103RM.PDF)+rm-address(CH32L103RM.PDF)
CH32L103,I2C1,I2C,DATAR,0x40005410,0x010,16,1,#,confirmed,evt(ch32l103.h)+rm(CH32L103RM.PDF)+rm-address(CH32L103RM.PDF)
CH32L103,I2C1,I2C,STAR1,0x40005414,0x014,16,1,#,confirmed,evt(ch32l103.h)+rm(CH32L103RM.PDF)+rm-address(CH32L103RM.PDF)
CH32L103,I2C1,I2C,STAR2,0x40005418,0x018,16,1,#,confirmed,evt(ch32l103.h)+rm(CH32L103RM.PDF)+rm-address(CH32L103RM.PDF)
CH32L103,I2C1,I2C,CKCFGR,0x4000541c,0x01c,16,1,#,confirmed,evt(ch32l103.h)+rm(CH32L103RM.PDF)+rm-address(CH32L103RM.PDF)
CH32L103,I2C1,I2C,RTR,0x40005420,0x020,16,1,#,confirmed,evt(ch32l103.h)+rm(CH32L103RM.PDF)+rm-address(CH32L103RM.PDF)
CH32L103,I2C2,I2C,CTLR1,0x40005800,0x000,16,1,#,confirmed,evt(ch32l103.h)+rm(CH32L103RM.PDF)+rm-address(CH32L103RM.PDF)
CH32L103,I2C2,I2C,CTLR2,0x40005804,0x004,16,1,#,confirmed,evt(ch32l103.h)+rm(CH32L103RM.PDF)+rm-address(CH32L103RM.PDF)
CH32L103,I2C2,I2C,OADDR1,0x40005808,0x008,16,1,#,confirmed,evt(ch32l103.h)+rm(CH32L103RM.PDF)+rm-address(CH32L103RM.PDF)
CH32L103,I2C2,I2C,OADDR2,0x4000580c,0x00c,16,1,#,confirmed,evt(ch32l103.h)+rm(CH32L103RM.PDF)+rm-address(CH32L103RM.PDF)
CH32L103,I2C2,I2C,DATAR,0x40005810,0x010,16,1,#,confirmed,evt(ch32l103.h)+rm(CH32L103RM.PDF)+rm-address(CH32L103RM.PDF)
CH32L103,I2C2,I2C,STAR1,0x40005814,0x014,16,1,#,confirmed,evt(ch32l103.h)+rm(CH32L103RM.PDF)+rm-address(CH32L103RM.PDF)
CH32L103,I2C2,I2C,STAR2,0x40005818,0x018,16,1,#,confirmed,evt(ch32l103.h)+rm(CH32L103RM.PDF)+rm-address(CH32L103RM.PDF)
CH32L103,I2C2,I2C,CKCFGR,0x4000581c,0x01c,16,1,#,confirmed,evt(ch32l103.h)+rm(CH32L103RM.PDF)+rm-address(CH32L103RM.PDF)
CH32L103,I2C2,I2C,RTR,0x40005820,0x020,16,1,#,confirmed,evt(ch32l103.h)+rm(CH32L103RM.PDF)+rm-address(CH32L103RM.PDF)
CH32L103,CAN1,CAN,CTLR,0x40006400,0x000,32,1,#,confirmed,evt(ch32l103.h)+rm(CH32L103RM.PDF)+rm-address(CH32L103RM.PDF)
CH32L103,CAN1,CAN,STATR,0x40006404,0x004,32,1,#,confirmed,evt(ch32l103.h)+rm(CH32L103RM.PDF)+rm-address(CH32L103RM.PDF)
CH32L103,CAN1,CAN,TSTATR,0x40006408,0x008,32,1,#,confirmed,evt(ch32l103.h)+rm(CH32L103RM.PDF)+rm-address(CH32L103RM.PDF)
CH32L103,CAN1,CAN,RFIFO0,0x4000640c,0x00c,32,1,#,confirmed,evt(ch32l103.h)+rm(CH32L103RM.PDF)+rm-address(CH32L103RM.PDF)
CH32L103,CAN1,CAN,INTENR,0x40006414,0x014,32,1,#,confirmed,evt(ch32l103.h)+rm(CH32L103RM.PDF)+rm-address(CH32L103RM.PDF)
CH32L103,CAN1,CAN,ERRSR,0x40006418,0x018,32,1,#,confirmed,evt(ch32l103.h)+rm(CH32L103RM.PDF)+rm-address(CH32L103RM.PDF)
CH32L103,CAN1,CAN,BTIMR,0x4000641c,0x01c,32,1,#,confirmed,evt(ch32l103.h)+rm(CH32L103RM.PDF)+rm-address(CH32L103RM.PDF)
CH32L103,CAN1,CAN,TTCTLR,0x40006420,0x020,32,1,#,confirmed,evt(ch32l103.h)+rm(CH32L103RM.PDF)+rm-address(CH32L103RM.PDF)
CH32L103,CAN1,CAN,TTCNT,0x40006424,0x024,32,1,#,confirmed,evt(ch32l103.h)+rm(CH32L103RM.PDF)+rm-address(CH32L103RM.PDF)
CH32L103,CAN1,CAN,TERR_CNT,0x40006428,0x028,32,1,#,confirmed,evt(ch32l103.h)+rm(CH32L103RM.PDF)+rm-address(CH32L103RM.PDF)
CH32L103,CAN1,CAN,CANFD_CR,0x4000642c,0x02c,32,1,#,reference,evt(ch32l103.h)
CH32L103,CAN1,CAN,CANFD_BTR,0x40006430,0x030,32,1,#,reference,evt(ch32l103.h)
CH32L103,CAN1,CAN,CANFD_TDCT,0x40006434,0x034,32,1,#,reference,evt(ch32l103.h)
CH32L103,CAN1,CAN,CANFD_PSR,0x40006438,0x038,32,1,#,reference,evt(ch32l103.h)
CH32L103,CAN1,CAN,CANFD_DMA_T,0x4000643c,0x03c,32,3,#,reference,evt(ch32l103.h)
CH32L103,CAN1,CAN,CANFD_DMA_R,0x40006448,0x048,32,1,#,reference,evt(ch32l103.h)
CH32L103,CAN1,CAN,sTxMailBox[0].TXMIR,0x40006580,0x180,32,1,#,confirmed,evt(ch32l103.h)+rm-address(CH32L103RM.PDF)
CH32L103,CAN1,CAN,sTxMailBox[0].TXMDTR,0x40006584,0x184,32,1,#,confirmed,evt(ch32l103.h)+rm-address(CH32L103RM.PDF)
CH32L103,CAN1,CAN,sTxMailBox[0].TXMDLR,0x40006588,0x188,32,1,#,confirmed,evt(ch32l103.h)+rm-address(CH32L103RM.PDF)
CH32L103,CAN1,CAN,sTxMailBox[0].TXMDHR,0x4000658c,0x18c,32,1,#,confirmed,evt(ch32l103.h)+rm-address(CH32L103RM.PDF)
CH32L103,CAN1,CAN,sTxMailBox[1].TXMIR,0x40006590,0x190,32,1,#,confirmed,evt(ch32l103.h)+rm-address(CH32L103RM.PDF)
CH32L103,CAN1,CAN,sTxMailBox[1].TXMDTR,0x40006594,0x194,32,1,#,confirmed,evt(ch32l103.h)+rm-address(CH32L103RM.PDF)
CH32L103,CAN1,CAN,sTxMailBox[1].TXMDLR,0x40006598,0x198,32,1,#,confirmed,evt(ch32l103.h)+rm-address(CH32L103RM.PDF)
CH32L103,CAN1,CAN,sTxMailBox[1].TXMDHR,0x4000659c,0x19c,32,1,#,confirmed,evt(ch32l103.h)+rm-address(CH32L103RM.PDF)
CH32L103,CAN1,CAN,sTxMailBox[2].TXMIR,0x400065a0,0x1a0,32,1,#,confirmed,evt(ch32l103.h)+rm-address(CH32L103RM.PDF)
CH32L103,CAN1,CAN,sTxMailBox[2].TXMDTR,0x400065a4,0x1a4,32,1,#,confirmed,evt(ch32l103.h)+rm-address(CH32L103RM.PDF)
CH32L103,CAN1,CAN,sTxMailBox[2].TXMDLR,0x400065a8,0x1a8,32,1,#,confirmed,evt(ch32l103.h)+rm-address(CH32L103RM.PDF)
CH32L103,CAN1,CAN,sTxMailBox[2].TXMDHR,0x400065ac,0x1ac,32,1,#,confirmed,evt(ch32l103.h)+rm-address(CH32L103RM.PDF)
CH32L103,CAN1,CAN,sFIFOMailBox.RXMIR,0x400065b0,0x1b0,32,1,#,reference,evt(ch32l103.h)
CH32L103,CAN1,CAN,sFIFOMailBox.RXMDTR,0x400065b4,0x1b4,32,1,#,reference,evt(ch32l103.h)
CH32L103,CAN1,CAN,sFIFOMailBox.RXMDLR,0x400065b8,0x1b8,32,1,#,reference,evt(ch32l103.h)
CH32L103,CAN1,CAN,sFIFOMailBox.RXMDHR,0x400065bc,0x1bc,32,1,#,reference,evt(ch32l103.h)
CH32L103,BKP,BKP,DATAR1,0x40006c04,0x004,16,1,#,confirmed,evt(ch32l103.h)+rm-address(CH32L103RM.PDF)
CH32L103,BKP,BKP,DATAR2,0x40006c08,0x008,16,1,#,confirmed,evt(ch32l103.h)+rm-address(CH32L103RM.PDF)
CH32L103,BKP,BKP,DATAR3,0x40006c0c,0x00c,16,1,#,confirmed,evt(ch32l103.h)+rm-address(CH32L103RM.PDF)
CH32L103,BKP,BKP,DATAR4,0x40006c10,0x010,16,1,#,confirmed,evt(ch32l103.h)+rm-address(CH32L103RM.PDF)
CH32L103,BKP,BKP,DATAR5,0x40006c14,0x014,16,1,#,confirmed,evt(ch32l103.h)+rm-address(CH32L103RM.PDF)
CH32L103,BKP,BKP,DATAR6,0x40006c18,0x018,16,1,#,confirmed,evt(ch32l103.h)+rm-address(CH32L103RM.PDF)
CH32L103,BKP,BKP,DATAR7,0x40006c1c,0x01c,16,1,#,confirmed,evt(ch32l103.h)+rm-address(CH32L103RM.PDF)
CH32L103,BKP,BKP,DATAR8,0x40006c20,0x020,16,1,#,confirmed,evt(ch32l103.h)+rm-address(CH32L103RM.PDF)
CH32L103,BKP,BKP,DATAR9,0x40006c24,0x024,16,1,#,confirmed,evt(ch32l103.h)+rm-address(CH32L103RM.PDF)
CH32L103,BKP,BKP,DATAR10,0x40006c28,0x028,16,1,#,confirmed,evt(ch32l103.h)+rm-address(CH32L103RM.PDF)
CH32L103,BKP,BKP,OCTLR,0x40006c2c,0x02c,16,1,#,confirmed,evt(ch32l103.h)+rm(CH32L103RM.PDF)+rm-address(CH32L103RM.PDF)
CH32L103,BKP,BKP,TPCTLR,0x40006c30,0x030,16,1,#,confirmed,evt(ch32l103.h)+rm(CH32L103RM.PDF)+rm-address(CH32L103RM.PDF)
CH32L103,BKP,BKP,TPCSR,0x40006c34,0x034,16,1,#,confirmed,evt(ch32l103.h)+rm(CH32L103RM.PDF)+rm-address(CH32L103RM.PDF)
CH32L103,PWR,PWR,CTLR,0x40007000,0x000,32,1,#,confirmed,evt(ch32l103.h)+rm(CH32L103RM.PDF)+rm-address(CH32L103RM.PDF)
CH32L103,PWR,PWR,CSR,0x40007004,0x004,32,1,#,confirmed,evt(ch32l103.h)+rm(CH32L103RM.PDF)+rm-address(CH32L103RM.PDF)
CH32L103,LPTIM,LPTIM,ISR,0x40007c00,0x000,32,1,#,confirmed,evt(ch32l103.h)+rm(CH32L103RM.PDF)+rm-address(CH32L103RM.PDF)
CH32L103,LPTIM,LPTIM,ICR,0x40007c04,0x004,32,1,#,confirmed,evt(ch32l103.h)+rm(CH32L103RM.PDF)+rm-address(CH32L103RM.PDF)
CH32L103,LPTIM,LPTIM,IER,0x40007c08,0x008,32,1,#,confirmed,evt(ch32l103.h)+rm(CH32L103RM.PDF)+rm-address(CH32L103RM.PDF)
CH32L103,LPTIM,LPTIM,CFGR,0x40007c0c,0x00c,32,1,#,confirmed,evt(ch32l103.h)+rm(CH32L103RM.PDF)+rm-address(CH32L103RM.PDF)
CH32L103,LPTIM,LPTIM,CR,0x40007c10,0x010,32,1,#,confirmed,evt(ch32l103.h)+rm(CH32L103RM.PDF)+rm-address(CH32L103RM.PDF)
CH32L103,LPTIM,LPTIM,CMP,0x40007c14,0x014,16,1,#,confirmed,evt(ch32l103.h)+rm(CH32L103RM.PDF)
CH32L103,LPTIM,LPTIM,ARR,0x40007c18,0x018,16,1,#,confirmed,evt(ch32l103.h)+rm(CH32L103RM.PDF)+rm-address(CH32L103RM.PDF)
CH32L103,LPTIM,LPTIM,CNT,0x40007c1c,0x01c,16,1,#,confirmed,evt(ch32l103.h)+rm(CH32L103RM.PDF)+rm-address(CH32L103RM.PDF)
CH32L103,AFIO,AFIO,ECR,0x40010000,0x000,32,1,#,confirmed,evt(ch32l103.h)+rm(CH32L103RM.PDF)+rm-address(CH32L103RM.PDF)
CH32L103,AFIO,AFIO,PCFR1,0x40010004,0x004,32,1,#,confirmed,evt(ch32l103.h)+rm(CH32L103RM.PDF)+rm-address(CH32L103RM.PDF)
CH32L103,AFIO,AFIO,EXTICR,0x40010008,0x008,32,4,#,confirmed,evt(ch32l103.h)+rm-address(CH32L103RM.PDF)
CH32L103,AFIO,AFIO,CR,0x40010018,0x018,32,1,#,confirmed,evt(ch32l103.h)+rm(CH32L103RM.PDF)+rm-address(CH32L103RM.PDF)
CH32L103,AFIO,AFIO,PCFR2,0x4001001c,0x01c,32,1,#,confirmed,evt(ch32l103.h)+rm(CH32L103RM.PDF)+rm-address(CH32L103RM.PDF)
CH32L103,EXTI,EXTI,INTENR,0x40010400,0x000,32,1,#,confirmed,evt(ch32l103.h)+rm(CH32L103RM.PDF)+rm-address(CH32L103RM.PDF)
CH32L103,EXTI,EXTI,EVENR,0x40010404,0x004,32,1,#,confirmed,evt(ch32l103.h)+rm(CH32L103RM.PDF)+rm-address(CH32L103RM.PDF)
CH32L103,EXTI,EXTI,RTENR,0x40010408,0x008,32,1,#,confirmed,evt(ch32l103.h)+rm(CH32L103RM.PDF)+rm-address(CH32L103RM.PDF)
CH32L103,EXTI,EXTI,FTENR,0x4001040c,0x00c,32,1,#,confirmed,evt(ch32l103.h)+rm(CH32L103RM.PDF)+rm-address(CH32L103RM.PDF)
CH32L103,EXTI,EXTI,SWIEVR,0x40010410,0x010,32,1,#,confirmed,evt(ch32l103.h)+rm(CH32L103RM.PDF)+rm-address(CH32L103RM.PDF)
CH32L103,EXTI,EXTI,INTFR,0x40010414,0x014,32,1,#,confirmed,evt(ch32l103.h)+rm(CH32L103RM.PDF)+rm-address(CH32L103RM.PDF)
CH32L103,GPIOA,GPIO,CFGLR,0x40010800,0x000,32,1,#,confirmed,evt(ch32l103.h)+rm-address(CH32L103RM.PDF)
CH32L103,GPIOA,GPIO,CFGHR,0x40010804,0x004,32,1,#,confirmed,evt(ch32l103.h)+rm-address(CH32L103RM.PDF)
CH32L103,GPIOA,GPIO,INDR,0x40010808,0x008,32,1,#,confirmed,evt(ch32l103.h)+rm(CH32L103RM.PDF)+rm-address(CH32L103RM.PDF)
CH32L103,GPIOA,GPIO,OUTDR,0x4001080c,0x00c,32,1,#,confirmed,evt(ch32l103.h)+rm(CH32L103RM.PDF)+rm-address(CH32L103RM.PDF)
CH32L103,GPIOA,GPIO,BSHR,0x40010810,0x010,32,1,#,confirmed,evt(ch32l103.h)+rm(CH32L103RM.PDF)+rm-address(CH32L103RM.PDF)
CH32L103,GPIOA,GPIO,BCR,0x40010814,0x014,32,1,#,confirmed,evt(ch32l103.h)+rm(CH32L103RM.PDF)+rm-address(CH32L103RM.PDF)
CH32L103,GPIOA,GPIO,LCKR,0x40010818,0x018,32,1,#,confirmed,evt(ch32l103.h)+rm(CH32L103RM.PDF)+rm-address(CH32L103RM.PDF)
CH32L103,GPIOB,GPIO,CFGLR,0x40010c00,0x000,32,1,#,confirmed,evt(ch32l103.h)+rm-address(CH32L103RM.PDF)
CH32L103,GPIOB,GPIO,CFGHR,0x40010c04,0x004,32,1,#,confirmed,evt(ch32l103.h)+rm-address(CH32L103RM.PDF)
CH32L103,GPIOB,GPIO,INDR,0x40010c08,0x008,32,1,#,confirmed,evt(ch32l103.h)+rm(CH32L103RM.PDF)+rm-address(CH32L103RM.PDF)
CH32L103,GPIOB,GPIO,OUTDR,0x40010c0c,0x00c,32,1,#,confirmed,evt(ch32l103.h)+rm(CH32L103RM.PDF)+rm-address(CH32L103RM.PDF)
CH32L103,GPIOB,GPIO,BSHR,0x40010c10,0x010,32,1,#,confirmed,evt(ch32l103.h)+rm(CH32L103RM.PDF)+rm-address(CH32L103RM.PDF)
CH32L103,GPIOB,GPIO,BCR,0x40010c14,0x014,32,1,#,confirmed,evt(ch32l103.h)+rm(CH32L103RM.PDF)+rm-address(CH32L103RM.PDF)
CH32L103,GPIOB,GPIO,LCKR,0x40010c18,0x018,32,1,#,confirmed,evt(ch32l103.h)+rm(CH32L103RM.PDF)+rm-address(CH32L103RM.PDF)
CH32L103,GPIOC,GPIO,CFGLR,0x40011000,0x000,32,1,#,confirmed,evt(ch32l103.h)+rm-address(CH32L103RM.PDF)
CH32L103,GPIOC,GPIO,CFGHR,0x40011004,0x004,32,1,#,confirmed,evt(ch32l103.h)+rm-address(CH32L103RM.PDF)
CH32L103,GPIOC,GPIO,INDR,0x40011008,0x008,32,1,#,confirmed,evt(ch32l103.h)+rm(CH32L103RM.PDF)+rm-address(CH32L103RM.PDF)
CH32L103,GPIOC,GPIO,OUTDR,0x4001100c,0x00c,32,1,#,confirmed,evt(ch32l103.h)+rm(CH32L103RM.PDF)+rm-address(CH32L103RM.PDF)
CH32L103,GPIOC,GPIO,BSHR,0x40011010,0x010,32,1,#,confirmed,evt(ch32l103.h)+rm(CH32L103RM.PDF)+rm-address(CH32L103RM.PDF)
CH32L103,GPIOC,GPIO,BCR,0x40011014,0x014,32,1,#,confirmed,evt(ch32l103.h)+rm(CH32L103RM.PDF)+rm-address(CH32L103RM.PDF)
CH32L103,GPIOC,GPIO,LCKR,0x40011018,0x018,32,1,#,confirmed,evt(ch32l103.h)+rm(CH32L103RM.PDF)+rm-address(CH32L103RM.PDF)
CH32L103,GPIOD,GPIO,CFGLR,0x40011400,0x000,32,1,#,confirmed,evt(ch32l103.h)+rm-address(CH32L103RM.PDF)
CH32L103,GPIOD,GPIO,CFGHR,0x40011404,0x004,32,1,#,confirmed,evt(ch32l103.h)+rm-address(CH32L103RM.PDF)
CH32L103,GPIOD,GPIO,INDR,0x40011408,0x008,32,1,#,confirmed,evt(ch32l103.h)+rm(CH32L103RM.PDF)+rm-address(CH32L103RM.PDF)
CH32L103,GPIOD,GPIO,OUTDR,0x4001140c,0x00c,32,1,#,confirmed,evt(ch32l103.h)+rm(CH32L103RM.PDF)+rm-address(CH32L103RM.PDF)
CH32L103,GPIOD,GPIO,BSHR,0x40011410,0x010,32,1,#,confirmed,evt(ch32l103.h)+rm(CH32L103RM.PDF)+rm-address(CH32L103RM.PDF)
CH32L103,GPIOD,GPIO,BCR,0x40011414,0x014,32,1,#,confirmed,evt(ch32l103.h)+rm(CH32L103RM.PDF)+rm-address(CH32L103RM.PDF)
CH32L103,GPIOD,GPIO,LCKR,0x40011418,0x018,32,1,#,confirmed,evt(ch32l103.h)+rm(CH32L103RM.PDF)+rm-address(CH32L103RM.PDF)
CH32L103,ADC1,ADC,STATR,0x40012400,0x000,32,1,#,confirmed,evt(ch32l103.h)+rm(CH32L103RM.PDF)+rm-address(CH32L103RM.PDF)
CH32L103,TKey1,ADC,STATR,0x40012400,0x000,32,1,#,reference,evt(ch32l103.h)+rm(CH32L103RM.PDF)+rm-address(CH32L103RM.PDF)
CH32L103,ADC1,ADC,CTLR1,0x40012404,0x004,32,1,#,confirmed,evt(ch32l103.h)+rm(CH32L103RM.PDF)+rm-address(CH32L103RM.PDF)
CH32L103,TKey1,ADC,CTLR1,0x40012404,0x004,32,1,#,reference,evt(ch32l103.h)+rm(CH32L103RM.PDF)+rm-address(CH32L103RM.PDF)
CH32L103,ADC1,ADC,CTLR2,0x40012408,0x008,32,1,#,confirmed,evt(ch32l103.h)+rm(CH32L103RM.PDF)+rm-address(CH32L103RM.PDF)
CH32L103,TKey1,ADC,CTLR2,0x40012408,0x008,32,1,#,reference,evt(ch32l103.h)+rm(CH32L103RM.PDF)+rm-address(CH32L103RM.PDF)
CH32L103,ADC1,ADC,SAMPTR1,0x4001240c,0x00c,32,1,#,confirmed,evt(ch32l103.h)+rm(CH32L103RM.PDF)+rm-address(CH32L103RM.PDF)
CH32L103,TKey1,ADC,SAMPTR1,0x4001240c,0x00c,32,1,#,reference,evt(ch32l103.h)+rm(CH32L103RM.PDF)+rm-address(CH32L103RM.PDF)
CH32L103,ADC1,ADC,SAMPTR2,0x40012410,0x010,32,1,#,confirmed,evt(ch32l103.h)+rm(CH32L103RM.PDF)+rm-address(CH32L103RM.PDF)
CH32L103,TKey1,ADC,SAMPTR2,0x40012410,0x010,32,1,#,reference,evt(ch32l103.h)+rm(CH32L103RM.PDF)+rm-address(CH32L103RM.PDF)
CH32L103,ADC1,ADC,IOFR1,0x40012414,0x014,32,1,#,confirmed,evt(ch32l103.h)+rm-address(CH32L103RM.PDF)
CH32L103,TKey1,ADC,IOFR1,0x40012414,0x014,32,1,#,reference,evt(ch32l103.h)+rm-address(CH32L103RM.PDF)
CH32L103,ADC1,ADC,IOFR2,0x40012418,0x018,32,1,#,confirmed,evt(ch32l103.h)+rm-address(CH32L103RM.PDF)
CH32L103,TKey1,ADC,IOFR2,0x40012418,0x018,32,1,#,reference,evt(ch32l103.h)+rm-address(CH32L103RM.PDF)
CH32L103,ADC1,ADC,IOFR3,0x4001241c,0x01c,32,1,#,confirmed,evt(ch32l103.h)+rm-address(CH32L103RM.PDF)
CH32L103,TKey1,ADC,IOFR3,0x4001241c,0x01c,32,1,#,reference,evt(ch32l103.h)+rm-address(CH32L103RM.PDF)
CH32L103,ADC1,ADC,IOFR4,0x40012420,0x020,32,1,#,confirmed,evt(ch32l103.h)+rm-address(CH32L103RM.PDF)
CH32L103,TKey1,ADC,IOFR4,0x40012420,0x020,32,1,#,reference,evt(ch32l103.h)+rm-address(CH32L103RM.PDF)
CH32L103,ADC1,ADC,WDHTR,0x40012424,0x024,32,1,#,confirmed,evt(ch32l103.h)+rm(CH32L103RM.PDF)+rm-address(CH32L103RM.PDF)
CH32L103,TKey1,ADC,WDHTR,0x40012424,0x024,32,1,#,reference,evt(ch32l103.h)+rm(CH32L103RM.PDF)+rm-address(CH32L103RM.PDF)
CH32L103,ADC1,ADC,WDLTR,0x40012428,0x028,32,1,#,confirmed,evt(ch32l103.h)+rm(CH32L103RM.PDF)+rm-address(CH32L103RM.PDF)
CH32L103,TKey1,ADC,WDLTR,0x40012428,0x028,32,1,#,reference,evt(ch32l103.h)+rm(CH32L103RM.PDF)+rm-address(CH32L103RM.PDF)
CH32L103,ADC1,ADC,RSQR1,0x4001242c,0x02c,32,1,#,confirmed,evt(ch32l103.h)+rm(CH32L103RM.PDF)+rm-address(CH32L103RM.PDF)
CH32L103,TKey1,ADC,RSQR1,0x4001242c,0x02c,32,1,#,reference,evt(ch32l103.h)+rm(CH32L103RM.PDF)+rm-address(CH32L103RM.PDF)
CH32L103,ADC1,ADC,RSQR2,0x40012430,0x030,32,1,#,confirmed,evt(ch32l103.h)+rm(CH32L103RM.PDF)+rm-address(CH32L103RM.PDF)
CH32L103,TKey1,ADC,RSQR2,0x40012430,0x030,32,1,#,reference,evt(ch32l103.h)+rm(CH32L103RM.PDF)+rm-address(CH32L103RM.PDF)
CH32L103,ADC1,ADC,RSQR3,0x40012434,0x034,32,1,#,confirmed,evt(ch32l103.h)+rm(CH32L103RM.PDF)+rm-address(CH32L103RM.PDF)
CH32L103,TKey1,ADC,RSQR3,0x40012434,0x034,32,1,#,reference,evt(ch32l103.h)+rm(CH32L103RM.PDF)+rm-address(CH32L103RM.PDF)
CH32L103,ADC1,ADC,ISQR,0x40012438,0x038,32,1,#,confirmed,evt(ch32l103.h)+rm(CH32L103RM.PDF)+rm-address(CH32L103RM.PDF)
CH32L103,TKey1,ADC,ISQR,0x40012438,0x038,32,1,#,reference,evt(ch32l103.h)+rm(CH32L103RM.PDF)+rm-address(CH32L103RM.PDF)
CH32L103,ADC1,ADC,IDATAR1,0x4001243c,0x03c,32,1,#,confirmed,evt(ch32l103.h)+rm-address(CH32L103RM.PDF)
CH32L103,TKey1,ADC,IDATAR1,0x4001243c,0x03c,32,1,#,reference,evt(ch32l103.h)+rm-address(CH32L103RM.PDF)
CH32L103,ADC1,ADC,IDATAR2,0x40012440,0x040,32,1,#,confirmed,evt(ch32l103.h)+rm-address(CH32L103RM.PDF)
CH32L103,TKey1,ADC,IDATAR2,0x40012440,0x040,32,1,#,reference,evt(ch32l103.h)+rm-address(CH32L103RM.PDF)
CH32L103,ADC1,ADC,IDATAR3,0x40012444,0x044,32,1,#,confirmed,evt(ch32l103.h)+rm-address(CH32L103RM.PDF)
CH32L103,TKey1,ADC,IDATAR3,0x40012444,0x044,32,1,#,reference,evt(ch32l103.h)+rm-address(CH32L103RM.PDF)
CH32L103,ADC1,ADC,IDATAR4,0x40012448,0x048,32,1,#,confirmed,evt(ch32l103.h)+rm-address(CH32L103RM.PDF)
CH32L103,TKey1,ADC,IDATAR4,0x40012448,0x048,32,1,#,reference,evt(ch32l103.h)+rm-address(CH32L103RM.PDF)
CH32L103,ADC1,ADC,RDATAR,0x4001244c,0x04c,32,1,#,confirmed,evt(ch32l103.h)+rm(CH32L103RM.PDF)+rm-address(CH32L103RM.PDF)
CH32L103,TKey1,ADC,RDATAR,0x4001244c,0x04c,32,1,#,reference,evt(ch32l103.h)+rm(CH32L103RM.PDF)+rm-address(CH32L103RM.PDF)
CH32L103,ADC1,ADC,CFG,0x40012450,0x050,32,1,#,confirmed,evt(ch32l103.h)+rm(CH32L103RM.PDF)+rm-address(CH32L103RM.PDF)
CH32L103,TKey1,ADC,CFG,0x40012450,0x050,32,1,#,reference,evt(ch32l103.h)+rm(CH32L103RM.PDF)+rm-address(CH32L103RM.PDF)
CH32L103,TIM1,TIM,CTLR1,0x40012c00,0x000,16,1,#,confirmed,evt(ch32l103.h)+rm(CH32L103RM.PDF)+rm-address(CH32L103RM.PDF)
CH32L103,TIM1,TIM,CTLR2,0x40012c04,0x004,16,1,#,confirmed,evt(ch32l103.h)+rm(CH32L103RM.PDF)+rm-address(CH32L103RM.PDF)
CH32L103,TIM1,TIM,SMCFGR,0x40012c08,0x008,16,1,#,confirmed,evt(ch32l103.h)+rm(CH32L103RM.PDF)+rm-address(CH32L103RM.PDF)
CH32L103,TIM1,TIM,DMAINTENR,0x40012c0c,0x00c,16,1,#,confirmed,evt(ch32l103.h)+rm(CH32L103RM.PDF)+rm-address(CH32L103RM.PDF)
CH32L103,TIM1,TIM,INTFR,0x40012c10,0x010,16,1,#,confirmed,evt(ch32l103.h)+rm(CH32L103RM.PDF)+rm-address(CH32L103RM.PDF)
CH32L103,TIM1,TIM,SWEVGR,0x40012c14,0x014,16,1,#,confirmed,evt(ch32l103.h)+rm(CH32L103RM.PDF)+rm-address(CH32L103RM.PDF)
CH32L103,TIM1,TIM,CHCTLR1,0x40012c18,0x018,16,1,#,confirmed,evt(ch32l103.h)+rm(CH32L103RM.PDF)+rm-address(CH32L103RM.PDF)
CH32L103,TIM1,TIM,CHCTLR2,0x40012c1c,0x01c,16,1,#,confirmed,evt(ch32l103.h)+rm(CH32L103RM.PDF)+rm-address(CH32L103RM.PDF)
CH32L103,TIM1,TIM,CCER,0x40012c20,0x020,16,1,#,confirmed,evt(ch32l103.h)+rm(CH32L103RM.PDF)+rm-address(CH32L103RM.PDF)
CH32L103,TIM1,TIM,CNT,0x40012c24,0x024,16,1,#,confirmed,evt(ch32l103.h)+rm(CH32L103RM.PDF)+rm-address(CH32L103RM.PDF)
CH32L103,TIM1,TIM,CNT_TIM4,0x40012c24,0x024,32,1,#,reference,evt(ch32l103.h)
CH32L103,TIM1,TIM,PSC,0x40012c28,0x028,16,1,#,confirmed,evt(ch32l103.h)+rm(CH32L103RM.PDF)+rm-address(CH32L103RM.PDF)
CH32L103,TIM1,TIM,ATRLR,0x40012c2c,0x02c,16,1,#,confirmed,evt(ch32l103.h)+rm(CH32L103RM.PDF)+rm-address(CH32L103RM.PDF)
CH32L103,TIM1,TIM,ATRLR_TIM4,0x40012c2c,0x02c,32,1,#,reference,evt(ch32l103.h)
CH32L103,TIM1,TIM,RPTCR,0x40012c30,0x030,16,1,#,confirmed,evt(ch32l103.h)+rm(CH32L103RM.PDF)+rm-address(CH32L103RM.PDF)
CH32L103,TIM1,TIM,CH1CVR,0x40012c34,0x034,32,1,#,confirmed,evt(ch32l103.h)+rm(CH32L103RM.PDF)+rm-address(CH32L103RM.PDF)
CH32L103,TIM1,TIM,CH1CVR_TIM4,0x40012c34,0x034,32,1,#,reference,evt(ch32l103.h)
CH32L103,TIM1,TIM,CH2CVR,0x40012c38,0x038,32,1,#,confirmed,evt(ch32l103.h)+rm(CH32L103RM.PDF)+rm-address(CH32L103RM.PDF)
CH32L103,TIM1,TIM,CH2CVR_TIM4,0x40012c38,0x038,32,1,#,reference,evt(ch32l103.h)
CH32L103,TIM1,TIM,CH3CVR,0x40012c3c,0x03c,32,1,#,confirmed,evt(ch32l103.h)+rm(CH32L103RM.PDF)+rm-address(CH32L103RM.PDF)
CH32L103,TIM1,TIM,CH3CVR_TIM4,0x40012c3c,0x03c,32,1,#,reference,evt(ch32l103.h)
CH32L103,TIM1,TIM,CH4CVR,0x40012c40,0x040,32,1,#,confirmed,evt(ch32l103.h)+rm(CH32L103RM.PDF)+rm-address(CH32L103RM.PDF)
CH32L103,TIM1,TIM,CH4CVR_TIM4,0x40012c40,0x040,32,1,#,reference,evt(ch32l103.h)
CH32L103,TIM1,TIM,BDTR,0x40012c44,0x044,16,1,#,confirmed,evt(ch32l103.h)+rm(CH32L103RM.PDF)+rm-address(CH32L103RM.PDF)
CH32L103,TIM1,TIM,DMACFGR,0x40012c48,0x048,16,1,#,confirmed,evt(ch32l103.h)+rm(CH32L103RM.PDF)+rm-address(CH32L103RM.PDF)
CH32L103,TIM1,TIM,DMAADR,0x40012c4c,0x04c,32,1,#,confirmed,evt(ch32l103.h)+rm(CH32L103RM.PDF)+rm-address(CH32L103RM.PDF)
CH32L103,SPI1,SPI,CTLR1,0x40013000,0x000,16,1,#,confirmed,evt(ch32l103.h)+rm(CH32L103RM.PDF)+rm-address(CH32L103RM.PDF)
CH32L103,SPI1,SPI,CTLR2,0x40013004,0x004,16,1,#,confirmed,evt(ch32l103.h)+rm(CH32L103RM.PDF)+rm-address(CH32L103RM.PDF)
CH32L103,SPI1,SPI,STATR,0x40013008,0x008,16,1,#,confirmed,evt(ch32l103.h)+rm(CH32L103RM.PDF)+rm-address(CH32L103RM.PDF)
CH32L103,SPI1,SPI,DATAR,0x4001300c,0x00c,16,1,#,confirmed,evt(ch32l103.h)+rm(CH32L103RM.PDF)+rm-address(CH32L103RM.PDF)
CH32L103,SPI1,SPI,CRCR,0x40013010,0x010,16,1,#,confirmed,evt(ch32l103.h)+rm(CH32L103RM.PDF)+rm-address(CH32L103RM.PDF)
CH32L103,SPI1,SPI,RCRCR,0x40013014,0x014,16,1,#,confirmed,evt(ch32l103.h)+rm(CH32L103RM.PDF)+rm-address(CH32L103RM.PDF)
CH32L103,SPI1,SPI,TCRCR,0x40013018,0x018,16,1,#,confirmed,evt(ch32l103.h)+rm(CH32L103RM.PDF)+rm-address(CH32L103RM.PDF)
CH32L103,SPI1,SPI,HSCR,0x40013024,0x024,16,1,#,confirmed,evt(ch32l103.h)+rm(CH32L103RM.PDF)+rm-address(CH32L103RM.PDF)
CH32L103,USART1,USART,STATR,0x40013800,0x000,16,1,#,confirmed,evt(ch32l103.h)+rm(CH32L103RM.PDF)+rm-address(CH32L103RM.PDF)
CH32L103,USART1,USART,DATAR,0x40013804,0x004,16,1,#,confirmed,evt(ch32l103.h)+rm(CH32L103RM.PDF)+rm-address(CH32L103RM.PDF)
CH32L103,USART1,USART,BRR,0x40013808,0x008,16,1,#,confirmed,evt(ch32l103.h)+rm(CH32L103RM.PDF)+rm-address(CH32L103RM.PDF)
CH32L103,USART1,USART,CTLR1,0x4001380c,0x00c,16,1,#,confirmed,evt(ch32l103.h)+rm(CH32L103RM.PDF)+rm-address(CH32L103RM.PDF)
CH32L103,USART1,USART,CTLR2,0x40013810,0x010,16,1,#,confirmed,evt(ch32l103.h)+rm(CH32L103RM.PDF)+rm-address(CH32L103RM.PDF)
CH32L103,USART1,USART,CTLR3,0x40013814,0x014,16,1,#,confirmed,evt(ch32l103.h)+rm(CH32L103RM.PDF)+rm-address(CH32L103RM.PDF)
CH32L103,USART1,USART,GPR,0x40013818,0x018,16,1,#,confirmed,evt(ch32l103.h)+rm(CH32L103RM.PDF)+rm-address(CH32L103RM.PDF)
CH32L103,DMA1,DMA,INTFR,0x40020000,0x000,32,1,#,confirmed,evt(ch32l103.h)+rm-address(CH32L103RM.PDF)
CH32L103,DMA1,DMA,INTFCR,0x40020004,0x004,32,1,#,confirmed,evt(ch32l103.h)+rm-address(CH32L103RM.PDF)
CH32L103,DMA1_Channel1,DMA_Channel,CFGR,0x40020008,0x000,32,1,#,confirmed,evt(ch32l103.h)+rm-address(CH32L103RM.PDF)
CH32L103,DMA1_Channel1,DMA_Channel,CNTR,0x4002000c,0x004,32,1,#,confirmed,evt(ch32l103.h)+rm-address(CH32L103RM.PDF)
CH32L103,DMA1_Channel1,DMA_Channel,PADDR,0x40020010,0x008,32,1,#,confirmed,evt(ch32l103.h)+rm-address(CH32L103RM.PDF)
CH32L103,DMA1_Channel1,DMA_Channel,MADDR,0x40020014,0x00c,32,1,#,confirmed,evt(ch32l103.h)+rm-address(CH32L103RM.PDF)
CH32L103,DMA1_Channel2,DMA_Channel,CFGR,0x4002001c,0x000,32,1,#,confirmed,evt(ch32l103.h)+rm-address(CH32L103RM.PDF)
CH32L103,DMA1_Channel2,DMA_Channel,CNTR,0x40020020,0x004,32,1,#,confirmed,evt(ch32l103.h)+rm-address(CH32L103RM.PDF)
CH32L103,DMA1_Channel2,DMA_Channel,PADDR,0x40020024,0x008,32,1,#,confirmed,evt(ch32l103.h)+rm-address(CH32L103RM.PDF)
CH32L103,DMA1_Channel2,DMA_Channel,MADDR,0x40020028,0x00c,32,1,#,confirmed,evt(ch32l103.h)+rm-address(CH32L103RM.PDF)
CH32L103,DMA1_Channel3,DMA_Channel,CFGR,0x40020030,0x000,32,1,#,confirmed,evt(ch32l103.h)+rm-address(CH32L103RM.PDF)
CH32L103,DMA1_Channel3,DMA_Channel,CNTR,0x40020034,0x004,32,1,#,confirmed,evt(ch32l103.h)+rm-address(CH32L103RM.PDF)
CH32L103,DMA1_Channel3,DMA_Channel,PADDR,0x40020038,0x008,32,1,#,confirmed,evt(ch32l103.h)+rm-address(CH32L103RM.PDF)
CH32L103,DMA1_Channel3,DMA_Channel,MADDR,0x4002003c,0x00c,32,1,#,confirmed,evt(ch32l103.h)+rm-address(CH32L103RM.PDF)
CH32L103,DMA1_Channel4,DMA_Channel,CFGR,0x40020044,0x000,32,1,#,confirmed,evt(ch32l103.h)+rm-address(CH32L103RM.PDF)
CH32L103,DMA1_Channel4,DMA_Channel,CNTR,0x40020048,0x004,32,1,#,confirmed,evt(ch32l103.h)+rm-address(CH32L103RM.PDF)
CH32L103,DMA1_Channel4,DMA_Channel,PADDR,0x4002004c,0x008,32,1,#,confirmed,evt(ch32l103.h)+rm-address(CH32L103RM.PDF)
CH32L103,DMA1_Channel4,DMA_Channel,MADDR,0x40020050,0x00c,32,1,#,confirmed,evt(ch32l103.h)+rm-address(CH32L103RM.PDF)
CH32L103,DMA1_Channel5,DMA_Channel,CFGR,0x40020058,0x000,32,1,#,confirmed,evt(ch32l103.h)+rm-address(CH32L103RM.PDF)
CH32L103,DMA1_Channel5,DMA_Channel,CNTR,0x4002005c,0x004,32,1,#,confirmed,evt(ch32l103.h)+rm-address(CH32L103RM.PDF)
CH32L103,DMA1_Channel5,DMA_Channel,PADDR,0x40020060,0x008,32,1,#,confirmed,evt(ch32l103.h)+rm-address(CH32L103RM.PDF)
CH32L103,DMA1_Channel5,DMA_Channel,MADDR,0x40020064,0x00c,32,1,#,confirmed,evt(ch32l103.h)+rm-address(CH32L103RM.PDF)
CH32L103,DMA1_Channel6,DMA_Channel,CFGR,0x4002006c,0x000,32,1,#,confirmed,evt(ch32l103.h)+rm-address(CH32L103RM.PDF)
CH32L103,DMA1_Channel6,DMA_Channel,CNTR,0x40020070,0x004,32,1,#,confirmed,evt(ch32l103.h)+rm-address(CH32L103RM.PDF)
CH32L103,DMA1_Channel6,DMA_Channel,PADDR,0x40020074,0x008,32,1,#,confirmed,evt(ch32l103.h)+rm-address(CH32L103RM.PDF)
CH32L103,DMA1_Channel6,DMA_Channel,MADDR,0x40020078,0x00c,32,1,#,confirmed,evt(ch32l103.h)+rm-address(CH32L103RM.PDF)
CH32L103,DMA1_Channel7,DMA_Channel,CFGR,0x40020080,0x000,32,1,#,confirmed,evt(ch32l103.h)+rm-address(CH32L103RM.PDF)
CH32L103,DMA1_Channel7,DMA_Channel,CNTR,0x40020084,0x004,32,1,#,confirmed,evt(ch32l103.h)+rm-address(CH32L103RM.PDF)
CH32L103,DMA1_Channel7,DMA_Channel,PADDR,0x40020088,0x008,32,1,#,confirmed,evt(ch32l103.h)+rm-address(CH32L103RM.PDF)
CH32L103,DMA1_Channel7,DMA_Channel,MADDR,0x4002008c,0x00c,32,1,#,confirmed,evt(ch32l103.h)+rm-address(CH32L103RM.PDF)
CH32L103,DMA1_Channel8,DMA_Channel,CFGR,0x40020094,0x000,32,1,#,confirmed,evt(ch32l103.h)+rm-address(CH32L103RM.PDF)
CH32L103,DMA1_Channel8,DMA_Channel,CNTR,0x40020098,0x004,32,1,#,confirmed,evt(ch32l103.h)+rm-address(CH32L103RM.PDF)
CH32L103,DMA1_Channel8,DMA_Channel,PADDR,0x4002009c,0x008,32,1,#,confirmed,evt(ch32l103.h)+rm-address(CH32L103RM.PDF)
CH32L103,DMA1_Channel8,DMA_Channel,MADDR,0x400200a0,0x00c,32,1,#,confirmed,evt(ch32l103.h)+rm-address(CH32L103RM.PDF)
CH32L103,RCC,RCC,CTLR,0x40021000,0x000,32,1,#,confirmed,evt(ch32l103.h)+rm(CH32L103RM.PDF)+rm-address(CH32L103RM.PDF)
CH32L103,RCC,RCC,CFGR0,0x40021004,0x004,32,1,#,confirmed,evt(ch32l103.h)+rm(CH32L103RM.PDF)+rm-address(CH32L103RM.PDF)
CH32L103,RCC,RCC,INTR,0x40021008,0x008,32,1,#,confirmed,evt(ch32l103.h)+rm(CH32L103RM.PDF)+rm-address(CH32L103RM.PDF)
CH32L103,RCC,RCC,PB2PRSTR,0x4002100c,0x00c,32,1,#,confirmed,evt(ch32l103.h)+rm(CH32L103RM.PDF)+rm-address(CH32L103RM.PDF)
CH32L103,RCC,RCC,PB1PRSTR,0x40021010,0x010,32,1,#,confirmed,evt(ch32l103.h)+rm(CH32L103RM.PDF)+rm-address(CH32L103RM.PDF)
CH32L103,RCC,RCC,HBPCENR,0x40021014,0x014,32,1,#,confirmed,evt(ch32l103.h)+rm(CH32L103RM.PDF)+rm-address(CH32L103RM.PDF)
CH32L103,RCC,RCC,PB2PCENR,0x40021018,0x018,32,1,#,confirmed,evt(ch32l103.h)+rm(CH32L103RM.PDF)+rm-address(CH32L103RM.PDF)
CH32L103,RCC,RCC,PB1PCENR,0x4002101c,0x01c,32,1,#,confirmed,evt(ch32l103.h)+rm(CH32L103RM.PDF)+rm-address(CH32L103RM.PDF)
CH32L103,RCC,RCC,BDCTLR,0x40021020,0x020,32,1,#,confirmed,evt(ch32l103.h)+rm(CH32L103RM.PDF)+rm-address(CH32L103RM.PDF)
CH32L103,RCC,RCC,RSTSCKR,0x40021024,0x024,32,1,#,confirmed,evt(ch32l103.h)+rm(CH32L103RM.PDF)+rm-address(CH32L103RM.PDF)
CH32L103,RCC,RCC,HBRSTR,0x40021028,0x028,32,1,#,confirmed,evt(ch32l103.h)+rm(CH32L103RM.PDF)+rm-address(CH32L103RM.PDF)
CH32L103,FLASH,FLASH,ACTLR,0x40022000,0x000,32,1,#,confirmed,evt(ch32l103.h)+rm(CH32L103RM.PDF)+rm-address(CH32L103RM.PDF)
CH32L103,FLASH,FLASH,KEYR,0x40022004,0x004,32,1,#,confirmed,evt(ch32l103.h)+rm(CH32L103RM.PDF)+rm-address(CH32L103RM.PDF)
CH32L103,FLASH,FLASH,OBKEYR,0x40022008,0x008,32,1,#,confirmed,evt(ch32l103.h)+rm(CH32L103RM.PDF)+rm-address(CH32L103RM.PDF)
CH32L103,FLASH,FLASH,STATR,0x4002200c,0x00c,32,1,#,confirmed,evt(ch32l103.h)+rm(CH32L103RM.PDF)+rm-address(CH32L103RM.PDF)
CH32L103,FLASH,FLASH,CTLR,0x40022010,0x010,32,1,#,confirmed,evt(ch32l103.h)+rm(CH32L103RM.PDF)+rm-address(CH32L103RM.PDF)
CH32L103,FLASH,FLASH,ADDR,0x40022014,0x014,32,1,#,confirmed,evt(ch32l103.h)+rm(CH32L103RM.PDF)+rm-address(CH32L103RM.PDF)
CH32L103,FLASH,FLASH,OBR,0x4002201c,0x01c,32,1,#,confirmed,evt(ch32l103.h)+rm(CH32L103RM.PDF)+rm-address(CH32L103RM.PDF)
CH32L103,FLASH,FLASH,WPR,0x40022020,0x020,32,1,#,confirmed,evt(ch32l103.h)+rm(CH32L103RM.PDF)+rm-address(CH32L103RM.PDF)
CH32L103,FLASH,FLASH,MODEKEYR,0x40022024,0x024,32,1,#,confirmed,evt(ch32l103.h)+rm(CH32L103RM.PDF)+rm-address(CH32L103RM.PDF)
CH32L103,CRC,CRC,DATAR,0x40023000,0x000,32,1,#,confirmed,evt(ch32l103.h)+rm(CH32L103RM.PDF)+rm-address(CH32L103RM.PDF)
CH32L103,CRC,CRC,IDATAR,0x40023004,0x004,8,1,#,confirmed,evt(ch32l103.h)+rm(CH32L103RM.PDF)+rm-address(CH32L103RM.PDF)
CH32L103,CRC,CRC,CTLR,0x40023008,0x008,32,1,#,confirmed,evt(ch32l103.h)+rm(CH32L103RM.PDF)+rm-address(CH32L103RM.PDF)
CH32L103,EXTEN,EXTEN,EXTEN_CTR,0x40023800,0x000,32,1,#,confirmed,evt(ch32l103.h)+rm-address(CH32L103RM.PDF)
CH32L103,OPA,OPA,CFGR1,0x40026000,0x000,16,1,#,confirmed,evt(ch32l103.h)+rm(CH32L103RM.PDF)+rm-address(CH32L103RM.PDF)
CH32L103,OPA,OPA,CFGR2,0x40026002,0x002,16,1,#,confirmed,evt(ch32l103.h)+rm(CH32L103RM.PDF)+rm-address(CH32L103RM.PDF)
CH32L103,OPA,OPA,CTLR1,0x40026004,0x004,32,1,#,confirmed,evt(ch32l103.h)+rm(CH32L103RM.PDF)+rm-address(CH32L103RM.PDF)
CH32L103,OPA,OPA,CTLR2,0x40026008,0x008,32,1,#,confirmed,evt(ch32l103.h)+rm(CH32L103RM.PDF)+rm-address(CH32L103RM.PDF)
CH32L103,OPA,OPA,OPCMKEY,0x40026014,0x014,32,1,#,reference,evt(ch32l103.h)
CH32L103,USBPD,USBPD,CONFIG,0x40027000,0x000,16,1,#,confirmed,evt(ch32l103.h)+rm-address(CH32L103RM.PDF)
CH32L103,USBPD,USBPD,USBPD_CONFIG,0x40027000,0x000,32,1,#,reference,evt(ch32l103.h)
CH32L103,USBPD,USBPD,BMC_CLK_CNT,0x40027002,0x002,16,1,#,reference,evt(ch32l103.h)
CH32L103,USBPD,USBPD,CONTROL,0x40027004,0x004,8,1,#,confirmed,evt(ch32l103.h)+rm-address(CH32L103RM.PDF)
CH32L103,USBPD,USBPD,R16_CONTROL,0x40027004,0x004,16,1,#,reference,evt(ch32l103.h)
CH32L103,USBPD,USBPD,USBPD_CONTROL,0x40027004,0x004,32,1,#,reference,evt(ch32l103.h)
CH32L103,USBPD,USBPD,TX_SEL,0x40027005,0x005,8,1,#,reference,evt(ch32l103.h)
CH32L103,USBPD,USBPD,BMC_TX_SZ,0x40027006,0x006,16,1,#,reference,evt(ch32l103.h)
CH32L103,USBPD,USBPD,DATA_BUF,0x40027008,0x008,8,1,#,reference,evt(ch32l103.h)
CH32L103,USBPD,USBPD,R16_STATUS,0x40027008,0x008,16,1,#,reference,evt(ch32l103.h)
CH32L103,USBPD,USBPD,USBPD_STATUS,0x40027008,0x008,32,1,#,confirmed,evt(ch32l103.h)+rm-address(CH32L103RM.PDF)
CH32L103,USBPD,USBPD,STATUS,0x40027009,0x009,8,1,#,reference,evt(ch32l103.h)
CH32L103,USBPD,USBPD,BMC_BYTE_CNT,0x4002700a,0x00a,16,1,#,reference,evt(ch32l103.h)
CH32L103,USBPD,USBPD,PORT_CC1,0x4002700c,0x00c,16,1,#,reference,evt(ch32l103.h)
CH32L103,USBPD,USBPD,USBPD_PORT,0x4002700c,0x00c,32,1,#,confirmed,evt(ch32l103.h)+rm-address(CH32L103RM.PDF)
CH32L103,USBPD,USBPD,PORT_CC2,0x4002700e,0x00e,16,1,#,reference,evt(ch32l103.h)
CH32L103,USBPD,USBPD,DMA,0x40027010,0x010,16,1,#,confirmed,evt(ch32l103.h)+rm-address(CH32L103RM.PDF)
CH32L103,USBPD,USBPD,USBPD_DMA,0x40027010,0x010,32,1,#,reference,evt(ch32l103.h)
CH32L103,USBFSD,USBFSD,BASE_CTRL,0x50000000,0x000,8,1,#,reference,evt(ch32l103.h)
CH32L103,USBFSH,USBFSH,BASE_CTRL,0x50000000,0x000,8,1,#,reference,evt(ch32l103.h)
CH32L103,USBFSD,USBFSD,UDEV_CTRL,0x50000001,0x001,8,1,#,reference,evt(ch32l103.h)
CH32L103,USBFSH,USBFSH,HOST_CTRL,0x50000001,0x001,8,1,#,reference,evt(ch32l103.h)
CH32L103,USBFSD,USBFSD,INT_EN,0x50000002,0x002,8,1,#,reference,evt(ch32l103.h)
CH32L103,USBFSH,USBFSH,INT_EN,0x50000002,0x002,8,1,#,reference,evt(ch32l103.h)
CH32L103,USBFSD,USBFSD,DEV_ADDR,0x50000003,0x003,8,1,#,reference,evt(ch32l103.h)
CH32L103,USBFSH,USBFSH,DEV_ADDR,0x50000003,0x003,8,1,#,reference,evt(ch32l103.h)
CH32L103,USBFSD,USBFSD,Reserve0,0x50000004,0x004,8,1,#,reference,evt(ch32l103.h)
CH32L103,USBFSH,USBFSH,Reserve0,0x50000004,0x004,8,1,#,reference,evt(ch32l103.h)
CH32L103,USBFSD,USBFSD,MIS_ST,0x50000005,0x005,8,1,#,reference,evt(ch32l103.h)
CH32L103,USBFSH,USBFSH,MIS_ST,0x50000005,0x005,8,1,#,reference,evt(ch32l103.h)
CH32L103,USBFSD,USBFSD,INT_FG,0x50000006,0x006,8,1,#,reference,evt(ch32l103.h)
CH32L103,USBFSH,USBFSH,INT_FG,0x50000006,0x006,8,1,#,reference,evt(ch32l103.h)
CH32L103,USBFSD,USBFSD,INT_ST,0x50000007,0x007,8,1,#,reference,evt(ch32l103.h)
CH32L103,USBFSH,USBFSH,INT_ST,0x50000007,0x007,8,1,#,reference,evt(ch32l103.h)
CH32L103,USBFSD,USBFSD,RX_LEN,0x50000008,0x008,32,1,#,reference,evt(ch32l103.h)
CH32L103,USBFSH,USBFSH,RX_LEN,0x50000008,0x008,16,1,#,reference,evt(ch32l103.h)
CH32L103,USBFSH,USBFSH,Reserve1,0x5000000a,0x00a,16,1,#,reference,evt(ch32l103.h)
CH32L103,USBFSD,USBFSD,UEP4_1_MOD,0x5000000c,0x00c,8,1,#,reference,evt(ch32l103.h)
CH32L103,USBFSH,USBFSH,Reserve2,0x5000000c,0x00c,8,1,#,reference,evt(ch32l103.h)
CH32L103,USBFSD,USBFSD,UEP2_3_MOD,0x5000000d,0x00d,8,1,#,reference,evt(ch32l103.h)
CH32L103,USBFSH,USBFSH,HOST_EP_MOD,0x5000000d,0x00d,8,1,#,reference,evt(ch32l103.h)
CH32L103,USBFSD,USBFSD,UEP5_6_MOD,0x5000000e,0x00e,8,1,#,reference,evt(ch32l103.h)
CH32L103,USBFSH,USBFSH,Reserve3,0x5000000e,0x00e,16,1,#,reference,evt(ch32l103.h)
CH32L103,USBFSD,USBFSD,UEP7_MOD,0x5000000f,0x00f,8,1,#,reference,evt(ch32l103.h)
CH32L103,USBFSD,USBFSD,UEP0_DMA,0x50000010,0x010,32,1,#,reference,evt(ch32l103.h)
CH32L103,USBFSH,USBFSH,Reserve4,0x50000010,0x010,32,1,#,reference,evt(ch32l103.h)
CH32L103,USBFSD,USBFSD,UEP1_DMA,0x50000014,0x014,32,1,#,reference,evt(ch32l103.h)
CH32L103,USBFSH,USBFSH,Reserve5,0x50000014,0x014,32,1,#,reference,evt(ch32l103.h)
CH32L103,USBFSD,USBFSD,UEP2_DMA,0x50000018,0x018,32,1,#,reference,evt(ch32l103.h)
CH32L103,USBFSH,USBFSH,HOST_RX_DMA,0x50000018,0x018,32,1,#,reference,evt(ch32l103.h)
CH32L103,USBFSD,USBFSD,UEP3_DMA,0x5000001c,0x01c,32,1,#,reference,evt(ch32l103.h)
CH32L103,USBFSH,USBFSH,HOST_TX_DMA,0x5000001c,0x01c,32,1,#,reference,evt(ch32l103.h)
CH32L103,USBFSD,USBFSD,UEP4_DMA,0x50000020,0x020,32,1,#,reference,evt(ch32l103.h)
CH32L103,USBFSH,USBFSH,Reserve6,0x50000020,0x020,32,1,#,reference,evt(ch32l103.h)
CH32L103,USBFSD,USBFSD,UEP5_DMA,0x50000024,0x024,32,1,#,reference,evt(ch32l103.h)
CH32L103,USBFSH,USBFSH,Reserve7,0x50000024,0x024,32,1,#,reference,evt(ch32l103.h)
CH32L103,USBFSD,USBFSD,UEP6_DMA,0x50000028,0x028,32,1,#,reference,evt(ch32l103.h)
CH32L103,USBFSH,USBFSH,Reserve8,0x50000028,0x028,32,1,#,reference,evt(ch32l103.h)
CH32L103,USBFSD,USBFSD,UEP7_DMA,0x5000002c,0x02c,32,1,#,reference,evt(ch32l103.h)
CH32L103,USBFSH,USBFSH,Reserve9,0x5000002c,0x02c,32,1,#,reference,evt(ch32l103.h)
CH32L103,USBFSD,USBFSD,UEP0_TX_LEN,0x50000030,0x030,16,1,#,reference,evt(ch32l103.h)
CH32L103,USBFSH,USBFSH,Reserve10,0x50000030,0x030,32,1,#,reference,evt(ch32l103.h)
CH32L103,USBFSD,USBFSD,UEP0_CTRL,0x50000032,0x032,16,1,#,reference,evt(ch32l103.h)
CH32L103,USBFSD,USBFSD,UEP0_TX_CTRL,0x50000034,0x034,8,1,#,reference,evt(ch32l103.h)
CH32L103,USBFSH,USBFSH,Reserve11,0x50000034,0x034,16,1,#,reference,evt(ch32l103.h)
CH32L103,USBFSD,USBFSD,UEP0_RX_CTRL,0x50000035,0x035,8,1,#,reference,evt(ch32l103.h)
CH32L103,USBFSD,USBFSD,UEP1_TX_LEN,0x50000036,0x036,16,1,#,reference,evt(ch32l103.h)
CH32L103,USBFSH,USBFSH,HOST_SETUP,0x50000036,0x036,16,1,#,reference,evt(ch32l103.h)
CH32L103,USBFSD,USBFSD,UEP1_CTRL,0x50000038,0x038,16,1,#,reference,evt(ch32l103.h)
CH32L103,USBFSH,USBFSH,HOST_EP_PID,0x50000038,0x038,8,1,#,reference,evt(ch32l103.h)
CH32L103,USBFSH,USBFSH,Reserve12,0x50000039,0x039,8,1,#,reference,evt(ch32l103.h)
CH32L103,USBFSD,USBFSD,UEP1_TX_CTRL,0x5000003a,0x03a,8,1,#,reference,evt(ch32l103.h)
CH32L103,USBFSH,USBFSH,Reserve13,0x5000003a,0x03a,8,1,#,reference,evt(ch32l103.h)
CH32L103,USBFSD,USBFSD,UEP1_RX_CTRL,0x5000003b,0x03b,8,1,#,reference,evt(ch32l103.h)
CH32L103,USBFSH,USBFSH,HOST_RX_CTRL,0x5000003b,0x03b,8,1,#,reference,evt(ch32l103.h)
CH32L103,USBFSD,USBFSD,UEP2_TX_LEN,0x5000003c,0x03c,16,1,#,reference,evt(ch32l103.h)
CH32L103,USBFSH,USBFSH,HOST_TX_LEN,0x5000003c,0x03c,16,1,#,reference,evt(ch32l103.h)
CH32L103,USBFSD,USBFSD,UEP2_CTRL,0x5000003e,0x03e,16,1,#,reference,evt(ch32l103.h)
CH32L103,USBFSH,USBFSH,HOST_TX_CTRL,0x5000003e,0x03e,8,1,#,reference,evt(ch32l103.h)
CH32L103,USBFSH,USBFSH,Reserve14,0x5000003f,0x03f,8,1,#,reference,evt(ch32l103.h)
CH32L103,USBFSD,USBFSD,UEP2_TX_CTRL,0x50000040,0x040,8,1,#,reference,evt(ch32l103.h)
CH32L103,USBFSH,USBFSH,Reserve15,0x50000040,0x040,32,1,#,reference,evt(ch32l103.h)
CH32L103,USBFSD,USBFSD,UEP2_RX_CTRL,0x50000041,0x041,8,1,#,reference,evt(ch32l103.h)
CH32L103,USBFSD,USBFSD,UEP3_TX_LEN,0x50000042,0x042,16,1,#,reference,evt(ch32l103.h)
CH32L103,USBFSD,USBFSD,UEP3_CTRL,0x50000044,0x044,16,1,#,reference,evt(ch32l103.h)
CH32L103,USBFSH,USBFSH,Reserve16,0x50000044,0x044,32,1,#,reference,evt(ch32l103.h)
CH32L103,USBFSD,USBFSD,UEP3_TX_CTRL,0x50000046,0x046,8,1,#,reference,evt(ch32l103.h)
CH32L103,USBFSD,USBFSD,UEP3_RX_CTRL,0x50000047,0x047,8,1,#,reference,evt(ch32l103.h)
CH32L103,USBFSD,USBFSD,UEP4_TX_LEN,0x50000048,0x048,16,1,#,reference,evt(ch32l103.h)
CH32L103,USBFSH,USBFSH,Reserve17,0x50000048,0x048,32,1,#,reference,evt(ch32l103.h)
CH32L103,USBFSD,USBFSD,UEP4_CTRL,0x5000004a,0x04a,16,1,#,reference,evt(ch32l103.h)
CH32L103,USBFSD,USBFSD,UEP4_TX_CTRL,0x5000004c,0x04c,8,1,#,reference,evt(ch32l103.h)
CH32L103,USBFSH,USBFSH,Reserve18,0x5000004c,0x04c,32,1,#,reference,evt(ch32l103.h)
CH32L103,USBFSD,USBFSD,UEP4_RX_CTRL,0x5000004d,0x04d,8,1,#,reference,evt(ch32l103.h)
CH32L103,USBFSD,USBFSD,UEP5_TX_LEN,0x5000004e,0x04e,16,1,#,reference,evt(ch32l103.h)
CH32L103,USBFSD,USBFSD,UEP5_CTRL,0x50000050,0x050,16,1,#,reference,evt(ch32l103.h)
CH32L103,USBFSH,USBFSH,Reserve19,0x50000050,0x050,32,1,#,reference,evt(ch32l103.h)
CH32L103,USBFSD,USBFSD,UEP5_TX_CTRL,0x50000052,0x052,8,1,#,reference,evt(ch32l103.h)
CH32L103,USBFSD,USBFSD,UEP5_RX_CTRL,0x50000053,0x053,8,1,#,reference,evt(ch32l103.h)
CH32L103,USBFSD,USBFSD,UEP6_TX_LEN,0x50000054,0x054,16,1,#,reference,evt(ch32l103.h)
CH32L103,USBFSH,USBFSH,OTG_CR,0x50000054,0x054,32,1,#,reference,evt(ch32l103.h)
CH32L103,USBFSD,USBFSD,UEP6_CTRL,0x50000056,0x056,16,1,#,reference,evt(ch32l103.h)
CH32L103,USBFSD,USBFSD,UEP6_TX_CTRL,0x50000058,0x058,8,1,#,reference,evt(ch32l103.h)
CH32L103,USBFSH,USBFSH,OTG_SR,0x50000058,0x058,32,1,#,reference,evt(ch32l103.h)
CH32L103,USBFSD,USBFSD,UEP6_RX_CTRL,0x50000059,0x059,8,1,#,reference,evt(ch32l103.h)
CH32L103,USBFSD,USBFSD,UEP7_TX_LEN,0x5000005a,0x05a,16,1,#,reference,evt(ch32l103.h)
CH32L103,USBFSD,USBFSD,UEP7_CTRL,0x5000005c,0x05c,16,1,#,reference,evt(ch32l103.h)
CH32L103,USBFSD,USBFSD,UEP7_TX_CTRL,0x5000005e,0x05e,8,1,#,reference,evt(ch32l103.h)
CH32L103,USBFSD,USBFSD,UEP7_RX_CTRL,0x5000005f,0x05f,8,1,#,reference,evt(ch32l103.h)
CH32L103,USBFSD,USBFSD,Reserve1,0x50000060,0x060,32,1,#,reference,evt(ch32l103.h)
CH32L103,USBFSD,USBFSD,OTG_CR,0x50000064,0x064,32,1,#,reference,evt(ch32l103.h)
CH32L103,USBFSD,USBFSD,OTG_SR,0x50000068,0x068,32,1,#,reference,evt(ch32l103.h)
CH32M030,OB,OB,RDPR,0x1ffff300,0x000,16,1,#,reference,evt(ch32m030.h)
CH32M030,OB,OB,USER,0x1ffff302,0x002,16,1,#,reference,evt(ch32m030.h)
CH32M030,OB,OB,Data0,0x1ffff304,0x004,16,1,#,reference,evt(ch32m030.h)
CH32M030,OB,OB,Data1,0x1ffff306,0x006,16,1,#,reference,evt(ch32m030.h)
CH32M030,OB,OB,WRPR0,0x1ffff308,0x008,16,1,#,reference,evt(ch32m030.h)
CH32M030,OB,OB,WRPR1,0x1ffff30a,0x00a,16,1,#,reference,evt(ch32m030.h)
CH32M030,OB,OB,WRPR2,0x1ffff30c,0x00c,16,1,#,reference,evt(ch32m030.h)
CH32M030,OB,OB,WRPR3,0x1ffff30e,0x00e,16,1,#,reference,evt(ch32m030.h)
CH32M030,TIM2,TIM,CTLR1,0x40000000,0x000,16,1,#,confirmed,evt(ch32m030.h)+rm(CH32M030RM.PDF)+rm-address(CH32M030RM.PDF)
CH32M030,TIM2,TIM,CTLR2,0x40000004,0x004,16,1,#,confirmed,evt(ch32m030.h)+rm(CH32M030RM.PDF)+rm-address(CH32M030RM.PDF)
CH32M030,TIM2,TIM,SMCFGR,0x40000008,0x008,16,1,#,confirmed,evt(ch32m030.h)+rm(CH32M030RM.PDF)+rm-address(CH32M030RM.PDF)
CH32M030,TIM2,TIM,DMAINTENR,0x4000000c,0x00c,16,1,#,confirmed,evt(ch32m030.h)+rm(CH32M030RM.PDF)+rm-address(CH32M030RM.PDF)
CH32M030,TIM2,TIM,INTFR,0x40000010,0x010,16,1,#,confirmed,evt(ch32m030.h)+rm(CH32M030RM.PDF)+rm-address(CH32M030RM.PDF)
CH32M030,TIM2,TIM,SWEVGR,0x40000014,0x014,16,1,#,confirmed,evt(ch32m030.h)+rm(CH32M030RM.PDF)+rm-address(CH32M030RM.PDF)
CH32M030,TIM2,TIM,CHCTLR1,0x40000018,0x018,16,1,#,confirmed,evt(ch32m030.h)+rm(CH32M030RM.PDF)+rm-address(CH32M030RM.PDF)
CH32M030,TIM2,TIM,CHCTLR2,0x4000001c,0x01c,16,1,#,confirmed,evt(ch32m030.h)+rm(CH32M030RM.PDF)+rm-address(CH32M030RM.PDF)
CH32M030,TIM2,TIM,CCER,0x40000020,0x020,16,1,#,confirmed,evt(ch32m030.h)+rm(CH32M030RM.PDF)+rm-address(CH32M030RM.PDF)
CH32M030,TIM2,TIM,CNT,0x40000024,0x024,16,1,#,confirmed,evt(ch32m030.h)+rm(CH32M030RM.PDF)+rm-address(CH32M030RM.PDF)
CH32M030,TIM2,TIM,PSC,0x40000028,0x028,16,1,#,confirmed,evt(ch32m030.h)+rm(CH32M030RM.PDF)+rm-address(CH32M030RM.PDF)
CH32M030,TIM2,TIM,ATRLR,0x4000002c,0x02c,16,1,#,confirmed,evt(ch32m030.h)+rm(CH32M030RM.PDF)+rm-address(CH32M030RM.PDF)
CH32M030,TIM2,TIM,RPTCR,0x40000030,0x030,16,1,#,confirmed,evt(ch32m030.h)+rm(CH32M030RM.PDF)+rm-address(CH32M030RM.PDF)
CH32M030,TIM2,TIM,CH1CVR,0x40000034,0x034,32,1,#,confirmed,evt(ch32m030.h)+rm(CH32M030RM.PDF)+rm-address(CH32M030RM.PDF)
CH32M030,TIM2,TIM,CH2CVR,0x40000038,0x038,32,1,#,confirmed,evt(ch32m030.h)+rm(CH32M030RM.PDF)+rm-address(CH32M030RM.PDF)
CH32M030,TIM2,TIM,CH3CVR,0x4000003c,0x03c,32,1,#,confirmed,evt(ch32m030.h)+rm(CH32M030RM.PDF)+rm-address(CH32M030RM.PDF)
CH32M030,TIM2,TIM,CH4CVR,0x40000040,0x040,32,1,#,confirmed,evt(ch32m030.h)+rm(CH32M030RM.PDF)+rm-address(CH32M030RM.PDF)
CH32M030,TIM2,TIM,BDTR,0x40000044,0x044,16,1,#,confirmed,evt(ch32m030.h)+rm(CH32M030RM.PDF)+rm-address(CH32M030RM.PDF)
CH32M030,TIM2,TIM,TIM2_DTCR,0x40000044,0x044,16,1,#,confirmed,evt(ch32m030.h)+rm-address(CH32M030RM.PDF)
CH32M030,TIM2,TIM,DMACFGR,0x40000048,0x048,16,1,#,confirmed,evt(ch32m030.h)+rm(CH32M030RM.PDF)+rm-address(CH32M030RM.PDF)
CH32M030,TIM2,TIM,DMAADR,0x4000004c,0x04c,16,1,#,confirmed,evt(ch32m030.h)+rm(CH32M030RM.PDF)+rm-address(CH32M030RM.PDF)
CH32M030,TIM2,TIM,TIM1_AUX1,0x40000050,0x050,16,1,#,confirmed,evt(ch32m030.h)+rm-address(CH32M030RM.PDF)
CH32M030,TIM2,TIM,TIM1_AUX2,0x40000054,0x054,16,1,#,confirmed,evt(ch32m030.h)+rm-address(CH32M030RM.PDF)
CH32M030,TIM2,TIM,TIM1_CH5CVR,0x40000058,0x058,16,1,#,confirmed,evt(ch32m030.h)+rm-address(CH32M030RM.PDF)
CH32M030,TIM2,TIM,TIM1_CH6CVR,0x4000005c,0x05c,16,1,#,confirmed,evt(ch32m030.h)+rm-address(CH32M030RM.PDF)
CH32M030,TIM2,TIM,TIM1_CH7CVR,0x40000060,0x060,16,1,#,confirmed,evt(ch32m030.h)+rm-address(CH32M030RM.PDF)
CH32M030,TIM2,TIM,TIM1_CH8CVR,0x40000064,0x064,16,1,#,confirmed,evt(ch32m030.h)+rm-address(CH32M030RM.PDF)
CH32M030,TIM3,TIM,CTLR1,0x40000400,0x000,16,1,#,confirmed,evt(ch32m030.h)+rm(CH32M030RM.PDF)+rm-address(CH32M030RM.PDF)
CH32M030,TIM3,TIM,CTLR2,0x40000404,0x004,16,1,#,confirmed,evt(ch32m030.h)+rm(CH32M030RM.PDF)+rm-address(CH32M030RM.PDF)
CH32M030,TIM3,TIM,SMCFGR,0x40000408,0x008,16,1,#,confirmed,evt(ch32m030.h)+rm(CH32M030RM.PDF)+rm-address(CH32M030RM.PDF)
CH32M030,TIM3,TIM,DMAINTENR,0x4000040c,0x00c,16,1,#,confirmed,evt(ch32m030.h)+rm(CH32M030RM.PDF)+rm-address(CH32M030RM.PDF)
CH32M030,TIM3,TIM,INTFR,0x40000410,0x010,16,1,#,confirmed,evt(ch32m030.h)+rm(CH32M030RM.PDF)+rm-address(CH32M030RM.PDF)
CH32M030,TIM3,TIM,SWEVGR,0x40000414,0x014,16,1,#,confirmed,evt(ch32m030.h)+rm(CH32M030RM.PDF)+rm-address(CH32M030RM.PDF)
CH32M030,TIM3,TIM,CHCTLR1,0x40000418,0x018,16,1,#,confirmed,evt(ch32m030.h)+rm(CH32M030RM.PDF)+rm-address(CH32M030RM.PDF)
CH32M030,TIM3,TIM,CHCTLR2,0x4000041c,0x01c,16,1,#,confirmed,evt(ch32m030.h)+rm(CH32M030RM.PDF)+rm-address(CH32M030RM.PDF)
CH32M030,TIM3,TIM,CCER,0x40000420,0x020,16,1,#,confirmed,evt(ch32m030.h)+rm(CH32M030RM.PDF)+rm-address(CH32M030RM.PDF)
CH32M030,TIM3,TIM,CNT,0x40000424,0x024,16,1,#,confirmed,evt(ch32m030.h)+rm(CH32M030RM.PDF)+rm-address(CH32M030RM.PDF)
CH32M030,TIM3,TIM,PSC,0x40000428,0x028,16,1,#,confirmed,evt(ch32m030.h)+rm(CH32M030RM.PDF)+rm-address(CH32M030RM.PDF)
CH32M030,TIM3,TIM,ATRLR,0x4000042c,0x02c,16,1,#,confirmed,evt(ch32m030.h)+rm(CH32M030RM.PDF)+rm-address(CH32M030RM.PDF)
CH32M030,TIM3,TIM,RPTCR,0x40000430,0x030,16,1,#,confirmed,evt(ch32m030.h)+rm(CH32M030RM.PDF)+rm-address(CH32M030RM.PDF)
CH32M030,TIM3,TIM,CH1CVR,0x40000434,0x034,32,1,#,confirmed,evt(ch32m030.h)+rm(CH32M030RM.PDF)+rm-address(CH32M030RM.PDF)
CH32M030,TIM3,TIM,CH2CVR,0x40000438,0x038,32,1,#,confirmed,evt(ch32m030.h)+rm(CH32M030RM.PDF)+rm-address(CH32M030RM.PDF)
CH32M030,TIM3,TIM,CH3CVR,0x4000043c,0x03c,32,1,#,confirmed,evt(ch32m030.h)+rm(CH32M030RM.PDF)+rm-address(CH32M030RM.PDF)
CH32M030,TIM3,TIM,CH4CVR,0x40000440,0x040,32,1,#,confirmed,evt(ch32m030.h)+rm(CH32M030RM.PDF)+rm-address(CH32M030RM.PDF)
CH32M030,TIM3,TIM,BDTR,0x40000444,0x044,16,1,#,confirmed,evt(ch32m030.h)+rm(CH32M030RM.PDF)+rm-address(CH32M030RM.PDF)
CH32M030,TIM3,TIM,TIM2_DTCR,0x40000444,0x044,16,1,#,confirmed,evt(ch32m030.h)+rm-address(CH32M030RM.PDF)
CH32M030,TIM3,TIM,DMACFGR,0x40000448,0x048,16,1,#,confirmed,evt(ch32m030.h)+rm(CH32M030RM.PDF)+rm-address(CH32M030RM.PDF)
CH32M030,TIM3,TIM,DMAADR,0x4000044c,0x04c,16,1,#,confirmed,evt(ch32m030.h)+rm(CH32M030RM.PDF)+rm-address(CH32M030RM.PDF)
CH32M030,TIM3,TIM,TIM1_AUX1,0x40000450,0x050,16,1,#,confirmed,evt(ch32m030.h)+rm-address(CH32M030RM.PDF)
CH32M030,TIM3,TIM,TIM1_AUX2,0x40000454,0x054,16,1,#,confirmed,evt(ch32m030.h)+rm-address(CH32M030RM.PDF)
CH32M030,TIM3,TIM,TIM1_CH5CVR,0x40000458,0x058,16,1,#,confirmed,evt(ch32m030.h)+rm-address(CH32M030RM.PDF)
CH32M030,TIM3,TIM,TIM1_CH6CVR,0x4000045c,0x05c,16,1,#,confirmed,evt(ch32m030.h)+rm-address(CH32M030RM.PDF)
CH32M030,TIM3,TIM,TIM1_CH7CVR,0x40000460,0x060,16,1,#,confirmed,evt(ch32m030.h)+rm-address(CH32M030RM.PDF)
CH32M030,TIM3,TIM,TIM1_CH8CVR,0x40000464,0x064,16,1,#,confirmed,evt(ch32m030.h)+rm-address(CH32M030RM.PDF)
CH32M030,WWDG,WWDG,CTLR,0x40002c00,0x000,32,1,#,confirmed,evt(ch32m030.h)+rm(CH32M030RM.PDF)+rm-address(CH32M030RM.PDF)
CH32M030,WWDG,WWDG,CFGR,0x40002c04,0x004,32,1,#,confirmed,evt(ch32m030.h)+rm(CH32M030RM.PDF)+rm-address(CH32M030RM.PDF)
CH32M030,WWDG,WWDG,STATR,0x40002c08,0x008,32,1,#,confirmed,evt(ch32m030.h)+rm(CH32M030RM.PDF)+rm-address(CH32M030RM.PDF)
CH32M030,I2C1,I2C,CTLR1,0x40005400,0x000,16,1,#,confirmed,evt(ch32m030.h)+rm(CH32M030RM.PDF)+rm-address(CH32M030RM.PDF)
CH32M030,I2C1,I2C,CTLR2,0x40005404,0x004,16,1,#,confirmed,evt(ch32m030.h)+rm(CH32M030RM.PDF)+rm-address(CH32M030RM.PDF)
CH32M030,I2C1,I2C,OADDR1,0x40005408,0x008,16,1,#,confirmed,evt(ch32m030.h)+rm(CH32M030RM.PDF)+rm-address(CH32M030RM.PDF)
CH32M030,I2C1,I2C,OADDR2,0x4000540c,0x00c,16,1,#,confirmed,evt(ch32m030.h)+rm(CH32M030RM.PDF)+rm-address(CH32M030RM.PDF)
CH32M030,I2C1,I2C,DATAR,0x40005410,0x010,16,1,#,confirmed,evt(ch32m030.h)+rm-address(CH32M030RM.PDF)
CH32M030,I2C1,I2C,STAR1,0x40005414,0x014,16,1,#,confirmed,evt(ch32m030.h)+rm(CH32M030RM.PDF)+rm-address(CH32M030RM.PDF)
CH32M030,I2C1,I2C,STAR2,0x40005418,0x018,16,1,#,confirmed,evt(ch32m030.h)+rm(CH32M030RM.PDF)+rm-address(CH32M030RM.PDF)
CH32M030,I2C1,I2C,CKCFGR,0x4000541c,0x01c,16,1,#,confirmed,evt(ch32m030.h)+rm(CH32M030RM.PDF)+rm-address(CH32M030RM.PDF)
CH32M030,PWR,PWR,CTLR,0x40007000,0x000,32,1,#,confirmed,evt(ch32m030.h)+rm-address(CH32M030RM.PDF)
CH32M030,PWR,PWR,AWUCSR,0x40007008,0x008,32,1,#,confirmed,evt(ch32m030.h)+rm(CH32M030RM.PDF)+rm-address(CH32M030RM.PDF)
CH32M030,PWR,PWR,AWUWR,0x4000700c,0x00c,32,1,#,confirmed,evt(ch32m030.h)+rm(CH32M030RM.PDF)+rm-address(CH32M030RM.PDF)
CH32M030,AFIO,AFIO,PCFR1,0x40010004,0x004,32,1,#,reference,evt(ch32m030.h)+rm(CH32M030RM.PDF)
CH32M030,AFIO,AFIO,EXTICR,0x40010008,0x008,32,1,#,reference,evt(ch32m030.h)
CH32M030,EXTI,EXTI,INTENR,0x40010400,0x000,32,1,#,confirmed,evt(ch32m030.h)+rm(CH32M030RM.PDF)+rm-address(CH32M030RM.PDF)
CH32M030,EXTI,EXTI,EVENR,0x40010404,0x004,32,1,#,confirmed,evt(ch32m030.h)+rm(CH32M030RM.PDF)+rm-address(CH32M030RM.PDF)
CH32M030,EXTI,EXTI,RTENR,0x40010408,0x008,32,1,#,confirmed,evt(ch32m030.h)+rm(CH32M030RM.PDF)+rm-address(CH32M030RM.PDF)
CH32M030,EXTI,EXTI,FTENR,0x4001040c,0x00c,32,1,#,confirmed,evt(ch32m030.h)+rm(CH32M030RM.PDF)+rm-address(CH32M030RM.PDF)
CH32M030,EXTI,EXTI,SWIEVR,0x40010410,0x010,32,1,#,confirmed,evt(ch32m030.h)+rm(CH32M030RM.PDF)+rm-address(CH32M030RM.PDF)
CH32M030,EXTI,EXTI,INTFR,0x40010414,0x014,32,1,#,confirmed,evt(ch32m030.h)+rm(CH32M030RM.PDF)+rm-address(CH32M030RM.PDF)
CH32M030,GPIOA,GPIO,CFGLR,0x40010800,0x000,32,1,#,confirmed,evt(ch32m030.h)+rm-address(CH32M030RM.PDF)
CH32M030,GPIOA,GPIO,CFGHR,0x40010804,0x004,32,1,#,confirmed,evt(ch32m030.h)+rm-address(CH32M030RM.PDF)
CH32M030,GPIOA,GPIO,INDR,0x40010808,0x008,32,1,#,confirmed,evt(ch32m030.h)+rm(CH32M030RM.PDF)+rm-address(CH32M030RM.PDF)
CH32M030,GPIOA,GPIO,OUTDR,0x4001080c,0x00c,32,1,#,confirmed,evt(ch32m030.h)+rm(CH32M030RM.PDF)+rm-address(CH32M030RM.PDF)
CH32M030,GPIOA,GPIO,BSHR,0x40010810,0x010,32,1,#,confirmed,evt(ch32m030.h)+rm(CH32M030RM.PDF)+rm-address(CH32M030RM.PDF)
CH32M030,GPIOA,GPIO,BCR,0x40010814,0x014,32,1,#,confirmed,evt(ch32m030.h)+rm(CH32M030RM.PDF)+rm-address(CH32M030RM.PDF)
CH32M030,GPIOA,GPIO,LCKR,0x40010818,0x018,32,1,#,confirmed,evt(ch32m030.h)+rm(CH32M030RM.PDF)+rm-address(CH32M030RM.PDF)
CH32M030,GPIOB,GPIO,CFGLR,0x40010c00,0x000,32,1,#,confirmed,evt(ch32m030.h)+rm-address(CH32M030RM.PDF)
CH32M030,GPIOB,GPIO,CFGHR,0x40010c04,0x004,32,1,#,confirmed,evt(ch32m030.h)+rm-address(CH32M030RM.PDF)
CH32M030,GPIOB,GPIO,INDR,0x40010c08,0x008,32,1,#,confirmed,evt(ch32m030.h)+rm(CH32M030RM.PDF)+rm-address(CH32M030RM.PDF)
CH32M030,GPIOB,GPIO,OUTDR,0x40010c0c,0x00c,32,1,#,confirmed,evt(ch32m030.h)+rm(CH32M030RM.PDF)+rm-address(CH32M030RM.PDF)
CH32M030,GPIOB,GPIO,BSHR,0x40010c10,0x010,32,1,#,confirmed,evt(ch32m030.h)+rm(CH32M030RM.PDF)+rm-address(CH32M030RM.PDF)
CH32M030,GPIOB,GPIO,BCR,0x40010c14,0x014,32,1,#,confirmed,evt(ch32m030.h)+rm(CH32M030RM.PDF)+rm-address(CH32M030RM.PDF)
CH32M030,GPIOB,GPIO,LCKR,0x40010c18,0x018,32,1,#,confirmed,evt(ch32m030.h)+rm(CH32M030RM.PDF)+rm-address(CH32M030RM.PDF)
CH32M030,GPIOC,GPIO,CFGLR,0x40011000,0x000,32,1,#,confirmed,evt(ch32m030.h)+rm-address(CH32M030RM.PDF)
CH32M030,GPIOC,GPIO,CFGHR,0x40011004,0x004,32,1,#,confirmed,evt(ch32m030.h)+rm-address(CH32M030RM.PDF)
CH32M030,GPIOC,GPIO,INDR,0x40011008,0x008,32,1,#,confirmed,evt(ch32m030.h)+rm(CH32M030RM.PDF)+rm-address(CH32M030RM.PDF)
CH32M030,GPIOC,GPIO,OUTDR,0x4001100c,0x00c,32,1,#,confirmed,evt(ch32m030.h)+rm(CH32M030RM.PDF)+rm-address(CH32M030RM.PDF)
CH32M030,GPIOC,GPIO,BSHR,0x40011010,0x010,32,1,#,confirmed,evt(ch32m030.h)+rm(CH32M030RM.PDF)+rm-address(CH32M030RM.PDF)
CH32M030,GPIOC,GPIO,BCR,0x40011014,0x014,32,1,#,confirmed,evt(ch32m030.h)+rm(CH32M030RM.PDF)+rm-address(CH32M030RM.PDF)
CH32M030,GPIOC,GPIO,LCKR,0x40011018,0x018,32,1,#,confirmed,evt(ch32m030.h)+rm(CH32M030RM.PDF)+rm-address(CH32M030RM.PDF)
CH32M030,ADC1,ADC,STATR,0x40012400,0x000,32,1,#,confirmed,evt(ch32m030.h)+rm(CH32M030RM.PDF)+rm-address(CH32M030RM.PDF)
CH32M030,ADC1,ADC,CTLR1,0x40012404,0x004,32,1,#,confirmed,evt(ch32m030.h)+rm(CH32M030RM.PDF)+rm-address(CH32M030RM.PDF)
CH32M030,ADC1,ADC,CTLR2,0x40012408,0x008,32,1,#,confirmed,evt(ch32m030.h)+rm(CH32M030RM.PDF)+rm-address(CH32M030RM.PDF)
CH32M030,ADC1,ADC,SAMPTR1,0x4001240c,0x00c,32,1,#,confirmed,evt(ch32m030.h)+rm(CH32M030RM.PDF)+rm-address(CH32M030RM.PDF)
CH32M030,ADC1,ADC,SAMPTR2,0x40012410,0x010,32,1,#,confirmed,evt(ch32m030.h)+rm(CH32M030RM.PDF)+rm-address(CH32M030RM.PDF)
CH32M030,ADC1,ADC,IOFR1,0x40012414,0x014,32,1,#,confirmed,evt(ch32m030.h)+rm-address(CH32M030RM.PDF)
CH32M030,ADC1,ADC,IOFR2,0x40012418,0x018,32,1,#,confirmed,evt(ch32m030.h)+rm-address(CH32M030RM.PDF)
CH32M030,ADC1,ADC,IOFR3,0x4001241c,0x01c,32,1,#,confirmed,evt(ch32m030.h)+rm-address(CH32M030RM.PDF)
CH32M030,ADC1,ADC,IOFR4,0x40012420,0x020,32,1,#,confirmed,evt(ch32m030.h)+rm-address(CH32M030RM.PDF)
CH32M030,ADC1,ADC,WDHTR,0x40012424,0x024,32,1,#,confirmed,evt(ch32m030.h)+rm(CH32M030RM.PDF)+rm-address(CH32M030RM.PDF)
CH32M030,ADC1,ADC,WDLTR,0x40012428,0x028,32,1,#,confirmed,evt(ch32m030.h)+rm(CH32M030RM.PDF)+rm-address(CH32M030RM.PDF)
CH32M030,ADC1,ADC,RSQR1,0x4001242c,0x02c,32,1,#,confirmed,evt(ch32m030.h)+rm(CH32M030RM.PDF)+rm-address(CH32M030RM.PDF)
CH32M030,ADC1,ADC,RSQR2,0x40012430,0x030,32,1,#,confirmed,evt(ch32m030.h)+rm(CH32M030RM.PDF)+rm-address(CH32M030RM.PDF)
CH32M030,ADC1,ADC,RSQR3,0x40012434,0x034,32,1,#,confirmed,evt(ch32m030.h)+rm(CH32M030RM.PDF)+rm-address(CH32M030RM.PDF)
CH32M030,ADC1,ADC,ISQR,0x40012438,0x038,32,1,#,confirmed,evt(ch32m030.h)+rm(CH32M030RM.PDF)+rm-address(CH32M030RM.PDF)
CH32M030,ADC1,ADC,IDATAR1,0x4001243c,0x03c,32,1,#,confirmed,evt(ch32m030.h)+rm-address(CH32M030RM.PDF)
CH32M030,ADC1,ADC,IDATAR2,0x40012440,0x040,32,1,#,confirmed,evt(ch32m030.h)+rm-address(CH32M030RM.PDF)
CH32M030,ADC1,ADC,IDATAR3,0x40012444,0x044,32,1,#,confirmed,evt(ch32m030.h)+rm-address(CH32M030RM.PDF)
CH32M030,ADC1,ADC,IDATAR4,0x40012448,0x048,32,1,#,confirmed,evt(ch32m030.h)+rm-address(CH32M030RM.PDF)
CH32M030,ADC1,ADC,RDATAR,0x4001244c,0x04c,32,1,#,confirmed,evt(ch32m030.h)+rm(CH32M030RM.PDF)+rm-address(CH32M030RM.PDF)
CH32M030,ADC1,ADC,CTLR3,0x40012450,0x050,32,1,#,confirmed,evt(ch32m030.h)+rm(CH32M030RM.PDF)+rm-address(CH32M030RM.PDF)
CH32M030,ADC1,ADC,WDTR1,0x40012454,0x054,32,1,#,confirmed,evt(ch32m030.h)+rm(CH32M030RM.PDF)+rm-address(CH32M030RM.PDF)
CH32M030,ADC1,ADC,WDTR2,0x40012458,0x058,32,1,#,confirmed,evt(ch32m030.h)+rm(CH32M030RM.PDF)+rm-address(CH32M030RM.PDF)
CH32M030,ADC1,ADC,AVGTR,0x4001245c,0x05c,32,1,#,reference,evt(ch32m030.h)
CH32M030,ADC1,ADC,DLYR,0x40012460,0x060,32,1,#,confirmed,evt(ch32m030.h)+rm(CH32M030RM.PDF)+rm-address(CH32M030RM.PDF)
CH32M030,ADC1,ADC,AVGDR,0x40012464,0x064,32,1,#,reference,evt(ch32m030.h)
CH32M030,ADC1,ADC,RDATAR2,0x40012468,0x068,32,1,#,confirmed,evt(ch32m030.h)+rm-address(CH32M030RM.PDF)
CH32M030,ADC1,ADC,RDATAR3,0x4001246c,0x06c,32,1,#,confirmed,evt(ch32m030.h)+rm-address(CH32M030RM.PDF)
CH32M030,ADC1,ADC,RDATAR4,0x40012470,0x070,32,1,#,confirmed,evt(ch32m030.h)+rm-address(CH32M030RM.PDF)
CH32M030,TIM1,TIM,CTLR1,0x40012c00,0x000,16,1,#,confirmed,evt(ch32m030.h)+rm(CH32M030RM.PDF)+rm-address(CH32M030RM.PDF)
CH32M030,TIM1,TIM,CTLR2,0x40012c04,0x004,16,1,#,confirmed,evt(ch32m030.h)+rm(CH32M030RM.PDF)+rm-address(CH32M030RM.PDF)
CH32M030,TIM1,TIM,SMCFGR,0x40012c08,0x008,16,1,#,confirmed,evt(ch32m030.h)+rm(CH32M030RM.PDF)+rm-address(CH32M030RM.PDF)
CH32M030,TIM1,TIM,DMAINTENR,0x40012c0c,0x00c,16,1,#,confirmed,evt(ch32m030.h)+rm(CH32M030RM.PDF)+rm-address(CH32M030RM.PDF)
CH32M030,TIM1,TIM,INTFR,0x40012c10,0x010,16,1,#,confirmed,evt(ch32m030.h)+rm(CH32M030RM.PDF)+rm-address(CH32M030RM.PDF)
CH32M030,TIM1,TIM,SWEVGR,0x40012c14,0x014,16,1,#,confirmed,evt(ch32m030.h)+rm(CH32M030RM.PDF)+rm-address(CH32M030RM.PDF)
CH32M030,TIM1,TIM,CHCTLR1,0x40012c18,0x018,16,1,#,confirmed,evt(ch32m030.h)+rm(CH32M030RM.PDF)+rm-address(CH32M030RM.PDF)
CH32M030,TIM1,TIM,CHCTLR2,0x40012c1c,0x01c,16,1,#,confirmed,evt(ch32m030.h)+rm(CH32M030RM.PDF)+rm-address(CH32M030RM.PDF)
CH32M030,TIM1,TIM,CCER,0x40012c20,0x020,16,1,#,confirmed,evt(ch32m030.h)+rm(CH32M030RM.PDF)+rm-address(CH32M030RM.PDF)
CH32M030,TIM1,TIM,CNT,0x40012c24,0x024,16,1,#,confirmed,evt(ch32m030.h)+rm(CH32M030RM.PDF)+rm-address(CH32M030RM.PDF)
CH32M030,TIM1,TIM,PSC,0x40012c28,0x028,16,1,#,confirmed,evt(ch32m030.h)+rm(CH32M030RM.PDF)+rm-address(CH32M030RM.PDF)
CH32M030,TIM1,TIM,ATRLR,0x40012c2c,0x02c,16,1,#,confirmed,evt(ch32m030.h)+rm(CH32M030RM.PDF)+rm-address(CH32M030RM.PDF)
CH32M030,TIM1,TIM,RPTCR,0x40012c30,0x030,16,1,#,confirmed,evt(ch32m030.h)+rm(CH32M030RM.PDF)+rm-address(CH32M030RM.PDF)
CH32M030,TIM1,TIM,CH1CVR,0x40012c34,0x034,32,1,#,confirmed,evt(ch32m030.h)+rm(CH32M030RM.PDF)+rm-address(CH32M030RM.PDF)
CH32M030,TIM1,TIM,CH2CVR,0x40012c38,0x038,32,1,#,confirmed,evt(ch32m030.h)+rm(CH32M030RM.PDF)+rm-address(CH32M030RM.PDF)
CH32M030,TIM1,TIM,CH3CVR,0x40012c3c,0x03c,32,1,#,confirmed,evt(ch32m030.h)+rm(CH32M030RM.PDF)+rm-address(CH32M030RM.PDF)
CH32M030,TIM1,TIM,CH4CVR,0x40012c40,0x040,32,1,#,confirmed,evt(ch32m030.h)+rm(CH32M030RM.PDF)+rm-address(CH32M030RM.PDF)
CH32M030,TIM1,TIM,BDTR,0x40012c44,0x044,16,1,#,confirmed,evt(ch32m030.h)+rm(CH32M030RM.PDF)+rm-address(CH32M030RM.PDF)
CH32M030,TIM1,TIM,TIM2_DTCR,0x40012c44,0x044,16,1,#,confirmed,evt(ch32m030.h)+rm-address(CH32M030RM.PDF)
CH32M030,TIM1,TIM,DMACFGR,0x40012c48,0x048,16,1,#,confirmed,evt(ch32m030.h)+rm(CH32M030RM.PDF)+rm-address(CH32M030RM.PDF)
CH32M030,TIM1,TIM,DMAADR,0x40012c4c,0x04c,16,1,#,confirmed,evt(ch32m030.h)+rm(CH32M030RM.PDF)+rm-address(CH32M030RM.PDF)
CH32M030,TIM1,TIM,TIM1_AUX1,0x40012c50,0x050,16,1,#,confirmed,evt(ch32m030.h)+rm-address(CH32M030RM.PDF)
CH32M030,TIM1,TIM,TIM1_AUX2,0x40012c54,0x054,16,1,#,confirmed,evt(ch32m030.h)+rm-address(CH32M030RM.PDF)
CH32M030,TIM1,TIM,TIM1_CH5CVR,0x40012c58,0x058,16,1,#,confirmed,evt(ch32m030.h)+rm-address(CH32M030RM.PDF)
CH32M030,TIM1,TIM,TIM1_CH6CVR,0x40012c5c,0x05c,16,1,#,confirmed,evt(ch32m030.h)+rm-address(CH32M030RM.PDF)
CH32M030,TIM1,TIM,TIM1_CH7CVR,0x40012c60,0x060,16,1,#,confirmed,evt(ch32m030.h)+rm-address(CH32M030RM.PDF)
CH32M030,TIM1,TIM,TIM1_CH8CVR,0x40012c64,0x064,16,1,#,confirmed,evt(ch32m030.h)+rm-address(CH32M030RM.PDF)
CH32M030,SPI1,SPI,CTLR1,0x40013000,0x000,16,1,#,confirmed,evt(ch32m030.h)+rm(CH32M030RM.PDF)+rm-address(CH32M030RM.PDF)
CH32M030,SPI1,SPI,CTLR2,0x40013004,0x004,16,1,#,confirmed,evt(ch32m030.h)+rm(CH32M030RM.PDF)+rm-address(CH32M030RM.PDF)
CH32M030,SPI1,SPI,STATR,0x40013008,0x008,16,1,#,confirmed,evt(ch32m030.h)+rm(CH32M030RM.PDF)+rm-address(CH32M030RM.PDF)
CH32M030,SPI1,SPI,DATAR,0x4001300c,0x00c,16,1,#,confirmed,evt(ch32m030.h)+rm(CH32M030RM.PDF)+rm-address(CH32M030RM.PDF)
CH32M030,SPI1,SPI,CRCR,0x40013010,0x010,16,1,#,confirmed,evt(ch32m030.h)+rm(CH32M030RM.PDF)+rm-address(CH32M030RM.PDF)
CH32M030,SPI1,SPI,RCRCR,0x40013014,0x014,16,1,#,confirmed,evt(ch32m030.h)+rm(CH32M030RM.PDF)+rm-address(CH32M030RM.PDF)
CH32M030,SPI1,SPI,TCRCR,0x40013018,0x018,16,1,#,confirmed,evt(ch32m030.h)+rm(CH32M030RM.PDF)+rm-address(CH32M030RM.PDF)
CH32M030,SPI1,SPI,HSCR,0x40013024,0x024,16,1,#,confirmed,evt(ch32m030.h)+rm(CH32M030RM.PDF)+rm-address(CH32M030RM.PDF)
CH32M030,USART1,USART,STATR,0x40013800,0x000,16,1,#,reference,evt(ch32m030.h)
CH32M030,USART1,USART,DATAR,0x40013804,0x004,16,1,#,reference,evt(ch32m030.h)
CH32M030,USART1,USART,BRR,0x40013808,0x008,16,1,#,reference,evt(ch32m030.h)
CH32M030,USART1,USART,CTLR1,0x4001380c,0x00c,16,1,#,reference,evt(ch32m030.h)
CH32M030,USART1,USART,CTLR2,0x40013810,0x010,16,1,#,reference,evt(ch32m030.h)
CH32M030,USART1,USART,CTLR3,0x40013814,0x014,16,1,#,reference,evt(ch32m030.h)
CH32M030,USART1,USART,GPR,0x40013818,0x018,16,1,#,reference,evt(ch32m030.h)
CH32M030,DMA1,DMA,INTFR,0x40020000,0x000,32,1,#,confirmed,evt(ch32m030.h)+rm-address(CH32M030RM.PDF)
CH32M030,DMA1,DMA,INTFCR,0x40020004,0x004,32,1,#,confirmed,evt(ch32m030.h)+rm-address(CH32M030RM.PDF)
CH32M030,DMA1_Channel1,DMA_Channel,CFGR,0x40020008,0x000,32,1,#,confirmed,evt(ch32m030.h)+rm-address(CH32M030RM.PDF)
CH32M030,DMA1_Channel1,DMA_Channel,CNTR,0x4002000c,0x004,32,1,#,confirmed,evt(ch32m030.h)+rm-address(CH32M030RM.PDF)
CH32M030,DMA1_Channel1,DMA_Channel,PADDR,0x40020010,0x008,32,1,#,confirmed,evt(ch32m030.h)+rm-address(CH32M030RM.PDF)
CH32M030,DMA1_Channel1,DMA_Channel,MADDR,0x40020014,0x00c,32,1,#,confirmed,evt(ch32m030.h)+rm-address(CH32M030RM.PDF)
CH32M030,DMA1_Channel2,DMA_Channel,CFGR,0x4002001c,0x000,32,1,#,confirmed,evt(ch32m030.h)+rm-address(CH32M030RM.PDF)
CH32M030,DMA1_Channel2,DMA_Channel,CNTR,0x40020020,0x004,32,1,#,confirmed,evt(ch32m030.h)+rm-address(CH32M030RM.PDF)
CH32M030,DMA1_Channel2,DMA_Channel,PADDR,0x40020024,0x008,32,1,#,confirmed,evt(ch32m030.h)+rm-address(CH32M030RM.PDF)
CH32M030,DMA1_Channel2,DMA_Channel,MADDR,0x40020028,0x00c,32,1,#,confirmed,evt(ch32m030.h)+rm-address(CH32M030RM.PDF)
CH32M030,DMA1_Channel3,DMA_Channel,CFGR,0x40020030,0x000,32,1,#,confirmed,evt(ch32m030.h)+rm-address(CH32M030RM.PDF)
CH32M030,DMA1_Channel3,DMA_Channel,CNTR,0x40020034,0x004,32,1,#,confirmed,evt(ch32m030.h)+rm-address(CH32M030RM.PDF)
CH32M030,DMA1_Channel3,DMA_Channel,PADDR,0x40020038,0x008,32,1,#,confirmed,evt(ch32m030.h)+rm-address(CH32M030RM.PDF)
CH32M030,DMA1_Channel3,DMA_Channel,MADDR,0x4002003c,0x00c,32,1,#,confirmed,evt(ch32m030.h)+rm-address(CH32M030RM.PDF)
CH32M030,DMA1_Channel4,DMA_Channel,CFGR,0x40020044,0x000,32,1,#,confirmed,evt(ch32m030.h)+rm-address(CH32M030RM.PDF)
CH32M030,DMA1_Channel4,DMA_Channel,CNTR,0x40020048,0x004,32,1,#,confirmed,evt(ch32m030.h)+rm-address(CH32M030RM.PDF)
CH32M030,DMA1_Channel4,DMA_Channel,PADDR,0x4002004c,0x008,32,1,#,confirmed,evt(ch32m030.h)+rm-address(CH32M030RM.PDF)
CH32M030,DMA1_Channel4,DMA_Channel,MADDR,0x40020050,0x00c,32,1,#,confirmed,evt(ch32m030.h)+rm-address(CH32M030RM.PDF)
CH32M030,DMA1_Channel5,DMA_Channel,CFGR,0x40020058,0x000,32,1,#,confirmed,evt(ch32m030.h)+rm-address(CH32M030RM.PDF)
CH32M030,DMA1_Channel5,DMA_Channel,CNTR,0x4002005c,0x004,32,1,#,confirmed,evt(ch32m030.h)+rm-address(CH32M030RM.PDF)
CH32M030,DMA1_Channel5,DMA_Channel,PADDR,0x40020060,0x008,32,1,#,confirmed,evt(ch32m030.h)+rm-address(CH32M030RM.PDF)
CH32M030,DMA1_Channel5,DMA_Channel,MADDR,0x40020064,0x00c,32,1,#,confirmed,evt(ch32m030.h)+rm-address(CH32M030RM.PDF)
CH32M030,DMA1_Channel6,DMA_Channel,CFGR,0x4002006c,0x000,32,1,#,confirmed,evt(ch32m030.h)+rm-address(CH32M030RM.PDF)
CH32M030,DMA1_Channel6,DMA_Channel,CNTR,0x40020070,0x004,32,1,#,confirmed,evt(ch32m030.h)+rm-address(CH32M030RM.PDF)
CH32M030,DMA1_Channel6,DMA_Channel,PADDR,0x40020074,0x008,32,1,#,confirmed,evt(ch32m030.h)+rm-address(CH32M030RM.PDF)
CH32M030,DMA1_Channel6,DMA_Channel,MADDR,0x40020078,0x00c,32,1,#,confirmed,evt(ch32m030.h)+rm-address(CH32M030RM.PDF)
CH32M030,DMA1_Channel7,DMA_Channel,CFGR,0x40020080,0x000,32,1,#,confirmed,evt(ch32m030.h)+rm-address(CH32M030RM.PDF)
CH32M030,DMA1_Channel7,DMA_Channel,CNTR,0x40020084,0x004,32,1,#,confirmed,evt(ch32m030.h)+rm-address(CH32M030RM.PDF)
CH32M030,DMA1_Channel7,DMA_Channel,PADDR,0x40020088,0x008,32,1,#,confirmed,evt(ch32m030.h)+rm-address(CH32M030RM.PDF)
CH32M030,DMA1_Channel7,DMA_Channel,MADDR,0x4002008c,0x00c,32,1,#,confirmed,evt(ch32m030.h)+rm-address(CH32M030RM.PDF)
CH32M030,RCC,RCC,CTLR,0x40021000,0x000,32,1,#,confirmed,evt(ch32m030.h)+rm(CH32M030RM.PDF)+rm-address(CH32M030RM.PDF)
CH32M030,RCC,RCC,CFGR0,0x40021004,0x004,32,1,#,confirmed,evt(ch32m030.h)+rm(CH32M030RM.PDF)+rm-address(CH32M030RM.PDF)
CH32M030,RCC,RCC,INTR,0x40021008,0x008,32,1,#,confirmed,evt(ch32m030.h)+rm(CH32M030RM.PDF)+rm-address(CH32M030RM.PDF)
CH32M030,RCC,RCC,PB2PRSTR,0x4002100c,0x00c,32,1,#,confirmed,evt(ch32m030.h)+rm(CH32M030RM.PDF)+rm-address(CH32M030RM.PDF)
CH32M030,RCC,RCC,PB1PRSTR,0x40021010,0x010,32,1,#,confirmed,evt(ch32m030.h)+rm(CH32M030RM.PDF)+rm-address(CH32M030RM.PDF)
CH32M030,RCC,RCC,HBPCENR,0x40021014,0x014,32,1,#,confirmed,evt(ch32m030.h)+rm(CH32M030RM.PDF)+rm-address(CH32M030RM.PDF)
CH32M030,RCC,RCC,PB2PCENR,0x40021018,0x018,32,1,#,confirmed,evt(ch32m030.h)+rm(CH32M030RM.PDF)+rm-address(CH32M030RM.PDF)
CH32M030,RCC,RCC,PB1PCENR,0x4002101c,0x01c,32,1,#,confirmed,evt(ch32m030.h)+rm(CH32M030RM.PDF)+rm-address(CH32M030RM.PDF)
CH32M030,RCC,RCC,RSTSCKR,0x40021024,0x024,32,1,#,confirmed,evt(ch32m030.h)+rm(CH32M030RM.PDF)+rm-address(CH32M030RM.PDF)
CH32M030,RCC,RCC,HBPRSTR,0x40021028,0x028,32,1,#,confirmed,evt(ch32m030.h)+rm(CH32M030RM.PDF)+rm-address(CH32M030RM.PDF)
CH32M030,FLASH,FLASH,ACTLR,0x40022000,0x000,32,1,#,confirmed,evt(ch32m030.h)+rm(CH32M030RM.PDF)+rm-address(CH32M030RM.PDF)
CH32M030,FLASH,FLASH,KEYR,0x40022004,0x004,32,1,#,confirmed,evt(ch32m030.h)+rm(CH32M030RM.PDF)+rm-address(CH32M030RM.PDF)
CH32M030,FLASH,FLASH,OBKEYR,0x40022008,0x008,32,1,#,confirmed,evt(ch32m030.h)+rm(CH32M030RM.PDF)+rm-address(CH32M030RM.PDF)
CH32M030,FLASH,FLASH,STATR,0x4002200c,0x00c,32,1,#,confirmed,evt(ch32m030.h)+rm(CH32M030RM.PDF)+rm-address(CH32M030RM.PDF)
CH32M030,FLASH,FLASH,CTLR,0x40022010,0x010,32,1,#,confirmed,evt(ch32m030.h)+rm(CH32M030RM.PDF)+rm-address(CH32M030RM.PDF)
CH32M030,FLASH,FLASH,ADDR,0x40022014,0x014,32,1,#,confirmed,evt(ch32m030.h)+rm(CH32M030RM.PDF)+rm-address(CH32M030RM.PDF)
CH32M030,FLASH,FLASH,OBR,0x4002201c,0x01c,32,1,#,confirmed,evt(ch32m030.h)+rm(CH32M030RM.PDF)+rm-address(CH32M030RM.PDF)
CH32M030,FLASH,FLASH,WPR,0x40022020,0x020,32,1,#,confirmed,evt(ch32m030.h)+rm(CH32M030RM.PDF)+rm-address(CH32M030RM.PDF)
CH32M030,FLASH,FLASH,MODEKEYR,0x40022024,0x024,32,1,#,confirmed,evt(ch32m030.h)+rm(CH32M030RM.PDF)+rm-address(CH32M030RM.PDF)
CH32M030,FLASH,FLASH,CTLR2,0x4002202f,0x02f,8,1,#,confirmed,evt(ch32m030.h)+rm(CH32M030RM.PDF)+rm-address(CH32M030RM.PDF)
CH32M030,USBFSD,USBFSD,BASE_CTRL,0x40023400,0x000,8,1,#,reference,evt(ch32m030.h)
CH32M030,USBFSH,USBFSH,BASE_CTRL,0x40023400,0x000,8,1,#,reference,evt(ch32m030.h)
CH32M030,USBFSD,USBFSD,UDEV_CTRL,0x40023401,0x001,8,1,#,reference,evt(ch32m030.h)
CH32M030,USBFSH,USBFSH,HOST_CTRL,0x40023401,0x001,8,1,#,reference,evt(ch32m030.h)
CH32M030,USBFSD,USBFSD,INT_EN,0x40023402,0x002,8,1,#,reference,evt(ch32m030.h)
CH32M030,USBFSH,USBFSH,INT_EN,0x40023402,0x002,8,1,#,reference,evt(ch32m030.h)
CH32M030,USBFSD,USBFSD,DEV_ADDR,0x40023403,0x003,8,1,#,reference,evt(ch32m030.h)
CH32M030,USBFSH,USBFSH,DEV_ADDR,0x40023403,0x003,8,1,#,reference,evt(ch32m030.h)
CH32M030,USBFSD,USBFSD,Reserve0,0x40023404,0x004,8,1,#,reference,evt(ch32m030.h)
CH32M030,USBFSH,USBFSH,Reserve0,0x40023404,0x004,8,1,#,reference,evt(ch32m030.h)
CH32M030,USBFSD,USBFSD,MIS_ST,0x40023405,0x005,8,1,#,reference,evt(ch32m030.h)
CH32M030,USBFSH,USBFSH,MIS_ST,0x40023405,0x005,8,1,#,reference,evt(ch32m030.h)
CH32M030,USBFSD,USBFSD,INT_FG,0x40023406,0x006,8,1,#,reference,evt(ch32m030.h)
CH32M030,USBFSH,USBFSH,INT_FG,0x40023406,0x006,8,1,#,reference,evt(ch32m030.h)
CH32M030,USBFSD,USBFSD,INT_ST,0x40023407,0x007,8,1,#,reference,evt(ch32m030.h)
CH32M030,USBFSH,USBFSH,INT_ST,0x40023407,0x007,8,1,#,reference,evt(ch32m030.h)
CH32M030,USBFSD,USBFSD,RX_LEN,0x40023408,0x008,32,1,#,reference,evt(ch32m030.h)
CH32M030,USBFSH,USBFSH,RX_LEN,0x40023408,0x008,16,1,#,reference,evt(ch32m030.h)
CH32M030,USBFSH,USBFSH,Reserve1,0x4002340a,0x00a,16,1,#,reference,evt(ch32m030.h)
CH32M030,USBFSD,USBFSD,UEP4_1_MOD,0x4002340c,0x00c,8,1,#,reference,evt(ch32m030.h)
CH32M030,USBFSH,USBFSH,Reserve2,0x4002340c,0x00c,8,1,#,reference,evt(ch32m030.h)
CH32M030,USBFSD,USBFSD,UEP2_3_MOD,0x4002340d,0x00d,8,1,#,reference,evt(ch32m030.h)
CH32M030,USBFSH,USBFSH,HOST_EP_MOD,0x4002340d,0x00d,8,1,#,reference,evt(ch32m030.h)
CH32M030,USBFSD,USBFSD,UEP5_6_MOD,0x4002340e,0x00e,8,1,#,reference,evt(ch32m030.h)
CH32M030,USBFSH,USBFSH,Reserve3,0x4002340e,0x00e,16,1,#,reference,evt(ch32m030.h)
CH32M030,USBFSD,USBFSD,UEP7_MOD,0x4002340f,0x00f,8,1,#,reference,evt(ch32m030.h)
CH32M030,USBFSD,USBFSD,UEP0_DMA,0x40023410,0x010,32,1,#,reference,evt(ch32m030.h)
CH32M030,USBFSH,USBFSH,Reserve4,0x40023410,0x010,32,1,#,reference,evt(ch32m030.h)
CH32M030,USBFSD,USBFSD,UEP1_DMA,0x40023414,0x014,32,1,#,reference,evt(ch32m030.h)
CH32M030,USBFSH,USBFSH,Reserve5,0x40023414,0x014,32,1,#,reference,evt(ch32m030.h)
CH32M030,USBFSD,USBFSD,UEP2_DMA,0x40023418,0x018,32,1,#,reference,evt(ch32m030.h)
CH32M030,USBFSH,USBFSH,HOST_RX_DMA,0x40023418,0x018,32,1,#,reference,evt(ch32m030.h)
CH32M030,USBFSD,USBFSD,UEP3_DMA,0x4002341c,0x01c,32,1,#,reference,evt(ch32m030.h)
CH32M030,USBFSH,USBFSH,HOST_TX_DMA,0x4002341c,0x01c,32,1,#,reference,evt(ch32m030.h)
CH32M030,USBFSD,USBFSD,UEP4_DMA,0x40023420,0x020,32,1,#,reference,evt(ch32m030.h)
CH32M030,USBFSH,USBFSH,Reserve6,0x40023420,0x020,32,1,#,reference,evt(ch32m030.h)
CH32M030,USBFSD,USBFSD,UEP5_DMA,0x40023424,0x024,32,1,#,reference,evt(ch32m030.h)
CH32M030,USBFSH,USBFSH,Reserve7,0x40023424,0x024,32,1,#,reference,evt(ch32m030.h)
CH32M030,USBFSD,USBFSD,UEP6_DMA,0x40023428,0x028,32,1,#,reference,evt(ch32m030.h)
CH32M030,USBFSH,USBFSH,Reserve8,0x40023428,0x028,32,1,#,reference,evt(ch32m030.h)
CH32M030,USBFSD,USBFSD,UEP7_DMA,0x4002342c,0x02c,32,1,#,reference,evt(ch32m030.h)
CH32M030,USBFSH,USBFSH,Reserve9,0x4002342c,0x02c,32,1,#,reference,evt(ch32m030.h)
CH32M030,USBFSD,USBFSD,UEP0_TX_LEN,0x40023430,0x030,16,1,#,reference,evt(ch32m030.h)
CH32M030,USBFSH,USBFSH,Reserve10,0x40023430,0x030,32,1,#,reference,evt(ch32m030.h)
CH32M030,USBFSD,USBFSD,UEP0_CTRL,0x40023432,0x032,16,1,#,reference,evt(ch32m030.h)
CH32M030,USBFSD,USBFSD,UEP0_TX_CTRL,0x40023434,0x034,8,1,#,reference,evt(ch32m030.h)
CH32M030,USBFSH,USBFSH,Reserve11,0x40023434,0x034,16,1,#,reference,evt(ch32m030.h)
CH32M030,USBFSD,USBFSD,UEP0_RX_CTRL,0x40023435,0x035,8,1,#,reference,evt(ch32m030.h)
CH32M030,USBFSD,USBFSD,UEP1_TX_LEN,0x40023436,0x036,16,1,#,reference,evt(ch32m030.h)
CH32M030,USBFSH,USBFSH,HOST_SETUP,0x40023436,0x036,16,1,#,reference,evt(ch32m030.h)
CH32M030,USBFSD,USBFSD,UEP1_CTRL,0x40023438,0x038,16,1,#,reference,evt(ch32m030.h)
CH32M030,USBFSH,USBFSH,HOST_EP_PID,0x40023438,0x038,8,1,#,reference,evt(ch32m030.h)
CH32M030,USBFSH,USBFSH,Reserve12,0x40023439,0x039,8,1,#,reference,evt(ch32m030.h)
CH32M030,USBFSD,USBFSD,UEP1_TX_CTRL,0x4002343a,0x03a,8,1,#,reference,evt(ch32m030.h)
CH32M030,USBFSH,USBFSH,Reserve13,0x4002343a,0x03a,8,1,#,reference,evt(ch32m030.h)
CH32M030,USBFSD,USBFSD,UEP1_RX_CTRL,0x4002343b,0x03b,8,1,#,reference,evt(ch32m030.h)
CH32M030,USBFSH,USBFSH,HOST_RX_CTRL,0x4002343b,0x03b,8,1,#,reference,evt(ch32m030.h)
CH32M030,USBFSD,USBFSD,UEP2_TX_LEN,0x4002343c,0x03c,16,1,#,reference,evt(ch32m030.h)
CH32M030,USBFSH,USBFSH,HOST_TX_LEN,0x4002343c,0x03c,16,1,#,reference,evt(ch32m030.h)
CH32M030,USBFSD,USBFSD,UEP2_CTRL,0x4002343e,0x03e,16,1,#,reference,evt(ch32m030.h)
CH32M030,USBFSH,USBFSH,HOST_TX_CTRL,0x4002343e,0x03e,8,1,#,reference,evt(ch32m030.h)
CH32M030,USBFSH,USBFSH,Reserve14,0x4002343f,0x03f,8,1,#,reference,evt(ch32m030.h)
CH32M030,USBFSD,USBFSD,UEP2_TX_CTRL,0x40023440,0x040,8,1,#,reference,evt(ch32m030.h)
CH32M030,USBFSH,USBFSH,Reserve15,0x40023440,0x040,32,1,#,reference,evt(ch32m030.h)
CH32M030,USBFSD,USBFSD,UEP2_RX_CTRL,0x40023441,0x041,8,1,#,reference,evt(ch32m030.h)
CH32M030,USBFSD,USBFSD,UEP3_TX_LEN,0x40023442,0x042,16,1,#,reference,evt(ch32m030.h)
CH32M030,USBFSD,USBFSD,UEP3_CTRL,0x40023444,0x044,16,1,#,reference,evt(ch32m030.h)
CH32M030,USBFSH,USBFSH,Reserve16,0x40023444,0x044,32,1,#,reference,evt(ch32m030.h)
CH32M030,USBFSD,USBFSD,UEP3_TX_CTRL,0x40023446,0x046,8,1,#,reference,evt(ch32m030.h)
CH32M030,USBFSD,USBFSD,UEP3_RX_CTRL,0x40023447,0x047,8,1,#,reference,evt(ch32m030.h)
CH32M030,USBFSD,USBFSD,UEP4_TX_LEN,0x40023448,0x048,16,1,#,reference,evt(ch32m030.h)
CH32M030,USBFSH,USBFSH,Reserve17,0x40023448,0x048,32,1,#,reference,evt(ch32m030.h)
CH32M030,USBFSD,USBFSD,UEP4_CTRL,0x4002344a,0x04a,16,1,#,reference,evt(ch32m030.h)
CH32M030,USBFSD,USBFSD,UEP4_TX_CTRL,0x4002344c,0x04c,8,1,#,reference,evt(ch32m030.h)
CH32M030,USBFSH,USBFSH,Reserve18,0x4002344c,0x04c,32,1,#,reference,evt(ch32m030.h)
CH32M030,USBFSD,USBFSD,UEP4_RX_CTRL,0x4002344d,0x04d,8,1,#,reference,evt(ch32m030.h)
CH32M030,USBFSD,USBFSD,UEP5_TX_LEN,0x4002344e,0x04e,16,1,#,reference,evt(ch32m030.h)
CH32M030,USBFSD,USBFSD,UEP5_CTRL,0x40023450,0x050,16,1,#,reference,evt(ch32m030.h)
CH32M030,USBFSH,USBFSH,Reserve19,0x40023450,0x050,32,1,#,reference,evt(ch32m030.h)
CH32M030,USBFSD,USBFSD,UEP5_TX_CTRL,0x40023452,0x052,8,1,#,reference,evt(ch32m030.h)
CH32M030,USBFSD,USBFSD,UEP5_RX_CTRL,0x40023453,0x053,8,1,#,reference,evt(ch32m030.h)
CH32M030,USBFSD,USBFSD,UEP6_TX_LEN,0x40023454,0x054,16,1,#,reference,evt(ch32m030.h)
CH32M030,USBFSH,USBFSH,OTG_CR,0x40023454,0x054,32,1,#,reference,evt(ch32m030.h)
CH32M030,USBFSD,USBFSD,UEP6_CTRL,0x40023456,0x056,16,1,#,reference,evt(ch32m030.h)
CH32M030,USBFSD,USBFSD,UEP6_TX_CTRL,0x40023458,0x058,8,1,#,reference,evt(ch32m030.h)
CH32M030,USBFSH,USBFSH,OTG_SR,0x40023458,0x058,32,1,#,reference,evt(ch32m030.h)
CH32M030,USBFSD,USBFSD,UEP6_RX_CTRL,0x40023459,0x059,8,1,#,reference,evt(ch32m030.h)
CH32M030,USBFSD,USBFSD,UEP7_TX_LEN,0x4002345a,0x05a,16,1,#,reference,evt(ch32m030.h)
CH32M030,USBFSD,USBFSD,UEP7_CTRL,0x4002345c,0x05c,16,1,#,reference,evt(ch32m030.h)
CH32M030,USBFSD,USBFSD,UEP7_TX_CTRL,0x4002345e,0x05e,8,1,#,reference,evt(ch32m030.h)
CH32M030,USBFSD,USBFSD,UEP7_RX_CTRL,0x4002345f,0x05f,8,1,#,reference,evt(ch32m030.h)
CH32M030,USBFSD,USBFSD,Reserve1,0x40023460,0x060,32,1,#,reference,evt(ch32m030.h)
CH32M030,USBFSD,USBFSD,OTG_CR,0x40023464,0x064,32,1,#,reference,evt(ch32m030.h)
CH32M030,USBFSD,USBFSD,OTG_SR,0x40023468,0x068,32,1,#,reference,evt(ch32m030.h)
CH32M030,EXTEN,EXTEN,EXTEN_CTLR0,0x40023800,0x000,32,1,#,confirmed,evt(ch32m030.h)+rm-address(CH32M030RM.PDF)
CH32M030,EXTEN,EXTEN,EXTEN_KEYR,0x40023804,0x004,32,1,#,confirmed,evt(ch32m030.h)+rm-address(CH32M030RM.PDF)
CH32M030,EXTEN,EXTEN,EXTEN_CTLR1,0x40023808,0x008,32,1,#,confirmed,evt(ch32m030.h)+rm-address(CH32M030RM.PDF)
CH32M030,EXTEN,EXTEN,EXTEN_CTLR2,0x4002380c,0x00c,32,1,#,confirmed,evt(ch32m030.h)+rm-address(CH32M030RM.PDF)
CH32M030,EXTEN,EXTEN,ISINK1_CFGR,0x4002380c,0x00c,16,1,#,reference,evt(ch32m030.h)
CH32M030,EXTEN,EXTEN,ISINK2_CFGR,0x4002380e,0x00e,16,1,#,reference,evt(ch32m030.h)
CH32M030,USBPD0,USBPD,CONFIG,0x40024000,0x000,16,1,#,confirmed,evt(ch32m030.h)+rm-address(CH32M030RM.PDF)
CH32M030,USBPD0,USBPD,USBPD_CONFIG,0x40024000,0x000,32,1,#,reference,evt(ch32m030.h)
CH32M030,USBPD0,USBPD,BMC_CLK_CNT,0x40024002,0x002,16,1,#,reference,evt(ch32m030.h)
CH32M030,USBPD0,USBPD,CONTROL,0x40024004,0x004,8,1,#,confirmed,evt(ch32m030.h)+rm-address(CH32M030RM.PDF)
CH32M030,USBPD0,USBPD,R16_CONTROL,0x40024004,0x004,16,1,#,reference,evt(ch32m030.h)
CH32M030,USBPD0,USBPD,USBPD_CONTROL,0x40024004,0x004,32,1,#,reference,evt(ch32m030.h)
CH32M030,USBPD0,USBPD,TX_SEL,0x40024005,0x005,8,1,#,reference,evt(ch32m030.h)
CH32M030,USBPD0,USBPD,BMC_TX_SZ,0x40024006,0x006,16,1,#,reference,evt(ch32m030.h)
CH32M030,USBPD0,USBPD,DATA_BUF,0x40024008,0x008,8,1,#,reference,evt(ch32m030.h)
CH32M030,USBPD0,USBPD,R16_STATUS,0x40024008,0x008,16,1,#,reference,evt(ch32m030.h)
CH32M030,USBPD0,USBPD,USBPD_STATUS,0x40024008,0x008,32,1,#,confirmed,evt(ch32m030.h)+rm-address(CH32M030RM.PDF)
CH32M030,USBPD0,USBPD,STATUS,0x40024009,0x009,8,1,#,reference,evt(ch32m030.h)
CH32M030,USBPD0,USBPD,BMC_BYTE_CNT,0x4002400a,0x00a,16,1,#,reference,evt(ch32m030.h)
CH32M030,USBPD0,USBPD,PORT_CC1,0x4002400c,0x00c,8,1,#,reference,evt(ch32m030.h)
CH32M030,USBPD0,USBPD,USBPD_PORT,0x4002400c,0x00c,32,1,#,confirmed,evt(ch32m030.h)+rm-address(CH32M030RM.PDF)
CH32M030,USBPD0,USBPD,PORT_CC2,0x4002400e,0x00e,8,1,#,reference,evt(ch32m030.h)
CH32M030,USBPD0,USBPD,DMA,0x40024010,0x010,16,1,#,confirmed,evt(ch32m030.h)+rm-address(CH32M030RM.PDF)
CH32M030,USBPD0,USBPD,USBPD_DMA,0x40024010,0x010,32,1,#,reference,evt(ch32m030.h)
CH32M030,USBPD1,USBPD,CONFIG,0x40024400,0x000,16,1,#,confirmed,evt(ch32m030.h)+rm-address(CH32M030RM.PDF)
CH32M030,USBPD1,USBPD,USBPD_CONFIG,0x40024400,0x000,32,1,#,reference,evt(ch32m030.h)
CH32M030,USBPD1,USBPD,BMC_CLK_CNT,0x40024402,0x002,16,1,#,reference,evt(ch32m030.h)
CH32M030,USBPD1,USBPD,CONTROL,0x40024404,0x004,8,1,#,confirmed,evt(ch32m030.h)+rm-address(CH32M030RM.PDF)
CH32M030,USBPD1,USBPD,R16_CONTROL,0x40024404,0x004,16,1,#,reference,evt(ch32m030.h)
CH32M030,USBPD1,USBPD,USBPD_CONTROL,0x40024404,0x004,32,1,#,reference,evt(ch32m030.h)
CH32M030,USBPD1,USBPD,TX_SEL,0x40024405,0x005,8,1,#,reference,evt(ch32m030.h)
CH32M030,USBPD1,USBPD,BMC_TX_SZ,0x40024406,0x006,16,1,#,reference,evt(ch32m030.h)
CH32M030,USBPD1,USBPD,DATA_BUF,0x40024408,0x008,8,1,#,reference,evt(ch32m030.h)
CH32M030,USBPD1,USBPD,R16_STATUS,0x40024408,0x008,16,1,#,reference,evt(ch32m030.h)
CH32M030,USBPD1,USBPD,USBPD_STATUS,0x40024408,0x008,32,1,#,confirmed,evt(ch32m030.h)+rm-address(CH32M030RM.PDF)
CH32M030,USBPD1,USBPD,STATUS,0x40024409,0x009,8,1,#,reference,evt(ch32m030.h)
CH32M030,USBPD1,USBPD,BMC_BYTE_CNT,0x4002440a,0x00a,16,1,#,reference,evt(ch32m030.h)
CH32M030,USBPD1,USBPD,PORT_CC1,0x4002440c,0x00c,8,1,#,reference,evt(ch32m030.h)
CH32M030,USBPD1,USBPD,USBPD_PORT,0x4002440c,0x00c,32,1,#,confirmed,evt(ch32m030.h)+rm-address(CH32M030RM.PDF)
CH32M030,USBPD1,USBPD,PORT_CC2,0x4002440e,0x00e,8,1,#,reference,evt(ch32m030.h)
CH32M030,USBPD1,USBPD,DMA,0x40024410,0x010,16,1,#,confirmed,evt(ch32m030.h)+rm-address(CH32M030RM.PDF)
CH32M030,USBPD1,USBPD,USBPD_DMA,0x40024410,0x010,32,1,#,reference,evt(ch32m030.h)
CH32M030,OPA,OPA,QII_CFGR,0x40024800,0x000,32,1,#,reference,evt(ch32m030.h)
CH32M030,OPA,OPA,ISP_CTLR,0x40024804,0x004,32,1,#,reference,evt(ch32m030.h)
CH32M030,OPA,OPA,CMP_CTLR,0x40024808,0x008,32,1,#,reference,evt(ch32m030.h)
CH32M030,OPA,OPA,CMP3_CFGR,0x4002480c,0x00c,32,1,#,reference,evt(ch32m030.h)
CH32M030,OPA,OPA,CMP3_SW,0x40024810,0x010,32,1,#,reference,evt(ch32m030.h)
CH32M030,OPA,OPA,CMP_STATR,0x40024814,0x014,32,1,#,reference,evt(ch32m030.h)
CH32M030,DBGMCU,DBGMCU,CR1,0xe000d000,0x000,32,1,#,reference,evt(ch32m030.h)+rm(CH32M030RM.PDF)
CH32M030,DBGMCU,DBGMCU,CR2,0xe000d004,0x004,32,1,#,reference,evt(ch32m030.h)+rm(CH32M030RM.PDF)
CH32V003,OB,OB,RDPR,0x1ffff800,0x000,16,1,#,reference,evt(ch32v00x.h)
CH32V003,OB,OB,USER,0x1ffff802,0x002,16,1,#,reference,evt(ch32v00x.h)
CH32V003,OB,OB,Data0,0x1ffff804,0x004,16,1,#,reference,evt(ch32v00x.h)
CH32V003,OB,OB,Data1,0x1ffff806,0x006,16,1,#,reference,evt(ch32v00x.h)
CH32V003,OB,OB,WRPR0,0x1ffff808,0x008,16,1,#,reference,evt(ch32v00x.h)
CH32V003,OB,OB,WRPR1,0x1ffff80a,0x00a,16,1,#,reference,evt(ch32v00x.h)
CH32V003,TIM2,TIM,CTLR1,0x40000000,0x000,16,1,#,confirmed,evt(ch32v00x.h)+rm(CH32V003RM.PDF)+rm-address(CH32V003RM.PDF)
CH32V003,TIM2,TIM,CTLR2,0x40000004,0x004,16,1,#,confirmed,evt(ch32v00x.h)+rm(CH32V003RM.PDF)+rm-address(CH32V003RM.PDF)
CH32V003,TIM2,TIM,SMCFGR,0x40000008,0x008,16,1,#,confirmed,evt(ch32v00x.h)+rm(CH32V003RM.PDF)+rm-address(CH32V003RM.PDF)
CH32V003,TIM2,TIM,DMAINTENR,0x4000000c,0x00c,16,1,#,confirmed,evt(ch32v00x.h)+rm(CH32V003RM.PDF)+rm-address(CH32V003RM.PDF)
CH32V003,TIM2,TIM,INTFR,0x40000010,0x010,16,1,#,confirmed,evt(ch32v00x.h)+rm(CH32V003RM.PDF)+rm-address(CH32V003RM.PDF)
CH32V003,TIM2,TIM,SWEVGR,0x40000014,0x014,16,1,#,confirmed,evt(ch32v00x.h)+rm(CH32V003RM.PDF)+rm-address(CH32V003RM.PDF)
CH32V003,TIM2,TIM,CHCTLR1,0x40000018,0x018,16,1,#,confirmed,evt(ch32v00x.h)+rm(CH32V003RM.PDF)+rm-address(CH32V003RM.PDF)
CH32V003,TIM2,TIM,CHCTLR2,0x4000001c,0x01c,16,1,#,confirmed,evt(ch32v00x.h)+rm(CH32V003RM.PDF)+rm-address(CH32V003RM.PDF)
CH32V003,TIM2,TIM,CCER,0x40000020,0x020,16,1,#,confirmed,evt(ch32v00x.h)+rm(CH32V003RM.PDF)+rm-address(CH32V003RM.PDF)
CH32V003,TIM2,TIM,CNT,0x40000024,0x024,16,1,#,confirmed,evt(ch32v00x.h)+rm(CH32V003RM.PDF)+rm-address(CH32V003RM.PDF)
CH32V003,TIM2,TIM,PSC,0x40000028,0x028,16,1,#,confirmed,evt(ch32v00x.h)+rm(CH32V003RM.PDF)+rm-address(CH32V003RM.PDF)
CH32V003,TIM2,TIM,ATRLR,0x4000002c,0x02c,16,1,#,confirmed,evt(ch32v00x.h)+rm(CH32V003RM.PDF)+rm-address(CH32V003RM.PDF)
CH32V003,TIM2,TIM,RPTCR,0x40000030,0x030,16,1,#,confirmed,evt(ch32v00x.h)+rm(CH32V003RM.PDF)+rm-address(CH32V003RM.PDF)
CH32V003,TIM2,TIM,CH1CVR,0x40000034,0x034,32,1,#,confirmed,evt(ch32v00x.h)+rm(CH32V003RM.PDF)+rm-address(CH32V003RM.PDF)
CH32V003,TIM2,TIM,CH2CVR,0x40000038,0x038,32,1,#,confirmed,evt(ch32v00x.h)+rm(CH32V003RM.PDF)+rm-address(CH32V003RM.PDF)
CH32V003,TIM2,TIM,CH3CVR,0x4000003c,0x03c,32,1,#,confirmed,evt(ch32v00x.h)+rm(CH32V003RM.PDF)+rm-address(CH32V003RM.PDF)
CH32V003,TIM2,TIM,CH4CVR,0x40000040,0x040,32,1,#,confirmed,evt(ch32v00x.h)+rm(CH32V003RM.PDF)+rm-address(CH32V003RM.PDF)
CH32V003,TIM2,TIM,BDTR,0x40000044,0x044,16,1,#,confirmed,evt(ch32v00x.h)+rm(CH32V003RM.PDF)+rm-address(CH32V003RM.PDF)
CH32V003,TIM2,TIM,DMACFGR,0x40000048,0x048,16,1,#,confirmed,evt(ch32v00x.h)+rm(CH32V003RM.PDF)+rm-address(CH32V003RM.PDF)
CH32V003,TIM2,TIM,DMAADR,0x4000004c,0x04c,16,1,#,confirmed,evt(ch32v00x.h)+rm(CH32V003RM.PDF)+rm-address(CH32V003RM.PDF)
CH32V003,WWDG,WWDG,CTLR,0x40002c00,0x000,32,1,#,confirmed,evt(ch32v00x.h)+rm(CH32V003RM.PDF)+rm-address(CH32V003RM.PDF)
CH32V003,WWDG,WWDG,CFGR,0x40002c04,0x004,32,1,#,confirmed,evt(ch32v00x.h)+rm(CH32V003RM.PDF)+rm-address(CH32V003RM.PDF)
CH32V003,WWDG,WWDG,STATR,0x40002c08,0x008,32,1,#,confirmed,evt(ch32v00x.h)+rm(CH32V003RM.PDF)+rm-address(CH32V003RM.PDF)
CH32V003,IWDG,IWDG,CTLR,0x40003000,0x000,32,1,#,confirmed,evt(ch32v00x.h)+rm(CH32V003RM.PDF)+rm-address(CH32V003RM.PDF)
CH32V003,IWDG,IWDG,PSCR,0x40003004,0x004,32,1,#,confirmed,evt(ch32v00x.h)+rm(CH32V003RM.PDF)+rm-address(CH32V003RM.PDF)
CH32V003,IWDG,IWDG,RLDR,0x40003008,0x008,32,1,#,confirmed,evt(ch32v00x.h)+rm(CH32V003RM.PDF)+rm-address(CH32V003RM.PDF)
CH32V003,IWDG,IWDG,STATR,0x4000300c,0x00c,32,1,#,confirmed,evt(ch32v00x.h)+rm(CH32V003RM.PDF)+rm-address(CH32V003RM.PDF)
CH32V003,I2C1,I2C,CTLR1,0x40005400,0x000,16,1,#,confirmed,evt(ch32v00x.h)+rm(CH32V003RM.PDF)+rm-address(CH32V003RM.PDF)
CH32V003,I2C1,I2C,CTLR2,0x40005404,0x004,16,1,#,confirmed,evt(ch32v00x.h)+rm(CH32V003RM.PDF)+rm-address(CH32V003RM.PDF)
CH32V003,I2C1,I2C,OADDR1,0x40005408,0x008,16,1,#,confirmed,evt(ch32v00x.h)+rm(CH32V003RM.PDF)+rm-address(CH32V003RM.PDF)
CH32V003,I2C1,I2C,OADDR2,0x4000540c,0x00c,16,1,#,confirmed,evt(ch32v00x.h)+rm(CH32V003RM.PDF)+rm-address(CH32V003RM.PDF)
CH32V003,I2C1,I2C,DATAR,0x40005410,0x010,16,1,#,confirmed,evt(ch32v00x.h)+rm-address(CH32V003RM.PDF)
CH32V003,I2C1,I2C,STAR1,0x40005414,0x014,16,1,#,confirmed,evt(ch32v00x.h)+rm(CH32V003RM.PDF)+rm-address(CH32V003RM.PDF)
CH32V003,I2C1,I2C,STAR2,0x40005418,0x018,16,1,#,confirmed,evt(ch32v00x.h)+rm(CH32V003RM.PDF)+rm-address(CH32V003RM.PDF)
CH32V003,I2C1,I2C,CKCFGR,0x4000541c,0x01c,16,1,#,confirmed,evt(ch32v00x.h)+rm(CH32V003RM.PDF)+rm-address(CH32V003RM.PDF)
CH32V003,PWR,PWR,CTLR,0x40007000,0x000,32,1,#,confirmed,evt(ch32v00x.h)+rm(CH32V003RM.PDF)+rm-address(CH32V003RM.PDF)
CH32V003,PWR,PWR,CSR,0x40007004,0x004,32,1,#,confirmed,evt(ch32v00x.h)+rm(CH32V003RM.PDF)+rm-address(CH32V003RM.PDF)
CH32V003,PWR,PWR,AWUCSR,0x40007008,0x008,32,1,#,confirmed,evt(ch32v00x.h)+rm(CH32V003RM.PDF)+rm-address(CH32V003RM.PDF)
CH32V003,PWR,PWR,AWUWR,0x4000700c,0x00c,32,1,#,confirmed,evt(ch32v00x.h)+rm(CH32V003RM.PDF)+rm-address(CH32V003RM.PDF)
CH32V003,PWR,PWR,AWUPSC,0x40007010,0x010,32,1,#,confirmed,evt(ch32v00x.h)+rm(CH32V003RM.PDF)+rm-address(CH32V003RM.PDF)
CH32V003,AFIO,AFIO,PCFR1,0x40010004,0x004,32,1,#,confirmed,evt(ch32v00x.h)+rm(CH32V003RM.PDF)+rm-address(CH32V003RM.PDF)
CH32V003,AFIO,AFIO,EXTICR,0x40010008,0x008,32,1,#,confirmed,evt(ch32v00x.h)+rm-address(CH32V003RM.PDF)
CH32V003,EXTI,EXTI,INTENR,0x40010400,0x000,32,1,#,confirmed,evt(ch32v00x.h)+rm-address(CH32V003RM.PDF)
CH32V003,EXTI,EXTI,EVENR,0x40010404,0x004,32,1,#,confirmed,evt(ch32v00x.h)+rm(CH32V003RM.PDF)+rm-address(CH32V003RM.PDF)
CH32V003,EXTI,EXTI,RTENR,0x40010408,0x008,32,1,#,confirmed,evt(ch32v00x.h)+rm(CH32V003RM.PDF)+rm-address(CH32V003RM.PDF)
CH32V003,EXTI,EXTI,FTENR,0x4001040c,0x00c,32,1,#,confirmed,evt(ch32v00x.h)+rm(CH32V003RM.PDF)+rm-address(CH32V003RM.PDF)
CH32V003,EXTI,EXTI,SWIEVR,0x40010410,0x010,32,1,#,confirmed,evt(ch32v00x.h)+rm(CH32V003RM.PDF)+rm-address(CH32V003RM.PDF)
CH32V003,EXTI,EXTI,INTFR,0x40010414,0x014,32,1,#,confirmed,evt(ch32v00x.h)+rm(CH32V003RM.PDF)+rm-address(CH32V003RM.PDF)
CH32V003,GPIOA,GPIO,CFGLR,0x40010800,0x000,32,1,#,confirmed,evt(ch32v00x.h)+rm-address(CH32V003RM.PDF)
CH32V003,GPIOA,GPIO,INDR,0x40010808,0x008,32,1,#,confirmed,evt(ch32v00x.h)+rm(CH32V003RM.PDF)+rm-address(CH32V003RM.PDF)
CH32V003,GPIOA,GPIO,OUTDR,0x4001080c,0x00c,32,1,#,confirmed,evt(ch32v00x.h)+rm(CH32V003RM.PDF)+rm-address(CH32V003RM.PDF)
CH32V003,GPIOA,GPIO,BSHR,0x40010810,0x010,32,1,#,confirmed,evt(ch32v00x.h)+rm(CH32V003RM.PDF)+rm-address(CH32V003RM.PDF)
CH32V003,GPIOA,GPIO,BCR,0x40010814,0x014,32,1,#,confirmed,evt(ch32v00x.h)+rm(CH32V003RM.PDF)+rm-address(CH32V003RM.PDF)
CH32V003,GPIOA,GPIO,LCKR,0x40010818,0x018,32,1,#,confirmed,evt(ch32v00x.h)+rm(CH32V003RM.PDF)+rm-address(CH32V003RM.PDF)
CH32V003,GPIOC,GPIO,CFGLR,0x40011000,0x000,32,1,#,confirmed,evt(ch32v00x.h)+rm-address(CH32V003RM.PDF)
CH32V003,GPIOC,GPIO,INDR,0x40011008,0x008,32,1,#,confirmed,evt(ch32v00x.h)+rm(CH32V003RM.PDF)+rm-address(CH32V003RM.PDF)
CH32V003,GPIOC,GPIO,OUTDR,0x4001100c,0x00c,32,1,#,confirmed,evt(ch32v00x.h)+rm(CH32V003RM.PDF)+rm-address(CH32V003RM.PDF)
CH32V003,GPIOC,GPIO,BSHR,0x40011010,0x010,32,1,#,confirmed,evt(ch32v00x.h)+rm(CH32V003RM.PDF)+rm-address(CH32V003RM.PDF)
CH32V003,GPIOC,GPIO,BCR,0x40011014,0x014,32,1,#,confirmed,evt(ch32v00x.h)+rm(CH32V003RM.PDF)+rm-address(CH32V003RM.PDF)
CH32V003,GPIOC,GPIO,LCKR,0x40011018,0x018,32,1,#,confirmed,evt(ch32v00x.h)+rm(CH32V003RM.PDF)+rm-address(CH32V003RM.PDF)
CH32V003,GPIOD,GPIO,CFGLR,0x40011400,0x000,32,1,#,confirmed,evt(ch32v00x.h)+rm-address(CH32V003RM.PDF)
CH32V003,GPIOD,GPIO,INDR,0x40011408,0x008,32,1,#,confirmed,evt(ch32v00x.h)+rm(CH32V003RM.PDF)+rm-address(CH32V003RM.PDF)
CH32V003,GPIOD,GPIO,OUTDR,0x4001140c,0x00c,32,1,#,confirmed,evt(ch32v00x.h)+rm(CH32V003RM.PDF)+rm-address(CH32V003RM.PDF)
CH32V003,GPIOD,GPIO,BSHR,0x40011410,0x010,32,1,#,confirmed,evt(ch32v00x.h)+rm(CH32V003RM.PDF)+rm-address(CH32V003RM.PDF)
CH32V003,GPIOD,GPIO,BCR,0x40011414,0x014,32,1,#,confirmed,evt(ch32v00x.h)+rm(CH32V003RM.PDF)+rm-address(CH32V003RM.PDF)
CH32V003,GPIOD,GPIO,LCKR,0x40011418,0x018,32,1,#,confirmed,evt(ch32v00x.h)+rm(CH32V003RM.PDF)+rm-address(CH32V003RM.PDF)
CH32V003,ADC1,ADC,STATR,0x40012400,0x000,32,1,#,confirmed,evt(ch32v00x.h)+rm(CH32V003RM.PDF)+rm-address(CH32V003RM.PDF)
CH32V003,ADC1,ADC,CTLR1,0x40012404,0x004,32,1,#,confirmed,evt(ch32v00x.h)+rm(CH32V003RM.PDF)+rm-address(CH32V003RM.PDF)
CH32V003,ADC1,ADC,CTLR2,0x40012408,0x008,32,1,#,confirmed,evt(ch32v00x.h)+rm(CH32V003RM.PDF)+rm-address(CH32V003RM.PDF)
CH32V003,ADC1,ADC,SAMPTR1,0x4001240c,0x00c,32,1,#,confirmed,evt(ch32v00x.h)+rm(CH32V003RM.PDF)+rm-address(CH32V003RM.PDF)
CH32V003,ADC1,ADC,SAMPTR2,0x40012410,0x010,32,1,#,confirmed,evt(ch32v00x.h)+rm(CH32V003RM.PDF)+rm-address(CH32V003RM.PDF)
CH32V003,ADC1,ADC,IOFR1,0x40012414,0x014,32,1,#,confirmed,evt(ch32v00x.h)+rm-address(CH32V003RM.PDF)
CH32V003,ADC1,ADC,IOFR2,0x40012418,0x018,32,1,#,confirmed,evt(ch32v00x.h)+rm-address(CH32V003RM.PDF)
CH32V003,ADC1,ADC,IOFR3,0x4001241c,0x01c,32,1,#,confirmed,evt(ch32v00x.h)+rm-address(CH32V003RM.PDF)
CH32V003,ADC1,ADC,IOFR4,0x40012420,0x020,32,1,#,confirmed,evt(ch32v00x.h)+rm-address(CH32V003RM.PDF)
CH32V003,ADC1,ADC,WDHTR,0x40012424,0x024,32,1,#,confirmed,evt(ch32v00x.h)+rm(CH32V003RM.PDF)+rm-address(CH32V003RM.PDF)
CH32V003,ADC1,ADC,WDLTR,0x40012428,0x028,32,1,#,confirmed,evt(ch32v00x.h)+rm(CH32V003RM.PDF)+rm-address(CH32V003RM.PDF)
CH32V003,ADC1,ADC,RSQR1,0x4001242c,0x02c,32,1,#,confirmed,evt(ch32v00x.h)+rm(CH32V003RM.PDF)+rm-address(CH32V003RM.PDF)
CH32V003,ADC1,ADC,RSQR2,0x40012430,0x030,32,1,#,confirmed,evt(ch32v00x.h)+rm(CH32V003RM.PDF)+rm-address(CH32V003RM.PDF)
CH32V003,ADC1,ADC,RSQR3,0x40012434,0x034,32,1,#,confirmed,evt(ch32v00x.h)+rm(CH32V003RM.PDF)+rm-address(CH32V003RM.PDF)
CH32V003,ADC1,ADC,ISQR,0x40012438,0x038,32,1,#,confirmed,evt(ch32v00x.h)+rm(CH32V003RM.PDF)+rm-address(CH32V003RM.PDF)
CH32V003,ADC1,ADC,IDATAR1,0x4001243c,0x03c,32,1,#,confirmed,evt(ch32v00x.h)+rm-address(CH32V003RM.PDF)
CH32V003,ADC1,ADC,IDATAR2,0x40012440,0x040,32,1,#,confirmed,evt(ch32v00x.h)+rm-address(CH32V003RM.PDF)
CH32V003,ADC1,ADC,IDATAR3,0x40012444,0x044,32,1,#,confirmed,evt(ch32v00x.h)+rm-address(CH32V003RM.PDF)
CH32V003,ADC1,ADC,IDATAR4,0x40012448,0x048,32,1,#,confirmed,evt(ch32v00x.h)+rm-address(CH32V003RM.PDF)
CH32V003,ADC1,ADC,RDATAR,0x4001244c,0x04c,32,1,#,confirmed,evt(ch32v00x.h)+rm(CH32V003RM.PDF)+rm-address(CH32V003RM.PDF)
CH32V003,ADC1,ADC,DLYR,0x40012450,0x050,32,1,#,confirmed,evt(ch32v00x.h)+rm(CH32V003RM.PDF)+rm-address(CH32V003RM.PDF)
CH32V003,TIM1,TIM,CTLR1,0x40012c00,0x000,16,1,#,confirmed,evt(ch32v00x.h)+rm(CH32V003RM.PDF)+rm-address(CH32V003RM.PDF)
CH32V003,TIM1,TIM,CTLR2,0x40012c04,0x004,16,1,#,confirmed,evt(ch32v00x.h)+rm(CH32V003RM.PDF)+rm-address(CH32V003RM.PDF)
CH32V003,TIM1,TIM,SMCFGR,0x40012c08,0x008,16,1,#,confirmed,evt(ch32v00x.h)+rm(CH32V003RM.PDF)+rm-address(CH32V003RM.PDF)
CH32V003,TIM1,TIM,DMAINTENR,0x40012c0c,0x00c,16,1,#,confirmed,evt(ch32v00x.h)+rm(CH32V003RM.PDF)+rm-address(CH32V003RM.PDF)
CH32V003,TIM1,TIM,INTFR,0x40012c10,0x010,16,1,#,confirmed,evt(ch32v00x.h)+rm(CH32V003RM.PDF)+rm-address(CH32V003RM.PDF)
CH32V003,TIM1,TIM,SWEVGR,0x40012c14,0x014,16,1,#,confirmed,evt(ch32v00x.h)+rm(CH32V003RM.PDF)+rm-address(CH32V003RM.PDF)
CH32V003,TIM1,TIM,CHCTLR1,0x40012c18,0x018,16,1,#,confirmed,evt(ch32v00x.h)+rm(CH32V003RM.PDF)+rm-address(CH32V003RM.PDF)
CH32V003,TIM1,TIM,CHCTLR2,0x40012c1c,0x01c,16,1,#,confirmed,evt(ch32v00x.h)+rm(CH32V003RM.PDF)+rm-address(CH32V003RM.PDF)
CH32V003,TIM1,TIM,CCER,0x40012c20,0x020,16,1,#,confirmed,evt(ch32v00x.h)+rm(CH32V003RM.PDF)+rm-address(CH32V003RM.PDF)
CH32V003,TIM1,TIM,CNT,0x40012c24,0x024,16,1,#,confirmed,evt(ch32v00x.h)+rm(CH32V003RM.PDF)+rm-address(CH32V003RM.PDF)
CH32V003,TIM1,TIM,PSC,0x40012c28,0x028,16,1,#,confirmed,evt(ch32v00x.h)+rm(CH32V003RM.PDF)+rm-address(CH32V003RM.PDF)
CH32V003,TIM1,TIM,ATRLR,0x40012c2c,0x02c,16,1,#,confirmed,evt(ch32v00x.h)+rm(CH32V003RM.PDF)+rm-address(CH32V003RM.PDF)
CH32V003,TIM1,TIM,RPTCR,0x40012c30,0x030,16,1,#,confirmed,evt(ch32v00x.h)+rm(CH32V003RM.PDF)+rm-address(CH32V003RM.PDF)
CH32V003,TIM1,TIM,CH1CVR,0x40012c34,0x034,32,1,#,confirmed,evt(ch32v00x.h)+rm(CH32V003RM.PDF)+rm-address(CH32V003RM.PDF)
CH32V003,TIM1,TIM,CH2CVR,0x40012c38,0x038,32,1,#,confirmed,evt(ch32v00x.h)+rm(CH32V003RM.PDF)+rm-address(CH32V003RM.PDF)
CH32V003,TIM1,TIM,CH3CVR,0x40012c3c,0x03c,32,1,#,confirmed,evt(ch32v00x.h)+rm(CH32V003RM.PDF)+rm-address(CH32V003RM.PDF)
CH32V003,TIM1,TIM,CH4CVR,0x40012c40,0x040,32,1,#,confirmed,evt(ch32v00x.h)+rm(CH32V003RM.PDF)+rm-address(CH32V003RM.PDF)
CH32V003,TIM1,TIM,BDTR,0x40012c44,0x044,16,1,#,confirmed,evt(ch32v00x.h)+rm(CH32V003RM.PDF)+rm-address(CH32V003RM.PDF)
CH32V003,TIM1,TIM,DMACFGR,0x40012c48,0x048,16,1,#,confirmed,evt(ch32v00x.h)+rm(CH32V003RM.PDF)+rm-address(CH32V003RM.PDF)
CH32V003,TIM1,TIM,DMAADR,0x40012c4c,0x04c,16,1,#,confirmed,evt(ch32v00x.h)+rm(CH32V003RM.PDF)+rm-address(CH32V003RM.PDF)
CH32V003,SPI1,SPI,CTLR1,0x40013000,0x000,16,1,#,confirmed,evt(ch32v00x.h)+rm(CH32V003RM.PDF)+rm-address(CH32V003RM.PDF)
CH32V003,SPI1,SPI,CTLR2,0x40013004,0x004,16,1,#,confirmed,evt(ch32v00x.h)+rm(CH32V003RM.PDF)+rm-address(CH32V003RM.PDF)
CH32V003,SPI1,SPI,STATR,0x40013008,0x008,16,1,#,confirmed,evt(ch32v00x.h)+rm(CH32V003RM.PDF)+rm-address(CH32V003RM.PDF)
CH32V003,SPI1,SPI,DATAR,0x4001300c,0x00c,16,1,#,confirmed,evt(ch32v00x.h)+rm(CH32V003RM.PDF)+rm-address(CH32V003RM.PDF)
CH32V003,SPI1,SPI,CRCR,0x40013010,0x010,16,1,#,confirmed,evt(ch32v00x.h)+rm(CH32V003RM.PDF)+rm-address(CH32V003RM.PDF)
CH32V003,SPI1,SPI,RCRCR,0x40013014,0x014,16,1,#,confirmed,evt(ch32v00x.h)+rm(CH32V003RM.PDF)+rm-address(CH32V003RM.PDF)
CH32V003,SPI1,SPI,TCRCR,0x40013018,0x018,16,1,#,confirmed,evt(ch32v00x.h)+rm(CH32V003RM.PDF)+rm-address(CH32V003RM.PDF)
CH32V003,SPI1,SPI,HSCR,0x40013024,0x024,16,1,#,confirmed,evt(ch32v00x.h)+rm(CH32V003RM.PDF)+rm-address(CH32V003RM.PDF)
CH32V003,USART1,USART,STATR,0x40013800,0x000,16,1,#,confirmed,evt(ch32v00x.h)+rm(CH32V003RM.PDF)+rm-address(CH32V003RM.PDF)
CH32V003,USART1,USART,DATAR,0x40013804,0x004,16,1,#,confirmed,evt(ch32v00x.h)+rm(CH32V003RM.PDF)+rm-address(CH32V003RM.PDF)
CH32V003,USART1,USART,BRR,0x40013808,0x008,16,1,#,confirmed,evt(ch32v00x.h)+rm(CH32V003RM.PDF)+rm-address(CH32V003RM.PDF)
CH32V003,USART1,USART,CTLR1,0x4001380c,0x00c,16,1,#,confirmed,evt(ch32v00x.h)+rm(CH32V003RM.PDF)+rm-address(CH32V003RM.PDF)
CH32V003,USART1,USART,CTLR2,0x40013810,0x010,16,1,#,confirmed,evt(ch32v00x.h)+rm(CH32V003RM.PDF)+rm-address(CH32V003RM.PDF)
CH32V003,USART1,USART,CTLR3,0x40013814,0x014,16,1,#,confirmed,evt(ch32v00x.h)+rm(CH32V003RM.PDF)+rm-address(CH32V003RM.PDF)
CH32V003,USART1,USART,GPR,0x40013818,0x018,16,1,#,confirmed,evt(ch32v00x.h)+rm(CH32V003RM.PDF)+rm-address(CH32V003RM.PDF)
CH32V003,DMA1,DMA,INTFR,0x40020000,0x000,32,1,#,confirmed,evt(ch32v00x.h)+rm-address(CH32V003RM.PDF)
CH32V003,DMA1,DMA,INTFCR,0x40020004,0x004,32,1,#,confirmed,evt(ch32v00x.h)+rm-address(CH32V003RM.PDF)
CH32V003,DMA1_Channel1,DMA_Channel,CFGR,0x40020008,0x000,32,1,#,confirmed,evt(ch32v00x.h)+rm-address(CH32V003RM.PDF)
CH32V003,DMA1_Channel1,DMA_Channel,CNTR,0x4002000c,0x004,32,1,#,confirmed,evt(ch32v00x.h)+rm-address(CH32V003RM.PDF)
CH32V003,DMA1_Channel1,DMA_Channel,PADDR,0x40020010,0x008,32,1,#,confirmed,evt(ch32v00x.h)+rm-address(CH32V003RM.PDF)
CH32V003,DMA1_Channel1,DMA_Channel,MADDR,0x40020014,0x00c,32,1,#,confirmed,evt(ch32v00x.h)+rm-address(CH32V003RM.PDF)
CH32V003,DMA1_Channel2,DMA_Channel,CFGR,0x4002001c,0x000,32,1,#,confirmed,evt(ch32v00x.h)+rm-address(CH32V003RM.PDF)
CH32V003,DMA1_Channel2,DMA_Channel,CNTR,0x40020020,0x004,32,1,#,confirmed,evt(ch32v00x.h)+rm-address(CH32V003RM.PDF)
CH32V003,DMA1_Channel2,DMA_Channel,PADDR,0x40020024,0x008,32,1,#,confirmed,evt(ch32v00x.h)+rm-address(CH32V003RM.PDF)
CH32V003,DMA1_Channel2,DMA_Channel,MADDR,0x40020028,0x00c,32,1,#,confirmed,evt(ch32v00x.h)+rm-address(CH32V003RM.PDF)
CH32V003,DMA1_Channel3,DMA_Channel,CFGR,0x40020030,0x000,32,1,#,confirmed,evt(ch32v00x.h)+rm-address(CH32V003RM.PDF)
CH32V003,DMA1_Channel3,DMA_Channel,CNTR,0x40020034,0x004,32,1,#,confirmed,evt(ch32v00x.h)+rm-address(CH32V003RM.PDF)
CH32V003,DMA1_Channel3,DMA_Channel,PADDR,0x40020038,0x008,32,1,#,confirmed,evt(ch32v00x.h)+rm-address(CH32V003RM.PDF)
CH32V003,DMA1_Channel3,DMA_Channel,MADDR,0x4002003c,0x00c,32,1,#,confirmed,evt(ch32v00x.h)+rm-address(CH32V003RM.PDF)
CH32V003,DMA1_Channel4,DMA_Channel,CFGR,0x40020044,0x000,32,1,#,confirmed,evt(ch32v00x.h)+rm-address(CH32V003RM.PDF)
CH32V003,DMA1_Channel4,DMA_Channel,CNTR,0x40020048,0x004,32,1,#,confirmed,evt(ch32v00x.h)+rm-address(CH32V003RM.PDF)
CH32V003,DMA1_Channel4,DMA_Channel,PADDR,0x4002004c,0x008,32,1,#,confirmed,evt(ch32v00x.h)+rm-address(CH32V003RM.PDF)
CH32V003,DMA1_Channel4,DMA_Channel,MADDR,0x40020050,0x00c,32,1,#,confirmed,evt(ch32v00x.h)+rm-address(CH32V003RM.PDF)
CH32V003,DMA1_Channel5,DMA_Channel,CFGR,0x40020058,0x000,32,1,#,confirmed,evt(ch32v00x.h)+rm-address(CH32V003RM.PDF)
CH32V003,DMA1_Channel5,DMA_Channel,CNTR,0x4002005c,0x004,32,1,#,confirmed,evt(ch32v00x.h)+rm-address(CH32V003RM.PDF)
CH32V003,DMA1_Channel5,DMA_Channel,PADDR,0x40020060,0x008,32,1,#,confirmed,evt(ch32v00x.h)+rm-address(CH32V003RM.PDF)
CH32V003,DMA1_Channel5,DMA_Channel,MADDR,0x40020064,0x00c,32,1,#,confirmed,evt(ch32v00x.h)+rm-address(CH32V003RM.PDF)
CH32V003,DMA1_Channel6,DMA_Channel,CFGR,0x4002006c,0x000,32,1,#,confirmed,evt(ch32v00x.h)+rm-address(CH32V003RM.PDF)
CH32V003,DMA1_Channel6,DMA_Channel,CNTR,0x40020070,0x004,32,1,#,confirmed,evt(ch32v00x.h)+rm-address(CH32V003RM.PDF)
CH32V003,DMA1_Channel6,DMA_Channel,PADDR,0x40020074,0x008,32,1,#,confirmed,evt(ch32v00x.h)+rm-address(CH32V003RM.PDF)
CH32V003,DMA1_Channel6,DMA_Channel,MADDR,0x40020078,0x00c,32,1,#,confirmed,evt(ch32v00x.h)+rm-address(CH32V003RM.PDF)
CH32V003,DMA1_Channel7,DMA_Channel,CFGR,0x40020080,0x000,32,1,#,confirmed,evt(ch32v00x.h)+rm-address(CH32V003RM.PDF)
CH32V003,DMA1_Channel7,DMA_Channel,CNTR,0x40020084,0x004,32,1,#,confirmed,evt(ch32v00x.h)+rm-address(CH32V003RM.PDF)
CH32V003,DMA1_Channel7,DMA_Channel,PADDR,0x40020088,0x008,32,1,#,confirmed,evt(ch32v00x.h)+rm-address(CH32V003RM.PDF)
CH32V003,DMA1_Channel7,DMA_Channel,MADDR,0x4002008c,0x00c,32,1,#,confirmed,evt(ch32v00x.h)+rm-address(CH32V003RM.PDF)
CH32V003,RCC,RCC,CTLR,0x40021000,0x000,32,1,#,confirmed,evt(ch32v00x.h)+rm(CH32V003RM.PDF)+rm-address(CH32V003RM.PDF)
CH32V003,RCC,RCC,CFGR0,0x40021004,0x004,32,1,#,confirmed,evt(ch32v00x.h)+rm(CH32V003RM.PDF)+rm-address(CH32V003RM.PDF)
CH32V003,RCC,RCC,INTR,0x40021008,0x008,32,1,#,confirmed,evt(ch32v00x.h)+rm(CH32V003RM.PDF)+rm-address(CH32V003RM.PDF)
CH32V003,RCC,RCC,APB2PRSTR,0x4002100c,0x00c,32,1,#,confirmed,evt(ch32v00x.h)+rm(CH32V003RM.PDF)+rm-address(CH32V003RM.PDF)
CH32V003,RCC,RCC,APB1PRSTR,0x40021010,0x010,32,1,#,confirmed,evt(ch32v00x.h)+rm(CH32V003RM.PDF)+rm-address(CH32V003RM.PDF)
CH32V003,RCC,RCC,AHBPCENR,0x40021014,0x014,32,1,#,confirmed,evt(ch32v00x.h)+rm(CH32V003RM.PDF)+rm-address(CH32V003RM.PDF)
CH32V003,RCC,RCC,APB2PCENR,0x40021018,0x018,32,1,#,confirmed,evt(ch32v00x.h)+rm(CH32V003RM.PDF)+rm-address(CH32V003RM.PDF)
CH32V003,RCC,RCC,APB1PCENR,0x4002101c,0x01c,32,1,#,confirmed,evt(ch32v00x.h)+rm(CH32V003RM.PDF)+rm-address(CH32V003RM.PDF)
CH32V003,RCC,RCC,RSTSCKR,0x40021024,0x024,32,1,#,confirmed,evt(ch32v00x.h)+rm(CH32V003RM.PDF)+rm-address(CH32V003RM.PDF)
CH32V003,FLASH,FLASH,ACTLR,0x40022000,0x000,32,1,#,confirmed,evt(ch32v00x.h)+rm(CH32V003RM.PDF)+rm-address(CH32V003RM.PDF)
CH32V003,FLASH,FLASH,KEYR,0x40022004,0x004,32,1,#,confirmed,evt(ch32v00x.h)+rm(CH32V003RM.PDF)+rm-address(CH32V003RM.PDF)
CH32V003,FLASH,FLASH,OBKEYR,0x40022008,0x008,32,1,#,confirmed,evt(ch32v00x.h)+rm(CH32V003RM.PDF)+rm-address(CH32V003RM.PDF)
CH32V003,FLASH,FLASH,STATR,0x4002200c,0x00c,32,1,#,confirmed,evt(ch32v00x.h)+rm(CH32V003RM.PDF)+rm-address(CH32V003RM.PDF)
CH32V003,FLASH,FLASH,CTLR,0x40022010,0x010,32,1,#,confirmed,evt(ch32v00x.h)+rm(CH32V003RM.PDF)+rm-address(CH32V003RM.PDF)
CH32V003,FLASH,FLASH,ADDR,0x40022014,0x014,32,1,#,confirmed,evt(ch32v00x.h)+rm-address(CH32V003RM.PDF)
CH32V003,FLASH,FLASH,OBR,0x4002201c,0x01c,32,1,#,confirmed,evt(ch32v00x.h)+rm(CH32V003RM.PDF)+rm-address(CH32V003RM.PDF)
CH32V003,FLASH,FLASH,WPR,0x40022020,0x020,32,1,#,confirmed,evt(ch32v00x.h)+rm(CH32V003RM.PDF)+rm-address(CH32V003RM.PDF)
CH32V003,FLASH,FLASH,MODEKEYR,0x40022024,0x024,32,1,#,confirmed,evt(ch32v00x.h)+rm(CH32V003RM.PDF)+rm-address(CH32V003RM.PDF)
CH32V003,FLASH,FLASH,BOOT_MODEKEYR,0x40022028,0x028,32,1,#,confirmed,evt(ch32v00x.h)+rm-address(CH32V003RM.PDF)
CH32V003,EXTEN,EXTEN,EXTEN_CTR,0x40023800,0x000,32,1,#,confirmed,evt(ch32v00x.h)+rm-address(CH32V003RM.PDF)
CH32V006,OB,OB,RDPR,0x1ffff800,0x000,16,1,#,reference,evt(ch32v00X.h)
CH32V006,OB,OB,USER,0x1ffff802,0x002,16,1,#,reference,evt(ch32v00X.h)
CH32V006,OB,OB,Data0,0x1ffff804,0x004,16,1,#,reference,evt(ch32v00X.h)
CH32V006,OB,OB,Data1,0x1ffff806,0x006,16,1,#,reference,evt(ch32v00X.h)
CH32V006,OB,OB,WRPR0,0x1ffff808,0x008,16,1,#,reference,evt(ch32v00X.h)
CH32V006,OB,OB,WRPR1,0x1ffff80a,0x00a,16,1,#,reference,evt(ch32v00X.h)
CH32V006,OB,OB,WRPR2,0x1ffff80c,0x00c,16,1,#,reference,evt(ch32v00X.h)
CH32V006,OB,OB,WRPR3,0x1ffff80e,0x00e,16,1,#,reference,evt(ch32v00X.h)
CH32V006,TIM2,TIM,CTLR1,0x40000000,0x000,16,1,#,confirmed,evt(ch32v00X.h)+rm(CH32V00XRM.PDF)+rm-address(CH32V00XRM.PDF)
CH32V006,TIM2,TIM,TIM3_CTLR,0x40000000,0x000,16,1,#,confirmed,evt(ch32v00X.h)+rm-address(CH32V00XRM.PDF)
CH32V006,TIM2,TIM,CTLR2,0x40000004,0x004,16,1,#,confirmed,evt(ch32v00X.h)+rm(CH32V00XRM.PDF)+rm-address(CH32V00XRM.PDF)
CH32V006,TIM2,TIM,TIM3_DMAINTENR,0x40000004,0x004,16,1,#,confirmed,evt(ch32v00X.h)+rm-address(CH32V00XRM.PDF)
CH32V006,TIM2,TIM,SMCFGR,0x40000008,0x008,16,1,#,confirmed,evt(ch32v00X.h)+rm(CH32V00XRM.PDF)+rm-address(CH32V00XRM.PDF)
CH32V006,TIM2,TIM,TIM3_CNT,0x40000008,0x008,16,1,#,confirmed,evt(ch32v00X.h)+rm-address(CH32V00XRM.PDF)
CH32V006,TIM2,TIM,DMAINTENR,0x4000000c,0x00c,16,1,#,confirmed,evt(ch32v00X.h)+rm(CH32V00XRM.PDF)+rm-address(CH32V00XRM.PDF)
CH32V006,TIM2,TIM,TIM3_ATRLR,0x4000000c,0x00c,16,1,#,confirmed,evt(ch32v00X.h)+rm-address(CH32V00XRM.PDF)
CH32V006,TIM2,TIM,INTFR,0x40000010,0x010,16,1,#,confirmed,evt(ch32v00X.h)+rm(CH32V00XRM.PDF)+rm-address(CH32V00XRM.PDF)
CH32V006,TIM2,TIM,TIM3_CH1CVR,0x40000010,0x010,16,1,#,confirmed,evt(ch32v00X.h)+rm-address(CH32V00XRM.PDF)
CH32V006,TIM2,TIM,SWEVGR,0x40000014,0x014,16,1,#,confirmed,evt(ch32v00X.h)+rm(CH32V00XRM.PDF)+rm-address(CH32V00XRM.PDF)
CH32V006,TIM2,TIM,TIM3_CH2CVR,0x40000014,0x014,16,1,#,confirmed,evt(ch32v00X.h)+rm-address(CH32V00XRM.PDF)
CH32V006,TIM2,TIM,CHCTLR1,0x40000018,0x018,16,1,#,confirmed,evt(ch32v00X.h)+rm(CH32V00XRM.PDF)+rm-address(CH32V00XRM.PDF)
CH32V006,TIM2,TIM,TIM3_CH3CVR,0x40000018,0x018,16,1,#,confirmed,evt(ch32v00X.h)+rm-address(CH32V00XRM.PDF)
CH32V006,TIM2,TIM,CHCTLR2,0x4000001c,0x01c,16,1,#,confirmed,evt(ch32v00X.h)+rm(CH32V00XRM.PDF)+rm-address(CH32V00XRM.PDF)
CH32V006,TIM2,TIM,TIM3_CH4CVR,0x4000001c,0x01c,16,1,#,confirmed,evt(ch32v00X.h)+rm-address(CH32V00XRM.PDF)
CH32V006,TIM2,TIM,CCER,0x40000020,0x020,16,1,#,confirmed,evt(ch32v00X.h)+rm(CH32V00XRM.PDF)+rm-address(CH32V00XRM.PDF)
CH32V006,TIM2,TIM,CNT,0x40000024,0x024,16,1,#,confirmed,evt(ch32v00X.h)+rm(CH32V00XRM.PDF)+rm-address(CH32V00XRM.PDF)
CH32V006,TIM2,TIM,PSC,0x40000028,0x028,16,1,#,confirmed,evt(ch32v00X.h)+rm(CH32V00XRM.PDF)+rm-address(CH32V00XRM.PDF)
CH32V006,TIM2,TIM,ATRLR,0x4000002c,0x02c,16,1,#,confirmed,evt(ch32v00X.h)+rm(CH32V00XRM.PDF)+rm-address(CH32V00XRM.PDF)
CH32V006,TIM2,TIM,RPTCR,0x40000030,0x030,16,1,#,confirmed,evt(ch32v00X.h)+rm(CH32V00XRM.PDF)+rm-address(CH32V00XRM.PDF)
CH32V006,TIM2,TIM,CH1CVR,0x40000034,0x034,32,1,#,confirmed,evt(ch32v00X.h)+rm(CH32V00XRM.PDF)+rm-address(CH32V00XRM.PDF)
CH32V006,TIM2,TIM,CH2CVR,0x40000038,0x038,32,1,#,confirmed,evt(ch32v00X.h)+rm(CH32V00XRM.PDF)+rm-address(CH32V00XRM.PDF)
CH32V006,TIM2,TIM,CH3CVR,0x4000003c,0x03c,32,1,#,confirmed,evt(ch32v00X.h)+rm(CH32V00XRM.PDF)+rm-address(CH32V00XRM.PDF)
CH32V006,TIM2,TIM,CH4CVR,0x40000040,0x040,32,1,#,confirmed,evt(ch32v00X.h)+rm(CH32V00XRM.PDF)+rm-address(CH32V00XRM.PDF)
CH32V006,TIM2,TIM,BDTR,0x40000044,0x044,16,1,#,confirmed,evt(ch32v00X.h)+rm(CH32V00XRM.PDF)+rm-address(CH32V00XRM.PDF)
CH32V006,TIM2,TIM,TIM2_DTCR,0x40000044,0x044,16,1,#,confirmed,evt(ch32v00X.h)+rm-address(CH32V00XRM.PDF)
CH32V006,TIM2,TIM,DMACFGR,0x40000048,0x048,16,1,#,confirmed,evt(ch32v00X.h)+rm(CH32V00XRM.PDF)+rm-address(CH32V00XRM.PDF)
CH32V006,TIM2,TIM,DMAADR,0x4000004c,0x04c,16,1,#,confirmed,evt(ch32v00X.h)+rm(CH32V00XRM.PDF)+rm-address(CH32V00XRM.PDF)
CH32V006,TIM3,TIM,CTLR1,0x40000800,0x000,16,1,#,confirmed,evt(ch32v00X.h)+rm(CH32V00XRM.PDF)+rm-address(CH32V00XRM.PDF)
CH32V006,TIM3,TIM,TIM3_CTLR,0x40000800,0x000,16,1,#,confirmed,evt(ch32v00X.h)+rm-address(CH32V00XRM.PDF)
CH32V006,TIM3,TIM,CTLR2,0x40000804,0x004,16,1,#,confirmed,evt(ch32v00X.h)+rm(CH32V00XRM.PDF)+rm-address(CH32V00XRM.PDF)
CH32V006,TIM3,TIM,TIM3_DMAINTENR,0x40000804,0x004,16,1,#,confirmed,evt(ch32v00X.h)+rm-address(CH32V00XRM.PDF)
CH32V006,TIM3,TIM,SMCFGR,0x40000808,0x008,16,1,#,confirmed,evt(ch32v00X.h)+rm(CH32V00XRM.PDF)+rm-address(CH32V00XRM.PDF)
CH32V006,TIM3,TIM,TIM3_CNT,0x40000808,0x008,16,1,#,confirmed,evt(ch32v00X.h)+rm-address(CH32V00XRM.PDF)
CH32V006,TIM3,TIM,DMAINTENR,0x4000080c,0x00c,16,1,#,confirmed,evt(ch32v00X.h)+rm(CH32V00XRM.PDF)+rm-address(CH32V00XRM.PDF)
CH32V006,TIM3,TIM,TIM3_ATRLR,0x4000080c,0x00c,16,1,#,confirmed,evt(ch32v00X.h)+rm-address(CH32V00XRM.PDF)
CH32V006,TIM3,TIM,INTFR,0x40000810,0x010,16,1,#,confirmed,evt(ch32v00X.h)+rm(CH32V00XRM.PDF)+rm-address(CH32V00XRM.PDF)
CH32V006,TIM3,TIM,TIM3_CH1CVR,0x40000810,0x010,16,1,#,confirmed,evt(ch32v00X.h)+rm-address(CH32V00XRM.PDF)
CH32V006,TIM3,TIM,SWEVGR,0x40000814,0x014,16,1,#,confirmed,evt(ch32v00X.h)+rm(CH32V00XRM.PDF)+rm-address(CH32V00XRM.PDF)
CH32V006,TIM3,TIM,TIM3_CH2CVR,0x40000814,0x014,16,1,#,confirmed,evt(ch32v00X.h)+rm-address(CH32V00XRM.PDF)
CH32V006,TIM3,TIM,CHCTLR1,0x40000818,0x018,16,1,#,confirmed,evt(ch32v00X.h)+rm(CH32V00XRM.PDF)+rm-address(CH32V00XRM.PDF)
CH32V006,TIM3,TIM,TIM3_CH3CVR,0x40000818,0x018,16,1,#,confirmed,evt(ch32v00X.h)+rm-address(CH32V00XRM.PDF)
CH32V006,TIM3,TIM,CHCTLR2,0x4000081c,0x01c,16,1,#,confirmed,evt(ch32v00X.h)+rm(CH32V00XRM.PDF)+rm-address(CH32V00XRM.PDF)
CH32V006,TIM3,TIM,TIM3_CH4CVR,0x4000081c,0x01c,16,1,#,confirmed,evt(ch32v00X.h)+rm-address(CH32V00XRM.PDF)
CH32V006,TIM3,TIM,CCER,0x40000820,0x020,16,1,#,confirmed,evt(ch32v00X.h)+rm(CH32V00XRM.PDF)+rm-address(CH32V00XRM.PDF)
CH32V006,TIM3,TIM,CNT,0x40000824,0x024,16,1,#,confirmed,evt(ch32v00X.h)+rm(CH32V00XRM.PDF)+rm-address(CH32V00XRM.PDF)
CH32V006,TIM3,TIM,PSC,0x40000828,0x028,16,1,#,confirmed,evt(ch32v00X.h)+rm(CH32V00XRM.PDF)+rm-address(CH32V00XRM.PDF)
CH32V006,TIM3,TIM,ATRLR,0x4000082c,0x02c,16,1,#,confirmed,evt(ch32v00X.h)+rm(CH32V00XRM.PDF)+rm-address(CH32V00XRM.PDF)
CH32V006,TIM3,TIM,RPTCR,0x40000830,0x030,16,1,#,confirmed,evt(ch32v00X.h)+rm(CH32V00XRM.PDF)+rm-address(CH32V00XRM.PDF)
CH32V006,TIM3,TIM,CH1CVR,0x40000834,0x034,32,1,#,confirmed,evt(ch32v00X.h)+rm(CH32V00XRM.PDF)+rm-address(CH32V00XRM.PDF)
CH32V006,TIM3,TIM,CH2CVR,0x40000838,0x038,32,1,#,confirmed,evt(ch32v00X.h)+rm(CH32V00XRM.PDF)+rm-address(CH32V00XRM.PDF)
CH32V006,TIM3,TIM,CH3CVR,0x4000083c,0x03c,32,1,#,confirmed,evt(ch32v00X.h)+rm(CH32V00XRM.PDF)+rm-address(CH32V00XRM.PDF)
CH32V006,TIM3,TIM,CH4CVR,0x40000840,0x040,32,1,#,confirmed,evt(ch32v00X.h)+rm(CH32V00XRM.PDF)+rm-address(CH32V00XRM.PDF)
CH32V006,TIM3,TIM,BDTR,0x40000844,0x044,16,1,#,confirmed,evt(ch32v00X.h)+rm(CH32V00XRM.PDF)+rm-address(CH32V00XRM.PDF)
CH32V006,TIM3,TIM,TIM2_DTCR,0x40000844,0x044,16,1,#,confirmed,evt(ch32v00X.h)+rm-address(CH32V00XRM.PDF)
CH32V006,TIM3,TIM,DMACFGR,0x40000848,0x048,16,1,#,confirmed,evt(ch32v00X.h)+rm(CH32V00XRM.PDF)+rm-address(CH32V00XRM.PDF)
CH32V006,TIM3,TIM,DMAADR,0x4000084c,0x04c,16,1,#,confirmed,evt(ch32v00X.h)+rm(CH32V00XRM.PDF)+rm-address(CH32V00XRM.PDF)
CH32V006,WWDG,WWDG,CTLR,0x40002c00,0x000,32,1,#,confirmed,evt(ch32v00X.h)+rm(CH32V00XRM.PDF)+rm-address(CH32V00XRM.PDF)
CH32V006,WWDG,WWDG,CFGR,0x40002c04,0x004,32,1,#,confirmed,evt(ch32v00X.h)+rm(CH32V00XRM.PDF)+rm-address(CH32V00XRM.PDF)
CH32V006,WWDG,WWDG,STATR,0x40002c08,0x008,32,1,#,confirmed,evt(ch32v00X.h)+rm(CH32V00XRM.PDF)+rm-address(CH32V00XRM.PDF)
CH32V006,IWDG,IWDG,CTLR,0x40003000,0x000,32,1,#,confirmed,evt(ch32v00X.h)+rm(CH32V00XRM.PDF)+rm-address(CH32V00XRM.PDF)
CH32V006,IWDG,IWDG,PSCR,0x40003004,0x004,32,1,#,confirmed,evt(ch32v00X.h)+rm(CH32V00XRM.PDF)+rm-address(CH32V00XRM.PDF)
CH32V006,IWDG,IWDG,RLDR,0x40003008,0x008,32,1,#,confirmed,evt(ch32v00X.h)+rm(CH32V00XRM.PDF)+rm-address(CH32V00XRM.PDF)
CH32V006,IWDG,IWDG,STATR,0x4000300c,0x00c,32,1,#,confirmed,evt(ch32v00X.h)+rm(CH32V00XRM.PDF)+rm-address(CH32V00XRM.PDF)
CH32V006,USART2,USART,STATR,0x40004400,0x000,16,1,#,confirmed,evt(ch32v00X.h)+rm(CH32V00XRM.PDF)+rm-address(CH32V00XRM.PDF)
CH32V006,USART2,USART,DATAR,0x40004404,0x004,16,1,#,confirmed,evt(ch32v00X.h)+rm(CH32V00XRM.PDF)+rm-address(CH32V00XRM.PDF)
CH32V006,USART2,USART,BRR,0x40004408,0x008,16,1,#,confirmed,evt(ch32v00X.h)+rm(CH32V00XRM.PDF)+rm-address(CH32V00XRM.PDF)
CH32V006,USART2,USART,CTLR1,0x4000440c,0x00c,16,1,#,confirmed,evt(ch32v00X.h)+rm(CH32V00XRM.PDF)+rm-address(CH32V00XRM.PDF)
CH32V006,USART2,USART,CTLR2,0x40004410,0x010,16,1,#,confirmed,evt(ch32v00X.h)+rm(CH32V00XRM.PDF)+rm-address(CH32V00XRM.PDF)
CH32V006,USART2,USART,CTLR3,0x40004414,0x014,16,1,#,confirmed,evt(ch32v00X.h)+rm(CH32V00XRM.PDF)+rm-address(CH32V00XRM.PDF)
CH32V006,USART2,USART,GPR,0x40004418,0x018,16,1,#,confirmed,evt(ch32v00X.h)+rm(CH32V00XRM.PDF)+rm-address(CH32V00XRM.PDF)
CH32V006,I2C1,I2C,CTLR1,0x40005400,0x000,16,1,#,confirmed,evt(ch32v00X.h)+rm(CH32V00XRM.PDF)+rm-address(CH32V00XRM.PDF)
CH32V006,I2C1,I2C,CTLR2,0x40005404,0x004,16,1,#,confirmed,evt(ch32v00X.h)+rm(CH32V00XRM.PDF)+rm-address(CH32V00XRM.PDF)
CH32V006,I2C1,I2C,OADDR1,0x40005408,0x008,16,1,#,confirmed,evt(ch32v00X.h)+rm(CH32V00XRM.PDF)+rm-address(CH32V00XRM.PDF)
CH32V006,I2C1,I2C,OADDR2,0x4000540c,0x00c,16,1,#,confirmed,evt(ch32v00X.h)+rm(CH32V00XRM.PDF)+rm-address(CH32V00XRM.PDF)
CH32V006,I2C1,I2C,DATAR,0x40005410,0x010,16,1,#,confirmed,evt(ch32v00X.h)+rm-address(CH32V00XRM.PDF)
CH32V006,I2C1,I2C,STAR1,0x40005414,0x014,16,1,#,confirmed,evt(ch32v00X.h)+rm(CH32V00XRM.PDF)+rm-address(CH32V00XRM.PDF)
CH32V006,I2C1,I2C,STAR2,0x40005418,0x018,16,1,#,confirmed,evt(ch32v00X.h)+rm(CH32V00XRM.PDF)+rm-address(CH32V00XRM.PDF)
CH32V006,I2C1,I2C,CKCFGR,0x4000541c,0x01c,16,1,#,confirmed,evt(ch32v00X.h)+rm(CH32V00XRM.PDF)+rm-address(CH32V00XRM.PDF)
CH32V006,PWR,PWR,CTLR,0x40007000,0x000,32,1,#,confirmed,evt(ch32v00X.h)+rm(CH32V00XRM.PDF)+rm-address(CH32V00XRM.PDF)
CH32V006,PWR,PWR,CSR,0x40007004,0x004,32,1,#,confirmed,evt(ch32v00X.h)+rm(CH32V00XRM.PDF)+rm-address(CH32V00XRM.PDF)
CH32V006,PWR,PWR,AWUCSR,0x40007008,0x008,32,1,#,confirmed,evt(ch32v00X.h)+rm(CH32V00XRM.PDF)+rm-address(CH32V00XRM.PDF)
CH32V006,PWR,PWR,AWUWR,0x4000700c,0x00c,32,1,#,confirmed,evt(ch32v00X.h)+rm(CH32V00XRM.PDF)+rm-address(CH32V00XRM.PDF)
CH32V006,PWR,PWR,AWUPSC,0x40007010,0x010,32,1,#,confirmed,evt(ch32v00X.h)+rm(CH32V00XRM.PDF)+rm-address(CH32V00XRM.PDF)
CH32V006,AFIO,AFIO,EXTICR,0x40010008,0x008,32,1,#,reference,evt(ch32v00X.h)
CH32V006,AFIO,AFIO,PCFR1,0x4001000c,0x00c,32,1,#,reference,evt(ch32v00X.h)+rm(CH32V00XRM.PDF)
CH32V006,EXTI,EXTI,INTENR,0x40010400,0x000,32,1,#,confirmed,evt(ch32v00X.h)+rm(CH32V00XRM.PDF)+rm-address(CH32V00XRM.PDF)
CH32V006,EXTI,EXTI,EVENR,0x40010404,0x004,32,1,#,confirmed,evt(ch32v00X.h)+rm(CH32V00XRM.PDF)+rm-address(CH32V00XRM.PDF)
CH32V006,EXTI,EXTI,RTENR,0x40010408,0x008,32,1,#,confirmed,evt(ch32v00X.h)+rm(CH32V00XRM.PDF)+rm-address(CH32V00XRM.PDF)
CH32V006,EXTI,EXTI,FTENR,0x4001040c,0x00c,32,1,#,confirmed,evt(ch32v00X.h)+rm(CH32V00XRM.PDF)+rm-address(CH32V00XRM.PDF)
CH32V006,EXTI,EXTI,SWIEVR,0x40010410,0x010,32,1,#,confirmed,evt(ch32v00X.h)+rm(CH32V00XRM.PDF)
CH32V006,EXTI,EXTI,INTFR,0x40010414,0x014,32,1,#,confirmed,evt(ch32v00X.h)+rm(CH32V00XRM.PDF)
CH32V006,GPIOA,GPIO,CFGLR,0x40010800,0x000,32,1,#,confirmed,evt(ch32v00X.h)+rm-address(CH32V00XRM.PDF)
CH32V006,GPIOA,GPIO,INDR,0x40010808,0x008,32,1,#,confirmed,evt(ch32v00X.h)+rm(CH32V00XRM.PDF)+rm-address(CH32V00XRM.PDF)
CH32V006,GPIOA,GPIO,OUTDR,0x4001080c,0x00c,32,1,#,confirmed,evt(ch32v00X.h)+rm(CH32V00XRM.PDF)+rm-address(CH32V00XRM.PDF)
CH32V006,GPIOA,GPIO,BSHR,0x40010810,0x010,32,1,#,confirmed,evt(ch32v00X.h)+rm(CH32V00XRM.PDF)+rm-address(CH32V00XRM.PDF)
CH32V006,GPIOA,GPIO,BCR,0x40010814,0x014,32,1,#,confirmed,evt(ch32v00X.h)+rm(CH32V00XRM.PDF)+rm-address(CH32V00XRM.PDF)
CH32V006,GPIOA,GPIO,LCKR,0x40010818,0x018,32,1,#,confirmed,evt(ch32v00X.h)+rm(CH32V00XRM.PDF)+rm-address(CH32V00XRM.PDF)
CH32V006,GPIOB,GPIO,CFGLR,0x40010c00,0x000,32,1,#,confirmed,evt(ch32v00X.h)+rm-address(CH32V00XRM.PDF)
CH32V006,GPIOB,GPIO,INDR,0x40010c08,0x008,32,1,#,confirmed,evt(ch32v00X.h)+rm(CH32V00XRM.PDF)+rm-address(CH32V00XRM.PDF)
CH32V006,GPIOB,GPIO,OUTDR,0x40010c0c,0x00c,32,1,#,confirmed,evt(ch32v00X.h)+rm(CH32V00XRM.PDF)+rm-address(CH32V00XRM.PDF)
CH32V006,GPIOB,GPIO,BSHR,0x40010c10,0x010,32,1,#,confirmed,evt(ch32v00X.h)+rm(CH32V00XRM.PDF)+rm-address(CH32V00XRM.PDF)
CH32V006,GPIOB,GPIO,BCR,0x40010c14,0x014,32,1,#,confirmed,evt(ch32v00X.h)+rm(CH32V00XRM.PDF)+rm-address(CH32V00XRM.PDF)
CH32V006,GPIOB,GPIO,LCKR,0x40010c18,0x018,32,1,#,confirmed,evt(ch32v00X.h)+rm(CH32V00XRM.PDF)+rm-address(CH32V00XRM.PDF)
CH32V006,GPIOC,GPIO,CFGLR,0x40011000,0x000,32,1,#,confirmed,evt(ch32v00X.h)+rm-address(CH32V00XRM.PDF)
CH32V006,GPIOC,GPIO,INDR,0x40011008,0x008,32,1,#,confirmed,evt(ch32v00X.h)+rm(CH32V00XRM.PDF)+rm-address(CH32V00XRM.PDF)
CH32V006,GPIOC,GPIO,OUTDR,0x4001100c,0x00c,32,1,#,confirmed,evt(ch32v00X.h)+rm(CH32V00XRM.PDF)+rm-address(CH32V00XRM.PDF)
CH32V006,GPIOC,GPIO,BSHR,0x40011010,0x010,32,1,#,confirmed,evt(ch32v00X.h)+rm(CH32V00XRM.PDF)+rm-address(CH32V00XRM.PDF)
CH32V006,GPIOC,GPIO,BCR,0x40011014,0x014,32,1,#,confirmed,evt(ch32v00X.h)+rm(CH32V00XRM.PDF)+rm-address(CH32V00XRM.PDF)
CH32V006,GPIOC,GPIO,LCKR,0x40011018,0x018,32,1,#,confirmed,evt(ch32v00X.h)+rm(CH32V00XRM.PDF)+rm-address(CH32V00XRM.PDF)
CH32V006,GPIOD,GPIO,CFGLR,0x40011400,0x000,32,1,#,confirmed,evt(ch32v00X.h)+rm-address(CH32V00XRM.PDF)
CH32V006,GPIOD,GPIO,INDR,0x40011408,0x008,32,1,#,confirmed,evt(ch32v00X.h)+rm(CH32V00XRM.PDF)+rm-address(CH32V00XRM.PDF)
CH32V006,GPIOD,GPIO,OUTDR,0x4001140c,0x00c,32,1,#,confirmed,evt(ch32v00X.h)+rm(CH32V00XRM.PDF)+rm-address(CH32V00XRM.PDF)
CH32V006,GPIOD,GPIO,BSHR,0x40011410,0x010,32,1,#,confirmed,evt(ch32v00X.h)+rm(CH32V00XRM.PDF)+rm-address(CH32V00XRM.PDF)
CH32V006,GPIOD,GPIO,BCR,0x40011414,0x014,32,1,#,confirmed,evt(ch32v00X.h)+rm(CH32V00XRM.PDF)+rm-address(CH32V00XRM.PDF)
CH32V006,GPIOD,GPIO,LCKR,0x40011418,0x018,32,1,#,confirmed,evt(ch32v00X.h)+rm(CH32V00XRM.PDF)+rm-address(CH32V00XRM.PDF)
CH32V006,ADC1,ADC,STATR,0x40012400,0x000,32,1,#,confirmed,evt(ch32v00X.h)+rm(CH32V00XRM.PDF)+rm-address(CH32V00XRM.PDF)
CH32V006,TKey1,ADC,STATR,0x40012400,0x000,32,1,#,reference,evt(ch32v00X.h)+rm(CH32V00XRM.PDF)+rm-address(CH32V00XRM.PDF)
CH32V006,ADC1,ADC,CTLR1,0x40012404,0x004,32,1,#,confirmed,evt(ch32v00X.h)+rm(CH32V00XRM.PDF)+rm-address(CH32V00XRM.PDF)
CH32V006,TKey1,ADC,CTLR1,0x40012404,0x004,32,1,#,reference,evt(ch32v00X.h)+rm(CH32V00XRM.PDF)+rm-address(CH32V00XRM.PDF)
CH32V006,ADC1,ADC,CTLR2,0x40012408,0x008,32,1,#,confirmed,evt(ch32v00X.h)+rm(CH32V00XRM.PDF)+rm-address(CH32V00XRM.PDF)
CH32V006,TKey1,ADC,CTLR2,0x40012408,0x008,32,1,#,reference,evt(ch32v00X.h)+rm(CH32V00XRM.PDF)+rm-address(CH32V00XRM.PDF)
CH32V006,ADC1,ADC,SAMPTR2,0x40012410,0x010,32,1,#,confirmed,evt(ch32v00X.h)+rm(CH32V00XRM.PDF)+rm-address(CH32V00XRM.PDF)
CH32V006,TKey1,ADC,SAMPTR2,0x40012410,0x010,32,1,#,reference,evt(ch32v00X.h)+rm(CH32V00XRM.PDF)+rm-address(CH32V00XRM.PDF)
CH32V006,ADC1,ADC,IOFR1,0x40012414,0x014,32,1,#,confirmed,evt(ch32v00X.h)+rm-address(CH32V00XRM.PDF)
CH32V006,TKey1,ADC,IOFR1,0x40012414,0x014,32,1,#,reference,evt(ch32v00X.h)+rm-address(CH32V00XRM.PDF)
CH32V006,ADC1,ADC,IOFR2,0x40012418,0x018,32,1,#,confirmed,evt(ch32v00X.h)+rm-address(CH32V00XRM.PDF)
CH32V006,TKey1,ADC,IOFR2,0x40012418,0x018,32,1,#,reference,evt(ch32v00X.h)+rm-address(CH32V00XRM.PDF)
CH32V006,ADC1,ADC,IOFR3,0x4001241c,0x01c,32,1,#,confirmed,evt(ch32v00X.h)+rm-address(CH32V00XRM.PDF)
CH32V006,TKey1,ADC,IOFR3,0x4001241c,0x01c,32,1,#,reference,evt(ch32v00X.h)+rm-address(CH32V00XRM.PDF)
CH32V006,ADC1,ADC,IOFR4,0x40012420,0x020,32,1,#,confirmed,evt(ch32v00X.h)+rm-address(CH32V00XRM.PDF)
CH32V006,TKey1,ADC,IOFR4,0x40012420,0x020,32,1,#,reference,evt(ch32v00X.h)+rm-address(CH32V00XRM.PDF)
CH32V006,ADC1,ADC,WDHTR,0x40012424,0x024,32,1,#,confirmed,evt(ch32v00X.h)+rm(CH32V00XRM.PDF)+rm-address(CH32V00XRM.PDF)
CH32V006,TKey1,ADC,WDHTR,0x40012424,0x024,32,1,#,reference,evt(ch32v00X.h)+rm(CH32V00XRM.PDF)+rm-address(CH32V00XRM.PDF)
CH32V006,ADC1,ADC,WDLTR,0x40012428,0x028,32,1,#,confirmed,evt(ch32v00X.h)+rm(CH32V00XRM.PDF)+rm-address(CH32V00XRM.PDF)
CH32V006,TKey1,ADC,WDLTR,0x40012428,0x028,32,1,#,reference,evt(ch32v00X.h)+rm(CH32V00XRM.PDF)+rm-address(CH32V00XRM.PDF)
CH32V006,ADC1,ADC,RSQR1,0x4001242c,0x02c,32,1,#,confirmed,evt(ch32v00X.h)+rm(CH32V00XRM.PDF)+rm-address(CH32V00XRM.PDF)
CH32V006,TKey1,ADC,RSQR1,0x4001242c,0x02c,32,1,#,reference,evt(ch32v00X.h)+rm(CH32V00XRM.PDF)+rm-address(CH32V00XRM.PDF)
CH32V006,ADC1,ADC,RSQR2,0x40012430,0x030,32,1,#,confirmed,evt(ch32v00X.h)+rm(CH32V00XRM.PDF)+rm-address(CH32V00XRM.PDF)
CH32V006,TKey1,ADC,RSQR2,0x40012430,0x030,32,1,#,reference,evt(ch32v00X.h)+rm(CH32V00XRM.PDF)+rm-address(CH32V00XRM.PDF)
CH32V006,ADC1,ADC,RSQR3,0x40012434,0x034,32,1,#,confirmed,evt(ch32v00X.h)+rm(CH32V00XRM.PDF)+rm-address(CH32V00XRM.PDF)
CH32V006,TKey1,ADC,RSQR3,0x40012434,0x034,32,1,#,reference,evt(ch32v00X.h)+rm(CH32V00XRM.PDF)+rm-address(CH32V00XRM.PDF)
CH32V006,ADC1,ADC,ISQR,0x40012438,0x038,32,1,#,confirmed,evt(ch32v00X.h)+rm(CH32V00XRM.PDF)+rm-address(CH32V00XRM.PDF)
CH32V006,TKey1,ADC,ISQR,0x40012438,0x038,32,1,#,reference,evt(ch32v00X.h)+rm(CH32V00XRM.PDF)+rm-address(CH32V00XRM.PDF)
CH32V006,ADC1,ADC,IDATAR1,0x4001243c,0x03c,32,1,#,confirmed,evt(ch32v00X.h)+rm-address(CH32V00XRM.PDF)
CH32V006,TKey1,ADC,IDATAR1,0x4001243c,0x03c,32,1,#,reference,evt(ch32v00X.h)+rm-address(CH32V00XRM.PDF)
CH32V006,ADC1,ADC,IDATAR2,0x40012440,0x040,32,1,#,confirmed,evt(ch32v00X.h)+rm-address(CH32V00XRM.PDF)
CH32V006,TKey1,ADC,IDATAR2,0x40012440,0x040,32,1,#,reference,evt(ch32v00X.h)+rm-address(CH32V00XRM.PDF)
CH32V006,ADC1,ADC,IDATAR3,0x40012444,0x044,32,1,#,confirmed,evt(ch32v00X.h)+rm-address(CH32V00XRM.PDF)
CH32V006,TKey1,ADC,IDATAR3,0x40012444,0x044,32,1,#,reference,evt(ch32v00X.h)+rm-address(CH32V00XRM.PDF)
CH32V006,ADC1,ADC,IDATAR4,0x40012448,0x048,32,1,#,confirmed,evt(ch32v00X.h)+rm-address(CH32V00XRM.PDF)
CH32V006,TKey1,ADC,IDATAR4,0x40012448,0x048,32,1,#,reference,evt(ch32v00X.h)+rm-address(CH32V00XRM.PDF)
CH32V006,ADC1,ADC,RDATAR,0x4001244c,0x04c,32,1,#,confirmed,evt(ch32v00X.h)+rm(CH32V00XRM.PDF)
CH32V006,TKey1,ADC,RDATAR,0x4001244c,0x04c,32,1,#,reference,evt(ch32v00X.h)+rm(CH32V00XRM.PDF)
CH32V006,ADC1,ADC,CTLR3,0x40012450,0x050,32,1,#,confirmed,evt(ch32v00X.h)+rm(CH32V00XRM.PDF)
CH32V006,TKey1,ADC,CTLR3,0x40012450,0x050,32,1,#,reference,evt(ch32v00X.h)+rm(CH32V00XRM.PDF)
CH32V006,ADC1,ADC,WDTR1,0x40012454,0x054,32,1,#,confirmed,evt(ch32v00X.h)+rm(CH32V00XRM.PDF)
CH32V006,TKey1,ADC,WDTR1,0x40012454,0x054,32,1,#,reference,evt(ch32v00X.h)+rm(CH32V00XRM.PDF)
CH32V006,ADC1,ADC,WDTR2,0x40012458,0x058,32,1,#,confirmed,evt(ch32v00X.h)+rm(CH32V00XRM.PDF)
CH32V006,TKey1,ADC,WDTR2,0x40012458,0x058,32,1,#,reference,evt(ch32v00X.h)+rm(CH32V00XRM.PDF)
CH32V006,TIM1,TIM,CTLR1,0x40012c00,0x000,16,1,#,confirmed,evt(ch32v00X.h)+rm(CH32V00XRM.PDF)+rm-address(CH32V00XRM.PDF)
CH32V006,TIM1,TIM,TIM3_CTLR,0x40012c00,0x000,16,1,#,confirmed,evt(ch32v00X.h)+rm-address(CH32V00XRM.PDF)
CH32V006,TIM1,TIM,CTLR2,0x40012c04,0x004,16,1,#,confirmed,evt(ch32v00X.h)+rm(CH32V00XRM.PDF)+rm-address(CH32V00XRM.PDF)
CH32V006,TIM1,TIM,TIM3_DMAINTENR,0x40012c04,0x004,16,1,#,confirmed,evt(ch32v00X.h)+rm-address(CH32V00XRM.PDF)
CH32V006,TIM1,TIM,SMCFGR,0x40012c08,0x008,16,1,#,confirmed,evt(ch32v00X.h)+rm(CH32V00XRM.PDF)+rm-address(CH32V00XRM.PDF)
CH32V006,TIM1,TIM,TIM3_CNT,0x40012c08,0x008,16,1,#,confirmed,evt(ch32v00X.h)+rm-address(CH32V00XRM.PDF)
CH32V006,TIM1,TIM,DMAINTENR,0x40012c0c,0x00c,16,1,#,confirmed,evt(ch32v00X.h)+rm(CH32V00XRM.PDF)+rm-address(CH32V00XRM.PDF)
CH32V006,TIM1,TIM,TIM3_ATRLR,0x40012c0c,0x00c,16,1,#,confirmed,evt(ch32v00X.h)+rm-address(CH32V00XRM.PDF)
CH32V006,TIM1,TIM,INTFR,0x40012c10,0x010,16,1,#,confirmed,evt(ch32v00X.h)+rm(CH32V00XRM.PDF)+rm-address(CH32V00XRM.PDF)
CH32V006,TIM1,TIM,TIM3_CH1CVR,0x40012c10,0x010,16,1,#,confirmed,evt(ch32v00X.h)+rm-address(CH32V00XRM.PDF)
CH32V006,TIM1,TIM,SWEVGR,0x40012c14,0x014,16,1,#,confirmed,evt(ch32v00X.h)+rm(CH32V00XRM.PDF)+rm-address(CH32V00XRM.PDF)
CH32V006,TIM1,TIM,TIM3_CH2CVR,0x40012c14,0x014,16,1,#,confirmed,evt(ch32v00X.h)+rm-address(CH32V00XRM.PDF)
CH32V006,TIM1,TIM,CHCTLR1,0x40012c18,0x018,16,1,#,confirmed,evt(ch32v00X.h)+rm(CH32V00XRM.PDF)+rm-address(CH32V00XRM.PDF)
CH32V006,TIM1,TIM,TIM3_CH3CVR,0x40012c18,0x018,16,1,#,confirmed,evt(ch32v00X.h)+rm-address(CH32V00XRM.PDF)
CH32V006,TIM1,TIM,CHCTLR2,0x40012c1c,0x01c,16,1,#,confirmed,evt(ch32v00X.h)+rm(CH32V00XRM.PDF)+rm-address(CH32V00XRM.PDF)
CH32V006,TIM1,TIM,TIM3_CH4CVR,0x40012c1c,0x01c,16,1,#,confirmed,evt(ch32v00X.h)+rm-address(CH32V00XRM.PDF)
CH32V006,TIM1,TIM,CCER,0x40012c20,0x020,16,1,#,confirmed,evt(ch32v00X.h)+rm(CH32V00XRM.PDF)+rm-address(CH32V00XRM.PDF)
CH32V006,TIM1,TIM,CNT,0x40012c24,0x024,16,1,#,confirmed,evt(ch32v00X.h)+rm(CH32V00XRM.PDF)+rm-address(CH32V00XRM.PDF)
CH32V006,TIM1,TIM,PSC,0x40012c28,0x028,16,1,#,confirmed,evt(ch32v00X.h)+rm(CH32V00XRM.PDF)+rm-address(CH32V00XRM.PDF)
CH32V006,TIM1,TIM,ATRLR,0x40012c2c,0x02c,16,1,#,confirmed,evt(ch32v00X.h)+rm(CH32V00XRM.PDF)+rm-address(CH32V00XRM.PDF)
CH32V006,TIM1,TIM,RPTCR,0x40012c30,0x030,16,1,#,confirmed,evt(ch32v00X.h)+rm(CH32V00XRM.PDF)+rm-address(CH32V00XRM.PDF)
CH32V006,TIM1,TIM,CH1CVR,0x40012c34,0x034,32,1,#,confirmed,evt(ch32v00X.h)+rm(CH32V00XRM.PDF)+rm-address(CH32V00XRM.PDF)
CH32V006,TIM1,TIM,CH2CVR,0x40012c38,0x038,32,1,#,confirmed,evt(ch32v00X.h)+rm(CH32V00XRM.PDF)+rm-address(CH32V00XRM.PDF)
CH32V006,TIM1,TIM,CH3CVR,0x40012c3c,0x03c,32,1,#,confirmed,evt(ch32v00X.h)+rm(CH32V00XRM.PDF)+rm-address(CH32V00XRM.PDF)
CH32V006,TIM1,TIM,CH4CVR,0x40012c40,0x040,32,1,#,confirmed,evt(ch32v00X.h)+rm(CH32V00XRM.PDF)+rm-address(CH32V00XRM.PDF)
CH32V006,TIM1,TIM,BDTR,0x40012c44,0x044,16,1,#,confirmed,evt(ch32v00X.h)+rm(CH32V00XRM.PDF)+rm-address(CH32V00XRM.PDF)
CH32V006,TIM1,TIM,TIM2_DTCR,0x40012c44,0x044,16,1,#,confirmed,evt(ch32v00X.h)+rm-address(CH32V00XRM.PDF)
CH32V006,TIM1,TIM,DMACFGR,0x40012c48,0x048,16,1,#,confirmed,evt(ch32v00X.h)+rm(CH32V00XRM.PDF)+rm-address(CH32V00XRM.PDF)
CH32V006,TIM1,TIM,DMAADR,0x40012c4c,0x04c,16,1,#,confirmed,evt(ch32v00X.h)+rm(CH32V00XRM.PDF)+rm-address(CH32V00XRM.PDF)
CH32V006,SPI1,SPI,CTLR1,0x40013000,0x000,16,1,#,confirmed,evt(ch32v00X.h)+rm(CH32V00XRM.PDF)+rm-address(CH32V00XRM.PDF)
CH32V006,SPI1,SPI,CTLR2,0x40013004,0x004,16,1,#,confirmed,evt(ch32v00X.h)+rm(CH32V00XRM.PDF)+rm-address(CH32V00XRM.PDF)
CH32V006,SPI1,SPI,STATR,0x40013008,0x008,16,1,#,confirmed,evt(ch32v00X.h)+rm(CH32V00XRM.PDF)+rm-address(CH32V00XRM.PDF)
CH32V006,SPI1,SPI,DATAR,0x4001300c,0x00c,16,1,#,confirmed,evt(ch32v00X.h)+rm(CH32V00XRM.PDF)+rm-address(CH32V00XRM.PDF)
CH32V006,SPI1,SPI,CRCR,0x40013010,0x010,16,1,#,confirmed,evt(ch32v00X.h)+rm(CH32V00XRM.PDF)+rm-address(CH32V00XRM.PDF)
CH32V006,SPI1,SPI,RCRCR,0x40013014,0x014,16,1,#,confirmed,evt(ch32v00X.h)+rm(CH32V00XRM.PDF)+rm-address(CH32V00XRM.PDF)
CH32V006,SPI1,SPI,TCRCR,0x40013018,0x018,16,1,#,confirmed,evt(ch32v00X.h)+rm(CH32V00XRM.PDF)+rm-address(CH32V00XRM.PDF)
CH32V006,SPI1,SPI,HSCR,0x40013024,0x024,16,1,#,confirmed,evt(ch32v00X.h)+rm(CH32V00XRM.PDF)+rm-address(CH32V00XRM.PDF)
CH32V006,USART1,USART,STATR,0x40013800,0x000,16,1,#,confirmed,evt(ch32v00X.h)+rm(CH32V00XRM.PDF)+rm-address(CH32V00XRM.PDF)
CH32V006,USART1,USART,DATAR,0x40013804,0x004,16,1,#,confirmed,evt(ch32v00X.h)+rm(CH32V00XRM.PDF)+rm-address(CH32V00XRM.PDF)
CH32V006,USART1,USART,BRR,0x40013808,0x008,16,1,#,confirmed,evt(ch32v00X.h)+rm(CH32V00XRM.PDF)+rm-address(CH32V00XRM.PDF)
CH32V006,USART1,USART,CTLR1,0x4001380c,0x00c,16,1,#,confirmed,evt(ch32v00X.h)+rm(CH32V00XRM.PDF)+rm-address(CH32V00XRM.PDF)
CH32V006,USART1,USART,CTLR2,0x40013810,0x010,16,1,#,confirmed,evt(ch32v00X.h)+rm(CH32V00XRM.PDF)+rm-address(CH32V00XRM.PDF)
CH32V006,USART1,USART,CTLR3,0x40013814,0x014,16,1,#,confirmed,evt(ch32v00X.h)+rm(CH32V00XRM.PDF)+rm-address(CH32V00XRM.PDF)
CH32V006,USART1,USART,GPR,0x40013818,0x018,16,1,#,confirmed,evt(ch32v00X.h)+rm(CH32V00XRM.PDF)+rm-address(CH32V00XRM.PDF)
CH32V006,DMA1,DMA,INTFR,0x40020000,0x000,32,1,#,confirmed,evt(ch32v00X.h)+rm-address(CH32V00XRM.PDF)
CH32V006,DMA1,DMA,INTFCR,0x40020004,0x004,32,1,#,confirmed,evt(ch32v00X.h)+rm-address(CH32V00XRM.PDF)
CH32V006,DMA1_Channel1,DMA_Channel,CFGR,0x40020008,0x000,32,1,#,confirmed,evt(ch32v00X.h)+rm-address(CH32V00XRM.PDF)
CH32V006,DMA1_Channel1,DMA_Channel,CNTR,0x4002000c,0x004,32,1,#,confirmed,evt(ch32v00X.h)+rm-address(CH32V00XRM.PDF)
CH32V006,DMA1_Channel1,DMA_Channel,PADDR,0x40020010,0x008,32,1,#,confirmed,evt(ch32v00X.h)+rm-address(CH32V00XRM.PDF)
CH32V006,DMA1_Channel1,DMA_Channel,MADDR,0x40020014,0x00c,32,1,#,confirmed,evt(ch32v00X.h)+rm-address(CH32V00XRM.PDF)
CH32V006,DMA1_Channel2,DMA_Channel,CFGR,0x4002001c,0x000,32,1,#,confirmed,evt(ch32v00X.h)+rm-address(CH32V00XRM.PDF)
CH32V006,DMA1_Channel2,DMA_Channel,CNTR,0x40020020,0x004,32,1,#,confirmed,evt(ch32v00X.h)+rm-address(CH32V00XRM.PDF)
CH32V006,DMA1_Channel2,DMA_Channel,PADDR,0x40020024,0x008,32,1,#,confirmed,evt(ch32v00X.h)+rm-address(CH32V00XRM.PDF)
CH32V006,DMA1_Channel2,DMA_Channel,MADDR,0x40020028,0x00c,32,1,#,confirmed,evt(ch32v00X.h)+rm-address(CH32V00XRM.PDF)
CH32V006,DMA1_Channel3,DMA_Channel,CFGR,0x40020030,0x000,32,1,#,confirmed,evt(ch32v00X.h)+rm-address(CH32V00XRM.PDF)
CH32V006,DMA1_Channel3,DMA_Channel,CNTR,0x40020034,0x004,32,1,#,confirmed,evt(ch32v00X.h)+rm-address(CH32V00XRM.PDF)
CH32V006,DMA1_Channel3,DMA_Channel,PADDR,0x40020038,0x008,32,1,#,confirmed,evt(ch32v00X.h)+rm-address(CH32V00XRM.PDF)
CH32V006,DMA1_Channel3,DMA_Channel,MADDR,0x4002003c,0x00c,32,1,#,confirmed,evt(ch32v00X.h)+rm-address(CH32V00XRM.PDF)
CH32V006,DMA1_Channel4,DMA_Channel,CFGR,0x40020044,0x000,32,1,#,confirmed,evt(ch32v00X.h)+rm-address(CH32V00XRM.PDF)
CH32V006,DMA1_Channel4,DMA_Channel,CNTR,0x40020048,0x004,32,1,#,confirmed,evt(ch32v00X.h)+rm-address(CH32V00XRM.PDF)
CH32V006,DMA1_Channel4,DMA_Channel,PADDR,0x4002004c,0x008,32,1,#,confirmed,evt(ch32v00X.h)+rm-address(CH32V00XRM.PDF)
CH32V006,DMA1_Channel4,DMA_Channel,MADDR,0x40020050,0x00c,32,1,#,confirmed,evt(ch32v00X.h)+rm-address(CH32V00XRM.PDF)
CH32V006,DMA1_Channel5,DMA_Channel,CFGR,0x40020058,0x000,32,1,#,confirmed,evt(ch32v00X.h)+rm-address(CH32V00XRM.PDF)
CH32V006,DMA1_Channel5,DMA_Channel,CNTR,0x4002005c,0x004,32,1,#,confirmed,evt(ch32v00X.h)+rm-address(CH32V00XRM.PDF)
CH32V006,DMA1_Channel5,DMA_Channel,PADDR,0x40020060,0x008,32,1,#,confirmed,evt(ch32v00X.h)+rm-address(CH32V00XRM.PDF)
CH32V006,DMA1_Channel5,DMA_Channel,MADDR,0x40020064,0x00c,32,1,#,confirmed,evt(ch32v00X.h)+rm-address(CH32V00XRM.PDF)
CH32V006,DMA1_Channel6,DMA_Channel,CFGR,0x4002006c,0x000,32,1,#,confirmed,evt(ch32v00X.h)+rm-address(CH32V00XRM.PDF)
CH32V006,DMA1_Channel6,DMA_Channel,CNTR,0x40020070,0x004,32,1,#,confirmed,evt(ch32v00X.h)+rm-address(CH32V00XRM.PDF)
CH32V006,DMA1_Channel6,DMA_Channel,PADDR,0x40020074,0x008,32,1,#,confirmed,evt(ch32v00X.h)+rm-address(CH32V00XRM.PDF)
CH32V006,DMA1_Channel6,DMA_Channel,MADDR,0x40020078,0x00c,32,1,#,confirmed,evt(ch32v00X.h)+rm-address(CH32V00XRM.PDF)
CH32V006,DMA1_Channel7,DMA_Channel,CFGR,0x40020080,0x000,32,1,#,confirmed,evt(ch32v00X.h)+rm-address(CH32V00XRM.PDF)
CH32V006,DMA1_Channel7,DMA_Channel,CNTR,0x40020084,0x004,32,1,#,confirmed,evt(ch32v00X.h)+rm-address(CH32V00XRM.PDF)
CH32V006,DMA1_Channel7,DMA_Channel,PADDR,0x40020088,0x008,32,1,#,confirmed,evt(ch32v00X.h)+rm-address(CH32V00XRM.PDF)
CH32V006,DMA1_Channel7,DMA_Channel,MADDR,0x4002008c,0x00c,32,1,#,confirmed,evt(ch32v00X.h)+rm-address(CH32V00XRM.PDF)
CH32V006,RCC,RCC,CTLR,0x40021000,0x000,32,1,#,confirmed,evt(ch32v00X.h)+rm(CH32V00XRM.PDF)+rm-address(CH32V00XRM.PDF)
CH32V006,RCC,RCC,CFGR0,0x40021004,0x004,32,1,#,confirmed,evt(ch32v00X.h)+rm(CH32V00XRM.PDF)+rm-address(CH32V00XRM.PDF)
CH32V006,RCC,RCC,INTR,0x40021008,0x008,32,1,#,confirmed,evt(ch32v00X.h)+rm(CH32V00XRM.PDF)+rm-address(CH32V00XRM.PDF)
CH32V006,RCC,RCC,PB2PRSTR,0x4002100c,0x00c,32,1,#,confirmed,evt(ch32v00X.h)+rm(CH32V00XRM.PDF)+rm-address(CH32V00XRM.PDF)
CH32V006,RCC,RCC,PB1PRSTR,0x40021010,0x010,32,1,#,confirmed,evt(ch32v00X.h)+rm(CH32V00XRM.PDF)+rm-address(CH32V00XRM.PDF)
CH32V006,RCC,RCC,HBPCENR,0x40021014,0x014,32,1,#,confirmed,evt(ch32v00X.h)+rm(CH32V00XRM.PDF)+rm-address(CH32V00XRM.PDF)
CH32V006,RCC,RCC,PB2PCENR,0x40021018,0x018,32,1,#,confirmed,evt(ch32v00X.h)+rm(CH32V00XRM.PDF)+rm-address(CH32V00XRM.PDF)
CH32V006,RCC,RCC,PB1PCENR,0x4002101c,0x01c,32,1,#,confirmed,evt(ch32v00X.h)+rm(CH32V00XRM.PDF)+rm-address(CH32V00XRM.PDF)
CH32V006,RCC,RCC,RSTSCKR,0x40021024,0x024,32,1,#,confirmed,evt(ch32v00X.h)+rm(CH32V00XRM.PDF)+rm-address(CH32V00XRM.PDF)
CH32V006,FLASH,FLASH,ACTLR,0x40022000,0x000,32,1,#,confirmed,evt(ch32v00X.h)+rm(CH32V00XRM.PDF)+rm-address(CH32V00XRM.PDF)
CH32V006,FLASH,FLASH,KEYR,0x40022004,0x004,32,1,#,confirmed,evt(ch32v00X.h)+rm(CH32V00XRM.PDF)+rm-address(CH32V00XRM.PDF)
CH32V006,FLASH,FLASH,OBKEYR,0x40022008,0x008,32,1,#,confirmed,evt(ch32v00X.h)+rm(CH32V00XRM.PDF)+rm-address(CH32V00XRM.PDF)
CH32V006,FLASH,FLASH,STATR,0x4002200c,0x00c,32,1,#,confirmed,evt(ch32v00X.h)+rm(CH32V00XRM.PDF)+rm-address(CH32V00XRM.PDF)
CH32V006,FLASH,FLASH,CTLR,0x40022010,0x010,32,1,#,confirmed,evt(ch32v00X.h)+rm(CH32V00XRM.PDF)+rm-address(CH32V00XRM.PDF)
CH32V006,FLASH,FLASH,ADDR,0x40022014,0x014,32,1,#,confirmed,evt(ch32v00X.h)+rm(CH32V00XRM.PDF)+rm-address(CH32V00XRM.PDF)
CH32V006,FLASH,FLASH,OBR,0x4002201c,0x01c,32,1,#,confirmed,evt(ch32v00X.h)+rm(CH32V00XRM.PDF)
CH32V006,FLASH,FLASH,WPR,0x40022020,0x020,32,1,#,confirmed,evt(ch32v00X.h)+rm(CH32V00XRM.PDF)
CH32V006,FLASH,FLASH,MODEKEYR,0x40022024,0x024,32,1,#,confirmed,evt(ch32v00X.h)+rm(CH32V00XRM.PDF)
CH32V006,FLASH,FLASH,BOOT_MODEKEYR,0x40022028,0x028,32,1,#,reference,evt(ch32v00X.h)
CH32V006,EXTEN,EXTEN,EXTEN_CTR,0x40023800,0x000,32,1,#,confirmed,evt(ch32v00X.h)+rm-address(CH32V00XRM.PDF)
CH32V006,OPA,OPA,CFGR1,0x40024000,0x000,32,1,#,confirmed,evt(ch32v00X.h)+rm(CH32V00XRM.PDF)+rm-address(CH32V00XRM.PDF)
CH32V006,OPA,OPA,CTLR1,0x40024004,0x004,32,1,#,confirmed,evt(ch32v00X.h)+rm(CH32V00XRM.PDF)+rm-address(CH32V00XRM.PDF)
CH32V006,OPA,OPA,CFGR2,0x40024008,0x008,32,1,#,confirmed,evt(ch32v00X.h)+rm(CH32V00XRM.PDF)+rm-address(CH32V00XRM.PDF)
CH32V006,OPA,OPA,CTLR2,0x4002400c,0x00c,32,1,#,confirmed,evt(ch32v00X.h)+rm(CH32V00XRM.PDF)+rm-address(CH32V00XRM.PDF)
CH32V006,OPA,OPA,OPAKEY,0x40024010,0x010,32,1,#,reference,evt(ch32v00X.h)
CH32V006,OPA,OPA,CMPKEY,0x40024014,0x014,32,1,#,reference,evt(ch32v00X.h)
CH32V006,OPA,OPA,POLLKEY,0x40024018,0x018,32,1,#,reference,evt(ch32v00X.h)
CH32V103,OB,OB,RDPR,0x1ffff800,0x000,16,1,#,reference,evt(ch32v10x.h)
CH32V103,OB,OB,USER,0x1ffff802,0x002,16,1,#,reference,evt(ch32v10x.h)
CH32V103,OB,OB,Data0,0x1ffff804,0x004,16,1,#,reference,evt(ch32v10x.h)
CH32V103,OB,OB,Data1,0x1ffff806,0x006,16,1,#,reference,evt(ch32v10x.h)
CH32V103,OB,OB,WRPR0,0x1ffff808,0x008,16,1,#,reference,evt(ch32v10x.h)
CH32V103,OB,OB,WRPR1,0x1ffff80a,0x00a,16,1,#,reference,evt(ch32v10x.h)
CH32V103,OB,OB,WRPR2,0x1ffff80c,0x00c,16,1,#,reference,evt(ch32v10x.h)
CH32V103,OB,OB,WRPR3,0x1ffff80e,0x00e,16,1,#,reference,evt(ch32v10x.h)
CH32V103,TIM2,TIM,CTLR1,0x40000000,0x000,16,1,#,confirmed,evt(ch32v10x.h)+rm(CH32xRM.PDF)+rm-address(CH32xRM.PDF)
CH32V103,TIM2,TIM,CTLR2,0x40000004,0x004,16,1,#,confirmed,evt(ch32v10x.h)+rm(CH32xRM.PDF)+rm-address(CH32xRM.PDF)
CH32V103,TIM2,TIM,SMCFGR,0x40000008,0x008,16,1,#,confirmed,evt(ch32v10x.h)+rm(CH32xRM.PDF)+rm-address(CH32xRM.PDF)
CH32V103,TIM2,TIM,DMAINTENR,0x4000000c,0x00c,16,1,#,confirmed,evt(ch32v10x.h)+rm(CH32xRM.PDF)+rm-address(CH32xRM.PDF)
CH32V103,TIM2,TIM,INTFR,0x40000010,0x010,16,1,#,confirmed,evt(ch32v10x.h)+rm(CH32xRM.PDF)+rm-address(CH32xRM.PDF)
CH32V103,TIM2,TIM,SWEVGR,0x40000014,0x014,16,1,#,confirmed,evt(ch32v10x.h)+rm(CH32xRM.PDF)+rm-address(CH32xRM.PDF)
CH32V103,TIM2,TIM,CHCTLR1,0x40000018,0x018,16,1,#,confirmed,evt(ch32v10x.h)+rm(CH32xRM.PDF)+rm-address(CH32xRM.PDF)
CH32V103,TIM2,TIM,CHCTLR2,0x4000001c,0x01c,16,1,#,confirmed,evt(ch32v10x.h)+rm(CH32xRM.PDF)+rm-address(CH32xRM.PDF)
CH32V103,TIM2,TIM,CCER,0x40000020,0x020,16,1,#,confirmed,evt(ch32v10x.h)+rm(CH32xRM.PDF)+rm-address(CH32xRM.PDF)
CH32V103,TIM2,TIM,CNT,0x40000024,0x024,16,1,#,confirmed,evt(ch32v10x.h)+rm(CH32xRM.PDF)+rm-address(CH32xRM.PDF)
CH32V103,TIM2,TIM,PSC,0x40000028,0x028,16,1,#,confirmed,evt(ch32v10x.h)+rm(CH32xRM.PDF)+rm-address(CH32xRM.PDF)
CH32V103,TIM2,TIM,ATRLR,0x4000002c,0x02c,16,1,#,confirmed,evt(ch32v10x.h)+rm(CH32xRM.PDF)+rm-address(CH32xRM.PDF)
CH32V103,TIM2,TIM,RPTCR,0x40000030,0x030,16,1,#,confirmed,evt(ch32v10x.h)+rm(CH32xRM.PDF)+rm-address(CH32xRM.PDF)
CH32V103,TIM2,TIM,CH1CVR,0x40000034,0x034,16,1,#,confirmed,evt(ch32v10x.h)+rm(CH32xRM.PDF)+rm-address(CH32xRM.PDF)
CH32V103,TIM2,TIM,CH2CVR,0x40000038,0x038,16,1,#,confirmed,evt(ch32v10x.h)+rm(CH32xRM.PDF)+rm-address(CH32xRM.PDF)
CH32V103,TIM2,TIM,CH3CVR,0x4000003c,0x03c,16,1,#,confirmed,evt(ch32v10x.h)+rm(CH32xRM.PDF)+rm-address(CH32xRM.PDF)
CH32V103,TIM2,TIM,CH4CVR,0x40000040,0x040,16,1,#,confirmed,evt(ch32v10x.h)+rm(CH32xRM.PDF)+rm-address(CH32xRM.PDF)
CH32V103,TIM2,TIM,BDTR,0x40000044,0x044,16,1,#,confirmed,evt(ch32v10x.h)+rm(CH32xRM.PDF)+rm-address(CH32xRM.PDF)
CH32V103,TIM2,TIM,DMACFGR,0x40000048,0x048,16,1,#,confirmed,evt(ch32v10x.h)+rm(CH32xRM.PDF)+rm-address(CH32xRM.PDF)
CH32V103,TIM2,TIM,DMAADR,0x4000004c,0x04c,16,1,#,confirmed,evt(ch32v10x.h)+rm-address(CH32xRM.PDF)
CH32V103,TIM3,TIM,CTLR1,0x40000400,0x000,16,1,#,confirmed,evt(ch32v10x.h)+rm(CH32xRM.PDF)+rm-address(CH32xRM.PDF)
CH32V103,TIM3,TIM,CTLR2,0x40000404,0x004,16,1,#,confirmed,evt(ch32v10x.h)+rm(CH32xRM.PDF)+rm-address(CH32xRM.PDF)
CH32V103,TIM3,TIM,SMCFGR,0x40000408,0x008,16,1,#,confirmed,evt(ch32v10x.h)+rm(CH32xRM.PDF)+rm-address(CH32xRM.PDF)
CH32V103,TIM3,TIM,DMAINTENR,0x4000040c,0x00c,16,1,#,confirmed,evt(ch32v10x.h)+rm(CH32xRM.PDF)+rm-address(CH32xRM.PDF)
CH32V103,TIM3,TIM,INTFR,0x40000410,0x010,16,1,#,confirmed,evt(ch32v10x.h)+rm(CH32xRM.PDF)+rm-address(CH32xRM.PDF)
CH32V103,TIM3,TIM,SWEVGR,0x40000414,0x014,16,1,#,confirmed,evt(ch32v10x.h)+rm(CH32xRM.PDF)+rm-address(CH32xRM.PDF)
CH32V103,TIM3,TIM,CHCTLR1,0x40000418,0x018,16,1,#,confirmed,evt(ch32v10x.h)+rm(CH32xRM.PDF)+rm-address(CH32xRM.PDF)
CH32V103,TIM3,TIM,CHCTLR2,0x4000041c,0x01c,16,1,#,confirmed,evt(ch32v10x.h)+rm(CH32xRM.PDF)+rm-address(CH32xRM.PDF)
CH32V103,TIM3,TIM,CCER,0x40000420,0x020,16,1,#,confirmed,evt(ch32v10x.h)+rm(CH32xRM.PDF)+rm-address(CH32xRM.PDF)
CH32V103,TIM3,TIM,CNT,0x40000424,0x024,16,1,#,confirmed,evt(ch32v10x.h)+rm(CH32xRM.PDF)+rm-address(CH32xRM.PDF)
CH32V103,TIM3,TIM,PSC,0x40000428,0x028,16,1,#,confirmed,evt(ch32v10x.h)+rm(CH32xRM.PDF)+rm-address(CH32xRM.PDF)
CH32V103,TIM3,TIM,ATRLR,0x4000042c,0x02c,16,1,#,confirmed,evt(ch32v10x.h)+rm(CH32xRM.PDF)+rm-address(CH32xRM.PDF)
CH32V103,TIM3,TIM,RPTCR,0x40000430,0x030,16,1,#,confirmed,evt(ch32v10x.h)+rm(CH32xRM.PDF)+rm-address(CH32xRM.PDF)
CH32V103,TIM3,TIM,CH1CVR,0x40000434,0x034,16,1,#,confirmed,evt(ch32v10x.h)+rm(CH32xRM.PDF)+rm-address(CH32xRM.PDF)
CH32V103,TIM3,TIM,CH2CVR,0x40000438,0x038,16,1,#,confirmed,evt(ch32v10x.h)+rm(CH32xRM.PDF)+rm-address(CH32xRM.PDF)
CH32V103,TIM3,TIM,CH3CVR,0x4000043c,0x03c,16,1,#,confirmed,evt(ch32v10x.h)+rm(CH32xRM.PDF)+rm-address(CH32xRM.PDF)
CH32V103,TIM3,TIM,CH4CVR,0x40000440,0x040,16,1,#,confirmed,evt(ch32v10x.h)+rm(CH32xRM.PDF)+rm-address(CH32xRM.PDF)
CH32V103,TIM3,TIM,BDTR,0x40000444,0x044,16,1,#,confirmed,evt(ch32v10x.h)+rm(CH32xRM.PDF)+rm-address(CH32xRM.PDF)
CH32V103,TIM3,TIM,DMACFGR,0x40000448,0x048,16,1,#,confirmed,evt(ch32v10x.h)+rm(CH32xRM.PDF)+rm-address(CH32xRM.PDF)
CH32V103,TIM3,TIM,DMAADR,0x4000044c,0x04c,16,1,#,confirmed,evt(ch32v10x.h)+rm-address(CH32xRM.PDF)
CH32V103,TIM4,TIM,CTLR1,0x40000800,0x000,16,1,#,confirmed,evt(ch32v10x.h)+rm(CH32xRM.PDF)+rm-address(CH32xRM.PDF)
CH32V103,TIM4,TIM,CTLR2,0x40000804,0x004,16,1,#,confirmed,evt(ch32v10x.h)+rm(CH32xRM.PDF)+rm-address(CH32xRM.PDF)
CH32V103,TIM4,TIM,SMCFGR,0x40000808,0x008,16,1,#,confirmed,evt(ch32v10x.h)+rm(CH32xRM.PDF)+rm-address(CH32xRM.PDF)
CH32V103,TIM4,TIM,DMAINTENR,0x4000080c,0x00c,16,1,#,confirmed,evt(ch32v10x.h)+rm(CH32xRM.PDF)+rm-address(CH32xRM.PDF)
CH32V103,TIM4,TIM,INTFR,0x40000810,0x010,16,1,#,confirmed,evt(ch32v10x.h)+rm(CH32xRM.PDF)+rm-address(CH32xRM.PDF)
CH32V103,TIM4,TIM,SWEVGR,0x40000814,0x014,16,1,#,confirmed,evt(ch32v10x.h)+rm(CH32xRM.PDF)+rm-address(CH32xRM.PDF)
CH32V103,TIM4,TIM,CHCTLR1,0x40000818,0x018,16,1,#,confirmed,evt(ch32v10x.h)+rm(CH32xRM.PDF)+rm-address(CH32xRM.PDF)
CH32V103,TIM4,TIM,CHCTLR2,0x4000081c,0x01c,16,1,#,confirmed,evt(ch32v10x.h)+rm(CH32xRM.PDF)+rm-address(CH32xRM.PDF)
CH32V103,TIM4,TIM,CCER,0x40000820,0x020,16,1,#,confirmed,evt(ch32v10x.h)+rm(CH32xRM.PDF)+rm-address(CH32xRM.PDF)
CH32V103,TIM4,TIM,CNT,0x40000824,0x024,16,1,#,confirmed,evt(ch32v10x.h)+rm(CH32xRM.PDF)+rm-address(CH32xRM.PDF)
CH32V103,TIM4,TIM,PSC,0x40000828,0x028,16,1,#,confirmed,evt(ch32v10x.h)+rm(CH32xRM.PDF)+rm-address(CH32xRM.PDF)
CH32V103,TIM4,TIM,ATRLR,0x4000082c,0x02c,16,1,#,confirmed,evt(ch32v10x.h)+rm(CH32xRM.PDF)+rm-address(CH32xRM.PDF)
CH32V103,TIM4,TIM,RPTCR,0x40000830,0x030,16,1,#,confirmed,evt(ch32v10x.h)+rm(CH32xRM.PDF)+rm-address(CH32xRM.PDF)
CH32V103,TIM4,TIM,CH1CVR,0x40000834,0x034,16,1,#,confirmed,evt(ch32v10x.h)+rm(CH32xRM.PDF)+rm-address(CH32xRM.PDF)
CH32V103,TIM4,TIM,CH2CVR,0x40000838,0x038,16,1,#,confirmed,evt(ch32v10x.h)+rm(CH32xRM.PDF)+rm-address(CH32xRM.PDF)
CH32V103,TIM4,TIM,CH3CVR,0x4000083c,0x03c,16,1,#,confirmed,evt(ch32v10x.h)+rm(CH32xRM.PDF)+rm-address(CH32xRM.PDF)
CH32V103,TIM4,TIM,CH4CVR,0x40000840,0x040,16,1,#,confirmed,evt(ch32v10x.h)+rm(CH32xRM.PDF)+rm-address(CH32xRM.PDF)
CH32V103,TIM4,TIM,BDTR,0x40000844,0x044,16,1,#,confirmed,evt(ch32v10x.h)+rm(CH32xRM.PDF)+rm-address(CH32xRM.PDF)
CH32V103,TIM4,TIM,DMACFGR,0x40000848,0x048,16,1,#,confirmed,evt(ch32v10x.h)+rm(CH32xRM.PDF)+rm-address(CH32xRM.PDF)
CH32V103,TIM4,TIM,DMAADR,0x4000084c,0x04c,16,1,#,confirmed,evt(ch32v10x.h)+rm-address(CH32xRM.PDF)
CH32V103,TIM5,TIM,CTLR1,0x40000c00,0x000,16,1,#,reference,evt(ch32v10x.h)+rm(CH32xRM.PDF)+rm-address(CH32xRM.PDF)
CH32V103,TIM5,TIM,CTLR2,0x40000c04,0x004,16,1,#,reference,evt(ch32v10x.h)+rm(CH32xRM.PDF)+rm-address(CH32xRM.PDF)
CH32V103,TIM5,TIM,SMCFGR,0x40000c08,0x008,16,1,#,reference,evt(ch32v10x.h)+rm(CH32xRM.PDF)+rm-address(CH32xRM.PDF)
CH32V103,TIM5,TIM,DMAINTENR,0x40000c0c,0x00c,16,1,#,reference,evt(ch32v10x.h)+rm(CH32xRM.PDF)+rm-address(CH32xRM.PDF)
CH32V103,TIM5,TIM,INTFR,0x40000c10,0x010,16,1,#,reference,evt(ch32v10x.h)+rm(CH32xRM.PDF)+rm-address(CH32xRM.PDF)
CH32V103,TIM5,TIM,SWEVGR,0x40000c14,0x014,16,1,#,reference,evt(ch32v10x.h)+rm(CH32xRM.PDF)+rm-address(CH32xRM.PDF)
CH32V103,TIM5,TIM,CHCTLR1,0x40000c18,0x018,16,1,#,reference,evt(ch32v10x.h)+rm(CH32xRM.PDF)+rm-address(CH32xRM.PDF)
CH32V103,TIM5,TIM,CHCTLR2,0x40000c1c,0x01c,16,1,#,reference,evt(ch32v10x.h)+rm(CH32xRM.PDF)+rm-address(CH32xRM.PDF)
CH32V103,TIM5,TIM,CCER,0x40000c20,0x020,16,1,#,reference,evt(ch32v10x.h)+rm(CH32xRM.PDF)+rm-address(CH32xRM.PDF)
CH32V103,TIM5,TIM,CNT,0x40000c24,0x024,16,1,#,reference,evt(ch32v10x.h)+rm(CH32xRM.PDF)+rm-address(CH32xRM.PDF)
CH32V103,TIM5,TIM,PSC,0x40000c28,0x028,16,1,#,reference,evt(ch32v10x.h)+rm(CH32xRM.PDF)+rm-address(CH32xRM.PDF)
CH32V103,TIM5,TIM,ATRLR,0x40000c2c,0x02c,16,1,#,reference,evt(ch32v10x.h)+rm(CH32xRM.PDF)+rm-address(CH32xRM.PDF)
CH32V103,TIM5,TIM,RPTCR,0x40000c30,0x030,16,1,#,reference,evt(ch32v10x.h)+rm(CH32xRM.PDF)+rm-address(CH32xRM.PDF)
CH32V103,TIM5,TIM,CH1CVR,0x40000c34,0x034,16,1,#,reference,evt(ch32v10x.h)+rm(CH32xRM.PDF)+rm-address(CH32xRM.PDF)
CH32V103,TIM5,TIM,CH2CVR,0x40000c38,0x038,16,1,#,reference,evt(ch32v10x.h)+rm(CH32xRM.PDF)+rm-address(CH32xRM.PDF)
CH32V103,TIM5,TIM,CH3CVR,0x40000c3c,0x03c,16,1,#,reference,evt(ch32v10x.h)+rm(CH32xRM.PDF)+rm-address(CH32xRM.PDF)
CH32V103,TIM5,TIM,CH4CVR,0x40000c40,0x040,16,1,#,reference,evt(ch32v10x.h)+rm(CH32xRM.PDF)+rm-address(CH32xRM.PDF)
CH32V103,TIM5,TIM,BDTR,0x40000c44,0x044,16,1,#,reference,evt(ch32v10x.h)+rm(CH32xRM.PDF)+rm-address(CH32xRM.PDF)
CH32V103,TIM5,TIM,DMACFGR,0x40000c48,0x048,16,1,#,reference,evt(ch32v10x.h)+rm(CH32xRM.PDF)+rm-address(CH32xRM.PDF)
CH32V103,TIM5,TIM,DMAADR,0x40000c4c,0x04c,16,1,#,reference,evt(ch32v10x.h)+rm-address(CH32xRM.PDF)
CH32V103,TIM6,TIM,CTLR1,0x40001000,0x000,16,1,#,reference,evt(ch32v10x.h)+rm(CH32xRM.PDF)+rm-address(CH32xRM.PDF)
CH32V103,TIM6,TIM,CTLR2,0x40001004,0x004,16,1,#,reference,evt(ch32v10x.h)+rm(CH32xRM.PDF)+rm-address(CH32xRM.PDF)
CH32V103,TIM6,TIM,SMCFGR,0x40001008,0x008,16,1,#,reference,evt(ch32v10x.h)+rm(CH32xRM.PDF)+rm-address(CH32xRM.PDF)
CH32V103,TIM6,TIM,DMAINTENR,0x4000100c,0x00c,16,1,#,reference,evt(ch32v10x.h)+rm(CH32xRM.PDF)+rm-address(CH32xRM.PDF)
CH32V103,TIM6,TIM,INTFR,0x40001010,0x010,16,1,#,reference,evt(ch32v10x.h)+rm(CH32xRM.PDF)+rm-address(CH32xRM.PDF)
CH32V103,TIM6,TIM,SWEVGR,0x40001014,0x014,16,1,#,reference,evt(ch32v10x.h)+rm(CH32xRM.PDF)+rm-address(CH32xRM.PDF)
CH32V103,TIM6,TIM,CHCTLR1,0x40001018,0x018,16,1,#,reference,evt(ch32v10x.h)+rm(CH32xRM.PDF)+rm-address(CH32xRM.PDF)
CH32V103,TIM6,TIM,CHCTLR2,0x4000101c,0x01c,16,1,#,reference,evt(ch32v10x.h)+rm(CH32xRM.PDF)+rm-address(CH32xRM.PDF)
CH32V103,TIM6,TIM,CCER,0x40001020,0x020,16,1,#,reference,evt(ch32v10x.h)+rm(CH32xRM.PDF)+rm-address(CH32xRM.PDF)
CH32V103,TIM6,TIM,CNT,0x40001024,0x024,16,1,#,reference,evt(ch32v10x.h)+rm(CH32xRM.PDF)+rm-address(CH32xRM.PDF)
CH32V103,TIM6,TIM,PSC,0x40001028,0x028,16,1,#,reference,evt(ch32v10x.h)+rm(CH32xRM.PDF)+rm-address(CH32xRM.PDF)
CH32V103,TIM6,TIM,ATRLR,0x4000102c,0x02c,16,1,#,reference,evt(ch32v10x.h)+rm(CH32xRM.PDF)+rm-address(CH32xRM.PDF)
CH32V103,TIM6,TIM,RPTCR,0x40001030,0x030,16,1,#,reference,evt(ch32v10x.h)+rm(CH32xRM.PDF)+rm-address(CH32xRM.PDF)
CH32V103,TIM6,TIM,CH1CVR,0x40001034,0x034,16,1,#,reference,evt(ch32v10x.h)+rm(CH32xRM.PDF)+rm-address(CH32xRM.PDF)
CH32V103,TIM6,TIM,CH2CVR,0x40001038,0x038,16,1,#,reference,evt(ch32v10x.h)+rm(CH32xRM.PDF)+rm-address(CH32xRM.PDF)
CH32V103,TIM6,TIM,CH3CVR,0x4000103c,0x03c,16,1,#,reference,evt(ch32v10x.h)+rm(CH32xRM.PDF)+rm-address(CH32xRM.PDF)
CH32V103,TIM6,TIM,CH4CVR,0x40001040,0x040,16,1,#,reference,evt(ch32v10x.h)+rm(CH32xRM.PDF)+rm-address(CH32xRM.PDF)
CH32V103,TIM6,TIM,BDTR,0x40001044,0x044,16,1,#,reference,evt(ch32v10x.h)+rm(CH32xRM.PDF)+rm-address(CH32xRM.PDF)
CH32V103,TIM6,TIM,DMACFGR,0x40001048,0x048,16,1,#,reference,evt(ch32v10x.h)+rm(CH32xRM.PDF)+rm-address(CH32xRM.PDF)
CH32V103,TIM6,TIM,DMAADR,0x4000104c,0x04c,16,1,#,reference,evt(ch32v10x.h)+rm-address(CH32xRM.PDF)
CH32V103,TIM7,TIM,CTLR1,0x40001400,0x000,16,1,#,reference,evt(ch32v10x.h)+rm(CH32xRM.PDF)+rm-address(CH32xRM.PDF)
CH32V103,TIM7,TIM,CTLR2,0x40001404,0x004,16,1,#,reference,evt(ch32v10x.h)+rm(CH32xRM.PDF)+rm-address(CH32xRM.PDF)
CH32V103,TIM7,TIM,SMCFGR,0x40001408,0x008,16,1,#,reference,evt(ch32v10x.h)+rm(CH32xRM.PDF)+rm-address(CH32xRM.PDF)
CH32V103,TIM7,TIM,DMAINTENR,0x4000140c,0x00c,16,1,#,reference,evt(ch32v10x.h)+rm(CH32xRM.PDF)+rm-address(CH32xRM.PDF)
CH32V103,TIM7,TIM,INTFR,0x40001410,0x010,16,1,#,reference,evt(ch32v10x.h)+rm(CH32xRM.PDF)+rm-address(CH32xRM.PDF)
CH32V103,TIM7,TIM,SWEVGR,0x40001414,0x014,16,1,#,reference,evt(ch32v10x.h)+rm(CH32xRM.PDF)+rm-address(CH32xRM.PDF)
CH32V103,TIM7,TIM,CHCTLR1,0x40001418,0x018,16,1,#,reference,evt(ch32v10x.h)+rm(CH32xRM.PDF)+rm-address(CH32xRM.PDF)
CH32V103,TIM7,TIM,CHCTLR2,0x4000141c,0x01c,16,1,#,reference,evt(ch32v10x.h)+rm(CH32xRM.PDF)+rm-address(CH32xRM.PDF)
CH32V103,TIM7,TIM,CCER,0x40001420,0x020,16,1,#,reference,evt(ch32v10x.h)+rm(CH32xRM.PDF)+rm-address(CH32xRM.PDF)
CH32V103,TIM7,TIM,CNT,0x40001424,0x024,16,1,#,reference,evt(ch32v10x.h)+rm(CH32xRM.PDF)+rm-address(CH32xRM.PDF)
CH32V103,TIM7,TIM,PSC,0x40001428,0x028,16,1,#,reference,evt(ch32v10x.h)+rm(CH32xRM.PDF)+rm-address(CH32xRM.PDF)
CH32V103,TIM7,TIM,ATRLR,0x4000142c,0x02c,16,1,#,reference,evt(ch32v10x.h)+rm(CH32xRM.PDF)+rm-address(CH32xRM.PDF)
CH32V103,TIM7,TIM,RPTCR,0x40001430,0x030,16,1,#,reference,evt(ch32v10x.h)+rm(CH32xRM.PDF)+rm-address(CH32xRM.PDF)
CH32V103,TIM7,TIM,CH1CVR,0x40001434,0x034,16,1,#,reference,evt(ch32v10x.h)+rm(CH32xRM.PDF)+rm-address(CH32xRM.PDF)
CH32V103,TIM7,TIM,CH2CVR,0x40001438,0x038,16,1,#,reference,evt(ch32v10x.h)+rm(CH32xRM.PDF)+rm-address(CH32xRM.PDF)
CH32V103,TIM7,TIM,CH3CVR,0x4000143c,0x03c,16,1,#,reference,evt(ch32v10x.h)+rm(CH32xRM.PDF)+rm-address(CH32xRM.PDF)
CH32V103,TIM7,TIM,CH4CVR,0x40001440,0x040,16,1,#,reference,evt(ch32v10x.h)+rm(CH32xRM.PDF)+rm-address(CH32xRM.PDF)
CH32V103,TIM7,TIM,BDTR,0x40001444,0x044,16,1,#,reference,evt(ch32v10x.h)+rm(CH32xRM.PDF)+rm-address(CH32xRM.PDF)
CH32V103,TIM7,TIM,DMACFGR,0x40001448,0x048,16,1,#,reference,evt(ch32v10x.h)+rm(CH32xRM.PDF)+rm-address(CH32xRM.PDF)
CH32V103,TIM7,TIM,DMAADR,0x4000144c,0x04c,16,1,#,reference,evt(ch32v10x.h)+rm-address(CH32xRM.PDF)
CH32V103,TIM12,TIM,CTLR1,0x40001800,0x000,16,1,#,reference,evt(ch32v10x.h)+rm(CH32xRM.PDF)+rm-address(CH32xRM.PDF)
CH32V103,TIM12,TIM,CTLR2,0x40001804,0x004,16,1,#,reference,evt(ch32v10x.h)+rm(CH32xRM.PDF)+rm-address(CH32xRM.PDF)
CH32V103,TIM12,TIM,SMCFGR,0x40001808,0x008,16,1,#,reference,evt(ch32v10x.h)+rm(CH32xRM.PDF)+rm-address(CH32xRM.PDF)
CH32V103,TIM12,TIM,DMAINTENR,0x4000180c,0x00c,16,1,#,reference,evt(ch32v10x.h)+rm(CH32xRM.PDF)+rm-address(CH32xRM.PDF)
CH32V103,TIM12,TIM,INTFR,0x40001810,0x010,16,1,#,reference,evt(ch32v10x.h)+rm(CH32xRM.PDF)+rm-address(CH32xRM.PDF)
CH32V103,TIM12,TIM,SWEVGR,0x40001814,0x014,16,1,#,reference,evt(ch32v10x.h)+rm(CH32xRM.PDF)+rm-address(CH32xRM.PDF)
CH32V103,TIM12,TIM,CHCTLR1,0x40001818,0x018,16,1,#,reference,evt(ch32v10x.h)+rm(CH32xRM.PDF)+rm-address(CH32xRM.PDF)
CH32V103,TIM12,TIM,CHCTLR2,0x4000181c,0x01c,16,1,#,reference,evt(ch32v10x.h)+rm(CH32xRM.PDF)+rm-address(CH32xRM.PDF)
CH32V103,TIM12,TIM,CCER,0x40001820,0x020,16,1,#,reference,evt(ch32v10x.h)+rm(CH32xRM.PDF)+rm-address(CH32xRM.PDF)
CH32V103,TIM12,TIM,CNT,0x40001824,0x024,16,1,#,reference,evt(ch32v10x.h)+rm(CH32xRM.PDF)+rm-address(CH32xRM.PDF)
CH32V103,TIM12,TIM,PSC,0x40001828,0x028,16,1,#,reference,evt(ch32v10x.h)+rm(CH32xRM.PDF)+rm-address(CH32xRM.PDF)
CH32V103,TIM12,TIM,ATRLR,0x4000182c,0x02c,16,1,#,reference,evt(ch32v10x.h)+rm(CH32xRM.PDF)+rm-address(CH32xRM.PDF)
CH32V103,TIM12,TIM,RPTCR,0x40001830,0x030,16,1,#,reference,evt(ch32v10x.h)+rm(CH32xRM.PDF)+rm-address(CH32xRM.PDF)
CH32V103,TIM12,TIM,CH1CVR,0x40001834,0x034,16,1,#,reference,evt(ch32v10x.h)+rm(CH32xRM.PDF)+rm-address(CH32xRM.PDF)
CH32V103,TIM12,TIM,CH2CVR,0x40001838,0x038,16,1,#,reference,evt(ch32v10x.h)+rm(CH32xRM.PDF)+rm-address(CH32xRM.PDF)
CH32V103,TIM12,TIM,CH3CVR,0x4000183c,0x03c,16,1,#,reference,evt(ch32v10x.h)+rm(CH32xRM.PDF)+rm-address(CH32xRM.PDF)
CH32V103,TIM12,TIM,CH4CVR,0x40001840,0x040,16,1,#,reference,evt(ch32v10x.h)+rm(CH32xRM.PDF)+rm-address(CH32xRM.PDF)
CH32V103,TIM12,TIM,BDTR,0x40001844,0x044,16,1,#,reference,evt(ch32v10x.h)+rm(CH32xRM.PDF)+rm-address(CH32xRM.PDF)
CH32V103,TIM12,TIM,DMACFGR,0x40001848,0x048,16,1,#,reference,evt(ch32v10x.h)+rm(CH32xRM.PDF)+rm-address(CH32xRM.PDF)
CH32V103,TIM12,TIM,DMAADR,0x4000184c,0x04c,16,1,#,reference,evt(ch32v10x.h)+rm-address(CH32xRM.PDF)
CH32V103,TIM13,TIM,CTLR1,0x40001c00,0x000,16,1,#,reference,evt(ch32v10x.h)+rm(CH32xRM.PDF)+rm-address(CH32xRM.PDF)
CH32V103,TIM13,TIM,CTLR2,0x40001c04,0x004,16,1,#,reference,evt(ch32v10x.h)+rm(CH32xRM.PDF)+rm-address(CH32xRM.PDF)
CH32V103,TIM13,TIM,SMCFGR,0x40001c08,0x008,16,1,#,reference,evt(ch32v10x.h)+rm(CH32xRM.PDF)+rm-address(CH32xRM.PDF)
CH32V103,TIM13,TIM,DMAINTENR,0x40001c0c,0x00c,16,1,#,reference,evt(ch32v10x.h)+rm(CH32xRM.PDF)+rm-address(CH32xRM.PDF)
CH32V103,TIM13,TIM,INTFR,0x40001c10,0x010,16,1,#,reference,evt(ch32v10x.h)+rm(CH32xRM.PDF)+rm-address(CH32xRM.PDF)
CH32V103,TIM13,TIM,SWEVGR,0x40001c14,0x014,16,1,#,reference,evt(ch32v10x.h)+rm(CH32xRM.PDF)+rm-address(CH32xRM.PDF)
CH32V103,TIM13,TIM,CHCTLR1,0x40001c18,0x018,16,1,#,reference,evt(ch32v10x.h)+rm(CH32xRM.PDF)+rm-address(CH32xRM.PDF)
CH32V103,TIM13,TIM,CHCTLR2,0x40001c1c,0x01c,16,1,#,reference,evt(ch32v10x.h)+rm(CH32xRM.PDF)+rm-address(CH32xRM.PDF)
CH32V103,TIM13,TIM,CCER,0x40001c20,0x020,16,1,#,reference,evt(ch32v10x.h)+rm(CH32xRM.PDF)+rm-address(CH32xRM.PDF)
CH32V103,TIM13,TIM,CNT,0x40001c24,0x024,16,1,#,reference,evt(ch32v10x.h)+rm(CH32xRM.PDF)+rm-address(CH32xRM.PDF)
CH32V103,TIM13,TIM,PSC,0x40001c28,0x028,16,1,#,reference,evt(ch32v10x.h)+rm(CH32xRM.PDF)+rm-address(CH32xRM.PDF)
CH32V103,TIM13,TIM,ATRLR,0x40001c2c,0x02c,16,1,#,reference,evt(ch32v10x.h)+rm(CH32xRM.PDF)+rm-address(CH32xRM.PDF)
CH32V103,TIM13,TIM,RPTCR,0x40001c30,0x030,16,1,#,reference,evt(ch32v10x.h)+rm(CH32xRM.PDF)+rm-address(CH32xRM.PDF)
CH32V103,TIM13,TIM,CH1CVR,0x40001c34,0x034,16,1,#,reference,evt(ch32v10x.h)+rm(CH32xRM.PDF)+rm-address(CH32xRM.PDF)
CH32V103,TIM13,TIM,CH2CVR,0x40001c38,0x038,16,1,#,reference,evt(ch32v10x.h)+rm(CH32xRM.PDF)+rm-address(CH32xRM.PDF)
CH32V103,TIM13,TIM,CH3CVR,0x40001c3c,0x03c,16,1,#,reference,evt(ch32v10x.h)+rm(CH32xRM.PDF)+rm-address(CH32xRM.PDF)
CH32V103,TIM13,TIM,CH4CVR,0x40001c40,0x040,16,1,#,reference,evt(ch32v10x.h)+rm(CH32xRM.PDF)+rm-address(CH32xRM.PDF)
CH32V103,TIM13,TIM,BDTR,0x40001c44,0x044,16,1,#,reference,evt(ch32v10x.h)+rm(CH32xRM.PDF)+rm-address(CH32xRM.PDF)
CH32V103,TIM13,TIM,DMACFGR,0x40001c48,0x048,16,1,#,reference,evt(ch32v10x.h)+rm(CH32xRM.PDF)+rm-address(CH32xRM.PDF)
CH32V103,TIM13,TIM,DMAADR,0x40001c4c,0x04c,16,1,#,reference,evt(ch32v10x.h)+rm-address(CH32xRM.PDF)
CH32V103,TIM14,TIM,CTLR1,0x40002000,0x000,16,1,#,reference,evt(ch32v10x.h)+rm(CH32xRM.PDF)+rm-address(CH32xRM.PDF)
CH32V103,TIM14,TIM,CTLR2,0x40002004,0x004,16,1,#,reference,evt(ch32v10x.h)+rm(CH32xRM.PDF)+rm-address(CH32xRM.PDF)
CH32V103,TIM14,TIM,SMCFGR,0x40002008,0x008,16,1,#,reference,evt(ch32v10x.h)+rm(CH32xRM.PDF)+rm-address(CH32xRM.PDF)
CH32V103,TIM14,TIM,DMAINTENR,0x4000200c,0x00c,16,1,#,reference,evt(ch32v10x.h)+rm(CH32xRM.PDF)+rm-address(CH32xRM.PDF)
CH32V103,TIM14,TIM,INTFR,0x40002010,0x010,16,1,#,reference,evt(ch32v10x.h)+rm(CH32xRM.PDF)+rm-address(CH32xRM.PDF)
CH32V103,TIM14,TIM,SWEVGR,0x40002014,0x014,16,1,#,reference,evt(ch32v10x.h)+rm(CH32xRM.PDF)+rm-address(CH32xRM.PDF)
CH32V103,TIM14,TIM,CHCTLR1,0x40002018,0x018,16,1,#,reference,evt(ch32v10x.h)+rm(CH32xRM.PDF)+rm-address(CH32xRM.PDF)
CH32V103,TIM14,TIM,CHCTLR2,0x4000201c,0x01c,16,1,#,reference,evt(ch32v10x.h)+rm(CH32xRM.PDF)+rm-address(CH32xRM.PDF)
CH32V103,TIM14,TIM,CCER,0x40002020,0x020,16,1,#,reference,evt(ch32v10x.h)+rm(CH32xRM.PDF)+rm-address(CH32xRM.PDF)
CH32V103,TIM14,TIM,CNT,0x40002024,0x024,16,1,#,reference,evt(ch32v10x.h)+rm(CH32xRM.PDF)+rm-address(CH32xRM.PDF)
CH32V103,TIM14,TIM,PSC,0x40002028,0x028,16,1,#,reference,evt(ch32v10x.h)+rm(CH32xRM.PDF)+rm-address(CH32xRM.PDF)
CH32V103,TIM14,TIM,ATRLR,0x4000202c,0x02c,16,1,#,reference,evt(ch32v10x.h)+rm(CH32xRM.PDF)+rm-address(CH32xRM.PDF)
CH32V103,TIM14,TIM,RPTCR,0x40002030,0x030,16,1,#,reference,evt(ch32v10x.h)+rm(CH32xRM.PDF)+rm-address(CH32xRM.PDF)
CH32V103,TIM14,TIM,CH1CVR,0x40002034,0x034,16,1,#,reference,evt(ch32v10x.h)+rm(CH32xRM.PDF)+rm-address(CH32xRM.PDF)
CH32V103,TIM14,TIM,CH2CVR,0x40002038,0x038,16,1,#,reference,evt(ch32v10x.h)+rm(CH32xRM.PDF)+rm-address(CH32xRM.PDF)
CH32V103,TIM14,TIM,CH3CVR,0x4000203c,0x03c,16,1,#,reference,evt(ch32v10x.h)+rm(CH32xRM.PDF)+rm-address(CH32xRM.PDF)
CH32V103,TIM14,TIM,CH4CVR,0x40002040,0x040,16,1,#,reference,evt(ch32v10x.h)+rm(CH32xRM.PDF)+rm-address(CH32xRM.PDF)
CH32V103,TIM14,TIM,BDTR,0x40002044,0x044,16,1,#,reference,evt(ch32v10x.h)+rm(CH32xRM.PDF)+rm-address(CH32xRM.PDF)
CH32V103,TIM14,TIM,DMACFGR,0x40002048,0x048,16,1,#,reference,evt(ch32v10x.h)+rm(CH32xRM.PDF)+rm-address(CH32xRM.PDF)
CH32V103,TIM14,TIM,DMAADR,0x4000204c,0x04c,16,1,#,reference,evt(ch32v10x.h)+rm-address(CH32xRM.PDF)
CH32V103,RTC,RTC,CTLRH,0x40002800,0x000,16,1,#,confirmed,evt(ch32v10x.h)+rm(CH32xRM.PDF)+rm-address(CH32xRM.PDF)
CH32V103,RTC,RTC,CTLRL,0x40002804,0x004,16,1,#,confirmed,evt(ch32v10x.h)+rm(CH32xRM.PDF)+rm-address(CH32xRM.PDF)
CH32V103,RTC,RTC,PSCRH,0x40002808,0x008,16,1,#,confirmed,evt(ch32v10x.h)+rm(CH32xRM.PDF)+rm-address(CH32xRM.PDF)
CH32V103,RTC,RTC,PSCRL,0x4000280c,0x00c,16,1,#,confirmed,evt(ch32v10x.h)+rm(CH32xRM.PDF)+rm-address(CH32xRM.PDF)
CH32V103,RTC,RTC,DIVH,0x40002810,0x010,16,1,#,confirmed,evt(ch32v10x.h)+rm(CH32xRM.PDF)+rm-address(CH32xRM.PDF)
CH32V103,RTC,RTC,DIVL,0x40002814,0x014,16,1,#,confirmed,evt(ch32v10x.h)+rm(CH32xRM.PDF)+rm-address(CH32xRM.PDF)
CH32V103,RTC,RTC,CNTH,0x40002818,0x018,16,1,#,confirmed,evt(ch32v10x.h)+rm(CH32xRM.PDF)+rm-address(CH32xRM.PDF)
CH32V103,RTC,RTC,CNTL,0x4000281c,0x01c,16,1,#,confirmed,evt(ch32v10x.h)+rm(CH32xRM.PDF)+rm-address(CH32xRM.PDF)
CH32V103,RTC,RTC,ALRMH,0x40002820,0x020,16,1,#,confirmed,evt(ch32v10x.h)+rm(CH32xRM.PDF)+rm-address(CH32xRM.PDF)
CH32V103,RTC,RTC,ALRML,0x40002824,0x024,16,1,#,confirmed,evt(ch32v10x.h)+rm(CH32xRM.PDF)+rm-address(CH32xRM.PDF)
CH32V103,WWDG,WWDG,CTLR,0x40002c00,0x000,32,1,#,confirmed,evt(ch32v10x.h)+rm(CH32xRM.PDF)+rm-address(CH32xRM.PDF)
CH32V103,WWDG,WWDG,CFGR,0x40002c04,0x004,32,1,#,confirmed,evt(ch32v10x.h)+rm(CH32xRM.PDF)+rm-address(CH32xRM.PDF)
CH32V103,WWDG,WWDG,STATR,0x40002c08,0x008,32,1,#,confirmed,evt(ch32v10x.h)+rm(CH32xRM.PDF)+rm-address(CH32xRM.PDF)
CH32V103,IWDG,IWDG,CTLR,0x40003000,0x000,32,1,#,confirmed,evt(ch32v10x.h)+rm(CH32xRM.PDF)+rm-address(CH32xRM.PDF)
CH32V103,IWDG,IWDG,PSCR,0x40003004,0x004,32,1,#,confirmed,evt(ch32v10x.h)+rm(CH32xRM.PDF)+rm-address(CH32xRM.PDF)
CH32V103,IWDG,IWDG,RLDR,0x40003008,0x008,32,1,#,confirmed,evt(ch32v10x.h)+rm(CH32xRM.PDF)+rm-address(CH32xRM.PDF)
CH32V103,IWDG,IWDG,STATR,0x4000300c,0x00c,32,1,#,confirmed,evt(ch32v10x.h)+rm(CH32xRM.PDF)+rm-address(CH32xRM.PDF)
CH32V103,SPI2,SPI,CTLR1,0x40003800,0x000,16,1,#,confirmed,evt(ch32v10x.h)+rm(CH32xRM.PDF)+rm-address(CH32xRM.PDF)
CH32V103,SPI2,SPI,CTLR2,0x40003804,0x004,16,1,#,confirmed,evt(ch32v10x.h)+rm(CH32xRM.PDF)+rm-address(CH32xRM.PDF)
CH32V103,SPI2,SPI,STATR,0x40003808,0x008,16,1,#,confirmed,evt(ch32v10x.h)+rm(CH32xRM.PDF)+rm-address(CH32xRM.PDF)
CH32V103,SPI2,SPI,DATAR,0x4000380c,0x00c,16,1,#,confirmed,evt(ch32v10x.h)+rm(CH32xRM.PDF)+rm-address(CH32xRM.PDF)
CH32V103,SPI2,SPI,CRCR,0x40003810,0x010,16,1,#,confirmed,evt(ch32v10x.h)+rm(CH32xRM.PDF)+rm-address(CH32xRM.PDF)
CH32V103,SPI2,SPI,RCRCR,0x40003814,0x014,16,1,#,confirmed,evt(ch32v10x.h)+rm(CH32xRM.PDF)+rm-address(CH32xRM.PDF)
CH32V103,SPI2,SPI,TCRCR,0x40003818,0x018,16,1,#,confirmed,evt(ch32v10x.h)+rm(CH32xRM.PDF)+rm-address(CH32xRM.PDF)
CH32V103,SPI2,SPI,HSCR,0x40003824,0x024,16,1,#,confirmed,evt(ch32v10x.h)+rm(CH32xRM.PDF)+rm-address(CH32xRM.PDF)
CH32V103,USART2,USART,STATR,0x40004400,0x000,16,1,#,confirmed,evt(ch32v10x.h)+rm-address(CH32xRM.PDF)
CH32V103,USART2,USART,DATAR,0x40004404,0x004,16,1,#,confirmed,evt(ch32v10x.h)+rm(CH32xRM.PDF)+rm-address(CH32xRM.PDF)
CH32V103,USART2,USART,BRR,0x40004408,0x008,16,1,#,confirmed,evt(ch32v10x.h)+rm(CH32xRM.PDF)+rm-address(CH32xRM.PDF)
CH32V103,USART2,USART,CTLR1,0x4000440c,0x00c,16,1,#,confirmed,evt(ch32v10x.h)+rm(CH32xRM.PDF)+rm-address(CH32xRM.PDF)
CH32V103,USART2,USART,CTLR2,0x40004410,0x010,16,1,#,confirmed,evt(ch32v10x.h)+rm(CH32xRM.PDF)+rm-address(CH32xRM.PDF)
CH32V103,USART2,USART,CTLR3,0x40004414,0x014,16,1,#,confirmed,evt(ch32v10x.h)+rm(CH32xRM.PDF)+rm-address(CH32xRM.PDF)
CH32V103,USART2,USART,GPR,0x40004418,0x018,16,1,#,confirmed,evt(ch32v10x.h)+rm(CH32xRM.PDF)+rm-address(CH32xRM.PDF)
CH32V103,USART3,USART,STATR,0x40004800,0x000,16,1,#,confirmed,evt(ch32v10x.h)+rm-address(CH32xRM.PDF)
CH32V103,USART3,USART,DATAR,0x40004804,0x004,16,1,#,confirmed,evt(ch32v10x.h)+rm(CH32xRM.PDF)+rm-address(CH32xRM.PDF)
CH32V103,USART3,USART,BRR,0x40004808,0x008,16,1,#,confirmed,evt(ch32v10x.h)+rm(CH32xRM.PDF)+rm-address(CH32xRM.PDF)
CH32V103,USART3,USART,CTLR1,0x4000480c,0x00c,16,1,#,confirmed,evt(ch32v10x.h)+rm(CH32xRM.PDF)+rm-address(CH32xRM.PDF)
CH32V103,USART3,USART,CTLR2,0x40004810,0x010,16,1,#,confirmed,evt(ch32v10x.h)+rm(CH32xRM.PDF)+rm-address(CH32xRM.PDF)
CH32V103,USART3,USART,CTLR3,0x40004814,0x014,16,1,#,confirmed,evt(ch32v10x.h)+rm(CH32xRM.PDF)+rm-address(CH32xRM.PDF)
CH32V103,USART3,USART,GPR,0x40004818,0x018,16,1,#,confirmed,evt(ch32v10x.h)+rm(CH32xRM.PDF)+rm-address(CH32xRM.PDF)
CH32V103,UART4,USART,STATR,0x40004c00,0x000,16,1,#,reference,evt(ch32v10x.h)+rm-address(CH32xRM.PDF)
CH32V103,UART4,USART,DATAR,0x40004c04,0x004,16,1,#,reference,evt(ch32v10x.h)+rm(CH32xRM.PDF)+rm-address(CH32xRM.PDF)
CH32V103,UART4,USART,BRR,0x40004c08,0x008,16,1,#,reference,evt(ch32v10x.h)+rm(CH32xRM.PDF)+rm-address(CH32xRM.PDF)
CH32V103,UART4,USART,CTLR1,0x40004c0c,0x00c,16,1,#,reference,evt(ch32v10x.h)+rm(CH32xRM.PDF)+rm-address(CH32xRM.PDF)
CH32V103,UART4,USART,CTLR2,0x40004c10,0x010,16,1,#,reference,evt(ch32v10x.h)+rm(CH32xRM.PDF)+rm-address(CH32xRM.PDF)
CH32V103,UART4,USART,CTLR3,0x40004c14,0x014,16,1,#,reference,evt(ch32v10x.h)+rm(CH32xRM.PDF)+rm-address(CH32xRM.PDF)
CH32V103,UART4,USART,GPR,0x40004c18,0x018,16,1,#,reference,evt(ch32v10x.h)+rm(CH32xRM.PDF)+rm-address(CH32xRM.PDF)
CH32V103,UART5,USART,STATR,0x40005000,0x000,16,1,#,reference,evt(ch32v10x.h)+rm-address(CH32xRM.PDF)
CH32V103,UART5,USART,DATAR,0x40005004,0x004,16,1,#,reference,evt(ch32v10x.h)+rm(CH32xRM.PDF)+rm-address(CH32xRM.PDF)
CH32V103,UART5,USART,BRR,0x40005008,0x008,16,1,#,reference,evt(ch32v10x.h)+rm(CH32xRM.PDF)+rm-address(CH32xRM.PDF)
CH32V103,UART5,USART,CTLR1,0x4000500c,0x00c,16,1,#,reference,evt(ch32v10x.h)+rm(CH32xRM.PDF)+rm-address(CH32xRM.PDF)
CH32V103,UART5,USART,CTLR2,0x40005010,0x010,16,1,#,reference,evt(ch32v10x.h)+rm(CH32xRM.PDF)+rm-address(CH32xRM.PDF)
CH32V103,UART5,USART,CTLR3,0x40005014,0x014,16,1,#,reference,evt(ch32v10x.h)+rm(CH32xRM.PDF)+rm-address(CH32xRM.PDF)
CH32V103,UART5,USART,GPR,0x40005018,0x018,16,1,#,reference,evt(ch32v10x.h)+rm(CH32xRM.PDF)+rm-address(CH32xRM.PDF)
CH32V103,I2C1,I2C,CTLR1,0x40005400,0x000,16,1,#,confirmed,evt(ch32v10x.h)+rm(CH32xRM.PDF)+rm-address(CH32xRM.PDF)
CH32V103,I2C1,I2C,CTLR2,0x40005404,0x004,16,1,#,confirmed,evt(ch32v10x.h)+rm(CH32xRM.PDF)+rm-address(CH32xRM.PDF)
CH32V103,I2C1,I2C,OADDR1,0x40005408,0x008,16,1,#,confirmed,evt(ch32v10x.h)+rm(CH32xRM.PDF)+rm-address(CH32xRM.PDF)
CH32V103,I2C1,I2C,OADDR2,0x4000540c,0x00c,16,1,#,confirmed,evt(ch32v10x.h)+rm(CH32xRM.PDF)+rm-address(CH32xRM.PDF)
CH32V103,I2C1,I2C,DATAR,0x40005410,0x010,16,1,#,confirmed,evt(ch32v10x.h)+rm-address(CH32xRM.PDF)
CH32V103,I2C1,I2C,STAR1,0x40005414,0x014,16,1,#,confirmed,evt(ch32v10x.h)+rm(CH32xRM.PDF)+rm-address(CH32xRM.PDF)
CH32V103,I2C1,I2C,STAR2,0x40005418,0x018,16,1,#,confirmed,evt(ch32v10x.h)+rm(CH32xRM.PDF)+rm-address(CH32xRM.PDF)
CH32V103,I2C1,I2C,CKCFGR,0x4000541c,0x01c,16,1,#,confirmed,evt(ch32v10x.h)+rm(CH32xRM.PDF)+rm-address(CH32xRM.PDF)
CH32V103,I2C1,I2C,RTR,0x40005420,0x020,16,1,#,confirmed,evt(ch32v10x.h)+rm(CH32xRM.PDF)+rm-address(CH32xRM.PDF)
CH32V103,I2C2,I2C,CTLR1,0x40005800,0x000,16,1,#,confirmed,evt(ch32v10x.h)+rm(CH32xRM.PDF)+rm-address(CH32xRM.PDF)
CH32V103,I2C2,I2C,CTLR2,0x40005804,0x004,16,1,#,confirmed,evt(ch32v10x.h)+rm(CH32xRM.PDF)+rm-address(CH32xRM.PDF)
CH32V103,I2C2,I2C,OADDR1,0x40005808,0x008,16,1,#,confirmed,evt(ch32v10x.h)+rm(CH32xRM.PDF)+rm-address(CH32xRM.PDF)
CH32V103,I2C2,I2C,OADDR2,0x4000580c,0x00c,16,1,#,confirmed,evt(ch32v10x.h)+rm(CH32xRM.PDF)+rm-address(CH32xRM.PDF)
CH32V103,I2C2,I2C,DATAR,0x40005810,0x010,16,1,#,confirmed,evt(ch32v10x.h)+rm-address(CH32xRM.PDF)
CH32V103,I2C2,I2C,STAR1,0x40005814,0x014,16,1,#,confirmed,evt(ch32v10x.h)+rm(CH32xRM.PDF)+rm-address(CH32xRM.PDF)
CH32V103,I2C2,I2C,STAR2,0x40005818,0x018,16,1,#,confirmed,evt(ch32v10x.h)+rm(CH32xRM.PDF)+rm-address(CH32xRM.PDF)
CH32V103,I2C2,I2C,CKCFGR,0x4000581c,0x01c,16,1,#,confirmed,evt(ch32v10x.h)+rm(CH32xRM.PDF)+rm-address(CH32xRM.PDF)
CH32V103,I2C2,I2C,RTR,0x40005820,0x020,16,1,#,confirmed,evt(ch32v10x.h)+rm(CH32xRM.PDF)+rm-address(CH32xRM.PDF)
CH32V103,BKP,BKP,DATAR1,0x40006c04,0x004,16,1,#,confirmed,evt(ch32v10x.h)+rm-address(CH32xRM.PDF)
CH32V103,BKP,BKP,DATAR2,0x40006c08,0x008,16,1,#,confirmed,evt(ch32v10x.h)+rm-address(CH32xRM.PDF)
CH32V103,BKP,BKP,DATAR3,0x40006c0c,0x00c,16,1,#,confirmed,evt(ch32v10x.h)+rm-address(CH32xRM.PDF)
CH32V103,BKP,BKP,DATAR4,0x40006c10,0x010,16,1,#,confirmed,evt(ch32v10x.h)+rm-address(CH32xRM.PDF)
CH32V103,BKP,BKP,DATAR5,0x40006c14,0x014,16,1,#,confirmed,evt(ch32v10x.h)+rm-address(CH32xRM.PDF)
CH32V103,BKP,BKP,DATAR6,0x40006c18,0x018,16,1,#,confirmed,evt(ch32v10x.h)+rm-address(CH32xRM.PDF)
CH32V103,BKP,BKP,DATAR7,0x40006c1c,0x01c,16,1,#,confirmed,evt(ch32v10x.h)+rm-address(CH32xRM.PDF)
CH32V103,BKP,BKP,DATAR8,0x40006c20,0x020,16,1,#,confirmed,evt(ch32v10x.h)+rm-address(CH32xRM.PDF)
CH32V103,BKP,BKP,DATAR9,0x40006c24,0x024,16,1,#,confirmed,evt(ch32v10x.h)+rm-address(CH32xRM.PDF)
CH32V103,BKP,BKP,DATAR10,0x40006c28,0x028,16,1,#,confirmed,evt(ch32v10x.h)+rm-address(CH32xRM.PDF)
CH32V103,BKP,BKP,OCTLR,0x40006c2c,0x02c,16,1,#,confirmed,evt(ch32v10x.h)+rm(CH32xRM.PDF)+rm-address(CH32xRM.PDF)
CH32V103,BKP,BKP,TPCTLR,0x40006c30,0x030,16,1,#,confirmed,evt(ch32v10x.h)+rm(CH32xRM.PDF)+rm-address(CH32xRM.PDF)
CH32V103,BKP,BKP,TPCSR,0x40006c34,0x034,16,1,#,confirmed,evt(ch32v10x.h)+rm(CH32xRM.PDF)+rm-address(CH32xRM.PDF)
CH32V103,BKP,BKP,DATAR11,0x40006c40,0x040,16,1,#,reference,evt(ch32v10x.h)
CH32V103,BKP,BKP,DATAR12,0x40006c44,0x044,16,1,#,reference,evt(ch32v10x.h)
CH32V103,BKP,BKP,DATAR13,0x40006c48,0x048,16,1,#,reference,evt(ch32v10x.h)
CH32V103,BKP,BKP,DATAR14,0x40006c4c,0x04c,16,1,#,reference,evt(ch32v10x.h)
CH32V103,BKP,BKP,DATAR15,0x40006c50,0x050,16,1,#,reference,evt(ch32v10x.h)
CH32V103,BKP,BKP,DATAR16,0x40006c54,0x054,16,1,#,reference,evt(ch32v10x.h)
CH32V103,BKP,BKP,DATAR17,0x40006c58,0x058,16,1,#,reference,evt(ch32v10x.h)
CH32V103,BKP,BKP,DATAR18,0x40006c5c,0x05c,16,1,#,reference,evt(ch32v10x.h)
CH32V103,BKP,BKP,DATAR19,0x40006c60,0x060,16,1,#,reference,evt(ch32v10x.h)
CH32V103,BKP,BKP,DATAR20,0x40006c64,0x064,16,1,#,reference,evt(ch32v10x.h)
CH32V103,BKP,BKP,DATAR21,0x40006c68,0x068,16,1,#,reference,evt(ch32v10x.h)
CH32V103,BKP,BKP,DATAR22,0x40006c6c,0x06c,16,1,#,reference,evt(ch32v10x.h)
CH32V103,BKP,BKP,DATAR23,0x40006c70,0x070,16,1,#,reference,evt(ch32v10x.h)
CH32V103,BKP,BKP,DATAR24,0x40006c74,0x074,16,1,#,reference,evt(ch32v10x.h)
CH32V103,BKP,BKP,DATAR25,0x40006c78,0x078,16,1,#,reference,evt(ch32v10x.h)
CH32V103,BKP,BKP,DATAR26,0x40006c7c,0x07c,16,1,#,reference,evt(ch32v10x.h)
CH32V103,BKP,BKP,DATAR27,0x40006c80,0x080,16,1,#,reference,evt(ch32v10x.h)
CH32V103,BKP,BKP,DATAR28,0x40006c84,0x084,16,1,#,reference,evt(ch32v10x.h)
CH32V103,BKP,BKP,DATAR29,0x40006c88,0x088,16,1,#,reference,evt(ch32v10x.h)
CH32V103,BKP,BKP,DATAR30,0x40006c8c,0x08c,16,1,#,reference,evt(ch32v10x.h)
CH32V103,BKP,BKP,DATAR31,0x40006c90,0x090,16,1,#,reference,evt(ch32v10x.h)
CH32V103,BKP,BKP,DATAR32,0x40006c94,0x094,16,1,#,reference,evt(ch32v10x.h)
CH32V103,BKP,BKP,DATAR33,0x40006c98,0x098,16,1,#,reference,evt(ch32v10x.h)
CH32V103,BKP,BKP,DATAR34,0x40006c9c,0x09c,16,1,#,reference,evt(ch32v10x.h)
CH32V103,BKP,BKP,DATAR35,0x40006ca0,0x0a0,16,1,#,reference,evt(ch32v10x.h)
CH32V103,BKP,BKP,DATAR36,0x40006ca4,0x0a4,16,1,#,reference,evt(ch32v10x.h)
CH32V103,BKP,BKP,DATAR37,0x40006ca8,0x0a8,16,1,#,reference,evt(ch32v10x.h)
CH32V103,BKP,BKP,DATAR38,0x40006cac,0x0ac,16,1,#,reference,evt(ch32v10x.h)
CH32V103,BKP,BKP,DATAR39,0x40006cb0,0x0b0,16,1,#,reference,evt(ch32v10x.h)
CH32V103,BKP,BKP,DATAR40,0x40006cb4,0x0b4,16,1,#,reference,evt(ch32v10x.h)
CH32V103,BKP,BKP,DATAR41,0x40006cb8,0x0b8,16,1,#,reference,evt(ch32v10x.h)
CH32V103,BKP,BKP,DATAR42,0x40006cbc,0x0bc,16,1,#,reference,evt(ch32v10x.h)
CH32V103,PWR,PWR,CTLR,0x40007000,0x000,32,1,#,confirmed,evt(ch32v10x.h)+rm(CH32xRM.PDF)+rm-address(CH32xRM.PDF)
CH32V103,PWR,PWR,CSR,0x40007004,0x004,32,1,#,confirmed,evt(ch32v10x.h)+rm(CH32xRM.PDF)+rm-address(CH32xRM.PDF)
CH32V103,DAC,DAC,CTLR,0x40007400,0x000,32,1,#,confirmed,evt(ch32v10x.h)+rm(CH32xRM.PDF)+rm-address(CH32xRM.PDF)
CH32V103,DAC,DAC,SWTR,0x40007404,0x004,32,1,#,confirmed,evt(ch32v10x.h)+rm(CH32xRM.PDF)+rm-address(CH32xRM.PDF)
CH32V103,DAC,DAC,R12BDHR1,0x40007408,0x008,32,1,#,confirmed,evt(ch32v10x.h)+rm(CH32xRM.PDF)+rm-address(CH32xRM.PDF)
CH32V103,DAC,DAC,L12BDHR1,0x4000740c,0x00c,32,1,#,confirmed,evt(ch32v10x.h)+rm(CH32xRM.PDF)+rm-address(CH32xRM.PDF)
CH32V103,DAC,DAC,R8BDHR1,0x40007410,0x010,32,1,#,reference,evt(ch32v10x.h)
CH32V103,DAC,DAC,R12BDHR2,0x40007414,0x014,32,1,#,confirmed,evt(ch32v10x.h)+rm(CH32xRM.PDF)+rm-address(CH32xRM.PDF)
CH32V103,DAC,DAC,L12BDHR2,0x40007418,0x018,32,1,#,confirmed,evt(ch32v10x.h)+rm(CH32xRM.PDF)+rm-address(CH32xRM.PDF)
CH32V103,DAC,DAC,R8BDHR2,0x4000741c,0x01c,32,1,#,reference,evt(ch32v10x.h)
CH32V103,DAC,DAC,RD12BDHR,0x40007420,0x020,32,1,#,reference,evt(ch32v10x.h)
CH32V103,DAC,DAC,LD12BDHR,0x40007424,0x024,32,1,#,reference,evt(ch32v10x.h)
CH32V103,DAC,DAC,RD8BDHR,0x40007428,0x028,32,1,#,reference,evt(ch32v10x.h)
CH32V103,DAC,DAC,DOR1,0x4000742c,0x02c,32,1,#,confirmed,evt(ch32v10x.h)+rm(CH32xRM.PDF)+rm-address(CH32xRM.PDF)
CH32V103,DAC,DAC,DOR2,0x40007430,0x030,32,1,#,confirmed,evt(ch32v10x.h)+rm(CH32xRM.PDF)+rm-address(CH32xRM.PDF)
CH32V103,AFIO,AFIO,ECR,0x40010000,0x000,32,1,#,confirmed,evt(ch32v10x.h)+rm(CH32xRM.PDF)+rm-address(CH32xRM.PDF)
CH32V103,AFIO,AFIO,PCFR1,0x40010004,0x004,32,1,#,reference,evt(ch32v10x.h)
CH32V103,AFIO,AFIO,EXTICR,0x40010008,0x008,32,4,#,confirmed,evt(ch32v10x.h)+rm-address(CH32xRM.PDF)
CH32V103,AFIO,AFIO,PCFR2,0x4001001c,0x01c,32,1,#,reference,evt(ch32v10x.h)
CH32V103,EXTI,EXTI,INTENR,0x40010400,0x000,32,1,#,confirmed,evt(ch32v10x.h)+rm(CH32xRM.PDF)+rm-address(CH32xRM.PDF)
CH32V103,EXTI,EXTI,EVENR,0x40010404,0x004,32,1,#,confirmed,evt(ch32v10x.h)+rm(CH32xRM.PDF)+rm-address(CH32xRM.PDF)
CH32V103,EXTI,EXTI,RTENR,0x40010408,0x008,32,1,#,confirmed,evt(ch32v10x.h)+rm(CH32xRM.PDF)+rm-address(CH32xRM.PDF)
CH32V103,EXTI,EXTI,FTENR,0x4001040c,0x00c,32,1,#,confirmed,evt(ch32v10x.h)+rm(CH32xRM.PDF)+rm-address(CH32xRM.PDF)
CH32V103,EXTI,EXTI,SWIEVR,0x40010410,0x010,32,1,#,confirmed,evt(ch32v10x.h)+rm(CH32xRM.PDF)+rm-address(CH32xRM.PDF)
CH32V103,EXTI,EXTI,INTFR,0x40010414,0x014,32,1,#,confirmed,evt(ch32v10x.h)+rm(CH32xRM.PDF)+rm-address(CH32xRM.PDF)
CH32V103,GPIOA,GPIO,CFGLR,0x40010800,0x000,32,1,#,confirmed,evt(ch32v10x.h)+rm-address(CH32xRM.PDF)
CH32V103,GPIOA,GPIO,CFGHR,0x40010804,0x004,32,1,#,confirmed,evt(ch32v10x.h)+rm-address(CH32xRM.PDF)
CH32V103,GPIOA,GPIO,INDR,0x40010808,0x008,32,1,#,confirmed,evt(ch32v10x.h)+rm(CH32xRM.PDF)+rm-address(CH32xRM.PDF)
CH32V103,GPIOA,GPIO,OUTDR,0x4001080c,0x00c,32,1,#,confirmed,evt(ch32v10x.h)+rm(CH32xRM.PDF)+rm-address(CH32xRM.PDF)
CH32V103,GPIOA,GPIO,BSHR,0x40010810,0x010,32,1,#,confirmed,evt(ch32v10x.h)+rm(CH32xRM.PDF)+rm-address(CH32xRM.PDF)
CH32V103,GPIOA,GPIO,BCR,0x40010814,0x014,32,1,#,confirmed,evt(ch32v10x.h)+rm(CH32xRM.PDF)+rm-address(CH32xRM.PDF)
CH32V103,GPIOA,GPIO,LCKR,0x40010818,0x018,32,1,#,confirmed,evt(ch32v10x.h)+rm(CH32xRM.PDF)+rm-address(CH32xRM.PDF)
CH32V103,GPIOB,GPIO,CFGLR,0x40010c00,0x000,32,1,#,confirmed,evt(ch32v10x.h)+rm-address(CH32xRM.PDF)
CH32V103,GPIOB,GPIO,CFGHR,0x40010c04,0x004,32,1,#,confirmed,evt(ch32v10x.h)+rm-address(CH32xRM.PDF)
CH32V103,GPIOB,GPIO,INDR,0x40010c08,0x008,32,1,#,confirmed,evt(ch32v10x.h)+rm(CH32xRM.PDF)+rm-address(CH32xRM.PDF)
CH32V103,GPIOB,GPIO,OUTDR,0x40010c0c,0x00c,32,1,#,confirmed,evt(ch32v10x.h)+rm(CH32xRM.PDF)+rm-address(CH32xRM.PDF)
CH32V103,GPIOB,GPIO,BSHR,0x40010c10,0x010,32,1,#,confirmed,evt(ch32v10x.h)+rm(CH32xRM.PDF)+rm-address(CH32xRM.PDF)
CH32V103,GPIOB,GPIO,BCR,0x40010c14,0x014,32,1,#,confirmed,evt(ch32v10x.h)+rm(CH32xRM.PDF)+rm-address(CH32xRM.PDF)
CH32V103,GPIOB,GPIO,LCKR,0x40010c18,0x018,32,1,#,confirmed,evt(ch32v10x.h)+rm(CH32xRM.PDF)+rm-address(CH32xRM.PDF)
CH32V103,GPIOC,GPIO,CFGLR,0x40011000,0x000,32,1,#,confirmed,evt(ch32v10x.h)+rm-address(CH32xRM.PDF)
CH32V103,GPIOC,GPIO,CFGHR,0x40011004,0x004,32,1,#,confirmed,evt(ch32v10x.h)+rm-address(CH32xRM.PDF)
CH32V103,GPIOC,GPIO,INDR,0x40011008,0x008,32,1,#,confirmed,evt(ch32v10x.h)+rm(CH32xRM.PDF)+rm-address(CH32xRM.PDF)
CH32V103,GPIOC,GPIO,OUTDR,0x4001100c,0x00c,32,1,#,confirmed,evt(ch32v10x.h)+rm(CH32xRM.PDF)+rm-address(CH32xRM.PDF)
CH32V103,GPIOC,GPIO,BSHR,0x40011010,0x010,32,1,#,confirmed,evt(ch32v10x.h)+rm(CH32xRM.PDF)+rm-address(CH32xRM.PDF)
CH32V103,GPIOC,GPIO,BCR,0x40011014,0x014,32,1,#,confirmed,evt(ch32v10x.h)+rm(CH32xRM.PDF)+rm-address(CH32xRM.PDF)
CH32V103,GPIOC,GPIO,LCKR,0x40011018,0x018,32,1,#,confirmed,evt(ch32v10x.h)+rm(CH32xRM.PDF)+rm-address(CH32xRM.PDF)
CH32V103,GPIOD,GPIO,CFGLR,0x40011400,0x000,32,1,#,confirmed,evt(ch32v10x.h)+rm-address(CH32xRM.PDF)
CH32V103,GPIOD,GPIO,CFGHR,0x40011404,0x004,32,1,#,confirmed,evt(ch32v10x.h)+rm-address(CH32xRM.PDF)
CH32V103,GPIOD,GPIO,INDR,0x40011408,0x008,32,1,#,confirmed,evt(ch32v10x.h)+rm(CH32xRM.PDF)+rm-address(CH32xRM.PDF)
CH32V103,GPIOD,GPIO,OUTDR,0x4001140c,0x00c,32,1,#,confirmed,evt(ch32v10x.h)+rm(CH32xRM.PDF)+rm-address(CH32xRM.PDF)
CH32V103,GPIOD,GPIO,BSHR,0x40011410,0x010,32,1,#,confirmed,evt(ch32v10x.h)+rm(CH32xRM.PDF)+rm-address(CH32xRM.PDF)
CH32V103,GPIOD,GPIO,BCR,0x40011414,0x014,32,1,#,confirmed,evt(ch32v10x.h)+rm(CH32xRM.PDF)+rm-address(CH32xRM.PDF)
CH32V103,GPIOD,GPIO,LCKR,0x40011418,0x018,32,1,#,confirmed,evt(ch32v10x.h)+rm(CH32xRM.PDF)+rm-address(CH32xRM.PDF)
CH32V103,GPIOE,GPIO,CFGLR,0x40011800,0x000,32,1,#,reference,evt(ch32v10x.h)+rm-address(CH32xRM.PDF)
CH32V103,GPIOE,GPIO,CFGHR,0x40011804,0x004,32,1,#,reference,evt(ch32v10x.h)+rm-address(CH32xRM.PDF)
CH32V103,GPIOE,GPIO,INDR,0x40011808,0x008,32,1,#,reference,evt(ch32v10x.h)+rm(CH32xRM.PDF)+rm-address(CH32xRM.PDF)
CH32V103,GPIOE,GPIO,OUTDR,0x4001180c,0x00c,32,1,#,reference,evt(ch32v10x.h)+rm(CH32xRM.PDF)+rm-address(CH32xRM.PDF)
CH32V103,GPIOE,GPIO,BSHR,0x40011810,0x010,32,1,#,reference,evt(ch32v10x.h)+rm(CH32xRM.PDF)+rm-address(CH32xRM.PDF)
CH32V103,GPIOE,GPIO,BCR,0x40011814,0x014,32,1,#,reference,evt(ch32v10x.h)+rm(CH32xRM.PDF)+rm-address(CH32xRM.PDF)
CH32V103,GPIOE,GPIO,LCKR,0x40011818,0x018,32,1,#,reference,evt(ch32v10x.h)+rm(CH32xRM.PDF)+rm-address(CH32xRM.PDF)
CH32V103,GPIOF,GPIO,CFGLR,0x40011c00,0x000,32,1,#,reference,evt(ch32v10x.h)+rm-address(CH32xRM.PDF)
CH32V103,GPIOF,GPIO,CFGHR,0x40011c04,0x004,32,1,#,reference,evt(ch32v10x.h)+rm-address(CH32xRM.PDF)
CH32V103,GPIOF,GPIO,INDR,0x40011c08,0x008,32,1,#,reference,evt(ch32v10x.h)+rm(CH32xRM.PDF)+rm-address(CH32xRM.PDF)
CH32V103,GPIOF,GPIO,OUTDR,0x40011c0c,0x00c,32,1,#,reference,evt(ch32v10x.h)+rm(CH32xRM.PDF)+rm-address(CH32xRM.PDF)
CH32V103,GPIOF,GPIO,BSHR,0x40011c10,0x010,32,1,#,reference,evt(ch32v10x.h)+rm(CH32xRM.PDF)+rm-address(CH32xRM.PDF)
CH32V103,GPIOF,GPIO,BCR,0x40011c14,0x014,32,1,#,reference,evt(ch32v10x.h)+rm(CH32xRM.PDF)+rm-address(CH32xRM.PDF)
CH32V103,GPIOF,GPIO,LCKR,0x40011c18,0x018,32,1,#,reference,evt(ch32v10x.h)+rm(CH32xRM.PDF)+rm-address(CH32xRM.PDF)
CH32V103,GPIOG,GPIO,CFGLR,0x40012000,0x000,32,1,#,reference,evt(ch32v10x.h)+rm-address(CH32xRM.PDF)
CH32V103,GPIOG,GPIO,CFGHR,0x40012004,0x004,32,1,#,reference,evt(ch32v10x.h)+rm-address(CH32xRM.PDF)
CH32V103,GPIOG,GPIO,INDR,0x40012008,0x008,32,1,#,reference,evt(ch32v10x.h)+rm(CH32xRM.PDF)+rm-address(CH32xRM.PDF)
CH32V103,GPIOG,GPIO,OUTDR,0x4001200c,0x00c,32,1,#,reference,evt(ch32v10x.h)+rm(CH32xRM.PDF)+rm-address(CH32xRM.PDF)
CH32V103,GPIOG,GPIO,BSHR,0x40012010,0x010,32,1,#,reference,evt(ch32v10x.h)+rm(CH32xRM.PDF)+rm-address(CH32xRM.PDF)
CH32V103,GPIOG,GPIO,BCR,0x40012014,0x014,32,1,#,reference,evt(ch32v10x.h)+rm(CH32xRM.PDF)+rm-address(CH32xRM.PDF)
CH32V103,GPIOG,GPIO,LCKR,0x40012018,0x018,32,1,#,reference,evt(ch32v10x.h)+rm(CH32xRM.PDF)+rm-address(CH32xRM.PDF)
CH32V103,ADC1,ADC,STATR,0x40012400,0x000,32,1,#,confirmed,evt(ch32v10x.h)+rm(CH32xRM.PDF)+rm-address(CH32xRM.PDF)
CH32V103,ADC1,ADC,CTLR1,0x40012404,0x004,32,1,#,confirmed,evt(ch32v10x.h)+rm(CH32xRM.PDF)+rm-address(CH32xRM.PDF)
CH32V103,ADC1,ADC,CTLR2,0x40012408,0x008,32,1,#,confirmed,evt(ch32v10x.h)+rm(CH32xRM.PDF)+rm-address(CH32xRM.PDF)
CH32V103,ADC1,ADC,SAMPTR1,0x4001240c,0x00c,32,1,#,confirmed,evt(ch32v10x.h)+rm(CH32xRM.PDF)+rm-address(CH32xRM.PDF)
CH32V103,ADC1,ADC,SAMPTR2,0x40012410,0x010,32,1,#,confirmed,evt(ch32v10x.h)+rm(CH32xRM.PDF)+rm-address(CH32xRM.PDF)
CH32V103,ADC1,ADC,IOFR1,0x40012414,0x014,32,1,#,confirmed,evt(ch32v10x.h)+rm-address(CH32xRM.PDF)
CH32V103,ADC1,ADC,IOFR2,0x40012418,0x018,32,1,#,confirmed,evt(ch32v10x.h)+rm-address(CH32xRM.PDF)
CH32V103,ADC1,ADC,IOFR3,0x4001241c,0x01c,32,1,#,confirmed,evt(ch32v10x.h)+rm-address(CH32xRM.PDF)
CH32V103,ADC1,ADC,IOFR4,0x40012420,0x020,32,1,#,confirmed,evt(ch32v10x.h)+rm-address(CH32xRM.PDF)
CH32V103,ADC1,ADC,WDHTR,0x40012424,0x024,32,1,#,confirmed,evt(ch32v10x.h)+rm(CH32xRM.PDF)+rm-address(CH32xRM.PDF)
CH32V103,ADC1,ADC,WDLTR,0x40012428,0x028,32,1,#,confirmed,evt(ch32v10x.h)+rm(CH32xRM.PDF)+rm-address(CH32xRM.PDF)
CH32V103,ADC1,ADC,RSQR1,0x4001242c,0x02c,32,1,#,confirmed,evt(ch32v10x.h)+rm(CH32xRM.PDF)+rm-address(CH32xRM.PDF)
CH32V103,ADC1,ADC,RSQR2,0x40012430,0x030,32,1,#,confirmed,evt(ch32v10x.h)+rm(CH32xRM.PDF)+rm-address(CH32xRM.PDF)
CH32V103,ADC1,ADC,RSQR3,0x40012434,0x034,32,1,#,confirmed,evt(ch32v10x.h)+rm(CH32xRM.PDF)+rm-address(CH32xRM.PDF)
CH32V103,ADC1,ADC,ISQR,0x40012438,0x038,32,1,#,confirmed,evt(ch32v10x.h)+rm(CH32xRM.PDF)+rm-address(CH32xRM.PDF)
CH32V103,ADC1,ADC,IDATAR1,0x4001243c,0x03c,32,1,#,confirmed,evt(ch32v10x.h)+rm-address(CH32xRM.PDF)
CH32V103,ADC1,ADC,IDATAR2,0x40012440,0x040,32,1,#,confirmed,evt(ch32v10x.h)+rm-address(CH32xRM.PDF)
CH32V103,ADC1,ADC,IDATAR3,0x40012444,0x044,32,1,#,confirmed,evt(ch32v10x.h)+rm-address(CH32xRM.PDF)
CH32V103,ADC1,ADC,IDATAR4,0x40012448,0x048,32,1,#,confirmed,evt(ch32v10x.h)+rm-address(CH32xRM.PDF)
CH32V103,ADC1,ADC,RDATAR,0x4001244c,0x04c,32,1,#,confirmed,evt(ch32v10x.h)+rm(CH32xRM.PDF)+rm-address(CH32xRM.PDF)
CH32V103,ADC2,ADC,STATR,0x40012800,0x000,32,1,#,reference,evt(ch32v10x.h)+rm(CH32xRM.PDF)+rm-address(CH32xRM.PDF)
CH32V103,ADC2,ADC,CTLR1,0x40012804,0x004,32,1,#,reference,evt(ch32v10x.h)+rm(CH32xRM.PDF)+rm-address(CH32xRM.PDF)
CH32V103,ADC2,ADC,CTLR2,0x40012808,0x008,32,1,#,reference,evt(ch32v10x.h)+rm(CH32xRM.PDF)+rm-address(CH32xRM.PDF)
CH32V103,ADC2,ADC,SAMPTR1,0x4001280c,0x00c,32,1,#,reference,evt(ch32v10x.h)+rm(CH32xRM.PDF)+rm-address(CH32xRM.PDF)
CH32V103,ADC2,ADC,SAMPTR2,0x40012810,0x010,32,1,#,reference,evt(ch32v10x.h)+rm(CH32xRM.PDF)+rm-address(CH32xRM.PDF)
CH32V103,ADC2,ADC,IOFR1,0x40012814,0x014,32,1,#,reference,evt(ch32v10x.h)+rm-address(CH32xRM.PDF)
CH32V103,ADC2,ADC,IOFR2,0x40012818,0x018,32,1,#,reference,evt(ch32v10x.h)+rm-address(CH32xRM.PDF)
CH32V103,ADC2,ADC,IOFR3,0x4001281c,0x01c,32,1,#,reference,evt(ch32v10x.h)+rm-address(CH32xRM.PDF)
CH32V103,ADC2,ADC,IOFR4,0x40012820,0x020,32,1,#,reference,evt(ch32v10x.h)+rm-address(CH32xRM.PDF)
CH32V103,ADC2,ADC,WDHTR,0x40012824,0x024,32,1,#,reference,evt(ch32v10x.h)+rm(CH32xRM.PDF)+rm-address(CH32xRM.PDF)
CH32V103,ADC2,ADC,WDLTR,0x40012828,0x028,32,1,#,reference,evt(ch32v10x.h)+rm(CH32xRM.PDF)+rm-address(CH32xRM.PDF)
CH32V103,ADC2,ADC,RSQR1,0x4001282c,0x02c,32,1,#,reference,evt(ch32v10x.h)+rm(CH32xRM.PDF)+rm-address(CH32xRM.PDF)
CH32V103,ADC2,ADC,RSQR2,0x40012830,0x030,32,1,#,reference,evt(ch32v10x.h)+rm(CH32xRM.PDF)+rm-address(CH32xRM.PDF)
CH32V103,ADC2,ADC,RSQR3,0x40012834,0x034,32,1,#,reference,evt(ch32v10x.h)+rm(CH32xRM.PDF)+rm-address(CH32xRM.PDF)
CH32V103,ADC2,ADC,ISQR,0x40012838,0x038,32,1,#,reference,evt(ch32v10x.h)+rm(CH32xRM.PDF)+rm-address(CH32xRM.PDF)
CH32V103,ADC2,ADC,IDATAR1,0x4001283c,0x03c,32,1,#,reference,evt(ch32v10x.h)+rm-address(CH32xRM.PDF)
CH32V103,ADC2,ADC,IDATAR2,0x40012840,0x040,32,1,#,reference,evt(ch32v10x.h)+rm-address(CH32xRM.PDF)
CH32V103,ADC2,ADC,IDATAR3,0x40012844,0x044,32,1,#,reference,evt(ch32v10x.h)+rm-address(CH32xRM.PDF)
CH32V103,ADC2,ADC,IDATAR4,0x40012848,0x048,32,1,#,reference,evt(ch32v10x.h)+rm-address(CH32xRM.PDF)
CH32V103,ADC2,ADC,RDATAR,0x4001284c,0x04c,32,1,#,reference,evt(ch32v10x.h)+rm(CH32xRM.PDF)+rm-address(CH32xRM.PDF)
CH32V103,TIM1,TIM,CTLR1,0x40012c00,0x000,16,1,#,confirmed,evt(ch32v10x.h)+rm(CH32xRM.PDF)+rm-address(CH32xRM.PDF)
CH32V103,TIM1,TIM,CTLR2,0x40012c04,0x004,16,1,#,confirmed,evt(ch32v10x.h)+rm(CH32xRM.PDF)+rm-address(CH32xRM.PDF)
CH32V103,TIM1,TIM,SMCFGR,0x40012c08,0x008,16,1,#,confirmed,evt(ch32v10x.h)+rm(CH32xRM.PDF)+rm-address(CH32xRM.PDF)
CH32V103,TIM1,TIM,DMAINTENR,0x40012c0c,0x00c,16,1,#,confirmed,evt(ch32v10x.h)+rm(CH32xRM.PDF)+rm-address(CH32xRM.PDF)
CH32V103,TIM1,TIM,INTFR,0x40012c10,0x010,16,1,#,confirmed,evt(ch32v10x.h)+rm(CH32xRM.PDF)+rm-address(CH32xRM.PDF)
CH32V103,TIM1,TIM,SWEVGR,0x40012c14,0x014,16,1,#,confirmed,evt(ch32v10x.h)+rm(CH32xRM.PDF)+rm-address(CH32xRM.PDF)
CH32V103,TIM1,TIM,CHCTLR1,0x40012c18,0x018,16,1,#,confirmed,evt(ch32v10x.h)+rm(CH32xRM.PDF)+rm-address(CH32xRM.PDF)
CH32V103,TIM1,TIM,CHCTLR2,0x40012c1c,0x01c,16,1,#,confirmed,evt(ch32v10x.h)+rm(CH32xRM.PDF)+rm-address(CH32xRM.PDF)
CH32V103,TIM1,TIM,CCER,0x40012c20,0x020,16,1,#,confirmed,evt(ch32v10x.h)+rm(CH32xRM.PDF)+rm-address(CH32xRM.PDF)
CH32V103,TIM1,TIM,CNT,0x40012c24,0x024,16,1,#,confirmed,evt(ch32v10x.h)+rm(CH32xRM.PDF)+rm-address(CH32xRM.PDF)
CH32V103,TIM1,TIM,PSC,0x40012c28,0x028,16,1,#,confirmed,evt(ch32v10x.h)+rm(CH32xRM.PDF)+rm-address(CH32xRM.PDF)
CH32V103,TIM1,TIM,ATRLR,0x40012c2c,0x02c,16,1,#,confirmed,evt(ch32v10x.h)+rm(CH32xRM.PDF)+rm-address(CH32xRM.PDF)
CH32V103,TIM1,TIM,RPTCR,0x40012c30,0x030,16,1,#,confirmed,evt(ch32v10x.h)+rm(CH32xRM.PDF)+rm-address(CH32xRM.PDF)
CH32V103,TIM1,TIM,CH1CVR,0x40012c34,0x034,16,1,#,confirmed,evt(ch32v10x.h)+rm(CH32xRM.PDF)+rm-address(CH32xRM.PDF)
CH32V103,TIM1,TIM,CH2CVR,0x40012c38,0x038,16,1,#,confirmed,evt(ch32v10x.h)+rm(CH32xRM.PDF)+rm-address(CH32xRM.PDF)
CH32V103,TIM1,TIM,CH3CVR,0x40012c3c,0x03c,16,1,#,confirmed,evt(ch32v10x.h)+rm(CH32xRM.PDF)+rm-address(CH32xRM.PDF)
CH32V103,TIM1,TIM,CH4CVR,0x40012c40,0x040,16,1,#,confirmed,evt(ch32v10x.h)+rm(CH32xRM.PDF)+rm-address(CH32xRM.PDF)
CH32V103,TIM1,TIM,BDTR,0x40012c44,0x044,16,1,#,confirmed,evt(ch32v10x.h)+rm(CH32xRM.PDF)+rm-address(CH32xRM.PDF)
CH32V103,TIM1,TIM,DMACFGR,0x40012c48,0x048,16,1,#,confirmed,evt(ch32v10x.h)+rm(CH32xRM.PDF)+rm-address(CH32xRM.PDF)
CH32V103,TIM1,TIM,DMAADR,0x40012c4c,0x04c,16,1,#,confirmed,evt(ch32v10x.h)+rm-address(CH32xRM.PDF)
CH32V103,SPI1,SPI,CTLR1,0x40013000,0x000,16,1,#,confirmed,evt(ch32v10x.h)+rm(CH32xRM.PDF)+rm-address(CH32xRM.PDF)
CH32V103,SPI1,SPI,CTLR2,0x40013004,0x004,16,1,#,confirmed,evt(ch32v10x.h)+rm(CH32xRM.PDF)+rm-address(CH32xRM.PDF)
CH32V103,SPI1,SPI,STATR,0x40013008,0x008,16,1,#,confirmed,evt(ch32v10x.h)+rm(CH32xRM.PDF)+rm-address(CH32xRM.PDF)
CH32V103,SPI1,SPI,DATAR,0x4001300c,0x00c,16,1,#,confirmed,evt(ch32v10x.h)+rm(CH32xRM.PDF)+rm-address(CH32xRM.PDF)
CH32V103,SPI1,SPI,CRCR,0x40013010,0x010,16,1,#,confirmed,evt(ch32v10x.h)+rm(CH32xRM.PDF)+rm-address(CH32xRM.PDF)
CH32V103,SPI1,SPI,RCRCR,0x40013014,0x014,16,1,#,confirmed,evt(ch32v10x.h)+rm(CH32xRM.PDF)+rm-address(CH32xRM.PDF)
CH32V103,SPI1,SPI,TCRCR,0x40013018,0x018,16,1,#,confirmed,evt(ch32v10x.h)+rm(CH32xRM.PDF)+rm-address(CH32xRM.PDF)
CH32V103,SPI1,SPI,HSCR,0x40013024,0x024,16,1,#,confirmed,evt(ch32v10x.h)+rm(CH32xRM.PDF)+rm-address(CH32xRM.PDF)
CH32V103,TIM8,TIM,CTLR1,0x40013400,0x000,16,1,#,reference,evt(ch32v10x.h)+rm(CH32xRM.PDF)+rm-address(CH32xRM.PDF)
CH32V103,TIM8,TIM,CTLR2,0x40013404,0x004,16,1,#,reference,evt(ch32v10x.h)+rm(CH32xRM.PDF)+rm-address(CH32xRM.PDF)
CH32V103,TIM8,TIM,SMCFGR,0x40013408,0x008,16,1,#,reference,evt(ch32v10x.h)+rm(CH32xRM.PDF)+rm-address(CH32xRM.PDF)
CH32V103,TIM8,TIM,DMAINTENR,0x4001340c,0x00c,16,1,#,reference,evt(ch32v10x.h)+rm(CH32xRM.PDF)+rm-address(CH32xRM.PDF)
CH32V103,TIM8,TIM,INTFR,0x40013410,0x010,16,1,#,reference,evt(ch32v10x.h)+rm(CH32xRM.PDF)+rm-address(CH32xRM.PDF)
CH32V103,TIM8,TIM,SWEVGR,0x40013414,0x014,16,1,#,reference,evt(ch32v10x.h)+rm(CH32xRM.PDF)+rm-address(CH32xRM.PDF)
CH32V103,TIM8,TIM,CHCTLR1,0x40013418,0x018,16,1,#,reference,evt(ch32v10x.h)+rm(CH32xRM.PDF)+rm-address(CH32xRM.PDF)
CH32V103,TIM8,TIM,CHCTLR2,0x4001341c,0x01c,16,1,#,reference,evt(ch32v10x.h)+rm(CH32xRM.PDF)+rm-address(CH32xRM.PDF)
CH32V103,TIM8,TIM,CCER,0x40013420,0x020,16,1,#,reference,evt(ch32v10x.h)+rm(CH32xRM.PDF)+rm-address(CH32xRM.PDF)
CH32V103,TIM8,TIM,CNT,0x40013424,0x024,16,1,#,reference,evt(ch32v10x.h)+rm(CH32xRM.PDF)+rm-address(CH32xRM.PDF)
CH32V103,TIM8,TIM,PSC,0x40013428,0x028,16,1,#,reference,evt(ch32v10x.h)+rm(CH32xRM.PDF)+rm-address(CH32xRM.PDF)
CH32V103,TIM8,TIM,ATRLR,0x4001342c,0x02c,16,1,#,reference,evt(ch32v10x.h)+rm(CH32xRM.PDF)+rm-address(CH32xRM.PDF)
CH32V103,TIM8,TIM,RPTCR,0x40013430,0x030,16,1,#,reference,evt(ch32v10x.h)+rm(CH32xRM.PDF)+rm-address(CH32xRM.PDF)
CH32V103,TIM8,TIM,CH1CVR,0x40013434,0x034,16,1,#,reference,evt(ch32v10x.h)+rm(CH32xRM.PDF)+rm-address(CH32xRM.PDF)
CH32V103,TIM8,TIM,CH2CVR,0x40013438,0x038,16,1,#,reference,evt(ch32v10x.h)+rm(CH32xRM.PDF)+rm-address(CH32xRM.PDF)
CH32V103,TIM8,TIM,CH3CVR,0x4001343c,0x03c,16,1,#,reference,evt(ch32v10x.h)+rm(CH32xRM.PDF)+rm-address(CH32xRM.PDF)
CH32V103,TIM8,TIM,CH4CVR,0x40013440,0x040,16,1,#,reference,evt(ch32v10x.h)+rm(CH32xRM.PDF)+rm-address(CH32xRM.PDF)
CH32V103,TIM8,TIM,BDTR,0x40013444,0x044,16,1,#,reference,evt(ch32v10x.h)+rm(CH32xRM.PDF)+rm-address(CH32xRM.PDF)
CH32V103,TIM8,TIM,DMACFGR,0x40013448,0x048,16,1,#,reference,evt(ch32v10x.h)+rm(CH32xRM.PDF)+rm-address(CH32xRM.PDF)
CH32V103,TIM8,TIM,DMAADR,0x4001344c,0x04c,16,1,#,reference,evt(ch32v10x.h)+rm-address(CH32xRM.PDF)
CH32V103,USART1,USART,STATR,0x40013800,0x000,16,1,#,confirmed,evt(ch32v10x.h)+rm-address(CH32xRM.PDF)
CH32V103,USART1,USART,DATAR,0x40013804,0x004,16,1,#,confirmed,evt(ch32v10x.h)+rm(CH32xRM.PDF)+rm-address(CH32xRM.PDF)
CH32V103,USART1,USART,BRR,0x40013808,0x008,16,1,#,confirmed,evt(ch32v10x.h)+rm(CH32xRM.PDF)+rm-address(CH32xRM.PDF)
CH32V103,USART1,USART,CTLR1,0x4001380c,0x00c,16,1,#,confirmed,evt(ch32v10x.h)+rm(CH32xRM.PDF)+rm-address(CH32xRM.PDF)
CH32V103,USART1,USART,CTLR2,0x40013810,0x010,16,1,#,confirmed,evt(ch32v10x.h)+rm(CH32xRM.PDF)+rm-address(CH32xRM.PDF)
CH32V103,USART1,USART,CTLR3,0x40013814,0x014,16,1,#,confirmed,evt(ch32v10x.h)+rm(CH32xRM.PDF)+rm-address(CH32xRM.PDF)
CH32V103,USART1,USART,GPR,0x40013818,0x018,16,1,#,confirmed,evt(ch32v10x.h)+rm(CH32xRM.PDF)+rm-address(CH32xRM.PDF)
CH32V103,ADC3,ADC,STATR,0x40013c00,0x000,32,1,#,reference,evt(ch32v10x.h)+rm(CH32xRM.PDF)+rm-address(CH32xRM.PDF)
CH32V103,ADC3,ADC,CTLR1,0x40013c04,0x004,32,1,#,reference,evt(ch32v10x.h)+rm(CH32xRM.PDF)+rm-address(CH32xRM.PDF)
CH32V103,ADC3,ADC,CTLR2,0x40013c08,0x008,32,1,#,reference,evt(ch32v10x.h)+rm(CH32xRM.PDF)+rm-address(CH32xRM.PDF)
CH32V103,ADC3,ADC,SAMPTR1,0x40013c0c,0x00c,32,1,#,reference,evt(ch32v10x.h)+rm(CH32xRM.PDF)+rm-address(CH32xRM.PDF)
CH32V103,ADC3,ADC,SAMPTR2,0x40013c10,0x010,32,1,#,reference,evt(ch32v10x.h)+rm(CH32xRM.PDF)+rm-address(CH32xRM.PDF)
CH32V103,ADC3,ADC,IOFR1,0x40013c14,0x014,32,1,#,reference,evt(ch32v10x.h)+rm-address(CH32xRM.PDF)
CH32V103,ADC3,ADC,IOFR2,0x40013c18,0x018,32,1,#,reference,evt(ch32v10x.h)+rm-address(CH32xRM.PDF)
CH32V103,ADC3,ADC,IOFR3,0x40013c1c,0x01c,32,1,#,reference,evt(ch32v10x.h)+rm-address(CH32xRM.PDF)
CH32V103,ADC3,ADC,IOFR4,0x40013c20,0x020,32,1,#,reference,evt(ch32v10x.h)+rm-address(CH32xRM.PDF)
CH32V103,ADC3,ADC,WDHTR,0x40013c24,0x024,32,1,#,reference,evt(ch32v10x.h)+rm(CH32xRM.PDF)+rm-address(CH32xRM.PDF)
CH32V103,ADC3,ADC,WDLTR,0x40013c28,0x028,32,1,#,reference,evt(ch32v10x.h)+rm(CH32xRM.PDF)+rm-address(CH32xRM.PDF)
CH32V103,ADC3,ADC,RSQR1,0x40013c2c,0x02c,32,1,#,reference,evt(ch32v10x.h)+rm(CH32xRM.PDF)+rm-address(CH32xRM.PDF)
CH32V103,ADC3,ADC,RSQR2,0x40013c30,0x030,32,1,#,reference,evt(ch32v10x.h)+rm(CH32xRM.PDF)+rm-address(CH32xRM.PDF)
CH32V103,ADC3,ADC,RSQR3,0x40013c34,0x034,32,1,#,reference,evt(ch32v10x.h)+rm(CH32xRM.PDF)+rm-address(CH32xRM.PDF)
CH32V103,ADC3,ADC,ISQR,0x40013c38,0x038,32,1,#,reference,evt(ch32v10x.h)+rm(CH32xRM.PDF)+rm-address(CH32xRM.PDF)
CH32V103,ADC3,ADC,IDATAR1,0x40013c3c,0x03c,32,1,#,reference,evt(ch32v10x.h)+rm-address(CH32xRM.PDF)
CH32V103,ADC3,ADC,IDATAR2,0x40013c40,0x040,32,1,#,reference,evt(ch32v10x.h)+rm-address(CH32xRM.PDF)
CH32V103,ADC3,ADC,IDATAR3,0x40013c44,0x044,32,1,#,reference,evt(ch32v10x.h)+rm-address(CH32xRM.PDF)
CH32V103,ADC3,ADC,IDATAR4,0x40013c48,0x048,32,1,#,reference,evt(ch32v10x.h)+rm-address(CH32xRM.PDF)
CH32V103,ADC3,ADC,RDATAR,0x40013c4c,0x04c,32,1,#,reference,evt(ch32v10x.h)+rm(CH32xRM.PDF)+rm-address(CH32xRM.PDF)
CH32V103,TIM15,TIM,CTLR1,0x40014000,0x000,16,1,#,reference,evt(ch32v10x.h)+rm(CH32xRM.PDF)+rm-address(CH32xRM.PDF)
CH32V103,TIM15,TIM,CTLR2,0x40014004,0x004,16,1,#,reference,evt(ch32v10x.h)+rm(CH32xRM.PDF)+rm-address(CH32xRM.PDF)
CH32V103,TIM15,TIM,SMCFGR,0x40014008,0x008,16,1,#,reference,evt(ch32v10x.h)+rm(CH32xRM.PDF)+rm-address(CH32xRM.PDF)
CH32V103,TIM15,TIM,DMAINTENR,0x4001400c,0x00c,16,1,#,reference,evt(ch32v10x.h)+rm(CH32xRM.PDF)+rm-address(CH32xRM.PDF)
CH32V103,TIM15,TIM,INTFR,0x40014010,0x010,16,1,#,reference,evt(ch32v10x.h)+rm(CH32xRM.PDF)+rm-address(CH32xRM.PDF)
CH32V103,TIM15,TIM,SWEVGR,0x40014014,0x014,16,1,#,reference,evt(ch32v10x.h)+rm(CH32xRM.PDF)+rm-address(CH32xRM.PDF)
CH32V103,TIM15,TIM,CHCTLR1,0x40014018,0x018,16,1,#,reference,evt(ch32v10x.h)+rm(CH32xRM.PDF)+rm-address(CH32xRM.PDF)
CH32V103,TIM15,TIM,CHCTLR2,0x4001401c,0x01c,16,1,#,reference,evt(ch32v10x.h)+rm(CH32xRM.PDF)+rm-address(CH32xRM.PDF)
CH32V103,TIM15,TIM,CCER,0x40014020,0x020,16,1,#,reference,evt(ch32v10x.h)+rm(CH32xRM.PDF)+rm-address(CH32xRM.PDF)
CH32V103,TIM15,TIM,CNT,0x40014024,0x024,16,1,#,reference,evt(ch32v10x.h)+rm(CH32xRM.PDF)+rm-address(CH32xRM.PDF)
CH32V103,TIM15,TIM,PSC,0x40014028,0x028,16,1,#,reference,evt(ch32v10x.h)+rm(CH32xRM.PDF)+rm-address(CH32xRM.PDF)
CH32V103,TIM15,TIM,ATRLR,0x4001402c,0x02c,16,1,#,reference,evt(ch32v10x.h)+rm(CH32xRM.PDF)+rm-address(CH32xRM.PDF)
CH32V103,TIM15,TIM,RPTCR,0x40014030,0x030,16,1,#,reference,evt(ch32v10x.h)+rm(CH32xRM.PDF)+rm-address(CH32xRM.PDF)
CH32V103,TIM15,TIM,CH1CVR,0x40014034,0x034,16,1,#,reference,evt(ch32v10x.h)+rm(CH32xRM.PDF)+rm-address(CH32xRM.PDF)
CH32V103,TIM15,TIM,CH2CVR,0x40014038,0x038,16,1,#,reference,evt(ch32v10x.h)+rm(CH32xRM.PDF)+rm-address(CH32xRM.PDF)
CH32V103,TIM15,TIM,CH3CVR,0x4001403c,0x03c,16,1,#,reference,evt(ch32v10x.h)+rm(CH32xRM.PDF)+rm-address(CH32xRM.PDF)
CH32V103,TIM15,TIM,CH4CVR,0x40014040,0x040,16,1,#,reference,evt(ch32v10x.h)+rm(CH32xRM.PDF)+rm-address(CH32xRM.PDF)
CH32V103,TIM15,TIM,BDTR,0x40014044,0x044,16,1,#,reference,evt(ch32v10x.h)+rm(CH32xRM.PDF)+rm-address(CH32xRM.PDF)
CH32V103,TIM15,TIM,DMACFGR,0x40014048,0x048,16,1,#,reference,evt(ch32v10x.h)+rm(CH32xRM.PDF)+rm-address(CH32xRM.PDF)
CH32V103,TIM15,TIM,DMAADR,0x4001404c,0x04c,16,1,#,reference,evt(ch32v10x.h)+rm-address(CH32xRM.PDF)
CH32V103,TIM16,TIM,CTLR1,0x40014400,0x000,16,1,#,reference,evt(ch32v10x.h)+rm(CH32xRM.PDF)+rm-address(CH32xRM.PDF)
CH32V103,TIM16,TIM,CTLR2,0x40014404,0x004,16,1,#,reference,evt(ch32v10x.h)+rm(CH32xRM.PDF)+rm-address(CH32xRM.PDF)
CH32V103,TIM16,TIM,SMCFGR,0x40014408,0x008,16,1,#,reference,evt(ch32v10x.h)+rm(CH32xRM.PDF)+rm-address(CH32xRM.PDF)
CH32V103,TIM16,TIM,DMAINTENR,0x4001440c,0x00c,16,1,#,reference,evt(ch32v10x.h)+rm(CH32xRM.PDF)+rm-address(CH32xRM.PDF)
CH32V103,TIM16,TIM,INTFR,0x40014410,0x010,16,1,#,reference,evt(ch32v10x.h)+rm(CH32xRM.PDF)+rm-address(CH32xRM.PDF)
CH32V103,TIM16,TIM,SWEVGR,0x40014414,0x014,16,1,#,reference,evt(ch32v10x.h)+rm(CH32xRM.PDF)+rm-address(CH32xRM.PDF)
CH32V103,TIM16,TIM,CHCTLR1,0x40014418,0x018,16,1,#,reference,evt(ch32v10x.h)+rm(CH32xRM.PDF)+rm-address(CH32xRM.PDF)
CH32V103,TIM16,TIM,CHCTLR2,0x4001441c,0x01c,16,1,#,reference,evt(ch32v10x.h)+rm(CH32xRM.PDF)+rm-address(CH32xRM.PDF)
CH32V103,TIM16,TIM,CCER,0x40014420,0x020,16,1,#,reference,evt(ch32v10x.h)+rm(CH32xRM.PDF)+rm-address(CH32xRM.PDF)
CH32V103,TIM16,TIM,CNT,0x40014424,0x024,16,1,#,reference,evt(ch32v10x.h)+rm(CH32xRM.PDF)+rm-address(CH32xRM.PDF)
CH32V103,TIM16,TIM,PSC,0x40014428,0x028,16,1,#,reference,evt(ch32v10x.h)+rm(CH32xRM.PDF)+rm-address(CH32xRM.PDF)
CH32V103,TIM16,TIM,ATRLR,0x4001442c,0x02c,16,1,#,reference,evt(ch32v10x.h)+rm(CH32xRM.PDF)+rm-address(CH32xRM.PDF)
CH32V103,TIM16,TIM,RPTCR,0x40014430,0x030,16,1,#,reference,evt(ch32v10x.h)+rm(CH32xRM.PDF)+rm-address(CH32xRM.PDF)
CH32V103,TIM16,TIM,CH1CVR,0x40014434,0x034,16,1,#,reference,evt(ch32v10x.h)+rm(CH32xRM.PDF)+rm-address(CH32xRM.PDF)
CH32V103,TIM16,TIM,CH2CVR,0x40014438,0x038,16,1,#,reference,evt(ch32v10x.h)+rm(CH32xRM.PDF)+rm-address(CH32xRM.PDF)
CH32V103,TIM16,TIM,CH3CVR,0x4001443c,0x03c,16,1,#,reference,evt(ch32v10x.h)+rm(CH32xRM.PDF)+rm-address(CH32xRM.PDF)
CH32V103,TIM16,TIM,CH4CVR,0x40014440,0x040,16,1,#,reference,evt(ch32v10x.h)+rm(CH32xRM.PDF)+rm-address(CH32xRM.PDF)
CH32V103,TIM16,TIM,BDTR,0x40014444,0x044,16,1,#,reference,evt(ch32v10x.h)+rm(CH32xRM.PDF)+rm-address(CH32xRM.PDF)
CH32V103,TIM16,TIM,DMACFGR,0x40014448,0x048,16,1,#,reference,evt(ch32v10x.h)+rm(CH32xRM.PDF)+rm-address(CH32xRM.PDF)
CH32V103,TIM16,TIM,DMAADR,0x4001444c,0x04c,16,1,#,reference,evt(ch32v10x.h)+rm-address(CH32xRM.PDF)
CH32V103,TIM17,TIM,CTLR1,0x40014800,0x000,16,1,#,reference,evt(ch32v10x.h)+rm(CH32xRM.PDF)+rm-address(CH32xRM.PDF)
CH32V103,TIM17,TIM,CTLR2,0x40014804,0x004,16,1,#,reference,evt(ch32v10x.h)+rm(CH32xRM.PDF)+rm-address(CH32xRM.PDF)
CH32V103,TIM17,TIM,SMCFGR,0x40014808,0x008,16,1,#,reference,evt(ch32v10x.h)+rm(CH32xRM.PDF)+rm-address(CH32xRM.PDF)
CH32V103,TIM17,TIM,DMAINTENR,0x4001480c,0x00c,16,1,#,reference,evt(ch32v10x.h)+rm(CH32xRM.PDF)+rm-address(CH32xRM.PDF)
CH32V103,TIM17,TIM,INTFR,0x40014810,0x010,16,1,#,reference,evt(ch32v10x.h)+rm(CH32xRM.PDF)+rm-address(CH32xRM.PDF)
CH32V103,TIM17,TIM,SWEVGR,0x40014814,0x014,16,1,#,reference,evt(ch32v10x.h)+rm(CH32xRM.PDF)+rm-address(CH32xRM.PDF)
CH32V103,TIM17,TIM,CHCTLR1,0x40014818,0x018,16,1,#,reference,evt(ch32v10x.h)+rm(CH32xRM.PDF)+rm-address(CH32xRM.PDF)
CH32V103,TIM17,TIM,CHCTLR2,0x4001481c,0x01c,16,1,#,reference,evt(ch32v10x.h)+rm(CH32xRM.PDF)+rm-address(CH32xRM.PDF)
CH32V103,TIM17,TIM,CCER,0x40014820,0x020,16,1,#,reference,evt(ch32v10x.h)+rm(CH32xRM.PDF)+rm-address(CH32xRM.PDF)
CH32V103,TIM17,TIM,CNT,0x40014824,0x024,16,1,#,reference,evt(ch32v10x.h)+rm(CH32xRM.PDF)+rm-address(CH32xRM.PDF)
CH32V103,TIM17,TIM,PSC,0x40014828,0x028,16,1,#,reference,evt(ch32v10x.h)+rm(CH32xRM.PDF)+rm-address(CH32xRM.PDF)
CH32V103,TIM17,TIM,ATRLR,0x4001482c,0x02c,16,1,#,reference,evt(ch32v10x.h)+rm(CH32xRM.PDF)+rm-address(CH32xRM.PDF)
CH32V103,TIM17,TIM,RPTCR,0x40014830,0x030,16,1,#,reference,evt(ch32v10x.h)+rm(CH32xRM.PDF)+rm-address(CH32xRM.PDF)
CH32V103,TIM17,TIM,CH1CVR,0x40014834,0x034,16,1,#,reference,evt(ch32v10x.h)+rm(CH32xRM.PDF)+rm-address(CH32xRM.PDF)
CH32V103,TIM17,TIM,CH2CVR,0x40014838,0x038,16,1,#,reference,evt(ch32v10x.h)+rm(CH32xRM.PDF)+rm-address(CH32xRM.PDF)
CH32V103,TIM17,TIM,CH3CVR,0x4001483c,0x03c,16,1,#,reference,evt(ch32v10x.h)+rm(CH32xRM.PDF)+rm-address(CH32xRM.PDF)
CH32V103,TIM17,TIM,CH4CVR,0x40014840,0x040,16,1,#,reference,evt(ch32v10x.h)+rm(CH32xRM.PDF)+rm-address(CH32xRM.PDF)
CH32V103,TIM17,TIM,BDTR,0x40014844,0x044,16,1,#,reference,evt(ch32v10x.h)+rm(CH32xRM.PDF)+rm-address(CH32xRM.PDF)
CH32V103,TIM17,TIM,DMACFGR,0x40014848,0x048,16,1,#,reference,evt(ch32v10x.h)+rm(CH32xRM.PDF)+rm-address(CH32xRM.PDF)
CH32V103,TIM17,TIM,DMAADR,0x4001484c,0x04c,16,1,#,reference,evt(ch32v10x.h)+rm-address(CH32xRM.PDF)
CH32V103,TIM9,TIM,CTLR1,0x40014c00,0x000,16,1,#,reference,evt(ch32v10x.h)+rm(CH32xRM.PDF)+rm-address(CH32xRM.PDF)
CH32V103,TIM9,TIM,CTLR2,0x40014c04,0x004,16,1,#,reference,evt(ch32v10x.h)+rm(CH32xRM.PDF)+rm-address(CH32xRM.PDF)
CH32V103,TIM9,TIM,SMCFGR,0x40014c08,0x008,16,1,#,reference,evt(ch32v10x.h)+rm(CH32xRM.PDF)+rm-address(CH32xRM.PDF)
CH32V103,TIM9,TIM,DMAINTENR,0x40014c0c,0x00c,16,1,#,reference,evt(ch32v10x.h)+rm(CH32xRM.PDF)+rm-address(CH32xRM.PDF)
CH32V103,TIM9,TIM,INTFR,0x40014c10,0x010,16,1,#,reference,evt(ch32v10x.h)+rm(CH32xRM.PDF)+rm-address(CH32xRM.PDF)
CH32V103,TIM9,TIM,SWEVGR,0x40014c14,0x014,16,1,#,reference,evt(ch32v10x.h)+rm(CH32xRM.PDF)+rm-address(CH32xRM.PDF)
CH32V103,TIM9,TIM,CHCTLR1,0x40014c18,0x018,16,1,#,reference,evt(ch32v10x.h)+rm(CH32xRM.PDF)+rm-address(CH32xRM.PDF)
CH32V103,TIM9,TIM,CHCTLR2,0x40014c1c,0x01c,16,1,#,reference,evt(ch32v10x.h)+rm(CH32xRM.PDF)+rm-address(CH32xRM.PDF)
CH32V103,TIM9,TIM,CCER,0x40014c20,0x020,16,1,#,reference,evt(ch32v10x.h)+rm(CH32xRM.PDF)+rm-address(CH32xRM.PDF)
CH32V103,TIM9,TIM,CNT,0x40014c24,0x024,16,1,#,reference,evt(ch32v10x.h)+rm(CH32xRM.PDF)+rm-address(CH32xRM.PDF)
CH32V103,TIM9,TIM,PSC,0x40014c28,0x028,16,1,#,reference,evt(ch32v10x.h)+rm(CH32xRM.PDF)+rm-address(CH32xRM.PDF)
CH32V103,TIM9,TIM,ATRLR,0x40014c2c,0x02c,16,1,#,reference,evt(ch32v10x.h)+rm(CH32xRM.PDF)+rm-address(CH32xRM.PDF)
CH32V103,TIM9,TIM,RPTCR,0x40014c30,0x030,16,1,#,reference,evt(ch32v10x.h)+rm(CH32xRM.PDF)+rm-address(CH32xRM.PDF)
CH32V103,TIM9,TIM,CH1CVR,0x40014c34,0x034,16,1,#,reference,evt(ch32v10x.h)+rm(CH32xRM.PDF)+rm-address(CH32xRM.PDF)
CH32V103,TIM9,TIM,CH2CVR,0x40014c38,0x038,16,1,#,reference,evt(ch32v10x.h)+rm(CH32xRM.PDF)+rm-address(CH32xRM.PDF)
CH32V103,TIM9,TIM,CH3CVR,0x40014c3c,0x03c,16,1,#,reference,evt(ch32v10x.h)+rm(CH32xRM.PDF)+rm-address(CH32xRM.PDF)
CH32V103,TIM9,TIM,CH4CVR,0x40014c40,0x040,16,1,#,reference,evt(ch32v10x.h)+rm(CH32xRM.PDF)+rm-address(CH32xRM.PDF)
CH32V103,TIM9,TIM,BDTR,0x40014c44,0x044,16,1,#,reference,evt(ch32v10x.h)+rm(CH32xRM.PDF)+rm-address(CH32xRM.PDF)
CH32V103,TIM9,TIM,DMACFGR,0x40014c48,0x048,16,1,#,reference,evt(ch32v10x.h)+rm(CH32xRM.PDF)+rm-address(CH32xRM.PDF)
CH32V103,TIM9,TIM,DMAADR,0x40014c4c,0x04c,16,1,#,reference,evt(ch32v10x.h)+rm-address(CH32xRM.PDF)
CH32V103,TIM10,TIM,CTLR1,0x40015000,0x000,16,1,#,reference,evt(ch32v10x.h)+rm(CH32xRM.PDF)+rm-address(CH32xRM.PDF)
CH32V103,TIM10,TIM,CTLR2,0x40015004,0x004,16,1,#,reference,evt(ch32v10x.h)+rm(CH32xRM.PDF)+rm-address(CH32xRM.PDF)
CH32V103,TIM10,TIM,SMCFGR,0x40015008,0x008,16,1,#,reference,evt(ch32v10x.h)+rm(CH32xRM.PDF)+rm-address(CH32xRM.PDF)
CH32V103,TIM10,TIM,DMAINTENR,0x4001500c,0x00c,16,1,#,reference,evt(ch32v10x.h)+rm(CH32xRM.PDF)+rm-address(CH32xRM.PDF)
CH32V103,TIM10,TIM,INTFR,0x40015010,0x010,16,1,#,reference,evt(ch32v10x.h)+rm(CH32xRM.PDF)+rm-address(CH32xRM.PDF)
CH32V103,TIM10,TIM,SWEVGR,0x40015014,0x014,16,1,#,reference,evt(ch32v10x.h)+rm(CH32xRM.PDF)+rm-address(CH32xRM.PDF)
CH32V103,TIM10,TIM,CHCTLR1,0x40015018,0x018,16,1,#,reference,evt(ch32v10x.h)+rm(CH32xRM.PDF)+rm-address(CH32xRM.PDF)
CH32V103,TIM10,TIM,CHCTLR2,0x4001501c,0x01c,16,1,#,reference,evt(ch32v10x.h)+rm(CH32xRM.PDF)+rm-address(CH32xRM.PDF)
CH32V103,TIM10,TIM,CCER,0x40015020,0x020,16,1,#,reference,evt(ch32v10x.h)+rm(CH32xRM.PDF)+rm-address(CH32xRM.PDF)
CH32V103,TIM10,TIM,CNT,0x40015024,0x024,16,1,#,reference,evt(ch32v10x.h)+rm(CH32xRM.PDF)+rm-address(CH32xRM.PDF)
CH32V103,TIM10,TIM,PSC,0x40015028,0x028,16,1,#,reference,evt(ch32v10x.h)+rm(CH32xRM.PDF)+rm-address(CH32xRM.PDF)
CH32V103,TIM10,TIM,ATRLR,0x4001502c,0x02c,16,1,#,reference,evt(ch32v10x.h)+rm(CH32xRM.PDF)+rm-address(CH32xRM.PDF)
CH32V103,TIM10,TIM,RPTCR,0x40015030,0x030,16,1,#,reference,evt(ch32v10x.h)+rm(CH32xRM.PDF)+rm-address(CH32xRM.PDF)
CH32V103,TIM10,TIM,CH1CVR,0x40015034,0x034,16,1,#,reference,evt(ch32v10x.h)+rm(CH32xRM.PDF)+rm-address(CH32xRM.PDF)
CH32V103,TIM10,TIM,CH2CVR,0x40015038,0x038,16,1,#,reference,evt(ch32v10x.h)+rm(CH32xRM.PDF)+rm-address(CH32xRM.PDF)
CH32V103,TIM10,TIM,CH3CVR,0x4001503c,0x03c,16,1,#,reference,evt(ch32v10x.h)+rm(CH32xRM.PDF)+rm-address(CH32xRM.PDF)
CH32V103,TIM10,TIM,CH4CVR,0x40015040,0x040,16,1,#,reference,evt(ch32v10x.h)+rm(CH32xRM.PDF)+rm-address(CH32xRM.PDF)
CH32V103,TIM10,TIM,BDTR,0x40015044,0x044,16,1,#,reference,evt(ch32v10x.h)+rm(CH32xRM.PDF)+rm-address(CH32xRM.PDF)
CH32V103,TIM10,TIM,DMACFGR,0x40015048,0x048,16,1,#,reference,evt(ch32v10x.h)+rm(CH32xRM.PDF)+rm-address(CH32xRM.PDF)
CH32V103,TIM10,TIM,DMAADR,0x4001504c,0x04c,16,1,#,reference,evt(ch32v10x.h)+rm-address(CH32xRM.PDF)
CH32V103,TIM11,TIM,CTLR1,0x40015400,0x000,16,1,#,reference,evt(ch32v10x.h)+rm(CH32xRM.PDF)+rm-address(CH32xRM.PDF)
CH32V103,TIM11,TIM,CTLR2,0x40015404,0x004,16,1,#,reference,evt(ch32v10x.h)+rm(CH32xRM.PDF)+rm-address(CH32xRM.PDF)
CH32V103,TIM11,TIM,SMCFGR,0x40015408,0x008,16,1,#,reference,evt(ch32v10x.h)+rm(CH32xRM.PDF)+rm-address(CH32xRM.PDF)
CH32V103,TIM11,TIM,DMAINTENR,0x4001540c,0x00c,16,1,#,reference,evt(ch32v10x.h)+rm(CH32xRM.PDF)+rm-address(CH32xRM.PDF)
CH32V103,TIM11,TIM,INTFR,0x40015410,0x010,16,1,#,reference,evt(ch32v10x.h)+rm(CH32xRM.PDF)+rm-address(CH32xRM.PDF)
CH32V103,TIM11,TIM,SWEVGR,0x40015414,0x014,16,1,#,reference,evt(ch32v10x.h)+rm(CH32xRM.PDF)+rm-address(CH32xRM.PDF)
CH32V103,TIM11,TIM,CHCTLR1,0x40015418,0x018,16,1,#,reference,evt(ch32v10x.h)+rm(CH32xRM.PDF)+rm-address(CH32xRM.PDF)
CH32V103,TIM11,TIM,CHCTLR2,0x4001541c,0x01c,16,1,#,reference,evt(ch32v10x.h)+rm(CH32xRM.PDF)+rm-address(CH32xRM.PDF)
CH32V103,TIM11,TIM,CCER,0x40015420,0x020,16,1,#,reference,evt(ch32v10x.h)+rm(CH32xRM.PDF)+rm-address(CH32xRM.PDF)
CH32V103,TIM11,TIM,CNT,0x40015424,0x024,16,1,#,reference,evt(ch32v10x.h)+rm(CH32xRM.PDF)+rm-address(CH32xRM.PDF)
CH32V103,TIM11,TIM,PSC,0x40015428,0x028,16,1,#,reference,evt(ch32v10x.h)+rm(CH32xRM.PDF)+rm-address(CH32xRM.PDF)
CH32V103,TIM11,TIM,ATRLR,0x4001542c,0x02c,16,1,#,reference,evt(ch32v10x.h)+rm(CH32xRM.PDF)+rm-address(CH32xRM.PDF)
CH32V103,TIM11,TIM,RPTCR,0x40015430,0x030,16,1,#,reference,evt(ch32v10x.h)+rm(CH32xRM.PDF)+rm-address(CH32xRM.PDF)
CH32V103,TIM11,TIM,CH1CVR,0x40015434,0x034,16,1,#,reference,evt(ch32v10x.h)+rm(CH32xRM.PDF)+rm-address(CH32xRM.PDF)
CH32V103,TIM11,TIM,CH2CVR,0x40015438,0x038,16,1,#,reference,evt(ch32v10x.h)+rm(CH32xRM.PDF)+rm-address(CH32xRM.PDF)
CH32V103,TIM11,TIM,CH3CVR,0x4001543c,0x03c,16,1,#,reference,evt(ch32v10x.h)+rm(CH32xRM.PDF)+rm-address(CH32xRM.PDF)
CH32V103,TIM11,TIM,CH4CVR,0x40015440,0x040,16,1,#,reference,evt(ch32v10x.h)+rm(CH32xRM.PDF)+rm-address(CH32xRM.PDF)
CH32V103,TIM11,TIM,BDTR,0x40015444,0x044,16,1,#,reference,evt(ch32v10x.h)+rm(CH32xRM.PDF)+rm-address(CH32xRM.PDF)
CH32V103,TIM11,TIM,DMACFGR,0x40015448,0x048,16,1,#,reference,evt(ch32v10x.h)+rm(CH32xRM.PDF)+rm-address(CH32xRM.PDF)
CH32V103,TIM11,TIM,DMAADR,0x4001544c,0x04c,16,1,#,reference,evt(ch32v10x.h)+rm-address(CH32xRM.PDF)
CH32V103,DMA1,DMA,INTFR,0x40020000,0x000,32,1,#,confirmed,evt(ch32v10x.h)+rm-address(CH32xRM.PDF)
CH32V103,DMA1,DMA,INTFCR,0x40020004,0x004,32,1,#,confirmed,evt(ch32v10x.h)+rm-address(CH32xRM.PDF)
CH32V103,DMA1_Channel1,DMA_Channel,CFGR,0x40020008,0x000,32,1,#,confirmed,evt(ch32v10x.h)+rm-address(CH32xRM.PDF)
CH32V103,DMA1_Channel1,DMA_Channel,CNTR,0x4002000c,0x004,32,1,#,confirmed,evt(ch32v10x.h)+rm-address(CH32xRM.PDF)
CH32V103,DMA1_Channel1,DMA_Channel,PADDR,0x40020010,0x008,32,1,#,confirmed,evt(ch32v10x.h)+rm-address(CH32xRM.PDF)
CH32V103,DMA1_Channel1,DMA_Channel,MADDR,0x40020014,0x00c,32,1,#,confirmed,evt(ch32v10x.h)+rm-address(CH32xRM.PDF)
CH32V103,DMA1_Channel2,DMA_Channel,CFGR,0x4002001c,0x000,32,1,#,confirmed,evt(ch32v10x.h)+rm-address(CH32xRM.PDF)
CH32V103,DMA1_Channel2,DMA_Channel,CNTR,0x40020020,0x004,32,1,#,confirmed,evt(ch32v10x.h)+rm-address(CH32xRM.PDF)
CH32V103,DMA1_Channel2,DMA_Channel,PADDR,0x40020024,0x008,32,1,#,confirmed,evt(ch32v10x.h)+rm-address(CH32xRM.PDF)
CH32V103,DMA1_Channel2,DMA_Channel,MADDR,0x40020028,0x00c,32,1,#,confirmed,evt(ch32v10x.h)+rm-address(CH32xRM.PDF)
CH32V103,DMA1_Channel3,DMA_Channel,CFGR,0x40020030,0x000,32,1,#,confirmed,evt(ch32v10x.h)+rm-address(CH32xRM.PDF)
CH32V103,DMA1_Channel3,DMA_Channel,CNTR,0x40020034,0x004,32,1,#,confirmed,evt(ch32v10x.h)+rm-address(CH32xRM.PDF)
CH32V103,DMA1_Channel3,DMA_Channel,PADDR,0x40020038,0x008,32,1,#,confirmed,evt(ch32v10x.h)+rm-address(CH32xRM.PDF)
CH32V103,DMA1_Channel3,DMA_Channel,MADDR,0x4002003c,0x00c,32,1,#,confirmed,evt(ch32v10x.h)+rm-address(CH32xRM.PDF)
CH32V103,DMA1_Channel4,DMA_Channel,CFGR,0x40020044,0x000,32,1,#,confirmed,evt(ch32v10x.h)+rm-address(CH32xRM.PDF)
CH32V103,DMA1_Channel4,DMA_Channel,CNTR,0x40020048,0x004,32,1,#,confirmed,evt(ch32v10x.h)+rm-address(CH32xRM.PDF)
CH32V103,DMA1_Channel4,DMA_Channel,PADDR,0x4002004c,0x008,32,1,#,confirmed,evt(ch32v10x.h)+rm-address(CH32xRM.PDF)
CH32V103,DMA1_Channel4,DMA_Channel,MADDR,0x40020050,0x00c,32,1,#,confirmed,evt(ch32v10x.h)+rm-address(CH32xRM.PDF)
CH32V103,DMA1_Channel5,DMA_Channel,CFGR,0x40020058,0x000,32,1,#,confirmed,evt(ch32v10x.h)+rm-address(CH32xRM.PDF)
CH32V103,DMA1_Channel5,DMA_Channel,CNTR,0x4002005c,0x004,32,1,#,confirmed,evt(ch32v10x.h)+rm-address(CH32xRM.PDF)
CH32V103,DMA1_Channel5,DMA_Channel,PADDR,0x40020060,0x008,32,1,#,confirmed,evt(ch32v10x.h)+rm-address(CH32xRM.PDF)
CH32V103,DMA1_Channel5,DMA_Channel,MADDR,0x40020064,0x00c,32,1,#,confirmed,evt(ch32v10x.h)+rm-address(CH32xRM.PDF)
CH32V103,DMA1_Channel6,DMA_Channel,CFGR,0x4002006c,0x000,32,1,#,confirmed,evt(ch32v10x.h)+rm-address(CH32xRM.PDF)
CH32V103,DMA1_Channel6,DMA_Channel,CNTR,0x40020070,0x004,32,1,#,confirmed,evt(ch32v10x.h)+rm-address(CH32xRM.PDF)
CH32V103,DMA1_Channel6,DMA_Channel,PADDR,0x40020074,0x008,32,1,#,confirmed,evt(ch32v10x.h)+rm-address(CH32xRM.PDF)
CH32V103,DMA1_Channel6,DMA_Channel,MADDR,0x40020078,0x00c,32,1,#,confirmed,evt(ch32v10x.h)+rm-address(CH32xRM.PDF)
CH32V103,DMA1_Channel7,DMA_Channel,CFGR,0x40020080,0x000,32,1,#,confirmed,evt(ch32v10x.h)+rm-address(CH32xRM.PDF)
CH32V103,DMA1_Channel7,DMA_Channel,CNTR,0x40020084,0x004,32,1,#,confirmed,evt(ch32v10x.h)+rm-address(CH32xRM.PDF)
CH32V103,DMA1_Channel7,DMA_Channel,PADDR,0x40020088,0x008,32,1,#,confirmed,evt(ch32v10x.h)+rm-address(CH32xRM.PDF)
CH32V103,DMA1_Channel7,DMA_Channel,MADDR,0x4002008c,0x00c,32,1,#,confirmed,evt(ch32v10x.h)+rm-address(CH32xRM.PDF)
CH32V103,DMA2,DMA,INTFR,0x40020400,0x000,32,1,#,reference,evt(ch32v10x.h)+rm-address(CH32xRM.PDF)
CH32V103,DMA2,DMA,INTFCR,0x40020404,0x004,32,1,#,reference,evt(ch32v10x.h)+rm-address(CH32xRM.PDF)
CH32V103,DMA2_Channel1,DMA_Channel,CFGR,0x40020408,0x000,32,1,#,reference,evt(ch32v10x.h)+rm-address(CH32xRM.PDF)
CH32V103,DMA2_Channel1,DMA_Channel,CNTR,0x4002040c,0x004,32,1,#,reference,evt(ch32v10x.h)+rm-address(CH32xRM.PDF)
CH32V103,DMA2_Channel1,DMA_Channel,PADDR,0x40020410,0x008,32,1,#,reference,evt(ch32v10x.h)+rm-address(CH32xRM.PDF)
CH32V103,DMA2_Channel1,DMA_Channel,MADDR,0x40020414,0x00c,32,1,#,reference,evt(ch32v10x.h)+rm-address(CH32xRM.PDF)
CH32V103,DMA2_Channel2,DMA_Channel,CFGR,0x4002041c,0x000,32,1,#,reference,evt(ch32v10x.h)+rm-address(CH32xRM.PDF)
CH32V103,DMA2_Channel2,DMA_Channel,CNTR,0x40020420,0x004,32,1,#,reference,evt(ch32v10x.h)+rm-address(CH32xRM.PDF)
CH32V103,DMA2_Channel2,DMA_Channel,PADDR,0x40020424,0x008,32,1,#,reference,evt(ch32v10x.h)+rm-address(CH32xRM.PDF)
CH32V103,DMA2_Channel2,DMA_Channel,MADDR,0x40020428,0x00c,32,1,#,reference,evt(ch32v10x.h)+rm-address(CH32xRM.PDF)
CH32V103,DMA2_Channel3,DMA_Channel,CFGR,0x40020430,0x000,32,1,#,reference,evt(ch32v10x.h)+rm-address(CH32xRM.PDF)
CH32V103,DMA2_Channel3,DMA_Channel,CNTR,0x40020434,0x004,32,1,#,reference,evt(ch32v10x.h)+rm-address(CH32xRM.PDF)
CH32V103,DMA2_Channel3,DMA_Channel,PADDR,0x40020438,0x008,32,1,#,reference,evt(ch32v10x.h)+rm-address(CH32xRM.PDF)
CH32V103,DMA2_Channel3,DMA_Channel,MADDR,0x4002043c,0x00c,32,1,#,reference,evt(ch32v10x.h)+rm-address(CH32xRM.PDF)
CH32V103,DMA2_Channel4,DMA_Channel,CFGR,0x40020444,0x000,32,1,#,reference,evt(ch32v10x.h)+rm-address(CH32xRM.PDF)
CH32V103,DMA2_Channel4,DMA_Channel,CNTR,0x40020448,0x004,32,1,#,reference,evt(ch32v10x.h)+rm-address(CH32xRM.PDF)
CH32V103,DMA2_Channel4,DMA_Channel,PADDR,0x4002044c,0x008,32,1,#,reference,evt(ch32v10x.h)+rm-address(CH32xRM.PDF)
CH32V103,DMA2_Channel4,DMA_Channel,MADDR,0x40020450,0x00c,32,1,#,reference,evt(ch32v10x.h)+rm-address(CH32xRM.PDF)
CH32V103,DMA2_Channel5,DMA_Channel,CFGR,0x40020458,0x000,32,1,#,reference,evt(ch32v10x.h)+rm-address(CH32xRM.PDF)
CH32V103,DMA2_Channel5,DMA_Channel,CNTR,0x4002045c,0x004,32,1,#,reference,evt(ch32v10x.h)+rm-address(CH32xRM.PDF)
CH32V103,DMA2_Channel5,DMA_Channel,PADDR,0x40020460,0x008,32,1,#,reference,evt(ch32v10x.h)+rm-address(CH32xRM.PDF)
CH32V103,DMA2_Channel5,DMA_Channel,MADDR,0x40020464,0x00c,32,1,#,reference,evt(ch32v10x.h)+rm-address(CH32xRM.PDF)
CH32V103,RCC,RCC,CTLR,0x40021000,0x000,32,1,#,confirmed,evt(ch32v10x.h)+rm(CH32xRM.PDF)+rm-address(CH32xRM.PDF)
CH32V103,RCC,RCC,CFGR0,0x40021004,0x004,32,1,#,confirmed,evt(ch32v10x.h)+rm(CH32xRM.PDF)+rm-address(CH32xRM.PDF)
CH32V103,RCC,RCC,INTR,0x40021008,0x008,32,1,#,confirmed,evt(ch32v10x.h)+rm(CH32xRM.PDF)+rm-address(CH32xRM.PDF)
CH32V103,RCC,RCC,APB2PRSTR,0x4002100c,0x00c,32,1,#,confirmed,evt(ch32v10x.h)+rm(CH32xRM.PDF)+rm-address(CH32xRM.PDF)
CH32V103,RCC,RCC,APB1PRSTR,0x40021010,0x010,32,1,#,confirmed,evt(ch32v10x.h)+rm(CH32xRM.PDF)+rm-address(CH32xRM.PDF)
CH32V103,RCC,RCC,AHBPCENR,0x40021014,0x014,32,1,#,confirmed,evt(ch32v10x.h)+rm(CH32xRM.PDF)+rm-address(CH32xRM.PDF)
CH32V103,RCC,RCC,APB2PCENR,0x40021018,0x018,32,1,#,confirmed,evt(ch32v10x.h)+rm(CH32xRM.PDF)+rm-address(CH32xRM.PDF)
CH32V103,RCC,RCC,APB1PCENR,0x4002101c,0x01c,32,1,#,confirmed,evt(ch32v10x.h)+rm(CH32xRM.PDF)+rm-address(CH32xRM.PDF)
CH32V103,RCC,RCC,BDCTLR,0x40021020,0x020,32,1,#,confirmed,evt(ch32v10x.h)+rm(CH32xRM.PDF)+rm-address(CH32xRM.PDF)
CH32V103,RCC,RCC,RSTSCKR,0x40021024,0x024,32,1,#,confirmed,evt(ch32v10x.h)+rm(CH32xRM.PDF)+rm-address(CH32xRM.PDF)
CH32V103,FLASH,FLASH,ACTLR,0x40022000,0x000,32,1,#,confirmed,evt(ch32v10x.h)+rm(CH32xRM.PDF)+rm-address(CH32xRM.PDF)
CH32V103,FLASH,FLASH,KEYR,0x40022004,0x004,32,1,#,confirmed,evt(ch32v10x.h)+rm(CH32xRM.PDF)+rm-address(CH32xRM.PDF)
CH32V103,FLASH,FLASH,OBKEYR,0x40022008,0x008,32,1,#,confirmed,evt(ch32v10x.h)+rm(CH32xRM.PDF)+rm-address(CH32xRM.PDF)
CH32V103,FLASH,FLASH,STATR,0x4002200c,0x00c,32,1,#,confirmed,evt(ch32v10x.h)+rm(CH32xRM.PDF)+rm-address(CH32xRM.PDF)
CH32V103,FLASH,FLASH,CTLR,0x40022010,0x010,32,1,#,confirmed,evt(ch32v10x.h)+rm(CH32xRM.PDF)+rm-address(CH32xRM.PDF)
CH32V103,FLASH,FLASH,ADDR,0x40022014,0x014,32,1,#,confirmed,evt(ch32v10x.h)+rm(CH32xRM.PDF)+rm-address(CH32xRM.PDF)
CH32V103,FLASH,FLASH,OBR,0x4002201c,0x01c,32,1,#,confirmed,evt(ch32v10x.h)+rm(CH32xRM.PDF)+rm-address(CH32xRM.PDF)
CH32V103,FLASH,FLASH,WPR,0x40022020,0x020,32,1,#,confirmed,evt(ch32v10x.h)+rm(CH32xRM.PDF)+rm-address(CH32xRM.PDF)
CH32V103,FLASH,FLASH,MODEKEYR,0x40022024,0x024,32,1,#,confirmed,evt(ch32v10x.h)+rm(CH32xRM.PDF)+rm-address(CH32xRM.PDF)
CH32V103,CRC,CRC,DATAR,0x40023000,0x000,32,1,#,reference,evt(ch32v10x.h)+rm(CH32xRM.PDF)
CH32V103,CRC,CRC,IDATAR,0x40023004,0x004,8,1,#,reference,evt(ch32v10x.h)+rm(CH32xRM.PDF)
CH32V103,CRC,CRC,CTLR,0x40023008,0x008,32,1,#,reference,evt(ch32v10x.h)+rm(CH32xRM.PDF)
CH32V103,EXTEN,EXTEN,EXTEN_CTR,0x40023800,0x000,32,1,#,confirmed,evt(ch32v10x.h)+rm-address(CH32xRM.PDF)
CH32V103,DBGMCU,DBGMCU,CFGR0,0xe000d000,0x000,32,1,#,reference,evt(ch32v10x.h)
CH32V103,DBGMCU,DBGMCU,CFGR1,0xe000d004,0x004,32,1,#,reference,evt(ch32v10x.h)
CH32V205,OB,OB,RDPR,0x1ffff800,0x000,16,1,#,reference,evt(ch32v205.h)
CH32V205,OB,OB,USER,0x1ffff802,0x002,16,1,#,reference,evt(ch32v205.h)
CH32V205,OB,OB,Data0,0x1ffff804,0x004,16,1,#,reference,evt(ch32v205.h)
CH32V205,OB,OB,Data1,0x1ffff806,0x006,16,1,#,reference,evt(ch32v205.h)
CH32V205,OB,OB,WRPR0,0x1ffff808,0x008,16,1,#,reference,evt(ch32v205.h)
CH32V205,OB,OB,WRPR1,0x1ffff80a,0x00a,16,1,#,reference,evt(ch32v205.h)
CH32V205,OB,OB,WRPR2,0x1ffff80c,0x00c,16,1,#,reference,evt(ch32v205.h)
CH32V205,OB,OB,WRPR3,0x1ffff80e,0x00e,16,1,#,reference,evt(ch32v205.h)
CH32V205,TIM2,TIM,CTLR1,0x40000000,0x000,16,1,#,confirmed,evt(ch32v205.h)+rm(CH32V205RM.PDF)+rm-address(CH32V205RM.PDF)
CH32V205,TIM2,TIM,CTLR2,0x40000004,0x004,16,1,#,confirmed,evt(ch32v205.h)+rm(CH32V205RM.PDF)+rm-address(CH32V205RM.PDF)
CH32V205,TIM2,TIM,SMCFGR,0x40000008,0x008,16,1,#,confirmed,evt(ch32v205.h)+rm(CH32V205RM.PDF)+rm-address(CH32V205RM.PDF)
CH32V205,TIM2,TIM,DMAINTENR,0x4000000c,0x00c,16,1,#,confirmed,evt(ch32v205.h)+rm(CH32V205RM.PDF)+rm-address(CH32V205RM.PDF)
CH32V205,TIM2,TIM,INTFR,0x40000010,0x010,16,1,#,confirmed,evt(ch32v205.h)+rm(CH32V205RM.PDF)+rm-address(CH32V205RM.PDF)
CH32V205,TIM2,TIM,SWEVGR,0x40000014,0x014,16,1,#,confirmed,evt(ch32v205.h)+rm(CH32V205RM.PDF)+rm-address(CH32V205RM.PDF)
CH32V205,TIM2,TIM,CHCTLR1,0x40000018,0x018,16,1,#,confirmed,evt(ch32v205.h)+rm(CH32V205RM.PDF)+rm-address(CH32V205RM.PDF)
CH32V205,TIM2,TIM,CHCTLR2,0x4000001c,0x01c,16,1,#,confirmed,evt(ch32v205.h)+rm(CH32V205RM.PDF)+rm-address(CH32V205RM.PDF)
CH32V205,TIM2,TIM,CCER,0x40000020,0x020,16,1,#,confirmed,evt(ch32v205.h)+rm(CH32V205RM.PDF)+rm-address(CH32V205RM.PDF)
CH32V205,TIM2,TIM,CNT,0x40000024,0x024,16,1,#,confirmed,evt(ch32v205.h)+rm(CH32V205RM.PDF)+rm-address(CH32V205RM.PDF)
CH32V205,TIM2,TIM,CNT_TIM4,0x40000024,0x024,32,1,#,reference,evt(ch32v205.h)
CH32V205,TIM2,TIM,PSC,0x40000028,0x028,16,1,#,confirmed,evt(ch32v205.h)+rm(CH32V205RM.PDF)+rm-address(CH32V205RM.PDF)
CH32V205,TIM2,TIM,ATRLR,0x4000002c,0x02c,16,1,#,confirmed,evt(ch32v205.h)+rm(CH32V205RM.PDF)+rm-address(CH32V205RM.PDF)
CH32V205,TIM2,TIM,ATRLR_TIM4,0x4000002c,0x02c,32,1,#,reference,evt(ch32v205.h)
CH32V205,TIM2,TIM,RPTCR,0x40000030,0x030,16,1,#,confirmed,evt(ch32v205.h)+rm(CH32V205RM.PDF)+rm-address(CH32V205RM.PDF)
CH32V205,TIM2,TIM,CH1CVR,0x40000034,0x034,32,1,#,confirmed,evt(ch32v205.h)+rm(CH32V205RM.PDF)+rm-address(CH32V205RM.PDF)
CH32V205,TIM2,TIM,CH1CVR_TIM4,0x40000034,0x034,32,1,#,reference,evt(ch32v205.h)
CH32V205,TIM2,TIM,CH2CVR,0x40000038,0x038,32,1,#,confirmed,evt(ch32v205.h)+rm(CH32V205RM.PDF)+rm-address(CH32V205RM.PDF)
CH32V205,TIM2,TIM,CH2CVR_TIM4,0x40000038,0x038,32,1,#,reference,evt(ch32v205.h)
CH32V205,TIM2,TIM,CH3CVR,0x4000003c,0x03c,32,1,#,confirmed,evt(ch32v205.h)+rm(CH32V205RM.PDF)+rm-address(CH32V205RM.PDF)
CH32V205,TIM2,TIM,CH3CVR_TIM4,0x4000003c,0x03c,32,1,#,reference,evt(ch32v205.h)
CH32V205,TIM2,TIM,CH4CVR,0x40000040,0x040,32,1,#,confirmed,evt(ch32v205.h)+rm(CH32V205RM.PDF)+rm-address(CH32V205RM.PDF)
CH32V205,TIM2,TIM,CH4CVR_TIM4,0x40000040,0x040,32,1,#,reference,evt(ch32v205.h)
CH32V205,TIM2,TIM,BDTR,0x40000044,0x044,16,1,#,confirmed,evt(ch32v205.h)+rm(CH32V205RM.PDF)+rm-address(CH32V205RM.PDF)
CH32V205,TIM2,TIM,DMACFGR,0x40000048,0x048,16,1,#,confirmed,evt(ch32v205.h)+rm(CH32V205RM.PDF)+rm-address(CH32V205RM.PDF)
CH32V205,TIM2,TIM,DMAADR,0x4000004c,0x04c,32,1,#,confirmed,evt(ch32v205.h)+rm(CH32V205RM.PDF)+rm-address(CH32V205RM.PDF)
CH32V205,TIM3,TIM,CTLR1,0x40000400,0x000,16,1,#,confirmed,evt(ch32v205.h)+rm(CH32V205RM.PDF)+rm-address(CH32V205RM.PDF)
CH32V205,TIM3,TIM,CTLR2,0x40000404,0x004,16,1,#,confirmed,evt(ch32v205.h)+rm(CH32V205RM.PDF)+rm-address(CH32V205RM.PDF)
CH32V205,TIM3,TIM,SMCFGR,0x40000408,0x008,16,1,#,confirmed,evt(ch32v205.h)+rm(CH32V205RM.PDF)+rm-address(CH32V205RM.PDF)
CH32V205,TIM3,TIM,DMAINTENR,0x4000040c,0x00c,16,1,#,confirmed,evt(ch32v205.h)+rm(CH32V205RM.PDF)+rm-address(CH32V205RM.PDF)
CH32V205,TIM3,TIM,INTFR,0x40000410,0x010,16,1,#,confirmed,evt(ch32v205.h)+rm(CH32V205RM.PDF)+rm-address(CH32V205RM.PDF)
CH32V205,TIM3,TIM,SWEVGR,0x40000414,0x014,16,1,#,confirmed,evt(ch32v205.h)+rm(CH32V205RM.PDF)+rm-address(CH32V205RM.PDF)
CH32V205,TIM3,TIM,CHCTLR1,0x40000418,0x018,16,1,#,confirmed,evt(ch32v205.h)+rm(CH32V205RM.PDF)+rm-address(CH32V205RM.PDF)
CH32V205,TIM3,TIM,CHCTLR2,0x4000041c,0x01c,16,1,#,confirmed,evt(ch32v205.h)+rm(CH32V205RM.PDF)+rm-address(CH32V205RM.PDF)
CH32V205,TIM3,TIM,CCER,0x40000420,0x020,16,1,#,confirmed,evt(ch32v205.h)+rm(CH32V205RM.PDF)+rm-address(CH32V205RM.PDF)
CH32V205,TIM3,TIM,CNT,0x40000424,0x024,16,1,#,confirmed,evt(ch32v205.h)+rm(CH32V205RM.PDF)+rm-address(CH32V205RM.PDF)
CH32V205,TIM3,TIM,CNT_TIM4,0x40000424,0x024,32,1,#,reference,evt(ch32v205.h)
CH32V205,TIM3,TIM,PSC,0x40000428,0x028,16,1,#,confirmed,evt(ch32v205.h)+rm(CH32V205RM.PDF)+rm-address(CH32V205RM.PDF)
CH32V205,TIM3,TIM,ATRLR,0x4000042c,0x02c,16,1,#,confirmed,evt(ch32v205.h)+rm(CH32V205RM.PDF)+rm-address(CH32V205RM.PDF)
CH32V205,TIM3,TIM,ATRLR_TIM4,0x4000042c,0x02c,32,1,#,reference,evt(ch32v205.h)
CH32V205,TIM3,TIM,RPTCR,0x40000430,0x030,16,1,#,confirmed,evt(ch32v205.h)+rm(CH32V205RM.PDF)+rm-address(CH32V205RM.PDF)
CH32V205,TIM3,TIM,CH1CVR,0x40000434,0x034,32,1,#,confirmed,evt(ch32v205.h)+rm(CH32V205RM.PDF)+rm-address(CH32V205RM.PDF)
CH32V205,TIM3,TIM,CH1CVR_TIM4,0x40000434,0x034,32,1,#,reference,evt(ch32v205.h)
CH32V205,TIM3,TIM,CH2CVR,0x40000438,0x038,32,1,#,confirmed,evt(ch32v205.h)+rm(CH32V205RM.PDF)+rm-address(CH32V205RM.PDF)
CH32V205,TIM3,TIM,CH2CVR_TIM4,0x40000438,0x038,32,1,#,reference,evt(ch32v205.h)
CH32V205,TIM3,TIM,CH3CVR,0x4000043c,0x03c,32,1,#,confirmed,evt(ch32v205.h)+rm(CH32V205RM.PDF)+rm-address(CH32V205RM.PDF)
CH32V205,TIM3,TIM,CH3CVR_TIM4,0x4000043c,0x03c,32,1,#,reference,evt(ch32v205.h)
CH32V205,TIM3,TIM,CH4CVR,0x40000440,0x040,32,1,#,confirmed,evt(ch32v205.h)+rm(CH32V205RM.PDF)+rm-address(CH32V205RM.PDF)
CH32V205,TIM3,TIM,CH4CVR_TIM4,0x40000440,0x040,32,1,#,reference,evt(ch32v205.h)
CH32V205,TIM3,TIM,BDTR,0x40000444,0x044,16,1,#,confirmed,evt(ch32v205.h)+rm(CH32V205RM.PDF)+rm-address(CH32V205RM.PDF)
CH32V205,TIM3,TIM,DMACFGR,0x40000448,0x048,16,1,#,confirmed,evt(ch32v205.h)+rm(CH32V205RM.PDF)+rm-address(CH32V205RM.PDF)
CH32V205,TIM3,TIM,DMAADR,0x4000044c,0x04c,32,1,#,confirmed,evt(ch32v205.h)+rm(CH32V205RM.PDF)+rm-address(CH32V205RM.PDF)
CH32V205,TIM4,TIM,CTLR1,0x40000800,0x000,16,1,#,confirmed,evt(ch32v205.h)+rm(CH32V205RM.PDF)+rm-address(CH32V205RM.PDF)
CH32V205,TIM4,TIM,CTLR2,0x40000804,0x004,16,1,#,confirmed,evt(ch32v205.h)+rm(CH32V205RM.PDF)+rm-address(CH32V205RM.PDF)
CH32V205,TIM4,TIM,SMCFGR,0x40000808,0x008,16,1,#,confirmed,evt(ch32v205.h)+rm(CH32V205RM.PDF)+rm-address(CH32V205RM.PDF)
CH32V205,TIM4,TIM,DMAINTENR,0x4000080c,0x00c,16,1,#,confirmed,evt(ch32v205.h)+rm(CH32V205RM.PDF)+rm-address(CH32V205RM.PDF)
CH32V205,TIM4,TIM,INTFR,0x40000810,0x010,16,1,#,confirmed,evt(ch32v205.h)+rm(CH32V205RM.PDF)+rm-address(CH32V205RM.PDF)
CH32V205,TIM4,TIM,SWEVGR,0x40000814,0x014,16,1,#,confirmed,evt(ch32v205.h)+rm(CH32V205RM.PDF)+rm-address(CH32V205RM.PDF)
CH32V205,TIM4,TIM,CHCTLR1,0x40000818,0x018,16,1,#,confirmed,evt(ch32v205.h)+rm(CH32V205RM.PDF)+rm-address(CH32V205RM.PDF)
CH32V205,TIM4,TIM,CHCTLR2,0x4000081c,0x01c,16,1,#,confirmed,evt(ch32v205.h)+rm(CH32V205RM.PDF)+rm-address(CH32V205RM.PDF)
CH32V205,TIM4,TIM,CCER,0x40000820,0x020,16,1,#,confirmed,evt(ch32v205.h)+rm(CH32V205RM.PDF)+rm-address(CH32V205RM.PDF)
CH32V205,TIM4,TIM,CNT,0x40000824,0x024,16,1,#,confirmed,evt(ch32v205.h)+rm(CH32V205RM.PDF)+rm-address(CH32V205RM.PDF)
CH32V205,TIM4,TIM,CNT_TIM4,0x40000824,0x024,32,1,#,reference,evt(ch32v205.h)
CH32V205,TIM4,TIM,PSC,0x40000828,0x028,16,1,#,confirmed,evt(ch32v205.h)+rm(CH32V205RM.PDF)+rm-address(CH32V205RM.PDF)
CH32V205,TIM4,TIM,ATRLR,0x4000082c,0x02c,16,1,#,confirmed,evt(ch32v205.h)+rm(CH32V205RM.PDF)+rm-address(CH32V205RM.PDF)
CH32V205,TIM4,TIM,ATRLR_TIM4,0x4000082c,0x02c,32,1,#,reference,evt(ch32v205.h)
CH32V205,TIM4,TIM,RPTCR,0x40000830,0x030,16,1,#,confirmed,evt(ch32v205.h)+rm(CH32V205RM.PDF)+rm-address(CH32V205RM.PDF)
CH32V205,TIM4,TIM,CH1CVR,0x40000834,0x034,32,1,#,confirmed,evt(ch32v205.h)+rm(CH32V205RM.PDF)+rm-address(CH32V205RM.PDF)
CH32V205,TIM4,TIM,CH1CVR_TIM4,0x40000834,0x034,32,1,#,reference,evt(ch32v205.h)
CH32V205,TIM4,TIM,CH2CVR,0x40000838,0x038,32,1,#,confirmed,evt(ch32v205.h)+rm(CH32V205RM.PDF)+rm-address(CH32V205RM.PDF)
CH32V205,TIM4,TIM,CH2CVR_TIM4,0x40000838,0x038,32,1,#,reference,evt(ch32v205.h)
CH32V205,TIM4,TIM,CH3CVR,0x4000083c,0x03c,32,1,#,confirmed,evt(ch32v205.h)+rm(CH32V205RM.PDF)+rm-address(CH32V205RM.PDF)
CH32V205,TIM4,TIM,CH3CVR_TIM4,0x4000083c,0x03c,32,1,#,reference,evt(ch32v205.h)
CH32V205,TIM4,TIM,CH4CVR,0x40000840,0x040,32,1,#,confirmed,evt(ch32v205.h)+rm(CH32V205RM.PDF)+rm-address(CH32V205RM.PDF)
CH32V205,TIM4,TIM,CH4CVR_TIM4,0x40000840,0x040,32,1,#,reference,evt(ch32v205.h)
CH32V205,TIM4,TIM,BDTR,0x40000844,0x044,16,1,#,confirmed,evt(ch32v205.h)+rm(CH32V205RM.PDF)+rm-address(CH32V205RM.PDF)
CH32V205,TIM4,TIM,DMACFGR,0x40000848,0x048,16,1,#,confirmed,evt(ch32v205.h)+rm(CH32V205RM.PDF)+rm-address(CH32V205RM.PDF)
CH32V205,TIM4,TIM,DMAADR,0x4000084c,0x04c,32,1,#,confirmed,evt(ch32v205.h)+rm(CH32V205RM.PDF)+rm-address(CH32V205RM.PDF)
CH32V205,USART6,USART,STATR,0x40001800,0x000,16,1,#,confirmed,evt(ch32v205.h)+rm(CH32V205RM.PDF)+rm-address(CH32V205RM.PDF)
CH32V205,USART6,USART,DATAR,0x40001804,0x004,16,1,#,confirmed,evt(ch32v205.h)+rm(CH32V205RM.PDF)+rm-address(CH32V205RM.PDF)
CH32V205,USART6,USART,BRR,0x40001808,0x008,16,1,#,confirmed,evt(ch32v205.h)+rm(CH32V205RM.PDF)+rm-address(CH32V205RM.PDF)
CH32V205,USART6,USART,CTLR1,0x4000180c,0x00c,16,1,#,confirmed,evt(ch32v205.h)+rm(CH32V205RM.PDF)+rm-address(CH32V205RM.PDF)
CH32V205,USART6,USART,CTLR2,0x40001810,0x010,16,1,#,confirmed,evt(ch32v205.h)+rm(CH32V205RM.PDF)+rm-address(CH32V205RM.PDF)
CH32V205,USART6,USART,CTLR3,0x40001814,0x014,16,1,#,confirmed,evt(ch32v205.h)+rm(CH32V205RM.PDF)+rm-address(CH32V205RM.PDF)
CH32V205,USART6,USART,GPR,0x40001818,0x018,16,1,#,confirmed,evt(ch32v205.h)+rm(CH32V205RM.PDF)+rm-address(CH32V205RM.PDF)
CH32V205,USART7,USART,STATR,0x40001c00,0x000,16,1,#,confirmed,evt(ch32v205.h)+rm(CH32V205RM.PDF)+rm-address(CH32V205RM.PDF)
CH32V205,USART7,USART,DATAR,0x40001c04,0x004,16,1,#,confirmed,evt(ch32v205.h)+rm(CH32V205RM.PDF)+rm-address(CH32V205RM.PDF)
CH32V205,USART7,USART,BRR,0x40001c08,0x008,16,1,#,confirmed,evt(ch32v205.h)+rm(CH32V205RM.PDF)+rm-address(CH32V205RM.PDF)
CH32V205,USART7,USART,CTLR1,0x40001c0c,0x00c,16,1,#,confirmed,evt(ch32v205.h)+rm(CH32V205RM.PDF)+rm-address(CH32V205RM.PDF)
CH32V205,USART7,USART,CTLR2,0x40001c10,0x010,16,1,#,confirmed,evt(ch32v205.h)+rm(CH32V205RM.PDF)+rm-address(CH32V205RM.PDF)
CH32V205,USART7,USART,CTLR3,0x40001c14,0x014,16,1,#,confirmed,evt(ch32v205.h)+rm(CH32V205RM.PDF)+rm-address(CH32V205RM.PDF)
CH32V205,USART7,USART,GPR,0x40001c18,0x018,16,1,#,confirmed,evt(ch32v205.h)+rm(CH32V205RM.PDF)+rm-address(CH32V205RM.PDF)
CH32V205,USART8,USART,STATR,0x40002000,0x000,16,1,#,confirmed,evt(ch32v205.h)+rm(CH32V205RM.PDF)+rm-address(CH32V205RM.PDF)
CH32V205,USART8,USART,DATAR,0x40002004,0x004,16,1,#,confirmed,evt(ch32v205.h)+rm(CH32V205RM.PDF)+rm-address(CH32V205RM.PDF)
CH32V205,USART8,USART,BRR,0x40002008,0x008,16,1,#,confirmed,evt(ch32v205.h)+rm(CH32V205RM.PDF)+rm-address(CH32V205RM.PDF)
CH32V205,USART8,USART,CTLR1,0x4000200c,0x00c,16,1,#,confirmed,evt(ch32v205.h)+rm(CH32V205RM.PDF)+rm-address(CH32V205RM.PDF)
CH32V205,USART8,USART,CTLR2,0x40002010,0x010,16,1,#,confirmed,evt(ch32v205.h)+rm(CH32V205RM.PDF)+rm-address(CH32V205RM.PDF)
CH32V205,USART8,USART,CTLR3,0x40002014,0x014,16,1,#,confirmed,evt(ch32v205.h)+rm(CH32V205RM.PDF)+rm-address(CH32V205RM.PDF)
CH32V205,USART8,USART,GPR,0x40002018,0x018,16,1,#,confirmed,evt(ch32v205.h)+rm(CH32V205RM.PDF)+rm-address(CH32V205RM.PDF)
CH32V205,RTC,RTC,CTLRH,0x40002800,0x000,16,1,#,confirmed,evt(ch32v205.h)+rm(CH32V205RM.PDF)+rm-address(CH32V205RM.PDF)
CH32V205,RTC,RTC,CTLRL,0x40002804,0x004,16,1,#,confirmed,evt(ch32v205.h)+rm(CH32V205RM.PDF)+rm-address(CH32V205RM.PDF)
CH32V205,RTC,RTC,PSCRH,0x40002808,0x008,16,1,#,confirmed,evt(ch32v205.h)+rm(CH32V205RM.PDF)+rm-address(CH32V205RM.PDF)
CH32V205,RTC,RTC,PSCRL,0x4000280c,0x00c,16,1,#,confirmed,evt(ch32v205.h)+rm(CH32V205RM.PDF)+rm-address(CH32V205RM.PDF)
CH32V205,RTC,RTC,DIVH,0x40002810,0x010,16,1,#,confirmed,evt(ch32v205.h)+rm(CH32V205RM.PDF)+rm-address(CH32V205RM.PDF)
CH32V205,RTC,RTC,DIVL,0x40002814,0x014,16,1,#,confirmed,evt(ch32v205.h)+rm(CH32V205RM.PDF)+rm-address(CH32V205RM.PDF)
CH32V205,RTC,RTC,CNTH,0x40002818,0x018,16,1,#,confirmed,evt(ch32v205.h)+rm(CH32V205RM.PDF)+rm-address(CH32V205RM.PDF)
CH32V205,RTC,RTC,CNTL,0x4000281c,0x01c,16,1,#,confirmed,evt(ch32v205.h)+rm(CH32V205RM.PDF)+rm-address(CH32V205RM.PDF)
CH32V205,RTC,RTC,ALRMH,0x40002820,0x020,16,1,#,confirmed,evt(ch32v205.h)+rm(CH32V205RM.PDF)+rm-address(CH32V205RM.PDF)
CH32V205,RTC,RTC,ALRML,0x40002824,0x024,16,1,#,confirmed,evt(ch32v205.h)+rm(CH32V205RM.PDF)+rm-address(CH32V205RM.PDF)
CH32V205,WWDG,WWDG,CTLR,0x40002c00,0x000,32,1,#,confirmed,evt(ch32v205.h)+rm(CH32V205RM.PDF)+rm-address(CH32V205RM.PDF)
CH32V205,WWDG,WWDG,CFGR,0x40002c04,0x004,32,1,#,confirmed,evt(ch32v205.h)+rm(CH32V205RM.PDF)+rm-address(CH32V205RM.PDF)
CH32V205,WWDG,WWDG,STATR,0x40002c08,0x008,32,1,#,confirmed,evt(ch32v205.h)+rm(CH32V205RM.PDF)+rm-address(CH32V205RM.PDF)
CH32V205,IWDG,IWDG,CTLR,0x40003000,0x000,32,1,#,confirmed,evt(ch32v205.h)+rm(CH32V205RM.PDF)+rm-address(CH32V205RM.PDF)
CH32V205,IWDG,IWDG,PSCR,0x40003004,0x004,32,1,#,confirmed,evt(ch32v205.h)+rm(CH32V205RM.PDF)+rm-address(CH32V205RM.PDF)
CH32V205,IWDG,IWDG,RLDR,0x40003008,0x008,32,1,#,confirmed,evt(ch32v205.h)+rm(CH32V205RM.PDF)+rm-address(CH32V205RM.PDF)
CH32V205,IWDG,IWDG,STATR,0x4000300c,0x00c,32,1,#,confirmed,evt(ch32v205.h)+rm(CH32V205RM.PDF)+rm-address(CH32V205RM.PDF)
CH32V205,SPI2,SPI,CTLR1,0x40003800,0x000,16,1,#,confirmed,evt(ch32v205.h)+rm(CH32V205RM.PDF)+rm-address(CH32V205RM.PDF)
CH32V205,SPI2,SPI,CTLR2,0x40003804,0x004,16,1,#,confirmed,evt(ch32v205.h)+rm(CH32V205RM.PDF)+rm-address(CH32V205RM.PDF)
CH32V205,SPI2,SPI,STATR,0x40003808,0x008,16,1,#,confirmed,evt(ch32v205.h)+rm(CH32V205RM.PDF)+rm-address(CH32V205RM.PDF)
CH32V205,SPI2,SPI,DATAR,0x4000380c,0x00c,16,1,#,confirmed,evt(ch32v205.h)+rm(CH32V205RM.PDF)+rm-address(CH32V205RM.PDF)
CH32V205,SPI2,SPI,CRCR,0x40003810,0x010,16,1,#,confirmed,evt(ch32v205.h)+rm(CH32V205RM.PDF)+rm-address(CH32V205RM.PDF)
CH32V205,SPI2,SPI,RCRCR,0x40003814,0x014,16,1,#,confirmed,evt(ch32v205.h)+rm(CH32V205RM.PDF)+rm-address(CH32V205RM.PDF)
CH32V205,SPI2,SPI,TCRCR,0x40003818,0x018,16,1,#,confirmed,evt(ch32v205.h)+rm(CH32V205RM.PDF)+rm-address(CH32V205RM.PDF)
CH32V205,SPI2,SPI,HSCR,0x40003824,0x024,16,1,#,confirmed,evt(ch32v205.h)+rm(CH32V205RM.PDF)+rm-address(CH32V205RM.PDF)
CH32V205,USART2,USART,STATR,0x40004400,0x000,16,1,#,confirmed,evt(ch32v205.h)+rm(CH32V205RM.PDF)+rm-address(CH32V205RM.PDF)
CH32V205,USART2,USART,DATAR,0x40004404,0x004,16,1,#,confirmed,evt(ch32v205.h)+rm(CH32V205RM.PDF)+rm-address(CH32V205RM.PDF)
CH32V205,USART2,USART,BRR,0x40004408,0x008,16,1,#,confirmed,evt(ch32v205.h)+rm(CH32V205RM.PDF)+rm-address(CH32V205RM.PDF)
CH32V205,USART2,USART,CTLR1,0x4000440c,0x00c,16,1,#,confirmed,evt(ch32v205.h)+rm(CH32V205RM.PDF)+rm-address(CH32V205RM.PDF)
CH32V205,USART2,USART,CTLR2,0x40004410,0x010,16,1,#,confirmed,evt(ch32v205.h)+rm(CH32V205RM.PDF)+rm-address(CH32V205RM.PDF)
CH32V205,USART2,USART,CTLR3,0x40004414,0x014,16,1,#,confirmed,evt(ch32v205.h)+rm(CH32V205RM.PDF)+rm-address(CH32V205RM.PDF)
CH32V205,USART2,USART,GPR,0x40004418,0x018,16,1,#,confirmed,evt(ch32v205.h)+rm(CH32V205RM.PDF)+rm-address(CH32V205RM.PDF)
CH32V205,USART3,USART,STATR,0x40004800,0x000,16,1,#,confirmed,evt(ch32v205.h)+rm(CH32V205RM.PDF)+rm-address(CH32V205RM.PDF)
CH32V205,USART3,USART,DATAR,0x40004804,0x004,16,1,#,confirmed,evt(ch32v205.h)+rm(CH32V205RM.PDF)+rm-address(CH32V205RM.PDF)
CH32V205,USART3,USART,BRR,0x40004808,0x008,16,1,#,confirmed,evt(ch32v205.h)+rm(CH32V205RM.PDF)+rm-address(CH32V205RM.PDF)
CH32V205,USART3,USART,CTLR1,0x4000480c,0x00c,16,1,#,confirmed,evt(ch32v205.h)+rm(CH32V205RM.PDF)+rm-address(CH32V205RM.PDF)
CH32V205,USART3,USART,CTLR2,0x40004810,0x010,16,1,#,confirmed,evt(ch32v205.h)+rm(CH32V205RM.PDF)+rm-address(CH32V205RM.PDF)
CH32V205,USART3,USART,CTLR3,0x40004814,0x014,16,1,#,confirmed,evt(ch32v205.h)+rm(CH32V205RM.PDF)+rm-address(CH32V205RM.PDF)
CH32V205,USART3,USART,GPR,0x40004818,0x018,16,1,#,confirmed,evt(ch32v205.h)+rm(CH32V205RM.PDF)+rm-address(CH32V205RM.PDF)
CH32V205,USART4,USART,STATR,0x40004c00,0x000,16,1,#,confirmed,evt(ch32v205.h)+rm(CH32V205RM.PDF)+rm-address(CH32V205RM.PDF)
CH32V205,USART4,USART,DATAR,0x40004c04,0x004,16,1,#,confirmed,evt(ch32v205.h)+rm(CH32V205RM.PDF)+rm-address(CH32V205RM.PDF)
CH32V205,USART4,USART,BRR,0x40004c08,0x008,16,1,#,confirmed,evt(ch32v205.h)+rm(CH32V205RM.PDF)+rm-address(CH32V205RM.PDF)
CH32V205,USART4,USART,CTLR1,0x40004c0c,0x00c,16,1,#,confirmed,evt(ch32v205.h)+rm(CH32V205RM.PDF)+rm-address(CH32V205RM.PDF)
CH32V205,USART4,USART,CTLR2,0x40004c10,0x010,16,1,#,confirmed,evt(ch32v205.h)+rm(CH32V205RM.PDF)+rm-address(CH32V205RM.PDF)
CH32V205,USART4,USART,CTLR3,0x40004c14,0x014,16,1,#,confirmed,evt(ch32v205.h)+rm(CH32V205RM.PDF)+rm-address(CH32V205RM.PDF)
CH32V205,USART4,USART,GPR,0x40004c18,0x018,16,1,#,confirmed,evt(ch32v205.h)+rm(CH32V205RM.PDF)+rm-address(CH32V205RM.PDF)
CH32V205,USART5,USART,STATR,0x40005000,0x000,16,1,#,confirmed,evt(ch32v205.h)+rm(CH32V205RM.PDF)+rm-address(CH32V205RM.PDF)
CH32V205,USART5,USART,DATAR,0x40005004,0x004,16,1,#,confirmed,evt(ch32v205.h)+rm(CH32V205RM.PDF)+rm-address(CH32V205RM.PDF)
CH32V205,USART5,USART,BRR,0x40005008,0x008,16,1,#,confirmed,evt(ch32v205.h)+rm(CH32V205RM.PDF)+rm-address(CH32V205RM.PDF)
CH32V205,USART5,USART,CTLR1,0x4000500c,0x00c,16,1,#,confirmed,evt(ch32v205.h)+rm(CH32V205RM.PDF)+rm-address(CH32V205RM.PDF)
CH32V205,USART5,USART,CTLR2,0x40005010,0x010,16,1,#,confirmed,evt(ch32v205.h)+rm(CH32V205RM.PDF)+rm-address(CH32V205RM.PDF)
CH32V205,USART5,USART,CTLR3,0x40005014,0x014,16,1,#,confirmed,evt(ch32v205.h)+rm(CH32V205RM.PDF)+rm-address(CH32V205RM.PDF)
CH32V205,USART5,USART,GPR,0x40005018,0x018,16,1,#,confirmed,evt(ch32v205.h)+rm(CH32V205RM.PDF)+rm-address(CH32V205RM.PDF)
CH32V205,I2C1,I2C,CTLR1,0x40005400,0x000,16,1,#,confirmed,evt(ch32v205.h)+rm(CH32V205RM.PDF)+rm-address(CH32V205RM.PDF)
CH32V205,I2C1,I2C,CTLR2,0x40005404,0x004,16,1,#,confirmed,evt(ch32v205.h)+rm(CH32V205RM.PDF)+rm-address(CH32V205RM.PDF)
CH32V205,I2C1,I2C,OADDR1,0x40005408,0x008,16,1,#,confirmed,evt(ch32v205.h)+rm(CH32V205RM.PDF)+rm-address(CH32V205RM.PDF)
CH32V205,I2C1,I2C,OADDR2,0x4000540c,0x00c,16,1,#,confirmed,evt(ch32v205.h)+rm(CH32V205RM.PDF)+rm-address(CH32V205RM.PDF)
CH32V205,I2C1,I2C,DATAR,0x40005410,0x010,16,1,#,confirmed,evt(ch32v205.h)+rm(CH32V205RM.PDF)+rm-address(CH32V205RM.PDF)
CH32V205,I2C1,I2C,STAR1,0x40005414,0x014,16,1,#,confirmed,evt(ch32v205.h)+rm(CH32V205RM.PDF)+rm-address(CH32V205RM.PDF)
CH32V205,I2C1,I2C,STAR2,0x40005418,0x018,16,1,#,confirmed,evt(ch32v205.h)+rm(CH32V205RM.PDF)+rm-address(CH32V205RM.PDF)
CH32V205,I2C1,I2C,CKCFGR,0x4000541c,0x01c,16,1,#,confirmed,evt(ch32v205.h)+rm(CH32V205RM.PDF)+rm-address(CH32V205RM.PDF)
CH32V205,I2C1,I2C,RTR,0x40005420,0x020,16,1,#,confirmed,evt(ch32v205.h)+rm(CH32V205RM.PDF)+rm-address(CH32V205RM.PDF)
CH32V205,I2C2,I2C,CTLR1,0x40005800,0x000,16,1,#,confirmed,evt(ch32v205.h)+rm(CH32V205RM.PDF)+rm-address(CH32V205RM.PDF)
CH32V205,I2C2,I2C,CTLR2,0x40005804,0x004,16,1,#,confirmed,evt(ch32v205.h)+rm(CH32V205RM.PDF)+rm-address(CH32V205RM.PDF)
CH32V205,I2C2,I2C,OADDR1,0x40005808,0x008,16,1,#,confirmed,evt(ch32v205.h)+rm(CH32V205RM.PDF)+rm-address(CH32V205RM.PDF)
CH32V205,I2C2,I2C,OADDR2,0x4000580c,0x00c,16,1,#,confirmed,evt(ch32v205.h)+rm(CH32V205RM.PDF)+rm-address(CH32V205RM.PDF)
CH32V205,I2C2,I2C,DATAR,0x40005810,0x010,16,1,#,confirmed,evt(ch32v205.h)+rm(CH32V205RM.PDF)+rm-address(CH32V205RM.PDF)
CH32V205,I2C2,I2C,STAR1,0x40005814,0x014,16,1,#,confirmed,evt(ch32v205.h)+rm(CH32V205RM.PDF)+rm-address(CH32V205RM.PDF)
CH32V205,I2C2,I2C,STAR2,0x40005818,0x018,16,1,#,confirmed,evt(ch32v205.h)+rm(CH32V205RM.PDF)+rm-address(CH32V205RM.PDF)
CH32V205,I2C2,I2C,CKCFGR,0x4000581c,0x01c,16,1,#,confirmed,evt(ch32v205.h)+rm(CH32V205RM.PDF)+rm-address(CH32V205RM.PDF)
CH32V205,I2C2,I2C,RTR,0x40005820,0x020,16,1,#,confirmed,evt(ch32v205.h)+rm(CH32V205RM.PDF)+rm-address(CH32V205RM.PDF)
CH32V205,CAN1,CAN,CTLR,0x40006400,0x000,32,1,#,confirmed,evt(ch32v205.h)+rm(CH32V205RM.PDF)+rm-address(CH32V205RM.PDF)
CH32V205,CAN1,CAN,STATR,0x40006404,0x004,32,1,#,confirmed,evt(ch32v205.h)+rm(CH32V205RM.PDF)+rm-address(CH32V205RM.PDF)
CH32V205,CAN1,CAN,TSTATR,0x40006408,0x008,32,1,#,confirmed,evt(ch32v205.h)+rm(CH32V205RM.PDF)+rm-address(CH32V205RM.PDF)
CH32V205,CAN1,CAN,RFIFO0,0x4000640c,0x00c,32,1,#,confirmed,evt(ch32v205.h)+rm(CH32V205RM.PDF)+rm-address(CH32V205RM.PDF)
CH32V205,CAN1,CAN,RFIFO1,0x40006410,0x010,32,1,#,confirmed,evt(ch32v205.h)+rm(CH32V205RM.PDF)+rm-address(CH32V205RM.PDF)
CH32V205,CAN1,CAN,INTENR,0x40006414,0x014,32,1,#,confirmed,evt(ch32v205.h)+rm(CH32V205RM.PDF)+rm-address(CH32V205RM.PDF)
CH32V205,CAN1,CAN,ERRSR,0x40006418,0x018,32,1,#,confirmed,evt(ch32v205.h)+rm(CH32V205RM.PDF)+rm-address(CH32V205RM.PDF)
CH32V205,CAN1,CAN,BTIMR,0x4000641c,0x01c,32,1,#,confirmed,evt(ch32v205.h)+rm(CH32V205RM.PDF)+rm-address(CH32V205RM.PDF)
CH32V205,CAN1,CAN,TTCTLR,0x40006420,0x020,32,1,#,confirmed,evt(ch32v205.h)+rm(CH32V205RM.PDF)+rm-address(CH32V205RM.PDF)
CH32V205,CAN1,CAN,TTCNT,0x40006424,0x024,32,1,#,confirmed,evt(ch32v205.h)+rm(CH32V205RM.PDF)+rm-address(CH32V205RM.PDF)
CH32V205,CAN1,CAN,TERR_CNT,0x40006428,0x028,32,1,#,confirmed,evt(ch32v205.h)+rm(CH32V205RM.PDF)+rm-address(CH32V205RM.PDF)
CH32V205,CAN1,CAN,sTxMailBox[0].TXMIR,0x40006580,0x180,32,1,#,confirmed,evt(ch32v205.h)+rm-address(CH32V205RM.PDF)
CH32V205,CAN1,CAN,sTxMailBox[0].TXMDTR,0x40006584,0x184,32,1,#,confirmed,evt(ch32v205.h)+rm-address(CH32V205RM.PDF)
CH32V205,CAN1,CAN,sTxMailBox[0].TXMDLR,0x40006588,0x188,32,1,#,confirmed,evt(ch32v205.h)+rm-address(CH32V205RM.PDF)
CH32V205,CAN1,CAN,sTxMailBox[0].TXMDHR,0x4000658c,0x18c,32,1,#,confirmed,evt(ch32v205.h)+rm-address(CH32V205RM.PDF)
CH32V205,CAN1,CAN,sTxMailBox[1].TXMIR,0x40006590,0x190,32,1,#,confirmed,evt(ch32v205.h)+rm-address(CH32V205RM.PDF)
CH32V205,CAN1,CAN,sTxMailBox[1].TXMDTR,0x40006594,0x194,32,1,#,confirmed,evt(ch32v205.h)+rm-address(CH32V205RM.PDF)
CH32V205,CAN1,CAN,sTxMailBox[1].TXMDLR,0x40006598,0x198,32,1,#,confirmed,evt(ch32v205.h)+rm-address(CH32V205RM.PDF)
CH32V205,CAN1,CAN,sTxMailBox[1].TXMDHR,0x4000659c,0x19c,32,1,#,confirmed,evt(ch32v205.h)+rm-address(CH32V205RM.PDF)
CH32V205,CAN1,CAN,sTxMailBox[2].TXMIR,0x400065a0,0x1a0,32,1,#,confirmed,evt(ch32v205.h)+rm-address(CH32V205RM.PDF)
CH32V205,CAN1,CAN,sTxMailBox[2].TXMDTR,0x400065a4,0x1a4,32,1,#,confirmed,evt(ch32v205.h)+rm-address(CH32V205RM.PDF)
CH32V205,CAN1,CAN,sTxMailBox[2].TXMDLR,0x400065a8,0x1a8,32,1,#,confirmed,evt(ch32v205.h)+rm-address(CH32V205RM.PDF)
CH32V205,CAN1,CAN,sTxMailBox[2].TXMDHR,0x400065ac,0x1ac,32,1,#,confirmed,evt(ch32v205.h)+rm-address(CH32V205RM.PDF)
CH32V205,CAN1,CAN,sFIFOMailBox[0].RXMIR,0x400065b0,0x1b0,32,1,#,confirmed,evt(ch32v205.h)+rm-address(CH32V205RM.PDF)
CH32V205,CAN1,CAN,sFIFOMailBox[0].RXMDTR,0x400065b4,0x1b4,32,1,#,confirmed,evt(ch32v205.h)+rm-address(CH32V205RM.PDF)
CH32V205,CAN1,CAN,sFIFOMailBox[0].RXMDLR,0x400065b8,0x1b8,32,1,#,confirmed,evt(ch32v205.h)+rm-address(CH32V205RM.PDF)
CH32V205,CAN1,CAN,sFIFOMailBox[0].RXMDHR,0x400065bc,0x1bc,32,1,#,confirmed,evt(ch32v205.h)+rm-address(CH32V205RM.PDF)
CH32V205,CAN1,CAN,sFIFOMailBox[1].RXMIR,0x400065c0,0x1c0,32,1,#,confirmed,evt(ch32v205.h)+rm-address(CH32V205RM.PDF)
CH32V205,CAN1,CAN,sFIFOMailBox[1].RXMDTR,0x400065c4,0x1c4,32,1,#,confirmed,evt(ch32v205.h)+rm-address(CH32V205RM.PDF)
CH32V205,CAN1,CAN,sFIFOMailBox[1].RXMDLR,0x400065c8,0x1c8,32,1,#,confirmed,evt(ch32v205.h)+rm-address(CH32V205RM.PDF)
CH32V205,CAN1,CAN,sFIFOMailBox[1].RXMDHR,0x400065cc,0x1cc,32,1,#,confirmed,evt(ch32v205.h)+rm-address(CH32V205RM.PDF)
CH32V205,CAN1,CAN,FCTLR,0x40006600,0x200,32,1,#,confirmed,evt(ch32v205.h)+rm(CH32V205RM.PDF)+rm-address(CH32V205RM.PDF)
CH32V205,CAN1,CAN,FMCFGR,0x40006604,0x204,32,1,#,confirmed,evt(ch32v205.h)+rm(CH32V205RM.PDF)+rm-address(CH32V205RM.PDF)
CH32V205,CAN1,CAN,FSCFGR,0x4000660c,0x20c,32,1,#,confirmed,evt(ch32v205.h)+rm(CH32V205RM.PDF)+rm-address(CH32V205RM.PDF)
CH32V205,CAN1,CAN,FAFIFOR,0x40006614,0x214,32,1,#,confirmed,evt(ch32v205.h)+rm(CH32V205RM.PDF)+rm-address(CH32V205RM.PDF)
CH32V205,CAN1,CAN,FWR,0x4000661c,0x21c,32,1,#,confirmed,evt(ch32v205.h)+rm(CH32V205RM.PDF)+rm-address(CH32V205RM.PDF)
CH32V205,CAN1,CAN,sFilterRegister[0].FR1,0x40006640,0x240,32,1,#,confirmed,evt(ch32v205.h)+rm-address(CH32V205RM.PDF)
CH32V205,CAN1,CAN,sFilterRegister[0].FR2,0x40006644,0x244,32,1,#,confirmed,evt(ch32v205.h)+rm-address(CH32V205RM.PDF)
CH32V205,CAN1,CAN,sFilterRegister[1].FR1,0x40006648,0x248,32,1,#,confirmed,evt(ch32v205.h)+rm-address(CH32V205RM.PDF)
CH32V205,CAN1,CAN,sFilterRegister[1].FR2,0x4000664c,0x24c,32,1,#,confirmed,evt(ch32v205.h)+rm-address(CH32V205RM.PDF)
CH32V205,CAN1,CAN,sFilterRegister[2].FR1,0x40006650,0x250,32,1,#,confirmed,evt(ch32v205.h)+rm-address(CH32V205RM.PDF)
CH32V205,CAN1,CAN,sFilterRegister[2].FR2,0x40006654,0x254,32,1,#,confirmed,evt(ch32v205.h)+rm-address(CH32V205RM.PDF)
CH32V205,CAN1,CAN,sFilterRegister[3].FR1,0x40006658,0x258,32,1,#,confirmed,evt(ch32v205.h)+rm-address(CH32V205RM.PDF)
CH32V205,CAN1,CAN,sFilterRegister[3].FR2,0x4000665c,0x25c,32,1,#,confirmed,evt(ch32v205.h)+rm-address(CH32V205RM.PDF)
CH32V205,CAN1,CAN,sFilterRegister[4].FR1,0x40006660,0x260,32,1,#,confirmed,evt(ch32v205.h)+rm-address(CH32V205RM.PDF)
CH32V205,CAN1,CAN,sFilterRegister[4].FR2,0x40006664,0x264,32,1,#,confirmed,evt(ch32v205.h)+rm-address(CH32V205RM.PDF)
CH32V205,CAN1,CAN,sFilterRegister[5].FR1,0x40006668,0x268,32,1,#,confirmed,evt(ch32v205.h)+rm-address(CH32V205RM.PDF)
CH32V205,CAN1,CAN,sFilterRegister[5].FR2,0x4000666c,0x26c,32,1,#,confirmed,evt(ch32v205.h)+rm-address(CH32V205RM.PDF)
CH32V205,CAN1,CAN,sFilterRegister[6].FR1,0x40006670,0x270,32,1,#,confirmed,evt(ch32v205.h)+rm-address(CH32V205RM.PDF)
CH32V205,CAN1,CAN,sFilterRegister[6].FR2,0x40006674,0x274,32,1,#,confirmed,evt(ch32v205.h)+rm-address(CH32V205RM.PDF)
CH32V205,CAN1,CAN,sFilterRegister[7].FR1,0x40006678,0x278,32,1,#,confirmed,evt(ch32v205.h)+rm-address(CH32V205RM.PDF)
CH32V205,CAN1,CAN,sFilterRegister[7].FR2,0x4000667c,0x27c,32,1,#,confirmed,evt(ch32v205.h)+rm-address(CH32V205RM.PDF)
CH32V205,CAN1,CAN,sFilterRegister[8].FR1,0x40006680,0x280,32,1,#,confirmed,evt(ch32v205.h)+rm-address(CH32V205RM.PDF)
CH32V205,CAN1,CAN,sFilterRegister[8].FR2,0x40006684,0x284,32,1,#,confirmed,evt(ch32v205.h)+rm-address(CH32V205RM.PDF)
CH32V205,CAN1,CAN,sFilterRegister[9].FR1,0x40006688,0x288,32,1,#,confirmed,evt(ch32v205.h)+rm-address(CH32V205RM.PDF)
CH32V205,CAN1,CAN,sFilterRegister[9].FR2,0x4000668c,0x28c,32,1,#,confirmed,evt(ch32v205.h)+rm-address(CH32V205RM.PDF)
CH32V205,CAN1,CAN,sFilterRegister[10].FR1,0x40006690,0x290,32,1,#,confirmed,evt(ch32v205.h)+rm-address(CH32V205RM.PDF)
CH32V205,CAN1,CAN,sFilterRegister[10].FR2,0x40006694,0x294,32,1,#,confirmed,evt(ch32v205.h)+rm-address(CH32V205RM.PDF)
CH32V205,CAN1,CAN,sFilterRegister[11].FR1,0x40006698,0x298,32,1,#,confirmed,evt(ch32v205.h)+rm-address(CH32V205RM.PDF)
CH32V205,CAN1,CAN,sFilterRegister[11].FR2,0x4000669c,0x29c,32,1,#,confirmed,evt(ch32v205.h)+rm-address(CH32V205RM.PDF)
CH32V205,CAN1,CAN,sFilterRegister[12].FR1,0x400066a0,0x2a0,32,1,#,confirmed,evt(ch32v205.h)+rm-address(CH32V205RM.PDF)
CH32V205,CAN1,CAN,sFilterRegister[12].FR2,0x400066a4,0x2a4,32,1,#,confirmed,evt(ch32v205.h)+rm-address(CH32V205RM.PDF)
CH32V205,CAN1,CAN,sFilterRegister[13].FR1,0x400066a8,0x2a8,32,1,#,confirmed,evt(ch32v205.h)+rm-address(CH32V205RM.PDF)
CH32V205,CAN1,CAN,sFilterRegister[13].FR2,0x400066ac,0x2ac,32,1,#,confirmed,evt(ch32v205.h)+rm-address(CH32V205RM.PDF)
CH32V205,BKP,BKP,DATAR1,0x40006c04,0x004,16,1,#,confirmed,evt(ch32v205.h)+rm-address(CH32V205RM.PDF)
CH32V205,BKP,BKP,DATAR2,0x40006c08,0x008,16,1,#,confirmed,evt(ch32v205.h)+rm-address(CH32V205RM.PDF)
CH32V205,BKP,BKP,DATAR3,0x40006c0c,0x00c,16,1,#,confirmed,evt(ch32v205.h)+rm-address(CH32V205RM.PDF)
CH32V205,BKP,BKP,DATAR4,0x40006c10,0x010,16,1,#,confirmed,evt(ch32v205.h)+rm-address(CH32V205RM.PDF)
CH32V205,BKP,BKP,DATAR5,0x40006c14,0x014,16,1,#,confirmed,evt(ch32v205.h)+rm-address(CH32V205RM.PDF)
CH32V205,BKP,BKP,DATAR6,0x40006c18,0x018,16,1,#,confirmed,evt(ch32v205.h)+rm-address(CH32V205RM.PDF)
CH32V205,BKP,BKP,DATAR7,0x40006c1c,0x01c,16,1,#,confirmed,evt(ch32v205.h)+rm-address(CH32V205RM.PDF)
CH32V205,BKP,BKP,DATAR8,0x40006c20,0x020,16,1,#,confirmed,evt(ch32v205.h)+rm-address(CH32V205RM.PDF)
CH32V205,BKP,BKP,DATAR9,0x40006c24,0x024,16,1,#,confirmed,evt(ch32v205.h)+rm-address(CH32V205RM.PDF)
CH32V205,BKP,BKP,DATAR10,0x40006c28,0x028,16,1,#,confirmed,evt(ch32v205.h)+rm-address(CH32V205RM.PDF)
CH32V205,BKP,BKP,OCTLR,0x40006c2c,0x02c,16,1,#,confirmed,evt(ch32v205.h)+rm(CH32V205RM.PDF)+rm-address(CH32V205RM.PDF)
CH32V205,BKP,BKP,TPCTLR,0x40006c30,0x030,16,1,#,confirmed,evt(ch32v205.h)+rm(CH32V205RM.PDF)+rm-address(CH32V205RM.PDF)
CH32V205,BKP,BKP,TPCSR,0x40006c34,0x034,16,1,#,confirmed,evt(ch32v205.h)+rm(CH32V205RM.PDF)+rm-address(CH32V205RM.PDF)
CH32V205,PWR,PWR,CTLR,0x40007000,0x000,32,1,#,confirmed,evt(ch32v205.h)+rm(CH32V205RM.PDF)+rm-address(CH32V205RM.PDF)
CH32V205,PWR,PWR,CSR,0x40007004,0x004,32,1,#,confirmed,evt(ch32v205.h)+rm(CH32V205RM.PDF)+rm-address(CH32V205RM.PDF)
CH32V205,AFIO,AFIO,ECR,0x40010000,0x000,32,1,#,confirmed,evt(ch32v205.h)+rm(CH32V205RM.PDF)+rm-address(CH32V205RM.PDF)
CH32V205,AFIO,AFIO,PCFR1,0x40010004,0x004,32,1,#,confirmed,evt(ch32v205.h)+rm(CH32V205RM.PDF)+rm-address(CH32V205RM.PDF)
CH32V205,AFIO,AFIO,EXTICR,0x40010008,0x008,32,4,#,confirmed,evt(ch32v205.h)+rm-address(CH32V205RM.PDF)
CH32V205,AFIO,AFIO,CR,0x40010018,0x018,32,1,#,confirmed,evt(ch32v205.h)+rm(CH32V205RM.PDF)+rm-address(CH32V205RM.PDF)
CH32V205,AFIO,AFIO,GPIOA_AFLR,0x40010020,0x020,32,1,#,confirmed,evt(ch32v205.h)+rm-address(CH32V205RM.PDF)
CH32V205,AFIO,AFIO,GPIOA_AFHR,0x40010024,0x024,32,1,#,confirmed,evt(ch32v205.h)+rm-address(CH32V205RM.PDF)
CH32V205,AFIO,AFIO,GPIOB_AFLR,0x40010028,0x028,32,1,#,confirmed,evt(ch32v205.h)+rm-address(CH32V205RM.PDF)
CH32V205,AFIO,AFIO,GPIOB_AFHR,0x4001002c,0x02c,32,1,#,confirmed,evt(ch32v205.h)+rm-address(CH32V205RM.PDF)
CH32V205,AFIO,AFIO,GPIOC_AFLR,0x40010030,0x030,32,1,#,confirmed,evt(ch32v205.h)+rm-address(CH32V205RM.PDF)
CH32V205,AFIO,AFIO,GPIOC_AFHR,0x40010034,0x034,32,1,#,confirmed,evt(ch32v205.h)+rm-address(CH32V205RM.PDF)
CH32V205,AFIO,AFIO,GPIOD_AFLR,0x40010038,0x038,32,1,#,confirmed,evt(ch32v205.h)+rm-address(CH32V205RM.PDF)
CH32V205,AFIO,AFIO,GPIOD_AFHR,0x4001003c,0x03c,32,1,#,confirmed,evt(ch32v205.h)+rm-address(CH32V205RM.PDF)
CH32V205,AFIO,AFIO,GPIOE_AFLR,0x40010040,0x040,32,1,#,confirmed,evt(ch32v205.h)+rm-address(CH32V205RM.PDF)
CH32V205,AFIO,AFIO,GPIOE_AFHR,0x40010044,0x044,32,1,#,confirmed,evt(ch32v205.h)+rm-address(CH32V205RM.PDF)
CH32V205,EXTI,EXTI,INTENR,0x40010400,0x000,32,1,#,confirmed,evt(ch32v205.h)+rm(CH32V205RM.PDF)+rm-address(CH32V205RM.PDF)
CH32V205,EXTI,EXTI,EVENR,0x40010404,0x004,32,1,#,confirmed,evt(ch32v205.h)+rm(CH32V205RM.PDF)+rm-address(CH32V205RM.PDF)
CH32V205,EXTI,EXTI,RTENR,0x40010408,0x008,32,1,#,confirmed,evt(ch32v205.h)+rm(CH32V205RM.PDF)+rm-address(CH32V205RM.PDF)
CH32V205,EXTI,EXTI,FTENR,0x4001040c,0x00c,32,1,#,confirmed,evt(ch32v205.h)+rm(CH32V205RM.PDF)+rm-address(CH32V205RM.PDF)
CH32V205,EXTI,EXTI,SWIEVR,0x40010410,0x010,32,1,#,confirmed,evt(ch32v205.h)+rm(CH32V205RM.PDF)+rm-address(CH32V205RM.PDF)
CH32V205,EXTI,EXTI,INTFR,0x40010414,0x014,32,1,#,confirmed,evt(ch32v205.h)+rm(CH32V205RM.PDF)+rm-address(CH32V205RM.PDF)
CH32V205,GPIOA,GPIO,CFGLR,0x40010800,0x000,32,1,#,confirmed,evt(ch32v205.h)+rm-address(CH32V205RM.PDF)
CH32V205,GPIOA,GPIO,CFGHR,0x40010804,0x004,32,1,#,confirmed,evt(ch32v205.h)+rm-address(CH32V205RM.PDF)
CH32V205,GPIOA,GPIO,INDR,0x40010808,0x008,32,1,#,confirmed,evt(ch32v205.h)+rm(CH32V205RM.PDF)+rm-address(CH32V205RM.PDF)
CH32V205,GPIOA,GPIO,OUTDR,0x4001080c,0x00c,32,1,#,confirmed,evt(ch32v205.h)+rm(CH32V205RM.PDF)+rm-address(CH32V205RM.PDF)
CH32V205,GPIOA,GPIO,BSHR,0x40010810,0x010,32,1,#,confirmed,evt(ch32v205.h)+rm(CH32V205RM.PDF)+rm-address(CH32V205RM.PDF)
CH32V205,GPIOA,GPIO,BCR,0x40010814,0x014,32,1,#,confirmed,evt(ch32v205.h)+rm(CH32V205RM.PDF)+rm-address(CH32V205RM.PDF)
CH32V205,GPIOA,GPIO,LCKR,0x40010818,0x018,32,1,#,confirmed,evt(ch32v205.h)+rm(CH32V205RM.PDF)+rm-address(CH32V205RM.PDF)
CH32V205,GPIOB,GPIO,CFGLR,0x40010c00,0x000,32,1,#,confirmed,evt(ch32v205.h)+rm-address(CH32V205RM.PDF)
CH32V205,GPIOB,GPIO,CFGHR,0x40010c04,0x004,32,1,#,confirmed,evt(ch32v205.h)+rm-address(CH32V205RM.PDF)
CH32V205,GPIOB,GPIO,INDR,0x40010c08,0x008,32,1,#,confirmed,evt(ch32v205.h)+rm(CH32V205RM.PDF)+rm-address(CH32V205RM.PDF)
CH32V205,GPIOB,GPIO,OUTDR,0x40010c0c,0x00c,32,1,#,confirmed,evt(ch32v205.h)+rm(CH32V205RM.PDF)+rm-address(CH32V205RM.PDF)
CH32V205,GPIOB,GPIO,BSHR,0x40010c10,0x010,32,1,#,confirmed,evt(ch32v205.h)+rm(CH32V205RM.PDF)+rm-address(CH32V205RM.PDF)
CH32V205,GPIOB,GPIO,BCR,0x40010c14,0x014,32,1,#,confirmed,evt(ch32v205.h)+rm(CH32V205RM.PDF)+rm-address(CH32V205RM.PDF)
CH32V205,GPIOB,GPIO,LCKR,0x40010c18,0x018,32,1,#,confirmed,evt(ch32v205.h)+rm(CH32V205RM.PDF)+rm-address(CH32V205RM.PDF)
CH32V205,GPIOC,GPIO,CFGLR,0x40011000,0x000,32,1,#,confirmed,evt(ch32v205.h)+rm-address(CH32V205RM.PDF)
CH32V205,GPIOC,GPIO,CFGHR,0x40011004,0x004,32,1,#,confirmed,evt(ch32v205.h)+rm-address(CH32V205RM.PDF)
CH32V205,GPIOC,GPIO,INDR,0x40011008,0x008,32,1,#,confirmed,evt(ch32v205.h)+rm(CH32V205RM.PDF)+rm-address(CH32V205RM.PDF)
CH32V205,GPIOC,GPIO,OUTDR,0x4001100c,0x00c,32,1,#,confirmed,evt(ch32v205.h)+rm(CH32V205RM.PDF)+rm-address(CH32V205RM.PDF)
CH32V205,GPIOC,GPIO,BSHR,0x40011010,0x010,32,1,#,confirmed,evt(ch32v205.h)+rm(CH32V205RM.PDF)+rm-address(CH32V205RM.PDF)
CH32V205,GPIOC,GPIO,BCR,0x40011014,0x014,32,1,#,confirmed,evt(ch32v205.h)+rm(CH32V205RM.PDF)+rm-address(CH32V205RM.PDF)
CH32V205,GPIOC,GPIO,LCKR,0x40011018,0x018,32,1,#,confirmed,evt(ch32v205.h)+rm(CH32V205RM.PDF)+rm-address(CH32V205RM.PDF)
CH32V205,GPIOD,GPIO,CFGLR,0x40011400,0x000,32,1,#,confirmed,evt(ch32v205.h)+rm-address(CH32V205RM.PDF)
CH32V205,GPIOD,GPIO,CFGHR,0x40011404,0x004,32,1,#,confirmed,evt(ch32v205.h)+rm-address(CH32V205RM.PDF)
CH32V205,GPIOD,GPIO,INDR,0x40011408,0x008,32,1,#,confirmed,evt(ch32v205.h)+rm(CH32V205RM.PDF)+rm-address(CH32V205RM.PDF)
CH32V205,GPIOD,GPIO,OUTDR,0x4001140c,0x00c,32,1,#,confirmed,evt(ch32v205.h)+rm(CH32V205RM.PDF)+rm-address(CH32V205RM.PDF)
CH32V205,GPIOD,GPIO,BSHR,0x40011410,0x010,32,1,#,confirmed,evt(ch32v205.h)+rm(CH32V205RM.PDF)+rm-address(CH32V205RM.PDF)
CH32V205,GPIOD,GPIO,BCR,0x40011414,0x014,32,1,#,confirmed,evt(ch32v205.h)+rm(CH32V205RM.PDF)+rm-address(CH32V205RM.PDF)
CH32V205,GPIOD,GPIO,LCKR,0x40011418,0x018,32,1,#,confirmed,evt(ch32v205.h)+rm(CH32V205RM.PDF)+rm-address(CH32V205RM.PDF)
CH32V205,GPIOE,GPIO,CFGLR,0x40011800,0x000,32,1,#,confirmed,evt(ch32v205.h)+rm-address(CH32V205RM.PDF)
CH32V205,GPIOE,GPIO,CFGHR,0x40011804,0x004,32,1,#,confirmed,evt(ch32v205.h)+rm-address(CH32V205RM.PDF)
CH32V205,GPIOE,GPIO,INDR,0x40011808,0x008,32,1,#,confirmed,evt(ch32v205.h)+rm(CH32V205RM.PDF)+rm-address(CH32V205RM.PDF)
CH32V205,GPIOE,GPIO,OUTDR,0x4001180c,0x00c,32,1,#,confirmed,evt(ch32v205.h)+rm(CH32V205RM.PDF)+rm-address(CH32V205RM.PDF)
CH32V205,GPIOE,GPIO,BSHR,0x40011810,0x010,32,1,#,confirmed,evt(ch32v205.h)+rm(CH32V205RM.PDF)+rm-address(CH32V205RM.PDF)
CH32V205,GPIOE,GPIO,BCR,0x40011814,0x014,32,1,#,confirmed,evt(ch32v205.h)+rm(CH32V205RM.PDF)+rm-address(CH32V205RM.PDF)
CH32V205,GPIOE,GPIO,LCKR,0x40011818,0x018,32,1,#,confirmed,evt(ch32v205.h)+rm(CH32V205RM.PDF)+rm-address(CH32V205RM.PDF)
CH32V205,ADC1,ADC,STATR,0x40012400,0x000,32,1,#,confirmed,evt(ch32v205.h)+rm(CH32V205RM.PDF)+rm-address(CH32V205RM.PDF)
CH32V205,ADC1,ADC,CTLR1,0x40012404,0x004,32,1,#,confirmed,evt(ch32v205.h)+rm(CH32V205RM.PDF)+rm-address(CH32V205RM.PDF)
CH32V205,ADC1,ADC,CTLR2,0x40012408,0x008,32,1,#,confirmed,evt(ch32v205.h)+rm(CH32V205RM.PDF)+rm-address(CH32V205RM.PDF)
CH32V205,ADC1,ADC,SAMPTR1,0x4001240c,0x00c,32,1,#,confirmed,evt(ch32v205.h)+rm(CH32V205RM.PDF)+rm-address(CH32V205RM.PDF)
CH32V205,ADC1,ADC,SAMPTR2,0x40012410,0x010,32,1,#,confirmed,evt(ch32v205.h)+rm(CH32V205RM.PDF)+rm-address(CH32V205RM.PDF)
CH32V205,ADC1,ADC,IOFR1,0x40012414,0x014,32,1,#,confirmed,evt(ch32v205.h)+rm-address(CH32V205RM.PDF)
CH32V205,ADC1,ADC,IOFR2,0x40012418,0x018,32,1,#,confirmed,evt(ch32v205.h)+rm-address(CH32V205RM.PDF)
CH32V205,ADC1,ADC,IOFR3,0x4001241c,0x01c,32,1,#,confirmed,evt(ch32v205.h)+rm-address(CH32V205RM.PDF)
CH32V205,ADC1,ADC,IOFR4,0x40012420,0x020,32,1,#,confirmed,evt(ch32v205.h)+rm-address(CH32V205RM.PDF)
CH32V205,ADC1,ADC,WDHTR,0x40012424,0x024,32,1,#,confirmed,evt(ch32v205.h)+rm(CH32V205RM.PDF)+rm-address(CH32V205RM.PDF)
CH32V205,ADC1,ADC,WDLTR,0x40012428,0x028,32,1,#,confirmed,evt(ch32v205.h)+rm(CH32V205RM.PDF)+rm-address(CH32V205RM.PDF)
CH32V205,ADC1,ADC,RSQR1,0x4001242c,0x02c,32,1,#,confirmed,evt(ch32v205.h)+rm(CH32V205RM.PDF)+rm-address(CH32V205RM.PDF)
CH32V205,ADC1,ADC,RSQR2,0x40012430,0x030,32,1,#,confirmed,evt(ch32v205.h)+rm(CH32V205RM.PDF)+rm-address(CH32V205RM.PDF)
CH32V205,ADC1,ADC,RSQR3,0x40012434,0x034,32,1,#,confirmed,evt(ch32v205.h)+rm(CH32V205RM.PDF)+rm-address(CH32V205RM.PDF)
CH32V205,ADC1,ADC,ISQR,0x40012438,0x038,32,1,#,confirmed,evt(ch32v205.h)+rm(CH32V205RM.PDF)+rm-address(CH32V205RM.PDF)
CH32V205,ADC1,ADC,IDATAR1,0x4001243c,0x03c,32,1,#,confirmed,evt(ch32v205.h)+rm-address(CH32V205RM.PDF)
CH32V205,ADC1,ADC,IDATAR2,0x40012440,0x040,32,1,#,confirmed,evt(ch32v205.h)+rm-address(CH32V205RM.PDF)
CH32V205,ADC1,ADC,IDATAR3,0x40012444,0x044,32,1,#,confirmed,evt(ch32v205.h)+rm-address(CH32V205RM.PDF)
CH32V205,ADC1,ADC,IDATAR4,0x40012448,0x048,32,1,#,confirmed,evt(ch32v205.h)+rm-address(CH32V205RM.PDF)
CH32V205,ADC1,ADC,RDATAR,0x4001244c,0x04c,32,1,#,confirmed,evt(ch32v205.h)+rm(CH32V205RM.PDF)+rm-address(CH32V205RM.PDF)
CH32V205,TKEY1,TKEY,CTLR,0x40012458,0x000,32,1,#,confirmed,evt(ch32v205.h)+rm-address(CH32V205RM.PDF)
CH32V205,TKEY1,TKEY,TRANS_CFG,0x4001245c,0x004,32,1,#,confirmed,evt(ch32v205.h)+rm-address(CH32V205RM.PDF)
CH32V205,TKEY1,TKEY,CAP_CFG,0x40012460,0x008,32,1,#,reference,evt(ch32v205.h)
CH32V205,TKEY1,TKEY,DRV_CFG,0x40012464,0x00c,32,1,#,reference,evt(ch32v205.h)
CH32V205,TKEY1,TKEY,CDCC,0x40012468,0x010,32,1,#,confirmed,evt(ch32v205.h)+rm-address(CH32V205RM.PDF)
CH32V205,TKEY1,TKEY,SR,0x4001246c,0x014,32,1,#,confirmed,evt(ch32v205.h)+rm-address(CH32V205RM.PDF)
CH32V205,TIM1,TIM,CTLR1,0x40012c00,0x000,16,1,#,confirmed,evt(ch32v205.h)+rm(CH32V205RM.PDF)+rm-address(CH32V205RM.PDF)
CH32V205,TIM1,TIM,CTLR2,0x40012c04,0x004,16,1,#,confirmed,evt(ch32v205.h)+rm(CH32V205RM.PDF)+rm-address(CH32V205RM.PDF)
CH32V205,TIM1,TIM,SMCFGR,0x40012c08,0x008,16,1,#,confirmed,evt(ch32v205.h)+rm(CH32V205RM.PDF)+rm-address(CH32V205RM.PDF)
CH32V205,TIM1,TIM,DMAINTENR,0x40012c0c,0x00c,16,1,#,confirmed,evt(ch32v205.h)+rm(CH32V205RM.PDF)+rm-address(CH32V205RM.PDF)
CH32V205,TIM1,TIM,INTFR,0x40012c10,0x010,16,1,#,confirmed,evt(ch32v205.h)+rm(CH32V205RM.PDF)+rm-address(CH32V205RM.PDF)
CH32V205,TIM1,TIM,SWEVGR,0x40012c14,0x014,16,1,#,confirmed,evt(ch32v205.h)+rm(CH32V205RM.PDF)+rm-address(CH32V205RM.PDF)
CH32V205,TIM1,TIM,CHCTLR1,0x40012c18,0x018,16,1,#,confirmed,evt(ch32v205.h)+rm(CH32V205RM.PDF)+rm-address(CH32V205RM.PDF)
CH32V205,TIM1,TIM,CHCTLR2,0x40012c1c,0x01c,16,1,#,confirmed,evt(ch32v205.h)+rm(CH32V205RM.PDF)+rm-address(CH32V205RM.PDF)
CH32V205,TIM1,TIM,CCER,0x40012c20,0x020,16,1,#,confirmed,evt(ch32v205.h)+rm(CH32V205RM.PDF)+rm-address(CH32V205RM.PDF)
CH32V205,TIM1,TIM,CNT,0x40012c24,0x024,16,1,#,confirmed,evt(ch32v205.h)+rm(CH32V205RM.PDF)+rm-address(CH32V205RM.PDF)
CH32V205,TIM1,TIM,CNT_TIM4,0x40012c24,0x024,32,1,#,reference,evt(ch32v205.h)
CH32V205,TIM1,TIM,PSC,0x40012c28,0x028,16,1,#,confirmed,evt(ch32v205.h)+rm(CH32V205RM.PDF)+rm-address(CH32V205RM.PDF)
CH32V205,TIM1,TIM,ATRLR,0x40012c2c,0x02c,16,1,#,confirmed,evt(ch32v205.h)+rm(CH32V205RM.PDF)+rm-address(CH32V205RM.PDF)
CH32V205,TIM1,TIM,ATRLR_TIM4,0x40012c2c,0x02c,32,1,#,reference,evt(ch32v205.h)
CH32V205,TIM1,TIM,RPTCR,0x40012c30,0x030,16,1,#,confirmed,evt(ch32v205.h)+rm(CH32V205RM.PDF)+rm-address(CH32V205RM.PDF)
CH32V205,TIM1,TIM,CH1CVR,0x40012c34,0x034,32,1,#,confirmed,evt(ch32v205.h)+rm(CH32V205RM.PDF)+rm-address(CH32V205RM.PDF)
CH32V205,TIM1,TIM,CH1CVR_TIM4,0x40012c34,0x034,32,1,#,reference,evt(ch32v205.h)
CH32V205,TIM1,TIM,CH2CVR,0x40012c38,0x038,32,1,#,confirmed,evt(ch32v205.h)+rm(CH32V205RM.PDF)+rm-address(CH32V205RM.PDF)
CH32V205,TIM1,TIM,CH2CVR_TIM4,0x40012c38,0x038,32,1,#,reference,evt(ch32v205.h)
CH32V205,TIM1,TIM,CH3CVR,0x40012c3c,0x03c,32,1,#,confirmed,evt(ch32v205.h)+rm(CH32V205RM.PDF)+rm-address(CH32V205RM.PDF)
CH32V205,TIM1,TIM,CH3CVR_TIM4,0x40012c3c,0x03c,32,1,#,reference,evt(ch32v205.h)
CH32V205,TIM1,TIM,CH4CVR,0x40012c40,0x040,32,1,#,confirmed,evt(ch32v205.h)+rm(CH32V205RM.PDF)+rm-address(CH32V205RM.PDF)
CH32V205,TIM1,TIM,CH4CVR_TIM4,0x40012c40,0x040,32,1,#,reference,evt(ch32v205.h)
CH32V205,TIM1,TIM,BDTR,0x40012c44,0x044,16,1,#,confirmed,evt(ch32v205.h)+rm(CH32V205RM.PDF)+rm-address(CH32V205RM.PDF)
CH32V205,TIM1,TIM,DMACFGR,0x40012c48,0x048,16,1,#,confirmed,evt(ch32v205.h)+rm(CH32V205RM.PDF)+rm-address(CH32V205RM.PDF)
CH32V205,TIM1,TIM,DMAADR,0x40012c4c,0x04c,32,1,#,confirmed,evt(ch32v205.h)+rm(CH32V205RM.PDF)+rm-address(CH32V205RM.PDF)
CH32V205,SPI1,SPI,CTLR1,0x40013000,0x000,16,1,#,confirmed,evt(ch32v205.h)+rm(CH32V205RM.PDF)+rm-address(CH32V205RM.PDF)
CH32V205,SPI1,SPI,CTLR2,0x40013004,0x004,16,1,#,confirmed,evt(ch32v205.h)+rm(CH32V205RM.PDF)+rm-address(CH32V205RM.PDF)
CH32V205,SPI1,SPI,STATR,0x40013008,0x008,16,1,#,confirmed,evt(ch32v205.h)+rm(CH32V205RM.PDF)+rm-address(CH32V205RM.PDF)
CH32V205,SPI1,SPI,DATAR,0x4001300c,0x00c,16,1,#,confirmed,evt(ch32v205.h)+rm(CH32V205RM.PDF)+rm-address(CH32V205RM.PDF)
CH32V205,SPI1,SPI,CRCR,0x40013010,0x010,16,1,#,confirmed,evt(ch32v205.h)+rm(CH32V205RM.PDF)+rm-address(CH32V205RM.PDF)
CH32V205,SPI1,SPI,RCRCR,0x40013014,0x014,16,1,#,confirmed,evt(ch32v205.h)+rm(CH32V205RM.PDF)+rm-address(CH32V205RM.PDF)
CH32V205,SPI1,SPI,TCRCR,0x40013018,0x018,16,1,#,confirmed,evt(ch32v205.h)+rm(CH32V205RM.PDF)+rm-address(CH32V205RM.PDF)
CH32V205,SPI1,SPI,HSCR,0x40013024,0x024,16,1,#,confirmed,evt(ch32v205.h)+rm(CH32V205RM.PDF)+rm-address(CH32V205RM.PDF)
CH32V205,USART1,USART,STATR,0x40013800,0x000,16,1,#,confirmed,evt(ch32v205.h)+rm(CH32V205RM.PDF)+rm-address(CH32V205RM.PDF)
CH32V205,USART1,USART,DATAR,0x40013804,0x004,16,1,#,confirmed,evt(ch32v205.h)+rm(CH32V205RM.PDF)+rm-address(CH32V205RM.PDF)
CH32V205,USART1,USART,BRR,0x40013808,0x008,16,1,#,confirmed,evt(ch32v205.h)+rm(CH32V205RM.PDF)+rm-address(CH32V205RM.PDF)
CH32V205,USART1,USART,CTLR1,0x4001380c,0x00c,16,1,#,confirmed,evt(ch32v205.h)+rm(CH32V205RM.PDF)+rm-address(CH32V205RM.PDF)
CH32V205,USART1,USART,CTLR2,0x40013810,0x010,16,1,#,confirmed,evt(ch32v205.h)+rm(CH32V205RM.PDF)+rm-address(CH32V205RM.PDF)
CH32V205,USART1,USART,CTLR3,0x40013814,0x014,16,1,#,confirmed,evt(ch32v205.h)+rm(CH32V205RM.PDF)+rm-address(CH32V205RM.PDF)
CH32V205,USART1,USART,GPR,0x40013818,0x018,16,1,#,confirmed,evt(ch32v205.h)+rm(CH32V205RM.PDF)+rm-address(CH32V205RM.PDF)
CH32V205,DMA1,DMA,INTFR,0x40020000,0x000,32,1,#,confirmed,evt(ch32v205.h)+rm-address(CH32V205RM.PDF)
CH32V205,DMA1,DMA,INTFCR,0x40020004,0x004,32,1,#,confirmed,evt(ch32v205.h)+rm-address(CH32V205RM.PDF)
CH32V205,DMA1_Channel1,DMA_Channel,CFGR,0x40020008,0x000,32,1,#,confirmed,evt(ch32v205.h)+rm-address(CH32V205RM.PDF)
CH32V205,DMA1_Channel1,DMA_Channel,CNTR,0x4002000c,0x004,32,1,#,confirmed,evt(ch32v205.h)+rm-address(CH32V205RM.PDF)
CH32V205,DMA1_Channel1,DMA_Channel,PADDR,0x40020010,0x008,32,1,#,confirmed,evt(ch32v205.h)+rm-address(CH32V205RM.PDF)
CH32V205,DMA1_Channel1,DMA_Channel,MADDR,0x40020014,0x00c,32,1,#,confirmed,evt(ch32v205.h)+rm-address(CH32V205RM.PDF)
CH32V205,DMA1_Channel1,DMA_Channel,M1ADDR,0x40020018,0x010,32,1,#,reference,evt(ch32v205.h)
CH32V205,DMA1_Channel2,DMA_Channel,CFGR,0x4002001c,0x000,32,1,#,confirmed,evt(ch32v205.h)+rm-address(CH32V205RM.PDF)
CH32V205,DMA1_Channel2,DMA_Channel,CNTR,0x40020020,0x004,32,1,#,confirmed,evt(ch32v205.h)+rm-address(CH32V205RM.PDF)
CH32V205,DMA1_Channel2,DMA_Channel,PADDR,0x40020024,0x008,32,1,#,confirmed,evt(ch32v205.h)+rm-address(CH32V205RM.PDF)
CH32V205,DMA1_Channel2,DMA_Channel,MADDR,0x40020028,0x00c,32,1,#,confirmed,evt(ch32v205.h)+rm-address(CH32V205RM.PDF)
CH32V205,DMA1_Channel2,DMA_Channel,M1ADDR,0x4002002c,0x010,32,1,#,reference,evt(ch32v205.h)
CH32V205,DMA1_Channel3,DMA_Channel,CFGR,0x40020030,0x000,32,1,#,confirmed,evt(ch32v205.h)+rm-address(CH32V205RM.PDF)
CH32V205,DMA1_Channel3,DMA_Channel,CNTR,0x40020034,0x004,32,1,#,confirmed,evt(ch32v205.h)+rm-address(CH32V205RM.PDF)
CH32V205,DMA1_Channel3,DMA_Channel,PADDR,0x40020038,0x008,32,1,#,confirmed,evt(ch32v205.h)+rm-address(CH32V205RM.PDF)
CH32V205,DMA1_Channel3,DMA_Channel,MADDR,0x4002003c,0x00c,32,1,#,confirmed,evt(ch32v205.h)+rm-address(CH32V205RM.PDF)
CH32V205,DMA1_Channel3,DMA_Channel,M1ADDR,0x40020040,0x010,32,1,#,reference,evt(ch32v205.h)
CH32V205,DMA1_Channel4,DMA_Channel,CFGR,0x40020044,0x000,32,1,#,confirmed,evt(ch32v205.h)+rm-address(CH32V205RM.PDF)
CH32V205,DMA1_Channel4,DMA_Channel,CNTR,0x40020048,0x004,32,1,#,confirmed,evt(ch32v205.h)+rm-address(CH32V205RM.PDF)
CH32V205,DMA1_Channel4,DMA_Channel,PADDR,0x4002004c,0x008,32,1,#,confirmed,evt(ch32v205.h)+rm-address(CH32V205RM.PDF)
CH32V205,DMA1_Channel4,DMA_Channel,MADDR,0x40020050,0x00c,32,1,#,confirmed,evt(ch32v205.h)+rm-address(CH32V205RM.PDF)
CH32V205,DMA1_Channel4,DMA_Channel,M1ADDR,0x40020054,0x010,32,1,#,reference,evt(ch32v205.h)
CH32V205,DMA1_Channel5,DMA_Channel,CFGR,0x40020058,0x000,32,1,#,confirmed,evt(ch32v205.h)+rm-address(CH32V205RM.PDF)
CH32V205,DMA1_Channel5,DMA_Channel,CNTR,0x4002005c,0x004,32,1,#,confirmed,evt(ch32v205.h)+rm-address(CH32V205RM.PDF)
CH32V205,DMA1_Channel5,DMA_Channel,PADDR,0x40020060,0x008,32,1,#,confirmed,evt(ch32v205.h)+rm-address(CH32V205RM.PDF)
CH32V205,DMA1_Channel5,DMA_Channel,MADDR,0x40020064,0x00c,32,1,#,confirmed,evt(ch32v205.h)+rm-address(CH32V205RM.PDF)
CH32V205,DMA1_Channel5,DMA_Channel,M1ADDR,0x40020068,0x010,32,1,#,reference,evt(ch32v205.h)
CH32V205,DMA1_Channel6,DMA_Channel,CFGR,0x4002006c,0x000,32,1,#,confirmed,evt(ch32v205.h)+rm-address(CH32V205RM.PDF)
CH32V205,DMA1_Channel6,DMA_Channel,CNTR,0x40020070,0x004,32,1,#,confirmed,evt(ch32v205.h)+rm-address(CH32V205RM.PDF)
CH32V205,DMA1_Channel6,DMA_Channel,PADDR,0x40020074,0x008,32,1,#,confirmed,evt(ch32v205.h)+rm-address(CH32V205RM.PDF)
CH32V205,DMA1_Channel6,DMA_Channel,MADDR,0x40020078,0x00c,32,1,#,confirmed,evt(ch32v205.h)+rm-address(CH32V205RM.PDF)
CH32V205,DMA1_Channel6,DMA_Channel,M1ADDR,0x4002007c,0x010,32,1,#,reference,evt(ch32v205.h)
CH32V205,DMA1_Channel7,DMA_Channel,CFGR,0x40020080,0x000,32,1,#,confirmed,evt(ch32v205.h)+rm-address(CH32V205RM.PDF)
CH32V205,DMA1_Channel7,DMA_Channel,CNTR,0x40020084,0x004,32,1,#,confirmed,evt(ch32v205.h)+rm-address(CH32V205RM.PDF)
CH32V205,DMA1_Channel7,DMA_Channel,PADDR,0x40020088,0x008,32,1,#,confirmed,evt(ch32v205.h)+rm-address(CH32V205RM.PDF)
CH32V205,DMA1_Channel7,DMA_Channel,MADDR,0x4002008c,0x00c,32,1,#,confirmed,evt(ch32v205.h)+rm-address(CH32V205RM.PDF)
CH32V205,DMA1_Channel7,DMA_Channel,M1ADDR,0x40020090,0x010,32,1,#,reference,evt(ch32v205.h)
CH32V205,DMA1_Channel8,DMA_Channel,CFGR,0x40020094,0x000,32,1,#,confirmed,evt(ch32v205.h)+rm-address(CH32V205RM.PDF)
CH32V205,DMA1_Channel8,DMA_Channel,CNTR,0x40020098,0x004,32,1,#,confirmed,evt(ch32v205.h)+rm-address(CH32V205RM.PDF)
CH32V205,DMA1_Channel8,DMA_Channel,PADDR,0x4002009c,0x008,32,1,#,confirmed,evt(ch32v205.h)+rm-address(CH32V205RM.PDF)
CH32V205,DMA1_Channel8,DMA_Channel,MADDR,0x400200a0,0x00c,32,1,#,confirmed,evt(ch32v205.h)+rm-address(CH32V205RM.PDF)
CH32V205,DMA1_Channel8,DMA_Channel,M1ADDR,0x400200a4,0x010,32,1,#,reference,evt(ch32v205.h)
CH32V205,DMA2,DMA,INTFR,0x40020400,0x000,32,1,#,confirmed,evt(ch32v205.h)+rm-address(CH32V205RM.PDF)
CH32V205,DMA2,DMA,INTFCR,0x40020404,0x004,32,1,#,confirmed,evt(ch32v205.h)+rm-address(CH32V205RM.PDF)
CH32V205,DMA2_Channel1,DMA_Channel,CFGR,0x40020408,0x000,32,1,#,confirmed,evt(ch32v205.h)+rm-address(CH32V205RM.PDF)
CH32V205,DMA2_Channel1,DMA_Channel,CNTR,0x4002040c,0x004,32,1,#,confirmed,evt(ch32v205.h)+rm-address(CH32V205RM.PDF)
CH32V205,DMA2_Channel1,DMA_Channel,PADDR,0x40020410,0x008,32,1,#,confirmed,evt(ch32v205.h)+rm-address(CH32V205RM.PDF)
CH32V205,DMA2_Channel1,DMA_Channel,MADDR,0x40020414,0x00c,32,1,#,confirmed,evt(ch32v205.h)+rm-address(CH32V205RM.PDF)
CH32V205,DMA2_Channel1,DMA_Channel,M1ADDR,0x40020418,0x010,32,1,#,reference,evt(ch32v205.h)
CH32V205,DMA2_Channel2,DMA_Channel,CFGR,0x4002041c,0x000,32,1,#,confirmed,evt(ch32v205.h)+rm-address(CH32V205RM.PDF)
CH32V205,DMA2_Channel2,DMA_Channel,CNTR,0x40020420,0x004,32,1,#,confirmed,evt(ch32v205.h)+rm-address(CH32V205RM.PDF)
CH32V205,DMA2_Channel2,DMA_Channel,PADDR,0x40020424,0x008,32,1,#,confirmed,evt(ch32v205.h)+rm-address(CH32V205RM.PDF)
CH32V205,DMA2_Channel2,DMA_Channel,MADDR,0x40020428,0x00c,32,1,#,confirmed,evt(ch32v205.h)+rm-address(CH32V205RM.PDF)
CH32V205,DMA2_Channel2,DMA_Channel,M1ADDR,0x4002042c,0x010,32,1,#,reference,evt(ch32v205.h)
CH32V205,DMA2_Channel3,DMA_Channel,CFGR,0x40020430,0x000,32,1,#,confirmed,evt(ch32v205.h)+rm-address(CH32V205RM.PDF)
CH32V205,DMA2_Channel3,DMA_Channel,CNTR,0x40020434,0x004,32,1,#,confirmed,evt(ch32v205.h)+rm-address(CH32V205RM.PDF)
CH32V205,DMA2_Channel3,DMA_Channel,PADDR,0x40020438,0x008,32,1,#,confirmed,evt(ch32v205.h)+rm-address(CH32V205RM.PDF)
CH32V205,DMA2_Channel3,DMA_Channel,MADDR,0x4002043c,0x00c,32,1,#,confirmed,evt(ch32v205.h)+rm-address(CH32V205RM.PDF)
CH32V205,DMA2_Channel3,DMA_Channel,M1ADDR,0x40020440,0x010,32,1,#,reference,evt(ch32v205.h)
CH32V205,DMA2_Channel4,DMA_Channel,CFGR,0x40020444,0x000,32,1,#,confirmed,evt(ch32v205.h)+rm-address(CH32V205RM.PDF)
CH32V205,DMA2_Channel4,DMA_Channel,CNTR,0x40020448,0x004,32,1,#,confirmed,evt(ch32v205.h)+rm-address(CH32V205RM.PDF)
CH32V205,DMA2_Channel4,DMA_Channel,PADDR,0x4002044c,0x008,32,1,#,confirmed,evt(ch32v205.h)+rm-address(CH32V205RM.PDF)
CH32V205,DMA2_Channel4,DMA_Channel,MADDR,0x40020450,0x00c,32,1,#,confirmed,evt(ch32v205.h)+rm-address(CH32V205RM.PDF)
CH32V205,DMA2_Channel4,DMA_Channel,M1ADDR,0x40020454,0x010,32,1,#,reference,evt(ch32v205.h)
CH32V205,DMA2_Channel5,DMA_Channel,CFGR,0x40020458,0x000,32,1,#,confirmed,evt(ch32v205.h)+rm-address(CH32V205RM.PDF)
CH32V205,DMA2_Channel5,DMA_Channel,CNTR,0x4002045c,0x004,32,1,#,confirmed,evt(ch32v205.h)+rm-address(CH32V205RM.PDF)
CH32V205,DMA2_Channel5,DMA_Channel,PADDR,0x40020460,0x008,32,1,#,confirmed,evt(ch32v205.h)+rm-address(CH32V205RM.PDF)
CH32V205,DMA2_Channel5,DMA_Channel,MADDR,0x40020464,0x00c,32,1,#,confirmed,evt(ch32v205.h)+rm-address(CH32V205RM.PDF)
CH32V205,DMA2_Channel5,DMA_Channel,M1ADDR,0x40020468,0x010,32,1,#,reference,evt(ch32v205.h)
CH32V205,DMA2_Channel6,DMA_Channel,CFGR,0x4002046c,0x000,32,1,#,confirmed,evt(ch32v205.h)+rm-address(CH32V205RM.PDF)
CH32V205,DMA2_Channel6,DMA_Channel,CNTR,0x40020470,0x004,32,1,#,confirmed,evt(ch32v205.h)+rm-address(CH32V205RM.PDF)
CH32V205,DMA2_Channel6,DMA_Channel,PADDR,0x40020474,0x008,32,1,#,confirmed,evt(ch32v205.h)+rm-address(CH32V205RM.PDF)
CH32V205,DMA2_Channel6,DMA_Channel,MADDR,0x40020478,0x00c,32,1,#,confirmed,evt(ch32v205.h)+rm-address(CH32V205RM.PDF)
CH32V205,DMA2_Channel6,DMA_Channel,M1ADDR,0x4002047c,0x010,32,1,#,reference,evt(ch32v205.h)
CH32V205,DMA2_Channel7,DMA_Channel,CFGR,0x40020480,0x000,32,1,#,confirmed,evt(ch32v205.h)+rm-address(CH32V205RM.PDF)
CH32V205,DMA2_Channel7,DMA_Channel,CNTR,0x40020484,0x004,32,1,#,confirmed,evt(ch32v205.h)+rm-address(CH32V205RM.PDF)
CH32V205,DMA2_Channel7,DMA_Channel,PADDR,0x40020488,0x008,32,1,#,confirmed,evt(ch32v205.h)+rm-address(CH32V205RM.PDF)
CH32V205,DMA2_Channel7,DMA_Channel,MADDR,0x4002048c,0x00c,32,1,#,confirmed,evt(ch32v205.h)+rm-address(CH32V205RM.PDF)
CH32V205,DMA2_Channel7,DMA_Channel,M1ADDR,0x40020490,0x010,32,1,#,reference,evt(ch32v205.h)
CH32V205,DMA2_Channel8,DMA_Channel,CFGR,0x40020494,0x000,32,1,#,confirmed,evt(ch32v205.h)+rm-address(CH32V205RM.PDF)
CH32V205,DMA2_Channel8,DMA_Channel,CNTR,0x40020498,0x004,32,1,#,confirmed,evt(ch32v205.h)+rm-address(CH32V205RM.PDF)
CH32V205,DMA2_Channel8,DMA_Channel,PADDR,0x4002049c,0x008,32,1,#,confirmed,evt(ch32v205.h)+rm-address(CH32V205RM.PDF)
CH32V205,DMA2_Channel8,DMA_Channel,MADDR,0x400204a0,0x00c,32,1,#,confirmed,evt(ch32v205.h)+rm-address(CH32V205RM.PDF)
CH32V205,DMA2_Channel8,DMA_Channel,M1ADDR,0x400204a4,0x010,32,1,#,reference,evt(ch32v205.h)
CH32V205,RCC,RCC,CTLR,0x40021000,0x000,32,1,#,confirmed,evt(ch32v205.h)+rm(CH32V205RM.PDF)+rm-address(CH32V205RM.PDF)
CH32V205,RCC,RCC,CFGR0,0x40021004,0x004,32,1,#,confirmed,evt(ch32v205.h)+rm(CH32V205RM.PDF)+rm-address(CH32V205RM.PDF)
CH32V205,RCC,RCC,INTR,0x40021008,0x008,32,1,#,confirmed,evt(ch32v205.h)+rm(CH32V205RM.PDF)+rm-address(CH32V205RM.PDF)
CH32V205,RCC,RCC,PB2PRSTR,0x4002100c,0x00c,32,1,#,confirmed,evt(ch32v205.h)+rm(CH32V205RM.PDF)+rm-address(CH32V205RM.PDF)
CH32V205,RCC,RCC,PB1PRSTR,0x40021010,0x010,32,1,#,confirmed,evt(ch32v205.h)+rm(CH32V205RM.PDF)+rm-address(CH32V205RM.PDF)
CH32V205,RCC,RCC,HBPCENR,0x40021014,0x014,32,1,#,confirmed,evt(ch32v205.h)+rm(CH32V205RM.PDF)+rm-address(CH32V205RM.PDF)
CH32V205,RCC,RCC,PB2PCENR,0x40021018,0x018,32,1,#,confirmed,evt(ch32v205.h)+rm(CH32V205RM.PDF)+rm-address(CH32V205RM.PDF)
CH32V205,RCC,RCC,PB1PCENR,0x4002101c,0x01c,32,1,#,confirmed,evt(ch32v205.h)+rm(CH32V205RM.PDF)+rm-address(CH32V205RM.PDF)
CH32V205,RCC,RCC,BDCTLR,0x40021020,0x020,32,1,#,confirmed,evt(ch32v205.h)+rm(CH32V205RM.PDF)+rm-address(CH32V205RM.PDF)
CH32V205,RCC,RCC,RSTSCKR,0x40021024,0x024,32,1,#,confirmed,evt(ch32v205.h)+rm(CH32V205RM.PDF)+rm-address(CH32V205RM.PDF)
CH32V205,RCC,RCC,HBRSTR,0x40021028,0x028,32,1,#,confirmed,evt(ch32v205.h)+rm(CH32V205RM.PDF)+rm-address(CH32V205RM.PDF)
CH32V205,RCC,RCC,CFGR2,0x4002102c,0x02c,32,1,#,confirmed,evt(ch32v205.h)+rm(CH32V205RM.PDF)+rm-address(CH32V205RM.PDF)
CH32V205,FLASH,FLASH,ACTLR,0x40022000,0x000,32,1,#,confirmed,evt(ch32v205.h)+rm(CH32V205RM.PDF)+rm-address(CH32V205RM.PDF)
CH32V205,FLASH,FLASH,KEYR,0x40022004,0x004,32,1,#,confirmed,evt(ch32v205.h)+rm(CH32V205RM.PDF)+rm-address(CH32V205RM.PDF)
CH32V205,FLASH,FLASH,OBKEYR,0x40022008,0x008,32,1,#,confirmed,evt(ch32v205.h)+rm(CH32V205RM.PDF)+rm-address(CH32V205RM.PDF)
CH32V205,FLASH,FLASH,STATR,0x4002200c,0x00c,32,1,#,confirmed,evt(ch32v205.h)+rm(CH32V205RM.PDF)+rm-address(CH32V205RM.PDF)
CH32V205,FLASH,FLASH,CTLR,0x40022010,0x010,32,1,#,confirmed,evt(ch32v205.h)+rm(CH32V205RM.PDF)+rm-address(CH32V205RM.PDF)
CH32V205,FLASH,FLASH,ADDR,0x40022014,0x014,32,1,#,confirmed,evt(ch32v205.h)+rm(CH32V205RM.PDF)+rm-address(CH32V205RM.PDF)
CH32V205,FLASH,FLASH,OBR,0x4002201c,0x01c,32,1,#,confirmed,evt(ch32v205.h)+rm(CH32V205RM.PDF)+rm-address(CH32V205RM.PDF)
CH32V205,FLASH,FLASH,WPR,0x40022020,0x020,32,1,#,confirmed,evt(ch32v205.h)+rm(CH32V205RM.PDF)+rm-address(CH32V205RM.PDF)
CH32V205,FLASH,FLASH,MODEKEYR,0x40022024,0x024,32,1,#,confirmed,evt(ch32v205.h)+rm(CH32V205RM.PDF)+rm-address(CH32V205RM.PDF)
CH32V205,CRC,CRC,DATAR,0x40023000,0x000,32,1,#,confirmed,evt(ch32v205.h)+rm(CH32V205RM.PDF)+rm-address(CH32V205RM.PDF)
CH32V205,CRC,CRC,IDATAR,0x40023004,0x004,8,1,#,confirmed,evt(ch32v205.h)+rm(CH32V205RM.PDF)+rm-address(CH32V205RM.PDF)
CH32V205,CRC,CRC,CTLR,0x40023008,0x008,32,1,#,confirmed,evt(ch32v205.h)+rm(CH32V205RM.PDF)+rm-address(CH32V205RM.PDF)
CH32V205,USBHSD,USBHSD,CONTROL,0x40023400,0x000,8,1,#,reference,evt(ch32v205.h)
CH32V205,USBHSD,USBHSD,BASE_MODE,0x40023401,0x001,8,1,#,reference,evt(ch32v205.h)
CH32V205,USBHSD,USBHSD,INT_EN,0x40023402,0x002,8,1,#,reference,evt(ch32v205.h)
CH32V205,USBHSD,USBHSD,DEV_AD,0x40023403,0x003,8,1,#,reference,evt(ch32v205.h)
CH32V205,USBHSD,USBHSD,WAKE_CTRL,0x40023404,0x004,8,1,#,reference,evt(ch32v205.h)
CH32V205,USBHSD,USBHSD,TEST_MODE,0x40023405,0x005,8,1,#,reference,evt(ch32v205.h)
CH32V205,USBHSD,USBHSD,LPM_DATA,0x40023406,0x006,16,1,#,reference,evt(ch32v205.h)
CH32V205,USBHSD,USBHSD,INT_FG,0x40023408,0x008,8,1,#,reference,evt(ch32v205.h)
CH32V205,USBHSD,USBHSD,INT_ST,0x40023409,0x009,8,1,#,reference,evt(ch32v205.h)
CH32V205,USBHSD,USBHSD,MIS_ST,0x4002340a,0x00a,8,1,#,reference,evt(ch32v205.h)
CH32V205,USBHSD,USBHSD,FRAME_NO,0x4002340c,0x00c,16,1,#,reference,evt(ch32v205.h)
CH32V205,USBHSD,USBHSD,BUS,0x4002340e,0x00e,16,1,#,reference,evt(ch32v205.h)
CH32V205,USBHSD,USBHSD,UEP_TX_EN,0x40023410,0x010,16,1,#,reference,evt(ch32v205.h)
CH32V205,USBHSD,USBHSD,UEP_RX_EN,0x40023412,0x012,16,1,#,reference,evt(ch32v205.h)
CH32V205,USBHSD,USBHSD,UEP_TX_TOG_AUTO,0x40023414,0x014,16,1,#,reference,evt(ch32v205.h)
CH32V205,USBHSD,USBHSD,UEP_RX_TOG_AUTO,0x40023416,0x016,16,1,#,reference,evt(ch32v205.h)
CH32V205,USBHSD,USBHSD,UEP_TX_BURST,0x40023418,0x018,8,1,#,reference,evt(ch32v205.h)
CH32V205,USBHSD,USBHSD,UEP_TX_BURST_MODE,0x40023419,0x019,8,1,#,reference,evt(ch32v205.h)
CH32V205,USBHSD,USBHSD,UEP_RX_BURST,0x4002341a,0x01a,8,1,#,reference,evt(ch32v205.h)
CH32V205,USBHSD,USBHSD,UEP_RX_RES_MODE,0x4002341b,0x01b,8,1,#,reference,evt(ch32v205.h)
CH32V205,USBHSD,USBHSD,UEP_AF_MODE,0x4002341c,0x01c,32,1,#,reference,evt(ch32v205.h)
CH32V205,USBHSD,USBHSD,UEP0_DMA,0x40023420,0x020,32,1,#,reference,evt(ch32v205.h)
CH32V205,USBHSD,USBHSD,UEP1_RX_DMA,0x40023424,0x024,32,1,#,reference,evt(ch32v205.h)
CH32V205,USBHSD,USBHSD,UEP2_RX_DMA,0x40023428,0x028,32,1,#,reference,evt(ch32v205.h)
CH32V205,USBHSD,USBHSD,UEP3_RX_DMA,0x4002342c,0x02c,32,1,#,reference,evt(ch32v205.h)
CH32V205,USBHSD,USBHSD,UEP4_RX_DMA,0x40023430,0x030,32,1,#,reference,evt(ch32v205.h)
CH32V205,USBHSD,USBHSD,UEP5_RX_DMA,0x40023434,0x034,32,1,#,reference,evt(ch32v205.h)
CH32V205,USBHSD,USBHSD,UEP6_RX_DMA,0x40023438,0x038,32,1,#,reference,evt(ch32v205.h)
CH32V205,USBHSD,USBHSD,UEP7_RX_DMA,0x4002343c,0x03c,32,1,#,reference,evt(ch32v205.h)
CH32V205,USBHSD,USBHSD,UEP1_TX_DMA,0x40023440,0x040,32,1,#,reference,evt(ch32v205.h)
CH32V205,USBHSD,USBHSD,UEP2_TX_DMA,0x40023444,0x044,32,1,#,reference,evt(ch32v205.h)
CH32V205,USBHSD,USBHSD,UEP3_TX_DMA,0x40023448,0x048,32,1,#,reference,evt(ch32v205.h)
CH32V205,USBHSD,USBHSD,UEP4_TX_DMA,0x4002344c,0x04c,32,1,#,reference,evt(ch32v205.h)
CH32V205,USBHSD,USBHSD,UEP5_TX_DMA,0x40023450,0x050,32,1,#,reference,evt(ch32v205.h)
CH32V205,USBHSD,USBHSD,UEP6_TX_DMA,0x40023454,0x054,32,1,#,reference,evt(ch32v205.h)
CH32V205,USBHSD,USBHSD,UEP7_TX_DMA,0x40023458,0x058,32,1,#,reference,evt(ch32v205.h)
CH32V205,USBHSD,USBHSD,UEP0_MAX_LEN,0x4002345c,0x05c,32,1,#,reference,evt(ch32v205.h)
CH32V205,USBHSD,USBHSD,UEP1_MAX_LEN,0x40023460,0x060,32,1,#,reference,evt(ch32v205.h)
CH32V205,USBHSD,USBHSD,UEP2_MAX_LEN,0x40023464,0x064,32,1,#,reference,evt(ch32v205.h)
CH32V205,USBHSD,USBHSD,UEP3_MAX_LEN,0x40023468,0x068,32,1,#,reference,evt(ch32v205.h)
CH32V205,USBHSD,USBHSD,UEP4_MAX_LEN,0x4002346c,0x06c,32,1,#,reference,evt(ch32v205.h)
CH32V205,USBHSD,USBHSD,UEP5_MAX_LEN,0x40023470,0x070,32,1,#,reference,evt(ch32v205.h)
CH32V205,USBHSD,USBHSD,UEP6_MAX_LEN,0x40023474,0x074,32,1,#,reference,evt(ch32v205.h)
CH32V205,USBHSD,USBHSD,UEP7_MAX_LEN,0x40023478,0x078,32,1,#,reference,evt(ch32v205.h)
CH32V205,USBHSD,USBHSD,UEP0_RX_LEN,0x4002347c,0x07c,16,1,#,reference,evt(ch32v205.h)
CH32V205,USBHSD,USBHSD,UEP1_RX_LEN,0x40023480,0x080,16,1,#,reference,evt(ch32v205.h)
CH32V205,USBHSD,USBHSD,UEP1_RX_SIZE,0x40023482,0x082,16,1,#,reference,evt(ch32v205.h)
CH32V205,USBHSD,USBHSD,UEP2_RX_LEN,0x40023484,0x084,16,1,#,reference,evt(ch32v205.h)
CH32V205,USBHSD,USBHSD,UEP2_RX_SIZE,0x40023486,0x086,16,1,#,reference,evt(ch32v205.h)
CH32V205,USBHSD,USBHSD,UEP3_RX_LEN,0x40023488,0x088,16,1,#,reference,evt(ch32v205.h)
CH32V205,USBHSD,USBHSD,UEP3_RX_SIZE,0x4002348a,0x08a,16,1,#,reference,evt(ch32v205.h)
CH32V205,USBHSD,USBHSD,UEP4_RX_LEN,0x4002348c,0x08c,16,1,#,reference,evt(ch32v205.h)
CH32V205,USBHSD,USBHSD,UEP4_RX_SIZE,0x4002348e,0x08e,16,1,#,reference,evt(ch32v205.h)
CH32V205,USBHSD,USBHSD,UEP5_RX_LEN,0x40023490,0x090,16,1,#,reference,evt(ch32v205.h)
CH32V205,USBHSD,USBHSD,UEP5_RX_SIZE,0x40023492,0x092,16,1,#,reference,evt(ch32v205.h)
CH32V205,USBHSD,USBHSD,UEP6_RX_LEN,0x40023494,0x094,16,1,#,reference,evt(ch32v205.h)
CH32V205,USBHSD,USBHSD,UEP6_RX_SIZE,0x40023496,0x096,16,1,#,reference,evt(ch32v205.h)
CH32V205,USBHSD,USBHSD,UEP7_RX_LEN,0x40023498,0x098,16,1,#,reference,evt(ch32v205.h)
CH32V205,USBHSD,USBHSD,UEP7_RX_SIZE,0x4002349a,0x09a,16,1,#,reference,evt(ch32v205.h)
CH32V205,USBHSD,USBHSD,UEP0_TX_LEN,0x4002349c,0x09c,16,1,#,reference,evt(ch32v205.h)
CH32V205,USBHSD,USBHSD,UEP0_TX_CTRL,0x4002349e,0x09e,8,1,#,reference,evt(ch32v205.h)
CH32V205,USBHSD,USBHSD,UEP0_RX_CTRL,0x4002349f,0x09f,8,1,#,reference,evt(ch32v205.h)
CH32V205,USBHSD,USBHSD,UEP1_TX_LEN,0x400234a0,0x0a0,16,1,#,reference,evt(ch32v205.h)
CH32V205,USBHSD,USBHSD,UEP1_TX_CTRL,0x400234a2,0x0a2,8,1,#,reference,evt(ch32v205.h)
CH32V205,USBHSD,USBHSD,UEP1_RX_CTRL,0x400234a3,0x0a3,8,1,#,reference,evt(ch32v205.h)
CH32V205,USBHSD,USBHSD,UEP2_TX_LEN,0x400234a4,0x0a4,16,1,#,reference,evt(ch32v205.h)
CH32V205,USBHSD,USBHSD,UEP2_TX_CTRL,0x400234a6,0x0a6,8,1,#,reference,evt(ch32v205.h)
CH32V205,USBHSD,USBHSD,UEP2_RX_CTRL,0x400234a7,0x0a7,8,1,#,reference,evt(ch32v205.h)
CH32V205,USBHSD,USBHSD,UEP3_TX_LEN,0x400234a8,0x0a8,16,1,#,reference,evt(ch32v205.h)
CH32V205,USBHSD,USBHSD,UEP3_TX_CTRL,0x400234aa,0x0aa,8,1,#,reference,evt(ch32v205.h)
CH32V205,USBHSD,USBHSD,UEP3_RX_CTRL,0x400234ab,0x0ab,8,1,#,reference,evt(ch32v205.h)
CH32V205,USBHSD,USBHSD,UEP4_TX_LEN,0x400234ac,0x0ac,16,1,#,reference,evt(ch32v205.h)
CH32V205,USBHSD,USBHSD,UEP4_TX_CTRL,0x400234ae,0x0ae,8,1,#,reference,evt(ch32v205.h)
CH32V205,USBHSD,USBHSD,UEP4_RX_CTRL,0x400234af,0x0af,8,1,#,reference,evt(ch32v205.h)
CH32V205,USBHSD,USBHSD,UEP5_TX_LEN,0x400234b0,0x0b0,16,1,#,reference,evt(ch32v205.h)
CH32V205,USBHSD,USBHSD,UEP5_TX_CTRL,0x400234b2,0x0b2,8,1,#,reference,evt(ch32v205.h)
CH32V205,USBHSD,USBHSD,UEP5_RX_CTRL,0x400234b3,0x0b3,8,1,#,reference,evt(ch32v205.h)
CH32V205,USBHSD,USBHSD,UEP6_TX_LEN,0x400234b4,0x0b4,16,1,#,reference,evt(ch32v205.h)
CH32V205,USBHSD,USBHSD,UEP6_TX_CTRL,0x400234b6,0x0b6,8,1,#,reference,evt(ch32v205.h)
CH32V205,USBHSD,USBHSD,UEP6_RX_CTRL,0x400234b7,0x0b7,8,1,#,reference,evt(ch32v205.h)
CH32V205,USBHSD,USBHSD,UEP7_TX_LEN,0x400234b8,0x0b8,16,1,#,reference,evt(ch32v205.h)
CH32V205,USBHSD,USBHSD,UEP7_TX_CTRL,0x400234ba,0x0ba,8,1,#,reference,evt(ch32v205.h)
CH32V205,USBHSD,USBHSD,UEP7_RX_CTRL,0x400234bb,0x0bb,8,1,#,reference,evt(ch32v205.h)
CH32V205,USBHSD,USBHSD,UEP_TX_ISO,0x400234bc,0x0bc,16,1,#,reference,evt(ch32v205.h)
CH32V205,USBHSD,USBHSD,UEP_RX_ISO,0x400234be,0x0be,16,1,#,reference,evt(ch32v205.h)
CH32V205,USBHSD,USBHSD,UEP1_RX_FIFO,0x400234c0,0x0c0,32,1,#,reference,evt(ch32v205.h)
CH32V205,USBHSD,USBHSD,UEP2_RX_FIFO,0x400234c4,0x0c4,32,1,#,reference,evt(ch32v205.h)
CH32V205,USBHSD,USBHSD,UEP3_RX_FIFO,0x400234c8,0x0c8,32,1,#,reference,evt(ch32v205.h)
CH32V205,USBHSD,USBHSD,UEP4_RX_FIFO,0x400234cc,0x0cc,32,1,#,reference,evt(ch32v205.h)
CH32V205,USBHSD,USBHSD,UEP5_RX_FIFO,0x400234d0,0x0d0,32,1,#,reference,evt(ch32v205.h)
CH32V205,USBHSD,USBHSD,UEP6_RX_FIFO,0x400234d4,0x0d4,32,1,#,reference,evt(ch32v205.h)
CH32V205,USBHSD,USBHSD,UEP7_RX_FIFO,0x400234d8,0x0d8,32,1,#,reference,evt(ch32v205.h)
CH32V205,USBHSD,USBHSD,UEP1_TX_FIFO,0x400234dc,0x0dc,32,1,#,reference,evt(ch32v205.h)
CH32V205,USBHSD,USBHSD,UEP2_TX_FIFO,0x400234e0,0x0e0,32,1,#,reference,evt(ch32v205.h)
CH32V205,USBHSD,USBHSD,UEP3_TX_FIFO,0x400234e4,0x0e4,32,1,#,reference,evt(ch32v205.h)
CH32V205,USBHSD,USBHSD,UEP4_TX_FIFO,0x400234e8,0x0e8,32,1,#,reference,evt(ch32v205.h)
CH32V205,USBHSD,USBHSD,UEP5_TX_FIFO,0x400234ec,0x0ec,32,1,#,reference,evt(ch32v205.h)
CH32V205,USBHSD,USBHSD,UEP6_TX_FIFO,0x400234f0,0x0f0,32,1,#,reference,evt(ch32v205.h)
CH32V205,USBHSD,USBHSD,UEP7_TX_FIFO,0x400234f4,0x0f4,32,1,#,reference,evt(ch32v205.h)
CH32V205,USBHSH,USBHSH,CFG,0x40023500,0x000,8,1,#,reference,evt(ch32v205.h)
CH32V205,USBHSH,USBHSH,INT_EN,0x40023502,0x002,8,1,#,reference,evt(ch32v205.h)
CH32V205,USBHSH,USBHSH,DEV_ADDR,0x40023503,0x003,8,1,#,reference,evt(ch32v205.h)
CH32V205,USBHSH,USBHSH,CONTROL,0x40023504,0x004,32,1,#,reference,evt(ch32v205.h)
CH32V205,USBHSH,USBHSH,INT_FLAG,0x40023508,0x008,8,1,#,reference,evt(ch32v205.h)
CH32V205,USBHSH,USBHSH,INT_ST,0x40023509,0x009,8,1,#,reference,evt(ch32v205.h)
CH32V205,USBHSH,USBHSH,MIS_ST,0x4002350a,0x00a,8,1,#,reference,evt(ch32v205.h)
CH32V205,USBHSH,USBHSH,LPM,0x4002350c,0x00c,32,1,#,reference,evt(ch32v205.h)
CH32V205,USBHSH,USBHSH,SPLIT,0x40023510,0x010,32,1,#,reference,evt(ch32v205.h)
CH32V205,USBHSH,USBHSH,FRAME,0x40023514,0x014,32,1,#,reference,evt(ch32v205.h)
CH32V205,USBHSH,USBHSH,TX_LEN,0x40023518,0x018,32,1,#,reference,evt(ch32v205.h)
CH32V205,USBHSH,USBHSH,RX_LEN,0x4002351c,0x01c,32,1,#,reference,evt(ch32v205.h)
CH32V205,USBHSH,USBHSH,RX_MAX_LEN,0x40023520,0x020,32,1,#,reference,evt(ch32v205.h)
CH32V205,USBHSH,USBHSH,RX_DMA,0x40023524,0x024,32,1,#,reference,evt(ch32v205.h)
CH32V205,USBHSH,USBHSH,TX_DMA,0x40023528,0x028,32,1,#,reference,evt(ch32v205.h)
CH32V205,USBHSH,USBHSH,PORT_CTRL,0x4002352c,0x02c,32,1,#,reference,evt(ch32v205.h)
CH32V205,USBHSH,USBHSH,PORT_CFG,0x40023530,0x030,8,1,#,reference,evt(ch32v205.h)
CH32V205,USBHSH,USBHSH,PORT_INT_EN,0x40023532,0x032,8,1,#,reference,evt(ch32v205.h)
CH32V205,USBHSH,USBHSH,PORT_TEST_CT,0x40023533,0x033,8,1,#,reference,evt(ch32v205.h)
CH32V205,USBHSH,USBHSH,PORT_STATUS,0x40023534,0x034,16,1,#,reference,evt(ch32v205.h)
CH32V205,USBHSH,USBHSH,PORT_STATUS_CHG,0x40023536,0x036,8,1,#,reference,evt(ch32v205.h)
CH32V205,USBHSH,USBHSH,ROOT_BC_CTRL,0x4002353c,0x03c,32,1,#,reference,evt(ch32v205.h)
CH32V205,EXTEN,EXTEN,CTLR0,0x40023800,0x000,32,1,#,confirmed,evt(ch32v205.h)+rm(CH32V205RM.PDF)+rm-address(CH32V205RM.PDF)
CH32V205,EXTEN,EXTEN,CTLR1,0x40023804,0x004,16,1,#,confirmed,evt(ch32v205.h)+rm(CH32V205RM.PDF)+rm-address(CH32V205RM.PDF)
CH32V205,QSPI1,QSPI,CR,0x40024c00,0x000,32,1,#,confirmed,evt(ch32v205.h)+rm-address(CH32V205RM.PDF)
CH32V205,QSPI1,QSPI,DCR,0x40024c04,0x004,32,1,#,confirmed,evt(ch32v205.h)+rm-address(CH32V205RM.PDF)
CH32V205,QSPI1,QSPI,SR,0x40024c08,0x008,32,1,#,confirmed,evt(ch32v205.h)+rm-address(CH32V205RM.PDF)
CH32V205,QSPI1,QSPI,FCR,0x40024c0c,0x00c,32,1,#,confirmed,evt(ch32v205.h)+rm-address(CH32V205RM.PDF)
CH32V205,QSPI1,QSPI,DLR,0x40024c10,0x010,32,1,#,confirmed,evt(ch32v205.h)+rm-address(CH32V205RM.PDF)
CH32V205,QSPI1,QSPI,CCR,0x40024c14,0x014,32,1,#,confirmed,evt(ch32v205.h)+rm-address(CH32V205RM.PDF)
CH32V205,QSPI1,QSPI,AR,0x40024c18,0x018,32,1,#,confirmed,evt(ch32v205.h)+rm-address(CH32V205RM.PDF)
CH32V205,QSPI1,QSPI,ABR,0x40024c1c,0x01c,32,1,#,confirmed,evt(ch32v205.h)+rm-address(CH32V205RM.PDF)
CH32V205,QSPI1,QSPI,DR,0x40024c20,0x020,32,1,#,confirmed,evt(ch32v205.h)+rm-address(CH32V205RM.PDF)
CH32V205,QSPI1,QSPI,PSMKR,0x40024c24,0x024,32,1,#,confirmed,evt(ch32v205.h)+rm-address(CH32V205RM.PDF)
CH32V205,QSPI1,QSPI,PSMAR,0x40024c28,0x028,32,1,#,confirmed,evt(ch32v205.h)+rm-address(CH32V205RM.PDF)
CH32V205,QSPI1,QSPI,PIR,0x40024c2c,0x02c,32,1,#,confirmed,evt(ch32v205.h)+rm-address(CH32V205RM.PDF)
CH32V205,QSPI1,QSPI,LPTR,0x40024c30,0x030,32,1,#,confirmed,evt(ch32v205.h)+rm-address(CH32V205RM.PDF)
CH32V205,OPA,OPA,OPA_CFGR1,0x40026000,0x000,32,1,#,confirmed,evt(ch32v205.h)+rm-address(CH32V205RM.PDF)
CH32V205,OPA,OPA,OPA_CTLR1,0x40026004,0x004,32,1,#,confirmed,evt(ch32v205.h)+rm-address(CH32V205RM.PDF)
CH32V205,OPA,OPA,OPA_CTLR2,0x40026008,0x008,32,1,#,confirmed,evt(ch32v205.h)+rm-address(CH32V205RM.PDF)
CH32V205,OPA,OPA,CMP_CTLR,0x4002600c,0x00c,32,1,#,reference,evt(ch32v205.h)
CH32V205,OPA,OPA,CMP_FILT,0x40026010,0x010,32,1,#,reference,evt(ch32v205.h)
CH32V205,OPA,OPA,OPA_KEY,0x40026014,0x014,32,1,#,confirmed,evt(ch32v205.h)+rm-address(CH32V205RM.PDF)
CH32V205,OPA,OPA,CMP_KEY,0x40026018,0x018,32,1,#,reference,evt(ch32v205.h)
CH32V205,OPA,OPA,OPCM_SR,0x4002601c,0x01c,32,1,#,reference,evt(ch32v205.h)
CH32V205,USBPD,USBPD,CONFIG,0x40027000,0x000,16,1,#,confirmed,evt(ch32v205.h)+rm-address(CH32V205RM.PDF)
CH32V205,USBPD,USBPD,USBPD_CONFIG,0x40027000,0x000,32,1,#,reference,evt(ch32v205.h)
CH32V205,USBPD,USBPD,BMC_CLK_CNT,0x40027002,0x002,16,1,#,reference,evt(ch32v205.h)
CH32V205,USBPD,USBPD,CONTROL,0x40027004,0x004,8,1,#,confirmed,evt(ch32v205.h)+rm-address(CH32V205RM.PDF)
CH32V205,USBPD,USBPD,R16_CONTROL,0x40027004,0x004,16,1,#,reference,evt(ch32v205.h)
CH32V205,USBPD,USBPD,USBPD_CONTROL,0x40027004,0x004,32,1,#,reference,evt(ch32v205.h)
CH32V205,USBPD,USBPD,TX_SEL,0x40027005,0x005,8,1,#,reference,evt(ch32v205.h)
CH32V205,USBPD,USBPD,BMC_TX_SZ,0x40027006,0x006,16,1,#,reference,evt(ch32v205.h)
CH32V205,USBPD,USBPD,DATA_BUF,0x40027008,0x008,8,1,#,reference,evt(ch32v205.h)
CH32V205,USBPD,USBPD,R16_STATUS,0x40027008,0x008,16,1,#,reference,evt(ch32v205.h)
CH32V205,USBPD,USBPD,USBPD_STATUS,0x40027008,0x008,32,1,#,confirmed,evt(ch32v205.h)+rm-address(CH32V205RM.PDF)
CH32V205,USBPD,USBPD,STATUS,0x40027009,0x009,8,1,#,reference,evt(ch32v205.h)
CH32V205,USBPD,USBPD,BMC_BYTE_CNT,0x4002700a,0x00a,16,1,#,reference,evt(ch32v205.h)
CH32V205,USBPD,USBPD,PORT_CC1,0x4002700c,0x00c,16,1,#,reference,evt(ch32v205.h)
CH32V205,USBPD,USBPD,USBPD_PORT,0x4002700c,0x00c,32,1,#,confirmed,evt(ch32v205.h)+rm-address(CH32V205RM.PDF)
CH32V205,USBPD,USBPD,PORT_CC2,0x4002700e,0x00e,16,1,#,reference,evt(ch32v205.h)
CH32V205,USBPD,USBPD,DMA,0x40027010,0x010,16,1,#,confirmed,evt(ch32v205.h)+rm-address(CH32V205RM.PDF)
CH32V205,USBPD,USBPD,USBPD_DMA,0x40027010,0x010,32,1,#,reference,evt(ch32v205.h)
CH32V205,LVDS,LVDS,BASE_CFG,0x40027c00,0x000,16,1,#,reference,evt(ch32v205.h)
CH32V205,LVDS,LVDS,INT_EN,0x40027c02,0x002,16,1,#,reference,evt(ch32v205.h)
CH32V205,LVDS,LVDS,SHST_CR,0x40027c04,0x004,16,1,#,reference,evt(ch32v205.h)
CH32V205,LVDS,LVDS,LPM_CFG,0x40027c06,0x006,8,1,#,reference,evt(ch32v205.h)
CH32V205,LVDS,LVDS,DEV_ADDR,0x40027c07,0x007,8,1,#,reference,evt(ch32v205.h)
CH32V205,LVDS,LVDS,INT_FLAG,0x40027c08,0x008,16,1,#,reference,evt(ch32v205.h)
CH32V205,LVDS,LVDS,INT_ST,0x40027c0a,0x00a,16,1,#,reference,evt(ch32v205.h)
CH32V205,LVDS,LVDS,LINK_CR,0x40027c0c,0x00c,32,1,#,reference,evt(ch32v205.h)
CH32V205,LVDS,LVDS,LINK_ST,0x40027c10,0x010,32,1,#,reference,evt(ch32v205.h)
CH32V205,LVDS,LVDS,TXLPM_DAT,0x40027c14,0x014,16,1,#,reference,evt(ch32v205.h)
CH32V205,LVDS,LVDS,RXLPM_DAT,0x40027c16,0x016,16,1,#,reference,evt(ch32v205.h)
CH32V205,LVDS,LVDS,TX_LEN,0x40027c18,0x018,32,1,#,reference,evt(ch32v205.h)
CH32V205,LVDS,LVDS,RX_LEN,0x40027c1c,0x01c,32,1,#,reference,evt(ch32v205.h)
CH32V205,LVDS,LVDS,MAX_LEN,0x40027c20,0x020,32,1,#,reference,evt(ch32v205.h)
CH32V205,LVDS,LVDS,TX_DMA,0x40027c24,0x024,32,1,#,reference,evt(ch32v205.h)
CH32V205,LVDS,LVDS,RX_DMA,0x40027c28,0x028,32,1,#,reference,evt(ch32v205.h)
CH32V205,LVDS,LVDS,TX_CFG,0x40027c2c,0x02c,8,1,#,reference,evt(ch32v205.h)
CH32V205,LVDS,LVDS,RX_CFG,0x40027c2d,0x02d,8,1,#,reference,evt(ch32v205.h)
CH32V205,LVDS,LVDS,TX_CR,0x40027c2e,0x02e,8,1,#,reference,evt(ch32v205.h)
CH32V205,LVDS,LVDS,RX_CR,0x40027c2f,0x02f,8,1,#,reference,evt(ch32v205.h)
CH32V205,USBFSD,USBFSD,BASE_CTRL,0x50000000,0x000,8,1,#,reference,evt(ch32v205.h)
CH32V205,USBFSH,USBFSH,BASE_CTRL,0x50000000,0x000,8,1,#,reference,evt(ch32v205.h)
CH32V205,USBFSD,USBFSD,UDEV_CTRL,0x50000001,0x001,8,1,#,reference,evt(ch32v205.h)
CH32V205,USBFSH,USBFSH,HOST_CTRL,0x50000001,0x001,8,1,#,reference,evt(ch32v205.h)
CH32V205,USBFSD,USBFSD,INT_EN,0x50000002,0x002,8,1,#,reference,evt(ch32v205.h)
CH32V205,USBFSH,USBFSH,INT_EN,0x50000002,0x002,8,1,#,reference,evt(ch32v205.h)
CH32V205,USBFSD,USBFSD,DEV_ADDR,0x50000003,0x003,8,1,#,reference,evt(ch32v205.h)
CH32V205,USBFSH,USBFSH,DEV_ADDR,0x50000003,0x003,8,1,#,reference,evt(ch32v205.h)
CH32V205,USBFSD,USBFSD,Reserve0,0x50000004,0x004,8,1,#,reference,evt(ch32v205.h)
CH32V205,USBFSH,USBFSH,Reserve0,0x50000004,0x004,8,1,#,reference,evt(ch32v205.h)
CH32V205,USBFSD,USBFSD,MIS_ST,0x50000005,0x005,8,1,#,reference,evt(ch32v205.h)
CH32V205,USBFSH,USBFSH,MIS_ST,0x50000005,0x005,8,1,#,reference,evt(ch32v205.h)
CH32V205,USBFSD,USBFSD,INT_FG,0x50000006,0x006,8,1,#,reference,evt(ch32v205.h)
CH32V205,USBFSH,USBFSH,INT_FG,0x50000006,0x006,8,1,#,reference,evt(ch32v205.h)
CH32V205,USBFSD,USBFSD,INT_ST,0x50000007,0x007,8,1,#,reference,evt(ch32v205.h)
CH32V205,USBFSH,USBFSH,INT_ST,0x50000007,0x007,8,1,#,reference,evt(ch32v205.h)
CH32V205,USBFSD,USBFSD,RX_LEN,0x50000008,0x008,32,1,#,reference,evt(ch32v205.h)
CH32V205,USBFSH,USBFSH,RX_LEN,0x50000008,0x008,16,1,#,reference,evt(ch32v205.h)
CH32V205,USBFSH,USBFSH,Reserve1,0x5000000a,0x00a,16,1,#,reference,evt(ch32v205.h)
CH32V205,USBFSD,USBFSD,UEP4_1_MOD,0x5000000c,0x00c,8,1,#,reference,evt(ch32v205.h)
CH32V205,USBFSH,USBFSH,Reserve2,0x5000000c,0x00c,8,1,#,reference,evt(ch32v205.h)
CH32V205,USBFSD,USBFSD,UEP2_3_MOD,0x5000000d,0x00d,8,1,#,reference,evt(ch32v205.h)
CH32V205,USBFSH,USBFSH,HOST_EP_MOD,0x5000000d,0x00d,8,1,#,reference,evt(ch32v205.h)
CH32V205,USBFSD,USBFSD,UEP5_6_MOD,0x5000000e,0x00e,8,1,#,reference,evt(ch32v205.h)
CH32V205,USBFSH,USBFSH,Reserve3,0x5000000e,0x00e,16,1,#,reference,evt(ch32v205.h)
CH32V205,USBFSD,USBFSD,UEP7_MOD,0x5000000f,0x00f,8,1,#,reference,evt(ch32v205.h)
CH32V205,USBFSD,USBFSD,UEP0_DMA,0x50000010,0x010,32,1,#,reference,evt(ch32v205.h)
CH32V205,USBFSH,USBFSH,Reserve4,0x50000010,0x010,32,1,#,reference,evt(ch32v205.h)
CH32V205,USBFSD,USBFSD,UEP1_DMA,0x50000014,0x014,32,1,#,reference,evt(ch32v205.h)
CH32V205,USBFSH,USBFSH,Reserve5,0x50000014,0x014,32,1,#,reference,evt(ch32v205.h)
CH32V205,USBFSD,USBFSD,UEP2_DMA,0x50000018,0x018,32,1,#,reference,evt(ch32v205.h)
CH32V205,USBFSH,USBFSH,HOST_RX_DMA,0x50000018,0x018,32,1,#,reference,evt(ch32v205.h)
CH32V205,USBFSD,USBFSD,UEP3_DMA,0x5000001c,0x01c,32,1,#,reference,evt(ch32v205.h)
CH32V205,USBFSH,USBFSH,HOST_TX_DMA,0x5000001c,0x01c,32,1,#,reference,evt(ch32v205.h)
CH32V205,USBFSD,USBFSD,UEP4_DMA,0x50000020,0x020,32,1,#,reference,evt(ch32v205.h)
CH32V205,USBFSH,USBFSH,Reserve6,0x50000020,0x020,32,1,#,reference,evt(ch32v205.h)
CH32V205,USBFSD,USBFSD,UEP5_DMA,0x50000024,0x024,32,1,#,reference,evt(ch32v205.h)
CH32V205,USBFSH,USBFSH,Reserve7,0x50000024,0x024,32,1,#,reference,evt(ch32v205.h)
CH32V205,USBFSD,USBFSD,UEP6_DMA,0x50000028,0x028,32,1,#,reference,evt(ch32v205.h)
CH32V205,USBFSH,USBFSH,Reserve8,0x50000028,0x028,32,1,#,reference,evt(ch32v205.h)
CH32V205,USBFSD,USBFSD,UEP7_DMA,0x5000002c,0x02c,32,1,#,reference,evt(ch32v205.h)
CH32V205,USBFSH,USBFSH,Reserve9,0x5000002c,0x02c,32,1,#,reference,evt(ch32v205.h)
CH32V205,USBFSD,USBFSD,UEP0_TX_LEN,0x50000030,0x030,16,1,#,reference,evt(ch32v205.h)
CH32V205,USBFSH,USBFSH,Reserve10,0x50000030,0x030,32,1,#,reference,evt(ch32v205.h)
CH32V205,USBFSD,USBFSD,UEP0_CTRL,0x50000032,0x032,16,1,#,reference,evt(ch32v205.h)
CH32V205,USBFSD,USBFSD,UEP0_TX_CTRL,0x50000034,0x034,8,1,#,reference,evt(ch32v205.h)
CH32V205,USBFSH,USBFSH,Reserve11,0x50000034,0x034,16,1,#,reference,evt(ch32v205.h)
CH32V205,USBFSD,USBFSD,UEP0_RX_CTRL,0x50000035,0x035,8,1,#,reference,evt(ch32v205.h)
CH32V205,USBFSD,USBFSD,UEP1_TX_LEN,0x50000036,0x036,16,1,#,reference,evt(ch32v205.h)
CH32V205,USBFSH,USBFSH,HOST_SETUP,0x50000036,0x036,16,1,#,reference,evt(ch32v205.h)
CH32V205,USBFSD,USBFSD,UEP1_CTRL,0x50000038,0x038,16,1,#,reference,evt(ch32v205.h)
CH32V205,USBFSH,USBFSH,HOST_EP_PID,0x50000038,0x038,8,1,#,reference,evt(ch32v205.h)
CH32V205,USBFSH,USBFSH,Reserve12,0x50000039,0x039,8,1,#,reference,evt(ch32v205.h)
CH32V205,USBFSD,USBFSD,UEP1_TX_CTRL,0x5000003a,0x03a,8,1,#,reference,evt(ch32v205.h)
CH32V205,USBFSH,USBFSH,Reserve13,0x5000003a,0x03a,8,1,#,reference,evt(ch32v205.h)
CH32V205,USBFSD,USBFSD,UEP1_RX_CTRL,0x5000003b,0x03b,8,1,#,reference,evt(ch32v205.h)
CH32V205,USBFSH,USBFSH,HOST_RX_CTRL,0x5000003b,0x03b,8,1,#,reference,evt(ch32v205.h)
CH32V205,USBFSD,USBFSD,UEP2_TX_LEN,0x5000003c,0x03c,16,1,#,reference,evt(ch32v205.h)
CH32V205,USBFSH,USBFSH,HOST_TX_LEN,0x5000003c,0x03c,16,1,#,reference,evt(ch32v205.h)
CH32V205,USBFSD,USBFSD,UEP2_CTRL,0x5000003e,0x03e,16,1,#,reference,evt(ch32v205.h)
CH32V205,USBFSH,USBFSH,HOST_TX_CTRL,0x5000003e,0x03e,8,1,#,reference,evt(ch32v205.h)
CH32V205,USBFSH,USBFSH,Reserve14,0x5000003f,0x03f,8,1,#,reference,evt(ch32v205.h)
CH32V205,USBFSD,USBFSD,UEP2_TX_CTRL,0x50000040,0x040,8,1,#,reference,evt(ch32v205.h)
CH32V205,USBFSH,USBFSH,Reserve15,0x50000040,0x040,32,1,#,reference,evt(ch32v205.h)
CH32V205,USBFSD,USBFSD,UEP2_RX_CTRL,0x50000041,0x041,8,1,#,reference,evt(ch32v205.h)
CH32V205,USBFSD,USBFSD,UEP3_TX_LEN,0x50000042,0x042,16,1,#,reference,evt(ch32v205.h)
CH32V205,USBFSD,USBFSD,UEP3_CTRL,0x50000044,0x044,16,1,#,reference,evt(ch32v205.h)
CH32V205,USBFSH,USBFSH,Reserve16,0x50000044,0x044,32,1,#,reference,evt(ch32v205.h)
CH32V205,USBFSD,USBFSD,UEP3_TX_CTRL,0x50000046,0x046,8,1,#,reference,evt(ch32v205.h)
CH32V205,USBFSD,USBFSD,UEP3_RX_CTRL,0x50000047,0x047,8,1,#,reference,evt(ch32v205.h)
CH32V205,USBFSD,USBFSD,UEP4_TX_LEN,0x50000048,0x048,16,1,#,reference,evt(ch32v205.h)
CH32V205,USBFSH,USBFSH,Reserve17,0x50000048,0x048,32,1,#,reference,evt(ch32v205.h)
CH32V205,USBFSD,USBFSD,UEP4_CTRL,0x5000004a,0x04a,16,1,#,reference,evt(ch32v205.h)
CH32V205,USBFSD,USBFSD,UEP4_TX_CTRL,0x5000004c,0x04c,8,1,#,reference,evt(ch32v205.h)
CH32V205,USBFSH,USBFSH,Reserve18,0x5000004c,0x04c,32,1,#,reference,evt(ch32v205.h)
CH32V205,USBFSD,USBFSD,UEP4_RX_CTRL,0x5000004d,0x04d,8,1,#,reference,evt(ch32v205.h)
CH32V205,USBFSD,USBFSD,UEP5_TX_LEN,0x5000004e,0x04e,16,1,#,reference,evt(ch32v205.h)
CH32V205,USBFSD,USBFSD,UEP5_CTRL,0x50000050,0x050,16,1,#,reference,evt(ch32v205.h)
CH32V205,USBFSH,USBFSH,Reserve19,0x50000050,0x050,32,1,#,reference,evt(ch32v205.h)
CH32V205,USBFSD,USBFSD,UEP5_TX_CTRL,0x50000052,0x052,8,1,#,reference,evt(ch32v205.h)
CH32V205,USBFSD,USBFSD,UEP5_RX_CTRL,0x50000053,0x053,8,1,#,reference,evt(ch32v205.h)
CH32V205,USBFSD,USBFSD,UEP6_TX_LEN,0x50000054,0x054,16,1,#,reference,evt(ch32v205.h)
CH32V205,USBFSH,USBFSH,OTG_CR,0x50000054,0x054,32,1,#,reference,evt(ch32v205.h)
CH32V205,USBFSD,USBFSD,UEP6_CTRL,0x50000056,0x056,16,1,#,reference,evt(ch32v205.h)
CH32V205,USBFSD,USBFSD,UEP6_TX_CTRL,0x50000058,0x058,8,1,#,reference,evt(ch32v205.h)
CH32V205,USBFSH,USBFSH,OTG_SR,0x50000058,0x058,32,1,#,reference,evt(ch32v205.h)
CH32V205,USBFSD,USBFSD,UEP6_RX_CTRL,0x50000059,0x059,8,1,#,reference,evt(ch32v205.h)
CH32V205,USBFSD,USBFSD,UEP7_TX_LEN,0x5000005a,0x05a,16,1,#,reference,evt(ch32v205.h)
CH32V205,USBFSD,USBFSD,UEP7_CTRL,0x5000005c,0x05c,16,1,#,reference,evt(ch32v205.h)
CH32V205,USBFSD,USBFSD,UEP7_TX_CTRL,0x5000005e,0x05e,8,1,#,reference,evt(ch32v205.h)
CH32V205,USBFSD,USBFSD,UEP7_RX_CTRL,0x5000005f,0x05f,8,1,#,reference,evt(ch32v205.h)
CH32V205,USBFSD,USBFSD,Reserve1,0x50000060,0x060,32,1,#,reference,evt(ch32v205.h)
CH32V205,USBFSD,USBFSD,OTG_CR,0x50000064,0x064,32,1,#,reference,evt(ch32v205.h)
CH32V205,USBFSD,USBFSD,OTG_SR,0x50000068,0x068,32,1,#,reference,evt(ch32v205.h)
CH32V205,FSMC_Bank1,FSMC_Bank1,BTCR,0xa0000000,0x000,32,8,#,reference,evt(ch32v205.h)
CH32V205,FSMC_Bank2,FSMC_Bank2,PCR2,0xa0000060,0x000,32,1,#,reference,evt(ch32v205.h)
CH32V205,FSMC_Bank2,FSMC_Bank2,SR2,0xa0000064,0x004,32,1,#,reference,evt(ch32v205.h)
CH32V205,FSMC_Bank2,FSMC_Bank2,PMEM2,0xa0000068,0x008,32,1,#,reference,evt(ch32v205.h)
CH32V205,FSMC_Bank2,FSMC_Bank2,PATT2,0xa000006c,0x00c,32,1,#,reference,evt(ch32v205.h)
CH32V205,FSMC_Bank2,FSMC_Bank2,ECCR2,0xa0000074,0x014,32,1,#,reference,evt(ch32v205.h)
CH32V205,FSMC_Bank1E,FSMC_Bank1E,BWTR,0xa0000104,0x000,32,7,#,reference,evt(ch32v205.h)
CH32V20x,OB,OB,RDPR,0x1ffff800,0x000,16,1,#,reference,evt(ch32v20x.h)
CH32V20x,OB,OB,USER,0x1ffff802,0x002,16,1,#,reference,evt(ch32v20x.h)
CH32V20x,OB,OB,Data0,0x1ffff804,0x004,16,1,#,reference,evt(ch32v20x.h)
CH32V20x,OB,OB,Data1,0x1ffff806,0x006,16,1,#,reference,evt(ch32v20x.h)
CH32V20x,OB,OB,WRPR0,0x1ffff808,0x008,16,1,#,reference,evt(ch32v20x.h)
CH32V20x,OB,OB,WRPR1,0x1ffff80a,0x00a,16,1,#,reference,evt(ch32v20x.h)
CH32V20x,OB,OB,WRPR2,0x1ffff80c,0x00c,16,1,#,reference,evt(ch32v20x.h)
CH32V20x,OB,OB,WRPR3,0x1ffff80e,0x00e,16,1,#,reference,evt(ch32v20x.h)
CH32V20x,TIM2,TIM,CTLR1,0x40000000,0x000,16,1,#,confirmed,evt(ch32v20x.h)+rm(CH32FV2x_V3xRM.PDF)+rm-address(CH32FV2x_V3xRM.PDF)
CH32V20x,TIM2,TIM,CTLR2,0x40000004,0x004,16,1,#,confirmed,evt(ch32v20x.h)+rm(CH32FV2x_V3xRM.PDF)+rm-address(CH32FV2x_V3xRM.PDF)
CH32V20x,TIM2,TIM,SMCFGR,0x40000008,0x008,16,1,#,confirmed,evt(ch32v20x.h)+rm(CH32FV2x_V3xRM.PDF)+rm-address(CH32FV2x_V3xRM.PDF)
CH32V20x,TIM2,TIM,DMAINTENR,0x4000000c,0x00c,16,1,#,confirmed,evt(ch32v20x.h)+rm(CH32FV2x_V3xRM.PDF)+rm-address(CH32FV2x_V3xRM.PDF)
CH32V20x,TIM2,TIM,INTFR,0x40000010,0x010,16,1,#,confirmed,evt(ch32v20x.h)+rm(CH32FV2x_V3xRM.PDF)+rm-address(CH32FV2x_V3xRM.PDF)
CH32V20x,TIM2,TIM,SWEVGR,0x40000014,0x014,16,1,#,confirmed,evt(ch32v20x.h)+rm(CH32FV2x_V3xRM.PDF)+rm-address(CH32FV2x_V3xRM.PDF)
CH32V20x,TIM2,TIM,CHCTLR1,0x40000018,0x018,16,1,#,confirmed,evt(ch32v20x.h)+rm(CH32FV2x_V3xRM.PDF)+rm-address(CH32FV2x_V3xRM.PDF)
CH32V20x,TIM2,TIM,CHCTLR2,0x4000001c,0x01c,16,1,#,confirmed,evt(ch32v20x.h)+rm(CH32FV2x_V3xRM.PDF)+rm-address(CH32FV2x_V3xRM.PDF)
CH32V20x,TIM2,TIM,CCER,0x40000020,0x020,16,1,#,confirmed,evt(ch32v20x.h)+rm(CH32FV2x_V3xRM.PDF)+rm-address(CH32FV2x_V3xRM.PDF)
CH32V20x,TIM2,TIM,CNT,0x40000024,0x024,16,1,#,confirmed,evt(ch32v20x.h)+rm(CH32FV2x_V3xRM.PDF)+rm-address(CH32FV2x_V3xRM.PDF)
CH32V20x,TIM2,TIM,CNT_R32,0x40000024,0x024,32,1,#,reference,evt(ch32v20x.h)
CH32V20x,TIM2,TIM,PSC,0x40000028,0x028,16,1,#,confirmed,evt(ch32v20x.h)+rm(CH32FV2x_V3xRM.PDF)+rm-address(CH32FV2x_V3xRM.PDF)
CH32V20x,TIM2,TIM,ATRLR,0x4000002c,0x02c,16,1,#,confirmed,evt(ch32v20x.h)+rm(CH32FV2x_V3xRM.PDF)+rm-address(CH32FV2x_V3xRM.PDF)
CH32V20x,TIM2,TIM,ATRLR_R32,0x4000002c,0x02c,32,1,#,reference,evt(ch32v20x.h)
CH32V20x,TIM2,TIM,RPTCR,0x40000030,0x030,16,1,#,confirmed,evt(ch32v20x.h)+rm(CH32FV2x_V3xRM.PDF)+rm-address(CH32FV2x_V3xRM.PDF)
CH32V20x,TIM2,TIM,CH1CVR,0x40000034,0x034,16,1,#,confirmed,evt(ch32v20x.h)+rm(CH32FV2x_V3xRM.PDF)+rm-address(CH32FV2x_V3xRM.PDF)
CH32V20x,TIM2,TIM,CH1CVR_R32,0x40000034,0x034,32,1,#,reference,evt(ch32v20x.h)
CH32V20x,TIM2,TIM,CH2CVR,0x40000038,0x038,16,1,#,confirmed,evt(ch32v20x.h)+rm(CH32FV2x_V3xRM.PDF)+rm-address(CH32FV2x_V3xRM.PDF)
CH32V20x,TIM2,TIM,CH2CVR_R32,0x40000038,0x038,32,1,#,reference,evt(ch32v20x.h)
CH32V20x,TIM2,TIM,CH3CVR,0x4000003c,0x03c,16,1,#,confirmed,evt(ch32v20x.h)+rm(CH32FV2x_V3xRM.PDF)+rm-address(CH32FV2x_V3xRM.PDF)
CH32V20x,TIM2,TIM,CH3CVR_R32,0x4000003c,0x03c,32,1,#,reference,evt(ch32v20x.h)
CH32V20x,TIM2,TIM,CH4CVR,0x40000040,0x040,16,1,#,confirmed,evt(ch32v20x.h)+rm(CH32FV2x_V3xRM.PDF)+rm-address(CH32FV2x_V3xRM.PDF)
CH32V20x,TIM2,TIM,CH4CVR_R32,0x40000040,0x040,32,1,#,reference,evt(ch32v20x.h)
CH32V20x,TIM2,TIM,BDTR,0x40000044,0x044,16,1,#,confirmed,evt(ch32v20x.h)+rm(CH32FV2x_V3xRM.PDF)+rm-address(CH32FV2x_V3xRM.PDF)
CH32V20x,TIM2,TIM,DMACFGR,0x40000048,0x048,16,1,#,confirmed,evt(ch32v20x.h)+rm(CH32FV2x_V3xRM.PDF)+rm-address(CH32FV2x_V3xRM.PDF)
CH32V20x,TIM2,TIM,DMAADR,0x4000004c,0x04c,16,1,#,confirmed,evt(ch32v20x.h)+rm(CH32FV2x_V3xRM.PDF)+rm-address(CH32FV2x_V3xRM.PDF)
CH32V20x,TIM3,TIM,CTLR1,0x40000400,0x000,16,1,#,confirmed,evt(ch32v20x.h)+rm(CH32FV2x_V3xRM.PDF)+rm-address(CH32FV2x_V3xRM.PDF)
CH32V20x,TIM3,TIM,CTLR2,0x40000404,0x004,16,1,#,confirmed,evt(ch32v20x.h)+rm(CH32FV2x_V3xRM.PDF)+rm-address(CH32FV2x_V3xRM.PDF)
CH32V20x,TIM3,TIM,SMCFGR,0x40000408,0x008,16,1,#,confirmed,evt(ch32v20x.h)+rm(CH32FV2x_V3xRM.PDF)+rm-address(CH32FV2x_V3xRM.PDF)
CH32V20x,TIM3,TIM,DMAINTENR,0x4000040c,0x00c,16,1,#,confirmed,evt(ch32v20x.h)+rm(CH32FV2x_V3xRM.PDF)+rm-address(CH32FV2x_V3xRM.PDF)
CH32V20x,TIM3,TIM,INTFR,0x40000410,0x010,16,1,#,confirmed,evt(ch32v20x.h)+rm(CH32FV2x_V3xRM.PDF)+rm-address(CH32FV2x_V3xRM.PDF)
CH32V20x,TIM3,TIM,SWEVGR,0x40000414,0x014,16,1,#,confirmed,evt(ch32v20x.h)+rm(CH32FV2x_V3xRM.PDF)+rm-address(CH32FV2x_V3xRM.PDF)
CH32V20x,TIM3,TIM,CHCTLR1,0x40000418,0x018,16,1,#,confirmed,evt(ch32v20x.h)+rm(CH32FV2x_V3xRM.PDF)+rm-address(CH32FV2x_V3xRM.PDF)
CH32V20x,TIM3,TIM,CHCTLR2,0x4000041c,0x01c,16,1,#,confirmed,evt(ch32v20x.h)+rm(CH32FV2x_V3xRM.PDF)+rm-address(CH32FV2x_V3xRM.PDF)
CH32V20x,TIM3,TIM,CCER,0x40000420,0x020,16,1,#,confirmed,evt(ch32v20x.h)+rm(CH32FV2x_V3xRM.PDF)+rm-address(CH32FV2x_V3xRM.PDF)
CH32V20x,TIM3,TIM,CNT,0x40000424,0x024,16,1,#,confirmed,evt(ch32v20x.h)+rm(CH32FV2x_V3xRM.PDF)+rm-address(CH32FV2x_V3xRM.PDF)
CH32V20x,TIM3,TIM,CNT_R32,0x40000424,0x024,32,1,#,reference,evt(ch32v20x.h)
CH32V20x,TIM3,TIM,PSC,0x40000428,0x028,16,1,#,confirmed,evt(ch32v20x.h)+rm(CH32FV2x_V3xRM.PDF)+rm-address(CH32FV2x_V3xRM.PDF)
CH32V20x,TIM3,TIM,ATRLR,0x4000042c,0x02c,16,1,#,confirmed,evt(ch32v20x.h)+rm(CH32FV2x_V3xRM.PDF)+rm-address(CH32FV2x_V3xRM.PDF)
CH32V20x,TIM3,TIM,ATRLR_R32,0x4000042c,0x02c,32,1,#,reference,evt(ch32v20x.h)
CH32V20x,TIM3,TIM,RPTCR,0x40000430,0x030,16,1,#,confirmed,evt(ch32v20x.h)+rm(CH32FV2x_V3xRM.PDF)+rm-address(CH32FV2x_V3xRM.PDF)
CH32V20x,TIM3,TIM,CH1CVR,0x40000434,0x034,16,1,#,confirmed,evt(ch32v20x.h)+rm(CH32FV2x_V3xRM.PDF)+rm-address(CH32FV2x_V3xRM.PDF)
CH32V20x,TIM3,TIM,CH1CVR_R32,0x40000434,0x034,32,1,#,reference,evt(ch32v20x.h)
CH32V20x,TIM3,TIM,CH2CVR,0x40000438,0x038,16,1,#,confirmed,evt(ch32v20x.h)+rm(CH32FV2x_V3xRM.PDF)+rm-address(CH32FV2x_V3xRM.PDF)
CH32V20x,TIM3,TIM,CH2CVR_R32,0x40000438,0x038,32,1,#,reference,evt(ch32v20x.h)
CH32V20x,TIM3,TIM,CH3CVR,0x4000043c,0x03c,16,1,#,confirmed,evt(ch32v20x.h)+rm(CH32FV2x_V3xRM.PDF)+rm-address(CH32FV2x_V3xRM.PDF)
CH32V20x,TIM3,TIM,CH3CVR_R32,0x4000043c,0x03c,32,1,#,reference,evt(ch32v20x.h)
CH32V20x,TIM3,TIM,CH4CVR,0x40000440,0x040,16,1,#,confirmed,evt(ch32v20x.h)+rm(CH32FV2x_V3xRM.PDF)+rm-address(CH32FV2x_V3xRM.PDF)
CH32V20x,TIM3,TIM,CH4CVR_R32,0x40000440,0x040,32,1,#,reference,evt(ch32v20x.h)
CH32V20x,TIM3,TIM,BDTR,0x40000444,0x044,16,1,#,confirmed,evt(ch32v20x.h)+rm(CH32FV2x_V3xRM.PDF)+rm-address(CH32FV2x_V3xRM.PDF)
CH32V20x,TIM3,TIM,DMACFGR,0x40000448,0x048,16,1,#,confirmed,evt(ch32v20x.h)+rm(CH32FV2x_V3xRM.PDF)+rm-address(CH32FV2x_V3xRM.PDF)
CH32V20x,TIM3,TIM,DMAADR,0x4000044c,0x04c,16,1,#,confirmed,evt(ch32v20x.h)+rm(CH32FV2x_V3xRM.PDF)+rm-address(CH32FV2x_V3xRM.PDF)
CH32V20x,TIM4,TIM,CTLR1,0x40000800,0x000,16,1,#,confirmed,evt(ch32v20x.h)+rm(CH32FV2x_V3xRM.PDF)+rm-address(CH32FV2x_V3xRM.PDF)
CH32V20x,TIM4,TIM,CTLR2,0x40000804,0x004,16,1,#,confirmed,evt(ch32v20x.h)+rm(CH32FV2x_V3xRM.PDF)+rm-address(CH32FV2x_V3xRM.PDF)
CH32V20x,TIM4,TIM,SMCFGR,0x40000808,0x008,16,1,#,confirmed,evt(ch32v20x.h)+rm(CH32FV2x_V3xRM.PDF)+rm-address(CH32FV2x_V3xRM.PDF)
CH32V20x,TIM4,TIM,DMAINTENR,0x4000080c,0x00c,16,1,#,confirmed,evt(ch32v20x.h)+rm(CH32FV2x_V3xRM.PDF)+rm-address(CH32FV2x_V3xRM.PDF)
CH32V20x,TIM4,TIM,INTFR,0x40000810,0x010,16,1,#,confirmed,evt(ch32v20x.h)+rm(CH32FV2x_V3xRM.PDF)+rm-address(CH32FV2x_V3xRM.PDF)
CH32V20x,TIM4,TIM,SWEVGR,0x40000814,0x014,16,1,#,confirmed,evt(ch32v20x.h)+rm(CH32FV2x_V3xRM.PDF)+rm-address(CH32FV2x_V3xRM.PDF)
CH32V20x,TIM4,TIM,CHCTLR1,0x40000818,0x018,16,1,#,confirmed,evt(ch32v20x.h)+rm(CH32FV2x_V3xRM.PDF)+rm-address(CH32FV2x_V3xRM.PDF)
CH32V20x,TIM4,TIM,CHCTLR2,0x4000081c,0x01c,16,1,#,confirmed,evt(ch32v20x.h)+rm(CH32FV2x_V3xRM.PDF)+rm-address(CH32FV2x_V3xRM.PDF)
CH32V20x,TIM4,TIM,CCER,0x40000820,0x020,16,1,#,confirmed,evt(ch32v20x.h)+rm(CH32FV2x_V3xRM.PDF)+rm-address(CH32FV2x_V3xRM.PDF)
CH32V20x,TIM4,TIM,CNT,0x40000824,0x024,16,1,#,confirmed,evt(ch32v20x.h)+rm(CH32FV2x_V3xRM.PDF)+rm-address(CH32FV2x_V3xRM.PDF)
CH32V20x,TIM4,TIM,CNT_R32,0x40000824,0x024,32,1,#,reference,evt(ch32v20x.h)
CH32V20x,TIM4,TIM,PSC,0x40000828,0x028,16,1,#,confirmed,evt(ch32v20x.h)+rm(CH32FV2x_V3xRM.PDF)+rm-address(CH32FV2x_V3xRM.PDF)
CH32V20x,TIM4,TIM,ATRLR,0x4000082c,0x02c,16,1,#,confirmed,evt(ch32v20x.h)+rm(CH32FV2x_V3xRM.PDF)+rm-address(CH32FV2x_V3xRM.PDF)
CH32V20x,TIM4,TIM,ATRLR_R32,0x4000082c,0x02c,32,1,#,reference,evt(ch32v20x.h)
CH32V20x,TIM4,TIM,RPTCR,0x40000830,0x030,16,1,#,confirmed,evt(ch32v20x.h)+rm(CH32FV2x_V3xRM.PDF)+rm-address(CH32FV2x_V3xRM.PDF)
CH32V20x,TIM4,TIM,CH1CVR,0x40000834,0x034,16,1,#,confirmed,evt(ch32v20x.h)+rm(CH32FV2x_V3xRM.PDF)+rm-address(CH32FV2x_V3xRM.PDF)
CH32V20x,TIM4,TIM,CH1CVR_R32,0x40000834,0x034,32,1,#,reference,evt(ch32v20x.h)
CH32V20x,TIM4,TIM,CH2CVR,0x40000838,0x038,16,1,#,confirmed,evt(ch32v20x.h)+rm(CH32FV2x_V3xRM.PDF)+rm-address(CH32FV2x_V3xRM.PDF)
CH32V20x,TIM4,TIM,CH2CVR_R32,0x40000838,0x038,32,1,#,reference,evt(ch32v20x.h)
CH32V20x,TIM4,TIM,CH3CVR,0x4000083c,0x03c,16,1,#,confirmed,evt(ch32v20x.h)+rm(CH32FV2x_V3xRM.PDF)+rm-address(CH32FV2x_V3xRM.PDF)
CH32V20x,TIM4,TIM,CH3CVR_R32,0x4000083c,0x03c,32,1,#,reference,evt(ch32v20x.h)
CH32V20x,TIM4,TIM,CH4CVR,0x40000840,0x040,16,1,#,confirmed,evt(ch32v20x.h)+rm(CH32FV2x_V3xRM.PDF)+rm-address(CH32FV2x_V3xRM.PDF)
CH32V20x,TIM4,TIM,CH4CVR_R32,0x40000840,0x040,32,1,#,reference,evt(ch32v20x.h)
CH32V20x,TIM4,TIM,BDTR,0x40000844,0x044,16,1,#,confirmed,evt(ch32v20x.h)+rm(CH32FV2x_V3xRM.PDF)+rm-address(CH32FV2x_V3xRM.PDF)
CH32V20x,TIM4,TIM,DMACFGR,0x40000848,0x048,16,1,#,confirmed,evt(ch32v20x.h)+rm(CH32FV2x_V3xRM.PDF)+rm-address(CH32FV2x_V3xRM.PDF)
CH32V20x,TIM4,TIM,DMAADR,0x4000084c,0x04c,16,1,#,confirmed,evt(ch32v20x.h)+rm(CH32FV2x_V3xRM.PDF)+rm-address(CH32FV2x_V3xRM.PDF)
CH32V20x,TIM5,TIM,CTLR1,0x40000c00,0x000,16,1,#,confirmed,evt(ch32v20x.h)+rm(CH32FV2x_V3xRM.PDF)+rm-address(CH32FV2x_V3xRM.PDF)
CH32V20x,TIM5,TIM,CTLR2,0x40000c04,0x004,16,1,#,confirmed,evt(ch32v20x.h)+rm(CH32FV2x_V3xRM.PDF)+rm-address(CH32FV2x_V3xRM.PDF)
CH32V20x,TIM5,TIM,SMCFGR,0x40000c08,0x008,16,1,#,confirmed,evt(ch32v20x.h)+rm(CH32FV2x_V3xRM.PDF)+rm-address(CH32FV2x_V3xRM.PDF)
CH32V20x,TIM5,TIM,DMAINTENR,0x40000c0c,0x00c,16,1,#,confirmed,evt(ch32v20x.h)+rm(CH32FV2x_V3xRM.PDF)+rm-address(CH32FV2x_V3xRM.PDF)
CH32V20x,TIM5,TIM,INTFR,0x40000c10,0x010,16,1,#,confirmed,evt(ch32v20x.h)+rm(CH32FV2x_V3xRM.PDF)+rm-address(CH32FV2x_V3xRM.PDF)
CH32V20x,TIM5,TIM,SWEVGR,0x40000c14,0x014,16,1,#,confirmed,evt(ch32v20x.h)+rm(CH32FV2x_V3xRM.PDF)+rm-address(CH32FV2x_V3xRM.PDF)
CH32V20x,TIM5,TIM,CHCTLR1,0x40000c18,0x018,16,1,#,confirmed,evt(ch32v20x.h)+rm(CH32FV2x_V3xRM.PDF)+rm-address(CH32FV2x_V3xRM.PDF)
CH32V20x,TIM5,TIM,CHCTLR2,0x40000c1c,0x01c,16,1,#,confirmed,evt(ch32v20x.h)+rm(CH32FV2x_V3xRM.PDF)+rm-address(CH32FV2x_V3xRM.PDF)
CH32V20x,TIM5,TIM,CCER,0x40000c20,0x020,16,1,#,confirmed,evt(ch32v20x.h)+rm(CH32FV2x_V3xRM.PDF)+rm-address(CH32FV2x_V3xRM.PDF)
CH32V20x,TIM5,TIM,CNT,0x40000c24,0x024,16,1,#,confirmed,evt(ch32v20x.h)+rm(CH32FV2x_V3xRM.PDF)+rm-address(CH32FV2x_V3xRM.PDF)
CH32V20x,TIM5,TIM,CNT_R32,0x40000c24,0x024,32,1,#,reference,evt(ch32v20x.h)
CH32V20x,TIM5,TIM,PSC,0x40000c28,0x028,16,1,#,confirmed,evt(ch32v20x.h)+rm(CH32FV2x_V3xRM.PDF)+rm-address(CH32FV2x_V3xRM.PDF)
CH32V20x,TIM5,TIM,ATRLR,0x40000c2c,0x02c,16,1,#,confirmed,evt(ch32v20x.h)+rm(CH32FV2x_V3xRM.PDF)+rm-address(CH32FV2x_V3xRM.PDF)
CH32V20x,TIM5,TIM,ATRLR_R32,0x40000c2c,0x02c,32,1,#,reference,evt(ch32v20x.h)
CH32V20x,TIM5,TIM,RPTCR,0x40000c30,0x030,16,1,#,confirmed,evt(ch32v20x.h)+rm(CH32FV2x_V3xRM.PDF)+rm-address(CH32FV2x_V3xRM.PDF)
CH32V20x,TIM5,TIM,CH1CVR,0x40000c34,0x034,16,1,#,confirmed,evt(ch32v20x.h)+rm(CH32FV2x_V3xRM.PDF)+rm-address(CH32FV2x_V3xRM.PDF)
CH32V20x,TIM5,TIM,CH1CVR_R32,0x40000c34,0x034,32,1,#,reference,evt(ch32v20x.h)
CH32V20x,TIM5,TIM,CH2CVR,0x40000c38,0x038,16,1,#,confirmed,evt(ch32v20x.h)+rm(CH32FV2x_V3xRM.PDF)+rm-address(CH32FV2x_V3xRM.PDF)
CH32V20x,TIM5,TIM,CH2CVR_R32,0x40000c38,0x038,32,1,#,reference,evt(ch32v20x.h)
CH32V20x,TIM5,TIM,CH3CVR,0x40000c3c,0x03c,16,1,#,confirmed,evt(ch32v20x.h)+rm(CH32FV2x_V3xRM.PDF)+rm-address(CH32FV2x_V3xRM.PDF)
CH32V20x,TIM5,TIM,CH3CVR_R32,0x40000c3c,0x03c,32,1,#,reference,evt(ch32v20x.h)
CH32V20x,TIM5,TIM,CH4CVR,0x40000c40,0x040,16,1,#,confirmed,evt(ch32v20x.h)+rm(CH32FV2x_V3xRM.PDF)+rm-address(CH32FV2x_V3xRM.PDF)
CH32V20x,TIM5,TIM,CH4CVR_R32,0x40000c40,0x040,32,1,#,reference,evt(ch32v20x.h)
CH32V20x,TIM5,TIM,BDTR,0x40000c44,0x044,16,1,#,confirmed,evt(ch32v20x.h)+rm(CH32FV2x_V3xRM.PDF)+rm-address(CH32FV2x_V3xRM.PDF)
CH32V20x,TIM5,TIM,DMACFGR,0x40000c48,0x048,16,1,#,confirmed,evt(ch32v20x.h)+rm(CH32FV2x_V3xRM.PDF)+rm-address(CH32FV2x_V3xRM.PDF)
CH32V20x,TIM5,TIM,DMAADR,0x40000c4c,0x04c,16,1,#,confirmed,evt(ch32v20x.h)+rm(CH32FV2x_V3xRM.PDF)+rm-address(CH32FV2x_V3xRM.PDF)
CH32V20x,RTC,RTC,CTLRH,0x40002800,0x000,16,1,#,confirmed,evt(ch32v20x.h)+rm(CH32FV2x_V3xRM.PDF)+rm-address(CH32FV2x_V3xRM.PDF)
CH32V20x,RTC,RTC,CTLRL,0x40002804,0x004,16,1,#,confirmed,evt(ch32v20x.h)+rm(CH32FV2x_V3xRM.PDF)+rm-address(CH32FV2x_V3xRM.PDF)
CH32V20x,RTC,RTC,PSCRH,0x40002808,0x008,16,1,#,confirmed,evt(ch32v20x.h)+rm(CH32FV2x_V3xRM.PDF)+rm-address(CH32FV2x_V3xRM.PDF)
CH32V20x,RTC,RTC,PSCRL,0x4000280c,0x00c,16,1,#,confirmed,evt(ch32v20x.h)+rm(CH32FV2x_V3xRM.PDF)+rm-address(CH32FV2x_V3xRM.PDF)
CH32V20x,RTC,RTC,DIVH,0x40002810,0x010,16,1,#,confirmed,evt(ch32v20x.h)+rm(CH32FV2x_V3xRM.PDF)+rm-address(CH32FV2x_V3xRM.PDF)
CH32V20x,RTC,RTC,DIVL,0x40002814,0x014,16,1,#,confirmed,evt(ch32v20x.h)+rm(CH32FV2x_V3xRM.PDF)+rm-address(CH32FV2x_V3xRM.PDF)
CH32V20x,RTC,RTC,CNTH,0x40002818,0x018,16,1,#,confirmed,evt(ch32v20x.h)+rm(CH32FV2x_V3xRM.PDF)+rm-address(CH32FV2x_V3xRM.PDF)
CH32V20x,RTC,RTC,CNTL,0x4000281c,0x01c,16,1,#,confirmed,evt(ch32v20x.h)+rm(CH32FV2x_V3xRM.PDF)+rm-address(CH32FV2x_V3xRM.PDF)
CH32V20x,RTC,RTC,ALRMH,0x40002820,0x020,16,1,#,confirmed,evt(ch32v20x.h)+rm(CH32FV2x_V3xRM.PDF)+rm-address(CH32FV2x_V3xRM.PDF)
CH32V20x,RTC,RTC,ALRML,0x40002824,0x024,16,1,#,confirmed,evt(ch32v20x.h)+rm(CH32FV2x_V3xRM.PDF)+rm-address(CH32FV2x_V3xRM.PDF)
CH32V20x,WWDG,WWDG,CTLR,0x40002c00,0x000,32,1,#,confirmed,evt(ch32v20x.h)+rm(CH32FV2x_V3xRM.PDF)+rm-address(CH32FV2x_V3xRM.PDF)
CH32V20x,WWDG,WWDG,CFGR,0x40002c04,0x004,32,1,#,confirmed,evt(ch32v20x.h)+rm(CH32FV2x_V3xRM.PDF)+rm-address(CH32FV2x_V3xRM.PDF)
CH32V20x,WWDG,WWDG,STATR,0x40002c08,0x008,32,1,#,confirmed,evt(ch32v20x.h)+rm(CH32FV2x_V3xRM.PDF)+rm-address(CH32FV2x_V3xRM.PDF)
CH32V20x,IWDG,IWDG,CTLR,0x40003000,0x000,32,1,#,confirmed,evt(ch32v20x.h)+rm(CH32FV2x_V3xRM.PDF)+rm-address(CH32FV2x_V3xRM.PDF)
CH32V20x,IWDG,IWDG,PSCR,0x40003004,0x004,32,1,#,confirmed,evt(ch32v20x.h)+rm(CH32FV2x_V3xRM.PDF)+rm-address(CH32FV2x_V3xRM.PDF)
CH32V20x,IWDG,IWDG,RLDR,0x40003008,0x008,32,1,#,confirmed,evt(ch32v20x.h)+rm(CH32FV2x_V3xRM.PDF)+rm-address(CH32FV2x_V3xRM.PDF)
CH32V20x,IWDG,IWDG,STATR,0x4000300c,0x00c,32,1,#,confirmed,evt(ch32v20x.h)+rm(CH32FV2x_V3xRM.PDF)+rm-address(CH32FV2x_V3xRM.PDF)
CH32V20x,SPI2,SPI,CTLR1,0x40003800,0x000,16,1,#,confirmed,evt(ch32v20x.h)+rm(CH32FV2x_V3xRM.PDF)+rm-address(CH32FV2x_V3xRM.PDF)
CH32V20x,SPI2,SPI,CTLR2,0x40003804,0x004,16,1,#,confirmed,evt(ch32v20x.h)+rm(CH32FV2x_V3xRM.PDF)+rm-address(CH32FV2x_V3xRM.PDF)
CH32V20x,SPI2,SPI,STATR,0x40003808,0x008,16,1,#,confirmed,evt(ch32v20x.h)+rm(CH32FV2x_V3xRM.PDF)+rm-address(CH32FV2x_V3xRM.PDF)
CH32V20x,SPI2,SPI,DATAR,0x4000380c,0x00c,16,1,#,confirmed,evt(ch32v20x.h)+rm(CH32FV2x_V3xRM.PDF)+rm-address(CH32FV2x_V3xRM.PDF)
CH32V20x,SPI2,SPI,CRCR,0x40003810,0x010,16,1,#,confirmed,evt(ch32v20x.h)+rm(CH32FV2x_V3xRM.PDF)+rm-address(CH32FV2x_V3xRM.PDF)
CH32V20x,SPI2,SPI,RCRCR,0x40003814,0x014,16,1,#,confirmed,evt(ch32v20x.h)+rm(CH32FV2x_V3xRM.PDF)+rm-address(CH32FV2x_V3xRM.PDF)
CH32V20x,SPI2,SPI,TCRCR,0x40003818,0x018,16,1,#,confirmed,evt(ch32v20x.h)+rm(CH32FV2x_V3xRM.PDF)+rm-address(CH32FV2x_V3xRM.PDF)
CH32V20x,SPI2,SPI,I2SCFGR,0x4000381c,0x01c,16,1,#,reference,evt(ch32v20x.h)
CH32V20x,SPI2,SPI,I2SPR,0x40003820,0x020,16,1,#,confirmed,evt(ch32v20x.h)+rm(CH32FV2x_V3xRM.PDF)+rm-address(CH32FV2x_V3xRM.PDF)
CH32V20x,SPI2,SPI,HSCR,0x40003824,0x024,16,1,#,confirmed,evt(ch32v20x.h)+rm(CH32FV2x_V3xRM.PDF)+rm-address(CH32FV2x_V3xRM.PDF)
CH32V20x,USART2,USART,STATR,0x40004400,0x000,16,1,#,confirmed,evt(ch32v20x.h)+rm(CH32FV2x_V3xRM.PDF)+rm-address(CH32FV2x_V3xRM.PDF)
CH32V20x,USART2,USART,DATAR,0x40004404,0x004,16,1,#,confirmed,evt(ch32v20x.h)+rm(CH32FV2x_V3xRM.PDF)+rm-address(CH32FV2x_V3xRM.PDF)
CH32V20x,USART2,USART,BRR,0x40004408,0x008,16,1,#,confirmed,evt(ch32v20x.h)+rm(CH32FV2x_V3xRM.PDF)+rm-address(CH32FV2x_V3xRM.PDF)
CH32V20x,USART2,USART,CTLR1,0x4000440c,0x00c,16,1,#,confirmed,evt(ch32v20x.h)+rm(CH32FV2x_V3xRM.PDF)+rm-address(CH32FV2x_V3xRM.PDF)
CH32V20x,USART2,USART,CTLR2,0x40004410,0x010,16,1,#,confirmed,evt(ch32v20x.h)+rm(CH32FV2x_V3xRM.PDF)+rm-address(CH32FV2x_V3xRM.PDF)
CH32V20x,USART2,USART,CTLR3,0x40004414,0x014,16,1,#,confirmed,evt(ch32v20x.h)+rm(CH32FV2x_V3xRM.PDF)+rm-address(CH32FV2x_V3xRM.PDF)
CH32V20x,USART2,USART,GPR,0x40004418,0x018,16,1,#,confirmed,evt(ch32v20x.h)+rm(CH32FV2x_V3xRM.PDF)+rm-address(CH32FV2x_V3xRM.PDF)
CH32V20x,USART3,USART,STATR,0x40004800,0x000,16,1,#,confirmed,evt(ch32v20x.h)+rm(CH32FV2x_V3xRM.PDF)+rm-address(CH32FV2x_V3xRM.PDF)
CH32V20x,USART3,USART,DATAR,0x40004804,0x004,16,1,#,confirmed,evt(ch32v20x.h)+rm(CH32FV2x_V3xRM.PDF)+rm-address(CH32FV2x_V3xRM.PDF)
CH32V20x,USART3,USART,BRR,0x40004808,0x008,16,1,#,confirmed,evt(ch32v20x.h)+rm(CH32FV2x_V3xRM.PDF)+rm-address(CH32FV2x_V3xRM.PDF)
CH32V20x,USART3,USART,CTLR1,0x4000480c,0x00c,16,1,#,confirmed,evt(ch32v20x.h)+rm(CH32FV2x_V3xRM.PDF)+rm-address(CH32FV2x_V3xRM.PDF)
CH32V20x,USART3,USART,CTLR2,0x40004810,0x010,16,1,#,confirmed,evt(ch32v20x.h)+rm(CH32FV2x_V3xRM.PDF)+rm-address(CH32FV2x_V3xRM.PDF)
CH32V20x,USART3,USART,CTLR3,0x40004814,0x014,16,1,#,confirmed,evt(ch32v20x.h)+rm(CH32FV2x_V3xRM.PDF)+rm-address(CH32FV2x_V3xRM.PDF)
CH32V20x,USART3,USART,GPR,0x40004818,0x018,16,1,#,confirmed,evt(ch32v20x.h)+rm(CH32FV2x_V3xRM.PDF)+rm-address(CH32FV2x_V3xRM.PDF)
CH32V20x,UART4,USART,STATR,0x40004c00,0x000,16,1,#,reference,evt(ch32v20x.h)+rm(CH32FV2x_V3xRM.PDF)+rm-address(CH32FV2x_V3xRM.PDF)
CH32V20x,UART4,USART,DATAR,0x40004c04,0x004,16,1,#,reference,evt(ch32v20x.h)+rm(CH32FV2x_V3xRM.PDF)+rm-address(CH32FV2x_V3xRM.PDF)
CH32V20x,UART4,USART,BRR,0x40004c08,0x008,16,1,#,reference,evt(ch32v20x.h)+rm(CH32FV2x_V3xRM.PDF)+rm-address(CH32FV2x_V3xRM.PDF)
CH32V20x,UART4,USART,CTLR1,0x40004c0c,0x00c,16,1,#,reference,evt(ch32v20x.h)+rm(CH32FV2x_V3xRM.PDF)+rm-address(CH32FV2x_V3xRM.PDF)
CH32V20x,UART4,USART,CTLR2,0x40004c10,0x010,16,1,#,reference,evt(ch32v20x.h)+rm(CH32FV2x_V3xRM.PDF)+rm-address(CH32FV2x_V3xRM.PDF)
CH32V20x,UART4,USART,CTLR3,0x40004c14,0x014,16,1,#,reference,evt(ch32v20x.h)+rm(CH32FV2x_V3xRM.PDF)+rm-address(CH32FV2x_V3xRM.PDF)
CH32V20x,UART4,USART,GPR,0x40004c18,0x018,16,1,#,reference,evt(ch32v20x.h)+rm(CH32FV2x_V3xRM.PDF)+rm-address(CH32FV2x_V3xRM.PDF)
CH32V20x,I2C1,I2C,CTLR1,0x40005400,0x000,16,1,#,confirmed,evt(ch32v20x.h)+rm(CH32FV2x_V3xRM.PDF)+rm-address(CH32FV2x_V3xRM.PDF)
CH32V20x,I2C1,I2C,CTLR2,0x40005404,0x004,16,1,#,confirmed,evt(ch32v20x.h)+rm(CH32FV2x_V3xRM.PDF)+rm-address(CH32FV2x_V3xRM.PDF)
CH32V20x,I2C1,I2C,OADDR1,0x40005408,0x008,16,1,#,confirmed,evt(ch32v20x.h)+rm(CH32FV2x_V3xRM.PDF)+rm-address(CH32FV2x_V3xRM.PDF)
CH32V20x,I2C1,I2C,OADDR2,0x4000540c,0x00c,16,1,#,confirmed,evt(ch32v20x.h)+rm(CH32FV2x_V3xRM.PDF)+rm-address(CH32FV2x_V3xRM.PDF)
CH32V20x,I2C1,I2C,DATAR,0x40005410,0x010,16,1,#,confirmed,evt(ch32v20x.h)+rm(CH32FV2x_V3xRM.PDF)+rm-address(CH32FV2x_V3xRM.PDF)
CH32V20x,I2C1,I2C,STAR1,0x40005414,0x014,16,1,#,confirmed,evt(ch32v20x.h)+rm(CH32FV2x_V3xRM.PDF)+rm-address(CH32FV2x_V3xRM.PDF)
CH32V20x,I2C1,I2C,STAR2,0x40005418,0x018,16,1,#,confirmed,evt(ch32v20x.h)+rm(CH32FV2x_V3xRM.PDF)+rm-address(CH32FV2x_V3xRM.PDF)
CH32V20x,I2C1,I2C,CKCFGR,0x4000541c,0x01c,16,1,#,confirmed,evt(ch32v20x.h)+rm(CH32FV2x_V3xRM.PDF)+rm-address(CH32FV2x_V3xRM.PDF)
CH32V20x,I2C1,I2C,RTR,0x40005420,0x020,16,1,#,confirmed,evt(ch32v20x.h)+rm(CH32FV2x_V3xRM.PDF)+rm-address(CH32FV2x_V3xRM.PDF)
CH32V20x,I2C2,I2C,CTLR1,0x40005800,0x000,16,1,#,confirmed,evt(ch32v20x.h)+rm(CH32FV2x_V3xRM.PDF)+rm-address(CH32FV2x_V3xRM.PDF)
CH32V20x,I2C2,I2C,CTLR2,0x40005804,0x004,16,1,#,confirmed,evt(ch32v20x.h)+rm(CH32FV2x_V3xRM.PDF)+rm-address(CH32FV2x_V3xRM.PDF)
CH32V20x,I2C2,I2C,OADDR1,0x40005808,0x008,16,1,#,confirmed,evt(ch32v20x.h)+rm(CH32FV2x_V3xRM.PDF)+rm-address(CH32FV2x_V3xRM.PDF)
CH32V20x,I2C2,I2C,OADDR2,0x4000580c,0x00c,16,1,#,confirmed,evt(ch32v20x.h)+rm(CH32FV2x_V3xRM.PDF)+rm-address(CH32FV2x_V3xRM.PDF)
CH32V20x,I2C2,I2C,DATAR,0x40005810,0x010,16,1,#,confirmed,evt(ch32v20x.h)+rm(CH32FV2x_V3xRM.PDF)+rm-address(CH32FV2x_V3xRM.PDF)
CH32V20x,I2C2,I2C,STAR1,0x40005814,0x014,16,1,#,confirmed,evt(ch32v20x.h)+rm(CH32FV2x_V3xRM.PDF)+rm-address(CH32FV2x_V3xRM.PDF)
CH32V20x,I2C2,I2C,STAR2,0x40005818,0x018,16,1,#,confirmed,evt(ch32v20x.h)+rm(CH32FV2x_V3xRM.PDF)+rm-address(CH32FV2x_V3xRM.PDF)
CH32V20x,I2C2,I2C,CKCFGR,0x4000581c,0x01c,16,1,#,confirmed,evt(ch32v20x.h)+rm(CH32FV2x_V3xRM.PDF)+rm-address(CH32FV2x_V3xRM.PDF)
CH32V20x,I2C2,I2C,RTR,0x40005820,0x020,16,1,#,confirmed,evt(ch32v20x.h)+rm(CH32FV2x_V3xRM.PDF)+rm-address(CH32FV2x_V3xRM.PDF)
CH32V20x,CAN1,CAN,CTLR,0x40006400,0x000,32,1,#,confirmed,evt(ch32v20x.h)+rm(CH32FV2x_V3xRM.PDF)+rm-address(CH32FV2x_V3xRM.PDF)
CH32V20x,CAN1,CAN,STATR,0x40006404,0x004,32,1,#,confirmed,evt(ch32v20x.h)+rm(CH32FV2x_V3xRM.PDF)+rm-address(CH32FV2x_V3xRM.PDF)
CH32V20x,CAN1,CAN,TSTATR,0x40006408,0x008,32,1,#,confirmed,evt(ch32v20x.h)+rm(CH32FV2x_V3xRM.PDF)+rm-address(CH32FV2x_V3xRM.PDF)
CH32V20x,CAN1,CAN,RFIFO0,0x4000640c,0x00c,32,1,#,confirmed,evt(ch32v20x.h)+rm(CH32FV2x_V3xRM.PDF)+rm-address(CH32FV2x_V3xRM.PDF)
CH32V20x,CAN1,CAN,RFIFO1,0x40006410,0x010,32,1,#,confirmed,evt(ch32v20x.h)+rm(CH32FV2x_V3xRM.PDF)+rm-address(CH32FV2x_V3xRM.PDF)
CH32V20x,CAN1,CAN,INTENR,0x40006414,0x014,32,1,#,confirmed,evt(ch32v20x.h)+rm(CH32FV2x_V3xRM.PDF)+rm-address(CH32FV2x_V3xRM.PDF)
CH32V20x,CAN1,CAN,ERRSR,0x40006418,0x018,32,1,#,confirmed,evt(ch32v20x.h)+rm(CH32FV2x_V3xRM.PDF)+rm-address(CH32FV2x_V3xRM.PDF)
CH32V20x,CAN1,CAN,BTIMR,0x4000641c,0x01c,32,1,#,confirmed,evt(ch32v20x.h)+rm(CH32FV2x_V3xRM.PDF)+rm-address(CH32FV2x_V3xRM.PDF)
CH32V20x,CAN1,CAN,sTxMailBox[0].TXMIR,0x40006580,0x180,32,1,#,confirmed,evt(ch32v20x.h)+rm-address(CH32FV2x_V3xRM.PDF)
CH32V20x,CAN1,CAN,sTxMailBox[0].TXMDTR,0x40006584,0x184,32,1,#,confirmed,evt(ch32v20x.h)+rm-address(CH32FV2x_V3xRM.PDF)
CH32V20x,CAN1,CAN,sTxMailBox[0].TXMDLR,0x40006588,0x188,32,1,#,confirmed,evt(ch32v20x.h)+rm-address(CH32FV2x_V3xRM.PDF)
CH32V20x,CAN1,CAN,sTxMailBox[0].TXMDHR,0x4000658c,0x18c,32,1,#,confirmed,evt(ch32v20x.h)+rm-address(CH32FV2x_V3xRM.PDF)
CH32V20x,CAN1,CAN,sTxMailBox[1].TXMIR,0x40006590,0x190,32,1,#,confirmed,evt(ch32v20x.h)+rm-address(CH32FV2x_V3xRM.PDF)
CH32V20x,CAN1,CAN,sTxMailBox[1].TXMDTR,0x40006594,0x194,32,1,#,confirmed,evt(ch32v20x.h)+rm-address(CH32FV2x_V3xRM.PDF)
CH32V20x,CAN1,CAN,sTxMailBox[1].TXMDLR,0x40006598,0x198,32,1,#,confirmed,evt(ch32v20x.h)+rm-address(CH32FV2x_V3xRM.PDF)
CH32V20x,CAN1,CAN,sTxMailBox[1].TXMDHR,0x4000659c,0x19c,32,1,#,confirmed,evt(ch32v20x.h)+rm-address(CH32FV2x_V3xRM.PDF)
CH32V20x,CAN1,CAN,sTxMailBox[2].TXMIR,0x400065a0,0x1a0,32,1,#,confirmed,evt(ch32v20x.h)+rm-address(CH32FV2x_V3xRM.PDF)
CH32V20x,CAN1,CAN,sTxMailBox[2].TXMDTR,0x400065a4,0x1a4,32,1,#,confirmed,evt(ch32v20x.h)+rm-address(CH32FV2x_V3xRM.PDF)
CH32V20x,CAN1,CAN,sTxMailBox[2].TXMDLR,0x400065a8,0x1a8,32,1,#,confirmed,evt(ch32v20x.h)+rm-address(CH32FV2x_V3xRM.PDF)
CH32V20x,CAN1,CAN,sTxMailBox[2].TXMDHR,0x400065ac,0x1ac,32,1,#,confirmed,evt(ch32v20x.h)+rm-address(CH32FV2x_V3xRM.PDF)
CH32V20x,CAN1,CAN,sFIFOMailBox[0].RXMIR,0x400065b0,0x1b0,32,1,#,confirmed,evt(ch32v20x.h)+rm-address(CH32FV2x_V3xRM.PDF)
CH32V20x,CAN1,CAN,sFIFOMailBox[0].RXMDTR,0x400065b4,0x1b4,32,1,#,confirmed,evt(ch32v20x.h)+rm-address(CH32FV2x_V3xRM.PDF)
CH32V20x,CAN1,CAN,sFIFOMailBox[0].RXMDLR,0x400065b8,0x1b8,32,1,#,confirmed,evt(ch32v20x.h)+rm-address(CH32FV2x_V3xRM.PDF)
CH32V20x,CAN1,CAN,sFIFOMailBox[0].RXMDHR,0x400065bc,0x1bc,32,1,#,confirmed,evt(ch32v20x.h)+rm-address(CH32FV2x_V3xRM.PDF)
CH32V20x,CAN1,CAN,sFIFOMailBox[1].RXMIR,0x400065c0,0x1c0,32,1,#,confirmed,evt(ch32v20x.h)+rm-address(CH32FV2x_V3xRM.PDF)
CH32V20x,CAN1,CAN,sFIFOMailBox[1].RXMDTR,0x400065c4,0x1c4,32,1,#,confirmed,evt(ch32v20x.h)+rm-address(CH32FV2x_V3xRM.PDF)
CH32V20x,CAN1,CAN,sFIFOMailBox[1].RXMDLR,0x400065c8,0x1c8,32,1,#,confirmed,evt(ch32v20x.h)+rm-address(CH32FV2x_V3xRM.PDF)
CH32V20x,CAN1,CAN,sFIFOMailBox[1].RXMDHR,0x400065cc,0x1cc,32,1,#,confirmed,evt(ch32v20x.h)+rm-address(CH32FV2x_V3xRM.PDF)
CH32V20x,CAN1,CAN,FCTLR,0x40006600,0x200,32,1,#,confirmed,evt(ch32v20x.h)+rm(CH32FV2x_V3xRM.PDF)+rm-address(CH32FV2x_V3xRM.PDF)
CH32V20x,CAN1,CAN,FMCFGR,0x40006604,0x204,32,1,#,confirmed,evt(ch32v20x.h)+rm(CH32FV2x_V3xRM.PDF)+rm-address(CH32FV2x_V3xRM.PDF)
CH32V20x,CAN1,CAN,FSCFGR,0x4000660c,0x20c,32,1,#,confirmed,evt(ch32v20x.h)+rm(CH32FV2x_V3xRM.PDF)+rm-address(CH32FV2x_V3xRM.PDF)
CH32V20x,CAN1,CAN,FAFIFOR,0x40006614,0x214,32,1,#,confirmed,evt(ch32v20x.h)+rm(CH32FV2x_V3xRM.PDF)+rm-address(CH32FV2x_V3xRM.PDF)
CH32V20x,CAN1,CAN,FWR,0x4000661c,0x21c,32,1,#,confirmed,evt(ch32v20x.h)+rm(CH32FV2x_V3xRM.PDF)+rm-address(CH32FV2x_V3xRM.PDF)
CH32V20x,CAN1,CAN,sFilterRegister[0].FR1,0x40006640,0x240,32,1,#,confirmed,evt(ch32v20x.h)+rm-address(CH32FV2x_V3xRM.PDF)
CH32V20x,CAN1,CAN,sFilterRegister[0].FR2,0x40006644,0x244,32,1,#,confirmed,evt(ch32v20x.h)+rm-address(CH32FV2x_V3xRM.PDF)
CH32V20x,CAN1,CAN,sFilterRegister[1].FR1,0x40006648,0x248,32,1,#,confirmed,evt(ch32v20x.h)+rm-address(CH32FV2x_V3xRM.PDF)
CH32V20x,CAN1,CAN,sFilterRegister[1].FR2,0x4000664c,0x24c,32,1,#,confirmed,evt(ch32v20x.h)+rm-address(CH32FV2x_V3xRM.PDF)
CH32V20x,CAN1,CAN,sFilterRegister[2].FR1,0x40006650,0x250,32,1,#,confirmed,evt(ch32v20x.h)+rm-address(CH32FV2x_V3xRM.PDF)
CH32V20x,CAN1,CAN,sFilterRegister[2].FR2,0x40006654,0x254,32,1,#,confirmed,evt(ch32v20x.h)+rm-address(CH32FV2x_V3xRM.PDF)
CH32V20x,CAN1,CAN,sFilterRegister[3].FR1,0x40006658,0x258,32,1,#,confirmed,evt(ch32v20x.h)+rm-address(CH32FV2x_V3xRM.PDF)
CH32V20x,CAN1,CAN,sFilterRegister[3].FR2,0x4000665c,0x25c,32,1,#,confirmed,evt(ch32v20x.h)+rm-address(CH32FV2x_V3xRM.PDF)
CH32V20x,CAN1,CAN,sFilterRegister[4].FR1,0x40006660,0x260,32,1,#,confirmed,evt(ch32v20x.h)+rm-address(CH32FV2x_V3xRM.PDF)
CH32V20x,CAN1,CAN,sFilterRegister[4].FR2,0x40006664,0x264,32,1,#,confirmed,evt(ch32v20x.h)+rm-address(CH32FV2x_V3xRM.PDF)
CH32V20x,CAN1,CAN,sFilterRegister[5].FR1,0x40006668,0x268,32,1,#,confirmed,evt(ch32v20x.h)+rm-address(CH32FV2x_V3xRM.PDF)
CH32V20x,CAN1,CAN,sFilterRegister[5].FR2,0x4000666c,0x26c,32,1,#,confirmed,evt(ch32v20x.h)+rm-address(CH32FV2x_V3xRM.PDF)
CH32V20x,CAN1,CAN,sFilterRegister[6].FR1,0x40006670,0x270,32,1,#,confirmed,evt(ch32v20x.h)+rm-address(CH32FV2x_V3xRM.PDF)
CH32V20x,CAN1,CAN,sFilterRegister[6].FR2,0x40006674,0x274,32,1,#,confirmed,evt(ch32v20x.h)+rm-address(CH32FV2x_V3xRM.PDF)
CH32V20x,CAN1,CAN,sFilterRegister[7].FR1,0x40006678,0x278,32,1,#,confirmed,evt(ch32v20x.h)+rm-address(CH32FV2x_V3xRM.PDF)
CH32V20x,CAN1,CAN,sFilterRegister[7].FR2,0x4000667c,0x27c,32,1,#,confirmed,evt(ch32v20x.h)+rm-address(CH32FV2x_V3xRM.PDF)
CH32V20x,CAN1,CAN,sFilterRegister[8].FR1,0x40006680,0x280,32,1,#,confirmed,evt(ch32v20x.h)+rm-address(CH32FV2x_V3xRM.PDF)
CH32V20x,CAN1,CAN,sFilterRegister[8].FR2,0x40006684,0x284,32,1,#,confirmed,evt(ch32v20x.h)+rm-address(CH32FV2x_V3xRM.PDF)
CH32V20x,CAN1,CAN,sFilterRegister[9].FR1,0x40006688,0x288,32,1,#,confirmed,evt(ch32v20x.h)+rm-address(CH32FV2x_V3xRM.PDF)
CH32V20x,CAN1,CAN,sFilterRegister[9].FR2,0x4000668c,0x28c,32,1,#,confirmed,evt(ch32v20x.h)+rm-address(CH32FV2x_V3xRM.PDF)
CH32V20x,CAN1,CAN,sFilterRegister[10].FR1,0x40006690,0x290,32,1,#,confirmed,evt(ch32v20x.h)+rm-address(CH32FV2x_V3xRM.PDF)
CH32V20x,CAN1,CAN,sFilterRegister[10].FR2,0x40006694,0x294,32,1,#,confirmed,evt(ch32v20x.h)+rm-address(CH32FV2x_V3xRM.PDF)
CH32V20x,CAN1,CAN,sFilterRegister[11].FR1,0x40006698,0x298,32,1,#,confirmed,evt(ch32v20x.h)+rm-address(CH32FV2x_V3xRM.PDF)
CH32V20x,CAN1,CAN,sFilterRegister[11].FR2,0x4000669c,0x29c,32,1,#,confirmed,evt(ch32v20x.h)+rm-address(CH32FV2x_V3xRM.PDF)
CH32V20x,CAN1,CAN,sFilterRegister[12].FR1,0x400066a0,0x2a0,32,1,#,confirmed,evt(ch32v20x.h)+rm-address(CH32FV2x_V3xRM.PDF)
CH32V20x,CAN1,CAN,sFilterRegister[12].FR2,0x400066a4,0x2a4,32,1,#,confirmed,evt(ch32v20x.h)+rm-address(CH32FV2x_V3xRM.PDF)
CH32V20x,CAN1,CAN,sFilterRegister[13].FR1,0x400066a8,0x2a8,32,1,#,confirmed,evt(ch32v20x.h)+rm-address(CH32FV2x_V3xRM.PDF)
CH32V20x,CAN1,CAN,sFilterRegister[13].FR2,0x400066ac,0x2ac,32,1,#,confirmed,evt(ch32v20x.h)+rm-address(CH32FV2x_V3xRM.PDF)
CH32V20x,CAN1,CAN,sFilterRegister[14].FR1,0x400066b0,0x2b0,32,1,#,confirmed,evt(ch32v20x.h)+rm-address(CH32FV2x_V3xRM.PDF)
CH32V20x,CAN1,CAN,sFilterRegister[14].FR2,0x400066b4,0x2b4,32,1,#,confirmed,evt(ch32v20x.h)+rm-address(CH32FV2x_V3xRM.PDF)
CH32V20x,CAN1,CAN,sFilterRegister[15].FR1,0x400066b8,0x2b8,32,1,#,confirmed,evt(ch32v20x.h)+rm-address(CH32FV2x_V3xRM.PDF)
CH32V20x,CAN1,CAN,sFilterRegister[15].FR2,0x400066bc,0x2bc,32,1,#,confirmed,evt(ch32v20x.h)+rm-address(CH32FV2x_V3xRM.PDF)
CH32V20x,CAN1,CAN,sFilterRegister[16].FR1,0x400066c0,0x2c0,32,1,#,confirmed,evt(ch32v20x.h)+rm-address(CH32FV2x_V3xRM.PDF)
CH32V20x,CAN1,CAN,sFilterRegister[16].FR2,0x400066c4,0x2c4,32,1,#,confirmed,evt(ch32v20x.h)+rm-address(CH32FV2x_V3xRM.PDF)
CH32V20x,CAN1,CAN,sFilterRegister[17].FR1,0x400066c8,0x2c8,32,1,#,confirmed,evt(ch32v20x.h)+rm-address(CH32FV2x_V3xRM.PDF)
CH32V20x,CAN1,CAN,sFilterRegister[17].FR2,0x400066cc,0x2cc,32,1,#,confirmed,evt(ch32v20x.h)+rm-address(CH32FV2x_V3xRM.PDF)
CH32V20x,CAN1,CAN,sFilterRegister[18].FR1,0x400066d0,0x2d0,32,1,#,confirmed,evt(ch32v20x.h)+rm-address(CH32FV2x_V3xRM.PDF)
CH32V20x,CAN1,CAN,sFilterRegister[18].FR2,0x400066d4,0x2d4,32,1,#,confirmed,evt(ch32v20x.h)+rm-address(CH32FV2x_V3xRM.PDF)
CH32V20x,CAN1,CAN,sFilterRegister[19].FR1,0x400066d8,0x2d8,32,1,#,confirmed,evt(ch32v20x.h)+rm-address(CH32FV2x_V3xRM.PDF)
CH32V20x,CAN1,CAN,sFilterRegister[19].FR2,0x400066dc,0x2dc,32,1,#,confirmed,evt(ch32v20x.h)+rm-address(CH32FV2x_V3xRM.PDF)
CH32V20x,CAN1,CAN,sFilterRegister[20].FR1,0x400066e0,0x2e0,32,1,#,confirmed,evt(ch32v20x.h)+rm-address(CH32FV2x_V3xRM.PDF)
CH32V20x,CAN1,CAN,sFilterRegister[20].FR2,0x400066e4,0x2e4,32,1,#,confirmed,evt(ch32v20x.h)+rm-address(CH32FV2x_V3xRM.PDF)
CH32V20x,CAN1,CAN,sFilterRegister[21].FR1,0x400066e8,0x2e8,32,1,#,confirmed,evt(ch32v20x.h)+rm-address(CH32FV2x_V3xRM.PDF)
CH32V20x,CAN1,CAN,sFilterRegister[21].FR2,0x400066ec,0x2ec,32,1,#,confirmed,evt(ch32v20x.h)+rm-address(CH32FV2x_V3xRM.PDF)
CH32V20x,CAN1,CAN,sFilterRegister[22].FR1,0x400066f0,0x2f0,32,1,#,confirmed,evt(ch32v20x.h)+rm-address(CH32FV2x_V3xRM.PDF)
CH32V20x,CAN1,CAN,sFilterRegister[22].FR2,0x400066f4,0x2f4,32,1,#,confirmed,evt(ch32v20x.h)+rm-address(CH32FV2x_V3xRM.PDF)
CH32V20x,CAN1,CAN,sFilterRegister[23].FR1,0x400066f8,0x2f8,32,1,#,confirmed,evt(ch32v20x.h)+rm-address(CH32FV2x_V3xRM.PDF)
CH32V20x,CAN1,CAN,sFilterRegister[23].FR2,0x400066fc,0x2fc,32,1,#,confirmed,evt(ch32v20x.h)+rm-address(CH32FV2x_V3xRM.PDF)
CH32V20x,CAN1,CAN,sFilterRegister[24].FR1,0x40006700,0x300,32,1,#,confirmed,evt(ch32v20x.h)+rm-address(CH32FV2x_V3xRM.PDF)
CH32V20x,CAN1,CAN,sFilterRegister[24].FR2,0x40006704,0x304,32,1,#,confirmed,evt(ch32v20x.h)+rm-address(CH32FV2x_V3xRM.PDF)
CH32V20x,CAN1,CAN,sFilterRegister[25].FR1,0x40006708,0x308,32,1,#,confirmed,evt(ch32v20x.h)+rm-address(CH32FV2x_V3xRM.PDF)
CH32V20x,CAN1,CAN,sFilterRegister[25].FR2,0x4000670c,0x30c,32,1,#,confirmed,evt(ch32v20x.h)+rm-address(CH32FV2x_V3xRM.PDF)
CH32V20x,CAN1,CAN,sFilterRegister[26].FR1,0x40006710,0x310,32,1,#,confirmed,evt(ch32v20x.h)+rm-address(CH32FV2x_V3xRM.PDF)
CH32V20x,CAN1,CAN,sFilterRegister[26].FR2,0x40006714,0x314,32,1,#,confirmed,evt(ch32v20x.h)+rm-address(CH32FV2x_V3xRM.PDF)
CH32V20x,CAN1,CAN,sFilterRegister[27].FR1,0x40006718,0x318,32,1,#,confirmed,evt(ch32v20x.h)+rm-address(CH32FV2x_V3xRM.PDF)
CH32V20x,CAN1,CAN,sFilterRegister[27].FR2,0x4000671c,0x31c,32,1,#,confirmed,evt(ch32v20x.h)+rm-address(CH32FV2x_V3xRM.PDF)
CH32V20x,BKP,BKP,DATAR1,0x40006c04,0x004,16,1,#,confirmed,evt(ch32v20x.h)+rm-address(CH32FV2x_V3xRM.PDF)
CH32V20x,BKP,BKP,DATAR2,0x40006c08,0x008,16,1,#,confirmed,evt(ch32v20x.h)+rm-address(CH32FV2x_V3xRM.PDF)
CH32V20x,BKP,BKP,DATAR3,0x40006c0c,0x00c,16,1,#,confirmed,evt(ch32v20x.h)+rm-address(CH32FV2x_V3xRM.PDF)
CH32V20x,BKP,BKP,DATAR4,0x40006c10,0x010,16,1,#,confirmed,evt(ch32v20x.h)+rm-address(CH32FV2x_V3xRM.PDF)
CH32V20x,BKP,BKP,DATAR5,0x40006c14,0x014,16,1,#,confirmed,evt(ch32v20x.h)+rm-address(CH32FV2x_V3xRM.PDF)
CH32V20x,BKP,BKP,DATAR6,0x40006c18,0x018,16,1,#,confirmed,evt(ch32v20x.h)+rm-address(CH32FV2x_V3xRM.PDF)
CH32V20x,BKP,BKP,DATAR7,0x40006c1c,0x01c,16,1,#,confirmed,evt(ch32v20x.h)+rm-address(CH32FV2x_V3xRM.PDF)
CH32V20x,BKP,BKP,DATAR8,0x40006c20,0x020,16,1,#,confirmed,evt(ch32v20x.h)+rm-address(CH32FV2x_V3xRM.PDF)
CH32V20x,BKP,BKP,DATAR9,0x40006c24,0x024,16,1,#,confirmed,evt(ch32v20x.h)+rm-address(CH32FV2x_V3xRM.PDF)
CH32V20x,BKP,BKP,DATAR10,0x40006c28,0x028,16,1,#,confirmed,evt(ch32v20x.h)+rm-address(CH32FV2x_V3xRM.PDF)
CH32V20x,BKP,BKP,OCTLR,0x40006c2c,0x02c,16,1,#,confirmed,evt(ch32v20x.h)+rm(CH32FV2x_V3xRM.PDF)+rm-address(CH32FV2x_V3xRM.PDF)
CH32V20x,BKP,BKP,TPCTLR,0x40006c30,0x030,16,1,#,confirmed,evt(ch32v20x.h)+rm(CH32FV2x_V3xRM.PDF)+rm-address(CH32FV2x_V3xRM.PDF)
CH32V20x,BKP,BKP,TPCSR,0x40006c34,0x034,16,1,#,confirmed,evt(ch32v20x.h)+rm(CH32FV2x_V3xRM.PDF)+rm-address(CH32FV2x_V3xRM.PDF)
CH32V20x,BKP,BKP,DATAR11,0x40006c40,0x040,16,1,#,confirmed,evt(ch32v20x.h)+rm-address(CH32FV2x_V3xRM.PDF)
CH32V20x,BKP,BKP,DATAR12,0x40006c44,0x044,16,1,#,confirmed,evt(ch32v20x.h)+rm-address(CH32FV2x_V3xRM.PDF)
CH32V20x,BKP,BKP,DATAR13,0x40006c48,0x048,16,1,#,confirmed,evt(ch32v20x.h)+rm-address(CH32FV2x_V3xRM.PDF)
CH32V20x,BKP,BKP,DATAR14,0x40006c4c,0x04c,16,1,#,confirmed,evt(ch32v20x.h)+rm-address(CH32FV2x_V3xRM.PDF)
CH32V20x,BKP,BKP,DATAR15,0x40006c50,0x050,16,1,#,confirmed,evt(ch32v20x.h)+rm-address(CH32FV2x_V3xRM.PDF)
CH32V20x,BKP,BKP,DATAR16,0x40006c54,0x054,16,1,#,confirmed,evt(ch32v20x.h)+rm-address(CH32FV2x_V3xRM.PDF)
CH32V20x,BKP,BKP,DATAR17,0x40006c58,0x058,16,1,#,confirmed,evt(ch32v20x.h)+rm-address(CH32FV2x_V3xRM.PDF)
CH32V20x,BKP,BKP,DATAR18,0x40006c5c,0x05c,16,1,#,confirmed,evt(ch32v20x.h)+rm-address(CH32FV2x_V3xRM.PDF)
CH32V20x,BKP,BKP,DATAR19,0x40006c60,0x060,16,1,#,confirmed,evt(ch32v20x.h)+rm-address(CH32FV2x_V3xRM.PDF)
CH32V20x,BKP,BKP,DATAR20,0x40006c64,0x064,16,1,#,confirmed,evt(ch32v20x.h)+rm-address(CH32FV2x_V3xRM.PDF)
CH32V20x,BKP,BKP,DATAR21,0x40006c68,0x068,16,1,#,confirmed,evt(ch32v20x.h)+rm-address(CH32FV2x_V3xRM.PDF)
CH32V20x,BKP,BKP,DATAR22,0x40006c6c,0x06c,16,1,#,confirmed,evt(ch32v20x.h)+rm-address(CH32FV2x_V3xRM.PDF)
CH32V20x,BKP,BKP,DATAR23,0x40006c70,0x070,16,1,#,confirmed,evt(ch32v20x.h)+rm-address(CH32FV2x_V3xRM.PDF)
CH32V20x,BKP,BKP,DATAR24,0x40006c74,0x074,16,1,#,confirmed,evt(ch32v20x.h)+rm-address(CH32FV2x_V3xRM.PDF)
CH32V20x,BKP,BKP,DATAR25,0x40006c78,0x078,16,1,#,confirmed,evt(ch32v20x.h)+rm-address(CH32FV2x_V3xRM.PDF)
CH32V20x,BKP,BKP,DATAR26,0x40006c7c,0x07c,16,1,#,confirmed,evt(ch32v20x.h)+rm-address(CH32FV2x_V3xRM.PDF)
CH32V20x,BKP,BKP,DATAR27,0x40006c80,0x080,16,1,#,confirmed,evt(ch32v20x.h)+rm-address(CH32FV2x_V3xRM.PDF)
CH32V20x,BKP,BKP,DATAR28,0x40006c84,0x084,16,1,#,confirmed,evt(ch32v20x.h)+rm-address(CH32FV2x_V3xRM.PDF)
CH32V20x,BKP,BKP,DATAR29,0x40006c88,0x088,16,1,#,confirmed,evt(ch32v20x.h)+rm-address(CH32FV2x_V3xRM.PDF)
CH32V20x,BKP,BKP,DATAR30,0x40006c8c,0x08c,16,1,#,confirmed,evt(ch32v20x.h)+rm-address(CH32FV2x_V3xRM.PDF)
CH32V20x,BKP,BKP,DATAR31,0x40006c90,0x090,16,1,#,confirmed,evt(ch32v20x.h)+rm-address(CH32FV2x_V3xRM.PDF)
CH32V20x,BKP,BKP,DATAR32,0x40006c94,0x094,16,1,#,confirmed,evt(ch32v20x.h)+rm-address(CH32FV2x_V3xRM.PDF)
CH32V20x,BKP,BKP,DATAR33,0x40006c98,0x098,16,1,#,confirmed,evt(ch32v20x.h)+rm-address(CH32FV2x_V3xRM.PDF)
CH32V20x,BKP,BKP,DATAR34,0x40006c9c,0x09c,16,1,#,confirmed,evt(ch32v20x.h)+rm-address(CH32FV2x_V3xRM.PDF)
CH32V20x,BKP,BKP,DATAR35,0x40006ca0,0x0a0,16,1,#,confirmed,evt(ch32v20x.h)+rm-address(CH32FV2x_V3xRM.PDF)
CH32V20x,BKP,BKP,DATAR36,0x40006ca4,0x0a4,16,1,#,confirmed,evt(ch32v20x.h)+rm-address(CH32FV2x_V3xRM.PDF)
CH32V20x,BKP,BKP,DATAR37,0x40006ca8,0x0a8,16,1,#,confirmed,evt(ch32v20x.h)+rm-address(CH32FV2x_V3xRM.PDF)
CH32V20x,BKP,BKP,DATAR38,0x40006cac,0x0ac,16,1,#,confirmed,evt(ch32v20x.h)+rm-address(CH32FV2x_V3xRM.PDF)
CH32V20x,BKP,BKP,DATAR39,0x40006cb0,0x0b0,16,1,#,confirmed,evt(ch32v20x.h)+rm-address(CH32FV2x_V3xRM.PDF)
CH32V20x,BKP,BKP,DATAR40,0x40006cb4,0x0b4,16,1,#,confirmed,evt(ch32v20x.h)+rm-address(CH32FV2x_V3xRM.PDF)
CH32V20x,BKP,BKP,DATAR41,0x40006cb8,0x0b8,16,1,#,confirmed,evt(ch32v20x.h)+rm-address(CH32FV2x_V3xRM.PDF)
CH32V20x,BKP,BKP,DATAR42,0x40006cbc,0x0bc,16,1,#,confirmed,evt(ch32v20x.h)+rm-address(CH32FV2x_V3xRM.PDF)
CH32V20x,PWR,PWR,CTLR,0x40007000,0x000,32,1,#,confirmed,evt(ch32v20x.h)+rm(CH32FV2x_V3xRM.PDF)+rm-address(CH32FV2x_V3xRM.PDF)
CH32V20x,PWR,PWR,CSR,0x40007004,0x004,32,1,#,confirmed,evt(ch32v20x.h)+rm(CH32FV2x_V3xRM.PDF)+rm-address(CH32FV2x_V3xRM.PDF)
CH32V20x,AFIO,AFIO,ECR,0x40010000,0x000,32,1,#,confirmed,evt(ch32v20x.h)+rm(CH32FV2x_V3xRM.PDF)+rm-address(CH32FV2x_V3xRM.PDF)
CH32V20x,AFIO,AFIO,PCFR1,0x40010004,0x004,32,1,#,confirmed,evt(ch32v20x.h)+rm(CH32FV2x_V3xRM.PDF)+rm-address(CH32FV2x_V3xRM.PDF)
CH32V20x,AFIO,AFIO,EXTICR,0x40010008,0x008,32,4,#,confirmed,evt(ch32v20x.h)+rm-address(CH32FV2x_V3xRM.PDF)
CH32V20x,AFIO,AFIO,PCFR2,0x4001001c,0x01c,32,1,#,confirmed,evt(ch32v20x.h)+rm(CH32FV2x_V3xRM.PDF)+rm-address(CH32FV2x_V3xRM.PDF)
CH32V20x,EXTI,EXTI,INTENR,0x40010400,0x000,32,1,#,confirmed,evt(ch32v20x.h)+rm(CH32FV2x_V3xRM.PDF)+rm-address(CH32FV2x_V3xRM.PDF)
CH32V20x,EXTI,EXTI,EVENR,0x40010404,0x004,32,1,#,confirmed,evt(ch32v20x.h)+rm(CH32FV2x_V3xRM.PDF)+rm-address(CH32FV2x_V3xRM.PDF)
CH32V20x,EXTI,EXTI,RTENR,0x40010408,0x008,32,1,#,confirmed,evt(ch32v20x.h)+rm(CH32FV2x_V3xRM.PDF)+rm-address(CH32FV2x_V3xRM.PDF)
CH32V20x,EXTI,EXTI,FTENR,0x4001040c,0x00c,32,1,#,confirmed,evt(ch32v20x.h)+rm(CH32FV2x_V3xRM.PDF)+rm-address(CH32FV2x_V3xRM.PDF)
CH32V20x,EXTI,EXTI,SWIEVR,0x40010410,0x010,32,1,#,confirmed,evt(ch32v20x.h)+rm(CH32FV2x_V3xRM.PDF)+rm-address(CH32FV2x_V3xRM.PDF)
CH32V20x,EXTI,EXTI,INTFR,0x40010414,0x014,32,1,#,confirmed,evt(ch32v20x.h)+rm(CH32FV2x_V3xRM.PDF)
CH32V20x,GPIOA,GPIO,CFGLR,0x40010800,0x000,32,1,#,confirmed,evt(ch32v20x.h)+rm-address(CH32FV2x_V3xRM.PDF)
CH32V20x,GPIOA,GPIO,CFGHR,0x40010804,0x004,32,1,#,confirmed,evt(ch32v20x.h)+rm-address(CH32FV2x_V3xRM.PDF)
CH32V20x,GPIOA,GPIO,INDR,0x40010808,0x008,32,1,#,confirmed,evt(ch32v20x.h)+rm(CH32FV2x_V3xRM.PDF)+rm-address(CH32FV2x_V3xRM.PDF)
CH32V20x,GPIOA,GPIO,OUTDR,0x4001080c,0x00c,32,1,#,confirmed,evt(ch32v20x.h)+rm(CH32FV2x_V3xRM.PDF)+rm-address(CH32FV2x_V3xRM.PDF)
CH32V20x,GPIOA,GPIO,BSHR,0x40010810,0x010,32,1,#,confirmed,evt(ch32v20x.h)+rm(CH32FV2x_V3xRM.PDF)+rm-address(CH32FV2x_V3xRM.PDF)
CH32V20x,GPIOA,GPIO,BCR,0x40010814,0x014,32,1,#,confirmed,evt(ch32v20x.h)+rm(CH32FV2x_V3xRM.PDF)+rm-address(CH32FV2x_V3xRM.PDF)
CH32V20x,GPIOA,GPIO,LCKR,0x40010818,0x018,32,1,#,confirmed,evt(ch32v20x.h)+rm(CH32FV2x_V3xRM.PDF)+rm-address(CH32FV2x_V3xRM.PDF)
CH32V20x,GPIOB,GPIO,CFGLR,0x40010c00,0x000,32,1,#,confirmed,evt(ch32v20x.h)+rm-address(CH32FV2x_V3xRM.PDF)
CH32V20x,GPIOB,GPIO,CFGHR,0x40010c04,0x004,32,1,#,confirmed,evt(ch32v20x.h)+rm-address(CH32FV2x_V3xRM.PDF)
CH32V20x,GPIOB,GPIO,INDR,0x40010c08,0x008,32,1,#,confirmed,evt(ch32v20x.h)+rm(CH32FV2x_V3xRM.PDF)+rm-address(CH32FV2x_V3xRM.PDF)
CH32V20x,GPIOB,GPIO,OUTDR,0x40010c0c,0x00c,32,1,#,confirmed,evt(ch32v20x.h)+rm(CH32FV2x_V3xRM.PDF)+rm-address(CH32FV2x_V3xRM.PDF)
CH32V20x,GPIOB,GPIO,BSHR,0x40010c10,0x010,32,1,#,confirmed,evt(ch32v20x.h)+rm(CH32FV2x_V3xRM.PDF)+rm-address(CH32FV2x_V3xRM.PDF)
CH32V20x,GPIOB,GPIO,BCR,0x40010c14,0x014,32,1,#,confirmed,evt(ch32v20x.h)+rm(CH32FV2x_V3xRM.PDF)+rm-address(CH32FV2x_V3xRM.PDF)
CH32V20x,GPIOB,GPIO,LCKR,0x40010c18,0x018,32,1,#,confirmed,evt(ch32v20x.h)+rm(CH32FV2x_V3xRM.PDF)+rm-address(CH32FV2x_V3xRM.PDF)
CH32V20x,GPIOC,GPIO,CFGLR,0x40011000,0x000,32,1,#,confirmed,evt(ch32v20x.h)+rm-address(CH32FV2x_V3xRM.PDF)
CH32V20x,GPIOC,GPIO,CFGHR,0x40011004,0x004,32,1,#,confirmed,evt(ch32v20x.h)+rm-address(CH32FV2x_V3xRM.PDF)
CH32V20x,GPIOC,GPIO,INDR,0x40011008,0x008,32,1,#,confirmed,evt(ch32v20x.h)+rm(CH32FV2x_V3xRM.PDF)+rm-address(CH32FV2x_V3xRM.PDF)
CH32V20x,GPIOC,GPIO,OUTDR,0x4001100c,0x00c,32,1,#,confirmed,evt(ch32v20x.h)+rm(CH32FV2x_V3xRM.PDF)+rm-address(CH32FV2x_V3xRM.PDF)
CH32V20x,GPIOC,GPIO,BSHR,0x40011010,0x010,32,1,#,confirmed,evt(ch32v20x.h)+rm(CH32FV2x_V3xRM.PDF)+rm-address(CH32FV2x_V3xRM.PDF)
CH32V20x,GPIOC,GPIO,BCR,0x40011014,0x014,32,1,#,confirmed,evt(ch32v20x.h)+rm(CH32FV2x_V3xRM.PDF)+rm-address(CH32FV2x_V3xRM.PDF)
CH32V20x,GPIOC,GPIO,LCKR,0x40011018,0x018,32,1,#,confirmed,evt(ch32v20x.h)+rm(CH32FV2x_V3xRM.PDF)+rm-address(CH32FV2x_V3xRM.PDF)
CH32V20x,GPIOD,GPIO,CFGLR,0x40011400,0x000,32,1,#,confirmed,evt(ch32v20x.h)+rm-address(CH32FV2x_V3xRM.PDF)
CH32V20x,GPIOD,GPIO,CFGHR,0x40011404,0x004,32,1,#,confirmed,evt(ch32v20x.h)+rm-address(CH32FV2x_V3xRM.PDF)
CH32V20x,GPIOD,GPIO,INDR,0x40011408,0x008,32,1,#,confirmed,evt(ch32v20x.h)+rm(CH32FV2x_V3xRM.PDF)+rm-address(CH32FV2x_V3xRM.PDF)
CH32V20x,GPIOD,GPIO,OUTDR,0x4001140c,0x00c,32,1,#,confirmed,evt(ch32v20x.h)+rm(CH32FV2x_V3xRM.PDF)+rm-address(CH32FV2x_V3xRM.PDF)
CH32V20x,GPIOD,GPIO,BSHR,0x40011410,0x010,32,1,#,confirmed,evt(ch32v20x.h)+rm(CH32FV2x_V3xRM.PDF)+rm-address(CH32FV2x_V3xRM.PDF)
CH32V20x,GPIOD,GPIO,BCR,0x40011414,0x014,32,1,#,confirmed,evt(ch32v20x.h)+rm(CH32FV2x_V3xRM.PDF)+rm-address(CH32FV2x_V3xRM.PDF)
CH32V20x,GPIOD,GPIO,LCKR,0x40011418,0x018,32,1,#,confirmed,evt(ch32v20x.h)+rm(CH32FV2x_V3xRM.PDF)+rm-address(CH32FV2x_V3xRM.PDF)
CH32V20x,ADC1,ADC,STATR,0x40012400,0x000,32,1,#,confirmed,evt(ch32v20x.h)+rm(CH32FV2x_V3xRM.PDF)+rm-address(CH32FV2x_V3xRM.PDF)
CH32V20x,TKey1,ADC,STATR,0x40012400,0x000,32,1,#,reference,evt(ch32v20x.h)+rm(CH32FV2x_V3xRM.PDF)+rm-address(CH32FV2x_V3xRM.PDF)
CH32V20x,ADC1,ADC,CTLR1,0x40012404,0x004,32,1,#,confirmed,evt(ch32v20x.h)+rm(CH32FV2x_V3xRM.PDF)+rm-address(CH32FV2x_V3xRM.PDF)
CH32V20x,TKey1,ADC,CTLR1,0x40012404,0x004,32,1,#,reference,evt(ch32v20x.h)+rm(CH32FV2x_V3xRM.PDF)+rm-address(CH32FV2x_V3xRM.PDF)
CH32V20x,ADC1,ADC,CTLR2,0x40012408,0x008,32,1,#,confirmed,evt(ch32v20x.h)+rm(CH32FV2x_V3xRM.PDF)+rm-address(CH32FV2x_V3xRM.PDF)
CH32V20x,TKey1,ADC,CTLR2,0x40012408,0x008,32,1,#,reference,evt(ch32v20x.h)+rm(CH32FV2x_V3xRM.PDF)+rm-address(CH32FV2x_V3xRM.PDF)
CH32V20x,ADC1,ADC,SAMPTR1,0x4001240c,0x00c,32,1,#,confirmed,evt(ch32v20x.h)+rm(CH32FV2x_V3xRM.PDF)+rm-address(CH32FV2x_V3xRM.PDF)
CH32V20x,TKey1,ADC,SAMPTR1,0x4001240c,0x00c,32,1,#,reference,evt(ch32v20x.h)+rm(CH32FV2x_V3xRM.PDF)+rm-address(CH32FV2x_V3xRM.PDF)
CH32V20x,ADC1,ADC,SAMPTR2,0x40012410,0x010,32,1,#,confirmed,evt(ch32v20x.h)+rm(CH32FV2x_V3xRM.PDF)+rm-address(CH32FV2x_V3xRM.PDF)
CH32V20x,TKey1,ADC,SAMPTR2,0x40012410,0x010,32,1,#,reference,evt(ch32v20x.h)+rm(CH32FV2x_V3xRM.PDF)+rm-address(CH32FV2x_V3xRM.PDF)
CH32V20x,ADC1,ADC,IOFR1,0x40012414,0x014,32,1,#,confirmed,evt(ch32v20x.h)+rm-address(CH32FV2x_V3xRM.PDF)
CH32V20x,TKey1,ADC,IOFR1,0x40012414,0x014,32,1,#,reference,evt(ch32v20x.h)+rm-address(CH32FV2x_V3xRM.PDF)
CH32V20x,ADC1,ADC,IOFR2,0x40012418,0x018,32,1,#,confirmed,evt(ch32v20x.h)+rm-address(CH32FV2x_V3xRM.PDF)
CH32V20x,TKey1,ADC,IOFR2,0x40012418,0x018,32,1,#,reference,evt(ch32v20x.h)+rm-address(CH32FV2x_V3xRM.PDF)
CH32V20x,ADC1,ADC,IOFR3,0x4001241c,0x01c,32,1,#,confirmed,evt(ch32v20x.h)+rm-address(CH32FV2x_V3xRM.PDF)
CH32V20x,TKey1,ADC,IOFR3,0x4001241c,0x01c,32,1,#,reference,evt(ch32v20x.h)+rm-address(CH32FV2x_V3xRM.PDF)
CH32V20x,ADC1,ADC,IOFR4,0x40012420,0x020,32,1,#,confirmed,evt(ch32v20x.h)+rm-address(CH32FV2x_V3xRM.PDF)
CH32V20x,TKey1,ADC,IOFR4,0x40012420,0x020,32,1,#,reference,evt(ch32v20x.h)+rm-address(CH32FV2x_V3xRM.PDF)
CH32V20x,ADC1,ADC,WDHTR,0x40012424,0x024,32,1,#,confirmed,evt(ch32v20x.h)+rm(CH32FV2x_V3xRM.PDF)+rm-address(CH32FV2x_V3xRM.PDF)
CH32V20x,TKey1,ADC,WDHTR,0x40012424,0x024,32,1,#,reference,evt(ch32v20x.h)+rm(CH32FV2x_V3xRM.PDF)+rm-address(CH32FV2x_V3xRM.PDF)
CH32V20x,ADC1,ADC,WDLTR,0x40012428,0x028,32,1,#,confirmed,evt(ch32v20x.h)+rm(CH32FV2x_V3xRM.PDF)+rm-address(CH32FV2x_V3xRM.PDF)
CH32V20x,TKey1,ADC,WDLTR,0x40012428,0x028,32,1,#,reference,evt(ch32v20x.h)+rm(CH32FV2x_V3xRM.PDF)+rm-address(CH32FV2x_V3xRM.PDF)
CH32V20x,ADC1,ADC,RSQR1,0x4001242c,0x02c,32,1,#,confirmed,evt(ch32v20x.h)+rm(CH32FV2x_V3xRM.PDF)+rm-address(CH32FV2x_V3xRM.PDF)
CH32V20x,TKey1,ADC,RSQR1,0x4001242c,0x02c,32,1,#,reference,evt(ch32v20x.h)+rm(CH32FV2x_V3xRM.PDF)+rm-address(CH32FV2x_V3xRM.PDF)
CH32V20x,ADC1,ADC,RSQR2,0x40012430,0x030,32,1,#,confirmed,evt(ch32v20x.h)+rm(CH32FV2x_V3xRM.PDF)+rm-address(CH32FV2x_V3xRM.PDF)
CH32V20x,TKey1,ADC,RSQR2,0x40012430,0x030,32,1,#,reference,evt(ch32v20x.h)+rm(CH32FV2x_V3xRM.PDF)+rm-address(CH32FV2x_V3xRM.PDF)
CH32V20x,ADC1,ADC,RSQR3,0x40012434,0x034,32,1,#,confirmed,evt(ch32v20x.h)+rm(CH32FV2x_V3xRM.PDF)+rm-address(CH32FV2x_V3xRM.PDF)
CH32V20x,TKey1,ADC,RSQR3,0x40012434,0x034,32,1,#,reference,evt(ch32v20x.h)+rm(CH32FV2x_V3xRM.PDF)+rm-address(CH32FV2x_V3xRM.PDF)
CH32V20x,ADC1,ADC,ISQR,0x40012438,0x038,32,1,#,confirmed,evt(ch32v20x.h)+rm(CH32FV2x_V3xRM.PDF)+rm-address(CH32FV2x_V3xRM.PDF)
CH32V20x,TKey1,ADC,ISQR,0x40012438,0x038,32,1,#,reference,evt(ch32v20x.h)+rm(CH32FV2x_V3xRM.PDF)+rm-address(CH32FV2x_V3xRM.PDF)
CH32V20x,ADC1,ADC,IDATAR1,0x4001243c,0x03c,32,1,#,confirmed,evt(ch32v20x.h)+rm-address(CH32FV2x_V3xRM.PDF)
CH32V20x,TKey1,ADC,IDATAR1,0x4001243c,0x03c,32,1,#,reference,evt(ch32v20x.h)+rm-address(CH32FV2x_V3xRM.PDF)
CH32V20x,ADC1,ADC,IDATAR2,0x40012440,0x040,32,1,#,confirmed,evt(ch32v20x.h)+rm-address(CH32FV2x_V3xRM.PDF)
CH32V20x,TKey1,ADC,IDATAR2,0x40012440,0x040,32,1,#,reference,evt(ch32v20x.h)+rm-address(CH32FV2x_V3xRM.PDF)
CH32V20x,ADC1,ADC,IDATAR3,0x40012444,0x044,32,1,#,confirmed,evt(ch32v20x.h)+rm-address(CH32FV2x_V3xRM.PDF)
CH32V20x,TKey1,ADC,IDATAR3,0x40012444,0x044,32,1,#,reference,evt(ch32v20x.h)+rm-address(CH32FV2x_V3xRM.PDF)
CH32V20x,ADC1,ADC,IDATAR4,0x40012448,0x048,32,1,#,confirmed,evt(ch32v20x.h)+rm-address(CH32FV2x_V3xRM.PDF)
CH32V20x,TKey1,ADC,IDATAR4,0x40012448,0x048,32,1,#,reference,evt(ch32v20x.h)+rm-address(CH32FV2x_V3xRM.PDF)
CH32V20x,ADC1,ADC,RDATAR,0x4001244c,0x04c,32,1,#,confirmed,evt(ch32v20x.h)+rm(CH32FV2x_V3xRM.PDF)+rm-address(CH32FV2x_V3xRM.PDF)
CH32V20x,TKey1,ADC,RDATAR,0x4001244c,0x04c,32,1,#,reference,evt(ch32v20x.h)+rm(CH32FV2x_V3xRM.PDF)+rm-address(CH32FV2x_V3xRM.PDF)
CH32V20x,ADC2,ADC,STATR,0x40012800,0x000,32,1,#,confirmed,evt(ch32v20x.h)+rm(CH32FV2x_V3xRM.PDF)+rm-address(CH32FV2x_V3xRM.PDF)
CH32V20x,TKey2,ADC,STATR,0x40012800,0x000,32,1,#,reference,evt(ch32v20x.h)+rm(CH32FV2x_V3xRM.PDF)+rm-address(CH32FV2x_V3xRM.PDF)
CH32V20x,ADC2,ADC,CTLR1,0x40012804,0x004,32,1,#,confirmed,evt(ch32v20x.h)+rm(CH32FV2x_V3xRM.PDF)+rm-address(CH32FV2x_V3xRM.PDF)
CH32V20x,TKey2,ADC,CTLR1,0x40012804,0x004,32,1,#,reference,evt(ch32v20x.h)+rm(CH32FV2x_V3xRM.PDF)+rm-address(CH32FV2x_V3xRM.PDF)
CH32V20x,ADC2,ADC,CTLR2,0x40012808,0x008,32,1,#,confirmed,evt(ch32v20x.h)+rm(CH32FV2x_V3xRM.PDF)+rm-address(CH32FV2x_V3xRM.PDF)
CH32V20x,TKey2,ADC,CTLR2,0x40012808,0x008,32,1,#,reference,evt(ch32v20x.h)+rm(CH32FV2x_V3xRM.PDF)+rm-address(CH32FV2x_V3xRM.PDF)
CH32V20x,ADC2,ADC,SAMPTR1,0x4001280c,0x00c,32,1,#,confirmed,evt(ch32v20x.h)+rm(CH32FV2x_V3xRM.PDF)+rm-address(CH32FV2x_V3xRM.PDF)
CH32V20x,TKey2,ADC,SAMPTR1,0x4001280c,0x00c,32,1,#,reference,evt(ch32v20x.h)+rm(CH32FV2x_V3xRM.PDF)+rm-address(CH32FV2x_V3xRM.PDF)
CH32V20x,ADC2,ADC,SAMPTR2,0x40012810,0x010,32,1,#,confirmed,evt(ch32v20x.h)+rm(CH32FV2x_V3xRM.PDF)+rm-address(CH32FV2x_V3xRM.PDF)
CH32V20x,TKey2,ADC,SAMPTR2,0x40012810,0x010,32,1,#,reference,evt(ch32v20x.h)+rm(CH32FV2x_V3xRM.PDF)+rm-address(CH32FV2x_V3xRM.PDF)
CH32V20x,ADC2,ADC,IOFR1,0x40012814,0x014,32,1,#,confirmed,evt(ch32v20x.h)+rm-address(CH32FV2x_V3xRM.PDF)
CH32V20x,TKey2,ADC,IOFR1,0x40012814,0x014,32,1,#,reference,evt(ch32v20x.h)+rm-address(CH32FV2x_V3xRM.PDF)
CH32V20x,ADC2,ADC,IOFR2,0x40012818,0x018,32,1,#,confirmed,evt(ch32v20x.h)+rm-address(CH32FV2x_V3xRM.PDF)
CH32V20x,TKey2,ADC,IOFR2,0x40012818,0x018,32,1,#,reference,evt(ch32v20x.h)+rm-address(CH32FV2x_V3xRM.PDF)
CH32V20x,ADC2,ADC,IOFR3,0x4001281c,0x01c,32,1,#,confirmed,evt(ch32v20x.h)+rm-address(CH32FV2x_V3xRM.PDF)
CH32V20x,TKey2,ADC,IOFR3,0x4001281c,0x01c,32,1,#,reference,evt(ch32v20x.h)+rm-address(CH32FV2x_V3xRM.PDF)
CH32V20x,ADC2,ADC,IOFR4,0x40012820,0x020,32,1,#,confirmed,evt(ch32v20x.h)+rm-address(CH32FV2x_V3xRM.PDF)
CH32V20x,TKey2,ADC,IOFR4,0x40012820,0x020,32,1,#,reference,evt(ch32v20x.h)+rm-address(CH32FV2x_V3xRM.PDF)
CH32V20x,ADC2,ADC,WDHTR,0x40012824,0x024,32,1,#,confirmed,evt(ch32v20x.h)+rm(CH32FV2x_V3xRM.PDF)+rm-address(CH32FV2x_V3xRM.PDF)
CH32V20x,TKey2,ADC,WDHTR,0x40012824,0x024,32,1,#,reference,evt(ch32v20x.h)+rm(CH32FV2x_V3xRM.PDF)+rm-address(CH32FV2x_V3xRM.PDF)
CH32V20x,ADC2,ADC,WDLTR,0x40012828,0x028,32,1,#,confirmed,evt(ch32v20x.h)+rm(CH32FV2x_V3xRM.PDF)+rm-address(CH32FV2x_V3xRM.PDF)
CH32V20x,TKey2,ADC,WDLTR,0x40012828,0x028,32,1,#,reference,evt(ch32v20x.h)+rm(CH32FV2x_V3xRM.PDF)+rm-address(CH32FV2x_V3xRM.PDF)
CH32V20x,ADC2,ADC,RSQR1,0x4001282c,0x02c,32,1,#,confirmed,evt(ch32v20x.h)+rm(CH32FV2x_V3xRM.PDF)+rm-address(CH32FV2x_V3xRM.PDF)
CH32V20x,TKey2,ADC,RSQR1,0x4001282c,0x02c,32,1,#,reference,evt(ch32v20x.h)+rm(CH32FV2x_V3xRM.PDF)+rm-address(CH32FV2x_V3xRM.PDF)
CH32V20x,ADC2,ADC,RSQR2,0x40012830,0x030,32,1,#,confirmed,evt(ch32v20x.h)+rm(CH32FV2x_V3xRM.PDF)+rm-address(CH32FV2x_V3xRM.PDF)
CH32V20x,TKey2,ADC,RSQR2,0x40012830,0x030,32,1,#,reference,evt(ch32v20x.h)+rm(CH32FV2x_V3xRM.PDF)+rm-address(CH32FV2x_V3xRM.PDF)
CH32V20x,ADC2,ADC,RSQR3,0x40012834,0x034,32,1,#,confirmed,evt(ch32v20x.h)+rm(CH32FV2x_V3xRM.PDF)+rm-address(CH32FV2x_V3xRM.PDF)
CH32V20x,TKey2,ADC,RSQR3,0x40012834,0x034,32,1,#,reference,evt(ch32v20x.h)+rm(CH32FV2x_V3xRM.PDF)+rm-address(CH32FV2x_V3xRM.PDF)
CH32V20x,ADC2,ADC,ISQR,0x40012838,0x038,32,1,#,confirmed,evt(ch32v20x.h)+rm(CH32FV2x_V3xRM.PDF)+rm-address(CH32FV2x_V3xRM.PDF)
CH32V20x,TKey2,ADC,ISQR,0x40012838,0x038,32,1,#,reference,evt(ch32v20x.h)+rm(CH32FV2x_V3xRM.PDF)+rm-address(CH32FV2x_V3xRM.PDF)
CH32V20x,ADC2,ADC,IDATAR1,0x4001283c,0x03c,32,1,#,confirmed,evt(ch32v20x.h)+rm-address(CH32FV2x_V3xRM.PDF)
CH32V20x,TKey2,ADC,IDATAR1,0x4001283c,0x03c,32,1,#,reference,evt(ch32v20x.h)+rm-address(CH32FV2x_V3xRM.PDF)
CH32V20x,ADC2,ADC,IDATAR2,0x40012840,0x040,32,1,#,confirmed,evt(ch32v20x.h)+rm-address(CH32FV2x_V3xRM.PDF)
CH32V20x,TKey2,ADC,IDATAR2,0x40012840,0x040,32,1,#,reference,evt(ch32v20x.h)+rm-address(CH32FV2x_V3xRM.PDF)
CH32V20x,ADC2,ADC,IDATAR3,0x40012844,0x044,32,1,#,confirmed,evt(ch32v20x.h)+rm-address(CH32FV2x_V3xRM.PDF)
CH32V20x,TKey2,ADC,IDATAR3,0x40012844,0x044,32,1,#,reference,evt(ch32v20x.h)+rm-address(CH32FV2x_V3xRM.PDF)
CH32V20x,ADC2,ADC,IDATAR4,0x40012848,0x048,32,1,#,confirmed,evt(ch32v20x.h)+rm-address(CH32FV2x_V3xRM.PDF)
CH32V20x,TKey2,ADC,IDATAR4,0x40012848,0x048,32,1,#,reference,evt(ch32v20x.h)+rm-address(CH32FV2x_V3xRM.PDF)
CH32V20x,ADC2,ADC,RDATAR,0x4001284c,0x04c,32,1,#,confirmed,evt(ch32v20x.h)+rm(CH32FV2x_V3xRM.PDF)+rm-address(CH32FV2x_V3xRM.PDF)
CH32V20x,TKey2,ADC,RDATAR,0x4001284c,0x04c,32,1,#,reference,evt(ch32v20x.h)+rm(CH32FV2x_V3xRM.PDF)+rm-address(CH32FV2x_V3xRM.PDF)
CH32V20x,TIM1,TIM,CTLR1,0x40012c00,0x000,16,1,#,confirmed,evt(ch32v20x.h)+rm(CH32FV2x_V3xRM.PDF)+rm-address(CH32FV2x_V3xRM.PDF)
CH32V20x,TIM1,TIM,CTLR2,0x40012c04,0x004,16,1,#,confirmed,evt(ch32v20x.h)+rm(CH32FV2x_V3xRM.PDF)+rm-address(CH32FV2x_V3xRM.PDF)
CH32V20x,TIM1,TIM,SMCFGR,0x40012c08,0x008,16,1,#,confirmed,evt(ch32v20x.h)+rm(CH32FV2x_V3xRM.PDF)+rm-address(CH32FV2x_V3xRM.PDF)
CH32V20x,TIM1,TIM,DMAINTENR,0x40012c0c,0x00c,16,1,#,confirmed,evt(ch32v20x.h)+rm(CH32FV2x_V3xRM.PDF)+rm-address(CH32FV2x_V3xRM.PDF)
CH32V20x,TIM1,TIM,INTFR,0x40012c10,0x010,16,1,#,confirmed,evt(ch32v20x.h)+rm(CH32FV2x_V3xRM.PDF)+rm-address(CH32FV2x_V3xRM.PDF)
CH32V20x,TIM1,TIM,SWEVGR,0x40012c14,0x014,16,1,#,confirmed,evt(ch32v20x.h)+rm(CH32FV2x_V3xRM.PDF)+rm-address(CH32FV2x_V3xRM.PDF)
CH32V20x,TIM1,TIM,CHCTLR1,0x40012c18,0x018,16,1,#,confirmed,evt(ch32v20x.h)+rm(CH32FV2x_V3xRM.PDF)+rm-address(CH32FV2x_V3xRM.PDF)
CH32V20x,TIM1,TIM,CHCTLR2,0x40012c1c,0x01c,16,1,#,confirmed,evt(ch32v20x.h)+rm(CH32FV2x_V3xRM.PDF)+rm-address(CH32FV2x_V3xRM.PDF)
CH32V20x,TIM1,TIM,CCER,0x40012c20,0x020,16,1,#,confirmed,evt(ch32v20x.h)+rm(CH32FV2x_V3xRM.PDF)+rm-address(CH32FV2x_V3xRM.PDF)
CH32V20x,TIM1,TIM,CNT,0x40012c24,0x024,16,1,#,confirmed,evt(ch32v20x.h)+rm(CH32FV2x_V3xRM.PDF)+rm-address(CH32FV2x_V3xRM.PDF)
CH32V20x,TIM1,TIM,CNT_R32,0x40012c24,0x024,32,1,#,reference,evt(ch32v20x.h)
CH32V20x,TIM1,TIM,PSC,0x40012c28,0x028,16,1,#,confirmed,evt(ch32v20x.h)+rm(CH32FV2x_V3xRM.PDF)+rm-address(CH32FV2x_V3xRM.PDF)
CH32V20x,TIM1,TIM,ATRLR,0x40012c2c,0x02c,16,1,#,confirmed,evt(ch32v20x.h)+rm(CH32FV2x_V3xRM.PDF)+rm-address(CH32FV2x_V3xRM.PDF)
CH32V20x,TIM1,TIM,ATRLR_R32,0x40012c2c,0x02c,32,1,#,reference,evt(ch32v20x.h)
CH32V20x,TIM1,TIM,RPTCR,0x40012c30,0x030,16,1,#,confirmed,evt(ch32v20x.h)+rm(CH32FV2x_V3xRM.PDF)+rm-address(CH32FV2x_V3xRM.PDF)
CH32V20x,TIM1,TIM,CH1CVR,0x40012c34,0x034,16,1,#,confirmed,evt(ch32v20x.h)+rm(CH32FV2x_V3xRM.PDF)+rm-address(CH32FV2x_V3xRM.PDF)
CH32V20x,TIM1,TIM,CH1CVR_R32,0x40012c34,0x034,32,1,#,reference,evt(ch32v20x.h)
CH32V20x,TIM1,TIM,CH2CVR,0x40012c38,0x038,16,1,#,confirmed,evt(ch32v20x.h)+rm(CH32FV2x_V3xRM.PDF)+rm-address(CH32FV2x_V3xRM.PDF)
CH32V20x,TIM1,TIM,CH2CVR_R32,0x40012c38,0x038,32,1,#,reference,evt(ch32v20x.h)
CH32V20x,TIM1,TIM,CH3CVR,0x40012c3c,0x03c,16,1,#,confirmed,evt(ch32v20x.h)+rm(CH32FV2x_V3xRM.PDF)+rm-address(CH32FV2x_V3xRM.PDF)
CH32V20x,TIM1,TIM,CH3CVR_R32,0x40012c3c,0x03c,32,1,#,reference,evt(ch32v20x.h)
CH32V20x,TIM1,TIM,CH4CVR,0x40012c40,0x040,16,1,#,confirmed,evt(ch32v20x.h)+rm(CH32FV2x_V3xRM.PDF)+rm-address(CH32FV2x_V3xRM.PDF)
CH32V20x,TIM1,TIM,CH4CVR_R32,0x40012c40,0x040,32,1,#,reference,evt(ch32v20x.h)
CH32V20x,TIM1,TIM,BDTR,0x40012c44,0x044,16,1,#,confirmed,evt(ch32v20x.h)+rm(CH32FV2x_V3xRM.PDF)+rm-address(CH32FV2x_V3xRM.PDF)
CH32V20x,TIM1,TIM,DMACFGR,0x40012c48,0x048,16,1,#,confirmed,evt(ch32v20x.h)+rm(CH32FV2x_V3xRM.PDF)+rm-address(CH32FV2x_V3xRM.PDF)
CH32V20x,TIM1,TIM,DMAADR,0x40012c4c,0x04c,16,1,#,confirmed,evt(ch32v20x.h)+rm(CH32FV2x_V3xRM.PDF)+rm-address(CH32FV2x_V3xRM.PDF)
CH32V20x,SPI1,SPI,CTLR1,0x40013000,0x000,16,1,#,confirmed,evt(ch32v20x.h)+rm(CH32FV2x_V3xRM.PDF)+rm-address(CH32FV2x_V3xRM.PDF)
CH32V20x,SPI1,SPI,CTLR2,0x40013004,0x004,16,1,#,confirmed,evt(ch32v20x.h)+rm(CH32FV2x_V3xRM.PDF)+rm-address(CH32FV2x_V3xRM.PDF)
CH32V20x,SPI1,SPI,STATR,0x40013008,0x008,16,1,#,confirmed,evt(ch32v20x.h)+rm(CH32FV2x_V3xRM.PDF)+rm-address(CH32FV2x_V3xRM.PDF)
CH32V20x,SPI1,SPI,DATAR,0x4001300c,0x00c,16,1,#,confirmed,evt(ch32v20x.h)+rm(CH32FV2x_V3xRM.PDF)+rm-address(CH32FV2x_V3xRM.PDF)
CH32V20x,SPI1,SPI,CRCR,0x40013010,0x010,16,1,#,confirmed,evt(ch32v20x.h)+rm(CH32FV2x_V3xRM.PDF)+rm-address(CH32FV2x_V3xRM.PDF)
CH32V20x,SPI1,SPI,RCRCR,0x40013014,0x014,16,1,#,confirmed,evt(ch32v20x.h)+rm(CH32FV2x_V3xRM.PDF)+rm-address(CH32FV2x_V3xRM.PDF)
CH32V20x,SPI1,SPI,TCRCR,0x40013018,0x018,16,1,#,confirmed,evt(ch32v20x.h)+rm(CH32FV2x_V3xRM.PDF)+rm-address(CH32FV2x_V3xRM.PDF)
CH32V20x,SPI1,SPI,I2SCFGR,0x4001301c,0x01c,16,1,#,reference,evt(ch32v20x.h)
CH32V20x,SPI1,SPI,I2SPR,0x40013020,0x020,16,1,#,confirmed,evt(ch32v20x.h)+rm(CH32FV2x_V3xRM.PDF)+rm-address(CH32FV2x_V3xRM.PDF)
CH32V20x,SPI1,SPI,HSCR,0x40013024,0x024,16,1,#,confirmed,evt(ch32v20x.h)+rm(CH32FV2x_V3xRM.PDF)+rm-address(CH32FV2x_V3xRM.PDF)
CH32V20x,USART1,USART,STATR,0x40013800,0x000,16,1,#,confirmed,evt(ch32v20x.h)+rm(CH32FV2x_V3xRM.PDF)+rm-address(CH32FV2x_V3xRM.PDF)
CH32V20x,USART1,USART,DATAR,0x40013804,0x004,16,1,#,confirmed,evt(ch32v20x.h)+rm(CH32FV2x_V3xRM.PDF)+rm-address(CH32FV2x_V3xRM.PDF)
CH32V20x,USART1,USART,BRR,0x40013808,0x008,16,1,#,confirmed,evt(ch32v20x.h)+rm(CH32FV2x_V3xRM.PDF)+rm-address(CH32FV2x_V3xRM.PDF)
CH32V20x,USART1,USART,CTLR1,0x4001380c,0x00c,16,1,#,confirmed,evt(ch32v20x.h)+rm(CH32FV2x_V3xRM.PDF)+rm-address(CH32FV2x_V3xRM.PDF)
CH32V20x,USART1,USART,CTLR2,0x40013810,0x010,16,1,#,confirmed,evt(ch32v20x.h)+rm(CH32FV2x_V3xRM.PDF)+rm-address(CH32FV2x_V3xRM.PDF)
CH32V20x,USART1,USART,CTLR3,0x40013814,0x014,16,1,#,confirmed,evt(ch32v20x.h)+rm(CH32FV2x_V3xRM.PDF)+rm-address(CH32FV2x_V3xRM.PDF)
CH32V20x,USART1,USART,GPR,0x40013818,0x018,16,1,#,confirmed,evt(ch32v20x.h)+rm(CH32FV2x_V3xRM.PDF)+rm-address(CH32FV2x_V3xRM.PDF)
CH32V20x,DMA1,DMA,INTFR,0x40020000,0x000,32,1,#,confirmed,evt(ch32v20x.h)+rm-address(CH32FV2x_V3xRM.PDF)
CH32V20x,DMA1,DMA,INTFCR,0x40020004,0x004,32,1,#,confirmed,evt(ch32v20x.h)+rm-address(CH32FV2x_V3xRM.PDF)
CH32V20x,DMA1_Channel1,DMA_Channel,CFGR,0x40020008,0x000,32,1,#,confirmed,evt(ch32v20x.h)+rm-address(CH32FV2x_V3xRM.PDF)
CH32V20x,DMA1_Channel1,DMA_Channel,CNTR,0x4002000c,0x004,32,1,#,confirmed,evt(ch32v20x.h)+rm-address(CH32FV2x_V3xRM.PDF)
CH32V20x,DMA1_Channel1,DMA_Channel,PADDR,0x40020010,0x008,32,1,#,confirmed,evt(ch32v20x.h)+rm-address(CH32FV2x_V3xRM.PDF)
CH32V20x,DMA1_Channel1,DMA_Channel,MADDR,0x40020014,0x00c,32,1,#,confirmed,evt(ch32v20x.h)+rm-address(CH32FV2x_V3xRM.PDF)
CH32V20x,DMA1_Channel2,DMA_Channel,CFGR,0x4002001c,0x000,32,1,#,confirmed,evt(ch32v20x.h)+rm-address(CH32FV2x_V3xRM.PDF)
CH32V20x,DMA1_Channel2,DMA_Channel,CNTR,0x40020020,0x004,32,1,#,confirmed,evt(ch32v20x.h)+rm-address(CH32FV2x_V3xRM.PDF)
CH32V20x,DMA1_Channel2,DMA_Channel,PADDR,0x40020024,0x008,32,1,#,confirmed,evt(ch32v20x.h)+rm-address(CH32FV2x_V3xRM.PDF)
CH32V20x,DMA1_Channel2,DMA_Channel,MADDR,0x40020028,0x00c,32,1,#,confirmed,evt(ch32v20x.h)+rm-address(CH32FV2x_V3xRM.PDF)
CH32V20x,DMA1_Channel3,DMA_Channel,CFGR,0x40020030,0x000,32,1,#,confirmed,evt(ch32v20x.h)+rm-address(CH32FV2x_V3xRM.PDF)
CH32V20x,DMA1_Channel3,DMA_Channel,CNTR,0x40020034,0x004,32,1,#,confirmed,evt(ch32v20x.h)+rm-address(CH32FV2x_V3xRM.PDF)
CH32V20x,DMA1_Channel3,DMA_Channel,PADDR,0x40020038,0x008,32,1,#,confirmed,evt(ch32v20x.h)+rm-address(CH32FV2x_V3xRM.PDF)
CH32V20x,DMA1_Channel3,DMA_Channel,MADDR,0x4002003c,0x00c,32,1,#,confirmed,evt(ch32v20x.h)+rm-address(CH32FV2x_V3xRM.PDF)
CH32V20x,DMA1_Channel4,DMA_Channel,CFGR,0x40020044,0x000,32,1,#,confirmed,evt(ch32v20x.h)+rm-address(CH32FV2x_V3xRM.PDF)
CH32V20x,DMA1_Channel4,DMA_Channel,CNTR,0x40020048,0x004,32,1,#,confirmed,evt(ch32v20x.h)+rm-address(CH32FV2x_V3xRM.PDF)
CH32V20x,DMA1_Channel4,DMA_Channel,PADDR,0x4002004c,0x008,32,1,#,confirmed,evt(ch32v20x.h)+rm-address(CH32FV2x_V3xRM.PDF)
CH32V20x,DMA1_Channel4,DMA_Channel,MADDR,0x40020050,0x00c,32,1,#,confirmed,evt(ch32v20x.h)+rm-address(CH32FV2x_V3xRM.PDF)
CH32V20x,DMA1_Channel5,DMA_Channel,CFGR,0x40020058,0x000,32,1,#,confirmed,evt(ch32v20x.h)+rm-address(CH32FV2x_V3xRM.PDF)
CH32V20x,DMA1_Channel5,DMA_Channel,CNTR,0x4002005c,0x004,32,1,#,confirmed,evt(ch32v20x.h)+rm-address(CH32FV2x_V3xRM.PDF)
CH32V20x,DMA1_Channel5,DMA_Channel,PADDR,0x40020060,0x008,32,1,#,confirmed,evt(ch32v20x.h)+rm-address(CH32FV2x_V3xRM.PDF)
CH32V20x,DMA1_Channel5,DMA_Channel,MADDR,0x40020064,0x00c,32,1,#,confirmed,evt(ch32v20x.h)+rm-address(CH32FV2x_V3xRM.PDF)
CH32V20x,DMA1_Channel6,DMA_Channel,CFGR,0x4002006c,0x000,32,1,#,confirmed,evt(ch32v20x.h)+rm-address(CH32FV2x_V3xRM.PDF)
CH32V20x,DMA1_Channel6,DMA_Channel,CNTR,0x40020070,0x004,32,1,#,confirmed,evt(ch32v20x.h)+rm-address(CH32FV2x_V3xRM.PDF)
CH32V20x,DMA1_Channel6,DMA_Channel,PADDR,0x40020074,0x008,32,1,#,confirmed,evt(ch32v20x.h)+rm-address(CH32FV2x_V3xRM.PDF)
CH32V20x,DMA1_Channel6,DMA_Channel,MADDR,0x40020078,0x00c,32,1,#,confirmed,evt(ch32v20x.h)+rm-address(CH32FV2x_V3xRM.PDF)
CH32V20x,DMA1_Channel7,DMA_Channel,CFGR,0x40020080,0x000,32,1,#,confirmed,evt(ch32v20x.h)+rm-address(CH32FV2x_V3xRM.PDF)
CH32V20x,DMA1_Channel7,DMA_Channel,CNTR,0x40020084,0x004,32,1,#,confirmed,evt(ch32v20x.h)+rm-address(CH32FV2x_V3xRM.PDF)
CH32V20x,DMA1_Channel7,DMA_Channel,PADDR,0x40020088,0x008,32,1,#,confirmed,evt(ch32v20x.h)+rm-address(CH32FV2x_V3xRM.PDF)
CH32V20x,DMA1_Channel7,DMA_Channel,MADDR,0x4002008c,0x00c,32,1,#,confirmed,evt(ch32v20x.h)+rm-address(CH32FV2x_V3xRM.PDF)
CH32V20x,DMA1_Channel8,DMA_Channel,CFGR,0x40020094,0x000,32,1,#,confirmed,evt(ch32v20x.h)+rm-address(CH32FV2x_V3xRM.PDF)
CH32V20x,DMA1_Channel8,DMA_Channel,CNTR,0x40020098,0x004,32,1,#,confirmed,evt(ch32v20x.h)+rm-address(CH32FV2x_V3xRM.PDF)
CH32V20x,DMA1_Channel8,DMA_Channel,PADDR,0x4002009c,0x008,32,1,#,confirmed,evt(ch32v20x.h)+rm-address(CH32FV2x_V3xRM.PDF)
CH32V20x,DMA1_Channel8,DMA_Channel,MADDR,0x400200a0,0x00c,32,1,#,confirmed,evt(ch32v20x.h)+rm-address(CH32FV2x_V3xRM.PDF)
CH32V20x,RCC,RCC,CTLR,0x40021000,0x000,32,1,#,confirmed,evt(ch32v20x.h)+rm(CH32FV2x_V3xRM.PDF)+rm-address(CH32FV2x_V3xRM.PDF)
CH32V20x,RCC,RCC,CFGR0,0x40021004,0x004,32,1,#,confirmed,evt(ch32v20x.h)+rm(CH32FV2x_V3xRM.PDF)+rm-address(CH32FV2x_V3xRM.PDF)
CH32V20x,RCC,RCC,INTR,0x40021008,0x008,32,1,#,confirmed,evt(ch32v20x.h)+rm(CH32FV2x_V3xRM.PDF)+rm-address(CH32FV2x_V3xRM.PDF)
CH32V20x,RCC,RCC,APB2PRSTR,0x4002100c,0x00c,32,1,#,confirmed,evt(ch32v20x.h)+rm(CH32FV2x_V3xRM.PDF)+rm-address(CH32FV2x_V3xRM.PDF)
CH32V20x,RCC,RCC,APB1PRSTR,0x40021010,0x010,32,1,#,confirmed,evt(ch32v20x.h)+rm(CH32FV2x_V3xRM.PDF)+rm-address(CH32FV2x_V3xRM.PDF)
CH32V20x,RCC,RCC,AHBPCENR,0x40021014,0x014,32,1,#,confirmed,evt(ch32v20x.h)+rm(CH32FV2x_V3xRM.PDF)+rm-address(CH32FV2x_V3xRM.PDF)
CH32V20x,RCC,RCC,APB2PCENR,0x40021018,0x018,32,1,#,confirmed,evt(ch32v20x.h)+rm(CH32FV2x_V3xRM.PDF)+rm-address(CH32FV2x_V3xRM.PDF)
CH32V20x,RCC,RCC,APB1PCENR,0x4002101c,0x01c,32,1,#,confirmed,evt(ch32v20x.h)+rm(CH32FV2x_V3xRM.PDF)+rm-address(CH32FV2x_V3xRM.PDF)
CH32V20x,RCC,RCC,BDCTLR,0x40021020,0x020,32,1,#,confirmed,evt(ch32v20x.h)+rm(CH32FV2x_V3xRM.PDF)+rm-address(CH32FV2x_V3xRM.PDF)
CH32V20x,RCC,RCC,RSTSCKR,0x40021024,0x024,32,1,#,confirmed,evt(ch32v20x.h)+rm(CH32FV2x_V3xRM.PDF)+rm-address(CH32FV2x_V3xRM.PDF)
CH32V20x,RCC,RCC,AHBRSTR,0x40021028,0x028,32,1,#,confirmed,evt(ch32v20x.h)+rm(CH32FV2x_V3xRM.PDF)+rm-address(CH32FV2x_V3xRM.PDF)
CH32V20x,RCC,RCC,CFGR2,0x4002102c,0x02c,32,1,#,confirmed,evt(ch32v20x.h)+rm(CH32FV2x_V3xRM.PDF)+rm-address(CH32FV2x_V3xRM.PDF)
CH32V20x,FLASH,FLASH,ACTLR,0x40022000,0x000,32,1,#,reference,evt(ch32v20x.h)
CH32V20x,FLASH,FLASH,KEYR,0x40022004,0x004,32,1,#,confirmed,evt(ch32v20x.h)+rm(CH32FV2x_V3xRM.PDF)+rm-address(CH32FV2x_V3xRM.PDF)
CH32V20x,FLASH,FLASH,OBKEYR,0x40022008,0x008,32,1,#,confirmed,evt(ch32v20x.h)+rm(CH32FV2x_V3xRM.PDF)+rm-address(CH32FV2x_V3xRM.PDF)
CH32V20x,FLASH,FLASH,STATR,0x4002200c,0x00c,32,1,#,confirmed,evt(ch32v20x.h)+rm(CH32FV2x_V3xRM.PDF)+rm-address(CH32FV2x_V3xRM.PDF)
CH32V20x,FLASH,FLASH,CTLR,0x40022010,0x010,32,1,#,confirmed,evt(ch32v20x.h)+rm(CH32FV2x_V3xRM.PDF)+rm-address(CH32FV2x_V3xRM.PDF)
CH32V20x,FLASH,FLASH,ADDR,0x40022014,0x014,32,1,#,confirmed,evt(ch32v20x.h)+rm(CH32FV2x_V3xRM.PDF)+rm-address(CH32FV2x_V3xRM.PDF)
CH32V20x,FLASH,FLASH,OBR,0x4002201c,0x01c,32,1,#,confirmed,evt(ch32v20x.h)+rm(CH32FV2x_V3xRM.PDF)+rm-address(CH32FV2x_V3xRM.PDF)
CH32V20x,FLASH,FLASH,WPR,0x40022020,0x020,32,1,#,confirmed,evt(ch32v20x.h)+rm(CH32FV2x_V3xRM.PDF)+rm-address(CH32FV2x_V3xRM.PDF)
CH32V20x,FLASH,FLASH,MODEKEYR,0x40022024,0x024,32,1,#,confirmed,evt(ch32v20x.h)+rm(CH32FV2x_V3xRM.PDF)+rm-address(CH32FV2x_V3xRM.PDF)
CH32V20x,OSC,OSC,HSE_CAL_CTRL,0x4002202c,0x000,32,1,#,reference,evt(ch32v20x.h)
CH32V20x,OSC,OSC,Reserve0,0x40022030,0x004,32,1,#,reference,evt(ch32v20x.h)
CH32V20x,OSC,OSC,Reserve1,0x40022034,0x008,16,1,#,reference,evt(ch32v20x.h)
CH32V20x,OSC,OSC,LSI32K_TUNE,0x40022036,0x00a,16,1,#,reference,evt(ch32v20x.h)
CH32V20x,OSC,OSC,Reserve2,0x40022038,0x00c,32,1,#,reference,evt(ch32v20x.h)
CH32V20x,OSC,OSC,Reserve3,0x4002203c,0x010,32,1,#,reference,evt(ch32v20x.h)
CH32V20x,OSC,OSC,Reserve4,0x40022040,0x014,32,1,#,reference,evt(ch32v20x.h)
CH32V20x,OSC,OSC,Reserve5,0x40022044,0x018,32,1,#,reference,evt(ch32v20x.h)
CH32V20x,OSC,OSC,Reserve6,0x40022048,0x01c,8,1,#,reference,evt(ch32v20x.h)
CH32V20x,OSC,OSC,LSI32K_CAL_CFG,0x40022049,0x01d,8,1,#,reference,evt(ch32v20x.h)
CH32V20x,OSC,OSC,Reserve7,0x4002204a,0x01e,16,1,#,reference,evt(ch32v20x.h)
CH32V20x,OSC,OSC,LSI32K_CAL_STATR,0x4002204c,0x020,16,1,#,reference,evt(ch32v20x.h)
CH32V20x,OSC,OSC,LSI32K_CAL_OV_CNT,0x4002204e,0x022,8,1,#,reference,evt(ch32v20x.h)
CH32V20x,OSC,OSC,LSI32K_CAL_CTRL,0x4002204f,0x023,8,1,#,reference,evt(ch32v20x.h)
CH32V20x,CRC,CRC,DATAR,0x40023000,0x000,32,1,#,confirmed,evt(ch32v20x.h)+rm(CH32FV2x_V3xRM.PDF)+rm-address(CH32FV2x_V3xRM.PDF)
CH32V20x,CRC,CRC,IDATAR,0x40023004,0x004,8,1,#,confirmed,evt(ch32v20x.h)+rm(CH32FV2x_V3xRM.PDF)
CH32V20x,CRC,CRC,CTLR,0x40023008,0x008,32,1,#,confirmed,evt(ch32v20x.h)+rm(CH32FV2x_V3xRM.PDF)
CH32V20x,EXTEN,EXTEN,EXTEN_CTR,0x40023800,0x000,32,1,#,confirmed,evt(ch32v20x.h)+rm-address(CH32FV2x_V3xRM.PDF)
CH32V20x,OPA,OPA,CR,0x40023804,0x000,32,1,#,reference,evt(ch32v20x.h)
CH32V20x,ETH10M,ETH10M,EIE,0x40028003,0x003,8,1,#,reference,evt(ch32v20x.h)
CH32V20x,ETH10M,ETH10M,EIR,0x40028004,0x004,8,1,#,reference,evt(ch32v20x.h)
CH32V20x,ETH10M,ETH10M,ESTAT,0x40028005,0x005,8,1,#,reference,evt(ch32v20x.h)
CH32V20x,ETH10M,ETH10M,ECON2,0x40028006,0x006,8,1,#,reference,evt(ch32v20x.h)
CH32V20x,ETH10M,ETH10M,ECON1,0x40028007,0x007,8,1,#,reference,evt(ch32v20x.h)
CH32V20x,ETH10M,ETH10M,ETXST,0x40028008,0x008,16,1,#,reference,evt(ch32v20x.h)
CH32V20x,ETH10M,ETH10M,ETXLN,0x4002800a,0x00a,16,1,#,reference,evt(ch32v20x.h)
CH32V20x,ETH10M,ETH10M,ERXST,0x4002800c,0x00c,16,1,#,reference,evt(ch32v20x.h)
CH32V20x,ETH10M,ETH10M,ERXLN,0x4002800e,0x00e,16,1,#,reference,evt(ch32v20x.h)
CH32V20x,ETH10M,ETH10M,HTL,0x40028010,0x010,32,1,#,reference,evt(ch32v20x.h)
CH32V20x,ETH10M,ETH10M,HTH,0x40028014,0x014,32,1,#,reference,evt(ch32v20x.h)
CH32V20x,ETH10M,ETH10M,ERXFON,0x40028018,0x018,8,1,#,reference,evt(ch32v20x.h)
CH32V20x,ETH10M,ETH10M,MACON1,0x40028019,0x019,8,1,#,reference,evt(ch32v20x.h)
CH32V20x,ETH10M,ETH10M,MACON2,0x4002801a,0x01a,8,1,#,reference,evt(ch32v20x.h)
CH32V20x,ETH10M,ETH10M,MABBIPG,0x4002801b,0x01b,8,1,#,reference,evt(ch32v20x.h)
CH32V20x,ETH10M,ETH10M,EPAUS,0x4002801c,0x01c,16,1,#,reference,evt(ch32v20x.h)
CH32V20x,ETH10M,ETH10M,MAMXFL,0x4002801e,0x01e,16,1,#,reference,evt(ch32v20x.h)
CH32V20x,ETH10M,ETH10M,MIRD,0x40028020,0x020,16,1,#,reference,evt(ch32v20x.h)
CH32V20x,ETH10M,ETH10M,MIERGADR,0x40028024,0x024,8,1,#,reference,evt(ch32v20x.h)
CH32V20x,ETH10M,ETH10M,MISTAT,0x40028025,0x025,8,1,#,reference,evt(ch32v20x.h)
CH32V20x,ETH10M,ETH10M,MIWR,0x40028026,0x026,16,1,#,reference,evt(ch32v20x.h)
CH32V20x,ETH10M,ETH10M,MAADRL,0x40028028,0x028,32,1,#,reference,evt(ch32v20x.h)
CH32V20x,ETH10M,ETH10M,MAADRH,0x4002802c,0x02c,16,1,#,reference,evt(ch32v20x.h)
CH32V20x,USBFSD,USBFSD,BASE_CTRL,0x50000000,0x000,8,1,#,reference,evt(ch32v20x.h)
CH32V20x,USBFSH,USBFSH,BASE_CTRL,0x50000000,0x000,8,1,#,reference,evt(ch32v20x.h)
CH32V20x,USBFSD,USBFSD,UDEV_CTRL,0x50000001,0x001,8,1,#,reference,evt(ch32v20x.h)
CH32V20x,USBFSH,USBFSH,HOST_CTRL,0x50000001,0x001,8,1,#,reference,evt(ch32v20x.h)
CH32V20x,USBFSD,USBFSD,INT_EN,0x50000002,0x002,8,1,#,reference,evt(ch32v20x.h)
CH32V20x,USBFSH,USBFSH,INT_EN,0x50000002,0x002,8,1,#,reference,evt(ch32v20x.h)
CH32V20x,USBFSD,USBFSD,DEV_ADDR,0x50000003,0x003,8,1,#,reference,evt(ch32v20x.h)
CH32V20x,USBFSH,USBFSH,DEV_ADDR,0x50000003,0x003,8,1,#,reference,evt(ch32v20x.h)
CH32V20x,USBFSD,USBFSD,Reserve0,0x50000004,0x004,8,1,#,reference,evt(ch32v20x.h)
CH32V20x,USBFSH,USBFSH,Reserve0,0x50000004,0x004,8,1,#,reference,evt(ch32v20x.h)
CH32V20x,USBFSD,USBFSD,MIS_ST,0x50000005,0x005,8,1,#,reference,evt(ch32v20x.h)
CH32V20x,USBFSH,USBFSH,MIS_ST,0x50000005,0x005,8,1,#,reference,evt(ch32v20x.h)
CH32V20x,USBFSD,USBFSD,INT_FG,0x50000006,0x006,8,1,#,reference,evt(ch32v20x.h)
CH32V20x,USBFSH,USBFSH,INT_FG,0x50000006,0x006,8,1,#,reference,evt(ch32v20x.h)
CH32V20x,USBFSD,USBFSD,INT_ST,0x50000007,0x007,8,1,#,reference,evt(ch32v20x.h)
CH32V20x,USBFSH,USBFSH,INT_ST,0x50000007,0x007,8,1,#,reference,evt(ch32v20x.h)
CH32V20x,USBFSD,USBFSD,RX_LEN,0x50000008,0x008,32,1,#,reference,evt(ch32v20x.h)
CH32V20x,USBFSH,USBFSH,RX_LEN,0x50000008,0x008,16,1,#,reference,evt(ch32v20x.h)
CH32V20x,USBFSH,USBFSH,Reserve1,0x5000000a,0x00a,16,1,#,reference,evt(ch32v20x.h)
CH32V20x,USBFSD,USBFSD,UEP4_1_MOD,0x5000000c,0x00c,8,1,#,reference,evt(ch32v20x.h)
CH32V20x,USBFSH,USBFSH,Reserve2,0x5000000c,0x00c,8,1,#,reference,evt(ch32v20x.h)
CH32V20x,USBFSD,USBFSD,UEP2_3_MOD,0x5000000d,0x00d,8,1,#,reference,evt(ch32v20x.h)
CH32V20x,USBFSH,USBFSH,HOST_EP_MOD,0x5000000d,0x00d,8,1,#,reference,evt(ch32v20x.h)
CH32V20x,USBFSD,USBFSD,UEP5_6_MOD,0x5000000e,0x00e,8,1,#,reference,evt(ch32v20x.h)
CH32V20x,USBFSH,USBFSH,Reserve3,0x5000000e,0x00e,16,1,#,reference,evt(ch32v20x.h)
CH32V20x,USBFSD,USBFSD,UEP7_MOD,0x5000000f,0x00f,8,1,#,reference,evt(ch32v20x.h)
CH32V20x,USBFSD,USBFSD,UEP0_DMA,0x50000010,0x010,32,1,#,reference,evt(ch32v20x.h)
CH32V20x,USBFSH,USBFSH,Reserve4,0x50000010,0x010,32,1,#,reference,evt(ch32v20x.h)
CH32V20x,USBFSD,USBFSD,UEP1_DMA,0x50000014,0x014,32,1,#,reference,evt(ch32v20x.h)
CH32V20x,USBFSH,USBFSH,Reserve5,0x50000014,0x014,32,1,#,reference,evt(ch32v20x.h)
CH32V20x,USBFSD,USBFSD,UEP2_DMA,0x50000018,0x018,32,1,#,reference,evt(ch32v20x.h)
CH32V20x,USBFSH,USBFSH,HOST_RX_DMA,0x50000018,0x018,32,1,#,reference,evt(ch32v20x.h)
CH32V20x,USBFSD,USBFSD,UEP3_DMA,0x5000001c,0x01c,32,1,#,reference,evt(ch32v20x.h)
CH32V20x,USBFSH,USBFSH,HOST_TX_DMA,0x5000001c,0x01c,32,1,#,reference,evt(ch32v20x.h)
CH32V20x,USBFSD,USBFSD,UEP4_DMA,0x50000020,0x020,32,1,#,reference,evt(ch32v20x.h)
CH32V20x,USBFSH,USBFSH,Reserve6,0x50000020,0x020,32,1,#,reference,evt(ch32v20x.h)
CH32V20x,USBFSD,USBFSD,UEP5_DMA,0x50000024,0x024,32,1,#,reference,evt(ch32v20x.h)
CH32V20x,USBFSH,USBFSH,Reserve7,0x50000024,0x024,32,1,#,reference,evt(ch32v20x.h)
CH32V20x,USBFSD,USBFSD,UEP6_DMA,0x50000028,0x028,32,1,#,reference,evt(ch32v20x.h)
CH32V20x,USBFSH,USBFSH,Reserve8,0x50000028,0x028,32,1,#,reference,evt(ch32v20x.h)
CH32V20x,USBFSD,USBFSD,UEP7_DMA,0x5000002c,0x02c,32,1,#,reference,evt(ch32v20x.h)
CH32V20x,USBFSH,USBFSH,Reserve9,0x5000002c,0x02c,32,1,#,reference,evt(ch32v20x.h)
CH32V20x,USBFSD,USBFSD,UEP0_TX_LEN,0x50000030,0x030,16,1,#,reference,evt(ch32v20x.h)
CH32V20x,USBFSH,USBFSH,Reserve10,0x50000030,0x030,32,1,#,reference,evt(ch32v20x.h)
CH32V20x,USBFSD,USBFSD,UEP0_TX_CTRL,0x50000032,0x032,8,1,#,reference,evt(ch32v20x.h)
CH32V20x,USBFSD,USBFSD,UEP0_RX_CTRL,0x50000033,0x033,8,1,#,reference,evt(ch32v20x.h)
CH32V20x,USBFSD,USBFSD,UEP1_TX_LEN,0x50000034,0x034,16,1,#,reference,evt(ch32v20x.h)
CH32V20x,USBFSH,USBFSH,Reserve11,0x50000034,0x034,16,1,#,reference,evt(ch32v20x.h)
CH32V20x,USBFSD,USBFSD,UEP1_TX_CTRL,0x50000036,0x036,8,1,#,reference,evt(ch32v20x.h)
CH32V20x,USBFSH,USBFSH,HOST_SETUP,0x50000036,0x036,16,1,#,reference,evt(ch32v20x.h)
CH32V20x,USBFSD,USBFSD,UEP1_RX_CTRL,0x50000037,0x037,8,1,#,reference,evt(ch32v20x.h)
CH32V20x,USBFSD,USBFSD,UEP2_TX_LEN,0x50000038,0x038,16,1,#,reference,evt(ch32v20x.h)
CH32V20x,USBFSH,USBFSH,HOST_EP_PID,0x50000038,0x038,8,1,#,reference,evt(ch32v20x.h)
CH32V20x,USBFSH,USBFSH,Reserve12,0x50000039,0x039,8,1,#,reference,evt(ch32v20x.h)
CH32V20x,USBFSD,USBFSD,UEP2_TX_CTRL,0x5000003a,0x03a,8,1,#,reference,evt(ch32v20x.h)
CH32V20x,USBFSH,USBFSH,Reserve13,0x5000003a,0x03a,8,1,#,reference,evt(ch32v20x.h)
CH32V20x,USBFSD,USBFSD,UEP2_RX_CTRL,0x5000003b,0x03b,8,1,#,reference,evt(ch32v20x.h)
CH32V20x,USBFSH,USBFSH,HOST_RX_CTRL,0x5000003b,0x03b,8,1,#,reference,evt(ch32v20x.h)
CH32V20x,USBFSD,USBFSD,UEP3_TX_LEN,0x5000003c,0x03c,16,1,#,reference,evt(ch32v20x.h)
CH32V20x,USBFSH,USBFSH,HOST_TX_LEN,0x5000003c,0x03c,16,1,#,reference,evt(ch32v20x.h)
CH32V20x,USBFSD,USBFSD,UEP3_TX_CTRL,0x5000003e,0x03e,8,1,#,reference,evt(ch32v20x.h)
CH32V20x,USBFSH,USBFSH,HOST_TX_CTRL,0x5000003e,0x03e,8,1,#,reference,evt(ch32v20x.h)
CH32V20x,USBFSD,USBFSD,UEP3_RX_CTRL,0x5000003f,0x03f,8,1,#,reference,evt(ch32v20x.h)
CH32V20x,USBFSH,USBFSH,Reserve14,0x5000003f,0x03f,8,1,#,reference,evt(ch32v20x.h)
CH32V20x,USBFSD,USBFSD,UEP4_TX_LEN,0x50000040,0x040,16,1,#,reference,evt(ch32v20x.h)
CH32V20x,USBFSH,USBFSH,Reserve15,0x50000040,0x040,32,1,#,reference,evt(ch32v20x.h)
CH32V20x,USBFSD,USBFSD,UEP4_TX_CTRL,0x50000042,0x042,8,1,#,reference,evt(ch32v20x.h)
CH32V20x,USBFSD,USBFSD,UEP4_RX_CTRL,0x50000043,0x043,8,1,#,reference,evt(ch32v20x.h)
CH32V20x,USBFSD,USBFSD,UEP5_TX_LEN,0x50000044,0x044,16,1,#,reference,evt(ch32v20x.h)
CH32V20x,USBFSH,USBFSH,Reserve16,0x50000044,0x044,32,1,#,reference,evt(ch32v20x.h)
CH32V20x,USBFSD,USBFSD,UEP5_TX_CTRL,0x50000046,0x046,8,1,#,reference,evt(ch32v20x.h)
CH32V20x,USBFSD,USBFSD,UEP5_RX_CTRL,0x50000047,0x047,8,1,#,reference,evt(ch32v20x.h)
CH32V20x,USBFSD,USBFSD,UEP6_TX_LEN,0x50000048,0x048,16,1,#,reference,evt(ch32v20x.h)
CH32V20x,USBFSH,USBFSH,Reserve17,0x50000048,0x048,32,1,#,reference,evt(ch32v20x.h)
CH32V20x,USBFSD,USBFSD,UEP6_TX_CTRL,0x5000004a,0x04a,8,1,#,reference,evt(ch32v20x.h)
CH32V20x,USBFSD,USBFSD,UEP6_RX_CTRL,0x5000004b,0x04b,8,1,#,reference,evt(ch32v20x.h)
CH32V20x,USBFSD,USBFSD,UEP7_TX_LEN,0x5000004c,0x04c,16,1,#,reference,evt(ch32v20x.h)
CH32V20x,USBFSH,USBFSH,Reserve18,0x5000004c,0x04c,32,1,#,reference,evt(ch32v20x.h)
CH32V20x,USBFSD,USBFSD,UEP7_TX_CTRL,0x5000004e,0x04e,8,1,#,reference,evt(ch32v20x.h)
CH32V20x,USBFSD,USBFSD,UEP7_RX_CTRL,0x5000004f,0x04f,8,1,#,reference,evt(ch32v20x.h)
CH32V20x,USBFSD,USBFSD,Reserve1,0x50000050,0x050,32,1,#,reference,evt(ch32v20x.h)
CH32V20x,USBFSH,USBFSH,Reserve19,0x50000050,0x050,32,1,#,reference,evt(ch32v20x.h)
CH32V20x,USBFSD,USBFSD,OTG_CR,0x50000054,0x054,32,1,#,reference,evt(ch32v20x.h)
CH32V20x,USBFSH,USBFSH,OTG_CR,0x50000054,0x054,32,1,#,reference,evt(ch32v20x.h)
CH32V20x,USBFSD,USBFSD,OTG_SR,0x50000058,0x058,32,1,#,reference,evt(ch32v20x.h)
CH32V20x,USBFSH,USBFSH,OTG_SR,0x50000058,0x058,32,1,#,reference,evt(ch32v20x.h)
CH32V307,OB,OB,RDPR,0x1ffff800,0x000,16,1,#,reference,evt(ch32v30x.h)
CH32V307,OB,OB,USER,0x1ffff802,0x002,16,1,#,reference,evt(ch32v30x.h)
CH32V307,OB,OB,Data0,0x1ffff804,0x004,16,1,#,reference,evt(ch32v30x.h)
CH32V307,OB,OB,Data1,0x1ffff806,0x006,16,1,#,reference,evt(ch32v30x.h)
CH32V307,OB,OB,WRPR0,0x1ffff808,0x008,16,1,#,reference,evt(ch32v30x.h)
CH32V307,OB,OB,WRPR1,0x1ffff80a,0x00a,16,1,#,reference,evt(ch32v30x.h)
CH32V307,OB,OB,WRPR2,0x1ffff80c,0x00c,16,1,#,reference,evt(ch32v30x.h)
CH32V307,OB,OB,WRPR3,0x1ffff80e,0x00e,16,1,#,reference,evt(ch32v30x.h)
CH32V307,TIM2,TIM,CTLR1,0x40000000,0x000,16,1,#,confirmed,evt(ch32v30x.h)+rm(CH32FV2x_V3xRM.PDF)+rm-address(CH32FV2x_V3xRM.PDF)
CH32V307,TIM2,TIM,CTLR2,0x40000004,0x004,16,1,#,confirmed,evt(ch32v30x.h)+rm(CH32FV2x_V3xRM.PDF)+rm-address(CH32FV2x_V3xRM.PDF)
CH32V307,TIM2,TIM,SMCFGR,0x40000008,0x008,16,1,#,confirmed,evt(ch32v30x.h)+rm(CH32FV2x_V3xRM.PDF)+rm-address(CH32FV2x_V3xRM.PDF)
CH32V307,TIM2,TIM,DMAINTENR,0x4000000c,0x00c,16,1,#,confirmed,evt(ch32v30x.h)+rm(CH32FV2x_V3xRM.PDF)+rm-address(CH32FV2x_V3xRM.PDF)
CH32V307,TIM2,TIM,INTFR,0x40000010,0x010,16,1,#,confirmed,evt(ch32v30x.h)+rm(CH32FV2x_V3xRM.PDF)+rm-address(CH32FV2x_V3xRM.PDF)
CH32V307,TIM2,TIM,SWEVGR,0x40000014,0x014,16,1,#,confirmed,evt(ch32v30x.h)+rm(CH32FV2x_V3xRM.PDF)+rm-address(CH32FV2x_V3xRM.PDF)
CH32V307,TIM2,TIM,CHCTLR1,0x40000018,0x018,16,1,#,confirmed,evt(ch32v30x.h)+rm(CH32FV2x_V3xRM.PDF)+rm-address(CH32FV2x_V3xRM.PDF)
CH32V307,TIM2,TIM,CHCTLR2,0x4000001c,0x01c,16,1,#,confirmed,evt(ch32v30x.h)+rm(CH32FV2x_V3xRM.PDF)+rm-address(CH32FV2x_V3xRM.PDF)
CH32V307,TIM2,TIM,CCER,0x40000020,0x020,16,1,#,confirmed,evt(ch32v30x.h)+rm(CH32FV2x_V3xRM.PDF)+rm-address(CH32FV2x_V3xRM.PDF)
CH32V307,TIM2,TIM,CNT,0x40000024,0x024,16,1,#,confirmed,evt(ch32v30x.h)+rm(CH32FV2x_V3xRM.PDF)+rm-address(CH32FV2x_V3xRM.PDF)
CH32V307,TIM2,TIM,PSC,0x40000028,0x028,16,1,#,confirmed,evt(ch32v30x.h)+rm(CH32FV2x_V3xRM.PDF)+rm-address(CH32FV2x_V3xRM.PDF)
CH32V307,TIM2,TIM,ATRLR,0x4000002c,0x02c,16,1,#,confirmed,evt(ch32v30x.h)+rm(CH32FV2x_V3xRM.PDF)+rm-address(CH32FV2x_V3xRM.PDF)
CH32V307,TIM2,TIM,RPTCR,0x40000030,0x030,16,1,#,confirmed,evt(ch32v30x.h)+rm(CH32FV2x_V3xRM.PDF)+rm-address(CH32FV2x_V3xRM.PDF)
CH32V307,TIM2,TIM,CH1CVR,0x40000034,0x034,16,1,#,confirmed,evt(ch32v30x.h)+rm(CH32FV2x_V3xRM.PDF)+rm-address(CH32FV2x_V3xRM.PDF)
CH32V307,TIM2,TIM,CH2CVR,0x40000038,0x038,16,1,#,confirmed,evt(ch32v30x.h)+rm(CH32FV2x_V3xRM.PDF)+rm-address(CH32FV2x_V3xRM.PDF)
CH32V307,TIM2,TIM,CH3CVR,0x4000003c,0x03c,16,1,#,confirmed,evt(ch32v30x.h)+rm(CH32FV2x_V3xRM.PDF)+rm-address(CH32FV2x_V3xRM.PDF)
CH32V307,TIM2,TIM,CH4CVR,0x40000040,0x040,16,1,#,confirmed,evt(ch32v30x.h)+rm(CH32FV2x_V3xRM.PDF)+rm-address(CH32FV2x_V3xRM.PDF)
CH32V307,TIM2,TIM,BDTR,0x40000044,0x044,16,1,#,confirmed,evt(ch32v30x.h)+rm(CH32FV2x_V3xRM.PDF)+rm-address(CH32FV2x_V3xRM.PDF)
CH32V307,TIM2,TIM,DMACFGR,0x40000048,0x048,16,1,#,confirmed,evt(ch32v30x.h)+rm(CH32FV2x_V3xRM.PDF)+rm-address(CH32FV2x_V3xRM.PDF)
CH32V307,TIM2,TIM,DMAADR,0x4000004c,0x04c,16,1,#,confirmed,evt(ch32v30x.h)+rm(CH32FV2x_V3xRM.PDF)+rm-address(CH32FV2x_V3xRM.PDF)
CH32V307,TIM2,TIM,AUX,0x40000050,0x050,16,1,#,confirmed,evt(ch32v30x.h)+rm(CH32FV2x_V3xRM.PDF)+rm-address(CH32FV2x_V3xRM.PDF)
CH32V307,TIM3,TIM,CTLR1,0x40000400,0x000,16,1,#,confirmed,evt(ch32v30x.h)+rm(CH32FV2x_V3xRM.PDF)+rm-address(CH32FV2x_V3xRM.PDF)
CH32V307,TIM3,TIM,CTLR2,0x40000404,0x004,16,1,#,confirmed,evt(ch32v30x.h)+rm(CH32FV2x_V3xRM.PDF)+rm-address(CH32FV2x_V3xRM.PDF)
CH32V307,TIM3,TIM,SMCFGR,0x40000408,0x008,16,1,#,confirmed,evt(ch32v30x.h)+rm(CH32FV2x_V3xRM.PDF)+rm-address(CH32FV2x_V3xRM.PDF)
CH32V307,TIM3,TIM,DMAINTENR,0x4000040c,0x00c,16,1,#,confirmed,evt(ch32v30x.h)+rm(CH32FV2x_V3xRM.PDF)+rm-address(CH32FV2x_V3xRM.PDF)
CH32V307,TIM3,TIM,INTFR,0x40000410,0x010,16,1,#,confirmed,evt(ch32v30x.h)+rm(CH32FV2x_V3xRM.PDF)+rm-address(CH32FV2x_V3xRM.PDF)
CH32V307,TIM3,TIM,SWEVGR,0x40000414,0x014,16,1,#,confirmed,evt(ch32v30x.h)+rm(CH32FV2x_V3xRM.PDF)+rm-address(CH32FV2x_V3xRM.PDF)
CH32V307,TIM3,TIM,CHCTLR1,0x40000418,0x018,16,1,#,confirmed,evt(ch32v30x.h)+rm(CH32FV2x_V3xRM.PDF)+rm-address(CH32FV2x_V3xRM.PDF)
CH32V307,TIM3,TIM,CHCTLR2,0x4000041c,0x01c,16,1,#,confirmed,evt(ch32v30x.h)+rm(CH32FV2x_V3xRM.PDF)+rm-address(CH32FV2x_V3xRM.PDF)
CH32V307,TIM3,TIM,CCER,0x40000420,0x020,16,1,#,confirmed,evt(ch32v30x.h)+rm(CH32FV2x_V3xRM.PDF)+rm-address(CH32FV2x_V3xRM.PDF)
CH32V307,TIM3,TIM,CNT,0x40000424,0x024,16,1,#,confirmed,evt(ch32v30x.h)+rm(CH32FV2x_V3xRM.PDF)+rm-address(CH32FV2x_V3xRM.PDF)
CH32V307,TIM3,TIM,PSC,0x40000428,0x028,16,1,#,confirmed,evt(ch32v30x.h)+rm(CH32FV2x_V3xRM.PDF)+rm-address(CH32FV2x_V3xRM.PDF)
CH32V307,TIM3,TIM,ATRLR,0x4000042c,0x02c,16,1,#,confirmed,evt(ch32v30x.h)+rm(CH32FV2x_V3xRM.PDF)+rm-address(CH32FV2x_V3xRM.PDF)
CH32V307,TIM3,TIM,RPTCR,0x40000430,0x030,16,1,#,confirmed,evt(ch32v30x.h)+rm(CH32FV2x_V3xRM.PDF)+rm-address(CH32FV2x_V3xRM.PDF)
CH32V307,TIM3,TIM,CH1CVR,0x40000434,0x034,16,1,#,confirmed,evt(ch32v30x.h)+rm(CH32FV2x_V3xRM.PDF)+rm-address(CH32FV2x_V3xRM.PDF)
CH32V307,TIM3,TIM,CH2CVR,0x40000438,0x038,16,1,#,confirmed,evt(ch32v30x.h)+rm(CH32FV2x_V3xRM.PDF)+rm-address(CH32FV2x_V3xRM.PDF)
CH32V307,TIM3,TIM,CH3CVR,0x4000043c,0x03c,16,1,#,confirmed,evt(ch32v30x.h)+rm(CH32FV2x_V3xRM.PDF)+rm-address(CH32FV2x_V3xRM.PDF)
CH32V307,TIM3,TIM,CH4CVR,0x40000440,0x040,16,1,#,confirmed,evt(ch32v30x.h)+rm(CH32FV2x_V3xRM.PDF)+rm-address(CH32FV2x_V3xRM.PDF)
CH32V307,TIM3,TIM,BDTR,0x40000444,0x044,16,1,#,confirmed,evt(ch32v30x.h)+rm(CH32FV2x_V3xRM.PDF)+rm-address(CH32FV2x_V3xRM.PDF)
CH32V307,TIM3,TIM,DMACFGR,0x40000448,0x048,16,1,#,confirmed,evt(ch32v30x.h)+rm(CH32FV2x_V3xRM.PDF)+rm-address(CH32FV2x_V3xRM.PDF)
CH32V307,TIM3,TIM,DMAADR,0x4000044c,0x04c,16,1,#,confirmed,evt(ch32v30x.h)+rm(CH32FV2x_V3xRM.PDF)+rm-address(CH32FV2x_V3xRM.PDF)
CH32V307,TIM3,TIM,AUX,0x40000450,0x050,16,1,#,confirmed,evt(ch32v30x.h)+rm(CH32FV2x_V3xRM.PDF)+rm-address(CH32FV2x_V3xRM.PDF)
CH32V307,TIM4,TIM,CTLR1,0x40000800,0x000,16,1,#,confirmed,evt(ch32v30x.h)+rm(CH32FV2x_V3xRM.PDF)+rm-address(CH32FV2x_V3xRM.PDF)
CH32V307,TIM4,TIM,CTLR2,0x40000804,0x004,16,1,#,confirmed,evt(ch32v30x.h)+rm(CH32FV2x_V3xRM.PDF)+rm-address(CH32FV2x_V3xRM.PDF)
CH32V307,TIM4,TIM,SMCFGR,0x40000808,0x008,16,1,#,confirmed,evt(ch32v30x.h)+rm(CH32FV2x_V3xRM.PDF)+rm-address(CH32FV2x_V3xRM.PDF)
CH32V307,TIM4,TIM,DMAINTENR,0x4000080c,0x00c,16,1,#,confirmed,evt(ch32v30x.h)+rm(CH32FV2x_V3xRM.PDF)+rm-address(CH32FV2x_V3xRM.PDF)
CH32V307,TIM4,TIM,INTFR,0x40000810,0x010,16,1,#,confirmed,evt(ch32v30x.h)+rm(CH32FV2x_V3xRM.PDF)+rm-address(CH32FV2x_V3xRM.PDF)
CH32V307,TIM4,TIM,SWEVGR,0x40000814,0x014,16,1,#,confirmed,evt(ch32v30x.h)+rm(CH32FV2x_V3xRM.PDF)+rm-address(CH32FV2x_V3xRM.PDF)
CH32V307,TIM4,TIM,CHCTLR1,0x40000818,0x018,16,1,#,confirmed,evt(ch32v30x.h)+rm(CH32FV2x_V3xRM.PDF)+rm-address(CH32FV2x_V3xRM.PDF)
CH32V307,TIM4,TIM,CHCTLR2,0x4000081c,0x01c,16,1,#,confirmed,evt(ch32v30x.h)+rm(CH32FV2x_V3xRM.PDF)+rm-address(CH32FV2x_V3xRM.PDF)
CH32V307,TIM4,TIM,CCER,0x40000820,0x020,16,1,#,confirmed,evt(ch32v30x.h)+rm(CH32FV2x_V3xRM.PDF)+rm-address(CH32FV2x_V3xRM.PDF)
CH32V307,TIM4,TIM,CNT,0x40000824,0x024,16,1,#,confirmed,evt(ch32v30x.h)+rm(CH32FV2x_V3xRM.PDF)+rm-address(CH32FV2x_V3xRM.PDF)
CH32V307,TIM4,TIM,PSC,0x40000828,0x028,16,1,#,confirmed,evt(ch32v30x.h)+rm(CH32FV2x_V3xRM.PDF)+rm-address(CH32FV2x_V3xRM.PDF)
CH32V307,TIM4,TIM,ATRLR,0x4000082c,0x02c,16,1,#,confirmed,evt(ch32v30x.h)+rm(CH32FV2x_V3xRM.PDF)+rm-address(CH32FV2x_V3xRM.PDF)
CH32V307,TIM4,TIM,RPTCR,0x40000830,0x030,16,1,#,confirmed,evt(ch32v30x.h)+rm(CH32FV2x_V3xRM.PDF)+rm-address(CH32FV2x_V3xRM.PDF)
CH32V307,TIM4,TIM,CH1CVR,0x40000834,0x034,16,1,#,confirmed,evt(ch32v30x.h)+rm(CH32FV2x_V3xRM.PDF)+rm-address(CH32FV2x_V3xRM.PDF)
CH32V307,TIM4,TIM,CH2CVR,0x40000838,0x038,16,1,#,confirmed,evt(ch32v30x.h)+rm(CH32FV2x_V3xRM.PDF)+rm-address(CH32FV2x_V3xRM.PDF)
CH32V307,TIM4,TIM,CH3CVR,0x4000083c,0x03c,16,1,#,confirmed,evt(ch32v30x.h)+rm(CH32FV2x_V3xRM.PDF)+rm-address(CH32FV2x_V3xRM.PDF)
CH32V307,TIM4,TIM,CH4CVR,0x40000840,0x040,16,1,#,confirmed,evt(ch32v30x.h)+rm(CH32FV2x_V3xRM.PDF)+rm-address(CH32FV2x_V3xRM.PDF)
CH32V307,TIM4,TIM,BDTR,0x40000844,0x044,16,1,#,confirmed,evt(ch32v30x.h)+rm(CH32FV2x_V3xRM.PDF)+rm-address(CH32FV2x_V3xRM.PDF)
CH32V307,TIM4,TIM,DMACFGR,0x40000848,0x048,16,1,#,confirmed,evt(ch32v30x.h)+rm(CH32FV2x_V3xRM.PDF)+rm-address(CH32FV2x_V3xRM.PDF)
CH32V307,TIM4,TIM,DMAADR,0x4000084c,0x04c,16,1,#,confirmed,evt(ch32v30x.h)+rm(CH32FV2x_V3xRM.PDF)+rm-address(CH32FV2x_V3xRM.PDF)
CH32V307,TIM4,TIM,AUX,0x40000850,0x050,16,1,#,confirmed,evt(ch32v30x.h)+rm(CH32FV2x_V3xRM.PDF)+rm-address(CH32FV2x_V3xRM.PDF)
CH32V307,TIM5,TIM,CTLR1,0x40000c00,0x000,16,1,#,confirmed,evt(ch32v30x.h)+rm(CH32FV2x_V3xRM.PDF)+rm-address(CH32FV2x_V3xRM.PDF)
CH32V307,TIM5,TIM,CTLR2,0x40000c04,0x004,16,1,#,confirmed,evt(ch32v30x.h)+rm(CH32FV2x_V3xRM.PDF)+rm-address(CH32FV2x_V3xRM.PDF)
CH32V307,TIM5,TIM,SMCFGR,0x40000c08,0x008,16,1,#,confirmed,evt(ch32v30x.h)+rm(CH32FV2x_V3xRM.PDF)+rm-address(CH32FV2x_V3xRM.PDF)
CH32V307,TIM5,TIM,DMAINTENR,0x40000c0c,0x00c,16,1,#,confirmed,evt(ch32v30x.h)+rm(CH32FV2x_V3xRM.PDF)+rm-address(CH32FV2x_V3xRM.PDF)
CH32V307,TIM5,TIM,INTFR,0x40000c10,0x010,16,1,#,confirmed,evt(ch32v30x.h)+rm(CH32FV2x_V3xRM.PDF)+rm-address(CH32FV2x_V3xRM.PDF)
CH32V307,TIM5,TIM,SWEVGR,0x40000c14,0x014,16,1,#,confirmed,evt(ch32v30x.h)+rm(CH32FV2x_V3xRM.PDF)+rm-address(CH32FV2x_V3xRM.PDF)
CH32V307,TIM5,TIM,CHCTLR1,0x40000c18,0x018,16,1,#,confirmed,evt(ch32v30x.h)+rm(CH32FV2x_V3xRM.PDF)+rm-address(CH32FV2x_V3xRM.PDF)
CH32V307,TIM5,TIM,CHCTLR2,0x40000c1c,0x01c,16,1,#,confirmed,evt(ch32v30x.h)+rm(CH32FV2x_V3xRM.PDF)+rm-address(CH32FV2x_V3xRM.PDF)
CH32V307,TIM5,TIM,CCER,0x40000c20,0x020,16,1,#,confirmed,evt(ch32v30x.h)+rm(CH32FV2x_V3xRM.PDF)+rm-address(CH32FV2x_V3xRM.PDF)
CH32V307,TIM5,TIM,CNT,0x40000c24,0x024,16,1,#,confirmed,evt(ch32v30x.h)+rm(CH32FV2x_V3xRM.PDF)+rm-address(CH32FV2x_V3xRM.PDF)
CH32V307,TIM5,TIM,PSC,0x40000c28,0x028,16,1,#,confirmed,evt(ch32v30x.h)+rm(CH32FV2x_V3xRM.PDF)+rm-address(CH32FV2x_V3xRM.PDF)
CH32V307,TIM5,TIM,ATRLR,0x40000c2c,0x02c,16,1,#,confirmed,evt(ch32v30x.h)+rm(CH32FV2x_V3xRM.PDF)+rm-address(CH32FV2x_V3xRM.PDF)
CH32V307,TIM5,TIM,RPTCR,0x40000c30,0x030,16,1,#,confirmed,evt(ch32v30x.h)+rm(CH32FV2x_V3xRM.PDF)+rm-address(CH32FV2x_V3xRM.PDF)
CH32V307,TIM5,TIM,CH1CVR,0x40000c34,0x034,16,1,#,confirmed,evt(ch32v30x.h)+rm(CH32FV2x_V3xRM.PDF)+rm-address(CH32FV2x_V3xRM.PDF)
CH32V307,TIM5,TIM,CH2CVR,0x40000c38,0x038,16,1,#,confirmed,evt(ch32v30x.h)+rm(CH32FV2x_V3xRM.PDF)+rm-address(CH32FV2x_V3xRM.PDF)
CH32V307,TIM5,TIM,CH3CVR,0x40000c3c,0x03c,16,1,#,confirmed,evt(ch32v30x.h)+rm(CH32FV2x_V3xRM.PDF)+rm-address(CH32FV2x_V3xRM.PDF)
CH32V307,TIM5,TIM,CH4CVR,0x40000c40,0x040,16,1,#,confirmed,evt(ch32v30x.h)+rm(CH32FV2x_V3xRM.PDF)+rm-address(CH32FV2x_V3xRM.PDF)
CH32V307,TIM5,TIM,BDTR,0x40000c44,0x044,16,1,#,confirmed,evt(ch32v30x.h)+rm(CH32FV2x_V3xRM.PDF)+rm-address(CH32FV2x_V3xRM.PDF)
CH32V307,TIM5,TIM,DMACFGR,0x40000c48,0x048,16,1,#,confirmed,evt(ch32v30x.h)+rm(CH32FV2x_V3xRM.PDF)+rm-address(CH32FV2x_V3xRM.PDF)
CH32V307,TIM5,TIM,DMAADR,0x40000c4c,0x04c,16,1,#,confirmed,evt(ch32v30x.h)+rm(CH32FV2x_V3xRM.PDF)+rm-address(CH32FV2x_V3xRM.PDF)
CH32V307,TIM5,TIM,AUX,0x40000c50,0x050,16,1,#,confirmed,evt(ch32v30x.h)+rm(CH32FV2x_V3xRM.PDF)+rm-address(CH32FV2x_V3xRM.PDF)
CH32V307,TIM6,TIM,CTLR1,0x40001000,0x000,16,1,#,confirmed,evt(ch32v30x.h)+rm(CH32FV2x_V3xRM.PDF)+rm-address(CH32FV2x_V3xRM.PDF)
CH32V307,TIM6,TIM,CTLR2,0x40001004,0x004,16,1,#,confirmed,evt(ch32v30x.h)+rm(CH32FV2x_V3xRM.PDF)+rm-address(CH32FV2x_V3xRM.PDF)
CH32V307,TIM6,TIM,SMCFGR,0x40001008,0x008,16,1,#,confirmed,evt(ch32v30x.h)+rm(CH32FV2x_V3xRM.PDF)+rm-address(CH32FV2x_V3xRM.PDF)
CH32V307,TIM6,TIM,DMAINTENR,0x4000100c,0x00c,16,1,#,confirmed,evt(ch32v30x.h)+rm(CH32FV2x_V3xRM.PDF)+rm-address(CH32FV2x_V3xRM.PDF)
CH32V307,TIM6,TIM,INTFR,0x40001010,0x010,16,1,#,confirmed,evt(ch32v30x.h)+rm(CH32FV2x_V3xRM.PDF)+rm-address(CH32FV2x_V3xRM.PDF)
CH32V307,TIM6,TIM,SWEVGR,0x40001014,0x014,16,1,#,confirmed,evt(ch32v30x.h)+rm(CH32FV2x_V3xRM.PDF)+rm-address(CH32FV2x_V3xRM.PDF)
CH32V307,TIM6,TIM,CHCTLR1,0x40001018,0x018,16,1,#,confirmed,evt(ch32v30x.h)+rm(CH32FV2x_V3xRM.PDF)+rm-address(CH32FV2x_V3xRM.PDF)
CH32V307,TIM6,TIM,CHCTLR2,0x4000101c,0x01c,16,1,#,confirmed,evt(ch32v30x.h)+rm(CH32FV2x_V3xRM.PDF)+rm-address(CH32FV2x_V3xRM.PDF)
CH32V307,TIM6,TIM,CCER,0x40001020,0x020,16,1,#,confirmed,evt(ch32v30x.h)+rm(CH32FV2x_V3xRM.PDF)+rm-address(CH32FV2x_V3xRM.PDF)
CH32V307,TIM6,TIM,CNT,0x40001024,0x024,16,1,#,confirmed,evt(ch32v30x.h)+rm(CH32FV2x_V3xRM.PDF)+rm-address(CH32FV2x_V3xRM.PDF)
CH32V307,TIM6,TIM,PSC,0x40001028,0x028,16,1,#,confirmed,evt(ch32v30x.h)+rm(CH32FV2x_V3xRM.PDF)+rm-address(CH32FV2x_V3xRM.PDF)
CH32V307,TIM6,TIM,ATRLR,0x4000102c,0x02c,16,1,#,confirmed,evt(ch32v30x.h)+rm(CH32FV2x_V3xRM.PDF)+rm-address(CH32FV2x_V3xRM.PDF)
CH32V307,TIM6,TIM,RPTCR,0x40001030,0x030,16,1,#,confirmed,evt(ch32v30x.h)+rm(CH32FV2x_V3xRM.PDF)+rm-address(CH32FV2x_V3xRM.PDF)
CH32V307,TIM6,TIM,CH1CVR,0x40001034,0x034,16,1,#,confirmed,evt(ch32v30x.h)+rm(CH32FV2x_V3xRM.PDF)+rm-address(CH32FV2x_V3xRM.PDF)
CH32V307,TIM6,TIM,CH2CVR,0x40001038,0x038,16,1,#,confirmed,evt(ch32v30x.h)+rm(CH32FV2x_V3xRM.PDF)+rm-address(CH32FV2x_V3xRM.PDF)
CH32V307,TIM6,TIM,CH3CVR,0x4000103c,0x03c,16,1,#,confirmed,evt(ch32v30x.h)+rm(CH32FV2x_V3xRM.PDF)+rm-address(CH32FV2x_V3xRM.PDF)
CH32V307,TIM6,TIM,CH4CVR,0x40001040,0x040,16,1,#,confirmed,evt(ch32v30x.h)+rm(CH32FV2x_V3xRM.PDF)+rm-address(CH32FV2x_V3xRM.PDF)
CH32V307,TIM6,TIM,BDTR,0x40001044,0x044,16,1,#,confirmed,evt(ch32v30x.h)+rm(CH32FV2x_V3xRM.PDF)+rm-address(CH32FV2x_V3xRM.PDF)
CH32V307,TIM6,TIM,DMACFGR,0x40001048,0x048,16,1,#,confirmed,evt(ch32v30x.h)+rm(CH32FV2x_V3xRM.PDF)+rm-address(CH32FV2x_V3xRM.PDF)
CH32V307,TIM6,TIM,DMAADR,0x4000104c,0x04c,16,1,#,confirmed,evt(ch32v30x.h)+rm(CH32FV2x_V3xRM.PDF)+rm-address(CH32FV2x_V3xRM.PDF)
CH32V307,TIM6,TIM,AUX,0x40001050,0x050,16,1,#,confirmed,evt(ch32v30x.h)+rm(CH32FV2x_V3xRM.PDF)+rm-address(CH32FV2x_V3xRM.PDF)
CH32V307,TIM7,TIM,CTLR1,0x40001400,0x000,16,1,#,confirmed,evt(ch32v30x.h)+rm(CH32FV2x_V3xRM.PDF)+rm-address(CH32FV2x_V3xRM.PDF)
CH32V307,TIM7,TIM,CTLR2,0x40001404,0x004,16,1,#,confirmed,evt(ch32v30x.h)+rm(CH32FV2x_V3xRM.PDF)+rm-address(CH32FV2x_V3xRM.PDF)
CH32V307,TIM7,TIM,SMCFGR,0x40001408,0x008,16,1,#,confirmed,evt(ch32v30x.h)+rm(CH32FV2x_V3xRM.PDF)+rm-address(CH32FV2x_V3xRM.PDF)
CH32V307,TIM7,TIM,DMAINTENR,0x4000140c,0x00c,16,1,#,confirmed,evt(ch32v30x.h)+rm(CH32FV2x_V3xRM.PDF)+rm-address(CH32FV2x_V3xRM.PDF)
CH32V307,TIM7,TIM,INTFR,0x40001410,0x010,16,1,#,confirmed,evt(ch32v30x.h)+rm(CH32FV2x_V3xRM.PDF)+rm-address(CH32FV2x_V3xRM.PDF)
CH32V307,TIM7,TIM,SWEVGR,0x40001414,0x014,16,1,#,confirmed,evt(ch32v30x.h)+rm(CH32FV2x_V3xRM.PDF)+rm-address(CH32FV2x_V3xRM.PDF)
CH32V307,TIM7,TIM,CHCTLR1,0x40001418,0x018,16,1,#,confirmed,evt(ch32v30x.h)+rm(CH32FV2x_V3xRM.PDF)+rm-address(CH32FV2x_V3xRM.PDF)
CH32V307,TIM7,TIM,CHCTLR2,0x4000141c,0x01c,16,1,#,confirmed,evt(ch32v30x.h)+rm(CH32FV2x_V3xRM.PDF)+rm-address(CH32FV2x_V3xRM.PDF)
CH32V307,TIM7,TIM,CCER,0x40001420,0x020,16,1,#,confirmed,evt(ch32v30x.h)+rm(CH32FV2x_V3xRM.PDF)+rm-address(CH32FV2x_V3xRM.PDF)
CH32V307,TIM7,TIM,CNT,0x40001424,0x024,16,1,#,confirmed,evt(ch32v30x.h)+rm(CH32FV2x_V3xRM.PDF)+rm-address(CH32FV2x_V3xRM.PDF)
CH32V307,TIM7,TIM,PSC,0x40001428,0x028,16,1,#,confirmed,evt(ch32v30x.h)+rm(CH32FV2x_V3xRM.PDF)+rm-address(CH32FV2x_V3xRM.PDF)
CH32V307,TIM7,TIM,ATRLR,0x4000142c,0x02c,16,1,#,confirmed,evt(ch32v30x.h)+rm(CH32FV2x_V3xRM.PDF)+rm-address(CH32FV2x_V3xRM.PDF)
CH32V307,TIM7,TIM,RPTCR,0x40001430,0x030,16,1,#,confirmed,evt(ch32v30x.h)+rm(CH32FV2x_V3xRM.PDF)+rm-address(CH32FV2x_V3xRM.PDF)
CH32V307,TIM7,TIM,CH1CVR,0x40001434,0x034,16,1,#,confirmed,evt(ch32v30x.h)+rm(CH32FV2x_V3xRM.PDF)+rm-address(CH32FV2x_V3xRM.PDF)
CH32V307,TIM7,TIM,CH2CVR,0x40001438,0x038,16,1,#,confirmed,evt(ch32v30x.h)+rm(CH32FV2x_V3xRM.PDF)+rm-address(CH32FV2x_V3xRM.PDF)
CH32V307,TIM7,TIM,CH3CVR,0x4000143c,0x03c,16,1,#,confirmed,evt(ch32v30x.h)+rm(CH32FV2x_V3xRM.PDF)+rm-address(CH32FV2x_V3xRM.PDF)
CH32V307,TIM7,TIM,CH4CVR,0x40001440,0x040,16,1,#,confirmed,evt(ch32v30x.h)+rm(CH32FV2x_V3xRM.PDF)+rm-address(CH32FV2x_V3xRM.PDF)
CH32V307,TIM7,TIM,BDTR,0x40001444,0x044,16,1,#,confirmed,evt(ch32v30x.h)+rm(CH32FV2x_V3xRM.PDF)+rm-address(CH32FV2x_V3xRM.PDF)
CH32V307,TIM7,TIM,DMACFGR,0x40001448,0x048,16,1,#,confirmed,evt(ch32v30x.h)+rm(CH32FV2x_V3xRM.PDF)+rm-address(CH32FV2x_V3xRM.PDF)
CH32V307,TIM7,TIM,DMAADR,0x4000144c,0x04c,16,1,#,confirmed,evt(ch32v30x.h)+rm(CH32FV2x_V3xRM.PDF)+rm-address(CH32FV2x_V3xRM.PDF)
CH32V307,TIM7,TIM,AUX,0x40001450,0x050,16,1,#,confirmed,evt(ch32v30x.h)+rm(CH32FV2x_V3xRM.PDF)+rm-address(CH32FV2x_V3xRM.PDF)
CH32V307,UART6,USART,STATR,0x40001800,0x000,16,1,#,reference,evt(ch32v30x.h)+rm(CH32FV2x_V3xRM.PDF)+rm-address(CH32FV2x_V3xRM.PDF)
CH32V307,UART6,USART,DATAR,0x40001804,0x004,16,1,#,reference,evt(ch32v30x.h)+rm(CH32FV2x_V3xRM.PDF)+rm-address(CH32FV2x_V3xRM.PDF)
CH32V307,UART6,USART,BRR,0x40001808,0x008,16,1,#,reference,evt(ch32v30x.h)+rm(CH32FV2x_V3xRM.PDF)+rm-address(CH32FV2x_V3xRM.PDF)
CH32V307,UART6,USART,CTLR1,0x4000180c,0x00c,16,1,#,reference,evt(ch32v30x.h)+rm(CH32FV2x_V3xRM.PDF)+rm-address(CH32FV2x_V3xRM.PDF)
CH32V307,UART6,USART,CTLR2,0x40001810,0x010,16,1,#,reference,evt(ch32v30x.h)+rm(CH32FV2x_V3xRM.PDF)+rm-address(CH32FV2x_V3xRM.PDF)
CH32V307,UART6,USART,CTLR3,0x40001814,0x014,16,1,#,reference,evt(ch32v30x.h)+rm(CH32FV2x_V3xRM.PDF)+rm-address(CH32FV2x_V3xRM.PDF)
CH32V307,UART6,USART,GPR,0x40001818,0x018,16,1,#,reference,evt(ch32v30x.h)+rm(CH32FV2x_V3xRM.PDF)+rm-address(CH32FV2x_V3xRM.PDF)
CH32V307,UART6,USART,CTLR4,0x4000181c,0x01c,16,1,#,reference,evt(ch32v30x.h)+rm(CH32FV2x_V3xRM.PDF)
CH32V307,UART7,USART,STATR,0x40001c00,0x000,16,1,#,reference,evt(ch32v30x.h)+rm(CH32FV2x_V3xRM.PDF)+rm-address(CH32FV2x_V3xRM.PDF)
CH32V307,UART7,USART,DATAR,0x40001c04,0x004,16,1,#,reference,evt(ch32v30x.h)+rm(CH32FV2x_V3xRM.PDF)+rm-address(CH32FV2x_V3xRM.PDF)
CH32V307,UART7,USART,BRR,0x40001c08,0x008,16,1,#,reference,evt(ch32v30x.h)+rm(CH32FV2x_V3xRM.PDF)+rm-address(CH32FV2x_V3xRM.PDF)
CH32V307,UART7,USART,CTLR1,0x40001c0c,0x00c,16,1,#,reference,evt(ch32v30x.h)+rm(CH32FV2x_V3xRM.PDF)+rm-address(CH32FV2x_V3xRM.PDF)
CH32V307,UART7,USART,CTLR2,0x40001c10,0x010,16,1,#,reference,evt(ch32v30x.h)+rm(CH32FV2x_V3xRM.PDF)+rm-address(CH32FV2x_V3xRM.PDF)
CH32V307,UART7,USART,CTLR3,0x40001c14,0x014,16,1,#,reference,evt(ch32v30x.h)+rm(CH32FV2x_V3xRM.PDF)+rm-address(CH32FV2x_V3xRM.PDF)
CH32V307,UART7,USART,GPR,0x40001c18,0x018,16,1,#,reference,evt(ch32v30x.h)+rm(CH32FV2x_V3xRM.PDF)+rm-address(CH32FV2x_V3xRM.PDF)
CH32V307,UART7,USART,CTLR4,0x40001c1c,0x01c,16,1,#,reference,evt(ch32v30x.h)+rm(CH32FV2x_V3xRM.PDF)
CH32V307,UART8,USART,STATR,0x40002000,0x000,16,1,#,reference,evt(ch32v30x.h)+rm(CH32FV2x_V3xRM.PDF)+rm-address(CH32FV2x_V3xRM.PDF)
CH32V307,UART8,USART,DATAR,0x40002004,0x004,16,1,#,reference,evt(ch32v30x.h)+rm(CH32FV2x_V3xRM.PDF)+rm-address(CH32FV2x_V3xRM.PDF)
CH32V307,UART8,USART,BRR,0x40002008,0x008,16,1,#,reference,evt(ch32v30x.h)+rm(CH32FV2x_V3xRM.PDF)+rm-address(CH32FV2x_V3xRM.PDF)
CH32V307,UART8,USART,CTLR1,0x4000200c,0x00c,16,1,#,reference,evt(ch32v30x.h)+rm(CH32FV2x_V3xRM.PDF)+rm-address(CH32FV2x_V3xRM.PDF)
CH32V307,UART8,USART,CTLR2,0x40002010,0x010,16,1,#,reference,evt(ch32v30x.h)+rm(CH32FV2x_V3xRM.PDF)+rm-address(CH32FV2x_V3xRM.PDF)
CH32V307,UART8,USART,CTLR3,0x40002014,0x014,16,1,#,reference,evt(ch32v30x.h)+rm(CH32FV2x_V3xRM.PDF)+rm-address(CH32FV2x_V3xRM.PDF)
CH32V307,UART8,USART,GPR,0x40002018,0x018,16,1,#,reference,evt(ch32v30x.h)+rm(CH32FV2x_V3xRM.PDF)+rm-address(CH32FV2x_V3xRM.PDF)
CH32V307,UART8,USART,CTLR4,0x4000201c,0x01c,16,1,#,reference,evt(ch32v30x.h)+rm(CH32FV2x_V3xRM.PDF)
CH32V307,RTC,RTC,CTLRH,0x40002800,0x000,16,1,#,confirmed,evt(ch32v30x.h)+rm(CH32FV2x_V3xRM.PDF)+rm-address(CH32FV2x_V3xRM.PDF)
CH32V307,RTC,RTC,CTLRL,0x40002804,0x004,16,1,#,confirmed,evt(ch32v30x.h)+rm(CH32FV2x_V3xRM.PDF)+rm-address(CH32FV2x_V3xRM.PDF)
CH32V307,RTC,RTC,PSCRH,0x40002808,0x008,16,1,#,confirmed,evt(ch32v30x.h)+rm(CH32FV2x_V3xRM.PDF)+rm-address(CH32FV2x_V3xRM.PDF)
CH32V307,RTC,RTC,PSCRL,0x4000280c,0x00c,16,1,#,confirmed,evt(ch32v30x.h)+rm(CH32FV2x_V3xRM.PDF)+rm-address(CH32FV2x_V3xRM.PDF)
CH32V307,RTC,RTC,DIVH,0x40002810,0x010,16,1,#,confirmed,evt(ch32v30x.h)+rm(CH32FV2x_V3xRM.PDF)+rm-address(CH32FV2x_V3xRM.PDF)
CH32V307,RTC,RTC,DIVL,0x40002814,0x014,16,1,#,confirmed,evt(ch32v30x.h)+rm(CH32FV2x_V3xRM.PDF)+rm-address(CH32FV2x_V3xRM.PDF)
CH32V307,RTC,RTC,CNTH,0x40002818,0x018,16,1,#,confirmed,evt(ch32v30x.h)+rm(CH32FV2x_V3xRM.PDF)+rm-address(CH32FV2x_V3xRM.PDF)
CH32V307,RTC,RTC,CNTL,0x4000281c,0x01c,16,1,#,confirmed,evt(ch32v30x.h)+rm(CH32FV2x_V3xRM.PDF)+rm-address(CH32FV2x_V3xRM.PDF)
CH32V307,RTC,RTC,ALRMH,0x40002820,0x020,16,1,#,confirmed,evt(ch32v30x.h)+rm(CH32FV2x_V3xRM.PDF)+rm-address(CH32FV2x_V3xRM.PDF)
CH32V307,RTC,RTC,ALRML,0x40002824,0x024,16,1,#,confirmed,evt(ch32v30x.h)+rm(CH32FV2x_V3xRM.PDF)+rm-address(CH32FV2x_V3xRM.PDF)
CH32V307,WWDG,WWDG,CTLR,0x40002c00,0x000,32,1,#,confirmed,evt(ch32v30x.h)+rm(CH32FV2x_V3xRM.PDF)+rm-address(CH32FV2x_V3xRM.PDF)
CH32V307,WWDG,WWDG,CFGR,0x40002c04,0x004,32,1,#,confirmed,evt(ch32v30x.h)+rm(CH32FV2x_V3xRM.PDF)+rm-address(CH32FV2x_V3xRM.PDF)
CH32V307,WWDG,WWDG,STATR,0x40002c08,0x008,32,1,#,confirmed,evt(ch32v30x.h)+rm(CH32FV2x_V3xRM.PDF)+rm-address(CH32FV2x_V3xRM.PDF)
CH32V307,IWDG,IWDG,CTLR,0x40003000,0x000,32,1,#,confirmed,evt(ch32v30x.h)+rm(CH32FV2x_V3xRM.PDF)+rm-address(CH32FV2x_V3xRM.PDF)
CH32V307,IWDG,IWDG,PSCR,0x40003004,0x004,32,1,#,confirmed,evt(ch32v30x.h)+rm(CH32FV2x_V3xRM.PDF)+rm-address(CH32FV2x_V3xRM.PDF)
CH32V307,IWDG,IWDG,RLDR,0x40003008,0x008,32,1,#,confirmed,evt(ch32v30x.h)+rm(CH32FV2x_V3xRM.PDF)+rm-address(CH32FV2x_V3xRM.PDF)
CH32V307,IWDG,IWDG,STATR,0x4000300c,0x00c,32,1,#,confirmed,evt(ch32v30x.h)+rm(CH32FV2x_V3xRM.PDF)+rm-address(CH32FV2x_V3xRM.PDF)
CH32V307,SPI2,SPI,CTLR1,0x40003800,0x000,16,1,#,confirmed,evt(ch32v30x.h)+rm(CH32FV2x_V3xRM.PDF)+rm-address(CH32FV2x_V3xRM.PDF)
CH32V307,SPI2,SPI,CTLR2,0x40003804,0x004,16,1,#,confirmed,evt(ch32v30x.h)+rm(CH32FV2x_V3xRM.PDF)+rm-address(CH32FV2x_V3xRM.PDF)
CH32V307,SPI2,SPI,STATR,0x40003808,0x008,16,1,#,confirmed,evt(ch32v30x.h)+rm(CH32FV2x_V3xRM.PDF)+rm-address(CH32FV2x_V3xRM.PDF)
CH32V307,SPI2,SPI,DATAR,0x4000380c,0x00c,16,1,#,confirmed,evt(ch32v30x.h)+rm(CH32FV2x_V3xRM.PDF)+rm-address(CH32FV2x_V3xRM.PDF)
CH32V307,SPI2,SPI,CRCR,0x40003810,0x010,16,1,#,confirmed,evt(ch32v30x.h)+rm(CH32FV2x_V3xRM.PDF)+rm-address(CH32FV2x_V3xRM.PDF)
CH32V307,SPI2,SPI,RCRCR,0x40003814,0x014,16,1,#,confirmed,evt(ch32v30x.h)+rm(CH32FV2x_V3xRM.PDF)+rm-address(CH32FV2x_V3xRM.PDF)
CH32V307,SPI2,SPI,TCRCR,0x40003818,0x018,16,1,#,confirmed,evt(ch32v30x.h)+rm(CH32FV2x_V3xRM.PDF)+rm-address(CH32FV2x_V3xRM.PDF)
CH32V307,SPI2,SPI,I2SCFGR,0x4000381c,0x01c,16,1,#,reference,evt(ch32v30x.h)
CH32V307,SPI2,SPI,I2SPR,0x40003820,0x020,16,1,#,confirmed,evt(ch32v30x.h)+rm(CH32FV2x_V3xRM.PDF)+rm-address(CH32FV2x_V3xRM.PDF)
CH32V307,SPI2,SPI,HSCR,0x40003824,0x024,16,1,#,confirmed,evt(ch32v30x.h)+rm(CH32FV2x_V3xRM.PDF)+rm-address(CH32FV2x_V3xRM.PDF)
CH32V307,SPI3,SPI,CTLR1,0x40003c00,0x000,16,1,#,confirmed,evt(ch32v30x.h)+rm(CH32FV2x_V3xRM.PDF)+rm-address(CH32FV2x_V3xRM.PDF)
CH32V307,SPI3,SPI,CTLR2,0x40003c04,0x004,16,1,#,confirmed,evt(ch32v30x.h)+rm(CH32FV2x_V3xRM.PDF)+rm-address(CH32FV2x_V3xRM.PDF)
CH32V307,SPI3,SPI,STATR,0x40003c08,0x008,16,1,#,confirmed,evt(ch32v30x.h)+rm(CH32FV2x_V3xRM.PDF)+rm-address(CH32FV2x_V3xRM.PDF)
CH32V307,SPI3,SPI,DATAR,0x40003c0c,0x00c,16,1,#,confirmed,evt(ch32v30x.h)+rm(CH32FV2x_V3xRM.PDF)+rm-address(CH32FV2x_V3xRM.PDF)
CH32V307,SPI3,SPI,CRCR,0x40003c10,0x010,16,1,#,confirmed,evt(ch32v30x.h)+rm(CH32FV2x_V3xRM.PDF)+rm-address(CH32FV2x_V3xRM.PDF)
CH32V307,SPI3,SPI,RCRCR,0x40003c14,0x014,16,1,#,confirmed,evt(ch32v30x.h)+rm(CH32FV2x_V3xRM.PDF)+rm-address(CH32FV2x_V3xRM.PDF)
CH32V307,SPI3,SPI,TCRCR,0x40003c18,0x018,16,1,#,confirmed,evt(ch32v30x.h)+rm(CH32FV2x_V3xRM.PDF)+rm-address(CH32FV2x_V3xRM.PDF)
CH32V307,SPI3,SPI,I2SCFGR,0x40003c1c,0x01c,16,1,#,reference,evt(ch32v30x.h)
CH32V307,SPI3,SPI,I2SPR,0x40003c20,0x020,16,1,#,confirmed,evt(ch32v30x.h)+rm(CH32FV2x_V3xRM.PDF)+rm-address(CH32FV2x_V3xRM.PDF)
CH32V307,SPI3,SPI,HSCR,0x40003c24,0x024,16,1,#,confirmed,evt(ch32v30x.h)+rm(CH32FV2x_V3xRM.PDF)+rm-address(CH32FV2x_V3xRM.PDF)
CH32V307,USART2,USART,STATR,0x40004400,0x000,16,1,#,confirmed,evt(ch32v30x.h)+rm(CH32FV2x_V3xRM.PDF)+rm-address(CH32FV2x_V3xRM.PDF)
CH32V307,USART2,USART,DATAR,0x40004404,0x004,16,1,#,confirmed,evt(ch32v30x.h)+rm(CH32FV2x_V3xRM.PDF)+rm-address(CH32FV2x_V3xRM.PDF)
CH32V307,USART2,USART,BRR,0x40004408,0x008,16,1,#,confirmed,evt(ch32v30x.h)+rm(CH32FV2x_V3xRM.PDF)+rm-address(CH32FV2x_V3xRM.PDF)
CH32V307,USART2,USART,CTLR1,0x4000440c,0x00c,16,1,#,confirmed,evt(ch32v30x.h)+rm(CH32FV2x_V3xRM.PDF)+rm-address(CH32FV2x_V3xRM.PDF)
CH32V307,USART2,USART,CTLR2,0x40004410,0x010,16,1,#,confirmed,evt(ch32v30x.h)+rm(CH32FV2x_V3xRM.PDF)+rm-address(CH32FV2x_V3xRM.PDF)
CH32V307,USART2,USART,CTLR3,0x40004414,0x014,16,1,#,confirmed,evt(ch32v30x.h)+rm(CH32FV2x_V3xRM.PDF)+rm-address(CH32FV2x_V3xRM.PDF)
CH32V307,USART2,USART,GPR,0x40004418,0x018,16,1,#,confirmed,evt(ch32v30x.h)+rm(CH32FV2x_V3xRM.PDF)+rm-address(CH32FV2x_V3xRM.PDF)
CH32V307,USART2,USART,CTLR4,0x4000441c,0x01c,16,1,#,confirmed,evt(ch32v30x.h)+rm(CH32FV2x_V3xRM.PDF)
CH32V307,USART3,USART,STATR,0x40004800,0x000,16,1,#,confirmed,evt(ch32v30x.h)+rm(CH32FV2x_V3xRM.PDF)+rm-address(CH32FV2x_V3xRM.PDF)
CH32V307,USART3,USART,DATAR,0x40004804,0x004,16,1,#,confirmed,evt(ch32v30x.h)+rm(CH32FV2x_V3xRM.PDF)+rm-address(CH32FV2x_V3xRM.PDF)
CH32V307,USART3,USART,BRR,0x40004808,0x008,16,1,#,confirmed,evt(ch32v30x.h)+rm(CH32FV2x_V3xRM.PDF)+rm-address(CH32FV2x_V3xRM.PDF)
CH32V307,USART3,USART,CTLR1,0x4000480c,0x00c,16,1,#,confirmed,evt(ch32v30x.h)+rm(CH32FV2x_V3xRM.PDF)+rm-address(CH32FV2x_V3xRM.PDF)
CH32V307,USART3,USART,CTLR2,0x40004810,0x010,16,1,#,confirmed,evt(ch32v30x.h)+rm(CH32FV2x_V3xRM.PDF)+rm-address(CH32FV2x_V3xRM.PDF)
CH32V307,USART3,USART,CTLR3,0x40004814,0x014,16,1,#,confirmed,evt(ch32v30x.h)+rm(CH32FV2x_V3xRM.PDF)+rm-address(CH32FV2x_V3xRM.PDF)
CH32V307,USART3,USART,GPR,0x40004818,0x018,16,1,#,confirmed,evt(ch32v30x.h)+rm(CH32FV2x_V3xRM.PDF)+rm-address(CH32FV2x_V3xRM.PDF)
CH32V307,USART3,USART,CTLR4,0x4000481c,0x01c,16,1,#,confirmed,evt(ch32v30x.h)+rm(CH32FV2x_V3xRM.PDF)
CH32V307,UART4,USART,STATR,0x40004c00,0x000,16,1,#,reference,evt(ch32v30x.h)+rm(CH32FV2x_V3xRM.PDF)+rm-address(CH32FV2x_V3xRM.PDF)
CH32V307,UART4,USART,DATAR,0x40004c04,0x004,16,1,#,reference,evt(ch32v30x.h)+rm(CH32FV2x_V3xRM.PDF)+rm-address(CH32FV2x_V3xRM.PDF)
CH32V307,UART4,USART,BRR,0x40004c08,0x008,16,1,#,reference,evt(ch32v30x.h)+rm(CH32FV2x_V3xRM.PDF)+rm-address(CH32FV2x_V3xRM.PDF)
CH32V307,UART4,USART,CTLR1,0x40004c0c,0x00c,16,1,#,reference,evt(ch32v30x.h)+rm(CH32FV2x_V3xRM.PDF)+rm-address(CH32FV2x_V3xRM.PDF)
CH32V307,UART4,USART,CTLR2,0x40004c10,0x010,16,1,#,reference,evt(ch32v30x.h)+rm(CH32FV2x_V3xRM.PDF)+rm-address(CH32FV2x_V3xRM.PDF)
CH32V307,UART4,USART,CTLR3,0x40004c14,0x014,16,1,#,reference,evt(ch32v30x.h)+rm(CH32FV2x_V3xRM.PDF)+rm-address(CH32FV2x_V3xRM.PDF)
CH32V307,UART4,USART,GPR,0x40004c18,0x018,16,1,#,reference,evt(ch32v30x.h)+rm(CH32FV2x_V3xRM.PDF)+rm-address(CH32FV2x_V3xRM.PDF)
CH32V307,UART4,USART,CTLR4,0x40004c1c,0x01c,16,1,#,reference,evt(ch32v30x.h)+rm(CH32FV2x_V3xRM.PDF)
CH32V307,UART5,USART,STATR,0x40005000,0x000,16,1,#,reference,evt(ch32v30x.h)+rm(CH32FV2x_V3xRM.PDF)+rm-address(CH32FV2x_V3xRM.PDF)
CH32V307,UART5,USART,DATAR,0x40005004,0x004,16,1,#,reference,evt(ch32v30x.h)+rm(CH32FV2x_V3xRM.PDF)+rm-address(CH32FV2x_V3xRM.PDF)
CH32V307,UART5,USART,BRR,0x40005008,0x008,16,1,#,reference,evt(ch32v30x.h)+rm(CH32FV2x_V3xRM.PDF)+rm-address(CH32FV2x_V3xRM.PDF)
CH32V307,UART5,USART,CTLR1,0x4000500c,0x00c,16,1,#,reference,evt(ch32v30x.h)+rm(CH32FV2x_V3xRM.PDF)+rm-address(CH32FV2x_V3xRM.PDF)
CH32V307,UART5,USART,CTLR2,0x40005010,0x010,16,1,#,reference,evt(ch32v30x.h)+rm(CH32FV2x_V3xRM.PDF)+rm-address(CH32FV2x_V3xRM.PDF)
CH32V307,UART5,USART,CTLR3,0x40005014,0x014,16,1,#,reference,evt(ch32v30x.h)+rm(CH32FV2x_V3xRM.PDF)+rm-address(CH32FV2x_V3xRM.PDF)
CH32V307,UART5,USART,GPR,0x40005018,0x018,16,1,#,reference,evt(ch32v30x.h)+rm(CH32FV2x_V3xRM.PDF)+rm-address(CH32FV2x_V3xRM.PDF)
CH32V307,UART5,USART,CTLR4,0x4000501c,0x01c,16,1,#,reference,evt(ch32v30x.h)+rm(CH32FV2x_V3xRM.PDF)
CH32V307,I2C1,I2C,CTLR1,0x40005400,0x000,16,1,#,confirmed,evt(ch32v30x.h)+rm(CH32FV2x_V3xRM.PDF)+rm-address(CH32FV2x_V3xRM.PDF)
CH32V307,I2C1,I2C,CTLR2,0x40005404,0x004,16,1,#,confirmed,evt(ch32v30x.h)+rm(CH32FV2x_V3xRM.PDF)+rm-address(CH32FV2x_V3xRM.PDF)
CH32V307,I2C1,I2C,OADDR1,0x40005408,0x008,16,1,#,confirmed,evt(ch32v30x.h)+rm(CH32FV2x_V3xRM.PDF)+rm-address(CH32FV2x_V3xRM.PDF)
CH32V307,I2C1,I2C,OADDR2,0x4000540c,0x00c,16,1,#,confirmed,evt(ch32v30x.h)+rm(CH32FV2x_V3xRM.PDF)+rm-address(CH32FV2x_V3xRM.PDF)
CH32V307,I2C1,I2C,DATAR,0x40005410,0x010,16,1,#,confirmed,evt(ch32v30x.h)+rm(CH32FV2x_V3xRM.PDF)+rm-address(CH32FV2x_V3xRM.PDF)
CH32V307,I2C1,I2C,STAR1,0x40005414,0x014,16,1,#,confirmed,evt(ch32v30x.h)+rm(CH32FV2x_V3xRM.PDF)+rm-address(CH32FV2x_V3xRM.PDF)
CH32V307,I2C1,I2C,STAR2,0x40005418,0x018,16,1,#,confirmed,evt(ch32v30x.h)+rm(CH32FV2x_V3xRM.PDF)+rm-address(CH32FV2x_V3xRM.PDF)
CH32V307,I2C1,I2C,CKCFGR,0x4000541c,0x01c,16,1,#,confirmed,evt(ch32v30x.h)+rm(CH32FV2x_V3xRM.PDF)+rm-address(CH32FV2x_V3xRM.PDF)
CH32V307,I2C1,I2C,RTR,0x40005420,0x020,16,1,#,confirmed,evt(ch32v30x.h)+rm(CH32FV2x_V3xRM.PDF)+rm-address(CH32FV2x_V3xRM.PDF)
CH32V307,I2C2,I2C,CTLR1,0x40005800,0x000,16,1,#,confirmed,evt(ch32v30x.h)+rm(CH32FV2x_V3xRM.PDF)+rm-address(CH32FV2x_V3xRM.PDF)
CH32V307,I2C2,I2C,CTLR2,0x40005804,0x004,16,1,#,confirmed,evt(ch32v30x.h)+rm(CH32FV2x_V3xRM.PDF)+rm-address(CH32FV2x_V3xRM.PDF)
CH32V307,I2C2,I2C,OADDR1,0x40005808,0x008,16,1,#,confirmed,evt(ch32v30x.h)+rm(CH32FV2x_V3xRM.PDF)+rm-address(CH32FV2x_V3xRM.PDF)
CH32V307,I2C2,I2C,OADDR2,0x4000580c,0x00c,16,1,#,confirmed,evt(ch32v30x.h)+rm(CH32FV2x_V3xRM.PDF)+rm-address(CH32FV2x_V3xRM.PDF)
CH32V307,I2C2,I2C,DATAR,0x40005810,0x010,16,1,#,confirmed,evt(ch32v30x.h)+rm(CH32FV2x_V3xRM.PDF)+rm-address(CH32FV2x_V3xRM.PDF)
CH32V307,I2C2,I2C,STAR1,0x40005814,0x014,16,1,#,confirmed,evt(ch32v30x.h)+rm(CH32FV2x_V3xRM.PDF)+rm-address(CH32FV2x_V3xRM.PDF)
CH32V307,I2C2,I2C,STAR2,0x40005818,0x018,16,1,#,confirmed,evt(ch32v30x.h)+rm(CH32FV2x_V3xRM.PDF)+rm-address(CH32FV2x_V3xRM.PDF)
CH32V307,I2C2,I2C,CKCFGR,0x4000581c,0x01c,16,1,#,confirmed,evt(ch32v30x.h)+rm(CH32FV2x_V3xRM.PDF)+rm-address(CH32FV2x_V3xRM.PDF)
CH32V307,I2C2,I2C,RTR,0x40005820,0x020,16,1,#,confirmed,evt(ch32v30x.h)+rm(CH32FV2x_V3xRM.PDF)+rm-address(CH32FV2x_V3xRM.PDF)
CH32V307,CAN1,CAN,CTLR,0x40006400,0x000,32,1,#,confirmed,evt(ch32v30x.h)+rm(CH32FV2x_V3xRM.PDF)+rm-address(CH32FV2x_V3xRM.PDF)
CH32V307,CAN1,CAN,STATR,0x40006404,0x004,32,1,#,confirmed,evt(ch32v30x.h)+rm(CH32FV2x_V3xRM.PDF)+rm-address(CH32FV2x_V3xRM.PDF)
CH32V307,CAN1,CAN,TSTATR,0x40006408,0x008,32,1,#,confirmed,evt(ch32v30x.h)+rm(CH32FV2x_V3xRM.PDF)+rm-address(CH32FV2x_V3xRM.PDF)
CH32V307,CAN1,CAN,RFIFO0,0x4000640c,0x00c,32,1,#,confirmed,evt(ch32v30x.h)+rm(CH32FV2x_V3xRM.PDF)+rm-address(CH32FV2x_V3xRM.PDF)
CH32V307,CAN1,CAN,RFIFO1,0x40006410,0x010,32,1,#,confirmed,evt(ch32v30x.h)+rm(CH32FV2x_V3xRM.PDF)+rm-address(CH32FV2x_V3xRM.PDF)
CH32V307,CAN1,CAN,INTENR,0x40006414,0x014,32,1,#,confirmed,evt(ch32v30x.h)+rm(CH32FV2x_V3xRM.PDF)+rm-address(CH32FV2x_V3xRM.PDF)
CH32V307,CAN1,CAN,ERRSR,0x40006418,0x018,32,1,#,confirmed,evt(ch32v30x.h)+rm(CH32FV2x_V3xRM.PDF)+rm-address(CH32FV2x_V3xRM.PDF)
CH32V307,CAN1,CAN,BTIMR,0x4000641c,0x01c,32,1,#,confirmed,evt(ch32v30x.h)+rm(CH32FV2x_V3xRM.PDF)+rm-address(CH32FV2x_V3xRM.PDF)
CH32V307,CAN1,CAN,sTxMailBox[0].TXMIR,0x40006580,0x180,32,1,#,confirmed,evt(ch32v30x.h)+rm-address(CH32FV2x_V3xRM.PDF)
CH32V307,CAN1,CAN,sTxMailBox[0].TXMDTR,0x40006584,0x184,32,1,#,confirmed,evt(ch32v30x.h)+rm-address(CH32FV2x_V3xRM.PDF)
CH32V307,CAN1,CAN,sTxMailBox[0].TXMDLR,0x40006588,0x188,32,1,#,confirmed,evt(ch32v30x.h)+rm-address(CH32FV2x_V3xRM.PDF)
CH32V307,CAN1,CAN,sTxMailBox[0].TXMDHR,0x4000658c,0x18c,32,1,#,confirmed,evt(ch32v30x.h)+rm-address(CH32FV2x_V3xRM.PDF)
CH32V307,CAN1,CAN,sTxMailBox[1].TXMIR,0x40006590,0x190,32,1,#,confirmed,evt(ch32v30x.h)+rm-address(CH32FV2x_V3xRM.PDF)
CH32V307,CAN1,CAN,sTxMailBox[1].TXMDTR,0x40006594,0x194,32,1,#,confirmed,evt(ch32v30x.h)+rm-address(CH32FV2x_V3xRM.PDF)
CH32V307,CAN1,CAN,sTxMailBox[1].TXMDLR,0x40006598,0x198,32,1,#,confirmed,evt(ch32v30x.h)+rm-address(CH32FV2x_V3xRM.PDF)
CH32V307,CAN1,CAN,sTxMailBox[1].TXMDHR,0x4000659c,0x19c,32,1,#,confirmed,evt(ch32v30x.h)+rm-address(CH32FV2x_V3xRM.PDF)
CH32V307,CAN1,CAN,sTxMailBox[2].TXMIR,0x400065a0,0x1a0,32,1,#,confirmed,evt(ch32v30x.h)+rm-address(CH32FV2x_V3xRM.PDF)
CH32V307,CAN1,CAN,sTxMailBox[2].TXMDTR,0x400065a4,0x1a4,32,1,#,confirmed,evt(ch32v30x.h)+rm-address(CH32FV2x_V3xRM.PDF)
CH32V307,CAN1,CAN,sTxMailBox[2].TXMDLR,0x400065a8,0x1a8,32,1,#,confirmed,evt(ch32v30x.h)+rm-address(CH32FV2x_V3xRM.PDF)
CH32V307,CAN1,CAN,sTxMailBox[2].TXMDHR,0x400065ac,0x1ac,32,1,#,confirmed,evt(ch32v30x.h)+rm-address(CH32FV2x_V3xRM.PDF)
CH32V307,CAN1,CAN,sFIFOMailBox[0].RXMIR,0x400065b0,0x1b0,32,1,#,confirmed,evt(ch32v30x.h)+rm-address(CH32FV2x_V3xRM.PDF)
CH32V307,CAN1,CAN,sFIFOMailBox[0].RXMDTR,0x400065b4,0x1b4,32,1,#,confirmed,evt(ch32v30x.h)+rm-address(CH32FV2x_V3xRM.PDF)
CH32V307,CAN1,CAN,sFIFOMailBox[0].RXMDLR,0x400065b8,0x1b8,32,1,#,confirmed,evt(ch32v30x.h)+rm-address(CH32FV2x_V3xRM.PDF)
CH32V307,CAN1,CAN,sFIFOMailBox[0].RXMDHR,0x400065bc,0x1bc,32,1,#,confirmed,evt(ch32v30x.h)+rm-address(CH32FV2x_V3xRM.PDF)
CH32V307,CAN1,CAN,sFIFOMailBox[1].RXMIR,0x400065c0,0x1c0,32,1,#,confirmed,evt(ch32v30x.h)+rm-address(CH32FV2x_V3xRM.PDF)
CH32V307,CAN1,CAN,sFIFOMailBox[1].RXMDTR,0x400065c4,0x1c4,32,1,#,confirmed,evt(ch32v30x.h)+rm-address(CH32FV2x_V3xRM.PDF)
CH32V307,CAN1,CAN,sFIFOMailBox[1].RXMDLR,0x400065c8,0x1c8,32,1,#,confirmed,evt(ch32v30x.h)+rm-address(CH32FV2x_V3xRM.PDF)
CH32V307,CAN1,CAN,sFIFOMailBox[1].RXMDHR,0x400065cc,0x1cc,32,1,#,confirmed,evt(ch32v30x.h)+rm-address(CH32FV2x_V3xRM.PDF)
CH32V307,CAN1,CAN,FCTLR,0x40006600,0x200,32,1,#,confirmed,evt(ch32v30x.h)+rm(CH32FV2x_V3xRM.PDF)+rm-address(CH32FV2x_V3xRM.PDF)
CH32V307,CAN1,CAN,FMCFGR,0x40006604,0x204,32,1,#,confirmed,evt(ch32v30x.h)+rm(CH32FV2x_V3xRM.PDF)+rm-address(CH32FV2x_V3xRM.PDF)
CH32V307,CAN1,CAN,FSCFGR,0x4000660c,0x20c,32,1,#,confirmed,evt(ch32v30x.h)+rm(CH32FV2x_V3xRM.PDF)+rm-address(CH32FV2x_V3xRM.PDF)
CH32V307,CAN1,CAN,FAFIFOR,0x40006614,0x214,32,1,#,confirmed,evt(ch32v30x.h)+rm(CH32FV2x_V3xRM.PDF)+rm-address(CH32FV2x_V3xRM.PDF)
CH32V307,CAN1,CAN,FWR,0x4000661c,0x21c,32,1,#,confirmed,evt(ch32v30x.h)+rm(CH32FV2x_V3xRM.PDF)+rm-address(CH32FV2x_V3xRM.PDF)
CH32V307,CAN1,CAN,sFilterRegister[0].FR1,0x40006640,0x240,32,1,#,confirmed,evt(ch32v30x.h)+rm-address(CH32FV2x_V3xRM.PDF)
CH32V307,CAN1,CAN,sFilterRegister[0].FR2,0x40006644,0x244,32,1,#,confirmed,evt(ch32v30x.h)+rm-address(CH32FV2x_V3xRM.PDF)
CH32V307,CAN1,CAN,sFilterRegister[1].FR1,0x40006648,0x248,32,1,#,confirmed,evt(ch32v30x.h)+rm-address(CH32FV2x_V3xRM.PDF)
CH32V307,CAN1,CAN,sFilterRegister[1].FR2,0x4000664c,0x24c,32,1,#,confirmed,evt(ch32v30x.h)+rm-address(CH32FV2x_V3xRM.PDF)
CH32V307,CAN1,CAN,sFilterRegister[2].FR1,0x40006650,0x250,32,1,#,confirmed,evt(ch32v30x.h)+rm-address(CH32FV2x_V3xRM.PDF)
CH32V307,CAN1,CAN,sFilterRegister[2].FR2,0x40006654,0x254,32,1,#,confirmed,evt(ch32v30x.h)+rm-address(CH32FV2x_V3xRM.PDF)
CH32V307,CAN1,CAN,sFilterRegister[3].FR1,0x40006658,0x258,32,1,#,confirmed,evt(ch32v30x.h)+rm-address(CH32FV2x_V3xRM.PDF)
CH32V307,CAN1,CAN,sFilterRegister[3].FR2,0x4000665c,0x25c,32,1,#,confirmed,evt(ch32v30x.h)+rm-address(CH32FV2x_V3xRM.PDF)
CH32V307,CAN1,CAN,sFilterRegister[4].FR1,0x40006660,0x260,32,1,#,confirmed,evt(ch32v30x.h)+rm-address(CH32FV2x_V3xRM.PDF)
CH32V307,CAN1,CAN,sFilterRegister[4].FR2,0x40006664,0x264,32,1,#,confirmed,evt(ch32v30x.h)+rm-address(CH32FV2x_V3xRM.PDF)
CH32V307,CAN1,CAN,sFilterRegister[5].FR1,0x40006668,0x268,32,1,#,confirmed,evt(ch32v30x.h)+rm-address(CH32FV2x_V3xRM.PDF)
CH32V307,CAN1,CAN,sFilterRegister[5].FR2,0x4000666c,0x26c,32,1,#,confirmed,evt(ch32v30x.h)+rm-address(CH32FV2x_V3xRM.PDF)
CH32V307,CAN1,CAN,sFilterRegister[6].FR1,0x40006670,0x270,32,1,#,confirmed,evt(ch32v30x.h)+rm-address(CH32FV2x_V3xRM.PDF)
CH32V307,CAN1,CAN,sFilterRegister[6].FR2,0x40006674,0x274,32,1,#,confirmed,evt(ch32v30x.h)+rm-address(CH32FV2x_V3xRM.PDF)
CH32V307,CAN1,CAN,sFilterRegister[7].FR1,0x40006678,0x278,32,1,#,confirmed,evt(ch32v30x.h)+rm-address(CH32FV2x_V3xRM.PDF)
CH32V307,CAN1,CAN,sFilterRegister[7].FR2,0x4000667c,0x27c,32,1,#,confirmed,evt(ch32v30x.h)+rm-address(CH32FV2x_V3xRM.PDF)
CH32V307,CAN1,CAN,sFilterRegister[8].FR1,0x40006680,0x280,32,1,#,confirmed,evt(ch32v30x.h)+rm-address(CH32FV2x_V3xRM.PDF)
CH32V307,CAN1,CAN,sFilterRegister[8].FR2,0x40006684,0x284,32,1,#,confirmed,evt(ch32v30x.h)+rm-address(CH32FV2x_V3xRM.PDF)
CH32V307,CAN1,CAN,sFilterRegister[9].FR1,0x40006688,0x288,32,1,#,confirmed,evt(ch32v30x.h)+rm-address(CH32FV2x_V3xRM.PDF)
CH32V307,CAN1,CAN,sFilterRegister[9].FR2,0x4000668c,0x28c,32,1,#,confirmed,evt(ch32v30x.h)+rm-address(CH32FV2x_V3xRM.PDF)
CH32V307,CAN1,CAN,sFilterRegister[10].FR1,0x40006690,0x290,32,1,#,confirmed,evt(ch32v30x.h)+rm-address(CH32FV2x_V3xRM.PDF)
CH32V307,CAN1,CAN,sFilterRegister[10].FR2,0x40006694,0x294,32,1,#,confirmed,evt(ch32v30x.h)+rm-address(CH32FV2x_V3xRM.PDF)
CH32V307,CAN1,CAN,sFilterRegister[11].FR1,0x40006698,0x298,32,1,#,confirmed,evt(ch32v30x.h)+rm-address(CH32FV2x_V3xRM.PDF)
CH32V307,CAN1,CAN,sFilterRegister[11].FR2,0x4000669c,0x29c,32,1,#,confirmed,evt(ch32v30x.h)+rm-address(CH32FV2x_V3xRM.PDF)
CH32V307,CAN1,CAN,sFilterRegister[12].FR1,0x400066a0,0x2a0,32,1,#,confirmed,evt(ch32v30x.h)+rm-address(CH32FV2x_V3xRM.PDF)
CH32V307,CAN1,CAN,sFilterRegister[12].FR2,0x400066a4,0x2a4,32,1,#,confirmed,evt(ch32v30x.h)+rm-address(CH32FV2x_V3xRM.PDF)
CH32V307,CAN1,CAN,sFilterRegister[13].FR1,0x400066a8,0x2a8,32,1,#,confirmed,evt(ch32v30x.h)+rm-address(CH32FV2x_V3xRM.PDF)
CH32V307,CAN1,CAN,sFilterRegister[13].FR2,0x400066ac,0x2ac,32,1,#,confirmed,evt(ch32v30x.h)+rm-address(CH32FV2x_V3xRM.PDF)
CH32V307,CAN1,CAN,sFilterRegister[14].FR1,0x400066b0,0x2b0,32,1,#,confirmed,evt(ch32v30x.h)+rm-address(CH32FV2x_V3xRM.PDF)
CH32V307,CAN1,CAN,sFilterRegister[14].FR2,0x400066b4,0x2b4,32,1,#,confirmed,evt(ch32v30x.h)+rm-address(CH32FV2x_V3xRM.PDF)
CH32V307,CAN1,CAN,sFilterRegister[15].FR1,0x400066b8,0x2b8,32,1,#,confirmed,evt(ch32v30x.h)+rm-address(CH32FV2x_V3xRM.PDF)
CH32V307,CAN1,CAN,sFilterRegister[15].FR2,0x400066bc,0x2bc,32,1,#,confirmed,evt(ch32v30x.h)+rm-address(CH32FV2x_V3xRM.PDF)
CH32V307,CAN1,CAN,sFilterRegister[16].FR1,0x400066c0,0x2c0,32,1,#,confirmed,evt(ch32v30x.h)+rm-address(CH32FV2x_V3xRM.PDF)
CH32V307,CAN1,CAN,sFilterRegister[16].FR2,0x400066c4,0x2c4,32,1,#,confirmed,evt(ch32v30x.h)+rm-address(CH32FV2x_V3xRM.PDF)
CH32V307,CAN1,CAN,sFilterRegister[17].FR1,0x400066c8,0x2c8,32,1,#,confirmed,evt(ch32v30x.h)+rm-address(CH32FV2x_V3xRM.PDF)
CH32V307,CAN1,CAN,sFilterRegister[17].FR2,0x400066cc,0x2cc,32,1,#,confirmed,evt(ch32v30x.h)+rm-address(CH32FV2x_V3xRM.PDF)
CH32V307,CAN1,CAN,sFilterRegister[18].FR1,0x400066d0,0x2d0,32,1,#,confirmed,evt(ch32v30x.h)+rm-address(CH32FV2x_V3xRM.PDF)
CH32V307,CAN1,CAN,sFilterRegister[18].FR2,0x400066d4,0x2d4,32,1,#,confirmed,evt(ch32v30x.h)+rm-address(CH32FV2x_V3xRM.PDF)
CH32V307,CAN1,CAN,sFilterRegister[19].FR1,0x400066d8,0x2d8,32,1,#,confirmed,evt(ch32v30x.h)+rm-address(CH32FV2x_V3xRM.PDF)
CH32V307,CAN1,CAN,sFilterRegister[19].FR2,0x400066dc,0x2dc,32,1,#,confirmed,evt(ch32v30x.h)+rm-address(CH32FV2x_V3xRM.PDF)
CH32V307,CAN1,CAN,sFilterRegister[20].FR1,0x400066e0,0x2e0,32,1,#,confirmed,evt(ch32v30x.h)+rm-address(CH32FV2x_V3xRM.PDF)
CH32V307,CAN1,CAN,sFilterRegister[20].FR2,0x400066e4,0x2e4,32,1,#,confirmed,evt(ch32v30x.h)+rm-address(CH32FV2x_V3xRM.PDF)
CH32V307,CAN1,CAN,sFilterRegister[21].FR1,0x400066e8,0x2e8,32,1,#,confirmed,evt(ch32v30x.h)+rm-address(CH32FV2x_V3xRM.PDF)
CH32V307,CAN1,CAN,sFilterRegister[21].FR2,0x400066ec,0x2ec,32,1,#,confirmed,evt(ch32v30x.h)+rm-address(CH32FV2x_V3xRM.PDF)
CH32V307,CAN1,CAN,sFilterRegister[22].FR1,0x400066f0,0x2f0,32,1,#,confirmed,evt(ch32v30x.h)+rm-address(CH32FV2x_V3xRM.PDF)
CH32V307,CAN1,CAN,sFilterRegister[22].FR2,0x400066f4,0x2f4,32,1,#,confirmed,evt(ch32v30x.h)+rm-address(CH32FV2x_V3xRM.PDF)
CH32V307,CAN1,CAN,sFilterRegister[23].FR1,0x400066f8,0x2f8,32,1,#,confirmed,evt(ch32v30x.h)+rm-address(CH32FV2x_V3xRM.PDF)
CH32V307,CAN1,CAN,sFilterRegister[23].FR2,0x400066fc,0x2fc,32,1,#,confirmed,evt(ch32v30x.h)+rm-address(CH32FV2x_V3xRM.PDF)
CH32V307,CAN1,CAN,sFilterRegister[24].FR1,0x40006700,0x300,32,1,#,confirmed,evt(ch32v30x.h)+rm-address(CH32FV2x_V3xRM.PDF)
CH32V307,CAN1,CAN,sFilterRegister[24].FR2,0x40006704,0x304,32,1,#,confirmed,evt(ch32v30x.h)+rm-address(CH32FV2x_V3xRM.PDF)
CH32V307,CAN1,CAN,sFilterRegister[25].FR1,0x40006708,0x308,32,1,#,confirmed,evt(ch32v30x.h)+rm-address(CH32FV2x_V3xRM.PDF)
CH32V307,CAN1,CAN,sFilterRegister[25].FR2,0x4000670c,0x30c,32,1,#,confirmed,evt(ch32v30x.h)+rm-address(CH32FV2x_V3xRM.PDF)
CH32V307,CAN1,CAN,sFilterRegister[26].FR1,0x40006710,0x310,32,1,#,confirmed,evt(ch32v30x.h)+rm-address(CH32FV2x_V3xRM.PDF)
CH32V307,CAN1,CAN,sFilterRegister[26].FR2,0x40006714,0x314,32,1,#,confirmed,evt(ch32v30x.h)+rm-address(CH32FV2x_V3xRM.PDF)
CH32V307,CAN1,CAN,sFilterRegister[27].FR1,0x40006718,0x318,32,1,#,confirmed,evt(ch32v30x.h)+rm-address(CH32FV2x_V3xRM.PDF)
CH32V307,CAN1,CAN,sFilterRegister[27].FR2,0x4000671c,0x31c,32,1,#,confirmed,evt(ch32v30x.h)+rm-address(CH32FV2x_V3xRM.PDF)
CH32V307,CAN2,CAN,CTLR,0x40006800,0x000,32,1,#,confirmed,evt(ch32v30x.h)+rm(CH32FV2x_V3xRM.PDF)+rm-address(CH32FV2x_V3xRM.PDF)
CH32V307,CAN2,CAN,STATR,0x40006804,0x004,32,1,#,confirmed,evt(ch32v30x.h)+rm(CH32FV2x_V3xRM.PDF)+rm-address(CH32FV2x_V3xRM.PDF)
CH32V307,CAN2,CAN,TSTATR,0x40006808,0x008,32,1,#,confirmed,evt(ch32v30x.h)+rm(CH32FV2x_V3xRM.PDF)+rm-address(CH32FV2x_V3xRM.PDF)
CH32V307,CAN2,CAN,RFIFO0,0x4000680c,0x00c,32,1,#,confirmed,evt(ch32v30x.h)+rm(CH32FV2x_V3xRM.PDF)+rm-address(CH32FV2x_V3xRM.PDF)
CH32V307,CAN2,CAN,RFIFO1,0x40006810,0x010,32,1,#,confirmed,evt(ch32v30x.h)+rm(CH32FV2x_V3xRM.PDF)+rm-address(CH32FV2x_V3xRM.PDF)
CH32V307,CAN2,CAN,INTENR,0x40006814,0x014,32,1,#,confirmed,evt(ch32v30x.h)+rm(CH32FV2x_V3xRM.PDF)+rm-address(CH32FV2x_V3xRM.PDF)
CH32V307,CAN2,CAN,ERRSR,0x40006818,0x018,32,1,#,confirmed,evt(ch32v30x.h)+rm(CH32FV2x_V3xRM.PDF)+rm-address(CH32FV2x_V3xRM.PDF)
CH32V307,CAN2,CAN,BTIMR,0x4000681c,0x01c,32,1,#,confirmed,evt(ch32v30x.h)+rm(CH32FV2x_V3xRM.PDF)+rm-address(CH32FV2x_V3xRM.PDF)
CH32V307,CAN2,CAN,sTxMailBox[0].TXMIR,0x40006980,0x180,32,1,#,confirmed,evt(ch32v30x.h)+rm-address(CH32FV2x_V3xRM.PDF)
CH32V307,CAN2,CAN,sTxMailBox[0].TXMDTR,0x40006984,0x184,32,1,#,confirmed,evt(ch32v30x.h)+rm-address(CH32FV2x_V3xRM.PDF)
CH32V307,CAN2,CAN,sTxMailBox[0].TXMDLR,0x40006988,0x188,32,1,#,confirmed,evt(ch32v30x.h)+rm-address(CH32FV2x_V3xRM.PDF)
CH32V307,CAN2,CAN,sTxMailBox[0].TXMDHR,0x4000698c,0x18c,32,1,#,confirmed,evt(ch32v30x.h)+rm-address(CH32FV2x_V3xRM.PDF)
CH32V307,CAN2,CAN,sTxMailBox[1].TXMIR,0x40006990,0x190,32,1,#,confirmed,evt(ch32v30x.h)+rm-address(CH32FV2x_V3xRM.PDF)
CH32V307,CAN2,CAN,sTxMailBox[1].TXMDTR,0x40006994,0x194,32,1,#,confirmed,evt(ch32v30x.h)+rm-address(CH32FV2x_V3xRM.PDF)
CH32V307,CAN2,CAN,sTxMailBox[1].TXMDLR,0x40006998,0x198,32,1,#,confirmed,evt(ch32v30x.h)+rm-address(CH32FV2x_V3xRM.PDF)
CH32V307,CAN2,CAN,sTxMailBox[1].TXMDHR,0x4000699c,0x19c,32,1,#,confirmed,evt(ch32v30x.h)+rm-address(CH32FV2x_V3xRM.PDF)
CH32V307,CAN2,CAN,sTxMailBox[2].TXMIR,0x400069a0,0x1a0,32,1,#,confirmed,evt(ch32v30x.h)+rm-address(CH32FV2x_V3xRM.PDF)
CH32V307,CAN2,CAN,sTxMailBox[2].TXMDTR,0x400069a4,0x1a4,32,1,#,confirmed,evt(ch32v30x.h)+rm-address(CH32FV2x_V3xRM.PDF)
CH32V307,CAN2,CAN,sTxMailBox[2].TXMDLR,0x400069a8,0x1a8,32,1,#,confirmed,evt(ch32v30x.h)+rm-address(CH32FV2x_V3xRM.PDF)
CH32V307,CAN2,CAN,sTxMailBox[2].TXMDHR,0x400069ac,0x1ac,32,1,#,confirmed,evt(ch32v30x.h)+rm-address(CH32FV2x_V3xRM.PDF)
CH32V307,CAN2,CAN,sFIFOMailBox[0].RXMIR,0x400069b0,0x1b0,32,1,#,confirmed,evt(ch32v30x.h)+rm-address(CH32FV2x_V3xRM.PDF)
CH32V307,CAN2,CAN,sFIFOMailBox[0].RXMDTR,0x400069b4,0x1b4,32,1,#,confirmed,evt(ch32v30x.h)+rm-address(CH32FV2x_V3xRM.PDF)
CH32V307,CAN2,CAN,sFIFOMailBox[0].RXMDLR,0x400069b8,0x1b8,32,1,#,confirmed,evt(ch32v30x.h)+rm-address(CH32FV2x_V3xRM.PDF)
CH32V307,CAN2,CAN,sFIFOMailBox[0].RXMDHR,0x400069bc,0x1bc,32,1,#,confirmed,evt(ch32v30x.h)+rm-address(CH32FV2x_V3xRM.PDF)
CH32V307,CAN2,CAN,sFIFOMailBox[1].RXMIR,0x400069c0,0x1c0,32,1,#,confirmed,evt(ch32v30x.h)+rm-address(CH32FV2x_V3xRM.PDF)
CH32V307,CAN2,CAN,sFIFOMailBox[1].RXMDTR,0x400069c4,0x1c4,32,1,#,confirmed,evt(ch32v30x.h)+rm-address(CH32FV2x_V3xRM.PDF)
CH32V307,CAN2,CAN,sFIFOMailBox[1].RXMDLR,0x400069c8,0x1c8,32,1,#,confirmed,evt(ch32v30x.h)+rm-address(CH32FV2x_V3xRM.PDF)
CH32V307,CAN2,CAN,sFIFOMailBox[1].RXMDHR,0x400069cc,0x1cc,32,1,#,confirmed,evt(ch32v30x.h)+rm-address(CH32FV2x_V3xRM.PDF)
CH32V307,CAN2,CAN,FCTLR,0x40006a00,0x200,32,1,#,confirmed,evt(ch32v30x.h)+rm(CH32FV2x_V3xRM.PDF)+rm-address(CH32FV2x_V3xRM.PDF)
CH32V307,CAN2,CAN,FMCFGR,0x40006a04,0x204,32,1,#,confirmed,evt(ch32v30x.h)+rm(CH32FV2x_V3xRM.PDF)+rm-address(CH32FV2x_V3xRM.PDF)
CH32V307,CAN2,CAN,FSCFGR,0x40006a0c,0x20c,32,1,#,confirmed,evt(ch32v30x.h)+rm(CH32FV2x_V3xRM.PDF)+rm-address(CH32FV2x_V3xRM.PDF)
CH32V307,CAN2,CAN,FAFIFOR,0x40006a14,0x214,32,1,#,confirmed,evt(ch32v30x.h)+rm(CH32FV2x_V3xRM.PDF)+rm-address(CH32FV2x_V3xRM.PDF)
CH32V307,CAN2,CAN,FWR,0x40006a1c,0x21c,32,1,#,confirmed,evt(ch32v30x.h)+rm(CH32FV2x_V3xRM.PDF)+rm-address(CH32FV2x_V3xRM.PDF)
CH32V307,CAN2,CAN,sFilterRegister[0].FR1,0x40006a40,0x240,32,1,#,confirmed,evt(ch32v30x.h)+rm-address(CH32FV2x_V3xRM.PDF)
CH32V307,CAN2,CAN,sFilterRegister[0].FR2,0x40006a44,0x244,32,1,#,confirmed,evt(ch32v30x.h)+rm-address(CH32FV2x_V3xRM.PDF)
CH32V307,CAN2,CAN,sFilterRegister[1].FR1,0x40006a48,0x248,32,1,#,confirmed,evt(ch32v30x.h)+rm-address(CH32FV2x_V3xRM.PDF)
CH32V307,CAN2,CAN,sFilterRegister[1].FR2,0x40006a4c,0x24c,32,1,#,confirmed,evt(ch32v30x.h)+rm-address(CH32FV2x_V3xRM.PDF)
CH32V307,CAN2,CAN,sFilterRegister[2].FR1,0x40006a50,0x250,32,1,#,confirmed,evt(ch32v30x.h)+rm-address(CH32FV2x_V3xRM.PDF)
CH32V307,CAN2,CAN,sFilterRegister[2].FR2,0x40006a54,0x254,32,1,#,confirmed,evt(ch32v30x.h)+rm-address(CH32FV2x_V3xRM.PDF)
CH32V307,CAN2,CAN,sFilterRegister[3].FR1,0x40006a58,0x258,32,1,#,confirmed,evt(ch32v30x.h)+rm-address(CH32FV2x_V3xRM.PDF)
CH32V307,CAN2,CAN,sFilterRegister[3].FR2,0x40006a5c,0x25c,32,1,#,confirmed,evt(ch32v30x.h)+rm-address(CH32FV2x_V3xRM.PDF)
CH32V307,CAN2,CAN,sFilterRegister[4].FR1,0x40006a60,0x260,32,1,#,confirmed,evt(ch32v30x.h)+rm-address(CH32FV2x_V3xRM.PDF)
CH32V307,CAN2,CAN,sFilterRegister[4].FR2,0x40006a64,0x264,32,1,#,confirmed,evt(ch32v30x.h)+rm-address(CH32FV2x_V3xRM.PDF)
CH32V307,CAN2,CAN,sFilterRegister[5].FR1,0x40006a68,0x268,32,1,#,confirmed,evt(ch32v30x.h)+rm-address(CH32FV2x_V3xRM.PDF)
CH32V307,CAN2,CAN,sFilterRegister[5].FR2,0x40006a6c,0x26c,32,1,#,confirmed,evt(ch32v30x.h)+rm-address(CH32FV2x_V3xRM.PDF)
CH32V307,CAN2,CAN,sFilterRegister[6].FR1,0x40006a70,0x270,32,1,#,confirmed,evt(ch32v30x.h)+rm-address(CH32FV2x_V3xRM.PDF)
CH32V307,CAN2,CAN,sFilterRegister[6].FR2,0x40006a74,0x274,32,1,#,confirmed,evt(ch32v30x.h)+rm-address(CH32FV2x_V3xRM.PDF)
CH32V307,CAN2,CAN,sFilterRegister[7].FR1,0x40006a78,0x278,32,1,#,confirmed,evt(ch32v30x.h)+rm-address(CH32FV2x_V3xRM.PDF)
CH32V307,CAN2,CAN,sFilterRegister[7].FR2,0x40006a7c,0x27c,32,1,#,confirmed,evt(ch32v30x.h)+rm-address(CH32FV2x_V3xRM.PDF)
CH32V307,CAN2,CAN,sFilterRegister[8].FR1,0x40006a80,0x280,32,1,#,confirmed,evt(ch32v30x.h)+rm-address(CH32FV2x_V3xRM.PDF)
CH32V307,CAN2,CAN,sFilterRegister[8].FR2,0x40006a84,0x284,32,1,#,confirmed,evt(ch32v30x.h)+rm-address(CH32FV2x_V3xRM.PDF)
CH32V307,CAN2,CAN,sFilterRegister[9].FR1,0x40006a88,0x288,32,1,#,confirmed,evt(ch32v30x.h)+rm-address(CH32FV2x_V3xRM.PDF)
CH32V307,CAN2,CAN,sFilterRegister[9].FR2,0x40006a8c,0x28c,32,1,#,confirmed,evt(ch32v30x.h)+rm-address(CH32FV2x_V3xRM.PDF)
CH32V307,CAN2,CAN,sFilterRegister[10].FR1,0x40006a90,0x290,32,1,#,confirmed,evt(ch32v30x.h)+rm-address(CH32FV2x_V3xRM.PDF)
CH32V307,CAN2,CAN,sFilterRegister[10].FR2,0x40006a94,0x294,32,1,#,confirmed,evt(ch32v30x.h)+rm-address(CH32FV2x_V3xRM.PDF)
CH32V307,CAN2,CAN,sFilterRegister[11].FR1,0x40006a98,0x298,32,1,#,confirmed,evt(ch32v30x.h)+rm-address(CH32FV2x_V3xRM.PDF)
CH32V307,CAN2,CAN,sFilterRegister[11].FR2,0x40006a9c,0x29c,32,1,#,confirmed,evt(ch32v30x.h)+rm-address(CH32FV2x_V3xRM.PDF)
CH32V307,CAN2,CAN,sFilterRegister[12].FR1,0x40006aa0,0x2a0,32,1,#,confirmed,evt(ch32v30x.h)+rm-address(CH32FV2x_V3xRM.PDF)
CH32V307,CAN2,CAN,sFilterRegister[12].FR2,0x40006aa4,0x2a4,32,1,#,confirmed,evt(ch32v30x.h)+rm-address(CH32FV2x_V3xRM.PDF)
CH32V307,CAN2,CAN,sFilterRegister[13].FR1,0x40006aa8,0x2a8,32,1,#,confirmed,evt(ch32v30x.h)+rm-address(CH32FV2x_V3xRM.PDF)
CH32V307,CAN2,CAN,sFilterRegister[13].FR2,0x40006aac,0x2ac,32,1,#,confirmed,evt(ch32v30x.h)+rm-address(CH32FV2x_V3xRM.PDF)
CH32V307,CAN2,CAN,sFilterRegister[14].FR1,0x40006ab0,0x2b0,32,1,#,confirmed,evt(ch32v30x.h)+rm-address(CH32FV2x_V3xRM.PDF)
CH32V307,CAN2,CAN,sFilterRegister[14].FR2,0x40006ab4,0x2b4,32,1,#,confirmed,evt(ch32v30x.h)+rm-address(CH32FV2x_V3xRM.PDF)
CH32V307,CAN2,CAN,sFilterRegister[15].FR1,0x40006ab8,0x2b8,32,1,#,confirmed,evt(ch32v30x.h)+rm-address(CH32FV2x_V3xRM.PDF)
CH32V307,CAN2,CAN,sFilterRegister[15].FR2,0x40006abc,0x2bc,32,1,#,confirmed,evt(ch32v30x.h)+rm-address(CH32FV2x_V3xRM.PDF)
CH32V307,CAN2,CAN,sFilterRegister[16].FR1,0x40006ac0,0x2c0,32,1,#,confirmed,evt(ch32v30x.h)+rm-address(CH32FV2x_V3xRM.PDF)
CH32V307,CAN2,CAN,sFilterRegister[16].FR2,0x40006ac4,0x2c4,32,1,#,confirmed,evt(ch32v30x.h)+rm-address(CH32FV2x_V3xRM.PDF)
CH32V307,CAN2,CAN,sFilterRegister[17].FR1,0x40006ac8,0x2c8,32,1,#,confirmed,evt(ch32v30x.h)+rm-address(CH32FV2x_V3xRM.PDF)
CH32V307,CAN2,CAN,sFilterRegister[17].FR2,0x40006acc,0x2cc,32,1,#,confirmed,evt(ch32v30x.h)+rm-address(CH32FV2x_V3xRM.PDF)
CH32V307,CAN2,CAN,sFilterRegister[18].FR1,0x40006ad0,0x2d0,32,1,#,confirmed,evt(ch32v30x.h)+rm-address(CH32FV2x_V3xRM.PDF)
CH32V307,CAN2,CAN,sFilterRegister[18].FR2,0x40006ad4,0x2d4,32,1,#,confirmed,evt(ch32v30x.h)+rm-address(CH32FV2x_V3xRM.PDF)
CH32V307,CAN2,CAN,sFilterRegister[19].FR1,0x40006ad8,0x2d8,32,1,#,confirmed,evt(ch32v30x.h)+rm-address(CH32FV2x_V3xRM.PDF)
CH32V307,CAN2,CAN,sFilterRegister[19].FR2,0x40006adc,0x2dc,32,1,#,confirmed,evt(ch32v30x.h)+rm-address(CH32FV2x_V3xRM.PDF)
CH32V307,CAN2,CAN,sFilterRegister[20].FR1,0x40006ae0,0x2e0,32,1,#,confirmed,evt(ch32v30x.h)+rm-address(CH32FV2x_V3xRM.PDF)
CH32V307,CAN2,CAN,sFilterRegister[20].FR2,0x40006ae4,0x2e4,32,1,#,confirmed,evt(ch32v30x.h)+rm-address(CH32FV2x_V3xRM.PDF)
CH32V307,CAN2,CAN,sFilterRegister[21].FR1,0x40006ae8,0x2e8,32,1,#,confirmed,evt(ch32v30x.h)+rm-address(CH32FV2x_V3xRM.PDF)
CH32V307,CAN2,CAN,sFilterRegister[21].FR2,0x40006aec,0x2ec,32,1,#,confirmed,evt(ch32v30x.h)+rm-address(CH32FV2x_V3xRM.PDF)
CH32V307,CAN2,CAN,sFilterRegister[22].FR1,0x40006af0,0x2f0,32,1,#,confirmed,evt(ch32v30x.h)+rm-address(CH32FV2x_V3xRM.PDF)
CH32V307,CAN2,CAN,sFilterRegister[22].FR2,0x40006af4,0x2f4,32,1,#,confirmed,evt(ch32v30x.h)+rm-address(CH32FV2x_V3xRM.PDF)
CH32V307,CAN2,CAN,sFilterRegister[23].FR1,0x40006af8,0x2f8,32,1,#,confirmed,evt(ch32v30x.h)+rm-address(CH32FV2x_V3xRM.PDF)
CH32V307,CAN2,CAN,sFilterRegister[23].FR2,0x40006afc,0x2fc,32,1,#,confirmed,evt(ch32v30x.h)+rm-address(CH32FV2x_V3xRM.PDF)
CH32V307,CAN2,CAN,sFilterRegister[24].FR1,0x40006b00,0x300,32,1,#,confirmed,evt(ch32v30x.h)+rm-address(CH32FV2x_V3xRM.PDF)
CH32V307,CAN2,CAN,sFilterRegister[24].FR2,0x40006b04,0x304,32,1,#,confirmed,evt(ch32v30x.h)+rm-address(CH32FV2x_V3xRM.PDF)
CH32V307,CAN2,CAN,sFilterRegister[25].FR1,0x40006b08,0x308,32,1,#,confirmed,evt(ch32v30x.h)+rm-address(CH32FV2x_V3xRM.PDF)
CH32V307,CAN2,CAN,sFilterRegister[25].FR2,0x40006b0c,0x30c,32,1,#,confirmed,evt(ch32v30x.h)+rm-address(CH32FV2x_V3xRM.PDF)
CH32V307,CAN2,CAN,sFilterRegister[26].FR1,0x40006b10,0x310,32,1,#,confirmed,evt(ch32v30x.h)+rm-address(CH32FV2x_V3xRM.PDF)
CH32V307,CAN2,CAN,sFilterRegister[26].FR2,0x40006b14,0x314,32,1,#,confirmed,evt(ch32v30x.h)+rm-address(CH32FV2x_V3xRM.PDF)
CH32V307,CAN2,CAN,sFilterRegister[27].FR1,0x40006b18,0x318,32,1,#,confirmed,evt(ch32v30x.h)+rm-address(CH32FV2x_V3xRM.PDF)
CH32V307,CAN2,CAN,sFilterRegister[27].FR2,0x40006b1c,0x31c,32,1,#,confirmed,evt(ch32v30x.h)+rm-address(CH32FV2x_V3xRM.PDF)
CH32V307,BKP,BKP,DATAR1,0x40006c04,0x004,16,1,#,confirmed,evt(ch32v30x.h)+rm-address(CH32FV2x_V3xRM.PDF)
CH32V307,BKP,BKP,DATAR2,0x40006c08,0x008,16,1,#,confirmed,evt(ch32v30x.h)+rm-address(CH32FV2x_V3xRM.PDF)
CH32V307,BKP,BKP,DATAR3,0x40006c0c,0x00c,16,1,#,confirmed,evt(ch32v30x.h)+rm-address(CH32FV2x_V3xRM.PDF)
CH32V307,BKP,BKP,DATAR4,0x40006c10,0x010,16,1,#,confirmed,evt(ch32v30x.h)+rm-address(CH32FV2x_V3xRM.PDF)
CH32V307,BKP,BKP,DATAR5,0x40006c14,0x014,16,1,#,confirmed,evt(ch32v30x.h)+rm-address(CH32FV2x_V3xRM.PDF)
CH32V307,BKP,BKP,DATAR6,0x40006c18,0x018,16,1,#,confirmed,evt(ch32v30x.h)+rm-address(CH32FV2x_V3xRM.PDF)
CH32V307,BKP,BKP,DATAR7,0x40006c1c,0x01c,16,1,#,confirmed,evt(ch32v30x.h)+rm-address(CH32FV2x_V3xRM.PDF)
CH32V307,BKP,BKP,DATAR8,0x40006c20,0x020,16,1,#,confirmed,evt(ch32v30x.h)+rm-address(CH32FV2x_V3xRM.PDF)
CH32V307,BKP,BKP,DATAR9,0x40006c24,0x024,16,1,#,confirmed,evt(ch32v30x.h)+rm-address(CH32FV2x_V3xRM.PDF)
CH32V307,BKP,BKP,DATAR10,0x40006c28,0x028,16,1,#,confirmed,evt(ch32v30x.h)+rm-address(CH32FV2x_V3xRM.PDF)
CH32V307,BKP,BKP,OCTLR,0x40006c2c,0x02c,16,1,#,confirmed,evt(ch32v30x.h)+rm(CH32FV2x_V3xRM.PDF)+rm-address(CH32FV2x_V3xRM.PDF)
CH32V307,BKP,BKP,TPCTLR,0x40006c30,0x030,16,1,#,confirmed,evt(ch32v30x.h)+rm(CH32FV2x_V3xRM.PDF)+rm-address(CH32FV2x_V3xRM.PDF)
CH32V307,BKP,BKP,TPCSR,0x40006c34,0x034,16,1,#,confirmed,evt(ch32v30x.h)+rm(CH32FV2x_V3xRM.PDF)+rm-address(CH32FV2x_V3xRM.PDF)
CH32V307,BKP,BKP,DATAR11,0x40006c40,0x040,16,1,#,confirmed,evt(ch32v30x.h)+rm-address(CH32FV2x_V3xRM.PDF)
CH32V307,BKP,BKP,DATAR12,0x40006c44,0x044,16,1,#,confirmed,evt(ch32v30x.h)+rm-address(CH32FV2x_V3xRM.PDF)
CH32V307,BKP,BKP,DATAR13,0x40006c48,0x048,16,1,#,confirmed,evt(ch32v30x.h)+rm-address(CH32FV2x_V3xRM.PDF)
CH32V307,BKP,BKP,DATAR14,0x40006c4c,0x04c,16,1,#,confirmed,evt(ch32v30x.h)+rm-address(CH32FV2x_V3xRM.PDF)
CH32V307,BKP,BKP,DATAR15,0x40006c50,0x050,16,1,#,confirmed,evt(ch32v30x.h)+rm-address(CH32FV2x_V3xRM.PDF)
CH32V307,BKP,BKP,DATAR16,0x40006c54,0x054,16,1,#,confirmed,evt(ch32v30x.h)+rm-address(CH32FV2x_V3xRM.PDF)
CH32V307,BKP,BKP,DATAR17,0x40006c58,0x058,16,1,#,confirmed,evt(ch32v30x.h)+rm-address(CH32FV2x_V3xRM.PDF)
CH32V307,BKP,BKP,DATAR18,0x40006c5c,0x05c,16,1,#,confirmed,evt(ch32v30x.h)+rm-address(CH32FV2x_V3xRM.PDF)
CH32V307,BKP,BKP,DATAR19,0x40006c60,0x060,16,1,#,confirmed,evt(ch32v30x.h)+rm-address(CH32FV2x_V3xRM.PDF)
CH32V307,BKP,BKP,DATAR20,0x40006c64,0x064,16,1,#,confirmed,evt(ch32v30x.h)+rm-address(CH32FV2x_V3xRM.PDF)
CH32V307,BKP,BKP,DATAR21,0x40006c68,0x068,16,1,#,confirmed,evt(ch32v30x.h)+rm-address(CH32FV2x_V3xRM.PDF)
CH32V307,BKP,BKP,DATAR22,0x40006c6c,0x06c,16,1,#,confirmed,evt(ch32v30x.h)+rm-address(CH32FV2x_V3xRM.PDF)
CH32V307,BKP,BKP,DATAR23,0x40006c70,0x070,16,1,#,confirmed,evt(ch32v30x.h)+rm-address(CH32FV2x_V3xRM.PDF)
CH32V307,BKP,BKP,DATAR24,0x40006c74,0x074,16,1,#,confirmed,evt(ch32v30x.h)+rm-address(CH32FV2x_V3xRM.PDF)
CH32V307,BKP,BKP,DATAR25,0x40006c78,0x078,16,1,#,confirmed,evt(ch32v30x.h)+rm-address(CH32FV2x_V3xRM.PDF)
CH32V307,BKP,BKP,DATAR26,0x40006c7c,0x07c,16,1,#,confirmed,evt(ch32v30x.h)+rm-address(CH32FV2x_V3xRM.PDF)
CH32V307,BKP,BKP,DATAR27,0x40006c80,0x080,16,1,#,confirmed,evt(ch32v30x.h)+rm-address(CH32FV2x_V3xRM.PDF)
CH32V307,BKP,BKP,DATAR28,0x40006c84,0x084,16,1,#,confirmed,evt(ch32v30x.h)+rm-address(CH32FV2x_V3xRM.PDF)
CH32V307,BKP,BKP,DATAR29,0x40006c88,0x088,16,1,#,confirmed,evt(ch32v30x.h)+rm-address(CH32FV2x_V3xRM.PDF)
CH32V307,BKP,BKP,DATAR30,0x40006c8c,0x08c,16,1,#,confirmed,evt(ch32v30x.h)+rm-address(CH32FV2x_V3xRM.PDF)
CH32V307,BKP,BKP,DATAR31,0x40006c90,0x090,16,1,#,confirmed,evt(ch32v30x.h)+rm-address(CH32FV2x_V3xRM.PDF)
CH32V307,BKP,BKP,DATAR32,0x40006c94,0x094,16,1,#,confirmed,evt(ch32v30x.h)+rm-address(CH32FV2x_V3xRM.PDF)
CH32V307,BKP,BKP,DATAR33,0x40006c98,0x098,16,1,#,confirmed,evt(ch32v30x.h)+rm-address(CH32FV2x_V3xRM.PDF)
CH32V307,BKP,BKP,DATAR34,0x40006c9c,0x09c,16,1,#,confirmed,evt(ch32v30x.h)+rm-address(CH32FV2x_V3xRM.PDF)
CH32V307,BKP,BKP,DATAR35,0x40006ca0,0x0a0,16,1,#,confirmed,evt(ch32v30x.h)+rm-address(CH32FV2x_V3xRM.PDF)
CH32V307,BKP,BKP,DATAR36,0x40006ca4,0x0a4,16,1,#,confirmed,evt(ch32v30x.h)+rm-address(CH32FV2x_V3xRM.PDF)
CH32V307,BKP,BKP,DATAR37,0x40006ca8,0x0a8,16,1,#,confirmed,evt(ch32v30x.h)+rm-address(CH32FV2x_V3xRM.PDF)
CH32V307,BKP,BKP,DATAR38,0x40006cac,0x0ac,16,1,#,confirmed,evt(ch32v30x.h)+rm-address(CH32FV2x_V3xRM.PDF)
CH32V307,BKP,BKP,DATAR39,0x40006cb0,0x0b0,16,1,#,confirmed,evt(ch32v30x.h)+rm-address(CH32FV2x_V3xRM.PDF)
CH32V307,BKP,BKP,DATAR40,0x40006cb4,0x0b4,16,1,#,confirmed,evt(ch32v30x.h)+rm-address(CH32FV2x_V3xRM.PDF)
CH32V307,BKP,BKP,DATAR41,0x40006cb8,0x0b8,16,1,#,confirmed,evt(ch32v30x.h)+rm-address(CH32FV2x_V3xRM.PDF)
CH32V307,BKP,BKP,DATAR42,0x40006cbc,0x0bc,16,1,#,confirmed,evt(ch32v30x.h)+rm-address(CH32FV2x_V3xRM.PDF)
CH32V307,PWR,PWR,CTLR,0x40007000,0x000,32,1,#,confirmed,evt(ch32v30x.h)+rm(CH32FV2x_V3xRM.PDF)+rm-address(CH32FV2x_V3xRM.PDF)
CH32V307,PWR,PWR,CSR,0x40007004,0x004,32,1,#,confirmed,evt(ch32v30x.h)+rm(CH32FV2x_V3xRM.PDF)+rm-address(CH32FV2x_V3xRM.PDF)
CH32V307,DAC,DAC,CTLR,0x40007400,0x000,32,1,#,confirmed,evt(ch32v30x.h)+rm(CH32FV2x_V3xRM.PDF)+rm-address(CH32FV2x_V3xRM.PDF)
CH32V307,DAC,DAC,SWTR,0x40007404,0x004,32,1,#,confirmed,evt(ch32v30x.h)+rm(CH32FV2x_V3xRM.PDF)+rm-address(CH32FV2x_V3xRM.PDF)
CH32V307,DAC,DAC,R12BDHR1,0x40007408,0x008,32,1,#,confirmed,evt(ch32v30x.h)+rm(CH32FV2x_V3xRM.PDF)+rm-address(CH32FV2x_V3xRM.PDF)
CH32V307,DAC,DAC,L12BDHR1,0x4000740c,0x00c,32,1,#,confirmed,evt(ch32v30x.h)+rm(CH32FV2x_V3xRM.PDF)+rm-address(CH32FV2x_V3xRM.PDF)
CH32V307,DAC,DAC,R8BDHR1,0x40007410,0x010,32,1,#,confirmed,evt(ch32v30x.h)+rm(CH32FV2x_V3xRM.PDF)+rm-address(CH32FV2x_V3xRM.PDF)
CH32V307,DAC,DAC,R12BDHR2,0x40007414,0x014,32,1,#,confirmed,evt(ch32v30x.h)+rm(CH32FV2x_V3xRM.PDF)+rm-address(CH32FV2x_V3xRM.PDF)
CH32V307,DAC,DAC,L12BDHR2,0x40007418,0x018,32,1,#,confirmed,evt(ch32v30x.h)+rm(CH32FV2x_V3xRM.PDF)+rm-address(CH32FV2x_V3xRM.PDF)
CH32V307,DAC,DAC,R8BDHR2,0x4000741c,0x01c,32,1,#,confirmed,evt(ch32v30x.h)+rm(CH32FV2x_V3xRM.PDF)+rm-address(CH32FV2x_V3xRM.PDF)
CH32V307,DAC,DAC,RD12BDHR,0x40007420,0x020,32,1,#,confirmed,evt(ch32v30x.h)+rm(CH32FV2x_V3xRM.PDF)+rm-address(CH32FV2x_V3xRM.PDF)
CH32V307,DAC,DAC,LD12BDHR,0x40007424,0x024,32,1,#,confirmed,evt(ch32v30x.h)+rm(CH32FV2x_V3xRM.PDF)+rm-address(CH32FV2x_V3xRM.PDF)
CH32V307,DAC,DAC,RD8BDHR,0x40007428,0x028,32,1,#,confirmed,evt(ch32v30x.h)+rm(CH32FV2x_V3xRM.PDF)+rm-address(CH32FV2x_V3xRM.PDF)
CH32V307,DAC,DAC,DOR1,0x4000742c,0x02c,32,1,#,confirmed,evt(ch32v30x.h)+rm(CH32FV2x_V3xRM.PDF)+rm-address(CH32FV2x_V3xRM.PDF)
CH32V307,DAC,DAC,DOR2,0x40007430,0x030,32,1,#,confirmed,evt(ch32v30x.h)+rm(CH32FV2x_V3xRM.PDF)+rm-address(CH32FV2x_V3xRM.PDF)
CH32V307,AFIO,AFIO,ECR,0x40010000,0x000,32,1,#,confirmed,evt(ch32v30x.h)+rm(CH32FV2x_V3xRM.PDF)+rm-address(CH32FV2x_V3xRM.PDF)
CH32V307,AFIO,AFIO,PCFR1,0x40010004,0x004,32,1,#,confirmed,evt(ch32v30x.h)+rm(CH32FV2x_V3xRM.PDF)+rm-address(CH32FV2x_V3xRM.PDF)
CH32V307,AFIO,AFIO,EXTICR,0x40010008,0x008,32,4,#,confirmed,evt(ch32v30x.h)+rm-address(CH32FV2x_V3xRM.PDF)
CH32V307,AFIO,AFIO,PCFR2,0x4001001c,0x01c,32,1,#,confirmed,evt(ch32v30x.h)+rm(CH32FV2x_V3xRM.PDF)+rm-address(CH32FV2x_V3xRM.PDF)
CH32V307,EXTI,EXTI,INTENR,0x40010400,0x000,32,1,#,confirmed,evt(ch32v30x.h)+rm(CH32FV2x_V3xRM.PDF)+rm-address(CH32FV2x_V3xRM.PDF)
CH32V307,EXTI,EXTI,EVENR,0x40010404,0x004,32,1,#,confirmed,evt(ch32v30x.h)+rm(CH32FV2x_V3xRM.PDF)+rm-address(CH32FV2x_V3xRM.PDF)
CH32V307,EXTI,EXTI,RTENR,0x40010408,0x008,32,1,#,confirmed,evt(ch32v30x.h)+rm(CH32FV2x_V3xRM.PDF)+rm-address(CH32FV2x_V3xRM.PDF)
CH32V307,EXTI,EXTI,FTENR,0x4001040c,0x00c,32,1,#,confirmed,evt(ch32v30x.h)+rm(CH32FV2x_V3xRM.PDF)+rm-address(CH32FV2x_V3xRM.PDF)
CH32V307,EXTI,EXTI,SWIEVR,0x40010410,0x010,32,1,#,confirmed,evt(ch32v30x.h)+rm(CH32FV2x_V3xRM.PDF)+rm-address(CH32FV2x_V3xRM.PDF)
CH32V307,EXTI,EXTI,INTFR,0x40010414,0x014,32,1,#,confirmed,evt(ch32v30x.h)+rm(CH32FV2x_V3xRM.PDF)
CH32V307,GPIOA,GPIO,CFGLR,0x40010800,0x000,32,1,#,confirmed,evt(ch32v30x.h)+rm-address(CH32FV2x_V3xRM.PDF)
CH32V307,GPIOA,GPIO,CFGHR,0x40010804,0x004,32,1,#,confirmed,evt(ch32v30x.h)+rm-address(CH32FV2x_V3xRM.PDF)
CH32V307,GPIOA,GPIO,INDR,0x40010808,0x008,32,1,#,confirmed,evt(ch32v30x.h)+rm(CH32FV2x_V3xRM.PDF)+rm-address(CH32FV2x_V3xRM.PDF)
CH32V307,GPIOA,GPIO,OUTDR,0x4001080c,0x00c,32,1,#,confirmed,evt(ch32v30x.h)+rm(CH32FV2x_V3xRM.PDF)+rm-address(CH32FV2x_V3xRM.PDF)
CH32V307,GPIOA,GPIO,BSHR,0x40010810,0x010,32,1,#,confirmed,evt(ch32v30x.h)+rm(CH32FV2x_V3xRM.PDF)+rm-address(CH32FV2x_V3xRM.PDF)
CH32V307,GPIOA,GPIO,BCR,0x40010814,0x014,32,1,#,confirmed,evt(ch32v30x.h)+rm(CH32FV2x_V3xRM.PDF)+rm-address(CH32FV2x_V3xRM.PDF)
CH32V307,GPIOA,GPIO,LCKR,0x40010818,0x018,32,1,#,confirmed,evt(ch32v30x.h)+rm(CH32FV2x_V3xRM.PDF)+rm-address(CH32FV2x_V3xRM.PDF)
CH32V307,GPIOB,GPIO,CFGLR,0x40010c00,0x000,32,1,#,confirmed,evt(ch32v30x.h)+rm-address(CH32FV2x_V3xRM.PDF)
CH32V307,GPIOB,GPIO,CFGHR,0x40010c04,0x004,32,1,#,confirmed,evt(ch32v30x.h)+rm-address(CH32FV2x_V3xRM.PDF)
CH32V307,GPIOB,GPIO,INDR,0x40010c08,0x008,32,1,#,confirmed,evt(ch32v30x.h)+rm(CH32FV2x_V3xRM.PDF)+rm-address(CH32FV2x_V3xRM.PDF)
CH32V307,GPIOB,GPIO,OUTDR,0x40010c0c,0x00c,32,1,#,confirmed,evt(ch32v30x.h)+rm(CH32FV2x_V3xRM.PDF)+rm-address(CH32FV2x_V3xRM.PDF)
CH32V307,GPIOB,GPIO,BSHR,0x40010c10,0x010,32,1,#,confirmed,evt(ch32v30x.h)+rm(CH32FV2x_V3xRM.PDF)+rm-address(CH32FV2x_V3xRM.PDF)
CH32V307,GPIOB,GPIO,BCR,0x40010c14,0x014,32,1,#,confirmed,evt(ch32v30x.h)+rm(CH32FV2x_V3xRM.PDF)+rm-address(CH32FV2x_V3xRM.PDF)
CH32V307,GPIOB,GPIO,LCKR,0x40010c18,0x018,32,1,#,confirmed,evt(ch32v30x.h)+rm(CH32FV2x_V3xRM.PDF)+rm-address(CH32FV2x_V3xRM.PDF)
CH32V307,GPIOC,GPIO,CFGLR,0x40011000,0x000,32,1,#,confirmed,evt(ch32v30x.h)+rm-address(CH32FV2x_V3xRM.PDF)
CH32V307,GPIOC,GPIO,CFGHR,0x40011004,0x004,32,1,#,confirmed,evt(ch32v30x.h)+rm-address(CH32FV2x_V3xRM.PDF)
CH32V307,GPIOC,GPIO,INDR,0x40011008,0x008,32,1,#,confirmed,evt(ch32v30x.h)+rm(CH32FV2x_V3xRM.PDF)+rm-address(CH32FV2x_V3xRM.PDF)
CH32V307,GPIOC,GPIO,OUTDR,0x4001100c,0x00c,32,1,#,confirmed,evt(ch32v30x.h)+rm(CH32FV2x_V3xRM.PDF)+rm-address(CH32FV2x_V3xRM.PDF)
CH32V307,GPIOC,GPIO,BSHR,0x40011010,0x010,32,1,#,confirmed,evt(ch32v30x.h)+rm(CH32FV2x_V3xRM.PDF)+rm-address(CH32FV2x_V3xRM.PDF)
CH32V307,GPIOC,GPIO,BCR,0x40011014,0x014,32,1,#,confirmed,evt(ch32v30x.h)+rm(CH32FV2x_V3xRM.PDF)+rm-address(CH32FV2x_V3xRM.PDF)
CH32V307,GPIOC,GPIO,LCKR,0x40011018,0x018,32,1,#,confirmed,evt(ch32v30x.h)+rm(CH32FV2x_V3xRM.PDF)+rm-address(CH32FV2x_V3xRM.PDF)
CH32V307,GPIOD,GPIO,CFGLR,0x40011400,0x000,32,1,#,confirmed,evt(ch32v30x.h)+rm-address(CH32FV2x_V3xRM.PDF)
CH32V307,GPIOD,GPIO,CFGHR,0x40011404,0x004,32,1,#,confirmed,evt(ch32v30x.h)+rm-address(CH32FV2x_V3xRM.PDF)
CH32V307,GPIOD,GPIO,INDR,0x40011408,0x008,32,1,#,confirmed,evt(ch32v30x.h)+rm(CH32FV2x_V3xRM.PDF)+rm-address(CH32FV2x_V3xRM.PDF)
CH32V307,GPIOD,GPIO,OUTDR,0x4001140c,0x00c,32,1,#,confirmed,evt(ch32v30x.h)+rm(CH32FV2x_V3xRM.PDF)+rm-address(CH32FV2x_V3xRM.PDF)
CH32V307,GPIOD,GPIO,BSHR,0x40011410,0x010,32,1,#,confirmed,evt(ch32v30x.h)+rm(CH32FV2x_V3xRM.PDF)+rm-address(CH32FV2x_V3xRM.PDF)
CH32V307,GPIOD,GPIO,BCR,0x40011414,0x014,32,1,#,confirmed,evt(ch32v30x.h)+rm(CH32FV2x_V3xRM.PDF)+rm-address(CH32FV2x_V3xRM.PDF)
CH32V307,GPIOD,GPIO,LCKR,0x40011418,0x018,32,1,#,confirmed,evt(ch32v30x.h)+rm(CH32FV2x_V3xRM.PDF)+rm-address(CH32FV2x_V3xRM.PDF)
CH32V307,GPIOE,GPIO,CFGLR,0x40011800,0x000,32,1,#,confirmed,evt(ch32v30x.h)+rm-address(CH32FV2x_V3xRM.PDF)
CH32V307,GPIOE,GPIO,CFGHR,0x40011804,0x004,32,1,#,confirmed,evt(ch32v30x.h)+rm-address(CH32FV2x_V3xRM.PDF)
CH32V307,GPIOE,GPIO,INDR,0x40011808,0x008,32,1,#,confirmed,evt(ch32v30x.h)+rm(CH32FV2x_V3xRM.PDF)+rm-address(CH32FV2x_V3xRM.PDF)
CH32V307,GPIOE,GPIO,OUTDR,0x4001180c,0x00c,32,1,#,confirmed,evt(ch32v30x.h)+rm(CH32FV2x_V3xRM.PDF)+rm-address(CH32FV2x_V3xRM.PDF)
CH32V307,GPIOE,GPIO,BSHR,0x40011810,0x010,32,1,#,confirmed,evt(ch32v30x.h)+rm(CH32FV2x_V3xRM.PDF)+rm-address(CH32FV2x_V3xRM.PDF)
CH32V307,GPIOE,GPIO,BCR,0x40011814,0x014,32,1,#,confirmed,evt(ch32v30x.h)+rm(CH32FV2x_V3xRM.PDF)+rm-address(CH32FV2x_V3xRM.PDF)
CH32V307,GPIOE,GPIO,LCKR,0x40011818,0x018,32,1,#,confirmed,evt(ch32v30x.h)+rm(CH32FV2x_V3xRM.PDF)+rm-address(CH32FV2x_V3xRM.PDF)
CH32V307,ADC1,ADC,STATR,0x40012400,0x000,32,1,#,confirmed,evt(ch32v30x.h)+rm(CH32FV2x_V3xRM.PDF)+rm-address(CH32FV2x_V3xRM.PDF)
CH32V307,TKey1,ADC,STATR,0x40012400,0x000,32,1,#,reference,evt(ch32v30x.h)+rm(CH32FV2x_V3xRM.PDF)+rm-address(CH32FV2x_V3xRM.PDF)
CH32V307,ADC1,ADC,CTLR1,0x40012404,0x004,32,1,#,confirmed,evt(ch32v30x.h)+rm(CH32FV2x_V3xRM.PDF)+rm-address(CH32FV2x_V3xRM.PDF)
CH32V307,TKey1,ADC,CTLR1,0x40012404,0x004,32,1,#,reference,evt(ch32v30x.h)+rm(CH32FV2x_V3xRM.PDF)+rm-address(CH32FV2x_V3xRM.PDF)
CH32V307,ADC1,ADC,CTLR2,0x40012408,0x008,32,1,#,confirmed,evt(ch32v30x.h)+rm(CH32FV2x_V3xRM.PDF)+rm-address(CH32FV2x_V3xRM.PDF)
CH32V307,TKey1,ADC,CTLR2,0x40012408,0x008,32,1,#,reference,evt(ch32v30x.h)+rm(CH32FV2x_V3xRM.PDF)+rm-address(CH32FV2x_V3xRM.PDF)
CH32V307,ADC1,ADC,SAMPTR1,0x4001240c,0x00c,32,1,#,confirmed,evt(ch32v30x.h)+rm(CH32FV2x_V3xRM.PDF)+rm-address(CH32FV2x_V3xRM.PDF)
CH32V307,TKey1,ADC,SAMPTR1,0x4001240c,0x00c,32,1,#,reference,evt(ch32v30x.h)+rm(CH32FV2x_V3xRM.PDF)+rm-address(CH32FV2x_V3xRM.PDF)
CH32V307,ADC1,ADC,SAMPTR2,0x40012410,0x010,32,1,#,confirmed,evt(ch32v30x.h)+rm(CH32FV2x_V3xRM.PDF)+rm-address(CH32FV2x_V3xRM.PDF)
CH32V307,TKey1,ADC,SAMPTR2,0x40012410,0x010,32,1,#,reference,evt(ch32v30x.h)+rm(CH32FV2x_V3xRM.PDF)+rm-address(CH32FV2x_V3xRM.PDF)
CH32V307,ADC1,ADC,IOFR1,0x40012414,0x014,32,1,#,confirmed,evt(ch32v30x.h)+rm-address(CH32FV2x_V3xRM.PDF)
CH32V307,TKey1,ADC,IOFR1,0x40012414,0x014,32,1,#,reference,evt(ch32v30x.h)+rm-address(CH32FV2x_V3xRM.PDF)
CH32V307,ADC1,ADC,IOFR2,0x40012418,0x018,32,1,#,confirmed,evt(ch32v30x.h)+rm-address(CH32FV2x_V3xRM.PDF)
CH32V307,TKey1,ADC,IOFR2,0x40012418,0x018,32,1,#,reference,evt(ch32v30x.h)+rm-address(CH32FV2x_V3xRM.PDF)
CH32V307,ADC1,ADC,IOFR3,0x4001241c,0x01c,32,1,#,confirmed,evt(ch32v30x.h)+rm-address(CH32FV2x_V3xRM.PDF)
CH32V307,TKey1,ADC,IOFR3,0x4001241c,0x01c,32,1,#,reference,evt(ch32v30x.h)+rm-address(CH32FV2x_V3xRM.PDF)
CH32V307,ADC1,ADC,IOFR4,0x40012420,0x020,32,1,#,confirmed,evt(ch32v30x.h)+rm-address(CH32FV2x_V3xRM.PDF)
CH32V307,TKey1,ADC,IOFR4,0x40012420,0x020,32,1,#,reference,evt(ch32v30x.h)+rm-address(CH32FV2x_V3xRM.PDF)
CH32V307,ADC1,ADC,WDHTR,0x40012424,0x024,32,1,#,confirmed,evt(ch32v30x.h)+rm(CH32FV2x_V3xRM.PDF)+rm-address(CH32FV2x_V3xRM.PDF)
CH32V307,TKey1,ADC,WDHTR,0x40012424,0x024,32,1,#,reference,evt(ch32v30x.h)+rm(CH32FV2x_V3xRM.PDF)+rm-address(CH32FV2x_V3xRM.PDF)
CH32V307,ADC1,ADC,WDLTR,0x40012428,0x028,32,1,#,confirmed,evt(ch32v30x.h)+rm(CH32FV2x_V3xRM.PDF)+rm-address(CH32FV2x_V3xRM.PDF)
CH32V307,TKey1,ADC,WDLTR,0x40012428,0x028,32,1,#,reference,evt(ch32v30x.h)+rm(CH32FV2x_V3xRM.PDF)+rm-address(CH32FV2x_V3xRM.PDF)
CH32V307,ADC1,ADC,RSQR1,0x4001242c,0x02c,32,1,#,confirmed,evt(ch32v30x.h)+rm(CH32FV2x_V3xRM.PDF)+rm-address(CH32FV2x_V3xRM.PDF)
CH32V307,TKey1,ADC,RSQR1,0x4001242c,0x02c,32,1,#,reference,evt(ch32v30x.h)+rm(CH32FV2x_V3xRM.PDF)+rm-address(CH32FV2x_V3xRM.PDF)
CH32V307,ADC1,ADC,RSQR2,0x40012430,0x030,32,1,#,confirmed,evt(ch32v30x.h)+rm(CH32FV2x_V3xRM.PDF)+rm-address(CH32FV2x_V3xRM.PDF)
CH32V307,TKey1,ADC,RSQR2,0x40012430,0x030,32,1,#,reference,evt(ch32v30x.h)+rm(CH32FV2x_V3xRM.PDF)+rm-address(CH32FV2x_V3xRM.PDF)
CH32V307,ADC1,ADC,RSQR3,0x40012434,0x034,32,1,#,confirmed,evt(ch32v30x.h)+rm(CH32FV2x_V3xRM.PDF)+rm-address(CH32FV2x_V3xRM.PDF)
CH32V307,TKey1,ADC,RSQR3,0x40012434,0x034,32,1,#,reference,evt(ch32v30x.h)+rm(CH32FV2x_V3xRM.PDF)+rm-address(CH32FV2x_V3xRM.PDF)
CH32V307,ADC1,ADC,ISQR,0x40012438,0x038,32,1,#,confirmed,evt(ch32v30x.h)+rm(CH32FV2x_V3xRM.PDF)+rm-address(CH32FV2x_V3xRM.PDF)
CH32V307,TKey1,ADC,ISQR,0x40012438,0x038,32,1,#,reference,evt(ch32v30x.h)+rm(CH32FV2x_V3xRM.PDF)+rm-address(CH32FV2x_V3xRM.PDF)
CH32V307,ADC1,ADC,IDATAR1,0x4001243c,0x03c,32,1,#,confirmed,evt(ch32v30x.h)+rm-address(CH32FV2x_V3xRM.PDF)
CH32V307,TKey1,ADC,IDATAR1,0x4001243c,0x03c,32,1,#,reference,evt(ch32v30x.h)+rm-address(CH32FV2x_V3xRM.PDF)
CH32V307,ADC1,ADC,IDATAR2,0x40012440,0x040,32,1,#,confirmed,evt(ch32v30x.h)+rm-address(CH32FV2x_V3xRM.PDF)
CH32V307,TKey1,ADC,IDATAR2,0x40012440,0x040,32,1,#,reference,evt(ch32v30x.h)+rm-address(CH32FV2x_V3xRM.PDF)
CH32V307,ADC1,ADC,IDATAR3,0x40012444,0x044,32,1,#,confirmed,evt(ch32v30x.h)+rm-address(CH32FV2x_V3xRM.PDF)
CH32V307,TKey1,ADC,IDATAR3,0x40012444,0x044,32,1,#,reference,evt(ch32v30x.h)+rm-address(CH32FV2x_V3xRM.PDF)
CH32V307,ADC1,ADC,IDATAR4,0x40012448,0x048,32,1,#,confirmed,evt(ch32v30x.h)+rm-address(CH32FV2x_V3xRM.PDF)
CH32V307,TKey1,ADC,IDATAR4,0x40012448,0x048,32,1,#,reference,evt(ch32v30x.h)+rm-address(CH32FV2x_V3xRM.PDF)
CH32V307,ADC1,ADC,RDATAR,0x4001244c,0x04c,32,1,#,confirmed,evt(ch32v30x.h)+rm(CH32FV2x_V3xRM.PDF)+rm-address(CH32FV2x_V3xRM.PDF)
CH32V307,TKey1,ADC,RDATAR,0x4001244c,0x04c,32,1,#,reference,evt(ch32v30x.h)+rm(CH32FV2x_V3xRM.PDF)+rm-address(CH32FV2x_V3xRM.PDF)
CH32V307,ADC1,ADC,AUX,0x40012454,0x054,32,1,#,confirmed,evt(ch32v30x.h)+rm(CH32FV2x_V3xRM.PDF)+rm-address(CH32FV2x_V3xRM.PDF)
CH32V307,TKey1,ADC,AUX,0x40012454,0x054,32,1,#,reference,evt(ch32v30x.h)+rm(CH32FV2x_V3xRM.PDF)+rm-address(CH32FV2x_V3xRM.PDF)
CH32V307,ADC2,ADC,STATR,0x40012800,0x000,32,1,#,confirmed,evt(ch32v30x.h)+rm(CH32FV2x_V3xRM.PDF)+rm-address(CH32FV2x_V3xRM.PDF)
CH32V307,TKey2,ADC,STATR,0x40012800,0x000,32,1,#,reference,evt(ch32v30x.h)+rm(CH32FV2x_V3xRM.PDF)+rm-address(CH32FV2x_V3xRM.PDF)
CH32V307,ADC2,ADC,CTLR1,0x40012804,0x004,32,1,#,confirmed,evt(ch32v30x.h)+rm(CH32FV2x_V3xRM.PDF)+rm-address(CH32FV2x_V3xRM.PDF)
CH32V307,TKey2,ADC,CTLR1,0x40012804,0x004,32,1,#,reference,evt(ch32v30x.h)+rm(CH32FV2x_V3xRM.PDF)+rm-address(CH32FV2x_V3xRM.PDF)
CH32V307,ADC2,ADC,CTLR2,0x40012808,0x008,32,1,#,confirmed,evt(ch32v30x.h)+rm(CH32FV2x_V3xRM.PDF)+rm-address(CH32FV2x_V3xRM.PDF)
CH32V307,TKey2,ADC,CTLR2,0x40012808,0x008,32,1,#,reference,evt(ch32v30x.h)+rm(CH32FV2x_V3xRM.PDF)+rm-address(CH32FV2x_V3xRM.PDF)
CH32V307,ADC2,ADC,SAMPTR1,0x4001280c,0x00c,32,1,#,confirmed,evt(ch32v30x.h)+rm(CH32FV2x_V3xRM.PDF)+rm-address(CH32FV2x_V3xRM.PDF)
CH32V307,TKey2,ADC,SAMPTR1,0x4001280c,0x00c,32,1,#,reference,evt(ch32v30x.h)+rm(CH32FV2x_V3xRM.PDF)+rm-address(CH32FV2x_V3xRM.PDF)
CH32V307,ADC2,ADC,SAMPTR2,0x40012810,0x010,32,1,#,confirmed,evt(ch32v30x.h)+rm(CH32FV2x_V3xRM.PDF)+rm-address(CH32FV2x_V3xRM.PDF)
CH32V307,TKey2,ADC,SAMPTR2,0x40012810,0x010,32,1,#,reference,evt(ch32v30x.h)+rm(CH32FV2x_V3xRM.PDF)+rm-address(CH32FV2x_V3xRM.PDF)
CH32V307,ADC2,ADC,IOFR1,0x40012814,0x014,32,1,#,confirmed,evt(ch32v30x.h)+rm-address(CH32FV2x_V3xRM.PDF)
CH32V307,TKey2,ADC,IOFR1,0x40012814,0x014,32,1,#,reference,evt(ch32v30x.h)+rm-address(CH32FV2x_V3xRM.PDF)
CH32V307,ADC2,ADC,IOFR2,0x40012818,0x018,32,1,#,confirmed,evt(ch32v30x.h)+rm-address(CH32FV2x_V3xRM.PDF)
CH32V307,TKey2,ADC,IOFR2,0x40012818,0x018,32,1,#,reference,evt(ch32v30x.h)+rm-address(CH32FV2x_V3xRM.PDF)
CH32V307,ADC2,ADC,IOFR3,0x4001281c,0x01c,32,1,#,confirmed,evt(ch32v30x.h)+rm-address(CH32FV2x_V3xRM.PDF)
CH32V307,TKey2,ADC,IOFR3,0x4001281c,0x01c,32,1,#,reference,evt(ch32v30x.h)+rm-address(CH32FV2x_V3xRM.PDF)
CH32V307,ADC2,ADC,IOFR4,0x40012820,0x020,32,1,#,confirmed,evt(ch32v30x.h)+rm-address(CH32FV2x_V3xRM.PDF)
CH32V307,TKey2,ADC,IOFR4,0x40012820,0x020,32,1,#,reference,evt(ch32v30x.h)+rm-address(CH32FV2x_V3xRM.PDF)
CH32V307,ADC2,ADC,WDHTR,0x40012824,0x024,32,1,#,confirmed,evt(ch32v30x.h)+rm(CH32FV2x_V3xRM.PDF)+rm-address(CH32FV2x_V3xRM.PDF)
CH32V307,TKey2,ADC,WDHTR,0x40012824,0x024,32,1,#,reference,evt(ch32v30x.h)+rm(CH32FV2x_V3xRM.PDF)+rm-address(CH32FV2x_V3xRM.PDF)
CH32V307,ADC2,ADC,WDLTR,0x40012828,0x028,32,1,#,confirmed,evt(ch32v30x.h)+rm(CH32FV2x_V3xRM.PDF)+rm-address(CH32FV2x_V3xRM.PDF)
CH32V307,TKey2,ADC,WDLTR,0x40012828,0x028,32,1,#,reference,evt(ch32v30x.h)+rm(CH32FV2x_V3xRM.PDF)+rm-address(CH32FV2x_V3xRM.PDF)
CH32V307,ADC2,ADC,RSQR1,0x4001282c,0x02c,32,1,#,confirmed,evt(ch32v30x.h)+rm(CH32FV2x_V3xRM.PDF)+rm-address(CH32FV2x_V3xRM.PDF)
CH32V307,TKey2,ADC,RSQR1,0x4001282c,0x02c,32,1,#,reference,evt(ch32v30x.h)+rm(CH32FV2x_V3xRM.PDF)+rm-address(CH32FV2x_V3xRM.PDF)
CH32V307,ADC2,ADC,RSQR2,0x40012830,0x030,32,1,#,confirmed,evt(ch32v30x.h)+rm(CH32FV2x_V3xRM.PDF)+rm-address(CH32FV2x_V3xRM.PDF)
CH32V307,TKey2,ADC,RSQR2,0x40012830,0x030,32,1,#,reference,evt(ch32v30x.h)+rm(CH32FV2x_V3xRM.PDF)+rm-address(CH32FV2x_V3xRM.PDF)
CH32V307,ADC2,ADC,RSQR3,0x40012834,0x034,32,1,#,confirmed,evt(ch32v30x.h)+rm(CH32FV2x_V3xRM.PDF)+rm-address(CH32FV2x_V3xRM.PDF)
CH32V307,TKey2,ADC,RSQR3,0x40012834,0x034,32,1,#,reference,evt(ch32v30x.h)+rm(CH32FV2x_V3xRM.PDF)+rm-address(CH32FV2x_V3xRM.PDF)
CH32V307,ADC2,ADC,ISQR,0x40012838,0x038,32,1,#,confirmed,evt(ch32v30x.h)+rm(CH32FV2x_V3xRM.PDF)+rm-address(CH32FV2x_V3xRM.PDF)
CH32V307,TKey2,ADC,ISQR,0x40012838,0x038,32,1,#,reference,evt(ch32v30x.h)+rm(CH32FV2x_V3xRM.PDF)+rm-address(CH32FV2x_V3xRM.PDF)
CH32V307,ADC2,ADC,IDATAR1,0x4001283c,0x03c,32,1,#,confirmed,evt(ch32v30x.h)+rm-address(CH32FV2x_V3xRM.PDF)
CH32V307,TKey2,ADC,IDATAR1,0x4001283c,0x03c,32,1,#,reference,evt(ch32v30x.h)+rm-address(CH32FV2x_V3xRM.PDF)
CH32V307,ADC2,ADC,IDATAR2,0x40012840,0x040,32,1,#,confirmed,evt(ch32v30x.h)+rm-address(CH32FV2x_V3xRM.PDF)
CH32V307,TKey2,ADC,IDATAR2,0x40012840,0x040,32,1,#,reference,evt(ch32v30x.h)+rm-address(CH32FV2x_V3xRM.PDF)
CH32V307,ADC2,ADC,IDATAR3,0x40012844,0x044,32,1,#,confirmed,evt(ch32v30x.h)+rm-address(CH32FV2x_V3xRM.PDF)
CH32V307,TKey2,ADC,IDATAR3,0x40012844,0x044,32,1,#,reference,evt(ch32v30x.h)+rm-address(CH32FV2x_V3xRM.PDF)
CH32V307,ADC2,ADC,IDATAR4,0x40012848,0x048,32,1,#,confirmed,evt(ch32v30x.h)+rm-address(CH32FV2x_V3xRM.PDF)
CH32V307,TKey2,ADC,IDATAR4,0x40012848,0x048,32,1,#,reference,evt(ch32v30x.h)+rm-address(CH32FV2x_V3xRM.PDF)
CH32V307,ADC2,ADC,RDATAR,0x4001284c,0x04c,32,1,#,confirmed,evt(ch32v30x.h)+rm(CH32FV2x_V3xRM.PDF)+rm-address(CH32FV2x_V3xRM.PDF)
CH32V307,TKey2,ADC,RDATAR,0x4001284c,0x04c,32,1,#,reference,evt(ch32v30x.h)+rm(CH32FV2x_V3xRM.PDF)+rm-address(CH32FV2x_V3xRM.PDF)
CH32V307,ADC2,ADC,AUX,0x40012854,0x054,32,1,#,confirmed,evt(ch32v30x.h)+rm(CH32FV2x_V3xRM.PDF)+rm-address(CH32FV2x_V3xRM.PDF)
CH32V307,TKey2,ADC,AUX,0x40012854,0x054,32,1,#,reference,evt(ch32v30x.h)+rm(CH32FV2x_V3xRM.PDF)+rm-address(CH32FV2x_V3xRM.PDF)
CH32V307,TIM1,TIM,CTLR1,0x40012c00,0x000,16,1,#,confirmed,evt(ch32v30x.h)+rm(CH32FV2x_V3xRM.PDF)+rm-address(CH32FV2x_V3xRM.PDF)
CH32V307,TIM1,TIM,CTLR2,0x40012c04,0x004,16,1,#,confirmed,evt(ch32v30x.h)+rm(CH32FV2x_V3xRM.PDF)+rm-address(CH32FV2x_V3xRM.PDF)
CH32V307,TIM1,TIM,SMCFGR,0x40012c08,0x008,16,1,#,confirmed,evt(ch32v30x.h)+rm(CH32FV2x_V3xRM.PDF)+rm-address(CH32FV2x_V3xRM.PDF)
CH32V307,TIM1,TIM,DMAINTENR,0x40012c0c,0x00c,16,1,#,confirmed,evt(ch32v30x.h)+rm(CH32FV2x_V3xRM.PDF)+rm-address(CH32FV2x_V3xRM.PDF)
CH32V307,TIM1,TIM,INTFR,0x40012c10,0x010,16,1,#,confirmed,evt(ch32v30x.h)+rm(CH32FV2x_V3xRM.PDF)+rm-address(CH32FV2x_V3xRM.PDF)
CH32V307,TIM1,TIM,SWEVGR,0x40012c14,0x014,16,1,#,confirmed,evt(ch32v30x.h)+rm(CH32FV2x_V3xRM.PDF)+rm-address(CH32FV2x_V3xRM.PDF)
CH32V307,TIM1,TIM,CHCTLR1,0x40012c18,0x018,16,1,#,confirmed,evt(ch32v30x.h)+rm(CH32FV2x_V3xRM.PDF)+rm-address(CH32FV2x_V3xRM.PDF)
CH32V307,TIM1,TIM,CHCTLR2,0x40012c1c,0x01c,16,1,#,confirmed,evt(ch32v30x.h)+rm(CH32FV2x_V3xRM.PDF)+rm-address(CH32FV2x_V3xRM.PDF)
CH32V307,TIM1,TIM,CCER,0x40012c20,0x020,16,1,#,confirmed,evt(ch32v30x.h)+rm(CH32FV2x_V3xRM.PDF)+rm-address(CH32FV2x_V3xRM.PDF)
CH32V307,TIM1,TIM,CNT,0x40012c24,0x024,16,1,#,confirmed,evt(ch32v30x.h)+rm(CH32FV2x_V3xRM.PDF)+rm-address(CH32FV2x_V3xRM.PDF)
CH32V307,TIM1,TIM,PSC,0x40012c28,0x028,16,1,#,confirmed,evt(ch32v30x.h)+rm(CH32FV2x_V3xRM.PDF)+rm-address(CH32FV2x_V3xRM.PDF)
CH32V307,TIM1,TIM,ATRLR,0x40012c2c,0x02c,16,1,#,confirmed,evt(ch32v30x.h)+rm(CH32FV2x_V3xRM.PDF)+rm-address(CH32FV2x_V3xRM.PDF)
CH32V307,TIM1,TIM,RPTCR,0x40012c30,0x030,16,1,#,confirmed,evt(ch32v30x.h)+rm(CH32FV2x_V3xRM.PDF)+rm-address(CH32FV2x_V3xRM.PDF)
CH32V307,TIM1,TIM,CH1CVR,0x40012c34,0x034,16,1,#,confirmed,evt(ch32v30x.h)+rm(CH32FV2x_V3xRM.PDF)+rm-address(CH32FV2x_V3xRM.PDF)
CH32V307,TIM1,TIM,CH2CVR,0x40012c38,0x038,16,1,#,confirmed,evt(ch32v30x.h)+rm(CH32FV2x_V3xRM.PDF)+rm-address(CH32FV2x_V3xRM.PDF)
CH32V307,TIM1,TIM,CH3CVR,0x40012c3c,0x03c,16,1,#,confirmed,evt(ch32v30x.h)+rm(CH32FV2x_V3xRM.PDF)+rm-address(CH32FV2x_V3xRM.PDF)
CH32V307,TIM1,TIM,CH4CVR,0x40012c40,0x040,16,1,#,confirmed,evt(ch32v30x.h)+rm(CH32FV2x_V3xRM.PDF)+rm-address(CH32FV2x_V3xRM.PDF)
CH32V307,TIM1,TIM,BDTR,0x40012c44,0x044,16,1,#,confirmed,evt(ch32v30x.h)+rm(CH32FV2x_V3xRM.PDF)+rm-address(CH32FV2x_V3xRM.PDF)
CH32V307,TIM1,TIM,DMACFGR,0x40012c48,0x048,16,1,#,confirmed,evt(ch32v30x.h)+rm(CH32FV2x_V3xRM.PDF)+rm-address(CH32FV2x_V3xRM.PDF)
CH32V307,TIM1,TIM,DMAADR,0x40012c4c,0x04c,16,1,#,confirmed,evt(ch32v30x.h)+rm(CH32FV2x_V3xRM.PDF)+rm-address(CH32FV2x_V3xRM.PDF)
CH32V307,TIM1,TIM,AUX,0x40012c50,0x050,16,1,#,confirmed,evt(ch32v30x.h)+rm(CH32FV2x_V3xRM.PDF)+rm-address(CH32FV2x_V3xRM.PDF)
CH32V307,SPI1,SPI,CTLR1,0x40013000,0x000,16,1,#,confirmed,evt(ch32v30x.h)+rm(CH32FV2x_V3xRM.PDF)+rm-address(CH32FV2x_V3xRM.PDF)
CH32V307,SPI1,SPI,CTLR2,0x40013004,0x004,16,1,#,confirmed,evt(ch32v30x.h)+rm(CH32FV2x_V3xRM.PDF)+rm-address(CH32FV2x_V3xRM.PDF)
CH32V307,SPI1,SPI,STATR,0x40013008,0x008,16,1,#,confirmed,evt(ch32v30x.h)+rm(CH32FV2x_V3xRM.PDF)+rm-address(CH32FV2x_V3xRM.PDF)
CH32V307,SPI1,SPI,DATAR,0x4001300c,0x00c,16,1,#,confirmed,evt(ch32v30x.h)+rm(CH32FV2x_V3xRM.PDF)+rm-address(CH32FV2x_V3xRM.PDF)
CH32V307,SPI1,SPI,CRCR,0x40013010,0x010,16,1,#,confirmed,evt(ch32v30x.h)+rm(CH32FV2x_V3xRM.PDF)+rm-address(CH32FV2x_V3xRM.PDF)
CH32V307,SPI1,SPI,RCRCR,0x40013014,0x014,16,1,#,confirmed,evt(ch32v30x.h)+rm(CH32FV2x_V3xRM.PDF)+rm-address(CH32FV2x_V3xRM.PDF)
CH32V307,SPI1,SPI,TCRCR,0x40013018,0x018,16,1,#,confirmed,evt(ch32v30x.h)+rm(CH32FV2x_V3xRM.PDF)+rm-address(CH32FV2x_V3xRM.PDF)
CH32V307,SPI1,SPI,I2SCFGR,0x4001301c,0x01c,16,1,#,reference,evt(ch32v30x.h)
CH32V307,SPI1,SPI,I2SPR,0x40013020,0x020,16,1,#,confirmed,evt(ch32v30x.h)+rm(CH32FV2x_V3xRM.PDF)+rm-address(CH32FV2x_V3xRM.PDF)
CH32V307,SPI1,SPI,HSCR,0x40013024,0x024,16,1,#,confirmed,evt(ch32v30x.h)+rm(CH32FV2x_V3xRM.PDF)+rm-address(CH32FV2x_V3xRM.PDF)
CH32V307,TIM8,TIM,CTLR1,0x40013400,0x000,16,1,#,confirmed,evt(ch32v30x.h)+rm(CH32FV2x_V3xRM.PDF)+rm-address(CH32FV2x_V3xRM.PDF)
CH32V307,TIM8,TIM,CTLR2,0x40013404,0x004,16,1,#,confirmed,evt(ch32v30x.h)+rm(CH32FV2x_V3xRM.PDF)+rm-address(CH32FV2x_V3xRM.PDF)
CH32V307,TIM8,TIM,SMCFGR,0x40013408,0x008,16,1,#,confirmed,evt(ch32v30x.h)+rm(CH32FV2x_V3xRM.PDF)+rm-address(CH32FV2x_V3xRM.PDF)
CH32V307,TIM8,TIM,DMAINTENR,0x4001340c,0x00c,16,1,#,confirmed,evt(ch32v30x.h)+rm(CH32FV2x_V3xRM.PDF)+rm-address(CH32FV2x_V3xRM.PDF)
CH32V307,TIM8,TIM,INTFR,0x40013410,0x010,16,1,#,confirmed,evt(ch32v30x.h)+rm(CH32FV2x_V3xRM.PDF)+rm-address(CH32FV2x_V3xRM.PDF)
CH32V307,TIM8,TIM,SWEVGR,0x40013414,0x014,16,1,#,confirmed,evt(ch32v30x.h)+rm(CH32FV2x_V3xRM.PDF)+rm-address(CH32FV2x_V3xRM.PDF)
CH32V307,TIM8,TIM,CHCTLR1,0x40013418,0x018,16,1,#,confirmed,evt(ch32v30x.h)+rm(CH32FV2x_V3xRM.PDF)+rm-address(CH32FV2x_V3xRM.PDF)
CH32V307,TIM8,TIM,CHCTLR2,0x4001341c,0x01c,16,1,#,confirmed,evt(ch32v30x.h)+rm(CH32FV2x_V3xRM.PDF)+rm-address(CH32FV2x_V3xRM.PDF)
CH32V307,TIM8,TIM,CCER,0x40013420,0x020,16,1,#,confirmed,evt(ch32v30x.h)+rm(CH32FV2x_V3xRM.PDF)+rm-address(CH32FV2x_V3xRM.PDF)
CH32V307,TIM8,TIM,CNT,0x40013424,0x024,16,1,#,confirmed,evt(ch32v30x.h)+rm(CH32FV2x_V3xRM.PDF)+rm-address(CH32FV2x_V3xRM.PDF)
CH32V307,TIM8,TIM,PSC,0x40013428,0x028,16,1,#,confirmed,evt(ch32v30x.h)+rm(CH32FV2x_V3xRM.PDF)+rm-address(CH32FV2x_V3xRM.PDF)
CH32V307,TIM8,TIM,ATRLR,0x4001342c,0x02c,16,1,#,confirmed,evt(ch32v30x.h)+rm(CH32FV2x_V3xRM.PDF)+rm-address(CH32FV2x_V3xRM.PDF)
CH32V307,TIM8,TIM,RPTCR,0x40013430,0x030,16,1,#,confirmed,evt(ch32v30x.h)+rm(CH32FV2x_V3xRM.PDF)+rm-address(CH32FV2x_V3xRM.PDF)
CH32V307,TIM8,TIM,CH1CVR,0x40013434,0x034,16,1,#,confirmed,evt(ch32v30x.h)+rm(CH32FV2x_V3xRM.PDF)+rm-address(CH32FV2x_V3xRM.PDF)
CH32V307,TIM8,TIM,CH2CVR,0x40013438,0x038,16,1,#,confirmed,evt(ch32v30x.h)+rm(CH32FV2x_V3xRM.PDF)+rm-address(CH32FV2x_V3xRM.PDF)
CH32V307,TIM8,TIM,CH3CVR,0x4001343c,0x03c,16,1,#,confirmed,evt(ch32v30x.h)+rm(CH32FV2x_V3xRM.PDF)+rm-address(CH32FV2x_V3xRM.PDF)
CH32V307,TIM8,TIM,CH4CVR,0x40013440,0x040,16,1,#,confirmed,evt(ch32v30x.h)+rm(CH32FV2x_V3xRM.PDF)+rm-address(CH32FV2x_V3xRM.PDF)
CH32V307,TIM8,TIM,BDTR,0x40013444,0x044,16,1,#,confirmed,evt(ch32v30x.h)+rm(CH32FV2x_V3xRM.PDF)+rm-address(CH32FV2x_V3xRM.PDF)
CH32V307,TIM8,TIM,DMACFGR,0x40013448,0x048,16,1,#,confirmed,evt(ch32v30x.h)+rm(CH32FV2x_V3xRM.PDF)+rm-address(CH32FV2x_V3xRM.PDF)
CH32V307,TIM8,TIM,DMAADR,0x4001344c,0x04c,16,1,#,confirmed,evt(ch32v30x.h)+rm(CH32FV2x_V3xRM.PDF)+rm-address(CH32FV2x_V3xRM.PDF)
CH32V307,TIM8,TIM,AUX,0x40013450,0x050,16,1,#,confirmed,evt(ch32v30x.h)+rm(CH32FV2x_V3xRM.PDF)+rm-address(CH32FV2x_V3xRM.PDF)
CH32V307,USART1,USART,STATR,0x40013800,0x000,16,1,#,confirmed,evt(ch32v30x.h)+rm(CH32FV2x_V3xRM.PDF)+rm-address(CH32FV2x_V3xRM.PDF)
CH32V307,USART1,USART,DATAR,0x40013804,0x004,16,1,#,confirmed,evt(ch32v30x.h)+rm(CH32FV2x_V3xRM.PDF)+rm-address(CH32FV2x_V3xRM.PDF)
CH32V307,USART1,USART,BRR,0x40013808,0x008,16,1,#,confirmed,evt(ch32v30x.h)+rm(CH32FV2x_V3xRM.PDF)+rm-address(CH32FV2x_V3xRM.PDF)
CH32V307,USART1,USART,CTLR1,0x4001380c,0x00c,16,1,#,confirmed,evt(ch32v30x.h)+rm(CH32FV2x_V3xRM.PDF)+rm-address(CH32FV2x_V3xRM.PDF)
CH32V307,USART1,USART,CTLR2,0x40013810,0x010,16,1,#,confirmed,evt(ch32v30x.h)+rm(CH32FV2x_V3xRM.PDF)+rm-address(CH32FV2x_V3xRM.PDF)
CH32V307,USART1,USART,CTLR3,0x40013814,0x014,16,1,#,confirmed,evt(ch32v30x.h)+rm(CH32FV2x_V3xRM.PDF)+rm-address(CH32FV2x_V3xRM.PDF)
CH32V307,USART1,USART,GPR,0x40013818,0x018,16,1,#,confirmed,evt(ch32v30x.h)+rm(CH32FV2x_V3xRM.PDF)+rm-address(CH32FV2x_V3xRM.PDF)
CH32V307,USART1,USART,CTLR4,0x4001381c,0x01c,16,1,#,confirmed,evt(ch32v30x.h)+rm(CH32FV2x_V3xRM.PDF)
CH32V307,ADC3,ADC,STATR,0x40013c00,0x000,32,1,#,reference,evt(ch32v30x.h)+rm(CH32FV2x_V3xRM.PDF)+rm-address(CH32FV2x_V3xRM.PDF)
CH32V307,ADC3,ADC,CTLR1,0x40013c04,0x004,32,1,#,reference,evt(ch32v30x.h)+rm(CH32FV2x_V3xRM.PDF)+rm-address(CH32FV2x_V3xRM.PDF)
CH32V307,ADC3,ADC,CTLR2,0x40013c08,0x008,32,1,#,reference,evt(ch32v30x.h)+rm(CH32FV2x_V3xRM.PDF)+rm-address(CH32FV2x_V3xRM.PDF)
CH32V307,ADC3,ADC,SAMPTR1,0x40013c0c,0x00c,32,1,#,reference,evt(ch32v30x.h)+rm(CH32FV2x_V3xRM.PDF)+rm-address(CH32FV2x_V3xRM.PDF)
CH32V307,ADC3,ADC,SAMPTR2,0x40013c10,0x010,32,1,#,reference,evt(ch32v30x.h)+rm(CH32FV2x_V3xRM.PDF)+rm-address(CH32FV2x_V3xRM.PDF)
CH32V307,ADC3,ADC,IOFR1,0x40013c14,0x014,32,1,#,reference,evt(ch32v30x.h)+rm-address(CH32FV2x_V3xRM.PDF)
CH32V307,ADC3,ADC,IOFR2,0x40013c18,0x018,32,1,#,reference,evt(ch32v30x.h)+rm-address(CH32FV2x_V3xRM.PDF)
CH32V307,ADC3,ADC,IOFR3,0x40013c1c,0x01c,32,1,#,reference,evt(ch32v30x.h)+rm-address(CH32FV2x_V3xRM.PDF)
CH32V307,ADC3,ADC,IOFR4,0x40013c20,0x020,32,1,#,reference,evt(ch32v30x.h)+rm-address(CH32FV2x_V3xRM.PDF)
CH32V307,ADC3,ADC,WDHTR,0x40013c24,0x024,32,1,#,reference,evt(ch32v30x.h)+rm(CH32FV2x_V3xRM.PDF)+rm-address(CH32FV2x_V3xRM.PDF)
CH32V307,ADC3,ADC,WDLTR,0x40013c28,0x028,32,1,#,reference,evt(ch32v30x.h)+rm(CH32FV2x_V3xRM.PDF)+rm-address(CH32FV2x_V3xRM.PDF)
CH32V307,ADC3,ADC,RSQR1,0x40013c2c,0x02c,32,1,#,reference,evt(ch32v30x.h)+rm(CH32FV2x_V3xRM.PDF)+rm-address(CH32FV2x_V3xRM.PDF)
CH32V307,ADC3,ADC,RSQR2,0x40013c30,0x030,32,1,#,reference,evt(ch32v30x.h)+rm(CH32FV2x_V3xRM.PDF)+rm-address(CH32FV2x_V3xRM.PDF)
CH32V307,ADC3,ADC,RSQR3,0x40013c34,0x034,32,1,#,reference,evt(ch32v30x.h)+rm(CH32FV2x_V3xRM.PDF)+rm-address(CH32FV2x_V3xRM.PDF)
CH32V307,ADC3,ADC,ISQR,0x40013c38,0x038,32,1,#,reference,evt(ch32v30x.h)+rm(CH32FV2x_V3xRM.PDF)+rm-address(CH32FV2x_V3xRM.PDF)
CH32V307,ADC3,ADC,IDATAR1,0x40013c3c,0x03c,32,1,#,reference,evt(ch32v30x.h)+rm-address(CH32FV2x_V3xRM.PDF)
CH32V307,ADC3,ADC,IDATAR2,0x40013c40,0x040,32,1,#,reference,evt(ch32v30x.h)+rm-address(CH32FV2x_V3xRM.PDF)
CH32V307,ADC3,ADC,IDATAR3,0x40013c44,0x044,32,1,#,reference,evt(ch32v30x.h)+rm-address(CH32FV2x_V3xRM.PDF)
CH32V307,ADC3,ADC,IDATAR4,0x40013c48,0x048,32,1,#,reference,evt(ch32v30x.h)+rm-address(CH32FV2x_V3xRM.PDF)
CH32V307,ADC3,ADC,RDATAR,0x40013c4c,0x04c,32,1,#,reference,evt(ch32v30x.h)+rm(CH32FV2x_V3xRM.PDF)+rm-address(CH32FV2x_V3xRM.PDF)
CH32V307,ADC3,ADC,AUX,0x40013c54,0x054,32,1,#,reference,evt(ch32v30x.h)+rm(CH32FV2x_V3xRM.PDF)+rm-address(CH32FV2x_V3xRM.PDF)
CH32V307,TIM9,TIM,CTLR1,0x40014c00,0x000,16,1,#,confirmed,evt(ch32v30x.h)+rm(CH32FV2x_V3xRM.PDF)+rm-address(CH32FV2x_V3xRM.PDF)
CH32V307,TIM9,TIM,CTLR2,0x40014c04,0x004,16,1,#,confirmed,evt(ch32v30x.h)+rm(CH32FV2x_V3xRM.PDF)+rm-address(CH32FV2x_V3xRM.PDF)
CH32V307,TIM9,TIM,SMCFGR,0x40014c08,0x008,16,1,#,confirmed,evt(ch32v30x.h)+rm(CH32FV2x_V3xRM.PDF)+rm-address(CH32FV2x_V3xRM.PDF)
CH32V307,TIM9,TIM,DMAINTENR,0x40014c0c,0x00c,16,1,#,confirmed,evt(ch32v30x.h)+rm(CH32FV2x_V3xRM.PDF)+rm-address(CH32FV2x_V3xRM.PDF)
CH32V307,TIM9,TIM,INTFR,0x40014c10,0x010,16,1,#,confirmed,evt(ch32v30x.h)+rm(CH32FV2x_V3xRM.PDF)+rm-address(CH32FV2x_V3xRM.PDF)
CH32V307,TIM9,TIM,SWEVGR,0x40014c14,0x014,16,1,#,confirmed,evt(ch32v30x.h)+rm(CH32FV2x_V3xRM.PDF)+rm-address(CH32FV2x_V3xRM.PDF)
CH32V307,TIM9,TIM,CHCTLR1,0x40014c18,0x018,16,1,#,confirmed,evt(ch32v30x.h)+rm(CH32FV2x_V3xRM.PDF)+rm-address(CH32FV2x_V3xRM.PDF)
CH32V307,TIM9,TIM,CHCTLR2,0x40014c1c,0x01c,16,1,#,confirmed,evt(ch32v30x.h)+rm(CH32FV2x_V3xRM.PDF)+rm-address(CH32FV2x_V3xRM.PDF)
CH32V307,TIM9,TIM,CCER,0x40014c20,0x020,16,1,#,confirmed,evt(ch32v30x.h)+rm(CH32FV2x_V3xRM.PDF)+rm-address(CH32FV2x_V3xRM.PDF)
CH32V307,TIM9,TIM,CNT,0x40014c24,0x024,16,1,#,confirmed,evt(ch32v30x.h)+rm(CH32FV2x_V3xRM.PDF)+rm-address(CH32FV2x_V3xRM.PDF)
CH32V307,TIM9,TIM,PSC,0x40014c28,0x028,16,1,#,confirmed,evt(ch32v30x.h)+rm(CH32FV2x_V3xRM.PDF)+rm-address(CH32FV2x_V3xRM.PDF)
CH32V307,TIM9,TIM,ATRLR,0x40014c2c,0x02c,16,1,#,confirmed,evt(ch32v30x.h)+rm(CH32FV2x_V3xRM.PDF)+rm-address(CH32FV2x_V3xRM.PDF)
CH32V307,TIM9,TIM,RPTCR,0x40014c30,0x030,16,1,#,confirmed,evt(ch32v30x.h)+rm(CH32FV2x_V3xRM.PDF)+rm-address(CH32FV2x_V3xRM.PDF)
CH32V307,TIM9,TIM,CH1CVR,0x40014c34,0x034,16,1,#,confirmed,evt(ch32v30x.h)+rm(CH32FV2x_V3xRM.PDF)+rm-address(CH32FV2x_V3xRM.PDF)
CH32V307,TIM9,TIM,CH2CVR,0x40014c38,0x038,16,1,#,confirmed,evt(ch32v30x.h)+rm(CH32FV2x_V3xRM.PDF)+rm-address(CH32FV2x_V3xRM.PDF)
CH32V307,TIM9,TIM,CH3CVR,0x40014c3c,0x03c,16,1,#,confirmed,evt(ch32v30x.h)+rm(CH32FV2x_V3xRM.PDF)+rm-address(CH32FV2x_V3xRM.PDF)
CH32V307,TIM9,TIM,CH4CVR,0x40014c40,0x040,16,1,#,confirmed,evt(ch32v30x.h)+rm(CH32FV2x_V3xRM.PDF)+rm-address(CH32FV2x_V3xRM.PDF)
CH32V307,TIM9,TIM,BDTR,0x40014c44,0x044,16,1,#,confirmed,evt(ch32v30x.h)+rm(CH32FV2x_V3xRM.PDF)+rm-address(CH32FV2x_V3xRM.PDF)
CH32V307,TIM9,TIM,DMACFGR,0x40014c48,0x048,16,1,#,confirmed,evt(ch32v30x.h)+rm(CH32FV2x_V3xRM.PDF)+rm-address(CH32FV2x_V3xRM.PDF)
CH32V307,TIM9,TIM,DMAADR,0x40014c4c,0x04c,16,1,#,confirmed,evt(ch32v30x.h)+rm(CH32FV2x_V3xRM.PDF)+rm-address(CH32FV2x_V3xRM.PDF)
CH32V307,TIM9,TIM,AUX,0x40014c50,0x050,16,1,#,confirmed,evt(ch32v30x.h)+rm(CH32FV2x_V3xRM.PDF)+rm-address(CH32FV2x_V3xRM.PDF)
CH32V307,TIM10,TIM,CTLR1,0x40015000,0x000,16,1,#,confirmed,evt(ch32v30x.h)+rm(CH32FV2x_V3xRM.PDF)+rm-address(CH32FV2x_V3xRM.PDF)
CH32V307,TIM10,TIM,CTLR2,0x40015004,0x004,16,1,#,confirmed,evt(ch32v30x.h)+rm(CH32FV2x_V3xRM.PDF)+rm-address(CH32FV2x_V3xRM.PDF)
CH32V307,TIM10,TIM,SMCFGR,0x40015008,0x008,16,1,#,confirmed,evt(ch32v30x.h)+rm(CH32FV2x_V3xRM.PDF)+rm-address(CH32FV2x_V3xRM.PDF)
CH32V307,TIM10,TIM,DMAINTENR,0x4001500c,0x00c,16,1,#,confirmed,evt(ch32v30x.h)+rm(CH32FV2x_V3xRM.PDF)+rm-address(CH32FV2x_V3xRM.PDF)
CH32V307,TIM10,TIM,INTFR,0x40015010,0x010,16,1,#,confirmed,evt(ch32v30x.h)+rm(CH32FV2x_V3xRM.PDF)+rm-address(CH32FV2x_V3xRM.PDF)
CH32V307,TIM10,TIM,SWEVGR,0x40015014,0x014,16,1,#,confirmed,evt(ch32v30x.h)+rm(CH32FV2x_V3xRM.PDF)+rm-address(CH32FV2x_V3xRM.PDF)
CH32V307,TIM10,TIM,CHCTLR1,0x40015018,0x018,16,1,#,confirmed,evt(ch32v30x.h)+rm(CH32FV2x_V3xRM.PDF)+rm-address(CH32FV2x_V3xRM.PDF)
CH32V307,TIM10,TIM,CHCTLR2,0x4001501c,0x01c,16,1,#,confirmed,evt(ch32v30x.h)+rm(CH32FV2x_V3xRM.PDF)+rm-address(CH32FV2x_V3xRM.PDF)
CH32V307,TIM10,TIM,CCER,0x40015020,0x020,16,1,#,confirmed,evt(ch32v30x.h)+rm(CH32FV2x_V3xRM.PDF)+rm-address(CH32FV2x_V3xRM.PDF)
CH32V307,TIM10,TIM,CNT,0x40015024,0x024,16,1,#,confirmed,evt(ch32v30x.h)+rm(CH32FV2x_V3xRM.PDF)+rm-address(CH32FV2x_V3xRM.PDF)
CH32V307,TIM10,TIM,PSC,0x40015028,0x028,16,1,#,confirmed,evt(ch32v30x.h)+rm(CH32FV2x_V3xRM.PDF)+rm-address(CH32FV2x_V3xRM.PDF)
CH32V307,TIM10,TIM,ATRLR,0x4001502c,0x02c,16,1,#,confirmed,evt(ch32v30x.h)+rm(CH32FV2x_V3xRM.PDF)+rm-address(CH32FV2x_V3xRM.PDF)
CH32V307,TIM10,TIM,RPTCR,0x40015030,0x030,16,1,#,confirmed,evt(ch32v30x.h)+rm(CH32FV2x_V3xRM.PDF)+rm-address(CH32FV2x_V3xRM.PDF)
CH32V307,TIM10,TIM,CH1CVR,0x40015034,0x034,16,1,#,confirmed,evt(ch32v30x.h)+rm(CH32FV2x_V3xRM.PDF)+rm-address(CH32FV2x_V3xRM.PDF)
CH32V307,TIM10,TIM,CH2CVR,0x40015038,0x038,16,1,#,confirmed,evt(ch32v30x.h)+rm(CH32FV2x_V3xRM.PDF)+rm-address(CH32FV2x_V3xRM.PDF)
CH32V307,TIM10,TIM,CH3CVR,0x4001503c,0x03c,16,1,#,confirmed,evt(ch32v30x.h)+rm(CH32FV2x_V3xRM.PDF)+rm-address(CH32FV2x_V3xRM.PDF)
CH32V307,TIM10,TIM,CH4CVR,0x40015040,0x040,16,1,#,confirmed,evt(ch32v30x.h)+rm(CH32FV2x_V3xRM.PDF)+rm-address(CH32FV2x_V3xRM.PDF)
CH32V307,TIM10,TIM,BDTR,0x40015044,0x044,16,1,#,confirmed,evt(ch32v30x.h)+rm(CH32FV2x_V3xRM.PDF)+rm-address(CH32FV2x_V3xRM.PDF)
CH32V307,TIM10,TIM,DMACFGR,0x40015048,0x048,16,1,#,confirmed,evt(ch32v30x.h)+rm(CH32FV2x_V3xRM.PDF)+rm-address(CH32FV2x_V3xRM.PDF)
CH32V307,TIM10,TIM,DMAADR,0x4001504c,0x04c,16,1,#,confirmed,evt(ch32v30x.h)+rm(CH32FV2x_V3xRM.PDF)+rm-address(CH32FV2x_V3xRM.PDF)
CH32V307,TIM10,TIM,AUX,0x40015050,0x050,16,1,#,confirmed,evt(ch32v30x.h)+rm(CH32FV2x_V3xRM.PDF)+rm-address(CH32FV2x_V3xRM.PDF)
CH32V307,SDIO,SDIO,POWER,0x40018000,0x000,32,1,#,confirmed,evt(ch32v30x.h)+rm-address(CH32FV2x_V3xRM.PDF)
CH32V307,SDIO,SDIO,CLKCR,0x40018004,0x004,32,1,#,confirmed,evt(ch32v30x.h)+rm-address(CH32FV2x_V3xRM.PDF)
CH32V307,SDIO,SDIO,ARG,0x40018008,0x008,32,1,#,confirmed,evt(ch32v30x.h)+rm-address(CH32FV2x_V3xRM.PDF)
CH32V307,SDIO,SDIO,CMD,0x4001800c,0x00c,32,1,#,confirmed,evt(ch32v30x.h)+rm-address(CH32FV2x_V3xRM.PDF)
CH32V307,SDIO,SDIO,RESPCMD,0x40018010,0x010,32,1,#,confirmed,evt(ch32v30x.h)+rm-address(CH32FV2x_V3xRM.PDF)
CH32V307,SDIO,SDIO,RESP1,0x40018014,0x014,32,1,#,reference,evt(ch32v30x.h)
CH32V307,SDIO,SDIO,RESP2,0x40018018,0x018,32,1,#,reference,evt(ch32v30x.h)
CH32V307,SDIO,SDIO,RESP3,0x4001801c,0x01c,32,1,#,reference,evt(ch32v30x.h)
CH32V307,SDIO,SDIO,RESP4,0x40018020,0x020,32,1,#,reference,evt(ch32v30x.h)
CH32V307,SDIO,SDIO,DTIMER,0x40018024,0x024,32,1,#,confirmed,evt(ch32v30x.h)+rm-address(CH32FV2x_V3xRM.PDF)
CH32V307,SDIO,SDIO,DLEN,0x40018028,0x028,32,1,#,confirmed,evt(ch32v30x.h)+rm-address(CH32FV2x_V3xRM.PDF)
CH32V307,SDIO,SDIO,DCTRL,0x4001802c,0x02c,32,1,#,reference,evt(ch32v30x.h)
CH32V307,SDIO,SDIO,DCOUNT,0x40018030,0x030,32,1,#,confirmed,evt(ch32v30x.h)+rm-address(CH32FV2x_V3xRM.PDF)
CH32V307,SDIO,SDIO,STA,0x40018034,0x034,32,1,#,confirmed,evt(ch32v30x.h)+rm-address(CH32FV2x_V3xRM.PDF)
CH32V307,SDIO,SDIO,ICR,0x40018038,0x038,32,1,#,confirmed,evt(ch32v30x.h)+rm-address(CH32FV2x_V3xRM.PDF)
CH32V307,SDIO,SDIO,MASK,0x4001803c,0x03c,32,1,#,confirmed,evt(ch32v30x.h)+rm-address(CH32FV2x_V3xRM.PDF)
CH32V307,SDIO,SDIO,FIFOCNT,0x40018048,0x048,32,1,#,confirmed,evt(ch32v30x.h)+rm-address(CH32FV2x_V3xRM.PDF)
CH32V307,SDIO,SDIO,DCTRL2,0x40018060,0x060,32,1,#,confirmed,evt(ch32v30x.h)+rm-address(CH32FV2x_V3xRM.PDF)
CH32V307,SDIO,SDIO,FIFO,0x40018080,0x080,32,1,#,confirmed,evt(ch32v30x.h)+rm-address(CH32FV2x_V3xRM.PDF)
CH32V307,DMA1,DMA,INTFR,0x40020000,0x000,32,1,#,confirmed,evt(ch32v30x.h)+rm-address(CH32FV2x_V3xRM.PDF)
CH32V307,DMA1,DMA,INTFCR,0x40020004,0x004,32,1,#,confirmed,evt(ch32v30x.h)+rm-address(CH32FV2x_V3xRM.PDF)
CH32V307,DMA1_Channel1,DMA_Channel,CFGR,0x40020008,0x000,32,1,#,confirmed,evt(ch32v30x.h)+rm-address(CH32FV2x_V3xRM.PDF)
CH32V307,DMA1_Channel1,DMA_Channel,CNTR,0x4002000c,0x004,32,1,#,confirmed,evt(ch32v30x.h)+rm-address(CH32FV2x_V3xRM.PDF)
CH32V307,DMA1_Channel1,DMA_Channel,PADDR,0x40020010,0x008,32,1,#,confirmed,evt(ch32v30x.h)+rm-address(CH32FV2x_V3xRM.PDF)
CH32V307,DMA1_Channel1,DMA_Channel,MADDR,0x40020014,0x00c,32,1,#,confirmed,evt(ch32v30x.h)+rm-address(CH32FV2x_V3xRM.PDF)
CH32V307,DMA1_Channel2,DMA_Channel,CFGR,0x4002001c,0x000,32,1,#,confirmed,evt(ch32v30x.h)+rm-address(CH32FV2x_V3xRM.PDF)
CH32V307,DMA1_Channel2,DMA_Channel,CNTR,0x40020020,0x004,32,1,#,confirmed,evt(ch32v30x.h)+rm-address(CH32FV2x_V3xRM.PDF)
CH32V307,DMA1_Channel2,DMA_Channel,PADDR,0x40020024,0x008,32,1,#,confirmed,evt(ch32v30x.h)+rm-address(CH32FV2x_V3xRM.PDF)
CH32V307,DMA1_Channel2,DMA_Channel,MADDR,0x40020028,0x00c,32,1,#,confirmed,evt(ch32v30x.h)+rm-address(CH32FV2x_V3xRM.PDF)
CH32V307,DMA1_Channel3,DMA_Channel,CFGR,0x40020030,0x000,32,1,#,confirmed,evt(ch32v30x.h)+rm-address(CH32FV2x_V3xRM.PDF)
CH32V307,DMA1_Channel3,DMA_Channel,CNTR,0x40020034,0x004,32,1,#,confirmed,evt(ch32v30x.h)+rm-address(CH32FV2x_V3xRM.PDF)
CH32V307,DMA1_Channel3,DMA_Channel,PADDR,0x40020038,0x008,32,1,#,confirmed,evt(ch32v30x.h)+rm-address(CH32FV2x_V3xRM.PDF)
CH32V307,DMA1_Channel3,DMA_Channel,MADDR,0x4002003c,0x00c,32,1,#,confirmed,evt(ch32v30x.h)+rm-address(CH32FV2x_V3xRM.PDF)
CH32V307,DMA1_Channel4,DMA_Channel,CFGR,0x40020044,0x000,32,1,#,confirmed,evt(ch32v30x.h)+rm-address(CH32FV2x_V3xRM.PDF)
CH32V307,DMA1_Channel4,DMA_Channel,CNTR,0x40020048,0x004,32,1,#,confirmed,evt(ch32v30x.h)+rm-address(CH32FV2x_V3xRM.PDF)
CH32V307,DMA1_Channel4,DMA_Channel,PADDR,0x4002004c,0x008,32,1,#,confirmed,evt(ch32v30x.h)+rm-address(CH32FV2x_V3xRM.PDF)
CH32V307,DMA1_Channel4,DMA_Channel,MADDR,0x40020050,0x00c,32,1,#,confirmed,evt(ch32v30x.h)+rm-address(CH32FV2x_V3xRM.PDF)
CH32V307,DMA1_Channel5,DMA_Channel,CFGR,0x40020058,0x000,32,1,#,confirmed,evt(ch32v30x.h)+rm-address(CH32FV2x_V3xRM.PDF)
CH32V307,DMA1_Channel5,DMA_Channel,CNTR,0x4002005c,0x004,32,1,#,confirmed,evt(ch32v30x.h)+rm-address(CH32FV2x_V3xRM.PDF)
CH32V307,DMA1_Channel5,DMA_Channel,PADDR,0x40020060,0x008,32,1,#,confirmed,evt(ch32v30x.h)+rm-address(CH32FV2x_V3xRM.PDF)
CH32V307,DMA1_Channel5,DMA_Channel,MADDR,0x40020064,0x00c,32,1,#,confirmed,evt(ch32v30x.h)+rm-address(CH32FV2x_V3xRM.PDF)
CH32V307,DMA1_Channel6,DMA_Channel,CFGR,0x4002006c,0x000,32,1,#,confirmed,evt(ch32v30x.h)+rm-address(CH32FV2x_V3xRM.PDF)
CH32V307,DMA1_Channel6,DMA_Channel,CNTR,0x40020070,0x004,32,1,#,confirmed,evt(ch32v30x.h)+rm-address(CH32FV2x_V3xRM.PDF)
CH32V307,DMA1_Channel6,DMA_Channel,PADDR,0x40020074,0x008,32,1,#,confirmed,evt(ch32v30x.h)+rm-address(CH32FV2x_V3xRM.PDF)
CH32V307,DMA1_Channel6,DMA_Channel,MADDR,0x40020078,0x00c,32,1,#,confirmed,evt(ch32v30x.h)+rm-address(CH32FV2x_V3xRM.PDF)
CH32V307,DMA1_Channel7,DMA_Channel,CFGR,0x40020080,0x000,32,1,#,confirmed,evt(ch32v30x.h)+rm-address(CH32FV2x_V3xRM.PDF)
CH32V307,DMA1_Channel7,DMA_Channel,CNTR,0x40020084,0x004,32,1,#,confirmed,evt(ch32v30x.h)+rm-address(CH32FV2x_V3xRM.PDF)
CH32V307,DMA1_Channel7,DMA_Channel,PADDR,0x40020088,0x008,32,1,#,confirmed,evt(ch32v30x.h)+rm-address(CH32FV2x_V3xRM.PDF)
CH32V307,DMA1_Channel7,DMA_Channel,MADDR,0x4002008c,0x00c,32,1,#,confirmed,evt(ch32v30x.h)+rm-address(CH32FV2x_V3xRM.PDF)
CH32V307,DMA2,DMA,INTFR,0x40020400,0x000,32,1,#,confirmed,evt(ch32v30x.h)+rm-address(CH32FV2x_V3xRM.PDF)
CH32V307,DMA2,DMA,INTFCR,0x40020404,0x004,32,1,#,confirmed,evt(ch32v30x.h)+rm-address(CH32FV2x_V3xRM.PDF)
CH32V307,DMA2_Channel1,DMA_Channel,CFGR,0x40020408,0x000,32,1,#,confirmed,evt(ch32v30x.h)+rm-address(CH32FV2x_V3xRM.PDF)
CH32V307,DMA2_Channel1,DMA_Channel,CNTR,0x4002040c,0x004,32,1,#,confirmed,evt(ch32v30x.h)+rm-address(CH32FV2x_V3xRM.PDF)
CH32V307,DMA2_Channel1,DMA_Channel,PADDR,0x40020410,0x008,32,1,#,confirmed,evt(ch32v30x.h)+rm-address(CH32FV2x_V3xRM.PDF)
CH32V307,DMA2_Channel1,DMA_Channel,MADDR,0x40020414,0x00c,32,1,#,confirmed,evt(ch32v30x.h)+rm-address(CH32FV2x_V3xRM.PDF)
CH32V307,DMA2_Channel2,DMA_Channel,CFGR,0x4002041c,0x000,32,1,#,confirmed,evt(ch32v30x.h)+rm-address(CH32FV2x_V3xRM.PDF)
CH32V307,DMA2_Channel2,DMA_Channel,CNTR,0x40020420,0x004,32,1,#,confirmed,evt(ch32v30x.h)+rm-address(CH32FV2x_V3xRM.PDF)
CH32V307,DMA2_Channel2,DMA_Channel,PADDR,0x40020424,0x008,32,1,#,confirmed,evt(ch32v30x.h)+rm-address(CH32FV2x_V3xRM.PDF)
CH32V307,DMA2_Channel2,DMA_Channel,MADDR,0x40020428,0x00c,32,1,#,confirmed,evt(ch32v30x.h)+rm-address(CH32FV2x_V3xRM.PDF)
CH32V307,DMA2_Channel3,DMA_Channel,CFGR,0x40020430,0x000,32,1,#,confirmed,evt(ch32v30x.h)+rm-address(CH32FV2x_V3xRM.PDF)
CH32V307,DMA2_Channel3,DMA_Channel,CNTR,0x40020434,0x004,32,1,#,confirmed,evt(ch32v30x.h)+rm-address(CH32FV2x_V3xRM.PDF)
CH32V307,DMA2_Channel3,DMA_Channel,PADDR,0x40020438,0x008,32,1,#,confirmed,evt(ch32v30x.h)+rm-address(CH32FV2x_V3xRM.PDF)
CH32V307,DMA2_Channel3,DMA_Channel,MADDR,0x4002043c,0x00c,32,1,#,confirmed,evt(ch32v30x.h)+rm-address(CH32FV2x_V3xRM.PDF)
CH32V307,DMA2_Channel4,DMA_Channel,CFGR,0x40020444,0x000,32,1,#,confirmed,evt(ch32v30x.h)+rm-address(CH32FV2x_V3xRM.PDF)
CH32V307,DMA2_Channel4,DMA_Channel,CNTR,0x40020448,0x004,32,1,#,confirmed,evt(ch32v30x.h)+rm-address(CH32FV2x_V3xRM.PDF)
CH32V307,DMA2_Channel4,DMA_Channel,PADDR,0x4002044c,0x008,32,1,#,confirmed,evt(ch32v30x.h)+rm-address(CH32FV2x_V3xRM.PDF)
CH32V307,DMA2_Channel4,DMA_Channel,MADDR,0x40020450,0x00c,32,1,#,confirmed,evt(ch32v30x.h)+rm-address(CH32FV2x_V3xRM.PDF)
CH32V307,DMA2_Channel5,DMA_Channel,CFGR,0x40020458,0x000,32,1,#,confirmed,evt(ch32v30x.h)+rm-address(CH32FV2x_V3xRM.PDF)
CH32V307,DMA2_Channel5,DMA_Channel,CNTR,0x4002045c,0x004,32,1,#,confirmed,evt(ch32v30x.h)+rm-address(CH32FV2x_V3xRM.PDF)
CH32V307,DMA2_Channel5,DMA_Channel,PADDR,0x40020460,0x008,32,1,#,confirmed,evt(ch32v30x.h)+rm-address(CH32FV2x_V3xRM.PDF)
CH32V307,DMA2_Channel5,DMA_Channel,MADDR,0x40020464,0x00c,32,1,#,confirmed,evt(ch32v30x.h)+rm-address(CH32FV2x_V3xRM.PDF)
CH32V307,DMA2_Channel6,DMA_Channel,CFGR,0x4002046c,0x000,32,1,#,confirmed,evt(ch32v30x.h)+rm-address(CH32FV2x_V3xRM.PDF)
CH32V307,DMA2_Channel6,DMA_Channel,CNTR,0x40020470,0x004,32,1,#,confirmed,evt(ch32v30x.h)+rm-address(CH32FV2x_V3xRM.PDF)
CH32V307,DMA2_Channel6,DMA_Channel,PADDR,0x40020474,0x008,32,1,#,confirmed,evt(ch32v30x.h)+rm-address(CH32FV2x_V3xRM.PDF)
CH32V307,DMA2_Channel6,DMA_Channel,MADDR,0x40020478,0x00c,32,1,#,confirmed,evt(ch32v30x.h)+rm-address(CH32FV2x_V3xRM.PDF)
CH32V307,DMA2_Channel7,DMA_Channel,CFGR,0x40020480,0x000,32,1,#,confirmed,evt(ch32v30x.h)+rm-address(CH32FV2x_V3xRM.PDF)
CH32V307,DMA2_Channel7,DMA_Channel,CNTR,0x40020484,0x004,32,1,#,confirmed,evt(ch32v30x.h)+rm-address(CH32FV2x_V3xRM.PDF)
CH32V307,DMA2_Channel7,DMA_Channel,PADDR,0x40020488,0x008,32,1,#,confirmed,evt(ch32v30x.h)+rm-address(CH32FV2x_V3xRM.PDF)
CH32V307,DMA2_Channel7,DMA_Channel,MADDR,0x4002048c,0x00c,32,1,#,confirmed,evt(ch32v30x.h)+rm-address(CH32FV2x_V3xRM.PDF)
CH32V307,DMA2_Channel8,DMA_Channel,CFGR,0x40020490,0x000,32,1,#,confirmed,evt(ch32v30x.h)+rm-address(CH32FV2x_V3xRM.PDF)
CH32V307,DMA2_Channel8,DMA_Channel,CNTR,0x40020494,0x004,32,1,#,confirmed,evt(ch32v30x.h)+rm-address(CH32FV2x_V3xRM.PDF)
CH32V307,DMA2_Channel8,DMA_Channel,PADDR,0x40020498,0x008,32,1,#,confirmed,evt(ch32v30x.h)+rm-address(CH32FV2x_V3xRM.PDF)
CH32V307,DMA2_Channel8,DMA_Channel,MADDR,0x4002049c,0x00c,32,1,#,confirmed,evt(ch32v30x.h)+rm-address(CH32FV2x_V3xRM.PDF)
CH32V307,DMA2_Channel9,DMA_Channel,CFGR,0x400204a0,0x000,32,1,#,confirmed,evt(ch32v30x.h)+rm-address(CH32FV2x_V3xRM.PDF)
CH32V307,DMA2_Channel9,DMA_Channel,CNTR,0x400204a4,0x004,32,1,#,confirmed,evt(ch32v30x.h)+rm-address(CH32FV2x_V3xRM.PDF)
CH32V307,DMA2_Channel9,DMA_Channel,PADDR,0x400204a8,0x008,32,1,#,confirmed,evt(ch32v30x.h)+rm-address(CH32FV2x_V3xRM.PDF)
CH32V307,DMA2_Channel9,DMA_Channel,MADDR,0x400204ac,0x00c,32,1,#,confirmed,evt(ch32v30x.h)+rm-address(CH32FV2x_V3xRM.PDF)
CH32V307,DMA2_Channel10,DMA_Channel,CFGR,0x400204b0,0x000,32,1,#,confirmed,evt(ch32v30x.h)+rm-address(CH32FV2x_V3xRM.PDF)
CH32V307,DMA2_Channel10,DMA_Channel,CNTR,0x400204b4,0x004,32,1,#,confirmed,evt(ch32v30x.h)+rm-address(CH32FV2x_V3xRM.PDF)
CH32V307,DMA2_Channel10,DMA_Channel,PADDR,0x400204b8,0x008,32,1,#,confirmed,evt(ch32v30x.h)+rm-address(CH32FV2x_V3xRM.PDF)
CH32V307,DMA2_Channel10,DMA_Channel,MADDR,0x400204bc,0x00c,32,1,#,confirmed,evt(ch32v30x.h)+rm-address(CH32FV2x_V3xRM.PDF)
CH32V307,DMA2_Channel11,DMA_Channel,CFGR,0x400204c0,0x000,32,1,#,confirmed,evt(ch32v30x.h)+rm-address(CH32FV2x_V3xRM.PDF)
CH32V307,DMA2_Channel11,DMA_Channel,CNTR,0x400204c4,0x004,32,1,#,confirmed,evt(ch32v30x.h)+rm-address(CH32FV2x_V3xRM.PDF)
CH32V307,DMA2_Channel11,DMA_Channel,PADDR,0x400204c8,0x008,32,1,#,confirmed,evt(ch32v30x.h)+rm-address(CH32FV2x_V3xRM.PDF)
CH32V307,DMA2_Channel11,DMA_Channel,MADDR,0x400204cc,0x00c,32,1,#,confirmed,evt(ch32v30x.h)+rm-address(CH32FV2x_V3xRM.PDF)
CH32V307,DMA2_EXTEN,DMA,INTFR,0x400204d0,0x000,32,1,#,reference,evt(ch32v30x.h)+rm-address(CH32FV2x_V3xRM.PDF)
CH32V307,DMA2_EXTEN,DMA,INTFCR,0x400204d4,0x004,32,1,#,reference,evt(ch32v30x.h)+rm-address(CH32FV2x_V3xRM.PDF)
CH32V307,RCC,RCC,CTLR,0x40021000,0x000,32,1,#,confirmed,evt(ch32v30x.h)+rm(CH32FV2x_V3xRM.PDF)+rm-address(CH32FV2x_V3xRM.PDF)
CH32V307,RCC,RCC,CFGR0,0x40021004,0x004,32,1,#,confirmed,evt(ch32v30x.h)+rm(CH32FV2x_V3xRM.PDF)+rm-address(CH32FV2x_V3xRM.PDF)
CH32V307,RCC,RCC,INTR,0x40021008,0x008,32,1,#,confirmed,evt(ch32v30x.h)+rm(CH32FV2x_V3xRM.PDF)+rm-address(CH32FV2x_V3xRM.PDF)
CH32V307,RCC,RCC,APB2PRSTR,0x4002100c,0x00c,32,1,#,confirmed,evt(ch32v30x.h)+rm(CH32FV2x_V3xRM.PDF)+rm-address(CH32FV2x_V3xRM.PDF)
CH32V307,RCC,RCC,APB1PRSTR,0x40021010,0x010,32,1,#,confirmed,evt(ch32v30x.h)+rm(CH32FV2x_V3xRM.PDF)+rm-address(CH32FV2x_V3xRM.PDF)
CH32V307,RCC,RCC,AHBPCENR,0x40021014,0x014,32,1,#,confirmed,evt(ch32v30x.h)+rm(CH32FV2x_V3xRM.PDF)+rm-address(CH32FV2x_V3xRM.PDF)
CH32V307,RCC,RCC,APB2PCENR,0x40021018,0x018,32,1,#,confirmed,evt(ch32v30x.h)+rm(CH32FV2x_V3xRM.PDF)+rm-address(CH32FV2x_V3xRM.PDF)
CH32V307,RCC,RCC,APB1PCENR,0x4002101c,0x01c,32,1,#,confirmed,evt(ch32v30x.h)+rm(CH32FV2x_V3xRM.PDF)+rm-address(CH32FV2x_V3xRM.PDF)
CH32V307,RCC,RCC,BDCTLR,0x40021020,0x020,32,1,#,confirmed,evt(ch32v30x.h)+rm(CH32FV2x_V3xRM.PDF)+rm-address(CH32FV2x_V3xRM.PDF)
CH32V307,RCC,RCC,RSTSCKR,0x40021024,0x024,32,1,#,confirmed,evt(ch32v30x.h)+rm(CH32FV2x_V3xRM.PDF)+rm-address(CH32FV2x_V3xRM.PDF)
CH32V307,RCC,RCC,AHBRSTR,0x40021028,0x028,32,1,#,confirmed,evt(ch32v30x.h)+rm(CH32FV2x_V3xRM.PDF)+rm-address(CH32FV2x_V3xRM.PDF)
CH32V307,RCC,RCC,CFGR2,0x4002102c,0x02c,32,1,#,confirmed,evt(ch32v30x.h)+rm(CH32FV2x_V3xRM.PDF)+rm-address(CH32FV2x_V3xRM.PDF)
CH32V307,FLASH,FLASH,ACTLR,0x40022000,0x000,32,1,#,reference,evt(ch32v30x.h)
CH32V307,FLASH,FLASH,KEYR,0x40022004,0x004,32,1,#,confirmed,evt(ch32v30x.h)+rm(CH32FV2x_V3xRM.PDF)+rm-address(CH32FV2x_V3xRM.PDF)
CH32V307,FLASH,FLASH,OBKEYR,0x40022008,0x008,32,1,#,confirmed,evt(ch32v30x.h)+rm(CH32FV2x_V3xRM.PDF)+rm-address(CH32FV2x_V3xRM.PDF)
CH32V307,FLASH,FLASH,STATR,0x4002200c,0x00c,32,1,#,confirmed,evt(ch32v30x.h)+rm(CH32FV2x_V3xRM.PDF)+rm-address(CH32FV2x_V3xRM.PDF)
CH32V307,FLASH,FLASH,CTLR,0x40022010,0x010,32,1,#,confirmed,evt(ch32v30x.h)+rm(CH32FV2x_V3xRM.PDF)+rm-address(CH32FV2x_V3xRM.PDF)
CH32V307,FLASH,FLASH,ADDR,0x40022014,0x014,32,1,#,confirmed,evt(ch32v30x.h)+rm(CH32FV2x_V3xRM.PDF)+rm-address(CH32FV2x_V3xRM.PDF)
CH32V307,FLASH,FLASH,OBR,0x4002201c,0x01c,32,1,#,confirmed,evt(ch32v30x.h)+rm(CH32FV2x_V3xRM.PDF)+rm-address(CH32FV2x_V3xRM.PDF)
CH32V307,FLASH,FLASH,WPR,0x40022020,0x020,32,1,#,confirmed,evt(ch32v30x.h)+rm(CH32FV2x_V3xRM.PDF)+rm-address(CH32FV2x_V3xRM.PDF)
CH32V307,FLASH,FLASH,MODEKEYR,0x40022024,0x024,32,1,#,confirmed,evt(ch32v30x.h)+rm(CH32FV2x_V3xRM.PDF)+rm-address(CH32FV2x_V3xRM.PDF)
CH32V307,CRC,CRC,DATAR,0x40023000,0x000,32,1,#,confirmed,evt(ch32v30x.h)+rm(CH32FV2x_V3xRM.PDF)+rm-address(CH32FV2x_V3xRM.PDF)
CH32V307,CRC,CRC,IDATAR,0x40023004,0x004,8,1,#,confirmed,evt(ch32v30x.h)+rm(CH32FV2x_V3xRM.PDF)
CH32V307,CRC,CRC,CTLR,0x40023008,0x008,32,1,#,confirmed,evt(ch32v30x.h)+rm(CH32FV2x_V3xRM.PDF)
CH32V307,USBHSD,USBHSD,CONTROL,0x40023400,0x000,8,1,#,reference,evt(ch32v30x.h)
CH32V307,USBHSH,USBHSH,CONTROL,0x40023400,0x000,8,1,#,reference,evt(ch32v30x.h)
CH32V307,USBHSD,USBHSD,HOST_CTRL,0x40023401,0x001,8,1,#,reference,evt(ch32v30x.h)
CH32V307,USBHSH,USBHSH,HOST_CTRL,0x40023401,0x001,8,1,#,reference,evt(ch32v30x.h)
CH32V307,USBHSD,USBHSD,INT_EN,0x40023402,0x002,8,1,#,reference,evt(ch32v30x.h)
CH32V307,USBHSH,USBHSH,INT_EN,0x40023402,0x002,8,1,#,reference,evt(ch32v30x.h)
CH32V307,USBHSD,USBHSD,DEV_AD,0x40023403,0x003,8,1,#,reference,evt(ch32v30x.h)
CH32V307,USBHSH,USBHSH,DEV_AD,0x40023403,0x003,8,1,#,reference,evt(ch32v30x.h)
CH32V307,USBHSD,USBHSD,FRAME_NO,0x40023404,0x004,16,1,#,reference,evt(ch32v30x.h)
CH32V307,USBHSH,USBHSH,FRAME_NO,0x40023404,0x004,16,1,#,reference,evt(ch32v30x.h)
CH32V307,USBHSD,USBHSD,SUSPEND,0x40023406,0x006,8,1,#,reference,evt(ch32v30x.h)
CH32V307,USBHSH,USBHSH,SUSPEND,0x40023406,0x006,8,1,#,reference,evt(ch32v30x.h)
CH32V307,USBHSD,USBHSD,SPEED_TYPE,0x40023408,0x008,8,1,#,reference,evt(ch32v30x.h)
CH32V307,USBHSH,USBHSH,SPEED_TYPE,0x40023408,0x008,8,1,#,reference,evt(ch32v30x.h)
CH32V307,USBHSD,USBHSD,MIS_ST,0x40023409,0x009,8,1,#,reference,evt(ch32v30x.h)
CH32V307,USBHSH,USBHSH,MIS_ST,0x40023409,0x009,8,1,#,reference,evt(ch32v30x.h)
CH32V307,USBHSD,USBHSD,INT_FG,0x4002340a,0x00a,8,1,#,reference,evt(ch32v30x.h)
CH32V307,USBHSH,USBHSH,INT_FG,0x4002340a,0x00a,8,1,#,reference,evt(ch32v30x.h)
CH32V307,USBHSD,USBHSD,INT_ST,0x4002340b,0x00b,8,1,#,reference,evt(ch32v30x.h)
CH32V307,USBHSH,USBHSH,INT_ST,0x4002340b,0x00b,8,1,#,reference,evt(ch32v30x.h)
CH32V307,USBHSD,USBHSD,RX_LEN,0x4002340c,0x00c,16,1,#,reference,evt(ch32v30x.h)
CH32V307,USBHSH,USBHSH,RX_LEN,0x4002340c,0x00c,16,1,#,reference,evt(ch32v30x.h)
CH32V307,USBHSD,USBHSD,ENDP_CONFIG,0x40023410,0x010,32,1,#,reference,evt(ch32v30x.h)
CH32V307,USBHSH,USBHSH,HOST_EP_CONFIG,0x40023410,0x010,32,1,#,reference,evt(ch32v30x.h)
CH32V307,USBHSD,USBHSD,ENDP_TYPE,0x40023414,0x014,32,1,#,reference,evt(ch32v30x.h)
CH32V307,USBHSH,USBHSH,HOST_EP_TYPE,0x40023414,0x014,32,1,#,reference,evt(ch32v30x.h)
CH32V307,USBHSD,USBHSD,BUF_MODE,0x40023418,0x018,32,1,#,reference,evt(ch32v30x.h)
CH32V307,USBHSD,USBHSD,UEP0_DMA,0x4002341c,0x01c,32,1,#,reference,evt(ch32v30x.h)
CH32V307,USBHSD,USBHSD,UEP1_RX_DMA,0x40023420,0x020,32,1,#,reference,evt(ch32v30x.h)
CH32V307,USBHSD,USBHSD,UEP2_RX_DMA,0x40023424,0x024,32,1,#,reference,evt(ch32v30x.h)
CH32V307,USBHSH,USBHSH,HOST_RX_DMA,0x40023424,0x024,32,1,#,reference,evt(ch32v30x.h)
CH32V307,USBHSD,USBHSD,UEP3_RX_DMA,0x40023428,0x028,32,1,#,reference,evt(ch32v30x.h)
CH32V307,USBHSD,USBHSD,UEP4_RX_DMA,0x4002342c,0x02c,32,1,#,reference,evt(ch32v30x.h)
CH32V307,USBHSD,USBHSD,UEP5_RX_DMA,0x40023430,0x030,32,1,#,reference,evt(ch32v30x.h)
CH32V307,USBHSD,USBHSD,UEP6_RX_DMA,0x40023434,0x034,32,1,#,reference,evt(ch32v30x.h)
CH32V307,USBHSD,USBHSD,UEP7_RX_DMA,0x40023438,0x038,32,1,#,reference,evt(ch32v30x.h)
CH32V307,USBHSD,USBHSD,UEP8_RX_DMA,0x4002343c,0x03c,32,1,#,reference,evt(ch32v30x.h)
CH32V307,USBHSD,USBHSD,UEP9_RX_DMA,0x40023440,0x040,32,1,#,reference,evt(ch32v30x.h)
CH32V307,USBHSD,USBHSD,UEP10_RX_DMA,0x40023444,0x044,32,1,#,reference,evt(ch32v30x.h)
CH32V307,USBHSD,USBHSD,UEP11_RX_DMA,0x40023448,0x048,32,1,#,reference,evt(ch32v30x.h)
CH32V307,USBHSD,USBHSD,UEP12_RX_DMA,0x4002344c,0x04c,32,1,#,reference,evt(ch32v30x.h)
CH32V307,USBHSD,USBHSD,UEP13_RX_DMA,0x40023450,0x050,32,1,#,reference,evt(ch32v30x.h)
CH32V307,USBHSD,USBHSD,UEP14_RX_DMA,0x40023454,0x054,32,1,#,reference,evt(ch32v30x.h)
CH32V307,USBHSD,USBHSD,UEP15_RX_DMA,0x40023458,0x058,32,1,#,reference,evt(ch32v30x.h)
CH32V307,USBHSD,USBHSD,UEP1_TX_DMA,0x4002345c,0x05c,32,1,#,reference,evt(ch32v30x.h)
CH32V307,USBHSD,USBHSD,UEP2_TX_DMA,0x40023460,0x060,32,1,#,reference,evt(ch32v30x.h)
CH32V307,USBHSD,USBHSD,UEP3_TX_DMA,0x40023464,0x064,32,1,#,reference,evt(ch32v30x.h)
CH32V307,USBHSH,USBHSH,HOST_TX_DMA,0x40023464,0x064,32,1,#,reference,evt(ch32v30x.h)
CH32V307,USBHSD,USBHSD,UEP4_TX_DMA,0x40023468,0x068,32,1,#,reference,evt(ch32v30x.h)
CH32V307,USBHSD,USBHSD,UEP5_TX_DMA,0x4002346c,0x06c,32,1,#,reference,evt(ch32v30x.h)
CH32V307,USBHSD,USBHSD,UEP6_TX_DMA,0x40023470,0x070,32,1,#,reference,evt(ch32v30x.h)
CH32V307,USBHSD,USBHSD,UEP7_TX_DMA,0x40023474,0x074,32,1,#,reference,evt(ch32v30x.h)
CH32V307,USBHSD,USBHSD,UEP8_TX_DMA,0x40023478,0x078,32,1,#,reference,evt(ch32v30x.h)
CH32V307,USBHSD,USBHSD,UEP9_TX_DMA,0x4002347c,0x07c,32,1,#,reference,evt(ch32v30x.h)
CH32V307,USBHSD,USBHSD,UEP10_TX_DMA,0x40023480,0x080,32,1,#,reference,evt(ch32v30x.h)
CH32V307,USBHSD,USBHSD,UEP11_TX_DMA,0x40023484,0x084,32,1,#,reference,evt(ch32v30x.h)
CH32V307,USBHSD,USBHSD,UEP12_TX_DMA,0x40023488,0x088,32,1,#,reference,evt(ch32v30x.h)
CH32V307,USBHSD,USBHSD,UEP13_TX_DMA,0x4002348c,0x08c,32,1,#,reference,evt(ch32v30x.h)
CH32V307,USBHSD,USBHSD,UEP14_TX_DMA,0x40023490,0x090,32,1,#,reference,evt(ch32v30x.h)
CH32V307,USBHSD,USBHSD,UEP15_TX_DMA,0x40023494,0x094,32,1,#,reference,evt(ch32v30x.h)
CH32V307,USBHSD,USBHSD,UEP0_MAX_LEN,0x40023498,0x098,16,1,#,reference,evt(ch32v30x.h)
CH32V307,USBHSD,USBHSD,UEP1_MAX_LEN,0x4002349c,0x09c,16,1,#,reference,evt(ch32v30x.h)
CH32V307,USBHSD,USBHSD,UEP2_MAX_LEN,0x400234a0,0x0a0,16,1,#,reference,evt(ch32v30x.h)
CH32V307,USBHSH,USBHSH,HOST_RX_MAX_LEN,0x400234a0,0x0a0,16,1,#,reference,evt(ch32v30x.h)
CH32V307,USBHSD,USBHSD,UEP3_MAX_LEN,0x400234a4,0x0a4,16,1,#,reference,evt(ch32v30x.h)
CH32V307,USBHSD,USBHSD,UEP4_MAX_LEN,0x400234a8,0x0a8,16,1,#,reference,evt(ch32v30x.h)
CH32V307,USBHSD,USBHSD,UEP5_MAX_LEN,0x400234ac,0x0ac,16,1,#,reference,evt(ch32v30x.h)
CH32V307,USBHSD,USBHSD,UEP6_MAX_LEN,0x400234b0,0x0b0,16,1,#,reference,evt(ch32v30x.h)
CH32V307,USBHSD,USBHSD,UEP7_MAX_LEN,0x400234b4,0x0b4,16,1,#,reference,evt(ch32v30x.h)
CH32V307,USBHSD,USBHSD,UEP8_MAX_LEN,0x400234b8,0x0b8,16,1,#,reference,evt(ch32v30x.h)
CH32V307,USBHSD,USBHSD,UEP9_MAX_LEN,0x400234bc,0x0bc,16,1,#,reference,evt(ch32v30x.h)
CH32V307,USBHSD,USBHSD,UEP10_MAX_LEN,0x400234c0,0x0c0,16,1,#,reference,evt(ch32v30x.h)
CH32V307,USBHSD,USBHSD,UEP11_MAX_LEN,0x400234c4,0x0c4,16,1,#,reference,evt(ch32v30x.h)
CH32V307,USBHSD,USBHSD,UEP12_MAX_LEN,0x400234c8,0x0c8,16,1,#,reference,evt(ch32v30x.h)
CH32V307,USBHSD,USBHSD,UEP13_MAX_LEN,0x400234cc,0x0cc,16,1,#,reference,evt(ch32v30x.h)
CH32V307,USBHSD,USBHSD,UEP14_MAX_LEN,0x400234d0,0x0d0,16,1,#,reference,evt(ch32v30x.h)
CH32V307,USBHSD,USBHSD,UEP15_MAX_LEN,0x400234d4,0x0d4,16,1,#,reference,evt(ch32v30x.h)
CH32V307,USBHSD,USBHSD,UEP0_TX_LEN,0x400234d8,0x0d8,16,1,#,reference,evt(ch32v30x.h)
CH32V307,USBHSD,USBHSD,UEP0_TX_CTRL,0x400234da,0x0da,8,1,#,reference,evt(ch32v30x.h)
CH32V307,USBHSD,USBHSD,UEP0_RX_CTRL,0x400234db,0x0db,8,1,#,reference,evt(ch32v30x.h)
CH32V307,USBHSD,USBHSD,UEP1_TX_LEN,0x400234dc,0x0dc,16,1,#,reference,evt(ch32v30x.h)
CH32V307,USBHSD,USBHSD,UEP1_TX_CTRL,0x400234de,0x0de,8,1,#,reference,evt(ch32v30x.h)
CH32V307,USBHSD,USBHSD,UEP1_RX_CTRL,0x400234df,0x0df,8,1,#,reference,evt(ch32v30x.h)
CH32V307,USBHSD,USBHSD,UEP2_TX_LEN,0x400234e0,0x0e0,16,1,#,reference,evt(ch32v30x.h)
CH32V307,USBHSH,USBHSH,HOST_EP_PID,0x400234e0,0x0e0,8,1,#,reference,evt(ch32v30x.h)
CH32V307,USBHSD,USBHSD,UEP2_TX_CTRL,0x400234e2,0x0e2,8,1,#,reference,evt(ch32v30x.h)
CH32V307,USBHSD,USBHSD,UEP2_RX_CTRL,0x400234e3,0x0e3,8,1,#,reference,evt(ch32v30x.h)
CH32V307,USBHSH,USBHSH,HOST_RX_CTRL,0x400234e3,0x0e3,8,1,#,reference,evt(ch32v30x.h)
CH32V307,USBHSD,USBHSD,UEP3_TX_LEN,0x400234e4,0x0e4,16,1,#,reference,evt(ch32v30x.h)
CH32V307,USBHSH,USBHSH,HOST_TX_LEN,0x400234e4,0x0e4,16,1,#,reference,evt(ch32v30x.h)
CH32V307,USBHSD,USBHSD,UEP3_TX_CTRL,0x400234e6,0x0e6,8,1,#,reference,evt(ch32v30x.h)
CH32V307,USBHSH,USBHSH,HOST_TX_CTRL,0x400234e6,0x0e6,8,1,#,reference,evt(ch32v30x.h)
CH32V307,USBHSD,USBHSD,UEP3_RX_CTRL,0x400234e7,0x0e7,8,1,#,reference,evt(ch32v30x.h)
CH32V307,USBHSD,USBHSD,UEP4_TX_LEN,0x400234e8,0x0e8,16,1,#,reference,evt(ch32v30x.h)
CH32V307,USBHSH,USBHSH,HOST_SPLIT_DATA,0x400234e8,0x0e8,16,1,#,reference,evt(ch32v30x.h)
CH32V307,USBHSD,USBHSD,UEP4_TX_CTRL,0x400234ea,0x0ea,8,1,#,reference,evt(ch32v30x.h)
CH32V307,USBHSD,USBHSD,UEP4_RX_CTRL,0x400234eb,0x0eb,8,1,#,reference,evt(ch32v30x.h)
CH32V307,USBHSD,USBHSD,UEP5_TX_LEN,0x400234ec,0x0ec,16,1,#,reference,evt(ch32v30x.h)
CH32V307,USBHSD,USBHSD,UEP5_TX_CTRL,0x400234ee,0x0ee,8,1,#,reference,evt(ch32v30x.h)
CH32V307,USBHSD,USBHSD,UEP5_RX_CTRL,0x400234ef,0x0ef,8,1,#,reference,evt(ch32v30x.h)
CH32V307,USBHSD,USBHSD,UEP6_TX_LEN,0x400234f0,0x0f0,16,1,#,reference,evt(ch32v30x.h)
CH32V307,USBHSD,USBHSD,UEP6_TX_CTRL,0x400234f2,0x0f2,8,1,#,reference,evt(ch32v30x.h)
CH32V307,USBHSD,USBHSD,UEP6_RX_CTRL,0x400234f3,0x0f3,8,1,#,reference,evt(ch32v30x.h)
CH32V307,USBHSD,USBHSD,UEP7_TX_LEN,0x400234f4,0x0f4,16,1,#,reference,evt(ch32v30x.h)
CH32V307,USBHSD,USBHSD,UEP7_TX_CTRL,0x400234f6,0x0f6,8,1,#,reference,evt(ch32v30x.h)
CH32V307,USBHSD,USBHSD,UEP7_RX_CTRL,0x400234f7,0x0f7,8,1,#,reference,evt(ch32v30x.h)
CH32V307,USBHSD,USBHSD,UEP8_TX_LEN,0x400234f8,0x0f8,16,1,#,reference,evt(ch32v30x.h)
CH32V307,USBHSD,USBHSD,UEP8_TX_CTRL,0x400234fa,0x0fa,8,1,#,reference,evt(ch32v30x.h)
CH32V307,USBHSD,USBHSD,UEP8_RX_CTRL,0x400234fb,0x0fb,8,1,#,reference,evt(ch32v30x.h)
CH32V307,USBHSD,USBHSD,UEP9_TX_LEN,0x400234fc,0x0fc,16,1,#,reference,evt(ch32v30x.h)
CH32V307,USBHSD,USBHSD,UEP9_TX_CTRL,0x400234fe,0x0fe,8,1,#,reference,evt(ch32v30x.h)
CH32V307,USBHSD,USBHSD,UEP9_RX_CTRL,0x400234ff,0x0ff,8,1,#,reference,evt(ch32v30x.h)
CH32V307,USBHSD,USBHSD,UEP10_TX_LEN,0x40023500,0x100,16,1,#,reference,evt(ch32v30x.h)
CH32V307,USBHSD,USBHSD,UEP10_TX_CTRL,0x40023502,0x102,8,1,#,reference,evt(ch32v30x.h)
CH32V307,USBHSD,USBHSD,UEP10_RX_CTRL,0x40023503,0x103,8,1,#,reference,evt(ch32v30x.h)
CH32V307,USBHSD,USBHSD,UEP11_TX_LEN,0x40023504,0x104,16,1,#,reference,evt(ch32v30x.h)
CH32V307,USBHSD,USBHSD,UEP11_TX_CTRL,0x40023506,0x106,8,1,#,reference,evt(ch32v30x.h)
CH32V307,USBHSD,USBHSD,UEP11_RX_CTRL,0x40023507,0x107,8,1,#,reference,evt(ch32v30x.h)
CH32V307,USBHSD,USBHSD,UEP12_TX_LEN,0x40023508,0x108,16,1,#,reference,evt(ch32v30x.h)
CH32V307,USBHSD,USBHSD,UEP12_TX_CTRL,0x4002350a,0x10a,8,1,#,reference,evt(ch32v30x.h)
CH32V307,USBHSD,USBHSD,UEP12_RX_CTRL,0x4002350b,0x10b,8,1,#,reference,evt(ch32v30x.h)
CH32V307,USBHSD,USBHSD,UEP13_TX_LEN,0x4002350c,0x10c,16,1,#,reference,evt(ch32v30x.h)
CH32V307,USBHSD,USBHSD,UEP13_TX_CTRL,0x4002350e,0x10e,8,1,#,reference,evt(ch32v30x.h)
CH32V307,USBHSD,USBHSD,UEP13_RX_CTRL,0x4002350f,0x10f,8,1,#,reference,evt(ch32v30x.h)
CH32V307,USBHSD,USBHSD,UEP14_TX_LEN,0x40023510,0x110,16,1,#,reference,evt(ch32v30x.h)
CH32V307,USBHSD,USBHSD,UEP14_TX_CTRL,0x40023512,0x112,8,1,#,reference,evt(ch32v30x.h)
CH32V307,USBHSD,USBHSD,UEP14_RX_CTRL,0x40023513,0x113,8,1,#,reference,evt(ch32v30x.h)
CH32V307,USBHSD,USBHSD,UEP15_TX_LEN,0x40023514,0x114,16,1,#,reference,evt(ch32v30x.h)
CH32V307,USBHSD,USBHSD,UEP15_TX_CTRL,0x40023516,0x116,8,1,#,reference,evt(ch32v30x.h)
CH32V307,USBHSD,USBHSD,UEP15_RX_CTRL,0x40023517,0x117,8,1,#,reference,evt(ch32v30x.h)
CH32V307,EXTEN,EXTEN,EXTEN_CTR,0x40023800,0x000,32,1,#,confirmed,evt(ch32v30x.h)+rm-address(CH32FV2x_V3xRM.PDF)
CH32V307,OPA,OPA,CR,0x40023804,0x000,32,1,#,reference,evt(ch32v30x.h)
CH32V307,EXTEN,EXTEN,EXTEN_CTR2,0x40023808,0x008,32,1,#,confirmed,evt(ch32v30x.h)+rm-address(CH32FV2x_V3xRM.PDF)
CH32V307,RNG,RNG,CR,0x40023c00,0x000,32,1,#,confirmed,evt(ch32v30x.h)+rm(CH32FV2x_V3xRM.PDF)+rm-address(CH32FV2x_V3xRM.PDF)
CH32V307,RNG,RNG,SR,0x40023c04,0x004,32,1,#,confirmed,evt(ch32v30x.h)+rm(CH32FV2x_V3xRM.PDF)+rm-address(CH32FV2x_V3xRM.PDF)
CH32V307,RNG,RNG,DR,0x40023c08,0x008,32,1,#,confirmed,evt(ch32v30x.h)+rm(CH32FV2x_V3xRM.PDF)+rm-address(CH32FV2x_V3xRM.PDF)
CH32V307,ETH,ETH,MACCR,0x40028000,0x000,32,1,#,confirmed,evt(ch32v30x.h)+rm-address(CH32FV2x_V3xRM.PDF)
CH32V307,ETH,ETH,MACFFR,0x40028004,0x004,32,1,#,confirmed,evt(ch32v30x.h)+rm-address(CH32FV2x_V3xRM.PDF)
CH32V307,ETH,ETH,MACHTHR,0x40028008,0x008,32,1,#,confirmed,evt(ch32v30x.h)+rm-address(CH32FV2x_V3xRM.PDF)
CH32V307,ETH,ETH,MACHTLR,0x4002800c,0x00c,32,1,#,confirmed,evt(ch32v30x.h)+rm-address(CH32FV2x_V3xRM.PDF)
CH32V307,ETH,ETH,MACMIIAR,0x40028010,0x010,32,1,#,confirmed,evt(ch32v30x.h)+rm-address(CH32FV2x_V3xRM.PDF)
CH32V307,ETH,ETH,MACMIIDR,0x40028014,0x014,32,1,#,confirmed,evt(ch32v30x.h)+rm-address(CH32FV2x_V3xRM.PDF)
CH32V307,ETH,ETH,MACFCR,0x40028018,0x018,32,1,#,confirmed,evt(ch32v30x.h)+rm-address(CH32FV2x_V3xRM.PDF)
CH32V307,ETH,ETH,MACVLANTR,0x4002801c,0x01c,32,1,#,reference,evt(ch32v30x.h)
CH32V307,ETH,ETH,MACRWUFFR,0x40028028,0x028,32,1,#,confirmed,evt(ch32v30x.h)+rm-address(CH32FV2x_V3xRM.PDF)
CH32V307,ETH,ETH,MACPMTCSR,0x4002802c,0x02c,32,1,#,confirmed,evt(ch32v30x.h)+rm-address(CH32FV2x_V3xRM.PDF)
CH32V307,ETH,ETH,MACSR,0x40028038,0x038,32,1,#,confirmed,evt(ch32v30x.h)+rm-address(CH32FV2x_V3xRM.PDF)
CH32V307,ETH,ETH,MACIMR,0x4002803c,0x03c,32,1,#,confirmed,evt(ch32v30x.h)+rm-address(CH32FV2x_V3xRM.PDF)
CH32V307,ETH,ETH,MACA0HR,0x40028040,0x040,32,1,#,confirmed,evt(ch32v30x.h)+rm-address(CH32FV2x_V3xRM.PDF)
CH32V307,ETH,ETH,MACA0LR,0x40028044,0x044,32,1,#,confirmed,evt(ch32v30x.h)+rm-address(CH32FV2x_V3xRM.PDF)
CH32V307,ETH,ETH,MACA1HR,0x40028048,0x048,32,1,#,confirmed,evt(ch32v30x.h)+rm-address(CH32FV2x_V3xRM.PDF)
CH32V307,ETH,ETH,MACA1LR,0x4002804c,0x04c,32,1,#,confirmed,evt(ch32v30x.h)+rm-address(CH32FV2x_V3xRM.PDF)
CH32V307,ETH,ETH,MACA2HR,0x40028050,0x050,32,1,#,confirmed,evt(ch32v30x.h)+rm-address(CH32FV2x_V3xRM.PDF)
CH32V307,ETH,ETH,MACA2LR,0x40028054,0x054,32,1,#,confirmed,evt(ch32v30x.h)+rm-address(CH32FV2x_V3xRM.PDF)
CH32V307,ETH,ETH,MACA3HR,0x40028058,0x058,32,1,#,confirmed,evt(ch32v30x.h)+rm-address(CH32FV2x_V3xRM.PDF)
CH32V307,ETH,ETH,MACA3LR,0x4002805c,0x05c,32,1,#,confirmed,evt(ch32v30x.h)+rm-address(CH32FV2x_V3xRM.PDF)
CH32V307,ETH,ETH,MACCFG0,0x40028098,0x098,32,1,#,confirmed,evt(ch32v30x.h)+rm-address(CH32FV2x_V3xRM.PDF)
CH32V307,ETH,ETH,MMCCR,0x40028100,0x100,32,1,#,confirmed,evt(ch32v30x.h)+rm-address(CH32FV2x_V3xRM.PDF)
CH32V307,ETH,ETH,MMCRIR,0x40028104,0x104,32,1,#,confirmed,evt(ch32v30x.h)+rm-address(CH32FV2x_V3xRM.PDF)
CH32V307,ETH,ETH,MMCTIR,0x40028108,0x108,32,1,#,confirmed,evt(ch32v30x.h)+rm-address(CH32FV2x_V3xRM.PDF)
CH32V307,ETH,ETH,MMCRIMR,0x4002810c,0x10c,32,1,#,confirmed,evt(ch32v30x.h)+rm-address(CH32FV2x_V3xRM.PDF)
CH32V307,ETH,ETH,MMCTIMR,0x40028110,0x110,32,1,#,confirmed,evt(ch32v30x.h)+rm-address(CH32FV2x_V3xRM.PDF)
CH32V307,ETH,ETH,MMCTGFSCCR,0x4002814c,0x14c,32,1,#,confirmed,evt(ch32v30x.h)+rm-address(CH32FV2x_V3xRM.PDF)
CH32V307,ETH,ETH,MMCTGFMSCCR,0x40028150,0x150,32,1,#,confirmed,evt(ch32v30x.h)+rm-address(CH32FV2x_V3xRM.PDF)
CH32V307,ETH,ETH,MMCTGFCR,0x40028168,0x168,32,1,#,confirmed,evt(ch32v30x.h)+rm-address(CH32FV2x_V3xRM.PDF)
CH32V307,ETH,ETH,MMCRFCECR,0x40028194,0x194,32,1,#,confirmed,evt(ch32v30x.h)+rm-address(CH32FV2x_V3xRM.PDF)
CH32V307,ETH,ETH,MMCRFAECR,0x40028198,0x198,32,1,#,confirmed,evt(ch32v30x.h)+rm-address(CH32FV2x_V3xRM.PDF)
CH32V307,ETH,ETH,MMCRGUFCR,0x400281c4,0x1c4,32,1,#,confirmed,evt(ch32v30x.h)+rm-address(CH32FV2x_V3xRM.PDF)
CH32V307,ETH,ETH,PTPTSCR,0x40028700,0x700,32,1,#,confirmed,evt(ch32v30x.h)+rm-address(CH32FV2x_V3xRM.PDF)
CH32V307,ETH,ETH,PTPSSIR,0x40028704,0x704,32,1,#,confirmed,evt(ch32v30x.h)+rm-address(CH32FV2x_V3xRM.PDF)
CH32V307,ETH,ETH,PTPTSHR,0x40028708,0x708,32,1,#,confirmed,evt(ch32v30x.h)+rm-address(CH32FV2x_V3xRM.PDF)
CH32V307,ETH,ETH,PTPTSLR,0x4002870c,0x70c,32,1,#,confirmed,evt(ch32v30x.h)+rm-address(CH32FV2x_V3xRM.PDF)
CH32V307,ETH,ETH,PTPTSHUR,0x40028710,0x710,32,1,#,confirmed,evt(ch32v30x.h)+rm-address(CH32FV2x_V3xRM.PDF)
CH32V307,ETH,ETH,PTPTSLUR,0x40028714,0x714,32,1,#,confirmed,evt(ch32v30x.h)+rm-address(CH32FV2x_V3xRM.PDF)
CH32V307,ETH,ETH,PTPTSAR,0x40028718,0x718,32,1,#,confirmed,evt(ch32v30x.h)+rm-address(CH32FV2x_V3xRM.PDF)
CH32V307,ETH,ETH,PTPTTHR,0x4002871c,0x71c,32,1,#,confirmed,evt(ch32v30x.h)+rm-address(CH32FV2x_V3xRM.PDF)
CH32V307,ETH,ETH,PTPTTLR,0x40028720,0x720,32,1,#,confirmed,evt(ch32v30x.h)+rm-address(CH32FV2x_V3xRM.PDF)
CH32V307,ETH,ETH,DMABMR,0x40029000,0x1000,32,1,#,confirmed,evt(ch32v30x.h)+rm-address(CH32FV2x_V3xRM.PDF)
CH32V307,ETH,ETH,DMATPDR,0x40029004,0x1004,32,1,#,confirmed,evt(ch32v30x.h)+rm-address(CH32FV2x_V3xRM.PDF)
CH32V307,ETH,ETH,DMARPDR,0x40029008,0x1008,32,1,#,confirmed,evt(ch32v30x.h)+rm-address(CH32FV2x_V3xRM.PDF)
CH32V307,ETH,ETH,DMARDLAR,0x4002900c,0x100c,32,1,#,confirmed,evt(ch32v30x.h)+rm-address(CH32FV2x_V3xRM.PDF)
CH32V307,ETH,ETH,DMATDLAR,0x40029010,0x1010,32,1,#,confirmed,evt(ch32v30x.h)+rm-address(CH32FV2x_V3xRM.PDF)
CH32V307,ETH,ETH,DMASR,0x40029014,0x1014,32,1,#,confirmed,evt(ch32v30x.h)+rm-address(CH32FV2x_V3xRM.PDF)
CH32V307,ETH,ETH,DMAOMR,0x40029018,0x1018,32,1,#,confirmed,evt(ch32v30x.h)+rm-address(CH32FV2x_V3xRM.PDF)
CH32V307,ETH,ETH,DMAIER,0x4002901c,0x101c,32,1,#,confirmed,evt(ch32v30x.h)+rm-address(CH32FV2x_V3xRM.PDF)
CH32V307,ETH,ETH,DMAMFBOCR,0x40029020,0x1020,32,1,#,confirmed,evt(ch32v30x.h)+rm-address(CH32FV2x_V3xRM.PDF)
CH32V307,ETH,ETH,DMACHTDR,0x40029048,0x1048,32,1,#,confirmed,evt(ch32v30x.h)+rm-address(CH32FV2x_V3xRM.PDF)
CH32V307,ETH,ETH,DMACHRDR,0x4002904c,0x104c,32,1,#,confirmed,evt(ch32v30x.h)+rm-address(CH32FV2x_V3xRM.PDF)
CH32V307,ETH,ETH,DMACHTBAR,0x40029050,0x1050,32,1,#,confirmed,evt(ch32v30x.h)+rm-address(CH32FV2x_V3xRM.PDF)
CH32V307,ETH,ETH,DMACHRBAR,0x40029054,0x1054,32,1,#,confirmed,evt(ch32v30x.h)+rm-address(CH32FV2x_V3xRM.PDF)
CH32V307,USBFSD,USBFSD,BASE_CTRL,0x50000000,0x000,8,1,#,reference,evt(ch32v30x.h)
CH32V307,USBFSH,USBFSH,BASE_CTRL,0x50000000,0x000,8,1,#,reference,evt(ch32v30x.h)
CH32V307,USBFSD,USBFSD,UDEV_CTRL,0x50000001,0x001,8,1,#,reference,evt(ch32v30x.h)
CH32V307,USBFSH,USBFSH,HOST_CTRL,0x50000001,0x001,8,1,#,reference,evt(ch32v30x.h)
CH32V307,USBFSD,USBFSD,INT_EN,0x50000002,0x002,8,1,#,reference,evt(ch32v30x.h)
CH32V307,USBFSH,USBFSH,INT_EN,0x50000002,0x002,8,1,#,reference,evt(ch32v30x.h)
CH32V307,USBFSD,USBFSD,DEV_ADDR,0x50000003,0x003,8,1,#,reference,evt(ch32v30x.h)
CH32V307,USBFSH,USBFSH,DEV_ADDR,0x50000003,0x003,8,1,#,reference,evt(ch32v30x.h)
CH32V307,USBFSD,USBFSD,Reserve0,0x50000004,0x004,8,1,#,reference,evt(ch32v30x.h)
CH32V307,USBFSH,USBFSH,Reserve0,0x50000004,0x004,8,1,#,reference,evt(ch32v30x.h)
CH32V307,USBFSD,USBFSD,MIS_ST,0x50000005,0x005,8,1,#,reference,evt(ch32v30x.h)
CH32V307,USBFSH,USBFSH,MIS_ST,0x50000005,0x005,8,1,#,reference,evt(ch32v30x.h)
CH32V307,USBFSD,USBFSD,INT_FG,0x50000006,0x006,8,1,#,reference,evt(ch32v30x.h)
CH32V307,USBFSH,USBFSH,INT_FG,0x50000006,0x006,8,1,#,reference,evt(ch32v30x.h)
CH32V307,USBFSD,USBFSD,INT_ST,0x50000007,0x007,8,1,#,reference,evt(ch32v30x.h)
CH32V307,USBFSH,USBFSH,INT_ST,0x50000007,0x007,8,1,#,reference,evt(ch32v30x.h)
CH32V307,USBFSD,USBFSD,RX_LEN,0x50000008,0x008,16,1,#,reference,evt(ch32v30x.h)
CH32V307,USBFSH,USBFSH,RX_LEN,0x50000008,0x008,16,1,#,reference,evt(ch32v30x.h)
CH32V307,USBFSD,USBFSD,Reserve1,0x5000000a,0x00a,16,1,#,reference,evt(ch32v30x.h)
CH32V307,USBFSH,USBFSH,Reserve1,0x5000000a,0x00a,16,1,#,reference,evt(ch32v30x.h)
CH32V307,USBFSD,USBFSD,UEP4_1_MOD,0x5000000c,0x00c,8,1,#,reference,evt(ch32v30x.h)
CH32V307,USBFSH,USBFSH,Reserve2,0x5000000c,0x00c,8,1,#,reference,evt(ch32v30x.h)
CH32V307,USBFSD,USBFSD,UEP2_3_MOD,0x5000000d,0x00d,8,1,#,reference,evt(ch32v30x.h)
CH32V307,USBFSH,USBFSH,HOST_EP_MOD,0x5000000d,0x00d,8,1,#,reference,evt(ch32v30x.h)
CH32V307,USBFSD,USBFSD,UEP5_6_MOD,0x5000000e,0x00e,8,1,#,reference,evt(ch32v30x.h)
CH32V307,USBFSH,USBFSH,Reserve3,0x5000000e,0x00e,16,1,#,reference,evt(ch32v30x.h)
CH32V307,USBFSD,USBFSD,UEP7_MOD,0x5000000f,0x00f,8,1,#,reference,evt(ch32v30x.h)
CH32V307,USBFSD,USBFSD,UEP0_DMA,0x50000010,0x010,32,1,#,reference,evt(ch32v30x.h)
CH32V307,USBFSH,USBFSH,Reserve4,0x50000010,0x010,32,1,#,reference,evt(ch32v30x.h)
CH32V307,USBFSD,USBFSD,UEP1_DMA,0x50000014,0x014,32,1,#,reference,evt(ch32v30x.h)
CH32V307,USBFSH,USBFSH,Reserve5,0x50000014,0x014,32,1,#,reference,evt(ch32v30x.h)
CH32V307,USBFSD,USBFSD,UEP2_DMA,0x50000018,0x018,32,1,#,reference,evt(ch32v30x.h)
CH32V307,USBFSH,USBFSH,HOST_RX_DMA,0x50000018,0x018,32,1,#,reference,evt(ch32v30x.h)
CH32V307,USBFSD,USBFSD,UEP3_DMA,0x5000001c,0x01c,32,1,#,reference,evt(ch32v30x.h)
CH32V307,USBFSH,USBFSH,HOST_TX_DMA,0x5000001c,0x01c,32,1,#,reference,evt(ch32v30x.h)
CH32V307,USBFSD,USBFSD,UEP4_DMA,0x50000020,0x020,32,1,#,reference,evt(ch32v30x.h)
CH32V307,USBFSH,USBFSH,Reserve6,0x50000020,0x020,32,1,#,reference,evt(ch32v30x.h)
CH32V307,USBFSD,USBFSD,UEP5_DMA,0x50000024,0x024,32,1,#,reference,evt(ch32v30x.h)
CH32V307,USBFSH,USBFSH,Reserve7,0x50000024,0x024,32,1,#,reference,evt(ch32v30x.h)
CH32V307,USBFSD,USBFSD,UEP6_DMA,0x50000028,0x028,32,1,#,reference,evt(ch32v30x.h)
CH32V307,USBFSH,USBFSH,Reserve8,0x50000028,0x028,32,1,#,reference,evt(ch32v30x.h)
CH32V307,USBFSD,USBFSD,UEP7_DMA,0x5000002c,0x02c,32,1,#,reference,evt(ch32v30x.h)
CH32V307,USBFSH,USBFSH,Reserve9,0x5000002c,0x02c,32,1,#,reference,evt(ch32v30x.h)
CH32V307,USBFSD,USBFSD,UEP0_TX_LEN,0x50000030,0x030,16,1,#,reference,evt(ch32v30x.h)
CH32V307,USBFSH,USBFSH,Reserve10,0x50000030,0x030,32,1,#,reference,evt(ch32v30x.h)
CH32V307,USBFSD,USBFSD,UEP0_TX_CTRL,0x50000032,0x032,8,1,#,reference,evt(ch32v30x.h)
CH32V307,USBFSD,USBFSD,UEP0_RX_CTRL,0x50000033,0x033,8,1,#,reference,evt(ch32v30x.h)
CH32V307,USBFSD,USBFSD,UEP1_TX_LEN,0x50000034,0x034,16,1,#,reference,evt(ch32v30x.h)
CH32V307,USBFSH,USBFSH,Reserve11,0x50000034,0x034,16,1,#,reference,evt(ch32v30x.h)
CH32V307,USBFSD,USBFSD,UEP1_TX_CTRL,0x50000036,0x036,8,1,#,reference,evt(ch32v30x.h)
CH32V307,USBFSH,USBFSH,HOST_SETUP,0x50000036,0x036,16,1,#,reference,evt(ch32v30x.h)
CH32V307,USBFSD,USBFSD,UEP1_RX_CTRL,0x50000037,0x037,8,1,#,reference,evt(ch32v30x.h)
CH32V307,USBFSD,USBFSD,UEP2_TX_LEN,0x50000038,0x038,16,1,#,reference,evt(ch32v30x.h)
CH32V307,USBFSH,USBFSH,HOST_EP_PID,0x50000038,0x038,8,1,#,reference,evt(ch32v30x.h)
CH32V307,USBFSH,USBFSH,Reserve12,0x50000039,0x039,8,1,#,reference,evt(ch32v30x.h)
CH32V307,USBFSD,USBFSD,UEP2_TX_CTRL,0x5000003a,0x03a,8,1,#,reference,evt(ch32v30x.h)
CH32V307,USBFSH,USBFSH,Reserve13,0x5000003a,0x03a,8,1,#,reference,evt(ch32v30x.h)
CH32V307,USBFSD,USBFSD,UEP2_RX_CTRL,0x5000003b,0x03b,8,1,#,reference,evt(ch32v30x.h)
CH32V307,USBFSH,USBFSH,HOST_RX_CTRL,0x5000003b,0x03b,8,1,#,reference,evt(ch32v30x.h)
CH32V307,USBFSD,USBFSD,UEP3_TX_LEN,0x5000003c,0x03c,16,1,#,reference,evt(ch32v30x.h)
CH32V307,USBFSH,USBFSH,HOST_TX_LEN,0x5000003c,0x03c,16,1,#,reference,evt(ch32v30x.h)
CH32V307,USBFSD,USBFSD,UEP3_TX_CTRL,0x5000003e,0x03e,8,1,#,reference,evt(ch32v30x.h)
CH32V307,USBFSH,USBFSH,HOST_TX_CTRL,0x5000003e,0x03e,8,1,#,reference,evt(ch32v30x.h)
CH32V307,USBFSD,USBFSD,UEP3_RX_CTRL,0x5000003f,0x03f,8,1,#,reference,evt(ch32v30x.h)
CH32V307,USBFSH,USBFSH,Reserve14,0x5000003f,0x03f,8,1,#,reference,evt(ch32v30x.h)
CH32V307,USBFSD,USBFSD,UEP4_TX_LEN,0x50000040,0x040,16,1,#,reference,evt(ch32v30x.h)
CH32V307,USBFSH,USBFSH,Reserve15,0x50000040,0x040,32,1,#,reference,evt(ch32v30x.h)
CH32V307,USBFSD,USBFSD,UEP4_TX_CTRL,0x50000042,0x042,8,1,#,reference,evt(ch32v30x.h)
CH32V307,USBFSD,USBFSD,UEP4_RX_CTRL,0x50000043,0x043,8,1,#,reference,evt(ch32v30x.h)
CH32V307,USBFSD,USBFSD,UEP5_TX_LEN,0x50000044,0x044,16,1,#,reference,evt(ch32v30x.h)
CH32V307,USBFSH,USBFSH,Reserve16,0x50000044,0x044,32,1,#,reference,evt(ch32v30x.h)
CH32V307,USBFSD,USBFSD,UEP5_TX_CTRL,0x50000046,0x046,8,1,#,reference,evt(ch32v30x.h)
CH32V307,USBFSD,USBFSD,UEP5_RX_CTRL,0x50000047,0x047,8,1,#,reference,evt(ch32v30x.h)
CH32V307,USBFSD,USBFSD,UEP6_TX_LEN,0x50000048,0x048,16,1,#,reference,evt(ch32v30x.h)
CH32V307,USBFSH,USBFSH,Reserve17,0x50000048,0x048,32,1,#,reference,evt(ch32v30x.h)
CH32V307,USBFSD,USBFSD,UEP6_TX_CTRL,0x5000004a,0x04a,8,1,#,reference,evt(ch32v30x.h)
CH32V307,USBFSD,USBFSD,UEP6_RX_CTRL,0x5000004b,0x04b,8,1,#,reference,evt(ch32v30x.h)
CH32V307,USBFSD,USBFSD,UEP7_TX_LEN,0x5000004c,0x04c,16,1,#,reference,evt(ch32v30x.h)
CH32V307,USBFSH,USBFSH,Reserve18,0x5000004c,0x04c,32,1,#,reference,evt(ch32v30x.h)
CH32V307,USBFSD,USBFSD,UEP7_TX_CTRL,0x5000004e,0x04e,8,1,#,reference,evt(ch32v30x.h)
CH32V307,USBFSD,USBFSD,UEP7_RX_CTRL,0x5000004f,0x04f,8,1,#,reference,evt(ch32v30x.h)
CH32V307,USBFSD,USBFSD,Reserve2,0x50000050,0x050,32,1,#,reference,evt(ch32v30x.h)
CH32V307,USBFSH,USBFSH,Reserve19,0x50000050,0x050,32,1,#,reference,evt(ch32v30x.h)
CH32V307,USBFSD,USBFSD,OTG_CR,0x50000054,0x054,32,1,#,reference,evt(ch32v30x.h)
CH32V307,USBFSH,USBFSH,OTG_CR,0x50000054,0x054,32,1,#,reference,evt(ch32v30x.h)
CH32V307,USBFSD,USBFSD,OTG_SR,0x50000058,0x058,32,1,#,reference,evt(ch32v30x.h)
CH32V307,USBFSH,USBFSH,OTG_SR,0x50000058,0x058,32,1,#,reference,evt(ch32v30x.h)
CH32V307,DVP,DVP,CR0,0x50050000,0x000,8,1,#,confirmed,evt(ch32v30x.h)+rm-address(CH32FV2x_V3xRM.PDF)
CH32V307,DVP,DVP,CR1,0x50050001,0x001,8,1,#,confirmed,evt(ch32v30x.h)+rm-address(CH32FV2x_V3xRM.PDF)
CH32V307,DVP,DVP,IER,0x50050002,0x002,8,1,#,confirmed,evt(ch32v30x.h)+rm-address(CH32FV2x_V3xRM.PDF)
CH32V307,DVP,DVP,ROW_NUM,0x50050004,0x004,16,1,#,confirmed,evt(ch32v30x.h)+rm-address(CH32FV2x_V3xRM.PDF)
CH32V307,DVP,DVP,COL_NUM,0x50050006,0x006,16,1,#,confirmed,evt(ch32v30x.h)+rm-address(CH32FV2x_V3xRM.PDF)
CH32V307,DVP,DVP,DMA_BUF0,0x50050008,0x008,32,1,#,confirmed,evt(ch32v30x.h)+rm-address(CH32FV2x_V3xRM.PDF)
CH32V307,DVP,DVP,DMA_BUF1,0x5005000c,0x00c,32,1,#,confirmed,evt(ch32v30x.h)+rm-address(CH32FV2x_V3xRM.PDF)
CH32V307,DVP,DVP,IFR,0x50050010,0x010,8,1,#,confirmed,evt(ch32v30x.h)+rm-address(CH32FV2x_V3xRM.PDF)
CH32V307,DVP,DVP,STATUS,0x50050011,0x011,8,1,#,confirmed,evt(ch32v30x.h)+rm-address(CH32FV2x_V3xRM.PDF)
CH32V307,DVP,DVP,ROW_CNT,0x50050014,0x014,16,1,#,confirmed,evt(ch32v30x.h)+rm-address(CH32FV2x_V3xRM.PDF)
CH32V307,DVP,DVP,HOFFCNT,0x50050018,0x018,16,1,#,confirmed,evt(ch32v30x.h)+rm-address(CH32FV2x_V3xRM.PDF)
CH32V307,DVP,DVP,VST,0x5005001a,0x01a,16,1,#,confirmed,evt(ch32v30x.h)+rm-address(CH32FV2x_V3xRM.PDF)
CH32V307,DVP,DVP,CAPCNT,0x5005001c,0x01c,16,1,#,confirmed,evt(ch32v30x.h)+rm-address(CH32FV2x_V3xRM.PDF)
CH32V307,DVP,DVP,VLINE,0x5005001e,0x01e,16,1,#,confirmed,evt(ch32v30x.h)+rm-address(CH32FV2x_V3xRM.PDF)
CH32V307,DVP,DVP,DR,0x50050020,0x020,32,1,#,confirmed,evt(ch32v30x.h)+rm-address(CH32FV2x_V3xRM.PDF)
CH32V307,FSMC_Bank1,FSMC_Bank1,BTCR,0xa0000000,0x000,32,8,#,reference,evt(ch32v30x.h)
CH32V307,FSMC_Bank2,FSMC_Bank2,PCR2,0xa0000060,0x000,32,1,#,reference,evt(ch32v30x.h)
CH32V307,FSMC_Bank2,FSMC_Bank2,SR2,0xa0000064,0x004,32,1,#,reference,evt(ch32v30x.h)
CH32V307,FSMC_Bank2,FSMC_Bank2,PMEM2,0xa0000068,0x008,32,1,#,reference,evt(ch32v30x.h)
CH32V307,FSMC_Bank2,FSMC_Bank2,PATT2,0xa000006c,0x00c,32,1,#,reference,evt(ch32v30x.h)
CH32V307,FSMC_Bank2,FSMC_Bank2,ECCR2,0xa0000074,0x014,32,1,#,reference,evt(ch32v30x.h)
CH32V307,FSMC_Bank1E,FSMC_Bank1E,BWTR,0xa0000104,0x000,32,7,#,reference,evt(ch32v30x.h)
CH32V407,OB,OB,RDPR,0x1ffff800,0x000,16,1,#,reference,evt(ch32v4x7.h)
CH32V407,OB,OB,USER,0x1ffff802,0x002,16,1,#,reference,evt(ch32v4x7.h)
CH32V407,OB,OB,Data0,0x1ffff804,0x004,16,1,#,reference,evt(ch32v4x7.h)
CH32V407,OB,OB,Data1,0x1ffff806,0x006,16,1,#,reference,evt(ch32v4x7.h)
CH32V407,OB,OB,WRPR0,0x1ffff808,0x008,16,1,#,reference,evt(ch32v4x7.h)
CH32V407,OB,OB,WRPR1,0x1ffff80a,0x00a,16,1,#,reference,evt(ch32v4x7.h)
CH32V407,OB,OB,WRPR2,0x1ffff80c,0x00c,16,1,#,reference,evt(ch32v4x7.h)
CH32V407,OB,OB,WRPR3,0x1ffff80e,0x00e,16,1,#,reference,evt(ch32v4x7.h)
CH32V407,TIM2,TIM,CTLR1,0x40000000,0x000,16,1,#,confirmed,evt(ch32v4x7.h)+rm(CH32V407RM.PDF)+rm-address(CH32V407RM.PDF)
CH32V407,TIM2,TIM,CTLR2,0x40000004,0x004,16,1,#,confirmed,evt(ch32v4x7.h)+rm(CH32V407RM.PDF)+rm-address(CH32V407RM.PDF)
CH32V407,TIM2,TIM,SMCFGR,0x40000008,0x008,16,1,#,confirmed,evt(ch32v4x7.h)+rm(CH32V407RM.PDF)+rm-address(CH32V407RM.PDF)
CH32V407,TIM2,TIM,DMAINTENR,0x4000000c,0x00c,16,1,#,confirmed,evt(ch32v4x7.h)+rm(CH32V407RM.PDF)+rm-address(CH32V407RM.PDF)
CH32V407,TIM2,TIM,INTFR,0x40000010,0x010,16,1,#,confirmed,evt(ch32v4x7.h)+rm(CH32V407RM.PDF)+rm-address(CH32V407RM.PDF)
CH32V407,TIM2,TIM,SWEVGR,0x40000014,0x014,16,1,#,confirmed,evt(ch32v4x7.h)+rm(CH32V407RM.PDF)+rm-address(CH32V407RM.PDF)
CH32V407,TIM2,TIM,CHCTLR1,0x40000018,0x018,16,1,#,confirmed,evt(ch32v4x7.h)+rm(CH32V407RM.PDF)+rm-address(CH32V407RM.PDF)
CH32V407,TIM2,TIM,CHCTLR2,0x4000001c,0x01c,16,1,#,confirmed,evt(ch32v4x7.h)+rm(CH32V407RM.PDF)+rm-address(CH32V407RM.PDF)
CH32V407,TIM2,TIM,CCER,0x40000020,0x020,16,1,#,confirmed,evt(ch32v4x7.h)+rm(CH32V407RM.PDF)+rm-address(CH32V407RM.PDF)
CH32V407,TIM2,TIM,CNT,0x40000024,0x024,16,1,#,confirmed,evt(ch32v4x7.h)+rm(CH32V407RM.PDF)+rm-address(CH32V407RM.PDF)
CH32V407,TIM2,TIM,PSC,0x40000028,0x028,16,1,#,confirmed,evt(ch32v4x7.h)+rm(CH32V407RM.PDF)+rm-address(CH32V407RM.PDF)
CH32V407,TIM2,TIM,ATRLR,0x4000002c,0x02c,16,1,#,confirmed,evt(ch32v4x7.h)+rm(CH32V407RM.PDF)+rm-address(CH32V407RM.PDF)
CH32V407,TIM2,TIM,RPTCR,0x40000030,0x030,16,1,#,confirmed,evt(ch32v4x7.h)+rm(CH32V407RM.PDF)+rm-address(CH32V407RM.PDF)
CH32V407,TIM2,TIM,CH1CVR,0x40000034,0x034,16,1,#,confirmed,evt(ch32v4x7.h)+rm(CH32V407RM.PDF)+rm-address(CH32V407RM.PDF)
CH32V407,TIM2,TIM,CH2CVR,0x40000038,0x038,16,1,#,confirmed,evt(ch32v4x7.h)+rm(CH32V407RM.PDF)+rm-address(CH32V407RM.PDF)
CH32V407,TIM2,TIM,CH3CVR,0x4000003c,0x03c,16,1,#,confirmed,evt(ch32v4x7.h)+rm(CH32V407RM.PDF)+rm-address(CH32V407RM.PDF)
CH32V407,TIM2,TIM,CH4CVR,0x40000040,0x040,16,1,#,confirmed,evt(ch32v4x7.h)+rm(CH32V407RM.PDF)+rm-address(CH32V407RM.PDF)
CH32V407,TIM2,TIM,BDTR,0x40000044,0x044,16,1,#,confirmed,evt(ch32v4x7.h)+rm(CH32V407RM.PDF)+rm-address(CH32V407RM.PDF)
CH32V407,TIM2,TIM,DMACFGR,0x40000048,0x048,16,1,#,confirmed,evt(ch32v4x7.h)+rm(CH32V407RM.PDF)+rm-address(CH32V407RM.PDF)
CH32V407,TIM2,TIM,DMAADR,0x4000004c,0x04c,16,1,#,confirmed,evt(ch32v4x7.h)+rm(CH32V407RM.PDF)+rm-address(CH32V407RM.PDF)
CH32V407,TIM2,TIM,AUX,0x40000050,0x050,16,1,#,confirmed,evt(ch32v4x7.h)+rm(CH32V407RM.PDF)+rm-address(CH32V407RM.PDF)
CH32V407,TIM3,TIM,CTLR1,0x40000400,0x000,16,1,#,confirmed,evt(ch32v4x7.h)+rm(CH32V407RM.PDF)+rm-address(CH32V407RM.PDF)
CH32V407,TIM3,TIM,CTLR2,0x40000404,0x004,16,1,#,confirmed,evt(ch32v4x7.h)+rm(CH32V407RM.PDF)+rm-address(CH32V407RM.PDF)
CH32V407,TIM3,TIM,SMCFGR,0x40000408,0x008,16,1,#,confirmed,evt(ch32v4x7.h)+rm(CH32V407RM.PDF)+rm-address(CH32V407RM.PDF)
CH32V407,TIM3,TIM,DMAINTENR,0x4000040c,0x00c,16,1,#,confirmed,evt(ch32v4x7.h)+rm(CH32V407RM.PDF)+rm-address(CH32V407RM.PDF)
CH32V407,TIM3,TIM,INTFR,0x40000410,0x010,16,1,#,confirmed,evt(ch32v4x7.h)+rm(CH32V407RM.PDF)+rm-address(CH32V407RM.PDF)
CH32V407,TIM3,TIM,SWEVGR,0x40000414,0x014,16,1,#,confirmed,evt(ch32v4x7.h)+rm(CH32V407RM.PDF)+rm-address(CH32V407RM.PDF)
CH32V407,TIM3,TIM,CHCTLR1,0x40000418,0x018,16,1,#,confirmed,evt(ch32v4x7.h)+rm(CH32V407RM.PDF)+rm-address(CH32V407RM.PDF)
CH32V407,TIM3,TIM,CHCTLR2,0x4000041c,0x01c,16,1,#,confirmed,evt(ch32v4x7.h)+rm(CH32V407RM.PDF)+rm-address(CH32V407RM.PDF)
CH32V407,TIM3,TIM,CCER,0x40000420,0x020,16,1,#,confirmed,evt(ch32v4x7.h)+rm(CH32V407RM.PDF)+rm-address(CH32V407RM.PDF)
CH32V407,TIM3,TIM,CNT,0x40000424,0x024,16,1,#,confirmed,evt(ch32v4x7.h)+rm(CH32V407RM.PDF)+rm-address(CH32V407RM.PDF)
CH32V407,TIM3,TIM,PSC,0x40000428,0x028,16,1,#,confirmed,evt(ch32v4x7.h)+rm(CH32V407RM.PDF)+rm-address(CH32V407RM.PDF)
CH32V407,TIM3,TIM,ATRLR,0x4000042c,0x02c,16,1,#,confirmed,evt(ch32v4x7.h)+rm(CH32V407RM.PDF)+rm-address(CH32V407RM.PDF)
CH32V407,TIM3,TIM,RPTCR,0x40000430,0x030,16,1,#,confirmed,evt(ch32v4x7.h)+rm(CH32V407RM.PDF)+rm-address(CH32V407RM.PDF)
CH32V407,TIM3,TIM,CH1CVR,0x40000434,0x034,16,1,#,confirmed,evt(ch32v4x7.h)+rm(CH32V407RM.PDF)+rm-address(CH32V407RM.PDF)
CH32V407,TIM3,TIM,CH2CVR,0x40000438,0x038,16,1,#,confirmed,evt(ch32v4x7.h)+rm(CH32V407RM.PDF)+rm-address(CH32V407RM.PDF)
CH32V407,TIM3,TIM,CH3CVR,0x4000043c,0x03c,16,1,#,confirmed,evt(ch32v4x7.h)+rm(CH32V407RM.PDF)+rm-address(CH32V407RM.PDF)
CH32V407,TIM3,TIM,CH4CVR,0x40000440,0x040,16,1,#,confirmed,evt(ch32v4x7.h)+rm(CH32V407RM.PDF)+rm-address(CH32V407RM.PDF)
CH32V407,TIM3,TIM,BDTR,0x40000444,0x044,16,1,#,confirmed,evt(ch32v4x7.h)+rm(CH32V407RM.PDF)+rm-address(CH32V407RM.PDF)
CH32V407,TIM3,TIM,DMACFGR,0x40000448,0x048,16,1,#,confirmed,evt(ch32v4x7.h)+rm(CH32V407RM.PDF)+rm-address(CH32V407RM.PDF)
CH32V407,TIM3,TIM,DMAADR,0x4000044c,0x04c,16,1,#,confirmed,evt(ch32v4x7.h)+rm(CH32V407RM.PDF)+rm-address(CH32V407RM.PDF)
CH32V407,TIM3,TIM,AUX,0x40000450,0x050,16,1,#,confirmed,evt(ch32v4x7.h)+rm(CH32V407RM.PDF)+rm-address(CH32V407RM.PDF)
CH32V407,TIM4,TIM,CTLR1,0x40000800,0x000,16,1,#,confirmed,evt(ch32v4x7.h)+rm(CH32V407RM.PDF)+rm-address(CH32V407RM.PDF)
CH32V407,TIM4,TIM,CTLR2,0x40000804,0x004,16,1,#,confirmed,evt(ch32v4x7.h)+rm(CH32V407RM.PDF)+rm-address(CH32V407RM.PDF)
CH32V407,TIM4,TIM,SMCFGR,0x40000808,0x008,16,1,#,confirmed,evt(ch32v4x7.h)+rm(CH32V407RM.PDF)+rm-address(CH32V407RM.PDF)
CH32V407,TIM4,TIM,DMAINTENR,0x4000080c,0x00c,16,1,#,confirmed,evt(ch32v4x7.h)+rm(CH32V407RM.PDF)+rm-address(CH32V407RM.PDF)
CH32V407,TIM4,TIM,INTFR,0x40000810,0x010,16,1,#,confirmed,evt(ch32v4x7.h)+rm(CH32V407RM.PDF)+rm-address(CH32V407RM.PDF)
CH32V407,TIM4,TIM,SWEVGR,0x40000814,0x014,16,1,#,confirmed,evt(ch32v4x7.h)+rm(CH32V407RM.PDF)+rm-address(CH32V407RM.PDF)
CH32V407,TIM4,TIM,CHCTLR1,0x40000818,0x018,16,1,#,confirmed,evt(ch32v4x7.h)+rm(CH32V407RM.PDF)+rm-address(CH32V407RM.PDF)
CH32V407,TIM4,TIM,CHCTLR2,0x4000081c,0x01c,16,1,#,confirmed,evt(ch32v4x7.h)+rm(CH32V407RM.PDF)+rm-address(CH32V407RM.PDF)
CH32V407,TIM4,TIM,CCER,0x40000820,0x020,16,1,#,confirmed,evt(ch32v4x7.h)+rm(CH32V407RM.PDF)+rm-address(CH32V407RM.PDF)
CH32V407,TIM4,TIM,CNT,0x40000824,0x024,16,1,#,confirmed,evt(ch32v4x7.h)+rm(CH32V407RM.PDF)+rm-address(CH32V407RM.PDF)
CH32V407,TIM4,TIM,PSC,0x40000828,0x028,16,1,#,confirmed,evt(ch32v4x7.h)+rm(CH32V407RM.PDF)+rm-address(CH32V407RM.PDF)
CH32V407,TIM4,TIM,ATRLR,0x4000082c,0x02c,16,1,#,confirmed,evt(ch32v4x7.h)+rm(CH32V407RM.PDF)+rm-address(CH32V407RM.PDF)
CH32V407,TIM4,TIM,RPTCR,0x40000830,0x030,16,1,#,confirmed,evt(ch32v4x7.h)+rm(CH32V407RM.PDF)+rm-address(CH32V407RM.PDF)
CH32V407,TIM4,TIM,CH1CVR,0x40000834,0x034,16,1,#,confirmed,evt(ch32v4x7.h)+rm(CH32V407RM.PDF)+rm-address(CH32V407RM.PDF)
CH32V407,TIM4,TIM,CH2CVR,0x40000838,0x038,16,1,#,confirmed,evt(ch32v4x7.h)+rm(CH32V407RM.PDF)+rm-address(CH32V407RM.PDF)
CH32V407,TIM4,TIM,CH3CVR,0x4000083c,0x03c,16,1,#,confirmed,evt(ch32v4x7.h)+rm(CH32V407RM.PDF)+rm-address(CH32V407RM.PDF)
CH32V407,TIM4,TIM,CH4CVR,0x40000840,0x040,16,1,#,confirmed,evt(ch32v4x7.h)+rm(CH32V407RM.PDF)+rm-address(CH32V407RM.PDF)
CH32V407,TIM4,TIM,BDTR,0x40000844,0x044,16,1,#,confirmed,evt(ch32v4x7.h)+rm(CH32V407RM.PDF)+rm-address(CH32V407RM.PDF)
CH32V407,TIM4,TIM,DMACFGR,0x40000848,0x048,16,1,#,confirmed,evt(ch32v4x7.h)+rm(CH32V407RM.PDF)+rm-address(CH32V407RM.PDF)
CH32V407,TIM4,TIM,DMAADR,0x4000084c,0x04c,16,1,#,confirmed,evt(ch32v4x7.h)+rm(CH32V407RM.PDF)+rm-address(CH32V407RM.PDF)
CH32V407,TIM4,TIM,AUX,0x40000850,0x050,16,1,#,confirmed,evt(ch32v4x7.h)+rm(CH32V407RM.PDF)+rm-address(CH32V407RM.PDF)
CH32V407,TIM5,TIM,CTLR1,0x40000c00,0x000,16,1,#,confirmed,evt(ch32v4x7.h)+rm(CH32V407RM.PDF)+rm-address(CH32V407RM.PDF)
CH32V407,TIM5,TIM,CTLR2,0x40000c04,0x004,16,1,#,confirmed,evt(ch32v4x7.h)+rm(CH32V407RM.PDF)+rm-address(CH32V407RM.PDF)
CH32V407,TIM5,TIM,SMCFGR,0x40000c08,0x008,16,1,#,confirmed,evt(ch32v4x7.h)+rm(CH32V407RM.PDF)+rm-address(CH32V407RM.PDF)
CH32V407,TIM5,TIM,DMAINTENR,0x40000c0c,0x00c,16,1,#,confirmed,evt(ch32v4x7.h)+rm(CH32V407RM.PDF)+rm-address(CH32V407RM.PDF)
CH32V407,TIM5,TIM,INTFR,0x40000c10,0x010,16,1,#,confirmed,evt(ch32v4x7.h)+rm(CH32V407RM.PDF)+rm-address(CH32V407RM.PDF)
CH32V407,TIM5,TIM,SWEVGR,0x40000c14,0x014,16,1,#,confirmed,evt(ch32v4x7.h)+rm(CH32V407RM.PDF)+rm-address(CH32V407RM.PDF)
CH32V407,TIM5,TIM,CHCTLR1,0x40000c18,0x018,16,1,#,confirmed,evt(ch32v4x7.h)+rm(CH32V407RM.PDF)+rm-address(CH32V407RM.PDF)
CH32V407,TIM5,TIM,CHCTLR2,0x40000c1c,0x01c,16,1,#,confirmed,evt(ch32v4x7.h)+rm(CH32V407RM.PDF)+rm-address(CH32V407RM.PDF)
CH32V407,TIM5,TIM,CCER,0x40000c20,0x020,16,1,#,confirmed,evt(ch32v4x7.h)+rm(CH32V407RM.PDF)+rm-address(CH32V407RM.PDF)
CH32V407,TIM5,TIM,CNT,0x40000c24,0x024,16,1,#,confirmed,evt(ch32v4x7.h)+rm(CH32V407RM.PDF)+rm-address(CH32V407RM.PDF)
CH32V407,TIM5,TIM,PSC,0x40000c28,0x028,16,1,#,confirmed,evt(ch32v4x7.h)+rm(CH32V407RM.PDF)+rm-address(CH32V407RM.PDF)
CH32V407,TIM5,TIM,ATRLR,0x40000c2c,0x02c,16,1,#,confirmed,evt(ch32v4x7.h)+rm(CH32V407RM.PDF)+rm-address(CH32V407RM.PDF)
CH32V407,TIM5,TIM,RPTCR,0x40000c30,0x030,16,1,#,confirmed,evt(ch32v4x7.h)+rm(CH32V407RM.PDF)+rm-address(CH32V407RM.PDF)
CH32V407,TIM5,TIM,CH1CVR,0x40000c34,0x034,16,1,#,confirmed,evt(ch32v4x7.h)+rm(CH32V407RM.PDF)+rm-address(CH32V407RM.PDF)
CH32V407,TIM5,TIM,CH2CVR,0x40000c38,0x038,16,1,#,confirmed,evt(ch32v4x7.h)+rm(CH32V407RM.PDF)+rm-address(CH32V407RM.PDF)
CH32V407,TIM5,TIM,CH3CVR,0x40000c3c,0x03c,16,1,#,confirmed,evt(ch32v4x7.h)+rm(CH32V407RM.PDF)+rm-address(CH32V407RM.PDF)
CH32V407,TIM5,TIM,CH4CVR,0x40000c40,0x040,16,1,#,confirmed,evt(ch32v4x7.h)+rm(CH32V407RM.PDF)+rm-address(CH32V407RM.PDF)
CH32V407,TIM5,TIM,BDTR,0x40000c44,0x044,16,1,#,confirmed,evt(ch32v4x7.h)+rm(CH32V407RM.PDF)+rm-address(CH32V407RM.PDF)
CH32V407,TIM5,TIM,DMACFGR,0x40000c48,0x048,16,1,#,confirmed,evt(ch32v4x7.h)+rm(CH32V407RM.PDF)+rm-address(CH32V407RM.PDF)
CH32V407,TIM5,TIM,DMAADR,0x40000c4c,0x04c,16,1,#,confirmed,evt(ch32v4x7.h)+rm(CH32V407RM.PDF)+rm-address(CH32V407RM.PDF)
CH32V407,TIM5,TIM,AUX,0x40000c50,0x050,16,1,#,confirmed,evt(ch32v4x7.h)+rm(CH32V407RM.PDF)+rm-address(CH32V407RM.PDF)
CH32V407,TIM6,TIM,CTLR1,0x40001000,0x000,16,1,#,confirmed,evt(ch32v4x7.h)+rm(CH32V407RM.PDF)+rm-address(CH32V407RM.PDF)
CH32V407,TIM6,TIM,CTLR2,0x40001004,0x004,16,1,#,confirmed,evt(ch32v4x7.h)+rm(CH32V407RM.PDF)+rm-address(CH32V407RM.PDF)
CH32V407,TIM6,TIM,SMCFGR,0x40001008,0x008,16,1,#,confirmed,evt(ch32v4x7.h)+rm(CH32V407RM.PDF)+rm-address(CH32V407RM.PDF)
CH32V407,TIM6,TIM,DMAINTENR,0x4000100c,0x00c,16,1,#,confirmed,evt(ch32v4x7.h)+rm(CH32V407RM.PDF)+rm-address(CH32V407RM.PDF)
CH32V407,TIM6,TIM,INTFR,0x40001010,0x010,16,1,#,confirmed,evt(ch32v4x7.h)+rm(CH32V407RM.PDF)+rm-address(CH32V407RM.PDF)
CH32V407,TIM6,TIM,SWEVGR,0x40001014,0x014,16,1,#,confirmed,evt(ch32v4x7.h)+rm(CH32V407RM.PDF)+rm-address(CH32V407RM.PDF)
CH32V407,TIM6,TIM,CHCTLR1,0x40001018,0x018,16,1,#,confirmed,evt(ch32v4x7.h)+rm(CH32V407RM.PDF)+rm-address(CH32V407RM.PDF)
CH32V407,TIM6,TIM,CHCTLR2,0x4000101c,0x01c,16,1,#,confirmed,evt(ch32v4x7.h)+rm(CH32V407RM.PDF)+rm-address(CH32V407RM.PDF)
CH32V407,TIM6,TIM,CCER,0x40001020,0x020,16,1,#,confirmed,evt(ch32v4x7.h)+rm(CH32V407RM.PDF)+rm-address(CH32V407RM.PDF)
CH32V407,TIM6,TIM,CNT,0x40001024,0x024,16,1,#,confirmed,evt(ch32v4x7.h)+rm(CH32V407RM.PDF)+rm-address(CH32V407RM.PDF)
CH32V407,TIM6,TIM,PSC,0x40001028,0x028,16,1,#,confirmed,evt(ch32v4x7.h)+rm(CH32V407RM.PDF)+rm-address(CH32V407RM.PDF)
CH32V407,TIM6,TIM,ATRLR,0x4000102c,0x02c,16,1,#,confirmed,evt(ch32v4x7.h)+rm(CH32V407RM.PDF)+rm-address(CH32V407RM.PDF)
CH32V407,TIM6,TIM,RPTCR,0x40001030,0x030,16,1,#,confirmed,evt(ch32v4x7.h)+rm(CH32V407RM.PDF)+rm-address(CH32V407RM.PDF)
CH32V407,TIM6,TIM,CH1CVR,0x40001034,0x034,16,1,#,confirmed,evt(ch32v4x7.h)+rm(CH32V407RM.PDF)+rm-address(CH32V407RM.PDF)
CH32V407,TIM6,TIM,CH2CVR,0x40001038,0x038,16,1,#,confirmed,evt(ch32v4x7.h)+rm(CH32V407RM.PDF)+rm-address(CH32V407RM.PDF)
CH32V407,TIM6,TIM,CH3CVR,0x4000103c,0x03c,16,1,#,confirmed,evt(ch32v4x7.h)+rm(CH32V407RM.PDF)+rm-address(CH32V407RM.PDF)
CH32V407,TIM6,TIM,CH4CVR,0x40001040,0x040,16,1,#,confirmed,evt(ch32v4x7.h)+rm(CH32V407RM.PDF)+rm-address(CH32V407RM.PDF)
CH32V407,TIM6,TIM,BDTR,0x40001044,0x044,16,1,#,confirmed,evt(ch32v4x7.h)+rm(CH32V407RM.PDF)+rm-address(CH32V407RM.PDF)
CH32V407,TIM6,TIM,DMACFGR,0x40001048,0x048,16,1,#,confirmed,evt(ch32v4x7.h)+rm(CH32V407RM.PDF)+rm-address(CH32V407RM.PDF)
CH32V407,TIM6,TIM,DMAADR,0x4000104c,0x04c,16,1,#,confirmed,evt(ch32v4x7.h)+rm(CH32V407RM.PDF)+rm-address(CH32V407RM.PDF)
CH32V407,TIM6,TIM,AUX,0x40001050,0x050,16,1,#,confirmed,evt(ch32v4x7.h)+rm(CH32V407RM.PDF)+rm-address(CH32V407RM.PDF)
CH32V407,TIM7,TIM,CTLR1,0x40001400,0x000,16,1,#,confirmed,evt(ch32v4x7.h)+rm(CH32V407RM.PDF)+rm-address(CH32V407RM.PDF)
CH32V407,TIM7,TIM,CTLR2,0x40001404,0x004,16,1,#,confirmed,evt(ch32v4x7.h)+rm(CH32V407RM.PDF)+rm-address(CH32V407RM.PDF)
CH32V407,TIM7,TIM,SMCFGR,0x40001408,0x008,16,1,#,confirmed,evt(ch32v4x7.h)+rm(CH32V407RM.PDF)+rm-address(CH32V407RM.PDF)
CH32V407,TIM7,TIM,DMAINTENR,0x4000140c,0x00c,16,1,#,confirmed,evt(ch32v4x7.h)+rm(CH32V407RM.PDF)+rm-address(CH32V407RM.PDF)
CH32V407,TIM7,TIM,INTFR,0x40001410,0x010,16,1,#,confirmed,evt(ch32v4x7.h)+rm(CH32V407RM.PDF)+rm-address(CH32V407RM.PDF)
CH32V407,TIM7,TIM,SWEVGR,0x40001414,0x014,16,1,#,confirmed,evt(ch32v4x7.h)+rm(CH32V407RM.PDF)+rm-address(CH32V407RM.PDF)
CH32V407,TIM7,TIM,CHCTLR1,0x40001418,0x018,16,1,#,confirmed,evt(ch32v4x7.h)+rm(CH32V407RM.PDF)+rm-address(CH32V407RM.PDF)
CH32V407,TIM7,TIM,CHCTLR2,0x4000141c,0x01c,16,1,#,confirmed,evt(ch32v4x7.h)+rm(CH32V407RM.PDF)+rm-address(CH32V407RM.PDF)
CH32V407,TIM7,TIM,CCER,0x40001420,0x020,16,1,#,confirmed,evt(ch32v4x7.h)+rm(CH32V407RM.PDF)+rm-address(CH32V407RM.PDF)
CH32V407,TIM7,TIM,CNT,0x40001424,0x024,16,1,#,confirmed,evt(ch32v4x7.h)+rm(CH32V407RM.PDF)+rm-address(CH32V407RM.PDF)
CH32V407,TIM7,TIM,PSC,0x40001428,0x028,16,1,#,confirmed,evt(ch32v4x7.h)+rm(CH32V407RM.PDF)+rm-address(CH32V407RM.PDF)
CH32V407,TIM7,TIM,ATRLR,0x4000142c,0x02c,16,1,#,confirmed,evt(ch32v4x7.h)+rm(CH32V407RM.PDF)+rm-address(CH32V407RM.PDF)
CH32V407,TIM7,TIM,RPTCR,0x40001430,0x030,16,1,#,confirmed,evt(ch32v4x7.h)+rm(CH32V407RM.PDF)+rm-address(CH32V407RM.PDF)
CH32V407,TIM7,TIM,CH1CVR,0x40001434,0x034,16,1,#,confirmed,evt(ch32v4x7.h)+rm(CH32V407RM.PDF)+rm-address(CH32V407RM.PDF)
CH32V407,TIM7,TIM,CH2CVR,0x40001438,0x038,16,1,#,confirmed,evt(ch32v4x7.h)+rm(CH32V407RM.PDF)+rm-address(CH32V407RM.PDF)
CH32V407,TIM7,TIM,CH3CVR,0x4000143c,0x03c,16,1,#,confirmed,evt(ch32v4x7.h)+rm(CH32V407RM.PDF)+rm-address(CH32V407RM.PDF)
CH32V407,TIM7,TIM,CH4CVR,0x40001440,0x040,16,1,#,confirmed,evt(ch32v4x7.h)+rm(CH32V407RM.PDF)+rm-address(CH32V407RM.PDF)
CH32V407,TIM7,TIM,BDTR,0x40001444,0x044,16,1,#,confirmed,evt(ch32v4x7.h)+rm(CH32V407RM.PDF)+rm-address(CH32V407RM.PDF)
CH32V407,TIM7,TIM,DMACFGR,0x40001448,0x048,16,1,#,confirmed,evt(ch32v4x7.h)+rm(CH32V407RM.PDF)+rm-address(CH32V407RM.PDF)
CH32V407,TIM7,TIM,DMAADR,0x4000144c,0x04c,16,1,#,confirmed,evt(ch32v4x7.h)+rm(CH32V407RM.PDF)+rm-address(CH32V407RM.PDF)
CH32V407,TIM7,TIM,AUX,0x40001450,0x050,16,1,#,confirmed,evt(ch32v4x7.h)+rm(CH32V407RM.PDF)+rm-address(CH32V407RM.PDF)
CH32V407,USART6,USART,STATR,0x40001800,0x000,16,1,#,confirmed,evt(ch32v4x7.h)+rm(CH32V407RM.PDF)+rm-address(CH32V407RM.PDF)
CH32V407,USART6,USART,DATAR,0x40001804,0x004,16,1,#,confirmed,evt(ch32v4x7.h)+rm(CH32V407RM.PDF)+rm-address(CH32V407RM.PDF)
CH32V407,USART6,USART,BRR,0x40001808,0x008,16,1,#,confirmed,evt(ch32v4x7.h)+rm(CH32V407RM.PDF)+rm-address(CH32V407RM.PDF)
CH32V407,USART6,USART,CTLR1,0x4000180c,0x00c,16,1,#,confirmed,evt(ch32v4x7.h)+rm(CH32V407RM.PDF)+rm-address(CH32V407RM.PDF)
CH32V407,USART6,USART,CTLR2,0x40001810,0x010,16,1,#,confirmed,evt(ch32v4x7.h)+rm(CH32V407RM.PDF)+rm-address(CH32V407RM.PDF)
CH32V407,USART6,USART,CTLR3,0x40001814,0x014,16,1,#,confirmed,evt(ch32v4x7.h)+rm(CH32V407RM.PDF)+rm-address(CH32V407RM.PDF)
CH32V407,USART6,USART,GPR,0x40001818,0x018,16,1,#,confirmed,evt(ch32v4x7.h)+rm(CH32V407RM.PDF)+rm-address(CH32V407RM.PDF)
CH32V407,USART6,USART,CTLR4,0x4000181c,0x01c,16,1,#,confirmed,evt(ch32v4x7.h)+rm(CH32V407RM.PDF)
CH32V407,USART7,USART,STATR,0x40001c00,0x000,16,1,#,confirmed,evt(ch32v4x7.h)+rm(CH32V407RM.PDF)+rm-address(CH32V407RM.PDF)
CH32V407,USART7,USART,DATAR,0x40001c04,0x004,16,1,#,confirmed,evt(ch32v4x7.h)+rm(CH32V407RM.PDF)+rm-address(CH32V407RM.PDF)
CH32V407,USART7,USART,BRR,0x40001c08,0x008,16,1,#,confirmed,evt(ch32v4x7.h)+rm(CH32V407RM.PDF)+rm-address(CH32V407RM.PDF)
CH32V407,USART7,USART,CTLR1,0x40001c0c,0x00c,16,1,#,confirmed,evt(ch32v4x7.h)+rm(CH32V407RM.PDF)+rm-address(CH32V407RM.PDF)
CH32V407,USART7,USART,CTLR2,0x40001c10,0x010,16,1,#,confirmed,evt(ch32v4x7.h)+rm(CH32V407RM.PDF)+rm-address(CH32V407RM.PDF)
CH32V407,USART7,USART,CTLR3,0x40001c14,0x014,16,1,#,confirmed,evt(ch32v4x7.h)+rm(CH32V407RM.PDF)+rm-address(CH32V407RM.PDF)
CH32V407,USART7,USART,GPR,0x40001c18,0x018,16,1,#,confirmed,evt(ch32v4x7.h)+rm(CH32V407RM.PDF)+rm-address(CH32V407RM.PDF)
CH32V407,USART7,USART,CTLR4,0x40001c1c,0x01c,16,1,#,confirmed,evt(ch32v4x7.h)+rm(CH32V407RM.PDF)
CH32V407,USART8,USART,STATR,0x40002000,0x000,16,1,#,confirmed,evt(ch32v4x7.h)+rm(CH32V407RM.PDF)+rm-address(CH32V407RM.PDF)
CH32V407,USART8,USART,DATAR,0x40002004,0x004,16,1,#,confirmed,evt(ch32v4x7.h)+rm(CH32V407RM.PDF)+rm-address(CH32V407RM.PDF)
CH32V407,USART8,USART,BRR,0x40002008,0x008,16,1,#,confirmed,evt(ch32v4x7.h)+rm(CH32V407RM.PDF)+rm-address(CH32V407RM.PDF)
CH32V407,USART8,USART,CTLR1,0x4000200c,0x00c,16,1,#,confirmed,evt(ch32v4x7.h)+rm(CH32V407RM.PDF)+rm-address(CH32V407RM.PDF)
CH32V407,USART8,USART,CTLR2,0x40002010,0x010,16,1,#,confirmed,evt(ch32v4x7.h)+rm(CH32V407RM.PDF)+rm-address(CH32V407RM.PDF)
CH32V407,USART8,USART,CTLR3,0x40002014,0x014,16,1,#,confirmed,evt(ch32v4x7.h)+rm(CH32V407RM.PDF)+rm-address(CH32V407RM.PDF)
CH32V407,USART8,USART,GPR,0x40002018,0x018,16,1,#,confirmed,evt(ch32v4x7.h)+rm(CH32V407RM.PDF)+rm-address(CH32V407RM.PDF)
CH32V407,USART8,USART,CTLR4,0x4000201c,0x01c,16,1,#,confirmed,evt(ch32v4x7.h)+rm(CH32V407RM.PDF)
CH32V407,RTC,RTC,CTLRH,0x40002800,0x000,16,1,#,confirmed,evt(ch32v4x7.h)+rm(CH32V407RM.PDF)+rm-address(CH32V407RM.PDF)
CH32V407,RTC,RTC,CTLRL,0x40002804,0x004,16,1,#,confirmed,evt(ch32v4x7.h)+rm(CH32V407RM.PDF)+rm-address(CH32V407RM.PDF)
CH32V407,RTC,RTC,PSCRH,0x40002808,0x008,16,1,#,confirmed,evt(ch32v4x7.h)+rm(CH32V407RM.PDF)+rm-address(CH32V407RM.PDF)
CH32V407,RTC,RTC,PSCRL,0x4000280c,0x00c,16,1,#,confirmed,evt(ch32v4x7.h)+rm(CH32V407RM.PDF)+rm-address(CH32V407RM.PDF)
CH32V407,RTC,RTC,DIVH,0x40002810,0x010,16,1,#,confirmed,evt(ch32v4x7.h)+rm(CH32V407RM.PDF)+rm-address(CH32V407RM.PDF)
CH32V407,RTC,RTC,DIVL,0x40002814,0x014,16,1,#,confirmed,evt(ch32v4x7.h)+rm(CH32V407RM.PDF)+rm-address(CH32V407RM.PDF)
CH32V407,RTC,RTC,CNTH,0x40002818,0x018,16,1,#,confirmed,evt(ch32v4x7.h)+rm(CH32V407RM.PDF)+rm-address(CH32V407RM.PDF)
CH32V407,RTC,RTC,CNTL,0x4000281c,0x01c,16,1,#,confirmed,evt(ch32v4x7.h)+rm(CH32V407RM.PDF)+rm-address(CH32V407RM.PDF)
CH32V407,RTC,RTC,ALRMH,0x40002820,0x020,16,1,#,confirmed,evt(ch32v4x7.h)+rm(CH32V407RM.PDF)+rm-address(CH32V407RM.PDF)
CH32V407,RTC,RTC,ALRML,0x40002824,0x024,16,1,#,confirmed,evt(ch32v4x7.h)+rm(CH32V407RM.PDF)+rm-address(CH32V407RM.PDF)
CH32V407,WWDG,WWDG,CTLR,0x40002c00,0x000,32,1,#,confirmed,evt(ch32v4x7.h)+rm(CH32V407RM.PDF)+rm-address(CH32V407RM.PDF)
CH32V407,WWDG,WWDG,CFGR,0x40002c04,0x004,32,1,#,confirmed,evt(ch32v4x7.h)+rm(CH32V407RM.PDF)+rm-address(CH32V407RM.PDF)
CH32V407,WWDG,WWDG,STATR,0x40002c08,0x008,32,1,#,confirmed,evt(ch32v4x7.h)+rm(CH32V407RM.PDF)+rm-address(CH32V407RM.PDF)
CH32V407,IWDG,IWDG,CTLR,0x40003000,0x000,32,1,#,confirmed,evt(ch32v4x7.h)+rm(CH32V407RM.PDF)+rm-address(CH32V407RM.PDF)
CH32V407,IWDG,IWDG,PSCR,0x40003004,0x004,32,1,#,confirmed,evt(ch32v4x7.h)+rm(CH32V407RM.PDF)+rm-address(CH32V407RM.PDF)
CH32V407,IWDG,IWDG,RLDR,0x40003008,0x008,32,1,#,confirmed,evt(ch32v4x7.h)+rm(CH32V407RM.PDF)+rm-address(CH32V407RM.PDF)
CH32V407,IWDG,IWDG,STATR,0x4000300c,0x00c,32,1,#,confirmed,evt(ch32v4x7.h)+rm(CH32V407RM.PDF)+rm-address(CH32V407RM.PDF)
CH32V407,SPI2,SPI,CTLR1,0x40003800,0x000,16,1,#,confirmed,evt(ch32v4x7.h)+rm(CH32V407RM.PDF)+rm-address(CH32V407RM.PDF)
CH32V407,SPI2,SPI,CTLR2,0x40003804,0x004,16,1,#,confirmed,evt(ch32v4x7.h)+rm(CH32V407RM.PDF)+rm-address(CH32V407RM.PDF)
CH32V407,SPI2,SPI,STATR,0x40003808,0x008,16,1,#,confirmed,evt(ch32v4x7.h)+rm(CH32V407RM.PDF)+rm-address(CH32V407RM.PDF)
CH32V407,SPI2,SPI,DATAR,0x4000380c,0x00c,16,1,#,confirmed,evt(ch32v4x7.h)+rm(CH32V407RM.PDF)+rm-address(CH32V407RM.PDF)
CH32V407,SPI2,SPI,CRCR,0x40003810,0x010,16,1,#,confirmed,evt(ch32v4x7.h)+rm(CH32V407RM.PDF)+rm-address(CH32V407RM.PDF)
CH32V407,SPI2,SPI,RCRCR,0x40003814,0x014,16,1,#,confirmed,evt(ch32v4x7.h)+rm(CH32V407RM.PDF)+rm-address(CH32V407RM.PDF)
CH32V407,SPI2,SPI,TCRCR,0x40003818,0x018,16,1,#,confirmed,evt(ch32v4x7.h)+rm(CH32V407RM.PDF)+rm-address(CH32V407RM.PDF)
CH32V407,SPI2,SPI,I2SCFGR,0x4000381c,0x01c,16,1,#,reference,evt(ch32v4x7.h)
CH32V407,SPI2,SPI,I2SPR,0x40003820,0x020,16,1,#,confirmed,evt(ch32v4x7.h)+rm(CH32V407RM.PDF)+rm-address(CH32V407RM.PDF)
CH32V407,SPI2,SPI,HSCR,0x40003824,0x024,16,1,#,confirmed,evt(ch32v4x7.h)+rm(CH32V407RM.PDF)+rm-address(CH32V407RM.PDF)
CH32V407,SPI3,SPI,CTLR1,0x40003c00,0x000,16,1,#,confirmed,evt(ch32v4x7.h)+rm(CH32V407RM.PDF)+rm-address(CH32V407RM.PDF)
CH32V407,SPI3,SPI,CTLR2,0x40003c04,0x004,16,1,#,confirmed,evt(ch32v4x7.h)+rm(CH32V407RM.PDF)+rm-address(CH32V407RM.PDF)
CH32V407,SPI3,SPI,STATR,0x40003c08,0x008,16,1,#,confirmed,evt(ch32v4x7.h)+rm(CH32V407RM.PDF)+rm-address(CH32V407RM.PDF)
CH32V407,SPI3,SPI,DATAR,0x40003c0c,0x00c,16,1,#,confirmed,evt(ch32v4x7.h)+rm(CH32V407RM.PDF)+rm-address(CH32V407RM.PDF)
CH32V407,SPI3,SPI,CRCR,0x40003c10,0x010,16,1,#,confirmed,evt(ch32v4x7.h)+rm(CH32V407RM.PDF)+rm-address(CH32V407RM.PDF)
CH32V407,SPI3,SPI,RCRCR,0x40003c14,0x014,16,1,#,confirmed,evt(ch32v4x7.h)+rm(CH32V407RM.PDF)+rm-address(CH32V407RM.PDF)
CH32V407,SPI3,SPI,TCRCR,0x40003c18,0x018,16,1,#,confirmed,evt(ch32v4x7.h)+rm(CH32V407RM.PDF)+rm-address(CH32V407RM.PDF)
CH32V407,SPI3,SPI,I2SCFGR,0x40003c1c,0x01c,16,1,#,reference,evt(ch32v4x7.h)
CH32V407,SPI3,SPI,I2SPR,0x40003c20,0x020,16,1,#,confirmed,evt(ch32v4x7.h)+rm(CH32V407RM.PDF)+rm-address(CH32V407RM.PDF)
CH32V407,SPI3,SPI,HSCR,0x40003c24,0x024,16,1,#,confirmed,evt(ch32v4x7.h)+rm(CH32V407RM.PDF)+rm-address(CH32V407RM.PDF)
CH32V407,USART2,USART,STATR,0x40004400,0x000,16,1,#,confirmed,evt(ch32v4x7.h)+rm(CH32V407RM.PDF)+rm-address(CH32V407RM.PDF)
CH32V407,USART2,USART,DATAR,0x40004404,0x004,16,1,#,confirmed,evt(ch32v4x7.h)+rm(CH32V407RM.PDF)+rm-address(CH32V407RM.PDF)
CH32V407,USART2,USART,BRR,0x40004408,0x008,16,1,#,confirmed,evt(ch32v4x7.h)+rm(CH32V407RM.PDF)+rm-address(CH32V407RM.PDF)
CH32V407,USART2,USART,CTLR1,0x4000440c,0x00c,16,1,#,confirmed,evt(ch32v4x7.h)+rm(CH32V407RM.PDF)+rm-address(CH32V407RM.PDF)
CH32V407,USART2,USART,CTLR2,0x40004410,0x010,16,1,#,confirmed,evt(ch32v4x7.h)+rm(CH32V407RM.PDF)+rm-address(CH32V407RM.PDF)
CH32V407,USART2,USART,CTLR3,0x40004414,0x014,16,1,#,confirmed,evt(ch32v4x7.h)+rm(CH32V407RM.PDF)+rm-address(CH32V407RM.PDF)
CH32V407,USART2,USART,GPR,0x40004418,0x018,16,1,#,confirmed,evt(ch32v4x7.h)+rm(CH32V407RM.PDF)+rm-address(CH32V407RM.PDF)
CH32V407,USART2,USART,CTLR4,0x4000441c,0x01c,16,1,#,confirmed,evt(ch32v4x7.h)+rm(CH32V407RM.PDF)
CH32V407,USART3,USART,STATR,0x40004800,0x000,16,1,#,confirmed,evt(ch32v4x7.h)+rm(CH32V407RM.PDF)+rm-address(CH32V407RM.PDF)
CH32V407,USART3,USART,DATAR,0x40004804,0x004,16,1,#,confirmed,evt(ch32v4x7.h)+rm(CH32V407RM.PDF)+rm-address(CH32V407RM.PDF)
CH32V407,USART3,USART,BRR,0x40004808,0x008,16,1,#,confirmed,evt(ch32v4x7.h)+rm(CH32V407RM.PDF)+rm-address(CH32V407RM.PDF)
CH32V407,USART3,USART,CTLR1,0x4000480c,0x00c,16,1,#,confirmed,evt(ch32v4x7.h)+rm(CH32V407RM.PDF)+rm-address(CH32V407RM.PDF)
CH32V407,USART3,USART,CTLR2,0x40004810,0x010,16,1,#,confirmed,evt(ch32v4x7.h)+rm(CH32V407RM.PDF)+rm-address(CH32V407RM.PDF)
CH32V407,USART3,USART,CTLR3,0x40004814,0x014,16,1,#,confirmed,evt(ch32v4x7.h)+rm(CH32V407RM.PDF)+rm-address(CH32V407RM.PDF)
CH32V407,USART3,USART,GPR,0x40004818,0x018,16,1,#,confirmed,evt(ch32v4x7.h)+rm(CH32V407RM.PDF)+rm-address(CH32V407RM.PDF)
CH32V407,USART3,USART,CTLR4,0x4000481c,0x01c,16,1,#,confirmed,evt(ch32v4x7.h)+rm(CH32V407RM.PDF)
CH32V407,USART4,USART,STATR,0x40004c00,0x000,16,1,#,confirmed,evt(ch32v4x7.h)+rm(CH32V407RM.PDF)+rm-address(CH32V407RM.PDF)
CH32V407,USART4,USART,DATAR,0x40004c04,0x004,16,1,#,confirmed,evt(ch32v4x7.h)+rm(CH32V407RM.PDF)+rm-address(CH32V407RM.PDF)
CH32V407,USART4,USART,BRR,0x40004c08,0x008,16,1,#,confirmed,evt(ch32v4x7.h)+rm(CH32V407RM.PDF)+rm-address(CH32V407RM.PDF)
CH32V407,USART4,USART,CTLR1,0x40004c0c,0x00c,16,1,#,confirmed,evt(ch32v4x7.h)+rm(CH32V407RM.PDF)+rm-address(CH32V407RM.PDF)
CH32V407,USART4,USART,CTLR2,0x40004c10,0x010,16,1,#,confirmed,evt(ch32v4x7.h)+rm(CH32V407RM.PDF)+rm-address(CH32V407RM.PDF)
CH32V407,USART4,USART,CTLR3,0x40004c14,0x014,16,1,#,confirmed,evt(ch32v4x7.h)+rm(CH32V407RM.PDF)+rm-address(CH32V407RM.PDF)
CH32V407,USART4,USART,GPR,0x40004c18,0x018,16,1,#,confirmed,evt(ch32v4x7.h)+rm(CH32V407RM.PDF)+rm-address(CH32V407RM.PDF)
CH32V407,USART4,USART,CTLR4,0x40004c1c,0x01c,16,1,#,confirmed,evt(ch32v4x7.h)+rm(CH32V407RM.PDF)
CH32V407,USART5,USART,STATR,0x40005000,0x000,16,1,#,confirmed,evt(ch32v4x7.h)+rm(CH32V407RM.PDF)+rm-address(CH32V407RM.PDF)
CH32V407,USART5,USART,DATAR,0x40005004,0x004,16,1,#,confirmed,evt(ch32v4x7.h)+rm(CH32V407RM.PDF)+rm-address(CH32V407RM.PDF)
CH32V407,USART5,USART,BRR,0x40005008,0x008,16,1,#,confirmed,evt(ch32v4x7.h)+rm(CH32V407RM.PDF)+rm-address(CH32V407RM.PDF)
CH32V407,USART5,USART,CTLR1,0x4000500c,0x00c,16,1,#,confirmed,evt(ch32v4x7.h)+rm(CH32V407RM.PDF)+rm-address(CH32V407RM.PDF)
CH32V407,USART5,USART,CTLR2,0x40005010,0x010,16,1,#,confirmed,evt(ch32v4x7.h)+rm(CH32V407RM.PDF)+rm-address(CH32V407RM.PDF)
CH32V407,USART5,USART,CTLR3,0x40005014,0x014,16,1,#,confirmed,evt(ch32v4x7.h)+rm(CH32V407RM.PDF)+rm-address(CH32V407RM.PDF)
CH32V407,USART5,USART,GPR,0x40005018,0x018,16,1,#,confirmed,evt(ch32v4x7.h)+rm(CH32V407RM.PDF)+rm-address(CH32V407RM.PDF)
CH32V407,USART5,USART,CTLR4,0x4000501c,0x01c,16,1,#,confirmed,evt(ch32v4x7.h)+rm(CH32V407RM.PDF)
CH32V407,I2C1,I2C,CTLR1,0x40005400,0x000,16,1,#,confirmed,evt(ch32v4x7.h)+rm(CH32V407RM.PDF)+rm-address(CH32V407RM.PDF)
CH32V407,I2C1,I2C,CTLR2,0x40005404,0x004,16,1,#,confirmed,evt(ch32v4x7.h)+rm(CH32V407RM.PDF)+rm-address(CH32V407RM.PDF)
CH32V407,I2C1,I2C,OADDR1,0x40005408,0x008,16,1,#,confirmed,evt(ch32v4x7.h)+rm(CH32V407RM.PDF)+rm-address(CH32V407RM.PDF)
CH32V407,I2C1,I2C,OADDR2,0x4000540c,0x00c,16,1,#,confirmed,evt(ch32v4x7.h)+rm(CH32V407RM.PDF)+rm-address(CH32V407RM.PDF)
CH32V407,I2C1,I2C,DATAR,0x40005410,0x010,16,1,#,confirmed,evt(ch32v4x7.h)+rm(CH32V407RM.PDF)+rm-address(CH32V407RM.PDF)
CH32V407,I2C1,I2C,STAR1,0x40005414,0x014,16,1,#,confirmed,evt(ch32v4x7.h)+rm(CH32V407RM.PDF)+rm-address(CH32V407RM.PDF)
CH32V407,I2C1,I2C,STAR2,0x40005418,0x018,16,1,#,confirmed,evt(ch32v4x7.h)+rm(CH32V407RM.PDF)+rm-address(CH32V407RM.PDF)
CH32V407,I2C1,I2C,CKCFGR,0x4000541c,0x01c,16,1,#,confirmed,evt(ch32v4x7.h)+rm(CH32V407RM.PDF)+rm-address(CH32V407RM.PDF)
CH32V407,I2C1,I2C,RTR,0x40005420,0x020,16,1,#,confirmed,evt(ch32v4x7.h)+rm(CH32V407RM.PDF)+rm-address(CH32V407RM.PDF)
CH32V407,CAN1,CAN,CTLR,0x40006400,0x000,32,1,#,confirmed,evt(ch32v4x7.h)+rm(CH32V407RM.PDF)+rm-address(CH32V407RM.PDF)
CH32V407,CAN1,CAN,STATR,0x40006404,0x004,32,1,#,confirmed,evt(ch32v4x7.h)+rm(CH32V407RM.PDF)+rm-address(CH32V407RM.PDF)
CH32V407,CAN1,CAN,TSTATR,0x40006408,0x008,32,1,#,confirmed,evt(ch32v4x7.h)+rm(CH32V407RM.PDF)+rm-address(CH32V407RM.PDF)
CH32V407,CAN1,CAN,RFIFO0,0x4000640c,0x00c,32,1,#,confirmed,evt(ch32v4x7.h)+rm(CH32V407RM.PDF)+rm-address(CH32V407RM.PDF)
CH32V407,CAN1,CAN,RFIFO1,0x40006410,0x010,32,1,#,confirmed,evt(ch32v4x7.h)+rm(CH32V407RM.PDF)+rm-address(CH32V407RM.PDF)
CH32V407,CAN1,CAN,INTENR,0x40006414,0x014,32,1,#,confirmed,evt(ch32v4x7.h)+rm(CH32V407RM.PDF)+rm-address(CH32V407RM.PDF)
CH32V407,CAN1,CAN,ERRSR,0x40006418,0x018,32,1,#,confirmed,evt(ch32v4x7.h)+rm(CH32V407RM.PDF)+rm-address(CH32V407RM.PDF)
CH32V407,CAN1,CAN,BTIMR,0x4000641c,0x01c,32,1,#,confirmed,evt(ch32v4x7.h)+rm(CH32V407RM.PDF)+rm-address(CH32V407RM.PDF)
CH32V407,CAN1,CAN,TTCTLR,0x40006420,0x020,32,1,#,confirmed,evt(ch32v4x7.h)+rm(CH32V407RM.PDF)+rm-address(CH32V407RM.PDF)
CH32V407,CAN1,CAN,TTCNT,0x40006424,0x024,32,1,#,confirmed,evt(ch32v4x7.h)+rm(CH32V407RM.PDF)+rm-address(CH32V407RM.PDF)
CH32V407,CAN1,CAN,TERR_CNT,0x40006428,0x028,32,1,#,confirmed,evt(ch32v4x7.h)+rm(CH32V407RM.PDF)+rm-address(CH32V407RM.PDF)
CH32V407,CAN1,CAN,sTxMailBox[0].TXMIR,0x40006580,0x180,32,1,#,confirmed,evt(ch32v4x7.h)+rm-address(CH32V407RM.PDF)
CH32V407,CAN1,CAN,sTxMailBox[0].TXMDTR,0x40006584,0x184,32,1,#,confirmed,evt(ch32v4x7.h)+rm-address(CH32V407RM.PDF)
CH32V407,CAN1,CAN,sTxMailBox[0].TXMDLR,0x40006588,0x188,32,1,#,confirmed,evt(ch32v4x7.h)+rm-address(CH32V407RM.PDF)
CH32V407,CAN1,CAN,sTxMailBox[0].TXMDHR,0x4000658c,0x18c,32,1,#,confirmed,evt(ch32v4x7.h)+rm-address(CH32V407RM.PDF)
CH32V407,CAN1,CAN,sTxMailBox[1].TXMIR,0x40006590,0x190,32,1,#,confirmed,evt(ch32v4x7.h)+rm-address(CH32V407RM.PDF)
CH32V407,CAN1,CAN,sTxMailBox[1].TXMDTR,0x40006594,0x194,32,1,#,confirmed,evt(ch32v4x7.h)+rm-address(CH32V407RM.PDF)
CH32V407,CAN1,CAN,sTxMailBox[1].TXMDLR,0x40006598,0x198,32,1,#,confirmed,evt(ch32v4x7.h)+rm-address(CH32V407RM.PDF)
CH32V407,CAN1,CAN,sTxMailBox[1].TXMDHR,0x4000659c,0x19c,32,1,#,confirmed,evt(ch32v4x7.h)+rm-address(CH32V407RM.PDF)
CH32V407,CAN1,CAN,sTxMailBox[2].TXMIR,0x400065a0,0x1a0,32,1,#,confirmed,evt(ch32v4x7.h)+rm-address(CH32V407RM.PDF)
CH32V407,CAN1,CAN,sTxMailBox[2].TXMDTR,0x400065a4,0x1a4,32,1,#,confirmed,evt(ch32v4x7.h)+rm-address(CH32V407RM.PDF)
CH32V407,CAN1,CAN,sTxMailBox[2].TXMDLR,0x400065a8,0x1a8,32,1,#,confirmed,evt(ch32v4x7.h)+rm-address(CH32V407RM.PDF)
CH32V407,CAN1,CAN,sTxMailBox[2].TXMDHR,0x400065ac,0x1ac,32,1,#,confirmed,evt(ch32v4x7.h)+rm-address(CH32V407RM.PDF)
CH32V407,CAN1,CAN,sFIFOMailBox[0].RXMIR,0x400065b0,0x1b0,32,1,#,confirmed,evt(ch32v4x7.h)+rm-address(CH32V407RM.PDF)
CH32V407,CAN1,CAN,sFIFOMailBox[0].RXMDTR,0x400065b4,0x1b4,32,1,#,confirmed,evt(ch32v4x7.h)+rm-address(CH32V407RM.PDF)
CH32V407,CAN1,CAN,sFIFOMailBox[0].RXMDLR,0x400065b8,0x1b8,32,1,#,confirmed,evt(ch32v4x7.h)+rm-address(CH32V407RM.PDF)
CH32V407,CAN1,CAN,sFIFOMailBox[0].RXMDHR,0x400065bc,0x1bc,32,1,#,confirmed,evt(ch32v4x7.h)+rm-address(CH32V407RM.PDF)
CH32V407,CAN1,CAN,sFIFOMailBox[1].RXMIR,0x400065c0,0x1c0,32,1,#,confirmed,evt(ch32v4x7.h)+rm-address(CH32V407RM.PDF)
CH32V407,CAN1,CAN,sFIFOMailBox[1].RXMDTR,0x400065c4,0x1c4,32,1,#,confirmed,evt(ch32v4x7.h)+rm-address(CH32V407RM.PDF)
CH32V407,CAN1,CAN,sFIFOMailBox[1].RXMDLR,0x400065c8,0x1c8,32,1,#,confirmed,evt(ch32v4x7.h)+rm-address(CH32V407RM.PDF)
CH32V407,CAN1,CAN,sFIFOMailBox[1].RXMDHR,0x400065cc,0x1cc,32,1,#,confirmed,evt(ch32v4x7.h)+rm-address(CH32V407RM.PDF)
CH32V407,CAN1,CAN,FCTLR,0x40006600,0x200,32,1,#,confirmed,evt(ch32v4x7.h)+rm(CH32V407RM.PDF)+rm-address(CH32V407RM.PDF)
CH32V407,CAN1,CAN,FMCFGR,0x40006604,0x204,32,1,#,confirmed,evt(ch32v4x7.h)+rm(CH32V407RM.PDF)+rm-address(CH32V407RM.PDF)
CH32V407,CAN1,CAN,FSCFGR,0x4000660c,0x20c,32,1,#,confirmed,evt(ch32v4x7.h)+rm(CH32V407RM.PDF)+rm-address(CH32V407RM.PDF)
CH32V407,CAN1,CAN,FAFIFOR,0x40006614,0x214,32,1,#,confirmed,evt(ch32v4x7.h)+rm(CH32V407RM.PDF)+rm-address(CH32V407RM.PDF)
CH32V407,CAN1,CAN,FWR,0x4000661c,0x21c,32,1,#,confirmed,evt(ch32v4x7.h)+rm(CH32V407RM.PDF)+rm-address(CH32V407RM.PDF)
CH32V407,CAN1,CAN,sFilterRegister[0].FR1,0x40006640,0x240,32,1,#,confirmed,evt(ch32v4x7.h)+rm-address(CH32V407RM.PDF)
CH32V407,CAN1,CAN,sFilterRegister[0].FR2,0x40006644,0x244,32,1,#,confirmed,evt(ch32v4x7.h)+rm-address(CH32V407RM.PDF)
CH32V407,CAN1,CAN,sFilterRegister[1].FR1,0x40006648,0x248,32,1,#,confirmed,evt(ch32v4x7.h)+rm-address(CH32V407RM.PDF)
CH32V407,CAN1,CAN,sFilterRegister[1].FR2,0x4000664c,0x24c,32,1,#,confirmed,evt(ch32v4x7.h)+rm-address(CH32V407RM.PDF)
CH32V407,CAN1,CAN,sFilterRegister[2].FR1,0x40006650,0x250,32,1,#,confirmed,evt(ch32v4x7.h)+rm-address(CH32V407RM.PDF)
CH32V407,CAN1,CAN,sFilterRegister[2].FR2,0x40006654,0x254,32,1,#,confirmed,evt(ch32v4x7.h)+rm-address(CH32V407RM.PDF)
CH32V407,CAN1,CAN,sFilterRegister[3].FR1,0x40006658,0x258,32,1,#,confirmed,evt(ch32v4x7.h)+rm-address(CH32V407RM.PDF)
CH32V407,CAN1,CAN,sFilterRegister[3].FR2,0x4000665c,0x25c,32,1,#,confirmed,evt(ch32v4x7.h)+rm-address(CH32V407RM.PDF)
CH32V407,CAN1,CAN,sFilterRegister[4].FR1,0x40006660,0x260,32,1,#,confirmed,evt(ch32v4x7.h)+rm-address(CH32V407RM.PDF)
CH32V407,CAN1,CAN,sFilterRegister[4].FR2,0x40006664,0x264,32,1,#,confirmed,evt(ch32v4x7.h)+rm-address(CH32V407RM.PDF)
CH32V407,CAN1,CAN,sFilterRegister[5].FR1,0x40006668,0x268,32,1,#,confirmed,evt(ch32v4x7.h)+rm-address(CH32V407RM.PDF)
CH32V407,CAN1,CAN,sFilterRegister[5].FR2,0x4000666c,0x26c,32,1,#,confirmed,evt(ch32v4x7.h)+rm-address(CH32V407RM.PDF)
CH32V407,CAN1,CAN,sFilterRegister[6].FR1,0x40006670,0x270,32,1,#,confirmed,evt(ch32v4x7.h)+rm-address(CH32V407RM.PDF)
CH32V407,CAN1,CAN,sFilterRegister[6].FR2,0x40006674,0x274,32,1,#,confirmed,evt(ch32v4x7.h)+rm-address(CH32V407RM.PDF)
CH32V407,CAN1,CAN,sFilterRegister[7].FR1,0x40006678,0x278,32,1,#,confirmed,evt(ch32v4x7.h)+rm-address(CH32V407RM.PDF)
CH32V407,CAN1,CAN,sFilterRegister[7].FR2,0x4000667c,0x27c,32,1,#,confirmed,evt(ch32v4x7.h)+rm-address(CH32V407RM.PDF)
CH32V407,CAN1,CAN,sFilterRegister[8].FR1,0x40006680,0x280,32,1,#,confirmed,evt(ch32v4x7.h)+rm-address(CH32V407RM.PDF)
CH32V407,CAN1,CAN,sFilterRegister[8].FR2,0x40006684,0x284,32,1,#,confirmed,evt(ch32v4x7.h)+rm-address(CH32V407RM.PDF)
CH32V407,CAN1,CAN,sFilterRegister[9].FR1,0x40006688,0x288,32,1,#,confirmed,evt(ch32v4x7.h)+rm-address(CH32V407RM.PDF)
CH32V407,CAN1,CAN,sFilterRegister[9].FR2,0x4000668c,0x28c,32,1,#,confirmed,evt(ch32v4x7.h)+rm-address(CH32V407RM.PDF)
CH32V407,CAN1,CAN,sFilterRegister[10].FR1,0x40006690,0x290,32,1,#,confirmed,evt(ch32v4x7.h)+rm-address(CH32V407RM.PDF)
CH32V407,CAN1,CAN,sFilterRegister[10].FR2,0x40006694,0x294,32,1,#,confirmed,evt(ch32v4x7.h)+rm-address(CH32V407RM.PDF)
CH32V407,CAN1,CAN,sFilterRegister[11].FR1,0x40006698,0x298,32,1,#,confirmed,evt(ch32v4x7.h)+rm-address(CH32V407RM.PDF)
CH32V407,CAN1,CAN,sFilterRegister[11].FR2,0x4000669c,0x29c,32,1,#,confirmed,evt(ch32v4x7.h)+rm-address(CH32V407RM.PDF)
CH32V407,CAN1,CAN,sFilterRegister[12].FR1,0x400066a0,0x2a0,32,1,#,confirmed,evt(ch32v4x7.h)+rm-address(CH32V407RM.PDF)
CH32V407,CAN1,CAN,sFilterRegister[12].FR2,0x400066a4,0x2a4,32,1,#,confirmed,evt(ch32v4x7.h)+rm-address(CH32V407RM.PDF)
CH32V407,CAN1,CAN,sFilterRegister[13].FR1,0x400066a8,0x2a8,32,1,#,confirmed,evt(ch32v4x7.h)+rm-address(CH32V407RM.PDF)
CH32V407,CAN1,CAN,sFilterRegister[13].FR2,0x400066ac,0x2ac,32,1,#,confirmed,evt(ch32v4x7.h)+rm-address(CH32V407RM.PDF)
CH32V407,BKP,BKP,DATAR1,0x40006c04,0x004,16,1,#,confirmed,evt(ch32v4x7.h)+rm-address(CH32V407RM.PDF)
CH32V407,BKP,BKP,DATAR2,0x40006c08,0x008,16,1,#,confirmed,evt(ch32v4x7.h)+rm-address(CH32V407RM.PDF)
CH32V407,BKP,BKP,DATAR3,0x40006c0c,0x00c,16,1,#,confirmed,evt(ch32v4x7.h)+rm-address(CH32V407RM.PDF)
CH32V407,BKP,BKP,DATAR4,0x40006c10,0x010,16,1,#,confirmed,evt(ch32v4x7.h)+rm-address(CH32V407RM.PDF)
CH32V407,BKP,BKP,DATAR5,0x40006c14,0x014,16,1,#,confirmed,evt(ch32v4x7.h)+rm-address(CH32V407RM.PDF)
CH32V407,BKP,BKP,DATAR6,0x40006c18,0x018,16,1,#,confirmed,evt(ch32v4x7.h)+rm-address(CH32V407RM.PDF)
CH32V407,BKP,BKP,DATAR7,0x40006c1c,0x01c,16,1,#,confirmed,evt(ch32v4x7.h)+rm-address(CH32V407RM.PDF)
CH32V407,BKP,BKP,DATAR8,0x40006c20,0x020,16,1,#,confirmed,evt(ch32v4x7.h)+rm-address(CH32V407RM.PDF)
CH32V407,BKP,BKP,DATAR9,0x40006c24,0x024,16,1,#,confirmed,evt(ch32v4x7.h)+rm-address(CH32V407RM.PDF)
CH32V407,BKP,BKP,DATAR10,0x40006c28,0x028,16,1,#,confirmed,evt(ch32v4x7.h)+rm-address(CH32V407RM.PDF)
CH32V407,BKP,BKP,OCTLR,0x40006c2c,0x02c,16,1,#,confirmed,evt(ch32v4x7.h)+rm(CH32V407RM.PDF)+rm-address(CH32V407RM.PDF)
CH32V407,BKP,BKP,TPCTLR,0x40006c30,0x030,16,1,#,confirmed,evt(ch32v4x7.h)+rm(CH32V407RM.PDF)+rm-address(CH32V407RM.PDF)
CH32V407,BKP,BKP,TPCSR,0x40006c34,0x034,16,1,#,confirmed,evt(ch32v4x7.h)+rm(CH32V407RM.PDF)+rm-address(CH32V407RM.PDF)
CH32V407,BKP,BKP,DATAR11,0x40006c40,0x040,16,1,#,confirmed,evt(ch32v4x7.h)+rm-address(CH32V407RM.PDF)
CH32V407,BKP,BKP,DATAR12,0x40006c44,0x044,16,1,#,confirmed,evt(ch32v4x7.h)+rm-address(CH32V407RM.PDF)
CH32V407,BKP,BKP,DATAR13,0x40006c48,0x048,16,1,#,confirmed,evt(ch32v4x7.h)+rm-address(CH32V407RM.PDF)
CH32V407,BKP,BKP,DATAR14,0x40006c4c,0x04c,16,1,#,confirmed,evt(ch32v4x7.h)+rm-address(CH32V407RM.PDF)
CH32V407,BKP,BKP,DATAR15,0x40006c50,0x050,16,1,#,confirmed,evt(ch32v4x7.h)+rm-address(CH32V407RM.PDF)
CH32V407,BKP,BKP,DATAR16,0x40006c54,0x054,16,1,#,confirmed,evt(ch32v4x7.h)+rm-address(CH32V407RM.PDF)
CH32V407,BKP,BKP,DATAR17,0x40006c58,0x058,16,1,#,confirmed,evt(ch32v4x7.h)+rm-address(CH32V407RM.PDF)
CH32V407,BKP,BKP,DATAR18,0x40006c5c,0x05c,16,1,#,confirmed,evt(ch32v4x7.h)+rm-address(CH32V407RM.PDF)
CH32V407,BKP,BKP,DATAR19,0x40006c60,0x060,16,1,#,confirmed,evt(ch32v4x7.h)+rm-address(CH32V407RM.PDF)
CH32V407,BKP,BKP,DATAR20,0x40006c64,0x064,16,1,#,confirmed,evt(ch32v4x7.h)+rm-address(CH32V407RM.PDF)
CH32V407,BKP,BKP,DATAR21,0x40006c68,0x068,16,1,#,confirmed,evt(ch32v4x7.h)+rm-address(CH32V407RM.PDF)
CH32V407,BKP,BKP,DATAR22,0x40006c6c,0x06c,16,1,#,confirmed,evt(ch32v4x7.h)+rm-address(CH32V407RM.PDF)
CH32V407,BKP,BKP,DATAR23,0x40006c70,0x070,16,1,#,confirmed,evt(ch32v4x7.h)+rm-address(CH32V407RM.PDF)
CH32V407,BKP,BKP,DATAR24,0x40006c74,0x074,16,1,#,confirmed,evt(ch32v4x7.h)+rm-address(CH32V407RM.PDF)
CH32V407,BKP,BKP,DATAR25,0x40006c78,0x078,16,1,#,confirmed,evt(ch32v4x7.h)+rm-address(CH32V407RM.PDF)
CH32V407,BKP,BKP,DATAR26,0x40006c7c,0x07c,16,1,#,confirmed,evt(ch32v4x7.h)+rm-address(CH32V407RM.PDF)
CH32V407,BKP,BKP,DATAR27,0x40006c80,0x080,16,1,#,confirmed,evt(ch32v4x7.h)+rm-address(CH32V407RM.PDF)
CH32V407,BKP,BKP,DATAR28,0x40006c84,0x084,16,1,#,confirmed,evt(ch32v4x7.h)+rm-address(CH32V407RM.PDF)
CH32V407,BKP,BKP,DATAR29,0x40006c88,0x088,16,1,#,confirmed,evt(ch32v4x7.h)+rm-address(CH32V407RM.PDF)
CH32V407,BKP,BKP,DATAR30,0x40006c8c,0x08c,16,1,#,confirmed,evt(ch32v4x7.h)+rm-address(CH32V407RM.PDF)
CH32V407,BKP,BKP,DATAR31,0x40006c90,0x090,16,1,#,confirmed,evt(ch32v4x7.h)+rm-address(CH32V407RM.PDF)
CH32V407,BKP,BKP,DATAR32,0x40006c94,0x094,16,1,#,confirmed,evt(ch32v4x7.h)+rm-address(CH32V407RM.PDF)
CH32V407,BKP,BKP,DATAR33,0x40006c98,0x098,16,1,#,confirmed,evt(ch32v4x7.h)+rm-address(CH32V407RM.PDF)
CH32V407,BKP,BKP,DATAR34,0x40006c9c,0x09c,16,1,#,confirmed,evt(ch32v4x7.h)+rm-address(CH32V407RM.PDF)
CH32V407,BKP,BKP,DATAR35,0x40006ca0,0x0a0,16,1,#,confirmed,evt(ch32v4x7.h)+rm-address(CH32V407RM.PDF)
CH32V407,BKP,BKP,DATAR36,0x40006ca4,0x0a4,16,1,#,confirmed,evt(ch32v4x7.h)+rm-address(CH32V407RM.PDF)
CH32V407,BKP,BKP,DATAR37,0x40006ca8,0x0a8,16,1,#,confirmed,evt(ch32v4x7.h)+rm-address(CH32V407RM.PDF)
CH32V407,BKP,BKP,DATAR38,0x40006cac,0x0ac,16,1,#,confirmed,evt(ch32v4x7.h)+rm-address(CH32V407RM.PDF)
CH32V407,BKP,BKP,DATAR39,0x40006cb0,0x0b0,16,1,#,confirmed,evt(ch32v4x7.h)+rm-address(CH32V407RM.PDF)
CH32V407,BKP,BKP,DATAR40,0x40006cb4,0x0b4,16,1,#,confirmed,evt(ch32v4x7.h)+rm-address(CH32V407RM.PDF)
CH32V407,BKP,BKP,DATAR41,0x40006cb8,0x0b8,16,1,#,confirmed,evt(ch32v4x7.h)+rm-address(CH32V407RM.PDF)
CH32V407,BKP,BKP,DATAR42,0x40006cbc,0x0bc,16,1,#,confirmed,evt(ch32v4x7.h)+rm-address(CH32V407RM.PDF)
CH32V407,PWR,PWR,CTLR,0x40007000,0x000,32,1,#,confirmed,evt(ch32v4x7.h)+rm(CH32V407RM.PDF)+rm-address(CH32V407RM.PDF)
CH32V407,PWR,PWR,CSR,0x40007004,0x004,32,1,#,confirmed,evt(ch32v4x7.h)+rm(CH32V407RM.PDF)+rm-address(CH32V407RM.PDF)
CH32V407,DAC,DAC,CTLR,0x40007400,0x000,32,1,#,confirmed,evt(ch32v4x7.h)+rm(CH32V407RM.PDF)+rm-address(CH32V407RM.PDF)
CH32V407,DAC,DAC,SWTR,0x40007404,0x004,32,1,#,confirmed,evt(ch32v4x7.h)+rm(CH32V407RM.PDF)+rm-address(CH32V407RM.PDF)
CH32V407,DAC,DAC,R12BDHR1,0x40007408,0x008,32,1,#,confirmed,evt(ch32v4x7.h)+rm(CH32V407RM.PDF)+rm-address(CH32V407RM.PDF)
CH32V407,DAC,DAC,L12BDHR1,0x4000740c,0x00c,32,1,#,confirmed,evt(ch32v4x7.h)+rm(CH32V407RM.PDF)+rm-address(CH32V407RM.PDF)
CH32V407,DAC,DAC,R8BDHR1,0x40007410,0x010,32,1,#,confirmed,evt(ch32v4x7.h)+rm(CH32V407RM.PDF)+rm-address(CH32V407RM.PDF)
CH32V407,DAC,DAC,R12BDHR2,0x40007414,0x014,32,1,#,confirmed,evt(ch32v4x7.h)+rm(CH32V407RM.PDF)+rm-address(CH32V407RM.PDF)
CH32V407,DAC,DAC,L12BDHR2,0x40007418,0x018,32,1,#,confirmed,evt(ch32v4x7.h)+rm(CH32V407RM.PDF)+rm-address(CH32V407RM.PDF)
CH32V407,DAC,DAC,R8BDHR2,0x4000741c,0x01c,32,1,#,confirmed,evt(ch32v4x7.h)+rm(CH32V407RM.PDF)+rm-address(CH32V407RM.PDF)
CH32V407,DAC,DAC,RD12BDHR,0x40007420,0x020,32,1,#,confirmed,evt(ch32v4x7.h)+rm(CH32V407RM.PDF)+rm-address(CH32V407RM.PDF)
CH32V407,DAC,DAC,LD12BDHR,0x40007424,0x024,32,1,#,confirmed,evt(ch32v4x7.h)+rm(CH32V407RM.PDF)+rm-address(CH32V407RM.PDF)
CH32V407,DAC,DAC,RD8BDHR,0x40007428,0x028,32,1,#,confirmed,evt(ch32v4x7.h)+rm(CH32V407RM.PDF)+rm-address(CH32V407RM.PDF)
CH32V407,DAC,DAC,DOR1,0x4000742c,0x02c,32,1,#,confirmed,evt(ch32v4x7.h)+rm(CH32V407RM.PDF)+rm-address(CH32V407RM.PDF)
CH32V407,DAC,DAC,DOR2,0x40007430,0x030,32,1,#,confirmed,evt(ch32v4x7.h)+rm(CH32V407RM.PDF)+rm-address(CH32V407RM.PDF)
CH32V407,USART9,USART,STATR,0x40007800,0x000,16,1,#,confirmed,evt(ch32v4x7.h)+rm(CH32V407RM.PDF)+rm-address(CH32V407RM.PDF)
CH32V407,USART9,USART,DATAR,0x40007804,0x004,16,1,#,confirmed,evt(ch32v4x7.h)+rm(CH32V407RM.PDF)+rm-address(CH32V407RM.PDF)
CH32V407,USART9,USART,BRR,0x40007808,0x008,16,1,#,confirmed,evt(ch32v4x7.h)+rm(CH32V407RM.PDF)+rm-address(CH32V407RM.PDF)
CH32V407,USART9,USART,CTLR1,0x4000780c,0x00c,16,1,#,confirmed,evt(ch32v4x7.h)+rm(CH32V407RM.PDF)+rm-address(CH32V407RM.PDF)
CH32V407,USART9,USART,CTLR2,0x40007810,0x010,16,1,#,confirmed,evt(ch32v4x7.h)+rm(CH32V407RM.PDF)+rm-address(CH32V407RM.PDF)
CH32V407,USART9,USART,CTLR3,0x40007814,0x014,16,1,#,confirmed,evt(ch32v4x7.h)+rm(CH32V407RM.PDF)+rm-address(CH32V407RM.PDF)
CH32V407,USART9,USART,GPR,0x40007818,0x018,16,1,#,confirmed,evt(ch32v4x7.h)+rm(CH32V407RM.PDF)+rm-address(CH32V407RM.PDF)
CH32V407,USART9,USART,CTLR4,0x4000781c,0x01c,16,1,#,confirmed,evt(ch32v4x7.h)+rm(CH32V407RM.PDF)
CH32V407,USART10,USART,STATR,0x40007c00,0x000,16,1,#,confirmed,evt(ch32v4x7.h)+rm(CH32V407RM.PDF)+rm-address(CH32V407RM.PDF)
CH32V407,USART10,USART,DATAR,0x40007c04,0x004,16,1,#,confirmed,evt(ch32v4x7.h)+rm(CH32V407RM.PDF)+rm-address(CH32V407RM.PDF)
CH32V407,USART10,USART,BRR,0x40007c08,0x008,16,1,#,confirmed,evt(ch32v4x7.h)+rm(CH32V407RM.PDF)+rm-address(CH32V407RM.PDF)
CH32V407,USART10,USART,CTLR1,0x40007c0c,0x00c,16,1,#,confirmed,evt(ch32v4x7.h)+rm(CH32V407RM.PDF)+rm-address(CH32V407RM.PDF)
CH32V407,USART10,USART,CTLR2,0x40007c10,0x010,16,1,#,confirmed,evt(ch32v4x7.h)+rm(CH32V407RM.PDF)+rm-address(CH32V407RM.PDF)
CH32V407,USART10,USART,CTLR3,0x40007c14,0x014,16,1,#,confirmed,evt(ch32v4x7.h)+rm(CH32V407RM.PDF)+rm-address(CH32V407RM.PDF)
CH32V407,USART10,USART,GPR,0x40007c18,0x018,16,1,#,confirmed,evt(ch32v4x7.h)+rm(CH32V407RM.PDF)+rm-address(CH32V407RM.PDF)
CH32V407,USART10,USART,CTLR4,0x40007c1c,0x01c,16,1,#,confirmed,evt(ch32v4x7.h)+rm(CH32V407RM.PDF)
CH32V407,AFIO,AFIO,ECR,0x40010000,0x000,32,1,#,confirmed,evt(ch32v4x7.h)+rm(CH32V407RM.PDF)+rm-address(CH32V407RM.PDF)
CH32V407,AFIO,AFIO,PCFR1,0x40010004,0x004,32,1,#,confirmed,evt(ch32v4x7.h)+rm(CH32V407RM.PDF)+rm-address(CH32V407RM.PDF)
CH32V407,AFIO,AFIO,EXTICR,0x40010008,0x008,32,4,#,confirmed,evt(ch32v4x7.h)+rm-address(CH32V407RM.PDF)
CH32V407,AFIO,AFIO,PCFR2,0x4001001c,0x01c,32,1,#,confirmed,evt(ch32v4x7.h)+rm(CH32V407RM.PDF)+rm-address(CH32V407RM.PDF)
CH32V407,EXTI,EXTI,INTENR,0x40010400,0x000,32,1,#,confirmed,evt(ch32v4x7.h)+rm(CH32V407RM.PDF)+rm-address(CH32V407RM.PDF)
CH32V407,EXTI,EXTI,EVENR,0x40010404,0x004,32,1,#,confirmed,evt(ch32v4x7.h)+rm(CH32V407RM.PDF)+rm-address(CH32V407RM.PDF)
CH32V407,EXTI,EXTI,RTENR,0x40010408,0x008,32,1,#,confirmed,evt(ch32v4x7.h)+rm(CH32V407RM.PDF)+rm-address(CH32V407RM.PDF)
CH32V407,EXTI,EXTI,FTENR,0x4001040c,0x00c,32,1,#,confirmed,evt(ch32v4x7.h)+rm(CH32V407RM.PDF)+rm-address(CH32V407RM.PDF)
CH32V407,EXTI,EXTI,SWIEVR,0x40010410,0x010,32,1,#,confirmed,evt(ch32v4x7.h)+rm(CH32V407RM.PDF)+rm-address(CH32V407RM.PDF)
CH32V407,EXTI,EXTI,INTFR,0x40010414,0x014,32,1,#,confirmed,evt(ch32v4x7.h)+rm(CH32V407RM.PDF)+rm-address(CH32V407RM.PDF)
CH32V407,GPIOA,GPIO,CFGLR,0x40010800,0x000,32,1,#,confirmed,evt(ch32v4x7.h)+rm-address(CH32V407RM.PDF)
CH32V407,GPIOA,GPIO,CFGHR,0x40010804,0x004,32,1,#,confirmed,evt(ch32v4x7.h)+rm-address(CH32V407RM.PDF)
CH32V407,GPIOA,GPIO,INDR,0x40010808,0x008,32,1,#,confirmed,evt(ch32v4x7.h)+rm(CH32V407RM.PDF)+rm-address(CH32V407RM.PDF)
CH32V407,GPIOA,GPIO,OUTDR,0x4001080c,0x00c,32,1,#,confirmed,evt(ch32v4x7.h)+rm(CH32V407RM.PDF)+rm-address(CH32V407RM.PDF)
CH32V407,GPIOA,GPIO,BSHR,0x40010810,0x010,32,1,#,confirmed,evt(ch32v4x7.h)+rm(CH32V407RM.PDF)+rm-address(CH32V407RM.PDF)
CH32V407,GPIOA,GPIO,BCR,0x40010814,0x014,32,1,#,confirmed,evt(ch32v4x7.h)+rm(CH32V407RM.PDF)+rm-address(CH32V407RM.PDF)
CH32V407,GPIOA,GPIO,LCKR,0x40010818,0x018,32,1,#,confirmed,evt(ch32v4x7.h)+rm(CH32V407RM.PDF)+rm-address(CH32V407RM.PDF)
CH32V407,GPIOB,GPIO,CFGLR,0x40010c00,0x000,32,1,#,confirmed,evt(ch32v4x7.h)+rm-address(CH32V407RM.PDF)
CH32V407,GPIOB,GPIO,CFGHR,0x40010c04,0x004,32,1,#,confirmed,evt(ch32v4x7.h)+rm-address(CH32V407RM.PDF)
CH32V407,GPIOB,GPIO,INDR,0x40010c08,0x008,32,1,#,confirmed,evt(ch32v4x7.h)+rm(CH32V407RM.PDF)+rm-address(CH32V407RM.PDF)
CH32V407,GPIOB,GPIO,OUTDR,0x40010c0c,0x00c,32,1,#,confirmed,evt(ch32v4x7.h)+rm(CH32V407RM.PDF)+rm-address(CH32V407RM.PDF)
CH32V407,GPIOB,GPIO,BSHR,0x40010c10,0x010,32,1,#,confirmed,evt(ch32v4x7.h)+rm(CH32V407RM.PDF)+rm-address(CH32V407RM.PDF)
CH32V407,GPIOB,GPIO,BCR,0x40010c14,0x014,32,1,#,confirmed,evt(ch32v4x7.h)+rm(CH32V407RM.PDF)+rm-address(CH32V407RM.PDF)
CH32V407,GPIOB,GPIO,LCKR,0x40010c18,0x018,32,1,#,confirmed,evt(ch32v4x7.h)+rm(CH32V407RM.PDF)+rm-address(CH32V407RM.PDF)
CH32V407,GPIOC,GPIO,CFGLR,0x40011000,0x000,32,1,#,confirmed,evt(ch32v4x7.h)+rm-address(CH32V407RM.PDF)
CH32V407,GPIOC,GPIO,CFGHR,0x40011004,0x004,32,1,#,confirmed,evt(ch32v4x7.h)+rm-address(CH32V407RM.PDF)
CH32V407,GPIOC,GPIO,INDR,0x40011008,0x008,32,1,#,confirmed,evt(ch32v4x7.h)+rm(CH32V407RM.PDF)+rm-address(CH32V407RM.PDF)
CH32V407,GPIOC,GPIO,OUTDR,0x4001100c,0x00c,32,1,#,confirmed,evt(ch32v4x7.h)+rm(CH32V407RM.PDF)+rm-address(CH32V407RM.PDF)
CH32V407,GPIOC,GPIO,BSHR,0x40011010,0x010,32,1,#,confirmed,evt(ch32v4x7.h)+rm(CH32V407RM.PDF)+rm-address(CH32V407RM.PDF)
CH32V407,GPIOC,GPIO,BCR,0x40011014,0x014,32,1,#,confirmed,evt(ch32v4x7.h)+rm(CH32V407RM.PDF)+rm-address(CH32V407RM.PDF)
CH32V407,GPIOC,GPIO,LCKR,0x40011018,0x018,32,1,#,confirmed,evt(ch32v4x7.h)+rm(CH32V407RM.PDF)+rm-address(CH32V407RM.PDF)
CH32V407,GPIOD,GPIO,CFGLR,0x40011400,0x000,32,1,#,confirmed,evt(ch32v4x7.h)+rm-address(CH32V407RM.PDF)
CH32V407,GPIOD,GPIO,CFGHR,0x40011404,0x004,32,1,#,confirmed,evt(ch32v4x7.h)+rm-address(CH32V407RM.PDF)
CH32V407,GPIOD,GPIO,INDR,0x40011408,0x008,32,1,#,confirmed,evt(ch32v4x7.h)+rm(CH32V407RM.PDF)+rm-address(CH32V407RM.PDF)
CH32V407,GPIOD,GPIO,OUTDR,0x4001140c,0x00c,32,1,#,confirmed,evt(ch32v4x7.h)+rm(CH32V407RM.PDF)+rm-address(CH32V407RM.PDF)
CH32V407,GPIOD,GPIO,BSHR,0x40011410,0x010,32,1,#,confirmed,evt(ch32v4x7.h)+rm(CH32V407RM.PDF)+rm-address(CH32V407RM.PDF)
CH32V407,GPIOD,GPIO,BCR,0x40011414,0x014,32,1,#,confirmed,evt(ch32v4x7.h)+rm(CH32V407RM.PDF)+rm-address(CH32V407RM.PDF)
CH32V407,GPIOD,GPIO,LCKR,0x40011418,0x018,32,1,#,confirmed,evt(ch32v4x7.h)+rm(CH32V407RM.PDF)+rm-address(CH32V407RM.PDF)
CH32V407,GPIOE,GPIO,CFGLR,0x40011800,0x000,32,1,#,confirmed,evt(ch32v4x7.h)+rm-address(CH32V407RM.PDF)
CH32V407,GPIOE,GPIO,CFGHR,0x40011804,0x004,32,1,#,confirmed,evt(ch32v4x7.h)+rm-address(CH32V407RM.PDF)
CH32V407,GPIOE,GPIO,INDR,0x40011808,0x008,32,1,#,confirmed,evt(ch32v4x7.h)+rm(CH32V407RM.PDF)+rm-address(CH32V407RM.PDF)
CH32V407,GPIOE,GPIO,OUTDR,0x4001180c,0x00c,32,1,#,confirmed,evt(ch32v4x7.h)+rm(CH32V407RM.PDF)+rm-address(CH32V407RM.PDF)
CH32V407,GPIOE,GPIO,BSHR,0x40011810,0x010,32,1,#,confirmed,evt(ch32v4x7.h)+rm(CH32V407RM.PDF)+rm-address(CH32V407RM.PDF)
CH32V407,GPIOE,GPIO,BCR,0x40011814,0x014,32,1,#,confirmed,evt(ch32v4x7.h)+rm(CH32V407RM.PDF)+rm-address(CH32V407RM.PDF)
CH32V407,GPIOE,GPIO,LCKR,0x40011818,0x018,32,1,#,confirmed,evt(ch32v4x7.h)+rm(CH32V407RM.PDF)+rm-address(CH32V407RM.PDF)
CH32V407,ADC1,ADC,STATR,0x40012400,0x000,32,1,#,confirmed,evt(ch32v4x7.h)+rm(CH32V407RM.PDF)+rm-address(CH32V407RM.PDF)
CH32V407,ADC1,ADC,CTLR1,0x40012404,0x004,32,1,#,confirmed,evt(ch32v4x7.h)+rm(CH32V407RM.PDF)+rm-address(CH32V407RM.PDF)
CH32V407,ADC1,ADC,CTLR2,0x40012408,0x008,32,1,#,confirmed,evt(ch32v4x7.h)+rm(CH32V407RM.PDF)+rm-address(CH32V407RM.PDF)
CH32V407,ADC1,ADC,SAMPTR1,0x4001240c,0x00c,32,1,#,confirmed,evt(ch32v4x7.h)+rm(CH32V407RM.PDF)+rm-address(CH32V407RM.PDF)
CH32V407,ADC1,ADC,SAMPTR2,0x40012410,0x010,32,1,#,confirmed,evt(ch32v4x7.h)+rm(CH32V407RM.PDF)+rm-address(CH32V407RM.PDF)
CH32V407,ADC1,ADC,IOFR1,0x40012414,0x014,32,1,#,confirmed,evt(ch32v4x7.h)+rm-address(CH32V407RM.PDF)
CH32V407,ADC1,ADC,IOFR2,0x40012418,0x018,32,1,#,confirmed,evt(ch32v4x7.h)+rm-address(CH32V407RM.PDF)
CH32V407,ADC1,ADC,IOFR3,0x4001241c,0x01c,32,1,#,confirmed,evt(ch32v4x7.h)+rm-address(CH32V407RM.PDF)
CH32V407,ADC1,ADC,IOFR4,0x40012420,0x020,32,1,#,confirmed,evt(ch32v4x7.h)+rm-address(CH32V407RM.PDF)
CH32V407,ADC1,ADC,WDHTR,0x40012424,0x024,32,1,#,confirmed,evt(ch32v4x7.h)+rm(CH32V407RM.PDF)+rm-address(CH32V407RM.PDF)
CH32V407,ADC1,ADC,WDLTR,0x40012428,0x028,32,1,#,confirmed,evt(ch32v4x7.h)+rm(CH32V407RM.PDF)+rm-address(CH32V407RM.PDF)
CH32V407,ADC1,ADC,RSQR1,0x4001242c,0x02c,32,1,#,confirmed,evt(ch32v4x7.h)+rm(CH32V407RM.PDF)+rm-address(CH32V407RM.PDF)
CH32V407,ADC1,ADC,RSQR2,0x40012430,0x030,32,1,#,confirmed,evt(ch32v4x7.h)+rm(CH32V407RM.PDF)+rm-address(CH32V407RM.PDF)
CH32V407,ADC1,ADC,RSQR3,0x40012434,0x034,32,1,#,confirmed,evt(ch32v4x7.h)+rm(CH32V407RM.PDF)+rm-address(CH32V407RM.PDF)
CH32V407,ADC1,ADC,ISQR,0x40012438,0x038,32,1,#,confirmed,evt(ch32v4x7.h)+rm(CH32V407RM.PDF)+rm-address(CH32V407RM.PDF)
CH32V407,ADC1,ADC,IDATAR1,0x4001243c,0x03c,32,1,#,confirmed,evt(ch32v4x7.h)+rm-address(CH32V407RM.PDF)
CH32V407,ADC1,ADC,IDATAR2,0x40012440,0x040,32,1,#,confirmed,evt(ch32v4x7.h)+rm-address(CH32V407RM.PDF)
CH32V407,ADC1,ADC,IDATAR3,0x40012444,0x044,32,1,#,confirmed,evt(ch32v4x7.h)+rm-address(CH32V407RM.PDF)
CH32V407,ADC1,ADC,IDATAR4,0x40012448,0x048,32,1,#,confirmed,evt(ch32v4x7.h)+rm-address(CH32V407RM.PDF)
CH32V407,ADC1,ADC,RDATAR,0x4001244c,0x04c,32,1,#,confirmed,evt(ch32v4x7.h)+rm(CH32V407RM.PDF)+rm-address(CH32V407RM.PDF)
CH32V407,ADC1,ADC,AUX,0x40012454,0x054,32,1,#,confirmed,evt(ch32v4x7.h)+rm(CH32V407RM.PDF)+rm-address(CH32V407RM.PDF)
CH32V407,ADC2,ADC,STATR,0x40012800,0x000,32,1,#,confirmed,evt(ch32v4x7.h)+rm(CH32V407RM.PDF)+rm-address(CH32V407RM.PDF)
CH32V407,ADC2,ADC,CTLR1,0x40012804,0x004,32,1,#,confirmed,evt(ch32v4x7.h)+rm(CH32V407RM.PDF)+rm-address(CH32V407RM.PDF)
CH32V407,ADC2,ADC,CTLR2,0x40012808,0x008,32,1,#,confirmed,evt(ch32v4x7.h)+rm(CH32V407RM.PDF)+rm-address(CH32V407RM.PDF)
CH32V407,ADC2,ADC,SAMPTR1,0x4001280c,0x00c,32,1,#,confirmed,evt(ch32v4x7.h)+rm(CH32V407RM.PDF)+rm-address(CH32V407RM.PDF)
CH32V407,ADC2,ADC,SAMPTR2,0x40012810,0x010,32,1,#,confirmed,evt(ch32v4x7.h)+rm(CH32V407RM.PDF)+rm-address(CH32V407RM.PDF)
CH32V407,ADC2,ADC,IOFR1,0x40012814,0x014,32,1,#,confirmed,evt(ch32v4x7.h)+rm-address(CH32V407RM.PDF)
CH32V407,ADC2,ADC,IOFR2,0x40012818,0x018,32,1,#,confirmed,evt(ch32v4x7.h)+rm-address(CH32V407RM.PDF)
CH32V407,ADC2,ADC,IOFR3,0x4001281c,0x01c,32,1,#,confirmed,evt(ch32v4x7.h)+rm-address(CH32V407RM.PDF)
CH32V407,ADC2,ADC,IOFR4,0x40012820,0x020,32,1,#,confirmed,evt(ch32v4x7.h)+rm-address(CH32V407RM.PDF)
CH32V407,ADC2,ADC,WDHTR,0x40012824,0x024,32,1,#,confirmed,evt(ch32v4x7.h)+rm(CH32V407RM.PDF)+rm-address(CH32V407RM.PDF)
CH32V407,ADC2,ADC,WDLTR,0x40012828,0x028,32,1,#,confirmed,evt(ch32v4x7.h)+rm(CH32V407RM.PDF)+rm-address(CH32V407RM.PDF)
CH32V407,ADC2,ADC,RSQR1,0x4001282c,0x02c,32,1,#,confirmed,evt(ch32v4x7.h)+rm(CH32V407RM.PDF)+rm-address(CH32V407RM.PDF)
CH32V407,ADC2,ADC,RSQR2,0x40012830,0x030,32,1,#,confirmed,evt(ch32v4x7.h)+rm(CH32V407RM.PDF)+rm-address(CH32V407RM.PDF)
CH32V407,ADC2,ADC,RSQR3,0x40012834,0x034,32,1,#,confirmed,evt(ch32v4x7.h)+rm(CH32V407RM.PDF)+rm-address(CH32V407RM.PDF)
CH32V407,ADC2,ADC,ISQR,0x40012838,0x038,32,1,#,confirmed,evt(ch32v4x7.h)+rm(CH32V407RM.PDF)+rm-address(CH32V407RM.PDF)
CH32V407,ADC2,ADC,IDATAR1,0x4001283c,0x03c,32,1,#,confirmed,evt(ch32v4x7.h)+rm-address(CH32V407RM.PDF)
CH32V407,ADC2,ADC,IDATAR2,0x40012840,0x040,32,1,#,confirmed,evt(ch32v4x7.h)+rm-address(CH32V407RM.PDF)
CH32V407,ADC2,ADC,IDATAR3,0x40012844,0x044,32,1,#,confirmed,evt(ch32v4x7.h)+rm-address(CH32V407RM.PDF)
CH32V407,ADC2,ADC,IDATAR4,0x40012848,0x048,32,1,#,confirmed,evt(ch32v4x7.h)+rm-address(CH32V407RM.PDF)
CH32V407,ADC2,ADC,RDATAR,0x4001284c,0x04c,32,1,#,confirmed,evt(ch32v4x7.h)+rm(CH32V407RM.PDF)+rm-address(CH32V407RM.PDF)
CH32V407,ADC2,ADC,AUX,0x40012854,0x054,32,1,#,confirmed,evt(ch32v4x7.h)+rm(CH32V407RM.PDF)+rm-address(CH32V407RM.PDF)
CH32V407,TIM1,TIM,CTLR1,0x40012c00,0x000,16,1,#,confirmed,evt(ch32v4x7.h)+rm(CH32V407RM.PDF)+rm-address(CH32V407RM.PDF)
CH32V407,TIM1,TIM,CTLR2,0x40012c04,0x004,16,1,#,confirmed,evt(ch32v4x7.h)+rm(CH32V407RM.PDF)+rm-address(CH32V407RM.PDF)
CH32V407,TIM1,TIM,SMCFGR,0x40012c08,0x008,16,1,#,confirmed,evt(ch32v4x7.h)+rm(CH32V407RM.PDF)+rm-address(CH32V407RM.PDF)
CH32V407,TIM1,TIM,DMAINTENR,0x40012c0c,0x00c,16,1,#,confirmed,evt(ch32v4x7.h)+rm(CH32V407RM.PDF)+rm-address(CH32V407RM.PDF)
CH32V407,TIM1,TIM,INTFR,0x40012c10,0x010,16,1,#,confirmed,evt(ch32v4x7.h)+rm(CH32V407RM.PDF)+rm-address(CH32V407RM.PDF)
CH32V407,TIM1,TIM,SWEVGR,0x40012c14,0x014,16,1,#,confirmed,evt(ch32v4x7.h)+rm(CH32V407RM.PDF)+rm-address(CH32V407RM.PDF)
CH32V407,TIM1,TIM,CHCTLR1,0x40012c18,0x018,16,1,#,confirmed,evt(ch32v4x7.h)+rm(CH32V407RM.PDF)+rm-address(CH32V407RM.PDF)
CH32V407,TIM1,TIM,CHCTLR2,0x40012c1c,0x01c,16,1,#,confirmed,evt(ch32v4x7.h)+rm(CH32V407RM.PDF)+rm-address(CH32V407RM.PDF)
CH32V407,TIM1,TIM,CCER,0x40012c20,0x020,16,1,#,confirmed,evt(ch32v4x7.h)+rm(CH32V407RM.PDF)+rm-address(CH32V407RM.PDF)
CH32V407,TIM1,TIM,CNT,0x40012c24,0x024,16,1,#,confirmed,evt(ch32v4x7.h)+rm(CH32V407RM.PDF)+rm-address(CH32V407RM.PDF)
CH32V407,TIM1,TIM,PSC,0x40012c28,0x028,16,1,#,confirmed,evt(ch32v4x7.h)+rm(CH32V407RM.PDF)+rm-address(CH32V407RM.PDF)
CH32V407,TIM1,TIM,ATRLR,0x40012c2c,0x02c,16,1,#,confirmed,evt(ch32v4x7.h)+rm(CH32V407RM.PDF)+rm-address(CH32V407RM.PDF)
CH32V407,TIM1,TIM,RPTCR,0x40012c30,0x030,16,1,#,confirmed,evt(ch32v4x7.h)+rm(CH32V407RM.PDF)+rm-address(CH32V407RM.PDF)
CH32V407,TIM1,TIM,CH1CVR,0x40012c34,0x034,16,1,#,confirmed,evt(ch32v4x7.h)+rm(CH32V407RM.PDF)+rm-address(CH32V407RM.PDF)
CH32V407,TIM1,TIM,CH2CVR,0x40012c38,0x038,16,1,#,confirmed,evt(ch32v4x7.h)+rm(CH32V407RM.PDF)+rm-address(CH32V407RM.PDF)
CH32V407,TIM1,TIM,CH3CVR,0x40012c3c,0x03c,16,1,#,confirmed,evt(ch32v4x7.h)+rm(CH32V407RM.PDF)+rm-address(CH32V407RM.PDF)
CH32V407,TIM1,TIM,CH4CVR,0x40012c40,0x040,16,1,#,confirmed,evt(ch32v4x7.h)+rm(CH32V407RM.PDF)+rm-address(CH32V407RM.PDF)
CH32V407,TIM1,TIM,BDTR,0x40012c44,0x044,16,1,#,confirmed,evt(ch32v4x7.h)+rm(CH32V407RM.PDF)+rm-address(CH32V407RM.PDF)
CH32V407,TIM1,TIM,DMACFGR,0x40012c48,0x048,16,1,#,confirmed,evt(ch32v4x7.h)+rm(CH32V407RM.PDF)+rm-address(CH32V407RM.PDF)
CH32V407,TIM1,TIM,DMAADR,0x40012c4c,0x04c,16,1,#,confirmed,evt(ch32v4x7.h)+rm(CH32V407RM.PDF)+rm-address(CH32V407RM.PDF)
CH32V407,TIM1,TIM,AUX,0x40012c50,0x050,16,1,#,confirmed,evt(ch32v4x7.h)+rm(CH32V407RM.PDF)+rm-address(CH32V407RM.PDF)
CH32V407,SPI1,SPI,CTLR1,0x40013000,0x000,16,1,#,confirmed,evt(ch32v4x7.h)+rm(CH32V407RM.PDF)+rm-address(CH32V407RM.PDF)
CH32V407,SPI1,SPI,CTLR2,0x40013004,0x004,16,1,#,confirmed,evt(ch32v4x7.h)+rm(CH32V407RM.PDF)+rm-address(CH32V407RM.PDF)
CH32V407,SPI1,SPI,STATR,0x40013008,0x008,16,1,#,confirmed,evt(ch32v4x7.h)+rm(CH32V407RM.PDF)+rm-address(CH32V407RM.PDF)
CH32V407,SPI1,SPI,DATAR,0x4001300c,0x00c,16,1,#,confirmed,evt(ch32v4x7.h)+rm(CH32V407RM.PDF)+rm-address(CH32V407RM.PDF)
CH32V407,SPI1,SPI,CRCR,0x40013010,0x010,16,1,#,confirmed,evt(ch32v4x7.h)+rm(CH32V407RM.PDF)+rm-address(CH32V407RM.PDF)
CH32V407,SPI1,SPI,RCRCR,0x40013014,0x014,16,1,#,confirmed,evt(ch32v4x7.h)+rm(CH32V407RM.PDF)+rm-address(CH32V407RM.PDF)
CH32V407,SPI1,SPI,TCRCR,0x40013018,0x018,16,1,#,confirmed,evt(ch32v4x7.h)+rm(CH32V407RM.PDF)+rm-address(CH32V407RM.PDF)
CH32V407,SPI1,SPI,I2SCFGR,0x4001301c,0x01c,16,1,#,reference,evt(ch32v4x7.h)
CH32V407,SPI1,SPI,I2SPR,0x40013020,0x020,16,1,#,confirmed,evt(ch32v4x7.h)+rm(CH32V407RM.PDF)+rm-address(CH32V407RM.PDF)
CH32V407,SPI1,SPI,HSCR,0x40013024,0x024,16,1,#,confirmed,evt(ch32v4x7.h)+rm(CH32V407RM.PDF)+rm-address(CH32V407RM.PDF)
CH32V407,TIM8,TIM,CTLR1,0x40013400,0x000,16,1,#,confirmed,evt(ch32v4x7.h)+rm(CH32V407RM.PDF)+rm-address(CH32V407RM.PDF)
CH32V407,TIM8,TIM,CTLR2,0x40013404,0x004,16,1,#,confirmed,evt(ch32v4x7.h)+rm(CH32V407RM.PDF)+rm-address(CH32V407RM.PDF)
CH32V407,TIM8,TIM,SMCFGR,0x40013408,0x008,16,1,#,confirmed,evt(ch32v4x7.h)+rm(CH32V407RM.PDF)+rm-address(CH32V407RM.PDF)
CH32V407,TIM8,TIM,DMAINTENR,0x4001340c,0x00c,16,1,#,confirmed,evt(ch32v4x7.h)+rm(CH32V407RM.PDF)+rm-address(CH32V407RM.PDF)
CH32V407,TIM8,TIM,INTFR,0x40013410,0x010,16,1,#,confirmed,evt(ch32v4x7.h)+rm(CH32V407RM.PDF)+rm-address(CH32V407RM.PDF)
CH32V407,TIM8,TIM,SWEVGR,0x40013414,0x014,16,1,#,confirmed,evt(ch32v4x7.h)+rm(CH32V407RM.PDF)+rm-address(CH32V407RM.PDF)
CH32V407,TIM8,TIM,CHCTLR1,0x40013418,0x018,16,1,#,confirmed,evt(ch32v4x7.h)+rm(CH32V407RM.PDF)+rm-address(CH32V407RM.PDF)
CH32V407,TIM8,TIM,CHCTLR2,0x4001341c,0x01c,16,1,#,confirmed,evt(ch32v4x7.h)+rm(CH32V407RM.PDF)+rm-address(CH32V407RM.PDF)
CH32V407,TIM8,TIM,CCER,0x40013420,0x020,16,1,#,confirmed,evt(ch32v4x7.h)+rm(CH32V407RM.PDF)+rm-address(CH32V407RM.PDF)
CH32V407,TIM8,TIM,CNT,0x40013424,0x024,16,1,#,confirmed,evt(ch32v4x7.h)+rm(CH32V407RM.PDF)+rm-address(CH32V407RM.PDF)
CH32V407,TIM8,TIM,PSC,0x40013428,0x028,16,1,#,confirmed,evt(ch32v4x7.h)+rm(CH32V407RM.PDF)+rm-address(CH32V407RM.PDF)
CH32V407,TIM8,TIM,ATRLR,0x4001342c,0x02c,16,1,#,confirmed,evt(ch32v4x7.h)+rm(CH32V407RM.PDF)+rm-address(CH32V407RM.PDF)
CH32V407,TIM8,TIM,RPTCR,0x40013430,0x030,16,1,#,confirmed,evt(ch32v4x7.h)+rm(CH32V407RM.PDF)+rm-address(CH32V407RM.PDF)
CH32V407,TIM8,TIM,CH1CVR,0x40013434,0x034,16,1,#,confirmed,evt(ch32v4x7.h)+rm(CH32V407RM.PDF)+rm-address(CH32V407RM.PDF)
CH32V407,TIM8,TIM,CH2CVR,0x40013438,0x038,16,1,#,confirmed,evt(ch32v4x7.h)+rm(CH32V407RM.PDF)+rm-address(CH32V407RM.PDF)
CH32V407,TIM8,TIM,CH3CVR,0x4001343c,0x03c,16,1,#,confirmed,evt(ch32v4x7.h)+rm(CH32V407RM.PDF)+rm-address(CH32V407RM.PDF)
CH32V407,TIM8,TIM,CH4CVR,0x40013440,0x040,16,1,#,confirmed,evt(ch32v4x7.h)+rm(CH32V407RM.PDF)+rm-address(CH32V407RM.PDF)
CH32V407,TIM8,TIM,BDTR,0x40013444,0x044,16,1,#,confirmed,evt(ch32v4x7.h)+rm(CH32V407RM.PDF)+rm-address(CH32V407RM.PDF)
CH32V407,TIM8,TIM,DMACFGR,0x40013448,0x048,16,1,#,confirmed,evt(ch32v4x7.h)+rm(CH32V407RM.PDF)+rm-address(CH32V407RM.PDF)
CH32V407,TIM8,TIM,DMAADR,0x4001344c,0x04c,16,1,#,confirmed,evt(ch32v4x7.h)+rm(CH32V407RM.PDF)+rm-address(CH32V407RM.PDF)
CH32V407,TIM8,TIM,AUX,0x40013450,0x050,16,1,#,confirmed,evt(ch32v4x7.h)+rm(CH32V407RM.PDF)+rm-address(CH32V407RM.PDF)
CH32V407,USART1,USART,STATR,0x40013800,0x000,16,1,#,confirmed,evt(ch32v4x7.h)+rm(CH32V407RM.PDF)+rm-address(CH32V407RM.PDF)
CH32V407,USART1,USART,DATAR,0x40013804,0x004,16,1,#,confirmed,evt(ch32v4x7.h)+rm(CH32V407RM.PDF)+rm-address(CH32V407RM.PDF)
CH32V407,USART1,USART,BRR,0x40013808,0x008,16,1,#,confirmed,evt(ch32v4x7.h)+rm(CH32V407RM.PDF)+rm-address(CH32V407RM.PDF)
CH32V407,USART1,USART,CTLR1,0x4001380c,0x00c,16,1,#,confirmed,evt(ch32v4x7.h)+rm(CH32V407RM.PDF)+rm-address(CH32V407RM.PDF)
CH32V407,USART1,USART,CTLR2,0x40013810,0x010,16,1,#,confirmed,evt(ch32v4x7.h)+rm(CH32V407RM.PDF)+rm-address(CH32V407RM.PDF)
CH32V407,USART1,USART,CTLR3,0x40013814,0x014,16,1,#,confirmed,evt(ch32v4x7.h)+rm(CH32V407RM.PDF)+rm-address(CH32V407RM.PDF)
CH32V407,USART1,USART,GPR,0x40013818,0x018,16,1,#,confirmed,evt(ch32v4x7.h)+rm(CH32V407RM.PDF)+rm-address(CH32V407RM.PDF)
CH32V407,USART1,USART,CTLR4,0x4001381c,0x01c,16,1,#,confirmed,evt(ch32v4x7.h)+rm(CH32V407RM.PDF)
CH32V407,SDIO,SDIO,POWER,0x40018000,0x000,32,1,#,confirmed,evt(ch32v4x7.h)+rm-address(CH32V407RM.PDF)
CH32V407,SDIO,SDIO,CLKCR,0x40018004,0x004,32,1,#,confirmed,evt(ch32v4x7.h)+rm-address(CH32V407RM.PDF)
CH32V407,SDIO,SDIO,ARG,0x40018008,0x008,32,1,#,confirmed,evt(ch32v4x7.h)+rm-address(CH32V407RM.PDF)
CH32V407,SDIO,SDIO,CMD,0x4001800c,0x00c,32,1,#,confirmed,evt(ch32v4x7.h)+rm-address(CH32V407RM.PDF)
CH32V407,SDIO,SDIO,RESPCMD,0x40018010,0x010,32,1,#,confirmed,evt(ch32v4x7.h)+rm-address(CH32V407RM.PDF)
CH32V407,SDIO,SDIO,RESP1,0x40018014,0x014,32,1,#,reference,evt(ch32v4x7.h)
CH32V407,SDIO,SDIO,RESP2,0x40018018,0x018,32,1,#,reference,evt(ch32v4x7.h)
CH32V407,SDIO,SDIO,RESP3,0x4001801c,0x01c,32,1,#,reference,evt(ch32v4x7.h)
CH32V407,SDIO,SDIO,RESP4,0x40018020,0x020,32,1,#,reference,evt(ch32v4x7.h)
CH32V407,SDIO,SDIO,DTIMER,0x40018024,0x024,32,1,#,confirmed,evt(ch32v4x7.h)+rm-address(CH32V407RM.PDF)
CH32V407,SDIO,SDIO,DLEN,0x40018028,0x028,32,1,#,confirmed,evt(ch32v4x7.h)+rm-address(CH32V407RM.PDF)
CH32V407,SDIO,SDIO,DCTRL,0x4001802c,0x02c,32,1,#,reference,evt(ch32v4x7.h)
CH32V407,SDIO,SDIO,DCOUNT,0x40018030,0x030,32,1,#,confirmed,evt(ch32v4x7.h)+rm-address(CH32V407RM.PDF)
CH32V407,SDIO,SDIO,STA,0x40018034,0x034,32,1,#,confirmed,evt(ch32v4x7.h)+rm-address(CH32V407RM.PDF)
CH32V407,SDIO,SDIO,ICR,0x40018038,0x038,32,1,#,confirmed,evt(ch32v4x7.h)+rm-address(CH32V407RM.PDF)
CH32V407,SDIO,SDIO,MASK,0x4001803c,0x03c,32,1,#,confirmed,evt(ch32v4x7.h)+rm-address(CH32V407RM.PDF)
CH32V407,SDIO,SDIO,FIFOCNT,0x40018048,0x048,32,1,#,confirmed,evt(ch32v4x7.h)+rm-address(CH32V407RM.PDF)
CH32V407,SDIO,SDIO,DCTRL2,0x40018060,0x060,32,1,#,confirmed,evt(ch32v4x7.h)+rm-address(CH32V407RM.PDF)
CH32V407,SDIO,SDIO,FIFO,0x40018080,0x080,32,1,#,confirmed,evt(ch32v4x7.h)+rm-address(CH32V407RM.PDF)
CH32V407,DMA1,DMA,INTFR,0x40020000,0x000,32,1,#,confirmed,evt(ch32v4x7.h)+rm-address(CH32V407RM.PDF)
CH32V407,DMA1,DMA,INTFCR,0x40020004,0x004,32,1,#,confirmed,evt(ch32v4x7.h)+rm-address(CH32V407RM.PDF)
CH32V407,DMA1_Channel1,DMA_Channel,CFGR,0x40020008,0x000,32,1,#,confirmed,evt(ch32v4x7.h)+rm-address(CH32V407RM.PDF)
CH32V407,DMA1_Channel1,DMA_Channel,CNTR,0x4002000c,0x004,32,1,#,confirmed,evt(ch32v4x7.h)+rm-address(CH32V407RM.PDF)
CH32V407,DMA1_Channel1,DMA_Channel,PADDR,0x40020010,0x008,32,1,#,confirmed,evt(ch32v4x7.h)+rm-address(CH32V407RM.PDF)
CH32V407,DMA1_Channel1,DMA_Channel,MADDR,0x40020014,0x00c,32,1,#,confirmed,evt(ch32v4x7.h)+rm-address(CH32V407RM.PDF)
CH32V407,DMA1_Channel2,DMA_Channel,CFGR,0x4002001c,0x000,32,1,#,confirmed,evt(ch32v4x7.h)+rm-address(CH32V407RM.PDF)
CH32V407,DMA1_Channel2,DMA_Channel,CNTR,0x40020020,0x004,32,1,#,confirmed,evt(ch32v4x7.h)+rm-address(CH32V407RM.PDF)
CH32V407,DMA1_Channel2,DMA_Channel,PADDR,0x40020024,0x008,32,1,#,confirmed,evt(ch32v4x7.h)+rm-address(CH32V407RM.PDF)
CH32V407,DMA1_Channel2,DMA_Channel,MADDR,0x40020028,0x00c,32,1,#,confirmed,evt(ch32v4x7.h)+rm-address(CH32V407RM.PDF)
CH32V407,DMA1_Channel3,DMA_Channel,CFGR,0x40020030,0x000,32,1,#,confirmed,evt(ch32v4x7.h)+rm-address(CH32V407RM.PDF)
CH32V407,DMA1_Channel3,DMA_Channel,CNTR,0x40020034,0x004,32,1,#,confirmed,evt(ch32v4x7.h)+rm-address(CH32V407RM.PDF)
CH32V407,DMA1_Channel3,DMA_Channel,PADDR,0x40020038,0x008,32,1,#,confirmed,evt(ch32v4x7.h)+rm-address(CH32V407RM.PDF)
CH32V407,DMA1_Channel3,DMA_Channel,MADDR,0x4002003c,0x00c,32,1,#,confirmed,evt(ch32v4x7.h)+rm-address(CH32V407RM.PDF)
CH32V407,DMA1_Channel4,DMA_Channel,CFGR,0x40020044,0x000,32,1,#,confirmed,evt(ch32v4x7.h)+rm-address(CH32V407RM.PDF)
CH32V407,DMA1_Channel4,DMA_Channel,CNTR,0x40020048,0x004,32,1,#,confirmed,evt(ch32v4x7.h)+rm-address(CH32V407RM.PDF)
CH32V407,DMA1_Channel4,DMA_Channel,PADDR,0x4002004c,0x008,32,1,#,confirmed,evt(ch32v4x7.h)+rm-address(CH32V407RM.PDF)
CH32V407,DMA1_Channel4,DMA_Channel,MADDR,0x40020050,0x00c,32,1,#,confirmed,evt(ch32v4x7.h)+rm-address(CH32V407RM.PDF)
CH32V407,DMA1_Channel5,DMA_Channel,CFGR,0x40020058,0x000,32,1,#,confirmed,evt(ch32v4x7.h)+rm-address(CH32V407RM.PDF)
CH32V407,DMA1_Channel5,DMA_Channel,CNTR,0x4002005c,0x004,32,1,#,confirmed,evt(ch32v4x7.h)+rm-address(CH32V407RM.PDF)
CH32V407,DMA1_Channel5,DMA_Channel,PADDR,0x40020060,0x008,32,1,#,confirmed,evt(ch32v4x7.h)+rm-address(CH32V407RM.PDF)
CH32V407,DMA1_Channel5,DMA_Channel,MADDR,0x40020064,0x00c,32,1,#,confirmed,evt(ch32v4x7.h)+rm-address(CH32V407RM.PDF)
CH32V407,DMA1_Channel6,DMA_Channel,CFGR,0x4002006c,0x000,32,1,#,confirmed,evt(ch32v4x7.h)+rm-address(CH32V407RM.PDF)
CH32V407,DMA1_Channel6,DMA_Channel,CNTR,0x40020070,0x004,32,1,#,confirmed,evt(ch32v4x7.h)+rm-address(CH32V407RM.PDF)
CH32V407,DMA1_Channel6,DMA_Channel,PADDR,0x40020074,0x008,32,1,#,confirmed,evt(ch32v4x7.h)+rm-address(CH32V407RM.PDF)
CH32V407,DMA1_Channel6,DMA_Channel,MADDR,0x40020078,0x00c,32,1,#,confirmed,evt(ch32v4x7.h)+rm-address(CH32V407RM.PDF)
CH32V407,DMA1_Channel7,DMA_Channel,CFGR,0x40020080,0x000,32,1,#,confirmed,evt(ch32v4x7.h)+rm-address(CH32V407RM.PDF)
CH32V407,DMA1_Channel7,DMA_Channel,CNTR,0x40020084,0x004,32,1,#,confirmed,evt(ch32v4x7.h)+rm-address(CH32V407RM.PDF)
CH32V407,DMA1_Channel7,DMA_Channel,PADDR,0x40020088,0x008,32,1,#,confirmed,evt(ch32v4x7.h)+rm-address(CH32V407RM.PDF)
CH32V407,DMA1_Channel7,DMA_Channel,MADDR,0x4002008c,0x00c,32,1,#,confirmed,evt(ch32v4x7.h)+rm-address(CH32V407RM.PDF)
CH32V407,DMA1_Channel8,DMA_Channel,CFGR,0x40020090,0x000,32,1,#,confirmed,evt(ch32v4x7.h)+rm-address(CH32V407RM.PDF)
CH32V407,DMA1_Channel8,DMA_Channel,CNTR,0x40020094,0x004,32,1,#,confirmed,evt(ch32v4x7.h)+rm-address(CH32V407RM.PDF)
CH32V407,DMA1_Channel8,DMA_Channel,PADDR,0x40020098,0x008,32,1,#,confirmed,evt(ch32v4x7.h)+rm-address(CH32V407RM.PDF)
CH32V407,DMA1_Channel8,DMA_Channel,MADDR,0x4002009c,0x00c,32,1,#,confirmed,evt(ch32v4x7.h)+rm-address(CH32V407RM.PDF)
CH32V407,DMA1_Channel9,DMA_Channel,CFGR,0x400200a0,0x000,32,1,#,confirmed,evt(ch32v4x7.h)+rm-address(CH32V407RM.PDF)
CH32V407,DMA1_Channel9,DMA_Channel,CNTR,0x400200a4,0x004,32,1,#,confirmed,evt(ch32v4x7.h)+rm-address(CH32V407RM.PDF)
CH32V407,DMA1_Channel9,DMA_Channel,PADDR,0x400200a8,0x008,32,1,#,confirmed,evt(ch32v4x7.h)+rm-address(CH32V407RM.PDF)
CH32V407,DMA1_Channel9,DMA_Channel,MADDR,0x400200ac,0x00c,32,1,#,confirmed,evt(ch32v4x7.h)+rm-address(CH32V407RM.PDF)
CH32V407,DMA1_Channel10,DMA_Channel,CFGR,0x400200b0,0x000,32,1,#,confirmed,evt(ch32v4x7.h)+rm-address(CH32V407RM.PDF)
CH32V407,DMA1_Channel10,DMA_Channel,CNTR,0x400200b4,0x004,32,1,#,confirmed,evt(ch32v4x7.h)+rm-address(CH32V407RM.PDF)
CH32V407,DMA1_Channel10,DMA_Channel,PADDR,0x400200b8,0x008,32,1,#,confirmed,evt(ch32v4x7.h)+rm-address(CH32V407RM.PDF)
CH32V407,DMA1_Channel10,DMA_Channel,MADDR,0x400200bc,0x00c,32,1,#,confirmed,evt(ch32v4x7.h)+rm-address(CH32V407RM.PDF)
CH32V407,DMA1_Channel11,DMA_Channel,CFGR,0x400200c0,0x000,32,1,#,confirmed,evt(ch32v4x7.h)+rm-address(CH32V407RM.PDF)
CH32V407,DMA1_Channel11,DMA_Channel,CNTR,0x400200c4,0x004,32,1,#,confirmed,evt(ch32v4x7.h)+rm-address(CH32V407RM.PDF)
CH32V407,DMA1_Channel11,DMA_Channel,PADDR,0x400200c8,0x008,32,1,#,confirmed,evt(ch32v4x7.h)+rm-address(CH32V407RM.PDF)
CH32V407,DMA1_Channel11,DMA_Channel,MADDR,0x400200cc,0x00c,32,1,#,confirmed,evt(ch32v4x7.h)+rm-address(CH32V407RM.PDF)
CH32V407,DMA1_Channel12,DMA_Channel,CFGR,0x400200d0,0x000,32,1,#,confirmed,evt(ch32v4x7.h)+rm-address(CH32V407RM.PDF)
CH32V407,DMA1_Channel12,DMA_Channel,CNTR,0x400200d4,0x004,32,1,#,confirmed,evt(ch32v4x7.h)+rm-address(CH32V407RM.PDF)
CH32V407,DMA1_Channel12,DMA_Channel,PADDR,0x400200d8,0x008,32,1,#,confirmed,evt(ch32v4x7.h)+rm-address(CH32V407RM.PDF)
CH32V407,DMA1_Channel12,DMA_Channel,MADDR,0x400200dc,0x00c,32,1,#,confirmed,evt(ch32v4x7.h)+rm-address(CH32V407RM.PDF)
CH32V407,DMA1_Channel13,DMA_Channel,CFGR,0x400200e0,0x000,32,1,#,confirmed,evt(ch32v4x7.h)+rm-address(CH32V407RM.PDF)
CH32V407,DMA1_Channel13,DMA_Channel,CNTR,0x400200e4,0x004,32,1,#,confirmed,evt(ch32v4x7.h)+rm-address(CH32V407RM.PDF)
CH32V407,DMA1_Channel13,DMA_Channel,PADDR,0x400200e8,0x008,32,1,#,confirmed,evt(ch32v4x7.h)+rm-address(CH32V407RM.PDF)
CH32V407,DMA1_Channel13,DMA_Channel,MADDR,0x400200ec,0x00c,32,1,#,confirmed,evt(ch32v4x7.h)+rm-address(CH32V407RM.PDF)
CH32V407,DMA1_EXTEN,DMA,INTFR,0x400200f0,0x000,32,1,#,reference,evt(ch32v4x7.h)+rm-address(CH32V407RM.PDF)
CH32V407,DMA1_EXTEN,DMA,INTFCR,0x400200f4,0x004,32,1,#,reference,evt(ch32v4x7.h)+rm-address(CH32V407RM.PDF)
CH32V407,DMA2,DMA,INTFR,0x40020400,0x000,32,1,#,confirmed,evt(ch32v4x7.h)+rm-address(CH32V407RM.PDF)
CH32V407,DMA2,DMA,INTFCR,0x40020404,0x004,32,1,#,confirmed,evt(ch32v4x7.h)+rm-address(CH32V407RM.PDF)
CH32V407,DMA2_Channel1,DMA_Channel,CFGR,0x40020408,0x000,32,1,#,confirmed,evt(ch32v4x7.h)+rm-address(CH32V407RM.PDF)
CH32V407,DMA2_Channel1,DMA_Channel,CNTR,0x4002040c,0x004,32,1,#,confirmed,evt(ch32v4x7.h)+rm-address(CH32V407RM.PDF)
CH32V407,DMA2_Channel1,DMA_Channel,PADDR,0x40020410,0x008,32,1,#,confirmed,evt(ch32v4x7.h)+rm-address(CH32V407RM.PDF)
CH32V407,DMA2_Channel1,DMA_Channel,MADDR,0x40020414,0x00c,32,1,#,confirmed,evt(ch32v4x7.h)+rm-address(CH32V407RM.PDF)
CH32V407,DMA2_Channel2,DMA_Channel,CFGR,0x4002041c,0x000,32,1,#,confirmed,evt(ch32v4x7.h)+rm-address(CH32V407RM.PDF)
CH32V407,DMA2_Channel2,DMA_Channel,CNTR,0x40020420,0x004,32,1,#,confirmed,evt(ch32v4x7.h)+rm-address(CH32V407RM.PDF)
CH32V407,DMA2_Channel2,DMA_Channel,PADDR,0x40020424,0x008,32,1,#,confirmed,evt(ch32v4x7.h)+rm-address(CH32V407RM.PDF)
CH32V407,DMA2_Channel2,DMA_Channel,MADDR,0x40020428,0x00c,32,1,#,confirmed,evt(ch32v4x7.h)+rm-address(CH32V407RM.PDF)
CH32V407,DMA2_Channel3,DMA_Channel,CFGR,0x40020430,0x000,32,1,#,confirmed,evt(ch32v4x7.h)+rm-address(CH32V407RM.PDF)
CH32V407,DMA2_Channel3,DMA_Channel,CNTR,0x40020434,0x004,32,1,#,confirmed,evt(ch32v4x7.h)+rm-address(CH32V407RM.PDF)
CH32V407,DMA2_Channel3,DMA_Channel,PADDR,0x40020438,0x008,32,1,#,confirmed,evt(ch32v4x7.h)+rm-address(CH32V407RM.PDF)
CH32V407,DMA2_Channel3,DMA_Channel,MADDR,0x4002043c,0x00c,32,1,#,confirmed,evt(ch32v4x7.h)+rm-address(CH32V407RM.PDF)
CH32V407,DMA2_Channel4,DMA_Channel,CFGR,0x40020444,0x000,32,1,#,confirmed,evt(ch32v4x7.h)+rm-address(CH32V407RM.PDF)
CH32V407,DMA2_Channel4,DMA_Channel,CNTR,0x40020448,0x004,32,1,#,confirmed,evt(ch32v4x7.h)+rm-address(CH32V407RM.PDF)
CH32V407,DMA2_Channel4,DMA_Channel,PADDR,0x4002044c,0x008,32,1,#,confirmed,evt(ch32v4x7.h)+rm-address(CH32V407RM.PDF)
CH32V407,DMA2_Channel4,DMA_Channel,MADDR,0x40020450,0x00c,32,1,#,confirmed,evt(ch32v4x7.h)+rm-address(CH32V407RM.PDF)
CH32V407,DMA2_Channel5,DMA_Channel,CFGR,0x40020458,0x000,32,1,#,confirmed,evt(ch32v4x7.h)+rm-address(CH32V407RM.PDF)
CH32V407,DMA2_Channel5,DMA_Channel,CNTR,0x4002045c,0x004,32,1,#,confirmed,evt(ch32v4x7.h)+rm-address(CH32V407RM.PDF)
CH32V407,DMA2_Channel5,DMA_Channel,PADDR,0x40020460,0x008,32,1,#,confirmed,evt(ch32v4x7.h)+rm-address(CH32V407RM.PDF)
CH32V407,DMA2_Channel5,DMA_Channel,MADDR,0x40020464,0x00c,32,1,#,confirmed,evt(ch32v4x7.h)+rm-address(CH32V407RM.PDF)
CH32V407,DMA2_Channel6,DMA_Channel,CFGR,0x4002046c,0x000,32,1,#,confirmed,evt(ch32v4x7.h)+rm-address(CH32V407RM.PDF)
CH32V407,DMA2_Channel6,DMA_Channel,CNTR,0x40020470,0x004,32,1,#,confirmed,evt(ch32v4x7.h)+rm-address(CH32V407RM.PDF)
CH32V407,DMA2_Channel6,DMA_Channel,PADDR,0x40020474,0x008,32,1,#,confirmed,evt(ch32v4x7.h)+rm-address(CH32V407RM.PDF)
CH32V407,DMA2_Channel6,DMA_Channel,MADDR,0x40020478,0x00c,32,1,#,confirmed,evt(ch32v4x7.h)+rm-address(CH32V407RM.PDF)
CH32V407,DMA2_Channel7,DMA_Channel,CFGR,0x40020480,0x000,32,1,#,confirmed,evt(ch32v4x7.h)+rm-address(CH32V407RM.PDF)
CH32V407,DMA2_Channel7,DMA_Channel,CNTR,0x40020484,0x004,32,1,#,confirmed,evt(ch32v4x7.h)+rm-address(CH32V407RM.PDF)
CH32V407,DMA2_Channel7,DMA_Channel,PADDR,0x40020488,0x008,32,1,#,confirmed,evt(ch32v4x7.h)+rm-address(CH32V407RM.PDF)
CH32V407,DMA2_Channel7,DMA_Channel,MADDR,0x4002048c,0x00c,32,1,#,confirmed,evt(ch32v4x7.h)+rm-address(CH32V407RM.PDF)
CH32V407,DMA2_Channel8,DMA_Channel,CFGR,0x40020490,0x000,32,1,#,confirmed,evt(ch32v4x7.h)+rm-address(CH32V407RM.PDF)
CH32V407,DMA2_Channel8,DMA_Channel,CNTR,0x40020494,0x004,32,1,#,confirmed,evt(ch32v4x7.h)+rm-address(CH32V407RM.PDF)
CH32V407,DMA2_Channel8,DMA_Channel,PADDR,0x40020498,0x008,32,1,#,confirmed,evt(ch32v4x7.h)+rm-address(CH32V407RM.PDF)
CH32V407,DMA2_Channel8,DMA_Channel,MADDR,0x4002049c,0x00c,32,1,#,confirmed,evt(ch32v4x7.h)+rm-address(CH32V407RM.PDF)
CH32V407,DMA2_Channel9,DMA_Channel,CFGR,0x400204a0,0x000,32,1,#,confirmed,evt(ch32v4x7.h)+rm-address(CH32V407RM.PDF)
CH32V407,DMA2_Channel9,DMA_Channel,CNTR,0x400204a4,0x004,32,1,#,confirmed,evt(ch32v4x7.h)+rm-address(CH32V407RM.PDF)
CH32V407,DMA2_Channel9,DMA_Channel,PADDR,0x400204a8,0x008,32,1,#,confirmed,evt(ch32v4x7.h)+rm-address(CH32V407RM.PDF)
CH32V407,DMA2_Channel9,DMA_Channel,MADDR,0x400204ac,0x00c,32,1,#,confirmed,evt(ch32v4x7.h)+rm-address(CH32V407RM.PDF)
CH32V407,DMA2_Channel10,DMA_Channel,CFGR,0x400204b0,0x000,32,1,#,confirmed,evt(ch32v4x7.h)+rm-address(CH32V407RM.PDF)
CH32V407,DMA2_Channel10,DMA_Channel,CNTR,0x400204b4,0x004,32,1,#,confirmed,evt(ch32v4x7.h)+rm-address(CH32V407RM.PDF)
CH32V407,DMA2_Channel10,DMA_Channel,PADDR,0x400204b8,0x008,32,1,#,confirmed,evt(ch32v4x7.h)+rm-address(CH32V407RM.PDF)
CH32V407,DMA2_Channel10,DMA_Channel,MADDR,0x400204bc,0x00c,32,1,#,confirmed,evt(ch32v4x7.h)+rm-address(CH32V407RM.PDF)
CH32V407,DMA2_Channel11,DMA_Channel,CFGR,0x400204c0,0x000,32,1,#,confirmed,evt(ch32v4x7.h)+rm-address(CH32V407RM.PDF)
CH32V407,DMA2_Channel11,DMA_Channel,CNTR,0x400204c4,0x004,32,1,#,confirmed,evt(ch32v4x7.h)+rm-address(CH32V407RM.PDF)
CH32V407,DMA2_Channel11,DMA_Channel,PADDR,0x400204c8,0x008,32,1,#,confirmed,evt(ch32v4x7.h)+rm-address(CH32V407RM.PDF)
CH32V407,DMA2_Channel11,DMA_Channel,MADDR,0x400204cc,0x00c,32,1,#,confirmed,evt(ch32v4x7.h)+rm-address(CH32V407RM.PDF)
CH32V407,DMA2_EXTEN,DMA,INTFR,0x400204d0,0x000,32,1,#,reference,evt(ch32v4x7.h)+rm-address(CH32V407RM.PDF)
CH32V407,DMA2_EXTEN,DMA,INTFCR,0x400204d4,0x004,32,1,#,reference,evt(ch32v4x7.h)+rm-address(CH32V407RM.PDF)
CH32V407,RCC,RCC,CTLR,0x40021000,0x000,32,1,#,confirmed,evt(ch32v4x7.h)+rm(CH32V407RM.PDF)+rm-address(CH32V407RM.PDF)
CH32V407,RCC,RCC,CFGR0,0x40021004,0x004,32,1,#,confirmed,evt(ch32v4x7.h)+rm(CH32V407RM.PDF)+rm-address(CH32V407RM.PDF)
CH32V407,RCC,RCC,INTR,0x40021008,0x008,32,1,#,confirmed,evt(ch32v4x7.h)+rm(CH32V407RM.PDF)+rm-address(CH32V407RM.PDF)
CH32V407,RCC,RCC,PB2PRSTR,0x4002100c,0x00c,32,1,#,confirmed,evt(ch32v4x7.h)+rm(CH32V407RM.PDF)+rm-address(CH32V407RM.PDF)
CH32V407,RCC,RCC,PB1PRSTR,0x40021010,0x010,32,1,#,confirmed,evt(ch32v4x7.h)+rm(CH32V407RM.PDF)+rm-address(CH32V407RM.PDF)
CH32V407,RCC,RCC,HBPCENR,0x40021014,0x014,32,1,#,confirmed,evt(ch32v4x7.h)+rm(CH32V407RM.PDF)+rm-address(CH32V407RM.PDF)
CH32V407,RCC,RCC,PB2PCENR,0x40021018,0x018,32,1,#,confirmed,evt(ch32v4x7.h)+rm(CH32V407RM.PDF)+rm-address(CH32V407RM.PDF)
CH32V407,RCC,RCC,PB1PCENR,0x4002101c,0x01c,32,1,#,confirmed,evt(ch32v4x7.h)+rm(CH32V407RM.PDF)+rm-address(CH32V407RM.PDF)
CH32V407,RCC,RCC,BDCTLR,0x40021020,0x020,32,1,#,confirmed,evt(ch32v4x7.h)+rm(CH32V407RM.PDF)+rm-address(CH32V407RM.PDF)
CH32V407,RCC,RCC,RSTSCKR,0x40021024,0x024,32,1,#,confirmed,evt(ch32v4x7.h)+rm(CH32V407RM.PDF)+rm-address(CH32V407RM.PDF)
CH32V407,RCC,RCC,HBRSTR,0x40021028,0x028,32,1,#,confirmed,evt(ch32v4x7.h)+rm(CH32V407RM.PDF)+rm-address(CH32V407RM.PDF)
CH32V407,RCC,RCC,CFGR2,0x4002102c,0x02c,32,1,#,confirmed,evt(ch32v4x7.h)+rm(CH32V407RM.PDF)+rm-address(CH32V407RM.PDF)
CH32V407,RCC,RCC,CFGR3,0x40021030,0x030,32,1,#,confirmed,evt(ch32v4x7.h)+rm(CH32V407RM.PDF)+rm-address(CH32V407RM.PDF)
CH32V407,FLASH,FLASH,ACTLR,0x40022000,0x000,32,1,#,reference,evt(ch32v4x7.h)
CH32V407,FLASH,FLASH,KEYR,0x40022004,0x004,32,1,#,confirmed,evt(ch32v4x7.h)+rm(CH32V407RM.PDF)+rm-address(CH32V407RM.PDF)
CH32V407,FLASH,FLASH,OBKEYR,0x40022008,0x008,32,1,#,confirmed,evt(ch32v4x7.h)+rm(CH32V407RM.PDF)+rm-address(CH32V407RM.PDF)
CH32V407,FLASH,FLASH,STATR,0x4002200c,0x00c,32,1,#,confirmed,evt(ch32v4x7.h)+rm(CH32V407RM.PDF)+rm-address(CH32V407RM.PDF)
CH32V407,FLASH,FLASH,CTLR,0x40022010,0x010,32,1,#,confirmed,evt(ch32v4x7.h)+rm(CH32V407RM.PDF)+rm-address(CH32V407RM.PDF)
CH32V407,FLASH,FLASH,ADDR,0x40022014,0x014,32,1,#,confirmed,evt(ch32v4x7.h)+rm(CH32V407RM.PDF)+rm-address(CH32V407RM.PDF)
CH32V407,FLASH,FLASH,OBR,0x4002201c,0x01c,32,1,#,confirmed,evt(ch32v4x7.h)+rm(CH32V407RM.PDF)+rm-address(CH32V407RM.PDF)
CH32V407,FLASH,FLASH,WPR,0x40022020,0x020,32,1,#,confirmed,evt(ch32v4x7.h)+rm(CH32V407RM.PDF)+rm-address(CH32V407RM.PDF)
CH32V407,FLASH,FLASH,MODEKEYR,0x40022024,0x024,32,1,#,confirmed,evt(ch32v4x7.h)+rm(CH32V407RM.PDF)+rm-address(CH32V407RM.PDF)
CH32V407,CRC,CRC,DATAR,0x40023000,0x000,32,1,#,confirmed,evt(ch32v4x7.h)+rm(CH32V407RM.PDF)+rm-address(CH32V407RM.PDF)
CH32V407,CRC,CRC,IDATAR,0x40023004,0x004,8,1,#,confirmed,evt(ch32v4x7.h)+rm(CH32V407RM.PDF)+rm-address(CH32V407RM.PDF)
CH32V407,CRC,CRC,CTLR,0x40023008,0x008,32,1,#,confirmed,evt(ch32v4x7.h)+rm(CH32V407RM.PDF)+rm-address(CH32V407RM.PDF)
CH32V407,USBHS2D,USBHSD,CONTROL,0x40023400,0x000,8,1,#,reference,evt(ch32v4x7.h)
CH32V407,USBHS2D,USBHSD,BASE_MODE,0x40023401,0x001,8,1,#,reference,evt(ch32v4x7.h)
CH32V407,USBHS2D,USBHSD,INT_EN,0x40023402,0x002,8,1,#,reference,evt(ch32v4x7.h)
CH32V407,USBHS2D,USBHSD,DEV_AD,0x40023403,0x003,8,1,#,reference,evt(ch32v4x7.h)
CH32V407,USBHS2D,USBHSD,WAKE_CTRL,0x40023404,0x004,8,1,#,reference,evt(ch32v4x7.h)
CH32V407,USBHS2D,USBHSD,TEST_MODE,0x40023405,0x005,8,1,#,reference,evt(ch32v4x7.h)
CH32V407,USBHS2D,USBHSD,LPM_DATA,0x40023406,0x006,16,1,#,reference,evt(ch32v4x7.h)
CH32V407,USBHS2D,USBHSD,INT_FG,0x40023408,0x008,8,1,#,reference,evt(ch32v4x7.h)
CH32V407,USBHS2D,USBHSD,INT_ST,0x40023409,0x009,8,1,#,reference,evt(ch32v4x7.h)
CH32V407,USBHS2D,USBHSD,MIS_ST,0x4002340a,0x00a,8,1,#,reference,evt(ch32v4x7.h)
CH32V407,USBHS2D,USBHSD,FRAME_NO,0x4002340c,0x00c,16,1,#,reference,evt(ch32v4x7.h)
CH32V407,USBHS2D,USBHSD,BUS,0x4002340e,0x00e,16,1,#,reference,evt(ch32v4x7.h)
CH32V407,USBHS2D,USBHSD,UEP_TX_EN,0x40023410,0x010,16,1,#,reference,evt(ch32v4x7.h)
CH32V407,USBHS2D,USBHSD,UEP_RX_EN,0x40023412,0x012,16,1,#,reference,evt(ch32v4x7.h)
CH32V407,USBHS2D,USBHSD,UEP_TX_TOG_AUTO,0x40023414,0x014,16,1,#,reference,evt(ch32v4x7.h)
CH32V407,USBHS2D,USBHSD,UEP_RX_TOG_AUTO,0x40023416,0x016,16,1,#,reference,evt(ch32v4x7.h)
CH32V407,USBHS2D,USBHSD,UEP_TX_BURST,0x40023418,0x018,8,1,#,reference,evt(ch32v4x7.h)
CH32V407,USBHS2D,USBHSD,UEP_TX_BURST_MODE,0x40023419,0x019,8,1,#,reference,evt(ch32v4x7.h)
CH32V407,USBHS2D,USBHSD,UEP_RX_BURST,0x4002341a,0x01a,8,1,#,reference,evt(ch32v4x7.h)
CH32V407,USBHS2D,USBHSD,UEP_RX_RES_MODE,0x4002341b,0x01b,8,1,#,reference,evt(ch32v4x7.h)
CH32V407,USBHS2D,USBHSD,UEP_AF_MODE,0x4002341c,0x01c,32,1,#,reference,evt(ch32v4x7.h)
CH32V407,USBHS2D,USBHSD,UEP0_DMA,0x40023420,0x020,32,1,#,reference,evt(ch32v4x7.h)
CH32V407,USBHS2D,USBHSD,UEP1_RX_DMA,0x40023424,0x024,32,1,#,reference,evt(ch32v4x7.h)
CH32V407,USBHS2D,USBHSD,UEP2_RX_DMA,0x40023428,0x028,32,1,#,reference,evt(ch32v4x7.h)
CH32V407,USBHS2D,USBHSD,UEP3_RX_DMA,0x4002342c,0x02c,32,1,#,reference,evt(ch32v4x7.h)
CH32V407,USBHS2D,USBHSD,UEP4_RX_DMA,0x40023430,0x030,32,1,#,reference,evt(ch32v4x7.h)
CH32V407,USBHS2D,USBHSD,UEP5_RX_DMA,0x40023434,0x034,32,1,#,reference,evt(ch32v4x7.h)
CH32V407,USBHS2D,USBHSD,UEP6_RX_DMA,0x40023438,0x038,32,1,#,reference,evt(ch32v4x7.h)
CH32V407,USBHS2D,USBHSD,UEP7_RX_DMA,0x4002343c,0x03c,32,1,#,reference,evt(ch32v4x7.h)
CH32V407,USBHS2D,USBHSD,UEP1_TX_DMA,0x40023440,0x040,32,1,#,reference,evt(ch32v4x7.h)
CH32V407,USBHS2D,USBHSD,UEP2_TX_DMA,0x40023444,0x044,32,1,#,reference,evt(ch32v4x7.h)
CH32V407,USBHS2D,USBHSD,UEP3_TX_DMA,0x40023448,0x048,32,1,#,reference,evt(ch32v4x7.h)
CH32V407,USBHS2D,USBHSD,UEP4_TX_DMA,0x4002344c,0x04c,32,1,#,reference,evt(ch32v4x7.h)
CH32V407,USBHS2D,USBHSD,UEP5_TX_DMA,0x40023450,0x050,32,1,#,reference,evt(ch32v4x7.h)
CH32V407,USBHS2D,USBHSD,UEP6_TX_DMA,0x40023454,0x054,32,1,#,reference,evt(ch32v4x7.h)
CH32V407,USBHS2D,USBHSD,UEP7_TX_DMA,0x40023458,0x058,32,1,#,reference,evt(ch32v4x7.h)
CH32V407,USBHS2D,USBHSD,UEP0_MAX_LEN,0x4002345c,0x05c,32,1,#,reference,evt(ch32v4x7.h)
CH32V407,USBHS2D,USBHSD,UEP1_MAX_LEN,0x40023460,0x060,32,1,#,reference,evt(ch32v4x7.h)
CH32V407,USBHS2D,USBHSD,UEP2_MAX_LEN,0x40023464,0x064,32,1,#,reference,evt(ch32v4x7.h)
CH32V407,USBHS2D,USBHSD,UEP3_MAX_LEN,0x40023468,0x068,32,1,#,reference,evt(ch32v4x7.h)
CH32V407,USBHS2D,USBHSD,UEP4_MAX_LEN,0x4002346c,0x06c,32,1,#,reference,evt(ch32v4x7.h)
CH32V407,USBHS2D,USBHSD,UEP5_MAX_LEN,0x40023470,0x070,32,1,#,reference,evt(ch32v4x7.h)
CH32V407,USBHS2D,USBHSD,UEP6_MAX_LEN,0x40023474,0x074,32,1,#,reference,evt(ch32v4x7.h)
CH32V407,USBHS2D,USBHSD,UEP7_MAX_LEN,0x40023478,0x078,32,1,#,reference,evt(ch32v4x7.h)
CH32V407,USBHS2D,USBHSD,UEP0_RX_LEN,0x4002347c,0x07c,16,1,#,reference,evt(ch32v4x7.h)
CH32V407,USBHS2D,USBHSD,UEP1_RX_LEN,0x40023480,0x080,16,1,#,reference,evt(ch32v4x7.h)
CH32V407,USBHS2D,USBHSD,UEP1_RX_SIZE,0x40023482,0x082,16,1,#,reference,evt(ch32v4x7.h)
CH32V407,USBHS2D,USBHSD,UEP2_RX_LEN,0x40023484,0x084,16,1,#,reference,evt(ch32v4x7.h)
CH32V407,USBHS2D,USBHSD,UEP2_RX_SIZE,0x40023486,0x086,16,1,#,reference,evt(ch32v4x7.h)
CH32V407,USBHS2D,USBHSD,UEP3_RX_LEN,0x40023488,0x088,16,1,#,reference,evt(ch32v4x7.h)
CH32V407,USBHS2D,USBHSD,UEP3_RX_SIZE,0x4002348a,0x08a,16,1,#,reference,evt(ch32v4x7.h)
CH32V407,USBHS2D,USBHSD,UEP4_RX_LEN,0x4002348c,0x08c,16,1,#,reference,evt(ch32v4x7.h)
CH32V407,USBHS2D,USBHSD,UEP4_RX_SIZE,0x4002348e,0x08e,16,1,#,reference,evt(ch32v4x7.h)
CH32V407,USBHS2D,USBHSD,UEP5_RX_LEN,0x40023490,0x090,16,1,#,reference,evt(ch32v4x7.h)
CH32V407,USBHS2D,USBHSD,UEP5_RX_SIZE,0x40023492,0x092,16,1,#,reference,evt(ch32v4x7.h)
CH32V407,USBHS2D,USBHSD,UEP6_RX_LEN,0x40023494,0x094,16,1,#,reference,evt(ch32v4x7.h)
CH32V407,USBHS2D,USBHSD,UEP6_RX_SIZE,0x40023496,0x096,16,1,#,reference,evt(ch32v4x7.h)
CH32V407,USBHS2D,USBHSD,UEP7_RX_LEN,0x40023498,0x098,16,1,#,reference,evt(ch32v4x7.h)
CH32V407,USBHS2D,USBHSD,UEP7_RX_SIZE,0x4002349a,0x09a,16,1,#,reference,evt(ch32v4x7.h)
CH32V407,USBHS2D,USBHSD,UEP0_TX_LEN,0x4002349c,0x09c,16,1,#,reference,evt(ch32v4x7.h)
CH32V407,USBHS2D,USBHSD,UEP0_TX_CTRL,0x4002349e,0x09e,8,1,#,reference,evt(ch32v4x7.h)
CH32V407,USBHS2D,USBHSD,UEP0_RX_CTRL,0x4002349f,0x09f,8,1,#,reference,evt(ch32v4x7.h)
CH32V407,USBHS2D,USBHSD,UEP1_TX_LEN,0x400234a0,0x0a0,16,1,#,reference,evt(ch32v4x7.h)
CH32V407,USBHS2D,USBHSD,UEP1_TX_CTRL,0x400234a2,0x0a2,8,1,#,reference,evt(ch32v4x7.h)
CH32V407,USBHS2D,USBHSD,UEP1_RX_CTRL,0x400234a3,0x0a3,8,1,#,reference,evt(ch32v4x7.h)
CH32V407,USBHS2D,USBHSD,UEP2_TX_LEN,0x400234a4,0x0a4,16,1,#,reference,evt(ch32v4x7.h)
CH32V407,USBHS2D,USBHSD,UEP2_TX_CTRL,0x400234a6,0x0a6,8,1,#,reference,evt(ch32v4x7.h)
CH32V407,USBHS2D,USBHSD,UEP2_RX_CTRL,0x400234a7,0x0a7,8,1,#,reference,evt(ch32v4x7.h)
CH32V407,USBHS2D,USBHSD,UEP3_TX_LEN,0x400234a8,0x0a8,16,1,#,reference,evt(ch32v4x7.h)
CH32V407,USBHS2D,USBHSD,UEP3_TX_CTRL,0x400234aa,0x0aa,8,1,#,reference,evt(ch32v4x7.h)
CH32V407,USBHS2D,USBHSD,UEP3_RX_CTRL,0x400234ab,0x0ab,8,1,#,reference,evt(ch32v4x7.h)
CH32V407,USBHS2D,USBHSD,UEP4_TX_LEN,0x400234ac,0x0ac,16,1,#,reference,evt(ch32v4x7.h)
CH32V407,USBHS2D,USBHSD,UEP4_TX_CTRL,0x400234ae,0x0ae,8,1,#,reference,evt(ch32v4x7.h)
CH32V407,USBHS2D,USBHSD,UEP4_RX_CTRL,0x400234af,0x0af,8,1,#,reference,evt(ch32v4x7.h)
CH32V407,USBHS2D,USBHSD,UEP5_TX_LEN,0x400234b0,0x0b0,16,1,#,reference,evt(ch32v4x7.h)
CH32V407,USBHS2D,USBHSD,UEP5_TX_CTRL,0x400234b2,0x0b2,8,1,#,reference,evt(ch32v4x7.h)
CH32V407,USBHS2D,USBHSD,UEP5_RX_CTRL,0x400234b3,0x0b3,8,1,#,reference,evt(ch32v4x7.h)
CH32V407,USBHS2D,USBHSD,UEP6_TX_LEN,0x400234b4,0x0b4,16,1,#,reference,evt(ch32v4x7.h)
CH32V407,USBHS2D,USBHSD,UEP6_TX_CTRL,0x400234b6,0x0b6,8,1,#,reference,evt(ch32v4x7.h)
CH32V407,USBHS2D,USBHSD,UEP6_RX_CTRL,0x400234b7,0x0b7,8,1,#,reference,evt(ch32v4x7.h)
CH32V407,USBHS2D,USBHSD,UEP7_TX_LEN,0x400234b8,0x0b8,16,1,#,reference,evt(ch32v4x7.h)
CH32V407,USBHS2D,USBHSD,UEP7_TX_CTRL,0x400234ba,0x0ba,8,1,#,reference,evt(ch32v4x7.h)
CH32V407,USBHS2D,USBHSD,UEP7_RX_CTRL,0x400234bb,0x0bb,8,1,#,reference,evt(ch32v4x7.h)
CH32V407,USBHS2D,USBHSD,UEP_TX_ISO,0x400234bc,0x0bc,16,1,#,reference,evt(ch32v4x7.h)
CH32V407,USBHS2D,USBHSD,UEP_RX_ISO,0x400234be,0x0be,16,1,#,reference,evt(ch32v4x7.h)
CH32V407,USBHS2D,USBHSD,UEP1_RX_FIFO,0x400234c0,0x0c0,32,1,#,reference,evt(ch32v4x7.h)
CH32V407,USBHS2D,USBHSD,UEP2_RX_FIFO,0x400234c4,0x0c4,32,1,#,reference,evt(ch32v4x7.h)
CH32V407,USBHS2D,USBHSD,UEP3_RX_FIFO,0x400234c8,0x0c8,32,1,#,reference,evt(ch32v4x7.h)
CH32V407,USBHS2D,USBHSD,UEP4_RX_FIFO,0x400234cc,0x0cc,32,1,#,reference,evt(ch32v4x7.h)
CH32V407,USBHS2D,USBHSD,UEP5_RX_FIFO,0x400234d0,0x0d0,32,1,#,reference,evt(ch32v4x7.h)
CH32V407,USBHS2D,USBHSD,UEP6_RX_FIFO,0x400234d4,0x0d4,32,1,#,reference,evt(ch32v4x7.h)
CH32V407,USBHS2D,USBHSD,UEP7_RX_FIFO,0x400234d8,0x0d8,32,1,#,reference,evt(ch32v4x7.h)
CH32V407,USBHS2D,USBHSD,UEP1_TX_FIFO,0x400234dc,0x0dc,32,1,#,reference,evt(ch32v4x7.h)
CH32V407,USBHS2D,USBHSD,UEP2_TX_FIFO,0x400234e0,0x0e0,32,1,#,reference,evt(ch32v4x7.h)
CH32V407,USBHS2D,USBHSD,UEP3_TX_FIFO,0x400234e4,0x0e4,32,1,#,reference,evt(ch32v4x7.h)
CH32V407,USBHS2D,USBHSD,UEP4_TX_FIFO,0x400234e8,0x0e8,32,1,#,reference,evt(ch32v4x7.h)
CH32V407,USBHS2D,USBHSD,UEP5_TX_FIFO,0x400234ec,0x0ec,32,1,#,reference,evt(ch32v4x7.h)
CH32V407,USBHS2D,USBHSD,UEP6_TX_FIFO,0x400234f0,0x0f0,32,1,#,reference,evt(ch32v4x7.h)
CH32V407,USBHS2D,USBHSD,UEP7_TX_FIFO,0x400234f4,0x0f4,32,1,#,reference,evt(ch32v4x7.h)
CH32V407,USBHS2H,USBHSH,CFG,0x40023500,0x000,8,1,#,reference,evt(ch32v4x7.h)
CH32V407,USBHS2H,USBHSH,INT_EN,0x40023502,0x002,8,1,#,reference,evt(ch32v4x7.h)
CH32V407,USBHS2H,USBHSH,DEV_ADDR,0x40023503,0x003,8,1,#,reference,evt(ch32v4x7.h)
CH32V407,USBHS2H,USBHSH,CONTROL,0x40023504,0x004,32,1,#,reference,evt(ch32v4x7.h)
CH32V407,USBHS2H,USBHSH,INT_FLAG,0x40023508,0x008,8,1,#,reference,evt(ch32v4x7.h)
CH32V407,USBHS2H,USBHSH,INT_ST,0x40023509,0x009,8,1,#,reference,evt(ch32v4x7.h)
CH32V407,USBHS2H,USBHSH,MIS_ST,0x4002350a,0x00a,8,1,#,reference,evt(ch32v4x7.h)
CH32V407,USBHS2H,USBHSH,LPM,0x4002350c,0x00c,32,1,#,reference,evt(ch32v4x7.h)
CH32V407,USBHS2H,USBHSH,SPLIT,0x40023510,0x010,32,1,#,reference,evt(ch32v4x7.h)
CH32V407,USBHS2H,USBHSH,FRAME,0x40023514,0x014,32,1,#,reference,evt(ch32v4x7.h)
CH32V407,USBHS2H,USBHSH,TX_LEN,0x40023518,0x018,32,1,#,reference,evt(ch32v4x7.h)
CH32V407,USBHS2H,USBHSH,RX_LEN,0x4002351c,0x01c,32,1,#,reference,evt(ch32v4x7.h)
CH32V407,USBHS2H,USBHSH,RX_MAX_LEN,0x40023520,0x020,32,1,#,reference,evt(ch32v4x7.h)
CH32V407,USBHS2H,USBHSH,RX_DMA,0x40023524,0x024,32,1,#,reference,evt(ch32v4x7.h)
CH32V407,USBHS2H,USBHSH,TX_DMA,0x40023528,0x028,32,1,#,reference,evt(ch32v4x7.h)
CH32V407,USBHS2H,USBHSH,PORT_CTRL,0x4002352c,0x02c,32,1,#,reference,evt(ch32v4x7.h)
CH32V407,USBHS2H,USBHSH,PORT_CFG,0x40023530,0x030,8,1,#,reference,evt(ch32v4x7.h)
CH32V407,USBHS2H,USBHSH,PORT_INT_EN,0x40023532,0x032,8,1,#,reference,evt(ch32v4x7.h)
CH32V407,USBHS2H,USBHSH,PORT_TEST_CT,0x40023533,0x033,8,1,#,reference,evt(ch32v4x7.h)
CH32V407,USBHS2H,USBHSH,PORT_STATUS,0x40023534,0x034,16,1,#,reference,evt(ch32v4x7.h)
CH32V407,USBHS2H,USBHSH,PORT_STATUS_CHG,0x40023536,0x036,8,1,#,reference,evt(ch32v4x7.h)
CH32V407,USBHS2H,USBHSH,ROOT_BC_CTRL,0x4002353c,0x03c,32,1,#,reference,evt(ch32v4x7.h)
CH32V407,EXTEN,EXTEN,EXTEN_CTR,0x40023800,0x000,32,1,#,confirmed,evt(ch32v4x7.h)+rm-address(CH32V407RM.PDF)
CH32V407,OPA,OPA,CR,0x40023804,0x000,32,1,#,reference,evt(ch32v4x7.h)
CH32V407,RNG,RNG,CR,0x40023c00,0x000,32,1,#,confirmed,evt(ch32v4x7.h)+rm(CH32V407RM.PDF)+rm-address(CH32V407RM.PDF)
CH32V407,RNG,RNG,SR,0x40023c04,0x004,32,1,#,confirmed,evt(ch32v4x7.h)+rm(CH32V407RM.PDF)+rm-address(CH32V407RM.PDF)
CH32V407,RNG,RNG,DR,0x40023c08,0x008,32,1,#,confirmed,evt(ch32v4x7.h)+rm(CH32V407RM.PDF)+rm-address(CH32V407RM.PDF)
CH32V407,USBHS1D,USBHSD,CONTROL,0x40024000,0x000,8,1,#,reference,evt(ch32v4x7.h)
CH32V407,USBHS1D,USBHSD,BASE_MODE,0x40024001,0x001,8,1,#,reference,evt(ch32v4x7.h)
CH32V407,USBHS1D,USBHSD,INT_EN,0x40024002,0x002,8,1,#,reference,evt(ch32v4x7.h)
CH32V407,USBHS1D,USBHSD,DEV_AD,0x40024003,0x003,8,1,#,reference,evt(ch32v4x7.h)
CH32V407,USBHS1D,USBHSD,WAKE_CTRL,0x40024004,0x004,8,1,#,reference,evt(ch32v4x7.h)
CH32V407,USBHS1D,USBHSD,TEST_MODE,0x40024005,0x005,8,1,#,reference,evt(ch32v4x7.h)
CH32V407,USBHS1D,USBHSD,LPM_DATA,0x40024006,0x006,16,1,#,reference,evt(ch32v4x7.h)
CH32V407,USBHS1D,USBHSD,INT_FG,0x40024008,0x008,8,1,#,reference,evt(ch32v4x7.h)
CH32V407,USBHS1D,USBHSD,INT_ST,0x40024009,0x009,8,1,#,reference,evt(ch32v4x7.h)
CH32V407,USBHS1D,USBHSD,MIS_ST,0x4002400a,0x00a,8,1,#,reference,evt(ch32v4x7.h)
CH32V407,USBHS1D,USBHSD,FRAME_NO,0x4002400c,0x00c,16,1,#,reference,evt(ch32v4x7.h)
CH32V407,USBHS1D,USBHSD,BUS,0x4002400e,0x00e,16,1,#,reference,evt(ch32v4x7.h)
CH32V407,USBHS1D,USBHSD,UEP_TX_EN,0x40024010,0x010,16,1,#,reference,evt(ch32v4x7.h)
CH32V407,USBHS1D,USBHSD,UEP_RX_EN,0x40024012,0x012,16,1,#,reference,evt(ch32v4x7.h)
CH32V407,USBHS1D,USBHSD,UEP_TX_TOG_AUTO,0x40024014,0x014,16,1,#,reference,evt(ch32v4x7.h)
CH32V407,USBHS1D,USBHSD,UEP_RX_TOG_AUTO,0x40024016,0x016,16,1,#,reference,evt(ch32v4x7.h)
CH32V407,USBHS1D,USBHSD,UEP_TX_BURST,0x40024018,0x018,8,1,#,reference,evt(ch32v4x7.h)
CH32V407,USBHS1D,USBHSD,UEP_TX_BURST_MODE,0x40024019,0x019,8,1,#,reference,evt(ch32v4x7.h)
CH32V407,USBHS1D,USBHSD,UEP_RX_BURST,0x4002401a,0x01a,8,1,#,reference,evt(ch32v4x7.h)
CH32V407,USBHS1D,USBHSD,UEP_RX_RES_MODE,0x4002401b,0x01b,8,1,#,reference,evt(ch32v4x7.h)
CH32V407,USBHS1D,USBHSD,UEP_AF_MODE,0x4002401c,0x01c,32,1,#,reference,evt(ch32v4x7.h)
CH32V407,USBHS1D,USBHSD,UEP0_DMA,0x40024020,0x020,32,1,#,reference,evt(ch32v4x7.h)
CH32V407,USBHS1D,USBHSD,UEP1_RX_DMA,0x40024024,0x024,32,1,#,reference,evt(ch32v4x7.h)
CH32V407,USBHS1D,USBHSD,UEP2_RX_DMA,0x40024028,0x028,32,1,#,reference,evt(ch32v4x7.h)
CH32V407,USBHS1D,USBHSD,UEP3_RX_DMA,0x4002402c,0x02c,32,1,#,reference,evt(ch32v4x7.h)
CH32V407,USBHS1D,USBHSD,UEP4_RX_DMA,0x40024030,0x030,32,1,#,reference,evt(ch32v4x7.h)
CH32V407,USBHS1D,USBHSD,UEP5_RX_DMA,0x40024034,0x034,32,1,#,reference,evt(ch32v4x7.h)
CH32V407,USBHS1D,USBHSD,UEP6_RX_DMA,0x40024038,0x038,32,1,#,reference,evt(ch32v4x7.h)
CH32V407,USBHS1D,USBHSD,UEP7_RX_DMA,0x4002403c,0x03c,32,1,#,reference,evt(ch32v4x7.h)
CH32V407,USBHS1D,USBHSD,UEP1_TX_DMA,0x40024040,0x040,32,1,#,reference,evt(ch32v4x7.h)
CH32V407,USBHS1D,USBHSD,UEP2_TX_DMA,0x40024044,0x044,32,1,#,reference,evt(ch32v4x7.h)
CH32V407,USBHS1D,USBHSD,UEP3_TX_DMA,0x40024048,0x048,32,1,#,reference,evt(ch32v4x7.h)
CH32V407,USBHS1D,USBHSD,UEP4_TX_DMA,0x4002404c,0x04c,32,1,#,reference,evt(ch32v4x7.h)
CH32V407,USBHS1D,USBHSD,UEP5_TX_DMA,0x40024050,0x050,32,1,#,reference,evt(ch32v4x7.h)
CH32V407,USBHS1D,USBHSD,UEP6_TX_DMA,0x40024054,0x054,32,1,#,reference,evt(ch32v4x7.h)
CH32V407,USBHS1D,USBHSD,UEP7_TX_DMA,0x40024058,0x058,32,1,#,reference,evt(ch32v4x7.h)
CH32V407,USBHS1D,USBHSD,UEP0_MAX_LEN,0x4002405c,0x05c,32,1,#,reference,evt(ch32v4x7.h)
CH32V407,USBHS1D,USBHSD,UEP1_MAX_LEN,0x40024060,0x060,32,1,#,reference,evt(ch32v4x7.h)
CH32V407,USBHS1D,USBHSD,UEP2_MAX_LEN,0x40024064,0x064,32,1,#,reference,evt(ch32v4x7.h)
CH32V407,USBHS1D,USBHSD,UEP3_MAX_LEN,0x40024068,0x068,32,1,#,reference,evt(ch32v4x7.h)
CH32V407,USBHS1D,USBHSD,UEP4_MAX_LEN,0x4002406c,0x06c,32,1,#,reference,evt(ch32v4x7.h)
CH32V407,USBHS1D,USBHSD,UEP5_MAX_LEN,0x40024070,0x070,32,1,#,reference,evt(ch32v4x7.h)
CH32V407,USBHS1D,USBHSD,UEP6_MAX_LEN,0x40024074,0x074,32,1,#,reference,evt(ch32v4x7.h)
CH32V407,USBHS1D,USBHSD,UEP7_MAX_LEN,0x40024078,0x078,32,1,#,reference,evt(ch32v4x7.h)
CH32V407,USBHS1D,USBHSD,UEP0_RX_LEN,0x4002407c,0x07c,16,1,#,reference,evt(ch32v4x7.h)
CH32V407,USBHS1D,USBHSD,UEP1_RX_LEN,0x40024080,0x080,16,1,#,reference,evt(ch32v4x7.h)
CH32V407,USBHS1D,USBHSD,UEP1_RX_SIZE,0x40024082,0x082,16,1,#,reference,evt(ch32v4x7.h)
CH32V407,USBHS1D,USBHSD,UEP2_RX_LEN,0x40024084,0x084,16,1,#,reference,evt(ch32v4x7.h)
CH32V407,USBHS1D,USBHSD,UEP2_RX_SIZE,0x40024086,0x086,16,1,#,reference,evt(ch32v4x7.h)
CH32V407,USBHS1D,USBHSD,UEP3_RX_LEN,0x40024088,0x088,16,1,#,reference,evt(ch32v4x7.h)
CH32V407,USBHS1D,USBHSD,UEP3_RX_SIZE,0x4002408a,0x08a,16,1,#,reference,evt(ch32v4x7.h)
CH32V407,USBHS1D,USBHSD,UEP4_RX_LEN,0x4002408c,0x08c,16,1,#,reference,evt(ch32v4x7.h)
CH32V407,USBHS1D,USBHSD,UEP4_RX_SIZE,0x4002408e,0x08e,16,1,#,reference,evt(ch32v4x7.h)
CH32V407,USBHS1D,USBHSD,UEP5_RX_LEN,0x40024090,0x090,16,1,#,reference,evt(ch32v4x7.h)
CH32V407,USBHS1D,USBHSD,UEP5_RX_SIZE,0x40024092,0x092,16,1,#,reference,evt(ch32v4x7.h)
CH32V407,USBHS1D,USBHSD,UEP6_RX_LEN,0x40024094,0x094,16,1,#,reference,evt(ch32v4x7.h)
CH32V407,USBHS1D,USBHSD,UEP6_RX_SIZE,0x40024096,0x096,16,1,#,reference,evt(ch32v4x7.h)
CH32V407,USBHS1D,USBHSD,UEP7_RX_LEN,0x40024098,0x098,16,1,#,reference,evt(ch32v4x7.h)
CH32V407,USBHS1D,USBHSD,UEP7_RX_SIZE,0x4002409a,0x09a,16,1,#,reference,evt(ch32v4x7.h)
CH32V407,USBHS1D,USBHSD,UEP0_TX_LEN,0x4002409c,0x09c,16,1,#,reference,evt(ch32v4x7.h)
CH32V407,USBHS1D,USBHSD,UEP0_TX_CTRL,0x4002409e,0x09e,8,1,#,reference,evt(ch32v4x7.h)
CH32V407,USBHS1D,USBHSD,UEP0_RX_CTRL,0x4002409f,0x09f,8,1,#,reference,evt(ch32v4x7.h)
CH32V407,USBHS1D,USBHSD,UEP1_TX_LEN,0x400240a0,0x0a0,16,1,#,reference,evt(ch32v4x7.h)
CH32V407,USBHS1D,USBHSD,UEP1_TX_CTRL,0x400240a2,0x0a2,8,1,#,reference,evt(ch32v4x7.h)
CH32V407,USBHS1D,USBHSD,UEP1_RX_CTRL,0x400240a3,0x0a3,8,1,#,reference,evt(ch32v4x7.h)
CH32V407,USBHS1D,USBHSD,UEP2_TX_LEN,0x400240a4,0x0a4,16,1,#,reference,evt(ch32v4x7.h)
CH32V407,USBHS1D,USBHSD,UEP2_TX_CTRL,0x400240a6,0x0a6,8,1,#,reference,evt(ch32v4x7.h)
CH32V407,USBHS1D,USBHSD,UEP2_RX_CTRL,0x400240a7,0x0a7,8,1,#,reference,evt(ch32v4x7.h)
CH32V407,USBHS1D,USBHSD,UEP3_TX_LEN,0x400240a8,0x0a8,16,1,#,reference,evt(ch32v4x7.h)
CH32V407,USBHS1D,USBHSD,UEP3_TX_CTRL,0x400240aa,0x0aa,8,1,#,reference,evt(ch32v4x7.h)
CH32V407,USBHS1D,USBHSD,UEP3_RX_CTRL,0x400240ab,0x0ab,8,1,#,reference,evt(ch32v4x7.h)
CH32V407,USBHS1D,USBHSD,UEP4_TX_LEN,0x400240ac,0x0ac,16,1,#,reference,evt(ch32v4x7.h)
CH32V407,USBHS1D,USBHSD,UEP4_TX_CTRL,0x400240ae,0x0ae,8,1,#,reference,evt(ch32v4x7.h)
CH32V407,USBHS1D,USBHSD,UEP4_RX_CTRL,0x400240af,0x0af,8,1,#,reference,evt(ch32v4x7.h)
CH32V407,USBHS1D,USBHSD,UEP5_TX_LEN,0x400240b0,0x0b0,16,1,#,reference,evt(ch32v4x7.h)
CH32V407,USBHS1D,USBHSD,UEP5_TX_CTRL,0x400240b2,0x0b2,8,1,#,reference,evt(ch32v4x7.h)
CH32V407,USBHS1D,USBHSD,UEP5_RX_CTRL,0x400240b3,0x0b3,8,1,#,reference,evt(ch32v4x7.h)
CH32V407,USBHS1D,USBHSD,UEP6_TX_LEN,0x400240b4,0x0b4,16,1,#,reference,evt(ch32v4x7.h)
CH32V407,USBHS1D,USBHSD,UEP6_TX_CTRL,0x400240b6,0x0b6,8,1,#,reference,evt(ch32v4x7.h)
CH32V407,USBHS1D,USBHSD,UEP6_RX_CTRL,0x400240b7,0x0b7,8,1,#,reference,evt(ch32v4x7.h)
CH32V407,USBHS1D,USBHSD,UEP7_TX_LEN,0x400240b8,0x0b8,16,1,#,reference,evt(ch32v4x7.h)
CH32V407,USBHS1D,USBHSD,UEP7_TX_CTRL,0x400240ba,0x0ba,8,1,#,reference,evt(ch32v4x7.h)
CH32V407,USBHS1D,USBHSD,UEP7_RX_CTRL,0x400240bb,0x0bb,8,1,#,reference,evt(ch32v4x7.h)
CH32V407,USBHS1D,USBHSD,UEP_TX_ISO,0x400240bc,0x0bc,16,1,#,reference,evt(ch32v4x7.h)
CH32V407,USBHS1D,USBHSD,UEP_RX_ISO,0x400240be,0x0be,16,1,#,reference,evt(ch32v4x7.h)
CH32V407,USBHS1D,USBHSD,UEP1_RX_FIFO,0x400240c0,0x0c0,32,1,#,reference,evt(ch32v4x7.h)
CH32V407,USBHS1D,USBHSD,UEP2_RX_FIFO,0x400240c4,0x0c4,32,1,#,reference,evt(ch32v4x7.h)
CH32V407,USBHS1D,USBHSD,UEP3_RX_FIFO,0x400240c8,0x0c8,32,1,#,reference,evt(ch32v4x7.h)
CH32V407,USBHS1D,USBHSD,UEP4_RX_FIFO,0x400240cc,0x0cc,32,1,#,reference,evt(ch32v4x7.h)
CH32V407,USBHS1D,USBHSD,UEP5_RX_FIFO,0x400240d0,0x0d0,32,1,#,reference,evt(ch32v4x7.h)
CH32V407,USBHS1D,USBHSD,UEP6_RX_FIFO,0x400240d4,0x0d4,32,1,#,reference,evt(ch32v4x7.h)
CH32V407,USBHS1D,USBHSD,UEP7_RX_FIFO,0x400240d8,0x0d8,32,1,#,reference,evt(ch32v4x7.h)
CH32V407,USBHS1D,USBHSD,UEP1_TX_FIFO,0x400240dc,0x0dc,32,1,#,reference,evt(ch32v4x7.h)
CH32V407,USBHS1D,USBHSD,UEP2_TX_FIFO,0x400240e0,0x0e0,32,1,#,reference,evt(ch32v4x7.h)
CH32V407,USBHS1D,USBHSD,UEP3_TX_FIFO,0x400240e4,0x0e4,32,1,#,reference,evt(ch32v4x7.h)
CH32V407,USBHS1D,USBHSD,UEP4_TX_FIFO,0x400240e8,0x0e8,32,1,#,reference,evt(ch32v4x7.h)
CH32V407,USBHS1D,USBHSD,UEP5_TX_FIFO,0x400240ec,0x0ec,32,1,#,reference,evt(ch32v4x7.h)
CH32V407,USBHS1D,USBHSD,UEP6_TX_FIFO,0x400240f0,0x0f0,32,1,#,reference,evt(ch32v4x7.h)
CH32V407,USBHS1D,USBHSD,UEP7_TX_FIFO,0x400240f4,0x0f4,32,1,#,reference,evt(ch32v4x7.h)
CH32V407,USBHS1H,USBHSH,CFG,0x40024100,0x000,8,1,#,reference,evt(ch32v4x7.h)
CH32V407,USBHS1H,USBHSH,INT_EN,0x40024102,0x002,8,1,#,reference,evt(ch32v4x7.h)
CH32V407,USBHS1H,USBHSH,DEV_ADDR,0x40024103,0x003,8,1,#,reference,evt(ch32v4x7.h)
CH32V407,USBHS1H,USBHSH,CONTROL,0x40024104,0x004,32,1,#,reference,evt(ch32v4x7.h)
CH32V407,USBHS1H,USBHSH,INT_FLAG,0x40024108,0x008,8,1,#,reference,evt(ch32v4x7.h)
CH32V407,USBHS1H,USBHSH,INT_ST,0x40024109,0x009,8,1,#,reference,evt(ch32v4x7.h)
CH32V407,USBHS1H,USBHSH,MIS_ST,0x4002410a,0x00a,8,1,#,reference,evt(ch32v4x7.h)
CH32V407,USBHS1H,USBHSH,LPM,0x4002410c,0x00c,32,1,#,reference,evt(ch32v4x7.h)
CH32V407,USBHS1H,USBHSH,SPLIT,0x40024110,0x010,32,1,#,reference,evt(ch32v4x7.h)
CH32V407,USBHS1H,USBHSH,FRAME,0x40024114,0x014,32,1,#,reference,evt(ch32v4x7.h)
CH32V407,USBHS1H,USBHSH,TX_LEN,0x40024118,0x018,32,1,#,reference,evt(ch32v4x7.h)
CH32V407,USBHS1H,USBHSH,RX_LEN,0x4002411c,0x01c,32,1,#,reference,evt(ch32v4x7.h)
CH32V407,USBHS1H,USBHSH,RX_MAX_LEN,0x40024120,0x020,32,1,#,reference,evt(ch32v4x7.h)
CH32V407,USBHS1H,USBHSH,RX_DMA,0x40024124,0x024,32,1,#,reference,evt(ch32v4x7.h)
CH32V407,USBHS1H,USBHSH,TX_DMA,0x40024128,0x028,32,1,#,reference,evt(ch32v4x7.h)
CH32V407,USBHS1H,USBHSH,PORT_CTRL,0x4002412c,0x02c,32,1,#,reference,evt(ch32v4x7.h)
CH32V407,USBHS1H,USBHSH,PORT_CFG,0x40024130,0x030,8,1,#,reference,evt(ch32v4x7.h)
CH32V407,USBHS1H,USBHSH,PORT_INT_EN,0x40024132,0x032,8,1,#,reference,evt(ch32v4x7.h)
CH32V407,USBHS1H,USBHSH,PORT_TEST_CT,0x40024133,0x033,8,1,#,reference,evt(ch32v4x7.h)
CH32V407,USBHS1H,USBHSH,PORT_STATUS,0x40024134,0x034,16,1,#,reference,evt(ch32v4x7.h)
CH32V407,USBHS1H,USBHSH,PORT_STATUS_CHG,0x40024136,0x036,8,1,#,reference,evt(ch32v4x7.h)
CH32V407,USBHS1H,USBHSH,ROOT_BC_CTRL,0x4002413c,0x03c,32,1,#,reference,evt(ch32v4x7.h)
CH32V407,PSRAM,PSRAM,CTLR,0x40024400,0x000,32,1,#,confirmed,evt(ch32v4x7.h)+rm-address(CH32V407RM.PDF)
CH32V407,PSRAM,PSRAM,TIMING,0x40024404,0x004,32,1,#,confirmed,evt(ch32v4x7.h)+rm-address(CH32V407RM.PDF)
CH32V407,PSRAM,PSRAM,DATA,0x40024408,0x008,32,1,#,confirmed,evt(ch32v4x7.h)+rm-address(CH32V407RM.PDF)
CH32V407,PSRAM,PSRAM,ADDR,0x4002440c,0x00c,32,1,#,confirmed,evt(ch32v4x7.h)+rm-address(CH32V407RM.PDF)
CH32V407,PSRAM,PSRAM,CMD0_CFG,0x40024410,0x010,32,1,#,confirmed,evt(ch32v4x7.h)+rm-address(CH32V407RM.PDF)
CH32V407,PSRAM,PSRAM,CMD1_CFG,0x40024414,0x014,32,1,#,confirmed,evt(ch32v4x7.h)+rm-address(CH32V407RM.PDF)
CH32V407,PSRAM,PSRAM,DMACR,0x40024418,0x018,32,1,#,confirmed,evt(ch32v4x7.h)+rm-address(CH32V407RM.PDF)
CH32V407,PSRAM,PSRAM,DATA_NUM,0x4002441c,0x01c,32,1,#,confirmed,evt(ch32v4x7.h)+rm-address(CH32V407RM.PDF)
CH32V407,PSRAM,PSRAM,DMA_MEM_ADDR,0x40024420,0x020,32,1,#,reference,evt(ch32v4x7.h)
CH32V407,PSRAM,PSRAM,DMA_PSRAM_ADDR,0x40024424,0x024,32,1,#,reference,evt(ch32v4x7.h)
CH32V407,PSRAM,PSRAM,ISR,0x40024428,0x028,32,1,#,confirmed,evt(ch32v4x7.h)+rm-address(CH32V407RM.PDF)
CH32V407,PSRAM,PSRAM,IER,0x4002442c,0x02c,32,1,#,confirmed,evt(ch32v4x7.h)+rm-address(CH32V407RM.PDF)
CH32V407,PSRAM,PSRAM,STATUS,0x40024430,0x030,32,1,#,confirmed,evt(ch32v4x7.h)+rm-address(CH32V407RM.PDF)
CH32V407,PSRAM,PSRAM,CECFG,0x40024434,0x034,32,1,#,confirmed,evt(ch32v4x7.h)+rm-address(CH32V407RM.PDF)
CH32V407,PSRAM,PSRAM,LATENCY,0x40024438,0x038,32,1,#,confirmed,evt(ch32v4x7.h)+rm-address(CH32V407RM.PDF)
CH32V407,LTDC,LTDC,SSCR,0x40024800,0x000,32,1,#,confirmed,evt(ch32v4x7.h)+rm-address(CH32V407RM.PDF)
CH32V407,LTDC,LTDC,BPCR,0x40024804,0x004,32,1,#,confirmed,evt(ch32v4x7.h)+rm-address(CH32V407RM.PDF)
CH32V407,LTDC,LTDC,AWCR,0x40024808,0x008,32,1,#,confirmed,evt(ch32v4x7.h)+rm-address(CH32V407RM.PDF)
CH32V407,LTDC,LTDC,TWCR,0x4002480c,0x00c,32,1,#,confirmed,evt(ch32v4x7.h)+rm-address(CH32V407RM.PDF)
CH32V407,LTDC,LTDC,GCR,0x40024810,0x010,32,1,#,confirmed,evt(ch32v4x7.h)+rm-address(CH32V407RM.PDF)
CH32V407,LTDC,LTDC,SRCR,0x40024814,0x014,32,1,#,confirmed,evt(ch32v4x7.h)+rm-address(CH32V407RM.PDF)
CH32V407,LTDC,LTDC,BCCR,0x40024818,0x018,32,1,#,confirmed,evt(ch32v4x7.h)+rm-address(CH32V407RM.PDF)
CH32V407,LTDC,LTDC,IER,0x4002481c,0x01c,32,1,#,confirmed,evt(ch32v4x7.h)+rm-address(CH32V407RM.PDF)
CH32V407,LTDC,LTDC,ISR,0x40024820,0x020,32,1,#,confirmed,evt(ch32v4x7.h)+rm-address(CH32V407RM.PDF)
CH32V407,LTDC,LTDC,ICR,0x40024824,0x024,32,1,#,confirmed,evt(ch32v4x7.h)+rm-address(CH32V407RM.PDF)
CH32V407,LTDC,LTDC,LIPCR,0x40024828,0x028,32,1,#,confirmed,evt(ch32v4x7.h)+rm-address(CH32V407RM.PDF)
CH32V407,LTDC,LTDC,CPSR,0x4002482c,0x02c,32,1,#,confirmed,evt(ch32v4x7.h)+rm-address(CH32V407RM.PDF)
CH32V407,LTDC,LTDC,CDSR,0x40024830,0x030,32,1,#,confirmed,evt(ch32v4x7.h)+rm-address(CH32V407RM.PDF)
CH32V407,LTDC_Layer,LTDC_Layer,CR,0x40024834,0x000,32,1,#,reference,evt(ch32v4x7.h)
CH32V407,LTDC_Layer,LTDC_Layer,WHPCR,0x40024838,0x004,32,1,#,reference,evt(ch32v4x7.h)
CH32V407,LTDC_Layer,LTDC_Layer,WVPCR,0x4002483c,0x008,32,1,#,reference,evt(ch32v4x7.h)
CH32V407,LTDC_Layer,LTDC_Layer,CKCR,0x40024840,0x00c,32,1,#,reference,evt(ch32v4x7.h)
CH32V407,LTDC_Layer,LTDC_Layer,PFCR,0x40024844,0x010,32,1,#,reference,evt(ch32v4x7.h)
CH32V407,LTDC_Layer,LTDC_Layer,DCCR,0x4002484c,0x018,32,1,#,reference,evt(ch32v4x7.h)
CH32V407,LTDC_Layer,LTDC_Layer,CFBAR,0x40024854,0x020,32,1,#,reference,evt(ch32v4x7.h)
CH32V407,LTDC_Layer,LTDC_Layer,CFBLR,0x40024858,0x024,32,1,#,reference,evt(ch32v4x7.h)
CH32V407,LTDC_Layer,LTDC_Layer,CFBLNR,0x4002485c,0x028,32,1,#,reference,evt(ch32v4x7.h)
CH32V407,LTDC_Layer,LTDC_Layer,CLUTWR,0x40024860,0x02c,32,1,#,reference,evt(ch32v4x7.h)
CH32V407,I3C,I3C,CTLR,0x40024c00,0x000,32,1,#,confirmed,evt(ch32v4x7.h)+rm-address(CH32V407RM.PDF)
CH32V407,I3C,I3C,CFGR,0x40024c04,0x004,32,1,#,confirmed,evt(ch32v4x7.h)+rm-address(CH32V407RM.PDF)
CH32V407,I3C,I3C,RDBR,0x40024c10,0x010,32,1,#,reference,evt(ch32v4x7.h)
CH32V407,I3C,I3C,TDBR,0x40024c18,0x018,32,1,#,reference,evt(ch32v4x7.h)
CH32V407,I3C,I3C,IBIDR,0x40024c20,0x020,32,1,#,confirmed,evt(ch32v4x7.h)+rm-address(CH32V407RM.PDF)
CH32V407,I3C,I3C,RESET,0x40024c2c,0x02c,32,1,#,confirmed,evt(ch32v4x7.h)+rm-address(CH32V407RM.PDF)
CH32V407,I3C,I3C,STATR,0x40024c30,0x030,32,1,#,confirmed,evt(ch32v4x7.h)+rm-address(CH32V407RM.PDF)
CH32V407,I3C,I3C,STATER,0x40024c34,0x034,32,1,#,confirmed,evt(ch32v4x7.h)+rm-address(CH32V407RM.PDF)
CH32V407,I3C,I3C,RMR,0x40024c40,0x040,32,1,#,confirmed,evt(ch32v4x7.h)+rm-address(CH32V407RM.PDF)
CH32V407,I3C,I3C,EVR,0x40024c50,0x050,32,1,#,confirmed,evt(ch32v4x7.h)+rm-address(CH32V407RM.PDF)
CH32V407,I3C,I3C,INTENR,0x40024c54,0x054,32,1,#,confirmed,evt(ch32v4x7.h)+rm-address(CH32V407RM.PDF)
CH32V407,I3C,I3C,CEVR,0x40024c58,0x058,32,1,#,confirmed,evt(ch32v4x7.h)+rm-address(CH32V407RM.PDF)
CH32V407,I3C,I3C,DEVR0,0x40024c60,0x060,32,1,#,confirmed,evt(ch32v4x7.h)+rm-address(CH32V407RM.PDF)
CH32V407,I3C,I3C,DEVR1,0x40024c64,0x064,32,1,#,confirmed,evt(ch32v4x7.h)+rm-address(CH32V407RM.PDF)
CH32V407,I3C,I3C,DEVR2,0x40024c68,0x068,32,1,#,confirmed,evt(ch32v4x7.h)+rm-address(CH32V407RM.PDF)
CH32V407,I3C,I3C,DEVR3,0x40024c6c,0x06c,32,1,#,confirmed,evt(ch32v4x7.h)+rm-address(CH32V407RM.PDF)
CH32V407,I3C,I3C,DEVR4,0x40024c70,0x070,32,1,#,confirmed,evt(ch32v4x7.h)+rm-address(CH32V407RM.PDF)
CH32V407,I3C,I3C,TIMINGR0,0x40024ca0,0x0a0,32,1,#,confirmed,evt(ch32v4x7.h)+rm-address(CH32V407RM.PDF)
CH32V407,I3C,I3C,TIMINGR1,0x40024ca4,0x0a4,32,1,#,confirmed,evt(ch32v4x7.h)+rm-address(CH32V407RM.PDF)
CH32V407,I3C,I3C,TIMINGR2,0x40024ca8,0x0a8,32,1,#,confirmed,evt(ch32v4x7.h)+rm-address(CH32V407RM.PDF)
CH32V407,I3C,I3C,GETMDSR,0x40024cd0,0x0d0,32,1,#,confirmed,evt(ch32v4x7.h)+rm-address(CH32V407RM.PDF)
CH32V407,ARGB,ARGB,CTLR,0x40025000,0x000,32,1,#,confirmed,evt(ch32v4x7.h)+rm-address(CH32V407RM.PDF)
CH32V407,ARGB,ARGB,DAT_ARR,0x40025004,0x004,32,1,#,confirmed,evt(ch32v4x7.h)+rm-address(CH32V407RM.PDF)
CH32V407,ARGB,ARGB,RST_ARR,0x40025008,0x008,32,1,#,confirmed,evt(ch32v4x7.h)+rm-address(CH32V407RM.PDF)
CH32V407,ARGB,ARGB,CCRL,0x4002500c,0x00c,32,1,#,confirmed,evt(ch32v4x7.h)+rm-address(CH32V407RM.PDF)
CH32V407,ARGB,ARGB,CCRH,0x40025010,0x010,32,1,#,confirmed,evt(ch32v4x7.h)+rm-address(CH32V407RM.PDF)
CH32V407,ARGB,ARGB,DAT_CYC,0x40025014,0x014,32,1,#,confirmed,evt(ch32v4x7.h)+rm-address(CH32V407RM.PDF)
CH32V407,ARGB,ARGB,DATAR,0x40025018,0x018,32,1,#,confirmed,evt(ch32v4x7.h)+rm-address(CH32V407RM.PDF)
CH32V407,ARGB,ARGB,STATR,0x4002501c,0x01c,32,1,#,confirmed,evt(ch32v4x7.h)+rm-address(CH32V407RM.PDF)
CH32V407,ARGB,ARGB,CNTR,0x40025020,0x020,32,1,#,confirmed,evt(ch32v4x7.h)+rm-address(CH32V407RM.PDF)
CH32V407,ETH,ETH,MACCR,0x40028000,0x000,32,1,#,confirmed,evt(ch32v4x7.h)+rm-address(CH32V407RM.PDF)
CH32V407,ETH,ETH,MACFFR,0x40028004,0x004,32,1,#,confirmed,evt(ch32v4x7.h)+rm-address(CH32V407RM.PDF)
CH32V407,ETH,ETH,MACHTHR,0x40028008,0x008,32,1,#,confirmed,evt(ch32v4x7.h)+rm-address(CH32V407RM.PDF)
CH32V407,ETH,ETH,MACHTLR,0x4002800c,0x00c,32,1,#,confirmed,evt(ch32v4x7.h)+rm-address(CH32V407RM.PDF)
CH32V407,ETH,ETH,MACMIIAR,0x40028010,0x010,32,1,#,confirmed,evt(ch32v4x7.h)+rm-address(CH32V407RM.PDF)
CH32V407,ETH,ETH,MACMIIDR,0x40028014,0x014,32,1,#,confirmed,evt(ch32v4x7.h)+rm-address(CH32V407RM.PDF)
CH32V407,ETH,ETH,MACFCR,0x40028018,0x018,32,1,#,confirmed,evt(ch32v4x7.h)+rm-address(CH32V407RM.PDF)
CH32V407,ETH,ETH,MACVLANTR,0x4002801c,0x01c,32,1,#,reference,evt(ch32v4x7.h)
CH32V407,ETH,ETH,MACRWUFFR,0x40028028,0x028,32,1,#,confirmed,evt(ch32v4x7.h)+rm-address(CH32V407RM.PDF)
CH32V407,ETH,ETH,MACPMTCSR,0x4002802c,0x02c,32,1,#,confirmed,evt(ch32v4x7.h)+rm-address(CH32V407RM.PDF)
CH32V407,ETH,ETH,MACSR,0x40028038,0x038,32,1,#,confirmed,evt(ch32v4x7.h)+rm-address(CH32V407RM.PDF)
CH32V407,ETH,ETH,MACIMR,0x4002803c,0x03c,32,1,#,confirmed,evt(ch32v4x7.h)+rm-address(CH32V407RM.PDF)
CH32V407,ETH,ETH,MACA0HR,0x40028040,0x040,32,1,#,confirmed,evt(ch32v4x7.h)+rm-address(CH32V407RM.PDF)
CH32V407,ETH,ETH,MACA0LR,0x40028044,0x044,32,1,#,confirmed,evt(ch32v4x7.h)+rm-address(CH32V407RM.PDF)
CH32V407,ETH,ETH,MACA1HR,0x40028048,0x048,32,1,#,confirmed,evt(ch32v4x7.h)+rm-address(CH32V407RM.PDF)
CH32V407,ETH,ETH,MACA1LR,0x4002804c,0x04c,32,1,#,confirmed,evt(ch32v4x7.h)+rm-address(CH32V407RM.PDF)
CH32V407,ETH,ETH,MACA2HR,0x40028050,0x050,32,1,#,confirmed,evt(ch32v4x7.h)+rm-address(CH32V407RM.PDF)
CH32V407,ETH,ETH,MACA2LR,0x40028054,0x054,32,1,#,confirmed,evt(ch32v4x7.h)+rm-address(CH32V407RM.PDF)
CH32V407,ETH,ETH,MACA3HR,0x40028058,0x058,32,1,#,confirmed,evt(ch32v4x7.h)+rm-address(CH32V407RM.PDF)
CH32V407,ETH,ETH,MACA3LR,0x4002805c,0x05c,32,1,#,confirmed,evt(ch32v4x7.h)+rm-address(CH32V407RM.PDF)
CH32V407,ETH,ETH,PHY_CR,0x40028080,0x080,32,1,#,confirmed,evt(ch32v4x7.h)+rm-address(CH32V407RM.PDF)
CH32V407,ETH,ETH,CHKSUM_CR,0x40028084,0x084,32,1,#,reference,evt(ch32v4x7.h)
CH32V407,ETH,ETH,IP_PDR,0x40028088,0x088,32,1,#,reference,evt(ch32v4x7.h)
CH32V407,ETH,ETH,CHKSUM_HR,0x4002808c,0x08c,32,1,#,reference,evt(ch32v4x7.h)
CH32V407,ETH,ETH,CHKSUM_PR,0x40028090,0x090,32,1,#,reference,evt(ch32v4x7.h)
CH32V407,ETH,ETH,MMCCR,0x40028100,0x100,32,1,#,confirmed,evt(ch32v4x7.h)+rm-address(CH32V407RM.PDF)
CH32V407,ETH,ETH,MMCRIR,0x40028104,0x104,32,1,#,confirmed,evt(ch32v4x7.h)+rm-address(CH32V407RM.PDF)
CH32V407,ETH,ETH,MMCTIR,0x40028108,0x108,32,1,#,confirmed,evt(ch32v4x7.h)+rm-address(CH32V407RM.PDF)
CH32V407,ETH,ETH,MMCRIMR,0x4002810c,0x10c,32,1,#,confirmed,evt(ch32v4x7.h)+rm-address(CH32V407RM.PDF)
CH32V407,ETH,ETH,MMCTIMR,0x40028110,0x110,32,1,#,confirmed,evt(ch32v4x7.h)+rm-address(CH32V407RM.PDF)
CH32V407,ETH,ETH,MMCTGFSCCR,0x4002814c,0x14c,32,1,#,confirmed,evt(ch32v4x7.h)+rm-address(CH32V407RM.PDF)
CH32V407,ETH,ETH,MMCTGFMSCCR,0x40028150,0x150,32,1,#,confirmed,evt(ch32v4x7.h)+rm-address(CH32V407RM.PDF)
CH32V407,ETH,ETH,MMCTGFCR,0x40028168,0x168,32,1,#,confirmed,evt(ch32v4x7.h)+rm-address(CH32V407RM.PDF)
CH32V407,ETH,ETH,MMCRFCECR,0x40028194,0x194,32,1,#,confirmed,evt(ch32v4x7.h)+rm-address(CH32V407RM.PDF)
CH32V407,ETH,ETH,MMCRFAECR,0x40028198,0x198,32,1,#,confirmed,evt(ch32v4x7.h)+rm-address(CH32V407RM.PDF)
CH32V407,ETH,ETH,MMCRAFCR,0x4002819c,0x19c,32,1,#,reference,evt(ch32v4x7.h)
CH32V407,ETH,ETH,STATE,0x400281a0,0x1a0,32,1,#,confirmed,evt(ch32v4x7.h)+rm-address(CH32V407RM.PDF)
CH32V407,ETH,ETH,MMCRGUFCR,0x400281c4,0x1c4,32,1,#,confirmed,evt(ch32v4x7.h)+rm-address(CH32V407RM.PDF)
CH32V407,ETH,ETH,PTPTSCR,0x40028700,0x700,32,1,#,confirmed,evt(ch32v4x7.h)+rm-address(CH32V407RM.PDF)
CH32V407,ETH,ETH,PTPSSIR,0x40028704,0x704,32,1,#,confirmed,evt(ch32v4x7.h)+rm-address(CH32V407RM.PDF)
CH32V407,ETH,ETH,PTPTSHR,0x40028708,0x708,32,1,#,confirmed,evt(ch32v4x7.h)+rm-address(CH32V407RM.PDF)
CH32V407,ETH,ETH,PTPTSLR,0x4002870c,0x70c,32,1,#,confirmed,evt(ch32v4x7.h)+rm-address(CH32V407RM.PDF)
CH32V407,ETH,ETH,PTPTSHUR,0x40028710,0x710,32,1,#,confirmed,evt(ch32v4x7.h)+rm-address(CH32V407RM.PDF)
CH32V407,ETH,ETH,PTPTSLUR,0x40028714,0x714,32,1,#,confirmed,evt(ch32v4x7.h)+rm-address(CH32V407RM.PDF)
CH32V407,ETH,ETH,PTPTSAR,0x40028718,0x718,32,1,#,confirmed,evt(ch32v4x7.h)+rm-address(CH32V407RM.PDF)
CH32V407,ETH,ETH,PTPTTHR,0x4002871c,0x71c,32,1,#,confirmed,evt(ch32v4x7.h)+rm-address(CH32V407RM.PDF)
CH32V407,ETH,ETH,PTPTTLR,0x40028720,0x720,32,1,#,confirmed,evt(ch32v4x7.h)+rm-address(CH32V407RM.PDF)
CH32V407,ETH,ETH,DMABMR,0x40029000,0x1000,32,1,#,confirmed,evt(ch32v4x7.h)+rm-address(CH32V407RM.PDF)
CH32V407,ETH,ETH,DMATPDR,0x40029004,0x1004,32,1,#,confirmed,evt(ch32v4x7.h)+rm-address(CH32V407RM.PDF)
CH32V407,ETH,ETH,DMARPDR,0x40029008,0x1008,32,1,#,confirmed,evt(ch32v4x7.h)+rm-address(CH32V407RM.PDF)
CH32V407,ETH,ETH,DMARDLAR,0x4002900c,0x100c,32,1,#,confirmed,evt(ch32v4x7.h)+rm-address(CH32V407RM.PDF)
CH32V407,ETH,ETH,DMATDLAR,0x40029010,0x1010,32,1,#,confirmed,evt(ch32v4x7.h)+rm-address(CH32V407RM.PDF)
CH32V407,ETH,ETH,DMASR,0x40029014,0x1014,32,1,#,confirmed,evt(ch32v4x7.h)+rm-address(CH32V407RM.PDF)
CH32V407,ETH,ETH,DMAOMR,0x40029018,0x1018,32,1,#,confirmed,evt(ch32v4x7.h)+rm-address(CH32V407RM.PDF)
CH32V407,ETH,ETH,DMAIER,0x4002901c,0x101c,32,1,#,confirmed,evt(ch32v4x7.h)+rm-address(CH32V407RM.PDF)
CH32V407,ETH,ETH,DMAMFBOCR,0x40029020,0x1020,32,1,#,confirmed,evt(ch32v4x7.h)+rm-address(CH32V407RM.PDF)
CH32V407,ETH,ETH,DMACHTDR,0x40029048,0x1048,32,1,#,confirmed,evt(ch32v4x7.h)+rm-address(CH32V407RM.PDF)
CH32V407,ETH,ETH,DMACHRDR,0x4002904c,0x104c,32,1,#,confirmed,evt(ch32v4x7.h)+rm-address(CH32V407RM.PDF)
CH32V407,ETH,ETH,DMACHTBAR,0x40029050,0x1050,32,1,#,confirmed,evt(ch32v4x7.h)+rm-address(CH32V407RM.PDF)
CH32V407,ETH,ETH,DMACHRBAR,0x40029054,0x1054,32,1,#,confirmed,evt(ch32v4x7.h)+rm-address(CH32V407RM.PDF)
CH32V407,DVP,DVP,CR0,0x50050000,0x000,8,1,#,confirmed,evt(ch32v4x7.h)+rm-address(CH32V407RM.PDF)
CH32V407,DVP,DVP,CR1,0x50050001,0x001,8,1,#,confirmed,evt(ch32v4x7.h)+rm-address(CH32V407RM.PDF)
CH32V407,DVP,DVP,IER,0x50050002,0x002,8,1,#,confirmed,evt(ch32v4x7.h)+rm-address(CH32V407RM.PDF)
CH32V407,DVP,DVP,ROW_NUM,0x50050004,0x004,16,1,#,confirmed,evt(ch32v4x7.h)+rm-address(CH32V407RM.PDF)
CH32V407,DVP,DVP,COL_NUM,0x50050006,0x006,16,1,#,confirmed,evt(ch32v4x7.h)+rm-address(CH32V407RM.PDF)
CH32V407,DVP,DVP,DMA_BUF0,0x50050008,0x008,32,1,#,confirmed,evt(ch32v4x7.h)+rm-address(CH32V407RM.PDF)
CH32V407,DVP,DVP,DMA_BUF1,0x5005000c,0x00c,32,1,#,confirmed,evt(ch32v4x7.h)+rm-address(CH32V407RM.PDF)
CH32V407,DVP,DVP,IFR,0x50050010,0x010,8,1,#,confirmed,evt(ch32v4x7.h)+rm-address(CH32V407RM.PDF)
CH32V407,DVP,DVP,STATUS,0x50050011,0x011,8,1,#,confirmed,evt(ch32v4x7.h)+rm-address(CH32V407RM.PDF)
CH32V407,DVP,DVP,ROW_CNT,0x50050014,0x014,16,1,#,confirmed,evt(ch32v4x7.h)+rm-address(CH32V407RM.PDF)
CH32V407,DVP,DVP,HOFFCNT,0x50050018,0x018,16,1,#,confirmed,evt(ch32v4x7.h)+rm-address(CH32V407RM.PDF)
CH32V407,DVP,DVP,VST,0x5005001a,0x01a,16,1,#,confirmed,evt(ch32v4x7.h)+rm-address(CH32V407RM.PDF)
CH32V407,DVP,DVP,CAPCNT,0x5005001c,0x01c,16,1,#,confirmed,evt(ch32v4x7.h)+rm-address(CH32V407RM.PDF)
CH32V407,DVP,DVP,VLINE,0x5005001e,0x01e,16,1,#,confirmed,evt(ch32v4x7.h)+rm-address(CH32V407RM.PDF)
CH32V407,DVP,DVP,DR,0x50050020,0x020,32,1,#,confirmed,evt(ch32v4x7.h)+rm-address(CH32V407RM.PDF)
CH32V407,FSMC_Bank1,FSMC_Bank1,BTCR,0xa0000000,0x000,32,8,#,reference,evt(ch32v4x7.h)
CH32V407,FSMC_Bank2,FSMC_Bank2,PCR2,0xa0000060,0x000,32,1,#,reference,evt(ch32v4x7.h)
CH32V407,FSMC_Bank2,FSMC_Bank2,SR2,0xa0000064,0x004,32,1,#,reference,evt(ch32v4x7.h)
CH32V407,FSMC_Bank2,FSMC_Bank2,PMEM2,0xa0000068,0x008,32,1,#,reference,evt(ch32v4x7.h)
CH32V407,FSMC_Bank2,FSMC_Bank2,PATT2,0xa000006c,0x00c,32,1,#,reference,evt(ch32v4x7.h)
CH32V407,FSMC_Bank2,FSMC_Bank2,ECCR2,0xa0000074,0x014,32,1,#,reference,evt(ch32v4x7.h)
CH32V407,FSMC_Bank1E,FSMC_Bank1E,BWTR,0xa0000104,0x000,32,7,#,reference,evt(ch32v4x7.h)
CH32X035,OB,OB,RDPR,0x1ffff800,0x000,16,1,#,reference,evt(ch32x035.h)
CH32X035,OB,OB,USER,0x1ffff802,0x002,16,1,#,reference,evt(ch32x035.h)
CH32X035,OB,OB,Data0,0x1ffff804,0x004,16,1,#,reference,evt(ch32x035.h)
CH32X035,OB,OB,Data1,0x1ffff806,0x006,16,1,#,reference,evt(ch32x035.h)
CH32X035,OB,OB,WRPR0,0x1ffff808,0x008,16,1,#,reference,evt(ch32x035.h)
CH32X035,OB,OB,WRPR1,0x1ffff80a,0x00a,16,1,#,reference,evt(ch32x035.h)
CH32X035,OB,OB,WRPR2,0x1ffff80c,0x00c,16,1,#,reference,evt(ch32x035.h)
CH32X035,OB,OB,WRPR3,0x1ffff80e,0x00e,16,1,#,reference,evt(ch32x035.h)
CH32X035,TIM2,TIM,CTLR1,0x40000000,0x000,16,1,#,confirmed,evt(ch32x035.h)+rm(CH32X035RM.PDF)+rm-address(CH32X035RM.PDF)
CH32X035,TIM2,TIM,CTLR2,0x40000004,0x004,16,1,#,confirmed,evt(ch32x035.h)+rm(CH32X035RM.PDF)+rm-address(CH32X035RM.PDF)
CH32X035,TIM2,TIM,SMCFGR,0x40000008,0x008,16,1,#,confirmed,evt(ch32x035.h)+rm(CH32X035RM.PDF)+rm-address(CH32X035RM.PDF)
CH32X035,TIM2,TIM,DMAINTENR,0x4000000c,0x00c,16,1,#,confirmed,evt(ch32x035.h)+rm(CH32X035RM.PDF)+rm-address(CH32X035RM.PDF)
CH32X035,TIM2,TIM,INTFR,0x40000010,0x010,16,1,#,confirmed,evt(ch32x035.h)+rm(CH32X035RM.PDF)+rm-address(CH32X035RM.PDF)
CH32X035,TIM2,TIM,SWEVGR,0x40000014,0x014,16,1,#,confirmed,evt(ch32x035.h)+rm(CH32X035RM.PDF)+rm-address(CH32X035RM.PDF)
CH32X035,TIM2,TIM,CHCTLR1,0x40000018,0x018,16,1,#,confirmed,evt(ch32x035.h)+rm(CH32X035RM.PDF)+rm-address(CH32X035RM.PDF)
CH32X035,TIM2,TIM,CHCTLR2,0x4000001c,0x01c,16,1,#,confirmed,evt(ch32x035.h)+rm(CH32X035RM.PDF)+rm-address(CH32X035RM.PDF)
CH32X035,TIM2,TIM,CCER,0x40000020,0x020,16,1,#,confirmed,evt(ch32x035.h)+rm(CH32X035RM.PDF)+rm-address(CH32X035RM.PDF)
CH32X035,TIM2,TIM,CNT,0x40000024,0x024,16,1,#,confirmed,evt(ch32x035.h)+rm(CH32X035RM.PDF)+rm-address(CH32X035RM.PDF)
CH32X035,TIM2,TIM,PSC,0x40000028,0x028,16,1,#,confirmed,evt(ch32x035.h)+rm(CH32X035RM.PDF)+rm-address(CH32X035RM.PDF)
CH32X035,TIM2,TIM,ATRLR,0x4000002c,0x02c,16,1,#,confirmed,evt(ch32x035.h)+rm(CH32X035RM.PDF)+rm-address(CH32X035RM.PDF)
CH32X035,TIM2,TIM,RPTCR,0x40000030,0x030,16,1,#,confirmed,evt(ch32x035.h)+rm(CH32X035RM.PDF)+rm-address(CH32X035RM.PDF)
CH32X035,TIM2,TIM,CH1CVR,0x40000034,0x034,16,1,#,confirmed,evt(ch32x035.h)+rm(CH32X035RM.PDF)+rm-address(CH32X035RM.PDF)
CH32X035,TIM2,TIM,CH1CVR_R32,0x40000034,0x034,32,1,#,reference,evt(ch32x035.h)
CH32X035,TIM2,TIM,CH2CVR,0x40000038,0x038,16,1,#,confirmed,evt(ch32x035.h)+rm(CH32X035RM.PDF)+rm-address(CH32X035RM.PDF)
CH32X035,TIM2,TIM,CH2CVR__R32,0x40000038,0x038,32,1,#,reference,evt(ch32x035.h)
CH32X035,TIM2,TIM,CH3CVR,0x4000003c,0x03c,16,1,#,confirmed,evt(ch32x035.h)+rm(CH32X035RM.PDF)+rm-address(CH32X035RM.PDF)
CH32X035,TIM2,TIM,CH3CVR__R32,0x4000003c,0x03c,32,1,#,reference,evt(ch32x035.h)
CH32X035,TIM2,TIM,CH4CVR,0x40000040,0x040,16,1,#,confirmed,evt(ch32x035.h)+rm(CH32X035RM.PDF)+rm-address(CH32X035RM.PDF)
CH32X035,TIM2,TIM,CH4CVR__R32,0x40000040,0x040,32,1,#,reference,evt(ch32x035.h)
CH32X035,TIM2,TIM,BDTR,0x40000044,0x044,16,1,#,confirmed,evt(ch32x035.h)+rm(CH32X035RM.PDF)+rm-address(CH32X035RM.PDF)
CH32X035,TIM2,TIM,DMACFGR,0x40000048,0x048,16,1,#,confirmed,evt(ch32x035.h)+rm(CH32X035RM.PDF)+rm-address(CH32X035RM.PDF)
CH32X035,TIM2,TIM,DMAADR,0x4000004c,0x04c,16,1,#,confirmed,evt(ch32x035.h)+rm(CH32X035RM.PDF)+rm-address(CH32X035RM.PDF)
CH32X035,TIM2,TIM,SPEC,0x40000050,0x050,16,1,#,confirmed,evt(ch32x035.h)+rm(CH32X035RM.PDF)+rm-address(CH32X035RM.PDF)
CH32X035,TIM3,TIM,CTLR1,0x40000400,0x000,16,1,#,confirmed,evt(ch32x035.h)+rm(CH32X035RM.PDF)+rm-address(CH32X035RM.PDF)
CH32X035,TIM3,TIM,CTLR2,0x40000404,0x004,16,1,#,confirmed,evt(ch32x035.h)+rm(CH32X035RM.PDF)+rm-address(CH32X035RM.PDF)
CH32X035,TIM3,TIM,SMCFGR,0x40000408,0x008,16,1,#,confirmed,evt(ch32x035.h)+rm(CH32X035RM.PDF)+rm-address(CH32X035RM.PDF)
CH32X035,TIM3,TIM,DMAINTENR,0x4000040c,0x00c,16,1,#,confirmed,evt(ch32x035.h)+rm(CH32X035RM.PDF)+rm-address(CH32X035RM.PDF)
CH32X035,TIM3,TIM,INTFR,0x40000410,0x010,16,1,#,confirmed,evt(ch32x035.h)+rm(CH32X035RM.PDF)+rm-address(CH32X035RM.PDF)
CH32X035,TIM3,TIM,SWEVGR,0x40000414,0x014,16,1,#,confirmed,evt(ch32x035.h)+rm(CH32X035RM.PDF)+rm-address(CH32X035RM.PDF)
CH32X035,TIM3,TIM,CHCTLR1,0x40000418,0x018,16,1,#,confirmed,evt(ch32x035.h)+rm(CH32X035RM.PDF)+rm-address(CH32X035RM.PDF)
CH32X035,TIM3,TIM,CHCTLR2,0x4000041c,0x01c,16,1,#,confirmed,evt(ch32x035.h)+rm(CH32X035RM.PDF)+rm-address(CH32X035RM.PDF)
CH32X035,TIM3,TIM,CCER,0x40000420,0x020,16,1,#,confirmed,evt(ch32x035.h)+rm(CH32X035RM.PDF)+rm-address(CH32X035RM.PDF)
CH32X035,TIM3,TIM,CNT,0x40000424,0x024,16,1,#,confirmed,evt(ch32x035.h)+rm(CH32X035RM.PDF)+rm-address(CH32X035RM.PDF)
CH32X035,TIM3,TIM,PSC,0x40000428,0x028,16,1,#,confirmed,evt(ch32x035.h)+rm(CH32X035RM.PDF)+rm-address(CH32X035RM.PDF)
CH32X035,TIM3,TIM,ATRLR,0x4000042c,0x02c,16,1,#,confirmed,evt(ch32x035.h)+rm(CH32X035RM.PDF)+rm-address(CH32X035RM.PDF)
CH32X035,TIM3,TIM,RPTCR,0x40000430,0x030,16,1,#,confirmed,evt(ch32x035.h)+rm(CH32X035RM.PDF)+rm-address(CH32X035RM.PDF)
CH32X035,TIM3,TIM,CH1CVR,0x40000434,0x034,16,1,#,confirmed,evt(ch32x035.h)+rm(CH32X035RM.PDF)+rm-address(CH32X035RM.PDF)
CH32X035,TIM3,TIM,CH1CVR_R32,0x40000434,0x034,32,1,#,reference,evt(ch32x035.h)
CH32X035,TIM3,TIM,CH2CVR,0x40000438,0x038,16,1,#,confirmed,evt(ch32x035.h)+rm(CH32X035RM.PDF)+rm-address(CH32X035RM.PDF)
CH32X035,TIM3,TIM,CH2CVR__R32,0x40000438,0x038,32,1,#,reference,evt(ch32x035.h)
CH32X035,TIM3,TIM,CH3CVR,0x4000043c,0x03c,16,1,#,confirmed,evt(ch32x035.h)+rm(CH32X035RM.PDF)+rm-address(CH32X035RM.PDF)
CH32X035,TIM3,TIM,CH3CVR__R32,0x4000043c,0x03c,32,1,#,reference,evt(ch32x035.h)
CH32X035,TIM3,TIM,CH4CVR,0x40000440,0x040,16,1,#,confirmed,evt(ch32x035.h)+rm(CH32X035RM.PDF)+rm-address(CH32X035RM.PDF)
CH32X035,TIM3,TIM,CH4CVR__R32,0x40000440,0x040,32,1,#,reference,evt(ch32x035.h)
CH32X035,TIM3,TIM,BDTR,0x40000444,0x044,16,1,#,confirmed,evt(ch32x035.h)+rm(CH32X035RM.PDF)+rm-address(CH32X035RM.PDF)
CH32X035,TIM3,TIM,DMACFGR,0x40000448,0x048,16,1,#,confirmed,evt(ch32x035.h)+rm(CH32X035RM.PDF)+rm-address(CH32X035RM.PDF)
CH32X035,TIM3,TIM,DMAADR,0x4000044c,0x04c,16,1,#,confirmed,evt(ch32x035.h)+rm(CH32X035RM.PDF)+rm-address(CH32X035RM.PDF)
CH32X035,TIM3,TIM,SPEC,0x40000450,0x050,16,1,#,confirmed,evt(ch32x035.h)+rm(CH32X035RM.PDF)+rm-address(CH32X035RM.PDF)
CH32X035,WWDG,WWDG,CTLR,0x40002c00,0x000,32,1,#,confirmed,evt(ch32x035.h)+rm(CH32X035RM.PDF)+rm-address(CH32X035RM.PDF)
CH32X035,WWDG,WWDG,CFGR,0x40002c04,0x004,32,1,#,confirmed,evt(ch32x035.h)+rm(CH32X035RM.PDF)+rm-address(CH32X035RM.PDF)
CH32X035,WWDG,WWDG,STATR,0x40002c08,0x008,32,1,#,confirmed,evt(ch32x035.h)+rm(CH32X035RM.PDF)+rm-address(CH32X035RM.PDF)
CH32X035,IWDG,IWDG,CTLR,0x40003000,0x000,32,1,#,confirmed,evt(ch32x035.h)+rm(CH32X035RM.PDF)+rm-address(CH32X035RM.PDF)
CH32X035,IWDG,IWDG,PSCR,0x40003004,0x004,32,1,#,confirmed,evt(ch32x035.h)+rm(CH32X035RM.PDF)+rm-address(CH32X035RM.PDF)
CH32X035,IWDG,IWDG,RLDR,0x40003008,0x008,32,1,#,confirmed,evt(ch32x035.h)+rm(CH32X035RM.PDF)+rm-address(CH32X035RM.PDF)
CH32X035,IWDG,IWDG,STATR,0x4000300c,0x00c,32,1,#,confirmed,evt(ch32x035.h)+rm(CH32X035RM.PDF)+rm-address(CH32X035RM.PDF)
CH32X035,USART2,USART,STATR,0x40004400,0x000,16,1,#,confirmed,evt(ch32x035.h)+rm(CH32X035RM.PDF)+rm-address(CH32X035RM.PDF)
CH32X035,USART2,USART,DATAR,0x40004404,0x004,16,1,#,confirmed,evt(ch32x035.h)+rm(CH32X035RM.PDF)+rm-address(CH32X035RM.PDF)
CH32X035,USART2,USART,BRR,0x40004408,0x008,16,1,#,confirmed,evt(ch32x035.h)+rm(CH32X035RM.PDF)+rm-address(CH32X035RM.PDF)
CH32X035,USART2,USART,CTLR1,0x4000440c,0x00c,16,1,#,confirmed,evt(ch32x035.h)+rm(CH32X035RM.PDF)+rm-address(CH32X035RM.PDF)
CH32X035,USART2,USART,CTLR2,0x40004410,0x010,16,1,#,confirmed,evt(ch32x035.h)+rm(CH32X035RM.PDF)+rm-address(CH32X035RM.PDF)
CH32X035,USART2,USART,CTLR3,0x40004414,0x014,16,1,#,confirmed,evt(ch32x035.h)+rm(CH32X035RM.PDF)+rm-address(CH32X035RM.PDF)
CH32X035,USART2,USART,GPR,0x40004418,0x018,16,1,#,confirmed,evt(ch32x035.h)+rm(CH32X035RM.PDF)+rm-address(CH32X035RM.PDF)
CH32X035,USART3,USART,STATR,0x40004800,0x000,16,1,#,confirmed,evt(ch32x035.h)+rm(CH32X035RM.PDF)+rm-address(CH32X035RM.PDF)
CH32X035,USART3,USART,DATAR,0x40004804,0x004,16,1,#,confirmed,evt(ch32x035.h)+rm(CH32X035RM.PDF)+rm-address(CH32X035RM.PDF)
CH32X035,USART3,USART,BRR,0x40004808,0x008,16,1,#,confirmed,evt(ch32x035.h)+rm(CH32X035RM.PDF)+rm-address(CH32X035RM.PDF)
CH32X035,USART3,USART,CTLR1,0x4000480c,0x00c,16,1,#,confirmed,evt(ch32x035.h)+rm(CH32X035RM.PDF)+rm-address(CH32X035RM.PDF)
CH32X035,USART3,USART,CTLR2,0x40004810,0x010,16,1,#,confirmed,evt(ch32x035.h)+rm(CH32X035RM.PDF)+rm-address(CH32X035RM.PDF)
CH32X035,USART3,USART,CTLR3,0x40004814,0x014,16,1,#,confirmed,evt(ch32x035.h)+rm(CH32X035RM.PDF)+rm-address(CH32X035RM.PDF)
CH32X035,USART3,USART,GPR,0x40004818,0x018,16,1,#,confirmed,evt(ch32x035.h)+rm(CH32X035RM.PDF)+rm-address(CH32X035RM.PDF)
CH32X035,USART4,USART,STATR,0x40004c00,0x000,16,1,#,confirmed,evt(ch32x035.h)+rm(CH32X035RM.PDF)+rm-address(CH32X035RM.PDF)
CH32X035,USART4,USART,DATAR,0x40004c04,0x004,16,1,#,confirmed,evt(ch32x035.h)+rm(CH32X035RM.PDF)+rm-address(CH32X035RM.PDF)
CH32X035,USART4,USART,BRR,0x40004c08,0x008,16,1,#,confirmed,evt(ch32x035.h)+rm(CH32X035RM.PDF)+rm-address(CH32X035RM.PDF)
CH32X035,USART4,USART,CTLR1,0x40004c0c,0x00c,16,1,#,confirmed,evt(ch32x035.h)+rm(CH32X035RM.PDF)+rm-address(CH32X035RM.PDF)
CH32X035,USART4,USART,CTLR2,0x40004c10,0x010,16,1,#,confirmed,evt(ch32x035.h)+rm(CH32X035RM.PDF)+rm-address(CH32X035RM.PDF)
CH32X035,USART4,USART,CTLR3,0x40004c14,0x014,16,1,#,confirmed,evt(ch32x035.h)+rm(CH32X035RM.PDF)+rm-address(CH32X035RM.PDF)
CH32X035,USART4,USART,GPR,0x40004c18,0x018,16,1,#,confirmed,evt(ch32x035.h)+rm(CH32X035RM.PDF)+rm-address(CH32X035RM.PDF)
CH32X035,I2C1,I2C,CTLR1,0x40005400,0x000,16,1,#,confirmed,evt(ch32x035.h)+rm(CH32X035RM.PDF)+rm-address(CH32X035RM.PDF)
CH32X035,I2C1,I2C,CTLR2,0x40005404,0x004,16,1,#,confirmed,evt(ch32x035.h)+rm(CH32X035RM.PDF)+rm-address(CH32X035RM.PDF)
CH32X035,I2C1,I2C,OADDR1,0x40005408,0x008,16,1,#,confirmed,evt(ch32x035.h)+rm(CH32X035RM.PDF)+rm-address(CH32X035RM.PDF)
CH32X035,I2C1,I2C,OADDR2,0x4000540c,0x00c,16,1,#,confirmed,evt(ch32x035.h)+rm(CH32X035RM.PDF)+rm-address(CH32X035RM.PDF)
CH32X035,I2C1,I2C,DATAR,0x40005410,0x010,16,1,#,confirmed,evt(ch32x035.h)+rm(CH32X035RM.PDF)+rm-address(CH32X035RM.PDF)
CH32X035,I2C1,I2C,STAR1,0x40005414,0x014,16,1,#,confirmed,evt(ch32x035.h)+rm(CH32X035RM.PDF)+rm-address(CH32X035RM.PDF)
CH32X035,I2C1,I2C,STAR2,0x40005418,0x018,16,1,#,confirmed,evt(ch32x035.h)+rm(CH32X035RM.PDF)+rm-address(CH32X035RM.PDF)
CH32X035,I2C1,I2C,CKCFGR,0x4000541c,0x01c,16,1,#,confirmed,evt(ch32x035.h)+rm(CH32X035RM.PDF)+rm-address(CH32X035RM.PDF)
CH32X035,PWR,PWR,CTLR,0x40007000,0x000,32,1,#,confirmed,evt(ch32x035.h)+rm(CH32X035RM.PDF)+rm-address(CH32X035RM.PDF)
CH32X035,PWR,PWR,CSR,0x40007004,0x004,32,1,#,confirmed,evt(ch32x035.h)+rm(CH32X035RM.PDF)+rm-address(CH32X035RM.PDF)
CH32X035,AFIO,AFIO,PCFR1,0x40010004,0x004,32,1,#,confirmed,evt(ch32x035.h)+rm(CH32X035RM.PDF)+rm-address(CH32X035RM.PDF)
CH32X035,AFIO,AFIO,EXTICR,0x40010008,0x008,32,2,#,confirmed,evt(ch32x035.h)+rm-address(CH32X035RM.PDF)
CH32X035,AFIO,AFIO,CTLR,0x40010018,0x018,32,1,#,confirmed,evt(ch32x035.h)+rm(CH32X035RM.PDF)+rm-address(CH32X035RM.PDF)
CH32X035,EXTI,EXTI,INTENR,0x40010400,0x000,32,1,#,confirmed,evt(ch32x035.h)+rm(CH32X035RM.PDF)+rm-address(CH32X035RM.PDF)
CH32X035,EXTI,EXTI,EVENR,0x40010404,0x004,32,1,#,confirmed,evt(ch32x035.h)+rm(CH32X035RM.PDF)+rm-address(CH32X035RM.PDF)
CH32X035,EXTI,EXTI,RTENR,0x40010408,0x008,32,1,#,confirmed,evt(ch32x035.h)+rm(CH32X035RM.PDF)+rm-address(CH32X035RM.PDF)
CH32X035,EXTI,EXTI,FTENR,0x4001040c,0x00c,32,1,#,confirmed,evt(ch32x035.h)+rm(CH32X035RM.PDF)+rm-address(CH32X035RM.PDF)
CH32X035,EXTI,EXTI,SWIEVR,0x40010410,0x010,32,1,#,confirmed,evt(ch32x035.h)+rm(CH32X035RM.PDF)+rm-address(CH32X035RM.PDF)
CH32X035,EXTI,EXTI,INTFR,0x40010414,0x014,32,1,#,confirmed,evt(ch32x035.h)+rm(CH32X035RM.PDF)+rm-address(CH32X035RM.PDF)
CH32X035,GPIOA,GPIO,CFGLR,0x40010800,0x000,32,1,#,confirmed,evt(ch32x035.h)+rm-address(CH32X035RM.PDF)
CH32X035,GPIOA,GPIO,CFGHR,0x40010804,0x004,32,1,#,confirmed,evt(ch32x035.h)+rm-address(CH32X035RM.PDF)
CH32X035,GPIOA,GPIO,INDR,0x40010808,0x008,32,1,#,confirmed,evt(ch32x035.h)+rm(CH32X035RM.PDF)+rm-address(CH32X035RM.PDF)
CH32X035,GPIOA,GPIO,OUTDR,0x4001080c,0x00c,32,1,#,confirmed,evt(ch32x035.h)+rm(CH32X035RM.PDF)+rm-address(CH32X035RM.PDF)
CH32X035,GPIOA,GPIO,BSHR,0x40010810,0x010,32,1,#,confirmed,evt(ch32x035.h)+rm(CH32X035RM.PDF)+rm-address(CH32X035RM.PDF)
CH32X035,GPIOA,GPIO,BCR,0x40010814,0x014,32,1,#,confirmed,evt(ch32x035.h)+rm(CH32X035RM.PDF)+rm-address(CH32X035RM.PDF)
CH32X035,GPIOA,GPIO,LCKR,0x40010818,0x018,32,1,#,confirmed,evt(ch32x035.h)+rm(CH32X035RM.PDF)+rm-address(CH32X035RM.PDF)
CH32X035,GPIOA,GPIO,CFGXR,0x4001081c,0x01c,32,1,#,confirmed,evt(ch32x035.h)+rm-address(CH32X035RM.PDF)
CH32X035,GPIOA,GPIO,BSXR,0x40010820,0x020,32,1,#,confirmed,evt(ch32x035.h)+rm(CH32X035RM.PDF)+rm-address(CH32X035RM.PDF)
CH32X035,GPIOB,GPIO,CFGLR,0x40010c00,0x000,32,1,#,confirmed,evt(ch32x035.h)+rm-address(CH32X035RM.PDF)
CH32X035,GPIOB,GPIO,CFGHR,0x40010c04,0x004,32,1,#,confirmed,evt(ch32x035.h)+rm-address(CH32X035RM.PDF)
CH32X035,GPIOB,GPIO,INDR,0x40010c08,0x008,32,1,#,confirmed,evt(ch32x035.h)+rm(CH32X035RM.PDF)+rm-address(CH32X035RM.PDF)
CH32X035,GPIOB,GPIO,OUTDR,0x40010c0c,0x00c,32,1,#,confirmed,evt(ch32x035.h)+rm(CH32X035RM.PDF)+rm-address(CH32X035RM.PDF)
CH32X035,GPIOB,GPIO,BSHR,0x40010c10,0x010,32,1,#,confirmed,evt(ch32x035.h)+rm(CH32X035RM.PDF)+rm-address(CH32X035RM.PDF)
CH32X035,GPIOB,GPIO,BCR,0x40010c14,0x014,32,1,#,confirmed,evt(ch32x035.h)+rm(CH32X035RM.PDF)+rm-address(CH32X035RM.PDF)
CH32X035,GPIOB,GPIO,LCKR,0x40010c18,0x018,32,1,#,confirmed,evt(ch32x035.h)+rm(CH32X035RM.PDF)+rm-address(CH32X035RM.PDF)
CH32X035,GPIOB,GPIO,CFGXR,0x40010c1c,0x01c,32,1,#,confirmed,evt(ch32x035.h)+rm-address(CH32X035RM.PDF)
CH32X035,GPIOB,GPIO,BSXR,0x40010c20,0x020,32,1,#,confirmed,evt(ch32x035.h)+rm(CH32X035RM.PDF)+rm-address(CH32X035RM.PDF)
CH32X035,GPIOC,GPIO,CFGLR,0x40011000,0x000,32,1,#,confirmed,evt(ch32x035.h)+rm-address(CH32X035RM.PDF)
CH32X035,GPIOC,GPIO,CFGHR,0x40011004,0x004,32,1,#,confirmed,evt(ch32x035.h)+rm-address(CH32X035RM.PDF)
CH32X035,GPIOC,GPIO,INDR,0x40011008,0x008,32,1,#,confirmed,evt(ch32x035.h)+rm(CH32X035RM.PDF)+rm-address(CH32X035RM.PDF)
CH32X035,GPIOC,GPIO,OUTDR,0x4001100c,0x00c,32,1,#,confirmed,evt(ch32x035.h)+rm(CH32X035RM.PDF)+rm-address(CH32X035RM.PDF)
CH32X035,GPIOC,GPIO,BSHR,0x40011010,0x010,32,1,#,confirmed,evt(ch32x035.h)+rm(CH32X035RM.PDF)+rm-address(CH32X035RM.PDF)
CH32X035,GPIOC,GPIO,BCR,0x40011014,0x014,32,1,#,confirmed,evt(ch32x035.h)+rm(CH32X035RM.PDF)+rm-address(CH32X035RM.PDF)
CH32X035,GPIOC,GPIO,LCKR,0x40011018,0x018,32,1,#,confirmed,evt(ch32x035.h)+rm(CH32X035RM.PDF)+rm-address(CH32X035RM.PDF)
CH32X035,GPIOC,GPIO,CFGXR,0x4001101c,0x01c,32,1,#,confirmed,evt(ch32x035.h)+rm-address(CH32X035RM.PDF)
CH32X035,GPIOC,GPIO,BSXR,0x40011020,0x020,32,1,#,confirmed,evt(ch32x035.h)+rm(CH32X035RM.PDF)+rm-address(CH32X035RM.PDF)
CH32X035,ADC1,ADC,STATR,0x40012400,0x000,32,1,#,confirmed,evt(ch32x035.h)+rm(CH32X035RM.PDF)+rm-address(CH32X035RM.PDF)
CH32X035,TKey1,ADC,STATR,0x40012400,0x000,32,1,#,reference,evt(ch32x035.h)+rm(CH32X035RM.PDF)+rm-address(CH32X035RM.PDF)
CH32X035,ADC1,ADC,CTLR1,0x40012404,0x004,32,1,#,confirmed,evt(ch32x035.h)+rm(CH32X035RM.PDF)+rm-address(CH32X035RM.PDF)
CH32X035,TKey1,ADC,CTLR1,0x40012404,0x004,32,1,#,reference,evt(ch32x035.h)+rm(CH32X035RM.PDF)+rm-address(CH32X035RM.PDF)
CH32X035,ADC1,ADC,CTLR2,0x40012408,0x008,32,1,#,confirmed,evt(ch32x035.h)+rm(CH32X035RM.PDF)+rm-address(CH32X035RM.PDF)
CH32X035,TKey1,ADC,CTLR2,0x40012408,0x008,32,1,#,reference,evt(ch32x035.h)+rm(CH32X035RM.PDF)+rm-address(CH32X035RM.PDF)
CH32X035,ADC1,ADC,SAMPTR1,0x4001240c,0x00c,32,1,#,confirmed,evt(ch32x035.h)+rm(CH32X035RM.PDF)+rm-address(CH32X035RM.PDF)
CH32X035,TKey1,ADC,SAMPTR1,0x4001240c,0x00c,32,1,#,reference,evt(ch32x035.h)+rm(CH32X035RM.PDF)+rm-address(CH32X035RM.PDF)
CH32X035,ADC1,ADC,SAMPTR2,0x40012410,0x010,32,1,#,confirmed,evt(ch32x035.h)+rm(CH32X035RM.PDF)+rm-address(CH32X035RM.PDF)
CH32X035,TKey1,ADC,SAMPTR2,0x40012410,0x010,32,1,#,reference,evt(ch32x035.h)+rm(CH32X035RM.PDF)+rm-address(CH32X035RM.PDF)
CH32X035,ADC1,ADC,IOFR1,0x40012414,0x014,32,1,#,confirmed,evt(ch32x035.h)+rm-address(CH32X035RM.PDF)
CH32X035,TKey1,ADC,IOFR1,0x40012414,0x014,32,1,#,reference,evt(ch32x035.h)+rm-address(CH32X035RM.PDF)
CH32X035,ADC1,ADC,IOFR2,0x40012418,0x018,32,1,#,confirmed,evt(ch32x035.h)+rm-address(CH32X035RM.PDF)
CH32X035,TKey1,ADC,IOFR2,0x40012418,0x018,32,1,#,reference,evt(ch32x035.h)+rm-address(CH32X035RM.PDF)
CH32X035,ADC1,ADC,IOFR3,0x4001241c,0x01c,32,1,#,confirmed,evt(ch32x035.h)+rm-address(CH32X035RM.PDF)
CH32X035,TKey1,ADC,IOFR3,0x4001241c,0x01c,32,1,#,reference,evt(ch32x035.h)+rm-address(CH32X035RM.PDF)
CH32X035,ADC1,ADC,IOFR4,0x40012420,0x020,32,1,#,confirmed,evt(ch32x035.h)+rm-address(CH32X035RM.PDF)
CH32X035,TKey1,ADC,IOFR4,0x40012420,0x020,32,1,#,reference,evt(ch32x035.h)+rm-address(CH32X035RM.PDF)
CH32X035,ADC1,ADC,WDHTR,0x40012424,0x024,32,1,#,confirmed,evt(ch32x035.h)+rm(CH32X035RM.PDF)+rm-address(CH32X035RM.PDF)
CH32X035,TKey1,ADC,WDHTR,0x40012424,0x024,32,1,#,reference,evt(ch32x035.h)+rm(CH32X035RM.PDF)+rm-address(CH32X035RM.PDF)
CH32X035,ADC1,ADC,WDLTR,0x40012428,0x028,32,1,#,confirmed,evt(ch32x035.h)+rm(CH32X035RM.PDF)+rm-address(CH32X035RM.PDF)
CH32X035,TKey1,ADC,WDLTR,0x40012428,0x028,32,1,#,reference,evt(ch32x035.h)+rm(CH32X035RM.PDF)+rm-address(CH32X035RM.PDF)
CH32X035,ADC1,ADC,RSQR1,0x4001242c,0x02c,32,1,#,confirmed,evt(ch32x035.h)+rm(CH32X035RM.PDF)+rm-address(CH32X035RM.PDF)
CH32X035,TKey1,ADC,RSQR1,0x4001242c,0x02c,32,1,#,reference,evt(ch32x035.h)+rm(CH32X035RM.PDF)+rm-address(CH32X035RM.PDF)
CH32X035,ADC1,ADC,RSQR2,0x40012430,0x030,32,1,#,confirmed,evt(ch32x035.h)+rm(CH32X035RM.PDF)+rm-address(CH32X035RM.PDF)
CH32X035,TKey1,ADC,RSQR2,0x40012430,0x030,32,1,#,reference,evt(ch32x035.h)+rm(CH32X035RM.PDF)+rm-address(CH32X035RM.PDF)
CH32X035,ADC1,ADC,RSQR3,0x40012434,0x034,32,1,#,confirmed,evt(ch32x035.h)+rm(CH32X035RM.PDF)+rm-address(CH32X035RM.PDF)
CH32X035,TKey1,ADC,RSQR3,0x40012434,0x034,32,1,#,reference,evt(ch32x035.h)+rm(CH32X035RM.PDF)+rm-address(CH32X035RM.PDF)
CH32X035,ADC1,ADC,ISQR,0x40012438,0x038,32,1,#,confirmed,evt(ch32x035.h)+rm(CH32X035RM.PDF)+rm-address(CH32X035RM.PDF)
CH32X035,TKey1,ADC,ISQR,0x40012438,0x038,32,1,#,reference,evt(ch32x035.h)+rm(CH32X035RM.PDF)+rm-address(CH32X035RM.PDF)
CH32X035,ADC1,ADC,IDATAR1,0x4001243c,0x03c,32,1,#,confirmed,evt(ch32x035.h)+rm-address(CH32X035RM.PDF)
CH32X035,TKey1,ADC,IDATAR1,0x4001243c,0x03c,32,1,#,reference,evt(ch32x035.h)+rm-address(CH32X035RM.PDF)
CH32X035,ADC1,ADC,IDATAR2,0x40012440,0x040,32,1,#,confirmed,evt(ch32x035.h)+rm-address(CH32X035RM.PDF)
CH32X035,TKey1,ADC,IDATAR2,0x40012440,0x040,32,1,#,reference,evt(ch32x035.h)+rm-address(CH32X035RM.PDF)
CH32X035,ADC1,ADC,IDATAR3,0x40012444,0x044,32,1,#,confirmed,evt(ch32x035.h)+rm-address(CH32X035RM.PDF)
CH32X035,TKey1,ADC,IDATAR3,0x40012444,0x044,32,1,#,reference,evt(ch32x035.h)+rm-address(CH32X035RM.PDF)
CH32X035,ADC1,ADC,IDATAR4,0x40012448,0x048,32,1,#,confirmed,evt(ch32x035.h)+rm-address(CH32X035RM.PDF)
CH32X035,TKey1,ADC,IDATAR4,0x40012448,0x048,32,1,#,reference,evt(ch32x035.h)+rm-address(CH32X035RM.PDF)
CH32X035,ADC1,ADC,RDATAR,0x4001244c,0x04c,32,1,#,confirmed,evt(ch32x035.h)+rm(CH32X035RM.PDF)+rm-address(CH32X035RM.PDF)
CH32X035,TKey1,ADC,RDATAR,0x4001244c,0x04c,32,1,#,reference,evt(ch32x035.h)+rm(CH32X035RM.PDF)+rm-address(CH32X035RM.PDF)
CH32X035,ADC1,ADC,CTLR3,0x40012450,0x050,32,1,#,confirmed,evt(ch32x035.h)+rm(CH32X035RM.PDF)+rm-address(CH32X035RM.PDF)
CH32X035,TKey1,ADC,CTLR3,0x40012450,0x050,32,1,#,reference,evt(ch32x035.h)+rm(CH32X035RM.PDF)+rm-address(CH32X035RM.PDF)
CH32X035,ADC1,ADC,WDTR1,0x40012454,0x054,32,1,#,confirmed,evt(ch32x035.h)+rm(CH32X035RM.PDF)+rm-address(CH32X035RM.PDF)
CH32X035,TKey1,ADC,WDTR1,0x40012454,0x054,32,1,#,reference,evt(ch32x035.h)+rm(CH32X035RM.PDF)+rm-address(CH32X035RM.PDF)
CH32X035,ADC1,ADC,WDTR2,0x40012458,0x058,32,1,#,confirmed,evt(ch32x035.h)+rm(CH32X035RM.PDF)+rm-address(CH32X035RM.PDF)
CH32X035,TKey1,ADC,WDTR2,0x40012458,0x058,32,1,#,reference,evt(ch32x035.h)+rm(CH32X035RM.PDF)+rm-address(CH32X035RM.PDF)
CH32X035,ADC1,ADC,WDTR3,0x4001245c,0x05c,32,1,#,confirmed,evt(ch32x035.h)+rm(CH32X035RM.PDF)+rm-address(CH32X035RM.PDF)
CH32X035,TKey1,ADC,WDTR3,0x4001245c,0x05c,32,1,#,reference,evt(ch32x035.h)+rm(CH32X035RM.PDF)+rm-address(CH32X035RM.PDF)
CH32X035,TIM1,TIM,CTLR1,0x40012c00,0x000,16,1,#,confirmed,evt(ch32x035.h)+rm(CH32X035RM.PDF)+rm-address(CH32X035RM.PDF)
CH32X035,TIM1,TIM,CTLR2,0x40012c04,0x004,16,1,#,confirmed,evt(ch32x035.h)+rm(CH32X035RM.PDF)+rm-address(CH32X035RM.PDF)
CH32X035,TIM1,TIM,SMCFGR,0x40012c08,0x008,16,1,#,confirmed,evt(ch32x035.h)+rm(CH32X035RM.PDF)+rm-address(CH32X035RM.PDF)
CH32X035,TIM1,TIM,DMAINTENR,0x40012c0c,0x00c,16,1,#,confirmed,evt(ch32x035.h)+rm(CH32X035RM.PDF)+rm-address(CH32X035RM.PDF)
CH32X035,TIM1,TIM,INTFR,0x40012c10,0x010,16,1,#,confirmed,evt(ch32x035.h)+rm(CH32X035RM.PDF)+rm-address(CH32X035RM.PDF)
CH32X035,TIM1,TIM,SWEVGR,0x40012c14,0x014,16,1,#,confirmed,evt(ch32x035.h)+rm(CH32X035RM.PDF)+rm-address(CH32X035RM.PDF)
CH32X035,TIM1,TIM,CHCTLR1,0x40012c18,0x018,16,1,#,confirmed,evt(ch32x035.h)+rm(CH32X035RM.PDF)+rm-address(CH32X035RM.PDF)
CH32X035,TIM1,TIM,CHCTLR2,0x40012c1c,0x01c,16,1,#,confirmed,evt(ch32x035.h)+rm(CH32X035RM.PDF)+rm-address(CH32X035RM.PDF)
CH32X035,TIM1,TIM,CCER,0x40012c20,0x020,16,1,#,confirmed,evt(ch32x035.h)+rm(CH32X035RM.PDF)+rm-address(CH32X035RM.PDF)
CH32X035,TIM1,TIM,CNT,0x40012c24,0x024,16,1,#,confirmed,evt(ch32x035.h)+rm(CH32X035RM.PDF)+rm-address(CH32X035RM.PDF)
CH32X035,TIM1,TIM,PSC,0x40012c28,0x028,16,1,#,confirmed,evt(ch32x035.h)+rm(CH32X035RM.PDF)+rm-address(CH32X035RM.PDF)
CH32X035,TIM1,TIM,ATRLR,0x40012c2c,0x02c,16,1,#,confirmed,evt(ch32x035.h)+rm(CH32X035RM.PDF)+rm-address(CH32X035RM.PDF)
CH32X035,TIM1,TIM,RPTCR,0x40012c30,0x030,16,1,#,confirmed,evt(ch32x035.h)+rm(CH32X035RM.PDF)+rm-address(CH32X035RM.PDF)
CH32X035,TIM1,TIM,CH1CVR,0x40012c34,0x034,16,1,#,confirmed,evt(ch32x035.h)+rm(CH32X035RM.PDF)+rm-address(CH32X035RM.PDF)
CH32X035,TIM1,TIM,CH1CVR_R32,0x40012c34,0x034,32,1,#,reference,evt(ch32x035.h)
CH32X035,TIM1,TIM,CH2CVR,0x40012c38,0x038,16,1,#,confirmed,evt(ch32x035.h)+rm(CH32X035RM.PDF)+rm-address(CH32X035RM.PDF)
CH32X035,TIM1,TIM,CH2CVR__R32,0x40012c38,0x038,32,1,#,reference,evt(ch32x035.h)
CH32X035,TIM1,TIM,CH3CVR,0x40012c3c,0x03c,16,1,#,confirmed,evt(ch32x035.h)+rm(CH32X035RM.PDF)+rm-address(CH32X035RM.PDF)
CH32X035,TIM1,TIM,CH3CVR__R32,0x40012c3c,0x03c,32,1,#,reference,evt(ch32x035.h)
CH32X035,TIM1,TIM,CH4CVR,0x40012c40,0x040,16,1,#,confirmed,evt(ch32x035.h)+rm(CH32X035RM.PDF)+rm-address(CH32X035RM.PDF)
CH32X035,TIM1,TIM,CH4CVR__R32,0x40012c40,0x040,32,1,#,reference,evt(ch32x035.h)
CH32X035,TIM1,TIM,BDTR,0x40012c44,0x044,16,1,#,confirmed,evt(ch32x035.h)+rm(CH32X035RM.PDF)+rm-address(CH32X035RM.PDF)
CH32X035,TIM1,TIM,DMACFGR,0x40012c48,0x048,16,1,#,confirmed,evt(ch32x035.h)+rm(CH32X035RM.PDF)+rm-address(CH32X035RM.PDF)
CH32X035,TIM1,TIM,DMAADR,0x40012c4c,0x04c,16,1,#,confirmed,evt(ch32x035.h)+rm(CH32X035RM.PDF)+rm-address(CH32X035RM.PDF)
CH32X035,TIM1,TIM,SPEC,0x40012c50,0x050,16,1,#,confirmed,evt(ch32x035.h)+rm(CH32X035RM.PDF)+rm-address(CH32X035RM.PDF)
CH32X035,SPI1,SPI,CTLR1,0x40013000,0x000,16,1,#,confirmed,evt(ch32x035.h)+rm(CH32X035RM.PDF)+rm-address(CH32X035RM.PDF)
CH32X035,SPI1,SPI,CTLR2,0x40013004,0x004,16,1,#,confirmed,evt(ch32x035.h)+rm(CH32X035RM.PDF)+rm-address(CH32X035RM.PDF)
CH32X035,SPI1,SPI,STATR,0x40013008,0x008,16,1,#,confirmed,evt(ch32x035.h)+rm(CH32X035RM.PDF)+rm-address(CH32X035RM.PDF)
CH32X035,SPI1,SPI,DATAR,0x4001300c,0x00c,16,1,#,confirmed,evt(ch32x035.h)+rm(CH32X035RM.PDF)+rm-address(CH32X035RM.PDF)
CH32X035,SPI1,SPI,CRCR,0x40013010,0x010,16,1,#,confirmed,evt(ch32x035.h)+rm(CH32X035RM.PDF)+rm-address(CH32X035RM.PDF)
CH32X035,SPI1,SPI,RCRCR,0x40013014,0x014,16,1,#,confirmed,evt(ch32x035.h)+rm(CH32X035RM.PDF)+rm-address(CH32X035RM.PDF)
CH32X035,SPI1,SPI,TCRCR,0x40013018,0x018,16,1,#,confirmed,evt(ch32x035.h)+rm(CH32X035RM.PDF)+rm-address(CH32X035RM.PDF)
CH32X035,SPI1,SPI,HSCR,0x40013024,0x024,16,1,#,confirmed,evt(ch32x035.h)+rm(CH32X035RM.PDF)+rm-address(CH32X035RM.PDF)
CH32X035,USART1,USART,STATR,0x40013800,0x000,16,1,#,confirmed,evt(ch32x035.h)+rm(CH32X035RM.PDF)+rm-address(CH32X035RM.PDF)
CH32X035,USART1,USART,DATAR,0x40013804,0x004,16,1,#,confirmed,evt(ch32x035.h)+rm(CH32X035RM.PDF)+rm-address(CH32X035RM.PDF)
CH32X035,USART1,USART,BRR,0x40013808,0x008,16,1,#,confirmed,evt(ch32x035.h)+rm(CH32X035RM.PDF)+rm-address(CH32X035RM.PDF)
CH32X035,USART1,USART,CTLR1,0x4001380c,0x00c,16,1,#,confirmed,evt(ch32x035.h)+rm(CH32X035RM.PDF)+rm-address(CH32X035RM.PDF)
CH32X035,USART1,USART,CTLR2,0x40013810,0x010,16,1,#,confirmed,evt(ch32x035.h)+rm(CH32X035RM.PDF)+rm-address(CH32X035RM.PDF)
CH32X035,USART1,USART,CTLR3,0x40013814,0x014,16,1,#,confirmed,evt(ch32x035.h)+rm(CH32X035RM.PDF)+rm-address(CH32X035RM.PDF)
CH32X035,USART1,USART,GPR,0x40013818,0x018,16,1,#,confirmed,evt(ch32x035.h)+rm(CH32X035RM.PDF)+rm-address(CH32X035RM.PDF)
CH32X035,DMA1,DMA,INTFR,0x40020000,0x000,32,1,#,confirmed,evt(ch32x035.h)+rm-address(CH32X035RM.PDF)
CH32X035,DMA1,DMA,INTFCR,0x40020004,0x004,32,1,#,confirmed,evt(ch32x035.h)+rm-address(CH32X035RM.PDF)
CH32X035,DMA1_Channel1,DMA_Channel,CFGR,0x40020008,0x000,32,1,#,confirmed,evt(ch32x035.h)+rm-address(CH32X035RM.PDF)
CH32X035,DMA1_Channel1,DMA_Channel,CNTR,0x4002000c,0x004,32,1,#,confirmed,evt(ch32x035.h)+rm-address(CH32X035RM.PDF)
CH32X035,DMA1_Channel1,DMA_Channel,PADDR,0x40020010,0x008,32,1,#,confirmed,evt(ch32x035.h)+rm-address(CH32X035RM.PDF)
CH32X035,DMA1_Channel1,DMA_Channel,MADDR,0x40020014,0x00c,32,1,#,confirmed,evt(ch32x035.h)+rm-address(CH32X035RM.PDF)
CH32X035,DMA1_Channel2,DMA_Channel,CFGR,0x4002001c,0x000,32,1,#,confirmed,evt(ch32x035.h)+rm-address(CH32X035RM.PDF)
CH32X035,DMA1_Channel2,DMA_Channel,CNTR,0x40020020,0x004,32,1,#,confirmed,evt(ch32x035.h)+rm-address(CH32X035RM.PDF)
CH32X035,DMA1_Channel2,DMA_Channel,PADDR,0x40020024,0x008,32,1,#,confirmed,evt(ch32x035.h)+rm-address(CH32X035RM.PDF)
CH32X035,DMA1_Channel2,DMA_Channel,MADDR,0x40020028,0x00c,32,1,#,confirmed,evt(ch32x035.h)+rm-address(CH32X035RM.PDF)
CH32X035,DMA1_Channel3,DMA_Channel,CFGR,0x40020030,0x000,32,1,#,confirmed,evt(ch32x035.h)+rm-address(CH32X035RM.PDF)
CH32X035,DMA1_Channel3,DMA_Channel,CNTR,0x40020034,0x004,32,1,#,confirmed,evt(ch32x035.h)+rm-address(CH32X035RM.PDF)
CH32X035,DMA1_Channel3,DMA_Channel,PADDR,0x40020038,0x008,32,1,#,confirmed,evt(ch32x035.h)+rm-address(CH32X035RM.PDF)
CH32X035,DMA1_Channel3,DMA_Channel,MADDR,0x4002003c,0x00c,32,1,#,confirmed,evt(ch32x035.h)+rm-address(CH32X035RM.PDF)
CH32X035,DMA1_Channel4,DMA_Channel,CFGR,0x40020044,0x000,32,1,#,confirmed,evt(ch32x035.h)+rm-address(CH32X035RM.PDF)
CH32X035,DMA1_Channel4,DMA_Channel,CNTR,0x40020048,0x004,32,1,#,confirmed,evt(ch32x035.h)+rm-address(CH32X035RM.PDF)
CH32X035,DMA1_Channel4,DMA_Channel,PADDR,0x4002004c,0x008,32,1,#,confirmed,evt(ch32x035.h)+rm-address(CH32X035RM.PDF)
CH32X035,DMA1_Channel4,DMA_Channel,MADDR,0x40020050,0x00c,32,1,#,confirmed,evt(ch32x035.h)+rm-address(CH32X035RM.PDF)
CH32X035,DMA1_Channel5,DMA_Channel,CFGR,0x40020058,0x000,32,1,#,confirmed,evt(ch32x035.h)+rm-address(CH32X035RM.PDF)
CH32X035,DMA1_Channel5,DMA_Channel,CNTR,0x4002005c,0x004,32,1,#,confirmed,evt(ch32x035.h)+rm-address(CH32X035RM.PDF)
CH32X035,DMA1_Channel5,DMA_Channel,PADDR,0x40020060,0x008,32,1,#,confirmed,evt(ch32x035.h)+rm-address(CH32X035RM.PDF)
CH32X035,DMA1_Channel5,DMA_Channel,MADDR,0x40020064,0x00c,32,1,#,confirmed,evt(ch32x035.h)+rm-address(CH32X035RM.PDF)
CH32X035,DMA1_Channel6,DMA_Channel,CFGR,0x4002006c,0x000,32,1,#,confirmed,evt(ch32x035.h)+rm-address(CH32X035RM.PDF)
CH32X035,DMA1_Channel6,DMA_Channel,CNTR,0x40020070,0x004,32,1,#,confirmed,evt(ch32x035.h)+rm-address(CH32X035RM.PDF)
CH32X035,DMA1_Channel6,DMA_Channel,PADDR,0x40020074,0x008,32,1,#,confirmed,evt(ch32x035.h)+rm-address(CH32X035RM.PDF)
CH32X035,DMA1_Channel6,DMA_Channel,MADDR,0x40020078,0x00c,32,1,#,confirmed,evt(ch32x035.h)+rm-address(CH32X035RM.PDF)
CH32X035,DMA1_Channel7,DMA_Channel,CFGR,0x40020080,0x000,32,1,#,confirmed,evt(ch32x035.h)+rm-address(CH32X035RM.PDF)
CH32X035,DMA1_Channel7,DMA_Channel,CNTR,0x40020084,0x004,32,1,#,confirmed,evt(ch32x035.h)+rm-address(CH32X035RM.PDF)
CH32X035,DMA1_Channel7,DMA_Channel,PADDR,0x40020088,0x008,32,1,#,confirmed,evt(ch32x035.h)+rm-address(CH32X035RM.PDF)
CH32X035,DMA1_Channel7,DMA_Channel,MADDR,0x4002008c,0x00c,32,1,#,confirmed,evt(ch32x035.h)+rm-address(CH32X035RM.PDF)
CH32X035,DMA1_Channel8,DMA_Channel,CFGR,0x40020094,0x000,32,1,#,confirmed,evt(ch32x035.h)+rm-address(CH32X035RM.PDF)
CH32X035,DMA1_Channel8,DMA_Channel,CNTR,0x40020098,0x004,32,1,#,confirmed,evt(ch32x035.h)+rm-address(CH32X035RM.PDF)
CH32X035,DMA1_Channel8,DMA_Channel,PADDR,0x4002009c,0x008,32,1,#,confirmed,evt(ch32x035.h)+rm-address(CH32X035RM.PDF)
CH32X035,DMA1_Channel8,DMA_Channel,MADDR,0x400200a0,0x00c,32,1,#,confirmed,evt(ch32x035.h)+rm-address(CH32X035RM.PDF)
CH32X035,RCC,RCC,CTLR,0x40021000,0x000,32,1,#,confirmed,evt(ch32x035.h)+rm(CH32X035RM.PDF)+rm-address(CH32X035RM.PDF)
CH32X035,RCC,RCC,CFGR0,0x40021004,0x004,32,1,#,confirmed,evt(ch32x035.h)+rm(CH32X035RM.PDF)+rm-address(CH32X035RM.PDF)
CH32X035,RCC,RCC,APB2PRSTR,0x4002100c,0x00c,32,1,#,confirmed,evt(ch32x035.h)+rm(CH32X035RM.PDF)+rm-address(CH32X035RM.PDF)
CH32X035,RCC,RCC,APB1PRSTR,0x40021010,0x010,32,1,#,confirmed,evt(ch32x035.h)+rm(CH32X035RM.PDF)+rm-address(CH32X035RM.PDF)
CH32X035,RCC,RCC,AHBPCENR,0x40021014,0x014,32,1,#,confirmed,evt(ch32x035.h)+rm(CH32X035RM.PDF)+rm-address(CH32X035RM.PDF)
CH32X035,RCC,RCC,APB2PCENR,0x40021018,0x018,32,1,#,confirmed,evt(ch32x035.h)+rm(CH32X035RM.PDF)+rm-address(CH32X035RM.PDF)
CH32X035,RCC,RCC,APB1PCENR,0x4002101c,0x01c,32,1,#,confirmed,evt(ch32x035.h)+rm(CH32X035RM.PDF)+rm-address(CH32X035RM.PDF)
CH32X035,RCC,RCC,RSTSCKR,0x40021024,0x024,32,1,#,confirmed,evt(ch32x035.h)+rm(CH32X035RM.PDF)+rm-address(CH32X035RM.PDF)
CH32X035,RCC,RCC,AHBRSTR,0x40021028,0x028,32,1,#,confirmed,evt(ch32x035.h)+rm(CH32X035RM.PDF)+rm-address(CH32X035RM.PDF)
CH32X035,FLASH,FLASH,ACTLR,0x40022000,0x000,32,1,#,confirmed,evt(ch32x035.h)+rm(CH32X035RM.PDF)+rm-address(CH32X035RM.PDF)
CH32X035,FLASH,FLASH,KEYR,0x40022004,0x004,32,1,#,confirmed,evt(ch32x035.h)+rm(CH32X035RM.PDF)+rm-address(CH32X035RM.PDF)
CH32X035,FLASH,FLASH,OBKEYR,0x40022008,0x008,32,1,#,confirmed,evt(ch32x035.h)+rm(CH32X035RM.PDF)+rm-address(CH32X035RM.PDF)
CH32X035,FLASH,FLASH,STATR,0x4002200c,0x00c,32,1,#,confirmed,evt(ch32x035.h)+rm(CH32X035RM.PDF)+rm-address(CH32X035RM.PDF)
CH32X035,FLASH,FLASH,CTLR,0x40022010,0x010,32,1,#,confirmed,evt(ch32x035.h)+rm(CH32X035RM.PDF)+rm-address(CH32X035RM.PDF)
CH32X035,FLASH,FLASH,ADDR,0x40022014,0x014,32,1,#,confirmed,evt(ch32x035.h)+rm(CH32X035RM.PDF)+rm-address(CH32X035RM.PDF)
CH32X035,FLASH,FLASH,OBR,0x4002201c,0x01c,32,1,#,confirmed,evt(ch32x035.h)+rm(CH32X035RM.PDF)+rm-address(CH32X035RM.PDF)
CH32X035,FLASH,FLASH,WPR,0x40022020,0x020,32,1,#,confirmed,evt(ch32x035.h)+rm(CH32X035RM.PDF)+rm-address(CH32X035RM.PDF)
CH32X035,FLASH,FLASH,MODEKEYR,0x40022024,0x024,32,1,#,confirmed,evt(ch32x035.h)+rm(CH32X035RM.PDF)+rm-address(CH32X035RM.PDF)
CH32X035,FLASH,FLASH,BOOT_MODEKEYR,0x40022028,0x028,32,1,#,reference,evt(ch32x035.h)
CH32X035,USBFSD,USBFSD,BASE_CTRL,0x40023400,0x000,8,1,#,reference,evt(ch32x035.h)
CH32X035,USBFSH,USBFSH,BASE_CTRL,0x40023400,0x000,8,1,#,reference,evt(ch32x035.h)
CH32X035,USBFSD,USBFSD,UDEV_CTRL,0x40023401,0x001,8,1,#,reference,evt(ch32x035.h)
CH32X035,USBFSH,USBFSH,HOST_CTRL,0x40023401,0x001,8,1,#,reference,evt(ch32x035.h)
CH32X035,USBFSD,USBFSD,INT_EN,0x40023402,0x002,8,1,#,reference,evt(ch32x035.h)
CH32X035,USBFSH,USBFSH,INT_EN,0x40023402,0x002,8,1,#,reference,evt(ch32x035.h)
CH32X035,USBFSD,USBFSD,DEV_ADDR,0x40023403,0x003,8,1,#,reference,evt(ch32x035.h)
CH32X035,USBFSH,USBFSH,DEV_ADDR,0x40023403,0x003,8,1,#,reference,evt(ch32x035.h)
CH32X035,USBFSD,USBFSD,MIS_ST,0x40023405,0x005,8,1,#,reference,evt(ch32x035.h)
CH32X035,USBFSH,USBFSH,MIS_ST,0x40023405,0x005,8,1,#,reference,evt(ch32x035.h)
CH32X035,USBFSD,USBFSD,INT_FG,0x40023406,0x006,8,1,#,reference,evt(ch32x035.h)
CH32X035,USBFSH,USBFSH,INT_FG,0x40023406,0x006,8,1,#,reference,evt(ch32x035.h)
CH32X035,USBFSD,USBFSD,INT_ST,0x40023407,0x007,8,1,#,reference,evt(ch32x035.h)
CH32X035,USBFSH,USBFSH,INT_ST,0x40023407,0x007,8,1,#,reference,evt(ch32x035.h)
CH32X035,USBFSD,USBFSD,RX_LEN,0x40023408,0x008,16,1,#,reference,evt(ch32x035.h)
CH32X035,USBFSH,USBFSH,RX_LEN,0x40023408,0x008,16,1,#,reference,evt(ch32x035.h)
CH32X035,USBFSD,USBFSD,UEP4_1_MOD,0x4002340c,0x00c,8,1,#,reference,evt(ch32x035.h)
CH32X035,USBFSD,USBFSD,UEP2_3_MOD,0x4002340d,0x00d,8,1,#,reference,evt(ch32x035.h)
CH32X035,USBFSH,USBFSH,HOST_EP_MOD,0x4002340d,0x00d,8,1,#,reference,evt(ch32x035.h)
CH32X035,USBFSD,USBFSD,UEP567_MOD,0x4002340e,0x00e,8,1,#,reference,evt(ch32x035.h)
CH32X035,USBFSD,USBFSD,UEP0_DMA,0x40023410,0x010,32,1,#,reference,evt(ch32x035.h)
CH32X035,USBFSD,USBFSD,UEP1_DMA,0x40023414,0x014,32,1,#,reference,evt(ch32x035.h)
CH32X035,USBFSD,USBFSD,UEP2_DMA,0x40023418,0x018,32,1,#,reference,evt(ch32x035.h)
CH32X035,USBFSH,USBFSH,HOST_RX_DMA,0x40023418,0x018,16,1,#,reference,evt(ch32x035.h)
CH32X035,USBFSD,USBFSD,UEP3_DMA,0x4002341c,0x01c,32,1,#,reference,evt(ch32x035.h)
CH32X035,USBFSH,USBFSH,HOST_TX_DMA,0x4002341c,0x01c,16,1,#,reference,evt(ch32x035.h)
CH32X035,USBFSD,USBFSD,UEP0_CTRL,0x40023420,0x020,32,1,#,reference,evt(ch32x035.h)
CH32X035,USBFSD,USBFSD,UEP0_TX_LEN,0x40023424,0x024,16,1,#,reference,evt(ch32x035.h)
CH32X035,USBFSD,USBFSD,UEP0_CTRL_H,0x40023426,0x026,16,1,#,reference,evt(ch32x035.h)
CH32X035,USBFSH,USBFSH,HOST_SETUP,0x40023426,0x026,8,1,#,reference,evt(ch32x035.h)
CH32X035,USBFSD,USBFSD,UEP1_CTRL,0x40023428,0x028,32,1,#,reference,evt(ch32x035.h)
CH32X035,USBFSH,USBFSH,HOST_EP_PID,0x40023428,0x028,8,1,#,reference,evt(ch32x035.h)
CH32X035,USBFSH,USBFSH,HOST_RX_CTRL,0x4002342a,0x02a,8,1,#,reference,evt(ch32x035.h)
CH32X035,USBFSD,USBFSD,UEP1_TX_LEN,0x4002342c,0x02c,16,1,#,reference,evt(ch32x035.h)
CH32X035,USBFSH,USBFSH,HOST_TX_LEN,0x4002342c,0x02c,8,1,#,reference,evt(ch32x035.h)
CH32X035,USBFSD,USBFSD,UEP1_CTRL_H,0x4002342e,0x02e,16,1,#,reference,evt(ch32x035.h)
CH32X035,USBFSH,USBFSH,HOST_TX_CTRL,0x4002342e,0x02e,8,1,#,reference,evt(ch32x035.h)
CH32X035,USBFSD,USBFSD,UEP2_CTRL,0x40023430,0x030,32,1,#,reference,evt(ch32x035.h)
CH32X035,USBFSD,USBFSD,UEP2_TX_LEN,0x40023434,0x034,16,1,#,reference,evt(ch32x035.h)
CH32X035,USBFSD,USBFSD,UEP2_CTRL_H,0x40023436,0x036,16,1,#,reference,evt(ch32x035.h)
CH32X035,USBFSD,USBFSD,UEP3_CTRL,0x40023438,0x038,32,1,#,reference,evt(ch32x035.h)
CH32X035,USBFSD,USBFSD,UEP3_TX_LEN,0x4002343c,0x03c,16,1,#,reference,evt(ch32x035.h)
CH32X035,USBFSD,USBFSD,UEP3_CTRL_H,0x4002343e,0x03e,16,1,#,reference,evt(ch32x035.h)
CH32X035,USBFSD,USBFSD,UEP4_CTRL,0x40023440,0x040,32,1,#,reference,evt(ch32x035.h)
CH32X035,USBFSD,USBFSD,UEP4_TX_LEN,0x40023444,0x044,16,1,#,reference,evt(ch32x035.h)
CH32X035,USBFSD,USBFSD,UEP4_CTRL_H,0x40023446,0x046,16,1,#,reference,evt(ch32x035.h)
CH32X035,USBFSD,USBFSD,UEP5_DMA,0x40023468,0x068,32,1,#,reference,evt(ch32x035.h)
CH32X035,USBFSD,USBFSD,UEP6_DMA,0x4002346c,0x06c,32,1,#,reference,evt(ch32x035.h)
CH32X035,USBFSD,USBFSD,UEP7_DMA,0x40023470,0x070,32,1,#,reference,evt(ch32x035.h)
CH32X035,USBFSD,USBFSD,UEP5_CTRL,0x40023478,0x078,32,1,#,reference,evt(ch32x035.h)
CH32X035,USBFSD,USBFSD,UEP5_TX_LEN,0x4002347c,0x07c,16,1,#,reference,evt(ch32x035.h)
CH32X035,USBFSD,USBFSD,UEP5_CTRL_H,0x4002347e,0x07e,16,1,#,reference,evt(ch32x035.h)
CH32X035,USBFSD,USBFSD,UEP6_CTRL,0x40023480,0x080,32,1,#,reference,evt(ch32x035.h)
CH32X035,USBFSD,USBFSD,UEP6_TX_LEN,0x40023484,0x084,16,1,#,reference,evt(ch32x035.h)
CH32X035,USBFSD,USBFSD,UEP6_CTRL_H,0x40023486,0x086,16,1,#,reference,evt(ch32x035.h)
CH32X035,USBFSD,USBFSD,UEP7_CTRL,0x40023488,0x088,32,1,#,reference,evt(ch32x035.h)
CH32X035,USBFSD,USBFSD,UEP7_TX_LEN,0x4002348c,0x08c,16,1,#,reference,evt(ch32x035.h)
CH32X035,USBFSD,USBFSD,UEP7_CTRL_H,0x4002348e,0x08e,16,1,#,reference,evt(ch32x035.h)
CH32X035,USBFSD,USBFSD,UEPX_MOD,0x40023490,0x090,32,1,#,reference,evt(ch32x035.h)
CH32X035,OPA,OPA,CFGR1,0x40026000,0x000,16,1,#,confirmed,evt(ch32x035.h)+rm(CH32X035RM.PDF)+rm-address(CH32X035RM.PDF)
CH32X035,OPA,OPA,CFGR2,0x40026002,0x002,16,1,#,confirmed,evt(ch32x035.h)+rm(CH32X035RM.PDF)+rm-address(CH32X035RM.PDF)
CH32X035,OPA,OPA,CTLR1,0x40026004,0x004,32,1,#,confirmed,evt(ch32x035.h)+rm(CH32X035RM.PDF)+rm-address(CH32X035RM.PDF)
CH32X035,OPA,OPA,CTLR2,0x40026008,0x008,32,1,#,confirmed,evt(ch32x035.h)+rm(CH32X035RM.PDF)+rm-address(CH32X035RM.PDF)
CH32X035,OPA,OPA,OPAKEY,0x4002600c,0x00c,32,1,#,reference,evt(ch32x035.h)
CH32X035,OPA,OPA,CMPKEY,0x40026010,0x010,32,1,#,reference,evt(ch32x035.h)
CH32X035,OPA,OPA,POLLKEY,0x40026014,0x014,32,1,#,reference,evt(ch32x035.h)
CH32X035,AWU,AWU,CSR,0x40026400,0x000,32,1,#,confirmed,evt(ch32x035.h)+rm(CH32X035RM.PDF)+rm-address(CH32X035RM.PDF)
CH32X035,AWU,AWU,WR,0x40026404,0x004,32,1,#,confirmed,evt(ch32x035.h)+rm(CH32X035RM.PDF)+rm-address(CH32X035RM.PDF)
CH32X035,AWU,AWU,PSC,0x40026408,0x008,32,1,#,confirmed,evt(ch32x035.h)+rm(CH32X035RM.PDF)+rm-address(CH32X035RM.PDF)
CH32X035,USBPD,USBPD,CONFIG,0x40027000,0x000,16,1,#,confirmed,evt(ch32x035.h)+rm-address(CH32X035RM.PDF)
CH32X035,USBPD,USBPD,USBPD_CONFIG,0x40027000,0x000,32,1,#,reference,evt(ch32x035.h)
CH32X035,USBPD,USBPD,BMC_CLK_CNT,0x40027002,0x002,16,1,#,reference,evt(ch32x035.h)
CH32X035,USBPD,USBPD,CONTROL,0x40027004,0x004,8,1,#,confirmed,evt(ch32x035.h)+rm-address(CH32X035RM.PDF)
CH32X035,USBPD,USBPD,R16_CONTROL,0x40027004,0x004,16,1,#,reference,evt(ch32x035.h)
CH32X035,USBPD,USBPD,USBPD_CONTROL,0x40027004,0x004,32,1,#,reference,evt(ch32x035.h)
CH32X035,USBPD,USBPD,TX_SEL,0x40027005,0x005,8,1,#,reference,evt(ch32x035.h)
CH32X035,USBPD,USBPD,BMC_TX_SZ,0x40027006,0x006,16,1,#,reference,evt(ch32x035.h)
CH32X035,USBPD,USBPD,DATA_BUF,0x40027008,0x008,8,1,#,reference,evt(ch32x035.h)
CH32X035,USBPD,USBPD,R16_STATUS,0x40027008,0x008,16,1,#,reference,evt(ch32x035.h)
CH32X035,USBPD,USBPD,USBPD_STATUS,0x40027008,0x008,32,1,#,confirmed,evt(ch32x035.h)+rm-address(CH32X035RM.PDF)
CH32X035,USBPD,USBPD,STATUS,0x40027009,0x009,8,1,#,reference,evt(ch32x035.h)
CH32X035,USBPD,USBPD,BMC_BYTE_CNT,0x4002700a,0x00a,16,1,#,reference,evt(ch32x035.h)
CH32X035,USBPD,USBPD,PORT_CC1,0x4002700c,0x00c,16,1,#,reference,evt(ch32x035.h)
CH32X035,USBPD,USBPD,USBPD_PORT,0x4002700c,0x00c,32,1,#,confirmed,evt(ch32x035.h)+rm-address(CH32X035RM.PDF)
CH32X035,USBPD,USBPD,PORT_CC2,0x4002700e,0x00e,16,1,#,reference,evt(ch32x035.h)
CH32X035,USBPD,USBPD,DMA,0x40027010,0x010,16,1,#,confirmed,evt(ch32x035.h)+rm-address(CH32X035RM.PDF)
CH32X035,USBPD,USBPD,USBPD_DMA,0x40027010,0x010,32,1,#,reference,evt(ch32x035.h)
CH32X315,OB,OB,RDPR,0x1ffff800,0x000,16,1,#,reference,evt(ch32x3x5.h)
CH32X315,OB,OB,USER,0x1ffff802,0x002,16,1,#,reference,evt(ch32x3x5.h)
CH32X315,OB,OB,Data0,0x1ffff804,0x004,16,1,#,reference,evt(ch32x3x5.h)
CH32X315,OB,OB,Data1,0x1ffff806,0x006,16,1,#,reference,evt(ch32x3x5.h)
CH32X315,OB,OB,WRPR0,0x1ffff808,0x008,16,1,#,reference,evt(ch32x3x5.h)
CH32X315,OB,OB,WRPR1,0x1ffff80a,0x00a,16,1,#,reference,evt(ch32x3x5.h)
CH32X315,OB,OB,WRPR2,0x1ffff80c,0x00c,16,1,#,reference,evt(ch32x3x5.h)
CH32X315,OB,OB,WRPR3,0x1ffff80e,0x00e,16,1,#,reference,evt(ch32x3x5.h)
CH32X315,TIM2,TIM,CTLR1,0x40000000,0x000,16,1,#,confirmed,evt(ch32x3x5.h)+rm(CH32X315RM.PDF)+rm-address(CH32X315RM.PDF)
CH32X315,TIM2,TIM,CTLR2,0x40000004,0x004,16,1,#,confirmed,evt(ch32x3x5.h)+rm(CH32X315RM.PDF)+rm-address(CH32X315RM.PDF)
CH32X315,TIM2,TIM,SMCFGR,0x40000008,0x008,16,1,#,confirmed,evt(ch32x3x5.h)+rm(CH32X315RM.PDF)+rm-address(CH32X315RM.PDF)
CH32X315,TIM2,TIM,DMAINTENR,0x4000000c,0x00c,16,1,#,confirmed,evt(ch32x3x5.h)+rm(CH32X315RM.PDF)+rm-address(CH32X315RM.PDF)
CH32X315,TIM2,TIM,INTFR,0x40000010,0x010,16,1,#,confirmed,evt(ch32x3x5.h)+rm(CH32X315RM.PDF)+rm-address(CH32X315RM.PDF)
CH32X315,TIM2,TIM,SWEVGR,0x40000014,0x014,16,1,#,confirmed,evt(ch32x3x5.h)+rm(CH32X315RM.PDF)+rm-address(CH32X315RM.PDF)
CH32X315,TIM2,TIM,CHCTLR1,0x40000018,0x018,16,1,#,confirmed,evt(ch32x3x5.h)+rm(CH32X315RM.PDF)+rm-address(CH32X315RM.PDF)
CH32X315,TIM2,TIM,CHCTLR2,0x4000001c,0x01c,16,1,#,confirmed,evt(ch32x3x5.h)+rm(CH32X315RM.PDF)+rm-address(CH32X315RM.PDF)
CH32X315,TIM2,TIM,CCER,0x40000020,0x020,16,1,#,confirmed,evt(ch32x3x5.h)+rm(CH32X315RM.PDF)+rm-address(CH32X315RM.PDF)
CH32X315,TIM2,TIM,CNT,0x40000024,0x024,16,1,#,confirmed,evt(ch32x3x5.h)+rm(CH32X315RM.PDF)+rm-address(CH32X315RM.PDF)
CH32X315,TIM2,TIM,CNT_TIM4,0x40000024,0x024,32,1,#,reference,evt(ch32x3x5.h)
CH32X315,TIM2,TIM,PSC,0x40000028,0x028,16,1,#,confirmed,evt(ch32x3x5.h)+rm(CH32X315RM.PDF)+rm-address(CH32X315RM.PDF)
CH32X315,TIM2,TIM,ATRLR,0x4000002c,0x02c,16,1,#,confirmed,evt(ch32x3x5.h)+rm(CH32X315RM.PDF)+rm-address(CH32X315RM.PDF)
CH32X315,TIM2,TIM,ATRLR_TIM4,0x4000002c,0x02c,32,1,#,reference,evt(ch32x3x5.h)
CH32X315,TIM2,TIM,RPTCR,0x40000030,0x030,16,1,#,confirmed,evt(ch32x3x5.h)+rm(CH32X315RM.PDF)+rm-address(CH32X315RM.PDF)
CH32X315,TIM2,TIM,CH1CVR,0x40000034,0x034,32,1,#,confirmed,evt(ch32x3x5.h)+rm(CH32X315RM.PDF)+rm-address(CH32X315RM.PDF)
CH32X315,TIM2,TIM,CH1CVR_TIM4,0x40000034,0x034,32,1,#,reference,evt(ch32x3x5.h)
CH32X315,TIM2,TIM,CH2CVR,0x40000038,0x038,32,1,#,confirmed,evt(ch32x3x5.h)+rm(CH32X315RM.PDF)+rm-address(CH32X315RM.PDF)
CH32X315,TIM2,TIM,CH2CVR_TIM4,0x40000038,0x038,32,1,#,reference,evt(ch32x3x5.h)
CH32X315,TIM2,TIM,CH3CVR,0x4000003c,0x03c,32,1,#,confirmed,evt(ch32x3x5.h)+rm(CH32X315RM.PDF)+rm-address(CH32X315RM.PDF)
CH32X315,TIM2,TIM,CH3CVR_TIM4,0x4000003c,0x03c,32,1,#,reference,evt(ch32x3x5.h)
CH32X315,TIM2,TIM,CH4CVR,0x40000040,0x040,32,1,#,confirmed,evt(ch32x3x5.h)+rm(CH32X315RM.PDF)+rm-address(CH32X315RM.PDF)
CH32X315,TIM2,TIM,CH4CVR_TIM4,0x40000040,0x040,32,1,#,reference,evt(ch32x3x5.h)
CH32X315,TIM2,TIM,BDTR,0x40000044,0x044,16,1,#,confirmed,evt(ch32x3x5.h)+rm(CH32X315RM.PDF)+rm-address(CH32X315RM.PDF)
CH32X315,TIM2,TIM,DMACFGR,0x40000048,0x048,16,1,#,confirmed,evt(ch32x3x5.h)+rm(CH32X315RM.PDF)+rm-address(CH32X315RM.PDF)
CH32X315,TIM2,TIM,DMAADR,0x4000004c,0x04c,16,1,#,confirmed,evt(ch32x3x5.h)+rm(CH32X315RM.PDF)+rm-address(CH32X315RM.PDF)
CH32X315,TIM2,TIM,DMAADR_R32,0x4000004c,0x04c,32,1,#,reference,evt(ch32x3x5.h)
CH32X315,TIM3,TIM,CTLR1,0x40000400,0x000,16,1,#,confirmed,evt(ch32x3x5.h)+rm(CH32X315RM.PDF)+rm-address(CH32X315RM.PDF)
CH32X315,TIM3,TIM,CTLR2,0x40000404,0x004,16,1,#,confirmed,evt(ch32x3x5.h)+rm(CH32X315RM.PDF)+rm-address(CH32X315RM.PDF)
CH32X315,TIM3,TIM,SMCFGR,0x40000408,0x008,16,1,#,confirmed,evt(ch32x3x5.h)+rm(CH32X315RM.PDF)+rm-address(CH32X315RM.PDF)
CH32X315,TIM3,TIM,DMAINTENR,0x4000040c,0x00c,16,1,#,confirmed,evt(ch32x3x5.h)+rm(CH32X315RM.PDF)+rm-address(CH32X315RM.PDF)
CH32X315,TIM3,TIM,INTFR,0x40000410,0x010,16,1,#,confirmed,evt(ch32x3x5.h)+rm(CH32X315RM.PDF)+rm-address(CH32X315RM.PDF)
CH32X315,TIM3,TIM,SWEVGR,0x40000414,0x014,16,1,#,confirmed,evt(ch32x3x5.h)+rm(CH32X315RM.PDF)+rm-address(CH32X315RM.PDF)
CH32X315,TIM3,TIM,CHCTLR1,0x40000418,0x018,16,1,#,confirmed,evt(ch32x3x5.h)+rm(CH32X315RM.PDF)+rm-address(CH32X315RM.PDF)
CH32X315,TIM3,TIM,CHCTLR2,0x4000041c,0x01c,16,1,#,confirmed,evt(ch32x3x5.h)+rm(CH32X315RM.PDF)+rm-address(CH32X315RM.PDF)
CH32X315,TIM3,TIM,CCER,0x40000420,0x020,16,1,#,confirmed,evt(ch32x3x5.h)+rm(CH32X315RM.PDF)+rm-address(CH32X315RM.PDF)
CH32X315,TIM3,TIM,CNT,0x40000424,0x024,16,1,#,confirmed,evt(ch32x3x5.h)+rm(CH32X315RM.PDF)+rm-address(CH32X315RM.PDF)
CH32X315,TIM3,TIM,CNT_TIM4,0x40000424,0x024,32,1,#,reference,evt(ch32x3x5.h)
CH32X315,TIM3,TIM,PSC,0x40000428,0x028,16,1,#,confirmed,evt(ch32x3x5.h)+rm(CH32X315RM.PDF)+rm-address(CH32X315RM.PDF)
CH32X315,TIM3,TIM,ATRLR,0x4000042c,0x02c,16,1,#,confirmed,evt(ch32x3x5.h)+rm(CH32X315RM.PDF)+rm-address(CH32X315RM.PDF)
CH32X315,TIM3,TIM,ATRLR_TIM4,0x4000042c,0x02c,32,1,#,reference,evt(ch32x3x5.h)
CH32X315,TIM3,TIM,RPTCR,0x40000430,0x030,16,1,#,confirmed,evt(ch32x3x5.h)+rm(CH32X315RM.PDF)+rm-address(CH32X315RM.PDF)
CH32X315,TIM3,TIM,CH1CVR,0x40000434,0x034,32,1,#,confirmed,evt(ch32x3x5.h)+rm(CH32X315RM.PDF)+rm-address(CH32X315RM.PDF)
CH32X315,TIM3,TIM,CH1CVR_TIM4,0x40000434,0x034,32,1,#,reference,evt(ch32x3x5.h)
CH32X315,TIM3,TIM,CH2CVR,0x40000438,0x038,32,1,#,confirmed,evt(ch32x3x5.h)+rm(CH32X315RM.PDF)+rm-address(CH32X315RM.PDF)
CH32X315,TIM3,TIM,CH2CVR_TIM4,0x40000438,0x038,32,1,#,reference,evt(ch32x3x5.h)
CH32X315,TIM3,TIM,CH3CVR,0x4000043c,0x03c,32,1,#,confirmed,evt(ch32x3x5.h)+rm(CH32X315RM.PDF)+rm-address(CH32X315RM.PDF)
CH32X315,TIM3,TIM,CH3CVR_TIM4,0x4000043c,0x03c,32,1,#,reference,evt(ch32x3x5.h)
CH32X315,TIM3,TIM,CH4CVR,0x40000440,0x040,32,1,#,confirmed,evt(ch32x3x5.h)+rm(CH32X315RM.PDF)+rm-address(CH32X315RM.PDF)
CH32X315,TIM3,TIM,CH4CVR_TIM4,0x40000440,0x040,32,1,#,reference,evt(ch32x3x5.h)
CH32X315,TIM3,TIM,BDTR,0x40000444,0x044,16,1,#,confirmed,evt(ch32x3x5.h)+rm(CH32X315RM.PDF)+rm-address(CH32X315RM.PDF)
CH32X315,TIM3,TIM,DMACFGR,0x40000448,0x048,16,1,#,confirmed,evt(ch32x3x5.h)+rm(CH32X315RM.PDF)+rm-address(CH32X315RM.PDF)
CH32X315,TIM3,TIM,DMAADR,0x4000044c,0x04c,16,1,#,confirmed,evt(ch32x3x5.h)+rm(CH32X315RM.PDF)+rm-address(CH32X315RM.PDF)
CH32X315,TIM3,TIM,DMAADR_R32,0x4000044c,0x04c,32,1,#,reference,evt(ch32x3x5.h)
CH32X315,TIM4,TIM,CTLR1,0x40000800,0x000,16,1,#,confirmed,evt(ch32x3x5.h)+rm(CH32X315RM.PDF)+rm-address(CH32X315RM.PDF)
CH32X315,TIM4,TIM,CTLR2,0x40000804,0x004,16,1,#,confirmed,evt(ch32x3x5.h)+rm(CH32X315RM.PDF)+rm-address(CH32X315RM.PDF)
CH32X315,TIM4,TIM,SMCFGR,0x40000808,0x008,16,1,#,confirmed,evt(ch32x3x5.h)+rm(CH32X315RM.PDF)+rm-address(CH32X315RM.PDF)
CH32X315,TIM4,TIM,DMAINTENR,0x4000080c,0x00c,16,1,#,confirmed,evt(ch32x3x5.h)+rm(CH32X315RM.PDF)+rm-address(CH32X315RM.PDF)
CH32X315,TIM4,TIM,INTFR,0x40000810,0x010,16,1,#,confirmed,evt(ch32x3x5.h)+rm(CH32X315RM.PDF)+rm-address(CH32X315RM.PDF)
CH32X315,TIM4,TIM,SWEVGR,0x40000814,0x014,16,1,#,confirmed,evt(ch32x3x5.h)+rm(CH32X315RM.PDF)+rm-address(CH32X315RM.PDF)
CH32X315,TIM4,TIM,CHCTLR1,0x40000818,0x018,16,1,#,confirmed,evt(ch32x3x5.h)+rm(CH32X315RM.PDF)+rm-address(CH32X315RM.PDF)
CH32X315,TIM4,TIM,CHCTLR2,0x4000081c,0x01c,16,1,#,confirmed,evt(ch32x3x5.h)+rm(CH32X315RM.PDF)+rm-address(CH32X315RM.PDF)
CH32X315,TIM4,TIM,CCER,0x40000820,0x020,16,1,#,confirmed,evt(ch32x3x5.h)+rm(CH32X315RM.PDF)+rm-address(CH32X315RM.PDF)
CH32X315,TIM4,TIM,CNT,0x40000824,0x024,16,1,#,confirmed,evt(ch32x3x5.h)+rm(CH32X315RM.PDF)+rm-address(CH32X315RM.PDF)
CH32X315,TIM4,TIM,CNT_TIM4,0x40000824,0x024,32,1,#,reference,evt(ch32x3x5.h)
CH32X315,TIM4,TIM,PSC,0x40000828,0x028,16,1,#,confirmed,evt(ch32x3x5.h)+rm(CH32X315RM.PDF)+rm-address(CH32X315RM.PDF)
CH32X315,TIM4,TIM,ATRLR,0x4000082c,0x02c,16,1,#,confirmed,evt(ch32x3x5.h)+rm(CH32X315RM.PDF)+rm-address(CH32X315RM.PDF)
CH32X315,TIM4,TIM,ATRLR_TIM4,0x4000082c,0x02c,32,1,#,reference,evt(ch32x3x5.h)
CH32X315,TIM4,TIM,RPTCR,0x40000830,0x030,16,1,#,confirmed,evt(ch32x3x5.h)+rm(CH32X315RM.PDF)+rm-address(CH32X315RM.PDF)
CH32X315,TIM4,TIM,CH1CVR,0x40000834,0x034,32,1,#,confirmed,evt(ch32x3x5.h)+rm(CH32X315RM.PDF)+rm-address(CH32X315RM.PDF)
CH32X315,TIM4,TIM,CH1CVR_TIM4,0x40000834,0x034,32,1,#,reference,evt(ch32x3x5.h)
CH32X315,TIM4,TIM,CH2CVR,0x40000838,0x038,32,1,#,confirmed,evt(ch32x3x5.h)+rm(CH32X315RM.PDF)+rm-address(CH32X315RM.PDF)
CH32X315,TIM4,TIM,CH2CVR_TIM4,0x40000838,0x038,32,1,#,reference,evt(ch32x3x5.h)
CH32X315,TIM4,TIM,CH3CVR,0x4000083c,0x03c,32,1,#,confirmed,evt(ch32x3x5.h)+rm(CH32X315RM.PDF)+rm-address(CH32X315RM.PDF)
CH32X315,TIM4,TIM,CH3CVR_TIM4,0x4000083c,0x03c,32,1,#,reference,evt(ch32x3x5.h)
CH32X315,TIM4,TIM,CH4CVR,0x40000840,0x040,32,1,#,confirmed,evt(ch32x3x5.h)+rm(CH32X315RM.PDF)+rm-address(CH32X315RM.PDF)
CH32X315,TIM4,TIM,CH4CVR_TIM4,0x40000840,0x040,32,1,#,reference,evt(ch32x3x5.h)
CH32X315,TIM4,TIM,BDTR,0x40000844,0x044,16,1,#,confirmed,evt(ch32x3x5.h)+rm(CH32X315RM.PDF)+rm-address(CH32X315RM.PDF)
CH32X315,TIM4,TIM,DMACFGR,0x40000848,0x048,16,1,#,confirmed,evt(ch32x3x5.h)+rm(CH32X315RM.PDF)+rm-address(CH32X315RM.PDF)
CH32X315,TIM4,TIM,DMAADR,0x4000084c,0x04c,16,1,#,confirmed,evt(ch32x3x5.h)+rm(CH32X315RM.PDF)+rm-address(CH32X315RM.PDF)
CH32X315,TIM4,TIM,DMAADR_R32,0x4000084c,0x04c,32,1,#,reference,evt(ch32x3x5.h)
CH32X315,RTC,RTC,CTLRH,0x40002800,0x000,16,1,#,confirmed,evt(ch32x3x5.h)+rm(CH32X315RM.PDF)+rm-address(CH32X315RM.PDF)
CH32X315,RTC,RTC,CTLRL,0x40002804,0x004,32,1,#,confirmed,evt(ch32x3x5.h)+rm(CH32X315RM.PDF)+rm-address(CH32X315RM.PDF)
CH32X315,RTC,RTC,PSCRH,0x40002808,0x008,16,1,#,confirmed,evt(ch32x3x5.h)+rm(CH32X315RM.PDF)+rm-address(CH32X315RM.PDF)
CH32X315,RTC,RTC,PSCRL,0x4000280c,0x00c,16,1,#,confirmed,evt(ch32x3x5.h)+rm(CH32X315RM.PDF)+rm-address(CH32X315RM.PDF)
CH32X315,RTC,RTC,DIVH,0x40002810,0x010,16,1,#,confirmed,evt(ch32x3x5.h)+rm(CH32X315RM.PDF)+rm-address(CH32X315RM.PDF)
CH32X315,RTC,RTC,DIVL,0x40002814,0x014,16,1,#,confirmed,evt(ch32x3x5.h)+rm(CH32X315RM.PDF)+rm-address(CH32X315RM.PDF)
CH32X315,RTC,RTC,CNTH,0x40002818,0x018,16,1,#,confirmed,evt(ch32x3x5.h)+rm(CH32X315RM.PDF)+rm-address(CH32X315RM.PDF)
CH32X315,RTC,RTC,CNTL,0x4000281c,0x01c,16,1,#,confirmed,evt(ch32x3x5.h)+rm(CH32X315RM.PDF)+rm-address(CH32X315RM.PDF)
CH32X315,RTC,RTC,ALRMH,0x40002820,0x020,16,1,#,confirmed,evt(ch32x3x5.h)+rm(CH32X315RM.PDF)+rm-address(CH32X315RM.PDF)
CH32X315,RTC,RTC,ALRML,0x40002824,0x024,16,1,#,confirmed,evt(ch32x3x5.h)+rm(CH32X315RM.PDF)+rm-address(CH32X315RM.PDF)
CH32X315,WWDG,WWDG,CTLR,0x40002c00,0x000,32,1,#,confirmed,evt(ch32x3x5.h)+rm(CH32X315RM.PDF)+rm-address(CH32X315RM.PDF)
CH32X315,WWDG,WWDG,CFGR,0x40002c04,0x004,32,1,#,confirmed,evt(ch32x3x5.h)+rm(CH32X315RM.PDF)+rm-address(CH32X315RM.PDF)
CH32X315,WWDG,WWDG,STATR,0x40002c08,0x008,32,1,#,confirmed,evt(ch32x3x5.h)+rm(CH32X315RM.PDF)+rm-address(CH32X315RM.PDF)
CH32X315,IWDG,IWDG,CTLR,0x40003000,0x000,32,1,#,confirmed,evt(ch32x3x5.h)+rm(CH32X315RM.PDF)+rm-address(CH32X315RM.PDF)
CH32X315,IWDG,IWDG,PSCR,0x40003004,0x004,32,1,#,confirmed,evt(ch32x3x5.h)+rm(CH32X315RM.PDF)+rm-address(CH32X315RM.PDF)
CH32X315,IWDG,IWDG,RLDR,0x40003008,0x008,32,1,#,confirmed,evt(ch32x3x5.h)+rm(CH32X315RM.PDF)+rm-address(CH32X315RM.PDF)
CH32X315,IWDG,IWDG,STATR,0x4000300c,0x00c,32,1,#,confirmed,evt(ch32x3x5.h)+rm(CH32X315RM.PDF)+rm-address(CH32X315RM.PDF)
CH32X315,SPI2,SPI,CTLR1,0x40003800,0x000,16,1,#,confirmed,evt(ch32x3x5.h)+rm(CH32X315RM.PDF)+rm-address(CH32X315RM.PDF)
CH32X315,SPI2,SPI,CTLR2,0x40003804,0x004,16,1,#,confirmed,evt(ch32x3x5.h)+rm(CH32X315RM.PDF)+rm-address(CH32X315RM.PDF)
CH32X315,SPI2,SPI,STATR,0x40003808,0x008,16,1,#,confirmed,evt(ch32x3x5.h)+rm(CH32X315RM.PDF)+rm-address(CH32X315RM.PDF)
CH32X315,SPI2,SPI,DATAR,0x4000380c,0x00c,16,1,#,confirmed,evt(ch32x3x5.h)+rm(CH32X315RM.PDF)+rm-address(CH32X315RM.PDF)
CH32X315,SPI2,SPI,CRCR,0x40003810,0x010,16,1,#,confirmed,evt(ch32x3x5.h)+rm(CH32X315RM.PDF)+rm-address(CH32X315RM.PDF)
CH32X315,SPI2,SPI,RCRCR,0x40003814,0x014,16,1,#,confirmed,evt(ch32x3x5.h)+rm(CH32X315RM.PDF)+rm-address(CH32X315RM.PDF)
CH32X315,SPI2,SPI,TCRCR,0x40003818,0x018,16,1,#,confirmed,evt(ch32x3x5.h)+rm(CH32X315RM.PDF)+rm-address(CH32X315RM.PDF)
CH32X315,SPI2,SPI,HSCR,0x40003824,0x024,16,1,#,confirmed,evt(ch32x3x5.h)+rm(CH32X315RM.PDF)+rm-address(CH32X315RM.PDF)
CH32X315,SPI3,SPI,CTLR1,0x40003c00,0x000,16,1,#,confirmed,evt(ch32x3x5.h)+rm(CH32X315RM.PDF)+rm-address(CH32X315RM.PDF)
CH32X315,SPI3,SPI,CTLR2,0x40003c04,0x004,16,1,#,confirmed,evt(ch32x3x5.h)+rm(CH32X315RM.PDF)+rm-address(CH32X315RM.PDF)
CH32X315,SPI3,SPI,STATR,0x40003c08,0x008,16,1,#,confirmed,evt(ch32x3x5.h)+rm(CH32X315RM.PDF)+rm-address(CH32X315RM.PDF)
CH32X315,SPI3,SPI,DATAR,0x40003c0c,0x00c,16,1,#,confirmed,evt(ch32x3x5.h)+rm(CH32X315RM.PDF)+rm-address(CH32X315RM.PDF)
CH32X315,SPI3,SPI,CRCR,0x40003c10,0x010,16,1,#,confirmed,evt(ch32x3x5.h)+rm(CH32X315RM.PDF)+rm-address(CH32X315RM.PDF)
CH32X315,SPI3,SPI,RCRCR,0x40003c14,0x014,16,1,#,confirmed,evt(ch32x3x5.h)+rm(CH32X315RM.PDF)+rm-address(CH32X315RM.PDF)
CH32X315,SPI3,SPI,TCRCR,0x40003c18,0x018,16,1,#,confirmed,evt(ch32x3x5.h)+rm(CH32X315RM.PDF)+rm-address(CH32X315RM.PDF)
CH32X315,SPI3,SPI,HSCR,0x40003c24,0x024,16,1,#,confirmed,evt(ch32x3x5.h)+rm(CH32X315RM.PDF)+rm-address(CH32X315RM.PDF)
CH32X315,USART2,USART,STATR,0x40004400,0x000,16,1,#,confirmed,evt(ch32x3x5.h)+rm(CH32X315RM.PDF)+rm-address(CH32X315RM.PDF)
CH32X315,USART2,USART,DATAR,0x40004404,0x004,16,1,#,confirmed,evt(ch32x3x5.h)+rm(CH32X315RM.PDF)+rm-address(CH32X315RM.PDF)
CH32X315,USART2,USART,BRR,0x40004408,0x008,32,1,#,confirmed,evt(ch32x3x5.h)+rm(CH32X315RM.PDF)+rm-address(CH32X315RM.PDF)
CH32X315,USART2,USART,CTLR1,0x4000440c,0x00c,16,1,#,confirmed,evt(ch32x3x5.h)+rm(CH32X315RM.PDF)+rm-address(CH32X315RM.PDF)
CH32X315,USART2,USART,CTLR2,0x40004410,0x010,16,1,#,confirmed,evt(ch32x3x5.h)+rm(CH32X315RM.PDF)+rm-address(CH32X315RM.PDF)
CH32X315,USART2,USART,CTLR3,0x40004414,0x014,16,1,#,confirmed,evt(ch32x3x5.h)+rm(CH32X315RM.PDF)+rm-address(CH32X315RM.PDF)
CH32X315,USART2,USART,GPR,0x40004418,0x018,16,1,#,confirmed,evt(ch32x3x5.h)+rm(CH32X315RM.PDF)+rm-address(CH32X315RM.PDF)
CH32X315,USART2,USART,CTLR4,0x4000441c,0x01c,16,1,#,confirmed,evt(ch32x3x5.h)+rm(CH32X315RM.PDF)+rm-address(CH32X315RM.PDF)
CH32X315,USART3,USART,STATR,0x40004800,0x000,16,1,#,confirmed,evt(ch32x3x5.h)+rm(CH32X315RM.PDF)+rm-address(CH32X315RM.PDF)
CH32X315,USART3,USART,DATAR,0x40004804,0x004,16,1,#,confirmed,evt(ch32x3x5.h)+rm(CH32X315RM.PDF)+rm-address(CH32X315RM.PDF)
CH32X315,USART3,USART,BRR,0x40004808,0x008,32,1,#,confirmed,evt(ch32x3x5.h)+rm(CH32X315RM.PDF)+rm-address(CH32X315RM.PDF)
CH32X315,USART3,USART,CTLR1,0x4000480c,0x00c,16,1,#,confirmed,evt(ch32x3x5.h)+rm(CH32X315RM.PDF)+rm-address(CH32X315RM.PDF)
CH32X315,USART3,USART,CTLR2,0x40004810,0x010,16,1,#,confirmed,evt(ch32x3x5.h)+rm(CH32X315RM.PDF)+rm-address(CH32X315RM.PDF)
CH32X315,USART3,USART,CTLR3,0x40004814,0x014,16,1,#,confirmed,evt(ch32x3x5.h)+rm(CH32X315RM.PDF)+rm-address(CH32X315RM.PDF)
CH32X315,USART3,USART,GPR,0x40004818,0x018,16,1,#,confirmed,evt(ch32x3x5.h)+rm(CH32X315RM.PDF)+rm-address(CH32X315RM.PDF)
CH32X315,USART3,USART,CTLR4,0x4000481c,0x01c,16,1,#,confirmed,evt(ch32x3x5.h)+rm(CH32X315RM.PDF)+rm-address(CH32X315RM.PDF)
CH32X315,USART4,USART,STATR,0x40004c00,0x000,16,1,#,confirmed,evt(ch32x3x5.h)+rm(CH32X315RM.PDF)+rm-address(CH32X315RM.PDF)
CH32X315,USART4,USART,DATAR,0x40004c04,0x004,16,1,#,confirmed,evt(ch32x3x5.h)+rm(CH32X315RM.PDF)+rm-address(CH32X315RM.PDF)
CH32X315,USART4,USART,BRR,0x40004c08,0x008,32,1,#,confirmed,evt(ch32x3x5.h)+rm(CH32X315RM.PDF)+rm-address(CH32X315RM.PDF)
CH32X315,USART4,USART,CTLR1,0x40004c0c,0x00c,16,1,#,confirmed,evt(ch32x3x5.h)+rm(CH32X315RM.PDF)+rm-address(CH32X315RM.PDF)
CH32X315,USART4,USART,CTLR2,0x40004c10,0x010,16,1,#,confirmed,evt(ch32x3x5.h)+rm(CH32X315RM.PDF)+rm-address(CH32X315RM.PDF)
CH32X315,USART4,USART,CTLR3,0x40004c14,0x014,16,1,#,confirmed,evt(ch32x3x5.h)+rm(CH32X315RM.PDF)+rm-address(CH32X315RM.PDF)
CH32X315,USART4,USART,GPR,0x40004c18,0x018,16,1,#,confirmed,evt(ch32x3x5.h)+rm(CH32X315RM.PDF)+rm-address(CH32X315RM.PDF)
CH32X315,USART4,USART,CTLR4,0x40004c1c,0x01c,16,1,#,confirmed,evt(ch32x3x5.h)+rm(CH32X315RM.PDF)+rm-address(CH32X315RM.PDF)
CH32X315,I2C1,I2C,CTLR1,0x40005400,0x000,16,1,#,confirmed,evt(ch32x3x5.h)+rm-address(CH32X315RM.PDF)
CH32X315,I2C1,I2C,CTLR2,0x40005404,0x004,16,1,#,confirmed,evt(ch32x3x5.h)+rm-address(CH32X315RM.PDF)
CH32X315,I2C1,I2C,OADDR1,0x40005408,0x008,16,1,#,confirmed,evt(ch32x3x5.h)+rm-address(CH32X315RM.PDF)
CH32X315,I2C1,I2C,OADDR2,0x4000540c,0x00c,16,1,#,confirmed,evt(ch32x3x5.h)+rm-address(CH32X315RM.PDF)
CH32X315,I2C1,I2C,DATAR,0x40005410,0x010,16,1,#,confirmed,evt(ch32x3x5.h)+rm-address(CH32X315RM.PDF)
CH32X315,I2C1,I2C,STAR1,0x40005414,0x014,16,1,#,confirmed,evt(ch32x3x5.h)+rm-address(CH32X315RM.PDF)
CH32X315,I2C1,I2C,STAR2,0x40005418,0x018,16,1,#,confirmed,evt(ch32x3x5.h)+rm-address(CH32X315RM.PDF)
CH32X315,I2C1,I2C,CKCFGR,0x4000541c,0x01c,16,1,#,confirmed,evt(ch32x3x5.h)+rm-address(CH32X315RM.PDF)
CH32X315,I2C2,I2C,CTLR1,0x40005800,0x000,16,1,#,confirmed,evt(ch32x3x5.h)+rm-address(CH32X315RM.PDF)
CH32X315,I2C2,I2C,CTLR2,0x40005804,0x004,16,1,#,confirmed,evt(ch32x3x5.h)+rm-address(CH32X315RM.PDF)
CH32X315,I2C2,I2C,OADDR1,0x40005808,0x008,16,1,#,confirmed,evt(ch32x3x5.h)+rm-address(CH32X315RM.PDF)
CH32X315,I2C2,I2C,OADDR2,0x4000580c,0x00c,16,1,#,confirmed,evt(ch32x3x5.h)+rm-address(CH32X315RM.PDF)
CH32X315,I2C2,I2C,DATAR,0x40005810,0x010,16,1,#,confirmed,evt(ch32x3x5.h)+rm-address(CH32X315RM.PDF)
CH32X315,I2C2,I2C,STAR1,0x40005814,0x014,16,1,#,confirmed,evt(ch32x3x5.h)+rm-address(CH32X315RM.PDF)
CH32X315,I2C2,I2C,STAR2,0x40005818,0x018,16,1,#,confirmed,evt(ch32x3x5.h)+rm-address(CH32X315RM.PDF)
CH32X315,I2C2,I2C,CKCFGR,0x4000581c,0x01c,16,1,#,confirmed,evt(ch32x3x5.h)+rm-address(CH32X315RM.PDF)
CH32X315,PWR,PWR,CTLR,0x40007000,0x000,32,1,#,confirmed,evt(ch32x3x5.h)+rm(CH32X315RM.PDF)+rm-address(CH32X315RM.PDF)
CH32X315,PWR,PWR,CSR,0x40007004,0x004,32,1,#,confirmed,evt(ch32x3x5.h)+rm(CH32X315RM.PDF)+rm-address(CH32X315RM.PDF)
CH32X315,AFIO,AFIO,PCFR1,0x40010004,0x004,32,1,#,confirmed,evt(ch32x3x5.h)+rm(CH32X315RM.PDF)+rm-address(CH32X315RM.PDF)
CH32X315,AFIO,AFIO,EXTICR,0x40010008,0x008,32,4,#,confirmed,evt(ch32x3x5.h)+rm-address(CH32X315RM.PDF)
CH32X315,AFIO,AFIO,CR,0x40010018,0x018,32,1,#,confirmed,evt(ch32x3x5.h)+rm(CH32X315RM.PDF)+rm-address(CH32X315RM.PDF)
CH32X315,AFIO,AFIO,GPIOA_AFLR,0x40010020,0x020,32,1,#,confirmed,evt(ch32x3x5.h)+rm-address(CH32X315RM.PDF)
CH32X315,AFIO,AFIO,GPIOA_AFHR,0x40010024,0x024,32,1,#,confirmed,evt(ch32x3x5.h)+rm-address(CH32X315RM.PDF)
CH32X315,AFIO,AFIO,GPIOB_AFLR,0x40010028,0x028,32,1,#,confirmed,evt(ch32x3x5.h)+rm-address(CH32X315RM.PDF)
CH32X315,AFIO,AFIO,GPIOB_AFHR,0x4001002c,0x02c,32,1,#,confirmed,evt(ch32x3x5.h)+rm-address(CH32X315RM.PDF)
CH32X315,AFIO,AFIO,GPIOC_AFLR,0x40010030,0x030,32,1,#,confirmed,evt(ch32x3x5.h)+rm-address(CH32X315RM.PDF)
CH32X315,AFIO,AFIO,GPIOC_AFHR,0x40010034,0x034,32,1,#,confirmed,evt(ch32x3x5.h)+rm-address(CH32X315RM.PDF)
CH32X315,AFIO,AFIO,GPIOD_AFLR,0x40010038,0x038,32,1,#,confirmed,evt(ch32x3x5.h)+rm-address(CH32X315RM.PDF)
CH32X315,AFIO,AFIO,GPIOD_AFHR,0x4001003c,0x03c,32,1,#,confirmed,evt(ch32x3x5.h)+rm-address(CH32X315RM.PDF)
CH32X315,EXTI,EXTI,INTENR,0x40010400,0x000,32,1,#,confirmed,evt(ch32x3x5.h)+rm(CH32X315RM.PDF)+rm-address(CH32X315RM.PDF)
CH32X315,EXTI,EXTI,EVENR,0x40010404,0x004,32,1,#,confirmed,evt(ch32x3x5.h)+rm(CH32X315RM.PDF)+rm-address(CH32X315RM.PDF)
CH32X315,EXTI,EXTI,RTENR,0x40010408,0x008,32,1,#,confirmed,evt(ch32x3x5.h)+rm(CH32X315RM.PDF)+rm-address(CH32X315RM.PDF)
CH32X315,EXTI,EXTI,FTENR,0x4001040c,0x00c,32,1,#,confirmed,evt(ch32x3x5.h)+rm(CH32X315RM.PDF)+rm-address(CH32X315RM.PDF)
CH32X315,EXTI,EXTI,SWIEVR,0x40010410,0x010,32,1,#,confirmed,evt(ch32x3x5.h)+rm(CH32X315RM.PDF)+rm-address(CH32X315RM.PDF)
CH32X315,EXTI,EXTI,INTFR,0x40010414,0x014,32,1,#,confirmed,evt(ch32x3x5.h)+rm(CH32X315RM.PDF)+rm-address(CH32X315RM.PDF)
CH32X315,GPIOA,GPIO,CFGLR,0x40010800,0x000,32,1,#,confirmed,evt(ch32x3x5.h)+rm-address(CH32X315RM.PDF)
CH32X315,GPIOA,GPIO,CFGHR,0x40010804,0x004,32,1,#,confirmed,evt(ch32x3x5.h)+rm-address(CH32X315RM.PDF)
CH32X315,GPIOA,GPIO,INDR,0x40010808,0x008,32,1,#,confirmed,evt(ch32x3x5.h)+rm(CH32X315RM.PDF)+rm-address(CH32X315RM.PDF)
CH32X315,GPIOA,GPIO,OUTDR,0x4001080c,0x00c,32,1,#,confirmed,evt(ch32x3x5.h)+rm(CH32X315RM.PDF)+rm-address(CH32X315RM.PDF)
CH32X315,GPIOA,GPIO,BSHR,0x40010810,0x010,32,1,#,confirmed,evt(ch32x3x5.h)+rm(CH32X315RM.PDF)+rm-address(CH32X315RM.PDF)
CH32X315,GPIOA,GPIO,BCR,0x40010814,0x014,32,1,#,confirmed,evt(ch32x3x5.h)+rm(CH32X315RM.PDF)+rm-address(CH32X315RM.PDF)
CH32X315,GPIOA,GPIO,LCKR,0x40010818,0x018,32,1,#,confirmed,evt(ch32x3x5.h)+rm(CH32X315RM.PDF)+rm-address(CH32X315RM.PDF)
CH32X315,GPIOA,GPIO,SPEED,0x4001081c,0x01c,32,1,#,confirmed,evt(ch32x3x5.h)+rm(CH32X315RM.PDF)+rm-address(CH32X315RM.PDF)
CH32X315,GPIOB,GPIO,CFGLR,0x40010c00,0x000,32,1,#,confirmed,evt(ch32x3x5.h)+rm-address(CH32X315RM.PDF)
CH32X315,GPIOB,GPIO,CFGHR,0x40010c04,0x004,32,1,#,confirmed,evt(ch32x3x5.h)+rm-address(CH32X315RM.PDF)
CH32X315,GPIOB,GPIO,INDR,0x40010c08,0x008,32,1,#,confirmed,evt(ch32x3x5.h)+rm(CH32X315RM.PDF)+rm-address(CH32X315RM.PDF)
CH32X315,GPIOB,GPIO,OUTDR,0x40010c0c,0x00c,32,1,#,confirmed,evt(ch32x3x5.h)+rm(CH32X315RM.PDF)+rm-address(CH32X315RM.PDF)
CH32X315,GPIOB,GPIO,BSHR,0x40010c10,0x010,32,1,#,confirmed,evt(ch32x3x5.h)+rm(CH32X315RM.PDF)+rm-address(CH32X315RM.PDF)
CH32X315,GPIOB,GPIO,BCR,0x40010c14,0x014,32,1,#,confirmed,evt(ch32x3x5.h)+rm(CH32X315RM.PDF)+rm-address(CH32X315RM.PDF)
CH32X315,GPIOB,GPIO,LCKR,0x40010c18,0x018,32,1,#,confirmed,evt(ch32x3x5.h)+rm(CH32X315RM.PDF)+rm-address(CH32X315RM.PDF)
CH32X315,GPIOB,GPIO,SPEED,0x40010c1c,0x01c,32,1,#,confirmed,evt(ch32x3x5.h)+rm(CH32X315RM.PDF)+rm-address(CH32X315RM.PDF)
CH32X315,GPIOC,GPIO,CFGLR,0x40011000,0x000,32,1,#,confirmed,evt(ch32x3x5.h)+rm-address(CH32X315RM.PDF)
CH32X315,GPIOC,GPIO,CFGHR,0x40011004,0x004,32,1,#,confirmed,evt(ch32x3x5.h)+rm-address(CH32X315RM.PDF)
CH32X315,GPIOC,GPIO,INDR,0x40011008,0x008,32,1,#,confirmed,evt(ch32x3x5.h)+rm(CH32X315RM.PDF)+rm-address(CH32X315RM.PDF)
CH32X315,GPIOC,GPIO,OUTDR,0x4001100c,0x00c,32,1,#,confirmed,evt(ch32x3x5.h)+rm(CH32X315RM.PDF)+rm-address(CH32X315RM.PDF)
CH32X315,GPIOC,GPIO,BSHR,0x40011010,0x010,32,1,#,confirmed,evt(ch32x3x5.h)+rm(CH32X315RM.PDF)+rm-address(CH32X315RM.PDF)
CH32X315,GPIOC,GPIO,BCR,0x40011014,0x014,32,1,#,confirmed,evt(ch32x3x5.h)+rm(CH32X315RM.PDF)+rm-address(CH32X315RM.PDF)
CH32X315,GPIOC,GPIO,LCKR,0x40011018,0x018,32,1,#,confirmed,evt(ch32x3x5.h)+rm(CH32X315RM.PDF)+rm-address(CH32X315RM.PDF)
CH32X315,GPIOC,GPIO,SPEED,0x4001101c,0x01c,32,1,#,confirmed,evt(ch32x3x5.h)+rm(CH32X315RM.PDF)+rm-address(CH32X315RM.PDF)
CH32X315,GPIOD,GPIO,CFGLR,0x40011400,0x000,32,1,#,confirmed,evt(ch32x3x5.h)+rm-address(CH32X315RM.PDF)
CH32X315,GPIOD,GPIO,CFGHR,0x40011404,0x004,32,1,#,confirmed,evt(ch32x3x5.h)+rm-address(CH32X315RM.PDF)
CH32X315,GPIOD,GPIO,INDR,0x40011408,0x008,32,1,#,confirmed,evt(ch32x3x5.h)+rm(CH32X315RM.PDF)+rm-address(CH32X315RM.PDF)
CH32X315,GPIOD,GPIO,OUTDR,0x4001140c,0x00c,32,1,#,confirmed,evt(ch32x3x5.h)+rm(CH32X315RM.PDF)+rm-address(CH32X315RM.PDF)
CH32X315,GPIOD,GPIO,BSHR,0x40011410,0x010,32,1,#,confirmed,evt(ch32x3x5.h)+rm(CH32X315RM.PDF)+rm-address(CH32X315RM.PDF)
CH32X315,GPIOD,GPIO,BCR,0x40011414,0x014,32,1,#,confirmed,evt(ch32x3x5.h)+rm(CH32X315RM.PDF)+rm-address(CH32X315RM.PDF)
CH32X315,GPIOD,GPIO,LCKR,0x40011418,0x018,32,1,#,confirmed,evt(ch32x3x5.h)+rm(CH32X315RM.PDF)+rm-address(CH32X315RM.PDF)
CH32X315,GPIOD,GPIO,SPEED,0x4001141c,0x01c,32,1,#,confirmed,evt(ch32x3x5.h)+rm(CH32X315RM.PDF)+rm-address(CH32X315RM.PDF)
CH32X315,ADC1,ADC,STATR,0x40012400,0x000,32,1,#,confirmed,evt(ch32x3x5.h)+rm(CH32X315RM.PDF)+rm-address(CH32X315RM.PDF)
CH32X315,ADC1,ADC,CTLR1,0x40012404,0x004,32,1,#,confirmed,evt(ch32x3x5.h)+rm(CH32X315RM.PDF)+rm-address(CH32X315RM.PDF)
CH32X315,ADC1,ADC,CTLR2,0x40012408,0x008,32,1,#,confirmed,evt(ch32x3x5.h)+rm(CH32X315RM.PDF)+rm-address(CH32X315RM.PDF)
CH32X315,ADC1,ADC,SAMPTR1,0x4001240c,0x00c,32,1,#,confirmed,evt(ch32x3x5.h)+rm(CH32X315RM.PDF)+rm-address(CH32X315RM.PDF)
CH32X315,ADC1,ADC,SAMPTR2,0x40012410,0x010,32,1,#,confirmed,evt(ch32x3x5.h)+rm(CH32X315RM.PDF)+rm-address(CH32X315RM.PDF)
CH32X315,ADC1,ADC,IOFR1,0x40012414,0x014,32,1,#,confirmed,evt(ch32x3x5.h)+rm-address(CH32X315RM.PDF)
CH32X315,ADC1,ADC,IOFR2,0x40012418,0x018,32,1,#,confirmed,evt(ch32x3x5.h)+rm-address(CH32X315RM.PDF)
CH32X315,ADC1,ADC,IOFR3,0x4001241c,0x01c,32,1,#,confirmed,evt(ch32x3x5.h)+rm-address(CH32X315RM.PDF)
CH32X315,ADC1,ADC,IOFR4,0x40012420,0x020,32,1,#,confirmed,evt(ch32x3x5.h)+rm-address(CH32X315RM.PDF)
CH32X315,ADC1,ADC,WDHTR,0x40012424,0x024,32,1,#,confirmed,evt(ch32x3x5.h)+rm(CH32X315RM.PDF)+rm-address(CH32X315RM.PDF)
CH32X315,ADC1,ADC,WDLTR,0x40012428,0x028,32,1,#,confirmed,evt(ch32x3x5.h)+rm(CH32X315RM.PDF)+rm-address(CH32X315RM.PDF)
CH32X315,ADC1,ADC,RSQR1,0x4001242c,0x02c,32,1,#,confirmed,evt(ch32x3x5.h)+rm(CH32X315RM.PDF)+rm-address(CH32X315RM.PDF)
CH32X315,ADC1,ADC,RSQR2,0x40012430,0x030,32,1,#,confirmed,evt(ch32x3x5.h)+rm(CH32X315RM.PDF)+rm-address(CH32X315RM.PDF)
CH32X315,ADC1,ADC,RSQR3,0x40012434,0x034,32,1,#,confirmed,evt(ch32x3x5.h)+rm(CH32X315RM.PDF)+rm-address(CH32X315RM.PDF)
CH32X315,ADC1,ADC,ISQR,0x40012438,0x038,32,1,#,confirmed,evt(ch32x3x5.h)+rm(CH32X315RM.PDF)+rm-address(CH32X315RM.PDF)
CH32X315,ADC1,ADC,IDATAR1,0x4001243c,0x03c,32,1,#,confirmed,evt(ch32x3x5.h)+rm-address(CH32X315RM.PDF)
CH32X315,ADC1,ADC,IDATAR2,0x40012440,0x040,32,1,#,confirmed,evt(ch32x3x5.h)+rm-address(CH32X315RM.PDF)
CH32X315,ADC1,ADC,IDATAR3,0x40012444,0x044,32,1,#,confirmed,evt(ch32x3x5.h)+rm-address(CH32X315RM.PDF)
CH32X315,ADC1,ADC,IDATAR4,0x40012448,0x048,32,1,#,confirmed,evt(ch32x3x5.h)+rm-address(CH32X315RM.PDF)
CH32X315,ADC1,ADC,RDATAR,0x4001244c,0x04c,32,1,#,confirmed,evt(ch32x3x5.h)+rm(CH32X315RM.PDF)+rm-address(CH32X315RM.PDF)
CH32X315,ADC1,ADC,SMPMD,0x40012450,0x050,32,1,#,confirmed,evt(ch32x3x5.h)+rm(CH32X315RM.PDF)+rm-address(CH32X315RM.PDF)
CH32X315,ADC1,ADC,UDP,0x40012454,0x054,32,1,#,confirmed,evt(ch32x3x5.h)+rm(CH32X315RM.PDF)+rm-address(CH32X315RM.PDF)
CH32X315,ADC1,ADC,CONCFG,0x40012458,0x058,32,1,#,confirmed,evt(ch32x3x5.h)+rm(CH32X315RM.PDF)+rm-address(CH32X315RM.PDF)
CH32X315,ADC1,ADC,SCANCNT,0x4001245c,0x05c,32,1,#,confirmed,evt(ch32x3x5.h)+rm(CH32X315RM.PDF)+rm-address(CH32X315RM.PDF)
CH32X315,ADC2,ADC,STATR,0x40012800,0x000,32,1,#,confirmed,evt(ch32x3x5.h)+rm(CH32X315RM.PDF)+rm-address(CH32X315RM.PDF)
CH32X315,ADC2,ADC,CTLR1,0x40012804,0x004,32,1,#,confirmed,evt(ch32x3x5.h)+rm(CH32X315RM.PDF)+rm-address(CH32X315RM.PDF)
CH32X315,ADC2,ADC,CTLR2,0x40012808,0x008,32,1,#,confirmed,evt(ch32x3x5.h)+rm(CH32X315RM.PDF)+rm-address(CH32X315RM.PDF)
CH32X315,ADC2,ADC,SAMPTR1,0x4001280c,0x00c,32,1,#,confirmed,evt(ch32x3x5.h)+rm(CH32X315RM.PDF)+rm-address(CH32X315RM.PDF)
CH32X315,ADC2,ADC,SAMPTR2,0x40012810,0x010,32,1,#,confirmed,evt(ch32x3x5.h)+rm(CH32X315RM.PDF)+rm-address(CH32X315RM.PDF)
CH32X315,ADC2,ADC,IOFR1,0x40012814,0x014,32,1,#,confirmed,evt(ch32x3x5.h)+rm-address(CH32X315RM.PDF)
CH32X315,ADC2,ADC,IOFR2,0x40012818,0x018,32,1,#,confirmed,evt(ch32x3x5.h)+rm-address(CH32X315RM.PDF)
CH32X315,ADC2,ADC,IOFR3,0x4001281c,0x01c,32,1,#,confirmed,evt(ch32x3x5.h)+rm-address(CH32X315RM.PDF)
CH32X315,ADC2,ADC,IOFR4,0x40012820,0x020,32,1,#,confirmed,evt(ch32x3x5.h)+rm-address(CH32X315RM.PDF)
CH32X315,ADC2,ADC,WDHTR,0x40012824,0x024,32,1,#,confirmed,evt(ch32x3x5.h)+rm(CH32X315RM.PDF)+rm-address(CH32X315RM.PDF)
CH32X315,ADC2,ADC,WDLTR,0x40012828,0x028,32,1,#,confirmed,evt(ch32x3x5.h)+rm(CH32X315RM.PDF)+rm-address(CH32X315RM.PDF)
CH32X315,ADC2,ADC,RSQR1,0x4001282c,0x02c,32,1,#,confirmed,evt(ch32x3x5.h)+rm(CH32X315RM.PDF)+rm-address(CH32X315RM.PDF)
CH32X315,ADC2,ADC,RSQR2,0x40012830,0x030,32,1,#,confirmed,evt(ch32x3x5.h)+rm(CH32X315RM.PDF)+rm-address(CH32X315RM.PDF)
CH32X315,ADC2,ADC,RSQR3,0x40012834,0x034,32,1,#,confirmed,evt(ch32x3x5.h)+rm(CH32X315RM.PDF)+rm-address(CH32X315RM.PDF)
CH32X315,ADC2,ADC,ISQR,0x40012838,0x038,32,1,#,confirmed,evt(ch32x3x5.h)+rm(CH32X315RM.PDF)+rm-address(CH32X315RM.PDF)
CH32X315,ADC2,ADC,IDATAR1,0x4001283c,0x03c,32,1,#,confirmed,evt(ch32x3x5.h)+rm-address(CH32X315RM.PDF)
CH32X315,ADC2,ADC,IDATAR2,0x40012840,0x040,32,1,#,confirmed,evt(ch32x3x5.h)+rm-address(CH32X315RM.PDF)
CH32X315,ADC2,ADC,IDATAR3,0x40012844,0x044,32,1,#,confirmed,evt(ch32x3x5.h)+rm-address(CH32X315RM.PDF)
CH32X315,ADC2,ADC,IDATAR4,0x40012848,0x048,32,1,#,confirmed,evt(ch32x3x5.h)+rm-address(CH32X315RM.PDF)
CH32X315,ADC2,ADC,RDATAR,0x4001284c,0x04c,32,1,#,confirmed,evt(ch32x3x5.h)+rm(CH32X315RM.PDF)+rm-address(CH32X315RM.PDF)
CH32X315,ADC2,ADC,SMPMD,0x40012850,0x050,32,1,#,confirmed,evt(ch32x3x5.h)+rm(CH32X315RM.PDF)+rm-address(CH32X315RM.PDF)
CH32X315,ADC2,ADC,UDP,0x40012854,0x054,32,1,#,confirmed,evt(ch32x3x5.h)+rm(CH32X315RM.PDF)+rm-address(CH32X315RM.PDF)
CH32X315,ADC2,ADC,CONCFG,0x40012858,0x058,32,1,#,confirmed,evt(ch32x3x5.h)+rm(CH32X315RM.PDF)+rm-address(CH32X315RM.PDF)
CH32X315,ADC2,ADC,SCANCNT,0x4001285c,0x05c,32,1,#,confirmed,evt(ch32x3x5.h)+rm(CH32X315RM.PDF)+rm-address(CH32X315RM.PDF)
CH32X315,TIM1,TIM,CTLR1,0x40012c00,0x000,16,1,#,confirmed,evt(ch32x3x5.h)+rm(CH32X315RM.PDF)+rm-address(CH32X315RM.PDF)
CH32X315,TIM1,TIM,CTLR2,0x40012c04,0x004,16,1,#,confirmed,evt(ch32x3x5.h)+rm(CH32X315RM.PDF)+rm-address(CH32X315RM.PDF)
CH32X315,TIM1,TIM,SMCFGR,0x40012c08,0x008,16,1,#,confirmed,evt(ch32x3x5.h)+rm(CH32X315RM.PDF)+rm-address(CH32X315RM.PDF)
CH32X315,TIM1,TIM,DMAINTENR,0x40012c0c,0x00c,16,1,#,confirmed,evt(ch32x3x5.h)+rm(CH32X315RM.PDF)+rm-address(CH32X315RM.PDF)
CH32X315,TIM1,TIM,INTFR,0x40012c10,0x010,16,1,#,confirmed,evt(ch32x3x5.h)+rm(CH32X315RM.PDF)+rm-address(CH32X315RM.PDF)
CH32X315,TIM1,TIM,SWEVGR,0x40012c14,0x014,16,1,#,confirmed,evt(ch32x3x5.h)+rm(CH32X315RM.PDF)+rm-address(CH32X315RM.PDF)
CH32X315,TIM1,TIM,CHCTLR1,0x40012c18,0x018,16,1,#,confirmed,evt(ch32x3x5.h)+rm(CH32X315RM.PDF)+rm-address(CH32X315RM.PDF)
CH32X315,TIM1,TIM,CHCTLR2,0x40012c1c,0x01c,16,1,#,confirmed,evt(ch32x3x5.h)+rm(CH32X315RM.PDF)+rm-address(CH32X315RM.PDF)
CH32X315,TIM1,TIM,CCER,0x40012c20,0x020,16,1,#,confirmed,evt(ch32x3x5.h)+rm(CH32X315RM.PDF)+rm-address(CH32X315RM.PDF)
CH32X315,TIM1,TIM,CNT,0x40012c24,0x024,16,1,#,confirmed,evt(ch32x3x5.h)+rm(CH32X315RM.PDF)+rm-address(CH32X315RM.PDF)
CH32X315,TIM1,TIM,CNT_TIM4,0x40012c24,0x024,32,1,#,reference,evt(ch32x3x5.h)
CH32X315,TIM1,TIM,PSC,0x40012c28,0x028,16,1,#,confirmed,evt(ch32x3x5.h)+rm(CH32X315RM.PDF)+rm-address(CH32X315RM.PDF)
CH32X315,TIM1,TIM,ATRLR,0x40012c2c,0x02c,16,1,#,confirmed,evt(ch32x3x5.h)+rm(CH32X315RM.PDF)+rm-address(CH32X315RM.PDF)
CH32X315,TIM1,TIM,ATRLR_TIM4,0x40012c2c,0x02c,32,1,#,reference,evt(ch32x3x5.h)
CH32X315,TIM1,TIM,RPTCR,0x40012c30,0x030,16,1,#,confirmed,evt(ch32x3x5.h)+rm(CH32X315RM.PDF)+rm-address(CH32X315RM.PDF)
CH32X315,TIM1,TIM,CH1CVR,0x40012c34,0x034,32,1,#,confirmed,evt(ch32x3x5.h)+rm(CH32X315RM.PDF)+rm-address(CH32X315RM.PDF)
CH32X315,TIM1,TIM,CH1CVR_TIM4,0x40012c34,0x034,32,1,#,reference,evt(ch32x3x5.h)
CH32X315,TIM1,TIM,CH2CVR,0x40012c38,0x038,32,1,#,confirmed,evt(ch32x3x5.h)+rm(CH32X315RM.PDF)+rm-address(CH32X315RM.PDF)
CH32X315,TIM1,TIM,CH2CVR_TIM4,0x40012c38,0x038,32,1,#,reference,evt(ch32x3x5.h)
CH32X315,TIM1,TIM,CH3CVR,0x40012c3c,0x03c,32,1,#,confirmed,evt(ch32x3x5.h)+rm(CH32X315RM.PDF)+rm-address(CH32X315RM.PDF)
CH32X315,TIM1,TIM,CH3CVR_TIM4,0x40012c3c,0x03c,32,1,#,reference,evt(ch32x3x5.h)
CH32X315,TIM1,TIM,CH4CVR,0x40012c40,0x040,32,1,#,confirmed,evt(ch32x3x5.h)+rm(CH32X315RM.PDF)+rm-address(CH32X315RM.PDF)
CH32X315,TIM1,TIM,CH4CVR_TIM4,0x40012c40,0x040,32,1,#,reference,evt(ch32x3x5.h)
CH32X315,TIM1,TIM,BDTR,0x40012c44,0x044,16,1,#,confirmed,evt(ch32x3x5.h)+rm(CH32X315RM.PDF)+rm-address(CH32X315RM.PDF)
CH32X315,TIM1,TIM,DMACFGR,0x40012c48,0x048,16,1,#,confirmed,evt(ch32x3x5.h)+rm(CH32X315RM.PDF)+rm-address(CH32X315RM.PDF)
CH32X315,TIM1,TIM,DMAADR,0x40012c4c,0x04c,16,1,#,confirmed,evt(ch32x3x5.h)+rm(CH32X315RM.PDF)+rm-address(CH32X315RM.PDF)
CH32X315,TIM1,TIM,DMAADR_R32,0x40012c4c,0x04c,32,1,#,reference,evt(ch32x3x5.h)
CH32X315,SPI1,SPI,CTLR1,0x40013000,0x000,16,1,#,confirmed,evt(ch32x3x5.h)+rm(CH32X315RM.PDF)+rm-address(CH32X315RM.PDF)
CH32X315,SPI1,SPI,CTLR2,0x40013004,0x004,16,1,#,confirmed,evt(ch32x3x5.h)+rm(CH32X315RM.PDF)+rm-address(CH32X315RM.PDF)
CH32X315,SPI1,SPI,STATR,0x40013008,0x008,16,1,#,confirmed,evt(ch32x3x5.h)+rm(CH32X315RM.PDF)+rm-address(CH32X315RM.PDF)
CH32X315,SPI1,SPI,DATAR,0x4001300c,0x00c,16,1,#,confirmed,evt(ch32x3x5.h)+rm(CH32X315RM.PDF)+rm-address(CH32X315RM.PDF)
CH32X315,SPI1,SPI,CRCR,0x40013010,0x010,16,1,#,confirmed,evt(ch32x3x5.h)+rm(CH32X315RM.PDF)+rm-address(CH32X315RM.PDF)
CH32X315,SPI1,SPI,RCRCR,0x40013014,0x014,16,1,#,confirmed,evt(ch32x3x5.h)+rm(CH32X315RM.PDF)+rm-address(CH32X315RM.PDF)
CH32X315,SPI1,SPI,TCRCR,0x40013018,0x018,16,1,#,confirmed,evt(ch32x3x5.h)+rm(CH32X315RM.PDF)+rm-address(CH32X315RM.PDF)
CH32X315,SPI1,SPI,HSCR,0x40013024,0x024,16,1,#,confirmed,evt(ch32x3x5.h)+rm(CH32X315RM.PDF)+rm-address(CH32X315RM.PDF)
CH32X315,USART1,USART,STATR,0x40013800,0x000,16,1,#,confirmed,evt(ch32x3x5.h)+rm(CH32X315RM.PDF)+rm-address(CH32X315RM.PDF)
CH32X315,USART1,USART,DATAR,0x40013804,0x004,16,1,#,confirmed,evt(ch32x3x5.h)+rm(CH32X315RM.PDF)+rm-address(CH32X315RM.PDF)
CH32X315,USART1,USART,BRR,0x40013808,0x008,32,1,#,confirmed,evt(ch32x3x5.h)+rm(CH32X315RM.PDF)+rm-address(CH32X315RM.PDF)
CH32X315,USART1,USART,CTLR1,0x4001380c,0x00c,16,1,#,confirmed,evt(ch32x3x5.h)+rm(CH32X315RM.PDF)+rm-address(CH32X315RM.PDF)
CH32X315,USART1,USART,CTLR2,0x40013810,0x010,16,1,#,confirmed,evt(ch32x3x5.h)+rm(CH32X315RM.PDF)+rm-address(CH32X315RM.PDF)
CH32X315,USART1,USART,CTLR3,0x40013814,0x014,16,1,#,confirmed,evt(ch32x3x5.h)+rm(CH32X315RM.PDF)+rm-address(CH32X315RM.PDF)
CH32X315,USART1,USART,GPR,0x40013818,0x018,16,1,#,confirmed,evt(ch32x3x5.h)+rm(CH32X315RM.PDF)+rm-address(CH32X315RM.PDF)
CH32X315,USART1,USART,CTLR4,0x4001381c,0x01c,16,1,#,confirmed,evt(ch32x3x5.h)+rm(CH32X315RM.PDF)+rm-address(CH32X315RM.PDF)
CH32X315,ADC3,ADC,STATR,0x40013c00,0x000,32,1,#,confirmed,evt(ch32x3x5.h)+rm(CH32X315RM.PDF)+rm-address(CH32X315RM.PDF)
CH32X315,ADC3,ADC,CTLR1,0x40013c04,0x004,32,1,#,confirmed,evt(ch32x3x5.h)+rm(CH32X315RM.PDF)+rm-address(CH32X315RM.PDF)
CH32X315,ADC3,ADC,CTLR2,0x40013c08,0x008,32,1,#,confirmed,evt(ch32x3x5.h)+rm(CH32X315RM.PDF)+rm-address(CH32X315RM.PDF)
CH32X315,ADC3,ADC,SAMPTR1,0x40013c0c,0x00c,32,1,#,confirmed,evt(ch32x3x5.h)+rm(CH32X315RM.PDF)+rm-address(CH32X315RM.PDF)
CH32X315,ADC3,ADC,SAMPTR2,0x40013c10,0x010,32,1,#,confirmed,evt(ch32x3x5.h)+rm(CH32X315RM.PDF)+rm-address(CH32X315RM.PDF)
CH32X315,ADC3,ADC,IOFR1,0x40013c14,0x014,32,1,#,confirmed,evt(ch32x3x5.h)+rm-address(CH32X315RM.PDF)
CH32X315,ADC3,ADC,IOFR2,0x40013c18,0x018,32,1,#,confirmed,evt(ch32x3x5.h)+rm-address(CH32X315RM.PDF)
CH32X315,ADC3,ADC,IOFR3,0x40013c1c,0x01c,32,1,#,confirmed,evt(ch32x3x5.h)+rm-address(CH32X315RM.PDF)
CH32X315,ADC3,ADC,IOFR4,0x40013c20,0x020,32,1,#,confirmed,evt(ch32x3x5.h)+rm-address(CH32X315RM.PDF)
CH32X315,ADC3,ADC,WDHTR,0x40013c24,0x024,32,1,#,confirmed,evt(ch32x3x5.h)+rm(CH32X315RM.PDF)+rm-address(CH32X315RM.PDF)
CH32X315,ADC3,ADC,WDLTR,0x40013c28,0x028,32,1,#,confirmed,evt(ch32x3x5.h)+rm(CH32X315RM.PDF)+rm-address(CH32X315RM.PDF)
CH32X315,ADC3,ADC,RSQR1,0x40013c2c,0x02c,32,1,#,confirmed,evt(ch32x3x5.h)+rm(CH32X315RM.PDF)+rm-address(CH32X315RM.PDF)
CH32X315,ADC3,ADC,RSQR2,0x40013c30,0x030,32,1,#,confirmed,evt(ch32x3x5.h)+rm(CH32X315RM.PDF)+rm-address(CH32X315RM.PDF)
CH32X315,ADC3,ADC,RSQR3,0x40013c34,0x034,32,1,#,confirmed,evt(ch32x3x5.h)+rm(CH32X315RM.PDF)+rm-address(CH32X315RM.PDF)
CH32X315,ADC3,ADC,ISQR,0x40013c38,0x038,32,1,#,confirmed,evt(ch32x3x5.h)+rm(CH32X315RM.PDF)+rm-address(CH32X315RM.PDF)
CH32X315,ADC3,ADC,IDATAR1,0x40013c3c,0x03c,32,1,#,confirmed,evt(ch32x3x5.h)+rm-address(CH32X315RM.PDF)
CH32X315,ADC3,ADC,IDATAR2,0x40013c40,0x040,32,1,#,confirmed,evt(ch32x3x5.h)+rm-address(CH32X315RM.PDF)
CH32X315,ADC3,ADC,IDATAR3,0x40013c44,0x044,32,1,#,confirmed,evt(ch32x3x5.h)+rm-address(CH32X315RM.PDF)
CH32X315,ADC3,ADC,IDATAR4,0x40013c48,0x048,32,1,#,confirmed,evt(ch32x3x5.h)+rm-address(CH32X315RM.PDF)
CH32X315,ADC3,ADC,RDATAR,0x40013c4c,0x04c,32,1,#,confirmed,evt(ch32x3x5.h)+rm(CH32X315RM.PDF)+rm-address(CH32X315RM.PDF)
CH32X315,ADC3,ADC,SMPMD,0x40013c50,0x050,32,1,#,confirmed,evt(ch32x3x5.h)+rm(CH32X315RM.PDF)+rm-address(CH32X315RM.PDF)
CH32X315,ADC3,ADC,UDP,0x40013c54,0x054,32,1,#,confirmed,evt(ch32x3x5.h)+rm(CH32X315RM.PDF)+rm-address(CH32X315RM.PDF)
CH32X315,ADC3,ADC,CONCFG,0x40013c58,0x058,32,1,#,confirmed,evt(ch32x3x5.h)+rm(CH32X315RM.PDF)+rm-address(CH32X315RM.PDF)
CH32X315,ADC3,ADC,SCANCNT,0x40013c5c,0x05c,32,1,#,confirmed,evt(ch32x3x5.h)+rm(CH32X315RM.PDF)+rm-address(CH32X315RM.PDF)
CH32X315,ADC4,ADC,STATR,0x40014000,0x000,32,1,#,confirmed,evt(ch32x3x5.h)+rm(CH32X315RM.PDF)+rm-address(CH32X315RM.PDF)
CH32X315,ADC4,ADC,CTLR1,0x40014004,0x004,32,1,#,confirmed,evt(ch32x3x5.h)+rm(CH32X315RM.PDF)+rm-address(CH32X315RM.PDF)
CH32X315,ADC4,ADC,CTLR2,0x40014008,0x008,32,1,#,confirmed,evt(ch32x3x5.h)+rm(CH32X315RM.PDF)+rm-address(CH32X315RM.PDF)
CH32X315,ADC4,ADC,SAMPTR1,0x4001400c,0x00c,32,1,#,confirmed,evt(ch32x3x5.h)+rm(CH32X315RM.PDF)+rm-address(CH32X315RM.PDF)
CH32X315,ADC4,ADC,SAMPTR2,0x40014010,0x010,32,1,#,confirmed,evt(ch32x3x5.h)+rm(CH32X315RM.PDF)+rm-address(CH32X315RM.PDF)
CH32X315,ADC4,ADC,IOFR1,0x40014014,0x014,32,1,#,confirmed,evt(ch32x3x5.h)+rm-address(CH32X315RM.PDF)
CH32X315,ADC4,ADC,IOFR2,0x40014018,0x018,32,1,#,confirmed,evt(ch32x3x5.h)+rm-address(CH32X315RM.PDF)
CH32X315,ADC4,ADC,IOFR3,0x4001401c,0x01c,32,1,#,confirmed,evt(ch32x3x5.h)+rm-address(CH32X315RM.PDF)
CH32X315,ADC4,ADC,IOFR4,0x40014020,0x020,32,1,#,confirmed,evt(ch32x3x5.h)+rm-address(CH32X315RM.PDF)
CH32X315,ADC4,ADC,WDHTR,0x40014024,0x024,32,1,#,confirmed,evt(ch32x3x5.h)+rm(CH32X315RM.PDF)+rm-address(CH32X315RM.PDF)
CH32X315,ADC4,ADC,WDLTR,0x40014028,0x028,32,1,#,confirmed,evt(ch32x3x5.h)+rm(CH32X315RM.PDF)+rm-address(CH32X315RM.PDF)
CH32X315,ADC4,ADC,RSQR1,0x4001402c,0x02c,32,1,#,confirmed,evt(ch32x3x5.h)+rm(CH32X315RM.PDF)+rm-address(CH32X315RM.PDF)
CH32X315,ADC4,ADC,RSQR2,0x40014030,0x030,32,1,#,confirmed,evt(ch32x3x5.h)+rm(CH32X315RM.PDF)+rm-address(CH32X315RM.PDF)
CH32X315,ADC4,ADC,RSQR3,0x40014034,0x034,32,1,#,confirmed,evt(ch32x3x5.h)+rm(CH32X315RM.PDF)+rm-address(CH32X315RM.PDF)
CH32X315,ADC4,ADC,ISQR,0x40014038,0x038,32,1,#,confirmed,evt(ch32x3x5.h)+rm(CH32X315RM.PDF)+rm-address(CH32X315RM.PDF)
CH32X315,ADC4,ADC,IDATAR1,0x4001403c,0x03c,32,1,#,confirmed,evt(ch32x3x5.h)+rm-address(CH32X315RM.PDF)
CH32X315,ADC4,ADC,IDATAR2,0x40014040,0x040,32,1,#,confirmed,evt(ch32x3x5.h)+rm-address(CH32X315RM.PDF)
CH32X315,ADC4,ADC,IDATAR3,0x40014044,0x044,32,1,#,confirmed,evt(ch32x3x5.h)+rm-address(CH32X315RM.PDF)
CH32X315,ADC4,ADC,IDATAR4,0x40014048,0x048,32,1,#,confirmed,evt(ch32x3x5.h)+rm-address(CH32X315RM.PDF)
CH32X315,ADC4,ADC,RDATAR,0x4001404c,0x04c,32,1,#,confirmed,evt(ch32x3x5.h)+rm(CH32X315RM.PDF)+rm-address(CH32X315RM.PDF)
CH32X315,ADC4,ADC,SMPMD,0x40014050,0x050,32,1,#,confirmed,evt(ch32x3x5.h)+rm(CH32X315RM.PDF)+rm-address(CH32X315RM.PDF)
CH32X315,ADC4,ADC,UDP,0x40014054,0x054,32,1,#,confirmed,evt(ch32x3x5.h)+rm(CH32X315RM.PDF)+rm-address(CH32X315RM.PDF)
CH32X315,ADC4,ADC,CONCFG,0x40014058,0x058,32,1,#,confirmed,evt(ch32x3x5.h)+rm(CH32X315RM.PDF)+rm-address(CH32X315RM.PDF)
CH32X315,ADC4,ADC,SCANCNT,0x4001405c,0x05c,32,1,#,confirmed,evt(ch32x3x5.h)+rm(CH32X315RM.PDF)+rm-address(CH32X315RM.PDF)
CH32X315,DMA1,DMA,INTFR,0x40020000,0x000,32,1,#,confirmed,evt(ch32x3x5.h)+rm-address(CH32X315RM.PDF)
CH32X315,DMA1,DMA,INTFCR,0x40020004,0x004,32,1,#,confirmed,evt(ch32x3x5.h)+rm-address(CH32X315RM.PDF)
CH32X315,DMA1_Channel1,DMA_Channel,CFGR,0x40020008,0x000,32,1,#,confirmed,evt(ch32x3x5.h)+rm-address(CH32X315RM.PDF)
CH32X315,DMA1_Channel1,DMA_Channel,CNTR,0x4002000c,0x004,32,1,#,confirmed,evt(ch32x3x5.h)+rm-address(CH32X315RM.PDF)
CH32X315,DMA1_Channel1,DMA_Channel,PADDR,0x40020010,0x008,32,1,#,confirmed,evt(ch32x3x5.h)+rm-address(CH32X315RM.PDF)
CH32X315,DMA1_Channel1,DMA_Channel,MADDR,0x40020014,0x00c,32,1,#,confirmed,evt(ch32x3x5.h)+rm-address(CH32X315RM.PDF)
CH32X315,DMA1_Channel1,DMA_Channel,M1ADDR,0x40020018,0x010,32,1,#,reference,evt(ch32x3x5.h)
CH32X315,DMA1_Channel2,DMA_Channel,CFGR,0x4002001c,0x000,32,1,#,confirmed,evt(ch32x3x5.h)+rm-address(CH32X315RM.PDF)
CH32X315,DMA1_Channel2,DMA_Channel,CNTR,0x40020020,0x004,32,1,#,confirmed,evt(ch32x3x5.h)+rm-address(CH32X315RM.PDF)
CH32X315,DMA1_Channel2,DMA_Channel,PADDR,0x40020024,0x008,32,1,#,confirmed,evt(ch32x3x5.h)+rm-address(CH32X315RM.PDF)
CH32X315,DMA1_Channel2,DMA_Channel,MADDR,0x40020028,0x00c,32,1,#,confirmed,evt(ch32x3x5.h)+rm-address(CH32X315RM.PDF)
CH32X315,DMA1_Channel2,DMA_Channel,M1ADDR,0x4002002c,0x010,32,1,#,reference,evt(ch32x3x5.h)
CH32X315,DMA1_Channel3,DMA_Channel,CFGR,0x40020030,0x000,32,1,#,confirmed,evt(ch32x3x5.h)+rm-address(CH32X315RM.PDF)
CH32X315,DMA1_Channel3,DMA_Channel,CNTR,0x40020034,0x004,32,1,#,confirmed,evt(ch32x3x5.h)+rm-address(CH32X315RM.PDF)
CH32X315,DMA1_Channel3,DMA_Channel,PADDR,0x40020038,0x008,32,1,#,confirmed,evt(ch32x3x5.h)+rm-address(CH32X315RM.PDF)
CH32X315,DMA1_Channel3,DMA_Channel,MADDR,0x4002003c,0x00c,32,1,#,confirmed,evt(ch32x3x5.h)+rm-address(CH32X315RM.PDF)
CH32X315,DMA1_Channel3,DMA_Channel,M1ADDR,0x40020040,0x010,32,1,#,reference,evt(ch32x3x5.h)
CH32X315,DMA1_Channel4,DMA_Channel,CFGR,0x40020044,0x000,32,1,#,confirmed,evt(ch32x3x5.h)+rm-address(CH32X315RM.PDF)
CH32X315,DMA1_Channel4,DMA_Channel,CNTR,0x40020048,0x004,32,1,#,confirmed,evt(ch32x3x5.h)+rm-address(CH32X315RM.PDF)
CH32X315,DMA1_Channel4,DMA_Channel,PADDR,0x4002004c,0x008,32,1,#,confirmed,evt(ch32x3x5.h)+rm-address(CH32X315RM.PDF)
CH32X315,DMA1_Channel4,DMA_Channel,MADDR,0x40020050,0x00c,32,1,#,confirmed,evt(ch32x3x5.h)+rm-address(CH32X315RM.PDF)
CH32X315,DMA1_Channel4,DMA_Channel,M1ADDR,0x40020054,0x010,32,1,#,reference,evt(ch32x3x5.h)
CH32X315,DMA1_Channel5,DMA_Channel,CFGR,0x40020058,0x000,32,1,#,confirmed,evt(ch32x3x5.h)+rm-address(CH32X315RM.PDF)
CH32X315,DMA1_Channel5,DMA_Channel,CNTR,0x4002005c,0x004,32,1,#,confirmed,evt(ch32x3x5.h)+rm-address(CH32X315RM.PDF)
CH32X315,DMA1_Channel5,DMA_Channel,PADDR,0x40020060,0x008,32,1,#,confirmed,evt(ch32x3x5.h)+rm-address(CH32X315RM.PDF)
CH32X315,DMA1_Channel5,DMA_Channel,MADDR,0x40020064,0x00c,32,1,#,confirmed,evt(ch32x3x5.h)+rm-address(CH32X315RM.PDF)
CH32X315,DMA1_Channel5,DMA_Channel,M1ADDR,0x40020068,0x010,32,1,#,reference,evt(ch32x3x5.h)
CH32X315,DMA1_Channel6,DMA_Channel,CFGR,0x4002006c,0x000,32,1,#,confirmed,evt(ch32x3x5.h)+rm-address(CH32X315RM.PDF)
CH32X315,DMA1_Channel6,DMA_Channel,CNTR,0x40020070,0x004,32,1,#,confirmed,evt(ch32x3x5.h)+rm-address(CH32X315RM.PDF)
CH32X315,DMA1_Channel6,DMA_Channel,PADDR,0x40020074,0x008,32,1,#,confirmed,evt(ch32x3x5.h)+rm-address(CH32X315RM.PDF)
CH32X315,DMA1_Channel6,DMA_Channel,MADDR,0x40020078,0x00c,32,1,#,confirmed,evt(ch32x3x5.h)+rm-address(CH32X315RM.PDF)
CH32X315,DMA1_Channel6,DMA_Channel,M1ADDR,0x4002007c,0x010,32,1,#,reference,evt(ch32x3x5.h)
CH32X315,DMA1_Channel7,DMA_Channel,CFGR,0x40020080,0x000,32,1,#,confirmed,evt(ch32x3x5.h)+rm-address(CH32X315RM.PDF)
CH32X315,DMA1_Channel7,DMA_Channel,CNTR,0x40020084,0x004,32,1,#,confirmed,evt(ch32x3x5.h)+rm-address(CH32X315RM.PDF)
CH32X315,DMA1_Channel7,DMA_Channel,PADDR,0x40020088,0x008,32,1,#,confirmed,evt(ch32x3x5.h)+rm-address(CH32X315RM.PDF)
CH32X315,DMA1_Channel7,DMA_Channel,MADDR,0x4002008c,0x00c,32,1,#,confirmed,evt(ch32x3x5.h)+rm-address(CH32X315RM.PDF)
CH32X315,DMA1_Channel7,DMA_Channel,M1ADDR,0x40020090,0x010,32,1,#,reference,evt(ch32x3x5.h)
CH32X315,DMA1_Channel8,DMA_Channel,CFGR,0x40020094,0x000,32,1,#,confirmed,evt(ch32x3x5.h)+rm-address(CH32X315RM.PDF)
CH32X315,DMA1_Channel8,DMA_Channel,CNTR,0x40020098,0x004,32,1,#,confirmed,evt(ch32x3x5.h)+rm-address(CH32X315RM.PDF)
CH32X315,DMA1_Channel8,DMA_Channel,PADDR,0x4002009c,0x008,32,1,#,confirmed,evt(ch32x3x5.h)+rm-address(CH32X315RM.PDF)
CH32X315,DMA1_Channel8,DMA_Channel,MADDR,0x400200a0,0x00c,32,1,#,confirmed,evt(ch32x3x5.h)+rm-address(CH32X315RM.PDF)
CH32X315,DMA1_Channel8,DMA_Channel,M1ADDR,0x400200a4,0x010,32,1,#,reference,evt(ch32x3x5.h)
CH32X315,DMA1_Channel9,DMA_Channel,CFGR,0x400200a8,0x000,32,1,#,confirmed,evt(ch32x3x5.h)+rm-address(CH32X315RM.PDF)
CH32X315,DMA1_Channel9,DMA_Channel,CNTR,0x400200ac,0x004,32,1,#,confirmed,evt(ch32x3x5.h)+rm-address(CH32X315RM.PDF)
CH32X315,DMA1_Channel9,DMA_Channel,PADDR,0x400200b0,0x008,32,1,#,confirmed,evt(ch32x3x5.h)+rm-address(CH32X315RM.PDF)
CH32X315,DMA1_Channel9,DMA_Channel,MADDR,0x400200b4,0x00c,32,1,#,confirmed,evt(ch32x3x5.h)+rm-address(CH32X315RM.PDF)
CH32X315,DMA1_Channel9,DMA_Channel,M1ADDR,0x400200b8,0x010,32,1,#,reference,evt(ch32x3x5.h)
CH32X315,DMA1_Channel10,DMA_Channel,CFGR,0x400200bc,0x000,32,1,#,confirmed,evt(ch32x3x5.h)+rm-address(CH32X315RM.PDF)
CH32X315,DMA1_Channel10,DMA_Channel,CNTR,0x400200c0,0x004,32,1,#,confirmed,evt(ch32x3x5.h)+rm-address(CH32X315RM.PDF)
CH32X315,DMA1_Channel10,DMA_Channel,PADDR,0x400200c4,0x008,32,1,#,confirmed,evt(ch32x3x5.h)+rm-address(CH32X315RM.PDF)
CH32X315,DMA1_Channel10,DMA_Channel,MADDR,0x400200c8,0x00c,32,1,#,confirmed,evt(ch32x3x5.h)+rm-address(CH32X315RM.PDF)
CH32X315,DMA1_Channel10,DMA_Channel,M1ADDR,0x400200cc,0x010,32,1,#,reference,evt(ch32x3x5.h)
CH32X315,DMA1_Channel11,DMA_Channel,CFGR,0x400200d0,0x000,32,1,#,confirmed,evt(ch32x3x5.h)+rm-address(CH32X315RM.PDF)
CH32X315,DMA1_Channel11,DMA_Channel,CNTR,0x400200d4,0x004,32,1,#,confirmed,evt(ch32x3x5.h)+rm-address(CH32X315RM.PDF)
CH32X315,DMA1_Channel11,DMA_Channel,PADDR,0x400200d8,0x008,32,1,#,confirmed,evt(ch32x3x5.h)+rm-address(CH32X315RM.PDF)
CH32X315,DMA1_Channel11,DMA_Channel,MADDR,0x400200dc,0x00c,32,1,#,confirmed,evt(ch32x3x5.h)+rm-address(CH32X315RM.PDF)
CH32X315,DMA1_Channel11,DMA_Channel,M1ADDR,0x400200e0,0x010,32,1,#,reference,evt(ch32x3x5.h)
CH32X315,DMA1_EXTEN,DMA,INTFR,0x400200e4,0x000,32,1,#,reference,evt(ch32x3x5.h)+rm-address(CH32X315RM.PDF)
CH32X315,DMA1_EXTEN,DMA,INTFCR,0x400200e8,0x004,32,1,#,reference,evt(ch32x3x5.h)+rm-address(CH32X315RM.PDF)
CH32X315,RCC,RCC,CTLR,0x40021000,0x000,32,1,#,confirmed,evt(ch32x3x5.h)+rm(CH32X315RM.PDF)+rm-address(CH32X315RM.PDF)
CH32X315,RCC,RCC,CFGR0,0x40021004,0x004,32,1,#,confirmed,evt(ch32x3x5.h)+rm(CH32X315RM.PDF)+rm-address(CH32X315RM.PDF)
CH32X315,RCC,RCC,INTR,0x40021008,0x008,32,1,#,confirmed,evt(ch32x3x5.h)+rm(CH32X315RM.PDF)+rm-address(CH32X315RM.PDF)
CH32X315,RCC,RCC,HB2PRSTR,0x4002100c,0x00c,32,1,#,confirmed,evt(ch32x3x5.h)+rm(CH32X315RM.PDF)+rm-address(CH32X315RM.PDF)
CH32X315,RCC,RCC,HB1PRSTR,0x40021010,0x010,32,1,#,confirmed,evt(ch32x3x5.h)+rm(CH32X315RM.PDF)+rm-address(CH32X315RM.PDF)
CH32X315,RCC,RCC,HBPCENR,0x40021014,0x014,32,1,#,confirmed,evt(ch32x3x5.h)+rm(CH32X315RM.PDF)+rm-address(CH32X315RM.PDF)
CH32X315,RCC,RCC,HB2PCENR,0x40021018,0x018,32,1,#,confirmed,evt(ch32x3x5.h)+rm(CH32X315RM.PDF)+rm-address(CH32X315RM.PDF)
CH32X315,RCC,RCC,HB1PCENR,0x4002101c,0x01c,32,1,#,confirmed,evt(ch32x3x5.h)+rm(CH32X315RM.PDF)+rm-address(CH32X315RM.PDF)
CH32X315,RCC,RCC,RSTSCKR,0x40021024,0x024,32,1,#,confirmed,evt(ch32x3x5.h)+rm(CH32X315RM.PDF)+rm-address(CH32X315RM.PDF)
CH32X315,RCC,RCC,HBRSTR,0x40021028,0x028,32,1,#,confirmed,evt(ch32x3x5.h)+rm(CH32X315RM.PDF)+rm-address(CH32X315RM.PDF)
CH32X315,RCC,RCC,CFGR2,0x4002102c,0x02c,32,1,#,confirmed,evt(ch32x3x5.h)+rm(CH32X315RM.PDF)+rm-address(CH32X315RM.PDF)
CH32X315,FLASH,FLASH,ACTLR,0x40022000,0x000,32,1,#,confirmed,evt(ch32x3x5.h)+rm(CH32X315RM.PDF)+rm-address(CH32X315RM.PDF)
CH32X315,FLASH,FLASH,KEYR,0x40022004,0x004,32,1,#,confirmed,evt(ch32x3x5.h)+rm(CH32X315RM.PDF)+rm-address(CH32X315RM.PDF)
CH32X315,FLASH,FLASH,OBKEYR,0x40022008,0x008,32,1,#,confirmed,evt(ch32x3x5.h)+rm(CH32X315RM.PDF)+rm-address(CH32X315RM.PDF)
CH32X315,FLASH,FLASH,STATR,0x4002200c,0x00c,32,1,#,confirmed,evt(ch32x3x5.h)+rm(CH32X315RM.PDF)+rm-address(CH32X315RM.PDF)
CH32X315,FLASH,FLASH,CTLR,0x40022010,0x010,32,1,#,confirmed,evt(ch32x3x5.h)+rm(CH32X315RM.PDF)+rm-address(CH32X315RM.PDF)
CH32X315,FLASH,FLASH,ADDR,0x40022014,0x014,32,1,#,confirmed,evt(ch32x3x5.h)+rm(CH32X315RM.PDF)+rm-address(CH32X315RM.PDF)
CH32X315,FLASH,FLASH,OBR,0x4002201c,0x01c,32,1,#,confirmed,evt(ch32x3x5.h)+rm(CH32X315RM.PDF)+rm-address(CH32X315RM.PDF)
CH32X315,FLASH,FLASH,WPR,0x40022020,0x020,32,1,#,confirmed,evt(ch32x3x5.h)+rm(CH32X315RM.PDF)+rm-address(CH32X315RM.PDF)
CH32X315,FLASH,FLASH,MODEKEYR,0x40022024,0x024,32,1,#,confirmed,evt(ch32x3x5.h)+rm(CH32X315RM.PDF)+rm-address(CH32X315RM.PDF)
CH32X315,FLASH,FLASH,BOOT_MODEKEYR,0x40022028,0x028,32,1,#,reference,evt(ch32x3x5.h)
CH32X315,EXTEN,EXTEN,EXTEN_CTR,0x400220c0,0x000,32,1,#,confirmed,evt(ch32x3x5.h)+rm-address(CH32X315RM.PDF)
CH32X315,CRC,CRC,DATAR,0x40023000,0x000,32,1,#,confirmed,evt(ch32x3x5.h)+rm(CH32X315RM.PDF)+rm-address(CH32X315RM.PDF)
CH32X315,CRC,CRC,IDATAR,0x40023004,0x004,8,1,#,confirmed,evt(ch32x3x5.h)+rm(CH32X315RM.PDF)+rm-address(CH32X315RM.PDF)
CH32X315,CRC,CRC,CTLR,0x40023008,0x008,32,1,#,confirmed,evt(ch32x3x5.h)+rm(CH32X315RM.PDF)+rm-address(CH32X315RM.PDF)
CH32X315,ARGB,ARGB,CTLR,0x40023400,0x000,32,1,#,confirmed,evt(ch32x3x5.h)+rm-address(CH32X315RM.PDF)
CH32X315,ARGB,ARGB,DAT_ARR,0x40023404,0x004,32,1,#,confirmed,evt(ch32x3x5.h)+rm-address(CH32X315RM.PDF)
CH32X315,ARGB,ARGB,RST_ARR,0x40023408,0x008,32,1,#,confirmed,evt(ch32x3x5.h)+rm-address(CH32X315RM.PDF)
CH32X315,ARGB,ARGB,CCRL,0x4002340c,0x00c,32,1,#,confirmed,evt(ch32x3x5.h)+rm-address(CH32X315RM.PDF)
CH32X315,ARGB,ARGB,CCRH,0x40023410,0x010,32,1,#,confirmed,evt(ch32x3x5.h)+rm-address(CH32X315RM.PDF)
CH32X315,ARGB,ARGB,DAT_CYC,0x40023414,0x014,32,1,#,confirmed,evt(ch32x3x5.h)+rm-address(CH32X315RM.PDF)
CH32X315,ARGB,ARGB,DATAR,0x40023418,0x018,32,1,#,confirmed,evt(ch32x3x5.h)+rm-address(CH32X315RM.PDF)
CH32X315,ARGB,ARGB,STATR,0x4002341c,0x01c,32,1,#,confirmed,evt(ch32x3x5.h)+rm-address(CH32X315RM.PDF)
CH32X315,ARGB,ARGB,CNTR,0x40023420,0x020,32,1,#,confirmed,evt(ch32x3x5.h)+rm-address(CH32X315RM.PDF)
CH32X315,USBPD,USBPD,CONFIG,0x40024400,0x000,16,1,#,confirmed,evt(ch32x3x5.h)+rm-address(CH32X315RM.PDF)
CH32X315,USBPD,USBPD,USBPD_CONFIG,0x40024400,0x000,32,1,#,reference,evt(ch32x3x5.h)
CH32X315,USBPD,USBPD,BMC_CLK_CNT,0x40024402,0x002,16,1,#,reference,evt(ch32x3x5.h)
CH32X315,USBPD,USBPD,CONTROL,0x40024404,0x004,8,1,#,confirmed,evt(ch32x3x5.h)+rm-address(CH32X315RM.PDF)
CH32X315,USBPD,USBPD,R16_CONTROL,0x40024404,0x004,16,1,#,reference,evt(ch32x3x5.h)
CH32X315,USBPD,USBPD,USBPD_CONTROL,0x40024404,0x004,32,1,#,reference,evt(ch32x3x5.h)
CH32X315,USBPD,USBPD,TX_SEL,0x40024405,0x005,8,1,#,reference,evt(ch32x3x5.h)
CH32X315,USBPD,USBPD,BMC_TX_SZ,0x40024406,0x006,16,1,#,reference,evt(ch32x3x5.h)
CH32X315,USBPD,USBPD,DATA_BUF,0x40024408,0x008,8,1,#,reference,evt(ch32x3x5.h)
CH32X315,USBPD,USBPD,R16_STATUS,0x40024408,0x008,16,1,#,reference,evt(ch32x3x5.h)
CH32X315,USBPD,USBPD,USBPD_STATUS,0x40024408,0x008,32,1,#,confirmed,evt(ch32x3x5.h)+rm-address(CH32X315RM.PDF)
CH32X315,USBPD,USBPD,STATUS,0x40024409,0x009,8,1,#,reference,evt(ch32x3x5.h)
CH32X315,USBPD,USBPD,BMC_BYTE_CNT,0x4002440a,0x00a,16,1,#,reference,evt(ch32x3x5.h)
CH32X315,USBPD,USBPD,PORT_CC1,0x4002440c,0x00c,16,1,#,reference,evt(ch32x3x5.h)
CH32X315,USBPD,USBPD,USBPD_PORT,0x4002440c,0x00c,32,1,#,confirmed,evt(ch32x3x5.h)+rm-address(CH32X315RM.PDF)
CH32X315,USBPD,USBPD,PORT_CC2,0x4002440e,0x00e,16,1,#,reference,evt(ch32x3x5.h)
CH32X315,USBPD,USBPD,USBPD_DMA,0x40024410,0x010,32,1,#,confirmed,evt(ch32x3x5.h)+rm-address(CH32X315RM.PDF)
CH32X315,USBHSD,USBHSD,CONTROL,0x40030000,0x000,8,1,#,reference,evt(ch32x3x5.h)
CH32X315,USBHSD,USBHSD,BASE_MODE,0x40030001,0x001,8,1,#,reference,evt(ch32x3x5.h)
CH32X315,USBHSD,USBHSD,INT_EN,0x40030002,0x002,8,1,#,reference,evt(ch32x3x5.h)
CH32X315,USBHSD,USBHSD,DEV_AD,0x40030003,0x003,8,1,#,reference,evt(ch32x3x5.h)
CH32X315,USBHSD,USBHSD,WAKE_CTRL,0x40030004,0x004,8,1,#,reference,evt(ch32x3x5.h)
CH32X315,USBHSD,USBHSD,TEST_MODE,0x40030005,0x005,8,1,#,reference,evt(ch32x3x5.h)
CH32X315,USBHSD,USBHSD,LPM_DATA,0x40030006,0x006,16,1,#,reference,evt(ch32x3x5.h)
CH32X315,USBHSD,USBHSD,INT_FG,0x40030008,0x008,8,1,#,reference,evt(ch32x3x5.h)
CH32X315,USBHSD,USBHSD,INT_ST,0x40030009,0x009,8,1,#,reference,evt(ch32x3x5.h)
CH32X315,USBHSD,USBHSD,MIS_ST,0x4003000a,0x00a,8,1,#,reference,evt(ch32x3x5.h)
CH32X315,USBHSD,USBHSD,FRAME_NO,0x4003000c,0x00c,16,1,#,reference,evt(ch32x3x5.h)
CH32X315,USBHSD,USBHSD,BUS,0x4003000e,0x00e,16,1,#,reference,evt(ch32x3x5.h)
CH32X315,USBHSD,USBHSD,UEP_TX_EN,0x40030010,0x010,16,1,#,reference,evt(ch32x3x5.h)
CH32X315,USBHSD,USBHSD,UEP_RX_EN,0x40030012,0x012,16,1,#,reference,evt(ch32x3x5.h)
CH32X315,USBHSD,USBHSD,UEP_TX_TOG_AUTO,0x40030014,0x014,16,1,#,reference,evt(ch32x3x5.h)
CH32X315,USBHSD,USBHSD,UEP_RX_TOG_AUTO,0x40030016,0x016,16,1,#,reference,evt(ch32x3x5.h)
CH32X315,USBHSD,USBHSD,UEP_TX_BURST,0x40030018,0x018,8,1,#,reference,evt(ch32x3x5.h)
CH32X315,USBHSD,USBHSD,UEP_TX_BURST_MODE,0x40030019,0x019,8,1,#,reference,evt(ch32x3x5.h)
CH32X315,USBHSD,USBHSD,UEP_RX_BURST,0x4003001a,0x01a,8,1,#,reference,evt(ch32x3x5.h)
CH32X315,USBHSD,USBHSD,UEP_RX_RES_MODE,0x4003001b,0x01b,8,1,#,reference,evt(ch32x3x5.h)
CH32X315,USBHSD,USBHSD,UEP_AF_MODE,0x4003001c,0x01c,32,1,#,reference,evt(ch32x3x5.h)
CH32X315,USBHSD,USBHSD,UEP0_DMA,0x40030020,0x020,32,1,#,reference,evt(ch32x3x5.h)
CH32X315,USBHSD,USBHSD,UEP1_RX_DMA,0x40030024,0x024,32,1,#,reference,evt(ch32x3x5.h)
CH32X315,USBHSD,USBHSD,UEP2_RX_DMA,0x40030028,0x028,32,1,#,reference,evt(ch32x3x5.h)
CH32X315,USBHSD,USBHSD,UEP3_RX_DMA,0x4003002c,0x02c,32,1,#,reference,evt(ch32x3x5.h)
CH32X315,USBHSD,USBHSD,UEP4_RX_DMA,0x40030030,0x030,32,1,#,reference,evt(ch32x3x5.h)
CH32X315,USBHSD,USBHSD,UEP5_RX_DMA,0x40030034,0x034,32,1,#,reference,evt(ch32x3x5.h)
CH32X315,USBHSD,USBHSD,UEP6_RX_DMA,0x40030038,0x038,32,1,#,reference,evt(ch32x3x5.h)
CH32X315,USBHSD,USBHSD,UEP7_RX_DMA,0x4003003c,0x03c,32,1,#,reference,evt(ch32x3x5.h)
CH32X315,USBHSD,USBHSD,UEP1_TX_DMA,0x40030040,0x040,32,1,#,reference,evt(ch32x3x5.h)
CH32X315,USBHSD,USBHSD,UEP2_TX_DMA,0x40030044,0x044,32,1,#,reference,evt(ch32x3x5.h)
CH32X315,USBHSD,USBHSD,UEP3_TX_DMA,0x40030048,0x048,32,1,#,reference,evt(ch32x3x5.h)
CH32X315,USBHSD,USBHSD,UEP4_TX_DMA,0x4003004c,0x04c,32,1,#,reference,evt(ch32x3x5.h)
CH32X315,USBHSD,USBHSD,UEP5_TX_DMA,0x40030050,0x050,32,1,#,reference,evt(ch32x3x5.h)
CH32X315,USBHSD,USBHSD,UEP6_TX_DMA,0x40030054,0x054,32,1,#,reference,evt(ch32x3x5.h)
CH32X315,USBHSD,USBHSD,UEP7_TX_DMA,0x40030058,0x058,32,1,#,reference,evt(ch32x3x5.h)
CH32X315,USBHSD,USBHSD,UEP0_MAX_LEN,0x4003005c,0x05c,32,1,#,reference,evt(ch32x3x5.h)
CH32X315,USBHSD,USBHSD,UEP1_MAX_LEN,0x40030060,0x060,32,1,#,reference,evt(ch32x3x5.h)
CH32X315,USBHSD,USBHSD,UEP2_MAX_LEN,0x40030064,0x064,32,1,#,reference,evt(ch32x3x5.h)
CH32X315,USBHSD,USBHSD,UEP3_MAX_LEN,0x40030068,0x068,32,1,#,reference,evt(ch32x3x5.h)
CH32X315,USBHSD,USBHSD,UEP4_MAX_LEN,0x4003006c,0x06c,32,1,#,reference,evt(ch32x3x5.h)
CH32X315,USBHSD,USBHSD,UEP5_MAX_LEN,0x40030070,0x070,32,1,#,reference,evt(ch32x3x5.h)
CH32X315,USBHSD,USBHSD,UEP6_MAX_LEN,0x40030074,0x074,32,1,#,reference,evt(ch32x3x5.h)
CH32X315,USBHSD,USBHSD,UEP7_MAX_LEN,0x40030078,0x078,32,1,#,reference,evt(ch32x3x5.h)
CH32X315,USBHSD,USBHSD,UEP0_RX_LEN,0x4003007c,0x07c,16,1,#,reference,evt(ch32x3x5.h)
CH32X315,USBHSD,USBHSD,UEP1_RX_LEN,0x40030080,0x080,16,1,#,reference,evt(ch32x3x5.h)
CH32X315,USBHSD,USBHSD,UEP1_RX_SIZE,0x40030082,0x082,16,1,#,reference,evt(ch32x3x5.h)
CH32X315,USBHSD,USBHSD,UEP2_RX_LEN,0x40030084,0x084,16,1,#,reference,evt(ch32x3x5.h)
CH32X315,USBHSD,USBHSD,UEP2_RX_SIZE,0x40030086,0x086,16,1,#,reference,evt(ch32x3x5.h)
CH32X315,USBHSD,USBHSD,UEP3_RX_LEN,0x40030088,0x088,16,1,#,reference,evt(ch32x3x5.h)
CH32X315,USBHSD,USBHSD,UEP3_RX_SIZE,0x4003008a,0x08a,16,1,#,reference,evt(ch32x3x5.h)
CH32X315,USBHSD,USBHSD,UEP4_RX_LEN,0x4003008c,0x08c,16,1,#,reference,evt(ch32x3x5.h)
CH32X315,USBHSD,USBHSD,UEP4_RX_SIZE,0x4003008e,0x08e,16,1,#,reference,evt(ch32x3x5.h)
CH32X315,USBHSD,USBHSD,UEP5_RX_LEN,0x40030090,0x090,16,1,#,reference,evt(ch32x3x5.h)
CH32X315,USBHSD,USBHSD,UEP5_RX_SIZE,0x40030092,0x092,16,1,#,reference,evt(ch32x3x5.h)
CH32X315,USBHSD,USBHSD,UEP6_RX_LEN,0x40030094,0x094,16,1,#,reference,evt(ch32x3x5.h)
CH32X315,USBHSD,USBHSD,UEP6_RX_SIZE,0x40030096,0x096,16,1,#,reference,evt(ch32x3x5.h)
CH32X315,USBHSD,USBHSD,UEP7_RX_LEN,0x40030098,0x098,16,1,#,reference,evt(ch32x3x5.h)
CH32X315,USBHSD,USBHSD,UEP7_RX_SIZE,0x4003009a,0x09a,16,1,#,reference,evt(ch32x3x5.h)
CH32X315,USBHSD,USBHSD,UEP0_TX_LEN,0x4003009c,0x09c,16,1,#,reference,evt(ch32x3x5.h)
CH32X315,USBHSD,USBHSD,UEP0_TX_CTRL,0x4003009e,0x09e,8,1,#,reference,evt(ch32x3x5.h)
CH32X315,USBHSD,USBHSD,UEP0_RX_CTRL,0x4003009f,0x09f,8,1,#,reference,evt(ch32x3x5.h)
CH32X315,USBHSD,USBHSD,UEP1_TX_LEN,0x400300a0,0x0a0,16,1,#,reference,evt(ch32x3x5.h)
CH32X315,USBHSD,USBHSD,UEP1_TX_CTRL,0x400300a2,0x0a2,8,1,#,reference,evt(ch32x3x5.h)
CH32X315,USBHSD,USBHSD,UEP1_RX_CTRL,0x400300a3,0x0a3,8,1,#,reference,evt(ch32x3x5.h)
CH32X315,USBHSD,USBHSD,UEP2_TX_LEN,0x400300a4,0x0a4,16,1,#,reference,evt(ch32x3x5.h)
CH32X315,USBHSD,USBHSD,UEP2_TX_CTRL,0x400300a6,0x0a6,8,1,#,reference,evt(ch32x3x5.h)
CH32X315,USBHSD,USBHSD,UEP2_RX_CTRL,0x400300a7,0x0a7,8,1,#,reference,evt(ch32x3x5.h)
CH32X315,USBHSD,USBHSD,UEP3_TX_LEN,0x400300a8,0x0a8,16,1,#,reference,evt(ch32x3x5.h)
CH32X315,USBHSD,USBHSD,UEP3_TX_CTRL,0x400300aa,0x0aa,8,1,#,reference,evt(ch32x3x5.h)
CH32X315,USBHSD,USBHSD,UEP3_RX_CTRL,0x400300ab,0x0ab,8,1,#,reference,evt(ch32x3x5.h)
CH32X315,USBHSD,USBHSD,UEP4_TX_LEN,0x400300ac,0x0ac,16,1,#,reference,evt(ch32x3x5.h)
CH32X315,USBHSD,USBHSD,UEP4_TX_CTRL,0x400300ae,0x0ae,8,1,#,reference,evt(ch32x3x5.h)
CH32X315,USBHSD,USBHSD,UEP4_RX_CTRL,0x400300af,0x0af,8,1,#,reference,evt(ch32x3x5.h)
CH32X315,USBHSD,USBHSD,UEP5_TX_LEN,0x400300b0,0x0b0,16,1,#,reference,evt(ch32x3x5.h)
CH32X315,USBHSD,USBHSD,UEP5_TX_CTRL,0x400300b2,0x0b2,8,1,#,reference,evt(ch32x3x5.h)
CH32X315,USBHSD,USBHSD,UEP5_RX_CTRL,0x400300b3,0x0b3,8,1,#,reference,evt(ch32x3x5.h)
CH32X315,USBHSD,USBHSD,UEP6_TX_LEN,0x400300b4,0x0b4,16,1,#,reference,evt(ch32x3x5.h)
CH32X315,USBHSD,USBHSD,UEP6_TX_CTRL,0x400300b6,0x0b6,8,1,#,reference,evt(ch32x3x5.h)
CH32X315,USBHSD,USBHSD,UEP6_RX_CTRL,0x400300b7,0x0b7,8,1,#,reference,evt(ch32x3x5.h)
CH32X315,USBHSD,USBHSD,UEP7_TX_LEN,0x400300b8,0x0b8,16,1,#,reference,evt(ch32x3x5.h)
CH32X315,USBHSD,USBHSD,UEP7_TX_CTRL,0x400300ba,0x0ba,8,1,#,reference,evt(ch32x3x5.h)
CH32X315,USBHSD,USBHSD,UEP7_RX_CTRL,0x400300bb,0x0bb,8,1,#,reference,evt(ch32x3x5.h)
CH32X315,USBHSD,USBHSD,UEP_TX_ISO,0x400300bc,0x0bc,16,1,#,reference,evt(ch32x3x5.h)
CH32X315,USBHSD,USBHSD,UEP_RX_ISO,0x400300be,0x0be,16,1,#,reference,evt(ch32x3x5.h)
CH32X315,USBHSD,USBHSD,UEP1_RX_FIFO,0x400300c0,0x0c0,32,1,#,reference,evt(ch32x3x5.h)
CH32X315,USBHSD,USBHSD,UEP2_RX_FIFO,0x400300c4,0x0c4,32,1,#,reference,evt(ch32x3x5.h)
CH32X315,USBHSD,USBHSD,UEP3_RX_FIFO,0x400300c8,0x0c8,32,1,#,reference,evt(ch32x3x5.h)
CH32X315,USBHSD,USBHSD,UEP4_RX_FIFO,0x400300cc,0x0cc,32,1,#,reference,evt(ch32x3x5.h)
CH32X315,USBHSD,USBHSD,UEP5_RX_FIFO,0x400300d0,0x0d0,32,1,#,reference,evt(ch32x3x5.h)
CH32X315,USBHSD,USBHSD,UEP6_RX_FIFO,0x400300d4,0x0d4,32,1,#,reference,evt(ch32x3x5.h)
CH32X315,USBHSD,USBHSD,UEP7_RX_FIFO,0x400300d8,0x0d8,32,1,#,reference,evt(ch32x3x5.h)
CH32X315,USBHSD,USBHSD,UEP1_TX_FIFO,0x400300dc,0x0dc,32,1,#,reference,evt(ch32x3x5.h)
CH32X315,USBHSD,USBHSD,UEP2_TX_FIFO,0x400300e0,0x0e0,32,1,#,reference,evt(ch32x3x5.h)
CH32X315,USBHSD,USBHSD,UEP3_TX_FIFO,0x400300e4,0x0e4,32,1,#,reference,evt(ch32x3x5.h)
CH32X315,USBHSD,USBHSD,UEP4_TX_FIFO,0x400300e8,0x0e8,32,1,#,reference,evt(ch32x3x5.h)
CH32X315,USBHSD,USBHSD,UEP5_TX_FIFO,0x400300ec,0x0ec,32,1,#,reference,evt(ch32x3x5.h)
CH32X315,USBHSD,USBHSD,UEP6_TX_FIFO,0x400300f0,0x0f0,32,1,#,reference,evt(ch32x3x5.h)
CH32X315,USBHSD,USBHSD,UEP7_TX_FIFO,0x400300f4,0x0f4,32,1,#,reference,evt(ch32x3x5.h)
CH32X315,USBHSH,USBHSH,CFG,0x40030100,0x000,8,1,#,reference,evt(ch32x3x5.h)
CH32X315,USBHSH,USBHSH,INT_EN,0x40030102,0x002,8,1,#,reference,evt(ch32x3x5.h)
CH32X315,USBHSH,USBHSH,DEV_ADDR,0x40030103,0x003,8,1,#,reference,evt(ch32x3x5.h)
CH32X315,USBHSH,USBHSH,CONTROL,0x40030104,0x004,32,1,#,reference,evt(ch32x3x5.h)
CH32X315,USBHSH,USBHSH,INT_FLAG,0x40030108,0x008,8,1,#,reference,evt(ch32x3x5.h)
CH32X315,USBHSH,USBHSH,INT_ST,0x40030109,0x009,8,1,#,reference,evt(ch32x3x5.h)
CH32X315,USBHSH,USBHSH,MIS_ST,0x4003010a,0x00a,8,1,#,reference,evt(ch32x3x5.h)
CH32X315,USBHSH,USBHSH,LPM,0x4003010c,0x00c,32,1,#,reference,evt(ch32x3x5.h)
CH32X315,USBHSH,USBHSH,SPLIT,0x40030110,0x010,32,1,#,reference,evt(ch32x3x5.h)
CH32X315,USBHSH,USBHSH,FRAME,0x40030114,0x014,32,1,#,reference,evt(ch32x3x5.h)
CH32X315,USBHSH,USBHSH,TX_LEN,0x40030118,0x018,32,1,#,reference,evt(ch32x3x5.h)
CH32X315,USBHSH,USBHSH,RX_LEN,0x4003011c,0x01c,32,1,#,reference,evt(ch32x3x5.h)
CH32X315,USBHSH,USBHSH,RX_MAX_LEN,0x40030120,0x020,32,1,#,reference,evt(ch32x3x5.h)
CH32X315,USBHSH,USBHSH,RX_DMA,0x40030124,0x024,32,1,#,reference,evt(ch32x3x5.h)
CH32X315,USBHSH,USBHSH,TX_DMA,0x40030128,0x028,32,1,#,reference,evt(ch32x3x5.h)
CH32X315,USBHSH,USBHSH,PORT_CTRL,0x4003012c,0x02c,32,1,#,reference,evt(ch32x3x5.h)
CH32X315,USBHSH,USBHSH,PORT_CFG,0x40030130,0x030,8,1,#,reference,evt(ch32x3x5.h)
CH32X315,USBHSH,USBHSH,PORT_INT_EN,0x40030132,0x032,8,1,#,reference,evt(ch32x3x5.h)
CH32X315,USBHSH,USBHSH,PORT_TEST_CT,0x40030133,0x033,8,1,#,reference,evt(ch32x3x5.h)
CH32X315,USBHSH,USBHSH,PORT_STATUS,0x40030134,0x034,16,1,#,reference,evt(ch32x3x5.h)
CH32X315,USBHSH,USBHSH,PORT_STATUS_CHG,0x40030136,0x036,8,1,#,reference,evt(ch32x3x5.h)
CH32X315,USBHSH,USBHSH,ROOT_BC_CTRL,0x4003013c,0x03c,32,1,#,reference,evt(ch32x3x5.h)
CH32X315,USBHSI,USBHSI,HSI_CAL_CR,0x40030200,0x000,32,1,#,reference,evt(ch32x3x5.h)
CH32X315,USBSSD,USBSSD,LINK_CFG,0x40038000,0x000,32,1,#,reference,evt(ch32x3x5.h)
CH32X315,USBSSD,USBSSD,LINK_CTRL,0x40038004,0x004,32,1,#,reference,evt(ch32x3x5.h)
CH32X315,USBSSD,USBSSD,LINK_INT_CTRL,0x40038008,0x008,32,1,#,reference,evt(ch32x3x5.h)
CH32X315,USBSSD,USBSSD,LINK_INT_FLAG,0x4003800c,0x00c,32,1,#,reference,evt(ch32x3x5.h)
CH32X315,USBSSD,USBSSD,LINK_STATUS,0x40038010,0x010,32,1,#,reference,evt(ch32x3x5.h)
CH32X315,USBSSD,USBSSD,LINK_ITP_PRE,0x40038017,0x017,8,1,#,reference,evt(ch32x3x5.h)
CH32X315,USBSSD,USBSSD,LINK_U2_INACT_TIMER,0x4003801d,0x01d,8,1,#,reference,evt(ch32x3x5.h)
CH32X315,USBSSD,USBSSD,LINK_U1_WKUP_FILTER,0x40038028,0x028,8,1,#,reference,evt(ch32x3x5.h)
CH32X315,USBSSD,USBSSD,LINK_U1_WKUP_TMR,0x4003802a,0x02a,16,1,#,reference,evt(ch32x3x5.h)
CH32X315,USBSSD,USBSSD,LINK_U2_WKUP_FILTER,0x4003802c,0x02c,8,1,#,reference,evt(ch32x3x5.h)
CH32X315,USBSSD,USBSSD,LINK_U3_WKUP_FILTER,0x40038030,0x030,8,1,#,reference,evt(ch32x3x5.h)
CH32X315,USBSSD,USBSSD,LINK_U3_WKUP_TMR,0x40038032,0x032,16,1,#,reference,evt(ch32x3x5.h)
CH32X315,USBSSD,USBSSD,LINK_ISO_DLY,0x40038040,0x040,16,1,#,reference,evt(ch32x3x5.h)
CH32X315,USBSSD,USBSSD,LINK_LPM_CR,0x40038050,0x050,16,1,#,reference,evt(ch32x3x5.h)
CH32X315,USBSSD,USBSSD,LINK_LMP_PORT_CAP,0x40038054,0x054,32,1,#,reference,evt(ch32x3x5.h)
CH32X315,USBSSD,USBSSD,LINK_LMP_RX_DATA0,0x40038058,0x058,32,1,#,reference,evt(ch32x3x5.h)
CH32X315,USBSSD,USBSSD,LINK_LMP_RX_DATA1,0x4003805c,0x05c,32,1,#,reference,evt(ch32x3x5.h)
CH32X315,USBSSD,USBSSD,LINK_LMP_RX_DATA2,0x40038060,0x060,32,1,#,reference,evt(ch32x3x5.h)
CH32X315,USBSSD,USBSSD,LINK_LMP_TX_DATA0,0x40038064,0x064,32,1,#,reference,evt(ch32x3x5.h)
CH32X315,USBSSD,USBSSD,LINK_LMP_TX_DATA1,0x40038068,0x068,32,1,#,reference,evt(ch32x3x5.h)
CH32X315,USBSSD,USBSSD,LINK_LMP_TX_DATA2,0x4003806c,0x06c,32,1,#,reference,evt(ch32x3x5.h)
CH32X315,USBSSD,USBSSD,USB_CONTROL,0x40038070,0x070,32,1,#,reference,evt(ch32x3x5.h)
CH32X315,USBSSD,USBSSD,USB_STATUS,0x40038074,0x074,32,1,#,reference,evt(ch32x3x5.h)
CH32X315,USBSSD,USBSSD,USB_ITP,0x40038078,0x078,32,1,#,reference,evt(ch32x3x5.h)
CH32X315,USBSSD,USBSSD,USB_ITP_ADJ,0x4003807c,0x07c,32,1,#,reference,evt(ch32x3x5.h)
CH32X315,USBSSD,USBSSD,UEP_TX_EN,0x40038080,0x080,16,1,#,reference,evt(ch32x3x5.h)
CH32X315,USBSSD,USBSSD,UEP_RX_EN,0x40038082,0x082,16,1,#,reference,evt(ch32x3x5.h)
CH32X315,USBSSD,USBSSD,UEP0_TX_CTRL,0x40038084,0x084,32,1,#,reference,evt(ch32x3x5.h)
CH32X315,USBSSD,USBSSD,UEP0_RX_CTRL,0x40038088,0x088,32,1,#,reference,evt(ch32x3x5.h)
CH32X315,USBSSD,USBSSD,UEP0_TX_DMA,0x4003808c,0x08c,32,1,#,reference,evt(ch32x3x5.h)
CH32X315,USBSSD,USBSSD,UEP0_RX_DMA,0x40038090,0x090,32,1,#,reference,evt(ch32x3x5.h)
CH32X315,USBSSD,USBSSD,UEP0_TX_DMA_OFS,0x40038094,0x094,32,1,#,reference,evt(ch32x3x5.h)
CH32X315,USBSSD,USBSSD,UEP0_RX_DMA_OFS,0x40038098,0x098,32,1,#,reference,evt(ch32x3x5.h)
CH32X315,USBSSD,USBSSD,EP1_TX.UEP_TX_CFG,0x400380c0,0x0c0,8,1,#,reference,evt(ch32x3x5.h)
CH32X315,USBSSD,USBSSD,EP1_TX.UEP_TX_CR,0x400380c1,0x0c1,8,1,#,reference,evt(ch32x3x5.h)
CH32X315,USBSSD,USBSSD,EP1_TX.UEP_TX_SEQ,0x400380c2,0x0c2,8,1,#,reference,evt(ch32x3x5.h)
CH32X315,USBSSD,USBSSD,EP1_TX.UEP_TX_ST,0x400380c3,0x0c3,8,1,#,reference,evt(ch32x3x5.h)
CH32X315,USBSSD,USBSSD,EP1_TX.UEP_TX_CHAIN_CR,0x400380c4,0x0c4,8,1,#,reference,evt(ch32x3x5.h)
CH32X315,USBSSD,USBSSD,EP1_TX.UEP_TX_CHAIN_ST,0x400380c5,0x0c5,8,1,#,reference,evt(ch32x3x5.h)
CH32X315,USBSSD,USBSSD,EP1_TX.UEP_TX_CHAIN_LEN,0x400380c6,0x0c6,16,1,#,reference,evt(ch32x3x5.h)
CH32X315,USBSSD,USBSSD,EP1_TX.UEP_TX_CHAIN_EXP_NUMP,0x400380c8,0x0c8,8,1,#,reference,evt(ch32x3x5.h)
CH32X315,USBSSD,USBSSD,EP1_TX.UEP_TX_CHAIN_NUMP,0x400380c9,0x0c9,8,1,#,reference,evt(ch32x3x5.h)
CH32X315,USBSSD,USBSSD,EP1_TX.UEP_TX_DMA_OFS,0x400380ca,0x0ca,16,1,#,reference,evt(ch32x3x5.h)
CH32X315,USBSSD,USBSSD,EP1_TX.UEP_TX_DMA,0x400380cc,0x0cc,32,1,#,reference,evt(ch32x3x5.h)
CH32X315,USBSSD,USBSSD,EP1_RX.UEP_RX_CFG,0x400380d0,0x0d0,8,1,#,reference,evt(ch32x3x5.h)
CH32X315,USBSSD,USBSSD,EP1_RX.UEP_RX_CR,0x400380d1,0x0d1,8,1,#,reference,evt(ch32x3x5.h)
CH32X315,USBSSD,USBSSD,EP1_RX.UEP_RX_SEQ,0x400380d2,0x0d2,8,1,#,reference,evt(ch32x3x5.h)
CH32X315,USBSSD,USBSSD,EP1_RX.UEP_RX_ST,0x400380d3,0x0d3,8,1,#,reference,evt(ch32x3x5.h)
CH32X315,USBSSD,USBSSD,EP1_RX.UEP_RX_CHAIN_CR,0x400380d4,0x0d4,8,1,#,reference,evt(ch32x3x5.h)
CH32X315,USBSSD,USBSSD,EP1_RX.UEP_RX_CHAIN_ST,0x400380d5,0x0d5,8,1,#,reference,evt(ch32x3x5.h)
CH32X315,USBSSD,USBSSD,EP1_RX.UEP_RX_CHAIN_LEN,0x400380d6,0x0d6,16,1,#,reference,evt(ch32x3x5.h)
CH32X315,USBSSD,USBSSD,EP1_RX.UEP_RX_CHAIN_MAX_NUMP,0x400380d8,0x0d8,8,1,#,reference,evt(ch32x3x5.h)
CH32X315,USBSSD,USBSSD,EP1_RX.UEP_RX_CHAIN_NUMP,0x400380d9,0x0d9,8,1,#,reference,evt(ch32x3x5.h)
CH32X315,USBSSD,USBSSD,EP1_RX.UEP_RX_DMA_OFS,0x400380da,0x0da,16,1,#,reference,evt(ch32x3x5.h)
CH32X315,USBSSD,USBSSD,EP1_RX.UEP_RX_DMA,0x400380dc,0x0dc,32,1,#,reference,evt(ch32x3x5.h)
CH32X315,USBSSD,USBSSD,EP2_TX.UEP_TX_CFG,0x400380e0,0x0e0,8,1,#,reference,evt(ch32x3x5.h)
CH32X315,USBSSD,USBSSD,EP2_TX.UEP_TX_CR,0x400380e1,0x0e1,8,1,#,reference,evt(ch32x3x5.h)
CH32X315,USBSSD,USBSSD,EP2_TX.UEP_TX_SEQ,0x400380e2,0x0e2,8,1,#,reference,evt(ch32x3x5.h)
CH32X315,USBSSD,USBSSD,EP2_TX.UEP_TX_ST,0x400380e3,0x0e3,8,1,#,reference,evt(ch32x3x5.h)
CH32X315,USBSSD,USBSSD,EP2_TX.UEP_TX_CHAIN_CR,0x400380e4,0x0e4,8,1,#,reference,evt(ch32x3x5.h)
CH32X315,USBSSD,USBSSD,EP2_TX.UEP_TX_CHAIN_ST,0x400380e5,0x0e5,8,1,#,reference,evt(ch32x3x5.h)
CH32X315,USBSSD,USBSSD,EP2_TX.UEP_TX_CHAIN_LEN,0x400380e6,0x0e6,16,1,#,reference,evt(ch32x3x5.h)
CH32X315,USBSSD,USBSSD,EP2_TX.UEP_TX_CHAIN_EXP_NUMP,0x400380e8,0x0e8,8,1,#,reference,evt(ch32x3x5.h)
CH32X315,USBSSD,USBSSD,EP2_TX.UEP_TX_CHAIN_NUMP,0x400380e9,0x0e9,8,1,#,reference,evt(ch32x3x5.h)
CH32X315,USBSSD,USBSSD,EP2_TX.UEP_TX_DMA_OFS,0x400380ea,0x0ea,16,1,#,reference,evt(ch32x3x5.h)
CH32X315,USBSSD,USBSSD,EP2_TX.UEP_TX_DMA,0x400380ec,0x0ec,32,1,#,reference,evt(ch32x3x5.h)
CH32X315,USBSSD,USBSSD,EP2_RX.UEP_RX_CFG,0x400380f0,0x0f0,8,1,#,reference,evt(ch32x3x5.h)
CH32X315,USBSSD,USBSSD,EP2_RX.UEP_RX_CR,0x400380f1,0x0f1,8,1,#,reference,evt(ch32x3x5.h)
CH32X315,USBSSD,USBSSD,EP2_RX.UEP_RX_SEQ,0x400380f2,0x0f2,8,1,#,reference,evt(ch32x3x5.h)
CH32X315,USBSSD,USBSSD,EP2_RX.UEP_RX_ST,0x400380f3,0x0f3,8,1,#,reference,evt(ch32x3x5.h)
CH32X315,USBSSD,USBSSD,EP2_RX.UEP_RX_CHAIN_CR,0x400380f4,0x0f4,8,1,#,reference,evt(ch32x3x5.h)
CH32X315,USBSSD,USBSSD,EP2_RX.UEP_RX_CHAIN_ST,0x400380f5,0x0f5,8,1,#,reference,evt(ch32x3x5.h)
CH32X315,USBSSD,USBSSD,EP2_RX.UEP_RX_CHAIN_LEN,0x400380f6,0x0f6,16,1,#,reference,evt(ch32x3x5.h)
CH32X315,USBSSD,USBSSD,EP2_RX.UEP_RX_CHAIN_MAX_NUMP,0x400380f8,0x0f8,8,1,#,reference,evt(ch32x3x5.h)
CH32X315,USBSSD,USBSSD,EP2_RX.UEP_RX_CHAIN_NUMP,0x400380f9,0x0f9,8,1,#,reference,evt(ch32x3x5.h)
CH32X315,USBSSD,USBSSD,EP2_RX.UEP_RX_DMA_OFS,0x400380fa,0x0fa,16,1,#,reference,evt(ch32x3x5.h)
CH32X315,USBSSD,USBSSD,EP2_RX.UEP_RX_DMA,0x400380fc,0x0fc,32,1,#,reference,evt(ch32x3x5.h)
CH32X315,USBSSD,USBSSD,EP3_TX.UEP_TX_CFG,0x40038100,0x100,8,1,#,reference,evt(ch32x3x5.h)
CH32X315,USBSSD,USBSSD,EP3_TX.UEP_TX_CR,0x40038101,0x101,8,1,#,reference,evt(ch32x3x5.h)
CH32X315,USBSSD,USBSSD,EP3_TX.UEP_TX_SEQ,0x40038102,0x102,8,1,#,reference,evt(ch32x3x5.h)
CH32X315,USBSSD,USBSSD,EP3_TX.UEP_TX_ST,0x40038103,0x103,8,1,#,reference,evt(ch32x3x5.h)
CH32X315,USBSSD,USBSSD,EP3_TX.UEP_TX_CHAIN_CR,0x40038104,0x104,8,1,#,reference,evt(ch32x3x5.h)
CH32X315,USBSSD,USBSSD,EP3_TX.UEP_TX_CHAIN_ST,0x40038105,0x105,8,1,#,reference,evt(ch32x3x5.h)
CH32X315,USBSSD,USBSSD,EP3_TX.UEP_TX_CHAIN_LEN,0x40038106,0x106,16,1,#,reference,evt(ch32x3x5.h)
CH32X315,USBSSD,USBSSD,EP3_TX.UEP_TX_CHAIN_EXP_NUMP,0x40038108,0x108,8,1,#,reference,evt(ch32x3x5.h)
CH32X315,USBSSD,USBSSD,EP3_TX.UEP_TX_CHAIN_NUMP,0x40038109,0x109,8,1,#,reference,evt(ch32x3x5.h)
CH32X315,USBSSD,USBSSD,EP3_TX.UEP_TX_DMA_OFS,0x4003810a,0x10a,16,1,#,reference,evt(ch32x3x5.h)
CH32X315,USBSSD,USBSSD,EP3_TX.UEP_TX_DMA,0x4003810c,0x10c,32,1,#,reference,evt(ch32x3x5.h)
CH32X315,USBSSD,USBSSD,EP3_RX.UEP_RX_CFG,0x40038110,0x110,8,1,#,reference,evt(ch32x3x5.h)
CH32X315,USBSSD,USBSSD,EP3_RX.UEP_RX_CR,0x40038111,0x111,8,1,#,reference,evt(ch32x3x5.h)
CH32X315,USBSSD,USBSSD,EP3_RX.UEP_RX_SEQ,0x40038112,0x112,8,1,#,reference,evt(ch32x3x5.h)
CH32X315,USBSSD,USBSSD,EP3_RX.UEP_RX_ST,0x40038113,0x113,8,1,#,reference,evt(ch32x3x5.h)
CH32X315,USBSSD,USBSSD,EP3_RX.UEP_RX_CHAIN_CR,0x40038114,0x114,8,1,#,reference,evt(ch32x3x5.h)
CH32X315,USBSSD,USBSSD,EP3_RX.UEP_RX_CHAIN_ST,0x40038115,0x115,8,1,#,reference,evt(ch32x3x5.h)
CH32X315,USBSSD,USBSSD,EP3_RX.UEP_RX_CHAIN_LEN,0x40038116,0x116,16,1,#,reference,evt(ch32x3x5.h)
CH32X315,USBSSD,USBSSD,EP3_RX.UEP_RX_CHAIN_MAX_NUMP,0x40038118,0x118,8,1,#,reference,evt(ch32x3x5.h)
CH32X315,USBSSD,USBSSD,EP3_RX.UEP_RX_CHAIN_NUMP,0x40038119,0x119,8,1,#,reference,evt(ch32x3x5.h)
CH32X315,USBSSD,USBSSD,EP3_RX.UEP_RX_DMA_OFS,0x4003811a,0x11a,16,1,#,reference,evt(ch32x3x5.h)
CH32X315,USBSSD,USBSSD,EP3_RX.UEP_RX_DMA,0x4003811c,0x11c,32,1,#,reference,evt(ch32x3x5.h)
CH32X315,USBSSD,USBSSD,EP4_TX.UEP_TX_CFG,0x40038120,0x120,8,1,#,reference,evt(ch32x3x5.h)
CH32X315,USBSSD,USBSSD,EP4_TX.UEP_TX_CR,0x40038121,0x121,8,1,#,reference,evt(ch32x3x5.h)
CH32X315,USBSSD,USBSSD,EP4_TX.UEP_TX_SEQ,0x40038122,0x122,8,1,#,reference,evt(ch32x3x5.h)
CH32X315,USBSSD,USBSSD,EP4_TX.UEP_TX_ST,0x40038123,0x123,8,1,#,reference,evt(ch32x3x5.h)
CH32X315,USBSSD,USBSSD,EP4_TX.UEP_TX_CHAIN_CR,0x40038124,0x124,8,1,#,reference,evt(ch32x3x5.h)
CH32X315,USBSSD,USBSSD,EP4_TX.UEP_TX_CHAIN_ST,0x40038125,0x125,8,1,#,reference,evt(ch32x3x5.h)
CH32X315,USBSSD,USBSSD,EP4_TX.UEP_TX_CHAIN_LEN,0x40038126,0x126,16,1,#,reference,evt(ch32x3x5.h)
CH32X315,USBSSD,USBSSD,EP4_TX.UEP_TX_CHAIN_EXP_NUMP,0x40038128,0x128,8,1,#,reference,evt(ch32x3x5.h)
CH32X315,USBSSD,USBSSD,EP4_TX.UEP_TX_CHAIN_NUMP,0x40038129,0x129,8,1,#,reference,evt(ch32x3x5.h)
CH32X315,USBSSD,USBSSD,EP4_TX.UEP_TX_DMA_OFS,0x4003812a,0x12a,16,1,#,reference,evt(ch32x3x5.h)
CH32X315,USBSSD,USBSSD,EP4_TX.UEP_TX_DMA,0x4003812c,0x12c,32,1,#,reference,evt(ch32x3x5.h)
CH32X315,USBSSD,USBSSD,EP4_RX.UEP_RX_CFG,0x40038130,0x130,8,1,#,reference,evt(ch32x3x5.h)
CH32X315,USBSSD,USBSSD,EP4_RX.UEP_RX_CR,0x40038131,0x131,8,1,#,reference,evt(ch32x3x5.h)
CH32X315,USBSSD,USBSSD,EP4_RX.UEP_RX_SEQ,0x40038132,0x132,8,1,#,reference,evt(ch32x3x5.h)
CH32X315,USBSSD,USBSSD,EP4_RX.UEP_RX_ST,0x40038133,0x133,8,1,#,reference,evt(ch32x3x5.h)
CH32X315,USBSSD,USBSSD,EP4_RX.UEP_RX_CHAIN_CR,0x40038134,0x134,8,1,#,reference,evt(ch32x3x5.h)
CH32X315,USBSSD,USBSSD,EP4_RX.UEP_RX_CHAIN_ST,0x40038135,0x135,8,1,#,reference,evt(ch32x3x5.h)
CH32X315,USBSSD,USBSSD,EP4_RX.UEP_RX_CHAIN_LEN,0x40038136,0x136,16,1,#,reference,evt(ch32x3x5.h)
CH32X315,USBSSD,USBSSD,EP4_RX.UEP_RX_CHAIN_MAX_NUMP,0x40038138,0x138,8,1,#,reference,evt(ch32x3x5.h)
CH32X315,USBSSD,USBSSD,EP4_RX.UEP_RX_CHAIN_NUMP,0x40038139,0x139,8,1,#,reference,evt(ch32x3x5.h)
CH32X315,USBSSD,USBSSD,EP4_RX.UEP_RX_DMA_OFS,0x4003813a,0x13a,16,1,#,reference,evt(ch32x3x5.h)
CH32X315,USBSSD,USBSSD,EP4_RX.UEP_RX_DMA,0x4003813c,0x13c,32,1,#,reference,evt(ch32x3x5.h)
CH32X315,USBSSD,USBSSD,EP5_TX.UEP_TX_CFG,0x40038140,0x140,8,1,#,reference,evt(ch32x3x5.h)
CH32X315,USBSSD,USBSSD,EP5_TX.UEP_TX_CR,0x40038141,0x141,8,1,#,reference,evt(ch32x3x5.h)
CH32X315,USBSSD,USBSSD,EP5_TX.UEP_TX_SEQ,0x40038142,0x142,8,1,#,reference,evt(ch32x3x5.h)
CH32X315,USBSSD,USBSSD,EP5_TX.UEP_TX_ST,0x40038143,0x143,8,1,#,reference,evt(ch32x3x5.h)
CH32X315,USBSSD,USBSSD,EP5_TX.UEP_TX_CHAIN_CR,0x40038144,0x144,8,1,#,reference,evt(ch32x3x5.h)
CH32X315,USBSSD,USBSSD,EP5_TX.UEP_TX_CHAIN_ST,0x40038145,0x145,8,1,#,reference,evt(ch32x3x5.h)
CH32X315,USBSSD,USBSSD,EP5_TX.UEP_TX_CHAIN_LEN,0x40038146,0x146,16,1,#,reference,evt(ch32x3x5.h)
CH32X315,USBSSD,USBSSD,EP5_TX.UEP_TX_CHAIN_EXP_NUMP,0x40038148,0x148,8,1,#,reference,evt(ch32x3x5.h)
CH32X315,USBSSD,USBSSD,EP5_TX.UEP_TX_CHAIN_NUMP,0x40038149,0x149,8,1,#,reference,evt(ch32x3x5.h)
CH32X315,USBSSD,USBSSD,EP5_TX.UEP_TX_DMA_OFS,0x4003814a,0x14a,16,1,#,reference,evt(ch32x3x5.h)
CH32X315,USBSSD,USBSSD,EP5_TX.UEP_TX_DMA,0x4003814c,0x14c,32,1,#,reference,evt(ch32x3x5.h)
CH32X315,USBSSD,USBSSD,EP5_RX.UEP_RX_CFG,0x40038150,0x150,8,1,#,reference,evt(ch32x3x5.h)
CH32X315,USBSSD,USBSSD,EP5_RX.UEP_RX_CR,0x40038151,0x151,8,1,#,reference,evt(ch32x3x5.h)
CH32X315,USBSSD,USBSSD,EP5_RX.UEP_RX_SEQ,0x40038152,0x152,8,1,#,reference,evt(ch32x3x5.h)
CH32X315,USBSSD,USBSSD,EP5_RX.UEP_RX_ST,0x40038153,0x153,8,1,#,reference,evt(ch32x3x5.h)
CH32X315,USBSSD,USBSSD,EP5_RX.UEP_RX_CHAIN_CR,0x40038154,0x154,8,1,#,reference,evt(ch32x3x5.h)
CH32X315,USBSSD,USBSSD,EP5_RX.UEP_RX_CHAIN_ST,0x40038155,0x155,8,1,#,reference,evt(ch32x3x5.h)
CH32X315,USBSSD,USBSSD,EP5_RX.UEP_RX_CHAIN_LEN,0x40038156,0x156,16,1,#,reference,evt(ch32x3x5.h)
CH32X315,USBSSD,USBSSD,EP5_RX.UEP_RX_CHAIN_MAX_NUMP,0x40038158,0x158,8,1,#,reference,evt(ch32x3x5.h)
CH32X315,USBSSD,USBSSD,EP5_RX.UEP_RX_CHAIN_NUMP,0x40038159,0x159,8,1,#,reference,evt(ch32x3x5.h)
CH32X315,USBSSD,USBSSD,EP5_RX.UEP_RX_DMA_OFS,0x4003815a,0x15a,16,1,#,reference,evt(ch32x3x5.h)
CH32X315,USBSSD,USBSSD,EP5_RX.UEP_RX_DMA,0x4003815c,0x15c,32,1,#,reference,evt(ch32x3x5.h)
CH32X315,USBSSD,USBSSD,EP6_TX.UEP_TX_CFG,0x40038160,0x160,8,1,#,reference,evt(ch32x3x5.h)
CH32X315,USBSSD,USBSSD,EP6_TX.UEP_TX_CR,0x40038161,0x161,8,1,#,reference,evt(ch32x3x5.h)
CH32X315,USBSSD,USBSSD,EP6_TX.UEP_TX_SEQ,0x40038162,0x162,8,1,#,reference,evt(ch32x3x5.h)
CH32X315,USBSSD,USBSSD,EP6_TX.UEP_TX_ST,0x40038163,0x163,8,1,#,reference,evt(ch32x3x5.h)
CH32X315,USBSSD,USBSSD,EP6_TX.UEP_TX_CHAIN_CR,0x40038164,0x164,8,1,#,reference,evt(ch32x3x5.h)
CH32X315,USBSSD,USBSSD,EP6_TX.UEP_TX_CHAIN_ST,0x40038165,0x165,8,1,#,reference,evt(ch32x3x5.h)
CH32X315,USBSSD,USBSSD,EP6_TX.UEP_TX_CHAIN_LEN,0x40038166,0x166,16,1,#,reference,evt(ch32x3x5.h)
CH32X315,USBSSD,USBSSD,EP6_TX.UEP_TX_CHAIN_EXP_NUMP,0x40038168,0x168,8,1,#,reference,evt(ch32x3x5.h)
CH32X315,USBSSD,USBSSD,EP6_TX.UEP_TX_CHAIN_NUMP,0x40038169,0x169,8,1,#,reference,evt(ch32x3x5.h)
CH32X315,USBSSD,USBSSD,EP6_TX.UEP_TX_DMA_OFS,0x4003816a,0x16a,16,1,#,reference,evt(ch32x3x5.h)
CH32X315,USBSSD,USBSSD,EP6_TX.UEP_TX_DMA,0x4003816c,0x16c,32,1,#,reference,evt(ch32x3x5.h)
CH32X315,USBSSD,USBSSD,EP6_RX.UEP_RX_CFG,0x40038170,0x170,8,1,#,reference,evt(ch32x3x5.h)
CH32X315,USBSSD,USBSSD,EP6_RX.UEP_RX_CR,0x40038171,0x171,8,1,#,reference,evt(ch32x3x5.h)
CH32X315,USBSSD,USBSSD,EP6_RX.UEP_RX_SEQ,0x40038172,0x172,8,1,#,reference,evt(ch32x3x5.h)
CH32X315,USBSSD,USBSSD,EP6_RX.UEP_RX_ST,0x40038173,0x173,8,1,#,reference,evt(ch32x3x5.h)
CH32X315,USBSSD,USBSSD,EP6_RX.UEP_RX_CHAIN_CR,0x40038174,0x174,8,1,#,reference,evt(ch32x3x5.h)
CH32X315,USBSSD,USBSSD,EP6_RX.UEP_RX_CHAIN_ST,0x40038175,0x175,8,1,#,reference,evt(ch32x3x5.h)
CH32X315,USBSSD,USBSSD,EP6_RX.UEP_RX_CHAIN_LEN,0x40038176,0x176,16,1,#,reference,evt(ch32x3x5.h)
CH32X315,USBSSD,USBSSD,EP6_RX.UEP_RX_CHAIN_MAX_NUMP,0x40038178,0x178,8,1,#,reference,evt(ch32x3x5.h)
CH32X315,USBSSD,USBSSD,EP6_RX.UEP_RX_CHAIN_NUMP,0x40038179,0x179,8,1,#,reference,evt(ch32x3x5.h)
CH32X315,USBSSD,USBSSD,EP6_RX.UEP_RX_DMA_OFS,0x4003817a,0x17a,16,1,#,reference,evt(ch32x3x5.h)
CH32X315,USBSSD,USBSSD,EP6_RX.UEP_RX_DMA,0x4003817c,0x17c,32,1,#,reference,evt(ch32x3x5.h)
CH32X315,USBSSD,USBSSD,EP7_TX.UEP_TX_CFG,0x40038180,0x180,8,1,#,reference,evt(ch32x3x5.h)
CH32X315,USBSSD,USBSSD,EP7_TX.UEP_TX_CR,0x40038181,0x181,8,1,#,reference,evt(ch32x3x5.h)
CH32X315,USBSSD,USBSSD,EP7_TX.UEP_TX_SEQ,0x40038182,0x182,8,1,#,reference,evt(ch32x3x5.h)
CH32X315,USBSSD,USBSSD,EP7_TX.UEP_TX_ST,0x40038183,0x183,8,1,#,reference,evt(ch32x3x5.h)
CH32X315,USBSSD,USBSSD,EP7_TX.UEP_TX_CHAIN_CR,0x40038184,0x184,8,1,#,reference,evt(ch32x3x5.h)
CH32X315,USBSSD,USBSSD,EP7_TX.UEP_TX_CHAIN_ST,0x40038185,0x185,8,1,#,reference,evt(ch32x3x5.h)
CH32X315,USBSSD,USBSSD,EP7_TX.UEP_TX_CHAIN_LEN,0x40038186,0x186,16,1,#,reference,evt(ch32x3x5.h)
CH32X315,USBSSD,USBSSD,EP7_TX.UEP_TX_CHAIN_EXP_NUMP,0x40038188,0x188,8,1,#,reference,evt(ch32x3x5.h)
CH32X315,USBSSD,USBSSD,EP7_TX.UEP_TX_CHAIN_NUMP,0x40038189,0x189,8,1,#,reference,evt(ch32x3x5.h)
CH32X315,USBSSD,USBSSD,EP7_TX.UEP_TX_DMA_OFS,0x4003818a,0x18a,16,1,#,reference,evt(ch32x3x5.h)
CH32X315,USBSSD,USBSSD,EP7_TX.UEP_TX_DMA,0x4003818c,0x18c,32,1,#,reference,evt(ch32x3x5.h)
CH32X315,USBSSD,USBSSD,EP7_RX.UEP_RX_CFG,0x40038190,0x190,8,1,#,reference,evt(ch32x3x5.h)
CH32X315,USBSSD,USBSSD,EP7_RX.UEP_RX_CR,0x40038191,0x191,8,1,#,reference,evt(ch32x3x5.h)
CH32X315,USBSSD,USBSSD,EP7_RX.UEP_RX_SEQ,0x40038192,0x192,8,1,#,reference,evt(ch32x3x5.h)
CH32X315,USBSSD,USBSSD,EP7_RX.UEP_RX_ST,0x40038193,0x193,8,1,#,reference,evt(ch32x3x5.h)
CH32X315,USBSSD,USBSSD,EP7_RX.UEP_RX_CHAIN_CR,0x40038194,0x194,8,1,#,reference,evt(ch32x3x5.h)
CH32X315,USBSSD,USBSSD,EP7_RX.UEP_RX_CHAIN_ST,0x40038195,0x195,8,1,#,reference,evt(ch32x3x5.h)
CH32X315,USBSSD,USBSSD,EP7_RX.UEP_RX_CHAIN_LEN,0x40038196,0x196,16,1,#,reference,evt(ch32x3x5.h)
CH32X315,USBSSD,USBSSD,EP7_RX.UEP_RX_CHAIN_MAX_NUMP,0x40038198,0x198,8,1,#,reference,evt(ch32x3x5.h)
CH32X315,USBSSD,USBSSD,EP7_RX.UEP_RX_CHAIN_NUMP,0x40038199,0x199,8,1,#,reference,evt(ch32x3x5.h)
CH32X315,USBSSD,USBSSD,EP7_RX.UEP_RX_DMA_OFS,0x4003819a,0x19a,16,1,#,reference,evt(ch32x3x5.h)
CH32X315,USBSSD,USBSSD,EP7_RX.UEP_RX_DMA,0x4003819c,0x19c,32,1,#,reference,evt(ch32x3x5.h)
