series,selector,register,bits,value,peripheral,role,signal,pad,port,gpio,#,confidence,basis
CH32H416,afio-sdmmc-remap,PCFR1,PCFR1:10;PCFR1:11,0,SDMMC,CMD,SDMMC_CMD,PD2,D,2,#,reference,candidates(datasheet-pin-table-default:en)
CH32H416,afio-sdmmc-remap,PCFR1,PCFR1:10;PCFR1:11,0,SDMMC,D0,SDMMC_D0,PC8,C,8,#,reference,candidates(datasheet-pin-table-default:en)
CH32H416,afio-sdmmc-remap,PCFR1,PCFR1:10;PCFR1:11,0,SDMMC,D1,SDMMC_D1,PC9,C,9,#,reference,candidates(datasheet-pin-table-default:en)
CH32H416,afio-sdmmc-remap,PCFR1,PCFR1:10;PCFR1:11,0,SDMMC,D2,SDMMC_D2,PC10,C,10,#,reference,candidates(datasheet-pin-table-default:en)
CH32H416,afio-sdmmc-remap,PCFR1,PCFR1:10;PCFR1:11,0,SDMMC,D3,SDMMC_D3,PC11,C,11,#,reference,candidates(datasheet-pin-table-default:en)
CH32H416,afio-sdmmc-remap,PCFR1,PCFR1:10;PCFR1:11,0,SDMMC,D4,SDMMC_D4,PA14,A,14,#,reference,candidates(datasheet-pin-table-default:en)
CH32H416,afio-sdmmc-remap,PCFR1,PCFR1:10;PCFR1:11,0,SDMMC,D5,SDMMC_D5,PA15,A,15,#,reference,candidates(datasheet-pin-table-default:en)
CH32H416,afio-sdmmc-remap,PCFR1,PCFR1:10;PCFR1:11,0,SDMMC,D6,SDMMC_D6,PC6,C,6,#,reference,candidates(datasheet-pin-table-default:en)
CH32H416,afio-sdmmc-remap,PCFR1,PCFR1:10;PCFR1:11,0,SDMMC,D7,SDMMC_D7,PC7,C,7,#,reference,candidates(datasheet-pin-table-default:en)
CH32H416,afio-sdmmc-remap,PCFR1,PCFR1:10;PCFR1:11,0,SDMMC,SDCK,SDMMC_SDCK,PC12,C,12,#,reference,candidates(datasheet-pin-table-default:en)
CH32H416,afio-sdmmc-remap,PCFR1,PCFR1:10;PCFR1:11,0,SDMMC,SLVCK,SDMMC_SLVCK,PC12,C,12,#,reference,candidates(datasheet-pin-table-default:en)
CH32H416,afio-sdmmc-remap,PCFR1,PCFR1:10;PCFR1:11,0,SDMMC,STR,SDMMC_STR,PD3,D,3,#,reference,candidates(datasheet-pin-table-default:en)
CH32H416,afio-sdmmc-remap,PCFR1,PCFR1:10;PCFR1:11,0,SDMMC,STS,SDMMC_STS,PD2,D,2,#,reference,candidates(datasheet-pin-table-default:en)
CH32H416,afio-sdmmc-remap,PCFR1,PCFR1:10;PCFR1:11,1,SDMMC,D1,SDMMC_D1,PC9,C,9,#,reference,candidates(datasheet-pin-table+rm-remap-grid:en)
CH32H416,afio-sdmmc-remap,PCFR1,PCFR1:10;PCFR1:11,1,SDMMC,D4,SDMMC_D4,PA14,A,14,#,reference,candidates(datasheet-pin-table+rm-remap-grid:en)
CH32H416,afio-sdmmc-remap,PCFR1,PCFR1:10;PCFR1:11,1,SDMMC,D5,SDMMC_D5,PA15,A,15,#,reference,candidates(datasheet-pin-table+rm-remap-grid:en)
CH32H416,afio-sdmmc-remap,PCFR1,PCFR1:10;PCFR1:11,1,SDMMC,D6,SDMMC_D6,PC6,C,6,#,reference,candidates(datasheet-pin-table+rm-remap-grid:en)
CH32H416,afio-sdmmc-remap,PCFR1,PCFR1:10;PCFR1:11,1,SDMMC,D7,SDMMC_D7,PC7,C,7,#,reference,candidates(datasheet-pin-table+rm-remap-grid:en)
CH32H416,afio-sdmmc-remap,PCFR1,PCFR1:10;PCFR1:11,1,SDMMC,STR,SDMMC_STR,PD10,D,10,#,reference,candidates(datasheet-pin-table+rm-remap-grid:en)
CH32H416,afio-sdmmc-remap,PCFR1,PCFR1:10;PCFR1:11,2,SDMMC,CMD,SDMMC_CMD,PC10,C,10,#,reference,candidates(datasheet-pin-table+rm-remap-grid:en)
CH32H416,afio-sdmmc-remap,PCFR1,PCFR1:10;PCFR1:11,2,SDMMC,D2,SDMMC_D2,PD2,D,2,#,reference,candidates(datasheet-pin-table+rm-remap-grid:en)
CH32H416,afio-sdmmc-remap,PCFR1,PCFR1:10;PCFR1:11,2,SDMMC,D3,SDMMC_D3,PD3,D,3,#,reference,candidates(datasheet-pin-table+rm-remap-grid:en)
CH32H416,afio-sdmmc-remap,PCFR1,PCFR1:10;PCFR1:11,2,SDMMC,SDCK,SDMMC_SDCK,PC12,C,12,#,reference,candidates(datasheet-pin-table+rm-remap-grid:en)
CH32H416,afio-sdmmc-remap,PCFR1,PCFR1:10;PCFR1:11,2,SDMMC,SLVCK,SDMMC_SLVCK,PC12,C,12,#,reference,candidates(datasheet-pin-table+rm-remap-grid:en)
CH32H416,afio-sdmmc-remap,PCFR1,PCFR1:10;PCFR1:11,2,SDMMC,STR,SDMMC_STR,PC11,C,11,#,reference,candidates(datasheet-pin-table+rm-remap-grid:en)
CH32H416,afio-sdmmc-remap,PCFR1,PCFR1:10;PCFR1:11,2,SDMMC,STS,SDMMC_STS,PC10,C,10,#,reference,candidates(datasheet-pin-table+rm-remap-grid:en)
CH32H416,afio-sdmmc-remap,PCFR1,PCFR1:10;PCFR1:11,3,SDMMC,CMD,SDMMC_CMD,PC10,C,10,#,reference,candidates(datasheet-pin-table+rm-remap-grid:en)
CH32H416,afio-sdmmc-remap,PCFR1,PCFR1:10;PCFR1:11,3,SDMMC,D2,SDMMC_D2,PD2,D,2,#,reference,candidates(datasheet-pin-table+rm-remap-grid:en)
CH32H416,afio-sdmmc-remap,PCFR1,PCFR1:10;PCFR1:11,3,SDMMC,D3,SDMMC_D3,PD3,D,3,#,reference,candidates(datasheet-pin-table+rm-remap-grid:en)
CH32H416,afio-sdmmc-remap,PCFR1,PCFR1:10;PCFR1:11,3,SDMMC,SDCK,SDMMC_SDCK,PC12,C,12,#,reference,candidates(datasheet-pin-table+rm-remap-grid:en)
CH32H416,afio-sdmmc-remap,PCFR1,PCFR1:10;PCFR1:11,3,SDMMC,SLVCK,SDMMC_SLVCK,PC12,C,12,#,reference,candidates(datasheet-pin-table+rm-remap-grid:en)
CH32H416,afio-sdmmc-remap,PCFR1,PCFR1:10;PCFR1:11,3,SDMMC,STR,SDMMC_STR,PC11,C,11,#,reference,candidates(datasheet-pin-table+rm-remap-grid:en)
CH32H416,afio-sdmmc-remap,PCFR1,PCFR1:10;PCFR1:11,3,SDMMC,STS,SDMMC_STS,PC10,C,10,#,reference,candidates(datasheet-pin-table+rm-remap-grid:en)
CH32H417,afio-sdmmc-remap,PCFR1,PCFR1:10;PCFR1:11,0,SDMMC,CMD,SDMMC_CMD,PD2,D,2,#,reference,candidates(datasheet-pin-table-default:en)
CH32H417,afio-sdmmc-remap,PCFR1,PCFR1:10;PCFR1:11,0,SDMMC,D0,SDMMC_D0,PC8,C,8,#,reference,candidates(datasheet-pin-table-default:en)
CH32H417,afio-sdmmc-remap,PCFR1,PCFR1:10;PCFR1:11,0,SDMMC,D1,SDMMC_D1,PC9,C,9,#,reference,candidates(datasheet-pin-table-default:en)
CH32H417,afio-sdmmc-remap,PCFR1,PCFR1:10;PCFR1:11,0,SDMMC,D2,SDMMC_D2,PC10,C,10,#,reference,candidates(datasheet-pin-table-default:en)
CH32H417,afio-sdmmc-remap,PCFR1,PCFR1:10;PCFR1:11,0,SDMMC,D3,SDMMC_D3,PC11,C,11,#,reference,candidates(datasheet-pin-table-default:en)
CH32H417,afio-sdmmc-remap,PCFR1,PCFR1:10;PCFR1:11,0,SDMMC,D4,SDMMC_D4,PA14,A,14,#,reference,candidates(datasheet-pin-table-default:en)
CH32H417,afio-sdmmc-remap,PCFR1,PCFR1:10;PCFR1:11,0,SDMMC,D5,SDMMC_D5,PA15,A,15,#,reference,candidates(datasheet-pin-table-default:en)
CH32H417,afio-sdmmc-remap,PCFR1,PCFR1:10;PCFR1:11,0,SDMMC,D6,SDMMC_D6,PC6,C,6,#,reference,candidates(datasheet-pin-table-default:en)
CH32H417,afio-sdmmc-remap,PCFR1,PCFR1:10;PCFR1:11,0,SDMMC,D7,SDMMC_D7,PC7,C,7,#,reference,candidates(datasheet-pin-table-default:en)
CH32H417,afio-sdmmc-remap,PCFR1,PCFR1:10;PCFR1:11,0,SDMMC,SDCK,SDMMC_SDCK,PC12,C,12,#,reference,candidates(datasheet-pin-table-default:en)
CH32H417,afio-sdmmc-remap,PCFR1,PCFR1:10;PCFR1:11,0,SDMMC,SLVCK,SDMMC_SLVCK,PC12,C,12,#,reference,candidates(datasheet-pin-table-default:en)
CH32H417,afio-sdmmc-remap,PCFR1,PCFR1:10;PCFR1:11,0,SDMMC,STR,SDMMC_STR,PD3,D,3,#,reference,candidates(datasheet-pin-table-default:en)
CH32H417,afio-sdmmc-remap,PCFR1,PCFR1:10;PCFR1:11,0,SDMMC,STS,SDMMC_STS,PD2,D,2,#,reference,candidates(datasheet-pin-table-default:en)
CH32H417,afio-sdmmc-remap,PCFR1,PCFR1:10;PCFR1:11,1,SDMMC,CMD,SDMMC_CMD,PD12,D,12,#,reference,candidates(datasheet-pin-table+rm-remap-grid:en)
CH32H417,afio-sdmmc-remap,PCFR1,PCFR1:10;PCFR1:11,1,SDMMC,D0,SDMMC_D0,PB13,B,13,#,reference,candidates(datasheet-pin-table+rm-remap-grid:en)
CH32H417,afio-sdmmc-remap,PCFR1,PCFR1:10;PCFR1:11,1,SDMMC,D1,SDMMC_D1,PC9,C,9,#,reference,candidates(datasheet-pin-table+rm-remap-grid:en)
CH32H417,afio-sdmmc-remap,PCFR1,PCFR1:10;PCFR1:11,1,SDMMC,D2,SDMMC_D2,PB10,B,10,#,reference,candidates(datasheet-pin-table+rm-remap-grid:en)
CH32H417,afio-sdmmc-remap,PCFR1,PCFR1:10;PCFR1:11,1,SDMMC,D3,SDMMC_D3,PB11,B,11,#,reference,candidates(datasheet-pin-table+rm-remap-grid:en)
CH32H417,afio-sdmmc-remap,PCFR1,PCFR1:10;PCFR1:11,1,SDMMC,D4,SDMMC_D4,PA14,A,14,#,reference,candidates(datasheet-pin-table+rm-remap-grid:en)
CH32H417,afio-sdmmc-remap,PCFR1,PCFR1:10;PCFR1:11,1,SDMMC,D5,SDMMC_D5,PA15,A,15,#,reference,candidates(datasheet-pin-table+rm-remap-grid:en)
CH32H417,afio-sdmmc-remap,PCFR1,PCFR1:10;PCFR1:11,1,SDMMC,D6,SDMMC_D6,PC6,C,6,#,reference,candidates(datasheet-pin-table+rm-remap-grid:en)
CH32H417,afio-sdmmc-remap,PCFR1,PCFR1:10;PCFR1:11,1,SDMMC,D7,SDMMC_D7,PC7,C,7,#,reference,candidates(datasheet-pin-table+rm-remap-grid:en)
CH32H417,afio-sdmmc-remap,PCFR1,PCFR1:10;PCFR1:11,1,SDMMC,SDCK,SDMMC_SDCK,PD11,D,11,#,reference,candidates(datasheet-pin-table+rm-remap-grid:en)
CH32H417,afio-sdmmc-remap,PCFR1,PCFR1:10;PCFR1:11,1,SDMMC,SLVCK,SDMMC_SLVCK,PD11,D,11,#,reference,candidates(datasheet-pin-table+rm-remap-grid:en)
CH32H417,afio-sdmmc-remap,PCFR1,PCFR1:10;PCFR1:11,1,SDMMC,STR,SDMMC_STR,PD10,D,10,#,reference,candidates(datasheet-pin-table+rm-remap-grid:en)
CH32H417,afio-sdmmc-remap,PCFR1,PCFR1:10;PCFR1:11,1,SDMMC,STS,SDMMC_STS,PD12,D,12,#,reference,candidates(datasheet-pin-table+rm-remap-grid:en)
CH32H417,afio-sdmmc-remap,PCFR1,PCFR1:10;PCFR1:11,2,SDMMC,CMD,SDMMC_CMD,PC10,C,10,#,reference,candidates(datasheet-pin-table+rm-remap-grid:en)
CH32H417,afio-sdmmc-remap,PCFR1,PCFR1:10;PCFR1:11,2,SDMMC,D0,SDMMC_D0,PD0,D,0,#,reference,candidates(datasheet-pin-table+rm-remap-grid:en)
CH32H417,afio-sdmmc-remap,PCFR1,PCFR1:10;PCFR1:11,2,SDMMC,D1,SDMMC_D1,PD1,D,1,#,reference,candidates(datasheet-pin-table+rm-remap-grid:en)
CH32H417,afio-sdmmc-remap,PCFR1,PCFR1:10;PCFR1:11,2,SDMMC,D2,SDMMC_D2,PD2,D,2,#,reference,candidates(datasheet-pin-table+rm-remap-grid:en)
CH32H417,afio-sdmmc-remap,PCFR1,PCFR1:10;PCFR1:11,2,SDMMC,D3,SDMMC_D3,PD3,D,3,#,reference,candidates(datasheet-pin-table+rm-remap-grid:en)
CH32H417,afio-sdmmc-remap,PCFR1,PCFR1:10;PCFR1:11,2,SDMMC,D4,SDMMC_D4,PD4,D,4,#,reference,candidates(datasheet-pin-table+rm-remap-grid:en)
CH32H417,afio-sdmmc-remap,PCFR1,PCFR1:10;PCFR1:11,2,SDMMC,D5,SDMMC_D5,PD5,D,5,#,reference,candidates(datasheet-pin-table+rm-remap-grid:en)
CH32H417,afio-sdmmc-remap,PCFR1,PCFR1:10;PCFR1:11,2,SDMMC,D6,SDMMC_D6,PD6,D,6,#,reference,candidates(datasheet-pin-table+rm-remap-grid:en)
CH32H417,afio-sdmmc-remap,PCFR1,PCFR1:10;PCFR1:11,2,SDMMC,D7,SDMMC_D7,PD7,D,7,#,reference,candidates(datasheet-pin-table+rm-remap-grid:en)
CH32H417,afio-sdmmc-remap,PCFR1,PCFR1:10;PCFR1:11,2,SDMMC,SDCK,SDMMC_SDCK,PC12,C,12,#,reference,candidates(datasheet-pin-table+rm-remap-grid:en)
CH32H417,afio-sdmmc-remap,PCFR1,PCFR1:10;PCFR1:11,2,SDMMC,SLVCK,SDMMC_SLVCK,PC12,C,12,#,reference,candidates(datasheet-pin-table+rm-remap-grid:en)
CH32H417,afio-sdmmc-remap,PCFR1,PCFR1:10;PCFR1:11,2,SDMMC,STR,SDMMC_STR,PC11,C,11,#,reference,candidates(datasheet-pin-table+rm-remap-grid:en)
CH32H417,afio-sdmmc-remap,PCFR1,PCFR1:10;PCFR1:11,2,SDMMC,STS,SDMMC_STS,PC10,C,10,#,reference,candidates(datasheet-pin-table+rm-remap-grid:en)
CH32H417,afio-sdmmc-remap,PCFR1,PCFR1:10;PCFR1:11,3,SDMMC,CMD,SDMMC_CMD,PC10,C,10,#,reference,candidates(datasheet-pin-table+rm-remap-grid:en)
CH32H417,afio-sdmmc-remap,PCFR1,PCFR1:10;PCFR1:11,3,SDMMC,D0,SDMMC_D0,PD0,D,0,#,reference,candidates(datasheet-pin-table+rm-remap-grid:en)
CH32H417,afio-sdmmc-remap,PCFR1,PCFR1:10;PCFR1:11,3,SDMMC,D1,SDMMC_D1,PD1,D,1,#,reference,candidates(datasheet-pin-table+rm-remap-grid:en)
CH32H417,afio-sdmmc-remap,PCFR1,PCFR1:10;PCFR1:11,3,SDMMC,D2,SDMMC_D2,PD2,D,2,#,reference,candidates(datasheet-pin-table+rm-remap-grid:en)
CH32H417,afio-sdmmc-remap,PCFR1,PCFR1:10;PCFR1:11,3,SDMMC,D3,SDMMC_D3,PD3,D,3,#,reference,candidates(datasheet-pin-table+rm-remap-grid:en)
CH32H417,afio-sdmmc-remap,PCFR1,PCFR1:10;PCFR1:11,3,SDMMC,D4,SDMMC_D4,PD4,D,4,#,reference,candidates(datasheet-pin-table+rm-remap-grid:en)
CH32H417,afio-sdmmc-remap,PCFR1,PCFR1:10;PCFR1:11,3,SDMMC,D5,SDMMC_D5,PD5,D,5,#,reference,candidates(datasheet-pin-table+rm-remap-grid:en)
CH32H417,afio-sdmmc-remap,PCFR1,PCFR1:10;PCFR1:11,3,SDMMC,D6,SDMMC_D6,PD6,D,6,#,reference,candidates(datasheet-pin-table+rm-remap-grid:en)
CH32H417,afio-sdmmc-remap,PCFR1,PCFR1:10;PCFR1:11,3,SDMMC,D7,SDMMC_D7,PD7,D,7,#,reference,candidates(datasheet-pin-table+rm-remap-grid:en)
CH32H417,afio-sdmmc-remap,PCFR1,PCFR1:10;PCFR1:11,3,SDMMC,SDCK,SDMMC_SDCK,PC12,C,12,#,reference,candidates(datasheet-pin-table+rm-remap-grid:en)
CH32H417,afio-sdmmc-remap,PCFR1,PCFR1:10;PCFR1:11,3,SDMMC,SLVCK,SDMMC_SLVCK,PC12,C,12,#,reference,candidates(datasheet-pin-table+rm-remap-grid:en)
CH32H417,afio-sdmmc-remap,PCFR1,PCFR1:10;PCFR1:11,3,SDMMC,STR,SDMMC_STR,PC11,C,11,#,reference,candidates(datasheet-pin-table+rm-remap-grid:en)
CH32H417,afio-sdmmc-remap,PCFR1,PCFR1:10;PCFR1:11,3,SDMMC,STS,SDMMC_STS,PC10,C,10,#,reference,candidates(datasheet-pin-table+rm-remap-grid:en)
CH32H417,afio-uhsif-clk-remap,PCFR1,PCFR1:6;PCFR1:7,0,UHSIF,CLK,UHSIF_CLK,PF11,F,11,#,reference,candidates(datasheet-pin-table-default:en)
CH32H417,afio-uhsif-clk-remap,PCFR1,PCFR1:6;PCFR1:7,1,UHSIF,CLK,UHSIF_CLK,PC0,C,0,#,reference,candidates(datasheet-pin-table+rm-remap-grid:en)
CH32H417,afio-uhsif-clk-remap,PCFR1,PCFR1:6;PCFR1:7,2,UHSIF,CLK,UHSIF_CLK,PF14,F,14,#,reference,candidates(datasheet-pin-table+rm-remap-grid:en)
CH32H417,afio-uhsif-clk-remap,PCFR1,PCFR1:6;PCFR1:7,3,UHSIF,CLK,UHSIF_CLK,PD9,D,9,#,reference,candidates(datasheet-pin-table+rm-remap-grid:en)
CH32H417,afio-uhsif-port-remap,PCFR1,PCFR1:8;PCFR1:9,0,UHSIF,PORT0,UHSIF_PORT0,PF12,F,12,#,reference,candidates(datasheet-pin-table-default:en)
CH32H417,afio-uhsif-port-remap,PCFR1,PCFR1:8;PCFR1:9,0,UHSIF,PORT1,UHSIF_PORT1,PF13,F,13,#,reference,candidates(datasheet-pin-table-default:en)
CH32H417,afio-uhsif-port-remap,PCFR1,PCFR1:8;PCFR1:9,0,UHSIF,PORT10,UHSIF_PORT10,PE15,E,15,#,reference,candidates(datasheet-pin-table-default:en)
CH32H417,afio-uhsif-port-remap,PCFR1,PCFR1:8;PCFR1:9,0,UHSIF,PORT11,UHSIF_PORT11,PB10,B,10,#,reference,candidates(datasheet-pin-table-default:en)
CH32H417,afio-uhsif-port-remap,PCFR1,PCFR1:8;PCFR1:9,0,UHSIF,PORT12,UHSIF_PORT12,PB11,B,11,#,reference,candidates(datasheet-pin-table-default:en)
CH32H417,afio-uhsif-port-remap,PCFR1,PCFR1:8;PCFR1:9,0,UHSIF,PORT13,UHSIF_PORT13,PB12,B,12,#,reference,candidates(datasheet-pin-table-default:en)
CH32H417,afio-uhsif-port-remap,PCFR1,PCFR1:8;PCFR1:9,0,UHSIF,PORT14,UHSIF_PORT14,PB13,B,13,#,reference,candidates(datasheet-pin-table-default:en)
CH32H417,afio-uhsif-port-remap,PCFR1,PCFR1:8;PCFR1:9,0,UHSIF,PORT15,UHSIF_PORT15,PB14,B,14,#,reference,candidates(datasheet-pin-table-default:en)
CH32H417,afio-uhsif-port-remap,PCFR1,PCFR1:8;PCFR1:9,0,UHSIF,PORT16,UHSIF_PORT16,PD10,D,10,#,reference,candidates(datasheet-pin-table-default:en)
CH32H417,afio-uhsif-port-remap,PCFR1,PCFR1:8;PCFR1:9,0,UHSIF,PORT17,UHSIF_PORT17,PD11,D,11,#,reference,candidates(datasheet-pin-table-default:en)
CH32H417,afio-uhsif-port-remap,PCFR1,PCFR1:8;PCFR1:9,0,UHSIF,PORT18,UHSIF_PORT18,PD12,D,12,#,reference,candidates(datasheet-pin-table-default:en)
CH32H417,afio-uhsif-port-remap,PCFR1,PCFR1:8;PCFR1:9,0,UHSIF,PORT19,UHSIF_PORT19,PD13,D,13,#,reference,candidates(datasheet-pin-table-default:en)
CH32H417,afio-uhsif-port-remap,PCFR1,PCFR1:8;PCFR1:9,0,UHSIF,PORT2,UHSIF_PORT2,PE7,E,7,#,reference,candidates(datasheet-pin-table-default:en)
CH32H417,afio-uhsif-port-remap,PCFR1,PCFR1:8;PCFR1:9,0,UHSIF,PORT20,UHSIF_PORT20,PD14,D,14,#,reference,candidates(datasheet-pin-table-default:en)
CH32H417,afio-uhsif-port-remap,PCFR1,PCFR1:8;PCFR1:9,0,UHSIF,PORT21,UHSIF_PORT21,PD15,D,15,#,reference,candidates(datasheet-pin-table-default:en)
CH32H417,afio-uhsif-port-remap,PCFR1,PCFR1:8;PCFR1:9,0,UHSIF,PORT22,UHSIF_PORT22,PF0,F,0,#,reference,candidates(datasheet-pin-table-default:en)
CH32H417,afio-uhsif-port-remap,PCFR1,PCFR1:8;PCFR1:9,0,UHSIF,PORT23,UHSIF_PORT23,PF1,F,1,#,reference,candidates(datasheet-pin-table-default:en)
CH32H417,afio-uhsif-port-remap,PCFR1,PCFR1:8;PCFR1:9,0,UHSIF,PORT24,UHSIF_PORT24,PF2,F,2,#,reference,candidates(datasheet-pin-table-default:en)
CH32H417,afio-uhsif-port-remap,PCFR1,PCFR1:8;PCFR1:9,0,UHSIF,PORT25,UHSIF_PORT25,PC6,C,6,#,reference,candidates(datasheet-pin-table-default:en)
CH32H417,afio-uhsif-port-remap,PCFR1,PCFR1:8;PCFR1:9,0,UHSIF,PORT26,UHSIF_PORT26,PC7,C,7,#,reference,candidates(datasheet-pin-table-default:en)
CH32H417,afio-uhsif-port-remap,PCFR1,PCFR1:8;PCFR1:9,0,UHSIF,PORT27,UHSIF_PORT27,PC8,C,8,#,reference,candidates(datasheet-pin-table-default:en)
CH32H417,afio-uhsif-port-remap,PCFR1,PCFR1:8;PCFR1:9,0,UHSIF,PORT28,UHSIF_PORT28,PC9,C,9,#,reference,candidates(datasheet-pin-table-default:en)
CH32H417,afio-uhsif-port-remap,PCFR1,PCFR1:8;PCFR1:9,0,UHSIF,PORT29,UHSIF_PORT29,PA13,A,13,#,reference,candidates(datasheet-pin-table-default:en)
CH32H417,afio-uhsif-port-remap,PCFR1,PCFR1:8;PCFR1:9,0,UHSIF,PORT3,UHSIF_PORT3,PE8,E,8,#,reference,candidates(datasheet-pin-table-default:en)
CH32H417,afio-uhsif-port-remap,PCFR1,PCFR1:8;PCFR1:9,0,UHSIF,PORT30,UHSIF_PORT30,PA14,A,14,#,reference,candidates(datasheet-pin-table-default:en)
CH32H417,afio-uhsif-port-remap,PCFR1,PCFR1:8;PCFR1:9,0,UHSIF,PORT31,UHSIF_PORT31,PA15,A,15,#,reference,candidates(datasheet-pin-table-default:en)
CH32H417,afio-uhsif-port-remap,PCFR1,PCFR1:8;PCFR1:9,0,UHSIF,PORT32,UHSIF_PORT32,PC10,C,10,#,reference,candidates(datasheet-pin-table-default:en)
CH32H417,afio-uhsif-port-remap,PCFR1,PCFR1:8;PCFR1:9,0,UHSIF,PORT33,UHSIF_PORT33,PC11,C,11,#,reference,candidates(datasheet-pin-table-default:en)
CH32H417,afio-uhsif-port-remap,PCFR1,PCFR1:8;PCFR1:9,0,UHSIF,PORT34,UHSIF_PORT34,PC12,C,12,#,reference,candidates(datasheet-pin-table-default:en)
CH32H417,afio-uhsif-port-remap,PCFR1,PCFR1:8;PCFR1:9,0,UHSIF,PORT35,UHSIF_PORT35,PD0,D,0,#,reference,candidates(datasheet-pin-table-default:en)
CH32H417,afio-uhsif-port-remap,PCFR1,PCFR1:8;PCFR1:9,0,UHSIF,PORT36,UHSIF_PORT36,PD1,D,1,#,reference,candidates(datasheet-pin-table-default:en)
CH32H417,afio-uhsif-port-remap,PCFR1,PCFR1:8;PCFR1:9,0,UHSIF,PORT37,UHSIF_PORT37,PD2,D,2,#,reference,candidates(datasheet-pin-table-default:en)
CH32H417,afio-uhsif-port-remap,PCFR1,PCFR1:8;PCFR1:9,0,UHSIF,PORT38,UHSIF_PORT38,PD3,D,3,#,reference,candidates(datasheet-pin-table-default:en)
CH32H417,afio-uhsif-port-remap,PCFR1,PCFR1:8;PCFR1:9,0,UHSIF,PORT39,UHSIF_PORT39,PD4,D,4,#,reference,candidates(datasheet-pin-table-default:en)
CH32H417,afio-uhsif-port-remap,PCFR1,PCFR1:8;PCFR1:9,0,UHSIF,PORT4,UHSIF_PORT4,PE9,E,9,#,reference,candidates(datasheet-pin-table-default:en)
CH32H417,afio-uhsif-port-remap,PCFR1,PCFR1:8;PCFR1:9,0,UHSIF,PORT40,UHSIF_PORT40,PD5,D,5,#,reference,candidates(datasheet-pin-table-default:en)
CH32H417,afio-uhsif-port-remap,PCFR1,PCFR1:8;PCFR1:9,0,UHSIF,PORT41,UHSIF_PORT41,PD6,D,6,#,reference,candidates(datasheet-pin-table-default:en)
CH32H417,afio-uhsif-port-remap,PCFR1,PCFR1:8;PCFR1:9,0,UHSIF,PORT42,UHSIF_PORT42,PD7,D,7,#,reference,candidates(datasheet-pin-table-default:en)
CH32H417,afio-uhsif-port-remap,PCFR1,PCFR1:8;PCFR1:9,0,UHSIF,PORT43,UHSIF_PORT43,PF3,F,3,#,reference,candidates(datasheet-pin-table-default:en)
CH32H417,afio-uhsif-port-remap,PCFR1,PCFR1:8;PCFR1:9,0,UHSIF,PORT44,UHSIF_PORT44,PF4,F,4,#,reference,candidates(datasheet-pin-table-default:en)
CH32H417,afio-uhsif-port-remap,PCFR1,PCFR1:8;PCFR1:9,0,UHSIF,PORT45,UHSIF_PORT45,PF5,F,5,#,reference,candidates(datasheet-pin-table-default:en)
CH32H417,afio-uhsif-port-remap,PCFR1,PCFR1:8;PCFR1:9,0,UHSIF,PORT46,UHSIF_PORT46,PE0,E,0,#,reference,candidates(datasheet-pin-table-default:en)
CH32H417,afio-uhsif-port-remap,PCFR1,PCFR1:8;PCFR1:9,0,UHSIF,PORT47,UHSIF_PORT47,PE1,E,1,#,reference,candidates(datasheet-pin-table-default:en)
CH32H417,afio-uhsif-port-remap,PCFR1,PCFR1:8;PCFR1:9,0,UHSIF,PORT5,UHSIF_PORT5,PE10,E,10,#,reference,candidates(datasheet-pin-table-default:en)
CH32H417,afio-uhsif-port-remap,PCFR1,PCFR1:8;PCFR1:9,0,UHSIF,PORT6,UHSIF_PORT6,PE11,E,11,#,reference,candidates(datasheet-pin-table-default:en)
CH32H417,afio-uhsif-port-remap,PCFR1,PCFR1:8;PCFR1:9,0,UHSIF,PORT7,UHSIF_PORT7,PE12,E,12,#,reference,candidates(datasheet-pin-table-default:en)
CH32H417,afio-uhsif-port-remap,PCFR1,PCFR1:8;PCFR1:9,0,UHSIF,PORT8,UHSIF_PORT8,PE13,E,13,#,reference,candidates(datasheet-pin-table-default:en)
CH32H417,afio-uhsif-port-remap,PCFR1,PCFR1:8;PCFR1:9,0,UHSIF,PORT9,UHSIF_PORT9,PE14,E,14,#,reference,candidates(datasheet-pin-table-default:en)
CH32H417,afio-uhsif-port-remap,PCFR1,PCFR1:8;PCFR1:9,1,UHSIF,PORT3,UHSIF_PORT3,PC1,C,1,#,reference,candidates(datasheet-pin-table+rm-remap-grid:en)
CH32H417,afio-uhsif-port-remap,PCFR1,PCFR1:8;PCFR1:9,1,UHSIF,PORT4,UHSIF_PORT4,PC2,C,2,#,reference,candidates(datasheet-pin-table+rm-remap-grid:en)
CH32H417,afio-uhsif-port-remap,PCFR1,PCFR1:8;PCFR1:9,1,UHSIF,PORT5,UHSIF_PORT5,PC3,C,3,#,reference,candidates(datasheet-pin-table+rm-remap-grid:en)
CH32H417,afio-uhsif-port-remap,PCFR1,PCFR1:8;PCFR1:9,1,UHSIF,PORT6,UHSIF_PORT6,PB0,B,0,#,reference,candidates(datasheet-pin-table+rm-remap-grid:en)
CH32H417,afio-uhsif-port-remap,PCFR1,PCFR1:8;PCFR1:9,1,UHSIF,PORT7,UHSIF_PORT7,PB1,B,1,#,reference,candidates(datasheet-pin-table+rm-remap-grid:en)
CH32H417,afio-uhsif-port-remap,PCFR1,PCFR1:8;PCFR1:9,2,UHSIF,PORT0,UHSIF_PORT0,PC1,C,1,#,reference,candidates(datasheet-pin-table+rm-remap-grid:en)
CH32H417,afio-uhsif-port-remap,PCFR1,PCFR1:8;PCFR1:9,2,UHSIF,PORT1,UHSIF_PORT1,PC2,C,2,#,reference,candidates(datasheet-pin-table+rm-remap-grid:en)
CH32H417,afio-uhsif-port-remap,PCFR1,PCFR1:8;PCFR1:9,2,UHSIF,PORT2,UHSIF_PORT2,PC3,C,3,#,reference,candidates(datasheet-pin-table+rm-remap-grid:en)
CH32H417,afio-uhsif-port-remap,PCFR1,PCFR1:8;PCFR1:9,2,UHSIF,PORT3,UHSIF_PORT3,PB0,B,0,#,reference,candidates(datasheet-pin-table+rm-remap-grid:en)
CH32H417,afio-uhsif-port-remap,PCFR1,PCFR1:8;PCFR1:9,2,UHSIF,PORT32,UHSIF_PORT32,PC10,C,10,#,reference,candidates(datasheet-pin-table+rm-remap-grid:en)
CH32H417,afio-uhsif-port-remap,PCFR1,PCFR1:8;PCFR1:9,2,UHSIF,PORT33,UHSIF_PORT33,PC11,C,11,#,reference,candidates(datasheet-pin-table+rm-remap-grid:en)
CH32H417,afio-uhsif-port-remap,PCFR1,PCFR1:8;PCFR1:9,2,UHSIF,PORT34,UHSIF_PORT34,PC12,C,12,#,reference,candidates(datasheet-pin-table+rm-remap-grid:en)
CH32H417,afio-uhsif-port-remap,PCFR1,PCFR1:8;PCFR1:9,2,UHSIF,PORT35,UHSIF_PORT35,PD0,D,0,#,reference,candidates(datasheet-pin-table+rm-remap-grid:en)
CH32H417,afio-uhsif-port-remap,PCFR1,PCFR1:8;PCFR1:9,2,UHSIF,PORT36,UHSIF_PORT36,PD1,D,1,#,reference,candidates(datasheet-pin-table+rm-remap-grid:en)
CH32H417,afio-uhsif-port-remap,PCFR1,PCFR1:8;PCFR1:9,2,UHSIF,PORT37,UHSIF_PORT37,PD2,D,2,#,reference,candidates(datasheet-pin-table+rm-remap-grid:en)
CH32H417,afio-uhsif-port-remap,PCFR1,PCFR1:8;PCFR1:9,2,UHSIF,PORT38,UHSIF_PORT38,PD3,D,3,#,reference,candidates(datasheet-pin-table+rm-remap-grid:en)
CH32H417,afio-uhsif-port-remap,PCFR1,PCFR1:8;PCFR1:9,2,UHSIF,PORT39,UHSIF_PORT39,PD4,D,4,#,reference,candidates(datasheet-pin-table+rm-remap-grid:en)
CH32H417,afio-uhsif-port-remap,PCFR1,PCFR1:8;PCFR1:9,2,UHSIF,PORT4,UHSIF_PORT4,PB1,B,1,#,reference,candidates(datasheet-pin-table+rm-remap-grid:en)
CH32H417,afio-uhsif-port-remap,PCFR1,PCFR1:8;PCFR1:9,2,UHSIF,PORT40,UHSIF_PORT40,PD5,D,5,#,reference,candidates(datasheet-pin-table+rm-remap-grid:en)
CH32H417,afio-uhsif-port-remap,PCFR1,PCFR1:8;PCFR1:9,2,UHSIF,PORT41,UHSIF_PORT41,PD6,D,6,#,reference,candidates(datasheet-pin-table+rm-remap-grid:en)
CH32H417,afio-uhsif-port-remap,PCFR1,PCFR1:8;PCFR1:9,2,UHSIF,PORT42,UHSIF_PORT42,PD7,D,7,#,reference,candidates(datasheet-pin-table+rm-remap-grid:en)
CH32H417,afio-uhsif-port-remap,PCFR1,PCFR1:8;PCFR1:9,2,UHSIF,PORT43,UHSIF_PORT43,PF3,F,3,#,reference,candidates(datasheet-pin-table+rm-remap-grid:en)
CH32H417,afio-uhsif-port-remap,PCFR1,PCFR1:8;PCFR1:9,2,UHSIF,PORT44,UHSIF_PORT44,PF4,F,4,#,reference,candidates(datasheet-pin-table+rm-remap-grid:en)
CH32H417,afio-uhsif-port-remap,PCFR1,PCFR1:8;PCFR1:9,2,UHSIF,PORT45,UHSIF_PORT45,PF5,F,5,#,reference,candidates(datasheet-pin-table+rm-remap-grid:en)
CH32H417,afio-uhsif-port-remap,PCFR1,PCFR1:8;PCFR1:9,2,UHSIF,PORT46,UHSIF_PORT46,PE0,E,0,#,reference,candidates(datasheet-pin-table+rm-remap-grid:en)
CH32H417,afio-uhsif-port-remap,PCFR1,PCFR1:8;PCFR1:9,2,UHSIF,PORT47,UHSIF_PORT47,PE1,E,1,#,reference,candidates(datasheet-pin-table+rm-remap-grid:en)
CH32H417,afio-uhsif-port-remap,PCFR1,PCFR1:8;PCFR1:9,2,UHSIF,PORT5,UHSIF_PORT5,PE10,E,10,#,reference,candidates(datasheet-pin-table+rm-remap-grid:en)
CH32H417,afio-uhsif-port-remap,PCFR1,PCFR1:8;PCFR1:9,2,UHSIF,PORT6,UHSIF_PORT6,PE11,E,11,#,reference,candidates(datasheet-pin-table+rm-remap-grid:en)
CH32H417,afio-uhsif-port-remap,PCFR1,PCFR1:8;PCFR1:9,2,UHSIF,PORT7,UHSIF_PORT7,PE12,E,12,#,reference,candidates(datasheet-pin-table+rm-remap-grid:en)
CH32H417,afio-uhsif-port-remap,PCFR1,PCFR1:8;PCFR1:9,3,UHSIF,PORT0,UHSIF_PORT0,PC1,C,1,#,reference,candidates(datasheet-pin-table+rm-remap-grid:en)
CH32H417,afio-uhsif-port-remap,PCFR1,PCFR1:8;PCFR1:9,3,UHSIF,PORT1,UHSIF_PORT1,PC2,C,2,#,reference,candidates(datasheet-pin-table+rm-remap-grid:en)
CH32H417,afio-uhsif-port-remap,PCFR1,PCFR1:8;PCFR1:9,3,UHSIF,PORT2,UHSIF_PORT2,PC3,C,3,#,reference,candidates(datasheet-pin-table+rm-remap-grid:en)
CH32H417,afio-uhsif-port-remap,PCFR1,PCFR1:8;PCFR1:9,3,UHSIF,PORT3,UHSIF_PORT3,PB0,B,0,#,reference,candidates(datasheet-pin-table+rm-remap-grid:en)
CH32H417,afio-uhsif-port-remap,PCFR1,PCFR1:8;PCFR1:9,3,UHSIF,PORT32,UHSIF_PORT32,PC10,C,10,#,reference,candidates(datasheet-pin-table+rm-remap-grid:en)
CH32H417,afio-uhsif-port-remap,PCFR1,PCFR1:8;PCFR1:9,3,UHSIF,PORT33,UHSIF_PORT33,PC11,C,11,#,reference,candidates(datasheet-pin-table+rm-remap-grid:en)
CH32H417,afio-uhsif-port-remap,PCFR1,PCFR1:8;PCFR1:9,3,UHSIF,PORT34,UHSIF_PORT34,PC12,C,12,#,reference,candidates(datasheet-pin-table+rm-remap-grid:en)
CH32H417,afio-uhsif-port-remap,PCFR1,PCFR1:8;PCFR1:9,3,UHSIF,PORT35,UHSIF_PORT35,PD0,D,0,#,reference,candidates(datasheet-pin-table+rm-remap-grid:en)
CH32H417,afio-uhsif-port-remap,PCFR1,PCFR1:8;PCFR1:9,3,UHSIF,PORT36,UHSIF_PORT36,PD1,D,1,#,reference,candidates(datasheet-pin-table+rm-remap-grid:en)
CH32H417,afio-uhsif-port-remap,PCFR1,PCFR1:8;PCFR1:9,3,UHSIF,PORT37,UHSIF_PORT37,PD2,D,2,#,reference,candidates(datasheet-pin-table+rm-remap-grid:en)
CH32H417,afio-uhsif-port-remap,PCFR1,PCFR1:8;PCFR1:9,3,UHSIF,PORT38,UHSIF_PORT38,PD3,D,3,#,reference,candidates(datasheet-pin-table+rm-remap-grid:en)
CH32H417,afio-uhsif-port-remap,PCFR1,PCFR1:8;PCFR1:9,3,UHSIF,PORT39,UHSIF_PORT39,PD4,D,4,#,reference,candidates(datasheet-pin-table+rm-remap-grid:en)
CH32H417,afio-uhsif-port-remap,PCFR1,PCFR1:8;PCFR1:9,3,UHSIF,PORT4,UHSIF_PORT4,PB1,B,1,#,reference,candidates(datasheet-pin-table+rm-remap-grid:en)
CH32H417,afio-uhsif-port-remap,PCFR1,PCFR1:8;PCFR1:9,3,UHSIF,PORT40,UHSIF_PORT40,PD5,D,5,#,reference,candidates(datasheet-pin-table+rm-remap-grid:en)
CH32H417,afio-uhsif-port-remap,PCFR1,PCFR1:8;PCFR1:9,3,UHSIF,PORT41,UHSIF_PORT41,PD6,D,6,#,reference,candidates(datasheet-pin-table+rm-remap-grid:en)
CH32H417,afio-uhsif-port-remap,PCFR1,PCFR1:8;PCFR1:9,3,UHSIF,PORT42,UHSIF_PORT42,PD7,D,7,#,reference,candidates(datasheet-pin-table+rm-remap-grid:en)
CH32H417,afio-uhsif-port-remap,PCFR1,PCFR1:8;PCFR1:9,3,UHSIF,PORT43,UHSIF_PORT43,PF3,F,3,#,reference,candidates(datasheet-pin-table+rm-remap-grid:en)
CH32H417,afio-uhsif-port-remap,PCFR1,PCFR1:8;PCFR1:9,3,UHSIF,PORT44,UHSIF_PORT44,PF4,F,4,#,reference,candidates(datasheet-pin-table+rm-remap-grid:en)
CH32H417,afio-uhsif-port-remap,PCFR1,PCFR1:8;PCFR1:9,3,UHSIF,PORT45,UHSIF_PORT45,PF5,F,5,#,reference,candidates(datasheet-pin-table+rm-remap-grid:en)
CH32H417,afio-uhsif-port-remap,PCFR1,PCFR1:8;PCFR1:9,3,UHSIF,PORT46,UHSIF_PORT46,PE0,E,0,#,reference,candidates(datasheet-pin-table+rm-remap-grid:en)
CH32H417,afio-uhsif-port-remap,PCFR1,PCFR1:8;PCFR1:9,3,UHSIF,PORT47,UHSIF_PORT47,PE1,E,1,#,reference,candidates(datasheet-pin-table+rm-remap-grid:en)
CH32H417,afio-uhsif-port-remap,PCFR1,PCFR1:8;PCFR1:9,3,UHSIF,PORT5,UHSIF_PORT5,PE10,E,10,#,reference,candidates(datasheet-pin-table+rm-remap-grid:en)
CH32H417,afio-uhsif-port-remap,PCFR1,PCFR1:8;PCFR1:9,3,UHSIF,PORT6,UHSIF_PORT6,PE11,E,11,#,reference,candidates(datasheet-pin-table+rm-remap-grid:en)
CH32H417,afio-uhsif-port-remap,PCFR1,PCFR1:8;PCFR1:9,3,UHSIF,PORT7,UHSIF_PORT7,PE12,E,12,#,reference,candidates(datasheet-pin-table+rm-remap-grid:en)
CH32L103,afio-can-rm,PCFR1,PCFR1:13;PCFR1:14,0,CAN1,RX,CAN1_RX,PA11,A,11,#,reference,candidates(datasheet-pin-table-default:en)
CH32L103,afio-can-rm,PCFR1,PCFR1:13;PCFR1:14,0,CAN1,TX,CAN1_TX,PA12,A,12,#,reference,candidates(datasheet-pin-table-default:en)
CH32L103,afio-can-rm,PCFR1,PCFR1:13;PCFR1:14,2,CAN1,RX,CAN1_RX,PB8,B,8,#,reference,candidates(datasheet-pin-table+rm-remap-grid:en)
CH32L103,afio-can-rm,PCFR1,PCFR1:13;PCFR1:14,2,CAN1,TX,CAN1_TX,PB9,B,9,#,reference,candidates(datasheet-pin-table+rm-remap-grid:en)
CH32L103,afio-can-rm,PCFR1,PCFR1:13;PCFR1:14,3,CAN1,RX,CAN1_RX,OSC_IN,,,#,reference,candidates(datasheet-pin-table+rm-remap-grid:en)
CH32L103,afio-can-rm,PCFR1,PCFR1:13;PCFR1:14,3,CAN1,TX,CAN1_TX,OSC_OUT,,,#,reference,candidates(datasheet-pin-table+rm-remap-grid:en)
CH32L103,afio-i2c1-rm,PCFR1|PCFR2,PCFR1:1;PCFR2:23,0,I2C1,SCL,I2C1_SCL,PB6,B,6,#,reference,candidates(datasheet-pin-table-default:en)
CH32L103,afio-i2c1-rm,PCFR1|PCFR2,PCFR1:1;PCFR2:23,0,I2C1,SDA,I2C1_SDA,PB7,B,7,#,reference,candidates(datasheet-pin-table-default:en)
CH32L103,afio-i2c1-rm,PCFR1|PCFR2,PCFR1:1;PCFR2:23,0,I2C1,SMBA,I2C1_SMBA,PB5,B,5,#,reference,candidates(datasheet-pin-table-default:en)
CH32L103,afio-i2c1-rm,PCFR1|PCFR2,PCFR1:1;PCFR2:23,2,I2C1,SCL,I2C1_SCL,PA13,A,13,#,reference,candidates(datasheet-pin-table+rm-remap-grid:en)
CH32L103,afio-i2c1-rm,PCFR1|PCFR2,PCFR1:1;PCFR2:23,2,I2C1,SDA,I2C1_SDA,PA12,A,12,#,reference,candidates(datasheet-pin-table+rm-remap-grid:en)
CH32L103,afio-i2c1-rm,PCFR1|PCFR2,PCFR1:1;PCFR2:23,2,I2C1,SMBA,I2C1_SMBA,PB5,B,5,#,reference,candidates(datasheet-pin-table+rm-remap-grid:en)
CH32L103,afio-i2c1-rm,PCFR1|PCFR2,PCFR1:1;PCFR2:23,3,I2C1,SCL,I2C1_SCL,PB9,B,9,#,reference,candidates(datasheet-pin-table+rm-remap-grid:en)
CH32L103,afio-i2c1-rm,PCFR1|PCFR2,PCFR1:1;PCFR2:23,3,I2C1,SDA,I2C1_SDA,PB11,B,11,#,reference,candidates(datasheet-pin-table+rm-remap-grid:en)
CH32L103,afio-i2c1-rm,PCFR1|PCFR2,PCFR1:1;PCFR2:23,3,I2C1,SMBA,I2C1_SMBA,PB5,B,5,#,reference,candidates(datasheet-pin-table+rm-remap-grid:en)
CH32L103,afio-lptim-rm,PCFR2,PCFR2:25,0,LPTIM,CH1,LPTIM_CH1,PB12,B,12,#,reference,candidates(datasheet-pin-table-default:en)
CH32L103,afio-lptim-rm,PCFR2,PCFR2:25,0,LPTIM,CH2,LPTIM_CH2,PB13,B,13,#,reference,candidates(datasheet-pin-table-default:en)
CH32L103,afio-lptim-rm,PCFR2,PCFR2:25,0,LPTIM,ETR,LPTIM_ETR,PB14,B,14,#,reference,candidates(datasheet-pin-table-default:en)
CH32L103,afio-lptim-rm,PCFR2,PCFR2:25,0,LPTIM,OUT,LPTIM_OUT,PB15,B,15,#,reference,candidates(datasheet-pin-table-default:en)
CH32L103,afio-lptim-rm,PCFR2,PCFR2:25,1,LPTIM,CH1,LPTIM_CH1,PB5,B,5,#,reference,candidates(datasheet-pin-table+rm-remap-grid:en)
CH32L103,afio-lptim-rm,PCFR2,PCFR2:25,1,LPTIM,CH2,LPTIM_CH2,PB7,B,7,#,reference,candidates(datasheet-pin-table+rm-remap-grid:en)
CH32L103,afio-lptim-rm,PCFR2,PCFR2:25,1,LPTIM,ETR,LPTIM_ETR,PB6,B,6,#,reference,candidates(datasheet-pin-table+rm-remap-grid:en)
CH32L103,afio-lptim-rm,PCFR2,PCFR2:25,1,LPTIM,OUT,LPT_OUT,PB2,B,2,#,reference,candidates(datasheet-pin-table+rm-remap-grid:en)
CH32L103,afio-spi1-rm,PCFR1|PCFR2,PCFR1:0;PCFR2:24,0,SPI1,MISO,SPI1_MISO,PA6,A,6,#,reference,candidates(datasheet-pin-table-default:en)
CH32L103,afio-spi1-rm,PCFR1|PCFR2,PCFR1:0;PCFR2:24,0,SPI1,MOSI,SPI1_MOSI,PA7,A,7,#,reference,candidates(datasheet-pin-table-default:en)
CH32L103,afio-spi1-rm,PCFR1|PCFR2,PCFR1:0;PCFR2:24,0,SPI1,NSS,SPI1_NSS,PA4,A,4,#,reference,candidates(datasheet-pin-table-default:en)
CH32L103,afio-spi1-rm,PCFR1|PCFR2,PCFR1:0;PCFR2:24,0,SPI1,SCK,SPI1_SCK,PA5,A,5,#,reference,candidates(datasheet-pin-table-default:en)
CH32L103,afio-spi1-rm,PCFR1|PCFR2,PCFR1:0;PCFR2:24,1,SPI1,MISO,SPI1_MISO,PB4,B,4,#,reference,candidates(datasheet-pin-table+rm-remap-grid:en)
CH32L103,afio-spi1-rm,PCFR1|PCFR2,PCFR1:0;PCFR2:24,1,SPI1,MOSI,SPI1_MOSI,PB5,B,5,#,reference,candidates(datasheet-pin-table+rm-remap-grid:en)
CH32L103,afio-spi1-rm,PCFR1|PCFR2,PCFR1:0;PCFR2:24,1,SPI1,NSS,SPI1_NSS,PA15,A,15,#,reference,candidates(datasheet-pin-table+rm-remap-grid:en)
CH32L103,afio-spi1-rm,PCFR1|PCFR2,PCFR1:0;PCFR2:24,1,SPI1,SCK,SPI1_SCK,PB3,B,3,#,reference,candidates(datasheet-pin-table+rm-remap-grid:en)
CH32L103,afio-spi1-rm,PCFR1|PCFR2,PCFR1:0;PCFR2:24,2,SPI1,MISO,SPI1_MISO,PB8,B,8,#,reference,candidates(datasheet-pin-table+rm-remap-grid:en)
CH32L103,afio-spi1-rm,PCFR1|PCFR2,PCFR1:0;PCFR2:24,2,SPI1,MOSI,SPI1_MOSI,PB7,B,7,#,reference,candidates(datasheet-pin-table+rm-remap-grid:en)
CH32L103,afio-spi1-rm,PCFR1|PCFR2,PCFR1:0;PCFR2:24,2,SPI1,NSS,SPI1_NSS,PA12,A,12,#,reference,candidates(datasheet-pin-table+rm-remap-grid:en)
CH32L103,afio-spi1-rm,PCFR1|PCFR2,PCFR1:0;PCFR2:24,2,SPI1,SCK,SPI1_SCK,PB6,B,6,#,reference,candidates(datasheet-pin-table+rm-remap-grid:en)
CH32L103,afio-spi1-rm,PCFR1|PCFR2,PCFR1:0;PCFR2:24,3,SPI1,MISO,SPI1_MISO,PB8,B,8,#,reference,candidates(datasheet-pin-table+rm-remap-grid:en)
CH32L103,afio-spi1-rm,PCFR1|PCFR2,PCFR1:0;PCFR2:24,3,SPI1,MOSI,SPI1_MOSI,PB7,B,7,#,reference,candidates(datasheet-pin-table+rm-remap-grid:en)
CH32L103,afio-spi1-rm,PCFR1|PCFR2,PCFR1:0;PCFR2:24,3,SPI1,NSS,SPI1_NSS,PB12,B,12,#,reference,candidates(datasheet-pin-table+rm-remap-grid:en)
CH32L103,afio-spi1-rm,PCFR1|PCFR2,PCFR1:0;PCFR2:24,3,SPI1,SCK,SPI1_SCK,PB6,B,6,#,reference,candidates(datasheet-pin-table+rm-remap-grid:en)
CH32L103,afio-tim1-rm,PCFR1|PCFR2,PCFR1:6;PCFR1:7;PCFR2:22,0,TIM1,BKIN,TIM1_BKIN,PB12,B,12,#,reference,candidates(datasheet-pin-table-default:en)
CH32L103,afio-tim1-rm,PCFR1|PCFR2,PCFR1:6;PCFR1:7;PCFR2:22,0,TIM1,CH1,TIM1_CH1,PA8,A,8,#,reference,candidates(datasheet-pin-table-default:en)
CH32L103,afio-tim1-rm,PCFR1|PCFR2,PCFR1:6;PCFR1:7;PCFR2:22,0,TIM1,CH1N,TIM1_CH1N,PB13,B,13,#,reference,candidates(datasheet-pin-table-default:en)
CH32L103,afio-tim1-rm,PCFR1|PCFR2,PCFR1:6;PCFR1:7;PCFR2:22,0,TIM1,CH2,TIM1_CH2,PA9,A,9,#,reference,candidates(datasheet-pin-table-default:en)
CH32L103,afio-tim1-rm,PCFR1|PCFR2,PCFR1:6;PCFR1:7;PCFR2:22,0,TIM1,CH2N,TIM1_CH2N,PB14,B,14,#,reference,candidates(datasheet-pin-table-default:en)
CH32L103,afio-tim1-rm,PCFR1|PCFR2,PCFR1:6;PCFR1:7;PCFR2:22,0,TIM1,CH3,TIM1_CH3,PA10,A,10,#,reference,candidates(datasheet-pin-table-default:en)
CH32L103,afio-tim1-rm,PCFR1|PCFR2,PCFR1:6;PCFR1:7;PCFR2:22,0,TIM1,CH3N,TIM1_CH3N,PB15,B,15,#,reference,candidates(datasheet-pin-table-default:en)
CH32L103,afio-tim1-rm,PCFR1|PCFR2,PCFR1:6;PCFR1:7;PCFR2:22,0,TIM1,CH4,TIM1_CH4,PA11,A,11,#,reference,candidates(datasheet-pin-table-default:en)
CH32L103,afio-tim1-rm,PCFR1|PCFR2,PCFR1:6;PCFR1:7;PCFR2:22,0,TIM1,ETR,TIM1_ETR,PA12,A,12,#,reference,candidates(datasheet-pin-table-default:en)
CH32L103,afio-tim1-rm,PCFR1|PCFR2,PCFR1:6;PCFR1:7;PCFR2:22,1,TIM1,BKIN,TIM1_BKIN,PA6,A,6,#,reference,candidates(datasheet-pin-table+rm-remap-grid:en)
CH32L103,afio-tim1-rm,PCFR1|PCFR2,PCFR1:6;PCFR1:7;PCFR2:22,1,TIM1,CH1,TIM1_CH1,PA8,A,8,#,reference,candidates(datasheet-pin-table+rm-remap-grid:en)
CH32L103,afio-tim1-rm,PCFR1|PCFR2,PCFR1:6;PCFR1:7;PCFR2:22,1,TIM1,CH1N,TIM1_CH1N,PA7,A,7,#,reference,candidates(datasheet-pin-table+rm-remap-grid:en)
CH32L103,afio-tim1-rm,PCFR1|PCFR2,PCFR1:6;PCFR1:7;PCFR2:22,1,TIM1,CH2,TIM1_CH2,PA9,A,9,#,reference,candidates(datasheet-pin-table+rm-remap-grid:en)
CH32L103,afio-tim1-rm,PCFR1|PCFR2,PCFR1:6;PCFR1:7;PCFR2:22,1,TIM1,CH2N,TIM1_CH2N,PB0,B,0,#,reference,candidates(datasheet-pin-table+rm-remap-grid:en)
CH32L103,afio-tim1-rm,PCFR1|PCFR2,PCFR1:6;PCFR1:7;PCFR2:22,1,TIM1,CH3,TIM1_CH3,PA10,A,10,#,reference,candidates(datasheet-pin-table+rm-remap-grid:en)
CH32L103,afio-tim1-rm,PCFR1|PCFR2,PCFR1:6;PCFR1:7;PCFR2:22,1,TIM1,CH3N,TIM1_CH3N,PB1,B,1,#,reference,candidates(datasheet-pin-table+rm-remap-grid:en)
CH32L103,afio-tim1-rm,PCFR1|PCFR2,PCFR1:6;PCFR1:7;PCFR2:22,1,TIM1,CH4,TIM1_CH4,PA11,A,11,#,reference,candidates(datasheet-pin-table+rm-remap-grid:en)
CH32L103,afio-tim1-rm,PCFR1|PCFR2,PCFR1:6;PCFR1:7;PCFR2:22,1,TIM1,ETR,TIM1_ETR,PA12,A,12,#,reference,candidates(datasheet-pin-table+rm-remap-grid:en)
CH32L103,afio-tim1-rm,PCFR1|PCFR2,PCFR1:6;PCFR1:7;PCFR2:22,2,TIM1,BKIN,TIM1_BKIN,PA13,A,13,#,reference,candidates(datasheet-pin-table+rm-remap-grid:en)
CH32L103,afio-tim1-rm,PCFR1|PCFR2,PCFR1:6;PCFR1:7;PCFR2:22,2,TIM1,CH1,TIM1_CH1,PA1,A,1,#,reference,candidates(datasheet-pin-table+rm-remap-grid:en)
CH32L103,afio-tim1-rm,PCFR1|PCFR2,PCFR1:6;PCFR1:7;PCFR2:22,2,TIM1,CH1N,TIM1_CH1N,PB11,B,11,#,reference,candidates(datasheet-pin-table+rm-remap-grid:en)
CH32L103,afio-tim1-rm,PCFR1|PCFR2,PCFR1:6;PCFR1:7;PCFR2:22,2,TIM1,CH2,TIM1_CH2,PA7,A,7,#,reference,candidates(datasheet-pin-table+rm-remap-grid:en)
CH32L103,afio-tim1-rm,PCFR1|PCFR2,PCFR1:6;PCFR1:7;PCFR2:22,2,TIM1,CH2N,TIM1_CH2N,PB0,B,0,#,reference,candidates(datasheet-pin-table+rm-remap-grid:en)
CH32L103,afio-tim1-rm,PCFR1|PCFR2,PCFR1:6;PCFR1:7;PCFR2:22,2,TIM1,CH3,TIM1_CH3,PA14,A,14,#,reference,candidates(datasheet-pin-table+rm-remap-grid:en)
CH32L103,afio-tim1-rm,PCFR1|PCFR2,PCFR1:6;PCFR1:7;PCFR2:22,2,TIM1,CH3N,TIM1_CH3N,PB9,B,9,#,reference,candidates(datasheet-pin-table+rm-remap-grid:en)
CH32L103,afio-tim1-rm,PCFR1|PCFR2,PCFR1:6;PCFR1:7;PCFR2:22,2,TIM1,CH4,TIM1_CH4,PB1,B,1,#,reference,candidates(datasheet-pin-table+rm-remap-grid:en)
CH32L103,afio-tim1-rm,PCFR1|PCFR2,PCFR1:6;PCFR1:7;PCFR2:22,2,TIM1,ETR,TIM1_ETR,PB6,B,6,#,reference,candidates(datasheet-pin-table+rm-remap-grid:en)
CH32L103,afio-tim1-rm,PCFR1|PCFR2,PCFR1:6;PCFR1:7;PCFR2:22,3,TIM1,BKIN,TIM1_BKIN,PA13,A,13,#,reference,candidates(datasheet-pin-table+rm-remap-grid:en)
CH32L103,afio-tim1-rm,PCFR1|PCFR2,PCFR1:6;PCFR1:7;PCFR2:22,3,TIM1,CH1,TIM1_CH1,PA1,A,1,#,reference,candidates(datasheet-pin-table+rm-remap-grid:en)
CH32L103,afio-tim1-rm,PCFR1|PCFR2,PCFR1:6;PCFR1:7;PCFR2:22,3,TIM1,CH1N,TIM1_CH1N,PB11,B,11,#,reference,candidates(datasheet-pin-table+rm-remap-grid:en)
CH32L103,afio-tim1-rm,PCFR1|PCFR2,PCFR1:6;PCFR1:7;PCFR2:22,3,TIM1,CH2,TIM1_CH2,PA7,A,7,#,reference,candidates(datasheet-pin-table+rm-remap-grid:en)
CH32L103,afio-tim1-rm,PCFR1|PCFR2,PCFR1:6;PCFR1:7;PCFR2:22,3,TIM1,CH2N,TIM1_CH2N,PB0,B,0,#,reference,candidates(datasheet-pin-table+rm-remap-grid:en)
CH32L103,afio-tim1-rm,PCFR1|PCFR2,PCFR1:6;PCFR1:7;PCFR2:22,3,TIM1,CH3,TIM1_CH3,PA14,A,14,#,reference,candidates(datasheet-pin-table+rm-remap-grid:en)
CH32L103,afio-tim1-rm,PCFR1|PCFR2,PCFR1:6;PCFR1:7;PCFR2:22,3,TIM1,CH3N,TIM1_CH3N,PB9,B,9,#,reference,candidates(datasheet-pin-table+rm-remap-grid:en)
CH32L103,afio-tim1-rm,PCFR1|PCFR2,PCFR1:6;PCFR1:7;PCFR2:22,3,TIM1,CH4,TIM1_CH4,PB1,B,1,#,reference,candidates(datasheet-pin-table+rm-remap-grid:en)
CH32L103,afio-tim1-rm,PCFR1|PCFR2,PCFR1:6;PCFR1:7;PCFR2:22,3,TIM1,ETR,TIM1_ETR,PA3,A,3,#,reference,candidates(datasheet-pin-table+rm-remap-grid:en)
CH32L103,afio-tim1-rm,PCFR1|PCFR2,PCFR1:6;PCFR1:7;PCFR2:22,4,TIM1,BKIN,TIM1_BKIN,PA12,A,12,#,reference,candidates(datasheet-pin-table+rm-remap-grid:en)
CH32L103,afio-tim1-rm,PCFR1|PCFR2,PCFR1:6;PCFR1:7;PCFR2:22,4,TIM1,CH1,TIM1_CH1,PB7,B,7,#,reference,candidates(datasheet-pin-table+rm-remap-grid:en)
CH32L103,afio-tim1-rm,PCFR1|PCFR2,PCFR1:6;PCFR1:7;PCFR2:22,4,TIM1,CH1N,TIM1_CH1N,PA14,A,14,#,reference,candidates(datasheet-pin-table+rm-remap-grid:en)
CH32L103,afio-tim1-rm,PCFR1|PCFR2,PCFR1:6;PCFR1:7;PCFR2:22,4,TIM1,CH2,TIM1_CH2,PB8,B,8,#,reference,candidates(datasheet-pin-table+rm-remap-grid:en)
CH32L103,afio-tim1-rm,PCFR1|PCFR2,PCFR1:6;PCFR1:7;PCFR2:22,4,TIM1,CH2N,TIM1_CH2N,PB1,B,1,#,reference,candidates(datasheet-pin-table+rm-remap-grid:en)
CH32L103,afio-tim1-rm,PCFR1|PCFR2,PCFR1:6;PCFR1:7;PCFR2:22,4,TIM1,CH3,TIM1_CH3,PB12,B,12,#,reference,candidates(datasheet-pin-table+rm-remap-grid:en)
CH32L103,afio-tim1-rm,PCFR1|PCFR2,PCFR1:6;PCFR1:7;PCFR2:22,4,TIM1,CH3N,TIM1_CH3N,PB9,B,9,#,reference,candidates(datasheet-pin-table+rm-remap-grid:en)
CH32L103,afio-tim1-rm,PCFR1|PCFR2,PCFR1:6;PCFR1:7;PCFR2:22,4,TIM1,CH4,TIM1_CH4,PA2,A,2,#,reference,candidates(datasheet-pin-table+rm-remap-grid:en)
CH32L103,afio-tim1-rm,PCFR1|PCFR2,PCFR1:6;PCFR1:7;PCFR2:22,4,TIM1,ETR,TIM1_ETR,PB6,B,6,#,reference,candidates(datasheet-pin-table+rm-remap-grid:en)
CH32L103,afio-tim1-rm,PCFR1|PCFR2,PCFR1:6;PCFR1:7;PCFR2:22,5,TIM1,BKIN,TIM1_BKIN,PA12,A,12,#,reference,candidates(datasheet-pin-table+rm-remap-grid:en)
CH32L103,afio-tim1-rm,PCFR1|PCFR2,PCFR1:6;PCFR1:7;PCFR2:22,5,TIM1,CH1,TIM1_CH1,PB1,B,1,#,reference,candidates(datasheet-pin-table+rm-remap-grid:en)
CH32L103,afio-tim1-rm,PCFR1|PCFR2,PCFR1:6;PCFR1:7;PCFR2:22,5,TIM1,CH1N,TIM1_CH1N,PA14,A,14,#,reference,candidates(datasheet-pin-table+rm-remap-grid:en)
CH32L103,afio-tim1-rm,PCFR1|PCFR2,PCFR1:6;PCFR1:7;PCFR2:22,5,TIM1,CH2,TIM1_CH2,PB8,B,8,#,reference,candidates(datasheet-pin-table+rm-remap-grid:en)
CH32L103,afio-tim1-rm,PCFR1|PCFR2,PCFR1:6;PCFR1:7;PCFR2:22,5,TIM1,CH2N,TIM1_CH2N,PA1,A,1,#,reference,candidates(datasheet-pin-table+rm-remap-grid:en)
CH32L103,afio-tim1-rm,PCFR1|PCFR2,PCFR1:6;PCFR1:7;PCFR2:22,5,TIM1,CH3,TIM1_CH3,PB6,B,6,#,reference,candidates(datasheet-pin-table+rm-remap-grid:en)
CH32L103,afio-tim1-rm,PCFR1|PCFR2,PCFR1:6;PCFR1:7;PCFR2:22,5,TIM1,CH3N,TIM1_CH3N,PB7,B,7,#,reference,candidates(datasheet-pin-table+rm-remap-grid:en)
CH32L103,afio-tim1-rm,PCFR1|PCFR2,PCFR1:6;PCFR1:7;PCFR2:22,5,TIM1,CH4,TIM1_CH4,PA3,A,3,#,reference,candidates(datasheet-pin-table+rm-remap-grid:en)
CH32L103,afio-tim1-rm,PCFR1|PCFR2,PCFR1:6;PCFR1:7;PCFR2:22,5,TIM1,ETR,TIM1_ETR,PA13,A,13,#,reference,candidates(datasheet-pin-table+rm-remap-grid:en)
CH32L103,afio-tim2-rm,PCFR1|PCFR2,PCFR1:8;PCFR1:9;PCFR2:21,0,TIM2,CH1_ETR,TIM2_CH1_ETR,PA0-WKUP,A,0,#,reference,candidates(datasheet-pin-table-default:en)
CH32L103,afio-tim2-rm,PCFR1|PCFR2,PCFR1:8;PCFR1:9;PCFR2:21,0,TIM2,CH2,TIM2_CH2,PA1,A,1,#,reference,candidates(datasheet-pin-table-default:en)
CH32L103,afio-tim2-rm,PCFR1|PCFR2,PCFR1:8;PCFR1:9;PCFR2:21,0,TIM2,CH3,TIM2_CH3,PA2,A,2,#,reference,candidates(datasheet-pin-table-default:en)
CH32L103,afio-tim2-rm,PCFR1|PCFR2,PCFR1:8;PCFR1:9;PCFR2:21,0,TIM2,CH4,TIM2_CH4,PA3,A,3,#,reference,candidates(datasheet-pin-table-default:en)
CH32L103,afio-tim2-rm,PCFR1|PCFR2,PCFR1:8;PCFR1:9;PCFR2:21,1,TIM2,CH1_ETR,TIM2_CH1_ETR,PA15,A,15,#,reference,candidates(datasheet-pin-table+rm-remap-grid:en)
CH32L103,afio-tim2-rm,PCFR1|PCFR2,PCFR1:8;PCFR1:9;PCFR2:21,1,TIM2,CH2,TIM2_CH2,PB3,B,3,#,reference,candidates(datasheet-pin-table+rm-remap-grid:en)
CH32L103,afio-tim2-rm,PCFR1|PCFR2,PCFR1:8;PCFR1:9;PCFR2:21,1,TIM2,CH3,TIM2_CH3,PA2,A,2,#,reference,candidates(datasheet-pin-table+rm-remap-grid:en)
CH32L103,afio-tim2-rm,PCFR1|PCFR2,PCFR1:8;PCFR1:9;PCFR2:21,1,TIM2,CH4,TIM2_CH4,PA3,A,3,#,reference,candidates(datasheet-pin-table+rm-remap-grid:en)
CH32L103,afio-tim2-rm,PCFR1|PCFR2,PCFR1:8;PCFR1:9;PCFR2:21,2,TIM2,CH1_ETR,TIM2_CH1_ETR,PA0-WKUP,A,0,#,reference,candidates(datasheet-pin-table+rm-remap-grid:en)
CH32L103,afio-tim2-rm,PCFR1|PCFR2,PCFR1:8;PCFR1:9;PCFR2:21,2,TIM2,CH2,TIM2_CH2,PA1,A,1,#,reference,candidates(datasheet-pin-table+rm-remap-grid:en)
CH32L103,afio-tim2-rm,PCFR1|PCFR2,PCFR1:8;PCFR1:9;PCFR2:21,2,TIM2,CH3,TIM2_CH3,PB10,B,10,#,reference,candidates(datasheet-pin-table+rm-remap-grid:en)
CH32L103,afio-tim2-rm,PCFR1|PCFR2,PCFR1:8;PCFR1:9;PCFR2:21,2,TIM2,CH4,TIM2_CH4,PB11,B,11,#,reference,candidates(datasheet-pin-table+rm-remap-grid:en)
CH32L103,afio-tim2-rm,PCFR1|PCFR2,PCFR1:8;PCFR1:9;PCFR2:21,3,TIM2,CH1_ETR,TIM2_CH1_ETR,PA15,A,15,#,reference,candidates(datasheet-pin-table+rm-remap-grid:en)
CH32L103,afio-tim2-rm,PCFR1|PCFR2,PCFR1:8;PCFR1:9;PCFR2:21,3,TIM2,CH2,TIM2_CH2,PB3,B,3,#,reference,candidates(datasheet-pin-table+rm-remap-grid:en)
CH32L103,afio-tim2-rm,PCFR1|PCFR2,PCFR1:8;PCFR1:9;PCFR2:21,3,TIM2,CH3,TIM2_CH3,PB10,B,10,#,reference,candidates(datasheet-pin-table+rm-remap-grid:en)
CH32L103,afio-tim2-rm,PCFR1|PCFR2,PCFR1:8;PCFR1:9;PCFR2:21,3,TIM2,CH4,TIM2_CH4,PB11,B,11,#,reference,candidates(datasheet-pin-table+rm-remap-grid:en)
CH32L103,afio-tim2-rm,PCFR1|PCFR2,PCFR1:8;PCFR1:9;PCFR2:21,4,TIM2,CH1_ETR,TIM2_CH1_ETR,PA3,A,3,#,reference,candidates(datasheet-pin-table+rm-remap-grid:en)
CH32L103,afio-tim2-rm,PCFR1|PCFR2,PCFR1:8;PCFR1:9;PCFR2:21,4,TIM2,CH2,TIM2_CH2,PA2,A,2,#,reference,candidates(datasheet-pin-table+rm-remap-grid:en)
CH32L103,afio-tim2-rm,PCFR1|PCFR2,PCFR1:8;PCFR1:9;PCFR2:21,4,TIM2,CH3,TIM2_CH3,PB12,B,12,#,reference,candidates(datasheet-pin-table+rm-remap-grid:en)
CH32L103,afio-tim2-rm,PCFR1|PCFR2,PCFR1:8;PCFR1:9;PCFR2:21,4,TIM2,CH4,TIM2_CH4,PA6,A,6,#,reference,candidates(datasheet-pin-table+rm-remap-grid:en)
CH32L103,afio-tim2-rm,PCFR1|PCFR2,PCFR1:8;PCFR1:9;PCFR2:21,5,TIM2,CH1_ETR,TIM2_CH1_ETR,PA12,A,12,#,reference,candidates(datasheet-pin-table+rm-remap-grid:en)
CH32L103,afio-tim2-rm,PCFR1|PCFR2,PCFR1:8;PCFR1:9;PCFR2:21,5,TIM2,CH2,TIM2_CH2,PA2,A,2,#,reference,candidates(datasheet-pin-table+rm-remap-grid:en)
CH32L103,afio-tim2-rm,PCFR1|PCFR2,PCFR1:8;PCFR1:9;PCFR2:21,5,TIM2,CH3,TIM2_CH3,PB12,B,12,#,reference,candidates(datasheet-pin-table+rm-remap-grid:en)
CH32L103,afio-tim2-rm,PCFR1|PCFR2,PCFR1:8;PCFR1:9;PCFR2:21,5,TIM2,CH4,TIM2_CH4,PA6,A,6,#,reference,candidates(datasheet-pin-table+rm-remap-grid:en)
CH32L103,afio-tim2-rm,PCFR1|PCFR2,PCFR1:8;PCFR1:9;PCFR2:21,7,TIM2,CH1_ETR,TIM2_CH1_ETR,PA12,A,12,#,reference,candidates(datasheet-pin-table+rm-remap-grid:en)
CH32L103,afio-tim2-rm,PCFR1|PCFR2,PCFR1:8;PCFR1:9;PCFR2:21,7,TIM2,CH2,TIM2_CH2,PB8,B,8,#,reference,candidates(datasheet-pin-table+rm-remap-grid:en)
CH32L103,afio-tim2-rm,PCFR1|PCFR2,PCFR1:8;PCFR1:9;PCFR2:21,7,TIM2,CH3,TIM2_CH3,PA5,A,5,#,reference,candidates(datasheet-pin-table+rm-remap-grid:en)
CH32L103,afio-tim2-rm,PCFR1|PCFR2,PCFR1:8;PCFR1:9;PCFR2:21,7,TIM2,CH4,TIM2_CH4,PA4,A,4,#,reference,candidates(datasheet-pin-table+rm-remap-grid:en)
CH32L103,afio-tim3-rm,PCFR1,PCFR1:10,0,TIM3,CH1,TIM3_CH1,PA6,A,6,#,reference,candidates(datasheet-pin-table-default:en)
CH32L103,afio-tim3-rm,PCFR1,PCFR1:10,0,TIM3,CH2,TIM3_CH2,PA7,A,7,#,reference,candidates(datasheet-pin-table-default:en)
CH32L103,afio-tim3-rm,PCFR1,PCFR1:10,0,TIM3,CH3,TIM3_CH3,PB0,B,0,#,reference,candidates(datasheet-pin-table-default:en)
CH32L103,afio-tim3-rm,PCFR1,PCFR1:10,0,TIM3,CH4,TIM3_CH4,PB1,B,1,#,reference,candidates(datasheet-pin-table-default:en)
CH32L103,afio-tim3-rm,PCFR1,PCFR1:10,1,TIM3,CH1,TIM3_CH1,PB4,B,4,#,reference,candidates(datasheet-pin-table+rm-remap-grid:en)
CH32L103,afio-tim3-rm,PCFR1,PCFR1:10,1,TIM3,CH2,TIM3_CH2,PB5,B,5,#,reference,candidates(datasheet-pin-table+rm-remap-grid:en)
CH32L103,afio-tim3-rm,PCFR1,PCFR1:10,1,TIM3,CH3,TIM3_CH3,PB0,B,0,#,reference,candidates(datasheet-pin-table+rm-remap-grid:en)
CH32L103,afio-tim3-rm,PCFR1,PCFR1:10,1,TIM3,CH4,TIM3_CH4,PB1,B,1,#,reference,candidates(datasheet-pin-table+rm-remap-grid:en)
CH32L103,afio-tim4-rm,PCFR1,PCFR1:12,0,TIM4,CH1,TIM4_CH1,PB6,B,6,#,reference,candidates(datasheet-pin-table-default:en)
CH32L103,afio-tim4-rm,PCFR1,PCFR1:12,0,TIM4,CH2,TIM4_CH2,PB7,B,7,#,reference,candidates(datasheet-pin-table-default:en)
CH32L103,afio-tim4-rm,PCFR1,PCFR1:12,0,TIM4,CH3,TIM4_CH3,PB8,B,8,#,reference,candidates(datasheet-pin-table-default:en)
CH32L103,afio-tim4-rm,PCFR1,PCFR1:12,0,TIM4,CH4,TIM4_CH4,PB9,B,9,#,reference,candidates(datasheet-pin-table-default:en)
CH32L103,afio-tim4-rm,PCFR1,PCFR1:12,1,TIM4,CH1,TIM4_CH1,PB10,B,10,#,reference,candidates(datasheet-pin-table+rm-remap-grid:en)
CH32L103,afio-tim4-rm,PCFR1,PCFR1:12,1,TIM4,CH2,TIM4_CH2,PB11,B,11,#,reference,candidates(datasheet-pin-table+rm-remap-grid:en)
CH32L103,afio-tim4-rm,PCFR1,PCFR1:12,1,TIM4,CH3,TIM4_CH3,PB8,B,8,#,reference,candidates(datasheet-pin-table+rm-remap-grid:en)
CH32L103,afio-tim4-rm,PCFR1,PCFR1:12,1,TIM4,CH4,TIM4_CH4,PB9,B,9,#,reference,candidates(datasheet-pin-table+rm-remap-grid:en)
CH32L103,afio-usart1-rm,PCFR1|PCFR2,PCFR1:2;PCFR2:19;PCFR2:20,0,USART1,CK,USART1_CK,PA8,A,8,#,reference,candidates(datasheet-pin-table-default:en)
CH32L103,afio-usart1-rm,PCFR1|PCFR2,PCFR1:2;PCFR2:19;PCFR2:20,0,USART1,CTS,USART1_CTS,PA11,A,11,#,reference,candidates(datasheet-pin-table-default:en)
CH32L103,afio-usart1-rm,PCFR1|PCFR2,PCFR1:2;PCFR2:19;PCFR2:20,0,USART1,RTS,USART1_RTS,PA12,A,12,#,reference,candidates(datasheet-pin-table-default:en)
CH32L103,afio-usart1-rm,PCFR1|PCFR2,PCFR1:2;PCFR2:19;PCFR2:20,0,USART1,RX,USART1_RX,PA10,A,10,#,reference,candidates(datasheet-pin-table-default:en)
CH32L103,afio-usart1-rm,PCFR1|PCFR2,PCFR1:2;PCFR2:19;PCFR2:20,0,USART1,TX,USART1_TX,PA9,A,9,#,reference,candidates(datasheet-pin-table-default:en)
CH32L103,afio-usart1-rm,PCFR1|PCFR2,PCFR1:2;PCFR2:19;PCFR2:20,1,USART1,CK,USART1_CK,PA8,A,8,#,reference,candidates(datasheet-pin-table+rm-remap-grid:en)
CH32L103,afio-usart1-rm,PCFR1|PCFR2,PCFR1:2;PCFR2:19;PCFR2:20,1,USART1,CTS,USART1_CTS,PA11,A,11,#,reference,candidates(datasheet-pin-table+rm-remap-grid:en)
CH32L103,afio-usart1-rm,PCFR1|PCFR2,PCFR1:2;PCFR2:19;PCFR2:20,1,USART1,RTS,USART1_RTS,PA12,A,12,#,reference,candidates(datasheet-pin-table+rm-remap-grid:en)
CH32L103,afio-usart1-rm,PCFR1|PCFR2,PCFR1:2;PCFR2:19;PCFR2:20,1,USART1,RX,USART1_RX,PB7,B,7,#,reference,candidates(datasheet-pin-table+rm-remap-grid:en)
CH32L103,afio-usart1-rm,PCFR1|PCFR2,PCFR1:2;PCFR2:19;PCFR2:20,1,USART1,TX,USART1_TX,PB6,B,6,#,reference,candidates(datasheet-pin-table+rm-remap-grid:en)
CH32L103,afio-usart1-rm,PCFR1|PCFR2,PCFR1:2;PCFR2:19;PCFR2:20,2,USART1,CK,USART1_CK,PA3,A,3,#,reference,candidates(datasheet-pin-table+rm-remap-grid:en)
CH32L103,afio-usart1-rm,PCFR1|PCFR2,PCFR1:2;PCFR2:19;PCFR2:20,2,USART1,CTS,USART1_CTS,PA2,A,2,#,reference,candidates(datasheet-pin-table+rm-remap-grid:en)
CH32L103,afio-usart1-rm,PCFR1|PCFR2,PCFR1:2;PCFR2:19;PCFR2:20,2,USART1,RTS,USART1_RTS,PA13,A,13,#,reference,candidates(datasheet-pin-table+rm-remap-grid:en)
CH32L103,afio-usart1-rm,PCFR1|PCFR2,PCFR1:2;PCFR2:19;PCFR2:20,2,USART1,RX,USART1_RX,PA5,A,5,#,reference,candidates(datasheet-pin-table+rm-remap-grid:en)
CH32L103,afio-usart1-rm,PCFR1|PCFR2,PCFR1:2;PCFR2:19;PCFR2:20,2,USART1,TX,USART1_TX,PA4,A,4,#,reference,candidates(datasheet-pin-table+rm-remap-grid:en)
CH32L103,afio-usart1-rm,PCFR1|PCFR2,PCFR1:2;PCFR2:19;PCFR2:20,3,USART1,CK,USART1_CK,PA6,A,6,#,reference,candidates(datasheet-pin-table+rm-remap-grid:en)
CH32L103,afio-usart1-rm,PCFR1|PCFR2,PCFR1:2;PCFR2:19;PCFR2:20,3,USART1,CTS,USART1_CTS,PB7,B,7,#,reference,candidates(datasheet-pin-table+rm-remap-grid:en)
CH32L103,afio-usart1-rm,PCFR1|PCFR2,PCFR1:2;PCFR2:19;PCFR2:20,3,USART1,RTS,USART1_RTS,PB8,B,8,#,reference,candidates(datasheet-pin-table+rm-remap-grid:en)
CH32L103,afio-usart1-rm,PCFR1|PCFR2,PCFR1:2;PCFR2:19;PCFR2:20,3,USART1,RX,USART1_RX,PA4,A,4,#,reference,candidates(datasheet-pin-table+rm-remap-grid:en)
CH32L103,afio-usart1-rm,PCFR1|PCFR2,PCFR1:2;PCFR2:19;PCFR2:20,3,USART1,TX,USART1_TX,PA5,A,5,#,reference,candidates(datasheet-pin-table+rm-remap-grid:en)
CH32L103,afio-usart1-rm,PCFR1|PCFR2,PCFR1:2;PCFR2:19;PCFR2:20,4,USART1,CK,USART1_CK,PA6,A,6,#,reference,candidates(datasheet-pin-table+rm-remap-grid:en)
CH32L103,afio-usart1-rm,PCFR1|PCFR2,PCFR1:2;PCFR2:19;PCFR2:20,4,USART1,CTS,USART1_CTS,PA14,A,14,#,reference,candidates(datasheet-pin-table+rm-remap-grid:en)
CH32L103,afio-usart1-rm,PCFR1|PCFR2,PCFR1:2;PCFR2:19;PCFR2:20,4,USART1,RTS,USART1_RTS,PA13,A,13,#,reference,candidates(datasheet-pin-table+rm-remap-grid:en)
CH32L103,afio-usart1-rm,PCFR1|PCFR2,PCFR1:2;PCFR2:19;PCFR2:20,4,USART1,RX,USART1_RX,PB9,B,9,#,reference,candidates(datasheet-pin-table+rm-remap-grid:en)
CH32L103,afio-usart1-rm,PCFR1|PCFR2,PCFR1:2;PCFR2:19;PCFR2:20,4,USART1,TX,USART1_TX,PB11,B,11,#,reference,candidates(datasheet-pin-table+rm-remap-grid:en)
CH32L103,afio-usart1-rm,PCFR1|PCFR2,PCFR1:2;PCFR2:19;PCFR2:20,5,USART1,CK,USART1_CK,PB6,B,6,#,reference,candidates(datasheet-pin-table+rm-remap-grid:en)
CH32L103,afio-usart1-rm,PCFR1|PCFR2,PCFR1:2;PCFR2:19;PCFR2:20,5,USART1,CTS,USART1_CTS,PB7,B,7,#,reference,candidates(datasheet-pin-table+rm-remap-grid:en)
CH32L103,afio-usart1-rm,PCFR1|PCFR2,PCFR1:2;PCFR2:19;PCFR2:20,5,USART1,RTS,USART1_RTS,PB8,B,8,#,reference,candidates(datasheet-pin-table+rm-remap-grid:en)
CH32L103,afio-usart1-rm,PCFR1|PCFR2,PCFR1:2;PCFR2:19;PCFR2:20,5,USART1,RX,USART1_RX,PA12,A,12,#,reference,candidates(datasheet-pin-table+rm-remap-grid:en)
CH32L103,afio-usart1-rm,PCFR1|PCFR2,PCFR1:2;PCFR2:19;PCFR2:20,5,USART1,TX,USART1_TX,PB12,B,12,#,reference,candidates(datasheet-pin-table+rm-remap-grid:en)
CH32L103,afio-usart2-rm,PCFR1|PCFR2,PCFR1:3;PCFR2:18,0,USART2,CK,USART2_CK,PA4,A,4,#,reference,candidates(datasheet-pin-table-default:en)
CH32L103,afio-usart2-rm,PCFR1|PCFR2,PCFR1:3;PCFR2:18,0,USART2,CTS,USART2_CTS,PA0-WKUP,A,0,#,reference,candidates(datasheet-pin-table-default:en)
CH32L103,afio-usart2-rm,PCFR1|PCFR2,PCFR1:3;PCFR2:18,0,USART2,RTS,USART2_RTS,PA1,A,1,#,reference,candidates(datasheet-pin-table-default:en)
CH32L103,afio-usart2-rm,PCFR1|PCFR2,PCFR1:3;PCFR2:18,0,USART2,RX,USART2_RX,PA3,A,3,#,reference,candidates(datasheet-pin-table-default:en)
CH32L103,afio-usart2-rm,PCFR1|PCFR2,PCFR1:3;PCFR2:18,0,USART2,TX,USART2_TX,PA2,A,2,#,reference,candidates(datasheet-pin-table-default:en)
CH32L103,afio-usart2-rm,PCFR1|PCFR2,PCFR1:3;PCFR2:18,2,USART2,CK,USART2_CK,PA4,A,4,#,reference,candidates(datasheet-pin-table+rm-remap-grid:en)
CH32L103,afio-usart2-rm,PCFR1|PCFR2,PCFR1:3;PCFR2:18,2,USART2,CTS,USART2_CTS,PA0-WKUP,A,0,#,reference,candidates(datasheet-pin-table+rm-remap-grid:en)
CH32L103,afio-usart2-rm,PCFR1|PCFR2,PCFR1:3;PCFR2:18,2,USART2,RTS,USART2_RTS,PA1,A,1,#,reference,candidates(datasheet-pin-table+rm-remap-grid:en)
CH32L103,afio-usart2-rm,PCFR1|PCFR2,PCFR1:3;PCFR2:18,2,USART2,RX,USART2_RX,PA12,A,12,#,reference,candidates(datasheet-pin-table+rm-remap-grid:en)
CH32L103,afio-usart2-rm,PCFR1|PCFR2,PCFR1:3;PCFR2:18,2,USART2,TX,USART2_TX,PA11,A,11,#,reference,candidates(datasheet-pin-table+rm-remap-grid:en)
CH32L103,afio-usart2-rm,PCFR1|PCFR2,PCFR1:3;PCFR2:18,3,USART2,CK,USART2_CK,PA4,A,4,#,reference,candidates(datasheet-pin-table+rm-remap-grid:en)
CH32L103,afio-usart2-rm,PCFR1|PCFR2,PCFR1:3;PCFR2:18,3,USART2,CTS,USART2_CTS,PA0-WKUP,A,0,#,reference,candidates(datasheet-pin-table+rm-remap-grid:en)
CH32L103,afio-usart2-rm,PCFR1|PCFR2,PCFR1:3;PCFR2:18,3,USART2,RTS,USART2_RTS,PA1,A,1,#,reference,candidates(datasheet-pin-table+rm-remap-grid:en)
CH32L103,afio-usart2-rm,PCFR1|PCFR2,PCFR1:3;PCFR2:18,3,USART2,RX,USART2_RX,PA11,A,11,#,reference,candidates(datasheet-pin-table+rm-remap-grid:en)
CH32L103,afio-usart2-rm,PCFR1|PCFR2,PCFR1:3;PCFR2:18,3,USART2,TX,USART2_TX,PA12,A,12,#,reference,candidates(datasheet-pin-table+rm-remap-grid:en)
CH32L103,afio-usart3-rm,PCFR1,PCFR1:4;PCFR1:5,0,USART3,CK,USART3_CK,PB12,B,12,#,reference,candidates(datasheet-pin-table-default:en)
CH32L103,afio-usart3-rm,PCFR1,PCFR1:4;PCFR1:5,0,USART3,CTS,USART3_CTS,PB13,B,13,#,reference,candidates(datasheet-pin-table-default:en)
CH32L103,afio-usart3-rm,PCFR1,PCFR1:4;PCFR1:5,0,USART3,RTS,USART3_RTS,PB14,B,14,#,reference,candidates(datasheet-pin-table-default:en)
CH32L103,afio-usart3-rm,PCFR1,PCFR1:4;PCFR1:5,0,USART3,RX,USART3_RX,PB11,B,11,#,reference,candidates(datasheet-pin-table-default:en)
CH32L103,afio-usart3-rm,PCFR1,PCFR1:4;PCFR1:5,0,USART3,TX,USART3_TX,PB10,B,10,#,reference,candidates(datasheet-pin-table-default:en)
CH32L103,afio-usart3-rm,PCFR1,PCFR1:4;PCFR1:5,2,USART3,CK,USART3_CK,PB12,B,12,#,reference,candidates(datasheet-pin-table+rm-remap-grid:en)
CH32L103,afio-usart3-rm,PCFR1,PCFR1:4;PCFR1:5,2,USART3,CTS,USART3_CTS,PB13,B,13,#,reference,candidates(datasheet-pin-table+rm-remap-grid:en)
CH32L103,afio-usart3-rm,PCFR1,PCFR1:4;PCFR1:5,2,USART3,RTS,USART3_RTS,PB14,B,14,#,reference,candidates(datasheet-pin-table+rm-remap-grid:en)
CH32L103,afio-usart3-rm,PCFR1,PCFR1:4;PCFR1:5,2,USART3,RX,USART3_RX,OSC_IN,,,#,reference,candidates(datasheet-pin-table+rm-remap-grid:en)
CH32L103,afio-usart3-rm,PCFR1,PCFR1:4;PCFR1:5,2,USART3,TX,USART3_TX,OSC_OUT,,,#,reference,candidates(datasheet-pin-table+rm-remap-grid:en)
CH32L103,afio-usart3-rm,PCFR1,PCFR1:4;PCFR1:5,3,USART3,CK,USART3_CK,PB12,B,12,#,reference,candidates(datasheet-pin-table+rm-remap-grid:en)
CH32L103,afio-usart3-rm,PCFR1,PCFR1:4;PCFR1:5,3,USART3,CTS,USART3_CTS,PB13,B,13,#,reference,candidates(datasheet-pin-table+rm-remap-grid:en)
CH32L103,afio-usart3-rm,PCFR1,PCFR1:4;PCFR1:5,3,USART3,RTS,USART3_RTS,PB14,B,14,#,reference,candidates(datasheet-pin-table+rm-remap-grid:en)
CH32L103,afio-usart3-rm,PCFR1,PCFR1:4;PCFR1:5,3,USART3,RX,USART3_RX,OSC_OUT,,,#,reference,candidates(datasheet-pin-table+rm-remap-grid:en)
CH32L103,afio-usart3-rm,PCFR1,PCFR1:4;PCFR1:5,3,USART3,TX,USART3_TX,OSC_IN,,,#,reference,candidates(datasheet-pin-table+rm-remap-grid:en)
CH32L103,afio-usart4-rm,PCFR2,PCFR2:16,0,USART4,CK,USART4_CK,PB2,B,2,#,reference,candidates(datasheet-pin-table-default:en)
CH32L103,afio-usart4-rm,PCFR2,PCFR2:16,0,USART4,CTS,USART4_CTS,PB3,B,3,#,reference,candidates(datasheet-pin-table-default:en)
CH32L103,afio-usart4-rm,PCFR2,PCFR2:16,0,USART4,RTS,USART4_RTS,PB4,B,4,#,reference,candidates(datasheet-pin-table-default:en)
CH32L103,afio-usart4-rm,PCFR2,PCFR2:16,0,USART4,RX,USART4_RX,PB1,B,1,#,reference,candidates(datasheet-pin-table-default:en)
CH32L103,afio-usart4-rm,PCFR2,PCFR2:16,0,USART4,TX,USART4_TX,PB0,B,0,#,reference,candidates(datasheet-pin-table-default:en)
CH32L103,afio-usart4-rm,PCFR2,PCFR2:16,1,USART4,CK,USART4_CK,PA6,A,6,#,reference,candidates(datasheet-pin-table+rm-remap-grid:en)
CH32L103,afio-usart4-rm,PCFR2,PCFR2:16,1,USART4,CTS,USART4_CTS,PA7,A,7,#,reference,candidates(datasheet-pin-table+rm-remap-grid:en)
CH32L103,afio-usart4-rm,PCFR2,PCFR2:16,1,USART4,RTS,USART4_RTS,PA15,A,15,#,reference,candidates(datasheet-pin-table+rm-remap-grid:en)
CH32L103,afio-usart4-rm,PCFR2,PCFR2:16,1,USART4,RX,USART4_RX,PB5,B,5,#,reference,candidates(datasheet-pin-table+rm-remap-grid:en)
CH32L103,afio-usart4-rm,PCFR2,PCFR2:16,1,USART4,TX,USART4_TX,PA5,A,5,#,reference,candidates(datasheet-pin-table+rm-remap-grid:en)
CH32M007,afio-adc-etrginj-remap,PCFR1,PCFR1:18,0,ADC1,IETR,ADC_IETR,PD1,D,1,#,reference,candidates(datasheet-pin-table-default:en)
CH32M007,afio-adc-etrgreg-remap,PCFR1,PCFR1:19,0,ADC1,IN4,ADC_IN4,PD3,D,3,#,reference,candidates(datasheet-pin-table-default:en)
CH32M007,afio-adc-etrgreg-remap,PCFR1,PCFR1:19,0,ADC1,RETR,ADC_RETR,PD3,D,3,#,reference,candidates(datasheet-pin-table-default:en)
CH32M007,afio-adc-etrgreg-remap,PCFR1,PCFR1:19,1,ADC1,RETR,ADC_RETR,PC2,C,2,#,reference,candidates(datasheet-pin-table+rm-remap-grid:en)
CH32M007,afio-i2c1-remap,PCFR1,PCFR1:3;PCFR1:4;PCFR1:5,0,I2C1,SCL,I2C_SCL,PC2,C,2,#,reference,candidates(datasheet-pin-table-default:en)
CH32M007,afio-i2c1-remap,PCFR1,PCFR1:3;PCFR1:4;PCFR1:5,0,I2C1,SDA,I2C_SDA,PC1,C,1,#,reference,candidates(datasheet-pin-table-default:en)
CH32M007,afio-i2c1-remap,PCFR1,PCFR1:3;PCFR1:4;PCFR1:5,1,I2C1,SCL,I2C_SCL,PD1,D,1,#,reference,candidates(datasheet-pin-table+rm-remap-grid:en)
CH32M007,afio-i2c1-remap,PCFR1,PCFR1:3;PCFR1:4;PCFR1:5,2,I2C1,SCL,I2C_SCL,PC5,C,5,#,reference,candidates(datasheet-pin-table+rm-remap-grid:en)
CH32M007,afio-i2c1-remap,PCFR1,PCFR1:3;PCFR1:4;PCFR1:5,2,I2C1,SDA,I2C_SDA,PC4,C,4,#,reference,candidates(datasheet-pin-table+rm-remap-grid:en)
CH32M007,afio-i2c1-remap,PCFR1,PCFR1:3;PCFR1:4;PCFR1:5,4,I2C1,SCL,I2C_SCL,PB3,B,3,#,reference,candidates(datasheet-pin-table+rm-remap-grid:en)
CH32M007,afio-i2c1-remap,PCFR1,PCFR1:3;PCFR1:4;PCFR1:5,4,I2C1,SDA,I2C_SDA,PD1,D,1,#,reference,candidates(datasheet-pin-table+rm-remap-grid:en)
CH32M007,afio-spi1-remap,PCFR1,PCFR1:0;PCFR1:1;PCFR1:2,0,SPI1,MISO,SPI_MISO,PC7,C,7,#,reference,candidates(datasheet-pin-table-default:en)
CH32M007,afio-spi1-remap,PCFR1,PCFR1:0;PCFR1:1;PCFR1:2,0,SPI1,NSS,SPI_NSS,PC1,C,1,#,reference,candidates(datasheet-pin-table-default:en)
CH32M007,afio-spi1-remap,PCFR1,PCFR1:0;PCFR1:1;PCFR1:2,0,SPI1,SCK,SPI_SCK,PC5,C,5,#,reference,candidates(datasheet-pin-table-default:en)
CH32M007,afio-spi1-remap,PCFR1,PCFR1:0;PCFR1:1;PCFR1:2,1,SPI1,MISO,SPI_MISO,PC7,C,7,#,reference,candidates(datasheet-pin-table+rm-remap-grid:en)
CH32M007,afio-spi1-remap,PCFR1,PCFR1:0;PCFR1:1;PCFR1:2,1,SPI1,NSS,SPI_NSS,PC0,C,0,#,reference,candidates(datasheet-pin-table+rm-remap-grid:en)
CH32M007,afio-spi1-remap,PCFR1,PCFR1:0;PCFR1:1;PCFR1:2,1,SPI1,SCK,SPI_SCK,PC5,C,5,#,reference,candidates(datasheet-pin-table+rm-remap-grid:en)
CH32M007,afio-spi1-remap,PCFR1,PCFR1:0;PCFR1:1;PCFR1:2,2,SPI1,MISO,SPI_MISO,PB3,B,3,#,reference,candidates(datasheet-pin-table+rm-remap-grid:en)
CH32M007,afio-spi1-remap,PCFR1,PCFR1:0;PCFR1:1;PCFR1:2,2,SPI1,MOSI,SPI_MOSI,PD3,D,3,#,reference,candidates(datasheet-pin-table+rm-remap-grid:en)
CH32M007,afio-spi1-remap,PCFR1,PCFR1:0;PCFR1:1;PCFR1:2,2,SPI1,NSS,SPI_NSS,PC4,C,4,#,reference,candidates(datasheet-pin-table+rm-remap-grid:en)
CH32M007,afio-spi1-remap,PCFR1,PCFR1:0;PCFR1:1;PCFR1:2,2,SPI1,SCK,SPI_SCK,PD2,D,2,#,reference,candidates(datasheet-pin-table+rm-remap-grid:en)
CH32M007,afio-spi1-remap,PCFR1,PCFR1:0;PCFR1:1;PCFR1:2,3,SPI1,MOSI,SPI_MOSI,PC0,C,0,#,reference,candidates(datasheet-pin-table+rm-remap-grid:en)
CH32M007,afio-spi1-remap,PCFR1,PCFR1:0;PCFR1:1;PCFR1:2,4,SPI1,MISO,SPI_MISO,PD5,D,5,#,reference,candidates(datasheet-pin-table+rm-remap-grid:en)
CH32M007,afio-spi1-remap,PCFR1,PCFR1:0;PCFR1:1;PCFR1:2,4,SPI1,MOSI,SPI_MOSI,PD6,D,6,#,reference,candidates(datasheet-pin-table+rm-remap-grid:en)
CH32M007,afio-spi1-remap,PCFR1,PCFR1:0;PCFR1:1;PCFR1:2,4,SPI1,NSS,SPI_NSS,PD3,D,3,#,reference,candidates(datasheet-pin-table+rm-remap-grid:en)
CH32M007,afio-spi1-remap,PCFR1,PCFR1:0;PCFR1:1;PCFR1:2,4,SPI1,SCK,SPI_SCK,PD4,D,4,#,reference,candidates(datasheet-pin-table+rm-remap-grid:en)
CH32M007,afio-spi1-remap,PCFR1,PCFR1:0;PCFR1:1;PCFR1:2,5,SPI1,NSS,SPI_NSS,PC1,C,1,#,reference,candidates(datasheet-pin-table+rm-remap-grid:en)
CH32M007,afio-spi1-remap,PCFR1,PCFR1:0;PCFR1:1;PCFR1:2,5,SPI1,SCK,SPI_SCK,PA1,A,1,#,reference,candidates(datasheet-pin-table+rm-remap-grid:en)
CH32M007,afio-spi1-remap,PCFR1,PCFR1:0;PCFR1:1;PCFR1:2,6,SPI1,MISO,SPI_MISO,PC7,C,7,#,reference,candidates(datasheet-pin-table+rm-remap-grid:en)
CH32M007,afio-spi1-remap,PCFR1,PCFR1:0;PCFR1:1;PCFR1:2,6,SPI1,NSS,SPI_NSS,PC4,C,4,#,reference,candidates(datasheet-pin-table+rm-remap-grid:en)
CH32M007,afio-tim1-remap,PCFR1,PCFR1:10;PCFR1:11;PCFR1:12;PCFR1:13,0,TIM1,BKIN,TIM1_BKIN,PC2,C,2,#,reference,candidates(datasheet-pin-table-default:en)
CH32M007,afio-tim1-remap,PCFR1,PCFR1:10;PCFR1:11;PCFR1:12;PCFR1:13,0,TIM1,CH1,TIM1_CH1,PD2,D,2,#,reference,candidates(datasheet-pin-table-default:en)
CH32M007,afio-tim1-remap,PCFR1,PCFR1:10;PCFR1:11;PCFR1:12;PCFR1:13,0,TIM1,CH2,TIM1_CH2,PA1,A,1,#,reference,candidates(datasheet-pin-table-default:en)
CH32M007,afio-tim1-remap,PCFR1,PCFR1:10;PCFR1:11;PCFR1:12;PCFR1:13,0,TIM1,CH3N,TIM1_CH3N,PD1,D,1,#,reference,candidates(datasheet-pin-table-default:en)
CH32M007,afio-tim1-remap,PCFR1,PCFR1:10;PCFR1:11;PCFR1:12;PCFR1:13,0,TIM1,CH4,TIM1_CH4,PC4,C,4,#,reference,candidates(datasheet-pin-table-default:en)
CH32M007,afio-tim1-remap,PCFR1,PCFR1:10;PCFR1:11;PCFR1:12;PCFR1:13,0,TIM1,ETR,TIM1_ETR,PC5,C,5,#,reference,candidates(datasheet-pin-table-default:en)
CH32M007,afio-tim1-remap,PCFR1,PCFR1:10;PCFR1:11;PCFR1:12;PCFR1:13,1,TIM1,BKIN,TIM1_BKIN,PC2,C,2,#,reference,candidates(datasheet-pin-table+rm-remap-grid:en)
CH32M007,afio-tim1-remap,PCFR1,PCFR1:10;PCFR1:11;PCFR1:12;PCFR1:13,1,TIM1,CH1,TIM1_CH1,PD2,D,2,#,reference,candidates(datasheet-pin-table+rm-remap-grid:en)
CH32M007,afio-tim1-remap,PCFR1,PCFR1:10;PCFR1:11;PCFR1:12;PCFR1:13,1,TIM1,CH2,TIM1_CH2,PA1,A,1,#,reference,candidates(datasheet-pin-table+rm-remap-grid:en)
CH32M007,afio-tim1-remap,PCFR1,PCFR1:10;PCFR1:11;PCFR1:12;PCFR1:13,1,TIM1,CH3N,TIM1_CH3N,PD1,D,1,#,reference,candidates(datasheet-pin-table+rm-remap-grid:en)
CH32M007,afio-tim1-remap,PCFR1,PCFR1:10;PCFR1:11;PCFR1:12;PCFR1:13,1,TIM1,CH4,TIM1_CH4,PC4,C,4,#,reference,candidates(datasheet-pin-table+rm-remap-grid:en)
CH32M007,afio-tim1-remap,PCFR1,PCFR1:10;PCFR1:11;PCFR1:12;PCFR1:13,1,TIM1,ETR,TIM1_ETR,PD4,D,4,#,reference,candidates(datasheet-pin-table+rm-remap-grid:en)
CH32M007,afio-tim1-remap,PCFR1,PCFR1:10;PCFR1:11;PCFR1:12;PCFR1:13,2,TIM1,BKIN,TIM1_BKIN,PC1,C,1,#,reference,candidates(datasheet-pin-table+rm-remap-grid:en)
CH32M007,afio-tim1-remap,PCFR1,PCFR1:10;PCFR1:11;PCFR1:12;PCFR1:13,2,TIM1,CH2,TIM1_CH2,PC7,C,7,#,reference,candidates(datasheet-pin-table+rm-remap-grid:en)
CH32M007,afio-tim1-remap,PCFR1,PCFR1:10;PCFR1:11;PCFR1:12;PCFR1:13,2,TIM1,CH2N,TIM1_CH2N,PC4,C,4,#,reference,candidates(datasheet-pin-table+rm-remap-grid:en)
CH32M007,afio-tim1-remap,PCFR1,PCFR1:10;PCFR1:11;PCFR1:12;PCFR1:13,2,TIM1,CH3,TIM1_CH3,PC0,C,0,#,reference,candidates(datasheet-pin-table+rm-remap-grid:en)
CH32M007,afio-tim1-remap,PCFR1,PCFR1:10;PCFR1:11;PCFR1:12;PCFR1:13,2,TIM1,CH3N,TIM1_CH3N,PD1,D,1,#,reference,candidates(datasheet-pin-table+rm-remap-grid:en)
CH32M007,afio-tim1-remap,PCFR1,PCFR1:10;PCFR1:11;PCFR1:12;PCFR1:13,2,TIM1,CH4,TIM1_CH4,PD3,D,3,#,reference,candidates(datasheet-pin-table+rm-remap-grid:en)
CH32M007,afio-tim1-remap,PCFR1,PCFR1:10;PCFR1:11;PCFR1:12;PCFR1:13,2,TIM1,ETR,TIM1_ETR,PC5,C,5,#,reference,candidates(datasheet-pin-table+rm-remap-grid:en)
CH32M007,afio-tim1-remap,PCFR1,PCFR1:10;PCFR1:11;PCFR1:12;PCFR1:13,3,TIM1,BKIN,TIM1_BKIN,PC1,C,1,#,reference,candidates(datasheet-pin-table+rm-remap-grid:en)
CH32M007,afio-tim1-remap,PCFR1,PCFR1:10;PCFR1:11;PCFR1:12;PCFR1:13,3,TIM1,CH1,TIM1_CH1,PC4,C,4,#,reference,candidates(datasheet-pin-table+rm-remap-grid:en)
CH32M007,afio-tim1-remap,PCFR1,PCFR1:10;PCFR1:11;PCFR1:12;PCFR1:13,3,TIM1,CH2,TIM1_CH2,PC7,C,7,#,reference,candidates(datasheet-pin-table+rm-remap-grid:en)
CH32M007,afio-tim1-remap,PCFR1,PCFR1:10;PCFR1:11;PCFR1:12;PCFR1:13,3,TIM1,CH2N,TIM1_CH2N,PD2,D,2,#,reference,candidates(datasheet-pin-table+rm-remap-grid:en)
CH32M007,afio-tim1-remap,PCFR1,PCFR1:10;PCFR1:11;PCFR1:12;PCFR1:13,3,TIM1,CH3,TIM1_CH3,PC5,C,5,#,reference,candidates(datasheet-pin-table+rm-remap-grid:en)
CH32M007,afio-tim1-remap,PCFR1,PCFR1:10;PCFR1:11;PCFR1:12;PCFR1:13,3,TIM1,CH4,TIM1_CH4,PD4,D,4,#,reference,candidates(datasheet-pin-table+rm-remap-grid:en)
CH32M007,afio-tim1-remap,PCFR1,PCFR1:10;PCFR1:11;PCFR1:12;PCFR1:13,3,TIM1,ETR,TIM1_ETR,PC2,C,2,#,reference,candidates(datasheet-pin-table+rm-remap-grid:en)
CH32M007,afio-tim1-remap,PCFR1,PCFR1:10;PCFR1:11;PCFR1:12;PCFR1:13,4,TIM1,BKIN,TIM1_BKIN,PB3,B,3,#,reference,candidates(datasheet-pin-table+rm-remap-grid:en)
CH32M007,afio-tim1-remap,PCFR1,PCFR1:10;PCFR1:11;PCFR1:12;PCFR1:13,4,TIM1,CH4,TIM1_CH4,PD1,D,1,#,reference,candidates(datasheet-pin-table+rm-remap-grid:en)
CH32M007,afio-tim1-remap,PCFR1,PCFR1:10;PCFR1:11;PCFR1:12;PCFR1:13,4,TIM1,ETR,TIM1_ETR,PD4,D,4,#,reference,candidates(datasheet-pin-table+rm-remap-grid:en)
CH32M007,afio-tim1-remap,PCFR1,PCFR1:10;PCFR1:11;PCFR1:12;PCFR1:13,5,TIM1,BKIN,TIM1_BKIN,PB3,B,3,#,reference,candidates(datasheet-pin-table+rm-remap-grid:en)
CH32M007,afio-tim1-remap,PCFR1,PCFR1:10;PCFR1:11;PCFR1:12;PCFR1:13,5,TIM1,CH4,TIM1_CH4,PD1,D,1,#,reference,candidates(datasheet-pin-table+rm-remap-grid:en)
CH32M007,afio-tim1-remap,PCFR1,PCFR1:10;PCFR1:11;PCFR1:12;PCFR1:13,5,TIM1,ETR,TIM1_ETR,PD4,D,4,#,reference,candidates(datasheet-pin-table+rm-remap-grid:en)
CH32M007,afio-tim1-remap,PCFR1,PCFR1:10;PCFR1:11;PCFR1:12;PCFR1:13,6,TIM1,ETR,TIM1_ETR,PD4,D,4,#,reference,candidates(datasheet-pin-table+rm-remap-grid:en)
CH32M007,afio-tim1-remap,PCFR1,PCFR1:10;PCFR1:11;PCFR1:12;PCFR1:13,7,TIM1,CH1,TIM1_CH1,PC4,C,4,#,reference,candidates(datasheet-pin-table+rm-remap-grid:en)
CH32M007,afio-tim1-remap,PCFR1,PCFR1:10;PCFR1:11;PCFR1:12;PCFR1:13,7,TIM1,CH1N,TIM1_CH1N,PC0,C,0,#,reference,candidates(datasheet-pin-table+rm-remap-grid:en)
CH32M007,afio-tim1-remap,PCFR1,PCFR1:10;PCFR1:11;PCFR1:12;PCFR1:13,7,TIM1,CH2,TIM1_CH2,PC5,C,5,#,reference,candidates(datasheet-pin-table+rm-remap-grid:en)
CH32M007,afio-tim1-remap,PCFR1,PCFR1:10;PCFR1:11;PCFR1:12;PCFR1:13,7,TIM1,CH2N,TIM1_CH2N,PC1,C,1,#,reference,candidates(datasheet-pin-table+rm-remap-grid:en)
CH32M007,afio-tim1-remap,PCFR1,PCFR1:10;PCFR1:11;PCFR1:12;PCFR1:13,7,TIM1,CH3N,TIM1_CH3N,PC2,C,2,#,reference,candidates(datasheet-pin-table+rm-remap-grid:en)
CH32M007,afio-tim1-remap,PCFR1,PCFR1:10;PCFR1:11;PCFR1:12;PCFR1:13,7,TIM1,CH4,TIM1_CH4,PC7,C,7,#,reference,candidates(datasheet-pin-table+rm-remap-grid:en)
CH32M007,afio-tim1-remap,PCFR1,PCFR1:10;PCFR1:11;PCFR1:12;PCFR1:13,8,TIM1,CH1,TIM1_CH1,PC4,C,4,#,reference,candidates(datasheet-pin-table+rm-remap-grid:en)
CH32M007,afio-tim1-remap,PCFR1,PCFR1:10;PCFR1:11;PCFR1:12;PCFR1:13,8,TIM1,CH2,TIM1_CH2,PC5,C,5,#,reference,candidates(datasheet-pin-table+rm-remap-grid:en)
CH32M007,afio-tim1-remap,PCFR1,PCFR1:10;PCFR1:11;PCFR1:12;PCFR1:13,8,TIM1,CH4,TIM1_CH4,PC7,C,7,#,reference,candidates(datasheet-pin-table+rm-remap-grid:en)
CH32M007,afio-tim1-remap,PCFR1,PCFR1:10;PCFR1:11;PCFR1:12;PCFR1:13,9,TIM1,CH1N,TIM1_CH1N,PC0,C,0,#,reference,candidates(datasheet-pin-table+rm-remap-grid:en)
CH32M007,afio-tim1-remap,PCFR1,PCFR1:10;PCFR1:11;PCFR1:12;PCFR1:13,9,TIM1,CH2,TIM1_CH2,PA1,A,1,#,reference,candidates(datasheet-pin-table+rm-remap-grid:en)
CH32M007,afio-tim1-remap,PCFR1,PCFR1:10;PCFR1:11;PCFR1:12;PCFR1:13,9,TIM1,CH2N,TIM1_CH2N,PC1,C,1,#,reference,candidates(datasheet-pin-table+rm-remap-grid:en)
CH32M007,afio-tim1-remap,PCFR1,PCFR1:10;PCFR1:11;PCFR1:12;PCFR1:13,9,TIM1,CH3N,TIM1_CH3N,PC2,C,2,#,reference,candidates(datasheet-pin-table+rm-remap-grid:en)
CH32M007,afio-tim2-remap,PCFR1,PCFR1:14;PCFR1:15;PCFR1:16,0,TIM2,CH1_ETR,TIM2_CH1_ETR,PD4,D,4,#,reference,candidates(datasheet-pin-table-default:en)
CH32M007,afio-tim2-remap,PCFR1,PCFR1:14;PCFR1:15;PCFR1:16,0,TIM2,CH2,TIM2_CH2,PD3,D,3,#,reference,candidates(datasheet-pin-table-default:en)
CH32M007,afio-tim2-remap,PCFR1,PCFR1:14;PCFR1:15;PCFR1:16,0,TIM2,CH3,TIM2_CH3,PC0,C,0,#,reference,candidates(datasheet-pin-table-default:en)
CH32M007,afio-tim2-remap,PCFR1,PCFR1:14;PCFR1:15;PCFR1:16,0,TIM2,CH4,TIM2_CH4,PD7,D,7,#,reference,candidates(datasheet-pin-table-default:en)
CH32M007,afio-tim2-remap,PCFR1,PCFR1:14;PCFR1:15;PCFR1:16,1,TIM2,CH1_ETR,TIM2_CH1_ETR,PC1,C,1,#,reference,candidates(datasheet-pin-table+rm-remap-grid:en)
CH32M007,afio-tim2-remap,PCFR1,PCFR1:14;PCFR1:15;PCFR1:16,1,TIM2,CH2,TIM2_CH2,PD3,D,3,#,reference,candidates(datasheet-pin-table+rm-remap-grid:en)
CH32M007,afio-tim2-remap,PCFR1,PCFR1:14;PCFR1:15;PCFR1:16,1,TIM2,CH3,TIM2_CH3,PC0,C,0,#,reference,candidates(datasheet-pin-table+rm-remap-grid:en)
CH32M007,afio-tim2-remap,PCFR1,PCFR1:14;PCFR1:15;PCFR1:16,1,TIM2,CH4,TIM2_CH4,PD7,D,7,#,reference,candidates(datasheet-pin-table+rm-remap-grid:en)
CH32M007,afio-tim2-remap,PCFR1,PCFR1:14;PCFR1:15;PCFR1:16,2,TIM2,CH1_ETR,TIM2_CH1_ETR,PC5,C,5,#,reference,candidates(datasheet-pin-table+rm-remap-grid:en)
CH32M007,afio-tim2-remap,PCFR1,PCFR1:14;PCFR1:15;PCFR1:16,2,TIM2,CH2,TIM2_CH2,PB3,B,3,#,reference,candidates(datasheet-pin-table+rm-remap-grid:en)
CH32M007,afio-tim2-remap,PCFR1,PCFR1:14;PCFR1:15;PCFR1:16,2,TIM2,CH3,TIM2_CH3,PD2,D,2,#,reference,candidates(datasheet-pin-table+rm-remap-grid:en)
CH32M007,afio-tim2-remap,PCFR1,PCFR1:14;PCFR1:15;PCFR1:16,2,TIM2,CH4,TIM2_CH4,PC1,C,1,#,reference,candidates(datasheet-pin-table+rm-remap-grid:en)
CH32M007,afio-tim2-remap,PCFR1,PCFR1:14;PCFR1:15;PCFR1:16,3,TIM2,CH1_ETR,TIM2_CH1_ETR,PC1,C,1,#,reference,candidates(datasheet-pin-table+rm-remap-grid:en)
CH32M007,afio-tim2-remap,PCFR1,PCFR1:14;PCFR1:15;PCFR1:16,3,TIM2,CH2,TIM2_CH2,PC7,C,7,#,reference,candidates(datasheet-pin-table+rm-remap-grid:en)
CH32M007,afio-tim2-remap,PCFR1,PCFR1:14;PCFR1:15;PCFR1:16,3,TIM2,CH3,TIM2_CH3,PD6,D,6,#,reference,candidates(datasheet-pin-table+rm-remap-grid:en)
CH32M007,afio-tim2-remap,PCFR1,PCFR1:14;PCFR1:15;PCFR1:16,3,TIM2,CH4,TIM2_CH4,PD5,D,5,#,reference,candidates(datasheet-pin-table+rm-remap-grid:en)
CH32M007,afio-tim2-remap,PCFR1,PCFR1:14;PCFR1:15;PCFR1:16,4,TIM2,CH1_ETR,TIM2_CH1_ETR,PC0,C,0,#,reference,candidates(datasheet-pin-table+rm-remap-grid:en)
CH32M007,afio-tim2-remap,PCFR1,PCFR1:14;PCFR1:15;PCFR1:16,4,TIM2,CH2,TIM2_CH2,PC1,C,1,#,reference,candidates(datasheet-pin-table+rm-remap-grid:en)
CH32M007,afio-tim2-remap,PCFR1,PCFR1:14;PCFR1:15;PCFR1:16,5,TIM2,CH2,TIM2_CH2,PA1,A,1,#,reference,candidates(datasheet-pin-table+rm-remap-grid:en)
CH32M007,afio-tim2-remap,PCFR1,PCFR1:14;PCFR1:15;PCFR1:16,6,TIM2,CH2,TIM2_CH2,PA1,A,1,#,reference,candidates(datasheet-pin-table+rm-remap-grid:en)
CH32M007,afio-tim2-remap,PCFR1,PCFR1:14;PCFR1:15;PCFR1:16,7,TIM2,CH1_ETR,TIM2_CH1_ETR,PD3,D,3,#,reference,candidates(datasheet-pin-table+rm-remap-grid:en)
CH32M007,afio-tim2-remap,PCFR1,PCFR1:14;PCFR1:15;PCFR1:16,7,TIM2,CH2,TIM2_CH2,PD4,D,4,#,reference,candidates(datasheet-pin-table+rm-remap-grid:en)
CH32M007,afio-usart1-remap,PCFR1,PCFR1:6;PCFR1:7;PCFR1:8;PCFR1:9,0,USART1,CTS,USART1_CTS,PD3,D,3,#,reference,candidates(datasheet-pin-table-default:en)
CH32M007,afio-usart1-remap,PCFR1,PCFR1:6;PCFR1:7;PCFR1:8;PCFR1:9,0,USART1,RTS,USART1_RTS,PC2,C,2,#,reference,candidates(datasheet-pin-table-default:en)
CH32M007,afio-usart1-remap,PCFR1,PCFR1:6;PCFR1:7;PCFR1:8;PCFR1:9,0,USART1,RX,USART1_RX,PD6,D,6,#,reference,candidates(datasheet-pin-table-default:en)
CH32M007,afio-usart1-remap,PCFR1,PCFR1:6;PCFR1:7;PCFR1:8;PCFR1:9,0,USART1,TX,USART1_TX,PD5,D,5,#,reference,candidates(datasheet-pin-table-default:en)
CH32M007,afio-usart1-remap,PCFR1,PCFR1:6;PCFR1:7;PCFR1:8;PCFR1:9,1,USART1,RTS,USART1_RTS,PC7,C,7,#,reference,candidates(datasheet-pin-table+rm-remap-grid:en)
CH32M007,afio-usart1-remap,PCFR1,PCFR1:6;PCFR1:7;PCFR1:8;PCFR1:9,1,USART1,RX,USART1_RX,PD5,D,5,#,reference,candidates(datasheet-pin-table+rm-remap-grid:en)
CH32M007,afio-usart1-remap,PCFR1,PCFR1:6;PCFR1:7;PCFR1:8;PCFR1:9,1,USART1,TX,USART1_TX,PD6,D,6,#,reference,candidates(datasheet-pin-table+rm-remap-grid:en)
CH32M007,afio-usart1-remap,PCFR1,PCFR1:6;PCFR1:7;PCFR1:8;PCFR1:9,2,USART1,RTS,USART1_RTS,PC2,C,2,#,reference,candidates(datasheet-pin-table+rm-remap-grid:en)
CH32M007,afio-usart1-remap,PCFR1,PCFR1:6;PCFR1:7;PCFR1:8;PCFR1:9,2,USART1,RX,USART1_RX,PD1,D,1,#,reference,candidates(datasheet-pin-table+rm-remap-grid:en)
CH32M007,afio-usart1-remap,PCFR1,PCFR1:6;PCFR1:7;PCFR1:8;PCFR1:9,3,USART1,RTS,USART1_RTS,PC7,C,7,#,reference,candidates(datasheet-pin-table+rm-remap-grid:en)
CH32M007,afio-usart1-remap,PCFR1,PCFR1:6;PCFR1:7;PCFR1:8;PCFR1:9,3,USART1,RX,USART1_RX,PC1,C,1,#,reference,candidates(datasheet-pin-table+rm-remap-grid:en)
CH32M007,afio-usart1-remap,PCFR1,PCFR1:6;PCFR1:7;PCFR1:8;PCFR1:9,3,USART1,TX,USART1_TX,PC0,C,0,#,reference,candidates(datasheet-pin-table+rm-remap-grid:en)
CH32M007,afio-usart1-remap,PCFR1,PCFR1:6;PCFR1:7;PCFR1:8;PCFR1:9,4,USART1,CTS,USART1_CTS,PD7,D,7,#,reference,candidates(datasheet-pin-table+rm-remap-grid:en)
CH32M007,afio-usart1-remap,PCFR1,PCFR1:6;PCFR1:7;PCFR1:8;PCFR1:9,4,USART1,RTS,USART1_RTS,PA5,A,5,#,reference,candidates(datasheet-pin-table+rm-remap-grid:en)
CH32M007,afio-usart1-remap,PCFR1,PCFR1:6;PCFR1:7;PCFR1:8;PCFR1:9,4,USART1,RX,USART1_RX,PB3,B,3,#,reference,candidates(datasheet-pin-table+rm-remap-grid:en)
CH32M007,afio-usart1-remap,PCFR1,PCFR1:6;PCFR1:7;PCFR1:8;PCFR1:9,4,USART1,TX,USART1_TX,PD1,D,1,#,reference,candidates(datasheet-pin-table+rm-remap-grid:en)
CH32M007,afio-usart1-remap,PCFR1,PCFR1:6;PCFR1:7;PCFR1:8;PCFR1:9,5,USART1,CTS,USART1_CTS,PD7,D,7,#,reference,candidates(datasheet-pin-table+rm-remap-grid:en)
CH32M007,afio-usart1-remap,PCFR1,PCFR1:6;PCFR1:7;PCFR1:8;PCFR1:9,5,USART1,RTS,USART1_RTS,PA5,A,5,#,reference,candidates(datasheet-pin-table+rm-remap-grid:en)
CH32M007,afio-usart1-remap,PCFR1,PCFR1:6;PCFR1:7;PCFR1:8;PCFR1:9,5,USART1,RX,USART1_RX,PD1,D,1,#,reference,candidates(datasheet-pin-table+rm-remap-grid:en)
CH32M007,afio-usart1-remap,PCFR1,PCFR1:6;PCFR1:7;PCFR1:8;PCFR1:9,5,USART1,TX,USART1_TX,PB3,B,3,#,reference,candidates(datasheet-pin-table+rm-remap-grid:en)
CH32M007,afio-usart1-remap,PCFR1,PCFR1:6;PCFR1:7;PCFR1:8;PCFR1:9,6,USART1,CTS,USART1_CTS,PC7,C,7,#,reference,candidates(datasheet-pin-table+rm-remap-grid:en)
CH32M007,afio-usart1-remap,PCFR1,PCFR1:6;PCFR1:7;PCFR1:8;PCFR1:9,6,USART1,TX,USART1_TX,PC5,C,5,#,reference,candidates(datasheet-pin-table+rm-remap-grid:en)
CH32M007,afio-usart1-remap,PCFR1,PCFR1:6;PCFR1:7;PCFR1:8;PCFR1:9,7,USART1,CTS,USART1_CTS,PC7,C,7,#,reference,candidates(datasheet-pin-table+rm-remap-grid:en)
CH32M007,afio-usart1-remap,PCFR1,PCFR1:6;PCFR1:7;PCFR1:8;PCFR1:9,8,USART1,CTS,USART1_CTS,PD2,D,2,#,reference,candidates(datasheet-pin-table+rm-remap-grid:en)
CH32M007,afio-usart1-remap,PCFR1,PCFR1:6;PCFR1:7;PCFR1:8;PCFR1:9,8,USART1,RTS,USART1_RTS,PD3,D,3,#,reference,candidates(datasheet-pin-table+rm-remap-grid:en)
CH32M007,afio-usart1-remap,PCFR1,PCFR1:6;PCFR1:7;PCFR1:8;PCFR1:9,8,USART1,RX,USART1_RX,PA1,A,1,#,reference,candidates(datasheet-pin-table+rm-remap-grid:en)
CH32M007,afio-usart1-remap,PCFR1,PCFR1:6;PCFR1:7;PCFR1:8;PCFR1:9,9,USART1,CTS,USART1_CTS,PD5,D,5,#,reference,candidates(datasheet-pin-table+rm-remap-grid:en)
CH32M007,afio-usart1-remap,PCFR1,PCFR1:6;PCFR1:7;PCFR1:8;PCFR1:9,9,USART1,RTS,USART1_RTS,PD4,D,4,#,reference,candidates(datasheet-pin-table+rm-remap-grid:en)
CH32M007,afio-usart1-remap,PCFR1,PCFR1:6;PCFR1:7;PCFR1:8;PCFR1:9,9,USART1,RX,USART1_RX,PC4,C,4,#,reference,candidates(datasheet-pin-table+rm-remap-grid:en)
CH32M007,afio-usart2-remap,PCFR1,PCFR1:20;PCFR1:21;PCFR1:22,0,USART2,CTS,USART2_CTS,PA4,A,4,#,reference,candidates(datasheet-pin-table-default:en)
CH32M007,afio-usart2-remap,PCFR1,PCFR1:20;PCFR1:21;PCFR1:22,0,USART2,RTS,USART2_RTS,PA5,A,5,#,reference,candidates(datasheet-pin-table-default:en)
CH32M007,afio-usart2-remap,PCFR1,PCFR1:20;PCFR1:21;PCFR1:22,0,USART2,RX,USART2_RX,PB3,B,3,#,reference,candidates(datasheet-pin-table-default:en)
CH32M007,afio-usart2-remap,PCFR1,PCFR1:20;PCFR1:21;PCFR1:22,1,USART2,RTS,USART2_RTS,PB3,B,3,#,reference,candidates(datasheet-pin-table+rm-remap-grid:en)
CH32M007,afio-usart2-remap,PCFR1,PCFR1:20;PCFR1:21;PCFR1:22,1,USART2,RX,USART2_RX,PA5,A,5,#,reference,candidates(datasheet-pin-table+rm-remap-grid:en)
CH32M007,afio-usart2-remap,PCFR1,PCFR1:20;PCFR1:21;PCFR1:22,1,USART2,TX,USART2_TX,PA4,A,4,#,reference,candidates(datasheet-pin-table+rm-remap-grid:en)
CH32M007,afio-usart2-remap,PCFR1,PCFR1:20;PCFR1:21;PCFR1:22,2,USART2,RTS,USART2_RTS,PA1,A,1,#,reference,candidates(datasheet-pin-table+rm-remap-grid:en)
CH32M007,afio-usart2-remap,PCFR1,PCFR1:20;PCFR1:21;PCFR1:22,3,USART2,RTS,USART2_RTS,PA1,A,1,#,reference,candidates(datasheet-pin-table+rm-remap-grid:en)
CH32M007,afio-usart2-remap,PCFR1,PCFR1:20;PCFR1:21;PCFR1:22,3,USART2,RX,USART2_RX,PD3,D,3,#,reference,candidates(datasheet-pin-table+rm-remap-grid:en)
CH32M007,afio-usart2-remap,PCFR1,PCFR1:20;PCFR1:21;PCFR1:22,3,USART2,TX,USART2_TX,PD2,D,2,#,reference,candidates(datasheet-pin-table+rm-remap-grid:en)
CH32M007,afio-usart2-remap,PCFR1,PCFR1:20;PCFR1:21;PCFR1:22,4,USART2,RTS,USART2_RTS,PA1,A,1,#,reference,candidates(datasheet-pin-table+rm-remap-grid:en)
CH32M007,afio-usart2-remap,PCFR1,PCFR1:20;PCFR1:21;PCFR1:22,5,USART2,CTS,USART2_CTS,PA4,A,4,#,reference,candidates(datasheet-pin-table+rm-remap-grid:en)
CH32M007,afio-usart2-remap,PCFR1,PCFR1:20;PCFR1:21;PCFR1:22,5,USART2,RTS,USART2_RTS,PA1,A,1,#,reference,candidates(datasheet-pin-table+rm-remap-grid:en)
CH32M007,afio-usart2-remap,PCFR1,PCFR1:20;PCFR1:21;PCFR1:22,5,USART2,RX,USART2_RX,PD1,D,1,#,reference,candidates(datasheet-pin-table+rm-remap-grid:en)
CH32M007,afio-usart2-remap,PCFR1,PCFR1:20;PCFR1:21;PCFR1:22,5,USART2,TX,USART2_TX,PC4,C,4,#,reference,candidates(datasheet-pin-table+rm-remap-grid:en)
CH32M007,afio-usart2-remap,PCFR1,PCFR1:20;PCFR1:21;PCFR1:22,6,USART2,RTS,USART2_RTS,PB3,B,3,#,reference,candidates(datasheet-pin-table+rm-remap-grid:en)
CH32M007,afio-usart2-remap,PCFR1,PCFR1:20;PCFR1:21;PCFR1:22,6,USART2,RX,USART2_RX,PA5,A,5,#,reference,candidates(datasheet-pin-table+rm-remap-grid:en)
CH32M030,afio-adc-etrgin-remap,PCFR1,PCFR1:15,0,ADC1,ETR,ADC_ETR,PA14,A,14,#,reference,candidates(datasheet-pin-table-default:en)
CH32M030,afio-adc-etrgin-remap,PCFR1,PCFR1:15,0,ADC1,IN0,ADC_IN0,PB2,B,2,#,reference,candidates(datasheet-pin-table-default:en)
CH32M030,afio-adc-etrgin-remap,PCFR1,PCFR1:15,0,ADC1,IN1,ADC_IN1,PB3,B,3,#,reference,candidates(datasheet-pin-table-default:en)
CH32M030,afio-adc-etrgin-remap,PCFR1,PCFR1:15,0,ADC1,IN10,ADC_IN10,PA15,A,15,#,reference,candidates(datasheet-pin-table-default:en)
CH32M030,afio-adc-etrgin-remap,PCFR1,PCFR1:15,0,ADC1,IN11,ADC_IN11,PB0,B,0,#,reference,candidates(datasheet-pin-table-default:en)
CH32M030,afio-adc-etrgin-remap,PCFR1,PCFR1:15,0,ADC1,IN12,ADC_IN12,PB1,B,1,#,reference,candidates(datasheet-pin-table-default:en)
CH32M030,afio-adc-etrgin-remap,PCFR1,PCFR1:15,0,ADC1,IN13,ADC_IN13,PA0,A,0,#,reference,candidates(datasheet-pin-table-default:en)
CH32M030,afio-adc-etrgin-remap,PCFR1,PCFR1:15,0,ADC1,IN14,ADC_IN14,PA1,A,1,#,reference,candidates(datasheet-pin-table-default:en)
CH32M030,afio-adc-etrgin-remap,PCFR1,PCFR1:15,0,ADC1,IN15,ADC_IN15,PA2,A,2,#,reference,candidates(datasheet-pin-table-default:en)
CH32M030,afio-adc-etrgin-remap,PCFR1,PCFR1:15,0,ADC1,IN16,ADC_IN16,PA3,A,3,#,reference,candidates(datasheet-pin-table-default:en)
CH32M030,afio-adc-etrgin-remap,PCFR1,PCFR1:15,0,ADC1,IN17,ADC_IN17,PB4,B,4,#,reference,candidates(datasheet-pin-table-default:en)
CH32M030,afio-adc-etrgin-remap,PCFR1,PCFR1:15,0,ADC1,IN18,ADC_IN18,PA13,A,13,#,reference,candidates(datasheet-pin-table-default:en)
CH32M030,afio-adc-etrgin-remap,PCFR1,PCFR1:15,0,ADC1,IN19,ADC_IN19,PA12,A,12,#,reference,candidates(datasheet-pin-table-default:en)
CH32M030,afio-adc-etrgin-remap,PCFR1,PCFR1:15,0,ADC1,IN2,ADC_IN2,PA7,A,7,#,reference,candidates(datasheet-pin-table-default:en)
CH32M030,afio-adc-etrgin-remap,PCFR1,PCFR1:15,0,ADC1,IN3,ADC_IN3,PB5,B,5,#,reference,candidates(datasheet-pin-table-default:en)
CH32M030,afio-adc-etrgin-remap,PCFR1,PCFR1:15,0,ADC1,IN4,ADC_IN4,PB6,B,6,#,reference,candidates(datasheet-pin-table-default:en)
CH32M030,afio-adc-etrgin-remap,PCFR1,PCFR1:15,0,ADC1,IN5,ADC_IN5,PA4,A,4,#,reference,candidates(datasheet-pin-table-default:en)
CH32M030,afio-adc-etrgin-remap,PCFR1,PCFR1:15,0,ADC1,IN6,ADC_IN6,PA5,A,5,#,reference,candidates(datasheet-pin-table-default:en)
CH32M030,afio-adc-etrgin-remap,PCFR1,PCFR1:15,0,ADC1,IN7,ADC_IN7,PA8,A,8,#,reference,candidates(datasheet-pin-table-default:en)
CH32M030,afio-adc-etrgin-remap,PCFR1,PCFR1:15,0,ADC1,IN8,ADC_IN8,PA11,A,11,#,reference,candidates(datasheet-pin-table-default:en)
CH32M030,afio-adc-etrgin-remap,PCFR1,PCFR1:15,0,ADC1,IN9,ADC_IN9,PA14,A,14,#,reference,candidates(datasheet-pin-table-default:en)
CH32M030,afio-adc-etrgin-remap,PCFR1,PCFR1:15,1,ADC1,ETR,ADC_ETR,PB6,B,6,#,reference,candidates(datasheet-pin-table+rm-remap-grid:en)
CH32M030,afio-i2c1-remap,PCFR1,PCFR1:0;PCFR1:1,0,I2C1,SCL,I2C_SCL,PB3,B,3,#,reference,candidates(datasheet-pin-table-default:en)
CH32M030,afio-i2c1-remap,PCFR1,PCFR1:0;PCFR1:1,0,I2C1,SDA,I2C_SDA,PB2,B,2,#,reference,candidates(datasheet-pin-table-default:en)
CH32M030,afio-i2c1-remap,PCFR1,PCFR1:0;PCFR1:1,1,I2C1,SCL,I2C_SCL,PA2,A,2,#,reference,candidates(datasheet-pin-table+rm-remap-grid:en)
CH32M030,afio-i2c1-remap,PCFR1,PCFR1:0;PCFR1:1,1,I2C1,SDA,I2C_SDA,PB6,B,6,#,reference,candidates(datasheet-pin-table+rm-remap-grid:en)
CH32M030,afio-i2c1-remap,PCFR1,PCFR1:0;PCFR1:1,2,I2C1,SCL,I2C_SCL,PA15,A,15,#,reference,candidates(datasheet-pin-table+rm-remap-grid:en)
CH32M030,afio-i2c1-remap,PCFR1,PCFR1:0;PCFR1:1,2,I2C1,SDA,I2C_SDA,PA14,A,14,#,reference,candidates(datasheet-pin-table+rm-remap-grid:en)
CH32M030,afio-i2c1-remap,PCFR1,PCFR1:0;PCFR1:1,3,I2C1,SCL,I2C_SCL,PA2,A,2,#,reference,candidates(datasheet-pin-table+rm-remap-grid:en)
CH32M030,afio-i2c1-remap,PCFR1,PCFR1:0;PCFR1:1,3,I2C1,SDA,I2C_SDA,PA3,A,3,#,reference,candidates(datasheet-pin-table+rm-remap-grid:en)
CH32M030,afio-spi1-remap,PCFR1,PCFR1:5;PCFR1:6,0,SPI1,MISO,SPI_MISO,PC4,C,4,#,reference,candidates(datasheet-pin-table-default:en)
CH32M030,afio-spi1-remap,PCFR1,PCFR1:5;PCFR1:6,0,SPI1,MOSI,SPI_MOSI,PC3,C,3,#,reference,candidates(datasheet-pin-table-default:en)
CH32M030,afio-spi1-remap,PCFR1,PCFR1:5;PCFR1:6,0,SPI1,NSS,SPI_NSS,PA0,A,0,#,reference,candidates(datasheet-pin-table-default:en)
CH32M030,afio-spi1-remap,PCFR1,PCFR1:5;PCFR1:6,0,SPI1,SCK,SPI_SCK,PA1,A,1,#,reference,candidates(datasheet-pin-table-default:en)
CH32M030,afio-spi1-remap,PCFR1,PCFR1:5;PCFR1:6,1,SPI1,MISO,SPI_MISO,PA4,A,4,#,reference,candidates(datasheet-pin-table+rm-remap-grid:en)
CH32M030,afio-spi1-remap,PCFR1,PCFR1:5;PCFR1:6,1,SPI1,MOSI,SPI_MOSI,PB5,B,5,#,reference,candidates(datasheet-pin-table+rm-remap-grid:en)
CH32M030,afio-spi1-remap,PCFR1,PCFR1:5;PCFR1:6,1,SPI1,NSS,SPI_NSS,PA2,A,2,#,reference,candidates(datasheet-pin-table+rm-remap-grid:en)
CH32M030,afio-spi1-remap,PCFR1,PCFR1:5;PCFR1:6,1,SPI1,SCK,SPI_SCK,PB6,B,6,#,reference,candidates(datasheet-pin-table+rm-remap-grid:en)
CH32M030,afio-spi1-remap,PCFR1,PCFR1:5;PCFR1:6,2,SPI1,MISO,SPI_MISO,PC4,C,4,#,reference,candidates(datasheet-pin-table+rm-remap-grid:en)
CH32M030,afio-spi1-remap,PCFR1,PCFR1:5;PCFR1:6,2,SPI1,MOSI,SPI_MOSI,PA11,A,11,#,reference,candidates(datasheet-pin-table+rm-remap-grid:en)
CH32M030,afio-spi1-remap,PCFR1,PCFR1:5;PCFR1:6,2,SPI1,NSS,SPI_NSS,PA0,A,0,#,reference,candidates(datasheet-pin-table+rm-remap-grid:en)
CH32M030,afio-spi1-remap,PCFR1,PCFR1:5;PCFR1:6,2,SPI1,SCK,SPI_SCK,PA1,A,1,#,reference,candidates(datasheet-pin-table+rm-remap-grid:en)
CH32M030,afio-spi1-remap,PCFR1,PCFR1:5;PCFR1:6,3,SPI1,MISO,SPI_MISO,PA4,A,4,#,reference,candidates(datasheet-pin-table+rm-remap-grid:en)
CH32M030,afio-spi1-remap,PCFR1,PCFR1:5;PCFR1:6,3,SPI1,MOSI,SPI_MOSI,PA8,A,8,#,reference,candidates(datasheet-pin-table+rm-remap-grid:en)
CH32M030,afio-spi1-remap,PCFR1,PCFR1:5;PCFR1:6,3,SPI1,NSS,SPI_NSS,PA2,A,2,#,reference,candidates(datasheet-pin-table+rm-remap-grid:en)
CH32M030,afio-spi1-remap,PCFR1,PCFR1:5;PCFR1:6,3,SPI1,SCK,SPI_SCK,PA1,A,1,#,reference,candidates(datasheet-pin-table+rm-remap-grid:en)
CH32M030,afio-tim1-remap,PCFR1,PCFR1:7;PCFR1:8;PCFR1:9,0,TIM1,BKIN,TIM1_BKIN,PA15,A,15,#,reference,candidates(datasheet-pin-table-default:en)
CH32M030,afio-tim1-remap,PCFR1,PCFR1:7;PCFR1:8;PCFR1:9,0,TIM1,CH1,TIM1_CH1,PB9,B,9,#,reference,candidates(datasheet-pin-table-default:en)
CH32M030,afio-tim1-remap,PCFR1,PCFR1:7;PCFR1:8;PCFR1:9,0,TIM1,CH1N,TIM1_CH1N,PB8,B,8,#,reference,candidates(datasheet-pin-table-default:en)
CH32M030,afio-tim1-remap,PCFR1,PCFR1:7;PCFR1:8;PCFR1:9,0,TIM1,CH2,TIM1_CH2,PB11,B,11,#,reference,candidates(datasheet-pin-table-default:en)
CH32M030,afio-tim1-remap,PCFR1,PCFR1:7;PCFR1:8;PCFR1:9,0,TIM1,CH2N,TIM1_CH2N,PB10,B,10,#,reference,candidates(datasheet-pin-table-default:en)
CH32M030,afio-tim1-remap,PCFR1,PCFR1:7;PCFR1:8;PCFR1:9,0,TIM1,CH3,TIM1_CH3,PB13,B,13,#,reference,candidates(datasheet-pin-table-default:en)
CH32M030,afio-tim1-remap,PCFR1,PCFR1:7;PCFR1:8;PCFR1:9,0,TIM1,CH3N,TIM1_CH3N,PB12,B,12,#,reference,candidates(datasheet-pin-table-default:en)
CH32M030,afio-tim1-remap,PCFR1,PCFR1:7;PCFR1:8;PCFR1:9,0,TIM1,CH4,TIM1_CH4,PC0,C,0,#,reference,candidates(datasheet-pin-table-default:en)
CH32M030,afio-tim1-remap,PCFR1,PCFR1:7;PCFR1:8;PCFR1:9,0,TIM1,ETR,TIM1_ETR,PC1,C,1,#,reference,candidates(datasheet-pin-table-default:en)
CH32M030,afio-tim1-remap,PCFR1,PCFR1:7;PCFR1:8;PCFR1:9,1,TIM1,BKIN,TIM1_BKIN,PA13,A,13,#,reference,candidates(datasheet-pin-table+rm-remap-grid:en)
CH32M030,afio-tim1-remap,PCFR1,PCFR1:7;PCFR1:8;PCFR1:9,1,TIM1,CH1,TIM1_CH1,PB9,B,9,#,reference,candidates(datasheet-pin-table+rm-remap-grid:en)
CH32M030,afio-tim1-remap,PCFR1,PCFR1:7;PCFR1:8;PCFR1:9,1,TIM1,CH1N,TIM1_CH1N,PB8,B,8,#,reference,candidates(datasheet-pin-table+rm-remap-grid:en)
CH32M030,afio-tim1-remap,PCFR1,PCFR1:7;PCFR1:8;PCFR1:9,1,TIM1,CH2,TIM1_CH2,PB11,B,11,#,reference,candidates(datasheet-pin-table+rm-remap-grid:en)
CH32M030,afio-tim1-remap,PCFR1,PCFR1:7;PCFR1:8;PCFR1:9,1,TIM1,CH2N,TIM1_CH2N,PB10,B,10,#,reference,candidates(datasheet-pin-table+rm-remap-grid:en)
CH32M030,afio-tim1-remap,PCFR1,PCFR1:7;PCFR1:8;PCFR1:9,1,TIM1,CH3,TIM1_CH3,PB13,B,13,#,reference,candidates(datasheet-pin-table+rm-remap-grid:en)
CH32M030,afio-tim1-remap,PCFR1,PCFR1:7;PCFR1:8;PCFR1:9,1,TIM1,CH3N,TIM1_CH3N,PB12,B,12,#,reference,candidates(datasheet-pin-table+rm-remap-grid:en)
CH32M030,afio-tim1-remap,PCFR1,PCFR1:7;PCFR1:8;PCFR1:9,1,TIM1,CH4,TIM1_CH4,PB15,B,15,#,reference,candidates(datasheet-pin-table+rm-remap-grid:en)
CH32M030,afio-tim1-remap,PCFR1,PCFR1:7;PCFR1:8;PCFR1:9,1,TIM1,ETR,TIM1_ETR,PC1,C,1,#,reference,candidates(datasheet-pin-table+rm-remap-grid:en)
CH32M030,afio-tim1-remap,PCFR1,PCFR1:7;PCFR1:8;PCFR1:9,2,TIM1,BKIN,TIM1_BKIN,PA15,A,15,#,reference,candidates(datasheet-pin-table+rm-remap-grid:en)
CH32M030,afio-tim1-remap,PCFR1,PCFR1:7;PCFR1:8;PCFR1:9,2,TIM1,CH1,TIM1_CH1,PB9,B,9,#,reference,candidates(datasheet-pin-table+rm-remap-grid:en)
CH32M030,afio-tim1-remap,PCFR1,PCFR1:7;PCFR1:8;PCFR1:9,2,TIM1,CH1N,TIM1_CH1N,PB8,B,8,#,reference,candidates(datasheet-pin-table+rm-remap-grid:en)
CH32M030,afio-tim1-remap,PCFR1,PCFR1:7;PCFR1:8;PCFR1:9,2,TIM1,CH2,TIM1_CH2,PB11,B,11,#,reference,candidates(datasheet-pin-table+rm-remap-grid:en)
CH32M030,afio-tim1-remap,PCFR1,PCFR1:7;PCFR1:8;PCFR1:9,2,TIM1,CH2N,TIM1_CH2N,PB10,B,10,#,reference,candidates(datasheet-pin-table+rm-remap-grid:en)
CH32M030,afio-tim1-remap,PCFR1,PCFR1:7;PCFR1:8;PCFR1:9,2,TIM1,CH3,TIM1_CH3,PB15,B,15,#,reference,candidates(datasheet-pin-table+rm-remap-grid:en)
CH32M030,afio-tim1-remap,PCFR1,PCFR1:7;PCFR1:8;PCFR1:9,2,TIM1,CH3N,TIM1_CH3N,PB14,B,14,#,reference,candidates(datasheet-pin-table+rm-remap-grid:en)
CH32M030,afio-tim1-remap,PCFR1,PCFR1:7;PCFR1:8;PCFR1:9,2,TIM1,CH4,TIM1_CH4,PC2,C,2,#,reference,candidates(datasheet-pin-table+rm-remap-grid:en)
CH32M030,afio-tim1-remap,PCFR1,PCFR1:7;PCFR1:8;PCFR1:9,2,TIM1,ETR,TIM1_ETR,PA4,A,4,#,reference,candidates(datasheet-pin-table+rm-remap-grid:en)
CH32M030,afio-tim1-remap,PCFR1,PCFR1:7;PCFR1:8;PCFR1:9,3,TIM1,BKIN,TIM1_BKIN,PA15,A,15,#,reference,candidates(datasheet-pin-table+rm-remap-grid:en)
CH32M030,afio-tim1-remap,PCFR1,PCFR1:7;PCFR1:8;PCFR1:9,3,TIM1,CH1,TIM1_CH1,PC3,C,3,#,reference,candidates(datasheet-pin-table+rm-remap-grid:en)
CH32M030,afio-tim1-remap,PCFR1,PCFR1:7;PCFR1:8;PCFR1:9,3,TIM1,CH1N,TIM1_CH1N,PC2,C,2,#,reference,candidates(datasheet-pin-table+rm-remap-grid:en)
CH32M030,afio-tim1-remap,PCFR1,PCFR1:7;PCFR1:8;PCFR1:9,3,TIM1,CH2,TIM1_CH2,PC4,C,4,#,reference,candidates(datasheet-pin-table+rm-remap-grid:en)
CH32M030,afio-tim1-remap,PCFR1,PCFR1:7;PCFR1:8;PCFR1:9,3,TIM1,CH2N,TIM1_CH2N,PC1,C,1,#,reference,candidates(datasheet-pin-table+rm-remap-grid:en)
CH32M030,afio-tim1-remap,PCFR1,PCFR1:7;PCFR1:8;PCFR1:9,3,TIM1,CH3,TIM1_CH3,PA0,A,0,#,reference,candidates(datasheet-pin-table+rm-remap-grid:en)
CH32M030,afio-tim1-remap,PCFR1,PCFR1:7;PCFR1:8;PCFR1:9,3,TIM1,CH3N,TIM1_CH3N,PC0,C,0,#,reference,candidates(datasheet-pin-table+rm-remap-grid:en)
CH32M030,afio-tim1-remap,PCFR1,PCFR1:7;PCFR1:8;PCFR1:9,3,TIM1,CH4,TIM1_CH4,PC5,C,5,#,reference,candidates(datasheet-pin-table+rm-remap-grid:en)
CH32M030,afio-tim1-remap,PCFR1,PCFR1:7;PCFR1:8;PCFR1:9,3,TIM1,ETR,TIM1_ETR,PA4,A,4,#,reference,candidates(datasheet-pin-table+rm-remap-grid:en)
CH32M030,afio-tim1-remap,PCFR1,PCFR1:7;PCFR1:8;PCFR1:9,4,TIM1,BKIN,TIM1_BKIN,PA15,A,15,#,reference,candidates(datasheet-pin-table+rm-remap-grid:en)
CH32M030,afio-tim1-remap,PCFR1,PCFR1:7;PCFR1:8;PCFR1:9,4,TIM1,CH1,TIM1_CH1,PB9,B,9,#,reference,candidates(datasheet-pin-table+rm-remap-grid:en)
CH32M030,afio-tim1-remap,PCFR1,PCFR1:7;PCFR1:8;PCFR1:9,4,TIM1,CH1,TIM1_CH1,PC3,C,3,#,reference,candidates(datasheet-pin-table+rm-remap-grid:en)
CH32M030,afio-tim1-remap,PCFR1,PCFR1:7;PCFR1:8;PCFR1:9,4,TIM1,CH1N,TIM1_CH1N,PB8,B,8,#,reference,candidates(datasheet-pin-table+rm-remap-grid:en)
CH32M030,afio-tim1-remap,PCFR1,PCFR1:7;PCFR1:8;PCFR1:9,4,TIM1,CH1N,TIM1_CH1N,PC2,C,2,#,reference,candidates(datasheet-pin-table+rm-remap-grid:en)
CH32M030,afio-tim1-remap,PCFR1,PCFR1:7;PCFR1:8;PCFR1:9,4,TIM1,CH2,TIM1_CH2,PB11,B,11,#,reference,candidates(datasheet-pin-table+rm-remap-grid:en)
CH32M030,afio-tim1-remap,PCFR1,PCFR1:7;PCFR1:8;PCFR1:9,4,TIM1,CH2,TIM1_CH2,PC4,C,4,#,reference,candidates(datasheet-pin-table+rm-remap-grid:en)
CH32M030,afio-tim1-remap,PCFR1,PCFR1:7;PCFR1:8;PCFR1:9,4,TIM1,CH2N,TIM1_CH2N,PB10,B,10,#,reference,candidates(datasheet-pin-table+rm-remap-grid:en)
CH32M030,afio-tim1-remap,PCFR1,PCFR1:7;PCFR1:8;PCFR1:9,4,TIM1,CH2N,TIM1_CH2N,PC1,C,1,#,reference,candidates(datasheet-pin-table+rm-remap-grid:en)
CH32M030,afio-tim1-remap,PCFR1,PCFR1:7;PCFR1:8;PCFR1:9,4,TIM1,CH3,TIM1_CH3,PA0,A,0,#,reference,candidates(datasheet-pin-table+rm-remap-grid:en)
CH32M030,afio-tim1-remap,PCFR1,PCFR1:7;PCFR1:8;PCFR1:9,4,TIM1,CH3,TIM1_CH3,PB13,B,13,#,reference,candidates(datasheet-pin-table+rm-remap-grid:en)
CH32M030,afio-tim1-remap,PCFR1,PCFR1:7;PCFR1:8;PCFR1:9,4,TIM1,CH3N,TIM1_CH3N,PB12,B,12,#,reference,candidates(datasheet-pin-table+rm-remap-grid:en)
CH32M030,afio-tim1-remap,PCFR1,PCFR1:7;PCFR1:8;PCFR1:9,4,TIM1,CH3N,TIM1_CH3N,PC0,C,0,#,reference,candidates(datasheet-pin-table+rm-remap-grid:en)
CH32M030,afio-tim1-remap,PCFR1,PCFR1:7;PCFR1:8;PCFR1:9,4,TIM1,CH4,TIM1_CH4,PA1,A,1,#,reference,candidates(datasheet-pin-table+rm-remap-grid:en)
CH32M030,afio-tim1-remap,PCFR1,PCFR1:7;PCFR1:8;PCFR1:9,4,TIM1,ETR,TIM1_ETR,PA4,A,4,#,reference,candidates(datasheet-pin-table+rm-remap-grid:en)
CH32M030,afio-tim2-remap,PCFR1,PCFR1:10;PCFR1:11,0,TIM2,CH1N,TIM2_CH1N,PA7,A,7,#,reference,candidates(datasheet-pin-table-default:en)
CH32M030,afio-tim2-remap,PCFR1,PCFR1:10;PCFR1:11,0,TIM2,CH1_ETR,TIM2_CH1_ETR,PA5,A,5,#,reference,candidates(datasheet-pin-table-default:en)
CH32M030,afio-tim2-remap,PCFR1,PCFR1:10;PCFR1:11,0,TIM2,CH2,TIM2_CH2,PA6,A,6,#,reference,candidates(datasheet-pin-table-default:en)
CH32M030,afio-tim2-remap,PCFR1,PCFR1:10;PCFR1:11,0,TIM2,CH2N,TIM2_CH2N,PA4,A,4,#,reference,candidates(datasheet-pin-table-default:en)
CH32M030,afio-tim2-remap,PCFR1,PCFR1:10;PCFR1:11,0,TIM2,CH3,TIM2_CH3,PA7,A,7,#,reference,candidates(datasheet-pin-table-default:en)
CH32M030,afio-tim2-remap,PCFR1,PCFR1:10;PCFR1:11,0,TIM2,CH4,TIM2_CH4,PA4,A,4,#,reference,candidates(datasheet-pin-table-default:en)
CH32M030,afio-tim2-remap,PCFR1,PCFR1:10;PCFR1:11,1,TIM2,CH1N,TIM2_CH1N,PB1,B,1,#,reference,candidates(datasheet-pin-table+rm-remap-grid:en)
CH32M030,afio-tim2-remap,PCFR1,PCFR1:10;PCFR1:11,1,TIM2,CH1_ETR,TIM2_CH1_ETR,PA3,A,3,#,reference,candidates(datasheet-pin-table+rm-remap-grid:en)
CH32M030,afio-tim2-remap,PCFR1,PCFR1:10;PCFR1:11,1,TIM2,CH2,TIM2_CH2,PB0,B,0,#,reference,candidates(datasheet-pin-table+rm-remap-grid:en)
CH32M030,afio-tim2-remap,PCFR1,PCFR1:10;PCFR1:11,1,TIM2,CH2N,TIM2_CH2N,PB2,B,2,#,reference,candidates(datasheet-pin-table+rm-remap-grid:en)
CH32M030,afio-tim2-remap,PCFR1,PCFR1:10;PCFR1:11,1,TIM2,CH3,TIM2_CH3,PB1,B,1,#,reference,candidates(datasheet-pin-table+rm-remap-grid:en)
CH32M030,afio-tim2-remap,PCFR1,PCFR1:10;PCFR1:11,1,TIM2,CH4,TIM2_CH4,PB2,B,2,#,reference,candidates(datasheet-pin-table+rm-remap-grid:en)
CH32M030,afio-tim2-remap,PCFR1,PCFR1:10;PCFR1:11,2,TIM2,CH1N,TIM2_CH1N,PB12,B,12,#,reference,candidates(datasheet-pin-table+rm-remap-grid:en)
CH32M030,afio-tim2-remap,PCFR1,PCFR1:10;PCFR1:11,2,TIM2,CH1_ETR,TIM2_CH1_ETR,PB13,B,13,#,reference,candidates(datasheet-pin-table+rm-remap-grid:en)
CH32M030,afio-tim2-remap,PCFR1,PCFR1:10;PCFR1:11,2,TIM2,CH2,TIM2_CH2,PB15,B,15,#,reference,candidates(datasheet-pin-table+rm-remap-grid:en)
CH32M030,afio-tim2-remap,PCFR1,PCFR1:10;PCFR1:11,2,TIM2,CH2,TIM2_CH2,PC5,C,5,#,reference,candidates(datasheet-pin-table+rm-remap-grid:en)
CH32M030,afio-tim2-remap,PCFR1,PCFR1:10;PCFR1:11,2,TIM2,CH2N,TIM2_CH2N,PB14,B,14,#,reference,candidates(datasheet-pin-table+rm-remap-grid:en)
CH32M030,afio-tim2-remap,PCFR1,PCFR1:10;PCFR1:11,2,TIM2,CH3,TIM2_CH3,PB12,B,12,#,reference,candidates(datasheet-pin-table+rm-remap-grid:en)
CH32M030,afio-tim2-remap,PCFR1,PCFR1:10;PCFR1:11,2,TIM2,CH4,TIM2_CH4,PB14,B,14,#,reference,candidates(datasheet-pin-table+rm-remap-grid:en)
CH32M030,afio-tim2-remap,PCFR1,PCFR1:10;PCFR1:11,3,TIM2,CH1N,TIM2_CH1N,PB1,B,1,#,reference,candidates(datasheet-pin-table+rm-remap-grid:en)
CH32M030,afio-tim2-remap,PCFR1,PCFR1:10;PCFR1:11,3,TIM2,CH1_ETR,TIM2_CH1_ETR,PB5,B,5,#,reference,candidates(datasheet-pin-table+rm-remap-grid:en)
CH32M030,afio-tim2-remap,PCFR1,PCFR1:10;PCFR1:11,3,TIM2,CH2,TIM2_CH2,PB6,B,6,#,reference,candidates(datasheet-pin-table+rm-remap-grid:en)
CH32M030,afio-tim2-remap,PCFR1,PCFR1:10;PCFR1:11,3,TIM2,CH2N,TIM2_CH2N,PB2,B,2,#,reference,candidates(datasheet-pin-table+rm-remap-grid:en)
CH32M030,afio-tim2-remap,PCFR1,PCFR1:10;PCFR1:11,3,TIM2,CH3,TIM2_CH3,PB1,B,1,#,reference,candidates(datasheet-pin-table+rm-remap-grid:en)
CH32M030,afio-tim2-remap,PCFR1,PCFR1:10;PCFR1:11,3,TIM2,CH4,TIM2_CH4,PB2,B,2,#,reference,candidates(datasheet-pin-table+rm-remap-grid:en)
CH32M030,afio-tim3-remap,PCFR1,PCFR1:12;PCFR1:13;PCFR1:14,0,TIM3,CH1N,TIM3_CH1N,PB2,B,2,#,reference,candidates(datasheet-pin-table-default:en)
CH32M030,afio-tim3-remap,PCFR1,PCFR1:12;PCFR1:13;PCFR1:14,0,TIM3,CH1_ETR,TIM3_CH1_ETR,PC0,C,0,#,reference,candidates(datasheet-pin-table-default:en)
CH32M030,afio-tim3-remap,PCFR1,PCFR1:12;PCFR1:13;PCFR1:14,0,TIM3,CH2,TIM3_CH2,PC1,C,1,#,reference,candidates(datasheet-pin-table-default:en)
CH32M030,afio-tim3-remap,PCFR1,PCFR1:12;PCFR1:13;PCFR1:14,0,TIM3,CH2N,TIM3_CH2N,PB3,B,3,#,reference,candidates(datasheet-pin-table-default:en)
CH32M030,afio-tim3-remap,PCFR1,PCFR1:12;PCFR1:13;PCFR1:14,1,TIM3,CH1N,TIM3_CH1N,PC1,C,1,#,reference,candidates(datasheet-pin-table+rm-remap-grid:en)
CH32M030,afio-tim3-remap,PCFR1,PCFR1:12;PCFR1:13;PCFR1:14,1,TIM3,CH1_ETR,TIM3_CH1_ETR,PC0,C,0,#,reference,candidates(datasheet-pin-table+rm-remap-grid:en)
CH32M030,afio-tim3-remap,PCFR1,PCFR1:12;PCFR1:13;PCFR1:14,1,TIM3,CH2,TIM3_CH2,PB2,B,2,#,reference,candidates(datasheet-pin-table+rm-remap-grid:en)
CH32M030,afio-tim3-remap,PCFR1,PCFR1:12;PCFR1:13;PCFR1:14,1,TIM3,CH2N,TIM3_CH2N,PB3,B,3,#,reference,candidates(datasheet-pin-table+rm-remap-grid:en)
CH32M030,afio-tim3-remap,PCFR1,PCFR1:12;PCFR1:13;PCFR1:14,2,TIM3,CH1N,TIM3_CH1N,PB4,B,4,#,reference,candidates(datasheet-pin-table+rm-remap-grid:en)
CH32M030,afio-tim3-remap,PCFR1,PCFR1:12;PCFR1:13;PCFR1:14,2,TIM3,CH1_ETR,TIM3_CH1_ETR,PB2,B,2,#,reference,candidates(datasheet-pin-table+rm-remap-grid:en)
CH32M030,afio-tim3-remap,PCFR1,PCFR1:12;PCFR1:13;PCFR1:14,2,TIM3,CH2,TIM3_CH2,PB3,B,3,#,reference,candidates(datasheet-pin-table+rm-remap-grid:en)
CH32M030,afio-tim3-remap,PCFR1,PCFR1:12;PCFR1:13;PCFR1:14,2,TIM3,CH2N,TIM3_CH2N,PB5,B,5,#,reference,candidates(datasheet-pin-table+rm-remap-grid:en)
CH32M030,afio-tim3-remap,PCFR1,PCFR1:12;PCFR1:13;PCFR1:14,3,TIM3,CH1N,TIM3_CH1N,PA4,A,4,#,reference,candidates(datasheet-pin-table+rm-remap-grid:en)
CH32M030,afio-tim3-remap,PCFR1,PCFR1:12;PCFR1:13;PCFR1:14,3,TIM3,CH1_ETR,TIM3_CH1_ETR,PA2,A,2,#,reference,candidates(datasheet-pin-table+rm-remap-grid:en)
CH32M030,afio-tim3-remap,PCFR1,PCFR1:12;PCFR1:13;PCFR1:14,3,TIM3,CH2,TIM3_CH2,PB5,B,5,#,reference,candidates(datasheet-pin-table+rm-remap-grid:en)
CH32M030,afio-tim3-remap,PCFR1,PCFR1:12;PCFR1:13;PCFR1:14,3,TIM3,CH2N,TIM3_CH2N,PB6,B,6,#,reference,candidates(datasheet-pin-table+rm-remap-grid:en)
CH32M030,afio-tim3-remap,PCFR1,PCFR1:12;PCFR1:13;PCFR1:14,4,TIM3,CH1N,TIM3_CH1N,PB12,B,12,#,reference,candidates(datasheet-pin-table+rm-remap-grid:en)
CH32M030,afio-tim3-remap,PCFR1,PCFR1:12;PCFR1:13;PCFR1:14,4,TIM3,CH1_ETR,TIM3_CH1_ETR,PB13,B,13,#,reference,candidates(datasheet-pin-table+rm-remap-grid:en)
CH32M030,afio-tim3-remap,PCFR1,PCFR1:12;PCFR1:13;PCFR1:14,4,TIM3,CH2,TIM3_CH2,PB15,B,15,#,reference,candidates(datasheet-pin-table+rm-remap-grid:en)
CH32M030,afio-tim3-remap,PCFR1,PCFR1:12;PCFR1:13;PCFR1:14,4,TIM3,CH2N,TIM3_CH2N,PB14,B,14,#,reference,candidates(datasheet-pin-table+rm-remap-grid:en)
CH32M030,afio-uart1-remap,PCFR1,PCFR1:2;PCFR1:3;PCFR1:4,0,USART1,CTS,UART_CTS,PA14,A,14,#,reference,candidates(datasheet-pin-table-default:en)
CH32M030,afio-uart1-remap,PCFR1,PCFR1:2;PCFR1:3;PCFR1:4,0,USART1,RTS,UART_RTS,PA15,A,15,#,reference,candidates(datasheet-pin-table-default:en)
CH32M030,afio-uart1-remap,PCFR1,PCFR1:2;PCFR1:3;PCFR1:4,0,USART1,RX,UART_RX,PC0,C,0,#,reference,candidates(datasheet-pin-table-default:en)
CH32M030,afio-uart1-remap,PCFR1,PCFR1:2;PCFR1:3;PCFR1:4,0,USART1,TX,UART_TX,PC1,C,1,#,reference,candidates(datasheet-pin-table-default:en)
CH32M030,afio-uart1-remap,PCFR1,PCFR1:2;PCFR1:3;PCFR1:4,1,USART1,CTS,UART_CTS,PA14,A,14,#,reference,candidates(datasheet-pin-table+rm-remap-grid:en)
CH32M030,afio-uart1-remap,PCFR1,PCFR1:2;PCFR1:3;PCFR1:4,1,USART1,RTS,UART_RTS,PA15,A,15,#,reference,candidates(datasheet-pin-table+rm-remap-grid:en)
CH32M030,afio-uart1-remap,PCFR1,PCFR1:2;PCFR1:3;PCFR1:4,1,USART1,RX,UART_RX,PC2,C,2,#,reference,candidates(datasheet-pin-table+rm-remap-grid:en)
CH32M030,afio-uart1-remap,PCFR1,PCFR1:2;PCFR1:3;PCFR1:4,1,USART1,TX,UART_TX,PC1,C,1,#,reference,candidates(datasheet-pin-table+rm-remap-grid:en)
CH32M030,afio-uart1-remap,PCFR1,PCFR1:2;PCFR1:3;PCFR1:4,2,USART1,CTS,UART_CTS,PA2,A,2,#,reference,candidates(datasheet-pin-table+rm-remap-grid:en)
CH32M030,afio-uart1-remap,PCFR1,PCFR1:2;PCFR1:3;PCFR1:4,2,USART1,RTS,UART_RTS,PA4,A,4,#,reference,candidates(datasheet-pin-table+rm-remap-grid:en)
CH32M030,afio-uart1-remap,PCFR1,PCFR1:2;PCFR1:3;PCFR1:4,2,USART1,RX,UART_RX,PB5,B,5,#,reference,candidates(datasheet-pin-table+rm-remap-grid:en)
CH32M030,afio-uart1-remap,PCFR1,PCFR1:2;PCFR1:3;PCFR1:4,2,USART1,TX,UART_TX,PB6,B,6,#,reference,candidates(datasheet-pin-table+rm-remap-grid:en)
CH32M030,afio-uart1-remap,PCFR1,PCFR1:2;PCFR1:3;PCFR1:4,3,USART1,CTS,UART_CTS,PB2,B,2,#,reference,candidates(datasheet-pin-table+rm-remap-grid:en)
CH32M030,afio-uart1-remap,PCFR1,PCFR1:2;PCFR1:3;PCFR1:4,3,USART1,RTS,UART_RTS,PB3,B,3,#,reference,candidates(datasheet-pin-table+rm-remap-grid:en)
CH32M030,afio-uart1-remap,PCFR1,PCFR1:2;PCFR1:3;PCFR1:4,3,USART1,RX,UART_RX,PB0,B,0,#,reference,candidates(datasheet-pin-table+rm-remap-grid:en)
CH32M030,afio-uart1-remap,PCFR1,PCFR1:2;PCFR1:3;PCFR1:4,3,USART1,TX,UART_TX,PB1,B,1,#,reference,candidates(datasheet-pin-table+rm-remap-grid:en)
CH32M030,afio-uart1-remap,PCFR1,PCFR1:2;PCFR1:3;PCFR1:4,4,USART1,CTS,UART_CTS,PB2,B,2,#,reference,candidates(datasheet-pin-table+rm-remap-grid:en)
CH32M030,afio-uart1-remap,PCFR1,PCFR1:2;PCFR1:3;PCFR1:4,4,USART1,RTS,UART_RTS,PB3,B,3,#,reference,candidates(datasheet-pin-table+rm-remap-grid:en)
CH32M030,afio-uart1-remap,PCFR1,PCFR1:2;PCFR1:3;PCFR1:4,4,USART1,RX,UART_RX,PA2,A,2,#,reference,candidates(datasheet-pin-table+rm-remap-grid:en)
CH32M030,afio-uart1-remap,PCFR1,PCFR1:2;PCFR1:3;PCFR1:4,4,USART1,TX,UART_TX,PA3,A,3,#,reference,candidates(datasheet-pin-table+rm-remap-grid:en)
CH32M030,afio-uart1-remap,PCFR1,PCFR1:2;PCFR1:3;PCFR1:4,5,USART1,CTS,UART_CTS,PB2,B,2,#,reference,candidates(datasheet-pin-table+rm-remap-grid:en)
CH32M030,afio-uart1-remap,PCFR1,PCFR1:2;PCFR1:3;PCFR1:4,5,USART1,RTS,UART_RTS,PB3,B,3,#,reference,candidates(datasheet-pin-table+rm-remap-grid:en)
CH32M030,afio-uart1-remap,PCFR1,PCFR1:2;PCFR1:3;PCFR1:4,5,USART1,RX,UART_RX,PA3,A,3,#,reference,candidates(datasheet-pin-table+rm-remap-grid:en)
CH32M030,afio-uart1-remap,PCFR1,PCFR1:2;PCFR1:3;PCFR1:4,5,USART1,TX,UART_TX,PA2,A,2,#,reference,candidates(datasheet-pin-table+rm-remap-grid:en)
CH32M030,extend-isink1-adj,CTR,CTR:0;CTR:1;CTR:2;CTR:3;CTR:4;CTR:5,0,ISINK1,OUT,ISINK1,PA6,A,6,#,reference,candidates(datasheet-pin-table-default:en)
CH32M030,extend-isink2-adj,CTR,CTR:16;CTR:17;CTR:18;CTR:19;CTR:20;CTR:21,0,ISINK2,OUT,ISINK2,PA7,A,7,#,reference,candidates(datasheet-pin-table-default:en)
CH32M103,afio-can-rm,PCFR1,PCFR1:13;PCFR1:14,0,CAN1,RX,CAN1_RX,PA11,A,11,#,reference,candidates(datasheet-pin-table-default:en)
CH32M103,afio-can-rm,PCFR1,PCFR1:13;PCFR1:14,0,CAN1,TX,CAN1_TX,PA12,A,12,#,reference,candidates(datasheet-pin-table-default:en)
CH32M103,afio-can-rm,PCFR1,PCFR1:13;PCFR1:14,2,CAN1,RX,CAN1_RX,PB8,B,8,#,reference,candidates(datasheet-pin-table+rm-remap-grid:en)
CH32M103,afio-i2c1-rm,PCFR1|PCFR2,PCFR1:1;PCFR2:23,0,I2C1,SCL,I2C1_SCL,PB6,B,6,#,reference,candidates(datasheet-pin-table-default:en)
CH32M103,afio-i2c1-rm,PCFR1|PCFR2,PCFR1:1;PCFR2:23,0,I2C1,SDA,I2C1_SDA,PB7,B,7,#,reference,candidates(datasheet-pin-table-default:en)
CH32M103,afio-i2c1-rm,PCFR1|PCFR2,PCFR1:1;PCFR2:23,0,I2C1,SMBA,I2C1_SMBA,PB5,B,5,#,reference,candidates(datasheet-pin-table-default:en)
CH32M103,afio-i2c1-rm,PCFR1|PCFR2,PCFR1:1;PCFR2:23,2,I2C1,SCL,I2C1_SCL,PA13,A,13,#,reference,candidates(datasheet-pin-table+rm-remap-grid:en)
CH32M103,afio-i2c1-rm,PCFR1|PCFR2,PCFR1:1;PCFR2:23,2,I2C1,SDA,I2C1_SDA,PA12,A,12,#,reference,candidates(datasheet-pin-table+rm-remap-grid:en)
CH32M103,afio-i2c1-rm,PCFR1|PCFR2,PCFR1:1;PCFR2:23,2,I2C1,SMBA,I2C1_SMBA,PB5,B,5,#,reference,candidates(datasheet-pin-table+rm-remap-grid:en)
CH32M103,afio-i2c1-rm,PCFR1|PCFR2,PCFR1:1;PCFR2:23,3,I2C1,SDA,I2C1_SDA,PB11,B,11,#,reference,candidates(datasheet-pin-table+rm-remap-grid:en)
CH32M103,afio-i2c1-rm,PCFR1|PCFR2,PCFR1:1;PCFR2:23,3,I2C1,SMBA,I2C1_SMBA,PB5,B,5,#,reference,candidates(datasheet-pin-table+rm-remap-grid:en)
CH32M103,afio-lptim-rm,PCFR2,PCFR2:25,1,LPTIM,CH1,LPTIM_CH1,PB5,B,5,#,reference,candidates(datasheet-pin-table+rm-remap-grid:en)
CH32M103,afio-lptim-rm,PCFR2,PCFR2:25,1,LPTIM,CH2,LPTIM_CH2,PB7,B,7,#,reference,candidates(datasheet-pin-table+rm-remap-grid:en)
CH32M103,afio-lptim-rm,PCFR2,PCFR2:25,1,LPTIM,ETR,LPTIM_ETR,PB6,B,6,#,reference,candidates(datasheet-pin-table+rm-remap-grid:en)
CH32M103,afio-spi1-rm,PCFR1|PCFR2,PCFR1:0;PCFR2:24,0,SPI1,MISO,SPI1_MISO,PA6,A,6,#,reference,candidates(datasheet-pin-table-default:en)
CH32M103,afio-spi1-rm,PCFR1|PCFR2,PCFR1:0;PCFR2:24,0,SPI1,MOSI,SPI1_MOSI,PA7,A,7,#,reference,candidates(datasheet-pin-table-default:en)
CH32M103,afio-spi1-rm,PCFR1|PCFR2,PCFR1:0;PCFR2:24,0,SPI1,NSS,SPI1_NSS,PA4,A,4,#,reference,candidates(datasheet-pin-table-default:en)
CH32M103,afio-spi1-rm,PCFR1|PCFR2,PCFR1:0;PCFR2:24,0,SPI1,SCK,SPI1_SCK,PA5,A,5,#,reference,candidates(datasheet-pin-table-default:en)
CH32M103,afio-spi1-rm,PCFR1|PCFR2,PCFR1:0;PCFR2:24,1,SPI1,MOSI,SPI1_MOSI,PB5,B,5,#,reference,candidates(datasheet-pin-table+rm-remap-grid:en)
CH32M103,afio-spi1-rm,PCFR1|PCFR2,PCFR1:0;PCFR2:24,1,SPI1,SCK,SPI1_SCK,PB3,B,3,#,reference,candidates(datasheet-pin-table+rm-remap-grid:en)
CH32M103,afio-spi1-rm,PCFR1|PCFR2,PCFR1:0;PCFR2:24,2,SPI1,MISO,SPI1_MISO,PB8,B,8,#,reference,candidates(datasheet-pin-table+rm-remap-grid:en)
CH32M103,afio-spi1-rm,PCFR1|PCFR2,PCFR1:0;PCFR2:24,2,SPI1,MOSI,SPI1_MOSI,PB7,B,7,#,reference,candidates(datasheet-pin-table+rm-remap-grid:en)
CH32M103,afio-spi1-rm,PCFR1|PCFR2,PCFR1:0;PCFR2:24,2,SPI1,NSS,SPI1_NSS,PA12,A,12,#,reference,candidates(datasheet-pin-table+rm-remap-grid:en)
CH32M103,afio-spi1-rm,PCFR1|PCFR2,PCFR1:0;PCFR2:24,2,SPI1,SCK,SPI1_SCK,PB6,B,6,#,reference,candidates(datasheet-pin-table+rm-remap-grid:en)
CH32M103,afio-spi1-rm,PCFR1|PCFR2,PCFR1:0;PCFR2:24,3,SPI1,MISO,SPI1_MISO,PB8,B,8,#,reference,candidates(datasheet-pin-table+rm-remap-grid:en)
CH32M103,afio-spi1-rm,PCFR1|PCFR2,PCFR1:0;PCFR2:24,3,SPI1,MOSI,SPI1_MOSI,PB7,B,7,#,reference,candidates(datasheet-pin-table+rm-remap-grid:en)
CH32M103,afio-spi1-rm,PCFR1|PCFR2,PCFR1:0;PCFR2:24,3,SPI1,SCK,SPI1_SCK,PB6,B,6,#,reference,candidates(datasheet-pin-table+rm-remap-grid:en)
CH32M103,afio-tim1-rm,PCFR1|PCFR2,PCFR1:6;PCFR1:7;PCFR2:22,0,TIM1,CH4,TIM1_CH4,PA11,A,11,#,reference,candidates(datasheet-pin-table-default:en)
CH32M103,afio-tim1-rm,PCFR1|PCFR2,PCFR1:6;PCFR1:7;PCFR2:22,0,TIM1,ETR,TIM1_ETR,PA12,A,12,#,reference,candidates(datasheet-pin-table-default:en)
CH32M103,afio-tim1-rm,PCFR1|PCFR2,PCFR1:6;PCFR1:7;PCFR2:22,1,TIM1,BKIN,TIM1_BKIN,PA6,A,6,#,reference,candidates(datasheet-pin-table+rm-remap-grid:en)
CH32M103,afio-tim1-rm,PCFR1|PCFR2,PCFR1:6;PCFR1:7;PCFR2:22,1,TIM1,CH1N,TIM1_CH1N,PA7,A,7,#,reference,candidates(datasheet-pin-table+rm-remap-grid:en)
CH32M103,afio-tim1-rm,PCFR1|PCFR2,PCFR1:6;PCFR1:7;PCFR2:22,1,TIM1,CH2N,TIM1_CH2N,PB0,B,0,#,reference,candidates(datasheet-pin-table+rm-remap-grid:en)
CH32M103,afio-tim1-rm,PCFR1|PCFR2,PCFR1:6;PCFR1:7;PCFR2:22,1,TIM1,CH3N,TIM1_CH3N,PB1,B,1,#,reference,candidates(datasheet-pin-table+rm-remap-grid:en)
CH32M103,afio-tim1-rm,PCFR1|PCFR2,PCFR1:6;PCFR1:7;PCFR2:22,1,TIM1,CH4,TIM1_CH4,PA11,A,11,#,reference,candidates(datasheet-pin-table+rm-remap-grid:en)
CH32M103,afio-tim1-rm,PCFR1|PCFR2,PCFR1:6;PCFR1:7;PCFR2:22,1,TIM1,ETR,TIM1_ETR,PA12,A,12,#,reference,candidates(datasheet-pin-table+rm-remap-grid:en)
CH32M103,afio-tim1-rm,PCFR1|PCFR2,PCFR1:6;PCFR1:7;PCFR2:22,2,TIM1,BKIN,TIM1_BKIN,PA13,A,13,#,reference,candidates(datasheet-pin-table+rm-remap-grid:en)
CH32M103,afio-tim1-rm,PCFR1|PCFR2,PCFR1:6;PCFR1:7;PCFR2:22,2,TIM1,CH1,TIM1_CH1,PA1,A,1,#,reference,candidates(datasheet-pin-table+rm-remap-grid:en)
CH32M103,afio-tim1-rm,PCFR1|PCFR2,PCFR1:6;PCFR1:7;PCFR2:22,2,TIM1,CH1N,TIM1_CH1N,PB11,B,11,#,reference,candidates(datasheet-pin-table+rm-remap-grid:en)
CH32M103,afio-tim1-rm,PCFR1|PCFR2,PCFR1:6;PCFR1:7;PCFR2:22,2,TIM1,CH2,TIM1_CH2,PA7,A,7,#,reference,candidates(datasheet-pin-table+rm-remap-grid:en)
CH32M103,afio-tim1-rm,PCFR1|PCFR2,PCFR1:6;PCFR1:7;PCFR2:22,2,TIM1,CH2N,TIM1_CH2N,PB0,B,0,#,reference,candidates(datasheet-pin-table+rm-remap-grid:en)
CH32M103,afio-tim1-rm,PCFR1|PCFR2,PCFR1:6;PCFR1:7;PCFR2:22,2,TIM1,CH3,TIM1_CH3,PA14,A,14,#,reference,candidates(datasheet-pin-table+rm-remap-grid:en)
CH32M103,afio-tim1-rm,PCFR1|PCFR2,PCFR1:6;PCFR1:7;PCFR2:22,2,TIM1,CH4,TIM1_CH4,PB1,B,1,#,reference,candidates(datasheet-pin-table+rm-remap-grid:en)
CH32M103,afio-tim1-rm,PCFR1|PCFR2,PCFR1:6;PCFR1:7;PCFR2:22,2,TIM1,ETR,TIM1_ETR,PB6,B,6,#,reference,candidates(datasheet-pin-table+rm-remap-grid:en)
CH32M103,afio-tim1-rm,PCFR1|PCFR2,PCFR1:6;PCFR1:7;PCFR2:22,3,TIM1,BKIN,TIM1_BKIN,PA13,A,13,#,reference,candidates(datasheet-pin-table+rm-remap-grid:en)
CH32M103,afio-tim1-rm,PCFR1|PCFR2,PCFR1:6;PCFR1:7;PCFR2:22,3,TIM1,CH1,TIM1_CH1,PA1,A,1,#,reference,candidates(datasheet-pin-table+rm-remap-grid:en)
CH32M103,afio-tim1-rm,PCFR1|PCFR2,PCFR1:6;PCFR1:7;PCFR2:22,3,TIM1,CH1N,TIM1_CH1N,PB11,B,11,#,reference,candidates(datasheet-pin-table+rm-remap-grid:en)
CH32M103,afio-tim1-rm,PCFR1|PCFR2,PCFR1:6;PCFR1:7;PCFR2:22,3,TIM1,CH2,TIM1_CH2,PA7,A,7,#,reference,candidates(datasheet-pin-table+rm-remap-grid:en)
CH32M103,afio-tim1-rm,PCFR1|PCFR2,PCFR1:6;PCFR1:7;PCFR2:22,3,TIM1,CH2N,TIM1_CH2N,PB0,B,0,#,reference,candidates(datasheet-pin-table+rm-remap-grid:en)
CH32M103,afio-tim1-rm,PCFR1|PCFR2,PCFR1:6;PCFR1:7;PCFR2:22,3,TIM1,CH3,TIM1_CH3,PA14,A,14,#,reference,candidates(datasheet-pin-table+rm-remap-grid:en)
CH32M103,afio-tim1-rm,PCFR1|PCFR2,PCFR1:6;PCFR1:7;PCFR2:22,3,TIM1,CH4,TIM1_CH4,PB1,B,1,#,reference,candidates(datasheet-pin-table+rm-remap-grid:en)
CH32M103,afio-tim1-rm,PCFR1|PCFR2,PCFR1:6;PCFR1:7;PCFR2:22,3,TIM1,ETR,TIM1_ETR,PA3,A,3,#,reference,candidates(datasheet-pin-table+rm-remap-grid:en)
CH32M103,afio-tim1-rm,PCFR1|PCFR2,PCFR1:6;PCFR1:7;PCFR2:22,4,TIM1,BKIN,TIM1_BKIN,PA12,A,12,#,reference,candidates(datasheet-pin-table+rm-remap-grid:en)
CH32M103,afio-tim1-rm,PCFR1|PCFR2,PCFR1:6;PCFR1:7;PCFR2:22,4,TIM1,CH1,TIM1_CH1,PB7,B,7,#,reference,candidates(datasheet-pin-table+rm-remap-grid:en)
CH32M103,afio-tim1-rm,PCFR1|PCFR2,PCFR1:6;PCFR1:7;PCFR2:22,4,TIM1,CH1N,TIM1_CH1N,PA14,A,14,#,reference,candidates(datasheet-pin-table+rm-remap-grid:en)
CH32M103,afio-tim1-rm,PCFR1|PCFR2,PCFR1:6;PCFR1:7;PCFR2:22,4,TIM1,CH2,TIM1_CH2,PB8,B,8,#,reference,candidates(datasheet-pin-table+rm-remap-grid:en)
CH32M103,afio-tim1-rm,PCFR1|PCFR2,PCFR1:6;PCFR1:7;PCFR2:22,4,TIM1,CH2N,TIM1_CH2N,PB1,B,1,#,reference,candidates(datasheet-pin-table+rm-remap-grid:en)
CH32M103,afio-tim1-rm,PCFR1|PCFR2,PCFR1:6;PCFR1:7;PCFR2:22,4,TIM1,CH4,TIM1_CH4,PA2,A,2,#,reference,candidates(datasheet-pin-table+rm-remap-grid:en)
CH32M103,afio-tim1-rm,PCFR1|PCFR2,PCFR1:6;PCFR1:7;PCFR2:22,4,TIM1,ETR,TIM1_ETR,PB6,B,6,#,reference,candidates(datasheet-pin-table+rm-remap-grid:en)
CH32M103,afio-tim1-rm,PCFR1|PCFR2,PCFR1:6;PCFR1:7;PCFR2:22,5,TIM1,BKIN,TIM1_BKIN,PA12,A,12,#,reference,candidates(datasheet-pin-table+rm-remap-grid:en)
CH32M103,afio-tim1-rm,PCFR1|PCFR2,PCFR1:6;PCFR1:7;PCFR2:22,5,TIM1,CH1,TIM1_CH1,PB1,B,1,#,reference,candidates(datasheet-pin-table+rm-remap-grid:en)
CH32M103,afio-tim1-rm,PCFR1|PCFR2,PCFR1:6;PCFR1:7;PCFR2:22,5,TIM1,CH1N,TIM1_CH1N,PA14,A,14,#,reference,candidates(datasheet-pin-table+rm-remap-grid:en)
CH32M103,afio-tim1-rm,PCFR1|PCFR2,PCFR1:6;PCFR1:7;PCFR2:22,5,TIM1,CH2,TIM1_CH2,PB8,B,8,#,reference,candidates(datasheet-pin-table+rm-remap-grid:en)
CH32M103,afio-tim1-rm,PCFR1|PCFR2,PCFR1:6;PCFR1:7;PCFR2:22,5,TIM1,CH2N,TIM1_CH2N,PA1,A,1,#,reference,candidates(datasheet-pin-table+rm-remap-grid:en)
CH32M103,afio-tim1-rm,PCFR1|PCFR2,PCFR1:6;PCFR1:7;PCFR2:22,5,TIM1,CH3,TIM1_CH3,PB6,B,6,#,reference,candidates(datasheet-pin-table+rm-remap-grid:en)
CH32M103,afio-tim1-rm,PCFR1|PCFR2,PCFR1:6;PCFR1:7;PCFR2:22,5,TIM1,CH3N,TIM1_CH3N,PB7,B,7,#,reference,candidates(datasheet-pin-table+rm-remap-grid:en)
CH32M103,afio-tim1-rm,PCFR1|PCFR2,PCFR1:6;PCFR1:7;PCFR2:22,5,TIM1,CH4,TIM1_CH4,PA3,A,3,#,reference,candidates(datasheet-pin-table+rm-remap-grid:en)
CH32M103,afio-tim1-rm,PCFR1|PCFR2,PCFR1:6;PCFR1:7;PCFR2:22,5,TIM1,ETR,TIM1_ETR,PA13,A,13,#,reference,candidates(datasheet-pin-table+rm-remap-grid:en)
CH32M103,afio-tim2-rm,PCFR1|PCFR2,PCFR1:8;PCFR1:9;PCFR2:21,0,TIM2,CH1_ETR,TIM2_CH1_ETR,PA0-WKUP,A,0,#,reference,candidates(datasheet-pin-table-default:en)
CH32M103,afio-tim2-rm,PCFR1|PCFR2,PCFR1:8;PCFR1:9;PCFR2:21,0,TIM2,CH2,TIM2_CH2,PA1,A,1,#,reference,candidates(datasheet-pin-table-default:en)
CH32M103,afio-tim2-rm,PCFR1|PCFR2,PCFR1:8;PCFR1:9;PCFR2:21,0,TIM2,CH3,TIM2_CH3,PA2,A,2,#,reference,candidates(datasheet-pin-table-default:en)
CH32M103,afio-tim2-rm,PCFR1|PCFR2,PCFR1:8;PCFR1:9;PCFR2:21,0,TIM2,CH4,TIM2_CH4,PA3,A,3,#,reference,candidates(datasheet-pin-table-default:en)
CH32M103,afio-tim2-rm,PCFR1|PCFR2,PCFR1:8;PCFR1:9;PCFR2:21,1,TIM2,CH2,TIM2_CH2,PB3,B,3,#,reference,candidates(datasheet-pin-table+rm-remap-grid:en)
CH32M103,afio-tim2-rm,PCFR1|PCFR2,PCFR1:8;PCFR1:9;PCFR2:21,1,TIM2,CH3,TIM2_CH3,PA2,A,2,#,reference,candidates(datasheet-pin-table+rm-remap-grid:en)
CH32M103,afio-tim2-rm,PCFR1|PCFR2,PCFR1:8;PCFR1:9;PCFR2:21,1,TIM2,CH4,TIM2_CH4,PA3,A,3,#,reference,candidates(datasheet-pin-table+rm-remap-grid:en)
CH32M103,afio-tim2-rm,PCFR1|PCFR2,PCFR1:8;PCFR1:9;PCFR2:21,2,TIM2,CH1_ETR,TIM2_CH1_ETR,PA0-WKUP,A,0,#,reference,candidates(datasheet-pin-table+rm-remap-grid:en)
CH32M103,afio-tim2-rm,PCFR1|PCFR2,PCFR1:8;PCFR1:9;PCFR2:21,2,TIM2,CH2,TIM2_CH2,PA1,A,1,#,reference,candidates(datasheet-pin-table+rm-remap-grid:en)
CH32M103,afio-tim2-rm,PCFR1|PCFR2,PCFR1:8;PCFR1:9;PCFR2:21,2,TIM2,CH3,TIM2_CH3,PB10,B,10,#,reference,candidates(datasheet-pin-table+rm-remap-grid:en)
CH32M103,afio-tim2-rm,PCFR1|PCFR2,PCFR1:8;PCFR1:9;PCFR2:21,2,TIM2,CH4,TIM2_CH4,PB11,B,11,#,reference,candidates(datasheet-pin-table+rm-remap-grid:en)
CH32M103,afio-tim2-rm,PCFR1|PCFR2,PCFR1:8;PCFR1:9;PCFR2:21,3,TIM2,CH2,TIM2_CH2,PB3,B,3,#,reference,candidates(datasheet-pin-table+rm-remap-grid:en)
CH32M103,afio-tim2-rm,PCFR1|PCFR2,PCFR1:8;PCFR1:9;PCFR2:21,3,TIM2,CH3,TIM2_CH3,PB10,B,10,#,reference,candidates(datasheet-pin-table+rm-remap-grid:en)
CH32M103,afio-tim2-rm,PCFR1|PCFR2,PCFR1:8;PCFR1:9;PCFR2:21,3,TIM2,CH4,TIM2_CH4,PB11,B,11,#,reference,candidates(datasheet-pin-table+rm-remap-grid:en)
CH32M103,afio-tim2-rm,PCFR1|PCFR2,PCFR1:8;PCFR1:9;PCFR2:21,4,TIM2,CH1_ETR,TIM2_CH1_ETR,PA3,A,3,#,reference,candidates(datasheet-pin-table+rm-remap-grid:en)
CH32M103,afio-tim2-rm,PCFR1|PCFR2,PCFR1:8;PCFR1:9;PCFR2:21,4,TIM2,CH2,TIM2_CH2,PA2,A,2,#,reference,candidates(datasheet-pin-table+rm-remap-grid:en)
CH32M103,afio-tim2-rm,PCFR1|PCFR2,PCFR1:8;PCFR1:9;PCFR2:21,4,TIM2,CH4,TIM2_CH4,PA6,A,6,#,reference,candidates(datasheet-pin-table+rm-remap-grid:en)
CH32M103,afio-tim2-rm,PCFR1|PCFR2,PCFR1:8;PCFR1:9;PCFR2:21,5,TIM2,CH1_ETR,TIM2_CH1_ETR,PA12,A,12,#,reference,candidates(datasheet-pin-table+rm-remap-grid:en)
CH32M103,afio-tim2-rm,PCFR1|PCFR2,PCFR1:8;PCFR1:9;PCFR2:21,5,TIM2,CH2,TIM2_CH2,PA2,A,2,#,reference,candidates(datasheet-pin-table+rm-remap-grid:en)
CH32M103,afio-tim2-rm,PCFR1|PCFR2,PCFR1:8;PCFR1:9;PCFR2:21,5,TIM2,CH4,TIM2_CH4,PA6,A,6,#,reference,candidates(datasheet-pin-table+rm-remap-grid:en)
CH32M103,afio-tim2-rm,PCFR1|PCFR2,PCFR1:8;PCFR1:9;PCFR2:21,7,TIM2,CH1_ETR,TIM2_CH1_ETR,PA12,A,12,#,reference,candidates(datasheet-pin-table+rm-remap-grid:en)
CH32M103,afio-tim2-rm,PCFR1|PCFR2,PCFR1:8;PCFR1:9;PCFR2:21,7,TIM2,CH2,TIM2_CH2,PB8,B,8,#,reference,candidates(datasheet-pin-table+rm-remap-grid:en)
CH32M103,afio-tim2-rm,PCFR1|PCFR2,PCFR1:8;PCFR1:9;PCFR2:21,7,TIM2,CH3,TIM2_CH3,PA5,A,5,#,reference,candidates(datasheet-pin-table+rm-remap-grid:en)
CH32M103,afio-tim2-rm,PCFR1|PCFR2,PCFR1:8;PCFR1:9;PCFR2:21,7,TIM2,CH4,TIM2_CH4,PA4,A,4,#,reference,candidates(datasheet-pin-table+rm-remap-grid:en)
CH32M103,afio-tim3-rm,PCFR1,PCFR1:10,0,TIM3,CH1,TIM3_CH1,PA6,A,6,#,reference,candidates(datasheet-pin-table-default:en)
CH32M103,afio-tim3-rm,PCFR1,PCFR1:10,0,TIM3,CH2,TIM3_CH2,PA7,A,7,#,reference,candidates(datasheet-pin-table-default:en)
CH32M103,afio-tim3-rm,PCFR1,PCFR1:10,0,TIM3,CH3,TIM3_CH3,PB0,B,0,#,reference,candidates(datasheet-pin-table-default:en)
CH32M103,afio-tim3-rm,PCFR1,PCFR1:10,0,TIM3,CH4,TIM3_CH4,PB1,B,1,#,reference,candidates(datasheet-pin-table-default:en)
CH32M103,afio-tim3-rm,PCFR1,PCFR1:10,1,TIM3,CH2,TIM3_CH2,PB5,B,5,#,reference,candidates(datasheet-pin-table+rm-remap-grid:en)
CH32M103,afio-tim3-rm,PCFR1,PCFR1:10,1,TIM3,CH3,TIM3_CH3,PB0,B,0,#,reference,candidates(datasheet-pin-table+rm-remap-grid:en)
CH32M103,afio-tim3-rm,PCFR1,PCFR1:10,1,TIM3,CH4,TIM3_CH4,PB1,B,1,#,reference,candidates(datasheet-pin-table+rm-remap-grid:en)
CH32M103,afio-tim4-rm,PCFR1,PCFR1:12,0,TIM4,CH1,TIM4_CH1,PB6,B,6,#,reference,candidates(datasheet-pin-table-default:en)
CH32M103,afio-tim4-rm,PCFR1,PCFR1:12,0,TIM4,CH2,TIM4_CH2,PB7,B,7,#,reference,candidates(datasheet-pin-table-default:en)
CH32M103,afio-tim4-rm,PCFR1,PCFR1:12,0,TIM4,CH3,TIM4_CH3,PB8,B,8,#,reference,candidates(datasheet-pin-table-default:en)
CH32M103,afio-tim4-rm,PCFR1,PCFR1:12,1,TIM4,CH1,TIM4_CH1,PB10,B,10,#,reference,candidates(datasheet-pin-table+rm-remap-grid:en)
CH32M103,afio-tim4-rm,PCFR1,PCFR1:12,1,TIM4,CH2,TIM4_CH2,PB11,B,11,#,reference,candidates(datasheet-pin-table+rm-remap-grid:en)
CH32M103,afio-tim4-rm,PCFR1,PCFR1:12,1,TIM4,CH3,TIM4_CH3,PB8,B,8,#,reference,candidates(datasheet-pin-table+rm-remap-grid:en)
CH32M103,afio-usart1-rm,PCFR1|PCFR2,PCFR1:2;PCFR2:19;PCFR2:20,0,USART1,CTS,USART1_CTS,PA11,A,11,#,reference,candidates(datasheet-pin-table-default:en)
CH32M103,afio-usart1-rm,PCFR1|PCFR2,PCFR1:2;PCFR2:19;PCFR2:20,0,USART1,RTS,USART1_RTS,PA12,A,12,#,reference,candidates(datasheet-pin-table-default:en)
CH32M103,afio-usart1-rm,PCFR1|PCFR2,PCFR1:2;PCFR2:19;PCFR2:20,1,USART1,CTS,USART1_CTS,PA11,A,11,#,reference,candidates(datasheet-pin-table+rm-remap-grid:en)
CH32M103,afio-usart1-rm,PCFR1|PCFR2,PCFR1:2;PCFR2:19;PCFR2:20,1,USART1,RTS,USART1_RTS,PA12,A,12,#,reference,candidates(datasheet-pin-table+rm-remap-grid:en)
CH32M103,afio-usart1-rm,PCFR1|PCFR2,PCFR1:2;PCFR2:19;PCFR2:20,1,USART1,RX,USART1_RX,PB7,B,7,#,reference,candidates(datasheet-pin-table+rm-remap-grid:en)
CH32M103,afio-usart1-rm,PCFR1|PCFR2,PCFR1:2;PCFR2:19;PCFR2:20,1,USART1,TX,USART1_TX,PB6,B,6,#,reference,candidates(datasheet-pin-table+rm-remap-grid:en)
CH32M103,afio-usart1-rm,PCFR1|PCFR2,PCFR1:2;PCFR2:19;PCFR2:20,2,USART1,CK,USART1_CK,PA3,A,3,#,reference,candidates(datasheet-pin-table+rm-remap-grid:en)
CH32M103,afio-usart1-rm,PCFR1|PCFR2,PCFR1:2;PCFR2:19;PCFR2:20,2,USART1,CTS,USART1_CTS,PA2,A,2,#,reference,candidates(datasheet-pin-table+rm-remap-grid:en)
CH32M103,afio-usart1-rm,PCFR1|PCFR2,PCFR1:2;PCFR2:19;PCFR2:20,2,USART1,RTS,USART1_RTS,PA13,A,13,#,reference,candidates(datasheet-pin-table+rm-remap-grid:en)
CH32M103,afio-usart1-rm,PCFR1|PCFR2,PCFR1:2;PCFR2:19;PCFR2:20,2,USART1,RX,USART1_RX,PA5,A,5,#,reference,candidates(datasheet-pin-table+rm-remap-grid:en)
CH32M103,afio-usart1-rm,PCFR1|PCFR2,PCFR1:2;PCFR2:19;PCFR2:20,2,USART1,TX,USART1_TX,PA4,A,4,#,reference,candidates(datasheet-pin-table+rm-remap-grid:en)
CH32M103,afio-usart1-rm,PCFR1|PCFR2,PCFR1:2;PCFR2:19;PCFR2:20,3,USART1,CK,USART1_CK,PA6,A,6,#,reference,candidates(datasheet-pin-table+rm-remap-grid:en)
CH32M103,afio-usart1-rm,PCFR1|PCFR2,PCFR1:2;PCFR2:19;PCFR2:20,3,USART1,CTS,USART1_CTS,PB7,B,7,#,reference,candidates(datasheet-pin-table+rm-remap-grid:en)
CH32M103,afio-usart1-rm,PCFR1|PCFR2,PCFR1:2;PCFR2:19;PCFR2:20,3,USART1,RTS,USART1_RTS,PB8,B,8,#,reference,candidates(datasheet-pin-table+rm-remap-grid:en)
CH32M103,afio-usart1-rm,PCFR1|PCFR2,PCFR1:2;PCFR2:19;PCFR2:20,3,USART1,RX,USART1_RX,PA4,A,4,#,reference,candidates(datasheet-pin-table+rm-remap-grid:en)
CH32M103,afio-usart1-rm,PCFR1|PCFR2,PCFR1:2;PCFR2:19;PCFR2:20,3,USART1,TX,USART1_TX,PA5,A,5,#,reference,candidates(datasheet-pin-table+rm-remap-grid:en)
CH32M103,afio-usart1-rm,PCFR1|PCFR2,PCFR1:2;PCFR2:19;PCFR2:20,4,USART1,CK,USART1_CK,PA6,A,6,#,reference,candidates(datasheet-pin-table+rm-remap-grid:en)
CH32M103,afio-usart1-rm,PCFR1|PCFR2,PCFR1:2;PCFR2:19;PCFR2:20,4,USART1,CTS,USART1_CTS,PA14,A,14,#,reference,candidates(datasheet-pin-table+rm-remap-grid:en)
CH32M103,afio-usart1-rm,PCFR1|PCFR2,PCFR1:2;PCFR2:19;PCFR2:20,4,USART1,RTS,USART1_RTS,PA13,A,13,#,reference,candidates(datasheet-pin-table+rm-remap-grid:en)
CH32M103,afio-usart1-rm,PCFR1|PCFR2,PCFR1:2;PCFR2:19;PCFR2:20,4,USART1,TX,USART1_TX,PB11,B,11,#,reference,candidates(datasheet-pin-table+rm-remap-grid:en)
CH32M103,afio-usart1-rm,PCFR1|PCFR2,PCFR1:2;PCFR2:19;PCFR2:20,5,USART1,CK,USART1_CK,PB6,B,6,#,reference,candidates(datasheet-pin-table+rm-remap-grid:en)
CH32M103,afio-usart1-rm,PCFR1|PCFR2,PCFR1:2;PCFR2:19;PCFR2:20,5,USART1,CTS,USART1_CTS,PB7,B,7,#,reference,candidates(datasheet-pin-table+rm-remap-grid:en)
CH32M103,afio-usart1-rm,PCFR1|PCFR2,PCFR1:2;PCFR2:19;PCFR2:20,5,USART1,RTS,USART1_RTS,PB8,B,8,#,reference,candidates(datasheet-pin-table+rm-remap-grid:en)
CH32M103,afio-usart1-rm,PCFR1|PCFR2,PCFR1:2;PCFR2:19;PCFR2:20,5,USART1,RX,USART1_RX,PA12,A,12,#,reference,candidates(datasheet-pin-table+rm-remap-grid:en)
CH32M103,afio-usart2-rm,PCFR1|PCFR2,PCFR1:3;PCFR2:18,0,USART2,CK,USART2_CK,PA4,A,4,#,reference,candidates(datasheet-pin-table-default:en)
CH32M103,afio-usart2-rm,PCFR1|PCFR2,PCFR1:3;PCFR2:18,0,USART2,CTS,USART2_CTS,PA0-WKUP,A,0,#,reference,candidates(datasheet-pin-table-default:en)
CH32M103,afio-usart2-rm,PCFR1|PCFR2,PCFR1:3;PCFR2:18,0,USART2,RTS,USART2_RTS,PA1,A,1,#,reference,candidates(datasheet-pin-table-default:en)
CH32M103,afio-usart2-rm,PCFR1|PCFR2,PCFR1:3;PCFR2:18,0,USART2,RX,USART2_RX,PA3,A,3,#,reference,candidates(datasheet-pin-table-default:en)
CH32M103,afio-usart2-rm,PCFR1|PCFR2,PCFR1:3;PCFR2:18,0,USART2,TX,USART2_TX,PA2,A,2,#,reference,candidates(datasheet-pin-table-default:en)
CH32M103,afio-usart2-rm,PCFR1|PCFR2,PCFR1:3;PCFR2:18,2,USART2,CK,USART2_CK,PA4,A,4,#,reference,candidates(datasheet-pin-table+rm-remap-grid:en)
CH32M103,afio-usart2-rm,PCFR1|PCFR2,PCFR1:3;PCFR2:18,2,USART2,CTS,USART2_CTS,PA0-WKUP,A,0,#,reference,candidates(datasheet-pin-table+rm-remap-grid:en)
CH32M103,afio-usart2-rm,PCFR1|PCFR2,PCFR1:3;PCFR2:18,2,USART2,RTS,USART2_RTS,PA1,A,1,#,reference,candidates(datasheet-pin-table+rm-remap-grid:en)
CH32M103,afio-usart2-rm,PCFR1|PCFR2,PCFR1:3;PCFR2:18,2,USART2,RX,USART2_RX,PA12,A,12,#,reference,candidates(datasheet-pin-table+rm-remap-grid:en)
CH32M103,afio-usart2-rm,PCFR1|PCFR2,PCFR1:3;PCFR2:18,2,USART2,TX,USART2_TX,PA11,A,11,#,reference,candidates(datasheet-pin-table+rm-remap-grid:en)
CH32M103,afio-usart2-rm,PCFR1|PCFR2,PCFR1:3;PCFR2:18,3,USART2,CK,USART2_CK,PA4,A,4,#,reference,candidates(datasheet-pin-table+rm-remap-grid:en)
CH32M103,afio-usart2-rm,PCFR1|PCFR2,PCFR1:3;PCFR2:18,3,USART2,CTS,USART2_CTS,PA0-WKUP,A,0,#,reference,candidates(datasheet-pin-table+rm-remap-grid:en)
CH32M103,afio-usart2-rm,PCFR1|PCFR2,PCFR1:3;PCFR2:18,3,USART2,RTS,USART2_RTS,PA1,A,1,#,reference,candidates(datasheet-pin-table+rm-remap-grid:en)
CH32M103,afio-usart2-rm,PCFR1|PCFR2,PCFR1:3;PCFR2:18,3,USART2,RX,USART2_RX,PA11,A,11,#,reference,candidates(datasheet-pin-table+rm-remap-grid:en)
CH32M103,afio-usart2-rm,PCFR1|PCFR2,PCFR1:3;PCFR2:18,3,USART2,TX,USART2_TX,PA12,A,12,#,reference,candidates(datasheet-pin-table+rm-remap-grid:en)
CH32M103,afio-usart3-rm,PCFR1,PCFR1:4;PCFR1:5,0,USART3,RX,USART3_RX,PB11,B,11,#,reference,candidates(datasheet-pin-table-default:en)
CH32M103,afio-usart3-rm,PCFR1,PCFR1:4;PCFR1:5,0,USART3,TX,USART3_TX,PB10,B,10,#,reference,candidates(datasheet-pin-table-default:en)
CH32M103,afio-usart4-rm,PCFR2,PCFR2:16,0,USART4,CTS,USART4_CTS,PB3,B,3,#,reference,candidates(datasheet-pin-table-default:en)
CH32M103,afio-usart4-rm,PCFR2,PCFR2:16,0,USART4,RX,USART4_RX,PB1,B,1,#,reference,candidates(datasheet-pin-table-default:en)
CH32M103,afio-usart4-rm,PCFR2,PCFR2:16,0,USART4,TX,USART4_TX,PB0,B,0,#,reference,candidates(datasheet-pin-table-default:en)
CH32M103,afio-usart4-rm,PCFR2,PCFR2:16,1,USART4,CK,USART4_CK,PA6,A,6,#,reference,candidates(datasheet-pin-table+rm-remap-grid:en)
CH32M103,afio-usart4-rm,PCFR2,PCFR2:16,1,USART4,CTS,USART4_CTS,PA7,A,7,#,reference,candidates(datasheet-pin-table+rm-remap-grid:en)
CH32M103,afio-usart4-rm,PCFR2,PCFR2:16,1,USART4,RX,USART4_RX,PB5,B,5,#,reference,candidates(datasheet-pin-table+rm-remap-grid:en)
CH32M103,afio-usart4-rm,PCFR2,PCFR2:16,1,USART4,TX,USART4_TX,PA5,A,5,#,reference,candidates(datasheet-pin-table+rm-remap-grid:en)
CH32V002,afio-adc-etrginj-remap,PCFR1,PCFR1:18,0,ADC1,IETR,ADC_IETR,PD1,D,1,#,reference,candidates(datasheet-pin-table-default:en)
CH32V002,afio-adc-etrginj-remap,PCFR1,PCFR1:18,1,ADC1,IETR,ADC_IETR,PA2,A,2,#,reference,candidates(datasheet-pin-table+rm-remap-grid:en)
CH32V002,afio-adc-etrgreg-remap,PCFR1,PCFR1:19,0,ADC1,IN4,ADC_IN4,PD3,D,3,#,reference,candidates(datasheet-pin-table-default:en)
CH32V002,afio-adc-etrgreg-remap,PCFR1,PCFR1:19,0,ADC1,RETR,ADC_RETR,PD3,D,3,#,reference,candidates(datasheet-pin-table-default:en)
CH32V002,afio-adc-etrgreg-remap,PCFR1,PCFR1:19,1,ADC1,RETR,ADC_RETR,PC2,C,2,#,reference,candidates(datasheet-pin-table+rm-remap-grid:en)
CH32V002,afio-i2c1-remap,PCFR1,PCFR1:3;PCFR1:4;PCFR1:5,0,I2C1,SCL,I2C_SCL,PC2,C,2,#,reference,candidates(datasheet-pin-table-default:en)
CH32V002,afio-i2c1-remap,PCFR1,PCFR1:3;PCFR1:4;PCFR1:5,0,I2C1,SDA,I2C_SDA,PC1,C,1,#,reference,candidates(datasheet-pin-table-default:en)
CH32V002,afio-i2c1-remap,PCFR1,PCFR1:3;PCFR1:4;PCFR1:5,1,I2C1,SCL,I2C_SCL,PD1,D,1,#,reference,candidates(datasheet-pin-table+rm-remap-grid:en)
CH32V002,afio-i2c1-remap,PCFR1,PCFR1:3;PCFR1:4;PCFR1:5,1,I2C1,SDA,I2C_SDA,PD0,D,0,#,reference,candidates(datasheet-pin-table+rm-remap-grid:en)
CH32V002,afio-i2c1-remap,PCFR1,PCFR1:3;PCFR1:4;PCFR1:5,2,I2C1,SCL,I2C_SCL,PC5,C,5,#,reference,candidates(datasheet-pin-table+rm-remap-grid:en)
CH32V002,afio-i2c1-remap,PCFR1,PCFR1:3;PCFR1:4;PCFR1:5,2,I2C1,SDA,I2C_SDA,PC6,C,6,#,reference,candidates(datasheet-pin-table+rm-remap-grid:en)
CH32V002,afio-i2c1-remap,PCFR1,PCFR1:3;PCFR1:4;PCFR1:5,4,I2C1,SDA,I2C_SDA,PD1,D,1,#,reference,candidates(datasheet-pin-table+rm-remap-grid:en)
CH32V002,afio-spi1-remap,PCFR1,PCFR1:0;PCFR1:1;PCFR1:2,0,SPI1,MISO,SPI_MISO,PC7,C,7,#,reference,candidates(datasheet-pin-table-default:en)
CH32V002,afio-spi1-remap,PCFR1,PCFR1:0;PCFR1:1;PCFR1:2,0,SPI1,MOSI,SPI_MOSI,PC6,C,6,#,reference,candidates(datasheet-pin-table-default:en)
CH32V002,afio-spi1-remap,PCFR1,PCFR1:0;PCFR1:1;PCFR1:2,0,SPI1,NSS,SPI_NSS,PC1,C,1,#,reference,candidates(datasheet-pin-table-default:en)
CH32V002,afio-spi1-remap,PCFR1,PCFR1:0;PCFR1:1;PCFR1:2,0,SPI1,SCK,SPI_SCK,PC5,C,5,#,reference,candidates(datasheet-pin-table-default:en)
CH32V002,afio-spi1-remap,PCFR1,PCFR1:0;PCFR1:1;PCFR1:2,1,SPI1,MISO,SPI_MISO,PC7,C,7,#,reference,candidates(datasheet-pin-table+rm-remap-grid:en)
CH32V002,afio-spi1-remap,PCFR1,PCFR1:0;PCFR1:1;PCFR1:2,1,SPI1,MOSI,SPI_MOSI,PC6,C,6,#,reference,candidates(datasheet-pin-table+rm-remap-grid:en)
CH32V002,afio-spi1-remap,PCFR1,PCFR1:0;PCFR1:1;PCFR1:2,1,SPI1,NSS,SPI_NSS,PC0,C,0,#,reference,candidates(datasheet-pin-table+rm-remap-grid:en)
CH32V002,afio-spi1-remap,PCFR1,PCFR1:0;PCFR1:1;PCFR1:2,1,SPI1,SCK,SPI_SCK,PC5,C,5,#,reference,candidates(datasheet-pin-table+rm-remap-grid:en)
CH32V002,afio-spi1-remap,PCFR1,PCFR1:0;PCFR1:1;PCFR1:2,2,SPI1,MOSI,SPI_MOSI,PD3,D,3,#,reference,candidates(datasheet-pin-table+rm-remap-grid:en)
CH32V002,afio-spi1-remap,PCFR1,PCFR1:0;PCFR1:1;PCFR1:2,2,SPI1,NSS,SPI_NSS,PC4,C,4,#,reference,candidates(datasheet-pin-table+rm-remap-grid:en)
CH32V002,afio-spi1-remap,PCFR1,PCFR1:0;PCFR1:1;PCFR1:2,2,SPI1,SCK,SPI_SCK,PD2,D,2,#,reference,candidates(datasheet-pin-table+rm-remap-grid:en)
CH32V002,afio-spi1-remap,PCFR1,PCFR1:0;PCFR1:1;PCFR1:2,3,SPI1,MOSI,SPI_MOSI,PC0,C,0,#,reference,candidates(datasheet-pin-table+rm-remap-grid:en)
CH32V002,afio-spi1-remap,PCFR1,PCFR1:0;PCFR1:1;PCFR1:2,4,SPI1,MISO,SPI_MISO,PD5,D,5,#,reference,candidates(datasheet-pin-table+rm-remap-grid:en)
CH32V002,afio-spi1-remap,PCFR1,PCFR1:0;PCFR1:1;PCFR1:2,4,SPI1,MOSI,SPI_MOSI,PD6,D,6,#,reference,candidates(datasheet-pin-table+rm-remap-grid:en)
CH32V002,afio-spi1-remap,PCFR1,PCFR1:0;PCFR1:1;PCFR1:2,4,SPI1,NSS,SPI_NSS,PD3,D,3,#,reference,candidates(datasheet-pin-table+rm-remap-grid:en)
CH32V002,afio-spi1-remap,PCFR1,PCFR1:0;PCFR1:1;PCFR1:2,4,SPI1,SCK,SPI_SCK,PD4,D,4,#,reference,candidates(datasheet-pin-table+rm-remap-grid:en)
CH32V002,afio-spi1-remap,PCFR1,PCFR1:0;PCFR1:1;PCFR1:2,5,SPI1,MOSI,SPI_MOSI,PA2,A,2,#,reference,candidates(datasheet-pin-table+rm-remap-grid:en)
CH32V002,afio-spi1-remap,PCFR1,PCFR1:0;PCFR1:1;PCFR1:2,5,SPI1,NSS,SPI_NSS,PC1,C,1,#,reference,candidates(datasheet-pin-table+rm-remap-grid:en)
CH32V002,afio-spi1-remap,PCFR1,PCFR1:0;PCFR1:1;PCFR1:2,5,SPI1,SCK,SPI_SCK,PA1,A,1,#,reference,candidates(datasheet-pin-table+rm-remap-grid:en)
CH32V002,afio-spi1-remap,PCFR1,PCFR1:0;PCFR1:1;PCFR1:2,6,SPI1,MISO,SPI_MISO,PC7,C,7,#,reference,candidates(datasheet-pin-table+rm-remap-grid:en)
CH32V002,afio-spi1-remap,PCFR1,PCFR1:0;PCFR1:1;PCFR1:2,6,SPI1,NSS,SPI_NSS,PC4,C,4,#,reference,candidates(datasheet-pin-table+rm-remap-grid:en)
CH32V002,afio-tim1-remap,PCFR1,PCFR1:10;PCFR1:11;PCFR1:12;PCFR1:13,0,TIM1,BKIN,TIM1_BKIN,PC2,C,2,#,reference,candidates(datasheet-pin-table-default:en)
CH32V002,afio-tim1-remap,PCFR1,PCFR1:10;PCFR1:11;PCFR1:12;PCFR1:13,0,TIM1,CH1,TIM1_CH1,PD2,D,2,#,reference,candidates(datasheet-pin-table-default:en)
CH32V002,afio-tim1-remap,PCFR1,PCFR1:10;PCFR1:11;PCFR1:12;PCFR1:13,0,TIM1,CH1N,TIM1_CH1N,PD0,D,0,#,reference,candidates(datasheet-pin-table-default:en)
CH32V002,afio-tim1-remap,PCFR1,PCFR1:10;PCFR1:11;PCFR1:12;PCFR1:13,0,TIM1,CH2,TIM1_CH2,PA1,A,1,#,reference,candidates(datasheet-pin-table-default:en)
CH32V002,afio-tim1-remap,PCFR1,PCFR1:10;PCFR1:11;PCFR1:12;PCFR1:13,0,TIM1,CH2N,TIM1_CH2N,PA2,A,2,#,reference,candidates(datasheet-pin-table-default:en)
CH32V002,afio-tim1-remap,PCFR1,PCFR1:10;PCFR1:11;PCFR1:12;PCFR1:13,0,TIM1,CH3,TIM1_CH3,PC3,C,3,#,reference,candidates(datasheet-pin-table-default:en)
CH32V002,afio-tim1-remap,PCFR1,PCFR1:10;PCFR1:11;PCFR1:12;PCFR1:13,0,TIM1,CH3N,TIM1_CH3N,PD1,D,1,#,reference,candidates(datasheet-pin-table-default:en)
CH32V002,afio-tim1-remap,PCFR1,PCFR1:10;PCFR1:11;PCFR1:12;PCFR1:13,0,TIM1,CH4,TIM1_CH4,PC4,C,4,#,reference,candidates(datasheet-pin-table-default:en)
CH32V002,afio-tim1-remap,PCFR1,PCFR1:10;PCFR1:11;PCFR1:12;PCFR1:13,0,TIM1,ETR,TIM1_ETR,PC5,C,5,#,reference,candidates(datasheet-pin-table-default:en)
CH32V002,afio-tim1-remap,PCFR1,PCFR1:10;PCFR1:11;PCFR1:12;PCFR1:13,1,TIM1,BKIN,TIM1_BKIN,PC2,C,2,#,reference,candidates(datasheet-pin-table+rm-remap-grid:en)
CH32V002,afio-tim1-remap,PCFR1,PCFR1:10;PCFR1:11;PCFR1:12;PCFR1:13,1,TIM1,CH1,TIM1_CH1,PD2,D,2,#,reference,candidates(datasheet-pin-table+rm-remap-grid:en)
CH32V002,afio-tim1-remap,PCFR1,PCFR1:10;PCFR1:11;PCFR1:12;PCFR1:13,1,TIM1,CH1N,TIM1_CH1N,PD0,D,0,#,reference,candidates(datasheet-pin-table+rm-remap-grid:en)
CH32V002,afio-tim1-remap,PCFR1,PCFR1:10;PCFR1:11;PCFR1:12;PCFR1:13,1,TIM1,CH2,TIM1_CH2,PA1,A,1,#,reference,candidates(datasheet-pin-table+rm-remap-grid:en)
CH32V002,afio-tim1-remap,PCFR1,PCFR1:10;PCFR1:11;PCFR1:12;PCFR1:13,1,TIM1,CH2N,TIM1_CH2N,PA2,A,2,#,reference,candidates(datasheet-pin-table+rm-remap-grid:en)
CH32V002,afio-tim1-remap,PCFR1,PCFR1:10;PCFR1:11;PCFR1:12;PCFR1:13,1,TIM1,CH3,TIM1_CH3,PC3,C,3,#,reference,candidates(datasheet-pin-table+rm-remap-grid:en)
CH32V002,afio-tim1-remap,PCFR1,PCFR1:10;PCFR1:11;PCFR1:12;PCFR1:13,1,TIM1,CH3N,TIM1_CH3N,PD1,D,1,#,reference,candidates(datasheet-pin-table+rm-remap-grid:en)
CH32V002,afio-tim1-remap,PCFR1,PCFR1:10;PCFR1:11;PCFR1:12;PCFR1:13,1,TIM1,CH4,TIM1_CH4,PC4,C,4,#,reference,candidates(datasheet-pin-table+rm-remap-grid:en)
CH32V002,afio-tim1-remap,PCFR1,PCFR1:10;PCFR1:11;PCFR1:12;PCFR1:13,1,TIM1,ETR,TIM1_ETR,PD4,D,4,#,reference,candidates(datasheet-pin-table+rm-remap-grid:en)
CH32V002,afio-tim1-remap,PCFR1,PCFR1:10;PCFR1:11;PCFR1:12;PCFR1:13,2,TIM1,BKIN,TIM1_BKIN,PC1,C,1,#,reference,candidates(datasheet-pin-table+rm-remap-grid:en)
CH32V002,afio-tim1-remap,PCFR1,PCFR1:10;PCFR1:11;PCFR1:12;PCFR1:13,2,TIM1,CH1,TIM1_CH1,PC6,C,6,#,reference,candidates(datasheet-pin-table+rm-remap-grid:en)
CH32V002,afio-tim1-remap,PCFR1,PCFR1:10;PCFR1:11;PCFR1:12;PCFR1:13,2,TIM1,CH1N,TIM1_CH1N,PC3,C,3,#,reference,candidates(datasheet-pin-table+rm-remap-grid:en)
CH32V002,afio-tim1-remap,PCFR1,PCFR1:10;PCFR1:11;PCFR1:12;PCFR1:13,2,TIM1,CH2,TIM1_CH2,PC7,C,7,#,reference,candidates(datasheet-pin-table+rm-remap-grid:en)
CH32V002,afio-tim1-remap,PCFR1,PCFR1:10;PCFR1:11;PCFR1:12;PCFR1:13,2,TIM1,CH2N,TIM1_CH2N,PC4,C,4,#,reference,candidates(datasheet-pin-table+rm-remap-grid:en)
CH32V002,afio-tim1-remap,PCFR1,PCFR1:10;PCFR1:11;PCFR1:12;PCFR1:13,2,TIM1,CH3,TIM1_CH3,PC0,C,0,#,reference,candidates(datasheet-pin-table+rm-remap-grid:en)
CH32V002,afio-tim1-remap,PCFR1,PCFR1:10;PCFR1:11;PCFR1:12;PCFR1:13,2,TIM1,CH3N,TIM1_CH3N,PD1,D,1,#,reference,candidates(datasheet-pin-table+rm-remap-grid:en)
CH32V002,afio-tim1-remap,PCFR1,PCFR1:10;PCFR1:11;PCFR1:12;PCFR1:13,2,TIM1,CH4,TIM1_CH4,PD3,D,3,#,reference,candidates(datasheet-pin-table+rm-remap-grid:en)
CH32V002,afio-tim1-remap,PCFR1,PCFR1:10;PCFR1:11;PCFR1:12;PCFR1:13,2,TIM1,ETR,TIM1_ETR,PC5,C,5,#,reference,candidates(datasheet-pin-table+rm-remap-grid:en)
CH32V002,afio-tim1-remap,PCFR1,PCFR1:10;PCFR1:11;PCFR1:12;PCFR1:13,3,TIM1,BKIN,TIM1_BKIN,PC1,C,1,#,reference,candidates(datasheet-pin-table+rm-remap-grid:en)
CH32V002,afio-tim1-remap,PCFR1,PCFR1:10;PCFR1:11;PCFR1:12;PCFR1:13,3,TIM1,CH1,TIM1_CH1,PC4,C,4,#,reference,candidates(datasheet-pin-table+rm-remap-grid:en)
CH32V002,afio-tim1-remap,PCFR1,PCFR1:10;PCFR1:11;PCFR1:12;PCFR1:13,3,TIM1,CH1N,TIM1_CH1N,PC3,C,3,#,reference,candidates(datasheet-pin-table+rm-remap-grid:en)
CH32V002,afio-tim1-remap,PCFR1,PCFR1:10;PCFR1:11;PCFR1:12;PCFR1:13,3,TIM1,CH2,TIM1_CH2,PC7,C,7,#,reference,candidates(datasheet-pin-table+rm-remap-grid:en)
CH32V002,afio-tim1-remap,PCFR1,PCFR1:10;PCFR1:11;PCFR1:12;PCFR1:13,3,TIM1,CH2N,TIM1_CH2N,PD2,D,2,#,reference,candidates(datasheet-pin-table+rm-remap-grid:en)
CH32V002,afio-tim1-remap,PCFR1,PCFR1:10;PCFR1:11;PCFR1:12;PCFR1:13,3,TIM1,CH3,TIM1_CH3,PC5,C,5,#,reference,candidates(datasheet-pin-table+rm-remap-grid:en)
CH32V002,afio-tim1-remap,PCFR1,PCFR1:10;PCFR1:11;PCFR1:12;PCFR1:13,3,TIM1,CH3N,TIM1_CH3N,PC6,C,6,#,reference,candidates(datasheet-pin-table+rm-remap-grid:en)
CH32V002,afio-tim1-remap,PCFR1,PCFR1:10;PCFR1:11;PCFR1:12;PCFR1:13,3,TIM1,CH4,TIM1_CH4,PD4,D,4,#,reference,candidates(datasheet-pin-table+rm-remap-grid:en)
CH32V002,afio-tim1-remap,PCFR1,PCFR1:10;PCFR1:11;PCFR1:12;PCFR1:13,3,TIM1,ETR,TIM1_ETR,PC2,C,2,#,reference,candidates(datasheet-pin-table+rm-remap-grid:en)
CH32V002,afio-tim1-remap,PCFR1,PCFR1:10;PCFR1:11;PCFR1:12;PCFR1:13,4,TIM1,CH2N,TIM1_CH2N,PA2,A,2,#,reference,candidates(datasheet-pin-table+rm-remap-grid:en)
CH32V002,afio-tim1-remap,PCFR1,PCFR1:10;PCFR1:11;PCFR1:12;PCFR1:13,4,TIM1,CH3N,TIM1_CH3N,PD0,D,0,#,reference,candidates(datasheet-pin-table+rm-remap-grid:en)
CH32V002,afio-tim1-remap,PCFR1,PCFR1:10;PCFR1:11;PCFR1:12;PCFR1:13,4,TIM1,CH4,TIM1_CH4,PD1,D,1,#,reference,candidates(datasheet-pin-table+rm-remap-grid:en)
CH32V002,afio-tim1-remap,PCFR1,PCFR1:10;PCFR1:11;PCFR1:12;PCFR1:13,4,TIM1,ETR,TIM1_ETR,PD4,D,4,#,reference,candidates(datasheet-pin-table+rm-remap-grid:en)
CH32V002,afio-tim1-remap,PCFR1,PCFR1:10;PCFR1:11;PCFR1:12;PCFR1:13,5,TIM1,CH2N,TIM1_CH2N,PA2,A,2,#,reference,candidates(datasheet-pin-table+rm-remap-grid:en)
CH32V002,afio-tim1-remap,PCFR1,PCFR1:10;PCFR1:11;PCFR1:12;PCFR1:13,5,TIM1,CH3,TIM1_CH3,PC3,C,3,#,reference,candidates(datasheet-pin-table+rm-remap-grid:en)
CH32V002,afio-tim1-remap,PCFR1,PCFR1:10;PCFR1:11;PCFR1:12;PCFR1:13,5,TIM1,CH3N,TIM1_CH3N,PD0,D,0,#,reference,candidates(datasheet-pin-table+rm-remap-grid:en)
CH32V002,afio-tim1-remap,PCFR1,PCFR1:10;PCFR1:11;PCFR1:12;PCFR1:13,5,TIM1,CH4,TIM1_CH4,PD1,D,1,#,reference,candidates(datasheet-pin-table+rm-remap-grid:en)
CH32V002,afio-tim1-remap,PCFR1,PCFR1:10;PCFR1:11;PCFR1:12;PCFR1:13,5,TIM1,ETR,TIM1_ETR,PD4,D,4,#,reference,candidates(datasheet-pin-table+rm-remap-grid:en)
CH32V002,afio-tim1-remap,PCFR1,PCFR1:10;PCFR1:11;PCFR1:12;PCFR1:13,6,TIM1,CH2N,TIM1_CH2N,PA2,A,2,#,reference,candidates(datasheet-pin-table+rm-remap-grid:en)
CH32V002,afio-tim1-remap,PCFR1,PCFR1:10;PCFR1:11;PCFR1:12;PCFR1:13,6,TIM1,CH3N,TIM1_CH3N,PD0,D,0,#,reference,candidates(datasheet-pin-table+rm-remap-grid:en)
CH32V002,afio-tim1-remap,PCFR1,PCFR1:10;PCFR1:11;PCFR1:12;PCFR1:13,6,TIM1,ETR,TIM1_ETR,PD4,D,4,#,reference,candidates(datasheet-pin-table+rm-remap-grid:en)
CH32V002,afio-tim1-remap,PCFR1,PCFR1:10;PCFR1:11;PCFR1:12;PCFR1:13,7,TIM1,CH1,TIM1_CH1,PC4,C,4,#,reference,candidates(datasheet-pin-table+rm-remap-grid:en)
CH32V002,afio-tim1-remap,PCFR1,PCFR1:10;PCFR1:11;PCFR1:12;PCFR1:13,7,TIM1,CH1N,TIM1_CH1N,PC0,C,0,#,reference,candidates(datasheet-pin-table+rm-remap-grid:en)
CH32V002,afio-tim1-remap,PCFR1,PCFR1:10;PCFR1:11;PCFR1:12;PCFR1:13,7,TIM1,CH2,TIM1_CH2,PC5,C,5,#,reference,candidates(datasheet-pin-table+rm-remap-grid:en)
CH32V002,afio-tim1-remap,PCFR1,PCFR1:10;PCFR1:11;PCFR1:12;PCFR1:13,7,TIM1,CH2N,TIM1_CH2N,PC1,C,1,#,reference,candidates(datasheet-pin-table+rm-remap-grid:en)
CH32V002,afio-tim1-remap,PCFR1,PCFR1:10;PCFR1:11;PCFR1:12;PCFR1:13,7,TIM1,CH3,TIM1_CH3,PC6,C,6,#,reference,candidates(datasheet-pin-table+rm-remap-grid:en)
CH32V002,afio-tim1-remap,PCFR1,PCFR1:10;PCFR1:11;PCFR1:12;PCFR1:13,7,TIM1,CH3N,TIM1_CH3N,PC2,C,2,#,reference,candidates(datasheet-pin-table+rm-remap-grid:en)
CH32V002,afio-tim1-remap,PCFR1,PCFR1:10;PCFR1:11;PCFR1:12;PCFR1:13,7,TIM1,CH4,TIM1_CH4,PC7,C,7,#,reference,candidates(datasheet-pin-table+rm-remap-grid:en)
CH32V002,afio-tim1-remap,PCFR1,PCFR1:10;PCFR1:11;PCFR1:12;PCFR1:13,8,TIM1,CH1,TIM1_CH1,PC4,C,4,#,reference,candidates(datasheet-pin-table+rm-remap-grid:en)
CH32V002,afio-tim1-remap,PCFR1,PCFR1:10;PCFR1:11;PCFR1:12;PCFR1:13,8,TIM1,CH2,TIM1_CH2,PC5,C,5,#,reference,candidates(datasheet-pin-table+rm-remap-grid:en)
CH32V002,afio-tim1-remap,PCFR1,PCFR1:10;PCFR1:11;PCFR1:12;PCFR1:13,8,TIM1,CH3,TIM1_CH3,PC6,C,6,#,reference,candidates(datasheet-pin-table+rm-remap-grid:en)
CH32V002,afio-tim1-remap,PCFR1,PCFR1:10;PCFR1:11;PCFR1:12;PCFR1:13,8,TIM1,CH4,TIM1_CH4,PC7,C,7,#,reference,candidates(datasheet-pin-table+rm-remap-grid:en)
CH32V002,afio-tim1-remap,PCFR1,PCFR1:10;PCFR1:11;PCFR1:12;PCFR1:13,9,TIM1,CH1N,TIM1_CH1N,PC0,C,0,#,reference,candidates(datasheet-pin-table+rm-remap-grid:en)
CH32V002,afio-tim1-remap,PCFR1,PCFR1:10;PCFR1:11;PCFR1:12;PCFR1:13,9,TIM1,CH2,TIM1_CH2,PA1,A,1,#,reference,candidates(datasheet-pin-table+rm-remap-grid:en)
CH32V002,afio-tim1-remap,PCFR1,PCFR1:10;PCFR1:11;PCFR1:12;PCFR1:13,9,TIM1,CH2N,TIM1_CH2N,PC1,C,1,#,reference,candidates(datasheet-pin-table+rm-remap-grid:en)
CH32V002,afio-tim1-remap,PCFR1,PCFR1:10;PCFR1:11;PCFR1:12;PCFR1:13,9,TIM1,CH3,TIM1_CH3,PA2,A,2,#,reference,candidates(datasheet-pin-table+rm-remap-grid:en)
CH32V002,afio-tim1-remap,PCFR1,PCFR1:10;PCFR1:11;PCFR1:12;PCFR1:13,9,TIM1,CH3N,TIM1_CH3N,PC2,C,2,#,reference,candidates(datasheet-pin-table+rm-remap-grid:en)
CH32V002,afio-tim2-remap,PCFR1,PCFR1:14;PCFR1:15;PCFR1:16,0,TIM2,CH1_ETR,TIM2_CH1_ETR,PD4,D,4,#,reference,candidates(datasheet-pin-table-default:en)
CH32V002,afio-tim2-remap,PCFR1,PCFR1:14;PCFR1:15;PCFR1:16,0,TIM2,CH2,TIM2_CH2,PD3,D,3,#,reference,candidates(datasheet-pin-table-default:en)
CH32V002,afio-tim2-remap,PCFR1,PCFR1:14;PCFR1:15;PCFR1:16,0,TIM2,CH3,TIM2_CH3,PC0,C,0,#,reference,candidates(datasheet-pin-table-default:en)
CH32V002,afio-tim2-remap,PCFR1,PCFR1:14;PCFR1:15;PCFR1:16,0,TIM2,CH4,TIM2_CH4,PD7,D,7,#,reference,candidates(datasheet-pin-table-default:en)
CH32V002,afio-tim2-remap,PCFR1,PCFR1:14;PCFR1:15;PCFR1:16,1,TIM2,CH1_ETR,TIM2_CH1_ETR,PC1,C,1,#,reference,candidates(datasheet-pin-table+rm-remap-grid:en)
CH32V002,afio-tim2-remap,PCFR1,PCFR1:14;PCFR1:15;PCFR1:16,1,TIM2,CH2,TIM2_CH2,PD3,D,3,#,reference,candidates(datasheet-pin-table+rm-remap-grid:en)
CH32V002,afio-tim2-remap,PCFR1,PCFR1:14;PCFR1:15;PCFR1:16,1,TIM2,CH3,TIM2_CH3,PC0,C,0,#,reference,candidates(datasheet-pin-table+rm-remap-grid:en)
CH32V002,afio-tim2-remap,PCFR1,PCFR1:14;PCFR1:15;PCFR1:16,1,TIM2,CH4,TIM2_CH4,PD7,D,7,#,reference,candidates(datasheet-pin-table+rm-remap-grid:en)
CH32V002,afio-tim2-remap,PCFR1,PCFR1:14;PCFR1:15;PCFR1:16,2,TIM2,CH1_ETR,TIM2_CH1_ETR,PC5,C,5,#,reference,candidates(datasheet-pin-table+rm-remap-grid:en)
CH32V002,afio-tim2-remap,PCFR1,PCFR1:14;PCFR1:15;PCFR1:16,2,TIM2,CH2,TIM2_CH2,PC2,C,2,#,reference,candidates(datasheet-pin-table+rm-remap-grid:en)
CH32V002,afio-tim2-remap,PCFR1,PCFR1:14;PCFR1:15;PCFR1:16,2,TIM2,CH3,TIM2_CH3,PD2,D,2,#,reference,candidates(datasheet-pin-table+rm-remap-grid:en)
CH32V002,afio-tim2-remap,PCFR1,PCFR1:14;PCFR1:15;PCFR1:16,2,TIM2,CH4,TIM2_CH4,PC1,C,1,#,reference,candidates(datasheet-pin-table+rm-remap-grid:en)
CH32V002,afio-tim2-remap,PCFR1,PCFR1:14;PCFR1:15;PCFR1:16,3,TIM2,CH1_ETR,TIM2_CH1_ETR,PC1,C,1,#,reference,candidates(datasheet-pin-table+rm-remap-grid:en)
CH32V002,afio-tim2-remap,PCFR1,PCFR1:14;PCFR1:15;PCFR1:16,3,TIM2,CH2,TIM2_CH2,PC7,C,7,#,reference,candidates(datasheet-pin-table+rm-remap-grid:en)
CH32V002,afio-tim2-remap,PCFR1,PCFR1:14;PCFR1:15;PCFR1:16,3,TIM2,CH3,TIM2_CH3,PD6,D,6,#,reference,candidates(datasheet-pin-table+rm-remap-grid:en)
CH32V002,afio-tim2-remap,PCFR1,PCFR1:14;PCFR1:15;PCFR1:16,3,TIM2,CH4,TIM2_CH4,PD5,D,5,#,reference,candidates(datasheet-pin-table+rm-remap-grid:en)
CH32V002,afio-tim2-remap,PCFR1,PCFR1:14;PCFR1:15;PCFR1:16,4,TIM2,CH1_ETR,TIM2_CH1_ETR,PC0,C,0,#,reference,candidates(datasheet-pin-table+rm-remap-grid:en)
CH32V002,afio-tim2-remap,PCFR1,PCFR1:14;PCFR1:15;PCFR1:16,4,TIM2,CH2,TIM2_CH2,PC1,C,1,#,reference,candidates(datasheet-pin-table+rm-remap-grid:en)
CH32V002,afio-tim2-remap,PCFR1,PCFR1:14;PCFR1:15;PCFR1:16,4,TIM2,CH3,TIM2_CH3,PC3,C,3,#,reference,candidates(datasheet-pin-table+rm-remap-grid:en)
CH32V002,afio-tim2-remap,PCFR1,PCFR1:14;PCFR1:15;PCFR1:16,5,TIM2,CH2,TIM2_CH2,PA1,A,1,#,reference,candidates(datasheet-pin-table+rm-remap-grid:en)
CH32V002,afio-tim2-remap,PCFR1,PCFR1:14;PCFR1:15;PCFR1:16,5,TIM2,CH3,TIM2_CH3,PA2,A,2,#,reference,candidates(datasheet-pin-table+rm-remap-grid:en)
CH32V002,afio-tim2-remap,PCFR1,PCFR1:14;PCFR1:15;PCFR1:16,6,TIM2,CH2,TIM2_CH2,PA1,A,1,#,reference,candidates(datasheet-pin-table+rm-remap-grid:en)
CH32V002,afio-tim2-remap,PCFR1,PCFR1:14;PCFR1:15;PCFR1:16,6,TIM2,CH3,TIM2_CH3,PA2,A,2,#,reference,candidates(datasheet-pin-table+rm-remap-grid:en)
CH32V002,afio-tim2-remap,PCFR1,PCFR1:14;PCFR1:15;PCFR1:16,7,TIM2,CH1_ETR,TIM2_CH1_ETR,PD3,D,3,#,reference,candidates(datasheet-pin-table+rm-remap-grid:en)
CH32V002,afio-tim2-remap,PCFR1,PCFR1:14;PCFR1:15;PCFR1:16,7,TIM2,CH2,TIM2_CH2,PD4,D,4,#,reference,candidates(datasheet-pin-table+rm-remap-grid:en)
CH32V002,afio-tim2-remap,PCFR1,PCFR1:14;PCFR1:15;PCFR1:16,7,TIM2,CH3,TIM2_CH3,PA2,A,2,#,reference,candidates(datasheet-pin-table+rm-remap-grid:en)
CH32V002,afio-usart1-remap,PCFR1,PCFR1:6;PCFR1:7;PCFR1:8;PCFR1:9,0,USART1,CTS,USART1_CTS,PD3,D,3,#,reference,candidates(datasheet-pin-table-default:en)
CH32V002,afio-usart1-remap,PCFR1,PCFR1:6;PCFR1:7;PCFR1:8;PCFR1:9,0,USART1,RTS,USART1_RTS,PC2,C,2,#,reference,candidates(datasheet-pin-table-default:en)
CH32V002,afio-usart1-remap,PCFR1,PCFR1:6;PCFR1:7;PCFR1:8;PCFR1:9,0,USART1,RX,USART1_RX,PD6,D,6,#,reference,candidates(datasheet-pin-table-default:en)
CH32V002,afio-usart1-remap,PCFR1,PCFR1:6;PCFR1:7;PCFR1:8;PCFR1:9,0,USART1,TX,USART1_TX,PD5,D,5,#,reference,candidates(datasheet-pin-table-default:en)
CH32V002,afio-usart1-remap,PCFR1,PCFR1:6;PCFR1:7;PCFR1:8;PCFR1:9,1,USART1,CTS,USART1_CTS,PC6,C,6,#,reference,candidates(datasheet-pin-table+rm-remap-grid:en)
CH32V002,afio-usart1-remap,PCFR1,PCFR1:6;PCFR1:7;PCFR1:8;PCFR1:9,1,USART1,RTS,USART1_RTS,PC7,C,7,#,reference,candidates(datasheet-pin-table+rm-remap-grid:en)
CH32V002,afio-usart1-remap,PCFR1,PCFR1:6;PCFR1:7;PCFR1:8;PCFR1:9,1,USART1,RX,USART1_RX,PD5,D,5,#,reference,candidates(datasheet-pin-table+rm-remap-grid:en)
CH32V002,afio-usart1-remap,PCFR1,PCFR1:6;PCFR1:7;PCFR1:8;PCFR1:9,1,USART1,TX,USART1_TX,PD6,D,6,#,reference,candidates(datasheet-pin-table+rm-remap-grid:en)
CH32V002,afio-usart1-remap,PCFR1,PCFR1:6;PCFR1:7;PCFR1:8;PCFR1:9,2,USART1,CTS,USART1_CTS,PC3,C,3,#,reference,candidates(datasheet-pin-table+rm-remap-grid:en)
CH32V002,afio-usart1-remap,PCFR1,PCFR1:6;PCFR1:7;PCFR1:8;PCFR1:9,2,USART1,RTS,USART1_RTS,PC2,C,2,#,reference,candidates(datasheet-pin-table+rm-remap-grid:en)
CH32V002,afio-usart1-remap,PCFR1,PCFR1:6;PCFR1:7;PCFR1:8;PCFR1:9,2,USART1,RX,USART1_RX,PD1,D,1,#,reference,candidates(datasheet-pin-table+rm-remap-grid:en)
CH32V002,afio-usart1-remap,PCFR1,PCFR1:6;PCFR1:7;PCFR1:8;PCFR1:9,2,USART1,TX,USART1_TX,PD0,D,0,#,reference,candidates(datasheet-pin-table+rm-remap-grid:en)
CH32V002,afio-usart1-remap,PCFR1,PCFR1:6;PCFR1:7;PCFR1:8;PCFR1:9,3,USART1,CTS,USART1_CTS,PC6,C,6,#,reference,candidates(datasheet-pin-table+rm-remap-grid:en)
CH32V002,afio-usart1-remap,PCFR1,PCFR1:6;PCFR1:7;PCFR1:8;PCFR1:9,3,USART1,RTS,USART1_RTS,PC7,C,7,#,reference,candidates(datasheet-pin-table+rm-remap-grid:en)
CH32V002,afio-usart1-remap,PCFR1,PCFR1:6;PCFR1:7;PCFR1:8;PCFR1:9,3,USART1,RX,USART1_RX,PC1,C,1,#,reference,candidates(datasheet-pin-table+rm-remap-grid:en)
CH32V002,afio-usart1-remap,PCFR1,PCFR1:6;PCFR1:7;PCFR1:8;PCFR1:9,3,USART1,TX,USART1_TX,PC0,C,0,#,reference,candidates(datasheet-pin-table+rm-remap-grid:en)
CH32V002,afio-usart1-remap,PCFR1,PCFR1:6;PCFR1:7;PCFR1:8;PCFR1:9,4,USART1,CTS,USART1_CTS,PD7,D,7,#,reference,candidates(datasheet-pin-table+rm-remap-grid:en)
CH32V002,afio-usart1-remap,PCFR1,PCFR1:6;PCFR1:7;PCFR1:8;PCFR1:9,4,USART1,TX,USART1_TX,PD1,D,1,#,reference,candidates(datasheet-pin-table+rm-remap-grid:en)
CH32V002,afio-usart1-remap,PCFR1,PCFR1:6;PCFR1:7;PCFR1:8;PCFR1:9,5,USART1,CTS,USART1_CTS,PD7,D,7,#,reference,candidates(datasheet-pin-table+rm-remap-grid:en)
CH32V002,afio-usart1-remap,PCFR1,PCFR1:6;PCFR1:7;PCFR1:8;PCFR1:9,5,USART1,RX,USART1_RX,PD1,D,1,#,reference,candidates(datasheet-pin-table+rm-remap-grid:en)
CH32V002,afio-usart1-remap,PCFR1,PCFR1:6;PCFR1:7;PCFR1:8;PCFR1:9,6,USART1,CTS,USART1_CTS,PC7,C,7,#,reference,candidates(datasheet-pin-table+rm-remap-grid:en)
CH32V002,afio-usart1-remap,PCFR1,PCFR1:6;PCFR1:7;PCFR1:8;PCFR1:9,6,USART1,RX,USART1_RX,PC6,C,6,#,reference,candidates(datasheet-pin-table+rm-remap-grid:en)
CH32V002,afio-usart1-remap,PCFR1,PCFR1:6;PCFR1:7;PCFR1:8;PCFR1:9,6,USART1,TX,USART1_TX,PC5,C,5,#,reference,candidates(datasheet-pin-table+rm-remap-grid:en)
CH32V002,afio-usart1-remap,PCFR1,PCFR1:6;PCFR1:7;PCFR1:8;PCFR1:9,7,USART1,CTS,USART1_CTS,PC7,C,7,#,reference,candidates(datasheet-pin-table+rm-remap-grid:en)
CH32V002,afio-usart1-remap,PCFR1,PCFR1:6;PCFR1:7;PCFR1:8;PCFR1:9,8,USART1,CTS,USART1_CTS,PD2,D,2,#,reference,candidates(datasheet-pin-table+rm-remap-grid:en)
CH32V002,afio-usart1-remap,PCFR1,PCFR1:6;PCFR1:7;PCFR1:8;PCFR1:9,8,USART1,RTS,USART1_RTS,PD3,D,3,#,reference,candidates(datasheet-pin-table+rm-remap-grid:en)
CH32V002,afio-usart1-remap,PCFR1,PCFR1:6;PCFR1:7;PCFR1:8;PCFR1:9,8,USART1,RX,USART1_RX,PA1,A,1,#,reference,candidates(datasheet-pin-table+rm-remap-grid:en)
CH32V002,afio-usart1-remap,PCFR1,PCFR1:6;PCFR1:7;PCFR1:8;PCFR1:9,9,USART1,CTS,USART1_CTS,PD5,D,5,#,reference,candidates(datasheet-pin-table+rm-remap-grid:en)
CH32V002,afio-usart1-remap,PCFR1,PCFR1:6;PCFR1:7;PCFR1:8;PCFR1:9,9,USART1,RTS,USART1_RTS,PD4,D,4,#,reference,candidates(datasheet-pin-table+rm-remap-grid:en)
CH32V002,afio-usart1-remap,PCFR1,PCFR1:6;PCFR1:7;PCFR1:8;PCFR1:9,9,USART1,RX,USART1_RX,PC4,C,4,#,reference,candidates(datasheet-pin-table+rm-remap-grid:en)
CH32V003,afio-adc1-etrginj-remap,PCFR1,PCFR1:17,0,ADC1,IETR,AETR2,PD1,D,1,#,reference,candidates(datasheet-pin-table-default:en)
CH32V003,afio-adc1-etrginj-remap,PCFR1,PCFR1:17,1,ADC1,IETR,AETR2,PA2,A,2,#,reference,candidates(datasheet-pin-table+rm-remap-grid:en)
CH32V003,afio-adc1-etrgreg-remap,PCFR1,PCFR1:18,0,ADC1,IN4,A4,PD3,D,3,#,reference,candidates(datasheet-pin-table-default:en)
CH32V003,afio-adc1-etrgreg-remap,PCFR1,PCFR1:18,0,ADC1,RETR,AETR,PD3,D,3,#,reference,candidates(datasheet-pin-table-default:en)
CH32V003,afio-adc1-etrgreg-remap,PCFR1,PCFR1:18,1,ADC1,RETR,AETR,PC2,C,2,#,reference,candidates(datasheet-pin-table+rm-remap-grid:en)
CH32V003,afio-i2c1-remap,PCFR1,PCFR1:1;PCFR1:22,0,I2C1,SCL,SCL,PC2,C,2,#,reference,candidates(datasheet-pin-table-default:en)
CH32V003,afio-i2c1-remap,PCFR1,PCFR1:1;PCFR1:22,0,I2C1,SDA,SDA,PC1,C,1,#,reference,candidates(datasheet-pin-table-default:en)
CH32V003,afio-i2c1-remap,PCFR1,PCFR1:1;PCFR1:22,1,I2C1,SCL,SCL,PD1,D,1,#,reference,candidates(datasheet-pin-table+rm-remap-grid:en)
CH32V003,afio-i2c1-remap,PCFR1,PCFR1:1;PCFR1:22,1,I2C1,SDA,SDA,PD0,D,0,#,reference,candidates(datasheet-pin-table+rm-remap-grid:en)
CH32V003,afio-i2c1-remap,PCFR1,PCFR1:1;PCFR1:22,2,I2C1,SCL,SCL,PC5,C,5,#,reference,candidates(datasheet-pin-table+rm-remap-grid:en)
CH32V003,afio-i2c1-remap,PCFR1,PCFR1:1;PCFR1:22,2,I2C1,SDA,SDA,PC6,C,6,#,reference,candidates(datasheet-pin-table+rm-remap-grid:en)
CH32V003,afio-i2c1-remap,PCFR1,PCFR1:1;PCFR1:22,3,I2C1,SCL,SCL,PC5,C,5,#,reference,candidates(datasheet-pin-table+rm-remap-grid:en)
CH32V003,afio-i2c1-remap,PCFR1,PCFR1:1;PCFR1:22,3,I2C1,SDA,SDA,PC6,C,6,#,reference,candidates(datasheet-pin-table+rm-remap-grid:en)
CH32V003,afio-spi1-remap,PCFR1,PCFR1:0,0,SPI1,MISO,MISO,PC7,C,7,#,reference,candidates(datasheet-pin-table-default:en)
CH32V003,afio-spi1-remap,PCFR1,PCFR1:0,0,SPI1,MOSI,MOSI,PC6,C,6,#,reference,candidates(datasheet-pin-table-default:en)
CH32V003,afio-spi1-remap,PCFR1,PCFR1:0,0,SPI1,NSS,NSS,PC1,C,1,#,reference,candidates(datasheet-pin-table-default:en)
CH32V003,afio-spi1-remap,PCFR1,PCFR1:0,0,SPI1,SCK,SCK,PC5,C,5,#,reference,candidates(datasheet-pin-table-default:en)
CH32V003,afio-spi1-remap,PCFR1,PCFR1:0,1,SPI1,MISO,MISO,PC7,C,7,#,reference,candidates(datasheet-pin-table+rm-remap-grid:en)
CH32V003,afio-spi1-remap,PCFR1,PCFR1:0,1,SPI1,MOSI,MOSI,PC6,C,6,#,reference,candidates(datasheet-pin-table+rm-remap-grid:en)
CH32V003,afio-spi1-remap,PCFR1,PCFR1:0,1,SPI1,NSS,NSS,PC0,C,0,#,reference,candidates(datasheet-pin-table+rm-remap-grid:en)
CH32V003,afio-spi1-remap,PCFR1,PCFR1:0,1,SPI1,SCK,SCK,PC5,C,5,#,reference,candidates(datasheet-pin-table+rm-remap-grid:en)
CH32V003,afio-tim1-remap,PCFR1,PCFR1:6;PCFR1:7,0,TIM1,BKIN,T1BKIN,PC2,C,2,#,reference,candidates(datasheet-pin-table-default:en)
CH32V003,afio-tim1-remap,PCFR1,PCFR1:6;PCFR1:7,0,TIM1,CH1,T1CH1,PD2,D,2,#,reference,candidates(datasheet-pin-table-default:en)
CH32V003,afio-tim1-remap,PCFR1,PCFR1:6;PCFR1:7,0,TIM1,CH1N,T1CH1N,PD0,D,0,#,reference,candidates(datasheet-pin-table-default:en)
CH32V003,afio-tim1-remap,PCFR1,PCFR1:6;PCFR1:7,0,TIM1,CH2,T1CH2,PA1,A,1,#,reference,candidates(datasheet-pin-table-default:en)
CH32V003,afio-tim1-remap,PCFR1,PCFR1:6;PCFR1:7,0,TIM1,CH2N,T1CH2N,PA2,A,2,#,reference,candidates(datasheet-pin-table-default:en)
CH32V003,afio-tim1-remap,PCFR1,PCFR1:6;PCFR1:7,0,TIM1,CH3,T1CH3,PC3,C,3,#,reference,candidates(datasheet-pin-table-default:en)
CH32V003,afio-tim1-remap,PCFR1,PCFR1:6;PCFR1:7,0,TIM1,CH3N,T1CH3N,PD1,D,1,#,reference,candidates(datasheet-pin-table-default:en)
CH32V003,afio-tim1-remap,PCFR1,PCFR1:6;PCFR1:7,0,TIM1,CH4,T1CH4,PC4,C,4,#,reference,candidates(datasheet-pin-table-default:en)
CH32V003,afio-tim1-remap,PCFR1,PCFR1:6;PCFR1:7,0,TIM1,ETR,T1ETR,PC5,C,5,#,reference,candidates(datasheet-pin-table-default:en)
CH32V003,afio-tim1-remap,PCFR1,PCFR1:6;PCFR1:7,1,TIM1,BKIN,T1BKIN,PC1,C,1,#,reference,candidates(datasheet-pin-table+rm-remap-grid:en)
CH32V003,afio-tim1-remap,PCFR1,PCFR1:6;PCFR1:7,1,TIM1,CH1,T1CH1,PC6,C,6,#,reference,candidates(datasheet-pin-table+rm-remap-grid:en)
CH32V003,afio-tim1-remap,PCFR1,PCFR1:6;PCFR1:7,1,TIM1,CH1N,T1CH1N,PC3,C,3,#,reference,candidates(datasheet-pin-table+rm-remap-grid:en)
CH32V003,afio-tim1-remap,PCFR1,PCFR1:6;PCFR1:7,1,TIM1,CH2,T1CH2,PC7,C,7,#,reference,candidates(datasheet-pin-table+rm-remap-grid:en)
CH32V003,afio-tim1-remap,PCFR1,PCFR1:6;PCFR1:7,1,TIM1,CH2N,T1CH2N,PC4,C,4,#,reference,candidates(datasheet-pin-table+rm-remap-grid:en)
CH32V003,afio-tim1-remap,PCFR1,PCFR1:6;PCFR1:7,1,TIM1,CH3,T1CH3,PC0,C,0,#,reference,candidates(datasheet-pin-table+rm-remap-grid:en)
CH32V003,afio-tim1-remap,PCFR1,PCFR1:6;PCFR1:7,1,TIM1,CH3N,T1CH3N,PD1,D,1,#,reference,candidates(datasheet-pin-table+rm-remap-grid:en)
CH32V003,afio-tim1-remap,PCFR1,PCFR1:6;PCFR1:7,1,TIM1,CH4,T1CH4,PD3,D,3,#,reference,candidates(datasheet-pin-table+rm-remap-grid:en)
CH32V003,afio-tim1-remap,PCFR1,PCFR1:6;PCFR1:7,1,TIM1,ETR,T1ETR,PC5,C,5,#,reference,candidates(datasheet-pin-table+rm-remap-grid:en)
CH32V003,afio-tim1-remap,PCFR1,PCFR1:6;PCFR1:7,2,TIM1,BKIN,T1BKIN,PC2,C,2,#,reference,candidates(datasheet-pin-table+rm-remap-grid:en)
CH32V003,afio-tim1-remap,PCFR1,PCFR1:6;PCFR1:7,2,TIM1,CH1,T1CH1,PD2,D,2,#,reference,candidates(datasheet-pin-table+rm-remap-grid:en)
CH32V003,afio-tim1-remap,PCFR1,PCFR1:6;PCFR1:7,2,TIM1,CH1N,T1CH1N,PD0,D,0,#,reference,candidates(datasheet-pin-table+rm-remap-grid:en)
CH32V003,afio-tim1-remap,PCFR1,PCFR1:6;PCFR1:7,2,TIM1,CH2,T1CH2,PA1,A,1,#,reference,candidates(datasheet-pin-table+rm-remap-grid:en)
CH32V003,afio-tim1-remap,PCFR1,PCFR1:6;PCFR1:7,2,TIM1,CH2N,T1CH2N,PA2,A,2,#,reference,candidates(datasheet-pin-table+rm-remap-grid:en)
CH32V003,afio-tim1-remap,PCFR1,PCFR1:6;PCFR1:7,2,TIM1,CH3,T1CH3,PC3,C,3,#,reference,candidates(datasheet-pin-table+rm-remap-grid:en)
CH32V003,afio-tim1-remap,PCFR1,PCFR1:6;PCFR1:7,2,TIM1,CH3N,T1CH3N,PD1,D,1,#,reference,candidates(datasheet-pin-table+rm-remap-grid:en)
CH32V003,afio-tim1-remap,PCFR1,PCFR1:6;PCFR1:7,2,TIM1,CH4,T1CH4,PC4,C,4,#,reference,candidates(datasheet-pin-table+rm-remap-grid:en)
CH32V003,afio-tim1-remap,PCFR1,PCFR1:6;PCFR1:7,2,TIM1,ETR,TIETR,PD4,D,4,#,reference,candidates(datasheet-pin-table+rm-remap-grid:en)
CH32V003,afio-tim1-remap,PCFR1,PCFR1:6;PCFR1:7,3,TIM1,BKIN,T1BKIN,PC1,C,1,#,reference,candidates(datasheet-pin-table+rm-remap-grid:en)
CH32V003,afio-tim1-remap,PCFR1,PCFR1:6;PCFR1:7,3,TIM1,CH1,T1CH1,PC4,C,4,#,reference,candidates(datasheet-pin-table+rm-remap-grid:en)
CH32V003,afio-tim1-remap,PCFR1,PCFR1:6;PCFR1:7,3,TIM1,CH1N,T1CH1N,PC3,C,3,#,reference,candidates(datasheet-pin-table+rm-remap-grid:en)
CH32V003,afio-tim1-remap,PCFR1,PCFR1:6;PCFR1:7,3,TIM1,CH2,T1CH2,PC7,C,7,#,reference,candidates(datasheet-pin-table+rm-remap-grid:en)
CH32V003,afio-tim1-remap,PCFR1,PCFR1:6;PCFR1:7,3,TIM1,CH2N,T1CH2N,PD2,D,2,#,reference,candidates(datasheet-pin-table+rm-remap-grid:en)
CH32V003,afio-tim1-remap,PCFR1,PCFR1:6;PCFR1:7,3,TIM1,CH3,T1CH3,PC5,C,5,#,reference,candidates(datasheet-pin-table+rm-remap-grid:en)
CH32V003,afio-tim1-remap,PCFR1,PCFR1:6;PCFR1:7,3,TIM1,CH3N,T1CH3N,PC6,C,6,#,reference,candidates(datasheet-pin-table+rm-remap-grid:en)
CH32V003,afio-tim1-remap,PCFR1,PCFR1:6;PCFR1:7,3,TIM1,CH4,T1CH4,PD4,D,4,#,reference,candidates(datasheet-pin-table+rm-remap-grid:en)
CH32V003,afio-tim1-remap,PCFR1,PCFR1:6;PCFR1:7,3,TIM1,ETR,T1ETR,PC2,C,2,#,reference,candidates(datasheet-pin-table+rm-remap-grid:en)
CH32V003,afio-tim2-remap,PCFR1,PCFR1:8;PCFR1:9,0,TIM2,CH1_ETR,T2CH1ETR,PD4,D,4,#,reference,candidates(datasheet-pin-table-default:en)
CH32V003,afio-tim2-remap,PCFR1,PCFR1:8;PCFR1:9,0,TIM2,CH2,T2CH2,PD3,D,3,#,reference,candidates(datasheet-pin-table-default:en)
CH32V003,afio-tim2-remap,PCFR1,PCFR1:8;PCFR1:9,0,TIM2,CH3,T2CH3,PC0,C,0,#,reference,candidates(datasheet-pin-table-default:en)
CH32V003,afio-tim2-remap,PCFR1,PCFR1:8;PCFR1:9,0,TIM2,CH4,T2CH4,PD7,D,7,#,reference,candidates(datasheet-pin-table-default:en)
CH32V003,afio-tim2-remap,PCFR1,PCFR1:8;PCFR1:9,1,TIM2,CH1_ETR,T2CH1ETR,PC5,C,5,#,reference,candidates(datasheet-pin-table+rm-remap-grid:en)
CH32V003,afio-tim2-remap,PCFR1,PCFR1:8;PCFR1:9,1,TIM2,CH2,T2CH2,PC2,C,2,#,reference,candidates(datasheet-pin-table+rm-remap-grid:en)
CH32V003,afio-tim2-remap,PCFR1,PCFR1:8;PCFR1:9,1,TIM2,CH3,T2CH3,PD2,D,2,#,reference,candidates(datasheet-pin-table+rm-remap-grid:en)
CH32V003,afio-tim2-remap,PCFR1,PCFR1:8;PCFR1:9,1,TIM2,CH4,T2CH4,PC1,C,1,#,reference,candidates(datasheet-pin-table+rm-remap-grid:en)
CH32V003,afio-tim2-remap,PCFR1,PCFR1:8;PCFR1:9,2,TIM2,CH1_ETR,T2CH1ETR,PC1,C,1,#,reference,candidates(datasheet-pin-table+rm-remap-grid:en)
CH32V003,afio-tim2-remap,PCFR1,PCFR1:8;PCFR1:9,2,TIM2,CH2,T2CH2,PD3,D,3,#,reference,candidates(datasheet-pin-table+rm-remap-grid:en)
CH32V003,afio-tim2-remap,PCFR1,PCFR1:8;PCFR1:9,2,TIM2,CH3,T2CH3,PC0,C,0,#,reference,candidates(datasheet-pin-table+rm-remap-grid:en)
CH32V003,afio-tim2-remap,PCFR1,PCFR1:8;PCFR1:9,2,TIM2,CH4,T2CH4,PD7,D,7,#,reference,candidates(datasheet-pin-table+rm-remap-grid:en)
CH32V003,afio-tim2-remap,PCFR1,PCFR1:8;PCFR1:9,3,TIM2,CH1_ETR,T2CH1ETR,PC1,C,1,#,reference,candidates(datasheet-pin-table+rm-remap-grid:en)
CH32V003,afio-tim2-remap,PCFR1,PCFR1:8;PCFR1:9,3,TIM2,CH2,T2CH2,PC7,C,7,#,reference,candidates(datasheet-pin-table+rm-remap-grid:en)
CH32V003,afio-tim2-remap,PCFR1,PCFR1:8;PCFR1:9,3,TIM2,CH3,T2CH3,PD6,D,6,#,reference,candidates(datasheet-pin-table+rm-remap-grid:en)
CH32V003,afio-tim2-remap,PCFR1,PCFR1:8;PCFR1:9,3,TIM2,CH4,T2CH4,PD5,D,5,#,reference,candidates(datasheet-pin-table+rm-remap-grid:en)
CH32V003,afio-usart1-remap,PCFR1,PCFR1:2;PCFR1:21,0,USART1,CK,UCK,PD4,D,4,#,reference,candidates(datasheet-pin-table-default:en)
CH32V003,afio-usart1-remap,PCFR1,PCFR1:2;PCFR1:21,0,USART1,CTS,UCTS,PD3,D,3,#,reference,candidates(datasheet-pin-table-default:en)
CH32V003,afio-usart1-remap,PCFR1,PCFR1:2;PCFR1:21,0,USART1,RTS,URTS,PC2,C,2,#,reference,candidates(datasheet-pin-table-default:en)
CH32V003,afio-usart1-remap,PCFR1,PCFR1:2;PCFR1:21,0,USART1,RX,URX,PD6,D,6,#,reference,candidates(datasheet-pin-table-default:en)
CH32V003,afio-usart1-remap,PCFR1,PCFR1:2;PCFR1:21,0,USART1,TX,UTX,PD5,D,5,#,reference,candidates(datasheet-pin-table-default:en)
CH32V003,afio-usart1-remap,PCFR1,PCFR1:2;PCFR1:21,1,USART1,CK,UCK,PD7,D,7,#,reference,candidates(datasheet-pin-table+rm-remap-grid:en)
CH32V003,afio-usart1-remap,PCFR1,PCFR1:2;PCFR1:21,1,USART1,CTS,UCTS,PC3,C,3,#,reference,candidates(datasheet-pin-table+rm-remap-grid:en)
CH32V003,afio-usart1-remap,PCFR1,PCFR1:2;PCFR1:21,1,USART1,RTS,URTS,PC2,C,2,#,reference,candidates(datasheet-pin-table+rm-remap-grid:en)
CH32V003,afio-usart1-remap,PCFR1,PCFR1:2;PCFR1:21,1,USART1,RX,URX,PD1,D,1,#,reference,candidates(datasheet-pin-table+rm-remap-grid:en)
CH32V003,afio-usart1-remap,PCFR1,PCFR1:2;PCFR1:21,1,USART1,TX,UTX,PD0,D,0,#,reference,candidates(datasheet-pin-table+rm-remap-grid:en)
CH32V003,afio-usart1-remap,PCFR1,PCFR1:2;PCFR1:21,2,USART1,CK,UCK,PD7,D,7,#,reference,candidates(datasheet-pin-table+rm-remap-grid:en)
CH32V003,afio-usart1-remap,PCFR1,PCFR1:2;PCFR1:21,2,USART1,CTS,UCTS,PC6,C,6,#,reference,candidates(datasheet-pin-table+rm-remap-grid:en)
CH32V003,afio-usart1-remap,PCFR1,PCFR1:2;PCFR1:21,2,USART1,RTS,URTS,PC7,C,7,#,reference,candidates(datasheet-pin-table+rm-remap-grid:en)
CH32V003,afio-usart1-remap,PCFR1,PCFR1:2;PCFR1:21,2,USART1,RX,URX,PD5,D,5,#,reference,candidates(datasheet-pin-table+rm-remap-grid:en)
CH32V003,afio-usart1-remap,PCFR1,PCFR1:2;PCFR1:21,2,USART1,TX,UTX,PD6,D,6,#,reference,candidates(datasheet-pin-table+rm-remap-grid:en)
CH32V003,afio-usart1-remap,PCFR1,PCFR1:2;PCFR1:21,3,USART1,CK,UCK,PC5,C,5,#,reference,candidates(datasheet-pin-table+rm-remap-grid:en)
CH32V003,afio-usart1-remap,PCFR1,PCFR1:2;PCFR1:21,3,USART1,CTS,UCTS,PC6,C,6,#,reference,candidates(datasheet-pin-table+rm-remap-grid:en)
CH32V003,afio-usart1-remap,PCFR1,PCFR1:2;PCFR1:21,3,USART1,RTS,URTS,PC7,C,7,#,reference,candidates(datasheet-pin-table+rm-remap-grid:en)
CH32V003,afio-usart1-remap,PCFR1,PCFR1:2;PCFR1:21,3,USART1,RX,URX,PC1,C,1,#,reference,candidates(datasheet-pin-table+rm-remap-grid:en)
CH32V003,afio-usart1-remap,PCFR1,PCFR1:2;PCFR1:21,3,USART1,TX,UTX,PC0,C,0,#,reference,candidates(datasheet-pin-table+rm-remap-grid:en)
CH32V004,afio-adc-etrginj-remap,PCFR1,PCFR1:18,0,ADC1,IETR,ADC_IETR,PD1,D,1,#,reference,candidates(datasheet-pin-table-default:en)
CH32V004,afio-adc-etrginj-remap,PCFR1,PCFR1:18,1,ADC1,IETR,ADC_IETR,PA2,A,2,#,reference,candidates(datasheet-pin-table+rm-remap-grid:en)
CH32V004,afio-adc-etrgreg-remap,PCFR1,PCFR1:19,0,ADC1,IN4,ADC_IN4,PD3,D,3,#,reference,candidates(datasheet-pin-table-default:en)
CH32V004,afio-adc-etrgreg-remap,PCFR1,PCFR1:19,0,ADC1,RETR,ADC_RETR,PD3,D,3,#,reference,candidates(datasheet-pin-table-default:en)
CH32V004,afio-adc-etrgreg-remap,PCFR1,PCFR1:19,1,ADC1,RETR,ADC_RETR,PC2,C,2,#,reference,candidates(datasheet-pin-table+rm-remap-grid:en)
CH32V004,afio-i2c1-remap,PCFR1,PCFR1:3;PCFR1:4;PCFR1:5,0,I2C1,SCL,I2C_SCL,PC2,C,2,#,reference,candidates(datasheet-pin-table-default:en)
CH32V004,afio-i2c1-remap,PCFR1,PCFR1:3;PCFR1:4;PCFR1:5,0,I2C1,SDA,I2C_SDA,PC1,C,1,#,reference,candidates(datasheet-pin-table-default:en)
CH32V004,afio-i2c1-remap,PCFR1,PCFR1:3;PCFR1:4;PCFR1:5,1,I2C1,SCL,I2C_SCL,PD1,D,1,#,reference,candidates(datasheet-pin-table+rm-remap-grid:en)
CH32V004,afio-i2c1-remap,PCFR1,PCFR1:3;PCFR1:4;PCFR1:5,1,I2C1,SDA,I2C_SDA,PD0,D,0,#,reference,candidates(datasheet-pin-table+rm-remap-grid:en)
CH32V004,afio-i2c1-remap,PCFR1,PCFR1:3;PCFR1:4;PCFR1:5,2,I2C1,SCL,I2C_SCL,PC5,C,5,#,reference,candidates(datasheet-pin-table+rm-remap-grid:en)
CH32V004,afio-i2c1-remap,PCFR1,PCFR1:3;PCFR1:4;PCFR1:5,2,I2C1,SDA,I2C_SDA,PC6,C,6,#,reference,candidates(datasheet-pin-table+rm-remap-grid:en)
CH32V004,afio-i2c1-remap,PCFR1,PCFR1:3;PCFR1:4;PCFR1:5,4,I2C1,SDA,I2C_SDA,PD1,D,1,#,reference,candidates(datasheet-pin-table+rm-remap-grid:en)
CH32V004,afio-spi1-remap,PCFR1,PCFR1:0;PCFR1:1;PCFR1:2,0,SPI1,MISO,SPI_MISO,PC7,C,7,#,reference,candidates(datasheet-pin-table-default:en)
CH32V004,afio-spi1-remap,PCFR1,PCFR1:0;PCFR1:1;PCFR1:2,0,SPI1,MOSI,SPI_MOSI,PC6,C,6,#,reference,candidates(datasheet-pin-table-default:en)
CH32V004,afio-spi1-remap,PCFR1,PCFR1:0;PCFR1:1;PCFR1:2,0,SPI1,NSS,SPI_NSS,PC1,C,1,#,reference,candidates(datasheet-pin-table-default:en)
CH32V004,afio-spi1-remap,PCFR1,PCFR1:0;PCFR1:1;PCFR1:2,0,SPI1,SCK,SPI_SCK,PC5,C,5,#,reference,candidates(datasheet-pin-table-default:en)
CH32V004,afio-spi1-remap,PCFR1,PCFR1:0;PCFR1:1;PCFR1:2,1,SPI1,MISO,SPI_MISO,PC7,C,7,#,reference,candidates(datasheet-pin-table+rm-remap-grid:en)
CH32V004,afio-spi1-remap,PCFR1,PCFR1:0;PCFR1:1;PCFR1:2,1,SPI1,MOSI,SPI_MOSI,PC6,C,6,#,reference,candidates(datasheet-pin-table+rm-remap-grid:en)
CH32V004,afio-spi1-remap,PCFR1,PCFR1:0;PCFR1:1;PCFR1:2,1,SPI1,NSS,SPI_NSS,PC0,C,0,#,reference,candidates(datasheet-pin-table+rm-remap-grid:en)
CH32V004,afio-spi1-remap,PCFR1,PCFR1:0;PCFR1:1;PCFR1:2,1,SPI1,SCK,SPI_SCK,PC5,C,5,#,reference,candidates(datasheet-pin-table+rm-remap-grid:en)
CH32V004,afio-spi1-remap,PCFR1,PCFR1:0;PCFR1:1;PCFR1:2,2,SPI1,MOSI,SPI_MOSI,PD3,D,3,#,reference,candidates(datasheet-pin-table+rm-remap-grid:en)
CH32V004,afio-spi1-remap,PCFR1,PCFR1:0;PCFR1:1;PCFR1:2,2,SPI1,NSS,SPI_NSS,PC4,C,4,#,reference,candidates(datasheet-pin-table+rm-remap-grid:en)
CH32V004,afio-spi1-remap,PCFR1,PCFR1:0;PCFR1:1;PCFR1:2,2,SPI1,SCK,SPI_SCK,PD2,D,2,#,reference,candidates(datasheet-pin-table+rm-remap-grid:en)
CH32V004,afio-spi1-remap,PCFR1,PCFR1:0;PCFR1:1;PCFR1:2,3,SPI1,MOSI,SPI_MOSI,PC0,C,0,#,reference,candidates(datasheet-pin-table+rm-remap-grid:en)
CH32V004,afio-spi1-remap,PCFR1,PCFR1:0;PCFR1:1;PCFR1:2,4,SPI1,MISO,SPI_MISO,PD5,D,5,#,reference,candidates(datasheet-pin-table+rm-remap-grid:en)
CH32V004,afio-spi1-remap,PCFR1,PCFR1:0;PCFR1:1;PCFR1:2,4,SPI1,MOSI,SPI_MOSI,PD6,D,6,#,reference,candidates(datasheet-pin-table+rm-remap-grid:en)
CH32V004,afio-spi1-remap,PCFR1,PCFR1:0;PCFR1:1;PCFR1:2,4,SPI1,NSS,SPI_NSS,PD3,D,3,#,reference,candidates(datasheet-pin-table+rm-remap-grid:en)
CH32V004,afio-spi1-remap,PCFR1,PCFR1:0;PCFR1:1;PCFR1:2,4,SPI1,SCK,SPI_SCK,PD4,D,4,#,reference,candidates(datasheet-pin-table+rm-remap-grid:en)
CH32V004,afio-spi1-remap,PCFR1,PCFR1:0;PCFR1:1;PCFR1:2,5,SPI1,MOSI,SPI_MOSI,PA2,A,2,#,reference,candidates(datasheet-pin-table+rm-remap-grid:en)
CH32V004,afio-spi1-remap,PCFR1,PCFR1:0;PCFR1:1;PCFR1:2,5,SPI1,NSS,SPI_NSS,PC1,C,1,#,reference,candidates(datasheet-pin-table+rm-remap-grid:en)
CH32V004,afio-spi1-remap,PCFR1,PCFR1:0;PCFR1:1;PCFR1:2,5,SPI1,SCK,SPI_SCK,PA1,A,1,#,reference,candidates(datasheet-pin-table+rm-remap-grid:en)
CH32V004,afio-spi1-remap,PCFR1,PCFR1:0;PCFR1:1;PCFR1:2,6,SPI1,MISO,SPI_MISO,PC7,C,7,#,reference,candidates(datasheet-pin-table+rm-remap-grid:en)
CH32V004,afio-spi1-remap,PCFR1,PCFR1:0;PCFR1:1;PCFR1:2,6,SPI1,NSS,SPI_NSS,PC4,C,4,#,reference,candidates(datasheet-pin-table+rm-remap-grid:en)
CH32V004,afio-tim1-remap,PCFR1,PCFR1:10;PCFR1:11;PCFR1:12;PCFR1:13,0,TIM1,BKIN,TIM1_BKIN,PC2,C,2,#,reference,candidates(datasheet-pin-table-default:en)
CH32V004,afio-tim1-remap,PCFR1,PCFR1:10;PCFR1:11;PCFR1:12;PCFR1:13,0,TIM1,CH1,TIM1_CH1,PD2,D,2,#,reference,candidates(datasheet-pin-table-default:en)
CH32V004,afio-tim1-remap,PCFR1,PCFR1:10;PCFR1:11;PCFR1:12;PCFR1:13,0,TIM1,CH1N,TIM1_CH1N,PD0,D,0,#,reference,candidates(datasheet-pin-table-default:en)
CH32V004,afio-tim1-remap,PCFR1,PCFR1:10;PCFR1:11;PCFR1:12;PCFR1:13,0,TIM1,CH2,TIM1_CH2,PA1,A,1,#,reference,candidates(datasheet-pin-table-default:en)
CH32V004,afio-tim1-remap,PCFR1,PCFR1:10;PCFR1:11;PCFR1:12;PCFR1:13,0,TIM1,CH2N,TIM1_CH2N,PA2,A,2,#,reference,candidates(datasheet-pin-table-default:en)
CH32V004,afio-tim1-remap,PCFR1,PCFR1:10;PCFR1:11;PCFR1:12;PCFR1:13,0,TIM1,CH3,TIM1_CH3,PC3,C,3,#,reference,candidates(datasheet-pin-table-default:en)
CH32V004,afio-tim1-remap,PCFR1,PCFR1:10;PCFR1:11;PCFR1:12;PCFR1:13,0,TIM1,CH3N,TIM1_CH3N,PD1,D,1,#,reference,candidates(datasheet-pin-table-default:en)
CH32V004,afio-tim1-remap,PCFR1,PCFR1:10;PCFR1:11;PCFR1:12;PCFR1:13,0,TIM1,CH4,TIM1_CH4,PC4,C,4,#,reference,candidates(datasheet-pin-table-default:en)
CH32V004,afio-tim1-remap,PCFR1,PCFR1:10;PCFR1:11;PCFR1:12;PCFR1:13,0,TIM1,ETR,TIM1_ETR,PC5,C,5,#,reference,candidates(datasheet-pin-table-default:en)
CH32V004,afio-tim1-remap,PCFR1,PCFR1:10;PCFR1:11;PCFR1:12;PCFR1:13,1,TIM1,BKIN,TIM1_BKIN,PC2,C,2,#,reference,candidates(datasheet-pin-table+rm-remap-grid:en)
CH32V004,afio-tim1-remap,PCFR1,PCFR1:10;PCFR1:11;PCFR1:12;PCFR1:13,1,TIM1,CH1,TIM1_CH1,PD2,D,2,#,reference,candidates(datasheet-pin-table+rm-remap-grid:en)
CH32V004,afio-tim1-remap,PCFR1,PCFR1:10;PCFR1:11;PCFR1:12;PCFR1:13,1,TIM1,CH1N,TIM1_CH1N,PD0,D,0,#,reference,candidates(datasheet-pin-table+rm-remap-grid:en)
CH32V004,afio-tim1-remap,PCFR1,PCFR1:10;PCFR1:11;PCFR1:12;PCFR1:13,1,TIM1,CH2,TIM1_CH2,PA1,A,1,#,reference,candidates(datasheet-pin-table+rm-remap-grid:en)
CH32V004,afio-tim1-remap,PCFR1,PCFR1:10;PCFR1:11;PCFR1:12;PCFR1:13,1,TIM1,CH2N,TIM1_CH2N,PA2,A,2,#,reference,candidates(datasheet-pin-table+rm-remap-grid:en)
CH32V004,afio-tim1-remap,PCFR1,PCFR1:10;PCFR1:11;PCFR1:12;PCFR1:13,1,TIM1,CH3,TIM1_CH3,PC3,C,3,#,reference,candidates(datasheet-pin-table+rm-remap-grid:en)
CH32V004,afio-tim1-remap,PCFR1,PCFR1:10;PCFR1:11;PCFR1:12;PCFR1:13,1,TIM1,CH3N,TIM1_CH3N,PD1,D,1,#,reference,candidates(datasheet-pin-table+rm-remap-grid:en)
CH32V004,afio-tim1-remap,PCFR1,PCFR1:10;PCFR1:11;PCFR1:12;PCFR1:13,1,TIM1,CH4,TIM1_CH4,PC4,C,4,#,reference,candidates(datasheet-pin-table+rm-remap-grid:en)
CH32V004,afio-tim1-remap,PCFR1,PCFR1:10;PCFR1:11;PCFR1:12;PCFR1:13,1,TIM1,ETR,TIM1_ETR,PD4,D,4,#,reference,candidates(datasheet-pin-table+rm-remap-grid:en)
CH32V004,afio-tim1-remap,PCFR1,PCFR1:10;PCFR1:11;PCFR1:12;PCFR1:13,2,TIM1,BKIN,TIM1_BKIN,PC1,C,1,#,reference,candidates(datasheet-pin-table+rm-remap-grid:en)
CH32V004,afio-tim1-remap,PCFR1,PCFR1:10;PCFR1:11;PCFR1:12;PCFR1:13,2,TIM1,CH1,TIM1_CH1,PC6,C,6,#,reference,candidates(datasheet-pin-table+rm-remap-grid:en)
CH32V004,afio-tim1-remap,PCFR1,PCFR1:10;PCFR1:11;PCFR1:12;PCFR1:13,2,TIM1,CH1N,TIM1_CH1N,PC3,C,3,#,reference,candidates(datasheet-pin-table+rm-remap-grid:en)
CH32V004,afio-tim1-remap,PCFR1,PCFR1:10;PCFR1:11;PCFR1:12;PCFR1:13,2,TIM1,CH2,TIM1_CH2,PC7,C,7,#,reference,candidates(datasheet-pin-table+rm-remap-grid:en)
CH32V004,afio-tim1-remap,PCFR1,PCFR1:10;PCFR1:11;PCFR1:12;PCFR1:13,2,TIM1,CH2N,TIM1_CH2N,PC4,C,4,#,reference,candidates(datasheet-pin-table+rm-remap-grid:en)
CH32V004,afio-tim1-remap,PCFR1,PCFR1:10;PCFR1:11;PCFR1:12;PCFR1:13,2,TIM1,CH3,TIM1_CH3,PC0,C,0,#,reference,candidates(datasheet-pin-table+rm-remap-grid:en)
CH32V004,afio-tim1-remap,PCFR1,PCFR1:10;PCFR1:11;PCFR1:12;PCFR1:13,2,TIM1,CH3N,TIM1_CH3N,PD1,D,1,#,reference,candidates(datasheet-pin-table+rm-remap-grid:en)
CH32V004,afio-tim1-remap,PCFR1,PCFR1:10;PCFR1:11;PCFR1:12;PCFR1:13,2,TIM1,CH4,TIM1_CH4,PD3,D,3,#,reference,candidates(datasheet-pin-table+rm-remap-grid:en)
CH32V004,afio-tim1-remap,PCFR1,PCFR1:10;PCFR1:11;PCFR1:12;PCFR1:13,2,TIM1,ETR,TIM1_ETR,PC5,C,5,#,reference,candidates(datasheet-pin-table+rm-remap-grid:en)
CH32V004,afio-tim1-remap,PCFR1,PCFR1:10;PCFR1:11;PCFR1:12;PCFR1:13,3,TIM1,BKIN,TIM1_BKIN,PC1,C,1,#,reference,candidates(datasheet-pin-table+rm-remap-grid:en)
CH32V004,afio-tim1-remap,PCFR1,PCFR1:10;PCFR1:11;PCFR1:12;PCFR1:13,3,TIM1,CH1,TIM1_CH1,PC4,C,4,#,reference,candidates(datasheet-pin-table+rm-remap-grid:en)
CH32V004,afio-tim1-remap,PCFR1,PCFR1:10;PCFR1:11;PCFR1:12;PCFR1:13,3,TIM1,CH1N,TIM1_CH1N,PC3,C,3,#,reference,candidates(datasheet-pin-table+rm-remap-grid:en)
CH32V004,afio-tim1-remap,PCFR1,PCFR1:10;PCFR1:11;PCFR1:12;PCFR1:13,3,TIM1,CH2,TIM1_CH2,PC7,C,7,#,reference,candidates(datasheet-pin-table+rm-remap-grid:en)
CH32V004,afio-tim1-remap,PCFR1,PCFR1:10;PCFR1:11;PCFR1:12;PCFR1:13,3,TIM1,CH2N,TIM1_CH2N,PD2,D,2,#,reference,candidates(datasheet-pin-table+rm-remap-grid:en)
CH32V004,afio-tim1-remap,PCFR1,PCFR1:10;PCFR1:11;PCFR1:12;PCFR1:13,3,TIM1,CH3,TIM1_CH3,PC5,C,5,#,reference,candidates(datasheet-pin-table+rm-remap-grid:en)
CH32V004,afio-tim1-remap,PCFR1,PCFR1:10;PCFR1:11;PCFR1:12;PCFR1:13,3,TIM1,CH3N,TIM1_CH3N,PC6,C,6,#,reference,candidates(datasheet-pin-table+rm-remap-grid:en)
CH32V004,afio-tim1-remap,PCFR1,PCFR1:10;PCFR1:11;PCFR1:12;PCFR1:13,3,TIM1,CH4,TIM1_CH4,PD4,D,4,#,reference,candidates(datasheet-pin-table+rm-remap-grid:en)
CH32V004,afio-tim1-remap,PCFR1,PCFR1:10;PCFR1:11;PCFR1:12;PCFR1:13,3,TIM1,ETR,TIM1_ETR,PC2,C,2,#,reference,candidates(datasheet-pin-table+rm-remap-grid:en)
CH32V004,afio-tim1-remap,PCFR1,PCFR1:10;PCFR1:11;PCFR1:12;PCFR1:13,4,TIM1,CH2N,TIM1_CH2N,PA2,A,2,#,reference,candidates(datasheet-pin-table+rm-remap-grid:en)
CH32V004,afio-tim1-remap,PCFR1,PCFR1:10;PCFR1:11;PCFR1:12;PCFR1:13,4,TIM1,CH3N,TIM1_CH3N,PD0,D,0,#,reference,candidates(datasheet-pin-table+rm-remap-grid:en)
CH32V004,afio-tim1-remap,PCFR1,PCFR1:10;PCFR1:11;PCFR1:12;PCFR1:13,4,TIM1,CH4,TIM1_CH4,PD1,D,1,#,reference,candidates(datasheet-pin-table+rm-remap-grid:en)
CH32V004,afio-tim1-remap,PCFR1,PCFR1:10;PCFR1:11;PCFR1:12;PCFR1:13,4,TIM1,ETR,TIM1_ETR,PD4,D,4,#,reference,candidates(datasheet-pin-table+rm-remap-grid:en)
CH32V004,afio-tim1-remap,PCFR1,PCFR1:10;PCFR1:11;PCFR1:12;PCFR1:13,5,TIM1,CH2N,TIM1_CH2N,PA2,A,2,#,reference,candidates(datasheet-pin-table+rm-remap-grid:en)
CH32V004,afio-tim1-remap,PCFR1,PCFR1:10;PCFR1:11;PCFR1:12;PCFR1:13,5,TIM1,CH3,TIM1_CH3,PC3,C,3,#,reference,candidates(datasheet-pin-table+rm-remap-grid:en)
CH32V004,afio-tim1-remap,PCFR1,PCFR1:10;PCFR1:11;PCFR1:12;PCFR1:13,5,TIM1,CH3N,TIM1_CH3N,PD0,D,0,#,reference,candidates(datasheet-pin-table+rm-remap-grid:en)
CH32V004,afio-tim1-remap,PCFR1,PCFR1:10;PCFR1:11;PCFR1:12;PCFR1:13,5,TIM1,CH4,TIM1_CH4,PD1,D,1,#,reference,candidates(datasheet-pin-table+rm-remap-grid:en)
CH32V004,afio-tim1-remap,PCFR1,PCFR1:10;PCFR1:11;PCFR1:12;PCFR1:13,5,TIM1,ETR,TIM1_ETR,PD4,D,4,#,reference,candidates(datasheet-pin-table+rm-remap-grid:en)
CH32V004,afio-tim1-remap,PCFR1,PCFR1:10;PCFR1:11;PCFR1:12;PCFR1:13,6,TIM1,CH2N,TIM1_CH2N,PA2,A,2,#,reference,candidates(datasheet-pin-table+rm-remap-grid:en)
CH32V004,afio-tim1-remap,PCFR1,PCFR1:10;PCFR1:11;PCFR1:12;PCFR1:13,6,TIM1,CH3N,TIM1_CH3N,PD0,D,0,#,reference,candidates(datasheet-pin-table+rm-remap-grid:en)
CH32V004,afio-tim1-remap,PCFR1,PCFR1:10;PCFR1:11;PCFR1:12;PCFR1:13,6,TIM1,ETR,TIM1_ETR,PD4,D,4,#,reference,candidates(datasheet-pin-table+rm-remap-grid:en)
CH32V004,afio-tim1-remap,PCFR1,PCFR1:10;PCFR1:11;PCFR1:12;PCFR1:13,7,TIM1,CH1,TIM1_CH1,PC4,C,4,#,reference,candidates(datasheet-pin-table+rm-remap-grid:en)
CH32V004,afio-tim1-remap,PCFR1,PCFR1:10;PCFR1:11;PCFR1:12;PCFR1:13,7,TIM1,CH1N,TIM1_CH1N,PC0,C,0,#,reference,candidates(datasheet-pin-table+rm-remap-grid:en)
CH32V004,afio-tim1-remap,PCFR1,PCFR1:10;PCFR1:11;PCFR1:12;PCFR1:13,7,TIM1,CH2,TIM1_CH2,PC5,C,5,#,reference,candidates(datasheet-pin-table+rm-remap-grid:en)
CH32V004,afio-tim1-remap,PCFR1,PCFR1:10;PCFR1:11;PCFR1:12;PCFR1:13,7,TIM1,CH2N,TIM1_CH2N,PC1,C,1,#,reference,candidates(datasheet-pin-table+rm-remap-grid:en)
CH32V004,afio-tim1-remap,PCFR1,PCFR1:10;PCFR1:11;PCFR1:12;PCFR1:13,7,TIM1,CH3,TIM1_CH3,PC6,C,6,#,reference,candidates(datasheet-pin-table+rm-remap-grid:en)
CH32V004,afio-tim1-remap,PCFR1,PCFR1:10;PCFR1:11;PCFR1:12;PCFR1:13,7,TIM1,CH3N,TIM1_CH3N,PC2,C,2,#,reference,candidates(datasheet-pin-table+rm-remap-grid:en)
CH32V004,afio-tim1-remap,PCFR1,PCFR1:10;PCFR1:11;PCFR1:12;PCFR1:13,7,TIM1,CH4,TIM1_CH4,PC7,C,7,#,reference,candidates(datasheet-pin-table+rm-remap-grid:en)
CH32V004,afio-tim1-remap,PCFR1,PCFR1:10;PCFR1:11;PCFR1:12;PCFR1:13,8,TIM1,CH1,TIM1_CH1,PC4,C,4,#,reference,candidates(datasheet-pin-table+rm-remap-grid:en)
CH32V004,afio-tim1-remap,PCFR1,PCFR1:10;PCFR1:11;PCFR1:12;PCFR1:13,8,TIM1,CH2,TIM1_CH2,PC5,C,5,#,reference,candidates(datasheet-pin-table+rm-remap-grid:en)
CH32V004,afio-tim1-remap,PCFR1,PCFR1:10;PCFR1:11;PCFR1:12;PCFR1:13,8,TIM1,CH3,TIM1_CH3,PC6,C,6,#,reference,candidates(datasheet-pin-table+rm-remap-grid:en)
CH32V004,afio-tim1-remap,PCFR1,PCFR1:10;PCFR1:11;PCFR1:12;PCFR1:13,8,TIM1,CH4,TIM1_CH4,PC7,C,7,#,reference,candidates(datasheet-pin-table+rm-remap-grid:en)
CH32V004,afio-tim1-remap,PCFR1,PCFR1:10;PCFR1:11;PCFR1:12;PCFR1:13,9,TIM1,CH1N,TIM1_CH1N,PC0,C,0,#,reference,candidates(datasheet-pin-table+rm-remap-grid:en)
CH32V004,afio-tim1-remap,PCFR1,PCFR1:10;PCFR1:11;PCFR1:12;PCFR1:13,9,TIM1,CH2,TIM1_CH2,PA1,A,1,#,reference,candidates(datasheet-pin-table+rm-remap-grid:en)
CH32V004,afio-tim1-remap,PCFR1,PCFR1:10;PCFR1:11;PCFR1:12;PCFR1:13,9,TIM1,CH2N,TIM1_CH2N,PC1,C,1,#,reference,candidates(datasheet-pin-table+rm-remap-grid:en)
CH32V004,afio-tim1-remap,PCFR1,PCFR1:10;PCFR1:11;PCFR1:12;PCFR1:13,9,TIM1,CH3,TIM1_CH3,PA2,A,2,#,reference,candidates(datasheet-pin-table+rm-remap-grid:en)
CH32V004,afio-tim1-remap,PCFR1,PCFR1:10;PCFR1:11;PCFR1:12;PCFR1:13,9,TIM1,CH3N,TIM1_CH3N,PC2,C,2,#,reference,candidates(datasheet-pin-table+rm-remap-grid:en)
CH32V004,afio-tim2-remap,PCFR1,PCFR1:14;PCFR1:15;PCFR1:16,0,TIM2,CH1_ETR,TIM2_CH1_ETR,PD4,D,4,#,reference,candidates(datasheet-pin-table-default:en)
CH32V004,afio-tim2-remap,PCFR1,PCFR1:14;PCFR1:15;PCFR1:16,0,TIM2,CH2,TIM2_CH2,PD3,D,3,#,reference,candidates(datasheet-pin-table-default:en)
CH32V004,afio-tim2-remap,PCFR1,PCFR1:14;PCFR1:15;PCFR1:16,0,TIM2,CH3,TIM2_CH3,PC0,C,0,#,reference,candidates(datasheet-pin-table-default:en)
CH32V004,afio-tim2-remap,PCFR1,PCFR1:14;PCFR1:15;PCFR1:16,0,TIM2,CH4,TIM2_CH4,PD7,D,7,#,reference,candidates(datasheet-pin-table-default:en)
CH32V004,afio-tim2-remap,PCFR1,PCFR1:14;PCFR1:15;PCFR1:16,1,TIM2,CH1_ETR,TIM2_CH1_ETR,PC1,C,1,#,reference,candidates(datasheet-pin-table+rm-remap-grid:en)
CH32V004,afio-tim2-remap,PCFR1,PCFR1:14;PCFR1:15;PCFR1:16,1,TIM2,CH2,TIM2_CH2,PD3,D,3,#,reference,candidates(datasheet-pin-table+rm-remap-grid:en)
CH32V004,afio-tim2-remap,PCFR1,PCFR1:14;PCFR1:15;PCFR1:16,1,TIM2,CH3,TIM2_CH3,PC0,C,0,#,reference,candidates(datasheet-pin-table+rm-remap-grid:en)
CH32V004,afio-tim2-remap,PCFR1,PCFR1:14;PCFR1:15;PCFR1:16,1,TIM2,CH4,TIM2_CH4,PD7,D,7,#,reference,candidates(datasheet-pin-table+rm-remap-grid:en)
CH32V004,afio-tim2-remap,PCFR1,PCFR1:14;PCFR1:15;PCFR1:16,2,TIM2,CH1_ETR,TIM2_CH1_ETR,PC5,C,5,#,reference,candidates(datasheet-pin-table+rm-remap-grid:en)
CH32V004,afio-tim2-remap,PCFR1,PCFR1:14;PCFR1:15;PCFR1:16,2,TIM2,CH2,TIM2_CH2,PC2,C,2,#,reference,candidates(datasheet-pin-table+rm-remap-grid:en)
CH32V004,afio-tim2-remap,PCFR1,PCFR1:14;PCFR1:15;PCFR1:16,2,TIM2,CH3,TIM2_CH3,PD2,D,2,#,reference,candidates(datasheet-pin-table+rm-remap-grid:en)
CH32V004,afio-tim2-remap,PCFR1,PCFR1:14;PCFR1:15;PCFR1:16,2,TIM2,CH4,TIM2_CH4,PC1,C,1,#,reference,candidates(datasheet-pin-table+rm-remap-grid:en)
CH32V004,afio-tim2-remap,PCFR1,PCFR1:14;PCFR1:15;PCFR1:16,3,TIM2,CH1_ETR,TIM2_CH1_ETR,PC1,C,1,#,reference,candidates(datasheet-pin-table+rm-remap-grid:en)
CH32V004,afio-tim2-remap,PCFR1,PCFR1:14;PCFR1:15;PCFR1:16,3,TIM2,CH2,TIM2_CH2,PC7,C,7,#,reference,candidates(datasheet-pin-table+rm-remap-grid:en)
CH32V004,afio-tim2-remap,PCFR1,PCFR1:14;PCFR1:15;PCFR1:16,3,TIM2,CH3,TIM2_CH3,PD6,D,6,#,reference,candidates(datasheet-pin-table+rm-remap-grid:en)
CH32V004,afio-tim2-remap,PCFR1,PCFR1:14;PCFR1:15;PCFR1:16,3,TIM2,CH4,TIM2_CH4,PD5,D,5,#,reference,candidates(datasheet-pin-table+rm-remap-grid:en)
CH32V004,afio-tim2-remap,PCFR1,PCFR1:14;PCFR1:15;PCFR1:16,4,TIM2,CH1_ETR,TIM2_CH1_ETR,PC0,C,0,#,reference,candidates(datasheet-pin-table+rm-remap-grid:en)
CH32V004,afio-tim2-remap,PCFR1,PCFR1:14;PCFR1:15;PCFR1:16,4,TIM2,CH2,TIM2_CH2,PC1,C,1,#,reference,candidates(datasheet-pin-table+rm-remap-grid:en)
CH32V004,afio-tim2-remap,PCFR1,PCFR1:14;PCFR1:15;PCFR1:16,4,TIM2,CH3,TIM2_CH3,PC3,C,3,#,reference,candidates(datasheet-pin-table+rm-remap-grid:en)
CH32V004,afio-tim2-remap,PCFR1,PCFR1:14;PCFR1:15;PCFR1:16,5,TIM2,CH2,TIM2_CH2,PA1,A,1,#,reference,candidates(datasheet-pin-table+rm-remap-grid:en)
CH32V004,afio-tim2-remap,PCFR1,PCFR1:14;PCFR1:15;PCFR1:16,5,TIM2,CH3,TIM2_CH3,PA2,A,2,#,reference,candidates(datasheet-pin-table+rm-remap-grid:en)
CH32V004,afio-tim2-remap,PCFR1,PCFR1:14;PCFR1:15;PCFR1:16,6,TIM2,CH2,TIM2_CH2,PA1,A,1,#,reference,candidates(datasheet-pin-table+rm-remap-grid:en)
CH32V004,afio-tim2-remap,PCFR1,PCFR1:14;PCFR1:15;PCFR1:16,6,TIM2,CH3,TIM2_CH3,PA2,A,2,#,reference,candidates(datasheet-pin-table+rm-remap-grid:en)
CH32V004,afio-tim2-remap,PCFR1,PCFR1:14;PCFR1:15;PCFR1:16,7,TIM2,CH1_ETR,TIM2_CH1_ETR,PD3,D,3,#,reference,candidates(datasheet-pin-table+rm-remap-grid:en)
CH32V004,afio-tim2-remap,PCFR1,PCFR1:14;PCFR1:15;PCFR1:16,7,TIM2,CH2,TIM2_CH2,PD4,D,4,#,reference,candidates(datasheet-pin-table+rm-remap-grid:en)
CH32V004,afio-tim2-remap,PCFR1,PCFR1:14;PCFR1:15;PCFR1:16,7,TIM2,CH3,TIM2_CH3,PA2,A,2,#,reference,candidates(datasheet-pin-table+rm-remap-grid:en)
CH32V004,afio-usart1-remap,PCFR1,PCFR1:6;PCFR1:7;PCFR1:8;PCFR1:9,0,USART1,CTS,USART1_CTS,PD3,D,3,#,reference,candidates(datasheet-pin-table-default:en)
CH32V004,afio-usart1-remap,PCFR1,PCFR1:6;PCFR1:7;PCFR1:8;PCFR1:9,0,USART1,RTS,USART1_RTS,PC2,C,2,#,reference,candidates(datasheet-pin-table-default:en)
CH32V004,afio-usart1-remap,PCFR1,PCFR1:6;PCFR1:7;PCFR1:8;PCFR1:9,0,USART1,RX,USART1_RX,PD6,D,6,#,reference,candidates(datasheet-pin-table-default:en)
CH32V004,afio-usart1-remap,PCFR1,PCFR1:6;PCFR1:7;PCFR1:8;PCFR1:9,0,USART1,TX,USART1_TX,PD5,D,5,#,reference,candidates(datasheet-pin-table-default:en)
CH32V004,afio-usart1-remap,PCFR1,PCFR1:6;PCFR1:7;PCFR1:8;PCFR1:9,1,USART1,CTS,USART1_CTS,PC6,C,6,#,reference,candidates(datasheet-pin-table+rm-remap-grid:en)
CH32V004,afio-usart1-remap,PCFR1,PCFR1:6;PCFR1:7;PCFR1:8;PCFR1:9,1,USART1,RTS,USART1_RTS,PC7,C,7,#,reference,candidates(datasheet-pin-table+rm-remap-grid:en)
CH32V004,afio-usart1-remap,PCFR1,PCFR1:6;PCFR1:7;PCFR1:8;PCFR1:9,1,USART1,RX,USART1_RX,PD5,D,5,#,reference,candidates(datasheet-pin-table+rm-remap-grid:en)
CH32V004,afio-usart1-remap,PCFR1,PCFR1:6;PCFR1:7;PCFR1:8;PCFR1:9,1,USART1,TX,USART1_TX,PD6,D,6,#,reference,candidates(datasheet-pin-table+rm-remap-grid:en)
CH32V004,afio-usart1-remap,PCFR1,PCFR1:6;PCFR1:7;PCFR1:8;PCFR1:9,2,USART1,CTS,USART1_CTS,PC3,C,3,#,reference,candidates(datasheet-pin-table+rm-remap-grid:en)
CH32V004,afio-usart1-remap,PCFR1,PCFR1:6;PCFR1:7;PCFR1:8;PCFR1:9,2,USART1,RTS,USART1_RTS,PC2,C,2,#,reference,candidates(datasheet-pin-table+rm-remap-grid:en)
CH32V004,afio-usart1-remap,PCFR1,PCFR1:6;PCFR1:7;PCFR1:8;PCFR1:9,2,USART1,RX,USART1_RX,PD1,D,1,#,reference,candidates(datasheet-pin-table+rm-remap-grid:en)
CH32V004,afio-usart1-remap,PCFR1,PCFR1:6;PCFR1:7;PCFR1:8;PCFR1:9,2,USART1,TX,USART1_TX,PD0,D,0,#,reference,candidates(datasheet-pin-table+rm-remap-grid:en)
CH32V004,afio-usart1-remap,PCFR1,PCFR1:6;PCFR1:7;PCFR1:8;PCFR1:9,3,USART1,CTS,USART1_CTS,PC6,C,6,#,reference,candidates(datasheet-pin-table+rm-remap-grid:en)
CH32V004,afio-usart1-remap,PCFR1,PCFR1:6;PCFR1:7;PCFR1:8;PCFR1:9,3,USART1,RTS,USART1_RTS,PC7,C,7,#,reference,candidates(datasheet-pin-table+rm-remap-grid:en)
CH32V004,afio-usart1-remap,PCFR1,PCFR1:6;PCFR1:7;PCFR1:8;PCFR1:9,3,USART1,RX,USART1_RX,PC1,C,1,#,reference,candidates(datasheet-pin-table+rm-remap-grid:en)
CH32V004,afio-usart1-remap,PCFR1,PCFR1:6;PCFR1:7;PCFR1:8;PCFR1:9,3,USART1,TX,USART1_TX,PC0,C,0,#,reference,candidates(datasheet-pin-table+rm-remap-grid:en)
CH32V004,afio-usart1-remap,PCFR1,PCFR1:6;PCFR1:7;PCFR1:8;PCFR1:9,4,USART1,CTS,USART1_CTS,PD7,D,7,#,reference,candidates(datasheet-pin-table+rm-remap-grid:en)
CH32V004,afio-usart1-remap,PCFR1,PCFR1:6;PCFR1:7;PCFR1:8;PCFR1:9,4,USART1,TX,USART1_TX,PD1,D,1,#,reference,candidates(datasheet-pin-table+rm-remap-grid:en)
CH32V004,afio-usart1-remap,PCFR1,PCFR1:6;PCFR1:7;PCFR1:8;PCFR1:9,5,USART1,CTS,USART1_CTS,PD7,D,7,#,reference,candidates(datasheet-pin-table+rm-remap-grid:en)
CH32V004,afio-usart1-remap,PCFR1,PCFR1:6;PCFR1:7;PCFR1:8;PCFR1:9,5,USART1,RX,USART1_RX,PD1,D,1,#,reference,candidates(datasheet-pin-table+rm-remap-grid:en)
CH32V004,afio-usart1-remap,PCFR1,PCFR1:6;PCFR1:7;PCFR1:8;PCFR1:9,6,USART1,CTS,USART1_CTS,PC7,C,7,#,reference,candidates(datasheet-pin-table+rm-remap-grid:en)
CH32V004,afio-usart1-remap,PCFR1,PCFR1:6;PCFR1:7;PCFR1:8;PCFR1:9,6,USART1,RX,USART1_RX,PC6,C,6,#,reference,candidates(datasheet-pin-table+rm-remap-grid:en)
CH32V004,afio-usart1-remap,PCFR1,PCFR1:6;PCFR1:7;PCFR1:8;PCFR1:9,6,USART1,TX,USART1_TX,PC5,C,5,#,reference,candidates(datasheet-pin-table+rm-remap-grid:en)
CH32V004,afio-usart1-remap,PCFR1,PCFR1:6;PCFR1:7;PCFR1:8;PCFR1:9,7,USART1,CTS,USART1_CTS,PC7,C,7,#,reference,candidates(datasheet-pin-table+rm-remap-grid:en)
CH32V004,afio-usart1-remap,PCFR1,PCFR1:6;PCFR1:7;PCFR1:8;PCFR1:9,8,USART1,CTS,USART1_CTS,PD2,D,2,#,reference,candidates(datasheet-pin-table+rm-remap-grid:en)
CH32V004,afio-usart1-remap,PCFR1,PCFR1:6;PCFR1:7;PCFR1:8;PCFR1:9,8,USART1,RTS,USART1_RTS,PD3,D,3,#,reference,candidates(datasheet-pin-table+rm-remap-grid:en)
CH32V004,afio-usart1-remap,PCFR1,PCFR1:6;PCFR1:7;PCFR1:8;PCFR1:9,8,USART1,RX,USART1_RX,PA1,A,1,#,reference,candidates(datasheet-pin-table+rm-remap-grid:en)
CH32V004,afio-usart1-remap,PCFR1,PCFR1:6;PCFR1:7;PCFR1:8;PCFR1:9,9,USART1,CTS,USART1_CTS,PD5,D,5,#,reference,candidates(datasheet-pin-table+rm-remap-grid:en)
CH32V004,afio-usart1-remap,PCFR1,PCFR1:6;PCFR1:7;PCFR1:8;PCFR1:9,9,USART1,RTS,USART1_RTS,PD4,D,4,#,reference,candidates(datasheet-pin-table+rm-remap-grid:en)
CH32V004,afio-usart1-remap,PCFR1,PCFR1:6;PCFR1:7;PCFR1:8;PCFR1:9,9,USART1,RX,USART1_RX,PC4,C,4,#,reference,candidates(datasheet-pin-table+rm-remap-grid:en)
CH32V005,afio-adc-etrginj-remap,PCFR1,PCFR1:18,0,ADC1,IETR,ADC_IETR,PD1,D,1,#,reference,candidates(datasheet-pin-table-default:en)
CH32V005,afio-adc-etrginj-remap,PCFR1,PCFR1:18,1,ADC1,IETR,ADC_IETR,PA2,A,2,#,reference,candidates(datasheet-pin-table+rm-remap-grid:en)
CH32V005,afio-adc-etrgreg-remap,PCFR1,PCFR1:19,0,ADC1,IN4,ADC_IN4,PD3,D,3,#,reference,candidates(datasheet-pin-table-default:en)
CH32V005,afio-adc-etrgreg-remap,PCFR1,PCFR1:19,0,ADC1,RETR,ADC_RETR,PD3,D,3,#,reference,candidates(datasheet-pin-table-default:en)
CH32V005,afio-adc-etrgreg-remap,PCFR1,PCFR1:19,1,ADC1,RETR,ADC_RETR,PC2,C,2,#,reference,candidates(datasheet-pin-table+rm-remap-grid:en)
CH32V005,afio-i2c1-remap,PCFR1,PCFR1:3;PCFR1:4;PCFR1:5,0,I2C1,SCL,I2C_SCL,PC2,C,2,#,reference,candidates(datasheet-pin-table-default:en)
CH32V005,afio-i2c1-remap,PCFR1,PCFR1:3;PCFR1:4;PCFR1:5,0,I2C1,SDA,I2C_SDA,PC1,C,1,#,reference,candidates(datasheet-pin-table-default:en)
CH32V005,afio-i2c1-remap,PCFR1,PCFR1:3;PCFR1:4;PCFR1:5,1,I2C1,SCL,I2C_SCL,PD1,D,1,#,reference,candidates(datasheet-pin-table+rm-remap-grid:en)
CH32V005,afio-i2c1-remap,PCFR1,PCFR1:3;PCFR1:4;PCFR1:5,1,I2C1,SDA,I2C_SDA,PD0,D,0,#,reference,candidates(datasheet-pin-table+rm-remap-grid:en)
CH32V005,afio-i2c1-remap,PCFR1,PCFR1:3;PCFR1:4;PCFR1:5,2,I2C1,SCL,I2C_SCL,PC5,C,5,#,reference,candidates(datasheet-pin-table+rm-remap-grid:en)
CH32V005,afio-i2c1-remap,PCFR1,PCFR1:3;PCFR1:4;PCFR1:5,2,I2C1,SDA,I2C_SDA,PC6,C,6,#,reference,candidates(datasheet-pin-table+rm-remap-grid:en)
CH32V005,afio-i2c1-remap,PCFR1,PCFR1:3;PCFR1:4;PCFR1:5,4,I2C1,SCL,I2C_SCL,PB3,B,3,#,reference,candidates(datasheet-pin-table+rm-remap-grid:en)
CH32V005,afio-i2c1-remap,PCFR1,PCFR1:3;PCFR1:4;PCFR1:5,4,I2C1,SDA,I2C_SDA,PD1,D,1,#,reference,candidates(datasheet-pin-table+rm-remap-grid:en)
CH32V005,afio-spi1-remap,PCFR1,PCFR1:0;PCFR1:1;PCFR1:2,0,SPI1,MISO,SPI_MISO,PC7,C,7,#,reference,candidates(datasheet-pin-table-default:en)
CH32V005,afio-spi1-remap,PCFR1,PCFR1:0;PCFR1:1;PCFR1:2,0,SPI1,MOSI,SPI_MOSI,PC6,C,6,#,reference,candidates(datasheet-pin-table-default:en)
CH32V005,afio-spi1-remap,PCFR1,PCFR1:0;PCFR1:1;PCFR1:2,0,SPI1,NSS,SPI_NSS,PC1,C,1,#,reference,candidates(datasheet-pin-table-default:en)
CH32V005,afio-spi1-remap,PCFR1,PCFR1:0;PCFR1:1;PCFR1:2,0,SPI1,SCK,SPI_SCK,PC5,C,5,#,reference,candidates(datasheet-pin-table-default:en)
CH32V005,afio-spi1-remap,PCFR1,PCFR1:0;PCFR1:1;PCFR1:2,1,SPI1,MISO,SPI_MISO,PC7,C,7,#,reference,candidates(datasheet-pin-table+rm-remap-grid:en)
CH32V005,afio-spi1-remap,PCFR1,PCFR1:0;PCFR1:1;PCFR1:2,1,SPI1,MOSI,SPI_MOSI,PC6,C,6,#,reference,candidates(datasheet-pin-table+rm-remap-grid:en)
CH32V005,afio-spi1-remap,PCFR1,PCFR1:0;PCFR1:1;PCFR1:2,1,SPI1,NSS,SPI_NSS,PC0,C,0,#,reference,candidates(datasheet-pin-table+rm-remap-grid:en)
CH32V005,afio-spi1-remap,PCFR1,PCFR1:0;PCFR1:1;PCFR1:2,1,SPI1,SCK,SPI_SCK,PC5,C,5,#,reference,candidates(datasheet-pin-table+rm-remap-grid:en)
CH32V005,afio-spi1-remap,PCFR1,PCFR1:0;PCFR1:1;PCFR1:2,2,SPI1,MISO,SPI_MISO,PB3,B,3,#,reference,candidates(datasheet-pin-table+rm-remap-grid:en)
CH32V005,afio-spi1-remap,PCFR1,PCFR1:0;PCFR1:1;PCFR1:2,2,SPI1,MOSI,SPI_MOSI,PD3,D,3,#,reference,candidates(datasheet-pin-table+rm-remap-grid:en)
CH32V005,afio-spi1-remap,PCFR1,PCFR1:0;PCFR1:1;PCFR1:2,2,SPI1,NSS,SPI_NSS,PC4,C,4,#,reference,candidates(datasheet-pin-table+rm-remap-grid:en)
CH32V005,afio-spi1-remap,PCFR1,PCFR1:0;PCFR1:1;PCFR1:2,2,SPI1,SCK,SPI_SCK,PD2,D,2,#,reference,candidates(datasheet-pin-table+rm-remap-grid:en)
CH32V005,afio-spi1-remap,PCFR1,PCFR1:0;PCFR1:1;PCFR1:2,3,SPI1,MOSI,SPI_MOSI,PC0,C,0,#,reference,candidates(datasheet-pin-table+rm-remap-grid:en)
CH32V005,afio-spi1-remap,PCFR1,PCFR1:0;PCFR1:1;PCFR1:2,3,SPI1,NSS,SPI_NSS,PB0,B,0,#,reference,candidates(datasheet-pin-table+rm-remap-grid:en)
CH32V005,afio-spi1-remap,PCFR1,PCFR1:0;PCFR1:1;PCFR1:2,3,SPI1,SCK,SPI_SCK,PB1,B,1,#,reference,candidates(datasheet-pin-table+rm-remap-grid:en)
CH32V005,afio-spi1-remap,PCFR1,PCFR1:0;PCFR1:1;PCFR1:2,4,SPI1,MISO,SPI_MISO,PD5,D,5,#,reference,candidates(datasheet-pin-table+rm-remap-grid:en)
CH32V005,afio-spi1-remap,PCFR1,PCFR1:0;PCFR1:1;PCFR1:2,4,SPI1,MOSI,SPI_MOSI,PD6,D,6,#,reference,candidates(datasheet-pin-table+rm-remap-grid:en)
CH32V005,afio-spi1-remap,PCFR1,PCFR1:0;PCFR1:1;PCFR1:2,4,SPI1,NSS,SPI_NSS,PD3,D,3,#,reference,candidates(datasheet-pin-table+rm-remap-grid:en)
CH32V005,afio-spi1-remap,PCFR1,PCFR1:0;PCFR1:1;PCFR1:2,4,SPI1,SCK,SPI_SCK,PD4,D,4,#,reference,candidates(datasheet-pin-table+rm-remap-grid:en)
CH32V005,afio-spi1-remap,PCFR1,PCFR1:0;PCFR1:1;PCFR1:2,5,SPI1,MOSI,SPI_MOSI,PA2,A,2,#,reference,candidates(datasheet-pin-table+rm-remap-grid:en)
CH32V005,afio-spi1-remap,PCFR1,PCFR1:0;PCFR1:1;PCFR1:2,5,SPI1,NSS,SPI_NSS,PC1,C,1,#,reference,candidates(datasheet-pin-table+rm-remap-grid:en)
CH32V005,afio-spi1-remap,PCFR1,PCFR1:0;PCFR1:1;PCFR1:2,5,SPI1,SCK,SPI_SCK,PA1,A,1,#,reference,candidates(datasheet-pin-table+rm-remap-grid:en)
CH32V005,afio-spi1-remap,PCFR1,PCFR1:0;PCFR1:1;PCFR1:2,6,SPI1,MISO,SPI_MISO,PC7,C,7,#,reference,candidates(datasheet-pin-table+rm-remap-grid:en)
CH32V005,afio-spi1-remap,PCFR1,PCFR1:0;PCFR1:1;PCFR1:2,6,SPI1,NSS,SPI_NSS,PC4,C,4,#,reference,candidates(datasheet-pin-table+rm-remap-grid:en)
CH32V005,afio-tim1-remap,PCFR1,PCFR1:10;PCFR1:11;PCFR1:12;PCFR1:13,0,TIM1,BKIN,TIM1_BKIN,PC2,C,2,#,reference,candidates(datasheet-pin-table-default:en)
CH32V005,afio-tim1-remap,PCFR1,PCFR1:10;PCFR1:11;PCFR1:12;PCFR1:13,0,TIM1,CH1,TIM1_CH1,PD2,D,2,#,reference,candidates(datasheet-pin-table-default:en)
CH32V005,afio-tim1-remap,PCFR1,PCFR1:10;PCFR1:11;PCFR1:12;PCFR1:13,0,TIM1,CH1N,TIM1_CH1N,PD0,D,0,#,reference,candidates(datasheet-pin-table-default:en)
CH32V005,afio-tim1-remap,PCFR1,PCFR1:10;PCFR1:11;PCFR1:12;PCFR1:13,0,TIM1,CH2,TIM1_CH2,PA1,A,1,#,reference,candidates(datasheet-pin-table-default:en)
CH32V005,afio-tim1-remap,PCFR1,PCFR1:10;PCFR1:11;PCFR1:12;PCFR1:13,0,TIM1,CH2N,TIM1_CH2N,PA2,A,2,#,reference,candidates(datasheet-pin-table-default:en)
CH32V005,afio-tim1-remap,PCFR1,PCFR1:10;PCFR1:11;PCFR1:12;PCFR1:13,0,TIM1,CH3,TIM1_CH3,PC3,C,3,#,reference,candidates(datasheet-pin-table-default:en)
CH32V005,afio-tim1-remap,PCFR1,PCFR1:10;PCFR1:11;PCFR1:12;PCFR1:13,0,TIM1,CH3N,TIM1_CH3N,PD1,D,1,#,reference,candidates(datasheet-pin-table-default:en)
CH32V005,afio-tim1-remap,PCFR1,PCFR1:10;PCFR1:11;PCFR1:12;PCFR1:13,0,TIM1,CH4,TIM1_CH4,PC4,C,4,#,reference,candidates(datasheet-pin-table-default:en)
CH32V005,afio-tim1-remap,PCFR1,PCFR1:10;PCFR1:11;PCFR1:12;PCFR1:13,0,TIM1,ETR,TIM1_ETR,PC5,C,5,#,reference,candidates(datasheet-pin-table-default:en)
CH32V005,afio-tim1-remap,PCFR1,PCFR1:10;PCFR1:11;PCFR1:12;PCFR1:13,1,TIM1,BKIN,TIM1_BKIN,PC2,C,2,#,reference,candidates(datasheet-pin-table+rm-remap-grid:en)
CH32V005,afio-tim1-remap,PCFR1,PCFR1:10;PCFR1:11;PCFR1:12;PCFR1:13,1,TIM1,CH1,TIM1_CH1,PD2,D,2,#,reference,candidates(datasheet-pin-table+rm-remap-grid:en)
CH32V005,afio-tim1-remap,PCFR1,PCFR1:10;PCFR1:11;PCFR1:12;PCFR1:13,1,TIM1,CH1N,TIM1_CH1N,PD0,D,0,#,reference,candidates(datasheet-pin-table+rm-remap-grid:en)
CH32V005,afio-tim1-remap,PCFR1,PCFR1:10;PCFR1:11;PCFR1:12;PCFR1:13,1,TIM1,CH2,TIM1_CH2,PA1,A,1,#,reference,candidates(datasheet-pin-table+rm-remap-grid:en)
CH32V005,afio-tim1-remap,PCFR1,PCFR1:10;PCFR1:11;PCFR1:12;PCFR1:13,1,TIM1,CH2N,TIM1_CH2N,PA2,A,2,#,reference,candidates(datasheet-pin-table+rm-remap-grid:en)
CH32V005,afio-tim1-remap,PCFR1,PCFR1:10;PCFR1:11;PCFR1:12;PCFR1:13,1,TIM1,CH3,TIM1_CH3,PC3,C,3,#,reference,candidates(datasheet-pin-table+rm-remap-grid:en)
CH32V005,afio-tim1-remap,PCFR1,PCFR1:10;PCFR1:11;PCFR1:12;PCFR1:13,1,TIM1,CH3N,TIM1_CH3N,PD1,D,1,#,reference,candidates(datasheet-pin-table+rm-remap-grid:en)
CH32V005,afio-tim1-remap,PCFR1,PCFR1:10;PCFR1:11;PCFR1:12;PCFR1:13,1,TIM1,CH4,TIM1_CH4,PC4,C,4,#,reference,candidates(datasheet-pin-table+rm-remap-grid:en)
CH32V005,afio-tim1-remap,PCFR1,PCFR1:10;PCFR1:11;PCFR1:12;PCFR1:13,1,TIM1,ETR,TIM1_ETR,PD4,D,4,#,reference,candidates(datasheet-pin-table+rm-remap-grid:en)
CH32V005,afio-tim1-remap,PCFR1,PCFR1:10;PCFR1:11;PCFR1:12;PCFR1:13,2,TIM1,BKIN,TIM1_BKIN,PC1,C,1,#,reference,candidates(datasheet-pin-table+rm-remap-grid:en)
CH32V005,afio-tim1-remap,PCFR1,PCFR1:10;PCFR1:11;PCFR1:12;PCFR1:13,2,TIM1,CH1,TIM1_CH1,PC6,C,6,#,reference,candidates(datasheet-pin-table+rm-remap-grid:en)
CH32V005,afio-tim1-remap,PCFR1,PCFR1:10;PCFR1:11;PCFR1:12;PCFR1:13,2,TIM1,CH1N,TIM1_CH1N,PC3,C,3,#,reference,candidates(datasheet-pin-table+rm-remap-grid:en)
CH32V005,afio-tim1-remap,PCFR1,PCFR1:10;PCFR1:11;PCFR1:12;PCFR1:13,2,TIM1,CH2,TIM1_CH2,PC7,C,7,#,reference,candidates(datasheet-pin-table+rm-remap-grid:en)
CH32V005,afio-tim1-remap,PCFR1,PCFR1:10;PCFR1:11;PCFR1:12;PCFR1:13,2,TIM1,CH2N,TIM1_CH2N,PC4,C,4,#,reference,candidates(datasheet-pin-table+rm-remap-grid:en)
CH32V005,afio-tim1-remap,PCFR1,PCFR1:10;PCFR1:11;PCFR1:12;PCFR1:13,2,TIM1,CH3,TIM1_CH3,PC0,C,0,#,reference,candidates(datasheet-pin-table+rm-remap-grid:en)
CH32V005,afio-tim1-remap,PCFR1,PCFR1:10;PCFR1:11;PCFR1:12;PCFR1:13,2,TIM1,CH3N,TIM1_CH3N,PD1,D,1,#,reference,candidates(datasheet-pin-table+rm-remap-grid:en)
CH32V005,afio-tim1-remap,PCFR1,PCFR1:10;PCFR1:11;PCFR1:12;PCFR1:13,2,TIM1,CH4,TIM1_CH4,PD3,D,3,#,reference,candidates(datasheet-pin-table+rm-remap-grid:en)
CH32V005,afio-tim1-remap,PCFR1,PCFR1:10;PCFR1:11;PCFR1:12;PCFR1:13,2,TIM1,ETR,TIM1_ETR,PC5,C,5,#,reference,candidates(datasheet-pin-table+rm-remap-grid:en)
CH32V005,afio-tim1-remap,PCFR1,PCFR1:10;PCFR1:11;PCFR1:12;PCFR1:13,3,TIM1,BKIN,TIM1_BKIN,PC1,C,1,#,reference,candidates(datasheet-pin-table+rm-remap-grid:en)
CH32V005,afio-tim1-remap,PCFR1,PCFR1:10;PCFR1:11;PCFR1:12;PCFR1:13,3,TIM1,CH1,TIM1_CH1,PC4,C,4,#,reference,candidates(datasheet-pin-table+rm-remap-grid:en)
CH32V005,afio-tim1-remap,PCFR1,PCFR1:10;PCFR1:11;PCFR1:12;PCFR1:13,3,TIM1,CH1N,TIM1_CH1N,PC3,C,3,#,reference,candidates(datasheet-pin-table+rm-remap-grid:en)
CH32V005,afio-tim1-remap,PCFR1,PCFR1:10;PCFR1:11;PCFR1:12;PCFR1:13,3,TIM1,CH2,TIM1_CH2,PC7,C,7,#,reference,candidates(datasheet-pin-table+rm-remap-grid:en)
CH32V005,afio-tim1-remap,PCFR1,PCFR1:10;PCFR1:11;PCFR1:12;PCFR1:13,3,TIM1,CH2N,TIM1_CH2N,PD2,D,2,#,reference,candidates(datasheet-pin-table+rm-remap-grid:en)
CH32V005,afio-tim1-remap,PCFR1,PCFR1:10;PCFR1:11;PCFR1:12;PCFR1:13,3,TIM1,CH3,TIM1_CH3,PC5,C,5,#,reference,candidates(datasheet-pin-table+rm-remap-grid:en)
CH32V005,afio-tim1-remap,PCFR1,PCFR1:10;PCFR1:11;PCFR1:12;PCFR1:13,3,TIM1,CH3N,TIM1_CH3N,PC6,C,6,#,reference,candidates(datasheet-pin-table+rm-remap-grid:en)
CH32V005,afio-tim1-remap,PCFR1,PCFR1:10;PCFR1:11;PCFR1:12;PCFR1:13,3,TIM1,CH4,TIM1_CH4,PD4,D,4,#,reference,candidates(datasheet-pin-table+rm-remap-grid:en)
CH32V005,afio-tim1-remap,PCFR1,PCFR1:10;PCFR1:11;PCFR1:12;PCFR1:13,3,TIM1,ETR,TIM1_ETR,PC2,C,2,#,reference,candidates(datasheet-pin-table+rm-remap-grid:en)
CH32V005,afio-tim1-remap,PCFR1,PCFR1:10;PCFR1:11;PCFR1:12;PCFR1:13,4,TIM1,BKIN,TIM1_BKIN,PB3,B,3,#,reference,candidates(datasheet-pin-table+rm-remap-grid:en)
CH32V005,afio-tim1-remap,PCFR1,PCFR1:10;PCFR1:11;PCFR1:12;PCFR1:13,4,TIM1,CH1,TIM1_CH1,PA3,A,3,#,reference,candidates(datasheet-pin-table+rm-remap-grid:en)
CH32V005,afio-tim1-remap,PCFR1,PCFR1:10;PCFR1:11;PCFR1:12;PCFR1:13,4,TIM1,CH1N,TIM1_CH1N,PA0,A,0,#,reference,candidates(datasheet-pin-table+rm-remap-grid:en)
CH32V005,afio-tim1-remap,PCFR1,PCFR1:10;PCFR1:11;PCFR1:12;PCFR1:13,4,TIM1,CH2,TIM1_CH2,PB0,B,0,#,reference,candidates(datasheet-pin-table+rm-remap-grid:en)
CH32V005,afio-tim1-remap,PCFR1,PCFR1:10;PCFR1:11;PCFR1:12;PCFR1:13,4,TIM1,CH2N,TIM1_CH2N,PA2,A,2,#,reference,candidates(datasheet-pin-table+rm-remap-grid:en)
CH32V005,afio-tim1-remap,PCFR1,PCFR1:10;PCFR1:11;PCFR1:12;PCFR1:13,4,TIM1,CH3,TIM1_CH3,PB1,B,1,#,reference,candidates(datasheet-pin-table+rm-remap-grid:en)
CH32V005,afio-tim1-remap,PCFR1,PCFR1:10;PCFR1:11;PCFR1:12;PCFR1:13,4,TIM1,CH3N,TIM1_CH3N,PD0,D,0,#,reference,candidates(datasheet-pin-table+rm-remap-grid:en)
CH32V005,afio-tim1-remap,PCFR1,PCFR1:10;PCFR1:11;PCFR1:12;PCFR1:13,4,TIM1,CH4,TIM1_CH4,PD1,D,1,#,reference,candidates(datasheet-pin-table+rm-remap-grid:en)
CH32V005,afio-tim1-remap,PCFR1,PCFR1:10;PCFR1:11;PCFR1:12;PCFR1:13,4,TIM1,ETR,TIM1_ETR,PD4,D,4,#,reference,candidates(datasheet-pin-table+rm-remap-grid:en)
CH32V005,afio-tim1-remap,PCFR1,PCFR1:10;PCFR1:11;PCFR1:12;PCFR1:13,5,TIM1,BKIN,TIM1_BKIN,PB3,B,3,#,reference,candidates(datasheet-pin-table+rm-remap-grid:en)
CH32V005,afio-tim1-remap,PCFR1,PCFR1:10;PCFR1:11;PCFR1:12;PCFR1:13,5,TIM1,CH1,TIM1_CH1,PA3,A,3,#,reference,candidates(datasheet-pin-table+rm-remap-grid:en)
CH32V005,afio-tim1-remap,PCFR1,PCFR1:10;PCFR1:11;PCFR1:12;PCFR1:13,5,TIM1,CH1N,TIM1_CH1N,PA0,A,0,#,reference,candidates(datasheet-pin-table+rm-remap-grid:en)
CH32V005,afio-tim1-remap,PCFR1,PCFR1:10;PCFR1:11;PCFR1:12;PCFR1:13,5,TIM1,CH2,TIM1_CH2,PB0,B,0,#,reference,candidates(datasheet-pin-table+rm-remap-grid:en)
CH32V005,afio-tim1-remap,PCFR1,PCFR1:10;PCFR1:11;PCFR1:12;PCFR1:13,5,TIM1,CH2N,TIM1_CH2N,PA2,A,2,#,reference,candidates(datasheet-pin-table+rm-remap-grid:en)
CH32V005,afio-tim1-remap,PCFR1,PCFR1:10;PCFR1:11;PCFR1:12;PCFR1:13,5,TIM1,CH3,TIM1_CH3,PC3,C,3,#,reference,candidates(datasheet-pin-table+rm-remap-grid:en)
CH32V005,afio-tim1-remap,PCFR1,PCFR1:10;PCFR1:11;PCFR1:12;PCFR1:13,5,TIM1,CH3N,TIM1_CH3N,PD0,D,0,#,reference,candidates(datasheet-pin-table+rm-remap-grid:en)
CH32V005,afio-tim1-remap,PCFR1,PCFR1:10;PCFR1:11;PCFR1:12;PCFR1:13,5,TIM1,CH4,TIM1_CH4,PD1,D,1,#,reference,candidates(datasheet-pin-table+rm-remap-grid:en)
CH32V005,afio-tim1-remap,PCFR1,PCFR1:10;PCFR1:11;PCFR1:12;PCFR1:13,5,TIM1,ETR,TIM1_ETR,PD4,D,4,#,reference,candidates(datasheet-pin-table+rm-remap-grid:en)
CH32V005,afio-tim1-remap,PCFR1,PCFR1:10;PCFR1:11;PCFR1:12;PCFR1:13,6,TIM1,CH1,TIM1_CH1,PA3,A,3,#,reference,candidates(datasheet-pin-table+rm-remap-grid:en)
CH32V005,afio-tim1-remap,PCFR1,PCFR1:10;PCFR1:11;PCFR1:12;PCFR1:13,6,TIM1,CH1N,TIM1_CH1N,PA0,A,0,#,reference,candidates(datasheet-pin-table+rm-remap-grid:en)
CH32V005,afio-tim1-remap,PCFR1,PCFR1:10;PCFR1:11;PCFR1:12;PCFR1:13,6,TIM1,CH2,TIM1_CH2,PB0,B,0,#,reference,candidates(datasheet-pin-table+rm-remap-grid:en)
CH32V005,afio-tim1-remap,PCFR1,PCFR1:10;PCFR1:11;PCFR1:12;PCFR1:13,6,TIM1,CH2N,TIM1_CH2N,PA2,A,2,#,reference,candidates(datasheet-pin-table+rm-remap-grid:en)
CH32V005,afio-tim1-remap,PCFR1,PCFR1:10;PCFR1:11;PCFR1:12;PCFR1:13,6,TIM1,CH3,TIM1_CH3,PB1,B,1,#,reference,candidates(datasheet-pin-table+rm-remap-grid:en)
CH32V005,afio-tim1-remap,PCFR1,PCFR1:10;PCFR1:11;PCFR1:12;PCFR1:13,6,TIM1,CH3N,TIM1_CH3N,PD0,D,0,#,reference,candidates(datasheet-pin-table+rm-remap-grid:en)
CH32V005,afio-tim1-remap,PCFR1,PCFR1:10;PCFR1:11;PCFR1:12;PCFR1:13,6,TIM1,ETR,TIM1_ETR,PD4,D,4,#,reference,candidates(datasheet-pin-table+rm-remap-grid:en)
CH32V005,afio-tim1-remap,PCFR1,PCFR1:10;PCFR1:11;PCFR1:12;PCFR1:13,7,TIM1,CH1,TIM1_CH1,PC4,C,4,#,reference,candidates(datasheet-pin-table+rm-remap-grid:en)
CH32V005,afio-tim1-remap,PCFR1,PCFR1:10;PCFR1:11;PCFR1:12;PCFR1:13,7,TIM1,CH1N,TIM1_CH1N,PC0,C,0,#,reference,candidates(datasheet-pin-table+rm-remap-grid:en)
CH32V005,afio-tim1-remap,PCFR1,PCFR1:10;PCFR1:11;PCFR1:12;PCFR1:13,7,TIM1,CH2,TIM1_CH2,PC5,C,5,#,reference,candidates(datasheet-pin-table+rm-remap-grid:en)
CH32V005,afio-tim1-remap,PCFR1,PCFR1:10;PCFR1:11;PCFR1:12;PCFR1:13,7,TIM1,CH2N,TIM1_CH2N,PC1,C,1,#,reference,candidates(datasheet-pin-table+rm-remap-grid:en)
CH32V005,afio-tim1-remap,PCFR1,PCFR1:10;PCFR1:11;PCFR1:12;PCFR1:13,7,TIM1,CH3,TIM1_CH3,PC6,C,6,#,reference,candidates(datasheet-pin-table+rm-remap-grid:en)
CH32V005,afio-tim1-remap,PCFR1,PCFR1:10;PCFR1:11;PCFR1:12;PCFR1:13,7,TIM1,CH3N,TIM1_CH3N,PC2,C,2,#,reference,candidates(datasheet-pin-table+rm-remap-grid:en)
CH32V005,afio-tim1-remap,PCFR1,PCFR1:10;PCFR1:11;PCFR1:12;PCFR1:13,7,TIM1,CH4,TIM1_CH4,PC7,C,7,#,reference,candidates(datasheet-pin-table+rm-remap-grid:en)
CH32V005,afio-tim1-remap,PCFR1,PCFR1:10;PCFR1:11;PCFR1:12;PCFR1:13,8,TIM1,CH1,TIM1_CH1,PC4,C,4,#,reference,candidates(datasheet-pin-table+rm-remap-grid:en)
CH32V005,afio-tim1-remap,PCFR1,PCFR1:10;PCFR1:11;PCFR1:12;PCFR1:13,8,TIM1,CH1N,TIM1_CH1N,PA3,A,3,#,reference,candidates(datasheet-pin-table+rm-remap-grid:en)
CH32V005,afio-tim1-remap,PCFR1,PCFR1:10;PCFR1:11;PCFR1:12;PCFR1:13,8,TIM1,CH2,TIM1_CH2,PC5,C,5,#,reference,candidates(datasheet-pin-table+rm-remap-grid:en)
CH32V005,afio-tim1-remap,PCFR1,PCFR1:10;PCFR1:11;PCFR1:12;PCFR1:13,8,TIM1,CH2N,TIM1_CH2N,PB0,B,0,#,reference,candidates(datasheet-pin-table+rm-remap-grid:en)
CH32V005,afio-tim1-remap,PCFR1,PCFR1:10;PCFR1:11;PCFR1:12;PCFR1:13,8,TIM1,CH3,TIM1_CH3,PC6,C,6,#,reference,candidates(datasheet-pin-table+rm-remap-grid:en)
CH32V005,afio-tim1-remap,PCFR1,PCFR1:10;PCFR1:11;PCFR1:12;PCFR1:13,8,TIM1,CH3N,TIM1_CH3N,PB1,B,1,#,reference,candidates(datasheet-pin-table+rm-remap-grid:en)
CH32V005,afio-tim1-remap,PCFR1,PCFR1:10;PCFR1:11;PCFR1:12;PCFR1:13,8,TIM1,CH4,TIM1_CH4,PC7,C,7,#,reference,candidates(datasheet-pin-table+rm-remap-grid:en)
CH32V005,afio-tim1-remap,PCFR1,PCFR1:10;PCFR1:11;PCFR1:12;PCFR1:13,9,TIM1,CH1,TIM1_CH1,PA0,A,0,#,reference,candidates(datasheet-pin-table+rm-remap-grid:en)
CH32V005,afio-tim1-remap,PCFR1,PCFR1:10;PCFR1:11;PCFR1:12;PCFR1:13,9,TIM1,CH1N,TIM1_CH1N,PC0,C,0,#,reference,candidates(datasheet-pin-table+rm-remap-grid:en)
CH32V005,afio-tim1-remap,PCFR1,PCFR1:10;PCFR1:11;PCFR1:12;PCFR1:13,9,TIM1,CH2,TIM1_CH2,PA1,A,1,#,reference,candidates(datasheet-pin-table+rm-remap-grid:en)
CH32V005,afio-tim1-remap,PCFR1,PCFR1:10;PCFR1:11;PCFR1:12;PCFR1:13,9,TIM1,CH2N,TIM1_CH2N,PC1,C,1,#,reference,candidates(datasheet-pin-table+rm-remap-grid:en)
CH32V005,afio-tim1-remap,PCFR1,PCFR1:10;PCFR1:11;PCFR1:12;PCFR1:13,9,TIM1,CH3,TIM1_CH3,PA2,A,2,#,reference,candidates(datasheet-pin-table+rm-remap-grid:en)
CH32V005,afio-tim1-remap,PCFR1,PCFR1:10;PCFR1:11;PCFR1:12;PCFR1:13,9,TIM1,CH3N,TIM1_CH3N,PC2,C,2,#,reference,candidates(datasheet-pin-table+rm-remap-grid:en)
CH32V005,afio-tim1-remap,PCFR1,PCFR1:10;PCFR1:11;PCFR1:12;PCFR1:13,9,TIM1,CH4,TIM1_CH4,PA3,A,3,#,reference,candidates(datasheet-pin-table+rm-remap-grid:en)
CH32V005,afio-tim2-remap,PCFR1,PCFR1:14;PCFR1:15;PCFR1:16,0,TIM2,CH1_ETR,TIM2_CH1_ETR,PD4,D,4,#,reference,candidates(datasheet-pin-table-default:en)
CH32V005,afio-tim2-remap,PCFR1,PCFR1:14;PCFR1:15;PCFR1:16,0,TIM2,CH2,TIM2_CH2,PD3,D,3,#,reference,candidates(datasheet-pin-table-default:en)
CH32V005,afio-tim2-remap,PCFR1,PCFR1:14;PCFR1:15;PCFR1:16,0,TIM2,CH3,TIM2_CH3,PC0,C,0,#,reference,candidates(datasheet-pin-table-default:en)
CH32V005,afio-tim2-remap,PCFR1,PCFR1:14;PCFR1:15;PCFR1:16,0,TIM2,CH4,TIM2_CH4,PD7,D,7,#,reference,candidates(datasheet-pin-table-default:en)
CH32V005,afio-tim2-remap,PCFR1,PCFR1:14;PCFR1:15;PCFR1:16,1,TIM2,CH1_ETR,TIM2_CH1_ETR,PC1,C,1,#,reference,candidates(datasheet-pin-table+rm-remap-grid:en)
CH32V005,afio-tim2-remap,PCFR1,PCFR1:14;PCFR1:15;PCFR1:16,1,TIM2,CH2,TIM2_CH2,PD3,D,3,#,reference,candidates(datasheet-pin-table+rm-remap-grid:en)
CH32V005,afio-tim2-remap,PCFR1,PCFR1:14;PCFR1:15;PCFR1:16,1,TIM2,CH3,TIM2_CH3,PC0,C,0,#,reference,candidates(datasheet-pin-table+rm-remap-grid:en)
CH32V005,afio-tim2-remap,PCFR1,PCFR1:14;PCFR1:15;PCFR1:16,1,TIM2,CH4,TIM2_CH4,PD7,D,7,#,reference,candidates(datasheet-pin-table+rm-remap-grid:en)
CH32V005,afio-tim2-remap,PCFR1,PCFR1:14;PCFR1:15;PCFR1:16,2,TIM2,CH1_ETR,TIM2_CH1_ETR,PC5,C,5,#,reference,candidates(datasheet-pin-table+rm-remap-grid:en)
CH32V005,afio-tim2-remap,PCFR1,PCFR1:14;PCFR1:15;PCFR1:16,2,TIM2,CH2,TIM2_CH2,PC2,C,2,#,reference,candidates(datasheet-pin-table+rm-remap-grid:en)
CH32V005,afio-tim2-remap,PCFR1,PCFR1:14;PCFR1:15;PCFR1:16,2,TIM2,CH3,TIM2_CH3,PD2,D,2,#,reference,candidates(datasheet-pin-table+rm-remap-grid:en)
CH32V005,afio-tim2-remap,PCFR1,PCFR1:14;PCFR1:15;PCFR1:16,2,TIM2,CH4,TIM2_CH4,PC1,C,1,#,reference,candidates(datasheet-pin-table+rm-remap-grid:en)
CH32V005,afio-tim2-remap,PCFR1,PCFR1:14;PCFR1:15;PCFR1:16,3,TIM2,CH1_ETR,TIM2_CH1_ETR,PC1,C,1,#,reference,candidates(datasheet-pin-table+rm-remap-grid:en)
CH32V005,afio-tim2-remap,PCFR1,PCFR1:14;PCFR1:15;PCFR1:16,3,TIM2,CH2,TIM2_CH2,PC7,C,7,#,reference,candidates(datasheet-pin-table+rm-remap-grid:en)
CH32V005,afio-tim2-remap,PCFR1,PCFR1:14;PCFR1:15;PCFR1:16,3,TIM2,CH3,TIM2_CH3,PD6,D,6,#,reference,candidates(datasheet-pin-table+rm-remap-grid:en)
CH32V005,afio-tim2-remap,PCFR1,PCFR1:14;PCFR1:15;PCFR1:16,3,TIM2,CH4,TIM2_CH4,PD5,D,5,#,reference,candidates(datasheet-pin-table+rm-remap-grid:en)
CH32V005,afio-tim2-remap,PCFR1,PCFR1:14;PCFR1:15;PCFR1:16,4,TIM2,CH1_ETR,TIM2_CH1_ETR,PC0,C,0,#,reference,candidates(datasheet-pin-table+rm-remap-grid:en)
CH32V005,afio-tim2-remap,PCFR1,PCFR1:14;PCFR1:15;PCFR1:16,4,TIM2,CH2,TIM2_CH2,PC1,C,1,#,reference,candidates(datasheet-pin-table+rm-remap-grid:en)
CH32V005,afio-tim2-remap,PCFR1,PCFR1:14;PCFR1:15;PCFR1:16,4,TIM2,CH3,TIM2_CH3,PC3,C,3,#,reference,candidates(datasheet-pin-table+rm-remap-grid:en)
CH32V005,afio-tim2-remap,PCFR1,PCFR1:14;PCFR1:15;PCFR1:16,5,TIM2,CH1_ETR,TIM2_CH1_ETR,PA0,A,0,#,reference,candidates(datasheet-pin-table+rm-remap-grid:en)
CH32V005,afio-tim2-remap,PCFR1,PCFR1:14;PCFR1:15;PCFR1:16,5,TIM2,CH2,TIM2_CH2,PA1,A,1,#,reference,candidates(datasheet-pin-table+rm-remap-grid:en)
CH32V005,afio-tim2-remap,PCFR1,PCFR1:14;PCFR1:15;PCFR1:16,5,TIM2,CH3,TIM2_CH3,PA2,A,2,#,reference,candidates(datasheet-pin-table+rm-remap-grid:en)
CH32V005,afio-tim2-remap,PCFR1,PCFR1:14;PCFR1:15;PCFR1:16,5,TIM2,CH4,TIM2_CH4,PA3,A,3,#,reference,candidates(datasheet-pin-table+rm-remap-grid:en)
CH32V005,afio-tim2-remap,PCFR1,PCFR1:14;PCFR1:15;PCFR1:16,6,TIM2,CH1_ETR,TIM2_CH1_ETR,PB1,B,1,#,reference,candidates(datasheet-pin-table+rm-remap-grid:en)
CH32V005,afio-tim2-remap,PCFR1,PCFR1:14;PCFR1:15;PCFR1:16,6,TIM2,CH2,TIM2_CH2,PA1,A,1,#,reference,candidates(datasheet-pin-table+rm-remap-grid:en)
CH32V005,afio-tim2-remap,PCFR1,PCFR1:14;PCFR1:15;PCFR1:16,6,TIM2,CH3,TIM2_CH3,PA2,A,2,#,reference,candidates(datasheet-pin-table+rm-remap-grid:en)
CH32V005,afio-tim2-remap,PCFR1,PCFR1:14;PCFR1:15;PCFR1:16,6,TIM2,CH4,TIM2_CH4,PA3,A,3,#,reference,candidates(datasheet-pin-table+rm-remap-grid:en)
CH32V005,afio-tim2-remap,PCFR1,PCFR1:14;PCFR1:15;PCFR1:16,7,TIM2,CH1_ETR,TIM2_CH1_ETR,PD3,D,3,#,reference,candidates(datasheet-pin-table+rm-remap-grid:en)
CH32V005,afio-tim2-remap,PCFR1,PCFR1:14;PCFR1:15;PCFR1:16,7,TIM2,CH2,TIM2_CH2,PD4,D,4,#,reference,candidates(datasheet-pin-table+rm-remap-grid:en)
CH32V005,afio-tim2-remap,PCFR1,PCFR1:14;PCFR1:15;PCFR1:16,7,TIM2,CH3,TIM2_CH3,PA2,A,2,#,reference,candidates(datasheet-pin-table+rm-remap-grid:en)
CH32V005,afio-tim2-remap,PCFR1,PCFR1:14;PCFR1:15;PCFR1:16,7,TIM2,CH4,TIM2_CH4,PA3,A,3,#,reference,candidates(datasheet-pin-table+rm-remap-grid:en)
CH32V005,afio-usart1-remap,PCFR1,PCFR1:6;PCFR1:7;PCFR1:8;PCFR1:9,0,USART1,CTS,USART1_CTS,PD3,D,3,#,reference,candidates(datasheet-pin-table-default:en)
CH32V005,afio-usart1-remap,PCFR1,PCFR1:6;PCFR1:7;PCFR1:8;PCFR1:9,0,USART1,RTS,USART1_RTS,PC2,C,2,#,reference,candidates(datasheet-pin-table-default:en)
CH32V005,afio-usart1-remap,PCFR1,PCFR1:6;PCFR1:7;PCFR1:8;PCFR1:9,0,USART1,RX,USART1_RX,PD6,D,6,#,reference,candidates(datasheet-pin-table-default:en)
CH32V005,afio-usart1-remap,PCFR1,PCFR1:6;PCFR1:7;PCFR1:8;PCFR1:9,0,USART1,TX,USART1_TX,PD5,D,5,#,reference,candidates(datasheet-pin-table-default:en)
CH32V005,afio-usart1-remap,PCFR1,PCFR1:6;PCFR1:7;PCFR1:8;PCFR1:9,1,USART1,CTS,USART1_CTS,PC6,C,6,#,reference,candidates(datasheet-pin-table+rm-remap-grid:en)
CH32V005,afio-usart1-remap,PCFR1,PCFR1:6;PCFR1:7;PCFR1:8;PCFR1:9,1,USART1,RTS,USART1_RTS,PC7,C,7,#,reference,candidates(datasheet-pin-table+rm-remap-grid:en)
CH32V005,afio-usart1-remap,PCFR1,PCFR1:6;PCFR1:7;PCFR1:8;PCFR1:9,1,USART1,RX,USART1_RX,PD5,D,5,#,reference,candidates(datasheet-pin-table+rm-remap-grid:en)
CH32V005,afio-usart1-remap,PCFR1,PCFR1:6;PCFR1:7;PCFR1:8;PCFR1:9,1,USART1,TX,USART1_TX,PD6,D,6,#,reference,candidates(datasheet-pin-table+rm-remap-grid:en)
CH32V005,afio-usart1-remap,PCFR1,PCFR1:6;PCFR1:7;PCFR1:8;PCFR1:9,2,USART1,CTS,USART1_CTS,PC3,C,3,#,reference,candidates(datasheet-pin-table+rm-remap-grid:en)
CH32V005,afio-usart1-remap,PCFR1,PCFR1:6;PCFR1:7;PCFR1:8;PCFR1:9,2,USART1,RTS,USART1_RTS,PC2,C,2,#,reference,candidates(datasheet-pin-table+rm-remap-grid:en)
CH32V005,afio-usart1-remap,PCFR1,PCFR1:6;PCFR1:7;PCFR1:8;PCFR1:9,2,USART1,RX,USART1_RX,PD1,D,1,#,reference,candidates(datasheet-pin-table+rm-remap-grid:en)
CH32V005,afio-usart1-remap,PCFR1,PCFR1:6;PCFR1:7;PCFR1:8;PCFR1:9,2,USART1,TX,USART1_TX,PD0,D,0,#,reference,candidates(datasheet-pin-table+rm-remap-grid:en)
CH32V005,afio-usart1-remap,PCFR1,PCFR1:6;PCFR1:7;PCFR1:8;PCFR1:9,3,USART1,CTS,USART1_CTS,PC6,C,6,#,reference,candidates(datasheet-pin-table+rm-remap-grid:en)
CH32V005,afio-usart1-remap,PCFR1,PCFR1:6;PCFR1:7;PCFR1:8;PCFR1:9,3,USART1,RTS,USART1_RTS,PC7,C,7,#,reference,candidates(datasheet-pin-table+rm-remap-grid:en)
CH32V005,afio-usart1-remap,PCFR1,PCFR1:6;PCFR1:7;PCFR1:8;PCFR1:9,3,USART1,RX,USART1_RX,PC1,C,1,#,reference,candidates(datasheet-pin-table+rm-remap-grid:en)
CH32V005,afio-usart1-remap,PCFR1,PCFR1:6;PCFR1:7;PCFR1:8;PCFR1:9,3,USART1,TX,USART1_TX,PC0,C,0,#,reference,candidates(datasheet-pin-table+rm-remap-grid:en)
CH32V005,afio-usart1-remap,PCFR1,PCFR1:6;PCFR1:7;PCFR1:8;PCFR1:9,4,USART1,CTS,USART1_CTS,PD7,D,7,#,reference,candidates(datasheet-pin-table+rm-remap-grid:en)
CH32V005,afio-usart1-remap,PCFR1,PCFR1:6;PCFR1:7;PCFR1:8;PCFR1:9,4,USART1,RTS,USART1_RTS,PA5,A,5,#,reference,candidates(datasheet-pin-table+rm-remap-grid:en)
CH32V005,afio-usart1-remap,PCFR1,PCFR1:6;PCFR1:7;PCFR1:8;PCFR1:9,4,USART1,RX,USART1_RX,PB3,B,3,#,reference,candidates(datasheet-pin-table+rm-remap-grid:en)
CH32V005,afio-usart1-remap,PCFR1,PCFR1:6;PCFR1:7;PCFR1:8;PCFR1:9,4,USART1,TX,USART1_TX,PD1,D,1,#,reference,candidates(datasheet-pin-table+rm-remap-grid:en)
CH32V005,afio-usart1-remap,PCFR1,PCFR1:6;PCFR1:7;PCFR1:8;PCFR1:9,5,USART1,CTS,USART1_CTS,PD7,D,7,#,reference,candidates(datasheet-pin-table+rm-remap-grid:en)
CH32V005,afio-usart1-remap,PCFR1,PCFR1:6;PCFR1:7;PCFR1:8;PCFR1:9,5,USART1,RTS,USART1_RTS,PA5,A,5,#,reference,candidates(datasheet-pin-table+rm-remap-grid:en)
CH32V005,afio-usart1-remap,PCFR1,PCFR1:6;PCFR1:7;PCFR1:8;PCFR1:9,5,USART1,RX,USART1_RX,PD1,D,1,#,reference,candidates(datasheet-pin-table+rm-remap-grid:en)
CH32V005,afio-usart1-remap,PCFR1,PCFR1:6;PCFR1:7;PCFR1:8;PCFR1:9,5,USART1,TX,USART1_TX,PB3,B,3,#,reference,candidates(datasheet-pin-table+rm-remap-grid:en)
CH32V005,afio-usart1-remap,PCFR1,PCFR1:6;PCFR1:7;PCFR1:8;PCFR1:9,6,USART1,CTS,USART1_CTS,PC7,C,7,#,reference,candidates(datasheet-pin-table+rm-remap-grid:en)
CH32V005,afio-usart1-remap,PCFR1,PCFR1:6;PCFR1:7;PCFR1:8;PCFR1:9,6,USART1,RX,USART1_RX,PC6,C,6,#,reference,candidates(datasheet-pin-table+rm-remap-grid:en)
CH32V005,afio-usart1-remap,PCFR1,PCFR1:6;PCFR1:7;PCFR1:8;PCFR1:9,6,USART1,TX,USART1_TX,PC5,C,5,#,reference,candidates(datasheet-pin-table+rm-remap-grid:en)
CH32V005,afio-usart1-remap,PCFR1,PCFR1:6;PCFR1:7;PCFR1:8;PCFR1:9,7,USART1,CTS,USART1_CTS,PC7,C,7,#,reference,candidates(datasheet-pin-table+rm-remap-grid:en)
CH32V005,afio-usart1-remap,PCFR1,PCFR1:6;PCFR1:7;PCFR1:8;PCFR1:9,8,USART1,CTS,USART1_CTS,PD2,D,2,#,reference,candidates(datasheet-pin-table+rm-remap-grid:en)
CH32V005,afio-usart1-remap,PCFR1,PCFR1:6;PCFR1:7;PCFR1:8;PCFR1:9,8,USART1,RTS,USART1_RTS,PD3,D,3,#,reference,candidates(datasheet-pin-table+rm-remap-grid:en)
CH32V005,afio-usart1-remap,PCFR1,PCFR1:6;PCFR1:7;PCFR1:8;PCFR1:9,8,USART1,RX,USART1_RX,PA1,A,1,#,reference,candidates(datasheet-pin-table+rm-remap-grid:en)
CH32V005,afio-usart1-remap,PCFR1,PCFR1:6;PCFR1:7;PCFR1:8;PCFR1:9,8,USART1,TX,USART1_TX,PA0,A,0,#,reference,candidates(datasheet-pin-table+rm-remap-grid:en)
CH32V005,afio-usart1-remap,PCFR1,PCFR1:6;PCFR1:7;PCFR1:8;PCFR1:9,9,USART1,CTS,USART1_CTS,PD5,D,5,#,reference,candidates(datasheet-pin-table+rm-remap-grid:en)
CH32V005,afio-usart1-remap,PCFR1,PCFR1:6;PCFR1:7;PCFR1:8;PCFR1:9,9,USART1,RTS,USART1_RTS,PD4,D,4,#,reference,candidates(datasheet-pin-table+rm-remap-grid:en)
CH32V005,afio-usart1-remap,PCFR1,PCFR1:6;PCFR1:7;PCFR1:8;PCFR1:9,9,USART1,RX,USART1_RX,PC4,C,4,#,reference,candidates(datasheet-pin-table+rm-remap-grid:en)
CH32V005,afio-usart1-remap,PCFR1,PCFR1:6;PCFR1:7;PCFR1:8;PCFR1:9,9,USART1,TX,USART1_TX,PA0,A,0,#,reference,candidates(datasheet-pin-table+rm-remap-grid:en)
CH32V005,afio-usart2-remap,PCFR1,PCFR1:20;PCFR1:21;PCFR1:22,0,USART2,CTS,USART2_CTS,PA4,A,4,#,reference,candidates(datasheet-pin-table-default:en)
CH32V005,afio-usart2-remap,PCFR1,PCFR1:20;PCFR1:21;PCFR1:22,0,USART2,RTS,USART2_RTS,PA5,A,5,#,reference,candidates(datasheet-pin-table-default:en)
CH32V005,afio-usart2-remap,PCFR1,PCFR1:20;PCFR1:21;PCFR1:22,0,USART2,RX,USART2_RX,PB3,B,3,#,reference,candidates(datasheet-pin-table-default:en)
CH32V005,afio-usart2-remap,PCFR1,PCFR1:20;PCFR1:21;PCFR1:22,1,USART2,RTS,USART2_RTS,PB3,B,3,#,reference,candidates(datasheet-pin-table+rm-remap-grid:en)
CH32V005,afio-usart2-remap,PCFR1,PCFR1:20;PCFR1:21;PCFR1:22,1,USART2,RX,USART2_RX,PA5,A,5,#,reference,candidates(datasheet-pin-table+rm-remap-grid:en)
CH32V005,afio-usart2-remap,PCFR1,PCFR1:20;PCFR1:21;PCFR1:22,1,USART2,TX,USART2_TX,PA4,A,4,#,reference,candidates(datasheet-pin-table+rm-remap-grid:en)
CH32V005,afio-usart2-remap,PCFR1,PCFR1:20;PCFR1:21;PCFR1:22,2,USART2,CTS,USART2_CTS,PA0,A,0,#,reference,candidates(datasheet-pin-table+rm-remap-grid:en)
CH32V005,afio-usart2-remap,PCFR1,PCFR1:20;PCFR1:21;PCFR1:22,2,USART2,RTS,USART2_RTS,PA1,A,1,#,reference,candidates(datasheet-pin-table+rm-remap-grid:en)
CH32V005,afio-usart2-remap,PCFR1,PCFR1:20;PCFR1:21;PCFR1:22,2,USART2,RX,USART2_RX,PA3,A,3,#,reference,candidates(datasheet-pin-table+rm-remap-grid:en)
CH32V005,afio-usart2-remap,PCFR1,PCFR1:20;PCFR1:21;PCFR1:22,2,USART2,TX,USART2_TX,PA2,A,2,#,reference,candidates(datasheet-pin-table+rm-remap-grid:en)
CH32V005,afio-usart2-remap,PCFR1,PCFR1:20;PCFR1:21;PCFR1:22,3,USART2,CTS,USART2_CTS,PA0,A,0,#,reference,candidates(datasheet-pin-table+rm-remap-grid:en)
CH32V005,afio-usart2-remap,PCFR1,PCFR1:20;PCFR1:21;PCFR1:22,3,USART2,RTS,USART2_RTS,PA1,A,1,#,reference,candidates(datasheet-pin-table+rm-remap-grid:en)
CH32V005,afio-usart2-remap,PCFR1,PCFR1:20;PCFR1:21;PCFR1:22,3,USART2,RX,USART2_RX,PD3,D,3,#,reference,candidates(datasheet-pin-table+rm-remap-grid:en)
CH32V005,afio-usart2-remap,PCFR1,PCFR1:20;PCFR1:21;PCFR1:22,3,USART2,TX,USART2_TX,PD2,D,2,#,reference,candidates(datasheet-pin-table+rm-remap-grid:en)
CH32V005,afio-usart2-remap,PCFR1,PCFR1:20;PCFR1:21;PCFR1:22,4,USART2,RTS,USART2_RTS,PA1,A,1,#,reference,candidates(datasheet-pin-table+rm-remap-grid:en)
CH32V005,afio-usart2-remap,PCFR1,PCFR1:20;PCFR1:21;PCFR1:22,4,USART2,RX,USART2_RX,PB1,B,1,#,reference,candidates(datasheet-pin-table+rm-remap-grid:en)
CH32V005,afio-usart2-remap,PCFR1,PCFR1:20;PCFR1:21;PCFR1:22,4,USART2,TX,USART2_TX,PB0,B,0,#,reference,candidates(datasheet-pin-table+rm-remap-grid:en)
CH32V005,afio-usart2-remap,PCFR1,PCFR1:20;PCFR1:21;PCFR1:22,5,USART2,CTS,USART2_CTS,PA4,A,4,#,reference,candidates(datasheet-pin-table+rm-remap-grid:en)
CH32V005,afio-usart2-remap,PCFR1,PCFR1:20;PCFR1:21;PCFR1:22,5,USART2,RTS,USART2_RTS,PA1,A,1,#,reference,candidates(datasheet-pin-table+rm-remap-grid:en)
CH32V005,afio-usart2-remap,PCFR1,PCFR1:20;PCFR1:21;PCFR1:22,5,USART2,RX,USART2_RX,PD1,D,1,#,reference,candidates(datasheet-pin-table+rm-remap-grid:en)
CH32V005,afio-usart2-remap,PCFR1,PCFR1:20;PCFR1:21;PCFR1:22,5,USART2,TX,USART2_TX,PC4,C,4,#,reference,candidates(datasheet-pin-table+rm-remap-grid:en)
CH32V005,afio-usart2-remap,PCFR1,PCFR1:20;PCFR1:21;PCFR1:22,6,USART2,RTS,USART2_RTS,PB3,B,3,#,reference,candidates(datasheet-pin-table+rm-remap-grid:en)
CH32V005,afio-usart2-remap,PCFR1,PCFR1:20;PCFR1:21;PCFR1:22,6,USART2,RX,USART2_RX,PA5,A,5,#,reference,candidates(datasheet-pin-table+rm-remap-grid:en)
CH32V005,afio-usart2-remap,PCFR1,PCFR1:20;PCFR1:21;PCFR1:22,6,USART2,TX,USART2_TX,PA6,A,6,#,reference,candidates(datasheet-pin-table+rm-remap-grid:en)
CH32V006,afio-adc-etrginj-remap,PCFR1,PCFR1:18,0,ADC1,IETR,ADC_IETR,PD1,D,1,#,reference,candidates(datasheet-pin-table-default:en)
CH32V006,afio-adc-etrginj-remap,PCFR1,PCFR1:18,1,ADC1,IETR,ADC_IETR,PA2,A,2,#,reference,candidates(datasheet-pin-table+rm-remap-grid:en)
CH32V006,afio-adc-etrgreg-remap,PCFR1,PCFR1:19,0,ADC1,IN4,ADC_IN4,PD3,D,3,#,reference,candidates(datasheet-pin-table-default:en)
CH32V006,afio-adc-etrgreg-remap,PCFR1,PCFR1:19,0,ADC1,RETR,ADC_RETR,PD3,D,3,#,reference,candidates(datasheet-pin-table-default:en)
CH32V006,afio-adc-etrgreg-remap,PCFR1,PCFR1:19,1,ADC1,RETR,ADC_RETR,PC2,C,2,#,reference,candidates(datasheet-pin-table+rm-remap-grid:en)
CH32V006,afio-i2c1-remap,PCFR1,PCFR1:3;PCFR1:4;PCFR1:5,0,I2C1,SCL,I2C_SCL,PC2,C,2,#,reference,candidates(datasheet-pin-table-default:en)
CH32V006,afio-i2c1-remap,PCFR1,PCFR1:3;PCFR1:4;PCFR1:5,0,I2C1,SDA,I2C_SDA,PC1,C,1,#,reference,candidates(datasheet-pin-table-default:en)
CH32V006,afio-i2c1-remap,PCFR1,PCFR1:3;PCFR1:4;PCFR1:5,1,I2C1,SCL,I2C_SCL,PD1,D,1,#,reference,candidates(datasheet-pin-table+rm-remap-grid:en)
CH32V006,afio-i2c1-remap,PCFR1,PCFR1:3;PCFR1:4;PCFR1:5,1,I2C1,SDA,I2C_SDA,PD0,D,0,#,reference,candidates(datasheet-pin-table+rm-remap-grid:en)
CH32V006,afio-i2c1-remap,PCFR1,PCFR1:3;PCFR1:4;PCFR1:5,2,I2C1,SCL,I2C_SCL,PC5,C,5,#,reference,candidates(datasheet-pin-table+rm-remap-grid:en)
CH32V006,afio-i2c1-remap,PCFR1,PCFR1:3;PCFR1:4;PCFR1:5,2,I2C1,SDA,I2C_SDA,PC6,C,6,#,reference,candidates(datasheet-pin-table+rm-remap-grid:en)
CH32V006,afio-i2c1-remap,PCFR1,PCFR1:3;PCFR1:4;PCFR1:5,3,I2C1,SCL,I2C_SCL,PB5,B,5,#,reference,candidates(datasheet-pin-table+rm-remap-grid:en)
CH32V006,afio-i2c1-remap,PCFR1,PCFR1:3;PCFR1:4;PCFR1:5,3,I2C1,SDA,I2C_SDA,PB6,B,6,#,reference,candidates(datasheet-pin-table+rm-remap-grid:en)
CH32V006,afio-i2c1-remap,PCFR1,PCFR1:3;PCFR1:4;PCFR1:5,4,I2C1,SCL,I2C_SCL,PB3,B,3,#,reference,candidates(datasheet-pin-table+rm-remap-grid:en)
CH32V006,afio-i2c1-remap,PCFR1,PCFR1:3;PCFR1:4;PCFR1:5,4,I2C1,SDA,I2C_SDA,PD1,D,1,#,reference,candidates(datasheet-pin-table+rm-remap-grid:en)
CH32V006,afio-spi1-remap,PCFR1,PCFR1:0;PCFR1:1;PCFR1:2,0,SPI1,MISO,SPI_MISO,PC7,C,7,#,reference,candidates(datasheet-pin-table-default:en)
CH32V006,afio-spi1-remap,PCFR1,PCFR1:0;PCFR1:1;PCFR1:2,0,SPI1,MOSI,SPI_MOSI,PC6,C,6,#,reference,candidates(datasheet-pin-table-default:en)
CH32V006,afio-spi1-remap,PCFR1,PCFR1:0;PCFR1:1;PCFR1:2,0,SPI1,NSS,SPI_NSS,PC1,C,1,#,reference,candidates(datasheet-pin-table-default:en)
CH32V006,afio-spi1-remap,PCFR1,PCFR1:0;PCFR1:1;PCFR1:2,0,SPI1,SCK,SPI_SCK,PC5,C,5,#,reference,candidates(datasheet-pin-table-default:en)
CH32V006,afio-spi1-remap,PCFR1,PCFR1:0;PCFR1:1;PCFR1:2,1,SPI1,MISO,SPI_MISO,PC7,C,7,#,reference,candidates(datasheet-pin-table+rm-remap-grid:en)
CH32V006,afio-spi1-remap,PCFR1,PCFR1:0;PCFR1:1;PCFR1:2,1,SPI1,MOSI,SPI_MOSI,PC6,C,6,#,reference,candidates(datasheet-pin-table+rm-remap-grid:en)
CH32V006,afio-spi1-remap,PCFR1,PCFR1:0;PCFR1:1;PCFR1:2,1,SPI1,NSS,SPI_NSS,PC0,C,0,#,reference,candidates(datasheet-pin-table+rm-remap-grid:en)
CH32V006,afio-spi1-remap,PCFR1,PCFR1:0;PCFR1:1;PCFR1:2,1,SPI1,SCK,SPI_SCK,PC5,C,5,#,reference,candidates(datasheet-pin-table+rm-remap-grid:en)
CH32V006,afio-spi1-remap,PCFR1,PCFR1:0;PCFR1:1;PCFR1:2,2,SPI1,MISO,SPI_MISO,PB3,B,3,#,reference,candidates(datasheet-pin-table+rm-remap-grid:en)
CH32V006,afio-spi1-remap,PCFR1,PCFR1:0;PCFR1:1;PCFR1:2,2,SPI1,MOSI,SPI_MOSI,PD3,D,3,#,reference,candidates(datasheet-pin-table+rm-remap-grid:en)
CH32V006,afio-spi1-remap,PCFR1,PCFR1:0;PCFR1:1;PCFR1:2,2,SPI1,NSS,SPI_NSS,PC4,C,4,#,reference,candidates(datasheet-pin-table+rm-remap-grid:en)
CH32V006,afio-spi1-remap,PCFR1,PCFR1:0;PCFR1:1;PCFR1:2,2,SPI1,SCK,SPI_SCK,PD2,D,2,#,reference,candidates(datasheet-pin-table+rm-remap-grid:en)
CH32V006,afio-spi1-remap,PCFR1,PCFR1:0;PCFR1:1;PCFR1:2,3,SPI1,MISO,SPI_MISO,PB2,B,2,#,reference,candidates(datasheet-pin-table+rm-remap-grid:en)
CH32V006,afio-spi1-remap,PCFR1,PCFR1:0;PCFR1:1;PCFR1:2,3,SPI1,MOSI,SPI_MOSI,PC0,C,0,#,reference,candidates(datasheet-pin-table+rm-remap-grid:en)
CH32V006,afio-spi1-remap,PCFR1,PCFR1:0;PCFR1:1;PCFR1:2,3,SPI1,NSS,SPI_NSS,PB0,B,0,#,reference,candidates(datasheet-pin-table+rm-remap-grid:en)
CH32V006,afio-spi1-remap,PCFR1,PCFR1:0;PCFR1:1;PCFR1:2,3,SPI1,SCK,SPI_SCK,PB1,B,1,#,reference,candidates(datasheet-pin-table+rm-remap-grid:en)
CH32V006,afio-spi1-remap,PCFR1,PCFR1:0;PCFR1:1;PCFR1:2,4,SPI1,MISO,SPI_MISO,PD5,D,5,#,reference,candidates(datasheet-pin-table+rm-remap-grid:en)
CH32V006,afio-spi1-remap,PCFR1,PCFR1:0;PCFR1:1;PCFR1:2,4,SPI1,MOSI,SPI_MOSI,PD6,D,6,#,reference,candidates(datasheet-pin-table+rm-remap-grid:en)
CH32V006,afio-spi1-remap,PCFR1,PCFR1:0;PCFR1:1;PCFR1:2,4,SPI1,NSS,SPI_NSS,PD3,D,3,#,reference,candidates(datasheet-pin-table+rm-remap-grid:en)
CH32V006,afio-spi1-remap,PCFR1,PCFR1:0;PCFR1:1;PCFR1:2,4,SPI1,SCK,SPI_SCK,PD4,D,4,#,reference,candidates(datasheet-pin-table+rm-remap-grid:en)
CH32V006,afio-spi1-remap,PCFR1,PCFR1:0;PCFR1:1;PCFR1:2,5,SPI1,MISO,SPI_MISO,PB5,B,5,#,reference,candidates(datasheet-pin-table+rm-remap-grid:en)
CH32V006,afio-spi1-remap,PCFR1,PCFR1:0;PCFR1:1;PCFR1:2,5,SPI1,MOSI,SPI_MOSI,PA2,A,2,#,reference,candidates(datasheet-pin-table+rm-remap-grid:en)
CH32V006,afio-spi1-remap,PCFR1,PCFR1:0;PCFR1:1;PCFR1:2,5,SPI1,NSS,SPI_NSS,PC1,C,1,#,reference,candidates(datasheet-pin-table+rm-remap-grid:en)
CH32V006,afio-spi1-remap,PCFR1,PCFR1:0;PCFR1:1;PCFR1:2,5,SPI1,SCK,SPI_SCK,PA1,A,1,#,reference,candidates(datasheet-pin-table+rm-remap-grid:en)
CH32V006,afio-spi1-remap,PCFR1,PCFR1:0;PCFR1:1;PCFR1:2,6,SPI1,MISO,SPI_MISO,PC7,C,7,#,reference,candidates(datasheet-pin-table+rm-remap-grid:en)
CH32V006,afio-spi1-remap,PCFR1,PCFR1:0;PCFR1:1;PCFR1:2,6,SPI1,MOSI,SPI_MOSI,PB4,B,4,#,reference,candidates(datasheet-pin-table+rm-remap-grid:en)
CH32V006,afio-spi1-remap,PCFR1,PCFR1:0;PCFR1:1;PCFR1:2,6,SPI1,NSS,SPI_NSS,PC4,C,4,#,reference,candidates(datasheet-pin-table+rm-remap-grid:en)
CH32V006,afio-spi1-remap,PCFR1,PCFR1:0;PCFR1:1;PCFR1:2,6,SPI1,SCK,SPI_SCK,PB5,B,5,#,reference,candidates(datasheet-pin-table+rm-remap-grid:en)
CH32V006,afio-tim1-remap,PCFR1,PCFR1:10;PCFR1:11;PCFR1:12;PCFR1:13,0,TIM1,BKIN,TIM1_BKIN,PC2,C,2,#,reference,candidates(datasheet-pin-table-default:en)
CH32V006,afio-tim1-remap,PCFR1,PCFR1:10;PCFR1:11;PCFR1:12;PCFR1:13,0,TIM1,CH1,TIM1_CH1,PD2,D,2,#,reference,candidates(datasheet-pin-table-default:en)
CH32V006,afio-tim1-remap,PCFR1,PCFR1:10;PCFR1:11;PCFR1:12;PCFR1:13,0,TIM1,CH1N,TIM1_CH1N,PD0,D,0,#,reference,candidates(datasheet-pin-table-default:en)
CH32V006,afio-tim1-remap,PCFR1,PCFR1:10;PCFR1:11;PCFR1:12;PCFR1:13,0,TIM1,CH2,TIM1_CH2,PA1,A,1,#,reference,candidates(datasheet-pin-table-default:en)
CH32V006,afio-tim1-remap,PCFR1,PCFR1:10;PCFR1:11;PCFR1:12;PCFR1:13,0,TIM1,CH2N,TIM1_CH2N,PA2,A,2,#,reference,candidates(datasheet-pin-table-default:en)
CH32V006,afio-tim1-remap,PCFR1,PCFR1:10;PCFR1:11;PCFR1:12;PCFR1:13,0,TIM1,CH3,TIM1_CH3,PC3,C,3,#,reference,candidates(datasheet-pin-table-default:en)
CH32V006,afio-tim1-remap,PCFR1,PCFR1:10;PCFR1:11;PCFR1:12;PCFR1:13,0,TIM1,CH3N,TIM1_CH3N,PD1,D,1,#,reference,candidates(datasheet-pin-table-default:en)
CH32V006,afio-tim1-remap,PCFR1,PCFR1:10;PCFR1:11;PCFR1:12;PCFR1:13,0,TIM1,CH4,TIM1_CH4,PC4,C,4,#,reference,candidates(datasheet-pin-table-default:en)
CH32V006,afio-tim1-remap,PCFR1,PCFR1:10;PCFR1:11;PCFR1:12;PCFR1:13,0,TIM1,ETR,TIM1_ETR,PC5,C,5,#,reference,candidates(datasheet-pin-table-default:en)
CH32V006,afio-tim1-remap,PCFR1,PCFR1:10;PCFR1:11;PCFR1:12;PCFR1:13,1,TIM1,BKIN,TIM1_BKIN,PC2,C,2,#,reference,candidates(datasheet-pin-table+rm-remap-grid:en)
CH32V006,afio-tim1-remap,PCFR1,PCFR1:10;PCFR1:11;PCFR1:12;PCFR1:13,1,TIM1,CH1,TIM1_CH1,PD2,D,2,#,reference,candidates(datasheet-pin-table+rm-remap-grid:en)
CH32V006,afio-tim1-remap,PCFR1,PCFR1:10;PCFR1:11;PCFR1:12;PCFR1:13,1,TIM1,CH1N,TIM1_CH1N,PD0,D,0,#,reference,candidates(datasheet-pin-table+rm-remap-grid:en)
CH32V006,afio-tim1-remap,PCFR1,PCFR1:10;PCFR1:11;PCFR1:12;PCFR1:13,1,TIM1,CH2,TIM1_CH2,PA1,A,1,#,reference,candidates(datasheet-pin-table+rm-remap-grid:en)
CH32V006,afio-tim1-remap,PCFR1,PCFR1:10;PCFR1:11;PCFR1:12;PCFR1:13,1,TIM1,CH2N,TIM1_CH2N,PA2,A,2,#,reference,candidates(datasheet-pin-table+rm-remap-grid:en)
CH32V006,afio-tim1-remap,PCFR1,PCFR1:10;PCFR1:11;PCFR1:12;PCFR1:13,1,TIM1,CH3,TIM1_CH3,PC3,C,3,#,reference,candidates(datasheet-pin-table+rm-remap-grid:en)
CH32V006,afio-tim1-remap,PCFR1,PCFR1:10;PCFR1:11;PCFR1:12;PCFR1:13,1,TIM1,CH3N,TIM1_CH3N,PD1,D,1,#,reference,candidates(datasheet-pin-table+rm-remap-grid:en)
CH32V006,afio-tim1-remap,PCFR1,PCFR1:10;PCFR1:11;PCFR1:12;PCFR1:13,1,TIM1,CH4,TIM1_CH4,PC4,C,4,#,reference,candidates(datasheet-pin-table+rm-remap-grid:en)
CH32V006,afio-tim1-remap,PCFR1,PCFR1:10;PCFR1:11;PCFR1:12;PCFR1:13,1,TIM1,ETR,TIM1_ETR,PD4,D,4,#,reference,candidates(datasheet-pin-table+rm-remap-grid:en)
CH32V006,afio-tim1-remap,PCFR1,PCFR1:10;PCFR1:11;PCFR1:12;PCFR1:13,2,TIM1,BKIN,TIM1_BKIN,PC1,C,1,#,reference,candidates(datasheet-pin-table+rm-remap-grid:en)
CH32V006,afio-tim1-remap,PCFR1,PCFR1:10;PCFR1:11;PCFR1:12;PCFR1:13,2,TIM1,CH1,TIM1_CH1,PC6,C,6,#,reference,candidates(datasheet-pin-table+rm-remap-grid:en)
CH32V006,afio-tim1-remap,PCFR1,PCFR1:10;PCFR1:11;PCFR1:12;PCFR1:13,2,TIM1,CH1N,TIM1_CH1N,PC3,C,3,#,reference,candidates(datasheet-pin-table+rm-remap-grid:en)
CH32V006,afio-tim1-remap,PCFR1,PCFR1:10;PCFR1:11;PCFR1:12;PCFR1:13,2,TIM1,CH2,TIM1_CH2,PC7,C,7,#,reference,candidates(datasheet-pin-table+rm-remap-grid:en)
CH32V006,afio-tim1-remap,PCFR1,PCFR1:10;PCFR1:11;PCFR1:12;PCFR1:13,2,TIM1,CH2N,TIM1_CH2N,PC4,C,4,#,reference,candidates(datasheet-pin-table+rm-remap-grid:en)
CH32V006,afio-tim1-remap,PCFR1,PCFR1:10;PCFR1:11;PCFR1:12;PCFR1:13,2,TIM1,CH3,TIM1_CH3,PC0,C,0,#,reference,candidates(datasheet-pin-table+rm-remap-grid:en)
CH32V006,afio-tim1-remap,PCFR1,PCFR1:10;PCFR1:11;PCFR1:12;PCFR1:13,2,TIM1,CH3N,TIM1_CH3N,PD1,D,1,#,reference,candidates(datasheet-pin-table+rm-remap-grid:en)
CH32V006,afio-tim1-remap,PCFR1,PCFR1:10;PCFR1:11;PCFR1:12;PCFR1:13,2,TIM1,CH4,TIM1_CH4,PD3,D,3,#,reference,candidates(datasheet-pin-table+rm-remap-grid:en)
CH32V006,afio-tim1-remap,PCFR1,PCFR1:10;PCFR1:11;PCFR1:12;PCFR1:13,2,TIM1,ETR,TIM1_ETR,PC5,C,5,#,reference,candidates(datasheet-pin-table+rm-remap-grid:en)
CH32V006,afio-tim1-remap,PCFR1,PCFR1:10;PCFR1:11;PCFR1:12;PCFR1:13,3,TIM1,BKIN,TIM1_BKIN,PC1,C,1,#,reference,candidates(datasheet-pin-table+rm-remap-grid:en)
CH32V006,afio-tim1-remap,PCFR1,PCFR1:10;PCFR1:11;PCFR1:12;PCFR1:13,3,TIM1,CH1,TIM1_CH1,PC4,C,4,#,reference,candidates(datasheet-pin-table+rm-remap-grid:en)
CH32V006,afio-tim1-remap,PCFR1,PCFR1:10;PCFR1:11;PCFR1:12;PCFR1:13,3,TIM1,CH1N,TIM1_CH1N,PC3,C,3,#,reference,candidates(datasheet-pin-table+rm-remap-grid:en)
CH32V006,afio-tim1-remap,PCFR1,PCFR1:10;PCFR1:11;PCFR1:12;PCFR1:13,3,TIM1,CH2,TIM1_CH2,PC7,C,7,#,reference,candidates(datasheet-pin-table+rm-remap-grid:en)
CH32V006,afio-tim1-remap,PCFR1,PCFR1:10;PCFR1:11;PCFR1:12;PCFR1:13,3,TIM1,CH2N,TIM1_CH2N,PD2,D,2,#,reference,candidates(datasheet-pin-table+rm-remap-grid:en)
CH32V006,afio-tim1-remap,PCFR1,PCFR1:10;PCFR1:11;PCFR1:12;PCFR1:13,3,TIM1,CH3,TIM1_CH3,PC5,C,5,#,reference,candidates(datasheet-pin-table+rm-remap-grid:en)
CH32V006,afio-tim1-remap,PCFR1,PCFR1:10;PCFR1:11;PCFR1:12;PCFR1:13,3,TIM1,CH3N,TIM1_CH3N,PC6,C,6,#,reference,candidates(datasheet-pin-table+rm-remap-grid:en)
CH32V006,afio-tim1-remap,PCFR1,PCFR1:10;PCFR1:11;PCFR1:12;PCFR1:13,3,TIM1,CH4,TIM1_CH4,PD4,D,4,#,reference,candidates(datasheet-pin-table+rm-remap-grid:en)
CH32V006,afio-tim1-remap,PCFR1,PCFR1:10;PCFR1:11;PCFR1:12;PCFR1:13,3,TIM1,ETR,TIM1_ETR,PC2,C,2,#,reference,candidates(datasheet-pin-table+rm-remap-grid:en)
CH32V006,afio-tim1-remap,PCFR1,PCFR1:10;PCFR1:11;PCFR1:12;PCFR1:13,4,TIM1,BKIN,TIM1_BKIN,PB3,B,3,#,reference,candidates(datasheet-pin-table+rm-remap-grid:en)
CH32V006,afio-tim1-remap,PCFR1,PCFR1:10;PCFR1:11;PCFR1:12;PCFR1:13,4,TIM1,CH1,TIM1_CH1,PA3,A,3,#,reference,candidates(datasheet-pin-table+rm-remap-grid:en)
CH32V006,afio-tim1-remap,PCFR1,PCFR1:10;PCFR1:11;PCFR1:12;PCFR1:13,4,TIM1,CH1N,TIM1_CH1N,PA0,A,0,#,reference,candidates(datasheet-pin-table+rm-remap-grid:en)
CH32V006,afio-tim1-remap,PCFR1,PCFR1:10;PCFR1:11;PCFR1:12;PCFR1:13,4,TIM1,CH2,TIM1_CH2,PB0,B,0,#,reference,candidates(datasheet-pin-table+rm-remap-grid:en)
CH32V006,afio-tim1-remap,PCFR1,PCFR1:10;PCFR1:11;PCFR1:12;PCFR1:13,4,TIM1,CH2N,TIM1_CH2N,PA2,A,2,#,reference,candidates(datasheet-pin-table+rm-remap-grid:en)
CH32V006,afio-tim1-remap,PCFR1,PCFR1:10;PCFR1:11;PCFR1:12;PCFR1:13,4,TIM1,CH3,TIM1_CH3,PB1,B,1,#,reference,candidates(datasheet-pin-table+rm-remap-grid:en)
CH32V006,afio-tim1-remap,PCFR1,PCFR1:10;PCFR1:11;PCFR1:12;PCFR1:13,4,TIM1,CH3N,TIM1_CH3N,PD0,D,0,#,reference,candidates(datasheet-pin-table+rm-remap-grid:en)
CH32V006,afio-tim1-remap,PCFR1,PCFR1:10;PCFR1:11;PCFR1:12;PCFR1:13,4,TIM1,CH4,TIM1_CH4,PD1,D,1,#,reference,candidates(datasheet-pin-table+rm-remap-grid:en)
CH32V006,afio-tim1-remap,PCFR1,PCFR1:10;PCFR1:11;PCFR1:12;PCFR1:13,4,TIM1,ETR,TIM1_ETR,PD4,D,4,#,reference,candidates(datasheet-pin-table+rm-remap-grid:en)
CH32V006,afio-tim1-remap,PCFR1,PCFR1:10;PCFR1:11;PCFR1:12;PCFR1:13,5,TIM1,BKIN,TIM1_BKIN,PB3,B,3,#,reference,candidates(datasheet-pin-table+rm-remap-grid:en)
CH32V006,afio-tim1-remap,PCFR1,PCFR1:10;PCFR1:11;PCFR1:12;PCFR1:13,5,TIM1,CH1,TIM1_CH1,PA3,A,3,#,reference,candidates(datasheet-pin-table+rm-remap-grid:en)
CH32V006,afio-tim1-remap,PCFR1,PCFR1:10;PCFR1:11;PCFR1:12;PCFR1:13,5,TIM1,CH1N,TIM1_CH1N,PA0,A,0,#,reference,candidates(datasheet-pin-table+rm-remap-grid:en)
CH32V006,afio-tim1-remap,PCFR1,PCFR1:10;PCFR1:11;PCFR1:12;PCFR1:13,5,TIM1,CH2,TIM1_CH2,PB0,B,0,#,reference,candidates(datasheet-pin-table+rm-remap-grid:en)
CH32V006,afio-tim1-remap,PCFR1,PCFR1:10;PCFR1:11;PCFR1:12;PCFR1:13,5,TIM1,CH2N,TIM1_CH2N,PA2,A,2,#,reference,candidates(datasheet-pin-table+rm-remap-grid:en)
CH32V006,afio-tim1-remap,PCFR1,PCFR1:10;PCFR1:11;PCFR1:12;PCFR1:13,5,TIM1,CH3,TIM1_CH3,PC3,C,3,#,reference,candidates(datasheet-pin-table+rm-remap-grid:en)
CH32V006,afio-tim1-remap,PCFR1,PCFR1:10;PCFR1:11;PCFR1:12;PCFR1:13,5,TIM1,CH3N,TIM1_CH3N,PD0,D,0,#,reference,candidates(datasheet-pin-table+rm-remap-grid:en)
CH32V006,afio-tim1-remap,PCFR1,PCFR1:10;PCFR1:11;PCFR1:12;PCFR1:13,5,TIM1,CH4,TIM1_CH4,PD1,D,1,#,reference,candidates(datasheet-pin-table+rm-remap-grid:en)
CH32V006,afio-tim1-remap,PCFR1,PCFR1:10;PCFR1:11;PCFR1:12;PCFR1:13,5,TIM1,ETR,TIM1_ETR,PD4,D,4,#,reference,candidates(datasheet-pin-table+rm-remap-grid:en)
CH32V006,afio-tim1-remap,PCFR1,PCFR1:10;PCFR1:11;PCFR1:12;PCFR1:13,6,TIM1,BKIN,TIM1_BKIN,PA7,A,7,#,reference,candidates(datasheet-pin-table+rm-remap-grid:en)
CH32V006,afio-tim1-remap,PCFR1,PCFR1:10;PCFR1:11;PCFR1:12;PCFR1:13,6,TIM1,CH1,TIM1_CH1,PA3,A,3,#,reference,candidates(datasheet-pin-table+rm-remap-grid:en)
CH32V006,afio-tim1-remap,PCFR1,PCFR1:10;PCFR1:11;PCFR1:12;PCFR1:13,6,TIM1,CH1N,TIM1_CH1N,PA0,A,0,#,reference,candidates(datasheet-pin-table+rm-remap-grid:en)
CH32V006,afio-tim1-remap,PCFR1,PCFR1:10;PCFR1:11;PCFR1:12;PCFR1:13,6,TIM1,CH2,TIM1_CH2,PB0,B,0,#,reference,candidates(datasheet-pin-table+rm-remap-grid:en)
CH32V006,afio-tim1-remap,PCFR1,PCFR1:10;PCFR1:11;PCFR1:12;PCFR1:13,6,TIM1,CH2N,TIM1_CH2N,PA2,A,2,#,reference,candidates(datasheet-pin-table+rm-remap-grid:en)
CH32V006,afio-tim1-remap,PCFR1,PCFR1:10;PCFR1:11;PCFR1:12;PCFR1:13,6,TIM1,CH3,TIM1_CH3,PB1,B,1,#,reference,candidates(datasheet-pin-table+rm-remap-grid:en)
CH32V006,afio-tim1-remap,PCFR1,PCFR1:10;PCFR1:11;PCFR1:12;PCFR1:13,6,TIM1,CH3N,TIM1_CH3N,PD0,D,0,#,reference,candidates(datasheet-pin-table+rm-remap-grid:en)
CH32V006,afio-tim1-remap,PCFR1,PCFR1:10;PCFR1:11;PCFR1:12;PCFR1:13,6,TIM1,CH4,TIM1_CH4,PB2,B,2,#,reference,candidates(datasheet-pin-table+rm-remap-grid:en)
CH32V006,afio-tim1-remap,PCFR1,PCFR1:10;PCFR1:11;PCFR1:12;PCFR1:13,6,TIM1,ETR,TIM1_ETR,PD4,D,4,#,reference,candidates(datasheet-pin-table+rm-remap-grid:en)
CH32V006,afio-tim1-remap,PCFR1,PCFR1:10;PCFR1:11;PCFR1:12;PCFR1:13,7,TIM1,BKIN,TIM1_BKIN,PB2,B,2,#,reference,candidates(datasheet-pin-table+rm-remap-grid:en)
CH32V006,afio-tim1-remap,PCFR1,PCFR1:10;PCFR1:11;PCFR1:12;PCFR1:13,7,TIM1,CH1,TIM1_CH1,PC4,C,4,#,reference,candidates(datasheet-pin-table+rm-remap-grid:en)
CH32V006,afio-tim1-remap,PCFR1,PCFR1:10;PCFR1:11;PCFR1:12;PCFR1:13,7,TIM1,CH1N,TIM1_CH1N,PC0,C,0,#,reference,candidates(datasheet-pin-table+rm-remap-grid:en)
CH32V006,afio-tim1-remap,PCFR1,PCFR1:10;PCFR1:11;PCFR1:12;PCFR1:13,7,TIM1,CH2,TIM1_CH2,PC5,C,5,#,reference,candidates(datasheet-pin-table+rm-remap-grid:en)
CH32V006,afio-tim1-remap,PCFR1,PCFR1:10;PCFR1:11;PCFR1:12;PCFR1:13,7,TIM1,CH2N,TIM1_CH2N,PC1,C,1,#,reference,candidates(datasheet-pin-table+rm-remap-grid:en)
CH32V006,afio-tim1-remap,PCFR1,PCFR1:10;PCFR1:11;PCFR1:12;PCFR1:13,7,TIM1,CH3,TIM1_CH3,PC6,C,6,#,reference,candidates(datasheet-pin-table+rm-remap-grid:en)
CH32V006,afio-tim1-remap,PCFR1,PCFR1:10;PCFR1:11;PCFR1:12;PCFR1:13,7,TIM1,CH3N,TIM1_CH3N,PC2,C,2,#,reference,candidates(datasheet-pin-table+rm-remap-grid:en)
CH32V006,afio-tim1-remap,PCFR1,PCFR1:10;PCFR1:11;PCFR1:12;PCFR1:13,7,TIM1,CH4,TIM1_CH4,PC7,C,7,#,reference,candidates(datasheet-pin-table+rm-remap-grid:en)
CH32V006,afio-tim1-remap,PCFR1,PCFR1:10;PCFR1:11;PCFR1:12;PCFR1:13,7,TIM1,ETR,TIM1_ETR,PB4,B,4,#,reference,candidates(datasheet-pin-table+rm-remap-grid:en)
CH32V006,afio-tim1-remap,PCFR1,PCFR1:10;PCFR1:11;PCFR1:12;PCFR1:13,8,TIM1,BKIN,TIM1_BKIN,PB2,B,2,#,reference,candidates(datasheet-pin-table+rm-remap-grid:en)
CH32V006,afio-tim1-remap,PCFR1,PCFR1:10;PCFR1:11;PCFR1:12;PCFR1:13,8,TIM1,CH1,TIM1_CH1,PC4,C,4,#,reference,candidates(datasheet-pin-table+rm-remap-grid:en)
CH32V006,afio-tim1-remap,PCFR1,PCFR1:10;PCFR1:11;PCFR1:12;PCFR1:13,8,TIM1,CH1N,TIM1_CH1N,PA3,A,3,#,reference,candidates(datasheet-pin-table+rm-remap-grid:en)
CH32V006,afio-tim1-remap,PCFR1,PCFR1:10;PCFR1:11;PCFR1:12;PCFR1:13,8,TIM1,CH2,TIM1_CH2,PC5,C,5,#,reference,candidates(datasheet-pin-table+rm-remap-grid:en)
CH32V006,afio-tim1-remap,PCFR1,PCFR1:10;PCFR1:11;PCFR1:12;PCFR1:13,8,TIM1,CH2N,TIM1_CH2N,PB0,B,0,#,reference,candidates(datasheet-pin-table+rm-remap-grid:en)
CH32V006,afio-tim1-remap,PCFR1,PCFR1:10;PCFR1:11;PCFR1:12;PCFR1:13,8,TIM1,CH3,TIM1_CH3,PC6,C,6,#,reference,candidates(datasheet-pin-table+rm-remap-grid:en)
CH32V006,afio-tim1-remap,PCFR1,PCFR1:10;PCFR1:11;PCFR1:12;PCFR1:13,8,TIM1,CH3N,TIM1_CH3N,PB1,B,1,#,reference,candidates(datasheet-pin-table+rm-remap-grid:en)
CH32V006,afio-tim1-remap,PCFR1,PCFR1:10;PCFR1:11;PCFR1:12;PCFR1:13,8,TIM1,CH4,TIM1_CH4,PC7,C,7,#,reference,candidates(datasheet-pin-table+rm-remap-grid:en)
CH32V006,afio-tim1-remap,PCFR1,PCFR1:10;PCFR1:11;PCFR1:12;PCFR1:13,8,TIM1,ETR,TIM1_ETR,PB4,B,4,#,reference,candidates(datasheet-pin-table+rm-remap-grid:en)
CH32V006,afio-tim1-remap,PCFR1,PCFR1:10;PCFR1:11;PCFR1:12;PCFR1:13,9,TIM1,BKIN,TIM1_BKIN,PB2,B,2,#,reference,candidates(datasheet-pin-table+rm-remap-grid:en)
CH32V006,afio-tim1-remap,PCFR1,PCFR1:10;PCFR1:11;PCFR1:12;PCFR1:13,9,TIM1,CH1,TIM1_CH1,PA0,A,0,#,reference,candidates(datasheet-pin-table+rm-remap-grid:en)
CH32V006,afio-tim1-remap,PCFR1,PCFR1:10;PCFR1:11;PCFR1:12;PCFR1:13,9,TIM1,CH1N,TIM1_CH1N,PC0,C,0,#,reference,candidates(datasheet-pin-table+rm-remap-grid:en)
CH32V006,afio-tim1-remap,PCFR1,PCFR1:10;PCFR1:11;PCFR1:12;PCFR1:13,9,TIM1,CH2,TIM1_CH2,PA1,A,1,#,reference,candidates(datasheet-pin-table+rm-remap-grid:en)
CH32V006,afio-tim1-remap,PCFR1,PCFR1:10;PCFR1:11;PCFR1:12;PCFR1:13,9,TIM1,CH2N,TIM1_CH2N,PC1,C,1,#,reference,candidates(datasheet-pin-table+rm-remap-grid:en)
CH32V006,afio-tim1-remap,PCFR1,PCFR1:10;PCFR1:11;PCFR1:12;PCFR1:13,9,TIM1,CH3,TIM1_CH3,PA2,A,2,#,reference,candidates(datasheet-pin-table+rm-remap-grid:en)
CH32V006,afio-tim1-remap,PCFR1,PCFR1:10;PCFR1:11;PCFR1:12;PCFR1:13,9,TIM1,CH3N,TIM1_CH3N,PC2,C,2,#,reference,candidates(datasheet-pin-table+rm-remap-grid:en)
CH32V006,afio-tim1-remap,PCFR1,PCFR1:10;PCFR1:11;PCFR1:12;PCFR1:13,9,TIM1,CH4,TIM1_CH4,PA3,A,3,#,reference,candidates(datasheet-pin-table+rm-remap-grid:en)
CH32V006,afio-tim1-remap,PCFR1,PCFR1:10;PCFR1:11;PCFR1:12;PCFR1:13,9,TIM1,ETR,TIM1_ETR,PB4,B,4,#,reference,candidates(datasheet-pin-table+rm-remap-grid:en)
CH32V006,afio-tim2-remap,PCFR1,PCFR1:14;PCFR1:15;PCFR1:16,0,TIM2,CH1_ETR,TIM2_CH1_ETR,PD4,D,4,#,reference,candidates(datasheet-pin-table-default:en)
CH32V006,afio-tim2-remap,PCFR1,PCFR1:14;PCFR1:15;PCFR1:16,0,TIM2,CH2,TIM2_CH2,PD3,D,3,#,reference,candidates(datasheet-pin-table-default:en)
CH32V006,afio-tim2-remap,PCFR1,PCFR1:14;PCFR1:15;PCFR1:16,0,TIM2,CH3,TIM2_CH3,PC0,C,0,#,reference,candidates(datasheet-pin-table-default:en)
CH32V006,afio-tim2-remap,PCFR1,PCFR1:14;PCFR1:15;PCFR1:16,0,TIM2,CH4,TIM2_CH4,PD7,D,7,#,reference,candidates(datasheet-pin-table-default:en)
CH32V006,afio-tim2-remap,PCFR1,PCFR1:14;PCFR1:15;PCFR1:16,1,TIM2,CH1_ETR,TIM2_CH1_ETR,PC1,C,1,#,reference,candidates(datasheet-pin-table+rm-remap-grid:en)
CH32V006,afio-tim2-remap,PCFR1,PCFR1:14;PCFR1:15;PCFR1:16,1,TIM2,CH2,TIM2_CH2,PD3,D,3,#,reference,candidates(datasheet-pin-table+rm-remap-grid:en)
CH32V006,afio-tim2-remap,PCFR1,PCFR1:14;PCFR1:15;PCFR1:16,1,TIM2,CH3,TIM2_CH3,PC0,C,0,#,reference,candidates(datasheet-pin-table+rm-remap-grid:en)
CH32V006,afio-tim2-remap,PCFR1,PCFR1:14;PCFR1:15;PCFR1:16,1,TIM2,CH4,TIM2_CH4,PD7,D,7,#,reference,candidates(datasheet-pin-table+rm-remap-grid:en)
CH32V006,afio-tim2-remap,PCFR1,PCFR1:14;PCFR1:15;PCFR1:16,2,TIM2,CH1_ETR,TIM2_CH1_ETR,PC5,C,5,#,reference,candidates(datasheet-pin-table+rm-remap-grid:en)
CH32V006,afio-tim2-remap,PCFR1,PCFR1:14;PCFR1:15;PCFR1:16,2,TIM2,CH2,TIM2_CH2,PC2,C,2,#,reference,candidates(datasheet-pin-table+rm-remap-grid:en)
CH32V006,afio-tim2-remap,PCFR1,PCFR1:14;PCFR1:15;PCFR1:16,2,TIM2,CH3,TIM2_CH3,PD2,D,2,#,reference,candidates(datasheet-pin-table+rm-remap-grid:en)
CH32V006,afio-tim2-remap,PCFR1,PCFR1:14;PCFR1:15;PCFR1:16,2,TIM2,CH4,TIM2_CH4,PC1,C,1,#,reference,candidates(datasheet-pin-table+rm-remap-grid:en)
CH32V006,afio-tim2-remap,PCFR1,PCFR1:14;PCFR1:15;PCFR1:16,3,TIM2,CH1_ETR,TIM2_CH1_ETR,PC1,C,1,#,reference,candidates(datasheet-pin-table+rm-remap-grid:en)
CH32V006,afio-tim2-remap,PCFR1,PCFR1:14;PCFR1:15;PCFR1:16,3,TIM2,CH2,TIM2_CH2,PC7,C,7,#,reference,candidates(datasheet-pin-table+rm-remap-grid:en)
CH32V006,afio-tim2-remap,PCFR1,PCFR1:14;PCFR1:15;PCFR1:16,3,TIM2,CH3,TIM2_CH3,PD6,D,6,#,reference,candidates(datasheet-pin-table+rm-remap-grid:en)
CH32V006,afio-tim2-remap,PCFR1,PCFR1:14;PCFR1:15;PCFR1:16,3,TIM2,CH4,TIM2_CH4,PD5,D,5,#,reference,candidates(datasheet-pin-table+rm-remap-grid:en)
CH32V006,afio-tim2-remap,PCFR1,PCFR1:14;PCFR1:15;PCFR1:16,4,TIM2,CH1_ETR,TIM2_CH1_ETR,PC0,C,0,#,reference,candidates(datasheet-pin-table+rm-remap-grid:en)
CH32V006,afio-tim2-remap,PCFR1,PCFR1:14;PCFR1:15;PCFR1:16,4,TIM2,CH2,TIM2_CH2,PC1,C,1,#,reference,candidates(datasheet-pin-table+rm-remap-grid:en)
CH32V006,afio-tim2-remap,PCFR1,PCFR1:14;PCFR1:15;PCFR1:16,4,TIM2,CH3,TIM2_CH3,PC3,C,3,#,reference,candidates(datasheet-pin-table+rm-remap-grid:en)
CH32V006,afio-tim2-remap,PCFR1,PCFR1:14;PCFR1:15;PCFR1:16,4,TIM2,CH4,TIM2_CH4,PB6,B,6,#,reference,candidates(datasheet-pin-table+rm-remap-grid:en)
CH32V006,afio-tim2-remap,PCFR1,PCFR1:14;PCFR1:15;PCFR1:16,5,TIM2,CH1_ETR,TIM2_CH1_ETR,PA0,A,0,#,reference,candidates(datasheet-pin-table+rm-remap-grid:en)
CH32V006,afio-tim2-remap,PCFR1,PCFR1:14;PCFR1:15;PCFR1:16,5,TIM2,CH2,TIM2_CH2,PA1,A,1,#,reference,candidates(datasheet-pin-table+rm-remap-grid:en)
CH32V006,afio-tim2-remap,PCFR1,PCFR1:14;PCFR1:15;PCFR1:16,5,TIM2,CH3,TIM2_CH3,PA2,A,2,#,reference,candidates(datasheet-pin-table+rm-remap-grid:en)
CH32V006,afio-tim2-remap,PCFR1,PCFR1:14;PCFR1:15;PCFR1:16,5,TIM2,CH4,TIM2_CH4,PA3,A,3,#,reference,candidates(datasheet-pin-table+rm-remap-grid:en)
CH32V006,afio-tim2-remap,PCFR1,PCFR1:14;PCFR1:15;PCFR1:16,6,TIM2,CH1_ETR,TIM2_CH1_ETR,PB1,B,1,#,reference,candidates(datasheet-pin-table+rm-remap-grid:en)
CH32V006,afio-tim2-remap,PCFR1,PCFR1:14;PCFR1:15;PCFR1:16,6,TIM2,CH2,TIM2_CH2,PA1,A,1,#,reference,candidates(datasheet-pin-table+rm-remap-grid:en)
CH32V006,afio-tim2-remap,PCFR1,PCFR1:14;PCFR1:15;PCFR1:16,6,TIM2,CH3,TIM2_CH3,PA2,A,2,#,reference,candidates(datasheet-pin-table+rm-remap-grid:en)
CH32V006,afio-tim2-remap,PCFR1,PCFR1:14;PCFR1:15;PCFR1:16,6,TIM2,CH4,TIM2_CH4,PA3,A,3,#,reference,candidates(datasheet-pin-table+rm-remap-grid:en)
CH32V006,afio-tim2-remap,PCFR1,PCFR1:14;PCFR1:15;PCFR1:16,7,TIM2,CH1_ETR,TIM2_CH1_ETR,PD3,D,3,#,reference,candidates(datasheet-pin-table+rm-remap-grid:en)
CH32V006,afio-tim2-remap,PCFR1,PCFR1:14;PCFR1:15;PCFR1:16,7,TIM2,CH2,TIM2_CH2,PD4,D,4,#,reference,candidates(datasheet-pin-table+rm-remap-grid:en)
CH32V006,afio-tim2-remap,PCFR1,PCFR1:14;PCFR1:15;PCFR1:16,7,TIM2,CH3,TIM2_CH3,PA2,A,2,#,reference,candidates(datasheet-pin-table+rm-remap-grid:en)
CH32V006,afio-tim2-remap,PCFR1,PCFR1:14;PCFR1:15;PCFR1:16,7,TIM2,CH4,TIM2_CH4,PA3,A,3,#,reference,candidates(datasheet-pin-table+rm-remap-grid:en)
CH32V006,afio-usart1-remap,PCFR1,PCFR1:6;PCFR1:7;PCFR1:8;PCFR1:9,0,USART1,CTS,USART1_CTS,PD3,D,3,#,reference,candidates(datasheet-pin-table-default:en)
CH32V006,afio-usart1-remap,PCFR1,PCFR1:6;PCFR1:7;PCFR1:8;PCFR1:9,0,USART1,RTS,USART1_RTS,PC2,C,2,#,reference,candidates(datasheet-pin-table-default:en)
CH32V006,afio-usart1-remap,PCFR1,PCFR1:6;PCFR1:7;PCFR1:8;PCFR1:9,0,USART1,RX,USART1_RX,PD6,D,6,#,reference,candidates(datasheet-pin-table-default:en)
CH32V006,afio-usart1-remap,PCFR1,PCFR1:6;PCFR1:7;PCFR1:8;PCFR1:9,0,USART1,TX,USART1_TX,PD5,D,5,#,reference,candidates(datasheet-pin-table-default:en)
CH32V006,afio-usart1-remap,PCFR1,PCFR1:6;PCFR1:7;PCFR1:8;PCFR1:9,1,USART1,CTS,USART1_CTS,PC6,C,6,#,reference,candidates(datasheet-pin-table+rm-remap-grid:en)
CH32V006,afio-usart1-remap,PCFR1,PCFR1:6;PCFR1:7;PCFR1:8;PCFR1:9,1,USART1,RTS,USART1_RTS,PC7,C,7,#,reference,candidates(datasheet-pin-table+rm-remap-grid:en)
CH32V006,afio-usart1-remap,PCFR1,PCFR1:6;PCFR1:7;PCFR1:8;PCFR1:9,1,USART1,RX,USART1_RX,PD5,D,5,#,reference,candidates(datasheet-pin-table+rm-remap-grid:en)
CH32V006,afio-usart1-remap,PCFR1,PCFR1:6;PCFR1:7;PCFR1:8;PCFR1:9,1,USART1,TX,USART1_TX,PD6,D,6,#,reference,candidates(datasheet-pin-table+rm-remap-grid:en)
CH32V006,afio-usart1-remap,PCFR1,PCFR1:6;PCFR1:7;PCFR1:8;PCFR1:9,2,USART1,CTS,USART1_CTS,PC3,C,3,#,reference,candidates(datasheet-pin-table+rm-remap-grid:en)
CH32V006,afio-usart1-remap,PCFR1,PCFR1:6;PCFR1:7;PCFR1:8;PCFR1:9,2,USART1,RTS,USART1_RTS,PC2,C,2,#,reference,candidates(datasheet-pin-table+rm-remap-grid:en)
CH32V006,afio-usart1-remap,PCFR1,PCFR1:6;PCFR1:7;PCFR1:8;PCFR1:9,2,USART1,RX,USART1_RX,PD1,D,1,#,reference,candidates(datasheet-pin-table+rm-remap-grid:en)
CH32V006,afio-usart1-remap,PCFR1,PCFR1:6;PCFR1:7;PCFR1:8;PCFR1:9,2,USART1,TX,USART1_TX,PD0,D,0,#,reference,candidates(datasheet-pin-table+rm-remap-grid:en)
CH32V006,afio-usart1-remap,PCFR1,PCFR1:6;PCFR1:7;PCFR1:8;PCFR1:9,3,USART1,CTS,USART1_CTS,PC6,C,6,#,reference,candidates(datasheet-pin-table+rm-remap-grid:en)
CH32V006,afio-usart1-remap,PCFR1,PCFR1:6;PCFR1:7;PCFR1:8;PCFR1:9,3,USART1,RTS,USART1_RTS,PC7,C,7,#,reference,candidates(datasheet-pin-table+rm-remap-grid:en)
CH32V006,afio-usart1-remap,PCFR1,PCFR1:6;PCFR1:7;PCFR1:8;PCFR1:9,3,USART1,RX,USART1_RX,PC1,C,1,#,reference,candidates(datasheet-pin-table+rm-remap-grid:en)
CH32V006,afio-usart1-remap,PCFR1,PCFR1:6;PCFR1:7;PCFR1:8;PCFR1:9,3,USART1,TX,USART1_TX,PC0,C,0,#,reference,candidates(datasheet-pin-table+rm-remap-grid:en)
CH32V006,afio-usart1-remap,PCFR1,PCFR1:6;PCFR1:7;PCFR1:8;PCFR1:9,4,USART1,CTS,USART1_CTS,PD7,D,7,#,reference,candidates(datasheet-pin-table+rm-remap-grid:en)
CH32V006,afio-usart1-remap,PCFR1,PCFR1:6;PCFR1:7;PCFR1:8;PCFR1:9,4,USART1,RTS,USART1_RTS,PA5,A,5,#,reference,candidates(datasheet-pin-table+rm-remap-grid:en)
CH32V006,afio-usart1-remap,PCFR1,PCFR1:6;PCFR1:7;PCFR1:8;PCFR1:9,4,USART1,RX,USART1_RX,PB3,B,3,#,reference,candidates(datasheet-pin-table+rm-remap-grid:en)
CH32V006,afio-usart1-remap,PCFR1,PCFR1:6;PCFR1:7;PCFR1:8;PCFR1:9,4,USART1,TX,USART1_TX,PD1,D,1,#,reference,candidates(datasheet-pin-table+rm-remap-grid:en)
CH32V006,afio-usart1-remap,PCFR1,PCFR1:6;PCFR1:7;PCFR1:8;PCFR1:9,5,USART1,CTS,USART1_CTS,PD7,D,7,#,reference,candidates(datasheet-pin-table+rm-remap-grid:en)
CH32V006,afio-usart1-remap,PCFR1,PCFR1:6;PCFR1:7;PCFR1:8;PCFR1:9,5,USART1,RTS,USART1_RTS,PA5,A,5,#,reference,candidates(datasheet-pin-table+rm-remap-grid:en)
CH32V006,afio-usart1-remap,PCFR1,PCFR1:6;PCFR1:7;PCFR1:8;PCFR1:9,5,USART1,RX,USART1_RX,PD1,D,1,#,reference,candidates(datasheet-pin-table+rm-remap-grid:en)
CH32V006,afio-usart1-remap,PCFR1,PCFR1:6;PCFR1:7;PCFR1:8;PCFR1:9,5,USART1,TX,USART1_TX,PB3,B,3,#,reference,candidates(datasheet-pin-table+rm-remap-grid:en)
CH32V006,afio-usart1-remap,PCFR1,PCFR1:6;PCFR1:7;PCFR1:8;PCFR1:9,6,USART1,CTS,USART1_CTS,PC7,C,7,#,reference,candidates(datasheet-pin-table+rm-remap-grid:en)
CH32V006,afio-usart1-remap,PCFR1,PCFR1:6;PCFR1:7;PCFR1:8;PCFR1:9,6,USART1,RTS,USART1_RTS,PB4,B,4,#,reference,candidates(datasheet-pin-table+rm-remap-grid:en)
CH32V006,afio-usart1-remap,PCFR1,PCFR1:6;PCFR1:7;PCFR1:8;PCFR1:9,6,USART1,RX,USART1_RX,PC6,C,6,#,reference,candidates(datasheet-pin-table+rm-remap-grid:en)
CH32V006,afio-usart1-remap,PCFR1,PCFR1:6;PCFR1:7;PCFR1:8;PCFR1:9,6,USART1,TX,USART1_TX,PC5,C,5,#,reference,candidates(datasheet-pin-table+rm-remap-grid:en)
CH32V006,afio-usart1-remap,PCFR1,PCFR1:6;PCFR1:7;PCFR1:8;PCFR1:9,7,USART1,CTS,USART1_CTS,PC7,C,7,#,reference,candidates(datasheet-pin-table+rm-remap-grid:en)
CH32V006,afio-usart1-remap,PCFR1,PCFR1:6;PCFR1:7;PCFR1:8;PCFR1:9,7,USART1,RTS,USART1_RTS,PB4,B,4,#,reference,candidates(datasheet-pin-table+rm-remap-grid:en)
CH32V006,afio-usart1-remap,PCFR1,PCFR1:6;PCFR1:7;PCFR1:8;PCFR1:9,7,USART1,RX,USART1_RX,PB6,B,6,#,reference,candidates(datasheet-pin-table+rm-remap-grid:en)
CH32V006,afio-usart1-remap,PCFR1,PCFR1:6;PCFR1:7;PCFR1:8;PCFR1:9,7,USART1,TX,USART1_TX,PB5,B,5,#,reference,candidates(datasheet-pin-table+rm-remap-grid:en)
CH32V006,afio-usart1-remap,PCFR1,PCFR1:6;PCFR1:7;PCFR1:8;PCFR1:9,8,USART1,CTS,USART1_CTS,PD2,D,2,#,reference,candidates(datasheet-pin-table+rm-remap-grid:en)
CH32V006,afio-usart1-remap,PCFR1,PCFR1:6;PCFR1:7;PCFR1:8;PCFR1:9,8,USART1,RTS,USART1_RTS,PD3,D,3,#,reference,candidates(datasheet-pin-table+rm-remap-grid:en)
CH32V006,afio-usart1-remap,PCFR1,PCFR1:6;PCFR1:7;PCFR1:8;PCFR1:9,8,USART1,RX,USART1_RX,PA1,A,1,#,reference,candidates(datasheet-pin-table+rm-remap-grid:en)
CH32V006,afio-usart1-remap,PCFR1,PCFR1:6;PCFR1:7;PCFR1:8;PCFR1:9,8,USART1,TX,USART1_TX,PA0,A,0,#,reference,candidates(datasheet-pin-table+rm-remap-grid:en)
CH32V006,afio-usart1-remap,PCFR1,PCFR1:6;PCFR1:7;PCFR1:8;PCFR1:9,9,USART1,CTS,USART1_CTS,PD5,D,5,#,reference,candidates(datasheet-pin-table+rm-remap-grid:en)
CH32V006,afio-usart1-remap,PCFR1,PCFR1:6;PCFR1:7;PCFR1:8;PCFR1:9,9,USART1,RTS,USART1_RTS,PD4,D,4,#,reference,candidates(datasheet-pin-table+rm-remap-grid:en)
CH32V006,afio-usart1-remap,PCFR1,PCFR1:6;PCFR1:7;PCFR1:8;PCFR1:9,9,USART1,RX,USART1_RX,PC4,C,4,#,reference,candidates(datasheet-pin-table+rm-remap-grid:en)
CH32V006,afio-usart1-remap,PCFR1,PCFR1:6;PCFR1:7;PCFR1:8;PCFR1:9,9,USART1,TX,USART1_TX,PA0,A,0,#,reference,candidates(datasheet-pin-table+rm-remap-grid:en)
CH32V006,afio-usart2-remap,PCFR1,PCFR1:20;PCFR1:21;PCFR1:22,0,USART2,CTS,USART2_CTS,PA4,A,4,#,reference,candidates(datasheet-pin-table-default:en)
CH32V006,afio-usart2-remap,PCFR1,PCFR1:20;PCFR1:21;PCFR1:22,0,USART2,RTS,USART2_RTS,PA5,A,5,#,reference,candidates(datasheet-pin-table-default:en)
CH32V006,afio-usart2-remap,PCFR1,PCFR1:20;PCFR1:21;PCFR1:22,0,USART2,RX,USART2_RX,PB3,B,3,#,reference,candidates(datasheet-pin-table-default:en)
CH32V006,afio-usart2-remap,PCFR1,PCFR1:20;PCFR1:21;PCFR1:22,0,USART2,TX,USART2_TX,PA7,A,7,#,reference,candidates(datasheet-pin-table-default:en)
CH32V006,afio-usart2-remap,PCFR1,PCFR1:20;PCFR1:21;PCFR1:22,1,USART2,CTS,USART2_CTS,PA7,A,7,#,reference,candidates(datasheet-pin-table+rm-remap-grid:en)
CH32V006,afio-usart2-remap,PCFR1,PCFR1:20;PCFR1:21;PCFR1:22,1,USART2,RTS,USART2_RTS,PB3,B,3,#,reference,candidates(datasheet-pin-table+rm-remap-grid:en)
CH32V006,afio-usart2-remap,PCFR1,PCFR1:20;PCFR1:21;PCFR1:22,1,USART2,RX,USART2_RX,PA5,A,5,#,reference,candidates(datasheet-pin-table+rm-remap-grid:en)
CH32V006,afio-usart2-remap,PCFR1,PCFR1:20;PCFR1:21;PCFR1:22,1,USART2,TX,USART2_TX,PA4,A,4,#,reference,candidates(datasheet-pin-table+rm-remap-grid:en)
CH32V006,afio-usart2-remap,PCFR1,PCFR1:20;PCFR1:21;PCFR1:22,2,USART2,CTS,USART2_CTS,PA0,A,0,#,reference,candidates(datasheet-pin-table+rm-remap-grid:en)
CH32V006,afio-usart2-remap,PCFR1,PCFR1:20;PCFR1:21;PCFR1:22,2,USART2,RTS,USART2_RTS,PA1,A,1,#,reference,candidates(datasheet-pin-table+rm-remap-grid:en)
CH32V006,afio-usart2-remap,PCFR1,PCFR1:20;PCFR1:21;PCFR1:22,2,USART2,RX,USART2_RX,PA3,A,3,#,reference,candidates(datasheet-pin-table+rm-remap-grid:en)
CH32V006,afio-usart2-remap,PCFR1,PCFR1:20;PCFR1:21;PCFR1:22,2,USART2,TX,USART2_TX,PA2,A,2,#,reference,candidates(datasheet-pin-table+rm-remap-grid:en)
CH32V006,afio-usart2-remap,PCFR1,PCFR1:20;PCFR1:21;PCFR1:22,3,USART2,CTS,USART2_CTS,PA0,A,0,#,reference,candidates(datasheet-pin-table+rm-remap-grid:en)
CH32V006,afio-usart2-remap,PCFR1,PCFR1:20;PCFR1:21;PCFR1:22,3,USART2,RTS,USART2_RTS,PA1,A,1,#,reference,candidates(datasheet-pin-table+rm-remap-grid:en)
CH32V006,afio-usart2-remap,PCFR1,PCFR1:20;PCFR1:21;PCFR1:22,3,USART2,RX,USART2_RX,PD3,D,3,#,reference,candidates(datasheet-pin-table+rm-remap-grid:en)
CH32V006,afio-usart2-remap,PCFR1,PCFR1:20;PCFR1:21;PCFR1:22,3,USART2,TX,USART2_TX,PD2,D,2,#,reference,candidates(datasheet-pin-table+rm-remap-grid:en)
CH32V006,afio-usart2-remap,PCFR1,PCFR1:20;PCFR1:21;PCFR1:22,4,USART2,CTS,USART2_CTS,PB6,B,6,#,reference,candidates(datasheet-pin-table+rm-remap-grid:en)
CH32V006,afio-usart2-remap,PCFR1,PCFR1:20;PCFR1:21;PCFR1:22,4,USART2,RTS,USART2_RTS,PA1,A,1,#,reference,candidates(datasheet-pin-table+rm-remap-grid:en)
CH32V006,afio-usart2-remap,PCFR1,PCFR1:20;PCFR1:21;PCFR1:22,4,USART2,RX,USART2_RX,PB1,B,1,#,reference,candidates(datasheet-pin-table+rm-remap-grid:en)
CH32V006,afio-usart2-remap,PCFR1,PCFR1:20;PCFR1:21;PCFR1:22,4,USART2,TX,USART2_TX,PB0,B,0,#,reference,candidates(datasheet-pin-table+rm-remap-grid:en)
CH32V006,afio-usart2-remap,PCFR1,PCFR1:20;PCFR1:21;PCFR1:22,5,USART2,CTS,USART2_CTS,PA4,A,4,#,reference,candidates(datasheet-pin-table+rm-remap-grid:en)
CH32V006,afio-usart2-remap,PCFR1,PCFR1:20;PCFR1:21;PCFR1:22,5,USART2,RTS,USART2_RTS,PA1,A,1,#,reference,candidates(datasheet-pin-table+rm-remap-grid:en)
CH32V006,afio-usart2-remap,PCFR1,PCFR1:20;PCFR1:21;PCFR1:22,5,USART2,RX,USART2_RX,PD1,D,1,#,reference,candidates(datasheet-pin-table+rm-remap-grid:en)
CH32V006,afio-usart2-remap,PCFR1,PCFR1:20;PCFR1:21;PCFR1:22,5,USART2,TX,USART2_TX,PC4,C,4,#,reference,candidates(datasheet-pin-table+rm-remap-grid:en)
CH32V006,afio-usart2-remap,PCFR1,PCFR1:20;PCFR1:21;PCFR1:22,6,USART2,CTS,USART2_CTS,PA7,A,7,#,reference,candidates(datasheet-pin-table+rm-remap-grid:en)
CH32V006,afio-usart2-remap,PCFR1,PCFR1:20;PCFR1:21;PCFR1:22,6,USART2,RTS,USART2_RTS,PB3,B,3,#,reference,candidates(datasheet-pin-table+rm-remap-grid:en)
CH32V006,afio-usart2-remap,PCFR1,PCFR1:20;PCFR1:21;PCFR1:22,6,USART2,RX,USART2_RX,PA5,A,5,#,reference,candidates(datasheet-pin-table+rm-remap-grid:en)
CH32V006,afio-usart2-remap,PCFR1,PCFR1:20;PCFR1:21;PCFR1:22,6,USART2,TX,USART2_TX,PA6,A,6,#,reference,candidates(datasheet-pin-table+rm-remap-grid:en)
CH32V007,afio-adc-etrginj-remap,PCFR1,PCFR1:18,0,ADC1,IETR,ADC_IETR,PD1,D,1,#,reference,candidates(datasheet-pin-table-default:en)
CH32V007,afio-adc-etrginj-remap,PCFR1,PCFR1:18,1,ADC1,IETR,ADC_IETR,PA2,A,2,#,reference,candidates(datasheet-pin-table+rm-remap-grid:en)
CH32V007,afio-adc-etrgreg-remap,PCFR1,PCFR1:19,0,ADC1,IN4,ADC_IN4,PD3,D,3,#,reference,candidates(datasheet-pin-table-default:en)
CH32V007,afio-adc-etrgreg-remap,PCFR1,PCFR1:19,0,ADC1,RETR,ADC_RETR,PD3,D,3,#,reference,candidates(datasheet-pin-table-default:en)
CH32V007,afio-adc-etrgreg-remap,PCFR1,PCFR1:19,1,ADC1,RETR,ADC_RETR,PC2,C,2,#,reference,candidates(datasheet-pin-table+rm-remap-grid:en)
CH32V007,afio-i2c1-remap,PCFR1,PCFR1:3;PCFR1:4;PCFR1:5,0,I2C1,SCL,I2C_SCL,PC2,C,2,#,reference,candidates(datasheet-pin-table-default:en)
CH32V007,afio-i2c1-remap,PCFR1,PCFR1:3;PCFR1:4;PCFR1:5,0,I2C1,SDA,I2C_SDA,PC1,C,1,#,reference,candidates(datasheet-pin-table-default:en)
CH32V007,afio-i2c1-remap,PCFR1,PCFR1:3;PCFR1:4;PCFR1:5,1,I2C1,SCL,I2C_SCL,PD1,D,1,#,reference,candidates(datasheet-pin-table+rm-remap-grid:en)
CH32V007,afio-i2c1-remap,PCFR1,PCFR1:3;PCFR1:4;PCFR1:5,1,I2C1,SDA,I2C_SDA,PD0,D,0,#,reference,candidates(datasheet-pin-table+rm-remap-grid:en)
CH32V007,afio-i2c1-remap,PCFR1,PCFR1:3;PCFR1:4;PCFR1:5,2,I2C1,SCL,I2C_SCL,PC5,C,5,#,reference,candidates(datasheet-pin-table+rm-remap-grid:en)
CH32V007,afio-i2c1-remap,PCFR1,PCFR1:3;PCFR1:4;PCFR1:5,2,I2C1,SDA,I2C_SDA,PC4,C,4,#,reference,candidates(datasheet-pin-table+rm-remap-grid:en)
CH32V007,afio-i2c1-remap,PCFR1,PCFR1:3;PCFR1:4;PCFR1:5,3,I2C1,SCL,I2C_SCL,PB5,B,5,#,reference,candidates(datasheet-pin-table+rm-remap-grid:en)
CH32V007,afio-i2c1-remap,PCFR1,PCFR1:3;PCFR1:4;PCFR1:5,3,I2C1,SDA,I2C_SDA,PB6,B,6,#,reference,candidates(datasheet-pin-table+rm-remap-grid:en)
CH32V007,afio-i2c1-remap,PCFR1,PCFR1:3;PCFR1:4;PCFR1:5,4,I2C1,SCL,I2C_SCL,PB3,B,3,#,reference,candidates(datasheet-pin-table+rm-remap-grid:en)
CH32V007,afio-i2c1-remap,PCFR1,PCFR1:3;PCFR1:4;PCFR1:5,4,I2C1,SDA,I2C_SDA,PD1,D,1,#,reference,candidates(datasheet-pin-table+rm-remap-grid:en)
CH32V007,afio-spi1-remap,PCFR1,PCFR1:0;PCFR1:1;PCFR1:2,0,SPI1,MISO,SPI_MISO,PC7,C,7,#,reference,candidates(datasheet-pin-table-default:en)
CH32V007,afio-spi1-remap,PCFR1,PCFR1:0;PCFR1:1;PCFR1:2,0,SPI1,MOSI,SPI_MOSI,PC6,C,6,#,reference,candidates(datasheet-pin-table-default:en)
CH32V007,afio-spi1-remap,PCFR1,PCFR1:0;PCFR1:1;PCFR1:2,0,SPI1,NSS,SPI_NSS,PC1,C,1,#,reference,candidates(datasheet-pin-table-default:en)
CH32V007,afio-spi1-remap,PCFR1,PCFR1:0;PCFR1:1;PCFR1:2,0,SPI1,SCK,SPI_SCK,PC5,C,5,#,reference,candidates(datasheet-pin-table-default:en)
CH32V007,afio-spi1-remap,PCFR1,PCFR1:0;PCFR1:1;PCFR1:2,1,SPI1,MISO,SPI_MISO,PC7,C,7,#,reference,candidates(datasheet-pin-table+rm-remap-grid:en)
CH32V007,afio-spi1-remap,PCFR1,PCFR1:0;PCFR1:1;PCFR1:2,1,SPI1,MOSI,SPI_MOSI,PC6,C,6,#,reference,candidates(datasheet-pin-table+rm-remap-grid:en)
CH32V007,afio-spi1-remap,PCFR1,PCFR1:0;PCFR1:1;PCFR1:2,1,SPI1,NSS,SPI_NSS,PC0,C,0,#,reference,candidates(datasheet-pin-table+rm-remap-grid:en)
CH32V007,afio-spi1-remap,PCFR1,PCFR1:0;PCFR1:1;PCFR1:2,1,SPI1,SCK,SPI_SCK,PC5,C,5,#,reference,candidates(datasheet-pin-table+rm-remap-grid:en)
CH32V007,afio-spi1-remap,PCFR1,PCFR1:0;PCFR1:1;PCFR1:2,2,SPI1,MISO,SPI_MISO,PB3,B,3,#,reference,candidates(datasheet-pin-table+rm-remap-grid:en)
CH32V007,afio-spi1-remap,PCFR1,PCFR1:0;PCFR1:1;PCFR1:2,2,SPI1,MOSI,SPI_MOSI,PD3,D,3,#,reference,candidates(datasheet-pin-table+rm-remap-grid:en)
CH32V007,afio-spi1-remap,PCFR1,PCFR1:0;PCFR1:1;PCFR1:2,2,SPI1,NSS,SPI_NSS,PC4,C,4,#,reference,candidates(datasheet-pin-table+rm-remap-grid:en)
CH32V007,afio-spi1-remap,PCFR1,PCFR1:0;PCFR1:1;PCFR1:2,2,SPI1,SCK,SPI_SCK,PD2,D,2,#,reference,candidates(datasheet-pin-table+rm-remap-grid:en)
CH32V007,afio-spi1-remap,PCFR1,PCFR1:0;PCFR1:1;PCFR1:2,3,SPI1,MISO,SPI_MISO,PB2,B,2,#,reference,candidates(datasheet-pin-table+rm-remap-grid:en)
CH32V007,afio-spi1-remap,PCFR1,PCFR1:0;PCFR1:1;PCFR1:2,3,SPI1,MOSI,SPI_MOSI,PC0,C,0,#,reference,candidates(datasheet-pin-table+rm-remap-grid:en)
CH32V007,afio-spi1-remap,PCFR1,PCFR1:0;PCFR1:1;PCFR1:2,3,SPI1,NSS,SPI_NSS,PB0,B,0,#,reference,candidates(datasheet-pin-table+rm-remap-grid:en)
CH32V007,afio-spi1-remap,PCFR1,PCFR1:0;PCFR1:1;PCFR1:2,3,SPI1,SCK,SPI_SCK,PB1,B,1,#,reference,candidates(datasheet-pin-table+rm-remap-grid:en)
CH32V007,afio-spi1-remap,PCFR1,PCFR1:0;PCFR1:1;PCFR1:2,4,SPI1,MISO,SPI_MISO,PD5,D,5,#,reference,candidates(datasheet-pin-table+rm-remap-grid:en)
CH32V007,afio-spi1-remap,PCFR1,PCFR1:0;PCFR1:1;PCFR1:2,4,SPI1,MOSI,SPI_MOSI,PD6,D,6,#,reference,candidates(datasheet-pin-table+rm-remap-grid:en)
CH32V007,afio-spi1-remap,PCFR1,PCFR1:0;PCFR1:1;PCFR1:2,4,SPI1,NSS,SPI_NSS,PD3,D,3,#,reference,candidates(datasheet-pin-table+rm-remap-grid:en)
CH32V007,afio-spi1-remap,PCFR1,PCFR1:0;PCFR1:1;PCFR1:2,4,SPI1,SCK,SPI_SCK,PD4,D,4,#,reference,candidates(datasheet-pin-table+rm-remap-grid:en)
CH32V007,afio-spi1-remap,PCFR1,PCFR1:0;PCFR1:1;PCFR1:2,5,SPI1,MISO,SPI_MISO,PB5,B,5,#,reference,candidates(datasheet-pin-table+rm-remap-grid:en)
CH32V007,afio-spi1-remap,PCFR1,PCFR1:0;PCFR1:1;PCFR1:2,5,SPI1,MOSI,SPI_MOSI,PA2,A,2,#,reference,candidates(datasheet-pin-table+rm-remap-grid:en)
CH32V007,afio-spi1-remap,PCFR1,PCFR1:0;PCFR1:1;PCFR1:2,5,SPI1,NSS,SPI_NSS,PC1,C,1,#,reference,candidates(datasheet-pin-table+rm-remap-grid:en)
CH32V007,afio-spi1-remap,PCFR1,PCFR1:0;PCFR1:1;PCFR1:2,5,SPI1,SCK,SPI_SCK,PA1,A,1,#,reference,candidates(datasheet-pin-table+rm-remap-grid:en)
CH32V007,afio-spi1-remap,PCFR1,PCFR1:0;PCFR1:1;PCFR1:2,6,SPI1,MISO,SPI_MISO,PC7,C,7,#,reference,candidates(datasheet-pin-table+rm-remap-grid:en)
CH32V007,afio-spi1-remap,PCFR1,PCFR1:0;PCFR1:1;PCFR1:2,6,SPI1,MOSI,SPI_MOSI,PB4,B,4,#,reference,candidates(datasheet-pin-table+rm-remap-grid:en)
CH32V007,afio-spi1-remap,PCFR1,PCFR1:0;PCFR1:1;PCFR1:2,6,SPI1,NSS,SPI_NSS,PC4,C,4,#,reference,candidates(datasheet-pin-table+rm-remap-grid:en)
CH32V007,afio-spi1-remap,PCFR1,PCFR1:0;PCFR1:1;PCFR1:2,6,SPI1,SCK,SPI_SCK,PB5,B,5,#,reference,candidates(datasheet-pin-table+rm-remap-grid:en)
CH32V007,afio-tim1-remap,PCFR1,PCFR1:10;PCFR1:11;PCFR1:12;PCFR1:13,0,TIM1,BKIN,TIM1_BKIN,PC2,C,2,#,reference,candidates(datasheet-pin-table-default:en)
CH32V007,afio-tim1-remap,PCFR1,PCFR1:10;PCFR1:11;PCFR1:12;PCFR1:13,0,TIM1,CH1,TIM1_CH1,PD2,D,2,#,reference,candidates(datasheet-pin-table-default:en)
CH32V007,afio-tim1-remap,PCFR1,PCFR1:10;PCFR1:11;PCFR1:12;PCFR1:13,0,TIM1,CH1N,TIM1_CH1N,PD0,D,0,#,reference,candidates(datasheet-pin-table-default:en)
CH32V007,afio-tim1-remap,PCFR1,PCFR1:10;PCFR1:11;PCFR1:12;PCFR1:13,0,TIM1,CH2,TIM1_CH2,PA1,A,1,#,reference,candidates(datasheet-pin-table-default:en)
CH32V007,afio-tim1-remap,PCFR1,PCFR1:10;PCFR1:11;PCFR1:12;PCFR1:13,0,TIM1,CH2N,TIM1_CH2N,PA2,A,2,#,reference,candidates(datasheet-pin-table-default:en)
CH32V007,afio-tim1-remap,PCFR1,PCFR1:10;PCFR1:11;PCFR1:12;PCFR1:13,0,TIM1,CH3,TIM1_CH3,PC3,C,3,#,reference,candidates(datasheet-pin-table-default:en)
CH32V007,afio-tim1-remap,PCFR1,PCFR1:10;PCFR1:11;PCFR1:12;PCFR1:13,0,TIM1,CH3N,TIM1_CH3N,PD1,D,1,#,reference,candidates(datasheet-pin-table-default:en)
CH32V007,afio-tim1-remap,PCFR1,PCFR1:10;PCFR1:11;PCFR1:12;PCFR1:13,0,TIM1,CH4,TIM1_CH4,PC4,C,4,#,reference,candidates(datasheet-pin-table-default:en)
CH32V007,afio-tim1-remap,PCFR1,PCFR1:10;PCFR1:11;PCFR1:12;PCFR1:13,0,TIM1,ETR,TIM1_ETR,PC5,C,5,#,reference,candidates(datasheet-pin-table-default:en)
CH32V007,afio-tim1-remap,PCFR1,PCFR1:10;PCFR1:11;PCFR1:12;PCFR1:13,1,TIM1,BKIN,TIM1_BKIN,PC2,C,2,#,reference,candidates(datasheet-pin-table+rm-remap-grid:en)
CH32V007,afio-tim1-remap,PCFR1,PCFR1:10;PCFR1:11;PCFR1:12;PCFR1:13,1,TIM1,CH1,TIM1_CH1,PD2,D,2,#,reference,candidates(datasheet-pin-table+rm-remap-grid:en)
CH32V007,afio-tim1-remap,PCFR1,PCFR1:10;PCFR1:11;PCFR1:12;PCFR1:13,1,TIM1,CH1N,TIM1_CH1N,PD0,D,0,#,reference,candidates(datasheet-pin-table+rm-remap-grid:en)
CH32V007,afio-tim1-remap,PCFR1,PCFR1:10;PCFR1:11;PCFR1:12;PCFR1:13,1,TIM1,CH2,TIM1_CH2,PA1,A,1,#,reference,candidates(datasheet-pin-table+rm-remap-grid:en)
CH32V007,afio-tim1-remap,PCFR1,PCFR1:10;PCFR1:11;PCFR1:12;PCFR1:13,1,TIM1,CH2N,TIM1_CH2N,PA2,A,2,#,reference,candidates(datasheet-pin-table+rm-remap-grid:en)
CH32V007,afio-tim1-remap,PCFR1,PCFR1:10;PCFR1:11;PCFR1:12;PCFR1:13,1,TIM1,CH3,TIM1_CH3,PC3,C,3,#,reference,candidates(datasheet-pin-table+rm-remap-grid:en)
CH32V007,afio-tim1-remap,PCFR1,PCFR1:10;PCFR1:11;PCFR1:12;PCFR1:13,1,TIM1,CH3N,TIM1_CH3N,PD1,D,1,#,reference,candidates(datasheet-pin-table+rm-remap-grid:en)
CH32V007,afio-tim1-remap,PCFR1,PCFR1:10;PCFR1:11;PCFR1:12;PCFR1:13,1,TIM1,CH4,TIM1_CH4,PC4,C,4,#,reference,candidates(datasheet-pin-table+rm-remap-grid:en)
CH32V007,afio-tim1-remap,PCFR1,PCFR1:10;PCFR1:11;PCFR1:12;PCFR1:13,1,TIM1,ETR,TIM1_ETR,PD4,D,4,#,reference,candidates(datasheet-pin-table+rm-remap-grid:en)
CH32V007,afio-tim1-remap,PCFR1,PCFR1:10;PCFR1:11;PCFR1:12;PCFR1:13,2,TIM1,BKIN,TIM1_BKIN,PC1,C,1,#,reference,candidates(datasheet-pin-table+rm-remap-grid:en)
CH32V007,afio-tim1-remap,PCFR1,PCFR1:10;PCFR1:11;PCFR1:12;PCFR1:13,2,TIM1,CH1,TIM1_CH1,PC6,C,6,#,reference,candidates(datasheet-pin-table+rm-remap-grid:en)
CH32V007,afio-tim1-remap,PCFR1,PCFR1:10;PCFR1:11;PCFR1:12;PCFR1:13,2,TIM1,CH1N,TIM1_CH1N,PC3,C,3,#,reference,candidates(datasheet-pin-table+rm-remap-grid:en)
CH32V007,afio-tim1-remap,PCFR1,PCFR1:10;PCFR1:11;PCFR1:12;PCFR1:13,2,TIM1,CH2,TIM1_CH2,PC7,C,7,#,reference,candidates(datasheet-pin-table+rm-remap-grid:en)
CH32V007,afio-tim1-remap,PCFR1,PCFR1:10;PCFR1:11;PCFR1:12;PCFR1:13,2,TIM1,CH2N,TIM1_CH2N,PC4,C,4,#,reference,candidates(datasheet-pin-table+rm-remap-grid:en)
CH32V007,afio-tim1-remap,PCFR1,PCFR1:10;PCFR1:11;PCFR1:12;PCFR1:13,2,TIM1,CH3,TIM1_CH3,PC0,C,0,#,reference,candidates(datasheet-pin-table+rm-remap-grid:en)
CH32V007,afio-tim1-remap,PCFR1,PCFR1:10;PCFR1:11;PCFR1:12;PCFR1:13,2,TIM1,CH3N,TIM1_CH3N,PD1,D,1,#,reference,candidates(datasheet-pin-table+rm-remap-grid:en)
CH32V007,afio-tim1-remap,PCFR1,PCFR1:10;PCFR1:11;PCFR1:12;PCFR1:13,2,TIM1,CH4,TIM1_CH4,PD3,D,3,#,reference,candidates(datasheet-pin-table+rm-remap-grid:en)
CH32V007,afio-tim1-remap,PCFR1,PCFR1:10;PCFR1:11;PCFR1:12;PCFR1:13,2,TIM1,ETR,TIM1_ETR,PC5,C,5,#,reference,candidates(datasheet-pin-table+rm-remap-grid:en)
CH32V007,afio-tim1-remap,PCFR1,PCFR1:10;PCFR1:11;PCFR1:12;PCFR1:13,3,TIM1,BKIN,TIM1_BKIN,PC1,C,1,#,reference,candidates(datasheet-pin-table+rm-remap-grid:en)
CH32V007,afio-tim1-remap,PCFR1,PCFR1:10;PCFR1:11;PCFR1:12;PCFR1:13,3,TIM1,CH1,TIM1_CH1,PC4,C,4,#,reference,candidates(datasheet-pin-table+rm-remap-grid:en)
CH32V007,afio-tim1-remap,PCFR1,PCFR1:10;PCFR1:11;PCFR1:12;PCFR1:13,3,TIM1,CH1N,TIM1_CH1N,PC3,C,3,#,reference,candidates(datasheet-pin-table+rm-remap-grid:en)
CH32V007,afio-tim1-remap,PCFR1,PCFR1:10;PCFR1:11;PCFR1:12;PCFR1:13,3,TIM1,CH2,TIM1_CH2,PC7,C,7,#,reference,candidates(datasheet-pin-table+rm-remap-grid:en)
CH32V007,afio-tim1-remap,PCFR1,PCFR1:10;PCFR1:11;PCFR1:12;PCFR1:13,3,TIM1,CH2N,TIM1_CH2N,PD2,D,2,#,reference,candidates(datasheet-pin-table+rm-remap-grid:en)
CH32V007,afio-tim1-remap,PCFR1,PCFR1:10;PCFR1:11;PCFR1:12;PCFR1:13,3,TIM1,CH3,TIM1_CH3,PC5,C,5,#,reference,candidates(datasheet-pin-table+rm-remap-grid:en)
CH32V007,afio-tim1-remap,PCFR1,PCFR1:10;PCFR1:11;PCFR1:12;PCFR1:13,3,TIM1,CH3N,TIM1_CH3N,PC6,C,6,#,reference,candidates(datasheet-pin-table+rm-remap-grid:en)
CH32V007,afio-tim1-remap,PCFR1,PCFR1:10;PCFR1:11;PCFR1:12;PCFR1:13,3,TIM1,CH4,TIM1_CH4,PD4,D,4,#,reference,candidates(datasheet-pin-table+rm-remap-grid:en)
CH32V007,afio-tim1-remap,PCFR1,PCFR1:10;PCFR1:11;PCFR1:12;PCFR1:13,3,TIM1,ETR,TIM1_ETR,PC2,C,2,#,reference,candidates(datasheet-pin-table+rm-remap-grid:en)
CH32V007,afio-tim1-remap,PCFR1,PCFR1:10;PCFR1:11;PCFR1:12;PCFR1:13,4,TIM1,BKIN,TIM1_BKIN,PB3,B,3,#,reference,candidates(datasheet-pin-table+rm-remap-grid:en)
CH32V007,afio-tim1-remap,PCFR1,PCFR1:10;PCFR1:11;PCFR1:12;PCFR1:13,4,TIM1,CH1,TIM1_CH1,PA3,A,3,#,reference,candidates(datasheet-pin-table+rm-remap-grid:en)
CH32V007,afio-tim1-remap,PCFR1,PCFR1:10;PCFR1:11;PCFR1:12;PCFR1:13,4,TIM1,CH1N,TIM1_CH1N,PA0,A,0,#,reference,candidates(datasheet-pin-table+rm-remap-grid:en)
CH32V007,afio-tim1-remap,PCFR1,PCFR1:10;PCFR1:11;PCFR1:12;PCFR1:13,4,TIM1,CH2,TIM1_CH2,PB0,B,0,#,reference,candidates(datasheet-pin-table+rm-remap-grid:en)
CH32V007,afio-tim1-remap,PCFR1,PCFR1:10;PCFR1:11;PCFR1:12;PCFR1:13,4,TIM1,CH2N,TIM1_CH2N,PA2,A,2,#,reference,candidates(datasheet-pin-table+rm-remap-grid:en)
CH32V007,afio-tim1-remap,PCFR1,PCFR1:10;PCFR1:11;PCFR1:12;PCFR1:13,4,TIM1,CH3,TIM1_CH3,PB1,B,1,#,reference,candidates(datasheet-pin-table+rm-remap-grid:en)
CH32V007,afio-tim1-remap,PCFR1,PCFR1:10;PCFR1:11;PCFR1:12;PCFR1:13,4,TIM1,CH3N,TIM1_CH3N,PD0,D,0,#,reference,candidates(datasheet-pin-table+rm-remap-grid:en)
CH32V007,afio-tim1-remap,PCFR1,PCFR1:10;PCFR1:11;PCFR1:12;PCFR1:13,4,TIM1,CH4,TIM1_CH4,PD1,D,1,#,reference,candidates(datasheet-pin-table+rm-remap-grid:en)
CH32V007,afio-tim1-remap,PCFR1,PCFR1:10;PCFR1:11;PCFR1:12;PCFR1:13,4,TIM1,ETR,TIM1_ETR,PD4,D,4,#,reference,candidates(datasheet-pin-table+rm-remap-grid:en)
CH32V007,afio-tim1-remap,PCFR1,PCFR1:10;PCFR1:11;PCFR1:12;PCFR1:13,5,TIM1,BKIN,TIM1_BKIN,PB3,B,3,#,reference,candidates(datasheet-pin-table+rm-remap-grid:en)
CH32V007,afio-tim1-remap,PCFR1,PCFR1:10;PCFR1:11;PCFR1:12;PCFR1:13,5,TIM1,CH1,TIM1_CH1,PA3,A,3,#,reference,candidates(datasheet-pin-table+rm-remap-grid:en)
CH32V007,afio-tim1-remap,PCFR1,PCFR1:10;PCFR1:11;PCFR1:12;PCFR1:13,5,TIM1,CH1N,TIM1_CH1N,PA0,A,0,#,reference,candidates(datasheet-pin-table+rm-remap-grid:en)
CH32V007,afio-tim1-remap,PCFR1,PCFR1:10;PCFR1:11;PCFR1:12;PCFR1:13,5,TIM1,CH2,TIM1_CH2,PB0,B,0,#,reference,candidates(datasheet-pin-table+rm-remap-grid:en)
CH32V007,afio-tim1-remap,PCFR1,PCFR1:10;PCFR1:11;PCFR1:12;PCFR1:13,5,TIM1,CH2N,TIM1_CH2N,PA2,A,2,#,reference,candidates(datasheet-pin-table+rm-remap-grid:en)
CH32V007,afio-tim1-remap,PCFR1,PCFR1:10;PCFR1:11;PCFR1:12;PCFR1:13,5,TIM1,CH3,TIM1_CH3,PC3,C,3,#,reference,candidates(datasheet-pin-table+rm-remap-grid:en)
CH32V007,afio-tim1-remap,PCFR1,PCFR1:10;PCFR1:11;PCFR1:12;PCFR1:13,5,TIM1,CH3N,TIM1_CH3N,PD0,D,0,#,reference,candidates(datasheet-pin-table+rm-remap-grid:en)
CH32V007,afio-tim1-remap,PCFR1,PCFR1:10;PCFR1:11;PCFR1:12;PCFR1:13,5,TIM1,CH4,TIM1_CH4,PD1,D,1,#,reference,candidates(datasheet-pin-table+rm-remap-grid:en)
CH32V007,afio-tim1-remap,PCFR1,PCFR1:10;PCFR1:11;PCFR1:12;PCFR1:13,5,TIM1,ETR,TIM1_ETR,PD4,D,4,#,reference,candidates(datasheet-pin-table+rm-remap-grid:en)
CH32V007,afio-tim1-remap,PCFR1,PCFR1:10;PCFR1:11;PCFR1:12;PCFR1:13,6,TIM1,BKIN,TIM1_BKIN,PA7,A,7,#,reference,candidates(datasheet-pin-table+rm-remap-grid:en)
CH32V007,afio-tim1-remap,PCFR1,PCFR1:10;PCFR1:11;PCFR1:12;PCFR1:13,6,TIM1,CH1,TIM1_CH1,PA3,A,3,#,reference,candidates(datasheet-pin-table+rm-remap-grid:en)
CH32V007,afio-tim1-remap,PCFR1,PCFR1:10;PCFR1:11;PCFR1:12;PCFR1:13,6,TIM1,CH1N,TIM1_CH1N,PA0,A,0,#,reference,candidates(datasheet-pin-table+rm-remap-grid:en)
CH32V007,afio-tim1-remap,PCFR1,PCFR1:10;PCFR1:11;PCFR1:12;PCFR1:13,6,TIM1,CH2,TIM1_CH2,PB0,B,0,#,reference,candidates(datasheet-pin-table+rm-remap-grid:en)
CH32V007,afio-tim1-remap,PCFR1,PCFR1:10;PCFR1:11;PCFR1:12;PCFR1:13,6,TIM1,CH2N,TIM1_CH2N,PA2,A,2,#,reference,candidates(datasheet-pin-table+rm-remap-grid:en)
CH32V007,afio-tim1-remap,PCFR1,PCFR1:10;PCFR1:11;PCFR1:12;PCFR1:13,6,TIM1,CH3,TIM1_CH3,PB1,B,1,#,reference,candidates(datasheet-pin-table+rm-remap-grid:en)
CH32V007,afio-tim1-remap,PCFR1,PCFR1:10;PCFR1:11;PCFR1:12;PCFR1:13,6,TIM1,CH3N,TIM1_CH3N,PD0,D,0,#,reference,candidates(datasheet-pin-table+rm-remap-grid:en)
CH32V007,afio-tim1-remap,PCFR1,PCFR1:10;PCFR1:11;PCFR1:12;PCFR1:13,6,TIM1,CH4,TIM1_CH4,PB2,B,2,#,reference,candidates(datasheet-pin-table+rm-remap-grid:en)
CH32V007,afio-tim1-remap,PCFR1,PCFR1:10;PCFR1:11;PCFR1:12;PCFR1:13,6,TIM1,ETR,TIM1_ETR,PD4,D,4,#,reference,candidates(datasheet-pin-table+rm-remap-grid:en)
CH32V007,afio-tim1-remap,PCFR1,PCFR1:10;PCFR1:11;PCFR1:12;PCFR1:13,7,TIM1,BKIN,TIM1_BKIN,PB2,B,2,#,reference,candidates(datasheet-pin-table+rm-remap-grid:en)
CH32V007,afio-tim1-remap,PCFR1,PCFR1:10;PCFR1:11;PCFR1:12;PCFR1:13,7,TIM1,CH1,TIM1_CH1,PC4,C,4,#,reference,candidates(datasheet-pin-table+rm-remap-grid:en)
CH32V007,afio-tim1-remap,PCFR1,PCFR1:10;PCFR1:11;PCFR1:12;PCFR1:13,7,TIM1,CH1N,TIM1_CH1N,PC0,C,0,#,reference,candidates(datasheet-pin-table+rm-remap-grid:en)
CH32V007,afio-tim1-remap,PCFR1,PCFR1:10;PCFR1:11;PCFR1:12;PCFR1:13,7,TIM1,CH2,TIM1_CH2,PC5,C,5,#,reference,candidates(datasheet-pin-table+rm-remap-grid:en)
CH32V007,afio-tim1-remap,PCFR1,PCFR1:10;PCFR1:11;PCFR1:12;PCFR1:13,7,TIM1,CH2N,TIM1_CH2N,PC1,C,1,#,reference,candidates(datasheet-pin-table+rm-remap-grid:en)
CH32V007,afio-tim1-remap,PCFR1,PCFR1:10;PCFR1:11;PCFR1:12;PCFR1:13,7,TIM1,CH3,TIM1_CH3,PC6,C,6,#,reference,candidates(datasheet-pin-table+rm-remap-grid:en)
CH32V007,afio-tim1-remap,PCFR1,PCFR1:10;PCFR1:11;PCFR1:12;PCFR1:13,7,TIM1,CH3N,TIM1_CH3N,PC2,C,2,#,reference,candidates(datasheet-pin-table+rm-remap-grid:en)
CH32V007,afio-tim1-remap,PCFR1,PCFR1:10;PCFR1:11;PCFR1:12;PCFR1:13,7,TIM1,CH4,TIM1_CH4,PC7,C,7,#,reference,candidates(datasheet-pin-table+rm-remap-grid:en)
CH32V007,afio-tim1-remap,PCFR1,PCFR1:10;PCFR1:11;PCFR1:12;PCFR1:13,7,TIM1,ETR,TIM1_ETR,PB4,B,4,#,reference,candidates(datasheet-pin-table+rm-remap-grid:en)
CH32V007,afio-tim1-remap,PCFR1,PCFR1:10;PCFR1:11;PCFR1:12;PCFR1:13,8,TIM1,BKIN,TIM1_BKIN,PB2,B,2,#,reference,candidates(datasheet-pin-table+rm-remap-grid:en)
CH32V007,afio-tim1-remap,PCFR1,PCFR1:10;PCFR1:11;PCFR1:12;PCFR1:13,8,TIM1,CH1,TIM1_CH1,PC4,C,4,#,reference,candidates(datasheet-pin-table+rm-remap-grid:en)
CH32V007,afio-tim1-remap,PCFR1,PCFR1:10;PCFR1:11;PCFR1:12;PCFR1:13,8,TIM1,CH1N,TIM1_CH1N,PA3,A,3,#,reference,candidates(datasheet-pin-table+rm-remap-grid:en)
CH32V007,afio-tim1-remap,PCFR1,PCFR1:10;PCFR1:11;PCFR1:12;PCFR1:13,8,TIM1,CH2,TIM1_CH2,PC5,C,5,#,reference,candidates(datasheet-pin-table+rm-remap-grid:en)
CH32V007,afio-tim1-remap,PCFR1,PCFR1:10;PCFR1:11;PCFR1:12;PCFR1:13,8,TIM1,CH2N,TIM1_CH2N,PB0,B,0,#,reference,candidates(datasheet-pin-table+rm-remap-grid:en)
CH32V007,afio-tim1-remap,PCFR1,PCFR1:10;PCFR1:11;PCFR1:12;PCFR1:13,8,TIM1,CH3,TIM1_CH3,PC6,C,6,#,reference,candidates(datasheet-pin-table+rm-remap-grid:en)
CH32V007,afio-tim1-remap,PCFR1,PCFR1:10;PCFR1:11;PCFR1:12;PCFR1:13,8,TIM1,CH3N,TIM1_CH3N,PB1,B,1,#,reference,candidates(datasheet-pin-table+rm-remap-grid:en)
CH32V007,afio-tim1-remap,PCFR1,PCFR1:10;PCFR1:11;PCFR1:12;PCFR1:13,8,TIM1,CH4,TIM1_CH4,PC7,C,7,#,reference,candidates(datasheet-pin-table+rm-remap-grid:en)
CH32V007,afio-tim1-remap,PCFR1,PCFR1:10;PCFR1:11;PCFR1:12;PCFR1:13,8,TIM1,ETR,TIM1_ETR,PB4,B,4,#,reference,candidates(datasheet-pin-table+rm-remap-grid:en)
CH32V007,afio-tim1-remap,PCFR1,PCFR1:10;PCFR1:11;PCFR1:12;PCFR1:13,9,TIM1,BKIN,TIM1_BKIN,PB2,B,2,#,reference,candidates(datasheet-pin-table+rm-remap-grid:en)
CH32V007,afio-tim1-remap,PCFR1,PCFR1:10;PCFR1:11;PCFR1:12;PCFR1:13,9,TIM1,CH1,TIM1_CH1,PA0,A,0,#,reference,candidates(datasheet-pin-table+rm-remap-grid:en)
CH32V007,afio-tim1-remap,PCFR1,PCFR1:10;PCFR1:11;PCFR1:12;PCFR1:13,9,TIM1,CH1N,TIM1_CH1N,PC0,C,0,#,reference,candidates(datasheet-pin-table+rm-remap-grid:en)
CH32V007,afio-tim1-remap,PCFR1,PCFR1:10;PCFR1:11;PCFR1:12;PCFR1:13,9,TIM1,CH2,TIM1_CH2,PA1,A,1,#,reference,candidates(datasheet-pin-table+rm-remap-grid:en)
CH32V007,afio-tim1-remap,PCFR1,PCFR1:10;PCFR1:11;PCFR1:12;PCFR1:13,9,TIM1,CH2N,TIM1_CH2N,PC1,C,1,#,reference,candidates(datasheet-pin-table+rm-remap-grid:en)
CH32V007,afio-tim1-remap,PCFR1,PCFR1:10;PCFR1:11;PCFR1:12;PCFR1:13,9,TIM1,CH3,TIM1_CH3,PA2,A,2,#,reference,candidates(datasheet-pin-table+rm-remap-grid:en)
CH32V007,afio-tim1-remap,PCFR1,PCFR1:10;PCFR1:11;PCFR1:12;PCFR1:13,9,TIM1,CH3N,TIM1_CH3N,PC2,C,2,#,reference,candidates(datasheet-pin-table+rm-remap-grid:en)
CH32V007,afio-tim1-remap,PCFR1,PCFR1:10;PCFR1:11;PCFR1:12;PCFR1:13,9,TIM1,CH4,TIM1_CH4,PA3,A,3,#,reference,candidates(datasheet-pin-table+rm-remap-grid:en)
CH32V007,afio-tim1-remap,PCFR1,PCFR1:10;PCFR1:11;PCFR1:12;PCFR1:13,9,TIM1,ETR,TIM1_ETR,PB4,B,4,#,reference,candidates(datasheet-pin-table+rm-remap-grid:en)
CH32V007,afio-tim2-remap,PCFR1,PCFR1:14;PCFR1:15;PCFR1:16,0,TIM2,CH1_ETR,TIM2_CH1_ETR,PD4,D,4,#,reference,candidates(datasheet-pin-table-default:en)
CH32V007,afio-tim2-remap,PCFR1,PCFR1:14;PCFR1:15;PCFR1:16,0,TIM2,CH2,TIM2_CH2,PD3,D,3,#,reference,candidates(datasheet-pin-table-default:en)
CH32V007,afio-tim2-remap,PCFR1,PCFR1:14;PCFR1:15;PCFR1:16,0,TIM2,CH3,TIM2_CH3,PC0,C,0,#,reference,candidates(datasheet-pin-table-default:en)
CH32V007,afio-tim2-remap,PCFR1,PCFR1:14;PCFR1:15;PCFR1:16,0,TIM2,CH4,TIM2_CH4,PD7,D,7,#,reference,candidates(datasheet-pin-table-default:en)
CH32V007,afio-tim2-remap,PCFR1,PCFR1:14;PCFR1:15;PCFR1:16,1,TIM2,CH1_ETR,TIM2_CH1_ETR,PC1,C,1,#,reference,candidates(datasheet-pin-table+rm-remap-grid:en)
CH32V007,afio-tim2-remap,PCFR1,PCFR1:14;PCFR1:15;PCFR1:16,1,TIM2,CH2,TIM2_CH2,PD3,D,3,#,reference,candidates(datasheet-pin-table+rm-remap-grid:en)
CH32V007,afio-tim2-remap,PCFR1,PCFR1:14;PCFR1:15;PCFR1:16,1,TIM2,CH3,TIM2_CH3,PC0,C,0,#,reference,candidates(datasheet-pin-table+rm-remap-grid:en)
CH32V007,afio-tim2-remap,PCFR1,PCFR1:14;PCFR1:15;PCFR1:16,1,TIM2,CH4,TIM2_CH4,PD7,D,7,#,reference,candidates(datasheet-pin-table+rm-remap-grid:en)
CH32V007,afio-tim2-remap,PCFR1,PCFR1:14;PCFR1:15;PCFR1:16,2,TIM2,CH1_ETR,TIM2_CH1_ETR,PC5,C,5,#,reference,candidates(datasheet-pin-table+rm-remap-grid:en)
CH32V007,afio-tim2-remap,PCFR1,PCFR1:14;PCFR1:15;PCFR1:16,2,TIM2,CH2,TIM2_CH2,PB3,B,3,#,reference,candidates(datasheet-pin-table+rm-remap-grid:en)
CH32V007,afio-tim2-remap,PCFR1,PCFR1:14;PCFR1:15;PCFR1:16,2,TIM2,CH3,TIM2_CH3,PD2,D,2,#,reference,candidates(datasheet-pin-table+rm-remap-grid:en)
CH32V007,afio-tim2-remap,PCFR1,PCFR1:14;PCFR1:15;PCFR1:16,2,TIM2,CH4,TIM2_CH4,PC1,C,1,#,reference,candidates(datasheet-pin-table+rm-remap-grid:en)
CH32V007,afio-tim2-remap,PCFR1,PCFR1:14;PCFR1:15;PCFR1:16,3,TIM2,CH1_ETR,TIM2_CH1_ETR,PC1,C,1,#,reference,candidates(datasheet-pin-table+rm-remap-grid:en)
CH32V007,afio-tim2-remap,PCFR1,PCFR1:14;PCFR1:15;PCFR1:16,3,TIM2,CH2,TIM2_CH2,PC7,C,7,#,reference,candidates(datasheet-pin-table+rm-remap-grid:en)
CH32V007,afio-tim2-remap,PCFR1,PCFR1:14;PCFR1:15;PCFR1:16,3,TIM2,CH3,TIM2_CH3,PD6,D,6,#,reference,candidates(datasheet-pin-table+rm-remap-grid:en)
CH32V007,afio-tim2-remap,PCFR1,PCFR1:14;PCFR1:15;PCFR1:16,3,TIM2,CH4,TIM2_CH4,PD5,D,5,#,reference,candidates(datasheet-pin-table+rm-remap-grid:en)
CH32V007,afio-tim2-remap,PCFR1,PCFR1:14;PCFR1:15;PCFR1:16,4,TIM2,CH1_ETR,TIM2_CH1_ETR,PC0,C,0,#,reference,candidates(datasheet-pin-table+rm-remap-grid:en)
CH32V007,afio-tim2-remap,PCFR1,PCFR1:14;PCFR1:15;PCFR1:16,4,TIM2,CH2,TIM2_CH2,PC1,C,1,#,reference,candidates(datasheet-pin-table+rm-remap-grid:en)
CH32V007,afio-tim2-remap,PCFR1,PCFR1:14;PCFR1:15;PCFR1:16,4,TIM2,CH3,TIM2_CH3,PC3,C,3,#,reference,candidates(datasheet-pin-table+rm-remap-grid:en)
CH32V007,afio-tim2-remap,PCFR1,PCFR1:14;PCFR1:15;PCFR1:16,4,TIM2,CH4,TIM2_CH4,PB6,B,6,#,reference,candidates(datasheet-pin-table+rm-remap-grid:en)
CH32V007,afio-tim2-remap,PCFR1,PCFR1:14;PCFR1:15;PCFR1:16,5,TIM2,CH1_ETR,TIM2_CH1_ETR,PA0,A,0,#,reference,candidates(datasheet-pin-table+rm-remap-grid:en)
CH32V007,afio-tim2-remap,PCFR1,PCFR1:14;PCFR1:15;PCFR1:16,5,TIM2,CH2,TIM2_CH2,PA1,A,1,#,reference,candidates(datasheet-pin-table+rm-remap-grid:en)
CH32V007,afio-tim2-remap,PCFR1,PCFR1:14;PCFR1:15;PCFR1:16,5,TIM2,CH3,TIM2_CH3,PA2,A,2,#,reference,candidates(datasheet-pin-table+rm-remap-grid:en)
CH32V007,afio-tim2-remap,PCFR1,PCFR1:14;PCFR1:15;PCFR1:16,5,TIM2,CH4,TIM2_CH4,PA3,A,3,#,reference,candidates(datasheet-pin-table+rm-remap-grid:en)
CH32V007,afio-tim2-remap,PCFR1,PCFR1:14;PCFR1:15;PCFR1:16,6,TIM2,CH1_ETR,TIM2_CH1_ETR,PB1,B,1,#,reference,candidates(datasheet-pin-table+rm-remap-grid:en)
CH32V007,afio-tim2-remap,PCFR1,PCFR1:14;PCFR1:15;PCFR1:16,6,TIM2,CH2,TIM2_CH2,PA1,A,1,#,reference,candidates(datasheet-pin-table+rm-remap-grid:en)
CH32V007,afio-tim2-remap,PCFR1,PCFR1:14;PCFR1:15;PCFR1:16,6,TIM2,CH3,TIM2_CH3,PA2,A,2,#,reference,candidates(datasheet-pin-table+rm-remap-grid:en)
CH32V007,afio-tim2-remap,PCFR1,PCFR1:14;PCFR1:15;PCFR1:16,6,TIM2,CH4,TIM2_CH4,PA3,A,3,#,reference,candidates(datasheet-pin-table+rm-remap-grid:en)
CH32V007,afio-tim2-remap,PCFR1,PCFR1:14;PCFR1:15;PCFR1:16,7,TIM2,CH1_ETR,TIM2_CH1_ETR,PD3,D,3,#,reference,candidates(datasheet-pin-table+rm-remap-grid:en)
CH32V007,afio-tim2-remap,PCFR1,PCFR1:14;PCFR1:15;PCFR1:16,7,TIM2,CH2,TIM2_CH2,PD4,D,4,#,reference,candidates(datasheet-pin-table+rm-remap-grid:en)
CH32V007,afio-tim2-remap,PCFR1,PCFR1:14;PCFR1:15;PCFR1:16,7,TIM2,CH3,TIM2_CH3,PA2,A,2,#,reference,candidates(datasheet-pin-table+rm-remap-grid:en)
CH32V007,afio-tim2-remap,PCFR1,PCFR1:14;PCFR1:15;PCFR1:16,7,TIM2,CH4,TIM2_CH4,PA3,A,3,#,reference,candidates(datasheet-pin-table+rm-remap-grid:en)
CH32V007,afio-usart1-remap,PCFR1,PCFR1:6;PCFR1:7;PCFR1:8;PCFR1:9,0,USART1,CTS,USART1_CTS,PD3,D,3,#,reference,candidates(datasheet-pin-table-default:en)
CH32V007,afio-usart1-remap,PCFR1,PCFR1:6;PCFR1:7;PCFR1:8;PCFR1:9,0,USART1,RTS,USART1_RTS,PC2,C,2,#,reference,candidates(datasheet-pin-table-default:en)
CH32V007,afio-usart1-remap,PCFR1,PCFR1:6;PCFR1:7;PCFR1:8;PCFR1:9,0,USART1,RX,USART1_RX,PD6,D,6,#,reference,candidates(datasheet-pin-table-default:en)
CH32V007,afio-usart1-remap,PCFR1,PCFR1:6;PCFR1:7;PCFR1:8;PCFR1:9,0,USART1,TX,USART1_TX,PD5,D,5,#,reference,candidates(datasheet-pin-table-default:en)
CH32V007,afio-usart1-remap,PCFR1,PCFR1:6;PCFR1:7;PCFR1:8;PCFR1:9,1,USART1,CTS,USART1_CTS,PC6,C,6,#,reference,candidates(datasheet-pin-table+rm-remap-grid:en)
CH32V007,afio-usart1-remap,PCFR1,PCFR1:6;PCFR1:7;PCFR1:8;PCFR1:9,1,USART1,RTS,USART1_RTS,PC7,C,7,#,reference,candidates(datasheet-pin-table+rm-remap-grid:en)
CH32V007,afio-usart1-remap,PCFR1,PCFR1:6;PCFR1:7;PCFR1:8;PCFR1:9,1,USART1,RX,USART1_RX,PD5,D,5,#,reference,candidates(datasheet-pin-table+rm-remap-grid:en)
CH32V007,afio-usart1-remap,PCFR1,PCFR1:6;PCFR1:7;PCFR1:8;PCFR1:9,1,USART1,TX,USART1_TX,PD6,D,6,#,reference,candidates(datasheet-pin-table+rm-remap-grid:en)
CH32V007,afio-usart1-remap,PCFR1,PCFR1:6;PCFR1:7;PCFR1:8;PCFR1:9,2,USART1,CTS,USART1_CTS,PC3,C,3,#,reference,candidates(datasheet-pin-table+rm-remap-grid:en)
CH32V007,afio-usart1-remap,PCFR1,PCFR1:6;PCFR1:7;PCFR1:8;PCFR1:9,2,USART1,RTS,USART1_RTS,PC2,C,2,#,reference,candidates(datasheet-pin-table+rm-remap-grid:en)
CH32V007,afio-usart1-remap,PCFR1,PCFR1:6;PCFR1:7;PCFR1:8;PCFR1:9,2,USART1,RX,USART1_RX,PD1,D,1,#,reference,candidates(datasheet-pin-table+rm-remap-grid:en)
CH32V007,afio-usart1-remap,PCFR1,PCFR1:6;PCFR1:7;PCFR1:8;PCFR1:9,2,USART1,TX,USART1_TX,PD0,D,0,#,reference,candidates(datasheet-pin-table+rm-remap-grid:en)
CH32V007,afio-usart1-remap,PCFR1,PCFR1:6;PCFR1:7;PCFR1:8;PCFR1:9,3,USART1,CTS,USART1_CTS,PC6,C,6,#,reference,candidates(datasheet-pin-table+rm-remap-grid:en)
CH32V007,afio-usart1-remap,PCFR1,PCFR1:6;PCFR1:7;PCFR1:8;PCFR1:9,3,USART1,RTS,USART1_RTS,PC7,C,7,#,reference,candidates(datasheet-pin-table+rm-remap-grid:en)
CH32V007,afio-usart1-remap,PCFR1,PCFR1:6;PCFR1:7;PCFR1:8;PCFR1:9,3,USART1,RX,USART1_RX,PC1,C,1,#,reference,candidates(datasheet-pin-table+rm-remap-grid:en)
CH32V007,afio-usart1-remap,PCFR1,PCFR1:6;PCFR1:7;PCFR1:8;PCFR1:9,3,USART1,TX,USART1_TX,PC0,C,0,#,reference,candidates(datasheet-pin-table+rm-remap-grid:en)
CH32V007,afio-usart1-remap,PCFR1,PCFR1:6;PCFR1:7;PCFR1:8;PCFR1:9,4,USART1,CTS,USART1_CTS,PD7,D,7,#,reference,candidates(datasheet-pin-table+rm-remap-grid:en)
CH32V007,afio-usart1-remap,PCFR1,PCFR1:6;PCFR1:7;PCFR1:8;PCFR1:9,4,USART1,RTS,USART1_RTS,PA5,A,5,#,reference,candidates(datasheet-pin-table+rm-remap-grid:en)
CH32V007,afio-usart1-remap,PCFR1,PCFR1:6;PCFR1:7;PCFR1:8;PCFR1:9,4,USART1,RX,USART1_RX,PB3,B,3,#,reference,candidates(datasheet-pin-table+rm-remap-grid:en)
CH32V007,afio-usart1-remap,PCFR1,PCFR1:6;PCFR1:7;PCFR1:8;PCFR1:9,4,USART1,TX,USART1_TX,PD1,D,1,#,reference,candidates(datasheet-pin-table+rm-remap-grid:en)
CH32V007,afio-usart1-remap,PCFR1,PCFR1:6;PCFR1:7;PCFR1:8;PCFR1:9,5,USART1,CTS,USART1_CTS,PD7,D,7,#,reference,candidates(datasheet-pin-table+rm-remap-grid:en)
CH32V007,afio-usart1-remap,PCFR1,PCFR1:6;PCFR1:7;PCFR1:8;PCFR1:9,5,USART1,RTS,USART1_RTS,PA5,A,5,#,reference,candidates(datasheet-pin-table+rm-remap-grid:en)
CH32V007,afio-usart1-remap,PCFR1,PCFR1:6;PCFR1:7;PCFR1:8;PCFR1:9,5,USART1,RX,USART1_RX,PD1,D,1,#,reference,candidates(datasheet-pin-table+rm-remap-grid:en)
CH32V007,afio-usart1-remap,PCFR1,PCFR1:6;PCFR1:7;PCFR1:8;PCFR1:9,5,USART1,TX,USART1_TX,PB3,B,3,#,reference,candidates(datasheet-pin-table+rm-remap-grid:en)
CH32V007,afio-usart1-remap,PCFR1,PCFR1:6;PCFR1:7;PCFR1:8;PCFR1:9,6,USART1,CTS,USART1_CTS,PC7,C,7,#,reference,candidates(datasheet-pin-table+rm-remap-grid:en)
CH32V007,afio-usart1-remap,PCFR1,PCFR1:6;PCFR1:7;PCFR1:8;PCFR1:9,6,USART1,RTS,USART1_RTS,PB4,B,4,#,reference,candidates(datasheet-pin-table+rm-remap-grid:en)
CH32V007,afio-usart1-remap,PCFR1,PCFR1:6;PCFR1:7;PCFR1:8;PCFR1:9,6,USART1,RX,USART1_RX,PC6,C,6,#,reference,candidates(datasheet-pin-table+rm-remap-grid:en)
CH32V007,afio-usart1-remap,PCFR1,PCFR1:6;PCFR1:7;PCFR1:8;PCFR1:9,6,USART1,TX,USART1_TX,PC5,C,5,#,reference,candidates(datasheet-pin-table+rm-remap-grid:en)
CH32V007,afio-usart1-remap,PCFR1,PCFR1:6;PCFR1:7;PCFR1:8;PCFR1:9,7,USART1,CTS,USART1_CTS,PC7,C,7,#,reference,candidates(datasheet-pin-table+rm-remap-grid:en)
CH32V007,afio-usart1-remap,PCFR1,PCFR1:6;PCFR1:7;PCFR1:8;PCFR1:9,7,USART1,RTS,USART1_RTS,PB4,B,4,#,reference,candidates(datasheet-pin-table+rm-remap-grid:en)
CH32V007,afio-usart1-remap,PCFR1,PCFR1:6;PCFR1:7;PCFR1:8;PCFR1:9,7,USART1,RX,USART1_RX,PB6,B,6,#,reference,candidates(datasheet-pin-table+rm-remap-grid:en)
CH32V007,afio-usart1-remap,PCFR1,PCFR1:6;PCFR1:7;PCFR1:8;PCFR1:9,7,USART1,TX,USART1_TX,PB5,B,5,#,reference,candidates(datasheet-pin-table+rm-remap-grid:en)
CH32V007,afio-usart1-remap,PCFR1,PCFR1:6;PCFR1:7;PCFR1:8;PCFR1:9,8,USART1,CTS,USART1_CTS,PD2,D,2,#,reference,candidates(datasheet-pin-table+rm-remap-grid:en)
CH32V007,afio-usart1-remap,PCFR1,PCFR1:6;PCFR1:7;PCFR1:8;PCFR1:9,8,USART1,RTS,USART1_RTS,PD3,D,3,#,reference,candidates(datasheet-pin-table+rm-remap-grid:en)
CH32V007,afio-usart1-remap,PCFR1,PCFR1:6;PCFR1:7;PCFR1:8;PCFR1:9,8,USART1,RX,USART1_RX,PA1,A,1,#,reference,candidates(datasheet-pin-table+rm-remap-grid:en)
CH32V007,afio-usart1-remap,PCFR1,PCFR1:6;PCFR1:7;PCFR1:8;PCFR1:9,8,USART1,TX,USART1_TX,PA0,A,0,#,reference,candidates(datasheet-pin-table+rm-remap-grid:en)
CH32V007,afio-usart1-remap,PCFR1,PCFR1:6;PCFR1:7;PCFR1:8;PCFR1:9,9,USART1,CTS,USART1_CTS,PD5,D,5,#,reference,candidates(datasheet-pin-table+rm-remap-grid:en)
CH32V007,afio-usart1-remap,PCFR1,PCFR1:6;PCFR1:7;PCFR1:8;PCFR1:9,9,USART1,RTS,USART1_RTS,PD4,D,4,#,reference,candidates(datasheet-pin-table+rm-remap-grid:en)
CH32V007,afio-usart1-remap,PCFR1,PCFR1:6;PCFR1:7;PCFR1:8;PCFR1:9,9,USART1,RX,USART1_RX,PC4,C,4,#,reference,candidates(datasheet-pin-table+rm-remap-grid:en)
CH32V007,afio-usart1-remap,PCFR1,PCFR1:6;PCFR1:7;PCFR1:8;PCFR1:9,9,USART1,TX,USART1_TX,PA0,A,0,#,reference,candidates(datasheet-pin-table+rm-remap-grid:en)
CH32V007,afio-usart2-remap,PCFR1,PCFR1:20;PCFR1:21;PCFR1:22,0,USART2,CTS,USART2_CTS,PA4,A,4,#,reference,candidates(datasheet-pin-table-default:en)
CH32V007,afio-usart2-remap,PCFR1,PCFR1:20;PCFR1:21;PCFR1:22,0,USART2,RTS,USART2_RTS,PA5,A,5,#,reference,candidates(datasheet-pin-table-default:en)
CH32V007,afio-usart2-remap,PCFR1,PCFR1:20;PCFR1:21;PCFR1:22,0,USART2,RX,USART2_RX,PB3,B,3,#,reference,candidates(datasheet-pin-table-default:en)
CH32V007,afio-usart2-remap,PCFR1,PCFR1:20;PCFR1:21;PCFR1:22,0,USART2,TX,USART2_TX,PA7,A,7,#,reference,candidates(datasheet-pin-table-default:en)
CH32V007,afio-usart2-remap,PCFR1,PCFR1:20;PCFR1:21;PCFR1:22,1,USART2,CTS,USART2_CTS,PA7,A,7,#,reference,candidates(datasheet-pin-table+rm-remap-grid:en)
CH32V007,afio-usart2-remap,PCFR1,PCFR1:20;PCFR1:21;PCFR1:22,1,USART2,RTS,USART2_RTS,PB3,B,3,#,reference,candidates(datasheet-pin-table+rm-remap-grid:en)
CH32V007,afio-usart2-remap,PCFR1,PCFR1:20;PCFR1:21;PCFR1:22,1,USART2,RX,USART2_RX,PA5,A,5,#,reference,candidates(datasheet-pin-table+rm-remap-grid:en)
CH32V007,afio-usart2-remap,PCFR1,PCFR1:20;PCFR1:21;PCFR1:22,1,USART2,TX,USART2_TX,PA4,A,4,#,reference,candidates(datasheet-pin-table+rm-remap-grid:en)
CH32V007,afio-usart2-remap,PCFR1,PCFR1:20;PCFR1:21;PCFR1:22,2,USART2,CTS,USART2_CTS,PA0,A,0,#,reference,candidates(datasheet-pin-table+rm-remap-grid:en)
CH32V007,afio-usart2-remap,PCFR1,PCFR1:20;PCFR1:21;PCFR1:22,2,USART2,RTS,USART2_RTS,PA1,A,1,#,reference,candidates(datasheet-pin-table+rm-remap-grid:en)
CH32V007,afio-usart2-remap,PCFR1,PCFR1:20;PCFR1:21;PCFR1:22,2,USART2,RX,USART2_RX,PA3,A,3,#,reference,candidates(datasheet-pin-table+rm-remap-grid:en)
CH32V007,afio-usart2-remap,PCFR1,PCFR1:20;PCFR1:21;PCFR1:22,2,USART2,TX,USART2_TX,PA2,A,2,#,reference,candidates(datasheet-pin-table+rm-remap-grid:en)
CH32V007,afio-usart2-remap,PCFR1,PCFR1:20;PCFR1:21;PCFR1:22,3,USART2,CTS,USART2_CTS,PA0,A,0,#,reference,candidates(datasheet-pin-table+rm-remap-grid:en)
CH32V007,afio-usart2-remap,PCFR1,PCFR1:20;PCFR1:21;PCFR1:22,3,USART2,RTS,USART2_RTS,PA1,A,1,#,reference,candidates(datasheet-pin-table+rm-remap-grid:en)
CH32V007,afio-usart2-remap,PCFR1,PCFR1:20;PCFR1:21;PCFR1:22,3,USART2,RX,USART2_RX,PD3,D,3,#,reference,candidates(datasheet-pin-table+rm-remap-grid:en)
CH32V007,afio-usart2-remap,PCFR1,PCFR1:20;PCFR1:21;PCFR1:22,3,USART2,TX,USART2_TX,PD2,D,2,#,reference,candidates(datasheet-pin-table+rm-remap-grid:en)
CH32V007,afio-usart2-remap,PCFR1,PCFR1:20;PCFR1:21;PCFR1:22,4,USART2,CTS,USART2_CTS,PB6,B,6,#,reference,candidates(datasheet-pin-table+rm-remap-grid:en)
CH32V007,afio-usart2-remap,PCFR1,PCFR1:20;PCFR1:21;PCFR1:22,4,USART2,RTS,USART2_RTS,PA1,A,1,#,reference,candidates(datasheet-pin-table+rm-remap-grid:en)
CH32V007,afio-usart2-remap,PCFR1,PCFR1:20;PCFR1:21;PCFR1:22,4,USART2,RX,USART2_RX,PB1,B,1,#,reference,candidates(datasheet-pin-table+rm-remap-grid:en)
CH32V007,afio-usart2-remap,PCFR1,PCFR1:20;PCFR1:21;PCFR1:22,4,USART2,TX,USART2_TX,PB0,B,0,#,reference,candidates(datasheet-pin-table+rm-remap-grid:en)
CH32V007,afio-usart2-remap,PCFR1,PCFR1:20;PCFR1:21;PCFR1:22,5,USART2,CTS,USART2_CTS,PA4,A,4,#,reference,candidates(datasheet-pin-table+rm-remap-grid:en)
CH32V007,afio-usart2-remap,PCFR1,PCFR1:20;PCFR1:21;PCFR1:22,5,USART2,RTS,USART2_RTS,PA1,A,1,#,reference,candidates(datasheet-pin-table+rm-remap-grid:en)
CH32V007,afio-usart2-remap,PCFR1,PCFR1:20;PCFR1:21;PCFR1:22,5,USART2,RX,USART2_RX,PD1,D,1,#,reference,candidates(datasheet-pin-table+rm-remap-grid:en)
CH32V007,afio-usart2-remap,PCFR1,PCFR1:20;PCFR1:21;PCFR1:22,5,USART2,TX,USART2_TX,PC4,C,4,#,reference,candidates(datasheet-pin-table+rm-remap-grid:en)
CH32V007,afio-usart2-remap,PCFR1,PCFR1:20;PCFR1:21;PCFR1:22,6,USART2,CTS,USART2_CTS,PA7,A,7,#,reference,candidates(datasheet-pin-table+rm-remap-grid:en)
CH32V007,afio-usart2-remap,PCFR1,PCFR1:20;PCFR1:21;PCFR1:22,6,USART2,RTS,USART2_RTS,PB3,B,3,#,reference,candidates(datasheet-pin-table+rm-remap-grid:en)
CH32V007,afio-usart2-remap,PCFR1,PCFR1:20;PCFR1:21;PCFR1:22,6,USART2,RX,USART2_RX,PA5,A,5,#,reference,candidates(datasheet-pin-table+rm-remap-grid:en)
CH32V007,afio-usart2-remap,PCFR1,PCFR1:20;PCFR1:21;PCFR1:22,6,USART2,TX,USART2_TX,PA6,A,6,#,reference,candidates(datasheet-pin-table+rm-remap-grid:en)
CH32V103,afio-i2c1-remap,PCFR1,PCFR1:1,0,I2C1,SCL,I2C1_SCL,PB6,B,6,#,reference,candidates(datasheet-pin-table-default:en)
CH32V103,afio-i2c1-remap,PCFR1,PCFR1:1,0,I2C1,SDA,I2C1_SDA,PB7,B,7,#,reference,candidates(datasheet-pin-table-default:en)
CH32V103,afio-i2c1-remap,PCFR1,PCFR1:1,0,I2C1,SMBAI,I2C1_SMBAI,PB5,B,5,#,reference,candidates(datasheet-pin-table-default:en)
CH32V103,afio-i2c1-remap,PCFR1,PCFR1:1,1,I2C1,SCL,I2C1_SCL,PB8,B,8,#,reference,candidates(datasheet-pin-table+rm-remap-grid:en)
CH32V103,afio-i2c1-remap,PCFR1,PCFR1:1,1,I2C1,SDA,I2C1_SDA,PB9,B,9,#,reference,candidates(datasheet-pin-table+rm-remap-grid:en)
CH32V103,afio-spi1-remap,PCFR1,PCFR1:0,0,SPI1,MISO,SPI1_MISO,PA6,A,6,#,reference,candidates(datasheet-pin-table-default:en)
CH32V103,afio-spi1-remap,PCFR1,PCFR1:0,0,SPI1,MOSI,SPI1_MOSI,PA7,A,7,#,reference,candidates(datasheet-pin-table-default:en)
CH32V103,afio-spi1-remap,PCFR1,PCFR1:0,0,SPI1,NSS,SPI1_NSS,PA4,A,4,#,reference,candidates(datasheet-pin-table-default:en)
CH32V103,afio-spi1-remap,PCFR1,PCFR1:0,0,SPI1,SCK,SPI1_SCK,PA5,A,5,#,reference,candidates(datasheet-pin-table-default:en)
CH32V103,afio-spi1-remap,PCFR1,PCFR1:0,1,SPI1,MISO,SPI1_MISO,PB4,B,4,#,reference,candidates(datasheet-pin-table+rm-remap-grid:en)
CH32V103,afio-spi1-remap,PCFR1,PCFR1:0,1,SPI1,MOSI,SPI1_MOSI,PB5,B,5,#,reference,candidates(datasheet-pin-table+rm-remap-grid:en)
CH32V103,afio-spi1-remap,PCFR1,PCFR1:0,1,SPI1,NSS,SPI1_NSS,PA15,A,15,#,reference,candidates(datasheet-pin-table+rm-remap-grid:en)
CH32V103,afio-spi1-remap,PCFR1,PCFR1:0,1,SPI1,SCK,SPI1_SCK,PB3,B,3,#,reference,candidates(datasheet-pin-table+rm-remap-grid:en)
CH32V103,afio-tim1-remap,PCFR1,PCFR1:6;PCFR1:7,0,TIM1,BKIN,TIM1_BKIN,PB12,B,12,#,reference,candidates(datasheet-pin-table-default:en)
CH32V103,afio-tim1-remap,PCFR1,PCFR1:6;PCFR1:7,0,TIM1,CH1,TIM1_CH1,PA8,A,8,#,reference,candidates(datasheet-pin-table-default:en)
CH32V103,afio-tim1-remap,PCFR1,PCFR1:6;PCFR1:7,0,TIM1,CH1N,TIM1_CH1N,PB13,B,13,#,reference,candidates(datasheet-pin-table-default:en)
CH32V103,afio-tim1-remap,PCFR1,PCFR1:6;PCFR1:7,0,TIM1,CH2,TIM1_CH2,PA9,A,9,#,reference,candidates(datasheet-pin-table-default:en)
CH32V103,afio-tim1-remap,PCFR1,PCFR1:6;PCFR1:7,0,TIM1,CH2N,TIM1_CH2N,PB14,B,14,#,reference,candidates(datasheet-pin-table-default:en)
CH32V103,afio-tim1-remap,PCFR1,PCFR1:6;PCFR1:7,0,TIM1,CH3,TIM1_CH3,PA10,A,10,#,reference,candidates(datasheet-pin-table-default:en)
CH32V103,afio-tim1-remap,PCFR1,PCFR1:6;PCFR1:7,0,TIM1,CH3N,TIM1_CH3N,PB15,B,15,#,reference,candidates(datasheet-pin-table-default:en)
CH32V103,afio-tim1-remap,PCFR1,PCFR1:6;PCFR1:7,0,TIM1,CH4,TIM1_CH4,PA11,A,11,#,reference,candidates(datasheet-pin-table-default:en)
CH32V103,afio-tim1-remap,PCFR1,PCFR1:6;PCFR1:7,0,TIM1,ETR,TIM1_ETR,PA12,A,12,#,reference,candidates(datasheet-pin-table-default:en)
CH32V103,afio-tim1-remap,PCFR1,PCFR1:6;PCFR1:7,1,TIM1,BKIN,TIM1_BKIN,PA6,A,6,#,reference,candidates(datasheet-pin-table+rm-remap-grid:en)
CH32V103,afio-tim1-remap,PCFR1,PCFR1:6;PCFR1:7,1,TIM1,CH1N,TIM1_CH1N,PA7,A,7,#,reference,candidates(datasheet-pin-table+rm-remap-grid:en)
CH32V103,afio-tim1-remap,PCFR1,PCFR1:6;PCFR1:7,1,TIM1,CH2N,TIM1_CH2N,PB0,B,0,#,reference,candidates(datasheet-pin-table+rm-remap-grid:en)
CH32V103,afio-tim1-remap,PCFR1,PCFR1:6;PCFR1:7,1,TIM1,CH3N,TIM1_CH3N,PB1,B,1,#,reference,candidates(datasheet-pin-table+rm-remap-grid:en)
CH32V103,afio-tim2-remap,PCFR1,PCFR1:8;PCFR1:9,0,TIM2,CH1,TIM2_CH1,PA0-WKUP,A,0,#,reference,candidates(datasheet-pin-table-default:en)
CH32V103,afio-tim2-remap,PCFR1,PCFR1:8;PCFR1:9,0,TIM2,CH2,TIM2_CH2,PA1,A,1,#,reference,candidates(datasheet-pin-table-default:en)
CH32V103,afio-tim2-remap,PCFR1,PCFR1:8;PCFR1:9,0,TIM2,CH3,TIM2_CH3,PA2,A,2,#,reference,candidates(datasheet-pin-table-default:en)
CH32V103,afio-tim2-remap,PCFR1,PCFR1:8;PCFR1:9,0,TIM2,CH4,TIM2_CH4,PA3,A,3,#,reference,candidates(datasheet-pin-table-default:en)
CH32V103,afio-tim2-remap,PCFR1,PCFR1:8;PCFR1:9,0,TIM2,ETR,TIM2_ETR,PA0-WKUP,A,0,#,reference,candidates(datasheet-pin-table-default:en)
CH32V103,afio-tim2-remap,PCFR1,PCFR1:8;PCFR1:9,1,TIM2,CH1,TIM2_CH1,PA15,A,15,#,reference,candidates(datasheet-pin-table+rm-remap-grid:en)
CH32V103,afio-tim2-remap,PCFR1,PCFR1:8;PCFR1:9,1,TIM2,CH2,TIM2_CH2,PB3,B,3,#,reference,candidates(datasheet-pin-table+rm-remap-grid:en)
CH32V103,afio-tim2-remap,PCFR1,PCFR1:8;PCFR1:9,1,TIM2,CH3,TIM2_CH3,PB10,B,10,#,reference,candidates(datasheet-pin-table+rm-remap-grid:en)
CH32V103,afio-tim2-remap,PCFR1,PCFR1:8;PCFR1:9,1,TIM2,CH4,TIM2_CH4,PB11,B,11,#,reference,candidates(datasheet-pin-table+rm-remap-grid:en)
CH32V103,afio-tim2-remap,PCFR1,PCFR1:8;PCFR1:9,1,TIM2,ETR,TIM2_ETR,PA15,A,15,#,reference,candidates(datasheet-pin-table+rm-remap-grid:en)
CH32V103,afio-tim3-remap,PCFR1,PCFR1:10;PCFR1:11,0,TIM3,CH1,TIM3_CH1,PA6,A,6,#,reference,candidates(datasheet-pin-table-default:en)
CH32V103,afio-tim3-remap,PCFR1,PCFR1:10;PCFR1:11,0,TIM3,CH2,TIM3_CH2,PA7,A,7,#,reference,candidates(datasheet-pin-table-default:en)
CH32V103,afio-tim3-remap,PCFR1,PCFR1:10;PCFR1:11,0,TIM3,CH3,TIM3_CH3,PB0,B,0,#,reference,candidates(datasheet-pin-table-default:en)
CH32V103,afio-tim3-remap,PCFR1,PCFR1:10;PCFR1:11,0,TIM3,CH4,TIM3_CH4,PB1,B,1,#,reference,candidates(datasheet-pin-table-default:en)
CH32V103,afio-tim3-remap,PCFR1,PCFR1:10;PCFR1:11,0,TIM3,ETR,TIM3_ETR,PD2,D,2,#,reference,candidates(datasheet-pin-table-default:en)
CH32V103,afio-tim3-remap,PCFR1,PCFR1:10;PCFR1:11,2,TIM3,CH1,TIM3_CH1,PB4,B,4,#,reference,candidates(datasheet-pin-table+rm-remap-grid:en)
CH32V103,afio-tim3-remap,PCFR1,PCFR1:10;PCFR1:11,2,TIM3,CH2,TIM3_CH2,PB5,B,5,#,reference,candidates(datasheet-pin-table+rm-remap-grid:en)
CH32V103,afio-tim3-remap,PCFR1,PCFR1:10;PCFR1:11,3,TIM3,CH1,TIM3_CH1,PC6,C,6,#,reference,candidates(datasheet-pin-table+rm-remap-grid:en)
CH32V103,afio-tim3-remap,PCFR1,PCFR1:10;PCFR1:11,3,TIM3,CH2,TIM3_CH2,PC7,C,7,#,reference,candidates(datasheet-pin-table+rm-remap-grid:en)
CH32V103,afio-tim3-remap,PCFR1,PCFR1:10;PCFR1:11,3,TIM3,CH3,TIM3_CH3,PC8,C,8,#,reference,candidates(datasheet-pin-table+rm-remap-grid:en)
CH32V103,afio-tim3-remap,PCFR1,PCFR1:10;PCFR1:11,3,TIM3,CH4,TIM3_CH4,PC9,C,9,#,reference,candidates(datasheet-pin-table+rm-remap-grid:en)
CH32V103,afio-tim4-remap,PCFR1,PCFR1:12,0,TIM4,CH1,TIM4_CH1,PB6,B,6,#,reference,candidates(datasheet-pin-table-default:en)
CH32V103,afio-tim4-remap,PCFR1,PCFR1:12,0,TIM4,CH2,TIM4_CH2,PB7,B,7,#,reference,candidates(datasheet-pin-table-default:en)
CH32V103,afio-tim4-remap,PCFR1,PCFR1:12,0,TIM4,CH3,TIM4_CH3,PB8,B,8,#,reference,candidates(datasheet-pin-table-default:en)
CH32V103,afio-tim4-remap,PCFR1,PCFR1:12,0,TIM4,CH4,TIM4_CH4,PB9,B,9,#,reference,candidates(datasheet-pin-table-default:en)
CH32V103,afio-usart1-remap,PCFR1,PCFR1:2,0,USART1,CK,USART1_CK,PA8,A,8,#,reference,candidates(datasheet-pin-table-default:en)
CH32V103,afio-usart1-remap,PCFR1,PCFR1:2,0,USART1,CTS,USART1_CTS,PA11,A,11,#,reference,candidates(datasheet-pin-table-default:en)
CH32V103,afio-usart1-remap,PCFR1,PCFR1:2,0,USART1,RTS,USART1_RTS,PA12,A,12,#,reference,candidates(datasheet-pin-table-default:en)
CH32V103,afio-usart1-remap,PCFR1,PCFR1:2,0,USART1,RX,USART1_RX,PA10,A,10,#,reference,candidates(datasheet-pin-table-default:en)
CH32V103,afio-usart1-remap,PCFR1,PCFR1:2,0,USART1,TX,USART1_TX,PA9,A,9,#,reference,candidates(datasheet-pin-table-default:en)
CH32V103,afio-usart1-remap,PCFR1,PCFR1:2,1,USART1,RX,USART1_RX,PB7,B,7,#,reference,candidates(datasheet-pin-table+rm-remap-grid:en)
CH32V103,afio-usart1-remap,PCFR1,PCFR1:2,1,USART1,TX,USART1_TX,PB6,B,6,#,reference,candidates(datasheet-pin-table+rm-remap-grid:en)
CH32V103,afio-usart2-remap,PCFR1,PCFR1:3,0,USART2,CK,USART2_CK,PA4,A,4,#,reference,candidates(datasheet-pin-table-default:en)
CH32V103,afio-usart2-remap,PCFR1,PCFR1:3,0,USART2,CTS,USART2_CTS,PA0-WKUP,A,0,#,reference,candidates(datasheet-pin-table-default:en)
CH32V103,afio-usart2-remap,PCFR1,PCFR1:3,0,USART2,RTS,USART2_RTS,PA1,A,1,#,reference,candidates(datasheet-pin-table-default:en)
CH32V103,afio-usart2-remap,PCFR1,PCFR1:3,0,USART2,RX,USART2_RX,PA3,A,3,#,reference,candidates(datasheet-pin-table-default:en)
CH32V103,afio-usart2-remap,PCFR1,PCFR1:3,0,USART2,TX,USART2_TX,PA2,A,2,#,reference,candidates(datasheet-pin-table-default:en)
CH32V103,afio-usart3-remap,PCFR1,PCFR1:4;PCFR1:5,0,USART3,CK,USART3_CK,PB12,B,12,#,reference,candidates(datasheet-pin-table-default:en)
CH32V103,afio-usart3-remap,PCFR1,PCFR1:4;PCFR1:5,0,USART3,CTS,USART3_CTS,PB13,B,13,#,reference,candidates(datasheet-pin-table-default:en)
CH32V103,afio-usart3-remap,PCFR1,PCFR1:4;PCFR1:5,0,USART3,RTS,USART3_RTS,PB14,B,14,#,reference,candidates(datasheet-pin-table-default:en)
CH32V103,afio-usart3-remap,PCFR1,PCFR1:4;PCFR1:5,0,USART3,RX,USART3_RX,PB11,B,11,#,reference,candidates(datasheet-pin-table-default:en)
CH32V103,afio-usart3-remap,PCFR1,PCFR1:4;PCFR1:5,0,USART3,TX,USART3_TX,PB10,B,10,#,reference,candidates(datasheet-pin-table-default:en)
CH32V103,afio-usart3-remap,PCFR1,PCFR1:4;PCFR1:5,1,USART3,CK,USART3_CK,PC12,C,12,#,reference,candidates(datasheet-pin-table+rm-remap-grid:en)
CH32V103,afio-usart3-remap,PCFR1,PCFR1:4;PCFR1:5,1,USART3,RX,USART3_RX,PC11,C,11,#,reference,candidates(datasheet-pin-table+rm-remap-grid:en)
CH32V103,afio-usart3-remap,PCFR1,PCFR1:4;PCFR1:5,1,USART3,TX,USART3_TX,PC10,C,10,#,reference,candidates(datasheet-pin-table+rm-remap-grid:en)
CH32V203,afio-can-remap,PCFR1,PCFR1:13;PCFR1:14,0,CAN1,RX,CAN1_RX,PA11,A,11,#,reference,candidates(datasheet-pin-table-default:en)
CH32V203,afio-can-remap,PCFR1,PCFR1:13;PCFR1:14,0,CAN1,TX,CAN1_TX,PA12,A,12,#,reference,candidates(datasheet-pin-table-default:en)
CH32V203,afio-can-remap,PCFR1,PCFR1:13;PCFR1:14,2,CAN1,RX,CAN1_RX,PB8,B,8,#,reference,candidates(datasheet-pin-table+rm-remap-grid:en)
CH32V203,afio-can-remap,PCFR1,PCFR1:13;PCFR1:14,2,CAN1,TX,CAN1_TX,PB9,B,9,#,reference,candidates(datasheet-pin-table+rm-remap-grid:en)
CH32V203,afio-i2c1-remap,PCFR1,PCFR1:1,0,I2C1,SCL,I2C1_SCL,PB6,B,6,#,reference,candidates(datasheet-pin-table-default:en)
CH32V203,afio-i2c1-remap,PCFR1,PCFR1:1,0,I2C1,SDA,I2C1_SDA,PB7,B,7,#,reference,candidates(datasheet-pin-table-default:en)
CH32V203,afio-i2c1-remap,PCFR1,PCFR1:1,0,I2C1,SMBA,I2C1_SMBA,PB5,B,5,#,reference,candidates(datasheet-pin-table-default:en)
CH32V203,afio-i2c1-remap,PCFR1,PCFR1:1,1,I2C1,SCL,I2C1_SCL,PB8,B,8,#,reference,candidates(datasheet-pin-table+rm-remap-grid:en)
CH32V203,afio-i2c1-remap,PCFR1,PCFR1:1,1,I2C1,SDA,I2C1_SDA,PB9,B,9,#,reference,candidates(datasheet-pin-table+rm-remap-grid:en)
CH32V203,afio-spi1-remap,PCFR1,PCFR1:0,0,SPI1,MISO,SPI1_MISO,PA6,A,6,#,reference,candidates(datasheet-pin-table-default:en)
CH32V203,afio-spi1-remap,PCFR1,PCFR1:0,0,SPI1,MOSI,SPI1_MOSI,PA7,A,7,#,reference,candidates(datasheet-pin-table-default:en)
CH32V203,afio-spi1-remap,PCFR1,PCFR1:0,0,SPI1,NSS,SPI1_NSS,PA4,A,4,#,reference,candidates(datasheet-pin-table-default:en)
CH32V203,afio-spi1-remap,PCFR1,PCFR1:0,0,SPI1,SCK,SPI1_SCK,PA5,A,5,#,reference,candidates(datasheet-pin-table-default:en)
CH32V203,afio-spi1-remap,PCFR1,PCFR1:0,1,SPI1,MISO,SPI1_MISO,PB4,B,4,#,reference,candidates(datasheet-pin-table+rm-remap-grid:en)
CH32V203,afio-spi1-remap,PCFR1,PCFR1:0,1,SPI1,MOSI,SPI1_MOSI,PB5,B,5,#,reference,candidates(datasheet-pin-table+rm-remap-grid:en)
CH32V203,afio-spi1-remap,PCFR1,PCFR1:0,1,SPI1,NSS,SPI1_NSS,PA15,A,15,#,reference,candidates(datasheet-pin-table+rm-remap-grid:en)
CH32V203,afio-spi1-remap,PCFR1,PCFR1:0,1,SPI1,SCK,SPI1_SCK,PB3,B,3,#,reference,candidates(datasheet-pin-table+rm-remap-grid:en)
CH32V203,afio-tim1-remap,PCFR1,PCFR1:6;PCFR1:7,0,TIM1,BKIN,TIM1_BKIN,PB12,B,12,#,reference,candidates(datasheet-pin-table-default:en)
CH32V203,afio-tim1-remap,PCFR1,PCFR1:6;PCFR1:7,0,TIM1,CH1,TIM1_CH1,PA8,A,8,#,reference,candidates(datasheet-pin-table-default:en)
CH32V203,afio-tim1-remap,PCFR1,PCFR1:6;PCFR1:7,0,TIM1,CH1N,TIM1_CH1N,PB13,B,13,#,reference,candidates(datasheet-pin-table-default:en)
CH32V203,afio-tim1-remap,PCFR1,PCFR1:6;PCFR1:7,0,TIM1,CH2,TIM1_CH2,PA9,A,9,#,reference,candidates(datasheet-pin-table-default:en)
CH32V203,afio-tim1-remap,PCFR1,PCFR1:6;PCFR1:7,0,TIM1,CH2N,TIM1_CH2N,PB14,B,14,#,reference,candidates(datasheet-pin-table-default:en)
CH32V203,afio-tim1-remap,PCFR1,PCFR1:6;PCFR1:7,0,TIM1,CH3,TIM1_CH3,PA10,A,10,#,reference,candidates(datasheet-pin-table-default:en)
CH32V203,afio-tim1-remap,PCFR1,PCFR1:6;PCFR1:7,0,TIM1,CH3N,TIM1_CH3N,PB15,B,15,#,reference,candidates(datasheet-pin-table-default:en)
CH32V203,afio-tim1-remap,PCFR1,PCFR1:6;PCFR1:7,0,TIM1,CH4,TIM1_CH4,PA11,A,11,#,reference,candidates(datasheet-pin-table-default:en)
CH32V203,afio-tim1-remap,PCFR1,PCFR1:6;PCFR1:7,0,TIM1,ETR,TIM1_ETR,PA12,A,12,#,reference,candidates(datasheet-pin-table-default:en)
CH32V203,afio-tim1-remap,PCFR1,PCFR1:6;PCFR1:7,1,TIM1,BKIN,TIM1_BKIN,PA6,A,6,#,reference,candidates(datasheet-pin-table+rm-remap-grid:en)
CH32V203,afio-tim1-remap,PCFR1,PCFR1:6;PCFR1:7,1,TIM1,CH1,TIM1_CH1,PA8,A,8,#,reference,candidates(datasheet-pin-table+rm-remap-grid:en)
CH32V203,afio-tim1-remap,PCFR1,PCFR1:6;PCFR1:7,1,TIM1,CH1N,TIM1_CH1N,PA7,A,7,#,reference,candidates(datasheet-pin-table+rm-remap-grid:en)
CH32V203,afio-tim1-remap,PCFR1,PCFR1:6;PCFR1:7,1,TIM1,CH2,TIM1_CH2,PA9,A,9,#,reference,candidates(datasheet-pin-table+rm-remap-grid:en)
CH32V203,afio-tim1-remap,PCFR1,PCFR1:6;PCFR1:7,1,TIM1,CH2N,TIM1_CH2N,PB0,B,0,#,reference,candidates(datasheet-pin-table+rm-remap-grid:en)
CH32V203,afio-tim1-remap,PCFR1,PCFR1:6;PCFR1:7,1,TIM1,CH3,TIM1_CH3,PA10,A,10,#,reference,candidates(datasheet-pin-table+rm-remap-grid:en)
CH32V203,afio-tim1-remap,PCFR1,PCFR1:6;PCFR1:7,1,TIM1,CH3N,TIM1_CH3N,PB1,B,1,#,reference,candidates(datasheet-pin-table+rm-remap-grid:en)
CH32V203,afio-tim1-remap,PCFR1,PCFR1:6;PCFR1:7,1,TIM1,CH4,TIM1_CH4,PA11,A,11,#,reference,candidates(datasheet-pin-table+rm-remap-grid:en)
CH32V203,afio-tim1-remap,PCFR1,PCFR1:6;PCFR1:7,1,TIM1,ETR,TIM1_ETR,PA12,A,12,#,reference,candidates(datasheet-pin-table+rm-remap-grid:en)
CH32V203,afio-tim2-remap,PCFR1,PCFR1:8;PCFR1:9,0,TIM2,CH1,TIM2_CH1,PA0-WKUP,A,0,#,reference,candidates(datasheet-pin-table-default:en)
CH32V203,afio-tim2-remap,PCFR1,PCFR1:8;PCFR1:9,0,TIM2,CH2,TIM2_CH2,PA1,A,1,#,reference,candidates(datasheet-pin-table-default:en)
CH32V203,afio-tim2-remap,PCFR1,PCFR1:8;PCFR1:9,0,TIM2,CH3,TIM2_CH3,PA2,A,2,#,reference,candidates(datasheet-pin-table-default:en)
CH32V203,afio-tim2-remap,PCFR1,PCFR1:8;PCFR1:9,0,TIM2,CH4,TIM2_CH4,PA3,A,3,#,reference,candidates(datasheet-pin-table-default:en)
CH32V203,afio-tim2-remap,PCFR1,PCFR1:8;PCFR1:9,0,TIM2,ETR,TIM2_ETR,PA0-WKUP,A,0,#,reference,candidates(datasheet-pin-table-default:en)
CH32V203,afio-tim2-remap,PCFR1,PCFR1:8;PCFR1:9,1,TIM2,CH1,TIM2_CH1,PA15,A,15,#,reference,candidates(datasheet-pin-table+rm-remap-grid:en)
CH32V203,afio-tim2-remap,PCFR1,PCFR1:8;PCFR1:9,1,TIM2,CH2,TIM2_CH2,PB3,B,3,#,reference,candidates(datasheet-pin-table+rm-remap-grid:en)
CH32V203,afio-tim2-remap,PCFR1,PCFR1:8;PCFR1:9,1,TIM2,CH3,TIM2_CH3,PA2,A,2,#,reference,candidates(datasheet-pin-table+rm-remap-grid:en)
CH32V203,afio-tim2-remap,PCFR1,PCFR1:8;PCFR1:9,1,TIM2,CH4,TIM2_CH4,PA3,A,3,#,reference,candidates(datasheet-pin-table+rm-remap-grid:en)
CH32V203,afio-tim2-remap,PCFR1,PCFR1:8;PCFR1:9,1,TIM2,ETR,TIM2_ETR,PA15,A,15,#,reference,candidates(datasheet-pin-table+rm-remap-grid:en)
CH32V203,afio-tim2-remap,PCFR1,PCFR1:8;PCFR1:9,2,TIM2,CH1,TIM2_CH1,PA0-WKUP,A,0,#,reference,candidates(datasheet-pin-table+rm-remap-grid:en)
CH32V203,afio-tim2-remap,PCFR1,PCFR1:8;PCFR1:9,2,TIM2,CH2,TIM2_CH2,PA1,A,1,#,reference,candidates(datasheet-pin-table+rm-remap-grid:en)
CH32V203,afio-tim2-remap,PCFR1,PCFR1:8;PCFR1:9,2,TIM2,CH3,TIM2_CH3,PB10,B,10,#,reference,candidates(datasheet-pin-table+rm-remap-grid:en)
CH32V203,afio-tim2-remap,PCFR1,PCFR1:8;PCFR1:9,2,TIM2,CH4,TIM2_CH4,PB11,B,11,#,reference,candidates(datasheet-pin-table+rm-remap-grid:en)
CH32V203,afio-tim2-remap,PCFR1,PCFR1:8;PCFR1:9,2,TIM2,ETR,TIM2_ETR,PA0-WKUP,A,0,#,reference,candidates(datasheet-pin-table+rm-remap-grid:en)
CH32V203,afio-tim2-remap,PCFR1,PCFR1:8;PCFR1:9,3,TIM2,CH1,TIM2_CH1,PA15,A,15,#,reference,candidates(datasheet-pin-table+rm-remap-grid:en)
CH32V203,afio-tim2-remap,PCFR1,PCFR1:8;PCFR1:9,3,TIM2,CH2,TIM2_CH2,PB3,B,3,#,reference,candidates(datasheet-pin-table+rm-remap-grid:en)
CH32V203,afio-tim2-remap,PCFR1,PCFR1:8;PCFR1:9,3,TIM2,CH3,TIM2_CH3,PB10,B,10,#,reference,candidates(datasheet-pin-table+rm-remap-grid:en)
CH32V203,afio-tim2-remap,PCFR1,PCFR1:8;PCFR1:9,3,TIM2,CH4,TIM2_CH4,PB11,B,11,#,reference,candidates(datasheet-pin-table+rm-remap-grid:en)
CH32V203,afio-tim2-remap,PCFR1,PCFR1:8;PCFR1:9,3,TIM2,ETR,TIM2_ETR,PA15,A,15,#,reference,candidates(datasheet-pin-table+rm-remap-grid:en)
CH32V203,afio-tim3-remap,PCFR1,PCFR1:10;PCFR1:11,0,TIM3,CH1,TIM3_CH1,PA6,A,6,#,reference,candidates(datasheet-pin-table-default:en)
CH32V203,afio-tim3-remap,PCFR1,PCFR1:10;PCFR1:11,0,TIM3,CH2,TIM3_CH2,PA7,A,7,#,reference,candidates(datasheet-pin-table-default:en)
CH32V203,afio-tim3-remap,PCFR1,PCFR1:10;PCFR1:11,0,TIM3,CH3,TIM3_CH3,PB0,B,0,#,reference,candidates(datasheet-pin-table-default:en)
CH32V203,afio-tim3-remap,PCFR1,PCFR1:10;PCFR1:11,0,TIM3,CH4,TIM3_CH4,PB1,B,1,#,reference,candidates(datasheet-pin-table-default:en)
CH32V203,afio-tim3-remap,PCFR1,PCFR1:10;PCFR1:11,0,TIM3,ETR,TIM3_ETR,PD2,D,2,#,reference,candidates(datasheet-pin-table-default:en)
CH32V203,afio-tim3-remap,PCFR1,PCFR1:10;PCFR1:11,2,TIM3,CH1,TIM3_CH1,PB4,B,4,#,reference,candidates(datasheet-pin-table+rm-remap-grid:en)
CH32V203,afio-tim3-remap,PCFR1,PCFR1:10;PCFR1:11,2,TIM3,CH2,TIM3_CH2,PB5,B,5,#,reference,candidates(datasheet-pin-table+rm-remap-grid:en)
CH32V203,afio-tim3-remap,PCFR1,PCFR1:10;PCFR1:11,2,TIM3,CH3,TIM3_CH3,PB0,B,0,#,reference,candidates(datasheet-pin-table+rm-remap-grid:en)
CH32V203,afio-tim3-remap,PCFR1,PCFR1:10;PCFR1:11,2,TIM3,CH4,TIM3_CH4,PB1,B,1,#,reference,candidates(datasheet-pin-table+rm-remap-grid:en)
CH32V203,afio-tim3-remap,PCFR1,PCFR1:10;PCFR1:11,2,TIM3,ETR,TIM3_ETR,PD2,D,2,#,reference,candidates(datasheet-pin-table+rm-remap-grid:en)
CH32V203,afio-tim3-remap,PCFR1,PCFR1:10;PCFR1:11,3,TIM3,CH1,TIM3_CH1,PC6,C,6,#,reference,candidates(datasheet-pin-table+rm-remap-grid:en)
CH32V203,afio-tim3-remap,PCFR1,PCFR1:10;PCFR1:11,3,TIM3,CH2,TIM3_CH2,PC7,C,7,#,reference,candidates(datasheet-pin-table+rm-remap-grid:en)
CH32V203,afio-tim3-remap,PCFR1,PCFR1:10;PCFR1:11,3,TIM3,CH3,TIM3_CH3,PC8,C,8,#,reference,candidates(datasheet-pin-table+rm-remap-grid:en)
CH32V203,afio-tim3-remap,PCFR1,PCFR1:10;PCFR1:11,3,TIM3,CH4,TIM3_CH4,PC9,C,9,#,reference,candidates(datasheet-pin-table+rm-remap-grid:en)
CH32V203,afio-tim3-remap,PCFR1,PCFR1:10;PCFR1:11,3,TIM3,ETR,TIM3_ETR,PD2,D,2,#,reference,candidates(datasheet-pin-table+rm-remap-grid:en)
CH32V203,afio-tim4-remap,PCFR1,PCFR1:12,0,TIM4,CH1,TIM4_CH1,PB6,B,6,#,reference,candidates(datasheet-pin-table-default:en)
CH32V203,afio-tim4-remap,PCFR1,PCFR1:12,0,TIM4,CH2,TIM4_CH2,PB7,B,7,#,reference,candidates(datasheet-pin-table-default:en)
CH32V203,afio-tim4-remap,PCFR1,PCFR1:12,0,TIM4,CH3,TIM4_CH3,PB8,B,8,#,reference,candidates(datasheet-pin-table-default:en)
CH32V203,afio-tim4-remap,PCFR1,PCFR1:12,0,TIM4,CH4,TIM4_CH4,PB9,B,9,#,reference,candidates(datasheet-pin-table-default:en)
CH32V203,afio-tim5ch4-rm,PCFR1,PCFR1:16,0,TIM5,CH4,TIM5_CH4,PA3,A,3,#,reference,candidates(datasheet-pin-table-default:en)
CH32V203,afio-usart1-remap,PCFR1|PCFR2,PCFR1:2;PCFR2:26,0,USART1,CK,USART1_CK,PA8,A,8,#,reference,candidates(datasheet-pin-table-default:en)
CH32V203,afio-usart1-remap,PCFR1|PCFR2,PCFR1:2;PCFR2:26,0,USART1,CTS,USART1_CTS,PA11,A,11,#,reference,candidates(datasheet-pin-table-default:en)
CH32V203,afio-usart1-remap,PCFR1|PCFR2,PCFR1:2;PCFR2:26,0,USART1,RTS,USART1_RTS,PA12,A,12,#,reference,candidates(datasheet-pin-table-default:en)
CH32V203,afio-usart1-remap,PCFR1|PCFR2,PCFR1:2;PCFR2:26,0,USART1,RX,USART1_RX,PA10,A,10,#,reference,candidates(datasheet-pin-table-default:en)
CH32V203,afio-usart1-remap,PCFR1|PCFR2,PCFR1:2;PCFR2:26,0,USART1,TX,USART1_TX,PA9,A,9,#,reference,candidates(datasheet-pin-table-default:en)
CH32V203,afio-usart1-remap,PCFR1|PCFR2,PCFR1:2;PCFR2:26,1,USART1,CK,USART1_CK,PA8,A,8,#,reference,candidates(datasheet-pin-table+rm-remap-grid:en)
CH32V203,afio-usart1-remap,PCFR1|PCFR2,PCFR1:2;PCFR2:26,1,USART1,CTS,USART1_CTS,PA11,A,11,#,reference,candidates(datasheet-pin-table+rm-remap-grid:en)
CH32V203,afio-usart1-remap,PCFR1|PCFR2,PCFR1:2;PCFR2:26,1,USART1,RTS,USART1_RTS,PA12,A,12,#,reference,candidates(datasheet-pin-table+rm-remap-grid:en)
CH32V203,afio-usart1-remap,PCFR1|PCFR2,PCFR1:2;PCFR2:26,1,USART1,RX,USART1_RX,PB7,B,7,#,reference,candidates(datasheet-pin-table+rm-remap-grid:en)
CH32V203,afio-usart1-remap,PCFR1|PCFR2,PCFR1:2;PCFR2:26,1,USART1,TX,USART1_TX,PB6,B,6,#,reference,candidates(datasheet-pin-table+rm-remap-grid:en)
CH32V203,afio-usart2-remap,PCFR1,PCFR1:3,0,USART2,CK,USART2_CK,PA4,A,4,#,reference,candidates(datasheet-pin-table-default:en)
CH32V203,afio-usart2-remap,PCFR1,PCFR1:3,0,USART2,CTS,USART2_CTS,PA0-WKUP,A,0,#,reference,candidates(datasheet-pin-table-default:en)
CH32V203,afio-usart2-remap,PCFR1,PCFR1:3,0,USART2,RTS,USART2_RTS,PA1,A,1,#,reference,candidates(datasheet-pin-table-default:en)
CH32V203,afio-usart2-remap,PCFR1,PCFR1:3,0,USART2,RX,USART2_RX,PA3,A,3,#,reference,candidates(datasheet-pin-table-default:en)
CH32V203,afio-usart2-remap,PCFR1,PCFR1:3,0,USART2,TX,USART2_TX,PA2,A,2,#,reference,candidates(datasheet-pin-table-default:en)
CH32V203,afio-usart3-remap,PCFR1,PCFR1:4;PCFR1:5,0,USART3,CK,USART3_CK,PB12,B,12,#,reference,candidates(datasheet-pin-table-default:en)
CH32V203,afio-usart3-remap,PCFR1,PCFR1:4;PCFR1:5,0,USART3,CTS,USART3_CTS,PB13,B,13,#,reference,candidates(datasheet-pin-table-default:en)
CH32V203,afio-usart3-remap,PCFR1,PCFR1:4;PCFR1:5,0,USART3,RTS,USART3_RTS,PB14,B,14,#,reference,candidates(datasheet-pin-table-default:en)
CH32V203,afio-usart3-remap,PCFR1,PCFR1:4;PCFR1:5,0,USART3,RX,USART3_RX,PB11,B,11,#,reference,candidates(datasheet-pin-table-default:en)
CH32V203,afio-usart3-remap,PCFR1,PCFR1:4;PCFR1:5,0,USART3,TX,USART3_TX,PB10,B,10,#,reference,candidates(datasheet-pin-table-default:en)
CH32V203,afio-usart3-remap,PCFR1,PCFR1:4;PCFR1:5,1,USART3,CK,USART3_CK,PC12,C,12,#,reference,candidates(datasheet-pin-table+rm-remap-grid:en)
CH32V203,afio-usart3-remap,PCFR1,PCFR1:4;PCFR1:5,1,USART3,CTS,USART3_CTS,PB13,B,13,#,reference,candidates(datasheet-pin-table+rm-remap-grid:en)
CH32V203,afio-usart3-remap,PCFR1,PCFR1:4;PCFR1:5,1,USART3,RTS,USART3_RTS,PB14,B,14,#,reference,candidates(datasheet-pin-table+rm-remap-grid:en)
CH32V203,afio-usart3-remap,PCFR1,PCFR1:4;PCFR1:5,1,USART3,RX,USART3_RX,PC11,C,11,#,reference,candidates(datasheet-pin-table+rm-remap-grid:en)
CH32V203,afio-usart3-remap,PCFR1,PCFR1:4;PCFR1:5,1,USART3,TX,USART3_TX,PC10,C,10,#,reference,candidates(datasheet-pin-table+rm-remap-grid:en)
CH32V203,afio-usart4-rm,PCFR2,PCFR2:16;PCFR2:17,0,USART4,RX,UART4_RX,PC11,C,11,#,reference,candidates(datasheet-pin-table-default:en)
CH32V203,afio-usart4-rm,PCFR2,PCFR2:16;PCFR2:17,0,USART4,TX,UART4_TX,PC10,C,10,#,reference,candidates(datasheet-pin-table-default:en)
CH32V203,afio-usart4-rm,PCFR2,PCFR2:16;PCFR2:17,0,USART4,CK,USART4_CK,PB2,B,2,#,reference,candidates(datasheet-pin-table-default:en)
CH32V203,afio-usart4-rm,PCFR2,PCFR2:16;PCFR2:17,0,USART4,CTS,USART4_CTS,PB3,B,3,#,reference,candidates(datasheet-pin-table-default:en)
CH32V203,afio-usart4-rm,PCFR2,PCFR2:16;PCFR2:17,0,USART4,RTS,USART4_RTS,PB4,B,4,#,reference,candidates(datasheet-pin-table-default:en)
CH32V203,afio-usart4-rm,PCFR2,PCFR2:16;PCFR2:17,0,USART4,RX,USART4_RX,PB1,B,1,#,reference,candidates(datasheet-pin-table-default:en)
CH32V203,afio-usart4-rm,PCFR2,PCFR2:16;PCFR2:17,0,USART4,TX,USART4_TX,PB0,B,0,#,reference,candidates(datasheet-pin-table-default:en)
CH32V203,afio-usart4-rm,PCFR2,PCFR2:16;PCFR2:17,1,USART4,RX,UART4_RX,PB1,B,1,#,reference,candidates(datasheet-pin-table+rm-remap-grid:en)
CH32V203,afio-usart4-rm,PCFR2,PCFR2:16;PCFR2:17,1,USART4,TX,UART4_TX,PB0,B,0,#,reference,candidates(datasheet-pin-table+rm-remap-grid:en)
CH32V203,afio-usart4-rm,PCFR2,PCFR2:16;PCFR2:17,1,USART4,CK,USART4_CK,PA6,A,6,#,reference,candidates(datasheet-pin-table+rm-remap-grid:en)
CH32V203,afio-usart4-rm,PCFR2,PCFR2:16;PCFR2:17,1,USART4,CTS,USART4_CTS,PA7,A,7,#,reference,candidates(datasheet-pin-table+rm-remap-grid:en)
CH32V203,afio-usart4-rm,PCFR2,PCFR2:16;PCFR2:17,1,USART4,RTS,USART4_RTS,PA15,A,15,#,reference,candidates(datasheet-pin-table+rm-remap-grid:en)
CH32V203,afio-usart4-rm,PCFR2,PCFR2:16;PCFR2:17,1,USART4,RX,USART4_RX,PB5,B,5,#,reference,candidates(datasheet-pin-table+rm-remap-grid:en)
CH32V203,afio-usart4-rm,PCFR2,PCFR2:16;PCFR2:17,1,USART4,TX,USART4_TX,PA5,A,5,#,reference,candidates(datasheet-pin-table+rm-remap-grid:en)
CH32V203,extend-eth-10m-en,CTR,CTR:2,0,ETH,RXN,ETH_RXN,PC7,C,7,#,reference,candidates(datasheet-pin-table-default:en)
CH32V203,extend-eth-10m-en,CTR,CTR:2,0,ETH,RXP,ETH_RXP,PC6,C,6,#,reference,candidates(datasheet-pin-table-default:en)
CH32V203,extend-eth-10m-en,CTR,CTR:2,0,ETH,TXN,ETH_TXN,PC9,C,9,#,reference,candidates(datasheet-pin-table-default:en)
CH32V203,extend-eth-10m-en,CTR,CTR:2,0,ETH,TXP,ETH_TXP,PC8,C,8,#,reference,candidates(datasheet-pin-table-default:en)
CH32V208,afio-can-remap,PCFR1,PCFR1:13;PCFR1:14,0,CAN1,RX,CAN1_RX,PA11,A,11,#,reference,candidates(datasheet-pin-table-default:en)
CH32V208,afio-can-remap,PCFR1,PCFR1:13;PCFR1:14,0,CAN1,TX,CAN1_TX,PA12,A,12,#,reference,candidates(datasheet-pin-table-default:en)
CH32V208,afio-can-remap,PCFR1,PCFR1:13;PCFR1:14,2,CAN1,RX,CAN1_RX,PB8,B,8,#,reference,candidates(datasheet-pin-table+rm-remap-grid:en)
CH32V208,afio-can-remap,PCFR1,PCFR1:13;PCFR1:14,2,CAN1,TX,CAN1_TX,PB9,B,9,#,reference,candidates(datasheet-pin-table+rm-remap-grid:en)
CH32V208,afio-i2c1-remap,PCFR1,PCFR1:1,0,I2C1,SCL,I2C1_SCL,PB6,B,6,#,reference,candidates(datasheet-pin-table-default:en)
CH32V208,afio-i2c1-remap,PCFR1,PCFR1:1,0,I2C1,SDA,I2C1_SDA,PB7,B,7,#,reference,candidates(datasheet-pin-table-default:en)
CH32V208,afio-i2c1-remap,PCFR1,PCFR1:1,0,I2C1,SMBA,I2C1_SMBA,PB5,B,5,#,reference,candidates(datasheet-pin-table-default:en)
CH32V208,afio-i2c1-remap,PCFR1,PCFR1:1,1,I2C1,SCL,I2C1_SCL,PB8,B,8,#,reference,candidates(datasheet-pin-table+rm-remap-grid:en)
CH32V208,afio-i2c1-remap,PCFR1,PCFR1:1,1,I2C1,SDA,I2C1_SDA,PB9,B,9,#,reference,candidates(datasheet-pin-table+rm-remap-grid:en)
CH32V208,afio-spi1-remap,PCFR1,PCFR1:0,0,SPI1,MISO,SPI1_MISO,PA6,A,6,#,reference,candidates(datasheet-pin-table-default:en)
CH32V208,afio-spi1-remap,PCFR1,PCFR1:0,0,SPI1,MOSI,SPI1_MOSI,PA7,A,7,#,reference,candidates(datasheet-pin-table-default:en)
CH32V208,afio-spi1-remap,PCFR1,PCFR1:0,0,SPI1,NSS,SPI1_NSS,PA4,A,4,#,reference,candidates(datasheet-pin-table-default:en)
CH32V208,afio-spi1-remap,PCFR1,PCFR1:0,0,SPI1,SCK,SPI1_SCK,PA5,A,5,#,reference,candidates(datasheet-pin-table-default:en)
CH32V208,afio-spi1-remap,PCFR1,PCFR1:0,1,SPI1,MISO,SPI1_MISO,PB4,B,4,#,reference,candidates(datasheet-pin-table+rm-remap-grid:en)
CH32V208,afio-spi1-remap,PCFR1,PCFR1:0,1,SPI1,MOSI,SPI1_MOSI,PB5,B,5,#,reference,candidates(datasheet-pin-table+rm-remap-grid:en)
CH32V208,afio-spi1-remap,PCFR1,PCFR1:0,1,SPI1,NSS,SPI1_NSS,PA15,A,15,#,reference,candidates(datasheet-pin-table+rm-remap-grid:en)
CH32V208,afio-spi1-remap,PCFR1,PCFR1:0,1,SPI1,SCK,SPI1_SCK,PB3,B,3,#,reference,candidates(datasheet-pin-table+rm-remap-grid:en)
CH32V208,afio-tim1-remap,PCFR1,PCFR1:6;PCFR1:7,0,TIM1,BKIN,TIM1_BKIN,PB12,B,12,#,reference,candidates(datasheet-pin-table-default:en)
CH32V208,afio-tim1-remap,PCFR1,PCFR1:6;PCFR1:7,0,TIM1,CH1,TIM1_CH1,PA8,A,8,#,reference,candidates(datasheet-pin-table-default:en)
CH32V208,afio-tim1-remap,PCFR1,PCFR1:6;PCFR1:7,0,TIM1,CH1N,TIM1_CH1N,PB13,B,13,#,reference,candidates(datasheet-pin-table-default:en)
CH32V208,afio-tim1-remap,PCFR1,PCFR1:6;PCFR1:7,0,TIM1,CH2,TIM1_CH2,PA9,A,9,#,reference,candidates(datasheet-pin-table-default:en)
CH32V208,afio-tim1-remap,PCFR1,PCFR1:6;PCFR1:7,0,TIM1,CH2N,TIM1_CH2N,PB14,B,14,#,reference,candidates(datasheet-pin-table-default:en)
CH32V208,afio-tim1-remap,PCFR1,PCFR1:6;PCFR1:7,0,TIM1,CH3,TIM1_CH3,PA10,A,10,#,reference,candidates(datasheet-pin-table-default:en)
CH32V208,afio-tim1-remap,PCFR1,PCFR1:6;PCFR1:7,0,TIM1,CH3N,TIM1_CH3N,PB15,B,15,#,reference,candidates(datasheet-pin-table-default:en)
CH32V208,afio-tim1-remap,PCFR1,PCFR1:6;PCFR1:7,0,TIM1,CH4,TIM1_CH4,PA11,A,11,#,reference,candidates(datasheet-pin-table-default:en)
CH32V208,afio-tim1-remap,PCFR1,PCFR1:6;PCFR1:7,0,TIM1,ETR,TIM1_ETR,PA12,A,12,#,reference,candidates(datasheet-pin-table-default:en)
CH32V208,afio-tim1-remap,PCFR1,PCFR1:6;PCFR1:7,1,TIM1,BKIN,TIM1_BKIN,PA6,A,6,#,reference,candidates(datasheet-pin-table+rm-remap-grid:en)
CH32V208,afio-tim1-remap,PCFR1,PCFR1:6;PCFR1:7,1,TIM1,CH1,TIM1_CH1,PA8,A,8,#,reference,candidates(datasheet-pin-table+rm-remap-grid:en)
CH32V208,afio-tim1-remap,PCFR1,PCFR1:6;PCFR1:7,1,TIM1,CH1N,TIM1_CH1N,PA7,A,7,#,reference,candidates(datasheet-pin-table+rm-remap-grid:en)
CH32V208,afio-tim1-remap,PCFR1,PCFR1:6;PCFR1:7,1,TIM1,CH2,TIM1_CH2,PA9,A,9,#,reference,candidates(datasheet-pin-table+rm-remap-grid:en)
CH32V208,afio-tim1-remap,PCFR1,PCFR1:6;PCFR1:7,1,TIM1,CH2N,TIM1_CH2N,PB0,B,0,#,reference,candidates(datasheet-pin-table+rm-remap-grid:en)
CH32V208,afio-tim1-remap,PCFR1,PCFR1:6;PCFR1:7,1,TIM1,CH3,TIM1_CH3,PA10,A,10,#,reference,candidates(datasheet-pin-table+rm-remap-grid:en)
CH32V208,afio-tim1-remap,PCFR1,PCFR1:6;PCFR1:7,1,TIM1,CH3N,TIM1_CH3N,PB1,B,1,#,reference,candidates(datasheet-pin-table+rm-remap-grid:en)
CH32V208,afio-tim1-remap,PCFR1,PCFR1:6;PCFR1:7,1,TIM1,CH4,TIM1_CH4,PA11,A,11,#,reference,candidates(datasheet-pin-table+rm-remap-grid:en)
CH32V208,afio-tim1-remap,PCFR1,PCFR1:6;PCFR1:7,1,TIM1,ETR,TIM1_ETR,PA12,A,12,#,reference,candidates(datasheet-pin-table+rm-remap-grid:en)
CH32V208,afio-tim2-remap,PCFR1,PCFR1:8;PCFR1:9,0,TIM2,CH1,TIM2_CH1,PA0-WKUP,A,0,#,reference,candidates(datasheet-pin-table-default:en)
CH32V208,afio-tim2-remap,PCFR1,PCFR1:8;PCFR1:9,0,TIM2,CH2,TIM2_CH2,PA1,A,1,#,reference,candidates(datasheet-pin-table-default:en)
CH32V208,afio-tim2-remap,PCFR1,PCFR1:8;PCFR1:9,0,TIM2,CH3,TIM2_CH3,PA2,A,2,#,reference,candidates(datasheet-pin-table-default:en)
CH32V208,afio-tim2-remap,PCFR1,PCFR1:8;PCFR1:9,0,TIM2,CH4,TIM2_CH4,PA3,A,3,#,reference,candidates(datasheet-pin-table-default:en)
CH32V208,afio-tim2-remap,PCFR1,PCFR1:8;PCFR1:9,0,TIM2,ETR,TIM2_ETR,PA0-WKUP,A,0,#,reference,candidates(datasheet-pin-table-default:en)
CH32V208,afio-tim2-remap,PCFR1,PCFR1:8;PCFR1:9,1,TIM2,CH1,TIM2_CH1,PA15,A,15,#,reference,candidates(datasheet-pin-table+rm-remap-grid:en)
CH32V208,afio-tim2-remap,PCFR1,PCFR1:8;PCFR1:9,1,TIM2,CH2,TIM2_CH2,PB3,B,3,#,reference,candidates(datasheet-pin-table+rm-remap-grid:en)
CH32V208,afio-tim2-remap,PCFR1,PCFR1:8;PCFR1:9,1,TIM2,CH3,TIM2_CH3,PA2,A,2,#,reference,candidates(datasheet-pin-table+rm-remap-grid:en)
CH32V208,afio-tim2-remap,PCFR1,PCFR1:8;PCFR1:9,1,TIM2,CH4,TIM2_CH4,PA3,A,3,#,reference,candidates(datasheet-pin-table+rm-remap-grid:en)
CH32V208,afio-tim2-remap,PCFR1,PCFR1:8;PCFR1:9,1,TIM2,ETR,TIM2_ETR,PA15,A,15,#,reference,candidates(datasheet-pin-table+rm-remap-grid:en)
CH32V208,afio-tim2-remap,PCFR1,PCFR1:8;PCFR1:9,2,TIM2,CH1,TIM2_CH1,PA0-WKUP,A,0,#,reference,candidates(datasheet-pin-table+rm-remap-grid:en)
CH32V208,afio-tim2-remap,PCFR1,PCFR1:8;PCFR1:9,2,TIM2,CH2,TIM2_CH2,PA1,A,1,#,reference,candidates(datasheet-pin-table+rm-remap-grid:en)
CH32V208,afio-tim2-remap,PCFR1,PCFR1:8;PCFR1:9,2,TIM2,CH3,TIM2_CH3,PB10,B,10,#,reference,candidates(datasheet-pin-table+rm-remap-grid:en)
CH32V208,afio-tim2-remap,PCFR1,PCFR1:8;PCFR1:9,2,TIM2,CH4,TIM2_CH4,PB11,B,11,#,reference,candidates(datasheet-pin-table+rm-remap-grid:en)
CH32V208,afio-tim2-remap,PCFR1,PCFR1:8;PCFR1:9,2,TIM2,ETR,TIM2_ETR,PA0-WKUP,A,0,#,reference,candidates(datasheet-pin-table+rm-remap-grid:en)
CH32V208,afio-tim2-remap,PCFR1,PCFR1:8;PCFR1:9,3,TIM2,CH1,TIM2_CH1,PA15,A,15,#,reference,candidates(datasheet-pin-table+rm-remap-grid:en)
CH32V208,afio-tim2-remap,PCFR1,PCFR1:8;PCFR1:9,3,TIM2,CH2,TIM2_CH2,PB3,B,3,#,reference,candidates(datasheet-pin-table+rm-remap-grid:en)
CH32V208,afio-tim2-remap,PCFR1,PCFR1:8;PCFR1:9,3,TIM2,CH3,TIM2_CH3,PB10,B,10,#,reference,candidates(datasheet-pin-table+rm-remap-grid:en)
CH32V208,afio-tim2-remap,PCFR1,PCFR1:8;PCFR1:9,3,TIM2,CH4,TIM2_CH4,PB11,B,11,#,reference,candidates(datasheet-pin-table+rm-remap-grid:en)
CH32V208,afio-tim2-remap,PCFR1,PCFR1:8;PCFR1:9,3,TIM2,ETR,TIM2_ETR,PA15,A,15,#,reference,candidates(datasheet-pin-table+rm-remap-grid:en)
CH32V208,afio-tim3-remap,PCFR1,PCFR1:10;PCFR1:11,0,TIM3,CH1,TIM3_CH1,PA6,A,6,#,reference,candidates(datasheet-pin-table-default:en)
CH32V208,afio-tim3-remap,PCFR1,PCFR1:10;PCFR1:11,0,TIM3,CH2,TIM3_CH2,PA7,A,7,#,reference,candidates(datasheet-pin-table-default:en)
CH32V208,afio-tim3-remap,PCFR1,PCFR1:10;PCFR1:11,0,TIM3,CH3,TIM3_CH3,PB0,B,0,#,reference,candidates(datasheet-pin-table-default:en)
CH32V208,afio-tim3-remap,PCFR1,PCFR1:10;PCFR1:11,0,TIM3,CH4,TIM3_CH4,PB1,B,1,#,reference,candidates(datasheet-pin-table-default:en)
CH32V208,afio-tim3-remap,PCFR1,PCFR1:10;PCFR1:11,0,TIM3,ETR,TIM3_ETR,PD2,D,2,#,reference,candidates(datasheet-pin-table-default:en)
CH32V208,afio-tim3-remap,PCFR1,PCFR1:10;PCFR1:11,2,TIM3,CH1,TIM3_CH1,PB4,B,4,#,reference,candidates(datasheet-pin-table+rm-remap-grid:en)
CH32V208,afio-tim3-remap,PCFR1,PCFR1:10;PCFR1:11,2,TIM3,CH2,TIM3_CH2,PB5,B,5,#,reference,candidates(datasheet-pin-table+rm-remap-grid:en)
CH32V208,afio-tim3-remap,PCFR1,PCFR1:10;PCFR1:11,2,TIM3,CH3,TIM3_CH3,PB0,B,0,#,reference,candidates(datasheet-pin-table+rm-remap-grid:en)
CH32V208,afio-tim3-remap,PCFR1,PCFR1:10;PCFR1:11,2,TIM3,CH4,TIM3_CH4,PB1,B,1,#,reference,candidates(datasheet-pin-table+rm-remap-grid:en)
CH32V208,afio-tim3-remap,PCFR1,PCFR1:10;PCFR1:11,2,TIM3,ETR,TIM3_ETR,PD2,D,2,#,reference,candidates(datasheet-pin-table+rm-remap-grid:en)
CH32V208,afio-tim3-remap,PCFR1,PCFR1:10;PCFR1:11,3,TIM3,CH1,TIM3_CH1,PC6,C,6,#,reference,candidates(datasheet-pin-table+rm-remap-grid:en)
CH32V208,afio-tim3-remap,PCFR1,PCFR1:10;PCFR1:11,3,TIM3,CH2,TIM3_CH2,PC7,C,7,#,reference,candidates(datasheet-pin-table+rm-remap-grid:en)
CH32V208,afio-tim3-remap,PCFR1,PCFR1:10;PCFR1:11,3,TIM3,CH3,TIM3_CH3,PC8,C,8,#,reference,candidates(datasheet-pin-table+rm-remap-grid:en)
CH32V208,afio-tim3-remap,PCFR1,PCFR1:10;PCFR1:11,3,TIM3,CH4,TIM3_CH4,PC9,C,9,#,reference,candidates(datasheet-pin-table+rm-remap-grid:en)
CH32V208,afio-tim3-remap,PCFR1,PCFR1:10;PCFR1:11,3,TIM3,ETR,TIM3_ETR,PD2,D,2,#,reference,candidates(datasheet-pin-table+rm-remap-grid:en)
CH32V208,afio-tim4-remap,PCFR1,PCFR1:12,0,TIM4,CH1,TIM4_CH1,PB6,B,6,#,reference,candidates(datasheet-pin-table-default:en)
CH32V208,afio-tim4-remap,PCFR1,PCFR1:12,0,TIM4,CH2,TIM4_CH2,PB7,B,7,#,reference,candidates(datasheet-pin-table-default:en)
CH32V208,afio-tim4-remap,PCFR1,PCFR1:12,0,TIM4,CH3,TIM4_CH3,PB8,B,8,#,reference,candidates(datasheet-pin-table-default:en)
CH32V208,afio-tim4-remap,PCFR1,PCFR1:12,0,TIM4,CH4,TIM4_CH4,PB9,B,9,#,reference,candidates(datasheet-pin-table-default:en)
CH32V208,afio-tim5ch4-rm,PCFR1,PCFR1:16,0,TIM5,CH4,TIM5_CH4,PA3,A,3,#,reference,candidates(datasheet-pin-table-default:en)
CH32V208,afio-usart1-remap,PCFR1|PCFR2,PCFR1:2;PCFR2:26,0,USART1,CK,USART1_CK,PA8,A,8,#,reference,candidates(datasheet-pin-table-default:en)
CH32V208,afio-usart1-remap,PCFR1|PCFR2,PCFR1:2;PCFR2:26,0,USART1,CTS,USART1_CTS,PA11,A,11,#,reference,candidates(datasheet-pin-table-default:en)
CH32V208,afio-usart1-remap,PCFR1|PCFR2,PCFR1:2;PCFR2:26,0,USART1,RTS,USART1_RTS,PA12,A,12,#,reference,candidates(datasheet-pin-table-default:en)
CH32V208,afio-usart1-remap,PCFR1|PCFR2,PCFR1:2;PCFR2:26,0,USART1,RX,USART1_RX,PA10,A,10,#,reference,candidates(datasheet-pin-table-default:en)
CH32V208,afio-usart1-remap,PCFR1|PCFR2,PCFR1:2;PCFR2:26,0,USART1,TX,USART1_TX,PA9,A,9,#,reference,candidates(datasheet-pin-table-default:en)
CH32V208,afio-usart1-remap,PCFR1|PCFR2,PCFR1:2;PCFR2:26,1,USART1,CK,USART1_CK,PA8,A,8,#,reference,candidates(datasheet-pin-table+rm-remap-grid:en)
CH32V208,afio-usart1-remap,PCFR1|PCFR2,PCFR1:2;PCFR2:26,1,USART1,CTS,USART1_CTS,PA11,A,11,#,reference,candidates(datasheet-pin-table+rm-remap-grid:en)
CH32V208,afio-usart1-remap,PCFR1|PCFR2,PCFR1:2;PCFR2:26,1,USART1,RTS,USART1_RTS,PA12,A,12,#,reference,candidates(datasheet-pin-table+rm-remap-grid:en)
CH32V208,afio-usart1-remap,PCFR1|PCFR2,PCFR1:2;PCFR2:26,1,USART1,RX,USART1_RX,PB7,B,7,#,reference,candidates(datasheet-pin-table+rm-remap-grid:en)
CH32V208,afio-usart1-remap,PCFR1|PCFR2,PCFR1:2;PCFR2:26,1,USART1,TX,USART1_TX,PB6,B,6,#,reference,candidates(datasheet-pin-table+rm-remap-grid:en)
CH32V208,afio-usart2-remap,PCFR1,PCFR1:3,0,USART2,CK,USART2_CK,PA4,A,4,#,reference,candidates(datasheet-pin-table-default:en)
CH32V208,afio-usart2-remap,PCFR1,PCFR1:3,0,USART2,CTS,USART2_CTS,PA0-WKUP,A,0,#,reference,candidates(datasheet-pin-table-default:en)
CH32V208,afio-usart2-remap,PCFR1,PCFR1:3,0,USART2,RTS,USART2_RTS,PA1,A,1,#,reference,candidates(datasheet-pin-table-default:en)
CH32V208,afio-usart2-remap,PCFR1,PCFR1:3,0,USART2,RX,USART2_RX,PA3,A,3,#,reference,candidates(datasheet-pin-table-default:en)
CH32V208,afio-usart2-remap,PCFR1,PCFR1:3,0,USART2,TX,USART2_TX,PA2,A,2,#,reference,candidates(datasheet-pin-table-default:en)
CH32V208,afio-usart3-remap,PCFR1,PCFR1:4;PCFR1:5,0,USART3,CK,USART3_CK,PB12,B,12,#,reference,candidates(datasheet-pin-table-default:en)
CH32V208,afio-usart3-remap,PCFR1,PCFR1:4;PCFR1:5,0,USART3,CTS,USART3_CTS,PB13,B,13,#,reference,candidates(datasheet-pin-table-default:en)
CH32V208,afio-usart3-remap,PCFR1,PCFR1:4;PCFR1:5,0,USART3,RTS,USART3_RTS,PB14,B,14,#,reference,candidates(datasheet-pin-table-default:en)
CH32V208,afio-usart3-remap,PCFR1,PCFR1:4;PCFR1:5,0,USART3,RX,USART3_RX,PB11,B,11,#,reference,candidates(datasheet-pin-table-default:en)
CH32V208,afio-usart3-remap,PCFR1,PCFR1:4;PCFR1:5,0,USART3,TX,USART3_TX,PB10,B,10,#,reference,candidates(datasheet-pin-table-default:en)
CH32V208,afio-usart3-remap,PCFR1,PCFR1:4;PCFR1:5,1,USART3,CK,USART3_CK,PC12,C,12,#,reference,candidates(datasheet-pin-table+rm-remap-grid:en)
CH32V208,afio-usart3-remap,PCFR1,PCFR1:4;PCFR1:5,1,USART3,CTS,USART3_CTS,PB13,B,13,#,reference,candidates(datasheet-pin-table+rm-remap-grid:en)
CH32V208,afio-usart3-remap,PCFR1,PCFR1:4;PCFR1:5,1,USART3,RTS,USART3_RTS,PB14,B,14,#,reference,candidates(datasheet-pin-table+rm-remap-grid:en)
CH32V208,afio-usart3-remap,PCFR1,PCFR1:4;PCFR1:5,1,USART3,RX,USART3_RX,PC11,C,11,#,reference,candidates(datasheet-pin-table+rm-remap-grid:en)
CH32V208,afio-usart3-remap,PCFR1,PCFR1:4;PCFR1:5,1,USART3,TX,USART3_TX,PC10,C,10,#,reference,candidates(datasheet-pin-table+rm-remap-grid:en)
CH32V208,afio-usart4-rm,PCFR2,PCFR2:16;PCFR2:17,0,USART4,RX,UART4_RX,PC11,C,11,#,reference,candidates(datasheet-pin-table-default:en)
CH32V208,afio-usart4-rm,PCFR2,PCFR2:16;PCFR2:17,0,USART4,TX,UART4_TX,PC10,C,10,#,reference,candidates(datasheet-pin-table-default:en)
CH32V208,afio-usart4-rm,PCFR2,PCFR2:16;PCFR2:17,1,USART4,RX,UART4_RX,PB1,B,1,#,reference,candidates(datasheet-pin-table+rm-remap-grid:en)
CH32V208,afio-usart4-rm,PCFR2,PCFR2:16;PCFR2:17,1,USART4,TX,UART4_TX,PB0,B,0,#,reference,candidates(datasheet-pin-table+rm-remap-grid:en)
CH32V208,extend-eth-10m-en,CTR,CTR:2,0,ETH,RXN,ETH_RXN,PC7,C,7,#,reference,candidates(datasheet-pin-table-default:en)
CH32V208,extend-eth-10m-en,CTR,CTR:2,0,ETH,RXP,ETH_RXP,PC6,C,6,#,reference,candidates(datasheet-pin-table-default:en)
CH32V208,extend-eth-10m-en,CTR,CTR:2,0,ETH,TXN,ETH_TXN,PC9,C,9,#,reference,candidates(datasheet-pin-table-default:en)
CH32V208,extend-eth-10m-en,CTR,CTR:2,0,ETH,TXP,ETH_TXP,PC8,C,8,#,reference,candidates(datasheet-pin-table-default:en)
CH32V303,afio-can-remap,PCFR1,PCFR1:13;PCFR1:14,0,CAN1,RX,CAN1_RX,PA11,A,11,#,reference,candidates(datasheet-pin-table-default:en)
CH32V303,afio-can-remap,PCFR1,PCFR1:13;PCFR1:14,0,CAN1,TX,CAN1_TX,PA12,A,12,#,reference,candidates(datasheet-pin-table-default:en)
CH32V303,afio-can-remap,PCFR1,PCFR1:13;PCFR1:14,2,CAN1,RX,CAN1_RX,PB8,B,8,#,reference,candidates(datasheet-pin-table+rm-remap-grid:en)
CH32V303,afio-can-remap,PCFR1,PCFR1:13;PCFR1:14,2,CAN1,TX,CAN1_TX,PB9,B,9,#,reference,candidates(datasheet-pin-table+rm-remap-grid:en)
CH32V303,afio-can-remap,PCFR1,PCFR1:13;PCFR1:14,3,CAN1,RX,CAN1_RX,PD0,D,0,#,reference,candidates(datasheet-pin-table+rm-remap-grid:en)
CH32V303,afio-can-remap,PCFR1,PCFR1:13;PCFR1:14,3,CAN1,TX,CAN1_TX,PD1,D,1,#,reference,candidates(datasheet-pin-table+rm-remap-grid:en)
CH32V303,afio-can2-remap,PCFR1,PCFR1:22,0,CAN2,RX,CAN2_RX,PB12,B,12,#,reference,candidates(datasheet-pin-table-default:en)
CH32V303,afio-can2-remap,PCFR1,PCFR1:22,0,CAN2,TX,CAN2_TX,PB13,B,13,#,reference,candidates(datasheet-pin-table-default:en)
CH32V303,afio-can2-remap,PCFR1,PCFR1:22,1,CAN2,RX,CAN2_RX,PB5,B,5,#,reference,candidates(datasheet-pin-table+rm-remap-grid:en)
CH32V303,afio-can2-remap,PCFR1,PCFR1:22,1,CAN2,TX,CAN2_TX,PB6,B,6,#,reference,candidates(datasheet-pin-table+rm-remap-grid:en)
CH32V303,afio-eth-remap,PCFR1,PCFR1:21,0,ETH,MII_COL,ETH_MII_COL,PA3,A,3,#,reference,candidates(datasheet-pin-table-default:en)
CH32V303,afio-eth-remap,PCFR1,PCFR1:21,0,ETH,MII_CRS,ETH_MII_CRS,PA0-WKUP,A,0,#,reference,candidates(datasheet-pin-table-default:en)
CH32V303,afio-eth-remap,PCFR1,PCFR1:21,0,ETH,MII_MDC,ETH_MII_MDC,PC1,C,1,#,reference,candidates(datasheet-pin-table-default:en)
CH32V303,afio-eth-remap,PCFR1,PCFR1:21,0,ETH,MII_MDIO,ETH_MII_MDIO,PA2,A,2,#,reference,candidates(datasheet-pin-table-default:en)
CH32V303,afio-eth-remap,PCFR1,PCFR1:21,0,ETH,MII_PPS_OUT,ETH_MII_PPS_OUT,PB5,B,5,#,reference,candidates(datasheet-pin-table-default:en)
CH32V303,afio-eth-remap,PCFR1,PCFR1:21,0,ETH,MII_RXD0,ETH_MII_RXD0,PC4,C,4,#,reference,candidates(datasheet-pin-table-default:en)
CH32V303,afio-eth-remap,PCFR1,PCFR1:21,0,ETH,MII_RXD1,ETH_MII_RXD1,PC5,C,5,#,reference,candidates(datasheet-pin-table-default:en)
CH32V303,afio-eth-remap,PCFR1,PCFR1:21,0,ETH,MII_RXD2,ETH_MII_RXD2,PB0,B,0,#,reference,candidates(datasheet-pin-table-default:en)
CH32V303,afio-eth-remap,PCFR1,PCFR1:21,0,ETH,MII_RXD3,ETH_MII_RXD3,PB1,B,1,#,reference,candidates(datasheet-pin-table-default:en)
CH32V303,afio-eth-remap,PCFR1,PCFR1:21,0,ETH,MII_RX_CLK,ETH_MII_RX_CLK,PA1,A,1,#,reference,candidates(datasheet-pin-table-default:en)
CH32V303,afio-eth-remap,PCFR1,PCFR1:21,0,ETH,MII_RX_DV,ETH_MII_RX_DV,PA7,A,7,#,reference,candidates(datasheet-pin-table-default:en)
CH32V303,afio-eth-remap,PCFR1,PCFR1:21,0,ETH,MII_RX_ER,ETH_MII_RX_ER,PB10,B,10,#,reference,candidates(datasheet-pin-table-default:en)
CH32V303,afio-eth-remap,PCFR1,PCFR1:21,0,ETH,MII_TXD0,ETH_MII_TXD0,PB12,B,12,#,reference,candidates(datasheet-pin-table-default:en)
CH32V303,afio-eth-remap,PCFR1,PCFR1:21,0,ETH,MII_TXD1,ETH_MII_TXD1,PB13,B,13,#,reference,candidates(datasheet-pin-table-default:en)
CH32V303,afio-eth-remap,PCFR1,PCFR1:21,0,ETH,MII_TXD2,ETH_MII_TXD2,PC2,C,2,#,reference,candidates(datasheet-pin-table-default:en)
CH32V303,afio-eth-remap,PCFR1,PCFR1:21,0,ETH,MII_TXD3,ETH_MII_TXD3,PB8,B,8,#,reference,candidates(datasheet-pin-table-default:en)
CH32V303,afio-eth-remap,PCFR1,PCFR1:21,0,ETH,MII_TX_CLK,ETH_MII_TX_CLK,PC3,C,3,#,reference,candidates(datasheet-pin-table-default:en)
CH32V303,afio-eth-remap,PCFR1,PCFR1:21,0,ETH,MII_TX_EN,ETH_MII_TX_EN,PB11,B,11,#,reference,candidates(datasheet-pin-table-default:en)
CH32V303,afio-eth-remap,PCFR1,PCFR1:21,0,ETH,RGMII_125IN,ETH_RGMII_125IN,PB1,B,1,#,reference,candidates(datasheet-pin-table-default:en)
CH32V303,afio-eth-remap,PCFR1,PCFR1:21,0,ETH,RGMII_GTXC,ETH_RGMII_GTXC,PA2,A,2,#,reference,candidates(datasheet-pin-table-default:en)
CH32V303,afio-eth-remap,PCFR1,PCFR1:21,0,ETH,RGMII_MDC,ETH_RGMII_MDC,PB12,B,12,#,reference,candidates(datasheet-pin-table-default:en)
CH32V303,afio-eth-remap,PCFR1,PCFR1:21,0,ETH,RGMII_MDIO,ETH_RGMII_MDIO,PB13,B,13,#,reference,candidates(datasheet-pin-table-default:en)
CH32V303,afio-eth-remap,PCFR1,PCFR1:21,0,ETH,RGMII_RXC,ETH_RGMII_RXC,PC0,C,0,#,reference,candidates(datasheet-pin-table-default:en)
CH32V303,afio-eth-remap,PCFR1,PCFR1:21,0,ETH,RGMII_RXCTL,ETH_RGMII_RXCTL,PC1,C,1,#,reference,candidates(datasheet-pin-table-default:en)
CH32V303,afio-eth-remap,PCFR1,PCFR1:21,0,ETH,RGMII_RXD0,ETH_RGMII_RXD0,PC2,C,2,#,reference,candidates(datasheet-pin-table-default:en)
CH32V303,afio-eth-remap,PCFR1,PCFR1:21,0,ETH,RGMII_RXD1,ETH_RGMII_RXD1,PC3,C,3,#,reference,candidates(datasheet-pin-table-default:en)
CH32V303,afio-eth-remap,PCFR1,PCFR1:21,0,ETH,RGMII_RXD2,ETH_RGMII_RXD2,PA0-WKUP,A,0,#,reference,candidates(datasheet-pin-table-default:en)
CH32V303,afio-eth-remap,PCFR1,PCFR1:21,0,ETH,RGMII_RXD3,ETH_RGMII_RXD3,PA1,A,1,#,reference,candidates(datasheet-pin-table-default:en)
CH32V303,afio-eth-remap,PCFR1,PCFR1:21,0,ETH,RGMII_TXD0,ETH_RGMII_TXD0,PA7,A,7,#,reference,candidates(datasheet-pin-table-default:en)
CH32V303,afio-eth-remap,PCFR1,PCFR1:21,0,ETH,RGMII_TXD1,ETH_RGMII_TXD1,PC4,C,4,#,reference,candidates(datasheet-pin-table-default:en)
CH32V303,afio-eth-remap,PCFR1,PCFR1:21,0,ETH,RGMII_TXD2,ETH_RGMII_TXD2,PC5,C,5,#,reference,candidates(datasheet-pin-table-default:en)
CH32V303,afio-eth-remap,PCFR1,PCFR1:21,0,ETH,RGMII_TXD3,ETH_RGMII_TXD3,PB0,B,0,#,reference,candidates(datasheet-pin-table-default:en)
CH32V303,afio-eth-remap,PCFR1,PCFR1:21,0,ETH,RGMII_TXEN,ETH_RGMII_TXEN,PA3,A,3,#,reference,candidates(datasheet-pin-table-default:en)
CH32V303,afio-eth-remap,PCFR1,PCFR1:21,0,ETH,RMII_CRS_DV,ETH_RMII_CRS_DV,PA7,A,7,#,reference,candidates(datasheet-pin-table-default:en)
CH32V303,afio-eth-remap,PCFR1,PCFR1:21,0,ETH,RMII_MDC,ETH_RMII_MDC,PC1,C,1,#,reference,candidates(datasheet-pin-table-default:en)
CH32V303,afio-eth-remap,PCFR1,PCFR1:21,0,ETH,RMII_MDIO,ETH_RMII_MDIO,PA2,A,2,#,reference,candidates(datasheet-pin-table-default:en)
CH32V303,afio-eth-remap,PCFR1,PCFR1:21,0,ETH,RMII_PPS_OUT,ETH_RMII_PPS_OUT,PB5,B,5,#,reference,candidates(datasheet-pin-table-default:en)
CH32V303,afio-eth-remap,PCFR1,PCFR1:21,0,ETH,RMII_REF_CLK,ETH_RMII_REF_CLK,PA1,A,1,#,reference,candidates(datasheet-pin-table-default:en)
CH32V303,afio-eth-remap,PCFR1,PCFR1:21,0,ETH,RMII_RXD0,ETH_RMII_RXD0,PC4,C,4,#,reference,candidates(datasheet-pin-table-default:en)
CH32V303,afio-eth-remap,PCFR1,PCFR1:21,0,ETH,RMII_RXD1,ETH_RMII_RXD1,PC5,C,5,#,reference,candidates(datasheet-pin-table-default:en)
CH32V303,afio-eth-remap,PCFR1,PCFR1:21,0,ETH,RMII_TXD0,ETH_RMII_TXD0,PB12,B,12,#,reference,candidates(datasheet-pin-table-default:en)
CH32V303,afio-eth-remap,PCFR1,PCFR1:21,0,ETH,RMII_TXD1,ETH_RMII_TXD1,PB13,B,13,#,reference,candidates(datasheet-pin-table-default:en)
CH32V303,afio-eth-remap,PCFR1,PCFR1:21,0,ETH,RMII_TX_EN,ETH_RMII_TX_EN,PB11,B,11,#,reference,candidates(datasheet-pin-table-default:en)
CH32V303,afio-eth-remap,PCFR1,PCFR1:21,0,ETH,RXN,ETH_RXN,PC7,C,7,#,reference,candidates(datasheet-pin-table-default:en)
CH32V303,afio-eth-remap,PCFR1,PCFR1:21,0,ETH,RXP,ETH_RXP,PC6,C,6,#,reference,candidates(datasheet-pin-table-default:en)
CH32V303,afio-eth-remap,PCFR1,PCFR1:21,0,ETH,TXN,ETH_TXN,PC9,C,9,#,reference,candidates(datasheet-pin-table-default:en)
CH32V303,afio-eth-remap,PCFR1,PCFR1:21,0,ETH,TXP,ETH_TXP,PC8,C,8,#,reference,candidates(datasheet-pin-table-default:en)
CH32V303,afio-eth-remap,PCFR1,PCFR1:21,1,ETH,MII_RXD0,ETH_MII_RXD0,PD9,D,9,#,reference,candidates(datasheet-pin-table+rm-remap-grid:en)
CH32V303,afio-eth-remap,PCFR1,PCFR1:21,1,ETH,MII_RXD1,ETH_MII_RXD1,PD10,D,10,#,reference,candidates(datasheet-pin-table+rm-remap-grid:en)
CH32V303,afio-eth-remap,PCFR1,PCFR1:21,1,ETH,MII_RXD2,ETH_MII_RXD2,PD11,D,11,#,reference,candidates(datasheet-pin-table+rm-remap-grid:en)
CH32V303,afio-eth-remap,PCFR1,PCFR1:21,1,ETH,MII_RX_DV,ETH_MII_RX_DV,PD8,D,8,#,reference,candidates(datasheet-pin-table+rm-remap-grid:en)
CH32V303,afio-eth-remap,PCFR1,PCFR1:21,1,ETH,RMII_CRS_DV,ETH_RMII_CRS_DV,PD8,D,8,#,reference,candidates(datasheet-pin-table+rm-remap-grid:en)
CH32V303,afio-eth-remap,PCFR1,PCFR1:21,1,ETH,RMII_RXD0,ETH_RMII_RXD0,PD9,D,9,#,reference,candidates(datasheet-pin-table+rm-remap-grid:en)
CH32V303,afio-eth-remap,PCFR1,PCFR1:21,1,ETH,RMII_RXD1,ETH_RMII_RXD1,PD10,D,10,#,reference,candidates(datasheet-pin-table+rm-remap-grid:en)
CH32V303,afio-fsmc-nadv-remap,PCFR2,PCFR2:10,0,FSMC,A16,FSMC_A16,PD11,D,11,#,reference,candidates(datasheet-pin-table-default:en)
CH32V303,afio-fsmc-nadv-remap,PCFR2,PCFR2:10,0,FSMC,A17,FSMC_A17,PD12,D,12,#,reference,candidates(datasheet-pin-table-default:en)
CH32V303,afio-fsmc-nadv-remap,PCFR2,PCFR2:10,0,FSMC,A18,FSMC_A18,PD13,D,13,#,reference,candidates(datasheet-pin-table-default:en)
CH32V303,afio-fsmc-nadv-remap,PCFR2,PCFR2:10,0,FSMC,A19,FSMC_A19,PE3,E,3,#,reference,candidates(datasheet-pin-table-default:en)
CH32V303,afio-fsmc-nadv-remap,PCFR2,PCFR2:10,0,FSMC,A20,FSMC_A20,PE4,E,4,#,reference,candidates(datasheet-pin-table-default:en)
CH32V303,afio-fsmc-nadv-remap,PCFR2,PCFR2:10,0,FSMC,A21,FSMC_A21,PE5,E,5,#,reference,candidates(datasheet-pin-table-default:en)
CH32V303,afio-fsmc-nadv-remap,PCFR2,PCFR2:10,0,FSMC,A22,FSMC_A22,PE6,E,6,#,reference,candidates(datasheet-pin-table-default:en)
CH32V303,afio-fsmc-nadv-remap,PCFR2,PCFR2:10,0,FSMC,A23,FSMC_A23,PE2,E,2,#,reference,candidates(datasheet-pin-table-default:en)
CH32V303,afio-fsmc-nadv-remap,PCFR2,PCFR2:10,0,FSMC,CLK,FSMC_CLK,PD3,D,3,#,reference,candidates(datasheet-pin-table-default:en)
CH32V303,afio-fsmc-nadv-remap,PCFR2,PCFR2:10,0,FSMC,D0,FSMC_D0,PD14,D,14,#,reference,candidates(datasheet-pin-table-default:en)
CH32V303,afio-fsmc-nadv-remap,PCFR2,PCFR2:10,0,FSMC,D1,FSMC_D1,PD15,D,15,#,reference,candidates(datasheet-pin-table-default:en)
CH32V303,afio-fsmc-nadv-remap,PCFR2,PCFR2:10,0,FSMC,D10,FSMC_D10,PE13,E,13,#,reference,candidates(datasheet-pin-table-default:en)
CH32V303,afio-fsmc-nadv-remap,PCFR2,PCFR2:10,0,FSMC,D11,FSMC_D11,PE14,E,14,#,reference,candidates(datasheet-pin-table-default:en)
CH32V303,afio-fsmc-nadv-remap,PCFR2,PCFR2:10,0,FSMC,D12,FSMC_D12,PE15,E,15,#,reference,candidates(datasheet-pin-table-default:en)
CH32V303,afio-fsmc-nadv-remap,PCFR2,PCFR2:10,0,FSMC,D13,FSMC_D13,PD8,D,8,#,reference,candidates(datasheet-pin-table-default:en)
CH32V303,afio-fsmc-nadv-remap,PCFR2,PCFR2:10,0,FSMC,D14,FSMC_D14,PD9,D,9,#,reference,candidates(datasheet-pin-table-default:en)
CH32V303,afio-fsmc-nadv-remap,PCFR2,PCFR2:10,0,FSMC,D15,FSMC_D15,PD10,D,10,#,reference,candidates(datasheet-pin-table-default:en)
CH32V303,afio-fsmc-nadv-remap,PCFR2,PCFR2:10,0,FSMC,D2,FSMC_D2,PD0,D,0,#,reference,candidates(datasheet-pin-table-default:en)
CH32V303,afio-fsmc-nadv-remap,PCFR2,PCFR2:10,0,FSMC,D3,FSMC_D3,PD1,D,1,#,reference,candidates(datasheet-pin-table-default:en)
CH32V303,afio-fsmc-nadv-remap,PCFR2,PCFR2:10,0,FSMC,D4,FSMC_D4,PE7,E,7,#,reference,candidates(datasheet-pin-table-default:en)
CH32V303,afio-fsmc-nadv-remap,PCFR2,PCFR2:10,0,FSMC,D5,FSMC_D5,PE8,E,8,#,reference,candidates(datasheet-pin-table-default:en)
CH32V303,afio-fsmc-nadv-remap,PCFR2,PCFR2:10,0,FSMC,D6,FSMC_D6,PE9,E,9,#,reference,candidates(datasheet-pin-table-default:en)
CH32V303,afio-fsmc-nadv-remap,PCFR2,PCFR2:10,0,FSMC,D7,FSMC_D7,PE10,E,10,#,reference,candidates(datasheet-pin-table-default:en)
CH32V303,afio-fsmc-nadv-remap,PCFR2,PCFR2:10,0,FSMC,D8,FSMC_D8,PE11,E,11,#,reference,candidates(datasheet-pin-table-default:en)
CH32V303,afio-fsmc-nadv-remap,PCFR2,PCFR2:10,0,FSMC,D9,FSMC_D9,PE12,E,12,#,reference,candidates(datasheet-pin-table-default:en)
CH32V303,afio-fsmc-nadv-remap,PCFR2,PCFR2:10,0,FSMC,NADV,FSMC_NADV,PB7,B,7,#,reference,candidates(datasheet-pin-table-default:en)
CH32V303,afio-fsmc-nadv-remap,PCFR2,PCFR2:10,0,FSMC,NADV,FSMC_NADV,PD2,D,2,#,reference,candidates(datasheet-pin-table-default:en)
CH32V303,afio-fsmc-nadv-remap,PCFR2,PCFR2:10,0,FSMC,NBL0,FSMC_NBL0,PE0,E,0,#,reference,candidates(datasheet-pin-table-default:en)
CH32V303,afio-fsmc-nadv-remap,PCFR2,PCFR2:10,0,FSMC,NBL1,FSMC_NBL1,PE1,E,1,#,reference,candidates(datasheet-pin-table-default:en)
CH32V303,afio-fsmc-nadv-remap,PCFR2,PCFR2:10,0,FSMC,NCE2,FSMC_NCE2,PD7,D,7,#,reference,candidates(datasheet-pin-table-default:en)
CH32V303,afio-fsmc-nadv-remap,PCFR2,PCFR2:10,0,FSMC,NE1,FSMC_NE1,PD7,D,7,#,reference,candidates(datasheet-pin-table-default:en)
CH32V303,afio-fsmc-nadv-remap,PCFR2,PCFR2:10,0,FSMC,NOE,FSMC_NOE,PD4,D,4,#,reference,candidates(datasheet-pin-table-default:en)
CH32V303,afio-fsmc-nadv-remap,PCFR2,PCFR2:10,0,FSMC,NWAIT,FSMC_NWAIT,PD6,D,6,#,reference,candidates(datasheet-pin-table-default:en)
CH32V303,afio-fsmc-nadv-remap,PCFR2,PCFR2:10,0,FSMC,NWE,FSMC_NWE,PD5,D,5,#,reference,candidates(datasheet-pin-table-default:en)
CH32V303,afio-i2c1-remap,PCFR1,PCFR1:1,0,I2C1,SCL,I2C1_SCL,PB6,B,6,#,reference,candidates(datasheet-pin-table-default:en)
CH32V303,afio-i2c1-remap,PCFR1,PCFR1:1,0,I2C1,SDA,I2C1_SDA,PB7,B,7,#,reference,candidates(datasheet-pin-table-default:en)
CH32V303,afio-i2c1-remap,PCFR1,PCFR1:1,0,I2C1,SMBA,I2C1_SMBA,PB5,B,5,#,reference,candidates(datasheet-pin-table-default:en)
CH32V303,afio-i2c1-remap,PCFR1,PCFR1:1,1,I2C1,SCL,I2C1_SCL,PB8,B,8,#,reference,candidates(datasheet-pin-table+rm-remap-grid:en)
CH32V303,afio-i2c1-remap,PCFR1,PCFR1:1,1,I2C1,SDA,I2C1_SDA,PB9,B,9,#,reference,candidates(datasheet-pin-table+rm-remap-grid:en)
CH32V303,afio-spi1-remap,PCFR1,PCFR1:0,0,SPI1,MISO,SPI1_MISO,PA6,A,6,#,reference,candidates(datasheet-pin-table-default:en)
CH32V303,afio-spi1-remap,PCFR1,PCFR1:0,0,SPI1,MOSI,SPI1_MOSI,PA7,A,7,#,reference,candidates(datasheet-pin-table-default:en)
CH32V303,afio-spi1-remap,PCFR1,PCFR1:0,0,SPI1,NSS,SPI1_NSS,PA4,A,4,#,reference,candidates(datasheet-pin-table-default:en)
CH32V303,afio-spi1-remap,PCFR1,PCFR1:0,0,SPI1,SCK,SPI1_SCK,PA5,A,5,#,reference,candidates(datasheet-pin-table-default:en)
CH32V303,afio-spi1-remap,PCFR1,PCFR1:0,1,SPI1,MISO,SPI1_MISO,PB4,B,4,#,reference,candidates(datasheet-pin-table+rm-remap-grid:en)
CH32V303,afio-spi1-remap,PCFR1,PCFR1:0,1,SPI1,MOSI,SPI1_MOSI,PB5,B,5,#,reference,candidates(datasheet-pin-table+rm-remap-grid:en)
CH32V303,afio-spi1-remap,PCFR1,PCFR1:0,1,SPI1,NSS,SPI1_NSS,PA15,A,15,#,reference,candidates(datasheet-pin-table+rm-remap-grid:en)
CH32V303,afio-spi1-remap,PCFR1,PCFR1:0,1,SPI1,SCK,SPI1_SCK,PB3,B,3,#,reference,candidates(datasheet-pin-table+rm-remap-grid:en)
CH32V303,afio-spi3-remap,PCFR1,PCFR1:28,0,I2S3,CK,I2S3_CK,PB3,B,3,#,reference,candidates(datasheet-pin-table-default:en)
CH32V303,afio-spi3-remap,PCFR1,PCFR1:28,0,I2S3,MCK,I2S3_MCK,PA8,A,8,#,reference,candidates(datasheet-pin-table-default:en)
CH32V303,afio-spi3-remap,PCFR1,PCFR1:28,0,I2S3,MCK,I2S3_MCK,PC7,C,7,#,reference,candidates(datasheet-pin-table-default:en)
CH32V303,afio-spi3-remap,PCFR1,PCFR1:28,0,I2S3,SD,I2S3_SD,PA9,A,9,#,reference,candidates(datasheet-pin-table-default:en)
CH32V303,afio-spi3-remap,PCFR1,PCFR1:28,0,I2S3,SD,I2S3_SD,PB5,B,5,#,reference,candidates(datasheet-pin-table-default:en)
CH32V303,afio-spi3-remap,PCFR1,PCFR1:28,0,I2S3,WS,I2S3_WS,PA15,A,15,#,reference,candidates(datasheet-pin-table-default:en)
CH32V303,afio-spi3-remap,PCFR1,PCFR1:28,0,SPI3,MISO,SPI3_MISO,PB4,B,4,#,reference,candidates(datasheet-pin-table-default:en)
CH32V303,afio-spi3-remap,PCFR1,PCFR1:28,0,SPI3,MOSI,SPI3_MOSI,PA15,A,15,#,reference,candidates(datasheet-pin-table-default:en)
CH32V303,afio-spi3-remap,PCFR1,PCFR1:28,0,SPI3,MOSI,SPI3_MOSI,PB5,B,5,#,reference,candidates(datasheet-pin-table-default:en)
CH32V303,afio-spi3-remap,PCFR1,PCFR1:28,0,SPI3,NSS,SPI3_NSS,PA15,A,15,#,reference,candidates(datasheet-pin-table-default:en)
CH32V303,afio-spi3-remap,PCFR1,PCFR1:28,0,SPI3,SCK,SPI3_SCK,PB3,B,3,#,reference,candidates(datasheet-pin-table-default:en)
CH32V303,afio-spi3-remap,PCFR1,PCFR1:28,1,I2S3,CK,I2S3_CK,PC10,C,10,#,reference,candidates(datasheet-pin-table+rm-remap-grid:en)
CH32V303,afio-spi3-remap,PCFR1,PCFR1:28,1,I2S3,SD,I2S3_SD,PC12,C,12,#,reference,candidates(datasheet-pin-table+rm-remap-grid:en)
CH32V303,afio-spi3-remap,PCFR1,PCFR1:28,1,I2S3,WS,I2S3_WS,PA4,A,4,#,reference,candidates(datasheet-pin-table+rm-remap-grid:en)
CH32V303,afio-spi3-remap,PCFR1,PCFR1:28,1,SPI3,MISO,SPI3_MISO,PC11,C,11,#,reference,candidates(datasheet-pin-table+rm-remap-grid:en)
CH32V303,afio-spi3-remap,PCFR1,PCFR1:28,1,SPI3,MOSI,SPI3_MOSI,PC12,C,12,#,reference,candidates(datasheet-pin-table+rm-remap-grid:en)
CH32V303,afio-spi3-remap,PCFR1,PCFR1:28,1,SPI3,NSS,SPI3_NSS,PA4,A,4,#,reference,candidates(datasheet-pin-table+rm-remap-grid:en)
CH32V303,afio-spi3-remap,PCFR1,PCFR1:28,1,SPI3,SCK,SPI3_SCK,PC10,C,10,#,reference,candidates(datasheet-pin-table+rm-remap-grid:en)
CH32V303,afio-tim1-remap,PCFR1,PCFR1:6;PCFR1:7,0,TIM1,BKIN,TIM1_BKIN,PB12,B,12,#,reference,candidates(datasheet-pin-table-default:en)
CH32V303,afio-tim1-remap,PCFR1,PCFR1:6;PCFR1:7,0,TIM1,CH1,TIM1_CH1,PA8,A,8,#,reference,candidates(datasheet-pin-table-default:en)
CH32V303,afio-tim1-remap,PCFR1,PCFR1:6;PCFR1:7,0,TIM1,CH1N,TIM1_CH1N,PB13,B,13,#,reference,candidates(datasheet-pin-table-default:en)
CH32V303,afio-tim1-remap,PCFR1,PCFR1:6;PCFR1:7,0,TIM1,CH2,TIM1_CH2,PA9,A,9,#,reference,candidates(datasheet-pin-table-default:en)
CH32V303,afio-tim1-remap,PCFR1,PCFR1:6;PCFR1:7,0,TIM1,CH2N,TIM1_CH2N,PB14,B,14,#,reference,candidates(datasheet-pin-table-default:en)
CH32V303,afio-tim1-remap,PCFR1,PCFR1:6;PCFR1:7,0,TIM1,CH3,TIM1_CH3,PA10,A,10,#,reference,candidates(datasheet-pin-table-default:en)
CH32V303,afio-tim1-remap,PCFR1,PCFR1:6;PCFR1:7,0,TIM1,CH3N,TIM1_CH3N,PB15,B,15,#,reference,candidates(datasheet-pin-table-default:en)
CH32V303,afio-tim1-remap,PCFR1,PCFR1:6;PCFR1:7,0,TIM1,CH4,TIM1_CH4,PA11,A,11,#,reference,candidates(datasheet-pin-table-default:en)
CH32V303,afio-tim1-remap,PCFR1,PCFR1:6;PCFR1:7,0,TIM1,ETR,TIM1_ETR,PA12,A,12,#,reference,candidates(datasheet-pin-table-default:en)
CH32V303,afio-tim1-remap,PCFR1,PCFR1:6;PCFR1:7,1,TIM1,BKIN,TIM1_BKIN,PA6,A,6,#,reference,candidates(datasheet-pin-table+rm-remap-grid:en)
CH32V303,afio-tim1-remap,PCFR1,PCFR1:6;PCFR1:7,1,TIM1,CH1,TIM1_CH1,PA8,A,8,#,reference,candidates(datasheet-pin-table+rm-remap-grid:en)
CH32V303,afio-tim1-remap,PCFR1,PCFR1:6;PCFR1:7,1,TIM1,CH1N,TIM1_CH1N,PA7,A,7,#,reference,candidates(datasheet-pin-table+rm-remap-grid:en)
CH32V303,afio-tim1-remap,PCFR1,PCFR1:6;PCFR1:7,1,TIM1,CH2,TIM1_CH2,PA9,A,9,#,reference,candidates(datasheet-pin-table+rm-remap-grid:en)
CH32V303,afio-tim1-remap,PCFR1,PCFR1:6;PCFR1:7,1,TIM1,CH2N,TIM1_CH2N,PB0,B,0,#,reference,candidates(datasheet-pin-table+rm-remap-grid:en)
CH32V303,afio-tim1-remap,PCFR1,PCFR1:6;PCFR1:7,1,TIM1,CH3,TIM1_CH3,PA10,A,10,#,reference,candidates(datasheet-pin-table+rm-remap-grid:en)
CH32V303,afio-tim1-remap,PCFR1,PCFR1:6;PCFR1:7,1,TIM1,CH3N,TIM1_CH3N,PB1,B,1,#,reference,candidates(datasheet-pin-table+rm-remap-grid:en)
CH32V303,afio-tim1-remap,PCFR1,PCFR1:6;PCFR1:7,1,TIM1,CH4,TIM1_CH4,PA11,A,11,#,reference,candidates(datasheet-pin-table+rm-remap-grid:en)
CH32V303,afio-tim1-remap,PCFR1,PCFR1:6;PCFR1:7,1,TIM1,ETR,TIM1_ETR,PA12,A,12,#,reference,candidates(datasheet-pin-table+rm-remap-grid:en)
CH32V303,afio-tim1-remap,PCFR1,PCFR1:6;PCFR1:7,3,TIM1,BKIN,TIM1_BKIN,PE15,E,15,#,reference,candidates(datasheet-pin-table+rm-remap-grid:en)
CH32V303,afio-tim1-remap,PCFR1,PCFR1:6;PCFR1:7,3,TIM1,CH1,TIM1_CH1,PE9,E,9,#,reference,candidates(datasheet-pin-table+rm-remap-grid:en)
CH32V303,afio-tim1-remap,PCFR1,PCFR1:6;PCFR1:7,3,TIM1,CH1N,TIM1_CH1N,PE8,E,8,#,reference,candidates(datasheet-pin-table+rm-remap-grid:en)
CH32V303,afio-tim1-remap,PCFR1,PCFR1:6;PCFR1:7,3,TIM1,CH2,TIM1_CH2,PE11,E,11,#,reference,candidates(datasheet-pin-table+rm-remap-grid:en)
CH32V303,afio-tim1-remap,PCFR1,PCFR1:6;PCFR1:7,3,TIM1,CH2N,TIM1_CH2N,PE10,E,10,#,reference,candidates(datasheet-pin-table+rm-remap-grid:en)
CH32V303,afio-tim1-remap,PCFR1,PCFR1:6;PCFR1:7,3,TIM1,CH3,TIM1_CH3,PE13,E,13,#,reference,candidates(datasheet-pin-table+rm-remap-grid:en)
CH32V303,afio-tim1-remap,PCFR1,PCFR1:6;PCFR1:7,3,TIM1,CH3N,TIM1_CH3N,PE12,E,12,#,reference,candidates(datasheet-pin-table+rm-remap-grid:en)
CH32V303,afio-tim1-remap,PCFR1,PCFR1:6;PCFR1:7,3,TIM1,CH4,TIM1_CH4,PE14,E,14,#,reference,candidates(datasheet-pin-table+rm-remap-grid:en)
CH32V303,afio-tim1-remap,PCFR1,PCFR1:6;PCFR1:7,3,TIM1,ETR,TIM1_ETR,PE7,E,7,#,reference,candidates(datasheet-pin-table+rm-remap-grid:en)
CH32V303,afio-tim10-remap,PCFR2,PCFR2:5;PCFR2:6,0,TIM10,BKIN,TIM10_BKIN,PC12,C,12,#,reference,candidates(datasheet-pin-table-default:en)
CH32V303,afio-tim10-remap,PCFR2,PCFR2:5;PCFR2:6,0,TIM10,CH1,TIM10_CH1,PB8,B,8,#,reference,candidates(datasheet-pin-table-default:en)
CH32V303,afio-tim10-remap,PCFR2,PCFR2:5;PCFR2:6,0,TIM10,CH1N,TIM10_CH1N,PA12,A,12,#,reference,candidates(datasheet-pin-table-default:en)
CH32V303,afio-tim10-remap,PCFR2,PCFR2:5;PCFR2:6,0,TIM10,CH2,TIM10_CH2,PB9,B,9,#,reference,candidates(datasheet-pin-table-default:en)
CH32V303,afio-tim10-remap,PCFR2,PCFR2:5;PCFR2:6,0,TIM10,CH2N,TIM10_CH2N,PA13,A,13,#,reference,candidates(datasheet-pin-table-default:en)
CH32V303,afio-tim10-remap,PCFR2,PCFR2:5;PCFR2:6,0,TIM10,CH3,TIM10_CH3,PC3,C,3,#,reference,candidates(datasheet-pin-table-default:en)
CH32V303,afio-tim10-remap,PCFR2,PCFR2:5;PCFR2:6,0,TIM10,CH3N,TIM10_CH3N,PA14,A,14,#,reference,candidates(datasheet-pin-table-default:en)
CH32V303,afio-tim10-remap,PCFR2,PCFR2:5;PCFR2:6,0,TIM10,CH4,TIM10_CH4,PC11,C,11,#,reference,candidates(datasheet-pin-table-default:en)
CH32V303,afio-tim10-remap,PCFR2,PCFR2:5;PCFR2:6,0,TIM10,ETR,TIM10_ETR,PC10,C,10,#,reference,candidates(datasheet-pin-table-default:en)
CH32V303,afio-tim10-remap,PCFR2,PCFR2:5;PCFR2:6,1,TIM10,BKIN,TIM10_BKIN,PB10,B,10,#,reference,candidates(datasheet-pin-table+rm-remap-grid:en)
CH32V303,afio-tim10-remap,PCFR2,PCFR2:5;PCFR2:6,1,TIM10,CH1,TIM10_CH1,PB3,B,3,#,reference,candidates(datasheet-pin-table+rm-remap-grid:en)
CH32V303,afio-tim10-remap,PCFR2,PCFR2:5;PCFR2:6,1,TIM10,CH1N,TIM10_CH1N,PA5,A,5,#,reference,candidates(datasheet-pin-table+rm-remap-grid:en)
CH32V303,afio-tim10-remap,PCFR2,PCFR2:5;PCFR2:6,1,TIM10,CH2,TIM10_CH2,PB4,B,4,#,reference,candidates(datasheet-pin-table+rm-remap-grid:en)
CH32V303,afio-tim10-remap,PCFR2,PCFR2:5;PCFR2:6,1,TIM10,CH2N,TIM10_CH2N,PA6,A,6,#,reference,candidates(datasheet-pin-table+rm-remap-grid:en)
CH32V303,afio-tim10-remap,PCFR2,PCFR2:5;PCFR2:6,1,TIM10,CH3,TIM10_CH3,PB5,B,5,#,reference,candidates(datasheet-pin-table+rm-remap-grid:en)
CH32V303,afio-tim10-remap,PCFR2,PCFR2:5;PCFR2:6,1,TIM10,CH3N,TIM10_CH3N,PA7,A,7,#,reference,candidates(datasheet-pin-table+rm-remap-grid:en)
CH32V303,afio-tim10-remap,PCFR2,PCFR2:5;PCFR2:6,1,TIM10,CH4,TIM10_CH4,PC15-OSC32_OUT,C,15,#,reference,candidates(datasheet-pin-table+rm-remap-grid:en)
CH32V303,afio-tim10-remap,PCFR2,PCFR2:5;PCFR2:6,1,TIM10,ETR,TIM10_ETR,PB11,B,11,#,reference,candidates(datasheet-pin-table+rm-remap-grid:en)
CH32V303,afio-tim10-remap,PCFR2,PCFR2:5;PCFR2:6,2,TIM10,BKIN,TIM10_BKIN,PE2,E,2,#,reference,candidates(datasheet-pin-table+rm-remap-grid:en)
CH32V303,afio-tim10-remap,PCFR2,PCFR2:5;PCFR2:6,2,TIM10,CH1,TIM10_CH1,PD1,D,1,#,reference,candidates(datasheet-pin-table+rm-remap-grid:en)
CH32V303,afio-tim10-remap,PCFR2,PCFR2:5;PCFR2:6,2,TIM10,CH1N,TIM10_CH1N,PE3,E,3,#,reference,candidates(datasheet-pin-table+rm-remap-grid:en)
CH32V303,afio-tim10-remap,PCFR2,PCFR2:5;PCFR2:6,2,TIM10,CH2,TIM10_CH2,PD3,D,3,#,reference,candidates(datasheet-pin-table+rm-remap-grid:en)
CH32V303,afio-tim10-remap,PCFR2,PCFR2:5;PCFR2:6,2,TIM10,CH2N,TIM10_CH2N,PE4,E,4,#,reference,candidates(datasheet-pin-table+rm-remap-grid:en)
CH32V303,afio-tim10-remap,PCFR2,PCFR2:5;PCFR2:6,2,TIM10,CH3,TIM10_CH3,PD5,D,5,#,reference,candidates(datasheet-pin-table+rm-remap-grid:en)
CH32V303,afio-tim10-remap,PCFR2,PCFR2:5;PCFR2:6,2,TIM10,CH3N,TIM10_CH3N,PE5,E,5,#,reference,candidates(datasheet-pin-table+rm-remap-grid:en)
CH32V303,afio-tim10-remap,PCFR2,PCFR2:5;PCFR2:6,2,TIM10,CH4,TIM10_CH4,PD7,D,7,#,reference,candidates(datasheet-pin-table+rm-remap-grid:en)
CH32V303,afio-tim10-remap,PCFR2,PCFR2:5;PCFR2:6,2,TIM10,ETR,TIM10_ETR,PD0,D,0,#,reference,candidates(datasheet-pin-table+rm-remap-grid:en)
CH32V303,afio-tim10-remap,PCFR2,PCFR2:5;PCFR2:6,3,TIM10,BKIN,TIM10_BKIN,PE2,E,2,#,reference,candidates(datasheet-pin-table+rm-remap-grid:en)
CH32V303,afio-tim10-remap,PCFR2,PCFR2:5;PCFR2:6,3,TIM10,CH1,TIM10_CH1,PD1,D,1,#,reference,candidates(datasheet-pin-table+rm-remap-grid:en)
CH32V303,afio-tim10-remap,PCFR2,PCFR2:5;PCFR2:6,3,TIM10,CH1N,TIM10_CH1N,PE3,E,3,#,reference,candidates(datasheet-pin-table+rm-remap-grid:en)
CH32V303,afio-tim10-remap,PCFR2,PCFR2:5;PCFR2:6,3,TIM10,CH2,TIM10_CH2,PD3,D,3,#,reference,candidates(datasheet-pin-table+rm-remap-grid:en)
CH32V303,afio-tim10-remap,PCFR2,PCFR2:5;PCFR2:6,3,TIM10,CH2N,TIM10_CH2N,PE4,E,4,#,reference,candidates(datasheet-pin-table+rm-remap-grid:en)
CH32V303,afio-tim10-remap,PCFR2,PCFR2:5;PCFR2:6,3,TIM10,CH3,TIM10_CH3,PD5,D,5,#,reference,candidates(datasheet-pin-table+rm-remap-grid:en)
CH32V303,afio-tim10-remap,PCFR2,PCFR2:5;PCFR2:6,3,TIM10,CH3N,TIM10_CH3N,PE5,E,5,#,reference,candidates(datasheet-pin-table+rm-remap-grid:en)
CH32V303,afio-tim10-remap,PCFR2,PCFR2:5;PCFR2:6,3,TIM10,CH4,TIM10_CH4,PD7,D,7,#,reference,candidates(datasheet-pin-table+rm-remap-grid:en)
CH32V303,afio-tim10-remap,PCFR2,PCFR2:5;PCFR2:6,3,TIM10,ETR,TIM10_ETR,PD0,D,0,#,reference,candidates(datasheet-pin-table+rm-remap-grid:en)
CH32V303,afio-tim2-remap,PCFR1,PCFR1:8;PCFR1:9,0,TIM2,CH1,TIM2_CH1,PA0-WKUP,A,0,#,reference,candidates(datasheet-pin-table-default:en)
CH32V303,afio-tim2-remap,PCFR1,PCFR1:8;PCFR1:9,0,TIM2,CH2,TIM2_CH2,PA1,A,1,#,reference,candidates(datasheet-pin-table-default:en)
CH32V303,afio-tim2-remap,PCFR1,PCFR1:8;PCFR1:9,0,TIM2,CH3,TIM2_CH3,PA2,A,2,#,reference,candidates(datasheet-pin-table-default:en)
CH32V303,afio-tim2-remap,PCFR1,PCFR1:8;PCFR1:9,0,TIM2,CH4,TIM2_CH4,PA3,A,3,#,reference,candidates(datasheet-pin-table-default:en)
CH32V303,afio-tim2-remap,PCFR1,PCFR1:8;PCFR1:9,0,TIM2,ETR,TIM2_ETR,PA0-WKUP,A,0,#,reference,candidates(datasheet-pin-table-default:en)
CH32V303,afio-tim2-remap,PCFR1,PCFR1:8;PCFR1:9,1,TIM2,CH1,TIM2_CH1,PA15,A,15,#,reference,candidates(datasheet-pin-table+rm-remap-grid:en)
CH32V303,afio-tim2-remap,PCFR1,PCFR1:8;PCFR1:9,1,TIM2,CH2,TIM2_CH2,PB3,B,3,#,reference,candidates(datasheet-pin-table+rm-remap-grid:en)
CH32V303,afio-tim2-remap,PCFR1,PCFR1:8;PCFR1:9,1,TIM2,CH3,TIM2_CH3,PA2,A,2,#,reference,candidates(datasheet-pin-table+rm-remap-grid:en)
CH32V303,afio-tim2-remap,PCFR1,PCFR1:8;PCFR1:9,1,TIM2,CH4,TIM2_CH4,PA3,A,3,#,reference,candidates(datasheet-pin-table+rm-remap-grid:en)
CH32V303,afio-tim2-remap,PCFR1,PCFR1:8;PCFR1:9,1,TIM2,ETR,TIM2_ETR,PA15,A,15,#,reference,candidates(datasheet-pin-table+rm-remap-grid:en)
CH32V303,afio-tim2-remap,PCFR1,PCFR1:8;PCFR1:9,2,TIM2,CH1,TIM2_CH1,PA0-WKUP,A,0,#,reference,candidates(datasheet-pin-table+rm-remap-grid:en)
CH32V303,afio-tim2-remap,PCFR1,PCFR1:8;PCFR1:9,2,TIM2,CH2,TIM2_CH2,PA1,A,1,#,reference,candidates(datasheet-pin-table+rm-remap-grid:en)
CH32V303,afio-tim2-remap,PCFR1,PCFR1:8;PCFR1:9,2,TIM2,CH3,TIM2_CH3,PB10,B,10,#,reference,candidates(datasheet-pin-table+rm-remap-grid:en)
CH32V303,afio-tim2-remap,PCFR1,PCFR1:8;PCFR1:9,2,TIM2,CH4,TIM2_CH4,PB11,B,11,#,reference,candidates(datasheet-pin-table+rm-remap-grid:en)
CH32V303,afio-tim2-remap,PCFR1,PCFR1:8;PCFR1:9,2,TIM2,ETR,TIM2_ETR,PA0-WKUP,A,0,#,reference,candidates(datasheet-pin-table+rm-remap-grid:en)
CH32V303,afio-tim2-remap,PCFR1,PCFR1:8;PCFR1:9,3,TIM2,CH1,TIM2_CH1,PA15,A,15,#,reference,candidates(datasheet-pin-table+rm-remap-grid:en)
CH32V303,afio-tim2-remap,PCFR1,PCFR1:8;PCFR1:9,3,TIM2,CH2,TIM2_CH2,PB3,B,3,#,reference,candidates(datasheet-pin-table+rm-remap-grid:en)
CH32V303,afio-tim2-remap,PCFR1,PCFR1:8;PCFR1:9,3,TIM2,CH3,TIM2_CH3,PB10,B,10,#,reference,candidates(datasheet-pin-table+rm-remap-grid:en)
CH32V303,afio-tim2-remap,PCFR1,PCFR1:8;PCFR1:9,3,TIM2,CH4,TIM2_CH4,PB11,B,11,#,reference,candidates(datasheet-pin-table+rm-remap-grid:en)
CH32V303,afio-tim2-remap,PCFR1,PCFR1:8;PCFR1:9,3,TIM2,ETR,TIM2_ETR,PA15,A,15,#,reference,candidates(datasheet-pin-table+rm-remap-grid:en)
CH32V303,afio-tim3-remap,PCFR1,PCFR1:10;PCFR1:11,0,TIM3,CH1,TIM3_CH1,PA6,A,6,#,reference,candidates(datasheet-pin-table-default:en)
CH32V303,afio-tim3-remap,PCFR1,PCFR1:10;PCFR1:11,0,TIM3,CH2,TIM3_CH2,PA7,A,7,#,reference,candidates(datasheet-pin-table-default:en)
CH32V303,afio-tim3-remap,PCFR1,PCFR1:10;PCFR1:11,0,TIM3,CH3,TIM3_CH3,PB0,B,0,#,reference,candidates(datasheet-pin-table-default:en)
CH32V303,afio-tim3-remap,PCFR1,PCFR1:10;PCFR1:11,0,TIM3,CH4,TIM3_CH4,PB1,B,1,#,reference,candidates(datasheet-pin-table-default:en)
CH32V303,afio-tim3-remap,PCFR1,PCFR1:10;PCFR1:11,0,TIM3,ETR,TIM3_ETR,PD2,D,2,#,reference,candidates(datasheet-pin-table-default:en)
CH32V303,afio-tim3-remap,PCFR1,PCFR1:10;PCFR1:11,2,TIM3,CH1,TIM3_CH1,PB4,B,4,#,reference,candidates(datasheet-pin-table+rm-remap-grid:en)
CH32V303,afio-tim3-remap,PCFR1,PCFR1:10;PCFR1:11,2,TIM3,CH2,TIM3_CH2,PB5,B,5,#,reference,candidates(datasheet-pin-table+rm-remap-grid:en)
CH32V303,afio-tim3-remap,PCFR1,PCFR1:10;PCFR1:11,2,TIM3,CH3,TIM3_CH3,PB0,B,0,#,reference,candidates(datasheet-pin-table+rm-remap-grid:en)
CH32V303,afio-tim3-remap,PCFR1,PCFR1:10;PCFR1:11,2,TIM3,CH4,TIM3_CH4,PB1,B,1,#,reference,candidates(datasheet-pin-table+rm-remap-grid:en)
CH32V303,afio-tim3-remap,PCFR1,PCFR1:10;PCFR1:11,2,TIM3,ETR,TIM3_ETR,PD2,D,2,#,reference,candidates(datasheet-pin-table+rm-remap-grid:en)
CH32V303,afio-tim3-remap,PCFR1,PCFR1:10;PCFR1:11,3,TIM3,CH1,TIM3_CH1,PC6,C,6,#,reference,candidates(datasheet-pin-table+rm-remap-grid:en)
CH32V303,afio-tim3-remap,PCFR1,PCFR1:10;PCFR1:11,3,TIM3,CH2,TIM3_CH2,PC7,C,7,#,reference,candidates(datasheet-pin-table+rm-remap-grid:en)
CH32V303,afio-tim3-remap,PCFR1,PCFR1:10;PCFR1:11,3,TIM3,CH3,TIM3_CH3,PC8,C,8,#,reference,candidates(datasheet-pin-table+rm-remap-grid:en)
CH32V303,afio-tim3-remap,PCFR1,PCFR1:10;PCFR1:11,3,TIM3,CH4,TIM3_CH4,PC9,C,9,#,reference,candidates(datasheet-pin-table+rm-remap-grid:en)
CH32V303,afio-tim3-remap,PCFR1,PCFR1:10;PCFR1:11,3,TIM3,ETR,TIM3_ETR,PD2,D,2,#,reference,candidates(datasheet-pin-table+rm-remap-grid:en)
CH32V303,afio-tim4-remap,PCFR1,PCFR1:12,0,TIM4,CH1,TIM4_CH1,PB6,B,6,#,reference,candidates(datasheet-pin-table-default:en)
CH32V303,afio-tim4-remap,PCFR1,PCFR1:12,0,TIM4,CH2,TIM4_CH2,PB7,B,7,#,reference,candidates(datasheet-pin-table-default:en)
CH32V303,afio-tim4-remap,PCFR1,PCFR1:12,0,TIM4,CH3,TIM4_CH3,PB8,B,8,#,reference,candidates(datasheet-pin-table-default:en)
CH32V303,afio-tim4-remap,PCFR1,PCFR1:12,0,TIM4,CH4,TIM4_CH4,PB9,B,9,#,reference,candidates(datasheet-pin-table-default:en)
CH32V303,afio-tim4-remap,PCFR1,PCFR1:12,0,TIM4,ETR,TIM4_ETR,PE0,E,0,#,reference,candidates(datasheet-pin-table-default:en)
CH32V303,afio-tim4-remap,PCFR1,PCFR1:12,1,TIM4,CH1,TIM4_CH1,PD12,D,12,#,reference,candidates(datasheet-pin-table+rm-remap-grid:en)
CH32V303,afio-tim4-remap,PCFR1,PCFR1:12,1,TIM4,CH2,TIM4_CH2,PD13,D,13,#,reference,candidates(datasheet-pin-table+rm-remap-grid:en)
CH32V303,afio-tim4-remap,PCFR1,PCFR1:12,1,TIM4,CH3,TIM4_CH3,PD14,D,14,#,reference,candidates(datasheet-pin-table+rm-remap-grid:en)
CH32V303,afio-tim4-remap,PCFR1,PCFR1:12,1,TIM4,CH4,TIM4_CH4,PD15,D,15,#,reference,candidates(datasheet-pin-table+rm-remap-grid:en)
CH32V303,afio-tim4-remap,PCFR1,PCFR1:12,1,TIM4,ETR,TIM4_ETR,PE0,E,0,#,reference,candidates(datasheet-pin-table+rm-remap-grid:en)
CH32V303,afio-tim5ch4-rm,PCFR1,PCFR1:16,0,TIM5,CH4,TIM5_CH4,PA3,A,3,#,reference,candidates(datasheet-pin-table-default:en)
CH32V303,afio-tim8-remap,PCFR2,PCFR2:2,0,TIM8,BKIN,TIM8_BKIN,PA6,A,6,#,reference,candidates(datasheet-pin-table-default:en)
CH32V303,afio-tim8-remap,PCFR2,PCFR2:2,0,TIM8,CH1,TIM8_CH1,PC6,C,6,#,reference,candidates(datasheet-pin-table-default:en)
CH32V303,afio-tim8-remap,PCFR2,PCFR2:2,0,TIM8,CH1N,TIM8_CH1N,PA7,A,7,#,reference,candidates(datasheet-pin-table-default:en)
CH32V303,afio-tim8-remap,PCFR2,PCFR2:2,0,TIM8,CH2,TIM8_CH2,PC7,C,7,#,reference,candidates(datasheet-pin-table-default:en)
CH32V303,afio-tim8-remap,PCFR2,PCFR2:2,0,TIM8,CH2N,TIM8_CH2N,PB0,B,0,#,reference,candidates(datasheet-pin-table-default:en)
CH32V303,afio-tim8-remap,PCFR2,PCFR2:2,0,TIM8,CH3,TIM8_CH3,PC8,C,8,#,reference,candidates(datasheet-pin-table-default:en)
CH32V303,afio-tim8-remap,PCFR2,PCFR2:2,0,TIM8,CH3N,TIM8_CH3N,PB1,B,1,#,reference,candidates(datasheet-pin-table-default:en)
CH32V303,afio-tim8-remap,PCFR2,PCFR2:2,0,TIM8,CH4,TIM8_CH4,PC9,C,9,#,reference,candidates(datasheet-pin-table-default:en)
CH32V303,afio-tim8-remap,PCFR2,PCFR2:2,0,TIM8,ETR,TIM8_ETR,PA0-WKUP,A,0,#,reference,candidates(datasheet-pin-table-default:en)
CH32V303,afio-tim8-remap,PCFR2,PCFR2:2,1,TIM8,BKIN,TIM8_BKIN,PB9,B,9,#,reference,candidates(datasheet-pin-table+rm-remap-grid:en)
CH32V303,afio-tim8-remap,PCFR2,PCFR2:2,1,TIM8,CH1,TIM8_CH1,PB6,B,6,#,reference,candidates(datasheet-pin-table+rm-remap-grid:en)
CH32V303,afio-tim8-remap,PCFR2,PCFR2:2,1,TIM8,CH1N,TIM8_CH1N,PA13,A,13,#,reference,candidates(datasheet-pin-table+rm-remap-grid:en)
CH32V303,afio-tim8-remap,PCFR2,PCFR2:2,1,TIM8,CH2,TIM8_CH2,PB7,B,7,#,reference,candidates(datasheet-pin-table+rm-remap-grid:en)
CH32V303,afio-tim8-remap,PCFR2,PCFR2:2,1,TIM8,CH2N,TIM8_CH2N,PA14,A,14,#,reference,candidates(datasheet-pin-table+rm-remap-grid:en)
CH32V303,afio-tim8-remap,PCFR2,PCFR2:2,1,TIM8,CH3,TIM8_CH3,PB8,B,8,#,reference,candidates(datasheet-pin-table+rm-remap-grid:en)
CH32V303,afio-tim8-remap,PCFR2,PCFR2:2,1,TIM8,CH3N,TIM8_CH3N,PA15,A,15,#,reference,candidates(datasheet-pin-table+rm-remap-grid:en)
CH32V303,afio-tim8-remap,PCFR2,PCFR2:2,1,TIM8,CH4,TIM8_CH4,PC13-TAMPER-RTC,C,13,#,reference,candidates(datasheet-pin-table+rm-remap-grid:en)
CH32V303,afio-tim8-remap,PCFR2,PCFR2:2,1,TIM8,ETR,TIM8_ETR,PA0-WKUP,A,0,#,reference,candidates(datasheet-pin-table+rm-remap-grid:en)
CH32V303,afio-tim9-remap,PCFR2,PCFR2:3;PCFR2:4,0,TIM9,BKIN,TIM9_BKIN,PC5,C,5,#,reference,candidates(datasheet-pin-table-default:en)
CH32V303,afio-tim9-remap,PCFR2,PCFR2:3;PCFR2:4,0,TIM9,CH1,TIM9_CH1,PA2,A,2,#,reference,candidates(datasheet-pin-table-default:en)
CH32V303,afio-tim9-remap,PCFR2,PCFR2:3;PCFR2:4,0,TIM9,CH1N,TIM9_CH1N,PC0,C,0,#,reference,candidates(datasheet-pin-table-default:en)
CH32V303,afio-tim9-remap,PCFR2,PCFR2:3;PCFR2:4,0,TIM9,CH2,TIM9_CH2,PA3,A,3,#,reference,candidates(datasheet-pin-table-default:en)
CH32V303,afio-tim9-remap,PCFR2,PCFR2:3;PCFR2:4,0,TIM9,CH2N,TIM9_CH2N,PC1,C,1,#,reference,candidates(datasheet-pin-table-default:en)
CH32V303,afio-tim9-remap,PCFR2,PCFR2:3;PCFR2:4,0,TIM9,CH3,TIM9_CH3,PA4,A,4,#,reference,candidates(datasheet-pin-table-default:en)
CH32V303,afio-tim9-remap,PCFR2,PCFR2:3;PCFR2:4,0,TIM9,CH3N,TIM9_CH3N,PC2,C,2,#,reference,candidates(datasheet-pin-table-default:en)
CH32V303,afio-tim9-remap,PCFR2,PCFR2:3;PCFR2:4,0,TIM9,CH4,TIM9_CH4,PC4,C,4,#,reference,candidates(datasheet-pin-table-default:en)
CH32V303,afio-tim9-remap,PCFR2,PCFR2:3;PCFR2:4,0,TIM9,ETR,TIM9_ETR,PA2,A,2,#,reference,candidates(datasheet-pin-table-default:en)
CH32V303,afio-tim9-remap,PCFR2,PCFR2:3;PCFR2:4,1,TIM9,BKIN,TIM9_BKIN,PA1,A,1,#,reference,candidates(datasheet-pin-table+rm-remap-grid:en)
CH32V303,afio-tim9-remap,PCFR2,PCFR2:3;PCFR2:4,1,TIM9,CH1,TIM9_CH1,PA2,A,2,#,reference,candidates(datasheet-pin-table+rm-remap-grid:en)
CH32V303,afio-tim9-remap,PCFR2,PCFR2:3;PCFR2:4,1,TIM9,CH1N,TIM9_CH1N,PB0,B,0,#,reference,candidates(datasheet-pin-table+rm-remap-grid:en)
CH32V303,afio-tim9-remap,PCFR2,PCFR2:3;PCFR2:4,1,TIM9,CH2,TIM9_CH2,PA3,A,3,#,reference,candidates(datasheet-pin-table+rm-remap-grid:en)
CH32V303,afio-tim9-remap,PCFR2,PCFR2:3;PCFR2:4,1,TIM9,CH2N,TIM9_CH2N,PB1,B,1,#,reference,candidates(datasheet-pin-table+rm-remap-grid:en)
CH32V303,afio-tim9-remap,PCFR2,PCFR2:3;PCFR2:4,1,TIM9,CH3,TIM9_CH3,PA4,A,4,#,reference,candidates(datasheet-pin-table+rm-remap-grid:en)
CH32V303,afio-tim9-remap,PCFR2,PCFR2:3;PCFR2:4,1,TIM9,CH3N,TIM9_CH3N,PB2,B,2,#,reference,candidates(datasheet-pin-table+rm-remap-grid:en)
CH32V303,afio-tim9-remap,PCFR2,PCFR2:3;PCFR2:4,1,TIM9,CH4,TIM9_CH4,PC14-OSC32_IN,C,14,#,reference,candidates(datasheet-pin-table+rm-remap-grid:en)
CH32V303,afio-tim9-remap,PCFR2,PCFR2:3;PCFR2:4,1,TIM9,ETR,TIM9_ETR,PA2,A,2,#,reference,candidates(datasheet-pin-table+rm-remap-grid:en)
CH32V303,afio-tim9-remap,PCFR2,PCFR2:3;PCFR2:4,2,TIM9,BKIN,TIM9_BKIN,PD14,D,14,#,reference,candidates(datasheet-pin-table+rm-remap-grid:en)
CH32V303,afio-tim9-remap,PCFR2,PCFR2:3;PCFR2:4,2,TIM9,CH1,TIM9_CH1,PD9,D,9,#,reference,candidates(datasheet-pin-table+rm-remap-grid:en)
CH32V303,afio-tim9-remap,PCFR2,PCFR2:3;PCFR2:4,2,TIM9,CH1N,TIM9_CH1N,PD8,D,8,#,reference,candidates(datasheet-pin-table+rm-remap-grid:en)
CH32V303,afio-tim9-remap,PCFR2,PCFR2:3;PCFR2:4,2,TIM9,CH2,TIM9_CH2,PD11,D,11,#,reference,candidates(datasheet-pin-table+rm-remap-grid:en)
CH32V303,afio-tim9-remap,PCFR2,PCFR2:3;PCFR2:4,2,TIM9,CH2N,TIM9_CH2N,PD10,D,10,#,reference,candidates(datasheet-pin-table+rm-remap-grid:en)
CH32V303,afio-tim9-remap,PCFR2,PCFR2:3;PCFR2:4,2,TIM9,CH3,TIM9_CH3,PD13,D,13,#,reference,candidates(datasheet-pin-table+rm-remap-grid:en)
CH32V303,afio-tim9-remap,PCFR2,PCFR2:3;PCFR2:4,2,TIM9,CH3N,TIM9_CH3N,PD12,D,12,#,reference,candidates(datasheet-pin-table+rm-remap-grid:en)
CH32V303,afio-tim9-remap,PCFR2,PCFR2:3;PCFR2:4,2,TIM9,CH4,TIM9_CH4,PD15,D,15,#,reference,candidates(datasheet-pin-table+rm-remap-grid:en)
CH32V303,afio-tim9-remap,PCFR2,PCFR2:3;PCFR2:4,2,TIM9,ETR,TIM9_ETR,PD9,D,9,#,reference,candidates(datasheet-pin-table+rm-remap-grid:en)
CH32V303,afio-tim9-remap,PCFR2,PCFR2:3;PCFR2:4,3,TIM9,BKIN,TIM9_BKIN,PD14,D,14,#,reference,candidates(datasheet-pin-table+rm-remap-grid:en)
CH32V303,afio-tim9-remap,PCFR2,PCFR2:3;PCFR2:4,3,TIM9,CH1,TIM9_CH1,PD9,D,9,#,reference,candidates(datasheet-pin-table+rm-remap-grid:en)
CH32V303,afio-tim9-remap,PCFR2,PCFR2:3;PCFR2:4,3,TIM9,CH1N,TIM9_CH1N,PD8,D,8,#,reference,candidates(datasheet-pin-table+rm-remap-grid:en)
CH32V303,afio-tim9-remap,PCFR2,PCFR2:3;PCFR2:4,3,TIM9,CH2,TIM9_CH2,PD11,D,11,#,reference,candidates(datasheet-pin-table+rm-remap-grid:en)
CH32V303,afio-tim9-remap,PCFR2,PCFR2:3;PCFR2:4,3,TIM9,CH2N,TIM9_CH2N,PD10,D,10,#,reference,candidates(datasheet-pin-table+rm-remap-grid:en)
CH32V303,afio-tim9-remap,PCFR2,PCFR2:3;PCFR2:4,3,TIM9,CH3,TIM9_CH3,PD13,D,13,#,reference,candidates(datasheet-pin-table+rm-remap-grid:en)
CH32V303,afio-tim9-remap,PCFR2,PCFR2:3;PCFR2:4,3,TIM9,CH3N,TIM9_CH3N,PD12,D,12,#,reference,candidates(datasheet-pin-table+rm-remap-grid:en)
CH32V303,afio-tim9-remap,PCFR2,PCFR2:3;PCFR2:4,3,TIM9,CH4,TIM9_CH4,PD15,D,15,#,reference,candidates(datasheet-pin-table+rm-remap-grid:en)
CH32V303,afio-tim9-remap,PCFR2,PCFR2:3;PCFR2:4,3,TIM9,ETR,TIM9_ETR,PD9,D,9,#,reference,candidates(datasheet-pin-table+rm-remap-grid:en)
CH32V303,afio-usart1-remap,PCFR1|PCFR2,PCFR1:2;PCFR2:26,0,USART1,CK,USART1_CK,PA8,A,8,#,reference,candidates(datasheet-pin-table-default:en)
CH32V303,afio-usart1-remap,PCFR1|PCFR2,PCFR1:2;PCFR2:26,0,USART1,CTS,USART1_CTS,PA11,A,11,#,reference,candidates(datasheet-pin-table-default:en)
CH32V303,afio-usart1-remap,PCFR1|PCFR2,PCFR1:2;PCFR2:26,0,USART1,RTS,USART1_RTS,PA12,A,12,#,reference,candidates(datasheet-pin-table-default:en)
CH32V303,afio-usart1-remap,PCFR1|PCFR2,PCFR1:2;PCFR2:26,0,USART1,RX,USART1_RX,PA10,A,10,#,reference,candidates(datasheet-pin-table-default:en)
CH32V303,afio-usart1-remap,PCFR1|PCFR2,PCFR1:2;PCFR2:26,0,USART1,TX,USART1_TX,PA9,A,9,#,reference,candidates(datasheet-pin-table-default:en)
CH32V303,afio-usart1-remap,PCFR1|PCFR2,PCFR1:2;PCFR2:26,1,USART1,CK,USART1_CK,PA8,A,8,#,reference,candidates(datasheet-pin-table+rm-remap-grid:en)
CH32V303,afio-usart1-remap,PCFR1|PCFR2,PCFR1:2;PCFR2:26,1,USART1,CTS,USART1_CTS,PA11,A,11,#,reference,candidates(datasheet-pin-table+rm-remap-grid:en)
CH32V303,afio-usart1-remap,PCFR1|PCFR2,PCFR1:2;PCFR2:26,1,USART1,RTS,USART1_RTS,PA12,A,12,#,reference,candidates(datasheet-pin-table+rm-remap-grid:en)
CH32V303,afio-usart1-remap,PCFR1|PCFR2,PCFR1:2;PCFR2:26,1,USART1,RX,USART1_RX,PB7,B,7,#,reference,candidates(datasheet-pin-table+rm-remap-grid:en)
CH32V303,afio-usart1-remap,PCFR1|PCFR2,PCFR1:2;PCFR2:26,1,USART1,TX,USART1_TX,PB6,B,6,#,reference,candidates(datasheet-pin-table+rm-remap-grid:en)
CH32V303,afio-usart1-remap,PCFR1|PCFR2,PCFR1:2;PCFR2:26,2,USART1,CK,USART1_CK,PA10,A,10,#,reference,candidates(datasheet-pin-table+rm-remap-grid:en)
CH32V303,afio-usart1-remap,PCFR1|PCFR2,PCFR1:2;PCFR2:26,2,USART1,CTS,USART1_CTS,PA5,A,5,#,reference,candidates(datasheet-pin-table+rm-remap-grid:en)
CH32V303,afio-usart1-remap,PCFR1|PCFR2,PCFR1:2;PCFR2:26,2,USART1,RTS,USART1_RTS,PA9,A,9,#,reference,candidates(datasheet-pin-table+rm-remap-grid:en)
CH32V303,afio-usart1-remap,PCFR1|PCFR2,PCFR1:2;PCFR2:26,2,USART1,RX,USART1_RX,PA8,A,8,#,reference,candidates(datasheet-pin-table+rm-remap-grid:en)
CH32V303,afio-usart1-remap,PCFR1|PCFR2,PCFR1:2;PCFR2:26,2,USART1,TX,USART1_TX,PB15,B,15,#,reference,candidates(datasheet-pin-table+rm-remap-grid:en)
CH32V303,afio-usart1-remap,PCFR1|PCFR2,PCFR1:2;PCFR2:26,3,USART1,CK,USART1_CK,PA5,A,5,#,reference,candidates(datasheet-pin-table+rm-remap-grid:en)
CH32V303,afio-usart1-remap,PCFR1|PCFR2,PCFR1:2;PCFR2:26,3,USART1,CTS,USART1_CTS,PC4,C,4,#,reference,candidates(datasheet-pin-table+rm-remap-grid:en)
CH32V303,afio-usart1-remap,PCFR1|PCFR2,PCFR1:2;PCFR2:26,3,USART1,RTS,USART1_RTS,PC5,C,5,#,reference,candidates(datasheet-pin-table+rm-remap-grid:en)
CH32V303,afio-usart1-remap,PCFR1|PCFR2,PCFR1:2;PCFR2:26,3,USART1,RX,USART1_RX,PA7,A,7,#,reference,candidates(datasheet-pin-table+rm-remap-grid:en)
CH32V303,afio-usart1-remap,PCFR1|PCFR2,PCFR1:2;PCFR2:26,3,USART1,TX,USART1_TX,PA6,A,6,#,reference,candidates(datasheet-pin-table+rm-remap-grid:en)
CH32V303,afio-usart2-remap,PCFR1,PCFR1:3,0,USART2,CK,USART2_CK,PA4,A,4,#,reference,candidates(datasheet-pin-table-default:en)
CH32V303,afio-usart2-remap,PCFR1,PCFR1:3,0,USART2,CTS,USART2_CTS,PA0-WKUP,A,0,#,reference,candidates(datasheet-pin-table-default:en)
CH32V303,afio-usart2-remap,PCFR1,PCFR1:3,0,USART2,RTS,USART2_RTS,PA1,A,1,#,reference,candidates(datasheet-pin-table-default:en)
CH32V303,afio-usart2-remap,PCFR1,PCFR1:3,0,USART2,RX,USART2_RX,PA3,A,3,#,reference,candidates(datasheet-pin-table-default:en)
CH32V303,afio-usart2-remap,PCFR1,PCFR1:3,0,USART2,TX,USART2_TX,PA2,A,2,#,reference,candidates(datasheet-pin-table-default:en)
CH32V303,afio-usart2-remap,PCFR1,PCFR1:3,1,USART2,CK,USART2_CK,PD7,D,7,#,reference,candidates(datasheet-pin-table+rm-remap-grid:en)
CH32V303,afio-usart2-remap,PCFR1,PCFR1:3,1,USART2,CTS,USART2_CTS,PD3,D,3,#,reference,candidates(datasheet-pin-table+rm-remap-grid:en)
CH32V303,afio-usart2-remap,PCFR1,PCFR1:3,1,USART2,RTS,USART2_RTS,PD4,D,4,#,reference,candidates(datasheet-pin-table+rm-remap-grid:en)
CH32V303,afio-usart2-remap,PCFR1,PCFR1:3,1,USART2,RX,USART2_RX,PD6,D,6,#,reference,candidates(datasheet-pin-table+rm-remap-grid:en)
CH32V303,afio-usart2-remap,PCFR1,PCFR1:3,1,USART2,TX,USART2_TX,PD5,D,5,#,reference,candidates(datasheet-pin-table+rm-remap-grid:en)
CH32V303,afio-usart3-remap,PCFR1,PCFR1:4;PCFR1:5,0,USART3,CK,USART3_CK,PB12,B,12,#,reference,candidates(datasheet-pin-table-default:en)
CH32V303,afio-usart3-remap,PCFR1,PCFR1:4;PCFR1:5,0,USART3,CTS,USART3_CTS,PB13,B,13,#,reference,candidates(datasheet-pin-table-default:en)
CH32V303,afio-usart3-remap,PCFR1,PCFR1:4;PCFR1:5,0,USART3,RTS,USART3_RTS,PB14,B,14,#,reference,candidates(datasheet-pin-table-default:en)
CH32V303,afio-usart3-remap,PCFR1,PCFR1:4;PCFR1:5,0,USART3,RX,USART3_RX,PB11,B,11,#,reference,candidates(datasheet-pin-table-default:en)
CH32V303,afio-usart3-remap,PCFR1,PCFR1:4;PCFR1:5,0,USART3,TX,USART3_TX,PB10,B,10,#,reference,candidates(datasheet-pin-table-default:en)
CH32V303,afio-usart3-remap,PCFR1,PCFR1:4;PCFR1:5,1,USART3,CK,USART3_CK,PC12,C,12,#,reference,candidates(datasheet-pin-table+rm-remap-grid:en)
CH32V303,afio-usart3-remap,PCFR1,PCFR1:4;PCFR1:5,1,USART3,CTS,USART3_CTS,PB13,B,13,#,reference,candidates(datasheet-pin-table+rm-remap-grid:en)
CH32V303,afio-usart3-remap,PCFR1,PCFR1:4;PCFR1:5,1,USART3,RTS,USART3_RTS,PB14,B,14,#,reference,candidates(datasheet-pin-table+rm-remap-grid:en)
CH32V303,afio-usart3-remap,PCFR1,PCFR1:4;PCFR1:5,1,USART3,RX,USART3_RX,PC11,C,11,#,reference,candidates(datasheet-pin-table+rm-remap-grid:en)
CH32V303,afio-usart3-remap,PCFR1,PCFR1:4;PCFR1:5,1,USART3,TX,USART3_TX,PC10,C,10,#,reference,candidates(datasheet-pin-table+rm-remap-grid:en)
CH32V303,afio-usart3-remap,PCFR1,PCFR1:4;PCFR1:5,2,USART3,CK,USART3_CK,PD10,D,10,#,reference,candidates(datasheet-pin-table+rm-remap-grid:en)
CH32V303,afio-usart3-remap,PCFR1,PCFR1:4;PCFR1:5,2,USART3,CTS,USART3_CTS,PD11,D,11,#,reference,candidates(datasheet-pin-table+rm-remap-grid:en)
CH32V303,afio-usart3-remap,PCFR1,PCFR1:4;PCFR1:5,2,USART3,RTS,USART3_RTS,PD12,D,12,#,reference,candidates(datasheet-pin-table+rm-remap-grid:en)
CH32V303,afio-usart3-remap,PCFR1,PCFR1:4;PCFR1:5,2,USART3,RX,USART3_RX,PA14,A,14,#,reference,candidates(datasheet-pin-table+rm-remap-grid:en)
CH32V303,afio-usart3-remap,PCFR1,PCFR1:4;PCFR1:5,2,USART3,TX,USART3_TX,PA13,A,13,#,reference,candidates(datasheet-pin-table+rm-remap-grid:en)
CH32V303,afio-usart3-remap,PCFR1,PCFR1:4;PCFR1:5,3,USART3,CK,USART3_CK,PD10,D,10,#,reference,candidates(datasheet-pin-table+rm-remap-grid:en)
CH32V303,afio-usart3-remap,PCFR1,PCFR1:4;PCFR1:5,3,USART3,CTS,USART3_CTS,PD11,D,11,#,reference,candidates(datasheet-pin-table+rm-remap-grid:en)
CH32V303,afio-usart3-remap,PCFR1,PCFR1:4;PCFR1:5,3,USART3,RTS,USART3_RTS,PD12,D,12,#,reference,candidates(datasheet-pin-table+rm-remap-grid:en)
CH32V303,afio-usart3-remap,PCFR1,PCFR1:4;PCFR1:5,3,USART3,RX,USART3_RX,PD9,D,9,#,reference,candidates(datasheet-pin-table+rm-remap-grid:en)
CH32V303,afio-usart3-remap,PCFR1,PCFR1:4;PCFR1:5,3,USART3,TX,USART3_TX,PD8,D,8,#,reference,candidates(datasheet-pin-table+rm-remap-grid:en)
CH32V303,afio-usart4-remap,PCFR2,PCFR2:16;PCFR2:17,0,USART4,RX,UART4_RX,PC11,C,11,#,reference,candidates(datasheet-pin-table-default:en)
CH32V303,afio-usart4-remap,PCFR2,PCFR2:16;PCFR2:17,0,USART4,TX,UART4_TX,PC10,C,10,#,reference,candidates(datasheet-pin-table-default:en)
CH32V303,afio-usart4-remap,PCFR2,PCFR2:16;PCFR2:17,1,USART4,RX,UART4_RX,PB1,B,1,#,reference,candidates(datasheet-pin-table+rm-remap-grid:en)
CH32V303,afio-usart4-remap,PCFR2,PCFR2:16;PCFR2:17,1,USART4,TX,UART4_TX,PB0,B,0,#,reference,candidates(datasheet-pin-table+rm-remap-grid:en)
CH32V303,afio-usart4-remap,PCFR2,PCFR2:16;PCFR2:17,2,USART4,RX,UART4_RX,PE1,E,1,#,reference,candidates(datasheet-pin-table+rm-remap-grid:en)
CH32V303,afio-usart4-remap,PCFR2,PCFR2:16;PCFR2:17,2,USART4,TX,UART4_TX,PE0,E,0,#,reference,candidates(datasheet-pin-table+rm-remap-grid:en)
CH32V303,afio-usart4-remap,PCFR2,PCFR2:16;PCFR2:17,3,USART4,RX,UART4_RX,PE1,E,1,#,reference,candidates(datasheet-pin-table+rm-remap-grid:en)
CH32V303,afio-usart4-remap,PCFR2,PCFR2:16;PCFR2:17,3,USART4,TX,UART4_TX,PE0,E,0,#,reference,candidates(datasheet-pin-table+rm-remap-grid:en)
CH32V303,afio-usart5-remap,PCFR2,PCFR2:18;PCFR2:19,0,USART5,RX,UART5_RX,PD2,D,2,#,reference,candidates(datasheet-pin-table-default:en)
CH32V303,afio-usart5-remap,PCFR2,PCFR2:18;PCFR2:19,0,USART5,TX,UART5_TX,PC12,C,12,#,reference,candidates(datasheet-pin-table-default:en)
CH32V303,afio-usart5-remap,PCFR2,PCFR2:18;PCFR2:19,1,USART5,RX,UART5_RX,PB5,B,5,#,reference,candidates(datasheet-pin-table+rm-remap-grid:en)
CH32V303,afio-usart5-remap,PCFR2,PCFR2:18;PCFR2:19,1,USART5,TX,UART5_TX,PB4,B,4,#,reference,candidates(datasheet-pin-table+rm-remap-grid:en)
CH32V303,afio-usart5-remap,PCFR2,PCFR2:18;PCFR2:19,2,USART5,RX,UART5_RX,PE9,E,9,#,reference,candidates(datasheet-pin-table+rm-remap-grid:en)
CH32V303,afio-usart5-remap,PCFR2,PCFR2:18;PCFR2:19,2,USART5,TX,UART5_TX,PE8,E,8,#,reference,candidates(datasheet-pin-table+rm-remap-grid:en)
CH32V303,afio-usart5-remap,PCFR2,PCFR2:18;PCFR2:19,3,USART5,RX,UART5_RX,PE9,E,9,#,reference,candidates(datasheet-pin-table+rm-remap-grid:en)
CH32V303,afio-usart5-remap,PCFR2,PCFR2:18;PCFR2:19,3,USART5,TX,UART5_TX,PE8,E,8,#,reference,candidates(datasheet-pin-table+rm-remap-grid:en)
CH32V303,afio-usart6-remap,PCFR2,PCFR2:20;PCFR2:21,0,USART6,RX,UART6_RX,PC1,C,1,#,reference,candidates(datasheet-pin-table-default:en)
CH32V303,afio-usart6-remap,PCFR2,PCFR2:20;PCFR2:21,0,USART6,TX,UART6_TX,PC0,C,0,#,reference,candidates(datasheet-pin-table-default:en)
CH32V303,afio-usart6-remap,PCFR2,PCFR2:20;PCFR2:21,1,USART6,RX,UART6_RX,PB9,B,9,#,reference,candidates(datasheet-pin-table+rm-remap-grid:en)
CH32V303,afio-usart6-remap,PCFR2,PCFR2:20;PCFR2:21,1,USART6,TX,UART6_TX,PB8,B,8,#,reference,candidates(datasheet-pin-table+rm-remap-grid:en)
CH32V303,afio-usart6-remap,PCFR2,PCFR2:20;PCFR2:21,2,USART6,RX,UART6_RX,PE11,E,11,#,reference,candidates(datasheet-pin-table+rm-remap-grid:en)
CH32V303,afio-usart6-remap,PCFR2,PCFR2:20;PCFR2:21,2,USART6,TX,UART6_TX,PE10,E,10,#,reference,candidates(datasheet-pin-table+rm-remap-grid:en)
CH32V303,afio-usart6-remap,PCFR2,PCFR2:20;PCFR2:21,3,USART6,RX,UART6_RX,PE11,E,11,#,reference,candidates(datasheet-pin-table+rm-remap-grid:en)
CH32V303,afio-usart6-remap,PCFR2,PCFR2:20;PCFR2:21,3,USART6,TX,UART6_TX,PE10,E,10,#,reference,candidates(datasheet-pin-table+rm-remap-grid:en)
CH32V303,afio-usart7-remap,PCFR2,PCFR2:22;PCFR2:23,0,USART7,RX,UART7_RX,PC3,C,3,#,reference,candidates(datasheet-pin-table-default:en)
CH32V303,afio-usart7-remap,PCFR2,PCFR2:22;PCFR2:23,0,USART7,TX,UART7_TX,PC2,C,2,#,reference,candidates(datasheet-pin-table-default:en)
CH32V303,afio-usart7-remap,PCFR2,PCFR2:22;PCFR2:23,1,USART7,RX,UART7_RX,PA7,A,7,#,reference,candidates(datasheet-pin-table+rm-remap-grid:en)
CH32V303,afio-usart7-remap,PCFR2,PCFR2:22;PCFR2:23,1,USART7,TX,UART7_TX,PA6,A,6,#,reference,candidates(datasheet-pin-table+rm-remap-grid:en)
CH32V303,afio-usart7-remap,PCFR2,PCFR2:22;PCFR2:23,2,USART7,RX,UART7_RX,PE13,E,13,#,reference,candidates(datasheet-pin-table+rm-remap-grid:en)
CH32V303,afio-usart7-remap,PCFR2,PCFR2:22;PCFR2:23,2,USART7,TX,UART7_TX,PE12,E,12,#,reference,candidates(datasheet-pin-table+rm-remap-grid:en)
CH32V303,afio-usart7-remap,PCFR2,PCFR2:22;PCFR2:23,3,USART7,RX,UART7_RX,PE13,E,13,#,reference,candidates(datasheet-pin-table+rm-remap-grid:en)
CH32V303,afio-usart7-remap,PCFR2,PCFR2:22;PCFR2:23,3,USART7,TX,UART7_TX,PE12,E,12,#,reference,candidates(datasheet-pin-table+rm-remap-grid:en)
CH32V303,afio-usart8-remap,PCFR2,PCFR2:24;PCFR2:25,0,USART8,RX,UART8_RX,PC5,C,5,#,reference,candidates(datasheet-pin-table-default:en)
CH32V303,afio-usart8-remap,PCFR2,PCFR2:24;PCFR2:25,0,USART8,TX,UART8_TX,PC4,C,4,#,reference,candidates(datasheet-pin-table-default:en)
CH32V303,afio-usart8-remap,PCFR2,PCFR2:24;PCFR2:25,1,USART8,RX,UART8_RX,PA15,A,15,#,reference,candidates(datasheet-pin-table+rm-remap-grid:en)
CH32V303,afio-usart8-remap,PCFR2,PCFR2:24;PCFR2:25,1,USART8,TX,UART8_TX,PA14,A,14,#,reference,candidates(datasheet-pin-table+rm-remap-grid:en)
CH32V303,afio-usart8-remap,PCFR2,PCFR2:24;PCFR2:25,2,USART8,RX,UART8_RX,PE15,E,15,#,reference,candidates(datasheet-pin-table+rm-remap-grid:en)
CH32V303,afio-usart8-remap,PCFR2,PCFR2:24;PCFR2:25,2,USART8,TX,UART8_TX,PE14,E,14,#,reference,candidates(datasheet-pin-table+rm-remap-grid:en)
CH32V303,afio-usart8-remap,PCFR2,PCFR2:24;PCFR2:25,3,USART8,RX,UART8_RX,PE15,E,15,#,reference,candidates(datasheet-pin-table+rm-remap-grid:en)
CH32V303,afio-usart8-remap,PCFR2,PCFR2:24;PCFR2:25,3,USART8,TX,UART8_TX,PE14,E,14,#,reference,candidates(datasheet-pin-table+rm-remap-grid:en)
CH32V305,afio-can-remap,PCFR1,PCFR1:13;PCFR1:14,0,CAN1,RX,CAN1_RX,PA11,A,11,#,reference,candidates(datasheet-pin-table-default:en)
CH32V305,afio-can-remap,PCFR1,PCFR1:13;PCFR1:14,0,CAN1,TX,CAN1_TX,PA12,A,12,#,reference,candidates(datasheet-pin-table-default:en)
CH32V305,afio-can-remap,PCFR1,PCFR1:13;PCFR1:14,2,CAN1,RX,CAN1_RX,PB8,B,8,#,reference,candidates(datasheet-pin-table+rm-remap-grid:en)
CH32V305,afio-can-remap,PCFR1,PCFR1:13;PCFR1:14,2,CAN1,TX,CAN1_TX,PB9,B,9,#,reference,candidates(datasheet-pin-table+rm-remap-grid:en)
CH32V305,afio-can2-remap,PCFR1,PCFR1:22,0,CAN2,RX,CAN2_RX,PB12,B,12,#,reference,candidates(datasheet-pin-table-default:en)
CH32V305,afio-can2-remap,PCFR1,PCFR1:22,0,CAN2,TX,CAN2_TX,PB13,B,13,#,reference,candidates(datasheet-pin-table-default:en)
CH32V305,afio-can2-remap,PCFR1,PCFR1:22,1,CAN2,RX,CAN2_RX,PB5,B,5,#,reference,candidates(datasheet-pin-table+rm-remap-grid:en)
CH32V305,afio-can2-remap,PCFR1,PCFR1:22,1,CAN2,TX,CAN2_TX,PB6,B,6,#,reference,candidates(datasheet-pin-table+rm-remap-grid:en)
CH32V305,afio-eth-remap,PCFR1,PCFR1:21,0,ETH,MII_COL,ETH_MII_COL,PA3,A,3,#,reference,candidates(datasheet-pin-table-default:en)
CH32V305,afio-eth-remap,PCFR1,PCFR1:21,0,ETH,MII_CRS,ETH_MII_CRS,PA0-WKUP,A,0,#,reference,candidates(datasheet-pin-table-default:en)
CH32V305,afio-eth-remap,PCFR1,PCFR1:21,0,ETH,MII_MDC,ETH_MII_MDC,PC1,C,1,#,reference,candidates(datasheet-pin-table-default:en)
CH32V305,afio-eth-remap,PCFR1,PCFR1:21,0,ETH,MII_MDIO,ETH_MII_MDIO,PA2,A,2,#,reference,candidates(datasheet-pin-table-default:en)
CH32V305,afio-eth-remap,PCFR1,PCFR1:21,0,ETH,MII_PPS_OUT,ETH_MII_PPS_OUT,PB5,B,5,#,reference,candidates(datasheet-pin-table-default:en)
CH32V305,afio-eth-remap,PCFR1,PCFR1:21,0,ETH,MII_RXD0,ETH_MII_RXD0,PC4,C,4,#,reference,candidates(datasheet-pin-table-default:en)
CH32V305,afio-eth-remap,PCFR1,PCFR1:21,0,ETH,MII_RXD1,ETH_MII_RXD1,PC5,C,5,#,reference,candidates(datasheet-pin-table-default:en)
CH32V305,afio-eth-remap,PCFR1,PCFR1:21,0,ETH,MII_RXD2,ETH_MII_RXD2,PB0,B,0,#,reference,candidates(datasheet-pin-table-default:en)
CH32V305,afio-eth-remap,PCFR1,PCFR1:21,0,ETH,MII_RXD3,ETH_MII_RXD3,PB1,B,1,#,reference,candidates(datasheet-pin-table-default:en)
CH32V305,afio-eth-remap,PCFR1,PCFR1:21,0,ETH,MII_RX_CLK,ETH_MII_RX_CLK,PA1,A,1,#,reference,candidates(datasheet-pin-table-default:en)
CH32V305,afio-eth-remap,PCFR1,PCFR1:21,0,ETH,MII_RX_DV,ETH_MII_RX_DV,PA7,A,7,#,reference,candidates(datasheet-pin-table-default:en)
CH32V305,afio-eth-remap,PCFR1,PCFR1:21,0,ETH,MII_RX_ER,ETH_MII_RX_ER,PB10,B,10,#,reference,candidates(datasheet-pin-table-default:en)
CH32V305,afio-eth-remap,PCFR1,PCFR1:21,0,ETH,MII_TXD0,ETH_MII_TXD0,PB12,B,12,#,reference,candidates(datasheet-pin-table-default:en)
CH32V305,afio-eth-remap,PCFR1,PCFR1:21,0,ETH,MII_TXD1,ETH_MII_TXD1,PB13,B,13,#,reference,candidates(datasheet-pin-table-default:en)
CH32V305,afio-eth-remap,PCFR1,PCFR1:21,0,ETH,MII_TXD2,ETH_MII_TXD2,PC2,C,2,#,reference,candidates(datasheet-pin-table-default:en)
CH32V305,afio-eth-remap,PCFR1,PCFR1:21,0,ETH,MII_TXD3,ETH_MII_TXD3,PB8,B,8,#,reference,candidates(datasheet-pin-table-default:en)
CH32V305,afio-eth-remap,PCFR1,PCFR1:21,0,ETH,MII_TX_CLK,ETH_MII_TX_CLK,PC3,C,3,#,reference,candidates(datasheet-pin-table-default:en)
CH32V305,afio-eth-remap,PCFR1,PCFR1:21,0,ETH,MII_TX_EN,ETH_MII_TX_EN,PB11,B,11,#,reference,candidates(datasheet-pin-table-default:en)
CH32V305,afio-eth-remap,PCFR1,PCFR1:21,0,ETH,RGMII_125IN,ETH_RGMII_125IN,PB1,B,1,#,reference,candidates(datasheet-pin-table-default:en)
CH32V305,afio-eth-remap,PCFR1,PCFR1:21,0,ETH,RGMII_GTXC,ETH_RGMII_GTXC,PA2,A,2,#,reference,candidates(datasheet-pin-table-default:en)
CH32V305,afio-eth-remap,PCFR1,PCFR1:21,0,ETH,RGMII_MDC,ETH_RGMII_MDC,PB12,B,12,#,reference,candidates(datasheet-pin-table-default:en)
CH32V305,afio-eth-remap,PCFR1,PCFR1:21,0,ETH,RGMII_MDIO,ETH_RGMII_MDIO,PB13,B,13,#,reference,candidates(datasheet-pin-table-default:en)
CH32V305,afio-eth-remap,PCFR1,PCFR1:21,0,ETH,RGMII_RXC,ETH_RGMII_RXC,PC0,C,0,#,reference,candidates(datasheet-pin-table-default:en)
CH32V305,afio-eth-remap,PCFR1,PCFR1:21,0,ETH,RGMII_RXCTL,ETH_RGMII_RXCTL,PC1,C,1,#,reference,candidates(datasheet-pin-table-default:en)
CH32V305,afio-eth-remap,PCFR1,PCFR1:21,0,ETH,RGMII_RXD0,ETH_RGMII_RXD0,PC2,C,2,#,reference,candidates(datasheet-pin-table-default:en)
CH32V305,afio-eth-remap,PCFR1,PCFR1:21,0,ETH,RGMII_RXD1,ETH_RGMII_RXD1,PC3,C,3,#,reference,candidates(datasheet-pin-table-default:en)
CH32V305,afio-eth-remap,PCFR1,PCFR1:21,0,ETH,RGMII_RXD2,ETH_RGMII_RXD2,PA0-WKUP,A,0,#,reference,candidates(datasheet-pin-table-default:en)
CH32V305,afio-eth-remap,PCFR1,PCFR1:21,0,ETH,RGMII_RXD3,ETH_RGMII_RXD3,PA1,A,1,#,reference,candidates(datasheet-pin-table-default:en)
CH32V305,afio-eth-remap,PCFR1,PCFR1:21,0,ETH,RGMII_TXD0,ETH_RGMII_TXD0,PA7,A,7,#,reference,candidates(datasheet-pin-table-default:en)
CH32V305,afio-eth-remap,PCFR1,PCFR1:21,0,ETH,RGMII_TXD1,ETH_RGMII_TXD1,PC4,C,4,#,reference,candidates(datasheet-pin-table-default:en)
CH32V305,afio-eth-remap,PCFR1,PCFR1:21,0,ETH,RGMII_TXD2,ETH_RGMII_TXD2,PC5,C,5,#,reference,candidates(datasheet-pin-table-default:en)
CH32V305,afio-eth-remap,PCFR1,PCFR1:21,0,ETH,RGMII_TXD3,ETH_RGMII_TXD3,PB0,B,0,#,reference,candidates(datasheet-pin-table-default:en)
CH32V305,afio-eth-remap,PCFR1,PCFR1:21,0,ETH,RGMII_TXEN,ETH_RGMII_TXEN,PA3,A,3,#,reference,candidates(datasheet-pin-table-default:en)
CH32V305,afio-eth-remap,PCFR1,PCFR1:21,0,ETH,RMII_CRS_DV,ETH_RMII_CRS_DV,PA7,A,7,#,reference,candidates(datasheet-pin-table-default:en)
CH32V305,afio-eth-remap,PCFR1,PCFR1:21,0,ETH,RMII_MDC,ETH_RMII_MDC,PC1,C,1,#,reference,candidates(datasheet-pin-table-default:en)
CH32V305,afio-eth-remap,PCFR1,PCFR1:21,0,ETH,RMII_MDIO,ETH_RMII_MDIO,PA2,A,2,#,reference,candidates(datasheet-pin-table-default:en)
CH32V305,afio-eth-remap,PCFR1,PCFR1:21,0,ETH,RMII_PPS_OUT,ETH_RMII_PPS_OUT,PB5,B,5,#,reference,candidates(datasheet-pin-table-default:en)
CH32V305,afio-eth-remap,PCFR1,PCFR1:21,0,ETH,RMII_REF_CLK,ETH_RMII_REF_CLK,PA1,A,1,#,reference,candidates(datasheet-pin-table-default:en)
CH32V305,afio-eth-remap,PCFR1,PCFR1:21,0,ETH,RMII_RXD0,ETH_RMII_RXD0,PC4,C,4,#,reference,candidates(datasheet-pin-table-default:en)
CH32V305,afio-eth-remap,PCFR1,PCFR1:21,0,ETH,RMII_RXD1,ETH_RMII_RXD1,PC5,C,5,#,reference,candidates(datasheet-pin-table-default:en)
CH32V305,afio-eth-remap,PCFR1,PCFR1:21,0,ETH,RMII_TXD0,ETH_RMII_TXD0,PB12,B,12,#,reference,candidates(datasheet-pin-table-default:en)
CH32V305,afio-eth-remap,PCFR1,PCFR1:21,0,ETH,RMII_TXD1,ETH_RMII_TXD1,PB13,B,13,#,reference,candidates(datasheet-pin-table-default:en)
CH32V305,afio-eth-remap,PCFR1,PCFR1:21,0,ETH,RMII_TX_EN,ETH_RMII_TX_EN,PB11,B,11,#,reference,candidates(datasheet-pin-table-default:en)
CH32V305,afio-eth-remap,PCFR1,PCFR1:21,0,ETH,RXN,ETH_RXN,PC7,C,7,#,reference,candidates(datasheet-pin-table-default:en)
CH32V305,afio-eth-remap,PCFR1,PCFR1:21,0,ETH,RXP,ETH_RXP,PC6,C,6,#,reference,candidates(datasheet-pin-table-default:en)
CH32V305,afio-eth-remap,PCFR1,PCFR1:21,0,ETH,TXN,ETH_TXN,PC9,C,9,#,reference,candidates(datasheet-pin-table-default:en)
CH32V305,afio-eth-remap,PCFR1,PCFR1:21,0,ETH,TXP,ETH_TXP,PC8,C,8,#,reference,candidates(datasheet-pin-table-default:en)
CH32V305,afio-fsmc-nadv-remap,PCFR2,PCFR2:10,0,FSMC,NADV,FSMC_NADV,PB7,B,7,#,reference,candidates(datasheet-pin-table-default:en)
CH32V305,afio-fsmc-nadv-remap,PCFR2,PCFR2:10,0,FSMC,NADV,FSMC_NADV,PD2,D,2,#,reference,candidates(datasheet-pin-table-default:en)
CH32V305,afio-i2c1-remap,PCFR1,PCFR1:1,0,I2C1,SCL,I2C1_SCL,PB6,B,6,#,reference,candidates(datasheet-pin-table-default:en)
CH32V305,afio-i2c1-remap,PCFR1,PCFR1:1,0,I2C1,SDA,I2C1_SDA,PB7,B,7,#,reference,candidates(datasheet-pin-table-default:en)
CH32V305,afio-i2c1-remap,PCFR1,PCFR1:1,0,I2C1,SMBA,I2C1_SMBA,PB5,B,5,#,reference,candidates(datasheet-pin-table-default:en)
CH32V305,afio-i2c1-remap,PCFR1,PCFR1:1,1,I2C1,SCL,I2C1_SCL,PB8,B,8,#,reference,candidates(datasheet-pin-table+rm-remap-grid:en)
CH32V305,afio-i2c1-remap,PCFR1,PCFR1:1,1,I2C1,SDA,I2C1_SDA,PB9,B,9,#,reference,candidates(datasheet-pin-table+rm-remap-grid:en)
CH32V305,afio-spi1-remap,PCFR1,PCFR1:0,0,SPI1,MISO,SPI1_MISO,PA6,A,6,#,reference,candidates(datasheet-pin-table-default:en)
CH32V305,afio-spi1-remap,PCFR1,PCFR1:0,0,SPI1,MOSI,SPI1_MOSI,PA7,A,7,#,reference,candidates(datasheet-pin-table-default:en)
CH32V305,afio-spi1-remap,PCFR1,PCFR1:0,0,SPI1,NSS,SPI1_NSS,PA4,A,4,#,reference,candidates(datasheet-pin-table-default:en)
CH32V305,afio-spi1-remap,PCFR1,PCFR1:0,0,SPI1,SCK,SPI1_SCK,PA5,A,5,#,reference,candidates(datasheet-pin-table-default:en)
CH32V305,afio-spi1-remap,PCFR1,PCFR1:0,1,SPI1,MISO,SPI1_MISO,PB4,B,4,#,reference,candidates(datasheet-pin-table+rm-remap-grid:en)
CH32V305,afio-spi1-remap,PCFR1,PCFR1:0,1,SPI1,MOSI,SPI1_MOSI,PB5,B,5,#,reference,candidates(datasheet-pin-table+rm-remap-grid:en)
CH32V305,afio-spi1-remap,PCFR1,PCFR1:0,1,SPI1,NSS,SPI1_NSS,PA15,A,15,#,reference,candidates(datasheet-pin-table+rm-remap-grid:en)
CH32V305,afio-spi1-remap,PCFR1,PCFR1:0,1,SPI1,SCK,SPI1_SCK,PB3,B,3,#,reference,candidates(datasheet-pin-table+rm-remap-grid:en)
CH32V305,afio-spi3-remap,PCFR1,PCFR1:28,0,I2S3,CK,I2S3_CK,PB3,B,3,#,reference,candidates(datasheet-pin-table-default:en)
CH32V305,afio-spi3-remap,PCFR1,PCFR1:28,0,I2S3,MCK,I2S3_MCK,PA8,A,8,#,reference,candidates(datasheet-pin-table-default:en)
CH32V305,afio-spi3-remap,PCFR1,PCFR1:28,0,I2S3,MCK,I2S3_MCK,PC7,C,7,#,reference,candidates(datasheet-pin-table-default:en)
CH32V305,afio-spi3-remap,PCFR1,PCFR1:28,0,I2S3,SD,I2S3_SD,PA9,A,9,#,reference,candidates(datasheet-pin-table-default:en)
CH32V305,afio-spi3-remap,PCFR1,PCFR1:28,0,I2S3,SD,I2S3_SD,PB5,B,5,#,reference,candidates(datasheet-pin-table-default:en)
CH32V305,afio-spi3-remap,PCFR1,PCFR1:28,0,I2S3,WS,I2S3_WS,PA15,A,15,#,reference,candidates(datasheet-pin-table-default:en)
CH32V305,afio-spi3-remap,PCFR1,PCFR1:28,0,SPI3,MISO,SPI3_MISO,PB4,B,4,#,reference,candidates(datasheet-pin-table-default:en)
CH32V305,afio-spi3-remap,PCFR1,PCFR1:28,0,SPI3,MOSI,SPI3_MOSI,PA15,A,15,#,reference,candidates(datasheet-pin-table-default:en)
CH32V305,afio-spi3-remap,PCFR1,PCFR1:28,0,SPI3,MOSI,SPI3_MOSI,PB5,B,5,#,reference,candidates(datasheet-pin-table-default:en)
CH32V305,afio-spi3-remap,PCFR1,PCFR1:28,0,SPI3,NSS,SPI3_NSS,PA15,A,15,#,reference,candidates(datasheet-pin-table-default:en)
CH32V305,afio-spi3-remap,PCFR1,PCFR1:28,0,SPI3,SCK,SPI3_SCK,PB3,B,3,#,reference,candidates(datasheet-pin-table-default:en)
CH32V305,afio-spi3-remap,PCFR1,PCFR1:28,1,I2S3,CK,I2S3_CK,PC10,C,10,#,reference,candidates(datasheet-pin-table+rm-remap-grid:en)
CH32V305,afio-spi3-remap,PCFR1,PCFR1:28,1,I2S3,SD,I2S3_SD,PC12,C,12,#,reference,candidates(datasheet-pin-table+rm-remap-grid:en)
CH32V305,afio-spi3-remap,PCFR1,PCFR1:28,1,I2S3,WS,I2S3_WS,PA4,A,4,#,reference,candidates(datasheet-pin-table+rm-remap-grid:en)
CH32V305,afio-spi3-remap,PCFR1,PCFR1:28,1,SPI3,MISO,SPI3_MISO,PC11,C,11,#,reference,candidates(datasheet-pin-table+rm-remap-grid:en)
CH32V305,afio-spi3-remap,PCFR1,PCFR1:28,1,SPI3,MOSI,SPI3_MOSI,PC12,C,12,#,reference,candidates(datasheet-pin-table+rm-remap-grid:en)
CH32V305,afio-spi3-remap,PCFR1,PCFR1:28,1,SPI3,NSS,SPI3_NSS,PA4,A,4,#,reference,candidates(datasheet-pin-table+rm-remap-grid:en)
CH32V305,afio-spi3-remap,PCFR1,PCFR1:28,1,SPI3,SCK,SPI3_SCK,PC10,C,10,#,reference,candidates(datasheet-pin-table+rm-remap-grid:en)
CH32V305,afio-tim1-remap,PCFR1,PCFR1:6;PCFR1:7,0,TIM1,BKIN,TIM1_BKIN,PB12,B,12,#,reference,candidates(datasheet-pin-table-default:en)
CH32V305,afio-tim1-remap,PCFR1,PCFR1:6;PCFR1:7,0,TIM1,CH1,TIM1_CH1,PA8,A,8,#,reference,candidates(datasheet-pin-table-default:en)
CH32V305,afio-tim1-remap,PCFR1,PCFR1:6;PCFR1:7,0,TIM1,CH1N,TIM1_CH1N,PB13,B,13,#,reference,candidates(datasheet-pin-table-default:en)
CH32V305,afio-tim1-remap,PCFR1,PCFR1:6;PCFR1:7,0,TIM1,CH2,TIM1_CH2,PA9,A,9,#,reference,candidates(datasheet-pin-table-default:en)
CH32V305,afio-tim1-remap,PCFR1,PCFR1:6;PCFR1:7,0,TIM1,CH2N,TIM1_CH2N,PB14,B,14,#,reference,candidates(datasheet-pin-table-default:en)
CH32V305,afio-tim1-remap,PCFR1,PCFR1:6;PCFR1:7,0,TIM1,CH3,TIM1_CH3,PA10,A,10,#,reference,candidates(datasheet-pin-table-default:en)
CH32V305,afio-tim1-remap,PCFR1,PCFR1:6;PCFR1:7,0,TIM1,CH3N,TIM1_CH3N,PB15,B,15,#,reference,candidates(datasheet-pin-table-default:en)
CH32V305,afio-tim1-remap,PCFR1,PCFR1:6;PCFR1:7,0,TIM1,CH4,TIM1_CH4,PA11,A,11,#,reference,candidates(datasheet-pin-table-default:en)
CH32V305,afio-tim1-remap,PCFR1,PCFR1:6;PCFR1:7,0,TIM1,ETR,TIM1_ETR,PA12,A,12,#,reference,candidates(datasheet-pin-table-default:en)
CH32V305,afio-tim1-remap,PCFR1,PCFR1:6;PCFR1:7,1,TIM1,BKIN,TIM1_BKIN,PA6,A,6,#,reference,candidates(datasheet-pin-table+rm-remap-grid:en)
CH32V305,afio-tim1-remap,PCFR1,PCFR1:6;PCFR1:7,1,TIM1,CH1,TIM1_CH1,PA8,A,8,#,reference,candidates(datasheet-pin-table+rm-remap-grid:en)
CH32V305,afio-tim1-remap,PCFR1,PCFR1:6;PCFR1:7,1,TIM1,CH1N,TIM1_CH1N,PA7,A,7,#,reference,candidates(datasheet-pin-table+rm-remap-grid:en)
CH32V305,afio-tim1-remap,PCFR1,PCFR1:6;PCFR1:7,1,TIM1,CH2,TIM1_CH2,PA9,A,9,#,reference,candidates(datasheet-pin-table+rm-remap-grid:en)
CH32V305,afio-tim1-remap,PCFR1,PCFR1:6;PCFR1:7,1,TIM1,CH2N,TIM1_CH2N,PB0,B,0,#,reference,candidates(datasheet-pin-table+rm-remap-grid:en)
CH32V305,afio-tim1-remap,PCFR1,PCFR1:6;PCFR1:7,1,TIM1,CH3,TIM1_CH3,PA10,A,10,#,reference,candidates(datasheet-pin-table+rm-remap-grid:en)
CH32V305,afio-tim1-remap,PCFR1,PCFR1:6;PCFR1:7,1,TIM1,CH3N,TIM1_CH3N,PB1,B,1,#,reference,candidates(datasheet-pin-table+rm-remap-grid:en)
CH32V305,afio-tim1-remap,PCFR1,PCFR1:6;PCFR1:7,1,TIM1,CH4,TIM1_CH4,PA11,A,11,#,reference,candidates(datasheet-pin-table+rm-remap-grid:en)
CH32V305,afio-tim1-remap,PCFR1,PCFR1:6;PCFR1:7,1,TIM1,ETR,TIM1_ETR,PA12,A,12,#,reference,candidates(datasheet-pin-table+rm-remap-grid:en)
CH32V305,afio-tim10-remap,PCFR2,PCFR2:5;PCFR2:6,0,TIM10,BKIN,TIM10_BKIN,PC12,C,12,#,reference,candidates(datasheet-pin-table-default:en)
CH32V305,afio-tim10-remap,PCFR2,PCFR2:5;PCFR2:6,0,TIM10,CH1,TIM10_CH1,PB8,B,8,#,reference,candidates(datasheet-pin-table-default:en)
CH32V305,afio-tim10-remap,PCFR2,PCFR2:5;PCFR2:6,0,TIM10,CH1N,TIM10_CH1N,PA12,A,12,#,reference,candidates(datasheet-pin-table-default:en)
CH32V305,afio-tim10-remap,PCFR2,PCFR2:5;PCFR2:6,0,TIM10,CH2,TIM10_CH2,PB9,B,9,#,reference,candidates(datasheet-pin-table-default:en)
CH32V305,afio-tim10-remap,PCFR2,PCFR2:5;PCFR2:6,0,TIM10,CH2N,TIM10_CH2N,PA13,A,13,#,reference,candidates(datasheet-pin-table-default:en)
CH32V305,afio-tim10-remap,PCFR2,PCFR2:5;PCFR2:6,0,TIM10,CH3,TIM10_CH3,PC3,C,3,#,reference,candidates(datasheet-pin-table-default:en)
CH32V305,afio-tim10-remap,PCFR2,PCFR2:5;PCFR2:6,0,TIM10,CH3N,TIM10_CH3N,PA14,A,14,#,reference,candidates(datasheet-pin-table-default:en)
CH32V305,afio-tim10-remap,PCFR2,PCFR2:5;PCFR2:6,0,TIM10,CH4,TIM10_CH4,PC11,C,11,#,reference,candidates(datasheet-pin-table-default:en)
CH32V305,afio-tim10-remap,PCFR2,PCFR2:5;PCFR2:6,0,TIM10,ETR,TIM10_ETR,PC10,C,10,#,reference,candidates(datasheet-pin-table-default:en)
CH32V305,afio-tim10-remap,PCFR2,PCFR2:5;PCFR2:6,1,TIM10,BKIN,TIM10_BKIN,PB10,B,10,#,reference,candidates(datasheet-pin-table+rm-remap-grid:en)
CH32V305,afio-tim10-remap,PCFR2,PCFR2:5;PCFR2:6,1,TIM10,CH1,TIM10_CH1,PB3,B,3,#,reference,candidates(datasheet-pin-table+rm-remap-grid:en)
CH32V305,afio-tim10-remap,PCFR2,PCFR2:5;PCFR2:6,1,TIM10,CH1N,TIM10_CH1N,PA5,A,5,#,reference,candidates(datasheet-pin-table+rm-remap-grid:en)
CH32V305,afio-tim10-remap,PCFR2,PCFR2:5;PCFR2:6,1,TIM10,CH2,TIM10_CH2,PB4,B,4,#,reference,candidates(datasheet-pin-table+rm-remap-grid:en)
CH32V305,afio-tim10-remap,PCFR2,PCFR2:5;PCFR2:6,1,TIM10,CH2N,TIM10_CH2N,PA6,A,6,#,reference,candidates(datasheet-pin-table+rm-remap-grid:en)
CH32V305,afio-tim10-remap,PCFR2,PCFR2:5;PCFR2:6,1,TIM10,CH3,TIM10_CH3,PB5,B,5,#,reference,candidates(datasheet-pin-table+rm-remap-grid:en)
CH32V305,afio-tim10-remap,PCFR2,PCFR2:5;PCFR2:6,1,TIM10,CH3N,TIM10_CH3N,PA7,A,7,#,reference,candidates(datasheet-pin-table+rm-remap-grid:en)
CH32V305,afio-tim10-remap,PCFR2,PCFR2:5;PCFR2:6,1,TIM10,CH4,TIM10_CH4,PC15-OSC32_OUT,C,15,#,reference,candidates(datasheet-pin-table+rm-remap-grid:en)
CH32V305,afio-tim10-remap,PCFR2,PCFR2:5;PCFR2:6,1,TIM10,ETR,TIM10_ETR,PB11,B,11,#,reference,candidates(datasheet-pin-table+rm-remap-grid:en)
CH32V305,afio-tim2-remap,PCFR1,PCFR1:8;PCFR1:9,0,TIM2,CH1,TIM2_CH1,PA0-WKUP,A,0,#,reference,candidates(datasheet-pin-table-default:en)
CH32V305,afio-tim2-remap,PCFR1,PCFR1:8;PCFR1:9,0,TIM2,CH2,TIM2_CH2,PA1,A,1,#,reference,candidates(datasheet-pin-table-default:en)
CH32V305,afio-tim2-remap,PCFR1,PCFR1:8;PCFR1:9,0,TIM2,CH3,TIM2_CH3,PA2,A,2,#,reference,candidates(datasheet-pin-table-default:en)
CH32V305,afio-tim2-remap,PCFR1,PCFR1:8;PCFR1:9,0,TIM2,CH4,TIM2_CH4,PA3,A,3,#,reference,candidates(datasheet-pin-table-default:en)
CH32V305,afio-tim2-remap,PCFR1,PCFR1:8;PCFR1:9,0,TIM2,ETR,TIM2_ETR,PA0-WKUP,A,0,#,reference,candidates(datasheet-pin-table-default:en)
CH32V305,afio-tim2-remap,PCFR1,PCFR1:8;PCFR1:9,1,TIM2,CH1,TIM2_CH1,PA15,A,15,#,reference,candidates(datasheet-pin-table+rm-remap-grid:en)
CH32V305,afio-tim2-remap,PCFR1,PCFR1:8;PCFR1:9,1,TIM2,CH2,TIM2_CH2,PB3,B,3,#,reference,candidates(datasheet-pin-table+rm-remap-grid:en)
CH32V305,afio-tim2-remap,PCFR1,PCFR1:8;PCFR1:9,1,TIM2,CH3,TIM2_CH3,PA2,A,2,#,reference,candidates(datasheet-pin-table+rm-remap-grid:en)
CH32V305,afio-tim2-remap,PCFR1,PCFR1:8;PCFR1:9,1,TIM2,CH4,TIM2_CH4,PA3,A,3,#,reference,candidates(datasheet-pin-table+rm-remap-grid:en)
CH32V305,afio-tim2-remap,PCFR1,PCFR1:8;PCFR1:9,1,TIM2,ETR,TIM2_ETR,PA15,A,15,#,reference,candidates(datasheet-pin-table+rm-remap-grid:en)
CH32V305,afio-tim2-remap,PCFR1,PCFR1:8;PCFR1:9,2,TIM2,CH1,TIM2_CH1,PA0-WKUP,A,0,#,reference,candidates(datasheet-pin-table+rm-remap-grid:en)
CH32V305,afio-tim2-remap,PCFR1,PCFR1:8;PCFR1:9,2,TIM2,CH2,TIM2_CH2,PA1,A,1,#,reference,candidates(datasheet-pin-table+rm-remap-grid:en)
CH32V305,afio-tim2-remap,PCFR1,PCFR1:8;PCFR1:9,2,TIM2,CH3,TIM2_CH3,PB10,B,10,#,reference,candidates(datasheet-pin-table+rm-remap-grid:en)
CH32V305,afio-tim2-remap,PCFR1,PCFR1:8;PCFR1:9,2,TIM2,CH4,TIM2_CH4,PB11,B,11,#,reference,candidates(datasheet-pin-table+rm-remap-grid:en)
CH32V305,afio-tim2-remap,PCFR1,PCFR1:8;PCFR1:9,2,TIM2,ETR,TIM2_ETR,PA0-WKUP,A,0,#,reference,candidates(datasheet-pin-table+rm-remap-grid:en)
CH32V305,afio-tim2-remap,PCFR1,PCFR1:8;PCFR1:9,3,TIM2,CH1,TIM2_CH1,PA15,A,15,#,reference,candidates(datasheet-pin-table+rm-remap-grid:en)
CH32V305,afio-tim2-remap,PCFR1,PCFR1:8;PCFR1:9,3,TIM2,CH2,TIM2_CH2,PB3,B,3,#,reference,candidates(datasheet-pin-table+rm-remap-grid:en)
CH32V305,afio-tim2-remap,PCFR1,PCFR1:8;PCFR1:9,3,TIM2,CH3,TIM2_CH3,PB10,B,10,#,reference,candidates(datasheet-pin-table+rm-remap-grid:en)
CH32V305,afio-tim2-remap,PCFR1,PCFR1:8;PCFR1:9,3,TIM2,CH4,TIM2_CH4,PB11,B,11,#,reference,candidates(datasheet-pin-table+rm-remap-grid:en)
CH32V305,afio-tim2-remap,PCFR1,PCFR1:8;PCFR1:9,3,TIM2,ETR,TIM2_ETR,PA15,A,15,#,reference,candidates(datasheet-pin-table+rm-remap-grid:en)
CH32V305,afio-tim3-remap,PCFR1,PCFR1:10;PCFR1:11,0,TIM3,CH1,TIM3_CH1,PA6,A,6,#,reference,candidates(datasheet-pin-table-default:en)
CH32V305,afio-tim3-remap,PCFR1,PCFR1:10;PCFR1:11,0,TIM3,CH2,TIM3_CH2,PA7,A,7,#,reference,candidates(datasheet-pin-table-default:en)
CH32V305,afio-tim3-remap,PCFR1,PCFR1:10;PCFR1:11,0,TIM3,CH3,TIM3_CH3,PB0,B,0,#,reference,candidates(datasheet-pin-table-default:en)
CH32V305,afio-tim3-remap,PCFR1,PCFR1:10;PCFR1:11,0,TIM3,CH4,TIM3_CH4,PB1,B,1,#,reference,candidates(datasheet-pin-table-default:en)
CH32V305,afio-tim3-remap,PCFR1,PCFR1:10;PCFR1:11,0,TIM3,ETR,TIM3_ETR,PD2,D,2,#,reference,candidates(datasheet-pin-table-default:en)
CH32V305,afio-tim3-remap,PCFR1,PCFR1:10;PCFR1:11,2,TIM3,CH1,TIM3_CH1,PB4,B,4,#,reference,candidates(datasheet-pin-table+rm-remap-grid:en)
CH32V305,afio-tim3-remap,PCFR1,PCFR1:10;PCFR1:11,2,TIM3,CH2,TIM3_CH2,PB5,B,5,#,reference,candidates(datasheet-pin-table+rm-remap-grid:en)
CH32V305,afio-tim3-remap,PCFR1,PCFR1:10;PCFR1:11,2,TIM3,CH3,TIM3_CH3,PB0,B,0,#,reference,candidates(datasheet-pin-table+rm-remap-grid:en)
CH32V305,afio-tim3-remap,PCFR1,PCFR1:10;PCFR1:11,2,TIM3,CH4,TIM3_CH4,PB1,B,1,#,reference,candidates(datasheet-pin-table+rm-remap-grid:en)
CH32V305,afio-tim3-remap,PCFR1,PCFR1:10;PCFR1:11,2,TIM3,ETR,TIM3_ETR,PD2,D,2,#,reference,candidates(datasheet-pin-table+rm-remap-grid:en)
CH32V305,afio-tim3-remap,PCFR1,PCFR1:10;PCFR1:11,3,TIM3,CH1,TIM3_CH1,PC6,C,6,#,reference,candidates(datasheet-pin-table+rm-remap-grid:en)
CH32V305,afio-tim3-remap,PCFR1,PCFR1:10;PCFR1:11,3,TIM3,CH2,TIM3_CH2,PC7,C,7,#,reference,candidates(datasheet-pin-table+rm-remap-grid:en)
CH32V305,afio-tim3-remap,PCFR1,PCFR1:10;PCFR1:11,3,TIM3,CH3,TIM3_CH3,PC8,C,8,#,reference,candidates(datasheet-pin-table+rm-remap-grid:en)
CH32V305,afio-tim3-remap,PCFR1,PCFR1:10;PCFR1:11,3,TIM3,CH4,TIM3_CH4,PC9,C,9,#,reference,candidates(datasheet-pin-table+rm-remap-grid:en)
CH32V305,afio-tim3-remap,PCFR1,PCFR1:10;PCFR1:11,3,TIM3,ETR,TIM3_ETR,PD2,D,2,#,reference,candidates(datasheet-pin-table+rm-remap-grid:en)
CH32V305,afio-tim4-remap,PCFR1,PCFR1:12,0,TIM4,CH1,TIM4_CH1,PB6,B,6,#,reference,candidates(datasheet-pin-table-default:en)
CH32V305,afio-tim4-remap,PCFR1,PCFR1:12,0,TIM4,CH2,TIM4_CH2,PB7,B,7,#,reference,candidates(datasheet-pin-table-default:en)
CH32V305,afio-tim4-remap,PCFR1,PCFR1:12,0,TIM4,CH3,TIM4_CH3,PB8,B,8,#,reference,candidates(datasheet-pin-table-default:en)
CH32V305,afio-tim4-remap,PCFR1,PCFR1:12,0,TIM4,CH4,TIM4_CH4,PB9,B,9,#,reference,candidates(datasheet-pin-table-default:en)
CH32V305,afio-tim5ch4-rm,PCFR1,PCFR1:16,0,TIM5,CH4,TIM5_CH4,PA3,A,3,#,reference,candidates(datasheet-pin-table-default:en)
CH32V305,afio-tim8-remap,PCFR2,PCFR2:2,0,TIM8,BKIN,TIM8_BKIN,PA6,A,6,#,reference,candidates(datasheet-pin-table-default:en)
CH32V305,afio-tim8-remap,PCFR2,PCFR2:2,0,TIM8,CH1,TIM8_CH1,PC6,C,6,#,reference,candidates(datasheet-pin-table-default:en)
CH32V305,afio-tim8-remap,PCFR2,PCFR2:2,0,TIM8,CH1N,TIM8_CH1N,PA7,A,7,#,reference,candidates(datasheet-pin-table-default:en)
CH32V305,afio-tim8-remap,PCFR2,PCFR2:2,0,TIM8,CH2,TIM8_CH2,PC7,C,7,#,reference,candidates(datasheet-pin-table-default:en)
CH32V305,afio-tim8-remap,PCFR2,PCFR2:2,0,TIM8,CH2N,TIM8_CH2N,PB0,B,0,#,reference,candidates(datasheet-pin-table-default:en)
CH32V305,afio-tim8-remap,PCFR2,PCFR2:2,0,TIM8,CH3,TIM8_CH3,PC8,C,8,#,reference,candidates(datasheet-pin-table-default:en)
CH32V305,afio-tim8-remap,PCFR2,PCFR2:2,0,TIM8,CH3N,TIM8_CH3N,PB1,B,1,#,reference,candidates(datasheet-pin-table-default:en)
CH32V305,afio-tim8-remap,PCFR2,PCFR2:2,0,TIM8,CH4,TIM8_CH4,PC9,C,9,#,reference,candidates(datasheet-pin-table-default:en)
CH32V305,afio-tim8-remap,PCFR2,PCFR2:2,0,TIM8,ETR,TIM8_ETR,PA0-WKUP,A,0,#,reference,candidates(datasheet-pin-table-default:en)
CH32V305,afio-tim8-remap,PCFR2,PCFR2:2,1,TIM8,BKIN,TIM8_BKIN,PB9,B,9,#,reference,candidates(datasheet-pin-table+rm-remap-grid:en)
CH32V305,afio-tim8-remap,PCFR2,PCFR2:2,1,TIM8,CH1,TIM8_CH1,PB6,B,6,#,reference,candidates(datasheet-pin-table+rm-remap-grid:en)
CH32V305,afio-tim8-remap,PCFR2,PCFR2:2,1,TIM8,CH1N,TIM8_CH1N,PA13,A,13,#,reference,candidates(datasheet-pin-table+rm-remap-grid:en)
CH32V305,afio-tim8-remap,PCFR2,PCFR2:2,1,TIM8,CH2,TIM8_CH2,PB7,B,7,#,reference,candidates(datasheet-pin-table+rm-remap-grid:en)
CH32V305,afio-tim8-remap,PCFR2,PCFR2:2,1,TIM8,CH2N,TIM8_CH2N,PA14,A,14,#,reference,candidates(datasheet-pin-table+rm-remap-grid:en)
CH32V305,afio-tim8-remap,PCFR2,PCFR2:2,1,TIM8,CH3,TIM8_CH3,PB8,B,8,#,reference,candidates(datasheet-pin-table+rm-remap-grid:en)
CH32V305,afio-tim8-remap,PCFR2,PCFR2:2,1,TIM8,CH3N,TIM8_CH3N,PA15,A,15,#,reference,candidates(datasheet-pin-table+rm-remap-grid:en)
CH32V305,afio-tim8-remap,PCFR2,PCFR2:2,1,TIM8,CH4,TIM8_CH4,PC13-TAMPER-RTC,C,13,#,reference,candidates(datasheet-pin-table+rm-remap-grid:en)
CH32V305,afio-tim8-remap,PCFR2,PCFR2:2,1,TIM8,ETR,TIM8_ETR,PA0-WKUP,A,0,#,reference,candidates(datasheet-pin-table+rm-remap-grid:en)
CH32V305,afio-tim9-remap,PCFR2,PCFR2:3;PCFR2:4,0,TIM9,BKIN,TIM9_BKIN,PC5,C,5,#,reference,candidates(datasheet-pin-table-default:en)
CH32V305,afio-tim9-remap,PCFR2,PCFR2:3;PCFR2:4,0,TIM9,CH1,TIM9_CH1,PA2,A,2,#,reference,candidates(datasheet-pin-table-default:en)
CH32V305,afio-tim9-remap,PCFR2,PCFR2:3;PCFR2:4,0,TIM9,CH1N,TIM9_CH1N,PC0,C,0,#,reference,candidates(datasheet-pin-table-default:en)
CH32V305,afio-tim9-remap,PCFR2,PCFR2:3;PCFR2:4,0,TIM9,CH2,TIM9_CH2,PA3,A,3,#,reference,candidates(datasheet-pin-table-default:en)
CH32V305,afio-tim9-remap,PCFR2,PCFR2:3;PCFR2:4,0,TIM9,CH2N,TIM9_CH2N,PC1,C,1,#,reference,candidates(datasheet-pin-table-default:en)
CH32V305,afio-tim9-remap,PCFR2,PCFR2:3;PCFR2:4,0,TIM9,CH3,TIM9_CH3,PA4,A,4,#,reference,candidates(datasheet-pin-table-default:en)
CH32V305,afio-tim9-remap,PCFR2,PCFR2:3;PCFR2:4,0,TIM9,CH3N,TIM9_CH3N,PC2,C,2,#,reference,candidates(datasheet-pin-table-default:en)
CH32V305,afio-tim9-remap,PCFR2,PCFR2:3;PCFR2:4,0,TIM9,CH4,TIM9_CH4,PC4,C,4,#,reference,candidates(datasheet-pin-table-default:en)
CH32V305,afio-tim9-remap,PCFR2,PCFR2:3;PCFR2:4,0,TIM9,ETR,TIM9_ETR,PA2,A,2,#,reference,candidates(datasheet-pin-table-default:en)
CH32V305,afio-tim9-remap,PCFR2,PCFR2:3;PCFR2:4,1,TIM9,BKIN,TIM9_BKIN,PA1,A,1,#,reference,candidates(datasheet-pin-table+rm-remap-grid:en)
CH32V305,afio-tim9-remap,PCFR2,PCFR2:3;PCFR2:4,1,TIM9,CH1,TIM9_CH1,PA2,A,2,#,reference,candidates(datasheet-pin-table+rm-remap-grid:en)
CH32V305,afio-tim9-remap,PCFR2,PCFR2:3;PCFR2:4,1,TIM9,CH1N,TIM9_CH1N,PB0,B,0,#,reference,candidates(datasheet-pin-table+rm-remap-grid:en)
CH32V305,afio-tim9-remap,PCFR2,PCFR2:3;PCFR2:4,1,TIM9,CH2,TIM9_CH2,PA3,A,3,#,reference,candidates(datasheet-pin-table+rm-remap-grid:en)
CH32V305,afio-tim9-remap,PCFR2,PCFR2:3;PCFR2:4,1,TIM9,CH2N,TIM9_CH2N,PB1,B,1,#,reference,candidates(datasheet-pin-table+rm-remap-grid:en)
CH32V305,afio-tim9-remap,PCFR2,PCFR2:3;PCFR2:4,1,TIM9,CH3,TIM9_CH3,PA4,A,4,#,reference,candidates(datasheet-pin-table+rm-remap-grid:en)
CH32V305,afio-tim9-remap,PCFR2,PCFR2:3;PCFR2:4,1,TIM9,CH3N,TIM9_CH3N,PB2,B,2,#,reference,candidates(datasheet-pin-table+rm-remap-grid:en)
CH32V305,afio-tim9-remap,PCFR2,PCFR2:3;PCFR2:4,1,TIM9,CH4,TIM9_CH4,PC14-OSC32_IN,C,14,#,reference,candidates(datasheet-pin-table+rm-remap-grid:en)
CH32V305,afio-tim9-remap,PCFR2,PCFR2:3;PCFR2:4,1,TIM9,ETR,TIM9_ETR,PA2,A,2,#,reference,candidates(datasheet-pin-table+rm-remap-grid:en)
CH32V305,afio-usart1-remap,PCFR1|PCFR2,PCFR1:2;PCFR2:26,0,USART1,CK,USART1_CK,PA8,A,8,#,reference,candidates(datasheet-pin-table-default:en)
CH32V305,afio-usart1-remap,PCFR1|PCFR2,PCFR1:2;PCFR2:26,0,USART1,CTS,USART1_CTS,PA11,A,11,#,reference,candidates(datasheet-pin-table-default:en)
CH32V305,afio-usart1-remap,PCFR1|PCFR2,PCFR1:2;PCFR2:26,0,USART1,RTS,USART1_RTS,PA12,A,12,#,reference,candidates(datasheet-pin-table-default:en)
CH32V305,afio-usart1-remap,PCFR1|PCFR2,PCFR1:2;PCFR2:26,0,USART1,RX,USART1_RX,PA10,A,10,#,reference,candidates(datasheet-pin-table-default:en)
CH32V305,afio-usart1-remap,PCFR1|PCFR2,PCFR1:2;PCFR2:26,0,USART1,TX,USART1_TX,PA9,A,9,#,reference,candidates(datasheet-pin-table-default:en)
CH32V305,afio-usart1-remap,PCFR1|PCFR2,PCFR1:2;PCFR2:26,1,USART1,CK,USART1_CK,PA8,A,8,#,reference,candidates(datasheet-pin-table+rm-remap-grid:en)
CH32V305,afio-usart1-remap,PCFR1|PCFR2,PCFR1:2;PCFR2:26,1,USART1,CTS,USART1_CTS,PA11,A,11,#,reference,candidates(datasheet-pin-table+rm-remap-grid:en)
CH32V305,afio-usart1-remap,PCFR1|PCFR2,PCFR1:2;PCFR2:26,1,USART1,RTS,USART1_RTS,PA12,A,12,#,reference,candidates(datasheet-pin-table+rm-remap-grid:en)
CH32V305,afio-usart1-remap,PCFR1|PCFR2,PCFR1:2;PCFR2:26,1,USART1,RX,USART1_RX,PB7,B,7,#,reference,candidates(datasheet-pin-table+rm-remap-grid:en)
CH32V305,afio-usart1-remap,PCFR1|PCFR2,PCFR1:2;PCFR2:26,1,USART1,TX,USART1_TX,PB6,B,6,#,reference,candidates(datasheet-pin-table+rm-remap-grid:en)
CH32V305,afio-usart1-remap,PCFR1|PCFR2,PCFR1:2;PCFR2:26,2,USART1,CK,USART1_CK,PA10,A,10,#,reference,candidates(datasheet-pin-table+rm-remap-grid:en)
CH32V305,afio-usart1-remap,PCFR1|PCFR2,PCFR1:2;PCFR2:26,2,USART1,CTS,USART1_CTS,PA5,A,5,#,reference,candidates(datasheet-pin-table+rm-remap-grid:en)
CH32V305,afio-usart1-remap,PCFR1|PCFR2,PCFR1:2;PCFR2:26,2,USART1,RTS,USART1_RTS,PA9,A,9,#,reference,candidates(datasheet-pin-table+rm-remap-grid:en)
CH32V305,afio-usart1-remap,PCFR1|PCFR2,PCFR1:2;PCFR2:26,2,USART1,RX,USART1_RX,PA8,A,8,#,reference,candidates(datasheet-pin-table+rm-remap-grid:en)
CH32V305,afio-usart1-remap,PCFR1|PCFR2,PCFR1:2;PCFR2:26,2,USART1,TX,USART1_TX,PB15,B,15,#,reference,candidates(datasheet-pin-table+rm-remap-grid:en)
CH32V305,afio-usart1-remap,PCFR1|PCFR2,PCFR1:2;PCFR2:26,3,USART1,CK,USART1_CK,PA5,A,5,#,reference,candidates(datasheet-pin-table+rm-remap-grid:en)
CH32V305,afio-usart1-remap,PCFR1|PCFR2,PCFR1:2;PCFR2:26,3,USART1,CTS,USART1_CTS,PC4,C,4,#,reference,candidates(datasheet-pin-table+rm-remap-grid:en)
CH32V305,afio-usart1-remap,PCFR1|PCFR2,PCFR1:2;PCFR2:26,3,USART1,RTS,USART1_RTS,PC5,C,5,#,reference,candidates(datasheet-pin-table+rm-remap-grid:en)
CH32V305,afio-usart1-remap,PCFR1|PCFR2,PCFR1:2;PCFR2:26,3,USART1,RX,USART1_RX,PA7,A,7,#,reference,candidates(datasheet-pin-table+rm-remap-grid:en)
CH32V305,afio-usart1-remap,PCFR1|PCFR2,PCFR1:2;PCFR2:26,3,USART1,TX,USART1_TX,PA6,A,6,#,reference,candidates(datasheet-pin-table+rm-remap-grid:en)
CH32V305,afio-usart2-remap,PCFR1,PCFR1:3,0,USART2,CK,USART2_CK,PA4,A,4,#,reference,candidates(datasheet-pin-table-default:en)
CH32V305,afio-usart2-remap,PCFR1,PCFR1:3,0,USART2,CTS,USART2_CTS,PA0-WKUP,A,0,#,reference,candidates(datasheet-pin-table-default:en)
CH32V305,afio-usart2-remap,PCFR1,PCFR1:3,0,USART2,RTS,USART2_RTS,PA1,A,1,#,reference,candidates(datasheet-pin-table-default:en)
CH32V305,afio-usart2-remap,PCFR1,PCFR1:3,0,USART2,RX,USART2_RX,PA3,A,3,#,reference,candidates(datasheet-pin-table-default:en)
CH32V305,afio-usart2-remap,PCFR1,PCFR1:3,0,USART2,TX,USART2_TX,PA2,A,2,#,reference,candidates(datasheet-pin-table-default:en)
CH32V305,afio-usart3-remap,PCFR1,PCFR1:4;PCFR1:5,0,USART3,CK,USART3_CK,PB12,B,12,#,reference,candidates(datasheet-pin-table-default:en)
CH32V305,afio-usart3-remap,PCFR1,PCFR1:4;PCFR1:5,0,USART3,CTS,USART3_CTS,PB13,B,13,#,reference,candidates(datasheet-pin-table-default:en)
CH32V305,afio-usart3-remap,PCFR1,PCFR1:4;PCFR1:5,0,USART3,RTS,USART3_RTS,PB14,B,14,#,reference,candidates(datasheet-pin-table-default:en)
CH32V305,afio-usart3-remap,PCFR1,PCFR1:4;PCFR1:5,0,USART3,RX,USART3_RX,PB11,B,11,#,reference,candidates(datasheet-pin-table-default:en)
CH32V305,afio-usart3-remap,PCFR1,PCFR1:4;PCFR1:5,0,USART3,TX,USART3_TX,PB10,B,10,#,reference,candidates(datasheet-pin-table-default:en)
CH32V305,afio-usart3-remap,PCFR1,PCFR1:4;PCFR1:5,1,USART3,CK,USART3_CK,PC12,C,12,#,reference,candidates(datasheet-pin-table+rm-remap-grid:en)
CH32V305,afio-usart3-remap,PCFR1,PCFR1:4;PCFR1:5,1,USART3,CTS,USART3_CTS,PB13,B,13,#,reference,candidates(datasheet-pin-table+rm-remap-grid:en)
CH32V305,afio-usart3-remap,PCFR1,PCFR1:4;PCFR1:5,1,USART3,RTS,USART3_RTS,PB14,B,14,#,reference,candidates(datasheet-pin-table+rm-remap-grid:en)
CH32V305,afio-usart3-remap,PCFR1,PCFR1:4;PCFR1:5,1,USART3,RX,USART3_RX,PC11,C,11,#,reference,candidates(datasheet-pin-table+rm-remap-grid:en)
CH32V305,afio-usart3-remap,PCFR1,PCFR1:4;PCFR1:5,1,USART3,TX,USART3_TX,PC10,C,10,#,reference,candidates(datasheet-pin-table+rm-remap-grid:en)
CH32V305,afio-usart3-remap,PCFR1,PCFR1:4;PCFR1:5,2,USART3,RX,USART3_RX,PA14,A,14,#,reference,candidates(datasheet-pin-table+rm-remap-grid:en)
CH32V305,afio-usart3-remap,PCFR1,PCFR1:4;PCFR1:5,2,USART3,TX,USART3_TX,PA13,A,13,#,reference,candidates(datasheet-pin-table+rm-remap-grid:en)
CH32V305,afio-usart4-remap,PCFR2,PCFR2:16;PCFR2:17,0,USART4,RX,UART4_RX,PC11,C,11,#,reference,candidates(datasheet-pin-table-default:en)
CH32V305,afio-usart4-remap,PCFR2,PCFR2:16;PCFR2:17,0,USART4,TX,UART4_TX,PC10,C,10,#,reference,candidates(datasheet-pin-table-default:en)
CH32V305,afio-usart4-remap,PCFR2,PCFR2:16;PCFR2:17,1,USART4,RX,UART4_RX,PB1,B,1,#,reference,candidates(datasheet-pin-table+rm-remap-grid:en)
CH32V305,afio-usart4-remap,PCFR2,PCFR2:16;PCFR2:17,1,USART4,TX,UART4_TX,PB0,B,0,#,reference,candidates(datasheet-pin-table+rm-remap-grid:en)
CH32V305,afio-usart5-remap,PCFR2,PCFR2:18;PCFR2:19,0,USART5,RX,UART5_RX,PD2,D,2,#,reference,candidates(datasheet-pin-table-default:en)
CH32V305,afio-usart5-remap,PCFR2,PCFR2:18;PCFR2:19,0,USART5,TX,UART5_TX,PC12,C,12,#,reference,candidates(datasheet-pin-table-default:en)
CH32V305,afio-usart5-remap,PCFR2,PCFR2:18;PCFR2:19,1,USART5,RX,UART5_RX,PB5,B,5,#,reference,candidates(datasheet-pin-table+rm-remap-grid:en)
CH32V305,afio-usart5-remap,PCFR2,PCFR2:18;PCFR2:19,1,USART5,TX,UART5_TX,PB4,B,4,#,reference,candidates(datasheet-pin-table+rm-remap-grid:en)
CH32V305,afio-usart6-remap,PCFR2,PCFR2:20;PCFR2:21,0,USART6,RX,UART6_RX,PC1,C,1,#,reference,candidates(datasheet-pin-table-default:en)
CH32V305,afio-usart6-remap,PCFR2,PCFR2:20;PCFR2:21,0,USART6,TX,UART6_TX,PC0,C,0,#,reference,candidates(datasheet-pin-table-default:en)
CH32V305,afio-usart6-remap,PCFR2,PCFR2:20;PCFR2:21,1,USART6,RX,UART6_RX,PB9,B,9,#,reference,candidates(datasheet-pin-table+rm-remap-grid:en)
CH32V305,afio-usart6-remap,PCFR2,PCFR2:20;PCFR2:21,1,USART6,TX,UART6_TX,PB8,B,8,#,reference,candidates(datasheet-pin-table+rm-remap-grid:en)
CH32V305,afio-usart7-remap,PCFR2,PCFR2:22;PCFR2:23,0,USART7,RX,UART7_RX,PC3,C,3,#,reference,candidates(datasheet-pin-table-default:en)
CH32V305,afio-usart7-remap,PCFR2,PCFR2:22;PCFR2:23,0,USART7,TX,UART7_TX,PC2,C,2,#,reference,candidates(datasheet-pin-table-default:en)
CH32V305,afio-usart7-remap,PCFR2,PCFR2:22;PCFR2:23,1,USART7,RX,UART7_RX,PA7,A,7,#,reference,candidates(datasheet-pin-table+rm-remap-grid:en)
CH32V305,afio-usart7-remap,PCFR2,PCFR2:22;PCFR2:23,1,USART7,TX,UART7_TX,PA6,A,6,#,reference,candidates(datasheet-pin-table+rm-remap-grid:en)
CH32V305,afio-usart8-remap,PCFR2,PCFR2:24;PCFR2:25,0,USART8,RX,UART8_RX,PC5,C,5,#,reference,candidates(datasheet-pin-table-default:en)
CH32V305,afio-usart8-remap,PCFR2,PCFR2:24;PCFR2:25,0,USART8,TX,UART8_TX,PC4,C,4,#,reference,candidates(datasheet-pin-table-default:en)
CH32V305,afio-usart8-remap,PCFR2,PCFR2:24;PCFR2:25,1,USART8,RX,UART8_RX,PA15,A,15,#,reference,candidates(datasheet-pin-table+rm-remap-grid:en)
CH32V305,afio-usart8-remap,PCFR2,PCFR2:24;PCFR2:25,1,USART8,TX,UART8_TX,PA14,A,14,#,reference,candidates(datasheet-pin-table+rm-remap-grid:en)
CH32V307,afio-can-remap,PCFR1,PCFR1:13;PCFR1:14,0,CAN1,RX,CAN1_RX,PA11,A,11,#,reference,candidates(datasheet-pin-table-default:en)
CH32V307,afio-can-remap,PCFR1,PCFR1:13;PCFR1:14,0,CAN1,TX,CAN1_TX,PA12,A,12,#,reference,candidates(datasheet-pin-table-default:en)
CH32V307,afio-can-remap,PCFR1,PCFR1:13;PCFR1:14,2,CAN1,RX,CAN1_RX,PB8,B,8,#,reference,candidates(datasheet-pin-table+rm-remap-grid:en)
CH32V307,afio-can-remap,PCFR1,PCFR1:13;PCFR1:14,2,CAN1,TX,CAN1_TX,PB9,B,9,#,reference,candidates(datasheet-pin-table+rm-remap-grid:en)
CH32V307,afio-can-remap,PCFR1,PCFR1:13;PCFR1:14,3,CAN1,RX,CAN1_RX,PD0,D,0,#,reference,candidates(datasheet-pin-table+rm-remap-grid:en)
CH32V307,afio-can-remap,PCFR1,PCFR1:13;PCFR1:14,3,CAN1,TX,CAN1_TX,PD1,D,1,#,reference,candidates(datasheet-pin-table+rm-remap-grid:en)
CH32V307,afio-can2-remap,PCFR1,PCFR1:22,0,CAN2,RX,CAN2_RX,PB12,B,12,#,reference,candidates(datasheet-pin-table-default:en)
CH32V307,afio-can2-remap,PCFR1,PCFR1:22,0,CAN2,TX,CAN2_TX,PB13,B,13,#,reference,candidates(datasheet-pin-table-default:en)
CH32V307,afio-can2-remap,PCFR1,PCFR1:22,1,CAN2,RX,CAN2_RX,PB5,B,5,#,reference,candidates(datasheet-pin-table+rm-remap-grid:en)
CH32V307,afio-can2-remap,PCFR1,PCFR1:22,1,CAN2,TX,CAN2_TX,PB6,B,6,#,reference,candidates(datasheet-pin-table+rm-remap-grid:en)
CH32V307,afio-eth-remap,PCFR1,PCFR1:21,0,ETH,MII_COL,ETH_MII_COL,PA3,A,3,#,reference,candidates(datasheet-pin-table-default:en)
CH32V307,afio-eth-remap,PCFR1,PCFR1:21,0,ETH,MII_CRS,ETH_MII_CRS,PA0-WKUP,A,0,#,reference,candidates(datasheet-pin-table-default:en)
CH32V307,afio-eth-remap,PCFR1,PCFR1:21,0,ETH,MII_MDC,ETH_MII_MDC,PC1,C,1,#,reference,candidates(datasheet-pin-table-default:en)
CH32V307,afio-eth-remap,PCFR1,PCFR1:21,0,ETH,MII_MDIO,ETH_MII_MDIO,PA2,A,2,#,reference,candidates(datasheet-pin-table-default:en)
CH32V307,afio-eth-remap,PCFR1,PCFR1:21,0,ETH,MII_PPS_OUT,ETH_MII_PPS_OUT,PB5,B,5,#,reference,candidates(datasheet-pin-table-default:en)
CH32V307,afio-eth-remap,PCFR1,PCFR1:21,0,ETH,MII_RXD0,ETH_MII_RXD0,PC4,C,4,#,reference,candidates(datasheet-pin-table-default:en)
CH32V307,afio-eth-remap,PCFR1,PCFR1:21,0,ETH,MII_RXD1,ETH_MII_RXD1,PC5,C,5,#,reference,candidates(datasheet-pin-table-default:en)
CH32V307,afio-eth-remap,PCFR1,PCFR1:21,0,ETH,MII_RXD2,ETH_MII_RXD2,PB0,B,0,#,reference,candidates(datasheet-pin-table-default:en)
CH32V307,afio-eth-remap,PCFR1,PCFR1:21,0,ETH,MII_RXD3,ETH_MII_RXD3,PB1,B,1,#,reference,candidates(datasheet-pin-table-default:en)
CH32V307,afio-eth-remap,PCFR1,PCFR1:21,0,ETH,MII_RX_CLK,ETH_MII_RX_CLK,PA1,A,1,#,reference,candidates(datasheet-pin-table-default:en)
CH32V307,afio-eth-remap,PCFR1,PCFR1:21,0,ETH,MII_RX_DV,ETH_MII_RX_DV,PA7,A,7,#,reference,candidates(datasheet-pin-table-default:en)
CH32V307,afio-eth-remap,PCFR1,PCFR1:21,0,ETH,MII_RX_ER,ETH_MII_RX_ER,PB10,B,10,#,reference,candidates(datasheet-pin-table-default:en)
CH32V307,afio-eth-remap,PCFR1,PCFR1:21,0,ETH,MII_TXD0,ETH_MII_TXD0,PB12,B,12,#,reference,candidates(datasheet-pin-table-default:en)
CH32V307,afio-eth-remap,PCFR1,PCFR1:21,0,ETH,MII_TXD1,ETH_MII_TXD1,PB13,B,13,#,reference,candidates(datasheet-pin-table-default:en)
CH32V307,afio-eth-remap,PCFR1,PCFR1:21,0,ETH,MII_TXD2,ETH_MII_TXD2,PC2,C,2,#,reference,candidates(datasheet-pin-table-default:en)
CH32V307,afio-eth-remap,PCFR1,PCFR1:21,0,ETH,MII_TXD3,ETH_MII_TXD3,PB8,B,8,#,reference,candidates(datasheet-pin-table-default:en)
CH32V307,afio-eth-remap,PCFR1,PCFR1:21,0,ETH,MII_TX_CLK,ETH_MII_TX_CLK,PC3,C,3,#,reference,candidates(datasheet-pin-table-default:en)
CH32V307,afio-eth-remap,PCFR1,PCFR1:21,0,ETH,MII_TX_EN,ETH_MII_TX_EN,PB11,B,11,#,reference,candidates(datasheet-pin-table-default:en)
CH32V307,afio-eth-remap,PCFR1,PCFR1:21,0,ETH,RGMII_125IN,ETH_RGMII_125IN,PB1,B,1,#,reference,candidates(datasheet-pin-table-default:en)
CH32V307,afio-eth-remap,PCFR1,PCFR1:21,0,ETH,RGMII_GTXC,ETH_RGMII_GTXC,PA2,A,2,#,reference,candidates(datasheet-pin-table-default:en)
CH32V307,afio-eth-remap,PCFR1,PCFR1:21,0,ETH,RGMII_MDC,ETH_RGMII_MDC,PB12,B,12,#,reference,candidates(datasheet-pin-table-default:en)
CH32V307,afio-eth-remap,PCFR1,PCFR1:21,0,ETH,RGMII_MDIO,ETH_RGMII_MDIO,PB13,B,13,#,reference,candidates(datasheet-pin-table-default:en)
CH32V307,afio-eth-remap,PCFR1,PCFR1:21,0,ETH,RGMII_RXC,ETH_RGMII_RXC,PC0,C,0,#,reference,candidates(datasheet-pin-table-default:en)
CH32V307,afio-eth-remap,PCFR1,PCFR1:21,0,ETH,RGMII_RXCTL,ETH_RGMII_RXCTL,PC1,C,1,#,reference,candidates(datasheet-pin-table-default:en)
CH32V307,afio-eth-remap,PCFR1,PCFR1:21,0,ETH,RGMII_RXD0,ETH_RGMII_RXD0,PC2,C,2,#,reference,candidates(datasheet-pin-table-default:en)
CH32V307,afio-eth-remap,PCFR1,PCFR1:21,0,ETH,RGMII_RXD1,ETH_RGMII_RXD1,PC3,C,3,#,reference,candidates(datasheet-pin-table-default:en)
CH32V307,afio-eth-remap,PCFR1,PCFR1:21,0,ETH,RGMII_RXD2,ETH_RGMII_RXD2,PA0-WKUP,A,0,#,reference,candidates(datasheet-pin-table-default:en)
CH32V307,afio-eth-remap,PCFR1,PCFR1:21,0,ETH,RGMII_RXD3,ETH_RGMII_RXD3,PA1,A,1,#,reference,candidates(datasheet-pin-table-default:en)
CH32V307,afio-eth-remap,PCFR1,PCFR1:21,0,ETH,RGMII_TXD0,ETH_RGMII_TXD0,PA7,A,7,#,reference,candidates(datasheet-pin-table-default:en)
CH32V307,afio-eth-remap,PCFR1,PCFR1:21,0,ETH,RGMII_TXD1,ETH_RGMII_TXD1,PC4,C,4,#,reference,candidates(datasheet-pin-table-default:en)
CH32V307,afio-eth-remap,PCFR1,PCFR1:21,0,ETH,RGMII_TXD2,ETH_RGMII_TXD2,PC5,C,5,#,reference,candidates(datasheet-pin-table-default:en)
CH32V307,afio-eth-remap,PCFR1,PCFR1:21,0,ETH,RGMII_TXD3,ETH_RGMII_TXD3,PB0,B,0,#,reference,candidates(datasheet-pin-table-default:en)
CH32V307,afio-eth-remap,PCFR1,PCFR1:21,0,ETH,RGMII_TXEN,ETH_RGMII_TXEN,PA3,A,3,#,reference,candidates(datasheet-pin-table-default:en)
CH32V307,afio-eth-remap,PCFR1,PCFR1:21,0,ETH,RMII_CRS_DV,ETH_RMII_CRS_DV,PA7,A,7,#,reference,candidates(datasheet-pin-table-default:en)
CH32V307,afio-eth-remap,PCFR1,PCFR1:21,0,ETH,RMII_MDC,ETH_RMII_MDC,PC1,C,1,#,reference,candidates(datasheet-pin-table-default:en)
CH32V307,afio-eth-remap,PCFR1,PCFR1:21,0,ETH,RMII_MDIO,ETH_RMII_MDIO,PA2,A,2,#,reference,candidates(datasheet-pin-table-default:en)
CH32V307,afio-eth-remap,PCFR1,PCFR1:21,0,ETH,RMII_PPS_OUT,ETH_RMII_PPS_OUT,PB5,B,5,#,reference,candidates(datasheet-pin-table-default:en)
CH32V307,afio-eth-remap,PCFR1,PCFR1:21,0,ETH,RMII_REF_CLK,ETH_RMII_REF_CLK,PA1,A,1,#,reference,candidates(datasheet-pin-table-default:en)
CH32V307,afio-eth-remap,PCFR1,PCFR1:21,0,ETH,RMII_RXD0,ETH_RMII_RXD0,PC4,C,4,#,reference,candidates(datasheet-pin-table-default:en)
CH32V307,afio-eth-remap,PCFR1,PCFR1:21,0,ETH,RMII_RXD1,ETH_RMII_RXD1,PC5,C,5,#,reference,candidates(datasheet-pin-table-default:en)
CH32V307,afio-eth-remap,PCFR1,PCFR1:21,0,ETH,RMII_TXD0,ETH_RMII_TXD0,PB12,B,12,#,reference,candidates(datasheet-pin-table-default:en)
CH32V307,afio-eth-remap,PCFR1,PCFR1:21,0,ETH,RMII_TXD1,ETH_RMII_TXD1,PB13,B,13,#,reference,candidates(datasheet-pin-table-default:en)
CH32V307,afio-eth-remap,PCFR1,PCFR1:21,0,ETH,RMII_TX_EN,ETH_RMII_TX_EN,PB11,B,11,#,reference,candidates(datasheet-pin-table-default:en)
CH32V307,afio-eth-remap,PCFR1,PCFR1:21,0,ETH,RXN,ETH_RXN,PC7,C,7,#,reference,candidates(datasheet-pin-table-default:en)
CH32V307,afio-eth-remap,PCFR1,PCFR1:21,0,ETH,RXP,ETH_RXP,PC6,C,6,#,reference,candidates(datasheet-pin-table-default:en)
CH32V307,afio-eth-remap,PCFR1,PCFR1:21,0,ETH,TXN,ETH_TXN,PC9,C,9,#,reference,candidates(datasheet-pin-table-default:en)
CH32V307,afio-eth-remap,PCFR1,PCFR1:21,0,ETH,TXP,ETH_TXP,PC8,C,8,#,reference,candidates(datasheet-pin-table-default:en)
CH32V307,afio-eth-remap,PCFR1,PCFR1:21,1,ETH,MII_RXD0,ETH_MII_RXD0,PD9,D,9,#,reference,candidates(datasheet-pin-table+rm-remap-grid:en)
CH32V307,afio-eth-remap,PCFR1,PCFR1:21,1,ETH,MII_RXD1,ETH_MII_RXD1,PD10,D,10,#,reference,candidates(datasheet-pin-table+rm-remap-grid:en)
CH32V307,afio-eth-remap,PCFR1,PCFR1:21,1,ETH,MII_RXD2,ETH_MII_RXD2,PD11,D,11,#,reference,candidates(datasheet-pin-table+rm-remap-grid:en)
CH32V307,afio-eth-remap,PCFR1,PCFR1:21,1,ETH,MII_RX_DV,ETH_MII_RX_DV,PD8,D,8,#,reference,candidates(datasheet-pin-table+rm-remap-grid:en)
CH32V307,afio-eth-remap,PCFR1,PCFR1:21,1,ETH,RMII_CRS_DV,ETH_RMII_CRS_DV,PD8,D,8,#,reference,candidates(datasheet-pin-table+rm-remap-grid:en)
CH32V307,afio-eth-remap,PCFR1,PCFR1:21,1,ETH,RMII_RXD0,ETH_RMII_RXD0,PD9,D,9,#,reference,candidates(datasheet-pin-table+rm-remap-grid:en)
CH32V307,afio-eth-remap,PCFR1,PCFR1:21,1,ETH,RMII_RXD1,ETH_RMII_RXD1,PD10,D,10,#,reference,candidates(datasheet-pin-table+rm-remap-grid:en)
CH32V307,afio-fsmc-nadv-remap,PCFR2,PCFR2:10,0,FSMC,A16,FSMC_A16,PD11,D,11,#,reference,candidates(datasheet-pin-table-default:en)
CH32V307,afio-fsmc-nadv-remap,PCFR2,PCFR2:10,0,FSMC,A17,FSMC_A17,PD12,D,12,#,reference,candidates(datasheet-pin-table-default:en)
CH32V307,afio-fsmc-nadv-remap,PCFR2,PCFR2:10,0,FSMC,A18,FSMC_A18,PD13,D,13,#,reference,candidates(datasheet-pin-table-default:en)
CH32V307,afio-fsmc-nadv-remap,PCFR2,PCFR2:10,0,FSMC,A19,FSMC_A19,PE3,E,3,#,reference,candidates(datasheet-pin-table-default:en)
CH32V307,afio-fsmc-nadv-remap,PCFR2,PCFR2:10,0,FSMC,A20,FSMC_A20,PE4,E,4,#,reference,candidates(datasheet-pin-table-default:en)
CH32V307,afio-fsmc-nadv-remap,PCFR2,PCFR2:10,0,FSMC,A21,FSMC_A21,PE5,E,5,#,reference,candidates(datasheet-pin-table-default:en)
CH32V307,afio-fsmc-nadv-remap,PCFR2,PCFR2:10,0,FSMC,A22,FSMC_A22,PE6,E,6,#,reference,candidates(datasheet-pin-table-default:en)
CH32V307,afio-fsmc-nadv-remap,PCFR2,PCFR2:10,0,FSMC,A23,FSMC_A23,PE2,E,2,#,reference,candidates(datasheet-pin-table-default:en)
CH32V307,afio-fsmc-nadv-remap,PCFR2,PCFR2:10,0,FSMC,CLK,FSMC_CLK,PD3,D,3,#,reference,candidates(datasheet-pin-table-default:en)
CH32V307,afio-fsmc-nadv-remap,PCFR2,PCFR2:10,0,FSMC,D0,FSMC_D0,PD14,D,14,#,reference,candidates(datasheet-pin-table-default:en)
CH32V307,afio-fsmc-nadv-remap,PCFR2,PCFR2:10,0,FSMC,D1,FSMC_D1,PD15,D,15,#,reference,candidates(datasheet-pin-table-default:en)
CH32V307,afio-fsmc-nadv-remap,PCFR2,PCFR2:10,0,FSMC,D10,FSMC_D10,PE13,E,13,#,reference,candidates(datasheet-pin-table-default:en)
CH32V307,afio-fsmc-nadv-remap,PCFR2,PCFR2:10,0,FSMC,D11,FSMC_D11,PE14,E,14,#,reference,candidates(datasheet-pin-table-default:en)
CH32V307,afio-fsmc-nadv-remap,PCFR2,PCFR2:10,0,FSMC,D12,FSMC_D12,PE15,E,15,#,reference,candidates(datasheet-pin-table-default:en)
CH32V307,afio-fsmc-nadv-remap,PCFR2,PCFR2:10,0,FSMC,D13,FSMC_D13,PD8,D,8,#,reference,candidates(datasheet-pin-table-default:en)
CH32V307,afio-fsmc-nadv-remap,PCFR2,PCFR2:10,0,FSMC,D14,FSMC_D14,PD9,D,9,#,reference,candidates(datasheet-pin-table-default:en)
CH32V307,afio-fsmc-nadv-remap,PCFR2,PCFR2:10,0,FSMC,D15,FSMC_D15,PD10,D,10,#,reference,candidates(datasheet-pin-table-default:en)
CH32V307,afio-fsmc-nadv-remap,PCFR2,PCFR2:10,0,FSMC,D2,FSMC_D2,PD0,D,0,#,reference,candidates(datasheet-pin-table-default:en)
CH32V307,afio-fsmc-nadv-remap,PCFR2,PCFR2:10,0,FSMC,D3,FSMC_D3,PD1,D,1,#,reference,candidates(datasheet-pin-table-default:en)
CH32V307,afio-fsmc-nadv-remap,PCFR2,PCFR2:10,0,FSMC,D4,FSMC_D4,PE7,E,7,#,reference,candidates(datasheet-pin-table-default:en)
CH32V307,afio-fsmc-nadv-remap,PCFR2,PCFR2:10,0,FSMC,D5,FSMC_D5,PE8,E,8,#,reference,candidates(datasheet-pin-table-default:en)
CH32V307,afio-fsmc-nadv-remap,PCFR2,PCFR2:10,0,FSMC,D6,FSMC_D6,PE9,E,9,#,reference,candidates(datasheet-pin-table-default:en)
CH32V307,afio-fsmc-nadv-remap,PCFR2,PCFR2:10,0,FSMC,D7,FSMC_D7,PE10,E,10,#,reference,candidates(datasheet-pin-table-default:en)
CH32V307,afio-fsmc-nadv-remap,PCFR2,PCFR2:10,0,FSMC,D8,FSMC_D8,PE11,E,11,#,reference,candidates(datasheet-pin-table-default:en)
CH32V307,afio-fsmc-nadv-remap,PCFR2,PCFR2:10,0,FSMC,D9,FSMC_D9,PE12,E,12,#,reference,candidates(datasheet-pin-table-default:en)
CH32V307,afio-fsmc-nadv-remap,PCFR2,PCFR2:10,0,FSMC,NADV,FSMC_NADV,PB7,B,7,#,reference,candidates(datasheet-pin-table-default:en)
CH32V307,afio-fsmc-nadv-remap,PCFR2,PCFR2:10,0,FSMC,NADV,FSMC_NADV,PD2,D,2,#,reference,candidates(datasheet-pin-table-default:en)
CH32V307,afio-fsmc-nadv-remap,PCFR2,PCFR2:10,0,FSMC,NBL0,FSMC_NBL0,PE0,E,0,#,reference,candidates(datasheet-pin-table-default:en)
CH32V307,afio-fsmc-nadv-remap,PCFR2,PCFR2:10,0,FSMC,NBL1,FSMC_NBL1,PE1,E,1,#,reference,candidates(datasheet-pin-table-default:en)
CH32V307,afio-fsmc-nadv-remap,PCFR2,PCFR2:10,0,FSMC,NCE2,FSMC_NCE2,PD7,D,7,#,reference,candidates(datasheet-pin-table-default:en)
CH32V307,afio-fsmc-nadv-remap,PCFR2,PCFR2:10,0,FSMC,NE1,FSMC_NE1,PD7,D,7,#,reference,candidates(datasheet-pin-table-default:en)
CH32V307,afio-fsmc-nadv-remap,PCFR2,PCFR2:10,0,FSMC,NOE,FSMC_NOE,PD4,D,4,#,reference,candidates(datasheet-pin-table-default:en)
CH32V307,afio-fsmc-nadv-remap,PCFR2,PCFR2:10,0,FSMC,NWAIT,FSMC_NWAIT,PD6,D,6,#,reference,candidates(datasheet-pin-table-default:en)
CH32V307,afio-fsmc-nadv-remap,PCFR2,PCFR2:10,0,FSMC,NWE,FSMC_NWE,PD5,D,5,#,reference,candidates(datasheet-pin-table-default:en)
CH32V307,afio-i2c1-remap,PCFR1,PCFR1:1,0,I2C1,SCL,I2C1_SCL,PB6,B,6,#,reference,candidates(datasheet-pin-table-default:en)
CH32V307,afio-i2c1-remap,PCFR1,PCFR1:1,0,I2C1,SDA,I2C1_SDA,PB7,B,7,#,reference,candidates(datasheet-pin-table-default:en)
CH32V307,afio-i2c1-remap,PCFR1,PCFR1:1,0,I2C1,SMBA,I2C1_SMBA,PB5,B,5,#,reference,candidates(datasheet-pin-table-default:en)
CH32V307,afio-i2c1-remap,PCFR1,PCFR1:1,1,I2C1,SCL,I2C1_SCL,PB8,B,8,#,reference,candidates(datasheet-pin-table+rm-remap-grid:en)
CH32V307,afio-i2c1-remap,PCFR1,PCFR1:1,1,I2C1,SDA,I2C1_SDA,PB9,B,9,#,reference,candidates(datasheet-pin-table+rm-remap-grid:en)
CH32V307,afio-spi1-remap,PCFR1,PCFR1:0,0,SPI1,MISO,SPI1_MISO,PA6,A,6,#,reference,candidates(datasheet-pin-table-default:en)
CH32V307,afio-spi1-remap,PCFR1,PCFR1:0,0,SPI1,MOSI,SPI1_MOSI,PA7,A,7,#,reference,candidates(datasheet-pin-table-default:en)
CH32V307,afio-spi1-remap,PCFR1,PCFR1:0,0,SPI1,NSS,SPI1_NSS,PA4,A,4,#,reference,candidates(datasheet-pin-table-default:en)
CH32V307,afio-spi1-remap,PCFR1,PCFR1:0,0,SPI1,SCK,SPI1_SCK,PA5,A,5,#,reference,candidates(datasheet-pin-table-default:en)
CH32V307,afio-spi1-remap,PCFR1,PCFR1:0,1,SPI1,MISO,SPI1_MISO,PB4,B,4,#,reference,candidates(datasheet-pin-table+rm-remap-grid:en)
CH32V307,afio-spi1-remap,PCFR1,PCFR1:0,1,SPI1,MOSI,SPI1_MOSI,PB5,B,5,#,reference,candidates(datasheet-pin-table+rm-remap-grid:en)
CH32V307,afio-spi1-remap,PCFR1,PCFR1:0,1,SPI1,NSS,SPI1_NSS,PA15,A,15,#,reference,candidates(datasheet-pin-table+rm-remap-grid:en)
CH32V307,afio-spi1-remap,PCFR1,PCFR1:0,1,SPI1,SCK,SPI1_SCK,PB3,B,3,#,reference,candidates(datasheet-pin-table+rm-remap-grid:en)
CH32V307,afio-spi3-remap,PCFR1,PCFR1:28,0,I2S3,CK,I2S3_CK,PB3,B,3,#,reference,candidates(datasheet-pin-table-default:en)
CH32V307,afio-spi3-remap,PCFR1,PCFR1:28,0,I2S3,MCK,I2S3_MCK,PA8,A,8,#,reference,candidates(datasheet-pin-table-default:en)
CH32V307,afio-spi3-remap,PCFR1,PCFR1:28,0,I2S3,MCK,I2S3_MCK,PC7,C,7,#,reference,candidates(datasheet-pin-table-default:en)
CH32V307,afio-spi3-remap,PCFR1,PCFR1:28,0,I2S3,SD,I2S3_SD,PA9,A,9,#,reference,candidates(datasheet-pin-table-default:en)
CH32V307,afio-spi3-remap,PCFR1,PCFR1:28,0,I2S3,SD,I2S3_SD,PB5,B,5,#,reference,candidates(datasheet-pin-table-default:en)
CH32V307,afio-spi3-remap,PCFR1,PCFR1:28,0,I2S3,WS,I2S3_WS,PA15,A,15,#,reference,candidates(datasheet-pin-table-default:en)
CH32V307,afio-spi3-remap,PCFR1,PCFR1:28,0,SPI3,MISO,SPI3_MISO,PB4,B,4,#,reference,candidates(datasheet-pin-table-default:en)
CH32V307,afio-spi3-remap,PCFR1,PCFR1:28,0,SPI3,MOSI,SPI3_MOSI,PA15,A,15,#,reference,candidates(datasheet-pin-table-default:en)
CH32V307,afio-spi3-remap,PCFR1,PCFR1:28,0,SPI3,MOSI,SPI3_MOSI,PB5,B,5,#,reference,candidates(datasheet-pin-table-default:en)
CH32V307,afio-spi3-remap,PCFR1,PCFR1:28,0,SPI3,NSS,SPI3_NSS,PA15,A,15,#,reference,candidates(datasheet-pin-table-default:en)
CH32V307,afio-spi3-remap,PCFR1,PCFR1:28,0,SPI3,SCK,SPI3_SCK,PB3,B,3,#,reference,candidates(datasheet-pin-table-default:en)
CH32V307,afio-spi3-remap,PCFR1,PCFR1:28,1,I2S3,CK,I2S3_CK,PC10,C,10,#,reference,candidates(datasheet-pin-table+rm-remap-grid:en)
CH32V307,afio-spi3-remap,PCFR1,PCFR1:28,1,I2S3,SD,I2S3_SD,PC12,C,12,#,reference,candidates(datasheet-pin-table+rm-remap-grid:en)
CH32V307,afio-spi3-remap,PCFR1,PCFR1:28,1,I2S3,WS,I2S3_WS,PA4,A,4,#,reference,candidates(datasheet-pin-table+rm-remap-grid:en)
CH32V307,afio-spi3-remap,PCFR1,PCFR1:28,1,SPI3,MISO,SPI3_MISO,PC11,C,11,#,reference,candidates(datasheet-pin-table+rm-remap-grid:en)
CH32V307,afio-spi3-remap,PCFR1,PCFR1:28,1,SPI3,MOSI,SPI3_MOSI,PC12,C,12,#,reference,candidates(datasheet-pin-table+rm-remap-grid:en)
CH32V307,afio-spi3-remap,PCFR1,PCFR1:28,1,SPI3,NSS,SPI3_NSS,PA4,A,4,#,reference,candidates(datasheet-pin-table+rm-remap-grid:en)
CH32V307,afio-spi3-remap,PCFR1,PCFR1:28,1,SPI3,SCK,SPI3_SCK,PC10,C,10,#,reference,candidates(datasheet-pin-table+rm-remap-grid:en)
CH32V307,afio-tim1-remap,PCFR1,PCFR1:6;PCFR1:7,0,TIM1,BKIN,TIM1_BKIN,PB12,B,12,#,reference,candidates(datasheet-pin-table-default:en)
CH32V307,afio-tim1-remap,PCFR1,PCFR1:6;PCFR1:7,0,TIM1,CH1,TIM1_CH1,PA8,A,8,#,reference,candidates(datasheet-pin-table-default:en)
CH32V307,afio-tim1-remap,PCFR1,PCFR1:6;PCFR1:7,0,TIM1,CH1N,TIM1_CH1N,PB13,B,13,#,reference,candidates(datasheet-pin-table-default:en)
CH32V307,afio-tim1-remap,PCFR1,PCFR1:6;PCFR1:7,0,TIM1,CH2,TIM1_CH2,PA9,A,9,#,reference,candidates(datasheet-pin-table-default:en)
CH32V307,afio-tim1-remap,PCFR1,PCFR1:6;PCFR1:7,0,TIM1,CH2N,TIM1_CH2N,PB14,B,14,#,reference,candidates(datasheet-pin-table-default:en)
CH32V307,afio-tim1-remap,PCFR1,PCFR1:6;PCFR1:7,0,TIM1,CH3,TIM1_CH3,PA10,A,10,#,reference,candidates(datasheet-pin-table-default:en)
CH32V307,afio-tim1-remap,PCFR1,PCFR1:6;PCFR1:7,0,TIM1,CH3N,TIM1_CH3N,PB15,B,15,#,reference,candidates(datasheet-pin-table-default:en)
CH32V307,afio-tim1-remap,PCFR1,PCFR1:6;PCFR1:7,0,TIM1,CH4,TIM1_CH4,PA11,A,11,#,reference,candidates(datasheet-pin-table-default:en)
CH32V307,afio-tim1-remap,PCFR1,PCFR1:6;PCFR1:7,0,TIM1,ETR,TIM1_ETR,PA12,A,12,#,reference,candidates(datasheet-pin-table-default:en)
CH32V307,afio-tim1-remap,PCFR1,PCFR1:6;PCFR1:7,1,TIM1,BKIN,TIM1_BKIN,PA6,A,6,#,reference,candidates(datasheet-pin-table+rm-remap-grid:en)
CH32V307,afio-tim1-remap,PCFR1,PCFR1:6;PCFR1:7,1,TIM1,CH1,TIM1_CH1,PA8,A,8,#,reference,candidates(datasheet-pin-table+rm-remap-grid:en)
CH32V307,afio-tim1-remap,PCFR1,PCFR1:6;PCFR1:7,1,TIM1,CH1N,TIM1_CH1N,PA7,A,7,#,reference,candidates(datasheet-pin-table+rm-remap-grid:en)
CH32V307,afio-tim1-remap,PCFR1,PCFR1:6;PCFR1:7,1,TIM1,CH2,TIM1_CH2,PA9,A,9,#,reference,candidates(datasheet-pin-table+rm-remap-grid:en)
CH32V307,afio-tim1-remap,PCFR1,PCFR1:6;PCFR1:7,1,TIM1,CH2N,TIM1_CH2N,PB0,B,0,#,reference,candidates(datasheet-pin-table+rm-remap-grid:en)
CH32V307,afio-tim1-remap,PCFR1,PCFR1:6;PCFR1:7,1,TIM1,CH3,TIM1_CH3,PA10,A,10,#,reference,candidates(datasheet-pin-table+rm-remap-grid:en)
CH32V307,afio-tim1-remap,PCFR1,PCFR1:6;PCFR1:7,1,TIM1,CH3N,TIM1_CH3N,PB1,B,1,#,reference,candidates(datasheet-pin-table+rm-remap-grid:en)
CH32V307,afio-tim1-remap,PCFR1,PCFR1:6;PCFR1:7,1,TIM1,CH4,TIM1_CH4,PA11,A,11,#,reference,candidates(datasheet-pin-table+rm-remap-grid:en)
CH32V307,afio-tim1-remap,PCFR1,PCFR1:6;PCFR1:7,1,TIM1,ETR,TIM1_ETR,PA12,A,12,#,reference,candidates(datasheet-pin-table+rm-remap-grid:en)
CH32V307,afio-tim1-remap,PCFR1,PCFR1:6;PCFR1:7,3,TIM1,BKIN,TIM1_BKIN,PE15,E,15,#,reference,candidates(datasheet-pin-table+rm-remap-grid:en)
CH32V307,afio-tim1-remap,PCFR1,PCFR1:6;PCFR1:7,3,TIM1,CH1,TIM1_CH1,PE9,E,9,#,reference,candidates(datasheet-pin-table+rm-remap-grid:en)
CH32V307,afio-tim1-remap,PCFR1,PCFR1:6;PCFR1:7,3,TIM1,CH1N,TIM1_CH1N,PE8,E,8,#,reference,candidates(datasheet-pin-table+rm-remap-grid:en)
CH32V307,afio-tim1-remap,PCFR1,PCFR1:6;PCFR1:7,3,TIM1,CH2,TIM1_CH2,PE11,E,11,#,reference,candidates(datasheet-pin-table+rm-remap-grid:en)
CH32V307,afio-tim1-remap,PCFR1,PCFR1:6;PCFR1:7,3,TIM1,CH2N,TIM1_CH2N,PE10,E,10,#,reference,candidates(datasheet-pin-table+rm-remap-grid:en)
CH32V307,afio-tim1-remap,PCFR1,PCFR1:6;PCFR1:7,3,TIM1,CH3,TIM1_CH3,PE13,E,13,#,reference,candidates(datasheet-pin-table+rm-remap-grid:en)
CH32V307,afio-tim1-remap,PCFR1,PCFR1:6;PCFR1:7,3,TIM1,CH3N,TIM1_CH3N,PE12,E,12,#,reference,candidates(datasheet-pin-table+rm-remap-grid:en)
CH32V307,afio-tim1-remap,PCFR1,PCFR1:6;PCFR1:7,3,TIM1,CH4,TIM1_CH4,PE14,E,14,#,reference,candidates(datasheet-pin-table+rm-remap-grid:en)
CH32V307,afio-tim1-remap,PCFR1,PCFR1:6;PCFR1:7,3,TIM1,ETR,TIM1_ETR,PE7,E,7,#,reference,candidates(datasheet-pin-table+rm-remap-grid:en)
CH32V307,afio-tim10-remap,PCFR2,PCFR2:5;PCFR2:6,0,TIM10,BKIN,TIM10_BKIN,PC12,C,12,#,reference,candidates(datasheet-pin-table-default:en)
CH32V307,afio-tim10-remap,PCFR2,PCFR2:5;PCFR2:6,0,TIM10,CH1,TIM10_CH1,PB8,B,8,#,reference,candidates(datasheet-pin-table-default:en)
CH32V307,afio-tim10-remap,PCFR2,PCFR2:5;PCFR2:6,0,TIM10,CH1N,TIM10_CH1N,PA12,A,12,#,reference,candidates(datasheet-pin-table-default:en)
CH32V307,afio-tim10-remap,PCFR2,PCFR2:5;PCFR2:6,0,TIM10,CH2,TIM10_CH2,PB9,B,9,#,reference,candidates(datasheet-pin-table-default:en)
CH32V307,afio-tim10-remap,PCFR2,PCFR2:5;PCFR2:6,0,TIM10,CH2N,TIM10_CH2N,PA13,A,13,#,reference,candidates(datasheet-pin-table-default:en)
CH32V307,afio-tim10-remap,PCFR2,PCFR2:5;PCFR2:6,0,TIM10,CH3,TIM10_CH3,PC3,C,3,#,reference,candidates(datasheet-pin-table-default:en)
CH32V307,afio-tim10-remap,PCFR2,PCFR2:5;PCFR2:6,0,TIM10,CH3N,TIM10_CH3N,PA14,A,14,#,reference,candidates(datasheet-pin-table-default:en)
CH32V307,afio-tim10-remap,PCFR2,PCFR2:5;PCFR2:6,0,TIM10,CH4,TIM10_CH4,PC11,C,11,#,reference,candidates(datasheet-pin-table-default:en)
CH32V307,afio-tim10-remap,PCFR2,PCFR2:5;PCFR2:6,0,TIM10,ETR,TIM10_ETR,PC10,C,10,#,reference,candidates(datasheet-pin-table-default:en)
CH32V307,afio-tim10-remap,PCFR2,PCFR2:5;PCFR2:6,1,TIM10,BKIN,TIM10_BKIN,PB10,B,10,#,reference,candidates(datasheet-pin-table+rm-remap-grid:en)
CH32V307,afio-tim10-remap,PCFR2,PCFR2:5;PCFR2:6,1,TIM10,CH1,TIM10_CH1,PB3,B,3,#,reference,candidates(datasheet-pin-table+rm-remap-grid:en)
CH32V307,afio-tim10-remap,PCFR2,PCFR2:5;PCFR2:6,1,TIM10,CH1N,TIM10_CH1N,PA5,A,5,#,reference,candidates(datasheet-pin-table+rm-remap-grid:en)
CH32V307,afio-tim10-remap,PCFR2,PCFR2:5;PCFR2:6,1,TIM10,CH2,TIM10_CH2,PB4,B,4,#,reference,candidates(datasheet-pin-table+rm-remap-grid:en)
CH32V307,afio-tim10-remap,PCFR2,PCFR2:5;PCFR2:6,1,TIM10,CH2N,TIM10_CH2N,PA6,A,6,#,reference,candidates(datasheet-pin-table+rm-remap-grid:en)
CH32V307,afio-tim10-remap,PCFR2,PCFR2:5;PCFR2:6,1,TIM10,CH3,TIM10_CH3,PB5,B,5,#,reference,candidates(datasheet-pin-table+rm-remap-grid:en)
CH32V307,afio-tim10-remap,PCFR2,PCFR2:5;PCFR2:6,1,TIM10,CH3N,TIM10_CH3N,PA7,A,7,#,reference,candidates(datasheet-pin-table+rm-remap-grid:en)
CH32V307,afio-tim10-remap,PCFR2,PCFR2:5;PCFR2:6,1,TIM10,CH4,TIM10_CH4,PC15-OSC32_OUT,C,15,#,reference,candidates(datasheet-pin-table+rm-remap-grid:en)
CH32V307,afio-tim10-remap,PCFR2,PCFR2:5;PCFR2:6,1,TIM10,ETR,TIM10_ETR,PB11,B,11,#,reference,candidates(datasheet-pin-table+rm-remap-grid:en)
CH32V307,afio-tim10-remap,PCFR2,PCFR2:5;PCFR2:6,2,TIM10,BKIN,TIM10_BKIN,PE2,E,2,#,reference,candidates(datasheet-pin-table+rm-remap-grid:en)
CH32V307,afio-tim10-remap,PCFR2,PCFR2:5;PCFR2:6,2,TIM10,CH1,TIM10_CH1,PD1,D,1,#,reference,candidates(datasheet-pin-table+rm-remap-grid:en)
CH32V307,afio-tim10-remap,PCFR2,PCFR2:5;PCFR2:6,2,TIM10,CH1N,TIM10_CH1N,PE3,E,3,#,reference,candidates(datasheet-pin-table+rm-remap-grid:en)
CH32V307,afio-tim10-remap,PCFR2,PCFR2:5;PCFR2:6,2,TIM10,CH2,TIM10_CH2,PD3,D,3,#,reference,candidates(datasheet-pin-table+rm-remap-grid:en)
CH32V307,afio-tim10-remap,PCFR2,PCFR2:5;PCFR2:6,2,TIM10,CH2N,TIM10_CH2N,PE4,E,4,#,reference,candidates(datasheet-pin-table+rm-remap-grid:en)
CH32V307,afio-tim10-remap,PCFR2,PCFR2:5;PCFR2:6,2,TIM10,CH3,TIM10_CH3,PD5,D,5,#,reference,candidates(datasheet-pin-table+rm-remap-grid:en)
CH32V307,afio-tim10-remap,PCFR2,PCFR2:5;PCFR2:6,2,TIM10,CH3N,TIM10_CH3N,PE5,E,5,#,reference,candidates(datasheet-pin-table+rm-remap-grid:en)
CH32V307,afio-tim10-remap,PCFR2,PCFR2:5;PCFR2:6,2,TIM10,CH4,TIM10_CH4,PD7,D,7,#,reference,candidates(datasheet-pin-table+rm-remap-grid:en)
CH32V307,afio-tim10-remap,PCFR2,PCFR2:5;PCFR2:6,2,TIM10,ETR,TIM10_ETR,PD0,D,0,#,reference,candidates(datasheet-pin-table+rm-remap-grid:en)
CH32V307,afio-tim10-remap,PCFR2,PCFR2:5;PCFR2:6,3,TIM10,BKIN,TIM10_BKIN,PE2,E,2,#,reference,candidates(datasheet-pin-table+rm-remap-grid:en)
CH32V307,afio-tim10-remap,PCFR2,PCFR2:5;PCFR2:6,3,TIM10,CH1,TIM10_CH1,PD1,D,1,#,reference,candidates(datasheet-pin-table+rm-remap-grid:en)
CH32V307,afio-tim10-remap,PCFR2,PCFR2:5;PCFR2:6,3,TIM10,CH1N,TIM10_CH1N,PE3,E,3,#,reference,candidates(datasheet-pin-table+rm-remap-grid:en)
CH32V307,afio-tim10-remap,PCFR2,PCFR2:5;PCFR2:6,3,TIM10,CH2,TIM10_CH2,PD3,D,3,#,reference,candidates(datasheet-pin-table+rm-remap-grid:en)
CH32V307,afio-tim10-remap,PCFR2,PCFR2:5;PCFR2:6,3,TIM10,CH2N,TIM10_CH2N,PE4,E,4,#,reference,candidates(datasheet-pin-table+rm-remap-grid:en)
CH32V307,afio-tim10-remap,PCFR2,PCFR2:5;PCFR2:6,3,TIM10,CH3,TIM10_CH3,PD5,D,5,#,reference,candidates(datasheet-pin-table+rm-remap-grid:en)
CH32V307,afio-tim10-remap,PCFR2,PCFR2:5;PCFR2:6,3,TIM10,CH3N,TIM10_CH3N,PE5,E,5,#,reference,candidates(datasheet-pin-table+rm-remap-grid:en)
CH32V307,afio-tim10-remap,PCFR2,PCFR2:5;PCFR2:6,3,TIM10,CH4,TIM10_CH4,PD7,D,7,#,reference,candidates(datasheet-pin-table+rm-remap-grid:en)
CH32V307,afio-tim10-remap,PCFR2,PCFR2:5;PCFR2:6,3,TIM10,ETR,TIM10_ETR,PD0,D,0,#,reference,candidates(datasheet-pin-table+rm-remap-grid:en)
CH32V307,afio-tim2-remap,PCFR1,PCFR1:8;PCFR1:9,0,TIM2,CH1,TIM2_CH1,PA0-WKUP,A,0,#,reference,candidates(datasheet-pin-table-default:en)
CH32V307,afio-tim2-remap,PCFR1,PCFR1:8;PCFR1:9,0,TIM2,CH2,TIM2_CH2,PA1,A,1,#,reference,candidates(datasheet-pin-table-default:en)
CH32V307,afio-tim2-remap,PCFR1,PCFR1:8;PCFR1:9,0,TIM2,CH3,TIM2_CH3,PA2,A,2,#,reference,candidates(datasheet-pin-table-default:en)
CH32V307,afio-tim2-remap,PCFR1,PCFR1:8;PCFR1:9,0,TIM2,CH4,TIM2_CH4,PA3,A,3,#,reference,candidates(datasheet-pin-table-default:en)
CH32V307,afio-tim2-remap,PCFR1,PCFR1:8;PCFR1:9,0,TIM2,ETR,TIM2_ETR,PA0-WKUP,A,0,#,reference,candidates(datasheet-pin-table-default:en)
CH32V307,afio-tim2-remap,PCFR1,PCFR1:8;PCFR1:9,1,TIM2,CH1,TIM2_CH1,PA15,A,15,#,reference,candidates(datasheet-pin-table+rm-remap-grid:en)
CH32V307,afio-tim2-remap,PCFR1,PCFR1:8;PCFR1:9,1,TIM2,CH2,TIM2_CH2,PB3,B,3,#,reference,candidates(datasheet-pin-table+rm-remap-grid:en)
CH32V307,afio-tim2-remap,PCFR1,PCFR1:8;PCFR1:9,1,TIM2,CH3,TIM2_CH3,PA2,A,2,#,reference,candidates(datasheet-pin-table+rm-remap-grid:en)
CH32V307,afio-tim2-remap,PCFR1,PCFR1:8;PCFR1:9,1,TIM2,CH4,TIM2_CH4,PA3,A,3,#,reference,candidates(datasheet-pin-table+rm-remap-grid:en)
CH32V307,afio-tim2-remap,PCFR1,PCFR1:8;PCFR1:9,1,TIM2,ETR,TIM2_ETR,PA15,A,15,#,reference,candidates(datasheet-pin-table+rm-remap-grid:en)
CH32V307,afio-tim2-remap,PCFR1,PCFR1:8;PCFR1:9,2,TIM2,CH1,TIM2_CH1,PA0-WKUP,A,0,#,reference,candidates(datasheet-pin-table+rm-remap-grid:en)
CH32V307,afio-tim2-remap,PCFR1,PCFR1:8;PCFR1:9,2,TIM2,CH2,TIM2_CH2,PA1,A,1,#,reference,candidates(datasheet-pin-table+rm-remap-grid:en)
CH32V307,afio-tim2-remap,PCFR1,PCFR1:8;PCFR1:9,2,TIM2,CH3,TIM2_CH3,PB10,B,10,#,reference,candidates(datasheet-pin-table+rm-remap-grid:en)
CH32V307,afio-tim2-remap,PCFR1,PCFR1:8;PCFR1:9,2,TIM2,CH4,TIM2_CH4,PB11,B,11,#,reference,candidates(datasheet-pin-table+rm-remap-grid:en)
CH32V307,afio-tim2-remap,PCFR1,PCFR1:8;PCFR1:9,2,TIM2,ETR,TIM2_ETR,PA0-WKUP,A,0,#,reference,candidates(datasheet-pin-table+rm-remap-grid:en)
CH32V307,afio-tim2-remap,PCFR1,PCFR1:8;PCFR1:9,3,TIM2,CH1,TIM2_CH1,PA15,A,15,#,reference,candidates(datasheet-pin-table+rm-remap-grid:en)
CH32V307,afio-tim2-remap,PCFR1,PCFR1:8;PCFR1:9,3,TIM2,CH2,TIM2_CH2,PB3,B,3,#,reference,candidates(datasheet-pin-table+rm-remap-grid:en)
CH32V307,afio-tim2-remap,PCFR1,PCFR1:8;PCFR1:9,3,TIM2,CH3,TIM2_CH3,PB10,B,10,#,reference,candidates(datasheet-pin-table+rm-remap-grid:en)
CH32V307,afio-tim2-remap,PCFR1,PCFR1:8;PCFR1:9,3,TIM2,CH4,TIM2_CH4,PB11,B,11,#,reference,candidates(datasheet-pin-table+rm-remap-grid:en)
CH32V307,afio-tim2-remap,PCFR1,PCFR1:8;PCFR1:9,3,TIM2,ETR,TIM2_ETR,PA15,A,15,#,reference,candidates(datasheet-pin-table+rm-remap-grid:en)
CH32V307,afio-tim3-remap,PCFR1,PCFR1:10;PCFR1:11,0,TIM3,CH1,TIM3_CH1,PA6,A,6,#,reference,candidates(datasheet-pin-table-default:en)
CH32V307,afio-tim3-remap,PCFR1,PCFR1:10;PCFR1:11,0,TIM3,CH2,TIM3_CH2,PA7,A,7,#,reference,candidates(datasheet-pin-table-default:en)
CH32V307,afio-tim3-remap,PCFR1,PCFR1:10;PCFR1:11,0,TIM3,CH3,TIM3_CH3,PB0,B,0,#,reference,candidates(datasheet-pin-table-default:en)
CH32V307,afio-tim3-remap,PCFR1,PCFR1:10;PCFR1:11,0,TIM3,CH4,TIM3_CH4,PB1,B,1,#,reference,candidates(datasheet-pin-table-default:en)
CH32V307,afio-tim3-remap,PCFR1,PCFR1:10;PCFR1:11,0,TIM3,ETR,TIM3_ETR,PD2,D,2,#,reference,candidates(datasheet-pin-table-default:en)
CH32V307,afio-tim3-remap,PCFR1,PCFR1:10;PCFR1:11,2,TIM3,CH1,TIM3_CH1,PB4,B,4,#,reference,candidates(datasheet-pin-table+rm-remap-grid:en)
CH32V307,afio-tim3-remap,PCFR1,PCFR1:10;PCFR1:11,2,TIM3,CH2,TIM3_CH2,PB5,B,5,#,reference,candidates(datasheet-pin-table+rm-remap-grid:en)
CH32V307,afio-tim3-remap,PCFR1,PCFR1:10;PCFR1:11,2,TIM3,CH3,TIM3_CH3,PB0,B,0,#,reference,candidates(datasheet-pin-table+rm-remap-grid:en)
CH32V307,afio-tim3-remap,PCFR1,PCFR1:10;PCFR1:11,2,TIM3,CH4,TIM3_CH4,PB1,B,1,#,reference,candidates(datasheet-pin-table+rm-remap-grid:en)
CH32V307,afio-tim3-remap,PCFR1,PCFR1:10;PCFR1:11,2,TIM3,ETR,TIM3_ETR,PD2,D,2,#,reference,candidates(datasheet-pin-table+rm-remap-grid:en)
CH32V307,afio-tim3-remap,PCFR1,PCFR1:10;PCFR1:11,3,TIM3,CH1,TIM3_CH1,PC6,C,6,#,reference,candidates(datasheet-pin-table+rm-remap-grid:en)
CH32V307,afio-tim3-remap,PCFR1,PCFR1:10;PCFR1:11,3,TIM3,CH2,TIM3_CH2,PC7,C,7,#,reference,candidates(datasheet-pin-table+rm-remap-grid:en)
CH32V307,afio-tim3-remap,PCFR1,PCFR1:10;PCFR1:11,3,TIM3,CH3,TIM3_CH3,PC8,C,8,#,reference,candidates(datasheet-pin-table+rm-remap-grid:en)
CH32V307,afio-tim3-remap,PCFR1,PCFR1:10;PCFR1:11,3,TIM3,CH4,TIM3_CH4,PC9,C,9,#,reference,candidates(datasheet-pin-table+rm-remap-grid:en)
CH32V307,afio-tim3-remap,PCFR1,PCFR1:10;PCFR1:11,3,TIM3,ETR,TIM3_ETR,PD2,D,2,#,reference,candidates(datasheet-pin-table+rm-remap-grid:en)
CH32V307,afio-tim4-remap,PCFR1,PCFR1:12,0,TIM4,CH1,TIM4_CH1,PB6,B,6,#,reference,candidates(datasheet-pin-table-default:en)
CH32V307,afio-tim4-remap,PCFR1,PCFR1:12,0,TIM4,CH2,TIM4_CH2,PB7,B,7,#,reference,candidates(datasheet-pin-table-default:en)
CH32V307,afio-tim4-remap,PCFR1,PCFR1:12,0,TIM4,CH3,TIM4_CH3,PB8,B,8,#,reference,candidates(datasheet-pin-table-default:en)
CH32V307,afio-tim4-remap,PCFR1,PCFR1:12,0,TIM4,CH4,TIM4_CH4,PB9,B,9,#,reference,candidates(datasheet-pin-table-default:en)
CH32V307,afio-tim4-remap,PCFR1,PCFR1:12,0,TIM4,ETR,TIM4_ETR,PE0,E,0,#,reference,candidates(datasheet-pin-table-default:en)
CH32V307,afio-tim4-remap,PCFR1,PCFR1:12,1,TIM4,CH1,TIM4_CH1,PD12,D,12,#,reference,candidates(datasheet-pin-table+rm-remap-grid:en)
CH32V307,afio-tim4-remap,PCFR1,PCFR1:12,1,TIM4,CH2,TIM4_CH2,PD13,D,13,#,reference,candidates(datasheet-pin-table+rm-remap-grid:en)
CH32V307,afio-tim4-remap,PCFR1,PCFR1:12,1,TIM4,CH3,TIM4_CH3,PD14,D,14,#,reference,candidates(datasheet-pin-table+rm-remap-grid:en)
CH32V307,afio-tim4-remap,PCFR1,PCFR1:12,1,TIM4,CH4,TIM4_CH4,PD15,D,15,#,reference,candidates(datasheet-pin-table+rm-remap-grid:en)
CH32V307,afio-tim4-remap,PCFR1,PCFR1:12,1,TIM4,ETR,TIM4_ETR,PE0,E,0,#,reference,candidates(datasheet-pin-table+rm-remap-grid:en)
CH32V307,afio-tim5ch4-rm,PCFR1,PCFR1:16,0,TIM5,CH4,TIM5_CH4,PA3,A,3,#,reference,candidates(datasheet-pin-table-default:en)
CH32V307,afio-tim8-remap,PCFR2,PCFR2:2,0,TIM8,BKIN,TIM8_BKIN,PA6,A,6,#,reference,candidates(datasheet-pin-table-default:en)
CH32V307,afio-tim8-remap,PCFR2,PCFR2:2,0,TIM8,CH1,TIM8_CH1,PC6,C,6,#,reference,candidates(datasheet-pin-table-default:en)
CH32V307,afio-tim8-remap,PCFR2,PCFR2:2,0,TIM8,CH1N,TIM8_CH1N,PA7,A,7,#,reference,candidates(datasheet-pin-table-default:en)
CH32V307,afio-tim8-remap,PCFR2,PCFR2:2,0,TIM8,CH2,TIM8_CH2,PC7,C,7,#,reference,candidates(datasheet-pin-table-default:en)
CH32V307,afio-tim8-remap,PCFR2,PCFR2:2,0,TIM8,CH2N,TIM8_CH2N,PB0,B,0,#,reference,candidates(datasheet-pin-table-default:en)
CH32V307,afio-tim8-remap,PCFR2,PCFR2:2,0,TIM8,CH3,TIM8_CH3,PC8,C,8,#,reference,candidates(datasheet-pin-table-default:en)
CH32V307,afio-tim8-remap,PCFR2,PCFR2:2,0,TIM8,CH3N,TIM8_CH3N,PB1,B,1,#,reference,candidates(datasheet-pin-table-default:en)
CH32V307,afio-tim8-remap,PCFR2,PCFR2:2,0,TIM8,CH4,TIM8_CH4,PC9,C,9,#,reference,candidates(datasheet-pin-table-default:en)
CH32V307,afio-tim8-remap,PCFR2,PCFR2:2,0,TIM8,ETR,TIM8_ETR,PA0-WKUP,A,0,#,reference,candidates(datasheet-pin-table-default:en)
CH32V307,afio-tim8-remap,PCFR2,PCFR2:2,1,TIM8,BKIN,TIM8_BKIN,PB9,B,9,#,reference,candidates(datasheet-pin-table+rm-remap-grid:en)
CH32V307,afio-tim8-remap,PCFR2,PCFR2:2,1,TIM8,CH1,TIM8_CH1,PB6,B,6,#,reference,candidates(datasheet-pin-table+rm-remap-grid:en)
CH32V307,afio-tim8-remap,PCFR2,PCFR2:2,1,TIM8,CH1N,TIM8_CH1N,PA13,A,13,#,reference,candidates(datasheet-pin-table+rm-remap-grid:en)
CH32V307,afio-tim8-remap,PCFR2,PCFR2:2,1,TIM8,CH2,TIM8_CH2,PB7,B,7,#,reference,candidates(datasheet-pin-table+rm-remap-grid:en)
CH32V307,afio-tim8-remap,PCFR2,PCFR2:2,1,TIM8,CH2N,TIM8_CH2N,PA14,A,14,#,reference,candidates(datasheet-pin-table+rm-remap-grid:en)
CH32V307,afio-tim8-remap,PCFR2,PCFR2:2,1,TIM8,CH3,TIM8_CH3,PB8,B,8,#,reference,candidates(datasheet-pin-table+rm-remap-grid:en)
CH32V307,afio-tim8-remap,PCFR2,PCFR2:2,1,TIM8,CH3N,TIM8_CH3N,PA15,A,15,#,reference,candidates(datasheet-pin-table+rm-remap-grid:en)
CH32V307,afio-tim8-remap,PCFR2,PCFR2:2,1,TIM8,CH4,TIM8_CH4,PC13-TAMPER-RTC,C,13,#,reference,candidates(datasheet-pin-table+rm-remap-grid:en)
CH32V307,afio-tim8-remap,PCFR2,PCFR2:2,1,TIM8,ETR,TIM8_ETR,PA0-WKUP,A,0,#,reference,candidates(datasheet-pin-table+rm-remap-grid:en)
CH32V307,afio-tim9-remap,PCFR2,PCFR2:3;PCFR2:4,0,TIM9,BKIN,TIM9_BKIN,PC5,C,5,#,reference,candidates(datasheet-pin-table-default:en)
CH32V307,afio-tim9-remap,PCFR2,PCFR2:3;PCFR2:4,0,TIM9,CH1,TIM9_CH1,PA2,A,2,#,reference,candidates(datasheet-pin-table-default:en)
CH32V307,afio-tim9-remap,PCFR2,PCFR2:3;PCFR2:4,0,TIM9,CH1N,TIM9_CH1N,PC0,C,0,#,reference,candidates(datasheet-pin-table-default:en)
CH32V307,afio-tim9-remap,PCFR2,PCFR2:3;PCFR2:4,0,TIM9,CH2,TIM9_CH2,PA3,A,3,#,reference,candidates(datasheet-pin-table-default:en)
CH32V307,afio-tim9-remap,PCFR2,PCFR2:3;PCFR2:4,0,TIM9,CH2N,TIM9_CH2N,PC1,C,1,#,reference,candidates(datasheet-pin-table-default:en)
CH32V307,afio-tim9-remap,PCFR2,PCFR2:3;PCFR2:4,0,TIM9,CH3,TIM9_CH3,PA4,A,4,#,reference,candidates(datasheet-pin-table-default:en)
CH32V307,afio-tim9-remap,PCFR2,PCFR2:3;PCFR2:4,0,TIM9,CH3N,TIM9_CH3N,PC2,C,2,#,reference,candidates(datasheet-pin-table-default:en)
CH32V307,afio-tim9-remap,PCFR2,PCFR2:3;PCFR2:4,0,TIM9,CH4,TIM9_CH4,PC4,C,4,#,reference,candidates(datasheet-pin-table-default:en)
CH32V307,afio-tim9-remap,PCFR2,PCFR2:3;PCFR2:4,0,TIM9,ETR,TIM9_ETR,PA2,A,2,#,reference,candidates(datasheet-pin-table-default:en)
CH32V307,afio-tim9-remap,PCFR2,PCFR2:3;PCFR2:4,1,TIM9,BKIN,TIM9_BKIN,PA1,A,1,#,reference,candidates(datasheet-pin-table+rm-remap-grid:en)
CH32V307,afio-tim9-remap,PCFR2,PCFR2:3;PCFR2:4,1,TIM9,CH1,TIM9_CH1,PA2,A,2,#,reference,candidates(datasheet-pin-table+rm-remap-grid:en)
CH32V307,afio-tim9-remap,PCFR2,PCFR2:3;PCFR2:4,1,TIM9,CH1N,TIM9_CH1N,PB0,B,0,#,reference,candidates(datasheet-pin-table+rm-remap-grid:en)
CH32V307,afio-tim9-remap,PCFR2,PCFR2:3;PCFR2:4,1,TIM9,CH2,TIM9_CH2,PA3,A,3,#,reference,candidates(datasheet-pin-table+rm-remap-grid:en)
CH32V307,afio-tim9-remap,PCFR2,PCFR2:3;PCFR2:4,1,TIM9,CH2N,TIM9_CH2N,PB1,B,1,#,reference,candidates(datasheet-pin-table+rm-remap-grid:en)
CH32V307,afio-tim9-remap,PCFR2,PCFR2:3;PCFR2:4,1,TIM9,CH3,TIM9_CH3,PA4,A,4,#,reference,candidates(datasheet-pin-table+rm-remap-grid:en)
CH32V307,afio-tim9-remap,PCFR2,PCFR2:3;PCFR2:4,1,TIM9,CH3N,TIM9_CH3N,PB2,B,2,#,reference,candidates(datasheet-pin-table+rm-remap-grid:en)
CH32V307,afio-tim9-remap,PCFR2,PCFR2:3;PCFR2:4,1,TIM9,CH4,TIM9_CH4,PC14-OSC32_IN,C,14,#,reference,candidates(datasheet-pin-table+rm-remap-grid:en)
CH32V307,afio-tim9-remap,PCFR2,PCFR2:3;PCFR2:4,1,TIM9,ETR,TIM9_ETR,PA2,A,2,#,reference,candidates(datasheet-pin-table+rm-remap-grid:en)
CH32V307,afio-tim9-remap,PCFR2,PCFR2:3;PCFR2:4,2,TIM9,BKIN,TIM9_BKIN,PD14,D,14,#,reference,candidates(datasheet-pin-table+rm-remap-grid:en)
CH32V307,afio-tim9-remap,PCFR2,PCFR2:3;PCFR2:4,2,TIM9,CH1,TIM9_CH1,PD9,D,9,#,reference,candidates(datasheet-pin-table+rm-remap-grid:en)
CH32V307,afio-tim9-remap,PCFR2,PCFR2:3;PCFR2:4,2,TIM9,CH1N,TIM9_CH1N,PD8,D,8,#,reference,candidates(datasheet-pin-table+rm-remap-grid:en)
CH32V307,afio-tim9-remap,PCFR2,PCFR2:3;PCFR2:4,2,TIM9,CH2,TIM9_CH2,PD11,D,11,#,reference,candidates(datasheet-pin-table+rm-remap-grid:en)
CH32V307,afio-tim9-remap,PCFR2,PCFR2:3;PCFR2:4,2,TIM9,CH2N,TIM9_CH2N,PD10,D,10,#,reference,candidates(datasheet-pin-table+rm-remap-grid:en)
CH32V307,afio-tim9-remap,PCFR2,PCFR2:3;PCFR2:4,2,TIM9,CH3,TIM9_CH3,PD13,D,13,#,reference,candidates(datasheet-pin-table+rm-remap-grid:en)
CH32V307,afio-tim9-remap,PCFR2,PCFR2:3;PCFR2:4,2,TIM9,CH3N,TIM9_CH3N,PD12,D,12,#,reference,candidates(datasheet-pin-table+rm-remap-grid:en)
CH32V307,afio-tim9-remap,PCFR2,PCFR2:3;PCFR2:4,2,TIM9,CH4,TIM9_CH4,PD15,D,15,#,reference,candidates(datasheet-pin-table+rm-remap-grid:en)
CH32V307,afio-tim9-remap,PCFR2,PCFR2:3;PCFR2:4,2,TIM9,ETR,TIM9_ETR,PD9,D,9,#,reference,candidates(datasheet-pin-table+rm-remap-grid:en)
CH32V307,afio-tim9-remap,PCFR2,PCFR2:3;PCFR2:4,3,TIM9,BKIN,TIM9_BKIN,PD14,D,14,#,reference,candidates(datasheet-pin-table+rm-remap-grid:en)
CH32V307,afio-tim9-remap,PCFR2,PCFR2:3;PCFR2:4,3,TIM9,CH1,TIM9_CH1,PD9,D,9,#,reference,candidates(datasheet-pin-table+rm-remap-grid:en)
CH32V307,afio-tim9-remap,PCFR2,PCFR2:3;PCFR2:4,3,TIM9,CH1N,TIM9_CH1N,PD8,D,8,#,reference,candidates(datasheet-pin-table+rm-remap-grid:en)
CH32V307,afio-tim9-remap,PCFR2,PCFR2:3;PCFR2:4,3,TIM9,CH2,TIM9_CH2,PD11,D,11,#,reference,candidates(datasheet-pin-table+rm-remap-grid:en)
CH32V307,afio-tim9-remap,PCFR2,PCFR2:3;PCFR2:4,3,TIM9,CH2N,TIM9_CH2N,PD10,D,10,#,reference,candidates(datasheet-pin-table+rm-remap-grid:en)
CH32V307,afio-tim9-remap,PCFR2,PCFR2:3;PCFR2:4,3,TIM9,CH3,TIM9_CH3,PD13,D,13,#,reference,candidates(datasheet-pin-table+rm-remap-grid:en)
CH32V307,afio-tim9-remap,PCFR2,PCFR2:3;PCFR2:4,3,TIM9,CH3N,TIM9_CH3N,PD12,D,12,#,reference,candidates(datasheet-pin-table+rm-remap-grid:en)
CH32V307,afio-tim9-remap,PCFR2,PCFR2:3;PCFR2:4,3,TIM9,CH4,TIM9_CH4,PD15,D,15,#,reference,candidates(datasheet-pin-table+rm-remap-grid:en)
CH32V307,afio-tim9-remap,PCFR2,PCFR2:3;PCFR2:4,3,TIM9,ETR,TIM9_ETR,PD9,D,9,#,reference,candidates(datasheet-pin-table+rm-remap-grid:en)
CH32V307,afio-usart1-remap,PCFR1|PCFR2,PCFR1:2;PCFR2:26,0,USART1,CK,USART1_CK,PA8,A,8,#,reference,candidates(datasheet-pin-table-default:en)
CH32V307,afio-usart1-remap,PCFR1|PCFR2,PCFR1:2;PCFR2:26,0,USART1,CTS,USART1_CTS,PA11,A,11,#,reference,candidates(datasheet-pin-table-default:en)
CH32V307,afio-usart1-remap,PCFR1|PCFR2,PCFR1:2;PCFR2:26,0,USART1,RTS,USART1_RTS,PA12,A,12,#,reference,candidates(datasheet-pin-table-default:en)
CH32V307,afio-usart1-remap,PCFR1|PCFR2,PCFR1:2;PCFR2:26,0,USART1,RX,USART1_RX,PA10,A,10,#,reference,candidates(datasheet-pin-table-default:en)
CH32V307,afio-usart1-remap,PCFR1|PCFR2,PCFR1:2;PCFR2:26,0,USART1,TX,USART1_TX,PA9,A,9,#,reference,candidates(datasheet-pin-table-default:en)
CH32V307,afio-usart1-remap,PCFR1|PCFR2,PCFR1:2;PCFR2:26,1,USART1,CK,USART1_CK,PA8,A,8,#,reference,candidates(datasheet-pin-table+rm-remap-grid:en)
CH32V307,afio-usart1-remap,PCFR1|PCFR2,PCFR1:2;PCFR2:26,1,USART1,CTS,USART1_CTS,PA11,A,11,#,reference,candidates(datasheet-pin-table+rm-remap-grid:en)
CH32V307,afio-usart1-remap,PCFR1|PCFR2,PCFR1:2;PCFR2:26,1,USART1,RTS,USART1_RTS,PA12,A,12,#,reference,candidates(datasheet-pin-table+rm-remap-grid:en)
CH32V307,afio-usart1-remap,PCFR1|PCFR2,PCFR1:2;PCFR2:26,1,USART1,RX,USART1_RX,PB7,B,7,#,reference,candidates(datasheet-pin-table+rm-remap-grid:en)
CH32V307,afio-usart1-remap,PCFR1|PCFR2,PCFR1:2;PCFR2:26,1,USART1,TX,USART1_TX,PB6,B,6,#,reference,candidates(datasheet-pin-table+rm-remap-grid:en)
CH32V307,afio-usart1-remap,PCFR1|PCFR2,PCFR1:2;PCFR2:26,2,USART1,CK,USART1_CK,PA10,A,10,#,reference,candidates(datasheet-pin-table+rm-remap-grid:en)
CH32V307,afio-usart1-remap,PCFR1|PCFR2,PCFR1:2;PCFR2:26,2,USART1,CTS,USART1_CTS,PA5,A,5,#,reference,candidates(datasheet-pin-table+rm-remap-grid:en)
CH32V307,afio-usart1-remap,PCFR1|PCFR2,PCFR1:2;PCFR2:26,2,USART1,RTS,USART1_RTS,PA9,A,9,#,reference,candidates(datasheet-pin-table+rm-remap-grid:en)
CH32V307,afio-usart1-remap,PCFR1|PCFR2,PCFR1:2;PCFR2:26,2,USART1,RX,USART1_RX,PA8,A,8,#,reference,candidates(datasheet-pin-table+rm-remap-grid:en)
CH32V307,afio-usart1-remap,PCFR1|PCFR2,PCFR1:2;PCFR2:26,2,USART1,TX,USART1_TX,PB15,B,15,#,reference,candidates(datasheet-pin-table+rm-remap-grid:en)
CH32V307,afio-usart1-remap,PCFR1|PCFR2,PCFR1:2;PCFR2:26,3,USART1,CK,USART1_CK,PA5,A,5,#,reference,candidates(datasheet-pin-table+rm-remap-grid:en)
CH32V307,afio-usart1-remap,PCFR1|PCFR2,PCFR1:2;PCFR2:26,3,USART1,CTS,USART1_CTS,PC4,C,4,#,reference,candidates(datasheet-pin-table+rm-remap-grid:en)
CH32V307,afio-usart1-remap,PCFR1|PCFR2,PCFR1:2;PCFR2:26,3,USART1,RTS,USART1_RTS,PC5,C,5,#,reference,candidates(datasheet-pin-table+rm-remap-grid:en)
CH32V307,afio-usart1-remap,PCFR1|PCFR2,PCFR1:2;PCFR2:26,3,USART1,RX,USART1_RX,PA7,A,7,#,reference,candidates(datasheet-pin-table+rm-remap-grid:en)
CH32V307,afio-usart1-remap,PCFR1|PCFR2,PCFR1:2;PCFR2:26,3,USART1,TX,USART1_TX,PA6,A,6,#,reference,candidates(datasheet-pin-table+rm-remap-grid:en)
CH32V307,afio-usart2-remap,PCFR1,PCFR1:3,0,USART2,CK,USART2_CK,PA4,A,4,#,reference,candidates(datasheet-pin-table-default:en)
CH32V307,afio-usart2-remap,PCFR1,PCFR1:3,0,USART2,CTS,USART2_CTS,PA0-WKUP,A,0,#,reference,candidates(datasheet-pin-table-default:en)
CH32V307,afio-usart2-remap,PCFR1,PCFR1:3,0,USART2,RTS,USART2_RTS,PA1,A,1,#,reference,candidates(datasheet-pin-table-default:en)
CH32V307,afio-usart2-remap,PCFR1,PCFR1:3,0,USART2,RX,USART2_RX,PA3,A,3,#,reference,candidates(datasheet-pin-table-default:en)
CH32V307,afio-usart2-remap,PCFR1,PCFR1:3,0,USART2,TX,USART2_TX,PA2,A,2,#,reference,candidates(datasheet-pin-table-default:en)
CH32V307,afio-usart2-remap,PCFR1,PCFR1:3,1,USART2,CK,USART2_CK,PD7,D,7,#,reference,candidates(datasheet-pin-table+rm-remap-grid:en)
CH32V307,afio-usart2-remap,PCFR1,PCFR1:3,1,USART2,CTS,USART2_CTS,PD3,D,3,#,reference,candidates(datasheet-pin-table+rm-remap-grid:en)
CH32V307,afio-usart2-remap,PCFR1,PCFR1:3,1,USART2,RTS,USART2_RTS,PD4,D,4,#,reference,candidates(datasheet-pin-table+rm-remap-grid:en)
CH32V307,afio-usart2-remap,PCFR1,PCFR1:3,1,USART2,RX,USART2_RX,PD6,D,6,#,reference,candidates(datasheet-pin-table+rm-remap-grid:en)
CH32V307,afio-usart2-remap,PCFR1,PCFR1:3,1,USART2,TX,USART2_TX,PD5,D,5,#,reference,candidates(datasheet-pin-table+rm-remap-grid:en)
CH32V307,afio-usart3-remap,PCFR1,PCFR1:4;PCFR1:5,0,USART3,CK,USART3_CK,PB12,B,12,#,reference,candidates(datasheet-pin-table-default:en)
CH32V307,afio-usart3-remap,PCFR1,PCFR1:4;PCFR1:5,0,USART3,CTS,USART3_CTS,PB13,B,13,#,reference,candidates(datasheet-pin-table-default:en)
CH32V307,afio-usart3-remap,PCFR1,PCFR1:4;PCFR1:5,0,USART3,RTS,USART3_RTS,PB14,B,14,#,reference,candidates(datasheet-pin-table-default:en)
CH32V307,afio-usart3-remap,PCFR1,PCFR1:4;PCFR1:5,0,USART3,RX,USART3_RX,PB11,B,11,#,reference,candidates(datasheet-pin-table-default:en)
CH32V307,afio-usart3-remap,PCFR1,PCFR1:4;PCFR1:5,0,USART3,TX,USART3_TX,PB10,B,10,#,reference,candidates(datasheet-pin-table-default:en)
CH32V307,afio-usart3-remap,PCFR1,PCFR1:4;PCFR1:5,1,USART3,CK,USART3_CK,PC12,C,12,#,reference,candidates(datasheet-pin-table+rm-remap-grid:en)
CH32V307,afio-usart3-remap,PCFR1,PCFR1:4;PCFR1:5,1,USART3,CTS,USART3_CTS,PB13,B,13,#,reference,candidates(datasheet-pin-table+rm-remap-grid:en)
CH32V307,afio-usart3-remap,PCFR1,PCFR1:4;PCFR1:5,1,USART3,RTS,USART3_RTS,PB14,B,14,#,reference,candidates(datasheet-pin-table+rm-remap-grid:en)
CH32V307,afio-usart3-remap,PCFR1,PCFR1:4;PCFR1:5,1,USART3,RX,USART3_RX,PC11,C,11,#,reference,candidates(datasheet-pin-table+rm-remap-grid:en)
CH32V307,afio-usart3-remap,PCFR1,PCFR1:4;PCFR1:5,1,USART3,TX,USART3_TX,PC10,C,10,#,reference,candidates(datasheet-pin-table+rm-remap-grid:en)
CH32V307,afio-usart3-remap,PCFR1,PCFR1:4;PCFR1:5,2,USART3,CK,USART3_CK,PD10,D,10,#,reference,candidates(datasheet-pin-table+rm-remap-grid:en)
CH32V307,afio-usart3-remap,PCFR1,PCFR1:4;PCFR1:5,2,USART3,CTS,USART3_CTS,PD11,D,11,#,reference,candidates(datasheet-pin-table+rm-remap-grid:en)
CH32V307,afio-usart3-remap,PCFR1,PCFR1:4;PCFR1:5,2,USART3,RTS,USART3_RTS,PD12,D,12,#,reference,candidates(datasheet-pin-table+rm-remap-grid:en)
CH32V307,afio-usart3-remap,PCFR1,PCFR1:4;PCFR1:5,2,USART3,RX,USART3_RX,PA14,A,14,#,reference,candidates(datasheet-pin-table+rm-remap-grid:en)
CH32V307,afio-usart3-remap,PCFR1,PCFR1:4;PCFR1:5,2,USART3,TX,USART3_TX,PA13,A,13,#,reference,candidates(datasheet-pin-table+rm-remap-grid:en)
CH32V307,afio-usart3-remap,PCFR1,PCFR1:4;PCFR1:5,3,USART3,CK,USART3_CK,PD10,D,10,#,reference,candidates(datasheet-pin-table+rm-remap-grid:en)
CH32V307,afio-usart3-remap,PCFR1,PCFR1:4;PCFR1:5,3,USART3,CTS,USART3_CTS,PD11,D,11,#,reference,candidates(datasheet-pin-table+rm-remap-grid:en)
CH32V307,afio-usart3-remap,PCFR1,PCFR1:4;PCFR1:5,3,USART3,RTS,USART3_RTS,PD12,D,12,#,reference,candidates(datasheet-pin-table+rm-remap-grid:en)
CH32V307,afio-usart3-remap,PCFR1,PCFR1:4;PCFR1:5,3,USART3,RX,USART3_RX,PD9,D,9,#,reference,candidates(datasheet-pin-table+rm-remap-grid:en)
CH32V307,afio-usart3-remap,PCFR1,PCFR1:4;PCFR1:5,3,USART3,TX,USART3_TX,PD8,D,8,#,reference,candidates(datasheet-pin-table+rm-remap-grid:en)
CH32V307,afio-usart4-remap,PCFR2,PCFR2:16;PCFR2:17,0,USART4,RX,UART4_RX,PC11,C,11,#,reference,candidates(datasheet-pin-table-default:en)
CH32V307,afio-usart4-remap,PCFR2,PCFR2:16;PCFR2:17,0,USART4,TX,UART4_TX,PC10,C,10,#,reference,candidates(datasheet-pin-table-default:en)
CH32V307,afio-usart4-remap,PCFR2,PCFR2:16;PCFR2:17,1,USART4,RX,UART4_RX,PB1,B,1,#,reference,candidates(datasheet-pin-table+rm-remap-grid:en)
CH32V307,afio-usart4-remap,PCFR2,PCFR2:16;PCFR2:17,1,USART4,TX,UART4_TX,PB0,B,0,#,reference,candidates(datasheet-pin-table+rm-remap-grid:en)
CH32V307,afio-usart4-remap,PCFR2,PCFR2:16;PCFR2:17,2,USART4,RX,UART4_RX,PE1,E,1,#,reference,candidates(datasheet-pin-table+rm-remap-grid:en)
CH32V307,afio-usart4-remap,PCFR2,PCFR2:16;PCFR2:17,2,USART4,TX,UART4_TX,PE0,E,0,#,reference,candidates(datasheet-pin-table+rm-remap-grid:en)
CH32V307,afio-usart4-remap,PCFR2,PCFR2:16;PCFR2:17,3,USART4,RX,UART4_RX,PE1,E,1,#,reference,candidates(datasheet-pin-table+rm-remap-grid:en)
CH32V307,afio-usart4-remap,PCFR2,PCFR2:16;PCFR2:17,3,USART4,TX,UART4_TX,PE0,E,0,#,reference,candidates(datasheet-pin-table+rm-remap-grid:en)
CH32V307,afio-usart5-remap,PCFR2,PCFR2:18;PCFR2:19,0,USART5,RX,UART5_RX,PD2,D,2,#,reference,candidates(datasheet-pin-table-default:en)
CH32V307,afio-usart5-remap,PCFR2,PCFR2:18;PCFR2:19,0,USART5,TX,UART5_TX,PC12,C,12,#,reference,candidates(datasheet-pin-table-default:en)
CH32V307,afio-usart5-remap,PCFR2,PCFR2:18;PCFR2:19,1,USART5,RX,UART5_RX,PB5,B,5,#,reference,candidates(datasheet-pin-table+rm-remap-grid:en)
CH32V307,afio-usart5-remap,PCFR2,PCFR2:18;PCFR2:19,1,USART5,TX,UART5_TX,PB4,B,4,#,reference,candidates(datasheet-pin-table+rm-remap-grid:en)
CH32V307,afio-usart5-remap,PCFR2,PCFR2:18;PCFR2:19,2,USART5,RX,UART5_RX,PE9,E,9,#,reference,candidates(datasheet-pin-table+rm-remap-grid:en)
CH32V307,afio-usart5-remap,PCFR2,PCFR2:18;PCFR2:19,2,USART5,TX,UART5_TX,PE8,E,8,#,reference,candidates(datasheet-pin-table+rm-remap-grid:en)
CH32V307,afio-usart5-remap,PCFR2,PCFR2:18;PCFR2:19,3,USART5,RX,UART5_RX,PE9,E,9,#,reference,candidates(datasheet-pin-table+rm-remap-grid:en)
CH32V307,afio-usart5-remap,PCFR2,PCFR2:18;PCFR2:19,3,USART5,TX,UART5_TX,PE8,E,8,#,reference,candidates(datasheet-pin-table+rm-remap-grid:en)
CH32V307,afio-usart6-remap,PCFR2,PCFR2:20;PCFR2:21,0,USART6,RX,UART6_RX,PC1,C,1,#,reference,candidates(datasheet-pin-table-default:en)
CH32V307,afio-usart6-remap,PCFR2,PCFR2:20;PCFR2:21,0,USART6,TX,UART6_TX,PC0,C,0,#,reference,candidates(datasheet-pin-table-default:en)
CH32V307,afio-usart6-remap,PCFR2,PCFR2:20;PCFR2:21,1,USART6,RX,UART6_RX,PB9,B,9,#,reference,candidates(datasheet-pin-table+rm-remap-grid:en)
CH32V307,afio-usart6-remap,PCFR2,PCFR2:20;PCFR2:21,1,USART6,TX,UART6_TX,PB8,B,8,#,reference,candidates(datasheet-pin-table+rm-remap-grid:en)
CH32V307,afio-usart6-remap,PCFR2,PCFR2:20;PCFR2:21,2,USART6,RX,UART6_RX,PE11,E,11,#,reference,candidates(datasheet-pin-table+rm-remap-grid:en)
CH32V307,afio-usart6-remap,PCFR2,PCFR2:20;PCFR2:21,2,USART6,TX,UART6_TX,PE10,E,10,#,reference,candidates(datasheet-pin-table+rm-remap-grid:en)
CH32V307,afio-usart6-remap,PCFR2,PCFR2:20;PCFR2:21,3,USART6,RX,UART6_RX,PE11,E,11,#,reference,candidates(datasheet-pin-table+rm-remap-grid:en)
CH32V307,afio-usart6-remap,PCFR2,PCFR2:20;PCFR2:21,3,USART6,TX,UART6_TX,PE10,E,10,#,reference,candidates(datasheet-pin-table+rm-remap-grid:en)
CH32V307,afio-usart7-remap,PCFR2,PCFR2:22;PCFR2:23,0,USART7,RX,UART7_RX,PC3,C,3,#,reference,candidates(datasheet-pin-table-default:en)
CH32V307,afio-usart7-remap,PCFR2,PCFR2:22;PCFR2:23,0,USART7,TX,UART7_TX,PC2,C,2,#,reference,candidates(datasheet-pin-table-default:en)
CH32V307,afio-usart7-remap,PCFR2,PCFR2:22;PCFR2:23,1,USART7,RX,UART7_RX,PA7,A,7,#,reference,candidates(datasheet-pin-table+rm-remap-grid:en)
CH32V307,afio-usart7-remap,PCFR2,PCFR2:22;PCFR2:23,1,USART7,TX,UART7_TX,PA6,A,6,#,reference,candidates(datasheet-pin-table+rm-remap-grid:en)
CH32V307,afio-usart7-remap,PCFR2,PCFR2:22;PCFR2:23,2,USART7,RX,UART7_RX,PE13,E,13,#,reference,candidates(datasheet-pin-table+rm-remap-grid:en)
CH32V307,afio-usart7-remap,PCFR2,PCFR2:22;PCFR2:23,2,USART7,TX,UART7_TX,PE12,E,12,#,reference,candidates(datasheet-pin-table+rm-remap-grid:en)
CH32V307,afio-usart7-remap,PCFR2,PCFR2:22;PCFR2:23,3,USART7,RX,UART7_RX,PE13,E,13,#,reference,candidates(datasheet-pin-table+rm-remap-grid:en)
CH32V307,afio-usart7-remap,PCFR2,PCFR2:22;PCFR2:23,3,USART7,TX,UART7_TX,PE12,E,12,#,reference,candidates(datasheet-pin-table+rm-remap-grid:en)
CH32V307,afio-usart8-remap,PCFR2,PCFR2:24;PCFR2:25,0,USART8,RX,UART8_RX,PC5,C,5,#,reference,candidates(datasheet-pin-table-default:en)
CH32V307,afio-usart8-remap,PCFR2,PCFR2:24;PCFR2:25,0,USART8,TX,UART8_TX,PC4,C,4,#,reference,candidates(datasheet-pin-table-default:en)
CH32V307,afio-usart8-remap,PCFR2,PCFR2:24;PCFR2:25,1,USART8,RX,UART8_RX,PA15,A,15,#,reference,candidates(datasheet-pin-table+rm-remap-grid:en)
CH32V307,afio-usart8-remap,PCFR2,PCFR2:24;PCFR2:25,1,USART8,TX,UART8_TX,PA14,A,14,#,reference,candidates(datasheet-pin-table+rm-remap-grid:en)
CH32V307,afio-usart8-remap,PCFR2,PCFR2:24;PCFR2:25,2,USART8,RX,UART8_RX,PE15,E,15,#,reference,candidates(datasheet-pin-table+rm-remap-grid:en)
CH32V307,afio-usart8-remap,PCFR2,PCFR2:24;PCFR2:25,2,USART8,TX,UART8_TX,PE14,E,14,#,reference,candidates(datasheet-pin-table+rm-remap-grid:en)
CH32V307,afio-usart8-remap,PCFR2,PCFR2:24;PCFR2:25,3,USART8,RX,UART8_RX,PE15,E,15,#,reference,candidates(datasheet-pin-table+rm-remap-grid:en)
CH32V307,afio-usart8-remap,PCFR2,PCFR2:24;PCFR2:25,3,USART8,TX,UART8_TX,PE14,E,14,#,reference,candidates(datasheet-pin-table+rm-remap-grid:en)
CH32V317,afio-can-remap,PCFR1,PCFR1:13;PCFR1:14,0,CAN1,RX,CAN1_RX,PA11,A,11,#,reference,candidates(datasheet-pin-table-default:en)
CH32V317,afio-can-remap,PCFR1,PCFR1:13;PCFR1:14,0,CAN1,TX,CAN1_TX,PA12,A,12,#,reference,candidates(datasheet-pin-table-default:en)
CH32V317,afio-can-remap,PCFR1,PCFR1:13;PCFR1:14,2,CAN1,RX,CAN1_RX,PB8,B,8,#,reference,candidates(datasheet-pin-table+rm-remap-grid:en)
CH32V317,afio-can-remap,PCFR1,PCFR1:13;PCFR1:14,2,CAN1,TX,CAN1_TX,PB9,B,9,#,reference,candidates(datasheet-pin-table+rm-remap-grid:en)
CH32V317,afio-can-remap,PCFR1,PCFR1:13;PCFR1:14,3,CAN1,RX,CAN1_RX,PD0,D,0,#,reference,candidates(datasheet-pin-table+rm-remap-grid:en)
CH32V317,afio-can-remap,PCFR1,PCFR1:13;PCFR1:14,3,CAN1,TX,CAN1_TX,PD1,D,1,#,reference,candidates(datasheet-pin-table+rm-remap-grid:en)
CH32V317,afio-can2-remap,PCFR1,PCFR1:22,0,CAN2,RX,CAN2_RX,PB12,B,12,#,reference,candidates(datasheet-pin-table-default:en)
CH32V317,afio-can2-remap,PCFR1,PCFR1:22,0,CAN2,TX,CAN2_TX,PB13,B,13,#,reference,candidates(datasheet-pin-table-default:en)
CH32V317,afio-can2-remap,PCFR1,PCFR1:22,1,CAN2,RX,CAN2_RX,PB5,B,5,#,reference,candidates(datasheet-pin-table+rm-remap-grid:en)
CH32V317,afio-can2-remap,PCFR1,PCFR1:22,1,CAN2,TX,CAN2_TX,PB6,B,6,#,reference,candidates(datasheet-pin-table+rm-remap-grid:en)
CH32V317,afio-i2c1-remap,PCFR1,PCFR1:1,0,I2C1,SCL,I2C1_SCL,PB6,B,6,#,reference,candidates(datasheet-pin-table-default:en)
CH32V317,afio-i2c1-remap,PCFR1,PCFR1:1,0,I2C1,SDA,I2C1_SDA,PB7,B,7,#,reference,candidates(datasheet-pin-table-default:en)
CH32V317,afio-i2c1-remap,PCFR1,PCFR1:1,0,I2C1,SMBA,I2C1_SMBA,PB5,B,5,#,reference,candidates(datasheet-pin-table-default:en)
CH32V317,afio-i2c1-remap,PCFR1,PCFR1:1,1,I2C1,SCL,I2C1_SCL,PB8,B,8,#,reference,candidates(datasheet-pin-table+rm-remap-grid:en)
CH32V317,afio-i2c1-remap,PCFR1,PCFR1:1,1,I2C1,SDA,I2C1_SDA,PB9,B,9,#,reference,candidates(datasheet-pin-table+rm-remap-grid:en)
CH32V317,afio-spi1-remap,PCFR1,PCFR1:0,0,SPI1,MISO,SPI1_MISO,PA6,A,6,#,reference,candidates(datasheet-pin-table-default:en)
CH32V317,afio-spi1-remap,PCFR1,PCFR1:0,0,SPI1,MOSI,SPI1_MOSI,PA7,A,7,#,reference,candidates(datasheet-pin-table-default:en)
CH32V317,afio-spi1-remap,PCFR1,PCFR1:0,0,SPI1,NSS,SPI1_NSS,PA4,A,4,#,reference,candidates(datasheet-pin-table-default:en)
CH32V317,afio-spi1-remap,PCFR1,PCFR1:0,0,SPI1,SCK,SPI1_SCK,PA5,A,5,#,reference,candidates(datasheet-pin-table-default:en)
CH32V317,afio-spi1-remap,PCFR1,PCFR1:0,1,SPI1,MISO,SPI1_MISO,PB4,B,4,#,reference,candidates(datasheet-pin-table+rm-remap-grid:en)
CH32V317,afio-spi1-remap,PCFR1,PCFR1:0,1,SPI1,MOSI,SPI1_MOSI,PB5,B,5,#,reference,candidates(datasheet-pin-table+rm-remap-grid:en)
CH32V317,afio-spi1-remap,PCFR1,PCFR1:0,1,SPI1,NSS,SPI1_NSS,PA15,A,15,#,reference,candidates(datasheet-pin-table+rm-remap-grid:en)
CH32V317,afio-spi1-remap,PCFR1,PCFR1:0,1,SPI1,SCK,SPI1_SCK,PB3,B,3,#,reference,candidates(datasheet-pin-table+rm-remap-grid:en)
CH32V317,afio-spi3-remap,PCFR1,PCFR1:28,0,I2S3,CK,I2S3_CK,PB3,B,3,#,reference,candidates(datasheet-pin-table-default:en)
CH32V317,afio-spi3-remap,PCFR1,PCFR1:28,0,I2S3,MCK,I2S3_MCK,PC7,C,7,#,reference,candidates(datasheet-pin-table-default:en)
CH32V317,afio-spi3-remap,PCFR1,PCFR1:28,0,I2S3,SD,I2S3_SD,PB5,B,5,#,reference,candidates(datasheet-pin-table-default:en)
CH32V317,afio-spi3-remap,PCFR1,PCFR1:28,0,I2S3,WS,I2S3_WS,PA15,A,15,#,reference,candidates(datasheet-pin-table-default:en)
CH32V317,afio-spi3-remap,PCFR1,PCFR1:28,0,SPI3,MISO,SPI3_MISO,PB4,B,4,#,reference,candidates(datasheet-pin-table-default:en)
CH32V317,afio-spi3-remap,PCFR1,PCFR1:28,0,SPI3,MOSI,SPI3_MOSI,PB5,B,5,#,reference,candidates(datasheet-pin-table-default:en)
CH32V317,afio-spi3-remap,PCFR1,PCFR1:28,0,SPI3,NSS,SPI3_NSS,PA15,A,15,#,reference,candidates(datasheet-pin-table-default:en)
CH32V317,afio-spi3-remap,PCFR1,PCFR1:28,0,SPI3,SCK,SPI3_SCK,PB3,B,3,#,reference,candidates(datasheet-pin-table-default:en)
CH32V317,afio-spi3-remap,PCFR1,PCFR1:28,1,I2S3,CK,I2S3_CK,PC10,C,10,#,reference,candidates(datasheet-pin-table+rm-remap-grid:en)
CH32V317,afio-spi3-remap,PCFR1,PCFR1:28,1,I2S3,SD,I2S3_SD,PC12,C,12,#,reference,candidates(datasheet-pin-table+rm-remap-grid:en)
CH32V317,afio-spi3-remap,PCFR1,PCFR1:28,1,I2S3,WS,I2S3_WS,PA4,A,4,#,reference,candidates(datasheet-pin-table+rm-remap-grid:en)
CH32V317,afio-spi3-remap,PCFR1,PCFR1:28,1,SPI3,MISO,SPI3_MISO,PC11,C,11,#,reference,candidates(datasheet-pin-table+rm-remap-grid:en)
CH32V317,afio-spi3-remap,PCFR1,PCFR1:28,1,SPI3,MOSI,SPI3_MOSI,PC12,C,12,#,reference,candidates(datasheet-pin-table+rm-remap-grid:en)
CH32V317,afio-spi3-remap,PCFR1,PCFR1:28,1,SPI3,NSS,SPI3_NSS,PA4,A,4,#,reference,candidates(datasheet-pin-table+rm-remap-grid:en)
CH32V317,afio-spi3-remap,PCFR1,PCFR1:28,1,SPI3,SCK,SPI3_SCK,PC10,C,10,#,reference,candidates(datasheet-pin-table+rm-remap-grid:en)
CH32V317,afio-tim1-remap,PCFR1,PCFR1:6;PCFR1:7,0,TIM1,BKIN,TIM1_BKIN,PB12,B,12,#,reference,candidates(datasheet-pin-table-default:en)
CH32V317,afio-tim1-remap,PCFR1,PCFR1:6;PCFR1:7,0,TIM1,CH1,TIM1_CH1,PA8,A,8,#,reference,candidates(datasheet-pin-table-default:en)
CH32V317,afio-tim1-remap,PCFR1,PCFR1:6;PCFR1:7,0,TIM1,CH1N,TIM1_CH1N,PB13,B,13,#,reference,candidates(datasheet-pin-table-default:en)
CH32V317,afio-tim1-remap,PCFR1,PCFR1:6;PCFR1:7,0,TIM1,CH2,TIM1_CH2,PA9,A,9,#,reference,candidates(datasheet-pin-table-default:en)
CH32V317,afio-tim1-remap,PCFR1,PCFR1:6;PCFR1:7,0,TIM1,CH2N,TIM1_CH2N,PB14,B,14,#,reference,candidates(datasheet-pin-table-default:en)
CH32V317,afio-tim1-remap,PCFR1,PCFR1:6;PCFR1:7,0,TIM1,CH3,TIM1_CH3,PA10,A,10,#,reference,candidates(datasheet-pin-table-default:en)
CH32V317,afio-tim1-remap,PCFR1,PCFR1:6;PCFR1:7,0,TIM1,CH3N,TIM1_CH3N,PB15,B,15,#,reference,candidates(datasheet-pin-table-default:en)
CH32V317,afio-tim1-remap,PCFR1,PCFR1:6;PCFR1:7,0,TIM1,CH4,TIM1_CH4,PA11,A,11,#,reference,candidates(datasheet-pin-table-default:en)
CH32V317,afio-tim1-remap,PCFR1,PCFR1:6;PCFR1:7,0,TIM1,ETR,TIM1_ETR,PA12,A,12,#,reference,candidates(datasheet-pin-table-default:en)
CH32V317,afio-tim1-remap,PCFR1,PCFR1:6;PCFR1:7,1,TIM1,BKIN,TIM1_BKIN,PA6,A,6,#,reference,candidates(datasheet-pin-table+rm-remap-grid:en)
CH32V317,afio-tim1-remap,PCFR1,PCFR1:6;PCFR1:7,1,TIM1,CH1,TIM1_CH1,PA8,A,8,#,reference,candidates(datasheet-pin-table+rm-remap-grid:en)
CH32V317,afio-tim1-remap,PCFR1,PCFR1:6;PCFR1:7,1,TIM1,CH1N,TIM1_CH1N,PA7,A,7,#,reference,candidates(datasheet-pin-table+rm-remap-grid:en)
CH32V317,afio-tim1-remap,PCFR1,PCFR1:6;PCFR1:7,1,TIM1,CH2,TIM1_CH2,PA9,A,9,#,reference,candidates(datasheet-pin-table+rm-remap-grid:en)
CH32V317,afio-tim1-remap,PCFR1,PCFR1:6;PCFR1:7,1,TIM1,CH2N,TIM1_CH2N,PB0,B,0,#,reference,candidates(datasheet-pin-table+rm-remap-grid:en)
CH32V317,afio-tim1-remap,PCFR1,PCFR1:6;PCFR1:7,1,TIM1,CH3,TIM1_CH3,PA10,A,10,#,reference,candidates(datasheet-pin-table+rm-remap-grid:en)
CH32V317,afio-tim1-remap,PCFR1,PCFR1:6;PCFR1:7,1,TIM1,CH3N,TIM1_CH3N,PB1,B,1,#,reference,candidates(datasheet-pin-table+rm-remap-grid:en)
CH32V317,afio-tim1-remap,PCFR1,PCFR1:6;PCFR1:7,1,TIM1,CH4,TIM1_CH4,PA11,A,11,#,reference,candidates(datasheet-pin-table+rm-remap-grid:en)
CH32V317,afio-tim1-remap,PCFR1,PCFR1:6;PCFR1:7,1,TIM1,ETR,TIM1_ETR,PA12,A,12,#,reference,candidates(datasheet-pin-table+rm-remap-grid:en)
CH32V317,afio-tim10-remap,PCFR2,PCFR2:5;PCFR2:6,0,TIM10,BKIN,TIM10_BKIN,PC12,C,12,#,reference,candidates(datasheet-pin-table-default:en)
CH32V317,afio-tim10-remap,PCFR2,PCFR2:5;PCFR2:6,0,TIM10,CH1,TIM10_CH1,PB8,B,8,#,reference,candidates(datasheet-pin-table-default:en)
CH32V317,afio-tim10-remap,PCFR2,PCFR2:5;PCFR2:6,0,TIM10,CH1N,TIM10_CH1N,PA12,A,12,#,reference,candidates(datasheet-pin-table-default:en)
CH32V317,afio-tim10-remap,PCFR2,PCFR2:5;PCFR2:6,0,TIM10,CH2,TIM10_CH2,PB9,B,9,#,reference,candidates(datasheet-pin-table-default:en)
CH32V317,afio-tim10-remap,PCFR2,PCFR2:5;PCFR2:6,0,TIM10,CH2N,TIM10_CH2N,PA13,A,13,#,reference,candidates(datasheet-pin-table-default:en)
CH32V317,afio-tim10-remap,PCFR2,PCFR2:5;PCFR2:6,0,TIM10,CH3,TIM10_CH3,PC3,C,3,#,reference,candidates(datasheet-pin-table-default:en)
CH32V317,afio-tim10-remap,PCFR2,PCFR2:5;PCFR2:6,0,TIM10,CH3N,TIM10_CH3N,PA14,A,14,#,reference,candidates(datasheet-pin-table-default:en)
CH32V317,afio-tim10-remap,PCFR2,PCFR2:5;PCFR2:6,0,TIM10,CH4,TIM10_CH4,PC11,C,11,#,reference,candidates(datasheet-pin-table-default:en)
CH32V317,afio-tim10-remap,PCFR2,PCFR2:5;PCFR2:6,0,TIM10,ETR,TIM10_ETR,PC10,C,10,#,reference,candidates(datasheet-pin-table-default:en)
CH32V317,afio-tim10-remap,PCFR2,PCFR2:5;PCFR2:6,1,TIM10,BKIN,TIM10_BKIN,PB10,B,10,#,reference,candidates(datasheet-pin-table+rm-remap-grid:en)
CH32V317,afio-tim10-remap,PCFR2,PCFR2:5;PCFR2:6,1,TIM10,CH1,TIM10_CH1,PB3,B,3,#,reference,candidates(datasheet-pin-table+rm-remap-grid:en)
CH32V317,afio-tim10-remap,PCFR2,PCFR2:5;PCFR2:6,1,TIM10,CH1N,TIM10_CH1N,PA5,A,5,#,reference,candidates(datasheet-pin-table+rm-remap-grid:en)
CH32V317,afio-tim10-remap,PCFR2,PCFR2:5;PCFR2:6,1,TIM10,CH2,TIM10_CH2,PB4,B,4,#,reference,candidates(datasheet-pin-table+rm-remap-grid:en)
CH32V317,afio-tim10-remap,PCFR2,PCFR2:5;PCFR2:6,1,TIM10,CH2N,TIM10_CH2N,PA6,A,6,#,reference,candidates(datasheet-pin-table+rm-remap-grid:en)
CH32V317,afio-tim10-remap,PCFR2,PCFR2:5;PCFR2:6,1,TIM10,CH3,TIM10_CH3,PB5,B,5,#,reference,candidates(datasheet-pin-table+rm-remap-grid:en)
CH32V317,afio-tim10-remap,PCFR2,PCFR2:5;PCFR2:6,1,TIM10,CH3N,TIM10_CH3N,PA7,A,7,#,reference,candidates(datasheet-pin-table+rm-remap-grid:en)
CH32V317,afio-tim10-remap,PCFR2,PCFR2:5;PCFR2:6,1,TIM10,CH4,TIM10_CH4,PC15-OSC32_OUT,C,15,#,reference,candidates(datasheet-pin-table+rm-remap-grid:en)
CH32V317,afio-tim10-remap,PCFR2,PCFR2:5;PCFR2:6,1,TIM10,ETR,TIM10_ETR,PB11,B,11,#,reference,candidates(datasheet-pin-table+rm-remap-grid:en)
CH32V317,afio-tim10-remap,PCFR2,PCFR2:5;PCFR2:6,2,TIM10,BKIN,TIM10_BKIN,PE2,E,2,#,reference,candidates(datasheet-pin-table+rm-remap-grid:en)
CH32V317,afio-tim10-remap,PCFR2,PCFR2:5;PCFR2:6,2,TIM10,CH1,TIM10_CH1,PD1,D,1,#,reference,candidates(datasheet-pin-table+rm-remap-grid:en)
CH32V317,afio-tim10-remap,PCFR2,PCFR2:5;PCFR2:6,2,TIM10,CH1N,TIM10_CH1N,PE3,E,3,#,reference,candidates(datasheet-pin-table+rm-remap-grid:en)
CH32V317,afio-tim10-remap,PCFR2,PCFR2:5;PCFR2:6,2,TIM10,CH2,TIM10_CH2,PD3,D,3,#,reference,candidates(datasheet-pin-table+rm-remap-grid:en)
CH32V317,afio-tim10-remap,PCFR2,PCFR2:5;PCFR2:6,2,TIM10,CH2N,TIM10_CH2N,PE4,E,4,#,reference,candidates(datasheet-pin-table+rm-remap-grid:en)
CH32V317,afio-tim10-remap,PCFR2,PCFR2:5;PCFR2:6,2,TIM10,CH3,TIM10_CH3,PD5,D,5,#,reference,candidates(datasheet-pin-table+rm-remap-grid:en)
CH32V317,afio-tim10-remap,PCFR2,PCFR2:5;PCFR2:6,2,TIM10,CH3N,TIM10_CH3N,PE5,E,5,#,reference,candidates(datasheet-pin-table+rm-remap-grid:en)
CH32V317,afio-tim10-remap,PCFR2,PCFR2:5;PCFR2:6,2,TIM10,CH4,TIM10_CH4,PD7,D,7,#,reference,candidates(datasheet-pin-table+rm-remap-grid:en)
CH32V317,afio-tim10-remap,PCFR2,PCFR2:5;PCFR2:6,2,TIM10,ETR,TIM10_ETR,PD0,D,0,#,reference,candidates(datasheet-pin-table+rm-remap-grid:en)
CH32V317,afio-tim10-remap,PCFR2,PCFR2:5;PCFR2:6,3,TIM10,BKIN,TIM10_BKIN,PE2,E,2,#,reference,candidates(datasheet-pin-table+rm-remap-grid:en)
CH32V317,afio-tim10-remap,PCFR2,PCFR2:5;PCFR2:6,3,TIM10,CH1,TIM10_CH1,PD1,D,1,#,reference,candidates(datasheet-pin-table+rm-remap-grid:en)
CH32V317,afio-tim10-remap,PCFR2,PCFR2:5;PCFR2:6,3,TIM10,CH1N,TIM10_CH1N,PE3,E,3,#,reference,candidates(datasheet-pin-table+rm-remap-grid:en)
CH32V317,afio-tim10-remap,PCFR2,PCFR2:5;PCFR2:6,3,TIM10,CH2,TIM10_CH2,PD3,D,3,#,reference,candidates(datasheet-pin-table+rm-remap-grid:en)
CH32V317,afio-tim10-remap,PCFR2,PCFR2:5;PCFR2:6,3,TIM10,CH2N,TIM10_CH2N,PE4,E,4,#,reference,candidates(datasheet-pin-table+rm-remap-grid:en)
CH32V317,afio-tim10-remap,PCFR2,PCFR2:5;PCFR2:6,3,TIM10,CH3,TIM10_CH3,PD5,D,5,#,reference,candidates(datasheet-pin-table+rm-remap-grid:en)
CH32V317,afio-tim10-remap,PCFR2,PCFR2:5;PCFR2:6,3,TIM10,CH3N,TIM10_CH3N,PE5,E,5,#,reference,candidates(datasheet-pin-table+rm-remap-grid:en)
CH32V317,afio-tim10-remap,PCFR2,PCFR2:5;PCFR2:6,3,TIM10,CH4,TIM10_CH4,PD7,D,7,#,reference,candidates(datasheet-pin-table+rm-remap-grid:en)
CH32V317,afio-tim10-remap,PCFR2,PCFR2:5;PCFR2:6,3,TIM10,ETR,TIM10_ETR,PD0,D,0,#,reference,candidates(datasheet-pin-table+rm-remap-grid:en)
CH32V317,afio-tim2-remap,PCFR1,PCFR1:8;PCFR1:9,0,TIM2,CH1,TIM2_CH1,PA0-WKUP,A,0,#,reference,candidates(datasheet-pin-table-default:en)
CH32V317,afio-tim2-remap,PCFR1,PCFR1:8;PCFR1:9,0,TIM2,CH2,TIM2_CH2,PA1,A,1,#,reference,candidates(datasheet-pin-table-default:en)
CH32V317,afio-tim2-remap,PCFR1,PCFR1:8;PCFR1:9,0,TIM2,CH3,TIM2_CH3,PA2,A,2,#,reference,candidates(datasheet-pin-table-default:en)
CH32V317,afio-tim2-remap,PCFR1,PCFR1:8;PCFR1:9,0,TIM2,CH4,TIM2_CH4,PA3,A,3,#,reference,candidates(datasheet-pin-table-default:en)
CH32V317,afio-tim2-remap,PCFR1,PCFR1:8;PCFR1:9,0,TIM2,ETR,TIM2_ETR,PA0-WKUP,A,0,#,reference,candidates(datasheet-pin-table-default:en)
CH32V317,afio-tim2-remap,PCFR1,PCFR1:8;PCFR1:9,1,TIM2,CH1,TIM2_CH1,PA15,A,15,#,reference,candidates(datasheet-pin-table+rm-remap-grid:en)
CH32V317,afio-tim2-remap,PCFR1,PCFR1:8;PCFR1:9,1,TIM2,CH2,TIM2_CH2,PB3,B,3,#,reference,candidates(datasheet-pin-table+rm-remap-grid:en)
CH32V317,afio-tim2-remap,PCFR1,PCFR1:8;PCFR1:9,1,TIM2,CH3,TIM2_CH3,PA2,A,2,#,reference,candidates(datasheet-pin-table+rm-remap-grid:en)
CH32V317,afio-tim2-remap,PCFR1,PCFR1:8;PCFR1:9,1,TIM2,CH4,TIM2_CH4,PA3,A,3,#,reference,candidates(datasheet-pin-table+rm-remap-grid:en)
CH32V317,afio-tim2-remap,PCFR1,PCFR1:8;PCFR1:9,1,TIM2,ETR,TIM2_ETR,PA15,A,15,#,reference,candidates(datasheet-pin-table+rm-remap-grid:en)
CH32V317,afio-tim2-remap,PCFR1,PCFR1:8;PCFR1:9,2,TIM2,CH1,TIM2_CH1,PA0-WKUP,A,0,#,reference,candidates(datasheet-pin-table+rm-remap-grid:en)
CH32V317,afio-tim2-remap,PCFR1,PCFR1:8;PCFR1:9,2,TIM2,CH2,TIM2_CH2,PA1,A,1,#,reference,candidates(datasheet-pin-table+rm-remap-grid:en)
CH32V317,afio-tim2-remap,PCFR1,PCFR1:8;PCFR1:9,2,TIM2,CH3,TIM2_CH3,PB10,B,10,#,reference,candidates(datasheet-pin-table+rm-remap-grid:en)
CH32V317,afio-tim2-remap,PCFR1,PCFR1:8;PCFR1:9,2,TIM2,CH4,TIM2_CH4,PB11,B,11,#,reference,candidates(datasheet-pin-table+rm-remap-grid:en)
CH32V317,afio-tim2-remap,PCFR1,PCFR1:8;PCFR1:9,2,TIM2,ETR,TIM2_ETR,PA0-WKUP,A,0,#,reference,candidates(datasheet-pin-table+rm-remap-grid:en)
CH32V317,afio-tim2-remap,PCFR1,PCFR1:8;PCFR1:9,3,TIM2,CH1,TIM2_CH1,PA15,A,15,#,reference,candidates(datasheet-pin-table+rm-remap-grid:en)
CH32V317,afio-tim2-remap,PCFR1,PCFR1:8;PCFR1:9,3,TIM2,CH2,TIM2_CH2,PB3,B,3,#,reference,candidates(datasheet-pin-table+rm-remap-grid:en)
CH32V317,afio-tim2-remap,PCFR1,PCFR1:8;PCFR1:9,3,TIM2,CH3,TIM2_CH3,PB10,B,10,#,reference,candidates(datasheet-pin-table+rm-remap-grid:en)
CH32V317,afio-tim2-remap,PCFR1,PCFR1:8;PCFR1:9,3,TIM2,CH4,TIM2_CH4,PB11,B,11,#,reference,candidates(datasheet-pin-table+rm-remap-grid:en)
CH32V317,afio-tim2-remap,PCFR1,PCFR1:8;PCFR1:9,3,TIM2,ETR,TIM2_ETR,PA15,A,15,#,reference,candidates(datasheet-pin-table+rm-remap-grid:en)
CH32V317,afio-tim3-remap,PCFR1,PCFR1:10;PCFR1:11,0,TIM3,CH1,TIM3_CH1,PA6,A,6,#,reference,candidates(datasheet-pin-table-default:en)
CH32V317,afio-tim3-remap,PCFR1,PCFR1:10;PCFR1:11,0,TIM3,CH2,TIM3_CH2,PA7,A,7,#,reference,candidates(datasheet-pin-table-default:en)
CH32V317,afio-tim3-remap,PCFR1,PCFR1:10;PCFR1:11,0,TIM3,CH3,TIM3_CH3,PB0,B,0,#,reference,candidates(datasheet-pin-table-default:en)
CH32V317,afio-tim3-remap,PCFR1,PCFR1:10;PCFR1:11,0,TIM3,CH4,TIM3_CH4,PB1,B,1,#,reference,candidates(datasheet-pin-table-default:en)
CH32V317,afio-tim3-remap,PCFR1,PCFR1:10;PCFR1:11,0,TIM3,ETR,TIM3_ETR,PD2,D,2,#,reference,candidates(datasheet-pin-table-default:en)
CH32V317,afio-tim3-remap,PCFR1,PCFR1:10;PCFR1:11,2,TIM3,CH1,TIM3_CH1,PB4,B,4,#,reference,candidates(datasheet-pin-table+rm-remap-grid:en)
CH32V317,afio-tim3-remap,PCFR1,PCFR1:10;PCFR1:11,2,TIM3,CH2,TIM3_CH2,PB5,B,5,#,reference,candidates(datasheet-pin-table+rm-remap-grid:en)
CH32V317,afio-tim3-remap,PCFR1,PCFR1:10;PCFR1:11,2,TIM3,CH3,TIM3_CH3,PB0,B,0,#,reference,candidates(datasheet-pin-table+rm-remap-grid:en)
CH32V317,afio-tim3-remap,PCFR1,PCFR1:10;PCFR1:11,2,TIM3,CH4,TIM3_CH4,PB1,B,1,#,reference,candidates(datasheet-pin-table+rm-remap-grid:en)
CH32V317,afio-tim3-remap,PCFR1,PCFR1:10;PCFR1:11,2,TIM3,ETR,TIM3_ETR,PD2,D,2,#,reference,candidates(datasheet-pin-table+rm-remap-grid:en)
CH32V317,afio-tim3-remap,PCFR1,PCFR1:10;PCFR1:11,3,TIM3,CH1,TIM3_CH1,PC6,C,6,#,reference,candidates(datasheet-pin-table+rm-remap-grid:en)
CH32V317,afio-tim3-remap,PCFR1,PCFR1:10;PCFR1:11,3,TIM3,CH2,TIM3_CH2,PC7,C,7,#,reference,candidates(datasheet-pin-table+rm-remap-grid:en)
CH32V317,afio-tim3-remap,PCFR1,PCFR1:10;PCFR1:11,3,TIM3,CH3,TIM3_CH3,PC8,C,8,#,reference,candidates(datasheet-pin-table+rm-remap-grid:en)
CH32V317,afio-tim3-remap,PCFR1,PCFR1:10;PCFR1:11,3,TIM3,CH4,TIM3_CH4,PC9,C,9,#,reference,candidates(datasheet-pin-table+rm-remap-grid:en)
CH32V317,afio-tim3-remap,PCFR1,PCFR1:10;PCFR1:11,3,TIM3,ETR,TIM3_ETR,PD2,D,2,#,reference,candidates(datasheet-pin-table+rm-remap-grid:en)
CH32V317,afio-tim4-remap,PCFR1,PCFR1:12,0,TIM4,CH1,TIM4_CH1,PB6,B,6,#,reference,candidates(datasheet-pin-table-default:en)
CH32V317,afio-tim4-remap,PCFR1,PCFR1:12,0,TIM4,CH2,TIM4_CH2,PB7,B,7,#,reference,candidates(datasheet-pin-table-default:en)
CH32V317,afio-tim4-remap,PCFR1,PCFR1:12,0,TIM4,CH3,TIM4_CH3,PB8,B,8,#,reference,candidates(datasheet-pin-table-default:en)
CH32V317,afio-tim4-remap,PCFR1,PCFR1:12,0,TIM4,CH4,TIM4_CH4,PB9,B,9,#,reference,candidates(datasheet-pin-table-default:en)
CH32V317,afio-tim4-remap,PCFR1,PCFR1:12,0,TIM4,ETR,TIM4_ETR,PE0,E,0,#,reference,candidates(datasheet-pin-table-default:en)
CH32V317,afio-tim4-remap,PCFR1,PCFR1:12,1,TIM4,CH1,TIM4_CH1,PD12,D,12,#,reference,candidates(datasheet-pin-table+rm-remap-grid:en)
CH32V317,afio-tim4-remap,PCFR1,PCFR1:12,1,TIM4,CH2,TIM4_CH2,PD13,D,13,#,reference,candidates(datasheet-pin-table+rm-remap-grid:en)
CH32V317,afio-tim4-remap,PCFR1,PCFR1:12,1,TIM4,CH3,TIM4_CH3,PD14,D,14,#,reference,candidates(datasheet-pin-table+rm-remap-grid:en)
CH32V317,afio-tim4-remap,PCFR1,PCFR1:12,1,TIM4,CH4,TIM4_CH4,PD15,D,15,#,reference,candidates(datasheet-pin-table+rm-remap-grid:en)
CH32V317,afio-tim4-remap,PCFR1,PCFR1:12,1,TIM4,ETR,TIM4_ETR,PE0,E,0,#,reference,candidates(datasheet-pin-table+rm-remap-grid:en)
CH32V317,afio-tim5ch4-rm,PCFR1,PCFR1:16,0,TIM5,CH4,TIM5_CH4,PA3,A,3,#,reference,candidates(datasheet-pin-table-default:en)
CH32V317,afio-tim8-remap,PCFR2,PCFR2:2,0,TIM8,BKIN,TIM8_BKIN,PA6,A,6,#,reference,candidates(datasheet-pin-table-default:en)
CH32V317,afio-tim8-remap,PCFR2,PCFR2:2,0,TIM8,CH1,TIM8_CH1,PC6,C,6,#,reference,candidates(datasheet-pin-table-default:en)
CH32V317,afio-tim8-remap,PCFR2,PCFR2:2,0,TIM8,CH1N,TIM8_CH1N,PA7,A,7,#,reference,candidates(datasheet-pin-table-default:en)
CH32V317,afio-tim8-remap,PCFR2,PCFR2:2,0,TIM8,CH2,TIM8_CH2,PC7,C,7,#,reference,candidates(datasheet-pin-table-default:en)
CH32V317,afio-tim8-remap,PCFR2,PCFR2:2,0,TIM8,CH2N,TIM8_CH2N,PB0,B,0,#,reference,candidates(datasheet-pin-table-default:en)
CH32V317,afio-tim8-remap,PCFR2,PCFR2:2,0,TIM8,CH3,TIM8_CH3,PC8,C,8,#,reference,candidates(datasheet-pin-table-default:en)
CH32V317,afio-tim8-remap,PCFR2,PCFR2:2,0,TIM8,CH3N,TIM8_CH3N,PB1,B,1,#,reference,candidates(datasheet-pin-table-default:en)
CH32V317,afio-tim8-remap,PCFR2,PCFR2:2,0,TIM8,CH4,TIM8_CH4,PC9,C,9,#,reference,candidates(datasheet-pin-table-default:en)
CH32V317,afio-tim8-remap,PCFR2,PCFR2:2,0,TIM8,ETR,TIM8_ETR,PA0-WKUP,A,0,#,reference,candidates(datasheet-pin-table-default:en)
CH32V317,afio-tim8-remap,PCFR2,PCFR2:2,1,TIM8,BKIN,TIM8_BKIN,PB9,B,9,#,reference,candidates(datasheet-pin-table+rm-remap-grid:en)
CH32V317,afio-tim8-remap,PCFR2,PCFR2:2,1,TIM8,CH1,TIM8_CH1,PB6,B,6,#,reference,candidates(datasheet-pin-table+rm-remap-grid:en)
CH32V317,afio-tim8-remap,PCFR2,PCFR2:2,1,TIM8,CH1N,TIM8_CH1N,PA13,A,13,#,reference,candidates(datasheet-pin-table+rm-remap-grid:en)
CH32V317,afio-tim8-remap,PCFR2,PCFR2:2,1,TIM8,CH2,TIM8_CH2,PB7,B,7,#,reference,candidates(datasheet-pin-table+rm-remap-grid:en)
CH32V317,afio-tim8-remap,PCFR2,PCFR2:2,1,TIM8,CH2N,TIM8_CH2N,PA14,A,14,#,reference,candidates(datasheet-pin-table+rm-remap-grid:en)
CH32V317,afio-tim8-remap,PCFR2,PCFR2:2,1,TIM8,CH3,TIM8_CH3,PB8,B,8,#,reference,candidates(datasheet-pin-table+rm-remap-grid:en)
CH32V317,afio-tim8-remap,PCFR2,PCFR2:2,1,TIM8,CH3N,TIM8_CH3N,PA15,A,15,#,reference,candidates(datasheet-pin-table+rm-remap-grid:en)
CH32V317,afio-tim8-remap,PCFR2,PCFR2:2,1,TIM8,CH4,TIM8_CH4,PC13-TAMPER-RTC,C,13,#,reference,candidates(datasheet-pin-table+rm-remap-grid:en)
CH32V317,afio-tim8-remap,PCFR2,PCFR2:2,1,TIM8,ETR,TIM8_ETR,PA0-WKUP,A,0,#,reference,candidates(datasheet-pin-table+rm-remap-grid:en)
CH32V317,afio-tim9-remap,PCFR2,PCFR2:3;PCFR2:4,0,TIM9,BKIN,TIM9_BKIN,PC5,C,5,#,reference,candidates(datasheet-pin-table-default:en)
CH32V317,afio-tim9-remap,PCFR2,PCFR2:3;PCFR2:4,0,TIM9,CH1,TIM9_CH1,PA2,A,2,#,reference,candidates(datasheet-pin-table-default:en)
CH32V317,afio-tim9-remap,PCFR2,PCFR2:3;PCFR2:4,0,TIM9,CH1N,TIM9_CH1N,PC0,C,0,#,reference,candidates(datasheet-pin-table-default:en)
CH32V317,afio-tim9-remap,PCFR2,PCFR2:3;PCFR2:4,0,TIM9,CH2,TIM9_CH2,PA3,A,3,#,reference,candidates(datasheet-pin-table-default:en)
CH32V317,afio-tim9-remap,PCFR2,PCFR2:3;PCFR2:4,0,TIM9,CH2N,TIM9_CH2N,PC1,C,1,#,reference,candidates(datasheet-pin-table-default:en)
CH32V317,afio-tim9-remap,PCFR2,PCFR2:3;PCFR2:4,0,TIM9,CH3,TIM9_CH3,PA4,A,4,#,reference,candidates(datasheet-pin-table-default:en)
CH32V317,afio-tim9-remap,PCFR2,PCFR2:3;PCFR2:4,0,TIM9,CH3N,TIM9_CH3N,PC2,C,2,#,reference,candidates(datasheet-pin-table-default:en)
CH32V317,afio-tim9-remap,PCFR2,PCFR2:3;PCFR2:4,0,TIM9,CH4,TIM9_CH4,PC4,C,4,#,reference,candidates(datasheet-pin-table-default:en)
CH32V317,afio-tim9-remap,PCFR2,PCFR2:3;PCFR2:4,0,TIM9,ETR,TIM9_ETR,PA2,A,2,#,reference,candidates(datasheet-pin-table-default:en)
CH32V317,afio-tim9-remap,PCFR2,PCFR2:3;PCFR2:4,1,TIM9,BKIN,TIM9_BKIN,PA1,A,1,#,reference,candidates(datasheet-pin-table+rm-remap-grid:en)
CH32V317,afio-tim9-remap,PCFR2,PCFR2:3;PCFR2:4,1,TIM9,CH1,TIM9_CH1,PA2,A,2,#,reference,candidates(datasheet-pin-table+rm-remap-grid:en)
CH32V317,afio-tim9-remap,PCFR2,PCFR2:3;PCFR2:4,1,TIM9,CH1N,TIM9_CH1N,PB0,B,0,#,reference,candidates(datasheet-pin-table+rm-remap-grid:en)
CH32V317,afio-tim9-remap,PCFR2,PCFR2:3;PCFR2:4,1,TIM9,CH2,TIM9_CH2,PA3,A,3,#,reference,candidates(datasheet-pin-table+rm-remap-grid:en)
CH32V317,afio-tim9-remap,PCFR2,PCFR2:3;PCFR2:4,1,TIM9,CH2N,TIM9_CH2N,PB1,B,1,#,reference,candidates(datasheet-pin-table+rm-remap-grid:en)
CH32V317,afio-tim9-remap,PCFR2,PCFR2:3;PCFR2:4,1,TIM9,CH3,TIM9_CH3,PA4,A,4,#,reference,candidates(datasheet-pin-table+rm-remap-grid:en)
CH32V317,afio-tim9-remap,PCFR2,PCFR2:3;PCFR2:4,1,TIM9,CH3N,TIM9_CH3N,PB2,B,2,#,reference,candidates(datasheet-pin-table+rm-remap-grid:en)
CH32V317,afio-tim9-remap,PCFR2,PCFR2:3;PCFR2:4,1,TIM9,CH4,TIM9_CH4,PC14-OSC32_IN,C,14,#,reference,candidates(datasheet-pin-table+rm-remap-grid:en)
CH32V317,afio-tim9-remap,PCFR2,PCFR2:3;PCFR2:4,1,TIM9,ETR,TIM9_ETR,PA2,A,2,#,reference,candidates(datasheet-pin-table+rm-remap-grid:en)
CH32V317,afio-tim9-remap,PCFR2,PCFR2:3;PCFR2:4,2,TIM9,BKIN,TIM9_BKIN,PD14,D,14,#,reference,candidates(datasheet-pin-table+rm-remap-grid:en)
CH32V317,afio-tim9-remap,PCFR2,PCFR2:3;PCFR2:4,2,TIM9,CH1,TIM9_CH1,PD9,D,9,#,reference,candidates(datasheet-pin-table+rm-remap-grid:en)
CH32V317,afio-tim9-remap,PCFR2,PCFR2:3;PCFR2:4,2,TIM9,CH2,TIM9_CH2,PD11,D,11,#,reference,candidates(datasheet-pin-table+rm-remap-grid:en)
CH32V317,afio-tim9-remap,PCFR2,PCFR2:3;PCFR2:4,2,TIM9,CH2N,TIM9_CH2N,PD10,D,10,#,reference,candidates(datasheet-pin-table+rm-remap-grid:en)
CH32V317,afio-tim9-remap,PCFR2,PCFR2:3;PCFR2:4,2,TIM9,CH3,TIM9_CH3,PD13,D,13,#,reference,candidates(datasheet-pin-table+rm-remap-grid:en)
CH32V317,afio-tim9-remap,PCFR2,PCFR2:3;PCFR2:4,2,TIM9,CH3N,TIM9_CH3N,PD12,D,12,#,reference,candidates(datasheet-pin-table+rm-remap-grid:en)
CH32V317,afio-tim9-remap,PCFR2,PCFR2:3;PCFR2:4,2,TIM9,CH4,TIM9_CH4,PD15,D,15,#,reference,candidates(datasheet-pin-table+rm-remap-grid:en)
CH32V317,afio-tim9-remap,PCFR2,PCFR2:3;PCFR2:4,2,TIM9,ETR,TIM9_ETR,PD9,D,9,#,reference,candidates(datasheet-pin-table+rm-remap-grid:en)
CH32V317,afio-tim9-remap,PCFR2,PCFR2:3;PCFR2:4,3,TIM9,BKIN,TIM9_BKIN,PD14,D,14,#,reference,candidates(datasheet-pin-table+rm-remap-grid:en)
CH32V317,afio-tim9-remap,PCFR2,PCFR2:3;PCFR2:4,3,TIM9,CH1,TIM9_CH1,PD9,D,9,#,reference,candidates(datasheet-pin-table+rm-remap-grid:en)
CH32V317,afio-tim9-remap,PCFR2,PCFR2:3;PCFR2:4,3,TIM9,CH2,TIM9_CH2,PD11,D,11,#,reference,candidates(datasheet-pin-table+rm-remap-grid:en)
CH32V317,afio-tim9-remap,PCFR2,PCFR2:3;PCFR2:4,3,TIM9,CH2N,TIM9_CH2N,PD10,D,10,#,reference,candidates(datasheet-pin-table+rm-remap-grid:en)
CH32V317,afio-tim9-remap,PCFR2,PCFR2:3;PCFR2:4,3,TIM9,CH3,TIM9_CH3,PD13,D,13,#,reference,candidates(datasheet-pin-table+rm-remap-grid:en)
CH32V317,afio-tim9-remap,PCFR2,PCFR2:3;PCFR2:4,3,TIM9,CH3N,TIM9_CH3N,PD12,D,12,#,reference,candidates(datasheet-pin-table+rm-remap-grid:en)
CH32V317,afio-tim9-remap,PCFR2,PCFR2:3;PCFR2:4,3,TIM9,CH4,TIM9_CH4,PD15,D,15,#,reference,candidates(datasheet-pin-table+rm-remap-grid:en)
CH32V317,afio-tim9-remap,PCFR2,PCFR2:3;PCFR2:4,3,TIM9,ETR,TIM9_ETR,PD9,D,9,#,reference,candidates(datasheet-pin-table+rm-remap-grid:en)
CH32V317,afio-usart1-remap,PCFR1|PCFR2,PCFR1:2;PCFR2:26,0,USART1,CK,USART1_CK,PA8,A,8,#,reference,candidates(datasheet-pin-table-default:en)
CH32V317,afio-usart1-remap,PCFR1|PCFR2,PCFR1:2;PCFR2:26,0,USART1,CTS,USART1_CTS,PA11,A,11,#,reference,candidates(datasheet-pin-table-default:en)
CH32V317,afio-usart1-remap,PCFR1|PCFR2,PCFR1:2;PCFR2:26,0,USART1,RTS,USART1_RTS,PA12,A,12,#,reference,candidates(datasheet-pin-table-default:en)
CH32V317,afio-usart1-remap,PCFR1|PCFR2,PCFR1:2;PCFR2:26,0,USART1,RX,USART1_RX,PA10,A,10,#,reference,candidates(datasheet-pin-table-default:en)
CH32V317,afio-usart1-remap,PCFR1|PCFR2,PCFR1:2;PCFR2:26,0,USART1,TX,USART1_TX,PA9,A,9,#,reference,candidates(datasheet-pin-table-default:en)
CH32V317,afio-usart1-remap,PCFR1|PCFR2,PCFR1:2;PCFR2:26,1,USART1,CK,USART1_CK,PA8,A,8,#,reference,candidates(datasheet-pin-table+rm-remap-grid:en)
CH32V317,afio-usart1-remap,PCFR1|PCFR2,PCFR1:2;PCFR2:26,1,USART1,CTS,USART1_CTS,PA11,A,11,#,reference,candidates(datasheet-pin-table+rm-remap-grid:en)
CH32V317,afio-usart1-remap,PCFR1|PCFR2,PCFR1:2;PCFR2:26,1,USART1,RTS,USART1_RTS,PA12,A,12,#,reference,candidates(datasheet-pin-table+rm-remap-grid:en)
CH32V317,afio-usart1-remap,PCFR1|PCFR2,PCFR1:2;PCFR2:26,1,USART1,RX,USART1_RX,PB7,B,7,#,reference,candidates(datasheet-pin-table+rm-remap-grid:en)
CH32V317,afio-usart1-remap,PCFR1|PCFR2,PCFR1:2;PCFR2:26,1,USART1,TX,USART1_TX,PB6,B,6,#,reference,candidates(datasheet-pin-table+rm-remap-grid:en)
CH32V317,afio-usart1-remap,PCFR1|PCFR2,PCFR1:2;PCFR2:26,2,USART1,CK,USART1_CK,PA10,A,10,#,reference,candidates(datasheet-pin-table+rm-remap-grid:en)
CH32V317,afio-usart1-remap,PCFR1|PCFR2,PCFR1:2;PCFR2:26,2,USART1,CTS,USART1_CTS,PA5,A,5,#,reference,candidates(datasheet-pin-table+rm-remap-grid:en)
CH32V317,afio-usart1-remap,PCFR1|PCFR2,PCFR1:2;PCFR2:26,2,USART1,RTS,USART1_RTS,PA9,A,9,#,reference,candidates(datasheet-pin-table+rm-remap-grid:en)
CH32V317,afio-usart1-remap,PCFR1|PCFR2,PCFR1:2;PCFR2:26,2,USART1,RX,USART1_RX,PA8,A,8,#,reference,candidates(datasheet-pin-table+rm-remap-grid:en)
CH32V317,afio-usart1-remap,PCFR1|PCFR2,PCFR1:2;PCFR2:26,2,USART1,TX,USART1_TX,PB15,B,15,#,reference,candidates(datasheet-pin-table+rm-remap-grid:en)
CH32V317,afio-usart1-remap,PCFR1|PCFR2,PCFR1:2;PCFR2:26,3,USART1,CK,USART1_CK,PA5,A,5,#,reference,candidates(datasheet-pin-table+rm-remap-grid:en)
CH32V317,afio-usart1-remap,PCFR1|PCFR2,PCFR1:2;PCFR2:26,3,USART1,CTS,USART1_CTS,PC4,C,4,#,reference,candidates(datasheet-pin-table+rm-remap-grid:en)
CH32V317,afio-usart1-remap,PCFR1|PCFR2,PCFR1:2;PCFR2:26,3,USART1,RTS,USART1_RTS,PC5,C,5,#,reference,candidates(datasheet-pin-table+rm-remap-grid:en)
CH32V317,afio-usart1-remap,PCFR1|PCFR2,PCFR1:2;PCFR2:26,3,USART1,RX,USART1_RX,PA7,A,7,#,reference,candidates(datasheet-pin-table+rm-remap-grid:en)
CH32V317,afio-usart1-remap,PCFR1|PCFR2,PCFR1:2;PCFR2:26,3,USART1,TX,USART1_TX,PA6,A,6,#,reference,candidates(datasheet-pin-table+rm-remap-grid:en)
CH32V317,afio-usart2-remap,PCFR1,PCFR1:3,0,USART2,CK,USART2_CK,PA4,A,4,#,reference,candidates(datasheet-pin-table-default:en)
CH32V317,afio-usart2-remap,PCFR1,PCFR1:3,0,USART2,CTS,USART2_CTS,PA0-WKUP,A,0,#,reference,candidates(datasheet-pin-table-default:en)
CH32V317,afio-usart2-remap,PCFR1,PCFR1:3,0,USART2,RTS,USART2_RTS,PA1,A,1,#,reference,candidates(datasheet-pin-table-default:en)
CH32V317,afio-usart2-remap,PCFR1,PCFR1:3,0,USART2,RX,USART2_RX,PA3,A,3,#,reference,candidates(datasheet-pin-table-default:en)
CH32V317,afio-usart2-remap,PCFR1,PCFR1:3,0,USART2,TX,USART2_TX,PA2,A,2,#,reference,candidates(datasheet-pin-table-default:en)
CH32V317,afio-usart2-remap,PCFR1,PCFR1:3,1,USART2,CK,USART2_CK,PD7,D,7,#,reference,candidates(datasheet-pin-table+rm-remap-grid:en)
CH32V317,afio-usart2-remap,PCFR1,PCFR1:3,1,USART2,CTS,USART2_CTS,PD3,D,3,#,reference,candidates(datasheet-pin-table+rm-remap-grid:en)
CH32V317,afio-usart2-remap,PCFR1,PCFR1:3,1,USART2,RTS,USART2_RTS,PD4,D,4,#,reference,candidates(datasheet-pin-table+rm-remap-grid:en)
CH32V317,afio-usart2-remap,PCFR1,PCFR1:3,1,USART2,RX,USART2_RX,PD6,D,6,#,reference,candidates(datasheet-pin-table+rm-remap-grid:en)
CH32V317,afio-usart2-remap,PCFR1,PCFR1:3,1,USART2,TX,USART2_TX,PD5,D,5,#,reference,candidates(datasheet-pin-table+rm-remap-grid:en)
CH32V317,afio-usart3-remap,PCFR1,PCFR1:4;PCFR1:5,0,USART3,CK,USART3_CK,PB12,B,12,#,reference,candidates(datasheet-pin-table-default:en)
CH32V317,afio-usart3-remap,PCFR1,PCFR1:4;PCFR1:5,0,USART3,CTS,USART3_CTS,PB13,B,13,#,reference,candidates(datasheet-pin-table-default:en)
CH32V317,afio-usart3-remap,PCFR1,PCFR1:4;PCFR1:5,0,USART3,RTS,USART3_RTS,PB14,B,14,#,reference,candidates(datasheet-pin-table-default:en)
CH32V317,afio-usart3-remap,PCFR1,PCFR1:4;PCFR1:5,0,USART3,RX,USART3_RX,PB11,B,11,#,reference,candidates(datasheet-pin-table-default:en)
CH32V317,afio-usart3-remap,PCFR1,PCFR1:4;PCFR1:5,0,USART3,TX,USART3_TX,PB10,B,10,#,reference,candidates(datasheet-pin-table-default:en)
CH32V317,afio-usart3-remap,PCFR1,PCFR1:4;PCFR1:5,1,USART3,CK,USART3_CK,PC12,C,12,#,reference,candidates(datasheet-pin-table+rm-remap-grid:en)
CH32V317,afio-usart3-remap,PCFR1,PCFR1:4;PCFR1:5,1,USART3,CTS,USART3_CTS,PB13,B,13,#,reference,candidates(datasheet-pin-table+rm-remap-grid:en)
CH32V317,afio-usart3-remap,PCFR1,PCFR1:4;PCFR1:5,1,USART3,RTS,USART3_RTS,PB14,B,14,#,reference,candidates(datasheet-pin-table+rm-remap-grid:en)
CH32V317,afio-usart3-remap,PCFR1,PCFR1:4;PCFR1:5,1,USART3,RX,USART3_RX,PC11,C,11,#,reference,candidates(datasheet-pin-table+rm-remap-grid:en)
CH32V317,afio-usart3-remap,PCFR1,PCFR1:4;PCFR1:5,1,USART3,TX,USART3_TX,PC10,C,10,#,reference,candidates(datasheet-pin-table+rm-remap-grid:en)
CH32V317,afio-usart3-remap,PCFR1,PCFR1:4;PCFR1:5,2,USART3,CK,USART3_CK,PD10,D,10,#,reference,candidates(datasheet-pin-table+rm-remap-grid:en)
CH32V317,afio-usart3-remap,PCFR1,PCFR1:4;PCFR1:5,2,USART3,CTS,USART3_CTS,PD11,D,11,#,reference,candidates(datasheet-pin-table+rm-remap-grid:en)
CH32V317,afio-usart3-remap,PCFR1,PCFR1:4;PCFR1:5,2,USART3,RTS,USART3_RTS,PD12,D,12,#,reference,candidates(datasheet-pin-table+rm-remap-grid:en)
CH32V317,afio-usart3-remap,PCFR1,PCFR1:4;PCFR1:5,2,USART3,RX,USART3_RX,PA14,A,14,#,reference,candidates(datasheet-pin-table+rm-remap-grid:en)
CH32V317,afio-usart3-remap,PCFR1,PCFR1:4;PCFR1:5,2,USART3,TX,USART3_TX,PA13,A,13,#,reference,candidates(datasheet-pin-table+rm-remap-grid:en)
CH32V317,afio-usart3-remap,PCFR1,PCFR1:4;PCFR1:5,3,USART3,CK,USART3_CK,PD10,D,10,#,reference,candidates(datasheet-pin-table+rm-remap-grid:en)
CH32V317,afio-usart3-remap,PCFR1,PCFR1:4;PCFR1:5,3,USART3,CTS,USART3_CTS,PD11,D,11,#,reference,candidates(datasheet-pin-table+rm-remap-grid:en)
CH32V317,afio-usart3-remap,PCFR1,PCFR1:4;PCFR1:5,3,USART3,RTS,USART3_RTS,PD12,D,12,#,reference,candidates(datasheet-pin-table+rm-remap-grid:en)
CH32V317,afio-usart3-remap,PCFR1,PCFR1:4;PCFR1:5,3,USART3,RX,USART3_RX,PD9,D,9,#,reference,candidates(datasheet-pin-table+rm-remap-grid:en)
CH32V317,afio-usart4-remap,PCFR2,PCFR2:16;PCFR2:17,0,USART4,RX,UART4_RX,PC11,C,11,#,reference,candidates(datasheet-pin-table-default:en)
CH32V317,afio-usart4-remap,PCFR2,PCFR2:16;PCFR2:17,0,USART4,TX,UART4_TX,PC10,C,10,#,reference,candidates(datasheet-pin-table-default:en)
CH32V317,afio-usart4-remap,PCFR2,PCFR2:16;PCFR2:17,1,USART4,RX,UART4_RX,PB1,B,1,#,reference,candidates(datasheet-pin-table+rm-remap-grid:en)
CH32V317,afio-usart4-remap,PCFR2,PCFR2:16;PCFR2:17,1,USART4,TX,UART4_TX,PB0,B,0,#,reference,candidates(datasheet-pin-table+rm-remap-grid:en)
CH32V317,afio-usart4-remap,PCFR2,PCFR2:16;PCFR2:17,2,USART4,RX,UART4_RX,PE1,E,1,#,reference,candidates(datasheet-pin-table+rm-remap-grid:en)
CH32V317,afio-usart4-remap,PCFR2,PCFR2:16;PCFR2:17,2,USART4,TX,UART4_TX,PE0,E,0,#,reference,candidates(datasheet-pin-table+rm-remap-grid:en)
CH32V317,afio-usart4-remap,PCFR2,PCFR2:16;PCFR2:17,3,USART4,RX,UART4_RX,PE1,E,1,#,reference,candidates(datasheet-pin-table+rm-remap-grid:en)
CH32V317,afio-usart4-remap,PCFR2,PCFR2:16;PCFR2:17,3,USART4,TX,UART4_TX,PE0,E,0,#,reference,candidates(datasheet-pin-table+rm-remap-grid:en)
CH32V317,afio-usart5-remap,PCFR2,PCFR2:18;PCFR2:19,0,USART5,RX,UART5_RX,PD2,D,2,#,reference,candidates(datasheet-pin-table-default:en)
CH32V317,afio-usart5-remap,PCFR2,PCFR2:18;PCFR2:19,0,USART5,TX,UART5_TX,PC12,C,12,#,reference,candidates(datasheet-pin-table-default:en)
CH32V317,afio-usart5-remap,PCFR2,PCFR2:18;PCFR2:19,1,USART5,RX,UART5_RX,PB5,B,5,#,reference,candidates(datasheet-pin-table+rm-remap-grid:en)
CH32V317,afio-usart5-remap,PCFR2,PCFR2:18;PCFR2:19,1,USART5,TX,UART5_TX,PB4,B,4,#,reference,candidates(datasheet-pin-table+rm-remap-grid:en)
CH32V317,afio-usart6-remap,PCFR2,PCFR2:20;PCFR2:21,0,USART6,RX,UART6_RX,PC1,C,1,#,reference,candidates(datasheet-pin-table-default:en)
CH32V317,afio-usart6-remap,PCFR2,PCFR2:20;PCFR2:21,0,USART6,TX,UART6_TX,PC0,C,0,#,reference,candidates(datasheet-pin-table-default:en)
CH32V317,afio-usart6-remap,PCFR2,PCFR2:20;PCFR2:21,1,USART6,RX,UART6_RX,PB9,B,9,#,reference,candidates(datasheet-pin-table+rm-remap-grid:en)
CH32V317,afio-usart6-remap,PCFR2,PCFR2:20;PCFR2:21,1,USART6,TX,UART6_TX,PB8,B,8,#,reference,candidates(datasheet-pin-table+rm-remap-grid:en)
CH32V317,afio-usart7-remap,PCFR2,PCFR2:22;PCFR2:23,0,USART7,RX,UART7_RX,PC3,C,3,#,reference,candidates(datasheet-pin-table-default:en)
CH32V317,afio-usart7-remap,PCFR2,PCFR2:22;PCFR2:23,0,USART7,TX,UART7_TX,PC2,C,2,#,reference,candidates(datasheet-pin-table-default:en)
CH32V317,afio-usart7-remap,PCFR2,PCFR2:22;PCFR2:23,1,USART7,RX,UART7_RX,PA7,A,7,#,reference,candidates(datasheet-pin-table+rm-remap-grid:en)
CH32V317,afio-usart7-remap,PCFR2,PCFR2:22;PCFR2:23,1,USART7,TX,UART7_TX,PA6,A,6,#,reference,candidates(datasheet-pin-table+rm-remap-grid:en)
CH32V317,afio-usart8-remap,PCFR2,PCFR2:24;PCFR2:25,0,USART8,RX,UART8_RX,PC5,C,5,#,reference,candidates(datasheet-pin-table-default:en)
CH32V317,afio-usart8-remap,PCFR2,PCFR2:24;PCFR2:25,0,USART8,TX,UART8_TX,PC4,C,4,#,reference,candidates(datasheet-pin-table-default:en)
CH32V317,afio-usart8-remap,PCFR2,PCFR2:24;PCFR2:25,1,USART8,RX,UART8_RX,PA15,A,15,#,reference,candidates(datasheet-pin-table+rm-remap-grid:en)
CH32V317,afio-usart8-remap,PCFR2,PCFR2:24;PCFR2:25,1,USART8,TX,UART8_TX,PA14,A,14,#,reference,candidates(datasheet-pin-table+rm-remap-grid:en)
CH32V407,afio-can-remap,PCFR1,PCFR1:13;PCFR1:14,0,CAN1,RX,CAN_RX,PA11,A,11,#,reference,candidates(datasheet-pin-table-default:en)
CH32V407,afio-can-remap,PCFR1,PCFR1:13;PCFR1:14,0,CAN1,TX,CAN_TX,PA12,A,12,#,reference,candidates(datasheet-pin-table-default:en)
CH32V407,afio-can-remap,PCFR1,PCFR1:13;PCFR1:14,2,CAN1,RX,CAN_RX,PB8,B,8,#,reference,candidates(datasheet-pin-table+rm-remap-grid:en)
CH32V407,afio-can-remap,PCFR1,PCFR1:13;PCFR1:14,2,CAN1,TX,CAN_TX,PB9,B,9,#,reference,candidates(datasheet-pin-table+rm-remap-grid:en)
CH32V407,afio-can-remap,PCFR1,PCFR1:13;PCFR1:14,3,CAN1,RX,CAN_RX,PD0,D,0,#,reference,candidates(datasheet-pin-table+rm-remap-grid:en)
CH32V407,afio-can-remap,PCFR1,PCFR1:13;PCFR1:14,3,CAN1,TX,CAN_TX,PD1,D,1,#,reference,candidates(datasheet-pin-table+rm-remap-grid:en)
CH32V407,afio-dvp-remap,PCFR2,PCFR2:13,0,DVP,D0,DVP_D0,PA9,A,9,#,reference,candidates(datasheet-pin-table-default:en)
CH32V407,afio-dvp-remap,PCFR2,PCFR2:13,0,DVP,D1,DVP_D1,PA10,A,10,#,reference,candidates(datasheet-pin-table-default:en)
CH32V407,afio-dvp-remap,PCFR2,PCFR2:13,0,DVP,D10,DVP_D10,PD6,D,6,#,reference,candidates(datasheet-pin-table-default:en)
CH32V407,afio-dvp-remap,PCFR2,PCFR2:13,0,DVP,D11,DVP_D11,PD2,D,2,#,reference,candidates(datasheet-pin-table-default:en)
CH32V407,afio-dvp-remap,PCFR2,PCFR2:13,0,DVP,D2,DVP_D2,PC8,C,8,#,reference,candidates(datasheet-pin-table-default:en)
CH32V407,afio-dvp-remap,PCFR2,PCFR2:13,0,DVP,D3,DVP_D3,PC9,C,9,#,reference,candidates(datasheet-pin-table-default:en)
CH32V407,afio-dvp-remap,PCFR2,PCFR2:13,0,DVP,D4,DVP_D4,PC11,C,11,#,reference,candidates(datasheet-pin-table-default:en)
CH32V407,afio-dvp-remap,PCFR2,PCFR2:13,0,DVP,D5,DVP_D5,PB3,B,3,#,reference,candidates(datasheet-pin-table-default:en)
CH32V407,afio-dvp-remap,PCFR2,PCFR2:13,0,DVP,D5,DVP_D5,PB6,B,6,#,reference,candidates(datasheet-pin-table-default:en)
CH32V407,afio-dvp-remap,PCFR2,PCFR2:13,0,DVP,D6,DVP_D6,PB8,B,8,#,reference,candidates(datasheet-pin-table-default:en)
CH32V407,afio-dvp-remap,PCFR2,PCFR2:13,0,DVP,D7,DVP_D7,PB9,B,9,#,reference,candidates(datasheet-pin-table-default:en)
CH32V407,afio-dvp-remap,PCFR2,PCFR2:13,0,DVP,D8,DVP_D8,PC10,C,10,#,reference,candidates(datasheet-pin-table-default:en)
CH32V407,afio-dvp-remap,PCFR2,PCFR2:13,0,DVP,D9,DVP_D9,PC12,C,12,#,reference,candidates(datasheet-pin-table-default:en)
CH32V407,afio-dvp-remap,PCFR2,PCFR2:13,0,DVP,HSYNC,DVP_HSYNC,PA4,A,4,#,reference,candidates(datasheet-pin-table-default:en)
CH32V407,afio-dvp-remap,PCFR2,PCFR2:13,0,DVP,PCLK,DVP_PCLK,PA6,A,6,#,reference,candidates(datasheet-pin-table-default:en)
CH32V407,afio-dvp-remap,PCFR2,PCFR2:13,0,DVP,VSYNC,DVP_VSYNC,PA5,A,5,#,reference,candidates(datasheet-pin-table-default:en)
CH32V407,afio-dvp-remap,PCFR2,PCFR2:13,1,DVP,D0,DVP_D0,PA9,A,9,#,reference,candidates(datasheet-pin-table+rm-remap-grid:en)
CH32V407,afio-dvp-remap,PCFR2,PCFR2:13,1,DVP,D1,DVP_D1,PA10,A,10,#,reference,candidates(datasheet-pin-table+rm-remap-grid:en)
CH32V407,afio-dvp-remap,PCFR2,PCFR2:13,1,DVP,D10,DVP_D10,PB5,B,5,#,reference,candidates(datasheet-pin-table+rm-remap-grid:en)
CH32V407,afio-dvp-remap,PCFR2,PCFR2:13,1,DVP,D11,DVP_D11,PD2,D,2,#,reference,candidates(datasheet-pin-table+rm-remap-grid:en)
CH32V407,afio-dvp-remap,PCFR2,PCFR2:13,1,DVP,D2,DVP_D2,PA8,A,8,#,reference,candidates(datasheet-pin-table+rm-remap-grid:en)
CH32V407,afio-dvp-remap,PCFR2,PCFR2:13,1,DVP,D3,DVP_D3,PB4,B,4,#,reference,candidates(datasheet-pin-table+rm-remap-grid:en)
CH32V407,afio-dvp-remap,PCFR2,PCFR2:13,1,DVP,D4,DVP_D4,PC11,C,11,#,reference,candidates(datasheet-pin-table+rm-remap-grid:en)
CH32V407,afio-dvp-remap,PCFR2,PCFR2:13,1,DVP,D5,DVP_D5,PB3,B,3,#,reference,candidates(datasheet-pin-table+rm-remap-grid:en)
CH32V407,afio-dvp-remap,PCFR2,PCFR2:13,1,DVP,D6,DVP_D6,PB8,B,8,#,reference,candidates(datasheet-pin-table+rm-remap-grid:en)
CH32V407,afio-dvp-remap,PCFR2,PCFR2:13,1,DVP,D7,DVP_D7,PB9,B,9,#,reference,candidates(datasheet-pin-table+rm-remap-grid:en)
CH32V407,afio-dvp-remap,PCFR2,PCFR2:13,1,DVP,D8,DVP_D8,PC10,C,10,#,reference,candidates(datasheet-pin-table+rm-remap-grid:en)
CH32V407,afio-dvp-remap,PCFR2,PCFR2:13,1,DVP,D9,DVP_D9,PC12,C,12,#,reference,candidates(datasheet-pin-table+rm-remap-grid:en)
CH32V407,afio-dvp-remap,PCFR2,PCFR2:13,1,DVP,HSYNC,DVP_HSYNC,PA4,A,4,#,reference,candidates(datasheet-pin-table+rm-remap-grid:en)
CH32V407,afio-dvp-remap,PCFR2,PCFR2:13,1,DVP,PCLK,DVP_PCLK,PA6,A,6,#,reference,candidates(datasheet-pin-table+rm-remap-grid:en)
CH32V407,afio-dvp-remap,PCFR2,PCFR2:13,1,DVP,VSYNC,DVP_VSYNC,PA5,A,5,#,reference,candidates(datasheet-pin-table+rm-remap-grid:en)
CH32V407,afio-ethphy-led-remap,PCFR1,PCFR1:31,0,ETH,LED0,LED0,PE8,E,8,#,reference,candidates(datasheet-pin-table-default:en)
CH32V407,afio-ethphy-led-remap,PCFR1,PCFR1:31,0,ETH,LED1,LED1,PE9,E,9,#,reference,candidates(datasheet-pin-table-default:en)
CH32V407,afio-ethphy-led-remap,PCFR1,PCFR1:31,1,ETH,LED0,LED0,PD14,D,14,#,reference,candidates(datasheet-pin-table+rm-remap-grid:en)
CH32V407,afio-ethphy-led-remap,PCFR1,PCFR1:31,1,ETH,LED1,LED1,PD15,D,15,#,reference,candidates(datasheet-pin-table+rm-remap-grid:en)
CH32V407,afio-fsmc-remap,PCFR2,PCFR2:0,0,FSMC,A16,FSMC_A16,PD11,D,11,#,reference,candidates(datasheet-pin-table-default:en)
CH32V407,afio-fsmc-remap,PCFR2,PCFR2:0,0,FSMC,A17,FSMC_A17,PD12,D,12,#,reference,candidates(datasheet-pin-table-default:en)
CH32V407,afio-fsmc-remap,PCFR2,PCFR2:0,0,FSMC,A18,FSMC_A18,PD13,D,13,#,reference,candidates(datasheet-pin-table-default:en)
CH32V407,afio-fsmc-remap,PCFR2,PCFR2:0,0,FSMC,A19,FSMC_A19,PE3,E,3,#,reference,candidates(datasheet-pin-table-default:en)
CH32V407,afio-fsmc-remap,PCFR2,PCFR2:0,0,FSMC,A20,FSMC_A20,PE4,E,4,#,reference,candidates(datasheet-pin-table-default:en)
CH32V407,afio-fsmc-remap,PCFR2,PCFR2:0,0,FSMC,A21,FSMC_A21,PE5,E,5,#,reference,candidates(datasheet-pin-table-default:en)
CH32V407,afio-fsmc-remap,PCFR2,PCFR2:0,0,FSMC,A22,FSMC_A22,PE6,E,6,#,reference,candidates(datasheet-pin-table-default:en)
CH32V407,afio-fsmc-remap,PCFR2,PCFR2:0,0,FSMC,A23,FSMC_A23,PE2,E,2,#,reference,candidates(datasheet-pin-table-default:en)
CH32V407,afio-fsmc-remap,PCFR2,PCFR2:0,0,FSMC,CLK,FSMC_CLK,PD3,D,3,#,reference,candidates(datasheet-pin-table-default:en)
CH32V407,afio-fsmc-remap,PCFR2,PCFR2:0,0,FSMC,D0,FSMC_D0,PD14,D,14,#,reference,candidates(datasheet-pin-table-default:en)
CH32V407,afio-fsmc-remap,PCFR2,PCFR2:0,0,FSMC,D1,FSMC_D1,PD15,D,15,#,reference,candidates(datasheet-pin-table-default:en)
CH32V407,afio-fsmc-remap,PCFR2,PCFR2:0,0,FSMC,D10,FSMC_D10,PB12,B,12,#,reference,candidates(datasheet-pin-table-default:en)
CH32V407,afio-fsmc-remap,PCFR2,PCFR2:0,0,FSMC,D11,FSMC_D11,PB13,B,13,#,reference,candidates(datasheet-pin-table-default:en)
CH32V407,afio-fsmc-remap,PCFR2,PCFR2:0,0,FSMC,D12,FSMC_D12,PB14,B,14,#,reference,candidates(datasheet-pin-table-default:en)
CH32V407,afio-fsmc-remap,PCFR2,PCFR2:0,0,FSMC,D13,FSMC_D13,PD8,D,8,#,reference,candidates(datasheet-pin-table-default:en)
CH32V407,afio-fsmc-remap,PCFR2,PCFR2:0,0,FSMC,D14,FSMC_D14,PD9,D,9,#,reference,candidates(datasheet-pin-table-default:en)
CH32V407,afio-fsmc-remap,PCFR2,PCFR2:0,0,FSMC,D15,FSMC_D15,PD10,D,10,#,reference,candidates(datasheet-pin-table-default:en)
CH32V407,afio-fsmc-remap,PCFR2,PCFR2:0,0,FSMC,D2,FSMC_D2,PD0,D,0,#,reference,candidates(datasheet-pin-table-default:en)
CH32V407,afio-fsmc-remap,PCFR2,PCFR2:0,0,FSMC,D3,FSMC_D3,PD1,D,1,#,reference,candidates(datasheet-pin-table-default:en)
CH32V407,afio-fsmc-remap,PCFR2,PCFR2:0,0,FSMC,D4,FSMC_D4,PE7,E,7,#,reference,candidates(datasheet-pin-table-default:en)
CH32V407,afio-fsmc-remap,PCFR2,PCFR2:0,0,FSMC,D5,FSMC_D5,PE8,E,8,#,reference,candidates(datasheet-pin-table-default:en)
CH32V407,afio-fsmc-remap,PCFR2,PCFR2:0,0,FSMC,D6,FSMC_D6,PE9,E,9,#,reference,candidates(datasheet-pin-table-default:en)
CH32V407,afio-fsmc-remap,PCFR2,PCFR2:0,0,FSMC,D7,FSMC_D7,PE10,E,10,#,reference,candidates(datasheet-pin-table-default:en)
CH32V407,afio-fsmc-remap,PCFR2,PCFR2:0,0,FSMC,D8,FSMC_D8,PE11,E,11,#,reference,candidates(datasheet-pin-table-default:en)
CH32V407,afio-fsmc-remap,PCFR2,PCFR2:0,0,FSMC,D9,FSMC_D9,PB11,B,11,#,reference,candidates(datasheet-pin-table-default:en)
CH32V407,afio-fsmc-remap,PCFR2,PCFR2:0,0,FSMC,NADV,FSMC_NADV,PB7,B,7,#,reference,candidates(datasheet-pin-table-default:en)
CH32V407,afio-fsmc-remap,PCFR2,PCFR2:0,0,FSMC,NADV,FSMC_NADV,PD2,D,2,#,reference,candidates(datasheet-pin-table-default:en)
CH32V407,afio-fsmc-remap,PCFR2,PCFR2:0,0,FSMC,NBL0,FSMC_NBL0,PE0,E,0,#,reference,candidates(datasheet-pin-table-default:en)
CH32V407,afio-fsmc-remap,PCFR2,PCFR2:0,0,FSMC,NBL1,FSMC_NBL1,PE1,E,1,#,reference,candidates(datasheet-pin-table-default:en)
CH32V407,afio-fsmc-remap,PCFR2,PCFR2:0,0,FSMC,NCE2,FSMC_NCE2,PD7,D,7,#,reference,candidates(datasheet-pin-table-default:en)
CH32V407,afio-fsmc-remap,PCFR2,PCFR2:0,0,FSMC,NE1,FSMC_NE1,PD7,D,7,#,reference,candidates(datasheet-pin-table-default:en)
CH32V407,afio-fsmc-remap,PCFR2,PCFR2:0,0,FSMC,NOE,FSMC_NOE,PD4,D,4,#,reference,candidates(datasheet-pin-table-default:en)
CH32V407,afio-fsmc-remap,PCFR2,PCFR2:0,0,FSMC,NWAIT,FSMC_NWAIT,PD6,D,6,#,reference,candidates(datasheet-pin-table-default:en)
CH32V407,afio-fsmc-remap,PCFR2,PCFR2:0,0,FSMC,NWE,FSMC_NWE,PD5,D,5,#,reference,candidates(datasheet-pin-table-default:en)
CH32V407,afio-fsmc-remap,PCFR2,PCFR2:0,1,FSMC,A16,FSMC_A16,PD11,D,11,#,reference,candidates(datasheet-pin-table+rm-remap-grid:en)
CH32V407,afio-fsmc-remap,PCFR2,PCFR2:0,1,FSMC,A17,FSMC_A17,PD12,D,12,#,reference,candidates(datasheet-pin-table+rm-remap-grid:en)
CH32V407,afio-fsmc-remap,PCFR2,PCFR2:0,1,FSMC,A18,FSMC_A18,PD13,D,13,#,reference,candidates(datasheet-pin-table+rm-remap-grid:en)
CH32V407,afio-fsmc-remap,PCFR2,PCFR2:0,1,FSMC,A19,FSMC_A19,PE3,E,3,#,reference,candidates(datasheet-pin-table+rm-remap-grid:en)
CH32V407,afio-fsmc-remap,PCFR2,PCFR2:0,1,FSMC,A20,FSMC_A20,PE4,E,4,#,reference,candidates(datasheet-pin-table+rm-remap-grid:en)
CH32V407,afio-fsmc-remap,PCFR2,PCFR2:0,1,FSMC,A21,FSMC_A21,PE5,E,5,#,reference,candidates(datasheet-pin-table+rm-remap-grid:en)
CH32V407,afio-fsmc-remap,PCFR2,PCFR2:0,1,FSMC,A22,FSMC_A22,PE6,E,6,#,reference,candidates(datasheet-pin-table+rm-remap-grid:en)
CH32V407,afio-fsmc-remap,PCFR2,PCFR2:0,1,FSMC,A23,FSMC_A23,PE2,E,2,#,reference,candidates(datasheet-pin-table+rm-remap-grid:en)
CH32V407,afio-fsmc-remap,PCFR2,PCFR2:0,1,FSMC,CLK,FSMC_CLK,PD3,D,3,#,reference,candidates(datasheet-pin-table+rm-remap-grid:en)
CH32V407,afio-fsmc-remap,PCFR2,PCFR2:0,1,FSMC,D0,FSMC_D0,PD14,D,14,#,reference,candidates(datasheet-pin-table+rm-remap-grid:en)
CH32V407,afio-fsmc-remap,PCFR2,PCFR2:0,1,FSMC,D10,FSMC_D10,PB12,B,12,#,reference,candidates(datasheet-pin-table+rm-remap-grid:en)
CH32V407,afio-fsmc-remap,PCFR2,PCFR2:0,1,FSMC,D11,FSMC_D11,PB13,B,13,#,reference,candidates(datasheet-pin-table+rm-remap-grid:en)
CH32V407,afio-fsmc-remap,PCFR2,PCFR2:0,1,FSMC,D12,FSMC_D12,PB14,B,14,#,reference,candidates(datasheet-pin-table+rm-remap-grid:en)
CH32V407,afio-fsmc-remap,PCFR2,PCFR2:0,1,FSMC,D13,FSMC_D13,PD8,D,8,#,reference,candidates(datasheet-pin-table+rm-remap-grid:en)
CH32V407,afio-fsmc-remap,PCFR2,PCFR2:0,1,FSMC,D14,FSMC_D14,PD9,D,9,#,reference,candidates(datasheet-pin-table+rm-remap-grid:en)
CH32V407,afio-fsmc-remap,PCFR2,PCFR2:0,1,FSMC,D15,FSMC_D15,PD10,D,10,#,reference,candidates(datasheet-pin-table+rm-remap-grid:en)
CH32V407,afio-fsmc-remap,PCFR2,PCFR2:0,1,FSMC,D2,FSMC_D2,PD0,D,0,#,reference,candidates(datasheet-pin-table+rm-remap-grid:en)
CH32V407,afio-fsmc-remap,PCFR2,PCFR2:0,1,FSMC,D3,FSMC_D3,PD1,D,1,#,reference,candidates(datasheet-pin-table+rm-remap-grid:en)
CH32V407,afio-fsmc-remap,PCFR2,PCFR2:0,1,FSMC,D4,FSMC_D4,PC4,C,4,#,reference,candidates(datasheet-pin-table+rm-remap-grid:en)
CH32V407,afio-fsmc-remap,PCFR2,PCFR2:0,1,FSMC,D5,FSMC_D5,PE8,E,8,#,reference,candidates(datasheet-pin-table+rm-remap-grid:en)
CH32V407,afio-fsmc-remap,PCFR2,PCFR2:0,1,FSMC,D6,FSMC_D6,PE9,E,9,#,reference,candidates(datasheet-pin-table+rm-remap-grid:en)
CH32V407,afio-fsmc-remap,PCFR2,PCFR2:0,1,FSMC,D7,FSMC_D7,PE10,E,10,#,reference,candidates(datasheet-pin-table+rm-remap-grid:en)
CH32V407,afio-fsmc-remap,PCFR2,PCFR2:0,1,FSMC,D8,FSMC_D8,PE11,E,11,#,reference,candidates(datasheet-pin-table+rm-remap-grid:en)
CH32V407,afio-fsmc-remap,PCFR2,PCFR2:0,1,FSMC,D9,FSMC_D9,PB11,B,11,#,reference,candidates(datasheet-pin-table+rm-remap-grid:en)
CH32V407,afio-fsmc-remap,PCFR2,PCFR2:0,1,FSMC,NADV,FSMC_NADV,PB7,B,7,#,reference,candidates(datasheet-pin-table+rm-remap-grid:en)
CH32V407,afio-fsmc-remap,PCFR2,PCFR2:0,1,FSMC,NBL0,FSMC_NBL0,PE0,E,0,#,reference,candidates(datasheet-pin-table+rm-remap-grid:en)
CH32V407,afio-fsmc-remap,PCFR2,PCFR2:0,1,FSMC,NBL1,FSMC_NBL1,PE1,E,1,#,reference,candidates(datasheet-pin-table+rm-remap-grid:en)
CH32V407,afio-fsmc-remap,PCFR2,PCFR2:0,1,FSMC,NCE2,FSMC_NCE2,PD7,D,7,#,reference,candidates(datasheet-pin-table+rm-remap-grid:en)
CH32V407,afio-fsmc-remap,PCFR2,PCFR2:0,1,FSMC,NE1,FSMC_NE1,PD7,D,7,#,reference,candidates(datasheet-pin-table+rm-remap-grid:en)
CH32V407,afio-fsmc-remap,PCFR2,PCFR2:0,1,FSMC,NOE,FSMC_NOE,PD4,D,4,#,reference,candidates(datasheet-pin-table+rm-remap-grid:en)
CH32V407,afio-fsmc-remap,PCFR2,PCFR2:0,1,FSMC,NWAIT,FSMC_NWAIT,PD6,D,6,#,reference,candidates(datasheet-pin-table+rm-remap-grid:en)
CH32V407,afio-fsmc-remap,PCFR2,PCFR2:0,1,FSMC,NWE,FSMC_NWE,PD5,D,5,#,reference,candidates(datasheet-pin-table+rm-remap-grid:en)
CH32V407,afio-i2c1-remap,PCFR1,PCFR1:1,0,I2C1,SCL,I2C_SCL,PB6,B,6,#,reference,candidates(datasheet-pin-table-default:en)
CH32V407,afio-i2c1-remap,PCFR1,PCFR1:1,0,I2C1,SDA,I2C_SDA,PB7,B,7,#,reference,candidates(datasheet-pin-table-default:en)
CH32V407,afio-i2c1-remap,PCFR1,PCFR1:1,0,I2C1,SMBA,I2C_SMBA,PB5,B,5,#,reference,candidates(datasheet-pin-table-default:en)
CH32V407,afio-i2c1-remap,PCFR1,PCFR1:1,1,I2C1,SCL,I2C_SCL,PB8,B,8,#,reference,candidates(datasheet-pin-table+rm-remap-grid:en)
CH32V407,afio-i2c1-remap,PCFR1,PCFR1:1,1,I2C1,SDA,I2C_SDA,PB9,B,9,#,reference,candidates(datasheet-pin-table+rm-remap-grid:en)
CH32V407,afio-i3c-remap,PCFR2,PCFR2:14,0,I3C,SCL,I3C_SCL,PB10,B,10,#,reference,candidates(datasheet-pin-table-default:en)
CH32V407,afio-i3c-remap,PCFR2,PCFR2:14,0,I3C,SDA,I3C_SDA,PB11,B,11,#,reference,candidates(datasheet-pin-table-default:en)
CH32V407,afio-i3c-remap,PCFR2,PCFR2:14,1,I3C,SCL,I3C_SCL,PB4,B,4,#,reference,candidates(datasheet-pin-table+rm-remap-grid:en)
CH32V407,afio-i3c-remap,PCFR2,PCFR2:14,1,I3C,SDA,I3C_SDA,PB5,B,5,#,reference,candidates(datasheet-pin-table+rm-remap-grid:en)
CH32V407,afio-ltdc-remap,PCFR2,PCFR2:11,0,LTDC,B0,LTDC_B0,PB14,B,14,#,reference,candidates(datasheet-pin-table-default:en)
CH32V407,afio-ltdc-remap,PCFR2,PCFR2:11,0,LTDC,B1,LTDC_B1,PB15,B,15,#,reference,candidates(datasheet-pin-table-default:en)
CH32V407,afio-ltdc-remap,PCFR2,PCFR2:11,0,LTDC,B2,LTDC_B2,PB11,B,11,#,reference,candidates(datasheet-pin-table-default:en)
CH32V407,afio-ltdc-remap,PCFR2,PCFR2:11,0,LTDC,B3,LTDC_B3,PB10,B,10,#,reference,candidates(datasheet-pin-table-default:en)
CH32V407,afio-ltdc-remap,PCFR2,PCFR2:11,0,LTDC,B4,LTDC_B4,PA8,A,8,#,reference,candidates(datasheet-pin-table-default:en)
CH32V407,afio-ltdc-remap,PCFR2,PCFR2:11,0,LTDC,B5,LTDC_B5,PA13,A,13,#,reference,candidates(datasheet-pin-table-default:en)
CH32V407,afio-ltdc-remap,PCFR2,PCFR2:11,0,LTDC,B6,LTDC_B6,PA14,A,14,#,reference,candidates(datasheet-pin-table-default:en)
CH32V407,afio-ltdc-remap,PCFR2,PCFR2:11,0,LTDC,B7,LTDC_B7,PA15,A,15,#,reference,candidates(datasheet-pin-table-default:en)
CH32V407,afio-ltdc-remap,PCFR2,PCFR2:11,0,LTDC,CLK,LTDC_CLK,PE1,E,1,#,reference,candidates(datasheet-pin-table-default:en)
CH32V407,afio-ltdc-remap,PCFR2,PCFR2:11,0,LTDC,DE,LTDC_DE,PE0,E,0,#,reference,candidates(datasheet-pin-table-default:en)
CH32V407,afio-ltdc-remap,PCFR2,PCFR2:11,0,LTDC,G0,LTDC_G0,PC4,C,4,#,reference,candidates(datasheet-pin-table-default:en)
CH32V407,afio-ltdc-remap,PCFR2,PCFR2:11,0,LTDC,G1,LTDC_G1,PC5,C,5,#,reference,candidates(datasheet-pin-table-default:en)
CH32V407,afio-ltdc-remap,PCFR2,PCFR2:11,0,LTDC,G2,LTDC_G2,PB0,B,0,#,reference,candidates(datasheet-pin-table-default:en)
CH32V407,afio-ltdc-remap,PCFR2,PCFR2:11,0,LTDC,G3,LTDC_G3,PB1,B,1,#,reference,candidates(datasheet-pin-table-default:en)
CH32V407,afio-ltdc-remap,PCFR2,PCFR2:11,0,LTDC,G4,LTDC_G4,PB2,B,2,#,reference,candidates(datasheet-pin-table-default:en)
CH32V407,afio-ltdc-remap,PCFR2,PCFR2:11,0,LTDC,G5,LTDC_G5,PD8,D,8,#,reference,candidates(datasheet-pin-table-default:en)
CH32V407,afio-ltdc-remap,PCFR2,PCFR2:11,0,LTDC,G6,LTDC_G6,PB12,B,12,#,reference,candidates(datasheet-pin-table-default:en)
CH32V407,afio-ltdc-remap,PCFR2,PCFR2:11,0,LTDC,G7,LTDC_G7,PB13,B,13,#,reference,candidates(datasheet-pin-table-default:en)
CH32V407,afio-ltdc-remap,PCFR2,PCFR2:11,0,LTDC,HSYNC,LTDC_HSYNC,PB4,B,4,#,reference,candidates(datasheet-pin-table-default:en)
CH32V407,afio-ltdc-remap,PCFR2,PCFR2:11,0,LTDC,R0,LTDC_R0,PC0,C,0,#,reference,candidates(datasheet-pin-table-default:en)
CH32V407,afio-ltdc-remap,PCFR2,PCFR2:11,0,LTDC,R1,LTDC_R1,PC1,C,1,#,reference,candidates(datasheet-pin-table-default:en)
CH32V407,afio-ltdc-remap,PCFR2,PCFR2:11,0,LTDC,R2,LTDC_R2,PC2,C,2,#,reference,candidates(datasheet-pin-table-default:en)
CH32V407,afio-ltdc-remap,PCFR2,PCFR2:11,0,LTDC,R3,LTDC_R3,PC3,C,3,#,reference,candidates(datasheet-pin-table-default:en)
CH32V407,afio-ltdc-remap,PCFR2,PCFR2:11,0,LTDC,R4,LTDC_R4,PA1,A,1,#,reference,candidates(datasheet-pin-table-default:en)
CH32V407,afio-ltdc-remap,PCFR2,PCFR2:11,0,LTDC,R5,LTDC_R5,PA2,A,2,#,reference,candidates(datasheet-pin-table-default:en)
CH32V407,afio-ltdc-remap,PCFR2,PCFR2:11,0,LTDC,R6,LTDC_R6,PA3,A,3,#,reference,candidates(datasheet-pin-table-default:en)
CH32V407,afio-ltdc-remap,PCFR2,PCFR2:11,0,LTDC,R7,LTDC_R7,PA7,A,7,#,reference,candidates(datasheet-pin-table-default:en)
CH32V407,afio-ltdc-remap,PCFR2,PCFR2:11,0,LTDC,VSYNC,LTDC_VSYNC,PB5,B,5,#,reference,candidates(datasheet-pin-table-default:en)
CH32V407,afio-ltdc-remap,PCFR2,PCFR2:11,1,LTDC,B0,LTDC_B0,PB14,B,14,#,reference,candidates(datasheet-pin-table+rm-remap-grid:en)
CH32V407,afio-ltdc-remap,PCFR2,PCFR2:11,1,LTDC,B1,LTDC_B1,PB15,B,15,#,reference,candidates(datasheet-pin-table+rm-remap-grid:en)
CH32V407,afio-ltdc-remap,PCFR2,PCFR2:11,1,LTDC,B2,LTDC_B2,PB11,B,11,#,reference,candidates(datasheet-pin-table+rm-remap-grid:en)
CH32V407,afio-ltdc-remap,PCFR2,PCFR2:11,1,LTDC,B3,LTDC_B3,PB10,B,10,#,reference,candidates(datasheet-pin-table+rm-remap-grid:en)
CH32V407,afio-ltdc-remap,PCFR2,PCFR2:11,1,LTDC,B4,LTDC_B4,PA8,A,8,#,reference,candidates(datasheet-pin-table+rm-remap-grid:en)
CH32V407,afio-ltdc-remap,PCFR2,PCFR2:11,1,LTDC,B5,LTDC_B5,PA13,A,13,#,reference,candidates(datasheet-pin-table+rm-remap-grid:en)
CH32V407,afio-ltdc-remap,PCFR2,PCFR2:11,1,LTDC,B6,LTDC_B6,PA14,A,14,#,reference,candidates(datasheet-pin-table+rm-remap-grid:en)
CH32V407,afio-ltdc-remap,PCFR2,PCFR2:11,1,LTDC,B7,LTDC_B7,PA15,A,15,#,reference,candidates(datasheet-pin-table+rm-remap-grid:en)
CH32V407,afio-ltdc-remap,PCFR2,PCFR2:11,1,LTDC,CLK,LTDC_CLK,PA10,A,10,#,reference,candidates(datasheet-pin-table+rm-remap-grid:en)
CH32V407,afio-ltdc-remap,PCFR2,PCFR2:11,1,LTDC,DE,LTDC_DE,PA9,A,9,#,reference,candidates(datasheet-pin-table+rm-remap-grid:en)
CH32V407,afio-ltdc-remap,PCFR2,PCFR2:11,1,LTDC,G0,LTDC_G0,PC4,C,4,#,reference,candidates(datasheet-pin-table+rm-remap-grid:en)
CH32V407,afio-ltdc-remap,PCFR2,PCFR2:11,1,LTDC,G1,LTDC_G1,PC5,C,5,#,reference,candidates(datasheet-pin-table+rm-remap-grid:en)
CH32V407,afio-ltdc-remap,PCFR2,PCFR2:11,1,LTDC,G2,LTDC_G2,PB0,B,0,#,reference,candidates(datasheet-pin-table+rm-remap-grid:en)
CH32V407,afio-ltdc-remap,PCFR2,PCFR2:11,1,LTDC,G3,LTDC_G3,PB1,B,1,#,reference,candidates(datasheet-pin-table+rm-remap-grid:en)
CH32V407,afio-ltdc-remap,PCFR2,PCFR2:11,1,LTDC,G4,LTDC_G4,PB3,B,3,#,reference,candidates(datasheet-pin-table+rm-remap-grid:en)
CH32V407,afio-ltdc-remap,PCFR2,PCFR2:11,1,LTDC,G5,LTDC_G5,PA4,A,4,#,reference,candidates(datasheet-pin-table+rm-remap-grid:en)
CH32V407,afio-ltdc-remap,PCFR2,PCFR2:11,1,LTDC,G6,LTDC_G6,PB12,B,12,#,reference,candidates(datasheet-pin-table+rm-remap-grid:en)
CH32V407,afio-ltdc-remap,PCFR2,PCFR2:11,1,LTDC,G7,LTDC_G7,PB13,B,13,#,reference,candidates(datasheet-pin-table+rm-remap-grid:en)
CH32V407,afio-ltdc-remap,PCFR2,PCFR2:11,1,LTDC,HSYNC,LTDC_HSYNC,PB8,B,8,#,reference,candidates(datasheet-pin-table+rm-remap-grid:en)
CH32V407,afio-ltdc-remap,PCFR2,PCFR2:11,1,LTDC,R0,LTDC_R0,PC0,C,0,#,reference,candidates(datasheet-pin-table+rm-remap-grid:en)
CH32V407,afio-ltdc-remap,PCFR2,PCFR2:11,1,LTDC,R1,LTDC_R1,PC1,C,1,#,reference,candidates(datasheet-pin-table+rm-remap-grid:en)
CH32V407,afio-ltdc-remap,PCFR2,PCFR2:11,1,LTDC,R2,LTDC_R2,PC2,C,2,#,reference,candidates(datasheet-pin-table+rm-remap-grid:en)
CH32V407,afio-ltdc-remap,PCFR2,PCFR2:11,1,LTDC,R3,LTDC_R3,PC3,C,3,#,reference,candidates(datasheet-pin-table+rm-remap-grid:en)
CH32V407,afio-ltdc-remap,PCFR2,PCFR2:11,1,LTDC,R4,LTDC_R4,PA1,A,1,#,reference,candidates(datasheet-pin-table+rm-remap-grid:en)
CH32V407,afio-ltdc-remap,PCFR2,PCFR2:11,1,LTDC,R5,LTDC_R5,PA2,A,2,#,reference,candidates(datasheet-pin-table+rm-remap-grid:en)
CH32V407,afio-ltdc-remap,PCFR2,PCFR2:11,1,LTDC,R6,LTDC_R6,PA3,A,3,#,reference,candidates(datasheet-pin-table+rm-remap-grid:en)
CH32V407,afio-ltdc-remap,PCFR2,PCFR2:11,1,LTDC,R7,LTDC_R7,PA7,A,7,#,reference,candidates(datasheet-pin-table+rm-remap-grid:en)
CH32V407,afio-ltdc-remap,PCFR2,PCFR2:11,1,LTDC,VSYNC,LTDC_VSYNC,PB9,B,9,#,reference,candidates(datasheet-pin-table+rm-remap-grid:en)
CH32V407,afio-sdio-remap,PCFR2,PCFR2:12,0,SDIO,CK,SDIO_CK,PC12,C,12,#,reference,candidates(datasheet-pin-table-default:en)
CH32V407,afio-sdio-remap,PCFR2,PCFR2:12,0,SDIO,CMD,SDIO_CMD,PD2,D,2,#,reference,candidates(datasheet-pin-table-default:en)
CH32V407,afio-sdio-remap,PCFR2,PCFR2:12,0,SDIO,D0,SDIO_D0,PB14,B,14,#,reference,candidates(datasheet-pin-table-default:en)
CH32V407,afio-sdio-remap,PCFR2,PCFR2:12,0,SDIO,D0,SDIO_D0,PC8,C,8,#,reference,candidates(datasheet-pin-table-default:en)
CH32V407,afio-sdio-remap,PCFR2,PCFR2:12,0,SDIO,D1,SDIO_D1,PB15,B,15,#,reference,candidates(datasheet-pin-table-default:en)
CH32V407,afio-sdio-remap,PCFR2,PCFR2:12,0,SDIO,D1,SDIO_D1,PC9,C,9,#,reference,candidates(datasheet-pin-table-default:en)
CH32V407,afio-sdio-remap,PCFR2,PCFR2:12,0,SDIO,D2,SDIO_D2,PC10,C,10,#,reference,candidates(datasheet-pin-table-default:en)
CH32V407,afio-sdio-remap,PCFR2,PCFR2:12,0,SDIO,D3,SDIO_D3,PC11,C,11,#,reference,candidates(datasheet-pin-table-default:en)
CH32V407,afio-sdio-remap,PCFR2,PCFR2:12,0,SDIO,D4,SDIO_D4,PB8,B,8,#,reference,candidates(datasheet-pin-table-default:en)
CH32V407,afio-sdio-remap,PCFR2,PCFR2:12,0,SDIO,D5,SDIO_D5,PB9,B,9,#,reference,candidates(datasheet-pin-table-default:en)
CH32V407,afio-sdio-remap,PCFR2,PCFR2:12,0,SDIO,D6,SDIO_D6,PC6,C,6,#,reference,candidates(datasheet-pin-table-default:en)
CH32V407,afio-sdio-remap,PCFR2,PCFR2:12,0,SDIO,D7,SDIO_D7,PC7,C,7,#,reference,candidates(datasheet-pin-table-default:en)
CH32V407,afio-sdio-remap,PCFR2,PCFR2:12,1,SDIO,CK,SDIO_CK,PC12,C,12,#,reference,candidates(datasheet-pin-table+rm-remap-grid:en)
CH32V407,afio-sdio-remap,PCFR2,PCFR2:12,1,SDIO,CMD,SDIO_CMD,PD2,D,2,#,reference,candidates(datasheet-pin-table+rm-remap-grid:en)
CH32V407,afio-sdio-remap,PCFR2,PCFR2:12,1,SDIO,D0,SDIO_D0,PB14,B,14,#,reference,candidates(datasheet-pin-table+rm-remap-grid:en)
CH32V407,afio-sdio-remap,PCFR2,PCFR2:12,1,SDIO,D1,SDIO_D1,PB15,B,15,#,reference,candidates(datasheet-pin-table+rm-remap-grid:en)
CH32V407,afio-sdio-remap,PCFR2,PCFR2:12,1,SDIO,D2,SDIO_D2,PC10,C,10,#,reference,candidates(datasheet-pin-table+rm-remap-grid:en)
CH32V407,afio-sdio-remap,PCFR2,PCFR2:12,1,SDIO,D3,SDIO_D3,PC11,C,11,#,reference,candidates(datasheet-pin-table+rm-remap-grid:en)
CH32V407,afio-sdio-remap,PCFR2,PCFR2:12,1,SDIO,D4,SDIO_D4,PB8,B,8,#,reference,candidates(datasheet-pin-table+rm-remap-grid:en)
CH32V407,afio-sdio-remap,PCFR2,PCFR2:12,1,SDIO,D5,SDIO_D5,PB9,B,9,#,reference,candidates(datasheet-pin-table+rm-remap-grid:en)
CH32V407,afio-sdio-remap,PCFR2,PCFR2:12,1,SDIO,D6,SDIO_D6,PA9,A,9,#,reference,candidates(datasheet-pin-table+rm-remap-grid:en)
CH32V407,afio-sdio-remap,PCFR2,PCFR2:12,1,SDIO,D7,SDIO_D7,PA10,A,10,#,reference,candidates(datasheet-pin-table+rm-remap-grid:en)
CH32V407,afio-spi1-remap,PCFR1,PCFR1:0,0,SPI1,MISO,SPI1_MISO,PA6,A,6,#,reference,candidates(datasheet-pin-table-default:en)
CH32V407,afio-spi1-remap,PCFR1,PCFR1:0,0,SPI1,MOSI,SPI1_MOSI,PA7,A,7,#,reference,candidates(datasheet-pin-table-default:en)
CH32V407,afio-spi1-remap,PCFR1,PCFR1:0,0,SPI1,NSS,SPI1_NSS,PA4,A,4,#,reference,candidates(datasheet-pin-table-default:en)
CH32V407,afio-spi1-remap,PCFR1,PCFR1:0,0,SPI1,SCK,SPI1_SCK,PA5,A,5,#,reference,candidates(datasheet-pin-table-default:en)
CH32V407,afio-spi1-remap,PCFR1,PCFR1:0,1,SPI1,MISO,SPI1_MISO,PB4,B,4,#,reference,candidates(datasheet-pin-table+rm-remap-grid:en)
CH32V407,afio-spi1-remap,PCFR1,PCFR1:0,1,SPI1,MOSI,SPI1_MOSI,PB5,B,5,#,reference,candidates(datasheet-pin-table+rm-remap-grid:en)
CH32V407,afio-spi1-remap,PCFR1,PCFR1:0,1,SPI1,NSS,SPI1_NSS,PA15,A,15,#,reference,candidates(datasheet-pin-table+rm-remap-grid:en)
CH32V407,afio-spi1-remap,PCFR1,PCFR1:0,1,SPI1,SCK,SPI1_SCK,PB3,B,3,#,reference,candidates(datasheet-pin-table+rm-remap-grid:en)
CH32V407,afio-spi3-remap,PCFR1,PCFR1:28,0,I2S3,CK,I2S3_CK,PB3,B,3,#,reference,candidates(datasheet-pin-table-default:en)
CH32V407,afio-spi3-remap,PCFR1,PCFR1:28,0,I2S3,MCK,I2S3_MCK,PA8,A,8,#,reference,candidates(datasheet-pin-table-default:en)
CH32V407,afio-spi3-remap,PCFR1,PCFR1:28,0,I2S3,MCK,I2S3_MCK,PC7,C,7,#,reference,candidates(datasheet-pin-table-default:en)
CH32V407,afio-spi3-remap,PCFR1,PCFR1:28,0,I2S3,SD,I2S3_SD,PB5,B,5,#,reference,candidates(datasheet-pin-table-default:en)
CH32V407,afio-spi3-remap,PCFR1,PCFR1:28,0,I2S3,WS,I2S3_WS,PA15,A,15,#,reference,candidates(datasheet-pin-table-default:en)
CH32V407,afio-spi3-remap,PCFR1,PCFR1:28,0,SPI3,MISO,SPI3_MISO,PB4,B,4,#,reference,candidates(datasheet-pin-table-default:en)
CH32V407,afio-spi3-remap,PCFR1,PCFR1:28,0,SPI3,MOSI,SPI3_MOSI,PB5,B,5,#,reference,candidates(datasheet-pin-table-default:en)
CH32V407,afio-spi3-remap,PCFR1,PCFR1:28,0,SPI3,NSS,SPI3_NSS,PA15,A,15,#,reference,candidates(datasheet-pin-table-default:en)
CH32V407,afio-spi3-remap,PCFR1,PCFR1:28,0,SPI3,SCK,SPI3_SCK,PB3,B,3,#,reference,candidates(datasheet-pin-table-default:en)
CH32V407,afio-spi3-remap,PCFR1,PCFR1:28,1,I2S3,CK,I2S3_CK,PC10,C,10,#,reference,candidates(datasheet-pin-table+rm-remap-grid:en)
CH32V407,afio-spi3-remap,PCFR1,PCFR1:28,1,I2S3,SD,I2S3_SD,PC12,C,12,#,reference,candidates(datasheet-pin-table+rm-remap-grid:en)
CH32V407,afio-spi3-remap,PCFR1,PCFR1:28,1,I2S3,WS,I2S3_WS,PA4,A,4,#,reference,candidates(datasheet-pin-table+rm-remap-grid:en)
CH32V407,afio-spi3-remap,PCFR1,PCFR1:28,1,SPI3,MISO,SPI3_MISO,PC11,C,11,#,reference,candidates(datasheet-pin-table+rm-remap-grid:en)
CH32V407,afio-spi3-remap,PCFR1,PCFR1:28,1,SPI3,MOSI,SPI3_MOSI,PC12,C,12,#,reference,candidates(datasheet-pin-table+rm-remap-grid:en)
CH32V407,afio-spi3-remap,PCFR1,PCFR1:28,1,SPI3,NSS,SPI3_NSS,PA4,A,4,#,reference,candidates(datasheet-pin-table+rm-remap-grid:en)
CH32V407,afio-spi3-remap,PCFR1,PCFR1:28,1,SPI3,SCK,SPI3_SCK,PC10,C,10,#,reference,candidates(datasheet-pin-table+rm-remap-grid:en)
CH32V407,afio-tim1-remap,PCFR1,PCFR1:6;PCFR1:7,0,TIM1,BKIN,TIM1_BKIN,PB12,B,12,#,reference,candidates(datasheet-pin-table-default:en)
CH32V407,afio-tim1-remap,PCFR1,PCFR1:6;PCFR1:7,0,TIM1,CH1,TIM1_CH1,PA8,A,8,#,reference,candidates(datasheet-pin-table-default:en)
CH32V407,afio-tim1-remap,PCFR1,PCFR1:6;PCFR1:7,0,TIM1,CH1N,TIM1_CH1N,PB13,B,13,#,reference,candidates(datasheet-pin-table-default:en)
CH32V407,afio-tim1-remap,PCFR1,PCFR1:6;PCFR1:7,0,TIM1,CH1_3,TIM1_CH1_3,PE9,E,9,#,reference,candidates(datasheet-pin-table-default:en)
CH32V407,afio-tim1-remap,PCFR1,PCFR1:6;PCFR1:7,0,TIM1,CH2,TIM1_CH2,PA9,A,9,#,reference,candidates(datasheet-pin-table-default:en)
CH32V407,afio-tim1-remap,PCFR1,PCFR1:6;PCFR1:7,0,TIM1,CH2N,TIM1_CH2N,PB14,B,14,#,reference,candidates(datasheet-pin-table-default:en)
CH32V407,afio-tim1-remap,PCFR1,PCFR1:6;PCFR1:7,0,TIM1,CH3,TIM1_CH3,PA10,A,10,#,reference,candidates(datasheet-pin-table-default:en)
CH32V407,afio-tim1-remap,PCFR1,PCFR1:6;PCFR1:7,0,TIM1,CH3N,TIM1_CH3N,PB15,B,15,#,reference,candidates(datasheet-pin-table-default:en)
CH32V407,afio-tim1-remap,PCFR1,PCFR1:6;PCFR1:7,0,TIM1,CH4,TIM1_CH4,PA11,A,11,#,reference,candidates(datasheet-pin-table-default:en)
CH32V407,afio-tim1-remap,PCFR1,PCFR1:6;PCFR1:7,0,TIM1,ETR,TIM1_ETR,PA12,A,12,#,reference,candidates(datasheet-pin-table-default:en)
CH32V407,afio-tim1-remap,PCFR1,PCFR1:6;PCFR1:7,1,TIM1,BKIN,TIM1_BKIN,PA6,A,6,#,reference,candidates(datasheet-pin-table+rm-remap-grid:en)
CH32V407,afio-tim1-remap,PCFR1,PCFR1:6;PCFR1:7,1,TIM1,CH1,TIM1_CH1,PA8,A,8,#,reference,candidates(datasheet-pin-table+rm-remap-grid:en)
CH32V407,afio-tim1-remap,PCFR1,PCFR1:6;PCFR1:7,1,TIM1,CH1N,TIM1_CH1N,PA7,A,7,#,reference,candidates(datasheet-pin-table+rm-remap-grid:en)
CH32V407,afio-tim1-remap,PCFR1,PCFR1:6;PCFR1:7,1,TIM1,CH2,TIM1_CH2,PA9,A,9,#,reference,candidates(datasheet-pin-table+rm-remap-grid:en)
CH32V407,afio-tim1-remap,PCFR1,PCFR1:6;PCFR1:7,1,TIM1,CH2N,TIM1_CH2N,PB0,B,0,#,reference,candidates(datasheet-pin-table+rm-remap-grid:en)
CH32V407,afio-tim1-remap,PCFR1,PCFR1:6;PCFR1:7,1,TIM1,CH3,TIM1_CH3,PA10,A,10,#,reference,candidates(datasheet-pin-table+rm-remap-grid:en)
CH32V407,afio-tim1-remap,PCFR1,PCFR1:6;PCFR1:7,1,TIM1,CH3N,TIM1_CH3N,PB1,B,1,#,reference,candidates(datasheet-pin-table+rm-remap-grid:en)
CH32V407,afio-tim1-remap,PCFR1,PCFR1:6;PCFR1:7,1,TIM1,CH4,TIM1_CH4,PA11,A,11,#,reference,candidates(datasheet-pin-table+rm-remap-grid:en)
CH32V407,afio-tim1-remap,PCFR1,PCFR1:6;PCFR1:7,1,TIM1,ETR,TIM1_ETR,PA12,A,12,#,reference,candidates(datasheet-pin-table+rm-remap-grid:en)
CH32V407,afio-tim1-remap,PCFR1,PCFR1:6;PCFR1:7,3,TIM1,BKIN,TIM1_BKIN,PB10,B,10,#,reference,candidates(datasheet-pin-table+rm-remap-grid:en)
CH32V407,afio-tim1-remap,PCFR1,PCFR1:6;PCFR1:7,3,TIM1,CH1N,TIM1_CH1N,PE8,E,8,#,reference,candidates(datasheet-pin-table+rm-remap-grid:en)
CH32V407,afio-tim1-remap,PCFR1,PCFR1:6;PCFR1:7,3,TIM1,CH2,TIM1_CH2,PE11,E,11,#,reference,candidates(datasheet-pin-table+rm-remap-grid:en)
CH32V407,afio-tim1-remap,PCFR1,PCFR1:6;PCFR1:7,3,TIM1,CH2N,TIM1_CH2N,PE10,E,10,#,reference,candidates(datasheet-pin-table+rm-remap-grid:en)
CH32V407,afio-tim1-remap,PCFR1,PCFR1:6;PCFR1:7,3,TIM1,CH3,TIM1_CH3,PB8,B,8,#,reference,candidates(datasheet-pin-table+rm-remap-grid:en)
CH32V407,afio-tim1-remap,PCFR1,PCFR1:6;PCFR1:7,3,TIM1,CH4,TIM1_CH4,PA7,A,7,#,reference,candidates(datasheet-pin-table+rm-remap-grid:en)
CH32V407,afio-tim1-remap,PCFR1,PCFR1:6;PCFR1:7,3,TIM1,ETR,TIM1_ETR,PE7,E,7,#,reference,candidates(datasheet-pin-table+rm-remap-grid:en)
CH32V407,afio-tim2-remap,PCFR1,PCFR1:8;PCFR1:9,0,TIM2,CH1,TIM2_CH1,PA0-WKUP,A,0,#,reference,candidates(datasheet-pin-table-default:en)
CH32V407,afio-tim2-remap,PCFR1,PCFR1:8;PCFR1:9,0,TIM2,CH2,TIM2_CH2,PA1,A,1,#,reference,candidates(datasheet-pin-table-default:en)
CH32V407,afio-tim2-remap,PCFR1,PCFR1:8;PCFR1:9,0,TIM2,CH3,TIM2_CH3,PA2,A,2,#,reference,candidates(datasheet-pin-table-default:en)
CH32V407,afio-tim2-remap,PCFR1,PCFR1:8;PCFR1:9,0,TIM2,CH4,TIM2_CH4,PA3,A,3,#,reference,candidates(datasheet-pin-table-default:en)
CH32V407,afio-tim2-remap,PCFR1,PCFR1:8;PCFR1:9,0,TIM2,ETR,TIM2_ETR,PA0-WKUP,A,0,#,reference,candidates(datasheet-pin-table-default:en)
CH32V407,afio-tim2-remap,PCFR1,PCFR1:8;PCFR1:9,1,TIM2,CH1,TIM2_CH1,PA15,A,15,#,reference,candidates(datasheet-pin-table+rm-remap-grid:en)
CH32V407,afio-tim2-remap,PCFR1,PCFR1:8;PCFR1:9,1,TIM2,CH2,TIM2_CH2,PB3,B,3,#,reference,candidates(datasheet-pin-table+rm-remap-grid:en)
CH32V407,afio-tim2-remap,PCFR1,PCFR1:8;PCFR1:9,1,TIM2,CH3,TIM2_CH3,PA2,A,2,#,reference,candidates(datasheet-pin-table+rm-remap-grid:en)
CH32V407,afio-tim2-remap,PCFR1,PCFR1:8;PCFR1:9,1,TIM2,CH4,TIM2_CH4,PA3,A,3,#,reference,candidates(datasheet-pin-table+rm-remap-grid:en)
CH32V407,afio-tim2-remap,PCFR1,PCFR1:8;PCFR1:9,1,TIM2,ETR,TIM2_ETR,PA15,A,15,#,reference,candidates(datasheet-pin-table+rm-remap-grid:en)
CH32V407,afio-tim2-remap,PCFR1,PCFR1:8;PCFR1:9,2,TIM2,CH1,TIM2_CH1,PA0-WKUP,A,0,#,reference,candidates(datasheet-pin-table+rm-remap-grid:en)
CH32V407,afio-tim2-remap,PCFR1,PCFR1:8;PCFR1:9,2,TIM2,CH2,TIM2_CH2,PA1,A,1,#,reference,candidates(datasheet-pin-table+rm-remap-grid:en)
CH32V407,afio-tim2-remap,PCFR1,PCFR1:8;PCFR1:9,2,TIM2,CH3,TIM2_CH3,PB10,B,10,#,reference,candidates(datasheet-pin-table+rm-remap-grid:en)
CH32V407,afio-tim2-remap,PCFR1,PCFR1:8;PCFR1:9,2,TIM2,CH4,TIM2_CH4,PB11,B,11,#,reference,candidates(datasheet-pin-table+rm-remap-grid:en)
CH32V407,afio-tim2-remap,PCFR1,PCFR1:8;PCFR1:9,2,TIM2,ETR,TIM2_ETR,PA0-WKUP,A,0,#,reference,candidates(datasheet-pin-table+rm-remap-grid:en)
CH32V407,afio-tim2-remap,PCFR1,PCFR1:8;PCFR1:9,3,TIM2,CH1,TIM2_CH1,PA15,A,15,#,reference,candidates(datasheet-pin-table+rm-remap-grid:en)
CH32V407,afio-tim2-remap,PCFR1,PCFR1:8;PCFR1:9,3,TIM2,CH2,TIM2_CH2,PB3,B,3,#,reference,candidates(datasheet-pin-table+rm-remap-grid:en)
CH32V407,afio-tim2-remap,PCFR1,PCFR1:8;PCFR1:9,3,TIM2,CH3,TIM2_CH3,PB10,B,10,#,reference,candidates(datasheet-pin-table+rm-remap-grid:en)
CH32V407,afio-tim2-remap,PCFR1,PCFR1:8;PCFR1:9,3,TIM2,CH4,TIM2_CH4,PB11,B,11,#,reference,candidates(datasheet-pin-table+rm-remap-grid:en)
CH32V407,afio-tim2-remap,PCFR1,PCFR1:8;PCFR1:9,3,TIM2,ETR,TIM2_ETR,PA15,A,15,#,reference,candidates(datasheet-pin-table+rm-remap-grid:en)
CH32V407,afio-tim3-remap,PCFR1,PCFR1:10;PCFR1:11,0,TIM3,CH1,TIM3_CH1,PA6,A,6,#,reference,candidates(datasheet-pin-table-default:en)
CH32V407,afio-tim3-remap,PCFR1,PCFR1:10;PCFR1:11,0,TIM3,CH2,TIM3_CH2,PA7,A,7,#,reference,candidates(datasheet-pin-table-default:en)
CH32V407,afio-tim3-remap,PCFR1,PCFR1:10;PCFR1:11,0,TIM3,CH3,TIM3_CH3,PB0,B,0,#,reference,candidates(datasheet-pin-table-default:en)
CH32V407,afio-tim3-remap,PCFR1,PCFR1:10;PCFR1:11,0,TIM3,CH4,TIM3_CH4,PB1,B,1,#,reference,candidates(datasheet-pin-table-default:en)
CH32V407,afio-tim3-remap,PCFR1,PCFR1:10;PCFR1:11,0,TIM3,ETR,TIM3_ETR,PD2,D,2,#,reference,candidates(datasheet-pin-table-default:en)
CH32V407,afio-tim3-remap,PCFR1,PCFR1:10;PCFR1:11,1,TIM3,ETR,TIM3_ETR,PD2,D,2,#,reference,candidates(datasheet-pin-table+rm-remap-grid:en)
CH32V407,afio-tim3-remap,PCFR1,PCFR1:10;PCFR1:11,2,TIM3,CH1,TIM3_CH1,PB4,B,4,#,reference,candidates(datasheet-pin-table+rm-remap-grid:en)
CH32V407,afio-tim3-remap,PCFR1,PCFR1:10;PCFR1:11,2,TIM3,CH2,TIM3_CH2,PB5,B,5,#,reference,candidates(datasheet-pin-table+rm-remap-grid:en)
CH32V407,afio-tim3-remap,PCFR1,PCFR1:10;PCFR1:11,2,TIM3,CH3,TIM3_CH3,PB0,B,0,#,reference,candidates(datasheet-pin-table+rm-remap-grid:en)
CH32V407,afio-tim3-remap,PCFR1,PCFR1:10;PCFR1:11,2,TIM3,CH4,TIM3_CH4,PB1,B,1,#,reference,candidates(datasheet-pin-table+rm-remap-grid:en)
CH32V407,afio-tim3-remap,PCFR1,PCFR1:10;PCFR1:11,2,TIM3,ETR,TIM3_ETR,PD2,D,2,#,reference,candidates(datasheet-pin-table+rm-remap-grid:en)
CH32V407,afio-tim3-remap,PCFR1,PCFR1:10;PCFR1:11,3,TIM3,CH1,TIM3_CH1,PC6,C,6,#,reference,candidates(datasheet-pin-table+rm-remap-grid:en)
CH32V407,afio-tim3-remap,PCFR1,PCFR1:10;PCFR1:11,3,TIM3,CH2,TIM3_CH2,PC7,C,7,#,reference,candidates(datasheet-pin-table+rm-remap-grid:en)
CH32V407,afio-tim3-remap,PCFR1,PCFR1:10;PCFR1:11,3,TIM3,CH3,TIM3_CH3,PC8,C,8,#,reference,candidates(datasheet-pin-table+rm-remap-grid:en)
CH32V407,afio-tim3-remap,PCFR1,PCFR1:10;PCFR1:11,3,TIM3,CH4,TIM3_CH4,PC9,C,9,#,reference,candidates(datasheet-pin-table+rm-remap-grid:en)
CH32V407,afio-tim4-remap,PCFR1,PCFR1:12,0,TIM4,CH1,TIM4_CH1,PB6,B,6,#,reference,candidates(datasheet-pin-table-default:en)
CH32V407,afio-tim4-remap,PCFR1,PCFR1:12,0,TIM4,CH2,TIM4_CH2,PB7,B,7,#,reference,candidates(datasheet-pin-table-default:en)
CH32V407,afio-tim4-remap,PCFR1,PCFR1:12,0,TIM4,CH3,TIM4_CH3,PB8,B,8,#,reference,candidates(datasheet-pin-table-default:en)
CH32V407,afio-tim4-remap,PCFR1,PCFR1:12,0,TIM4,CH4,TIM4_CH4,PB9,B,9,#,reference,candidates(datasheet-pin-table-default:en)
CH32V407,afio-tim4-remap,PCFR1,PCFR1:12,0,TIM4,ETR,TIM4_ETR,PE0,E,0,#,reference,candidates(datasheet-pin-table-default:en)
CH32V407,afio-tim4-remap,PCFR1,PCFR1:12,1,TIM4,CH1,TIM4_CH1,PD12,D,12,#,reference,candidates(datasheet-pin-table+rm-remap-grid:en)
CH32V407,afio-tim4-remap,PCFR1,PCFR1:12,1,TIM4,CH2,TIM4_CH2,PD13,D,13,#,reference,candidates(datasheet-pin-table+rm-remap-grid:en)
CH32V407,afio-tim4-remap,PCFR1,PCFR1:12,1,TIM4,CH3,TIM4_CH3,PD14,D,14,#,reference,candidates(datasheet-pin-table+rm-remap-grid:en)
CH32V407,afio-tim4-remap,PCFR1,PCFR1:12,1,TIM4,CH4,TIM4_CH4,PD15,D,15,#,reference,candidates(datasheet-pin-table+rm-remap-grid:en)
CH32V407,afio-tim4-remap,PCFR1,PCFR1:12,1,TIM4,ETR,TIM4_ETR,PE0,E,0,#,reference,candidates(datasheet-pin-table+rm-remap-grid:en)
CH32V407,afio-tim8-remap,PCFR2,PCFR2:2,0,TIM8,BKIN,TIM8_BKIN,PA6,A,6,#,reference,candidates(datasheet-pin-table-default:en)
CH32V407,afio-tim8-remap,PCFR2,PCFR2:2,0,TIM8,CH1,TIM8_CH1,PC6,C,6,#,reference,candidates(datasheet-pin-table-default:en)
CH32V407,afio-tim8-remap,PCFR2,PCFR2:2,0,TIM8,CH1N,TIM8_CH1N,PA7,A,7,#,reference,candidates(datasheet-pin-table-default:en)
CH32V407,afio-tim8-remap,PCFR2,PCFR2:2,0,TIM8,CH2,TIM8_CH2,PC7,C,7,#,reference,candidates(datasheet-pin-table-default:en)
CH32V407,afio-tim8-remap,PCFR2,PCFR2:2,0,TIM8,CH2N,TIM8_CH2N,PB0,B,0,#,reference,candidates(datasheet-pin-table-default:en)
CH32V407,afio-tim8-remap,PCFR2,PCFR2:2,0,TIM8,CH3,TIM8_CH3,PC8,C,8,#,reference,candidates(datasheet-pin-table-default:en)
CH32V407,afio-tim8-remap,PCFR2,PCFR2:2,0,TIM8,CH3N,TIM8_CH3N,PB1,B,1,#,reference,candidates(datasheet-pin-table-default:en)
CH32V407,afio-tim8-remap,PCFR2,PCFR2:2,0,TIM8,CH4,TIM8_CH4,PC9,C,9,#,reference,candidates(datasheet-pin-table-default:en)
CH32V407,afio-tim8-remap,PCFR2,PCFR2:2,0,TIM8,ETR,TIM8_ETR,PA0-WKUP,A,0,#,reference,candidates(datasheet-pin-table-default:en)
CH32V407,afio-tim8-remap,PCFR2,PCFR2:2,1,TIM8,BKIN,TIM8_BKIN,PB9,B,9,#,reference,candidates(datasheet-pin-table+rm-remap-grid:en)
CH32V407,afio-tim8-remap,PCFR2,PCFR2:2,1,TIM8,CH1,TIM8_CH1,PB6,B,6,#,reference,candidates(datasheet-pin-table+rm-remap-grid:en)
CH32V407,afio-tim8-remap,PCFR2,PCFR2:2,1,TIM8,CH1N,TIM8_CH1N,PA13,A,13,#,reference,candidates(datasheet-pin-table+rm-remap-grid:en)
CH32V407,afio-tim8-remap,PCFR2,PCFR2:2,1,TIM8,CH2,TIM8_CH2,PB7,B,7,#,reference,candidates(datasheet-pin-table+rm-remap-grid:en)
CH32V407,afio-tim8-remap,PCFR2,PCFR2:2,1,TIM8,CH2N,TIM8_CH2N,PA14,A,14,#,reference,candidates(datasheet-pin-table+rm-remap-grid:en)
CH32V407,afio-tim8-remap,PCFR2,PCFR2:2,1,TIM8,CH3,TIM8_CH3,PB8,B,8,#,reference,candidates(datasheet-pin-table+rm-remap-grid:en)
CH32V407,afio-tim8-remap,PCFR2,PCFR2:2,1,TIM8,CH3N,TIM8_CH3N,PA15,A,15,#,reference,candidates(datasheet-pin-table+rm-remap-grid:en)
CH32V407,afio-tim8-remap,PCFR2,PCFR2:2,1,TIM8,CH4,TIM8_CH4,PC13-TAMPER-RTC,C,13,#,reference,candidates(datasheet-pin-table+rm-remap-grid:en)
CH32V407,afio-tim8-remap,PCFR2,PCFR2:2,1,TIM8,ETR,TIM8_ETR,PA0-WKUP,A,0,#,reference,candidates(datasheet-pin-table+rm-remap-grid:en)
CH32V407,afio-usart1-remap,PCFR1|PCFR2,PCFR1:2;PCFR2:26,0,USART1,CK,USART1_CK,PA8,A,8,#,reference,candidates(datasheet-pin-table-default:en)
CH32V407,afio-usart1-remap,PCFR1|PCFR2,PCFR1:2;PCFR2:26,0,USART1,CTS,USART1_CTS,PA11,A,11,#,reference,candidates(datasheet-pin-table-default:en)
CH32V407,afio-usart1-remap,PCFR1|PCFR2,PCFR1:2;PCFR2:26,0,USART1,RTS,USART1_RTS,PA12,A,12,#,reference,candidates(datasheet-pin-table-default:en)
CH32V407,afio-usart1-remap,PCFR1|PCFR2,PCFR1:2;PCFR2:26,0,USART1,RX,USART1_RX,PA10,A,10,#,reference,candidates(datasheet-pin-table-default:en)
CH32V407,afio-usart1-remap,PCFR1|PCFR2,PCFR1:2;PCFR2:26,0,USART1,TX,USART1_TX,PA9,A,9,#,reference,candidates(datasheet-pin-table-default:en)
CH32V407,afio-usart1-remap,PCFR1|PCFR2,PCFR1:2;PCFR2:26,1,USART1,CK,USART1_CK,PA8,A,8,#,reference,candidates(datasheet-pin-table+rm-remap-grid:en)
CH32V407,afio-usart1-remap,PCFR1|PCFR2,PCFR1:2;PCFR2:26,1,USART1,CTS,USART1_CTS,PA11,A,11,#,reference,candidates(datasheet-pin-table+rm-remap-grid:en)
CH32V407,afio-usart1-remap,PCFR1|PCFR2,PCFR1:2;PCFR2:26,1,USART1,RTS,USART1_RTS,PA12,A,12,#,reference,candidates(datasheet-pin-table+rm-remap-grid:en)
CH32V407,afio-usart1-remap,PCFR1|PCFR2,PCFR1:2;PCFR2:26,1,USART1,RX,USART1_RX,PB7,B,7,#,reference,candidates(datasheet-pin-table+rm-remap-grid:en)
CH32V407,afio-usart1-remap,PCFR1|PCFR2,PCFR1:2;PCFR2:26,1,USART1,TX,USART1_TX,PB6,B,6,#,reference,candidates(datasheet-pin-table+rm-remap-grid:en)
CH32V407,afio-usart1-remap,PCFR1|PCFR2,PCFR1:2;PCFR2:26,2,USART1,CK,USART1_CK,PA10,A,10,#,reference,candidates(datasheet-pin-table+rm-remap-grid:en)
CH32V407,afio-usart1-remap,PCFR1|PCFR2,PCFR1:2;PCFR2:26,2,USART1,CTS,USART1_CTS,PA5,A,5,#,reference,candidates(datasheet-pin-table+rm-remap-grid:en)
CH32V407,afio-usart1-remap,PCFR1|PCFR2,PCFR1:2;PCFR2:26,2,USART1,RTS,USART1_RTS,PA9,A,9,#,reference,candidates(datasheet-pin-table+rm-remap-grid:en)
CH32V407,afio-usart1-remap,PCFR1|PCFR2,PCFR1:2;PCFR2:26,2,USART1,RX,USART1_RX,PA8,A,8,#,reference,candidates(datasheet-pin-table+rm-remap-grid:en)
CH32V407,afio-usart1-remap,PCFR1|PCFR2,PCFR1:2;PCFR2:26,2,USART1,TX,USART1_TX,PB15,B,15,#,reference,candidates(datasheet-pin-table+rm-remap-grid:en)
CH32V407,afio-usart1-remap,PCFR1|PCFR2,PCFR1:2;PCFR2:26,3,USART1,CK,USART1_CK,PA5,A,5,#,reference,candidates(datasheet-pin-table+rm-remap-grid:en)
CH32V407,afio-usart1-remap,PCFR1|PCFR2,PCFR1:2;PCFR2:26,3,USART1,CTS,USART1_CTS,PC4,C,4,#,reference,candidates(datasheet-pin-table+rm-remap-grid:en)
CH32V407,afio-usart1-remap,PCFR1|PCFR2,PCFR1:2;PCFR2:26,3,USART1,RTS,USART1_RTS,PC5,C,5,#,reference,candidates(datasheet-pin-table+rm-remap-grid:en)
CH32V407,afio-usart1-remap,PCFR1|PCFR2,PCFR1:2;PCFR2:26,3,USART1,RX,USART1_RX,PA7,A,7,#,reference,candidates(datasheet-pin-table+rm-remap-grid:en)
CH32V407,afio-usart1-remap,PCFR1|PCFR2,PCFR1:2;PCFR2:26,3,USART1,TX,USART1_TX,PA6,A,6,#,reference,candidates(datasheet-pin-table+rm-remap-grid:en)
CH32V407,afio-usart10-remap,PCFR2,PCFR2:30;PCFR2:31,0,USART10,CK,USART10_CK,PE12,E,12,#,reference,candidates(datasheet-pin-table-default:en)
CH32V407,afio-usart10-remap,PCFR2,PCFR2:30;PCFR2:31,0,USART10,CTS,USART10_CTS,PC14-OSC32_IN,C,14,#,reference,candidates(datasheet-pin-table-default:en)
CH32V407,afio-usart10-remap,PCFR2,PCFR2:30;PCFR2:31,0,USART10,RTS,USART10_RTS,PC15-OSC32_OUT,C,15,#,reference,candidates(datasheet-pin-table-default:en)
CH32V407,afio-usart10-remap,PCFR2,PCFR2:30;PCFR2:31,0,USART10,RX,USART10_RX,PE1,E,1,#,reference,candidates(datasheet-pin-table-default:en)
CH32V407,afio-usart10-remap,PCFR2,PCFR2:30;PCFR2:31,0,USART10,TX,USART10_TX,PE0,E,0,#,reference,candidates(datasheet-pin-table-default:en)
CH32V407,afio-usart10-remap,PCFR2,PCFR2:30;PCFR2:31,1,USART10,CK,USART10_CK,PE12,E,12,#,reference,candidates(datasheet-pin-table+rm-remap-grid:en)
CH32V407,afio-usart10-remap,PCFR2,PCFR2:30;PCFR2:31,1,USART10,CTS,USART10_CTS,PC14-OSC32_IN,C,14,#,reference,candidates(datasheet-pin-table+rm-remap-grid:en)
CH32V407,afio-usart10-remap,PCFR2,PCFR2:30;PCFR2:31,1,USART10,RTS,USART10_RTS,PC15-OSC32_OUT,C,15,#,reference,candidates(datasheet-pin-table+rm-remap-grid:en)
CH32V407,afio-usart10-remap,PCFR2,PCFR2:30;PCFR2:31,1,USART10,RX,USART10_RX,PB9,B,9,#,reference,candidates(datasheet-pin-table+rm-remap-grid:en)
CH32V407,afio-usart10-remap,PCFR2,PCFR2:30;PCFR2:31,1,USART10,TX,USART10_TX,PB8,B,8,#,reference,candidates(datasheet-pin-table+rm-remap-grid:en)
CH32V407,afio-usart10-remap,PCFR2,PCFR2:30;PCFR2:31,2,USART10,CK,USART10_CK,PD10,D,10,#,reference,candidates(datasheet-pin-table+rm-remap-grid:en)
CH32V407,afio-usart10-remap,PCFR2,PCFR2:30;PCFR2:31,2,USART10,CTS,USART10_CTS,PD13,D,13,#,reference,candidates(datasheet-pin-table+rm-remap-grid:en)
CH32V407,afio-usart10-remap,PCFR2,PCFR2:30;PCFR2:31,2,USART10,RTS,USART10_RTS,PD14,D,14,#,reference,candidates(datasheet-pin-table+rm-remap-grid:en)
CH32V407,afio-usart10-remap,PCFR2,PCFR2:30;PCFR2:31,2,USART10,RX,USART10_RX,PD12,D,12,#,reference,candidates(datasheet-pin-table+rm-remap-grid:en)
CH32V407,afio-usart10-remap,PCFR2,PCFR2:30;PCFR2:31,2,USART10,TX,USART10_TX,PD11,D,11,#,reference,candidates(datasheet-pin-table+rm-remap-grid:en)
CH32V407,afio-usart10-remap,PCFR2,PCFR2:30;PCFR2:31,3,USART10,CK,USART10_CK,PD10,D,10,#,reference,candidates(datasheet-pin-table+rm-remap-grid:en)
CH32V407,afio-usart10-remap,PCFR2,PCFR2:30;PCFR2:31,3,USART10,CTS,USART10_CTS,PD13,D,13,#,reference,candidates(datasheet-pin-table+rm-remap-grid:en)
CH32V407,afio-usart10-remap,PCFR2,PCFR2:30;PCFR2:31,3,USART10,RTS,USART10_RTS,PD14,D,14,#,reference,candidates(datasheet-pin-table+rm-remap-grid:en)
CH32V407,afio-usart10-remap,PCFR2,PCFR2:30;PCFR2:31,3,USART10,RX,USART10_RX,PD12,D,12,#,reference,candidates(datasheet-pin-table+rm-remap-grid:en)
CH32V407,afio-usart10-remap,PCFR2,PCFR2:30;PCFR2:31,3,USART10,TX,USART10_TX,PD11,D,11,#,reference,candidates(datasheet-pin-table+rm-remap-grid:en)
CH32V407,afio-usart2-remap,PCFR1,PCFR1:3,0,USART2,CK,USART2_CK,PA4,A,4,#,reference,candidates(datasheet-pin-table-default:en)
CH32V407,afio-usart2-remap,PCFR1,PCFR1:3,0,USART2,CTS,USART2_CTS,PA0-WKUP,A,0,#,reference,candidates(datasheet-pin-table-default:en)
CH32V407,afio-usart2-remap,PCFR1,PCFR1:3,0,USART2,RTS,USART2_RTS,PA1,A,1,#,reference,candidates(datasheet-pin-table-default:en)
CH32V407,afio-usart2-remap,PCFR1,PCFR1:3,0,USART2,RX,USART2_RX,PA3,A,3,#,reference,candidates(datasheet-pin-table-default:en)
CH32V407,afio-usart2-remap,PCFR1,PCFR1:3,0,USART2,TX,USART2_TX,PA2,A,2,#,reference,candidates(datasheet-pin-table-default:en)
CH32V407,afio-usart2-remap,PCFR1,PCFR1:3,1,USART2,CK,USART2_CK,PD7,D,7,#,reference,candidates(datasheet-pin-table+rm-remap-grid:en)
CH32V407,afio-usart2-remap,PCFR1,PCFR1:3,1,USART2,CTS,USART2_CTS,PD3,D,3,#,reference,candidates(datasheet-pin-table+rm-remap-grid:en)
CH32V407,afio-usart2-remap,PCFR1,PCFR1:3,1,USART2,RTS,USART2_RTS,PD4,D,4,#,reference,candidates(datasheet-pin-table+rm-remap-grid:en)
CH32V407,afio-usart2-remap,PCFR1,PCFR1:3,1,USART2,RX,USART2_RX,PD6,D,6,#,reference,candidates(datasheet-pin-table+rm-remap-grid:en)
CH32V407,afio-usart2-remap,PCFR1,PCFR1:3,1,USART2,TX,USART2_TX,PD5,D,5,#,reference,candidates(datasheet-pin-table+rm-remap-grid:en)
CH32V407,afio-usart3-remap,PCFR1,PCFR1:4;PCFR1:5,0,USART3,CK,USART3_CK,PB12,B,12,#,reference,candidates(datasheet-pin-table-default:en)
CH32V407,afio-usart3-remap,PCFR1,PCFR1:4;PCFR1:5,0,USART3,CTS,USART3_CTS,PB13,B,13,#,reference,candidates(datasheet-pin-table-default:en)
CH32V407,afio-usart3-remap,PCFR1,PCFR1:4;PCFR1:5,0,USART3,RTS,USART3_RTS,PB14,B,14,#,reference,candidates(datasheet-pin-table-default:en)
CH32V407,afio-usart3-remap,PCFR1,PCFR1:4;PCFR1:5,0,USART3,RX,USART3_RX,PB11,B,11,#,reference,candidates(datasheet-pin-table-default:en)
CH32V407,afio-usart3-remap,PCFR1,PCFR1:4;PCFR1:5,0,USART3,TX,USART3_TX,PB10,B,10,#,reference,candidates(datasheet-pin-table-default:en)
CH32V407,afio-usart3-remap,PCFR1,PCFR1:4;PCFR1:5,1,USART3,CK,USART3_CK,PC12,C,12,#,reference,candidates(datasheet-pin-table+rm-remap-grid:en)
CH32V407,afio-usart3-remap,PCFR1,PCFR1:4;PCFR1:5,1,USART3,CTS,USART3_CTS,PB13,B,13,#,reference,candidates(datasheet-pin-table+rm-remap-grid:en)
CH32V407,afio-usart3-remap,PCFR1,PCFR1:4;PCFR1:5,1,USART3,RTS,USART3_RTS,PB14,B,14,#,reference,candidates(datasheet-pin-table+rm-remap-grid:en)
CH32V407,afio-usart3-remap,PCFR1,PCFR1:4;PCFR1:5,1,USART3,RX,USART3_RX,PC11,C,11,#,reference,candidates(datasheet-pin-table+rm-remap-grid:en)
CH32V407,afio-usart3-remap,PCFR1,PCFR1:4;PCFR1:5,1,USART3,TX,USART3_TX,PC10,C,10,#,reference,candidates(datasheet-pin-table+rm-remap-grid:en)
CH32V407,afio-usart3-remap,PCFR1,PCFR1:4;PCFR1:5,2,USART3,CK,USART3_CK,PD10,D,10,#,reference,candidates(datasheet-pin-table+rm-remap-grid:en)
CH32V407,afio-usart3-remap,PCFR1,PCFR1:4;PCFR1:5,2,USART3,CTS,USART3_CTS,PD11,D,11,#,reference,candidates(datasheet-pin-table+rm-remap-grid:en)
CH32V407,afio-usart3-remap,PCFR1,PCFR1:4;PCFR1:5,2,USART3,RTS,USART3_RTS,PD12,D,12,#,reference,candidates(datasheet-pin-table+rm-remap-grid:en)
CH32V407,afio-usart3-remap,PCFR1,PCFR1:4;PCFR1:5,2,USART3,RX,USART3_RX,PA14,A,14,#,reference,candidates(datasheet-pin-table+rm-remap-grid:en)
CH32V407,afio-usart3-remap,PCFR1,PCFR1:4;PCFR1:5,2,USART3,TX,USART3_TX,PA13,A,13,#,reference,candidates(datasheet-pin-table+rm-remap-grid:en)
CH32V407,afio-usart3-remap,PCFR1,PCFR1:4;PCFR1:5,3,USART3,CK,USART3_CK,PD10,D,10,#,reference,candidates(datasheet-pin-table+rm-remap-grid:en)
CH32V407,afio-usart3-remap,PCFR1,PCFR1:4;PCFR1:5,3,USART3,CTS,USART3_CTS,PD11,D,11,#,reference,candidates(datasheet-pin-table+rm-remap-grid:en)
CH32V407,afio-usart3-remap,PCFR1,PCFR1:4;PCFR1:5,3,USART3,RTS,USART3_RTS,PD12,D,12,#,reference,candidates(datasheet-pin-table+rm-remap-grid:en)
CH32V407,afio-usart3-remap,PCFR1,PCFR1:4;PCFR1:5,3,USART3,RX,USART3_RX,PD9,D,9,#,reference,candidates(datasheet-pin-table+rm-remap-grid:en)
CH32V407,afio-usart3-remap,PCFR1,PCFR1:4;PCFR1:5,3,USART3,TX,USART3_TX,PD8,D,8,#,reference,candidates(datasheet-pin-table+rm-remap-grid:en)
CH32V407,afio-usart4-remap,PCFR2,PCFR2:16;PCFR2:17,0,USART4,CK,USART4_CK,PC12,C,12,#,reference,candidates(datasheet-pin-table-default:en)
CH32V407,afio-usart4-remap,PCFR2,PCFR2:16;PCFR2:17,0,USART4,CTS,USART4_CTS,PA13,A,13,#,reference,candidates(datasheet-pin-table-default:en)
CH32V407,afio-usart4-remap,PCFR2,PCFR2:16;PCFR2:17,0,USART4,RTS,USART4_RTS,PD2,D,2,#,reference,candidates(datasheet-pin-table-default:en)
CH32V407,afio-usart4-remap,PCFR2,PCFR2:16;PCFR2:17,0,USART4,RX,USART4_RX,PC11,C,11,#,reference,candidates(datasheet-pin-table-default:en)
CH32V407,afio-usart4-remap,PCFR2,PCFR2:16;PCFR2:17,0,USART4,TX,USART4_TX,PC10,C,10,#,reference,candidates(datasheet-pin-table-default:en)
CH32V407,afio-usart4-remap,PCFR2,PCFR2:16;PCFR2:17,1,USART4,CK,USART4_CK,PB2,B,2,#,reference,candidates(datasheet-pin-table+rm-remap-grid:en)
CH32V407,afio-usart4-remap,PCFR2,PCFR2:16;PCFR2:17,1,USART4,CTS,USART4_CTS,PC4,C,4,#,reference,candidates(datasheet-pin-table+rm-remap-grid:en)
CH32V407,afio-usart4-remap,PCFR2,PCFR2:16;PCFR2:17,1,USART4,RTS,USART4_RTS,PC5,C,5,#,reference,candidates(datasheet-pin-table+rm-remap-grid:en)
CH32V407,afio-usart4-remap,PCFR2,PCFR2:16;PCFR2:17,1,USART4,RX,USART4_RX,PB1,B,1,#,reference,candidates(datasheet-pin-table+rm-remap-grid:en)
CH32V407,afio-usart4-remap,PCFR2,PCFR2:16;PCFR2:17,1,USART4,TX,USART4_TX,PB0,B,0,#,reference,candidates(datasheet-pin-table+rm-remap-grid:en)
CH32V407,afio-usart4-remap,PCFR2,PCFR2:16;PCFR2:17,2,USART4,CK,USART4_CK,PE12,E,12,#,reference,candidates(datasheet-pin-table+rm-remap-grid:en)
CH32V407,afio-usart4-remap,PCFR2,PCFR2:16;PCFR2:17,2,USART4,CTS,USART4_CTS,PB8,B,8,#,reference,candidates(datasheet-pin-table+rm-remap-grid:en)
CH32V407,afio-usart4-remap,PCFR2,PCFR2:16;PCFR2:17,2,USART4,RTS,USART4_RTS,PB9,B,9,#,reference,candidates(datasheet-pin-table+rm-remap-grid:en)
CH32V407,afio-usart4-remap,PCFR2,PCFR2:16;PCFR2:17,2,USART4,RX,USART4_RX,PE1,E,1,#,reference,candidates(datasheet-pin-table+rm-remap-grid:en)
CH32V407,afio-usart4-remap,PCFR2,PCFR2:16;PCFR2:17,2,USART4,TX,USART4_TX,PE0,E,0,#,reference,candidates(datasheet-pin-table+rm-remap-grid:en)
CH32V407,afio-usart4-remap,PCFR2,PCFR2:16;PCFR2:17,3,USART4,CK,USART4_CK,PE12,E,12,#,reference,candidates(datasheet-pin-table+rm-remap-grid:en)
CH32V407,afio-usart4-remap,PCFR2,PCFR2:16;PCFR2:17,3,USART4,CTS,USART4_CTS,PB8,B,8,#,reference,candidates(datasheet-pin-table+rm-remap-grid:en)
CH32V407,afio-usart4-remap,PCFR2,PCFR2:16;PCFR2:17,3,USART4,RTS,USART4_RTS,PB9,B,9,#,reference,candidates(datasheet-pin-table+rm-remap-grid:en)
CH32V407,afio-usart4-remap,PCFR2,PCFR2:16;PCFR2:17,3,USART4,RX,USART4_RX,PE1,E,1,#,reference,candidates(datasheet-pin-table+rm-remap-grid:en)
CH32V407,afio-usart4-remap,PCFR2,PCFR2:16;PCFR2:17,3,USART4,TX,USART4_TX,PE0,E,0,#,reference,candidates(datasheet-pin-table+rm-remap-grid:en)
CH32V407,afio-usart5-remap,PCFR2,PCFR2:18;PCFR2:19,0,USART5,CK,USART5_CK,PB5,B,5,#,reference,candidates(datasheet-pin-table-default:en)
CH32V407,afio-usart5-remap,PCFR2,PCFR2:18;PCFR2:19,0,USART5,CTS,USART5_CTS,PB3,B,3,#,reference,candidates(datasheet-pin-table-default:en)
CH32V407,afio-usart5-remap,PCFR2,PCFR2:18;PCFR2:19,0,USART5,RTS,USART5_RTS,PB4,B,4,#,reference,candidates(datasheet-pin-table-default:en)
CH32V407,afio-usart5-remap,PCFR2,PCFR2:18;PCFR2:19,0,USART5,RX,USART5_RX,PD2,D,2,#,reference,candidates(datasheet-pin-table-default:en)
CH32V407,afio-usart5-remap,PCFR2,PCFR2:18;PCFR2:19,0,USART5,TX,USART5_TX,PC12,C,12,#,reference,candidates(datasheet-pin-table-default:en)
CH32V407,afio-usart5-remap,PCFR2,PCFR2:18;PCFR2:19,1,USART5,CK,USART5_CK,PB3,B,3,#,reference,candidates(datasheet-pin-table+rm-remap-grid:en)
CH32V407,afio-usart5-remap,PCFR2,PCFR2:18;PCFR2:19,1,USART5,CTS,USART5_CTS,PB8,B,8,#,reference,candidates(datasheet-pin-table+rm-remap-grid:en)
CH32V407,afio-usart5-remap,PCFR2,PCFR2:18;PCFR2:19,1,USART5,RTS,USART5_RTS,PB9,B,9,#,reference,candidates(datasheet-pin-table+rm-remap-grid:en)
CH32V407,afio-usart5-remap,PCFR2,PCFR2:18;PCFR2:19,1,USART5,RX,USART5_RX,PB5,B,5,#,reference,candidates(datasheet-pin-table+rm-remap-grid:en)
CH32V407,afio-usart5-remap,PCFR2,PCFR2:18;PCFR2:19,1,USART5,TX,USART5_TX,PB4,B,4,#,reference,candidates(datasheet-pin-table+rm-remap-grid:en)
CH32V407,afio-usart5-remap,PCFR2,PCFR2:18;PCFR2:19,2,USART5,CK,USART5_CK,PB2,B,2,#,reference,candidates(datasheet-pin-table+rm-remap-grid:en)
CH32V407,afio-usart5-remap,PCFR2,PCFR2:18;PCFR2:19,2,USART5,CTS,USART5_CTS,PB0,B,0,#,reference,candidates(datasheet-pin-table+rm-remap-grid:en)
CH32V407,afio-usart5-remap,PCFR2,PCFR2:18;PCFR2:19,2,USART5,RTS,USART5_RTS,PB1,B,1,#,reference,candidates(datasheet-pin-table+rm-remap-grid:en)
CH32V407,afio-usart5-remap,PCFR2,PCFR2:18;PCFR2:19,2,USART5,RX,USART5_RX,PE9,E,9,#,reference,candidates(datasheet-pin-table+rm-remap-grid:en)
CH32V407,afio-usart5-remap,PCFR2,PCFR2:18;PCFR2:19,2,USART5,TX,USART5_TX,PE8,E,8,#,reference,candidates(datasheet-pin-table+rm-remap-grid:en)
CH32V407,afio-usart5-remap,PCFR2,PCFR2:18;PCFR2:19,3,USART5,CK,USART5_CK,PB2,B,2,#,reference,candidates(datasheet-pin-table+rm-remap-grid:en)
CH32V407,afio-usart5-remap,PCFR2,PCFR2:18;PCFR2:19,3,USART5,CTS,USART5_CTS,PB0,B,0,#,reference,candidates(datasheet-pin-table+rm-remap-grid:en)
CH32V407,afio-usart5-remap,PCFR2,PCFR2:18;PCFR2:19,3,USART5,RTS,USART5_RTS,PB1,B,1,#,reference,candidates(datasheet-pin-table+rm-remap-grid:en)
CH32V407,afio-usart5-remap,PCFR2,PCFR2:18;PCFR2:19,3,USART5,RX,USART5_RX,PE9,E,9,#,reference,candidates(datasheet-pin-table+rm-remap-grid:en)
CH32V407,afio-usart5-remap,PCFR2,PCFR2:18;PCFR2:19,3,USART5,TX,USART5_TX,PE8,E,8,#,reference,candidates(datasheet-pin-table+rm-remap-grid:en)
CH32V407,afio-usart6-remap,PCFR2,PCFR2:20;PCFR2:21,0,USART6,CK,USART6_CK,PB0,B,0,#,reference,candidates(datasheet-pin-table-default:en)
CH32V407,afio-usart6-remap,PCFR2,PCFR2:20;PCFR2:21,0,USART6,CTS,USART6_CTS,PC2,C,2,#,reference,candidates(datasheet-pin-table-default:en)
CH32V407,afio-usart6-remap,PCFR2,PCFR2:20;PCFR2:21,0,USART6,RTS,USART6_RTS,PC3,C,3,#,reference,candidates(datasheet-pin-table-default:en)
CH32V407,afio-usart6-remap,PCFR2,PCFR2:20;PCFR2:21,0,USART6,RX,USART6_RX,PC1,C,1,#,reference,candidates(datasheet-pin-table-default:en)
CH32V407,afio-usart6-remap,PCFR2,PCFR2:20;PCFR2:21,0,USART6,TX,USART6_TX,PC0,C,0,#,reference,candidates(datasheet-pin-table-default:en)
CH32V407,afio-usart6-remap,PCFR2,PCFR2:20;PCFR2:21,1,USART6,CK,USART6_CK,PB5,B,5,#,reference,candidates(datasheet-pin-table+rm-remap-grid:en)
CH32V407,afio-usart6-remap,PCFR2,PCFR2:20;PCFR2:21,1,USART6,CTS,USART6_CTS,PE0,E,0,#,reference,candidates(datasheet-pin-table+rm-remap-grid:en)
CH32V407,afio-usart6-remap,PCFR2,PCFR2:20;PCFR2:21,1,USART6,RTS,USART6_RTS,PE1,E,1,#,reference,candidates(datasheet-pin-table+rm-remap-grid:en)
CH32V407,afio-usart6-remap,PCFR2,PCFR2:20;PCFR2:21,1,USART6,RX,USART6_RX,PB9,B,9,#,reference,candidates(datasheet-pin-table+rm-remap-grid:en)
CH32V407,afio-usart6-remap,PCFR2,PCFR2:20;PCFR2:21,1,USART6,TX,USART6_TX,PB8,B,8,#,reference,candidates(datasheet-pin-table+rm-remap-grid:en)
CH32V407,afio-usart6-remap,PCFR2,PCFR2:20;PCFR2:21,2,USART6,CK,USART6_CK,PA13,A,13,#,reference,candidates(datasheet-pin-table+rm-remap-grid:en)
CH32V407,afio-usart6-remap,PCFR2,PCFR2:20;PCFR2:21,2,USART6,CTS,USART6_CTS,PA14,A,14,#,reference,candidates(datasheet-pin-table+rm-remap-grid:en)
CH32V407,afio-usart6-remap,PCFR2,PCFR2:20;PCFR2:21,2,USART6,RTS,USART6_RTS,PA15,A,15,#,reference,candidates(datasheet-pin-table+rm-remap-grid:en)
CH32V407,afio-usart6-remap,PCFR2,PCFR2:20;PCFR2:21,2,USART6,RX,USART6_RX,PE11,E,11,#,reference,candidates(datasheet-pin-table+rm-remap-grid:en)
CH32V407,afio-usart6-remap,PCFR2,PCFR2:20;PCFR2:21,2,USART6,TX,USART6_TX,PE10,E,10,#,reference,candidates(datasheet-pin-table+rm-remap-grid:en)
CH32V407,afio-usart6-remap,PCFR2,PCFR2:20;PCFR2:21,3,USART6,CK,USART6_CK,PA5,A,5,#,reference,candidates(datasheet-pin-table+rm-remap-grid:en)
CH32V407,afio-usart6-remap,PCFR2,PCFR2:20;PCFR2:21,3,USART6,CTS,USART6_CTS,PC2,C,2,#,reference,candidates(datasheet-pin-table+rm-remap-grid:en)
CH32V407,afio-usart6-remap,PCFR2,PCFR2:20;PCFR2:21,3,USART6,RTS,USART6_RTS,PC3,C,3,#,reference,candidates(datasheet-pin-table+rm-remap-grid:en)
CH32V407,afio-usart6-remap,PCFR2,PCFR2:20;PCFR2:21,3,USART6,RX,USART6_RX,PC1,C,1,#,reference,candidates(datasheet-pin-table+rm-remap-grid:en)
CH32V407,afio-usart6-remap,PCFR2,PCFR2:20;PCFR2:21,3,USART6,TX,USART6_TX,PC0,C,0,#,reference,candidates(datasheet-pin-table+rm-remap-grid:en)
CH32V407,afio-usart7-remap,PCFR2,PCFR2:22;PCFR2:23,0,USART7,CK,USART7_CK,PC1,C,1,#,reference,candidates(datasheet-pin-table-default:en)
CH32V407,afio-usart7-remap,PCFR2,PCFR2:22;PCFR2:23,0,USART7,CTS,USART7_CTS,PC4,C,4,#,reference,candidates(datasheet-pin-table-default:en)
CH32V407,afio-usart7-remap,PCFR2,PCFR2:22;PCFR2:23,0,USART7,RTS,USART7_RTS,PC5,C,5,#,reference,candidates(datasheet-pin-table-default:en)
CH32V407,afio-usart7-remap,PCFR2,PCFR2:22;PCFR2:23,0,USART7,RX,USART7_RX,PC3,C,3,#,reference,candidates(datasheet-pin-table-default:en)
CH32V407,afio-usart7-remap,PCFR2,PCFR2:22;PCFR2:23,0,USART7,TX,USART7_TX,PC2,C,2,#,reference,candidates(datasheet-pin-table-default:en)
CH32V407,afio-usart7-remap,PCFR2,PCFR2:22;PCFR2:23,1,USART7,CK,USART7_CK,PB0,B,0,#,reference,candidates(datasheet-pin-table+rm-remap-grid:en)
CH32V407,afio-usart7-remap,PCFR2,PCFR2:22;PCFR2:23,1,USART7,CTS,USART7_CTS,PC4,C,4,#,reference,candidates(datasheet-pin-table+rm-remap-grid:en)
CH32V407,afio-usart7-remap,PCFR2,PCFR2:22;PCFR2:23,1,USART7,RTS,USART7_RTS,PC5,C,5,#,reference,candidates(datasheet-pin-table+rm-remap-grid:en)
CH32V407,afio-usart7-remap,PCFR2,PCFR2:22;PCFR2:23,1,USART7,RX,USART7_RX,PA7,A,7,#,reference,candidates(datasheet-pin-table+rm-remap-grid:en)
CH32V407,afio-usart7-remap,PCFR2,PCFR2:22;PCFR2:23,1,USART7,TX,USART7_TX,PA6,A,6,#,reference,candidates(datasheet-pin-table+rm-remap-grid:en)
CH32V407,afio-usart7-remap,PCFR2,PCFR2:22;PCFR2:23,2,USART7,CK,USART7_CK,PA8,A,8,#,reference,candidates(datasheet-pin-table+rm-remap-grid:en)
CH32V407,afio-usart7-remap,PCFR2,PCFR2:22;PCFR2:23,2,USART7,CTS,USART7_CTS,PB6,B,6,#,reference,candidates(datasheet-pin-table+rm-remap-grid:en)
CH32V407,afio-usart7-remap,PCFR2,PCFR2:22;PCFR2:23,2,USART7,RTS,USART7_RTS,PB7,B,7,#,reference,candidates(datasheet-pin-table+rm-remap-grid:en)
CH32V407,afio-usart7-remap,PCFR2,PCFR2:22;PCFR2:23,2,USART7,RX,USART7_RX,PA10,A,10,#,reference,candidates(datasheet-pin-table+rm-remap-grid:en)
CH32V407,afio-usart7-remap,PCFR2,PCFR2:22;PCFR2:23,2,USART7,TX,USART7_TX,PA9,A,9,#,reference,candidates(datasheet-pin-table+rm-remap-grid:en)
CH32V407,afio-usart7-remap,PCFR2,PCFR2:22;PCFR2:23,3,USART7,CK,USART7_CK,PA8,A,8,#,reference,candidates(datasheet-pin-table+rm-remap-grid:en)
CH32V407,afio-usart7-remap,PCFR2,PCFR2:22;PCFR2:23,3,USART7,CTS,USART7_CTS,PC8,C,8,#,reference,candidates(datasheet-pin-table+rm-remap-grid:en)
CH32V407,afio-usart7-remap,PCFR2,PCFR2:22;PCFR2:23,3,USART7,RTS,USART7_RTS,PC9,C,9,#,reference,candidates(datasheet-pin-table+rm-remap-grid:en)
CH32V407,afio-usart7-remap,PCFR2,PCFR2:22;PCFR2:23,3,USART7,RX,USART7_RX,PA10,A,10,#,reference,candidates(datasheet-pin-table+rm-remap-grid:en)
CH32V407,afio-usart7-remap,PCFR2,PCFR2:22;PCFR2:23,3,USART7,TX,USART7_TX,PA9,A,9,#,reference,candidates(datasheet-pin-table+rm-remap-grid:en)
CH32V407,afio-usart8-remap,PCFR2,PCFR2:24;PCFR2:25,0,USART8,CK,USART8_CK,PA7,A,7,#,reference,candidates(datasheet-pin-table-default:en)
CH32V407,afio-usart8-remap,PCFR2,PCFR2:24;PCFR2:25,0,USART8,CTS,USART8_CTS,PB0,B,0,#,reference,candidates(datasheet-pin-table-default:en)
CH32V407,afio-usart8-remap,PCFR2,PCFR2:24;PCFR2:25,0,USART8,RTS,USART8_RTS,PB1,B,1,#,reference,candidates(datasheet-pin-table-default:en)
CH32V407,afio-usart8-remap,PCFR2,PCFR2:24;PCFR2:25,0,USART8,RX,USART8_RX,PC5,C,5,#,reference,candidates(datasheet-pin-table-default:en)
CH32V407,afio-usart8-remap,PCFR2,PCFR2:24;PCFR2:25,0,USART8,TX,USART8_TX,PC4,C,4,#,reference,candidates(datasheet-pin-table-default:en)
CH32V407,afio-usart8-remap,PCFR2,PCFR2:24;PCFR2:25,1,USART8,CK,USART8_CK,PB15,B,15,#,reference,candidates(datasheet-pin-table+rm-remap-grid:en)
CH32V407,afio-usart8-remap,PCFR2,PCFR2:24;PCFR2:25,1,USART8,CTS,USART8_CTS,PE10,E,10,#,reference,candidates(datasheet-pin-table+rm-remap-grid:en)
CH32V407,afio-usart8-remap,PCFR2,PCFR2:24;PCFR2:25,1,USART8,RTS,USART8_RTS,PE11,E,11,#,reference,candidates(datasheet-pin-table+rm-remap-grid:en)
CH32V407,afio-usart8-remap,PCFR2,PCFR2:24;PCFR2:25,1,USART8,RX,USART8_RX,PA15,A,15,#,reference,candidates(datasheet-pin-table+rm-remap-grid:en)
CH32V407,afio-usart8-remap,PCFR2,PCFR2:24;PCFR2:25,1,USART8,TX,USART8_TX,PA14,A,14,#,reference,candidates(datasheet-pin-table+rm-remap-grid:en)
CH32V407,afio-usart8-remap,PCFR2,PCFR2:24;PCFR2:25,2,USART8,CK,USART8_CK,PB11,B,11,#,reference,candidates(datasheet-pin-table+rm-remap-grid:en)
CH32V407,afio-usart8-remap,PCFR2,PCFR2:24;PCFR2:25,2,USART8,CTS,USART8_CTS,PB13,B,13,#,reference,candidates(datasheet-pin-table+rm-remap-grid:en)
CH32V407,afio-usart8-remap,PCFR2,PCFR2:24;PCFR2:25,2,USART8,RTS,USART8_RTS,PB12,B,12,#,reference,candidates(datasheet-pin-table+rm-remap-grid:en)
CH32V407,afio-usart8-remap,PCFR2,PCFR2:24;PCFR2:25,2,USART8,RX,USART8_RX,PB14,B,14,#,reference,candidates(datasheet-pin-table+rm-remap-grid:en)
CH32V407,afio-usart8-remap,PCFR2,PCFR2:24;PCFR2:25,2,USART8,TX,USART8_TX,PB15,B,15,#,reference,candidates(datasheet-pin-table+rm-remap-grid:en)
CH32V407,afio-usart8-remap,PCFR2,PCFR2:24;PCFR2:25,3,USART8,CK,USART8_CK,PB11,B,11,#,reference,candidates(datasheet-pin-table+rm-remap-grid:en)
CH32V407,afio-usart8-remap,PCFR2,PCFR2:24;PCFR2:25,3,USART8,CTS,USART8_CTS,PB13,B,13,#,reference,candidates(datasheet-pin-table+rm-remap-grid:en)
CH32V407,afio-usart8-remap,PCFR2,PCFR2:24;PCFR2:25,3,USART8,RTS,USART8_RTS,PB12,B,12,#,reference,candidates(datasheet-pin-table+rm-remap-grid:en)
CH32V407,afio-usart8-remap,PCFR2,PCFR2:24;PCFR2:25,3,USART8,RX,USART8_RX,PB14,B,14,#,reference,candidates(datasheet-pin-table+rm-remap-grid:en)
CH32V407,afio-usart8-remap,PCFR2,PCFR2:24;PCFR2:25,3,USART8,TX,USART8_TX,PB15,B,15,#,reference,candidates(datasheet-pin-table+rm-remap-grid:en)
CH32V407,afio-usart9-remap,PCFR2,PCFR2:28;PCFR2:29,0,USART9,CK,USART9_CK,PD8,D,8,#,reference,candidates(datasheet-pin-table-default:en)
CH32V407,afio-usart9-remap,PCFR2,PCFR2:28;PCFR2:29,0,USART9,CTS,USART9_CTS,PE8,E,8,#,reference,candidates(datasheet-pin-table-default:en)
CH32V407,afio-usart9-remap,PCFR2,PCFR2:28;PCFR2:29,0,USART9,RTS,USART9_RTS,PE9,E,9,#,reference,candidates(datasheet-pin-table-default:en)
CH32V407,afio-usart9-remap,PCFR2,PCFR2:28;PCFR2:29,0,USART9,RX,USART9_RX,PB2,B,2,#,reference,candidates(datasheet-pin-table-default:en)
CH32V407,afio-usart9-remap,PCFR2,PCFR2:28;PCFR2:29,0,USART9,TX,USART9_TX,PB1,B,1,#,reference,candidates(datasheet-pin-table-default:en)
CH32V407,afio-usart9-remap,PCFR2,PCFR2:28;PCFR2:29,1,USART9,CK,USART9_CK,PD8,D,8,#,reference,candidates(datasheet-pin-table+rm-remap-grid:en)
CH32V407,afio-usart9-remap,PCFR2,PCFR2:28;PCFR2:29,1,USART9,CTS,USART9_CTS,PE8,E,8,#,reference,candidates(datasheet-pin-table+rm-remap-grid:en)
CH32V407,afio-usart9-remap,PCFR2,PCFR2:28;PCFR2:29,1,USART9,RTS,USART9_RTS,PE9,E,9,#,reference,candidates(datasheet-pin-table+rm-remap-grid:en)
CH32V407,afio-usart9-remap,PCFR2,PCFR2:28;PCFR2:29,1,USART9,RX,USART9_RX,PA5,A,5,#,reference,candidates(datasheet-pin-table+rm-remap-grid:en)
CH32V407,afio-usart9-remap,PCFR2,PCFR2:28;PCFR2:29,1,USART9,TX,USART9_TX,PA4,A,4,#,reference,candidates(datasheet-pin-table+rm-remap-grid:en)
CH32V407,afio-usart9-remap,PCFR2,PCFR2:28;PCFR2:29,2,USART9,CK,USART9_CK,PE2,E,2,#,reference,candidates(datasheet-pin-table+rm-remap-grid:en)
CH32V407,afio-usart9-remap,PCFR2,PCFR2:28;PCFR2:29,2,USART9,CTS,USART9_CTS,PE5,E,5,#,reference,candidates(datasheet-pin-table+rm-remap-grid:en)
CH32V407,afio-usart9-remap,PCFR2,PCFR2:28;PCFR2:29,2,USART9,RTS,USART9_RTS,PE6,E,6,#,reference,candidates(datasheet-pin-table+rm-remap-grid:en)
CH32V407,afio-usart9-remap,PCFR2,PCFR2:28;PCFR2:29,2,USART9,RX,USART9_RX,PE4,E,4,#,reference,candidates(datasheet-pin-table+rm-remap-grid:en)
CH32V407,afio-usart9-remap,PCFR2,PCFR2:28;PCFR2:29,2,USART9,TX,USART9_TX,PE3,E,3,#,reference,candidates(datasheet-pin-table+rm-remap-grid:en)
CH32V407,afio-usart9-remap,PCFR2,PCFR2:28;PCFR2:29,3,USART9,CK,USART9_CK,PE2,E,2,#,reference,candidates(datasheet-pin-table+rm-remap-grid:en)
CH32V407,afio-usart9-remap,PCFR2,PCFR2:28;PCFR2:29,3,USART9,CTS,USART9_CTS,PE5,E,5,#,reference,candidates(datasheet-pin-table+rm-remap-grid:en)
CH32V407,afio-usart9-remap,PCFR2,PCFR2:28;PCFR2:29,3,USART9,RTS,USART9_RTS,PE6,E,6,#,reference,candidates(datasheet-pin-table+rm-remap-grid:en)
CH32V407,afio-usart9-remap,PCFR2,PCFR2:28;PCFR2:29,3,USART9,RX,USART9_RX,PE4,E,4,#,reference,candidates(datasheet-pin-table+rm-remap-grid:en)
CH32V407,afio-usart9-remap,PCFR2,PCFR2:28;PCFR2:29,3,USART9,TX,USART9_TX,PE3,E,3,#,reference,candidates(datasheet-pin-table+rm-remap-grid:en)
CH32V467,afio-can-remap,PCFR1,PCFR1:13;PCFR1:14,0,CAN1,RX,CAN_RX,PA11,A,11,#,reference,candidates(datasheet-pin-table-default:en)
CH32V467,afio-can-remap,PCFR1,PCFR1:13;PCFR1:14,0,CAN1,TX,CAN_TX,PA12,A,12,#,reference,candidates(datasheet-pin-table-default:en)
CH32V467,afio-can-remap,PCFR1,PCFR1:13;PCFR1:14,2,CAN1,RX,CAN_RX,PB8,B,8,#,reference,candidates(datasheet-pin-table+rm-remap-grid:en)
CH32V467,afio-can-remap,PCFR1,PCFR1:13;PCFR1:14,2,CAN1,TX,CAN_TX,PB9,B,9,#,reference,candidates(datasheet-pin-table+rm-remap-grid:en)
CH32V467,afio-can-remap,PCFR1,PCFR1:13;PCFR1:14,3,CAN1,RX,CAN_RX,PD0,D,0,#,reference,candidates(datasheet-pin-table+rm-remap-grid:en)
CH32V467,afio-can-remap,PCFR1,PCFR1:13;PCFR1:14,3,CAN1,TX,CAN_TX,PD1,D,1,#,reference,candidates(datasheet-pin-table+rm-remap-grid:en)
CH32V467,afio-dvp-remap,PCFR2,PCFR2:13,0,DVP,D0,DVP_D0,PA9,A,9,#,reference,candidates(datasheet-pin-table-default:en)
CH32V467,afio-dvp-remap,PCFR2,PCFR2:13,0,DVP,D1,DVP_D1,PA10,A,10,#,reference,candidates(datasheet-pin-table-default:en)
CH32V467,afio-dvp-remap,PCFR2,PCFR2:13,0,DVP,D10,DVP_D10,PD6,D,6,#,reference,candidates(datasheet-pin-table-default:en)
CH32V467,afio-dvp-remap,PCFR2,PCFR2:13,0,DVP,D11,DVP_D11,PD2,D,2,#,reference,candidates(datasheet-pin-table-default:en)
CH32V467,afio-dvp-remap,PCFR2,PCFR2:13,0,DVP,D2,DVP_D2,PC8,C,8,#,reference,candidates(datasheet-pin-table-default:en)
CH32V467,afio-dvp-remap,PCFR2,PCFR2:13,0,DVP,D3,DVP_D3,PC9,C,9,#,reference,candidates(datasheet-pin-table-default:en)
CH32V467,afio-dvp-remap,PCFR2,PCFR2:13,0,DVP,D4,DVP_D4,PC11,C,11,#,reference,candidates(datasheet-pin-table-default:en)
CH32V467,afio-dvp-remap,PCFR2,PCFR2:13,0,DVP,D5,DVP_D5,PB3,B,3,#,reference,candidates(datasheet-pin-table-default:en)
CH32V467,afio-dvp-remap,PCFR2,PCFR2:13,0,DVP,D5,DVP_D5,PB6,B,6,#,reference,candidates(datasheet-pin-table-default:en)
CH32V467,afio-dvp-remap,PCFR2,PCFR2:13,0,DVP,D6,DVP_D6,PB8,B,8,#,reference,candidates(datasheet-pin-table-default:en)
CH32V467,afio-dvp-remap,PCFR2,PCFR2:13,0,DVP,D7,DVP_D7,PB9,B,9,#,reference,candidates(datasheet-pin-table-default:en)
CH32V467,afio-dvp-remap,PCFR2,PCFR2:13,0,DVP,D8,DVP_D8,PC10,C,10,#,reference,candidates(datasheet-pin-table-default:en)
CH32V467,afio-dvp-remap,PCFR2,PCFR2:13,0,DVP,D9,DVP_D9,PC12,C,12,#,reference,candidates(datasheet-pin-table-default:en)
CH32V467,afio-dvp-remap,PCFR2,PCFR2:13,0,DVP,HSYNC,DVP_HSYNC,PA4,A,4,#,reference,candidates(datasheet-pin-table-default:en)
CH32V467,afio-dvp-remap,PCFR2,PCFR2:13,0,DVP,PCLK,DVP_PCLK,PA6,A,6,#,reference,candidates(datasheet-pin-table-default:en)
CH32V467,afio-dvp-remap,PCFR2,PCFR2:13,0,DVP,VSYNC,DVP_VSYNC,PA5,A,5,#,reference,candidates(datasheet-pin-table-default:en)
CH32V467,afio-dvp-remap,PCFR2,PCFR2:13,1,DVP,D0,DVP_D0,PA9,A,9,#,reference,candidates(datasheet-pin-table+rm-remap-grid:en)
CH32V467,afio-dvp-remap,PCFR2,PCFR2:13,1,DVP,D1,DVP_D1,PA10,A,10,#,reference,candidates(datasheet-pin-table+rm-remap-grid:en)
CH32V467,afio-dvp-remap,PCFR2,PCFR2:13,1,DVP,D10,DVP_D10,PB5,B,5,#,reference,candidates(datasheet-pin-table+rm-remap-grid:en)
CH32V467,afio-dvp-remap,PCFR2,PCFR2:13,1,DVP,D11,DVP_D11,PD2,D,2,#,reference,candidates(datasheet-pin-table+rm-remap-grid:en)
CH32V467,afio-dvp-remap,PCFR2,PCFR2:13,1,DVP,D2,DVP_D2,PA8,A,8,#,reference,candidates(datasheet-pin-table+rm-remap-grid:en)
CH32V467,afio-dvp-remap,PCFR2,PCFR2:13,1,DVP,D3,DVP_D3,PB4,B,4,#,reference,candidates(datasheet-pin-table+rm-remap-grid:en)
CH32V467,afio-dvp-remap,PCFR2,PCFR2:13,1,DVP,D4,DVP_D4,PC11,C,11,#,reference,candidates(datasheet-pin-table+rm-remap-grid:en)
CH32V467,afio-dvp-remap,PCFR2,PCFR2:13,1,DVP,D5,DVP_D5,PB3,B,3,#,reference,candidates(datasheet-pin-table+rm-remap-grid:en)
CH32V467,afio-dvp-remap,PCFR2,PCFR2:13,1,DVP,D6,DVP_D6,PB8,B,8,#,reference,candidates(datasheet-pin-table+rm-remap-grid:en)
CH32V467,afio-dvp-remap,PCFR2,PCFR2:13,1,DVP,D7,DVP_D7,PB9,B,9,#,reference,candidates(datasheet-pin-table+rm-remap-grid:en)
CH32V467,afio-dvp-remap,PCFR2,PCFR2:13,1,DVP,D8,DVP_D8,PC10,C,10,#,reference,candidates(datasheet-pin-table+rm-remap-grid:en)
CH32V467,afio-dvp-remap,PCFR2,PCFR2:13,1,DVP,D9,DVP_D9,PC12,C,12,#,reference,candidates(datasheet-pin-table+rm-remap-grid:en)
CH32V467,afio-dvp-remap,PCFR2,PCFR2:13,1,DVP,HSYNC,DVP_HSYNC,PA4,A,4,#,reference,candidates(datasheet-pin-table+rm-remap-grid:en)
CH32V467,afio-dvp-remap,PCFR2,PCFR2:13,1,DVP,PCLK,DVP_PCLK,PA6,A,6,#,reference,candidates(datasheet-pin-table+rm-remap-grid:en)
CH32V467,afio-dvp-remap,PCFR2,PCFR2:13,1,DVP,VSYNC,DVP_VSYNC,PA5,A,5,#,reference,candidates(datasheet-pin-table+rm-remap-grid:en)
CH32V467,afio-ethphy-led-remap,PCFR1,PCFR1:31,0,ETH,LED0,LED0,PE8,E,8,#,reference,candidates(datasheet-pin-table-default:en)
CH32V467,afio-ethphy-led-remap,PCFR1,PCFR1:31,0,ETH,LED1,LED1,PE9,E,9,#,reference,candidates(datasheet-pin-table-default:en)
CH32V467,afio-ethphy-led-remap,PCFR1,PCFR1:31,1,ETH,LED0,LED0,PD14,D,14,#,reference,candidates(datasheet-pin-table+rm-remap-grid:en)
CH32V467,afio-ethphy-led-remap,PCFR1,PCFR1:31,1,ETH,LED1,LED1,PD15,D,15,#,reference,candidates(datasheet-pin-table+rm-remap-grid:en)
CH32V467,afio-fsmc-remap,PCFR2,PCFR2:0,0,FSMC,A16,FSMC_A16,PD11,D,11,#,reference,candidates(datasheet-pin-table-default:en)
CH32V467,afio-fsmc-remap,PCFR2,PCFR2:0,0,FSMC,A17,FSMC_A17,PD12,D,12,#,reference,candidates(datasheet-pin-table-default:en)
CH32V467,afio-fsmc-remap,PCFR2,PCFR2:0,0,FSMC,A18,FSMC_A18,PD13,D,13,#,reference,candidates(datasheet-pin-table-default:en)
CH32V467,afio-fsmc-remap,PCFR2,PCFR2:0,0,FSMC,A19,FSMC_A19,PE3,E,3,#,reference,candidates(datasheet-pin-table-default:en)
CH32V467,afio-fsmc-remap,PCFR2,PCFR2:0,0,FSMC,A20,FSMC_A20,PE4,E,4,#,reference,candidates(datasheet-pin-table-default:en)
CH32V467,afio-fsmc-remap,PCFR2,PCFR2:0,0,FSMC,A21,FSMC_A21,PE5,E,5,#,reference,candidates(datasheet-pin-table-default:en)
CH32V467,afio-fsmc-remap,PCFR2,PCFR2:0,0,FSMC,A22,FSMC_A22,PE6,E,6,#,reference,candidates(datasheet-pin-table-default:en)
CH32V467,afio-fsmc-remap,PCFR2,PCFR2:0,0,FSMC,A23,FSMC_A23,PE2,E,2,#,reference,candidates(datasheet-pin-table-default:en)
CH32V467,afio-fsmc-remap,PCFR2,PCFR2:0,0,FSMC,CLK,FSMC_CLK,PD3,D,3,#,reference,candidates(datasheet-pin-table-default:en)
CH32V467,afio-fsmc-remap,PCFR2,PCFR2:0,0,FSMC,D0,FSMC_D0,PD14,D,14,#,reference,candidates(datasheet-pin-table-default:en)
CH32V467,afio-fsmc-remap,PCFR2,PCFR2:0,0,FSMC,D1,FSMC_D1,PD15,D,15,#,reference,candidates(datasheet-pin-table-default:en)
CH32V467,afio-fsmc-remap,PCFR2,PCFR2:0,0,FSMC,D10,FSMC_D10,PB12,B,12,#,reference,candidates(datasheet-pin-table-default:en)
CH32V467,afio-fsmc-remap,PCFR2,PCFR2:0,0,FSMC,D11,FSMC_D11,PB13,B,13,#,reference,candidates(datasheet-pin-table-default:en)
CH32V467,afio-fsmc-remap,PCFR2,PCFR2:0,0,FSMC,D12,FSMC_D12,PB14,B,14,#,reference,candidates(datasheet-pin-table-default:en)
CH32V467,afio-fsmc-remap,PCFR2,PCFR2:0,0,FSMC,D13,FSMC_D13,PD8,D,8,#,reference,candidates(datasheet-pin-table-default:en)
CH32V467,afio-fsmc-remap,PCFR2,PCFR2:0,0,FSMC,D14,FSMC_D14,PD9,D,9,#,reference,candidates(datasheet-pin-table-default:en)
CH32V467,afio-fsmc-remap,PCFR2,PCFR2:0,0,FSMC,D15,FSMC_D15,PD10,D,10,#,reference,candidates(datasheet-pin-table-default:en)
CH32V467,afio-fsmc-remap,PCFR2,PCFR2:0,0,FSMC,D2,FSMC_D2,PD0,D,0,#,reference,candidates(datasheet-pin-table-default:en)
CH32V467,afio-fsmc-remap,PCFR2,PCFR2:0,0,FSMC,D3,FSMC_D3,PD1,D,1,#,reference,candidates(datasheet-pin-table-default:en)
CH32V467,afio-fsmc-remap,PCFR2,PCFR2:0,0,FSMC,D5,FSMC_D5,PE8,E,8,#,reference,candidates(datasheet-pin-table-default:en)
CH32V467,afio-fsmc-remap,PCFR2,PCFR2:0,0,FSMC,D6,FSMC_D6,PE9,E,9,#,reference,candidates(datasheet-pin-table-default:en)
CH32V467,afio-fsmc-remap,PCFR2,PCFR2:0,0,FSMC,D7,FSMC_D7,PE10,E,10,#,reference,candidates(datasheet-pin-table-default:en)
CH32V467,afio-fsmc-remap,PCFR2,PCFR2:0,0,FSMC,D8,FSMC_D8,PE11,E,11,#,reference,candidates(datasheet-pin-table-default:en)
CH32V467,afio-fsmc-remap,PCFR2,PCFR2:0,0,FSMC,D9,FSMC_D9,PB11,B,11,#,reference,candidates(datasheet-pin-table-default:en)
CH32V467,afio-fsmc-remap,PCFR2,PCFR2:0,0,FSMC,NADV,FSMC_NADV,PB7,B,7,#,reference,candidates(datasheet-pin-table-default:en)
CH32V467,afio-fsmc-remap,PCFR2,PCFR2:0,0,FSMC,NADV,FSMC_NADV,PD2,D,2,#,reference,candidates(datasheet-pin-table-default:en)
CH32V467,afio-fsmc-remap,PCFR2,PCFR2:0,0,FSMC,NBL0,FSMC_NBL0,PE0,E,0,#,reference,candidates(datasheet-pin-table-default:en)
CH32V467,afio-fsmc-remap,PCFR2,PCFR2:0,0,FSMC,NBL1,FSMC_NBL1,PE1,E,1,#,reference,candidates(datasheet-pin-table-default:en)
CH32V467,afio-fsmc-remap,PCFR2,PCFR2:0,0,FSMC,NCE2,FSMC_NCE2,PD7,D,7,#,reference,candidates(datasheet-pin-table-default:en)
CH32V467,afio-fsmc-remap,PCFR2,PCFR2:0,0,FSMC,NE1,FSMC_NE1,PD7,D,7,#,reference,candidates(datasheet-pin-table-default:en)
CH32V467,afio-fsmc-remap,PCFR2,PCFR2:0,0,FSMC,NOE,FSMC_NOE,PD4,D,4,#,reference,candidates(datasheet-pin-table-default:en)
CH32V467,afio-fsmc-remap,PCFR2,PCFR2:0,0,FSMC,NWAIT,FSMC_NWAIT,PD6,D,6,#,reference,candidates(datasheet-pin-table-default:en)
CH32V467,afio-fsmc-remap,PCFR2,PCFR2:0,0,FSMC,NWE,FSMC_NWE,PD5,D,5,#,reference,candidates(datasheet-pin-table-default:en)
CH32V467,afio-fsmc-remap,PCFR2,PCFR2:0,1,FSMC,A16,FSMC_A16,PD11,D,11,#,reference,candidates(datasheet-pin-table+rm-remap-grid:en)
CH32V467,afio-fsmc-remap,PCFR2,PCFR2:0,1,FSMC,A17,FSMC_A17,PD12,D,12,#,reference,candidates(datasheet-pin-table+rm-remap-grid:en)
CH32V467,afio-fsmc-remap,PCFR2,PCFR2:0,1,FSMC,A18,FSMC_A18,PD13,D,13,#,reference,candidates(datasheet-pin-table+rm-remap-grid:en)
CH32V467,afio-fsmc-remap,PCFR2,PCFR2:0,1,FSMC,A19,FSMC_A19,PE3,E,3,#,reference,candidates(datasheet-pin-table+rm-remap-grid:en)
CH32V467,afio-fsmc-remap,PCFR2,PCFR2:0,1,FSMC,A20,FSMC_A20,PE4,E,4,#,reference,candidates(datasheet-pin-table+rm-remap-grid:en)
CH32V467,afio-fsmc-remap,PCFR2,PCFR2:0,1,FSMC,A21,FSMC_A21,PE5,E,5,#,reference,candidates(datasheet-pin-table+rm-remap-grid:en)
CH32V467,afio-fsmc-remap,PCFR2,PCFR2:0,1,FSMC,A22,FSMC_A22,PE6,E,6,#,reference,candidates(datasheet-pin-table+rm-remap-grid:en)
CH32V467,afio-fsmc-remap,PCFR2,PCFR2:0,1,FSMC,A23,FSMC_A23,PE2,E,2,#,reference,candidates(datasheet-pin-table+rm-remap-grid:en)
CH32V467,afio-fsmc-remap,PCFR2,PCFR2:0,1,FSMC,CLK,FSMC_CLK,PD3,D,3,#,reference,candidates(datasheet-pin-table+rm-remap-grid:en)
CH32V467,afio-fsmc-remap,PCFR2,PCFR2:0,1,FSMC,D0,FSMC_D0,PD14,D,14,#,reference,candidates(datasheet-pin-table+rm-remap-grid:en)
CH32V467,afio-fsmc-remap,PCFR2,PCFR2:0,1,FSMC,D10,FSMC_D10,PB12,B,12,#,reference,candidates(datasheet-pin-table+rm-remap-grid:en)
CH32V467,afio-fsmc-remap,PCFR2,PCFR2:0,1,FSMC,D11,FSMC_D11,PB13,B,13,#,reference,candidates(datasheet-pin-table+rm-remap-grid:en)
CH32V467,afio-fsmc-remap,PCFR2,PCFR2:0,1,FSMC,D12,FSMC_D12,PB14,B,14,#,reference,candidates(datasheet-pin-table+rm-remap-grid:en)
CH32V467,afio-fsmc-remap,PCFR2,PCFR2:0,1,FSMC,D13,FSMC_D13,PD8,D,8,#,reference,candidates(datasheet-pin-table+rm-remap-grid:en)
CH32V467,afio-fsmc-remap,PCFR2,PCFR2:0,1,FSMC,D14,FSMC_D14,PD9,D,9,#,reference,candidates(datasheet-pin-table+rm-remap-grid:en)
CH32V467,afio-fsmc-remap,PCFR2,PCFR2:0,1,FSMC,D15,FSMC_D15,PD10,D,10,#,reference,candidates(datasheet-pin-table+rm-remap-grid:en)
CH32V467,afio-fsmc-remap,PCFR2,PCFR2:0,1,FSMC,D2,FSMC_D2,PD0,D,0,#,reference,candidates(datasheet-pin-table+rm-remap-grid:en)
CH32V467,afio-fsmc-remap,PCFR2,PCFR2:0,1,FSMC,D3,FSMC_D3,PD1,D,1,#,reference,candidates(datasheet-pin-table+rm-remap-grid:en)
CH32V467,afio-fsmc-remap,PCFR2,PCFR2:0,1,FSMC,D4,FSMC_D4,PC4,C,4,#,reference,candidates(datasheet-pin-table+rm-remap-grid:en)
CH32V467,afio-fsmc-remap,PCFR2,PCFR2:0,1,FSMC,D5,FSMC_D5,PE8,E,8,#,reference,candidates(datasheet-pin-table+rm-remap-grid:en)
CH32V467,afio-fsmc-remap,PCFR2,PCFR2:0,1,FSMC,D6,FSMC_D6,PE9,E,9,#,reference,candidates(datasheet-pin-table+rm-remap-grid:en)
CH32V467,afio-fsmc-remap,PCFR2,PCFR2:0,1,FSMC,D7,FSMC_D7,PE10,E,10,#,reference,candidates(datasheet-pin-table+rm-remap-grid:en)
CH32V467,afio-fsmc-remap,PCFR2,PCFR2:0,1,FSMC,D8,FSMC_D8,PE11,E,11,#,reference,candidates(datasheet-pin-table+rm-remap-grid:en)
CH32V467,afio-fsmc-remap,PCFR2,PCFR2:0,1,FSMC,D9,FSMC_D9,PB11,B,11,#,reference,candidates(datasheet-pin-table+rm-remap-grid:en)
CH32V467,afio-fsmc-remap,PCFR2,PCFR2:0,1,FSMC,NADV,FSMC_NADV,PB7,B,7,#,reference,candidates(datasheet-pin-table+rm-remap-grid:en)
CH32V467,afio-fsmc-remap,PCFR2,PCFR2:0,1,FSMC,NBL0,FSMC_NBL0,PE0,E,0,#,reference,candidates(datasheet-pin-table+rm-remap-grid:en)
CH32V467,afio-fsmc-remap,PCFR2,PCFR2:0,1,FSMC,NBL1,FSMC_NBL1,PE1,E,1,#,reference,candidates(datasheet-pin-table+rm-remap-grid:en)
CH32V467,afio-fsmc-remap,PCFR2,PCFR2:0,1,FSMC,NCE2,FSMC_NCE2,PD7,D,7,#,reference,candidates(datasheet-pin-table+rm-remap-grid:en)
CH32V467,afio-fsmc-remap,PCFR2,PCFR2:0,1,FSMC,NE1,FSMC_NE1,PD7,D,7,#,reference,candidates(datasheet-pin-table+rm-remap-grid:en)
CH32V467,afio-fsmc-remap,PCFR2,PCFR2:0,1,FSMC,NOE,FSMC_NOE,PD4,D,4,#,reference,candidates(datasheet-pin-table+rm-remap-grid:en)
CH32V467,afio-fsmc-remap,PCFR2,PCFR2:0,1,FSMC,NWAIT,FSMC_NWAIT,PD6,D,6,#,reference,candidates(datasheet-pin-table+rm-remap-grid:en)
CH32V467,afio-fsmc-remap,PCFR2,PCFR2:0,1,FSMC,NWE,FSMC_NWE,PD5,D,5,#,reference,candidates(datasheet-pin-table+rm-remap-grid:en)
CH32V467,afio-i2c1-remap,PCFR1,PCFR1:1,0,I2C1,SCL,I2C_SCL,PB6,B,6,#,reference,candidates(datasheet-pin-table-default:en)
CH32V467,afio-i2c1-remap,PCFR1,PCFR1:1,0,I2C1,SDA,I2C_SDA,PB7,B,7,#,reference,candidates(datasheet-pin-table-default:en)
CH32V467,afio-i2c1-remap,PCFR1,PCFR1:1,0,I2C1,SMBA,I2C_SMBA,PB5,B,5,#,reference,candidates(datasheet-pin-table-default:en)
CH32V467,afio-i2c1-remap,PCFR1,PCFR1:1,1,I2C1,SCL,I2C_SCL,PB8,B,8,#,reference,candidates(datasheet-pin-table+rm-remap-grid:en)
CH32V467,afio-i2c1-remap,PCFR1,PCFR1:1,1,I2C1,SDA,I2C_SDA,PB9,B,9,#,reference,candidates(datasheet-pin-table+rm-remap-grid:en)
CH32V467,afio-i3c-remap,PCFR2,PCFR2:14,0,I3C,SCL,I3C_SCL,PB10,B,10,#,reference,candidates(datasheet-pin-table-default:en)
CH32V467,afio-i3c-remap,PCFR2,PCFR2:14,0,I3C,SDA,I3C_SDA,PB11,B,11,#,reference,candidates(datasheet-pin-table-default:en)
CH32V467,afio-i3c-remap,PCFR2,PCFR2:14,1,I3C,SCL,I3C_SCL,PB4,B,4,#,reference,candidates(datasheet-pin-table+rm-remap-grid:en)
CH32V467,afio-i3c-remap,PCFR2,PCFR2:14,1,I3C,SDA,I3C_SDA,PB5,B,5,#,reference,candidates(datasheet-pin-table+rm-remap-grid:en)
CH32V467,afio-ltdc-remap,PCFR2,PCFR2:11,0,LTDC,B0,LTDC_B0,PB14,B,14,#,reference,candidates(datasheet-pin-table-default:en)
CH32V467,afio-ltdc-remap,PCFR2,PCFR2:11,0,LTDC,B1,LTDC_B1,PB15,B,15,#,reference,candidates(datasheet-pin-table-default:en)
CH32V467,afio-ltdc-remap,PCFR2,PCFR2:11,0,LTDC,B2,LTDC_B2,PB11,B,11,#,reference,candidates(datasheet-pin-table-default:en)
CH32V467,afio-ltdc-remap,PCFR2,PCFR2:11,0,LTDC,B3,LTDC_B3,PB10,B,10,#,reference,candidates(datasheet-pin-table-default:en)
CH32V467,afio-ltdc-remap,PCFR2,PCFR2:11,0,LTDC,B4,LTDC_B4,PA8,A,8,#,reference,candidates(datasheet-pin-table-default:en)
CH32V467,afio-ltdc-remap,PCFR2,PCFR2:11,0,LTDC,B5,LTDC_B5,PA13,A,13,#,reference,candidates(datasheet-pin-table-default:en)
CH32V467,afio-ltdc-remap,PCFR2,PCFR2:11,0,LTDC,B6,LTDC_B6,PA14,A,14,#,reference,candidates(datasheet-pin-table-default:en)
CH32V467,afio-ltdc-remap,PCFR2,PCFR2:11,0,LTDC,B7,LTDC_B7,PA15,A,15,#,reference,candidates(datasheet-pin-table-default:en)
CH32V467,afio-ltdc-remap,PCFR2,PCFR2:11,0,LTDC,CLK,LTDC_CLK,PE1,E,1,#,reference,candidates(datasheet-pin-table-default:en)
CH32V467,afio-ltdc-remap,PCFR2,PCFR2:11,0,LTDC,DE,LTDC_DE,PE0,E,0,#,reference,candidates(datasheet-pin-table-default:en)
CH32V467,afio-ltdc-remap,PCFR2,PCFR2:11,0,LTDC,G0,LTDC_G0,PC4,C,4,#,reference,candidates(datasheet-pin-table-default:en)
CH32V467,afio-ltdc-remap,PCFR2,PCFR2:11,0,LTDC,G1,LTDC_G1,PC5,C,5,#,reference,candidates(datasheet-pin-table-default:en)
CH32V467,afio-ltdc-remap,PCFR2,PCFR2:11,0,LTDC,G2,LTDC_G2,PB0,B,0,#,reference,candidates(datasheet-pin-table-default:en)
CH32V467,afio-ltdc-remap,PCFR2,PCFR2:11,0,LTDC,G3,LTDC_G3,PB1,B,1,#,reference,candidates(datasheet-pin-table-default:en)
CH32V467,afio-ltdc-remap,PCFR2,PCFR2:11,0,LTDC,G4,LTDC_G4,PB2,B,2,#,reference,candidates(datasheet-pin-table-default:en)
CH32V467,afio-ltdc-remap,PCFR2,PCFR2:11,0,LTDC,G5,LTDC_G5,PD8,D,8,#,reference,candidates(datasheet-pin-table-default:en)
CH32V467,afio-ltdc-remap,PCFR2,PCFR2:11,0,LTDC,G6,LTDC_G6,PB12,B,12,#,reference,candidates(datasheet-pin-table-default:en)
CH32V467,afio-ltdc-remap,PCFR2,PCFR2:11,0,LTDC,G7,LTDC_G7,PB13,B,13,#,reference,candidates(datasheet-pin-table-default:en)
CH32V467,afio-ltdc-remap,PCFR2,PCFR2:11,0,LTDC,HSYNC,LTDC_HSYNC,PB4,B,4,#,reference,candidates(datasheet-pin-table-default:en)
CH32V467,afio-ltdc-remap,PCFR2,PCFR2:11,0,LTDC,R0,LTDC_R0,PC0,C,0,#,reference,candidates(datasheet-pin-table-default:en)
CH32V467,afio-ltdc-remap,PCFR2,PCFR2:11,0,LTDC,R1,LTDC_R1,PC1,C,1,#,reference,candidates(datasheet-pin-table-default:en)
CH32V467,afio-ltdc-remap,PCFR2,PCFR2:11,0,LTDC,R2,LTDC_R2,PC2,C,2,#,reference,candidates(datasheet-pin-table-default:en)
CH32V467,afio-ltdc-remap,PCFR2,PCFR2:11,0,LTDC,R3,LTDC_R3,PC3,C,3,#,reference,candidates(datasheet-pin-table-default:en)
CH32V467,afio-ltdc-remap,PCFR2,PCFR2:11,0,LTDC,R4,LTDC_R4,PA1,A,1,#,reference,candidates(datasheet-pin-table-default:en)
CH32V467,afio-ltdc-remap,PCFR2,PCFR2:11,0,LTDC,R5,LTDC_R5,PA2,A,2,#,reference,candidates(datasheet-pin-table-default:en)
CH32V467,afio-ltdc-remap,PCFR2,PCFR2:11,0,LTDC,R6,LTDC_R6,PA3,A,3,#,reference,candidates(datasheet-pin-table-default:en)
CH32V467,afio-ltdc-remap,PCFR2,PCFR2:11,0,LTDC,R7,LTDC_R7,PA7,A,7,#,reference,candidates(datasheet-pin-table-default:en)
CH32V467,afio-ltdc-remap,PCFR2,PCFR2:11,0,LTDC,VSYNC,LTDC_VSYNC,PB5,B,5,#,reference,candidates(datasheet-pin-table-default:en)
CH32V467,afio-ltdc-remap,PCFR2,PCFR2:11,1,LTDC,B0,LTDC_B0,PB14,B,14,#,reference,candidates(datasheet-pin-table+rm-remap-grid:en)
CH32V467,afio-ltdc-remap,PCFR2,PCFR2:11,1,LTDC,B1,LTDC_B1,PB15,B,15,#,reference,candidates(datasheet-pin-table+rm-remap-grid:en)
CH32V467,afio-ltdc-remap,PCFR2,PCFR2:11,1,LTDC,B2,LTDC_B2,PB11,B,11,#,reference,candidates(datasheet-pin-table+rm-remap-grid:en)
CH32V467,afio-ltdc-remap,PCFR2,PCFR2:11,1,LTDC,B3,LTDC_B3,PB10,B,10,#,reference,candidates(datasheet-pin-table+rm-remap-grid:en)
CH32V467,afio-ltdc-remap,PCFR2,PCFR2:11,1,LTDC,B4,LTDC_B4,PA8,A,8,#,reference,candidates(datasheet-pin-table+rm-remap-grid:en)
CH32V467,afio-ltdc-remap,PCFR2,PCFR2:11,1,LTDC,B5,LTDC_B5,PA13,A,13,#,reference,candidates(datasheet-pin-table+rm-remap-grid:en)
CH32V467,afio-ltdc-remap,PCFR2,PCFR2:11,1,LTDC,B6,LTDC_B6,PA14,A,14,#,reference,candidates(datasheet-pin-table+rm-remap-grid:en)
CH32V467,afio-ltdc-remap,PCFR2,PCFR2:11,1,LTDC,B7,LTDC_B7,PA15,A,15,#,reference,candidates(datasheet-pin-table+rm-remap-grid:en)
CH32V467,afio-ltdc-remap,PCFR2,PCFR2:11,1,LTDC,CLK,LTDC_CLK,PA10,A,10,#,reference,candidates(datasheet-pin-table+rm-remap-grid:en)
CH32V467,afio-ltdc-remap,PCFR2,PCFR2:11,1,LTDC,DE,LTDC_DE,PA9,A,9,#,reference,candidates(datasheet-pin-table+rm-remap-grid:en)
CH32V467,afio-ltdc-remap,PCFR2,PCFR2:11,1,LTDC,G0,LTDC_G0,PC4,C,4,#,reference,candidates(datasheet-pin-table+rm-remap-grid:en)
CH32V467,afio-ltdc-remap,PCFR2,PCFR2:11,1,LTDC,G1,LTDC_G1,PC5,C,5,#,reference,candidates(datasheet-pin-table+rm-remap-grid:en)
CH32V467,afio-ltdc-remap,PCFR2,PCFR2:11,1,LTDC,G2,LTDC_G2,PB0,B,0,#,reference,candidates(datasheet-pin-table+rm-remap-grid:en)
CH32V467,afio-ltdc-remap,PCFR2,PCFR2:11,1,LTDC,G3,LTDC_G3,PB1,B,1,#,reference,candidates(datasheet-pin-table+rm-remap-grid:en)
CH32V467,afio-ltdc-remap,PCFR2,PCFR2:11,1,LTDC,G4,LTDC_G4,PB3,B,3,#,reference,candidates(datasheet-pin-table+rm-remap-grid:en)
CH32V467,afio-ltdc-remap,PCFR2,PCFR2:11,1,LTDC,G5,LTDC_G5,PA4,A,4,#,reference,candidates(datasheet-pin-table+rm-remap-grid:en)
CH32V467,afio-ltdc-remap,PCFR2,PCFR2:11,1,LTDC,G6,LTDC_G6,PB12,B,12,#,reference,candidates(datasheet-pin-table+rm-remap-grid:en)
CH32V467,afio-ltdc-remap,PCFR2,PCFR2:11,1,LTDC,G7,LTDC_G7,PB13,B,13,#,reference,candidates(datasheet-pin-table+rm-remap-grid:en)
CH32V467,afio-ltdc-remap,PCFR2,PCFR2:11,1,LTDC,HSYNC,LTDC_HSYNC,PB8,B,8,#,reference,candidates(datasheet-pin-table+rm-remap-grid:en)
CH32V467,afio-ltdc-remap,PCFR2,PCFR2:11,1,LTDC,R0,LTDC_R0,PC0,C,0,#,reference,candidates(datasheet-pin-table+rm-remap-grid:en)
CH32V467,afio-ltdc-remap,PCFR2,PCFR2:11,1,LTDC,R1,LTDC_R1,PC1,C,1,#,reference,candidates(datasheet-pin-table+rm-remap-grid:en)
CH32V467,afio-ltdc-remap,PCFR2,PCFR2:11,1,LTDC,R2,LTDC_R2,PC2,C,2,#,reference,candidates(datasheet-pin-table+rm-remap-grid:en)
CH32V467,afio-ltdc-remap,PCFR2,PCFR2:11,1,LTDC,R3,LTDC_R3,PC3,C,3,#,reference,candidates(datasheet-pin-table+rm-remap-grid:en)
CH32V467,afio-ltdc-remap,PCFR2,PCFR2:11,1,LTDC,R4,LTDC_R4,PA1,A,1,#,reference,candidates(datasheet-pin-table+rm-remap-grid:en)
CH32V467,afio-ltdc-remap,PCFR2,PCFR2:11,1,LTDC,R5,LTDC_R5,PA2,A,2,#,reference,candidates(datasheet-pin-table+rm-remap-grid:en)
CH32V467,afio-ltdc-remap,PCFR2,PCFR2:11,1,LTDC,R6,LTDC_R6,PA3,A,3,#,reference,candidates(datasheet-pin-table+rm-remap-grid:en)
CH32V467,afio-ltdc-remap,PCFR2,PCFR2:11,1,LTDC,R7,LTDC_R7,PA7,A,7,#,reference,candidates(datasheet-pin-table+rm-remap-grid:en)
CH32V467,afio-ltdc-remap,PCFR2,PCFR2:11,1,LTDC,VSYNC,LTDC_VSYNC,PB9,B,9,#,reference,candidates(datasheet-pin-table+rm-remap-grid:en)
CH32V467,afio-sdio-remap,PCFR2,PCFR2:12,0,SDIO,CK,SDIO_CK,PC12,C,12,#,reference,candidates(datasheet-pin-table-default:en)
CH32V467,afio-sdio-remap,PCFR2,PCFR2:12,0,SDIO,CMD,SDIO_CMD,PD2,D,2,#,reference,candidates(datasheet-pin-table-default:en)
CH32V467,afio-sdio-remap,PCFR2,PCFR2:12,0,SDIO,D0,SDIO_D0,PB14,B,14,#,reference,candidates(datasheet-pin-table-default:en)
CH32V467,afio-sdio-remap,PCFR2,PCFR2:12,0,SDIO,D0,SDIO_D0,PC8,C,8,#,reference,candidates(datasheet-pin-table-default:en)
CH32V467,afio-sdio-remap,PCFR2,PCFR2:12,0,SDIO,D1,SDIO_D1,PB15,B,15,#,reference,candidates(datasheet-pin-table-default:en)
CH32V467,afio-sdio-remap,PCFR2,PCFR2:12,0,SDIO,D1,SDIO_D1,PC9,C,9,#,reference,candidates(datasheet-pin-table-default:en)
CH32V467,afio-sdio-remap,PCFR2,PCFR2:12,0,SDIO,D2,SDIO_D2,PC10,C,10,#,reference,candidates(datasheet-pin-table-default:en)
CH32V467,afio-sdio-remap,PCFR2,PCFR2:12,0,SDIO,D3,SDIO_D3,PC11,C,11,#,reference,candidates(datasheet-pin-table-default:en)
CH32V467,afio-sdio-remap,PCFR2,PCFR2:12,0,SDIO,D4,SDIO_D4,PB8,B,8,#,reference,candidates(datasheet-pin-table-default:en)
CH32V467,afio-sdio-remap,PCFR2,PCFR2:12,0,SDIO,D5,SDIO_D5,PB9,B,9,#,reference,candidates(datasheet-pin-table-default:en)
CH32V467,afio-sdio-remap,PCFR2,PCFR2:12,0,SDIO,D6,SDIO_D6,PC6,C,6,#,reference,candidates(datasheet-pin-table-default:en)
CH32V467,afio-sdio-remap,PCFR2,PCFR2:12,0,SDIO,D7,SDIO_D7,PC7,C,7,#,reference,candidates(datasheet-pin-table-default:en)
CH32V467,afio-sdio-remap,PCFR2,PCFR2:12,1,SDIO,CK,SDIO_CK,PC12,C,12,#,reference,candidates(datasheet-pin-table+rm-remap-grid:en)
CH32V467,afio-sdio-remap,PCFR2,PCFR2:12,1,SDIO,CMD,SDIO_CMD,PD2,D,2,#,reference,candidates(datasheet-pin-table+rm-remap-grid:en)
CH32V467,afio-sdio-remap,PCFR2,PCFR2:12,1,SDIO,D0,SDIO_D0,PB14,B,14,#,reference,candidates(datasheet-pin-table+rm-remap-grid:en)
CH32V467,afio-sdio-remap,PCFR2,PCFR2:12,1,SDIO,D1,SDIO_D1,PB15,B,15,#,reference,candidates(datasheet-pin-table+rm-remap-grid:en)
CH32V467,afio-sdio-remap,PCFR2,PCFR2:12,1,SDIO,D2,SDIO_D2,PC10,C,10,#,reference,candidates(datasheet-pin-table+rm-remap-grid:en)
CH32V467,afio-sdio-remap,PCFR2,PCFR2:12,1,SDIO,D3,SDIO_D3,PC11,C,11,#,reference,candidates(datasheet-pin-table+rm-remap-grid:en)
CH32V467,afio-sdio-remap,PCFR2,PCFR2:12,1,SDIO,D4,SDIO_D4,PB8,B,8,#,reference,candidates(datasheet-pin-table+rm-remap-grid:en)
CH32V467,afio-sdio-remap,PCFR2,PCFR2:12,1,SDIO,D5,SDIO_D5,PB9,B,9,#,reference,candidates(datasheet-pin-table+rm-remap-grid:en)
CH32V467,afio-sdio-remap,PCFR2,PCFR2:12,1,SDIO,D6,SDIO_D6,PA9,A,9,#,reference,candidates(datasheet-pin-table+rm-remap-grid:en)
CH32V467,afio-sdio-remap,PCFR2,PCFR2:12,1,SDIO,D7,SDIO_D7,PA10,A,10,#,reference,candidates(datasheet-pin-table+rm-remap-grid:en)
CH32V467,afio-spi1-remap,PCFR1,PCFR1:0,0,SPI1,MISO,SPI1_MISO,PA6,A,6,#,reference,candidates(datasheet-pin-table-default:en)
CH32V467,afio-spi1-remap,PCFR1,PCFR1:0,0,SPI1,MOSI,SPI1_MOSI,PA7,A,7,#,reference,candidates(datasheet-pin-table-default:en)
CH32V467,afio-spi1-remap,PCFR1,PCFR1:0,0,SPI1,NSS,SPI1_NSS,PA4,A,4,#,reference,candidates(datasheet-pin-table-default:en)
CH32V467,afio-spi1-remap,PCFR1,PCFR1:0,0,SPI1,SCK,SPI1_SCK,PA5,A,5,#,reference,candidates(datasheet-pin-table-default:en)
CH32V467,afio-spi1-remap,PCFR1,PCFR1:0,1,SPI1,MISO,SPI1_MISO,PB4,B,4,#,reference,candidates(datasheet-pin-table+rm-remap-grid:en)
CH32V467,afio-spi1-remap,PCFR1,PCFR1:0,1,SPI1,MOSI,SPI1_MOSI,PB5,B,5,#,reference,candidates(datasheet-pin-table+rm-remap-grid:en)
CH32V467,afio-spi1-remap,PCFR1,PCFR1:0,1,SPI1,NSS,SPI1_NSS,PA15,A,15,#,reference,candidates(datasheet-pin-table+rm-remap-grid:en)
CH32V467,afio-spi1-remap,PCFR1,PCFR1:0,1,SPI1,SCK,SPI1_SCK,PB3,B,3,#,reference,candidates(datasheet-pin-table+rm-remap-grid:en)
CH32V467,afio-spi3-remap,PCFR1,PCFR1:28,0,I2S3,CK,I2S3_CK,PB3,B,3,#,reference,candidates(datasheet-pin-table-default:en)
CH32V467,afio-spi3-remap,PCFR1,PCFR1:28,0,I2S3,MCK,I2S3_MCK,PA8,A,8,#,reference,candidates(datasheet-pin-table-default:en)
CH32V467,afio-spi3-remap,PCFR1,PCFR1:28,0,I2S3,MCK,I2S3_MCK,PC7,C,7,#,reference,candidates(datasheet-pin-table-default:en)
CH32V467,afio-spi3-remap,PCFR1,PCFR1:28,0,I2S3,SD,I2S3_SD,PB5,B,5,#,reference,candidates(datasheet-pin-table-default:en)
CH32V467,afio-spi3-remap,PCFR1,PCFR1:28,0,I2S3,WS,I2S3_WS,PA15,A,15,#,reference,candidates(datasheet-pin-table-default:en)
CH32V467,afio-spi3-remap,PCFR1,PCFR1:28,0,SPI3,MISO,SPI3_MISO,PB4,B,4,#,reference,candidates(datasheet-pin-table-default:en)
CH32V467,afio-spi3-remap,PCFR1,PCFR1:28,0,SPI3,MOSI,SPI3_MOSI,PB5,B,5,#,reference,candidates(datasheet-pin-table-default:en)
CH32V467,afio-spi3-remap,PCFR1,PCFR1:28,0,SPI3,NSS,SPI3_NSS,PA15,A,15,#,reference,candidates(datasheet-pin-table-default:en)
CH32V467,afio-spi3-remap,PCFR1,PCFR1:28,0,SPI3,SCK,SPI3_SCK,PB3,B,3,#,reference,candidates(datasheet-pin-table-default:en)
CH32V467,afio-spi3-remap,PCFR1,PCFR1:28,1,I2S3,CK,I2S3_CK,PC10,C,10,#,reference,candidates(datasheet-pin-table+rm-remap-grid:en)
CH32V467,afio-spi3-remap,PCFR1,PCFR1:28,1,I2S3,SD,I2S3_SD,PC12,C,12,#,reference,candidates(datasheet-pin-table+rm-remap-grid:en)
CH32V467,afio-spi3-remap,PCFR1,PCFR1:28,1,I2S3,WS,I2S3_WS,PA4,A,4,#,reference,candidates(datasheet-pin-table+rm-remap-grid:en)
CH32V467,afio-spi3-remap,PCFR1,PCFR1:28,1,SPI3,MISO,SPI3_MISO,PC11,C,11,#,reference,candidates(datasheet-pin-table+rm-remap-grid:en)
CH32V467,afio-spi3-remap,PCFR1,PCFR1:28,1,SPI3,MOSI,SPI3_MOSI,PC12,C,12,#,reference,candidates(datasheet-pin-table+rm-remap-grid:en)
CH32V467,afio-spi3-remap,PCFR1,PCFR1:28,1,SPI3,NSS,SPI3_NSS,PA4,A,4,#,reference,candidates(datasheet-pin-table+rm-remap-grid:en)
CH32V467,afio-spi3-remap,PCFR1,PCFR1:28,1,SPI3,SCK,SPI3_SCK,PC10,C,10,#,reference,candidates(datasheet-pin-table+rm-remap-grid:en)
CH32V467,afio-tim1-remap,PCFR1,PCFR1:6;PCFR1:7,0,TIM1,BKIN,TIM1_BKIN,PB12,B,12,#,reference,candidates(datasheet-pin-table-default:en)
CH32V467,afio-tim1-remap,PCFR1,PCFR1:6;PCFR1:7,0,TIM1,CH1,TIM1_CH1,PA8,A,8,#,reference,candidates(datasheet-pin-table-default:en)
CH32V467,afio-tim1-remap,PCFR1,PCFR1:6;PCFR1:7,0,TIM1,CH1N,TIM1_CH1N,PB13,B,13,#,reference,candidates(datasheet-pin-table-default:en)
CH32V467,afio-tim1-remap,PCFR1,PCFR1:6;PCFR1:7,0,TIM1,CH1_3,TIM1_CH1_3,PE9,E,9,#,reference,candidates(datasheet-pin-table-default:en)
CH32V467,afio-tim1-remap,PCFR1,PCFR1:6;PCFR1:7,0,TIM1,CH2,TIM1_CH2,PA9,A,9,#,reference,candidates(datasheet-pin-table-default:en)
CH32V467,afio-tim1-remap,PCFR1,PCFR1:6;PCFR1:7,0,TIM1,CH2N,TIM1_CH2N,PB14,B,14,#,reference,candidates(datasheet-pin-table-default:en)
CH32V467,afio-tim1-remap,PCFR1,PCFR1:6;PCFR1:7,0,TIM1,CH3,TIM1_CH3,PA10,A,10,#,reference,candidates(datasheet-pin-table-default:en)
CH32V467,afio-tim1-remap,PCFR1,PCFR1:6;PCFR1:7,0,TIM1,CH3N,TIM1_CH3N,PB15,B,15,#,reference,candidates(datasheet-pin-table-default:en)
CH32V467,afio-tim1-remap,PCFR1,PCFR1:6;PCFR1:7,0,TIM1,CH4,TIM1_CH4,PA11,A,11,#,reference,candidates(datasheet-pin-table-default:en)
CH32V467,afio-tim1-remap,PCFR1,PCFR1:6;PCFR1:7,0,TIM1,ETR,TIM1_ETR,PA12,A,12,#,reference,candidates(datasheet-pin-table-default:en)
CH32V467,afio-tim1-remap,PCFR1,PCFR1:6;PCFR1:7,1,TIM1,BKIN,TIM1_BKIN,PA6,A,6,#,reference,candidates(datasheet-pin-table+rm-remap-grid:en)
CH32V467,afio-tim1-remap,PCFR1,PCFR1:6;PCFR1:7,1,TIM1,CH1,TIM1_CH1,PA8,A,8,#,reference,candidates(datasheet-pin-table+rm-remap-grid:en)
CH32V467,afio-tim1-remap,PCFR1,PCFR1:6;PCFR1:7,1,TIM1,CH1N,TIM1_CH1N,PA7,A,7,#,reference,candidates(datasheet-pin-table+rm-remap-grid:en)
CH32V467,afio-tim1-remap,PCFR1,PCFR1:6;PCFR1:7,1,TIM1,CH2,TIM1_CH2,PA9,A,9,#,reference,candidates(datasheet-pin-table+rm-remap-grid:en)
CH32V467,afio-tim1-remap,PCFR1,PCFR1:6;PCFR1:7,1,TIM1,CH2N,TIM1_CH2N,PB0,B,0,#,reference,candidates(datasheet-pin-table+rm-remap-grid:en)
CH32V467,afio-tim1-remap,PCFR1,PCFR1:6;PCFR1:7,1,TIM1,CH3,TIM1_CH3,PA10,A,10,#,reference,candidates(datasheet-pin-table+rm-remap-grid:en)
CH32V467,afio-tim1-remap,PCFR1,PCFR1:6;PCFR1:7,1,TIM1,CH3N,TIM1_CH3N,PB1,B,1,#,reference,candidates(datasheet-pin-table+rm-remap-grid:en)
CH32V467,afio-tim1-remap,PCFR1,PCFR1:6;PCFR1:7,1,TIM1,CH4,TIM1_CH4,PA11,A,11,#,reference,candidates(datasheet-pin-table+rm-remap-grid:en)
CH32V467,afio-tim1-remap,PCFR1,PCFR1:6;PCFR1:7,1,TIM1,ETR,TIM1_ETR,PA12,A,12,#,reference,candidates(datasheet-pin-table+rm-remap-grid:en)
CH32V467,afio-tim1-remap,PCFR1,PCFR1:6;PCFR1:7,3,TIM1,BKIN,TIM1_BKIN,PB10,B,10,#,reference,candidates(datasheet-pin-table+rm-remap-grid:en)
CH32V467,afio-tim1-remap,PCFR1,PCFR1:6;PCFR1:7,3,TIM1,CH1N,TIM1_CH1N,PE8,E,8,#,reference,candidates(datasheet-pin-table+rm-remap-grid:en)
CH32V467,afio-tim1-remap,PCFR1,PCFR1:6;PCFR1:7,3,TIM1,CH2,TIM1_CH2,PE11,E,11,#,reference,candidates(datasheet-pin-table+rm-remap-grid:en)
CH32V467,afio-tim1-remap,PCFR1,PCFR1:6;PCFR1:7,3,TIM1,CH2N,TIM1_CH2N,PE10,E,10,#,reference,candidates(datasheet-pin-table+rm-remap-grid:en)
CH32V467,afio-tim1-remap,PCFR1,PCFR1:6;PCFR1:7,3,TIM1,CH3,TIM1_CH3,PB8,B,8,#,reference,candidates(datasheet-pin-table+rm-remap-grid:en)
CH32V467,afio-tim1-remap,PCFR1,PCFR1:6;PCFR1:7,3,TIM1,CH4,TIM1_CH4,PA7,A,7,#,reference,candidates(datasheet-pin-table+rm-remap-grid:en)
CH32V467,afio-tim2-remap,PCFR1,PCFR1:8;PCFR1:9,0,TIM2,CH1,TIM2_CH1,PA0-WKUP,A,0,#,reference,candidates(datasheet-pin-table-default:en)
CH32V467,afio-tim2-remap,PCFR1,PCFR1:8;PCFR1:9,0,TIM2,CH2,TIM2_CH2,PA1,A,1,#,reference,candidates(datasheet-pin-table-default:en)
CH32V467,afio-tim2-remap,PCFR1,PCFR1:8;PCFR1:9,0,TIM2,CH3,TIM2_CH3,PA2,A,2,#,reference,candidates(datasheet-pin-table-default:en)
CH32V467,afio-tim2-remap,PCFR1,PCFR1:8;PCFR1:9,0,TIM2,CH4,TIM2_CH4,PA3,A,3,#,reference,candidates(datasheet-pin-table-default:en)
CH32V467,afio-tim2-remap,PCFR1,PCFR1:8;PCFR1:9,0,TIM2,ETR,TIM2_ETR,PA0-WKUP,A,0,#,reference,candidates(datasheet-pin-table-default:en)
CH32V467,afio-tim2-remap,PCFR1,PCFR1:8;PCFR1:9,1,TIM2,CH1,TIM2_CH1,PA15,A,15,#,reference,candidates(datasheet-pin-table+rm-remap-grid:en)
CH32V467,afio-tim2-remap,PCFR1,PCFR1:8;PCFR1:9,1,TIM2,CH2,TIM2_CH2,PB3,B,3,#,reference,candidates(datasheet-pin-table+rm-remap-grid:en)
CH32V467,afio-tim2-remap,PCFR1,PCFR1:8;PCFR1:9,1,TIM2,CH3,TIM2_CH3,PA2,A,2,#,reference,candidates(datasheet-pin-table+rm-remap-grid:en)
CH32V467,afio-tim2-remap,PCFR1,PCFR1:8;PCFR1:9,1,TIM2,CH4,TIM2_CH4,PA3,A,3,#,reference,candidates(datasheet-pin-table+rm-remap-grid:en)
CH32V467,afio-tim2-remap,PCFR1,PCFR1:8;PCFR1:9,1,TIM2,ETR,TIM2_ETR,PA15,A,15,#,reference,candidates(datasheet-pin-table+rm-remap-grid:en)
CH32V467,afio-tim2-remap,PCFR1,PCFR1:8;PCFR1:9,2,TIM2,CH1,TIM2_CH1,PA0-WKUP,A,0,#,reference,candidates(datasheet-pin-table+rm-remap-grid:en)
CH32V467,afio-tim2-remap,PCFR1,PCFR1:8;PCFR1:9,2,TIM2,CH2,TIM2_CH2,PA1,A,1,#,reference,candidates(datasheet-pin-table+rm-remap-grid:en)
CH32V467,afio-tim2-remap,PCFR1,PCFR1:8;PCFR1:9,2,TIM2,CH3,TIM2_CH3,PB10,B,10,#,reference,candidates(datasheet-pin-table+rm-remap-grid:en)
CH32V467,afio-tim2-remap,PCFR1,PCFR1:8;PCFR1:9,2,TIM2,CH4,TIM2_CH4,PB11,B,11,#,reference,candidates(datasheet-pin-table+rm-remap-grid:en)
CH32V467,afio-tim2-remap,PCFR1,PCFR1:8;PCFR1:9,2,TIM2,ETR,TIM2_ETR,PA0-WKUP,A,0,#,reference,candidates(datasheet-pin-table+rm-remap-grid:en)
CH32V467,afio-tim2-remap,PCFR1,PCFR1:8;PCFR1:9,3,TIM2,CH1,TIM2_CH1,PA15,A,15,#,reference,candidates(datasheet-pin-table+rm-remap-grid:en)
CH32V467,afio-tim2-remap,PCFR1,PCFR1:8;PCFR1:9,3,TIM2,CH2,TIM2_CH2,PB3,B,3,#,reference,candidates(datasheet-pin-table+rm-remap-grid:en)
CH32V467,afio-tim2-remap,PCFR1,PCFR1:8;PCFR1:9,3,TIM2,CH3,TIM2_CH3,PB10,B,10,#,reference,candidates(datasheet-pin-table+rm-remap-grid:en)
CH32V467,afio-tim2-remap,PCFR1,PCFR1:8;PCFR1:9,3,TIM2,CH4,TIM2_CH4,PB11,B,11,#,reference,candidates(datasheet-pin-table+rm-remap-grid:en)
CH32V467,afio-tim2-remap,PCFR1,PCFR1:8;PCFR1:9,3,TIM2,ETR,TIM2_ETR,PA15,A,15,#,reference,candidates(datasheet-pin-table+rm-remap-grid:en)
CH32V467,afio-tim3-remap,PCFR1,PCFR1:10;PCFR1:11,0,TIM3,CH1,TIM3_CH1,PA6,A,6,#,reference,candidates(datasheet-pin-table-default:en)
CH32V467,afio-tim3-remap,PCFR1,PCFR1:10;PCFR1:11,0,TIM3,CH2,TIM3_CH2,PA7,A,7,#,reference,candidates(datasheet-pin-table-default:en)
CH32V467,afio-tim3-remap,PCFR1,PCFR1:10;PCFR1:11,0,TIM3,CH3,TIM3_CH3,PB0,B,0,#,reference,candidates(datasheet-pin-table-default:en)
CH32V467,afio-tim3-remap,PCFR1,PCFR1:10;PCFR1:11,0,TIM3,CH4,TIM3_CH4,PB1,B,1,#,reference,candidates(datasheet-pin-table-default:en)
CH32V467,afio-tim3-remap,PCFR1,PCFR1:10;PCFR1:11,0,TIM3,ETR,TIM3_ETR,PD2,D,2,#,reference,candidates(datasheet-pin-table-default:en)
CH32V467,afio-tim3-remap,PCFR1,PCFR1:10;PCFR1:11,1,TIM3,ETR,TIM3_ETR,PD2,D,2,#,reference,candidates(datasheet-pin-table+rm-remap-grid:en)
CH32V467,afio-tim3-remap,PCFR1,PCFR1:10;PCFR1:11,2,TIM3,CH1,TIM3_CH1,PB4,B,4,#,reference,candidates(datasheet-pin-table+rm-remap-grid:en)
CH32V467,afio-tim3-remap,PCFR1,PCFR1:10;PCFR1:11,2,TIM3,CH2,TIM3_CH2,PB5,B,5,#,reference,candidates(datasheet-pin-table+rm-remap-grid:en)
CH32V467,afio-tim3-remap,PCFR1,PCFR1:10;PCFR1:11,2,TIM3,CH3,TIM3_CH3,PB0,B,0,#,reference,candidates(datasheet-pin-table+rm-remap-grid:en)
CH32V467,afio-tim3-remap,PCFR1,PCFR1:10;PCFR1:11,2,TIM3,CH4,TIM3_CH4,PB1,B,1,#,reference,candidates(datasheet-pin-table+rm-remap-grid:en)
CH32V467,afio-tim3-remap,PCFR1,PCFR1:10;PCFR1:11,2,TIM3,ETR,TIM3_ETR,PD2,D,2,#,reference,candidates(datasheet-pin-table+rm-remap-grid:en)
CH32V467,afio-tim3-remap,PCFR1,PCFR1:10;PCFR1:11,3,TIM3,CH1,TIM3_CH1,PC6,C,6,#,reference,candidates(datasheet-pin-table+rm-remap-grid:en)
CH32V467,afio-tim3-remap,PCFR1,PCFR1:10;PCFR1:11,3,TIM3,CH2,TIM3_CH2,PC7,C,7,#,reference,candidates(datasheet-pin-table+rm-remap-grid:en)
CH32V467,afio-tim3-remap,PCFR1,PCFR1:10;PCFR1:11,3,TIM3,CH3,TIM3_CH3,PC8,C,8,#,reference,candidates(datasheet-pin-table+rm-remap-grid:en)
CH32V467,afio-tim3-remap,PCFR1,PCFR1:10;PCFR1:11,3,TIM3,CH4,TIM3_CH4,PC9,C,9,#,reference,candidates(datasheet-pin-table+rm-remap-grid:en)
CH32V467,afio-tim4-remap,PCFR1,PCFR1:12,0,TIM4,CH1,TIM4_CH1,PB6,B,6,#,reference,candidates(datasheet-pin-table-default:en)
CH32V467,afio-tim4-remap,PCFR1,PCFR1:12,0,TIM4,CH2,TIM4_CH2,PB7,B,7,#,reference,candidates(datasheet-pin-table-default:en)
CH32V467,afio-tim4-remap,PCFR1,PCFR1:12,0,TIM4,CH3,TIM4_CH3,PB8,B,8,#,reference,candidates(datasheet-pin-table-default:en)
CH32V467,afio-tim4-remap,PCFR1,PCFR1:12,0,TIM4,CH4,TIM4_CH4,PB9,B,9,#,reference,candidates(datasheet-pin-table-default:en)
CH32V467,afio-tim4-remap,PCFR1,PCFR1:12,0,TIM4,ETR,TIM4_ETR,PE0,E,0,#,reference,candidates(datasheet-pin-table-default:en)
CH32V467,afio-tim4-remap,PCFR1,PCFR1:12,1,TIM4,CH1,TIM4_CH1,PD12,D,12,#,reference,candidates(datasheet-pin-table+rm-remap-grid:en)
CH32V467,afio-tim4-remap,PCFR1,PCFR1:12,1,TIM4,CH2,TIM4_CH2,PD13,D,13,#,reference,candidates(datasheet-pin-table+rm-remap-grid:en)
CH32V467,afio-tim4-remap,PCFR1,PCFR1:12,1,TIM4,CH3,TIM4_CH3,PD14,D,14,#,reference,candidates(datasheet-pin-table+rm-remap-grid:en)
CH32V467,afio-tim4-remap,PCFR1,PCFR1:12,1,TIM4,CH4,TIM4_CH4,PD15,D,15,#,reference,candidates(datasheet-pin-table+rm-remap-grid:en)
CH32V467,afio-tim4-remap,PCFR1,PCFR1:12,1,TIM4,ETR,TIM4_ETR,PE0,E,0,#,reference,candidates(datasheet-pin-table+rm-remap-grid:en)
CH32V467,afio-tim8-remap,PCFR2,PCFR2:2,0,TIM8,BKIN,TIM8_BKIN,PA6,A,6,#,reference,candidates(datasheet-pin-table-default:en)
CH32V467,afio-tim8-remap,PCFR2,PCFR2:2,0,TIM8,CH1,TIM8_CH1,PC6,C,6,#,reference,candidates(datasheet-pin-table-default:en)
CH32V467,afio-tim8-remap,PCFR2,PCFR2:2,0,TIM8,CH1N,TIM8_CH1N,PA7,A,7,#,reference,candidates(datasheet-pin-table-default:en)
CH32V467,afio-tim8-remap,PCFR2,PCFR2:2,0,TIM8,CH2,TIM8_CH2,PC7,C,7,#,reference,candidates(datasheet-pin-table-default:en)
CH32V467,afio-tim8-remap,PCFR2,PCFR2:2,0,TIM8,CH2N,TIM8_CH2N,PB0,B,0,#,reference,candidates(datasheet-pin-table-default:en)
CH32V467,afio-tim8-remap,PCFR2,PCFR2:2,0,TIM8,CH3,TIM8_CH3,PC8,C,8,#,reference,candidates(datasheet-pin-table-default:en)
CH32V467,afio-tim8-remap,PCFR2,PCFR2:2,0,TIM8,CH3N,TIM8_CH3N,PB1,B,1,#,reference,candidates(datasheet-pin-table-default:en)
CH32V467,afio-tim8-remap,PCFR2,PCFR2:2,0,TIM8,CH4,TIM8_CH4,PC9,C,9,#,reference,candidates(datasheet-pin-table-default:en)
CH32V467,afio-tim8-remap,PCFR2,PCFR2:2,0,TIM8,ETR,TIM8_ETR,PA0-WKUP,A,0,#,reference,candidates(datasheet-pin-table-default:en)
CH32V467,afio-tim8-remap,PCFR2,PCFR2:2,1,TIM8,BKIN,TIM8_BKIN,PB9,B,9,#,reference,candidates(datasheet-pin-table+rm-remap-grid:en)
CH32V467,afio-tim8-remap,PCFR2,PCFR2:2,1,TIM8,CH1,TIM8_CH1,PB6,B,6,#,reference,candidates(datasheet-pin-table+rm-remap-grid:en)
CH32V467,afio-tim8-remap,PCFR2,PCFR2:2,1,TIM8,CH1N,TIM8_CH1N,PA13,A,13,#,reference,candidates(datasheet-pin-table+rm-remap-grid:en)
CH32V467,afio-tim8-remap,PCFR2,PCFR2:2,1,TIM8,CH2,TIM8_CH2,PB7,B,7,#,reference,candidates(datasheet-pin-table+rm-remap-grid:en)
CH32V467,afio-tim8-remap,PCFR2,PCFR2:2,1,TIM8,CH2N,TIM8_CH2N,PA14,A,14,#,reference,candidates(datasheet-pin-table+rm-remap-grid:en)
CH32V467,afio-tim8-remap,PCFR2,PCFR2:2,1,TIM8,CH3,TIM8_CH3,PB8,B,8,#,reference,candidates(datasheet-pin-table+rm-remap-grid:en)
CH32V467,afio-tim8-remap,PCFR2,PCFR2:2,1,TIM8,CH3N,TIM8_CH3N,PA15,A,15,#,reference,candidates(datasheet-pin-table+rm-remap-grid:en)
CH32V467,afio-tim8-remap,PCFR2,PCFR2:2,1,TIM8,CH4,TIM8_CH4,PC13-TAMPER-RTC,C,13,#,reference,candidates(datasheet-pin-table+rm-remap-grid:en)
CH32V467,afio-tim8-remap,PCFR2,PCFR2:2,1,TIM8,ETR,TIM8_ETR,PA0-WKUP,A,0,#,reference,candidates(datasheet-pin-table+rm-remap-grid:en)
CH32V467,afio-usart1-remap,PCFR1|PCFR2,PCFR1:2;PCFR2:26,0,USART1,CK,USART1_CK,PA8,A,8,#,reference,candidates(datasheet-pin-table-default:en)
CH32V467,afio-usart1-remap,PCFR1|PCFR2,PCFR1:2;PCFR2:26,0,USART1,CTS,USART1_CTS,PA11,A,11,#,reference,candidates(datasheet-pin-table-default:en)
CH32V467,afio-usart1-remap,PCFR1|PCFR2,PCFR1:2;PCFR2:26,0,USART1,RTS,USART1_RTS,PA12,A,12,#,reference,candidates(datasheet-pin-table-default:en)
CH32V467,afio-usart1-remap,PCFR1|PCFR2,PCFR1:2;PCFR2:26,0,USART1,RX,USART1_RX,PA10,A,10,#,reference,candidates(datasheet-pin-table-default:en)
CH32V467,afio-usart1-remap,PCFR1|PCFR2,PCFR1:2;PCFR2:26,0,USART1,TX,USART1_TX,PA9,A,9,#,reference,candidates(datasheet-pin-table-default:en)
CH32V467,afio-usart1-remap,PCFR1|PCFR2,PCFR1:2;PCFR2:26,1,USART1,CK,USART1_CK,PA8,A,8,#,reference,candidates(datasheet-pin-table+rm-remap-grid:en)
CH32V467,afio-usart1-remap,PCFR1|PCFR2,PCFR1:2;PCFR2:26,1,USART1,CTS,USART1_CTS,PA11,A,11,#,reference,candidates(datasheet-pin-table+rm-remap-grid:en)
CH32V467,afio-usart1-remap,PCFR1|PCFR2,PCFR1:2;PCFR2:26,1,USART1,RTS,USART1_RTS,PA12,A,12,#,reference,candidates(datasheet-pin-table+rm-remap-grid:en)
CH32V467,afio-usart1-remap,PCFR1|PCFR2,PCFR1:2;PCFR2:26,1,USART1,RX,USART1_RX,PB7,B,7,#,reference,candidates(datasheet-pin-table+rm-remap-grid:en)
CH32V467,afio-usart1-remap,PCFR1|PCFR2,PCFR1:2;PCFR2:26,1,USART1,TX,USART1_TX,PB6,B,6,#,reference,candidates(datasheet-pin-table+rm-remap-grid:en)
CH32V467,afio-usart1-remap,PCFR1|PCFR2,PCFR1:2;PCFR2:26,2,USART1,CK,USART1_CK,PA10,A,10,#,reference,candidates(datasheet-pin-table+rm-remap-grid:en)
CH32V467,afio-usart1-remap,PCFR1|PCFR2,PCFR1:2;PCFR2:26,2,USART1,CTS,USART1_CTS,PA5,A,5,#,reference,candidates(datasheet-pin-table+rm-remap-grid:en)
CH32V467,afio-usart1-remap,PCFR1|PCFR2,PCFR1:2;PCFR2:26,2,USART1,RTS,USART1_RTS,PA9,A,9,#,reference,candidates(datasheet-pin-table+rm-remap-grid:en)
CH32V467,afio-usart1-remap,PCFR1|PCFR2,PCFR1:2;PCFR2:26,2,USART1,RX,USART1_RX,PA8,A,8,#,reference,candidates(datasheet-pin-table+rm-remap-grid:en)
CH32V467,afio-usart1-remap,PCFR1|PCFR2,PCFR1:2;PCFR2:26,2,USART1,TX,USART1_TX,PB15,B,15,#,reference,candidates(datasheet-pin-table+rm-remap-grid:en)
CH32V467,afio-usart1-remap,PCFR1|PCFR2,PCFR1:2;PCFR2:26,3,USART1,CK,USART1_CK,PA5,A,5,#,reference,candidates(datasheet-pin-table+rm-remap-grid:en)
CH32V467,afio-usart1-remap,PCFR1|PCFR2,PCFR1:2;PCFR2:26,3,USART1,CTS,USART1_CTS,PC4,C,4,#,reference,candidates(datasheet-pin-table+rm-remap-grid:en)
CH32V467,afio-usart1-remap,PCFR1|PCFR2,PCFR1:2;PCFR2:26,3,USART1,RTS,USART1_RTS,PC5,C,5,#,reference,candidates(datasheet-pin-table+rm-remap-grid:en)
CH32V467,afio-usart1-remap,PCFR1|PCFR2,PCFR1:2;PCFR2:26,3,USART1,RX,USART1_RX,PA7,A,7,#,reference,candidates(datasheet-pin-table+rm-remap-grid:en)
CH32V467,afio-usart1-remap,PCFR1|PCFR2,PCFR1:2;PCFR2:26,3,USART1,TX,USART1_TX,PA6,A,6,#,reference,candidates(datasheet-pin-table+rm-remap-grid:en)
CH32V467,afio-usart10-remap,PCFR2,PCFR2:30;PCFR2:31,0,USART10,CK,USART10_CK,PE12,E,12,#,reference,candidates(datasheet-pin-table-default:en)
CH32V467,afio-usart10-remap,PCFR2,PCFR2:30;PCFR2:31,0,USART10,CTS,USART10_CTS,PC14-OSC32_IN,C,14,#,reference,candidates(datasheet-pin-table-default:en)
CH32V467,afio-usart10-remap,PCFR2,PCFR2:30;PCFR2:31,0,USART10,RTS,USART10_RTS,PC15-OSC32_OUT,C,15,#,reference,candidates(datasheet-pin-table-default:en)
CH32V467,afio-usart10-remap,PCFR2,PCFR2:30;PCFR2:31,0,USART10,RX,USART10_RX,PE1,E,1,#,reference,candidates(datasheet-pin-table-default:en)
CH32V467,afio-usart10-remap,PCFR2,PCFR2:30;PCFR2:31,0,USART10,TX,USART10_TX,PE0,E,0,#,reference,candidates(datasheet-pin-table-default:en)
CH32V467,afio-usart10-remap,PCFR2,PCFR2:30;PCFR2:31,1,USART10,CK,USART10_CK,PE12,E,12,#,reference,candidates(datasheet-pin-table+rm-remap-grid:en)
CH32V467,afio-usart10-remap,PCFR2,PCFR2:30;PCFR2:31,1,USART10,CTS,USART10_CTS,PC14-OSC32_IN,C,14,#,reference,candidates(datasheet-pin-table+rm-remap-grid:en)
CH32V467,afio-usart10-remap,PCFR2,PCFR2:30;PCFR2:31,1,USART10,RTS,USART10_RTS,PC15-OSC32_OUT,C,15,#,reference,candidates(datasheet-pin-table+rm-remap-grid:en)
CH32V467,afio-usart10-remap,PCFR2,PCFR2:30;PCFR2:31,1,USART10,RX,USART10_RX,PB9,B,9,#,reference,candidates(datasheet-pin-table+rm-remap-grid:en)
CH32V467,afio-usart10-remap,PCFR2,PCFR2:30;PCFR2:31,1,USART10,TX,USART10_TX,PB8,B,8,#,reference,candidates(datasheet-pin-table+rm-remap-grid:en)
CH32V467,afio-usart10-remap,PCFR2,PCFR2:30;PCFR2:31,2,USART10,CK,USART10_CK,PD10,D,10,#,reference,candidates(datasheet-pin-table+rm-remap-grid:en)
CH32V467,afio-usart10-remap,PCFR2,PCFR2:30;PCFR2:31,2,USART10,CTS,USART10_CTS,PD13,D,13,#,reference,candidates(datasheet-pin-table+rm-remap-grid:en)
CH32V467,afio-usart10-remap,PCFR2,PCFR2:30;PCFR2:31,2,USART10,RTS,USART10_RTS,PD14,D,14,#,reference,candidates(datasheet-pin-table+rm-remap-grid:en)
CH32V467,afio-usart10-remap,PCFR2,PCFR2:30;PCFR2:31,2,USART10,RX,USART10_RX,PD12,D,12,#,reference,candidates(datasheet-pin-table+rm-remap-grid:en)
CH32V467,afio-usart10-remap,PCFR2,PCFR2:30;PCFR2:31,2,USART10,TX,USART10_TX,PD11,D,11,#,reference,candidates(datasheet-pin-table+rm-remap-grid:en)
CH32V467,afio-usart10-remap,PCFR2,PCFR2:30;PCFR2:31,3,USART10,CK,USART10_CK,PD10,D,10,#,reference,candidates(datasheet-pin-table+rm-remap-grid:en)
CH32V467,afio-usart10-remap,PCFR2,PCFR2:30;PCFR2:31,3,USART10,CTS,USART10_CTS,PD13,D,13,#,reference,candidates(datasheet-pin-table+rm-remap-grid:en)
CH32V467,afio-usart10-remap,PCFR2,PCFR2:30;PCFR2:31,3,USART10,RTS,USART10_RTS,PD14,D,14,#,reference,candidates(datasheet-pin-table+rm-remap-grid:en)
CH32V467,afio-usart10-remap,PCFR2,PCFR2:30;PCFR2:31,3,USART10,RX,USART10_RX,PD12,D,12,#,reference,candidates(datasheet-pin-table+rm-remap-grid:en)
CH32V467,afio-usart10-remap,PCFR2,PCFR2:30;PCFR2:31,3,USART10,TX,USART10_TX,PD11,D,11,#,reference,candidates(datasheet-pin-table+rm-remap-grid:en)
CH32V467,afio-usart2-remap,PCFR1,PCFR1:3,0,USART2,CK,USART2_CK,PA4,A,4,#,reference,candidates(datasheet-pin-table-default:en)
CH32V467,afio-usart2-remap,PCFR1,PCFR1:3,0,USART2,CTS,USART2_CTS,PA0-WKUP,A,0,#,reference,candidates(datasheet-pin-table-default:en)
CH32V467,afio-usart2-remap,PCFR1,PCFR1:3,0,USART2,RTS,USART2_RTS,PA1,A,1,#,reference,candidates(datasheet-pin-table-default:en)
CH32V467,afio-usart2-remap,PCFR1,PCFR1:3,0,USART2,RX,USART2_RX,PA3,A,3,#,reference,candidates(datasheet-pin-table-default:en)
CH32V467,afio-usart2-remap,PCFR1,PCFR1:3,0,USART2,TX,USART2_TX,PA2,A,2,#,reference,candidates(datasheet-pin-table-default:en)
CH32V467,afio-usart2-remap,PCFR1,PCFR1:3,1,USART2,CK,USART2_CK,PD7,D,7,#,reference,candidates(datasheet-pin-table+rm-remap-grid:en)
CH32V467,afio-usart2-remap,PCFR1,PCFR1:3,1,USART2,CTS,USART2_CTS,PD3,D,3,#,reference,candidates(datasheet-pin-table+rm-remap-grid:en)
CH32V467,afio-usart2-remap,PCFR1,PCFR1:3,1,USART2,RTS,USART2_RTS,PD4,D,4,#,reference,candidates(datasheet-pin-table+rm-remap-grid:en)
CH32V467,afio-usart2-remap,PCFR1,PCFR1:3,1,USART2,RX,USART2_RX,PD6,D,6,#,reference,candidates(datasheet-pin-table+rm-remap-grid:en)
CH32V467,afio-usart2-remap,PCFR1,PCFR1:3,1,USART2,TX,USART2_TX,PD5,D,5,#,reference,candidates(datasheet-pin-table+rm-remap-grid:en)
CH32V467,afio-usart3-remap,PCFR1,PCFR1:4;PCFR1:5,0,USART3,CK,USART3_CK,PB12,B,12,#,reference,candidates(datasheet-pin-table-default:en)
CH32V467,afio-usart3-remap,PCFR1,PCFR1:4;PCFR1:5,0,USART3,CTS,USART3_CTS,PB13,B,13,#,reference,candidates(datasheet-pin-table-default:en)
CH32V467,afio-usart3-remap,PCFR1,PCFR1:4;PCFR1:5,0,USART3,RTS,USART3_RTS,PB14,B,14,#,reference,candidates(datasheet-pin-table-default:en)
CH32V467,afio-usart3-remap,PCFR1,PCFR1:4;PCFR1:5,0,USART3,RX,USART3_RX,PB11,B,11,#,reference,candidates(datasheet-pin-table-default:en)
CH32V467,afio-usart3-remap,PCFR1,PCFR1:4;PCFR1:5,0,USART3,TX,USART3_TX,PB10,B,10,#,reference,candidates(datasheet-pin-table-default:en)
CH32V467,afio-usart3-remap,PCFR1,PCFR1:4;PCFR1:5,1,USART3,CK,USART3_CK,PC12,C,12,#,reference,candidates(datasheet-pin-table+rm-remap-grid:en)
CH32V467,afio-usart3-remap,PCFR1,PCFR1:4;PCFR1:5,1,USART3,CTS,USART3_CTS,PB13,B,13,#,reference,candidates(datasheet-pin-table+rm-remap-grid:en)
CH32V467,afio-usart3-remap,PCFR1,PCFR1:4;PCFR1:5,1,USART3,RTS,USART3_RTS,PB14,B,14,#,reference,candidates(datasheet-pin-table+rm-remap-grid:en)
CH32V467,afio-usart3-remap,PCFR1,PCFR1:4;PCFR1:5,1,USART3,RX,USART3_RX,PC11,C,11,#,reference,candidates(datasheet-pin-table+rm-remap-grid:en)
CH32V467,afio-usart3-remap,PCFR1,PCFR1:4;PCFR1:5,1,USART3,TX,USART3_TX,PC10,C,10,#,reference,candidates(datasheet-pin-table+rm-remap-grid:en)
CH32V467,afio-usart3-remap,PCFR1,PCFR1:4;PCFR1:5,2,USART3,CK,USART3_CK,PD10,D,10,#,reference,candidates(datasheet-pin-table+rm-remap-grid:en)
CH32V467,afio-usart3-remap,PCFR1,PCFR1:4;PCFR1:5,2,USART3,CTS,USART3_CTS,PD11,D,11,#,reference,candidates(datasheet-pin-table+rm-remap-grid:en)
CH32V467,afio-usart3-remap,PCFR1,PCFR1:4;PCFR1:5,2,USART3,RTS,USART3_RTS,PD12,D,12,#,reference,candidates(datasheet-pin-table+rm-remap-grid:en)
CH32V467,afio-usart3-remap,PCFR1,PCFR1:4;PCFR1:5,2,USART3,RX,USART3_RX,PA14,A,14,#,reference,candidates(datasheet-pin-table+rm-remap-grid:en)
CH32V467,afio-usart3-remap,PCFR1,PCFR1:4;PCFR1:5,2,USART3,TX,USART3_TX,PA13,A,13,#,reference,candidates(datasheet-pin-table+rm-remap-grid:en)
CH32V467,afio-usart3-remap,PCFR1,PCFR1:4;PCFR1:5,3,USART3,CK,USART3_CK,PD10,D,10,#,reference,candidates(datasheet-pin-table+rm-remap-grid:en)
CH32V467,afio-usart3-remap,PCFR1,PCFR1:4;PCFR1:5,3,USART3,CTS,USART3_CTS,PD11,D,11,#,reference,candidates(datasheet-pin-table+rm-remap-grid:en)
CH32V467,afio-usart3-remap,PCFR1,PCFR1:4;PCFR1:5,3,USART3,RTS,USART3_RTS,PD12,D,12,#,reference,candidates(datasheet-pin-table+rm-remap-grid:en)
CH32V467,afio-usart3-remap,PCFR1,PCFR1:4;PCFR1:5,3,USART3,RX,USART3_RX,PD9,D,9,#,reference,candidates(datasheet-pin-table+rm-remap-grid:en)
CH32V467,afio-usart3-remap,PCFR1,PCFR1:4;PCFR1:5,3,USART3,TX,USART3_TX,PD8,D,8,#,reference,candidates(datasheet-pin-table+rm-remap-grid:en)
CH32V467,afio-usart4-remap,PCFR2,PCFR2:16;PCFR2:17,0,USART4,CK,USART4_CK,PC12,C,12,#,reference,candidates(datasheet-pin-table-default:en)
CH32V467,afio-usart4-remap,PCFR2,PCFR2:16;PCFR2:17,0,USART4,CTS,USART4_CTS,PA13,A,13,#,reference,candidates(datasheet-pin-table-default:en)
CH32V467,afio-usart4-remap,PCFR2,PCFR2:16;PCFR2:17,0,USART4,RTS,USART4_RTS,PD2,D,2,#,reference,candidates(datasheet-pin-table-default:en)
CH32V467,afio-usart4-remap,PCFR2,PCFR2:16;PCFR2:17,0,USART4,RX,USART4_RX,PC11,C,11,#,reference,candidates(datasheet-pin-table-default:en)
CH32V467,afio-usart4-remap,PCFR2,PCFR2:16;PCFR2:17,0,USART4,TX,USART4_TX,PC10,C,10,#,reference,candidates(datasheet-pin-table-default:en)
CH32V467,afio-usart4-remap,PCFR2,PCFR2:16;PCFR2:17,1,USART4,CK,USART4_CK,PB2,B,2,#,reference,candidates(datasheet-pin-table+rm-remap-grid:en)
CH32V467,afio-usart4-remap,PCFR2,PCFR2:16;PCFR2:17,1,USART4,CTS,USART4_CTS,PC4,C,4,#,reference,candidates(datasheet-pin-table+rm-remap-grid:en)
CH32V467,afio-usart4-remap,PCFR2,PCFR2:16;PCFR2:17,1,USART4,RTS,USART4_RTS,PC5,C,5,#,reference,candidates(datasheet-pin-table+rm-remap-grid:en)
CH32V467,afio-usart4-remap,PCFR2,PCFR2:16;PCFR2:17,1,USART4,RX,USART4_RX,PB1,B,1,#,reference,candidates(datasheet-pin-table+rm-remap-grid:en)
CH32V467,afio-usart4-remap,PCFR2,PCFR2:16;PCFR2:17,1,USART4,TX,USART4_TX,PB0,B,0,#,reference,candidates(datasheet-pin-table+rm-remap-grid:en)
CH32V467,afio-usart4-remap,PCFR2,PCFR2:16;PCFR2:17,2,USART4,CK,USART4_CK,PE12,E,12,#,reference,candidates(datasheet-pin-table+rm-remap-grid:en)
CH32V467,afio-usart4-remap,PCFR2,PCFR2:16;PCFR2:17,2,USART4,CTS,USART4_CTS,PB8,B,8,#,reference,candidates(datasheet-pin-table+rm-remap-grid:en)
CH32V467,afio-usart4-remap,PCFR2,PCFR2:16;PCFR2:17,2,USART4,RTS,USART4_RTS,PB9,B,9,#,reference,candidates(datasheet-pin-table+rm-remap-grid:en)
CH32V467,afio-usart4-remap,PCFR2,PCFR2:16;PCFR2:17,2,USART4,RX,USART4_RX,PE1,E,1,#,reference,candidates(datasheet-pin-table+rm-remap-grid:en)
CH32V467,afio-usart4-remap,PCFR2,PCFR2:16;PCFR2:17,2,USART4,TX,USART4_TX,PE0,E,0,#,reference,candidates(datasheet-pin-table+rm-remap-grid:en)
CH32V467,afio-usart4-remap,PCFR2,PCFR2:16;PCFR2:17,3,USART4,CK,USART4_CK,PE12,E,12,#,reference,candidates(datasheet-pin-table+rm-remap-grid:en)
CH32V467,afio-usart4-remap,PCFR2,PCFR2:16;PCFR2:17,3,USART4,CTS,USART4_CTS,PB8,B,8,#,reference,candidates(datasheet-pin-table+rm-remap-grid:en)
CH32V467,afio-usart4-remap,PCFR2,PCFR2:16;PCFR2:17,3,USART4,RTS,USART4_RTS,PB9,B,9,#,reference,candidates(datasheet-pin-table+rm-remap-grid:en)
CH32V467,afio-usart4-remap,PCFR2,PCFR2:16;PCFR2:17,3,USART4,RX,USART4_RX,PE1,E,1,#,reference,candidates(datasheet-pin-table+rm-remap-grid:en)
CH32V467,afio-usart4-remap,PCFR2,PCFR2:16;PCFR2:17,3,USART4,TX,USART4_TX,PE0,E,0,#,reference,candidates(datasheet-pin-table+rm-remap-grid:en)
CH32V467,afio-usart5-remap,PCFR2,PCFR2:18;PCFR2:19,0,USART5,CK,USART5_CK,PB5,B,5,#,reference,candidates(datasheet-pin-table-default:en)
CH32V467,afio-usart5-remap,PCFR2,PCFR2:18;PCFR2:19,0,USART5,CTS,USART5_CTS,PB3,B,3,#,reference,candidates(datasheet-pin-table-default:en)
CH32V467,afio-usart5-remap,PCFR2,PCFR2:18;PCFR2:19,0,USART5,RTS,USART5_RTS,PB4,B,4,#,reference,candidates(datasheet-pin-table-default:en)
CH32V467,afio-usart5-remap,PCFR2,PCFR2:18;PCFR2:19,0,USART5,RX,USART5_RX,PD2,D,2,#,reference,candidates(datasheet-pin-table-default:en)
CH32V467,afio-usart5-remap,PCFR2,PCFR2:18;PCFR2:19,0,USART5,TX,USART5_TX,PC12,C,12,#,reference,candidates(datasheet-pin-table-default:en)
CH32V467,afio-usart5-remap,PCFR2,PCFR2:18;PCFR2:19,1,USART5,CK,USART5_CK,PB3,B,3,#,reference,candidates(datasheet-pin-table+rm-remap-grid:en)
CH32V467,afio-usart5-remap,PCFR2,PCFR2:18;PCFR2:19,1,USART5,CTS,USART5_CTS,PB8,B,8,#,reference,candidates(datasheet-pin-table+rm-remap-grid:en)
CH32V467,afio-usart5-remap,PCFR2,PCFR2:18;PCFR2:19,1,USART5,RTS,USART5_RTS,PB9,B,9,#,reference,candidates(datasheet-pin-table+rm-remap-grid:en)
CH32V467,afio-usart5-remap,PCFR2,PCFR2:18;PCFR2:19,1,USART5,RX,USART5_RX,PB5,B,5,#,reference,candidates(datasheet-pin-table+rm-remap-grid:en)
CH32V467,afio-usart5-remap,PCFR2,PCFR2:18;PCFR2:19,1,USART5,TX,USART5_TX,PB4,B,4,#,reference,candidates(datasheet-pin-table+rm-remap-grid:en)
CH32V467,afio-usart5-remap,PCFR2,PCFR2:18;PCFR2:19,2,USART5,CK,USART5_CK,PB2,B,2,#,reference,candidates(datasheet-pin-table+rm-remap-grid:en)
CH32V467,afio-usart5-remap,PCFR2,PCFR2:18;PCFR2:19,2,USART5,CTS,USART5_CTS,PB0,B,0,#,reference,candidates(datasheet-pin-table+rm-remap-grid:en)
CH32V467,afio-usart5-remap,PCFR2,PCFR2:18;PCFR2:19,2,USART5,RTS,USART5_RTS,PB1,B,1,#,reference,candidates(datasheet-pin-table+rm-remap-grid:en)
CH32V467,afio-usart5-remap,PCFR2,PCFR2:18;PCFR2:19,2,USART5,RX,USART5_RX,PE9,E,9,#,reference,candidates(datasheet-pin-table+rm-remap-grid:en)
CH32V467,afio-usart5-remap,PCFR2,PCFR2:18;PCFR2:19,2,USART5,TX,USART5_TX,PE8,E,8,#,reference,candidates(datasheet-pin-table+rm-remap-grid:en)
CH32V467,afio-usart5-remap,PCFR2,PCFR2:18;PCFR2:19,3,USART5,CK,USART5_CK,PB2,B,2,#,reference,candidates(datasheet-pin-table+rm-remap-grid:en)
CH32V467,afio-usart5-remap,PCFR2,PCFR2:18;PCFR2:19,3,USART5,CTS,USART5_CTS,PB0,B,0,#,reference,candidates(datasheet-pin-table+rm-remap-grid:en)
CH32V467,afio-usart5-remap,PCFR2,PCFR2:18;PCFR2:19,3,USART5,RTS,USART5_RTS,PB1,B,1,#,reference,candidates(datasheet-pin-table+rm-remap-grid:en)
CH32V467,afio-usart5-remap,PCFR2,PCFR2:18;PCFR2:19,3,USART5,RX,USART5_RX,PE9,E,9,#,reference,candidates(datasheet-pin-table+rm-remap-grid:en)
CH32V467,afio-usart5-remap,PCFR2,PCFR2:18;PCFR2:19,3,USART5,TX,USART5_TX,PE8,E,8,#,reference,candidates(datasheet-pin-table+rm-remap-grid:en)
CH32V467,afio-usart6-remap,PCFR2,PCFR2:20;PCFR2:21,0,USART6,CK,USART6_CK,PB0,B,0,#,reference,candidates(datasheet-pin-table-default:en)
CH32V467,afio-usart6-remap,PCFR2,PCFR2:20;PCFR2:21,0,USART6,CTS,USART6_CTS,PC2,C,2,#,reference,candidates(datasheet-pin-table-default:en)
CH32V467,afio-usart6-remap,PCFR2,PCFR2:20;PCFR2:21,0,USART6,RTS,USART6_RTS,PC3,C,3,#,reference,candidates(datasheet-pin-table-default:en)
CH32V467,afio-usart6-remap,PCFR2,PCFR2:20;PCFR2:21,0,USART6,RX,USART6_RX,PC1,C,1,#,reference,candidates(datasheet-pin-table-default:en)
CH32V467,afio-usart6-remap,PCFR2,PCFR2:20;PCFR2:21,0,USART6,TX,USART6_TX,PC0,C,0,#,reference,candidates(datasheet-pin-table-default:en)
CH32V467,afio-usart6-remap,PCFR2,PCFR2:20;PCFR2:21,1,USART6,CK,USART6_CK,PB5,B,5,#,reference,candidates(datasheet-pin-table+rm-remap-grid:en)
CH32V467,afio-usart6-remap,PCFR2,PCFR2:20;PCFR2:21,1,USART6,CTS,USART6_CTS,PE0,E,0,#,reference,candidates(datasheet-pin-table+rm-remap-grid:en)
CH32V467,afio-usart6-remap,PCFR2,PCFR2:20;PCFR2:21,1,USART6,RTS,USART6_RTS,PE1,E,1,#,reference,candidates(datasheet-pin-table+rm-remap-grid:en)
CH32V467,afio-usart6-remap,PCFR2,PCFR2:20;PCFR2:21,1,USART6,RX,USART6_RX,PB9,B,9,#,reference,candidates(datasheet-pin-table+rm-remap-grid:en)
CH32V467,afio-usart6-remap,PCFR2,PCFR2:20;PCFR2:21,1,USART6,TX,USART6_TX,PB8,B,8,#,reference,candidates(datasheet-pin-table+rm-remap-grid:en)
CH32V467,afio-usart6-remap,PCFR2,PCFR2:20;PCFR2:21,2,USART6,CK,USART6_CK,PA13,A,13,#,reference,candidates(datasheet-pin-table+rm-remap-grid:en)
CH32V467,afio-usart6-remap,PCFR2,PCFR2:20;PCFR2:21,2,USART6,CTS,USART6_CTS,PA14,A,14,#,reference,candidates(datasheet-pin-table+rm-remap-grid:en)
CH32V467,afio-usart6-remap,PCFR2,PCFR2:20;PCFR2:21,2,USART6,RTS,USART6_RTS,PA15,A,15,#,reference,candidates(datasheet-pin-table+rm-remap-grid:en)
CH32V467,afio-usart6-remap,PCFR2,PCFR2:20;PCFR2:21,2,USART6,RX,USART6_RX,PE11,E,11,#,reference,candidates(datasheet-pin-table+rm-remap-grid:en)
CH32V467,afio-usart6-remap,PCFR2,PCFR2:20;PCFR2:21,2,USART6,TX,USART6_TX,PE10,E,10,#,reference,candidates(datasheet-pin-table+rm-remap-grid:en)
CH32V467,afio-usart6-remap,PCFR2,PCFR2:20;PCFR2:21,3,USART6,CK,USART6_CK,PA5,A,5,#,reference,candidates(datasheet-pin-table+rm-remap-grid:en)
CH32V467,afio-usart6-remap,PCFR2,PCFR2:20;PCFR2:21,3,USART6,CTS,USART6_CTS,PC2,C,2,#,reference,candidates(datasheet-pin-table+rm-remap-grid:en)
CH32V467,afio-usart6-remap,PCFR2,PCFR2:20;PCFR2:21,3,USART6,RTS,USART6_RTS,PC3,C,3,#,reference,candidates(datasheet-pin-table+rm-remap-grid:en)
CH32V467,afio-usart6-remap,PCFR2,PCFR2:20;PCFR2:21,3,USART6,RX,USART6_RX,PC1,C,1,#,reference,candidates(datasheet-pin-table+rm-remap-grid:en)
CH32V467,afio-usart6-remap,PCFR2,PCFR2:20;PCFR2:21,3,USART6,TX,USART6_TX,PC0,C,0,#,reference,candidates(datasheet-pin-table+rm-remap-grid:en)
CH32V467,afio-usart7-remap,PCFR2,PCFR2:22;PCFR2:23,0,USART7,CK,USART7_CK,PC1,C,1,#,reference,candidates(datasheet-pin-table-default:en)
CH32V467,afio-usart7-remap,PCFR2,PCFR2:22;PCFR2:23,0,USART7,CTS,USART7_CTS,PC4,C,4,#,reference,candidates(datasheet-pin-table-default:en)
CH32V467,afio-usart7-remap,PCFR2,PCFR2:22;PCFR2:23,0,USART7,RTS,USART7_RTS,PC5,C,5,#,reference,candidates(datasheet-pin-table-default:en)
CH32V467,afio-usart7-remap,PCFR2,PCFR2:22;PCFR2:23,0,USART7,RX,USART7_RX,PC3,C,3,#,reference,candidates(datasheet-pin-table-default:en)
CH32V467,afio-usart7-remap,PCFR2,PCFR2:22;PCFR2:23,0,USART7,TX,USART7_TX,PC2,C,2,#,reference,candidates(datasheet-pin-table-default:en)
CH32V467,afio-usart7-remap,PCFR2,PCFR2:22;PCFR2:23,1,USART7,CK,USART7_CK,PB0,B,0,#,reference,candidates(datasheet-pin-table+rm-remap-grid:en)
CH32V467,afio-usart7-remap,PCFR2,PCFR2:22;PCFR2:23,1,USART7,CTS,USART7_CTS,PC4,C,4,#,reference,candidates(datasheet-pin-table+rm-remap-grid:en)
CH32V467,afio-usart7-remap,PCFR2,PCFR2:22;PCFR2:23,1,USART7,RTS,USART7_RTS,PC5,C,5,#,reference,candidates(datasheet-pin-table+rm-remap-grid:en)
CH32V467,afio-usart7-remap,PCFR2,PCFR2:22;PCFR2:23,1,USART7,RX,USART7_RX,PA7,A,7,#,reference,candidates(datasheet-pin-table+rm-remap-grid:en)
CH32V467,afio-usart7-remap,PCFR2,PCFR2:22;PCFR2:23,1,USART7,TX,USART7_TX,PA6,A,6,#,reference,candidates(datasheet-pin-table+rm-remap-grid:en)
CH32V467,afio-usart7-remap,PCFR2,PCFR2:22;PCFR2:23,2,USART7,CK,USART7_CK,PA8,A,8,#,reference,candidates(datasheet-pin-table+rm-remap-grid:en)
CH32V467,afio-usart7-remap,PCFR2,PCFR2:22;PCFR2:23,2,USART7,CTS,USART7_CTS,PB6,B,6,#,reference,candidates(datasheet-pin-table+rm-remap-grid:en)
CH32V467,afio-usart7-remap,PCFR2,PCFR2:22;PCFR2:23,2,USART7,RTS,USART7_RTS,PB7,B,7,#,reference,candidates(datasheet-pin-table+rm-remap-grid:en)
CH32V467,afio-usart7-remap,PCFR2,PCFR2:22;PCFR2:23,2,USART7,RX,USART7_RX,PA10,A,10,#,reference,candidates(datasheet-pin-table+rm-remap-grid:en)
CH32V467,afio-usart7-remap,PCFR2,PCFR2:22;PCFR2:23,2,USART7,TX,USART7_TX,PA9,A,9,#,reference,candidates(datasheet-pin-table+rm-remap-grid:en)
CH32V467,afio-usart7-remap,PCFR2,PCFR2:22;PCFR2:23,3,USART7,CK,USART7_CK,PA8,A,8,#,reference,candidates(datasheet-pin-table+rm-remap-grid:en)
CH32V467,afio-usart7-remap,PCFR2,PCFR2:22;PCFR2:23,3,USART7,CTS,USART7_CTS,PC8,C,8,#,reference,candidates(datasheet-pin-table+rm-remap-grid:en)
CH32V467,afio-usart7-remap,PCFR2,PCFR2:22;PCFR2:23,3,USART7,RTS,USART7_RTS,PC9,C,9,#,reference,candidates(datasheet-pin-table+rm-remap-grid:en)
CH32V467,afio-usart7-remap,PCFR2,PCFR2:22;PCFR2:23,3,USART7,RX,USART7_RX,PA10,A,10,#,reference,candidates(datasheet-pin-table+rm-remap-grid:en)
CH32V467,afio-usart7-remap,PCFR2,PCFR2:22;PCFR2:23,3,USART7,TX,USART7_TX,PA9,A,9,#,reference,candidates(datasheet-pin-table+rm-remap-grid:en)
CH32V467,afio-usart8-remap,PCFR2,PCFR2:24;PCFR2:25,0,USART8,CK,USART8_CK,PA7,A,7,#,reference,candidates(datasheet-pin-table-default:en)
CH32V467,afio-usart8-remap,PCFR2,PCFR2:24;PCFR2:25,0,USART8,CTS,USART8_CTS,PB0,B,0,#,reference,candidates(datasheet-pin-table-default:en)
CH32V467,afio-usart8-remap,PCFR2,PCFR2:24;PCFR2:25,0,USART8,RTS,USART8_RTS,PB1,B,1,#,reference,candidates(datasheet-pin-table-default:en)
CH32V467,afio-usart8-remap,PCFR2,PCFR2:24;PCFR2:25,0,USART8,RX,USART8_RX,PC5,C,5,#,reference,candidates(datasheet-pin-table-default:en)
CH32V467,afio-usart8-remap,PCFR2,PCFR2:24;PCFR2:25,0,USART8,TX,USART8_TX,PC4,C,4,#,reference,candidates(datasheet-pin-table-default:en)
CH32V467,afio-usart8-remap,PCFR2,PCFR2:24;PCFR2:25,1,USART8,CK,USART8_CK,PB15,B,15,#,reference,candidates(datasheet-pin-table+rm-remap-grid:en)
CH32V467,afio-usart8-remap,PCFR2,PCFR2:24;PCFR2:25,1,USART8,CTS,USART8_CTS,PE10,E,10,#,reference,candidates(datasheet-pin-table+rm-remap-grid:en)
CH32V467,afio-usart8-remap,PCFR2,PCFR2:24;PCFR2:25,1,USART8,RTS,USART8_RTS,PE11,E,11,#,reference,candidates(datasheet-pin-table+rm-remap-grid:en)
CH32V467,afio-usart8-remap,PCFR2,PCFR2:24;PCFR2:25,1,USART8,RX,USART8_RX,PA15,A,15,#,reference,candidates(datasheet-pin-table+rm-remap-grid:en)
CH32V467,afio-usart8-remap,PCFR2,PCFR2:24;PCFR2:25,1,USART8,TX,USART8_TX,PA14,A,14,#,reference,candidates(datasheet-pin-table+rm-remap-grid:en)
CH32V467,afio-usart8-remap,PCFR2,PCFR2:24;PCFR2:25,2,USART8,CK,USART8_CK,PB11,B,11,#,reference,candidates(datasheet-pin-table+rm-remap-grid:en)
CH32V467,afio-usart8-remap,PCFR2,PCFR2:24;PCFR2:25,2,USART8,CTS,USART8_CTS,PB13,B,13,#,reference,candidates(datasheet-pin-table+rm-remap-grid:en)
CH32V467,afio-usart8-remap,PCFR2,PCFR2:24;PCFR2:25,2,USART8,RTS,USART8_RTS,PB12,B,12,#,reference,candidates(datasheet-pin-table+rm-remap-grid:en)
CH32V467,afio-usart8-remap,PCFR2,PCFR2:24;PCFR2:25,2,USART8,RX,USART8_RX,PB14,B,14,#,reference,candidates(datasheet-pin-table+rm-remap-grid:en)
CH32V467,afio-usart8-remap,PCFR2,PCFR2:24;PCFR2:25,2,USART8,TX,USART8_TX,PB15,B,15,#,reference,candidates(datasheet-pin-table+rm-remap-grid:en)
CH32V467,afio-usart8-remap,PCFR2,PCFR2:24;PCFR2:25,3,USART8,CK,USART8_CK,PB11,B,11,#,reference,candidates(datasheet-pin-table+rm-remap-grid:en)
CH32V467,afio-usart8-remap,PCFR2,PCFR2:24;PCFR2:25,3,USART8,CTS,USART8_CTS,PB13,B,13,#,reference,candidates(datasheet-pin-table+rm-remap-grid:en)
CH32V467,afio-usart8-remap,PCFR2,PCFR2:24;PCFR2:25,3,USART8,RTS,USART8_RTS,PB12,B,12,#,reference,candidates(datasheet-pin-table+rm-remap-grid:en)
CH32V467,afio-usart8-remap,PCFR2,PCFR2:24;PCFR2:25,3,USART8,RX,USART8_RX,PB14,B,14,#,reference,candidates(datasheet-pin-table+rm-remap-grid:en)
CH32V467,afio-usart8-remap,PCFR2,PCFR2:24;PCFR2:25,3,USART8,TX,USART8_TX,PB15,B,15,#,reference,candidates(datasheet-pin-table+rm-remap-grid:en)
CH32V467,afio-usart9-remap,PCFR2,PCFR2:28;PCFR2:29,0,USART9,CK,USART9_CK,PD8,D,8,#,reference,candidates(datasheet-pin-table-default:en)
CH32V467,afio-usart9-remap,PCFR2,PCFR2:28;PCFR2:29,0,USART9,CTS,USART9_CTS,PE8,E,8,#,reference,candidates(datasheet-pin-table-default:en)
CH32V467,afio-usart9-remap,PCFR2,PCFR2:28;PCFR2:29,0,USART9,RTS,USART9_RTS,PE9,E,9,#,reference,candidates(datasheet-pin-table-default:en)
CH32V467,afio-usart9-remap,PCFR2,PCFR2:28;PCFR2:29,0,USART9,RX,USART9_RX,PB2,B,2,#,reference,candidates(datasheet-pin-table-default:en)
CH32V467,afio-usart9-remap,PCFR2,PCFR2:28;PCFR2:29,0,USART9,TX,USART9_TX,PB1,B,1,#,reference,candidates(datasheet-pin-table-default:en)
CH32V467,afio-usart9-remap,PCFR2,PCFR2:28;PCFR2:29,1,USART9,CK,USART9_CK,PD8,D,8,#,reference,candidates(datasheet-pin-table+rm-remap-grid:en)
CH32V467,afio-usart9-remap,PCFR2,PCFR2:28;PCFR2:29,1,USART9,CTS,USART9_CTS,PE8,E,8,#,reference,candidates(datasheet-pin-table+rm-remap-grid:en)
CH32V467,afio-usart9-remap,PCFR2,PCFR2:28;PCFR2:29,1,USART9,RTS,USART9_RTS,PE9,E,9,#,reference,candidates(datasheet-pin-table+rm-remap-grid:en)
CH32V467,afio-usart9-remap,PCFR2,PCFR2:28;PCFR2:29,1,USART9,RX,USART9_RX,PA5,A,5,#,reference,candidates(datasheet-pin-table+rm-remap-grid:en)
CH32V467,afio-usart9-remap,PCFR2,PCFR2:28;PCFR2:29,1,USART9,TX,USART9_TX,PA4,A,4,#,reference,candidates(datasheet-pin-table+rm-remap-grid:en)
CH32V467,afio-usart9-remap,PCFR2,PCFR2:28;PCFR2:29,2,USART9,CK,USART9_CK,PE2,E,2,#,reference,candidates(datasheet-pin-table+rm-remap-grid:en)
CH32V467,afio-usart9-remap,PCFR2,PCFR2:28;PCFR2:29,2,USART9,CTS,USART9_CTS,PE5,E,5,#,reference,candidates(datasheet-pin-table+rm-remap-grid:en)
CH32V467,afio-usart9-remap,PCFR2,PCFR2:28;PCFR2:29,2,USART9,RTS,USART9_RTS,PE6,E,6,#,reference,candidates(datasheet-pin-table+rm-remap-grid:en)
CH32V467,afio-usart9-remap,PCFR2,PCFR2:28;PCFR2:29,2,USART9,RX,USART9_RX,PE4,E,4,#,reference,candidates(datasheet-pin-table+rm-remap-grid:en)
CH32V467,afio-usart9-remap,PCFR2,PCFR2:28;PCFR2:29,2,USART9,TX,USART9_TX,PE3,E,3,#,reference,candidates(datasheet-pin-table+rm-remap-grid:en)
CH32V467,afio-usart9-remap,PCFR2,PCFR2:28;PCFR2:29,3,USART9,CK,USART9_CK,PE2,E,2,#,reference,candidates(datasheet-pin-table+rm-remap-grid:en)
CH32V467,afio-usart9-remap,PCFR2,PCFR2:28;PCFR2:29,3,USART9,CTS,USART9_CTS,PE5,E,5,#,reference,candidates(datasheet-pin-table+rm-remap-grid:en)
CH32V467,afio-usart9-remap,PCFR2,PCFR2:28;PCFR2:29,3,USART9,RTS,USART9_RTS,PE6,E,6,#,reference,candidates(datasheet-pin-table+rm-remap-grid:en)
CH32V467,afio-usart9-remap,PCFR2,PCFR2:28;PCFR2:29,3,USART9,RX,USART9_RX,PE4,E,4,#,reference,candidates(datasheet-pin-table+rm-remap-grid:en)
CH32V467,afio-usart9-remap,PCFR2,PCFR2:28;PCFR2:29,3,USART9,TX,USART9_TX,PE3,E,3,#,reference,candidates(datasheet-pin-table+rm-remap-grid:en)
CH32X033,afio-i2c1-remap,PCFR1,PCFR1:2;PCFR1:3;PCFR1:4,0,I2C1,SCL,SCL,PA10,A,10,#,reference,candidates(datasheet-pin-table-default:en)
CH32X033,afio-i2c1-remap,PCFR1,PCFR1:2;PCFR1:3;PCFR1:4,0,I2C1,SDA,SDA,PA11,A,11,#,reference,candidates(datasheet-pin-table-default:en)
CH32X033,afio-i2c1-remap,PCFR1,PCFR1:2;PCFR1:3;PCFR1:4,2,I2C1,SCL,SCL,PC16,C,16,#,reference,candidates(datasheet-pin-table+rm-remap-grid:en)
CH32X033,afio-i2c1-remap,PCFR1,PCFR1:2;PCFR1:3;PCFR1:4,2,I2C1,SDA,SDA,PC17,C,17,#,reference,candidates(datasheet-pin-table+rm-remap-grid:en)
CH32X033,afio-i2c1-remap,PCFR1,PCFR1:2;PCFR1:3;PCFR1:4,3,I2C1,SCL,SCL,PC19,C,19,#,reference,candidates(datasheet-pin-table+rm-remap-grid:en)
CH32X033,afio-i2c1-remap,PCFR1,PCFR1:2;PCFR1:3;PCFR1:4,3,I2C1,SDA,SDA,PC18,C,18,#,reference,candidates(datasheet-pin-table+rm-remap-grid:en)
CH32X033,afio-i2c1-remap,PCFR1,PCFR1:2;PCFR1:3;PCFR1:4,4,I2C1,SCL,SCL,PC17,C,17,#,reference,candidates(datasheet-pin-table+rm-remap-grid:en)
CH32X033,afio-i2c1-remap,PCFR1,PCFR1:2;PCFR1:3;PCFR1:4,4,I2C1,SDA,SDA,PC16,C,16,#,reference,candidates(datasheet-pin-table+rm-remap-grid:en)
CH32X033,afio-i2c1-remap,PCFR1,PCFR1:2;PCFR1:3;PCFR1:4,5,I2C1,SCL,SCL,PC18,C,18,#,reference,candidates(datasheet-pin-table+rm-remap-grid:en)
CH32X033,afio-i2c1-remap,PCFR1,PCFR1:2;PCFR1:3;PCFR1:4,5,I2C1,SDA,SDA,PC19,C,19,#,reference,candidates(datasheet-pin-table+rm-remap-grid:en)
CH32X033,afio-pioc-remap,PCFR1,PCFR1:23,0,PIOC,IO0,PIOC_IO0,PC18,C,18,#,reference,candidates(datasheet-pin-table-default:en)
CH32X033,afio-pioc-remap,PCFR1,PCFR1:23,0,PIOC,IO1,PIOC_IO1,PC19,C,19,#,reference,candidates(datasheet-pin-table-default:en)
CH32X033,afio-spi1-remap,PCFR1,PCFR1:0;PCFR1:1,0,SPI1,NSS,CS,PA4,A,4,#,reference,candidates(datasheet-pin-table-default:en)
CH32X033,afio-spi1-remap,PCFR1,PCFR1:0;PCFR1:1,0,SPI1,MISO,MISO,PA6,A,6,#,reference,candidates(datasheet-pin-table-default:en)
CH32X033,afio-spi1-remap,PCFR1,PCFR1:0;PCFR1:1,0,SPI1,MOSI,MOSI,PA7,A,7,#,reference,candidates(datasheet-pin-table-default:en)
CH32X033,afio-spi1-remap,PCFR1,PCFR1:0;PCFR1:1,0,SPI1,SCK,SCK,PA5,A,5,#,reference,candidates(datasheet-pin-table-default:en)
CH32X033,afio-spi1-remap,PCFR1,PCFR1:0;PCFR1:1,1,SPI1,MOSI,MOSI,PA9,A,9,#,reference,candidates(datasheet-pin-table+rm-remap-grid:en)
CH32X033,afio-spi1-remap,PCFR1,PCFR1:0;PCFR1:1,2,SPI1,MISO,MISO,PA9,A,9,#,reference,candidates(datasheet-pin-table+rm-remap-grid:en)
CH32X033,afio-spi1-remap,PCFR1,PCFR1:0;PCFR1:1,2,SPI1,MOSI,MOSI,PA10,A,10,#,reference,candidates(datasheet-pin-table+rm-remap-grid:en)
CH32X033,afio-spi1-remap,PCFR1,PCFR1:0;PCFR1:1,2,SPI1,SCK,SCK,PA11,A,11,#,reference,candidates(datasheet-pin-table+rm-remap-grid:en)
CH32X033,afio-tim1-remap,PCFR1,PCFR1:15;PCFR1:16;PCFR1:17,0,TIM1,CH2N,T1C2N,PB7,B,7,#,reference,candidates(datasheet-pin-table-default:en)
CH32X033,afio-tim1-remap,PCFR1,PCFR1:15;PCFR1:16;PCFR1:17,0,TIM1,CH4,T1C4,PC16,C,16,#,reference,candidates(datasheet-pin-table-default:en)
CH32X033,afio-tim1-remap,PCFR1,PCFR1:15;PCFR1:16;PCFR1:17,0,TIM1,ETR,T1ET,PC17,C,17,#,reference,candidates(datasheet-pin-table-default:en)
CH32X033,afio-tim1-remap,PCFR1,PCFR1:15;PCFR1:16;PCFR1:17,1,TIM1,BKIN,T1BK,PA6,A,6,#,reference,candidates(datasheet-pin-table+rm-remap-grid:en)
CH32X033,afio-tim1-remap,PCFR1,PCFR1:15;PCFR1:16;PCFR1:17,1,TIM1,CH1N,T1C1N,PA7,A,7,#,reference,candidates(datasheet-pin-table+rm-remap-grid:en)
CH32X033,afio-tim1-remap,PCFR1,PCFR1:15;PCFR1:16;PCFR1:17,1,TIM1,CH2N,T1C2N,PB0,B,0,#,reference,candidates(datasheet-pin-table+rm-remap-grid:en)
CH32X033,afio-tim1-remap,PCFR1,PCFR1:15;PCFR1:16;PCFR1:17,1,TIM1,CH3N,T1C3N,PB1,B,1,#,reference,candidates(datasheet-pin-table+rm-remap-grid:en)
CH32X033,afio-tim1-remap,PCFR1,PCFR1:15;PCFR1:16;PCFR1:17,1,TIM1,CH4,T1C4,PC16,C,16,#,reference,candidates(datasheet-pin-table+rm-remap-grid:en)
CH32X033,afio-tim1-remap,PCFR1,PCFR1:15;PCFR1:16;PCFR1:17,1,TIM1,ETR,T1ET,PC17,C,17,#,reference,candidates(datasheet-pin-table+rm-remap-grid:en)
CH32X033,afio-tim1-remap,PCFR1,PCFR1:15;PCFR1:16;PCFR1:17,2,TIM1,CH2N,T1C2N,PB7,B,7,#,reference,candidates(datasheet-pin-table+rm-remap-grid:en)
CH32X033,afio-tim1-remap,PCFR1,PCFR1:15;PCFR1:16;PCFR1:17,2,TIM1,ETR,T1ET,PC18,C,18,#,reference,candidates(datasheet-pin-table+rm-remap-grid:en)
CH32X033,afio-tim1-remap,PCFR1,PCFR1:15;PCFR1:16;PCFR1:17,3,TIM1,CH4,T1C4,PC3,C,3,#,reference,candidates(datasheet-pin-table+rm-remap-grid:en)
CH32X033,afio-tim1-remap,PCFR1,PCFR1:15;PCFR1:16;PCFR1:17,3,TIM1,ETR,T1ET,PC18,C,18,#,reference,candidates(datasheet-pin-table+rm-remap-grid:en)
CH32X033,afio-tim2-remap,PCFR1,PCFR1:18;PCFR1:19;PCFR1:20,0,TIM2,CH1,T2C1,PA0,A,0,#,reference,candidates(datasheet-pin-table-default:en)
CH32X033,afio-tim2-remap,PCFR1,PCFR1:18;PCFR1:19;PCFR1:20,0,TIM2,CH2,T2C2,PA1,A,1,#,reference,candidates(datasheet-pin-table-default:en)
CH32X033,afio-tim2-remap,PCFR1,PCFR1:18;PCFR1:19;PCFR1:20,0,TIM2,CH3,T2C3,PA2,A,2,#,reference,candidates(datasheet-pin-table-default:en)
CH32X033,afio-tim2-remap,PCFR1,PCFR1:18;PCFR1:19;PCFR1:20,0,TIM2,CH4,T2C4,PA3,A,3,#,reference,candidates(datasheet-pin-table-default:en)
CH32X033,afio-tim2-remap,PCFR1,PCFR1:18;PCFR1:19;PCFR1:20,1,TIM2,BKIN,T2BK,PA9,A,9,#,reference,candidates(datasheet-pin-table+rm-remap-grid:en)
CH32X033,afio-tim2-remap,PCFR1,PCFR1:18;PCFR1:19;PCFR1:20,1,TIM2,CH3,T2C3,PA2,A,2,#,reference,candidates(datasheet-pin-table+rm-remap-grid:en)
CH32X033,afio-tim2-remap,PCFR1,PCFR1:18;PCFR1:19;PCFR1:20,1,TIM2,CH4,T2C4,PA3,A,3,#,reference,candidates(datasheet-pin-table+rm-remap-grid:en)
CH32X033,afio-tim2-remap,PCFR1,PCFR1:18;PCFR1:19;PCFR1:20,2,TIM2,CH1,T2C1,PA0,A,0,#,reference,candidates(datasheet-pin-table+rm-remap-grid:en)
CH32X033,afio-tim2-remap,PCFR1,PCFR1:18;PCFR1:19;PCFR1:20,2,TIM2,CH1N,T2C1N,PC3,C,3,#,reference,candidates(datasheet-pin-table+rm-remap-grid:en)
CH32X033,afio-tim2-remap,PCFR1,PCFR1:18;PCFR1:19;PCFR1:20,2,TIM2,CH2,T2C2,PA1,A,1,#,reference,candidates(datasheet-pin-table+rm-remap-grid:en)
CH32X033,afio-tim2-remap,PCFR1,PCFR1:18;PCFR1:19;PCFR1:20,3,TIM2,BKIN,T2BK,PA9,A,9,#,reference,candidates(datasheet-pin-table+rm-remap-grid:en)
CH32X033,afio-tim2-remap,PCFR1,PCFR1:18;PCFR1:19;PCFR1:20,4,TIM2,CH3N,T2C3N,PC3,C,3,#,reference,candidates(datasheet-pin-table+rm-remap-grid:en)
CH32X033,afio-tim2-remap,PCFR1,PCFR1:18;PCFR1:19;PCFR1:20,5,TIM2,CH1,T2C1,PC19,C,19,#,reference,candidates(datasheet-pin-table+rm-remap-grid:en)
CH32X033,afio-tim2-remap,PCFR1,PCFR1:18;PCFR1:19;PCFR1:20,5,TIM2,CH1N,T2C1N,PC18,C,18,#,reference,candidates(datasheet-pin-table+rm-remap-grid:en)
CH32X033,afio-tim2-remap,PCFR1,PCFR1:18;PCFR1:19;PCFR1:20,5,TIM2,ETR,T2ET,PA2,A,2,#,reference,candidates(datasheet-pin-table+rm-remap-grid:en)
CH32X033,afio-tim2-remap,PCFR1,PCFR1:18;PCFR1:19;PCFR1:20,6,TIM2,CH1,T2C1,PC19,C,19,#,reference,candidates(datasheet-pin-table+rm-remap-grid:en)
CH32X033,afio-tim2-remap,PCFR1,PCFR1:18;PCFR1:19;PCFR1:20,6,TIM2,ETR,T2ET,PA2,A,2,#,reference,candidates(datasheet-pin-table+rm-remap-grid:en)
CH32X033,afio-tim3-remap,PCFR1,PCFR1:21;PCFR1:22,0,TIM3,CH1,T3C1,PA6,A,6,#,reference,candidates(datasheet-pin-table-default:en)
CH32X033,afio-tim3-remap,PCFR1,PCFR1:21;PCFR1:22,0,TIM3,CH2,T3C2,PA7,A,7,#,reference,candidates(datasheet-pin-table-default:en)
CH32X033,afio-tim3-remap,PCFR1,PCFR1:21;PCFR1:22,2,TIM3,CH1,T3C1,PC19,C,19,#,reference,candidates(datasheet-pin-table+rm-remap-grid:en)
CH32X033,afio-tim3-remap,PCFR1,PCFR1:21;PCFR1:22,2,TIM3,CH2,T3C2,PC18,C,18,#,reference,candidates(datasheet-pin-table+rm-remap-grid:en)
CH32X033,afio-tim3-remap,PCFR1,PCFR1:21;PCFR1:22,3,TIM3,CH1,T3C1,PA3,A,3,#,reference,candidates(datasheet-pin-table+rm-remap-grid:en)
CH32X033,afio-tim3-remap,PCFR1,PCFR1:21;PCFR1:22,3,TIM3,CH2,T3C2,PA4,A,4,#,reference,candidates(datasheet-pin-table+rm-remap-grid:en)
CH32X033,afio-usart1-remap,PCFR1,PCFR1:5;PCFR1:6,0,USART1,CTS,CTS1,PC16,C,16,#,reference,candidates(datasheet-pin-table-default:en)
CH32X033,afio-usart1-remap,PCFR1,PCFR1:5;PCFR1:6,0,USART1,RTS,RTS1,PC17,C,17,#,reference,candidates(datasheet-pin-table-default:en)
CH32X033,afio-usart1-remap,PCFR1,PCFR1:5;PCFR1:6,1,USART1,CTS,CTS1,PC16,C,16,#,reference,candidates(datasheet-pin-table+rm-remap-grid:en)
CH32X033,afio-usart1-remap,PCFR1,PCFR1:5;PCFR1:6,1,USART1,RTS,RTS1,PC17,C,17,#,reference,candidates(datasheet-pin-table+rm-remap-grid:en)
CH32X033,afio-usart1-remap,PCFR1,PCFR1:5;PCFR1:6,1,USART1,RX,RX1,PA11,A,11,#,reference,candidates(datasheet-pin-table+rm-remap-grid:en)
CH32X033,afio-usart1-remap,PCFR1,PCFR1:5;PCFR1:6,1,USART1,TX,TX1,PA10,A,10,#,reference,candidates(datasheet-pin-table+rm-remap-grid:en)
CH32X033,afio-usart1-remap,PCFR1,PCFR1:5;PCFR1:6,2,USART1,CTS,CTS1,PA9,A,9,#,reference,candidates(datasheet-pin-table+rm-remap-grid:en)
CH32X033,afio-usart1-remap,PCFR1,PCFR1:5;PCFR1:6,3,USART1,TX,TX1,PA7,A,7,#,reference,candidates(datasheet-pin-table+rm-remap-grid:en)
CH32X033,afio-usart2-remap,PCFR1,PCFR1:7;PCFR1:8;PCFR1:9,0,USART2,CK,CK2,PA4,A,4,#,reference,candidates(datasheet-pin-table-default:en)
CH32X033,afio-usart2-remap,PCFR1,PCFR1:7;PCFR1:8;PCFR1:9,0,USART2,CTS,CTS2,PA0,A,0,#,reference,candidates(datasheet-pin-table-default:en)
CH32X033,afio-usart2-remap,PCFR1,PCFR1:7;PCFR1:8;PCFR1:9,0,USART2,RTS,RTS2,PA1,A,1,#,reference,candidates(datasheet-pin-table-default:en)
CH32X033,afio-usart2-remap,PCFR1,PCFR1:7;PCFR1:8;PCFR1:9,0,USART2,RX,RX2,PA3,A,3,#,reference,candidates(datasheet-pin-table-default:en)
CH32X033,afio-usart2-remap,PCFR1,PCFR1:7;PCFR1:8;PCFR1:9,0,USART2,TX,TX2,PA2,A,2,#,reference,candidates(datasheet-pin-table-default:en)
CH32X033,afio-usart2-remap,PCFR1,PCFR1:7;PCFR1:8;PCFR1:9,1,USART2,CTS,CTS2,PA1,A,1,#,reference,candidates(datasheet-pin-table+rm-remap-grid:en)
CH32X033,afio-usart2-remap,PCFR1,PCFR1:7;PCFR1:8;PCFR1:9,1,USART2,RTS,RTS2,PA2,A,2,#,reference,candidates(datasheet-pin-table+rm-remap-grid:en)
CH32X033,afio-usart2-remap,PCFR1,PCFR1:7;PCFR1:8;PCFR1:9,3,USART2,RTS,RTS2,PC3,C,3,#,reference,candidates(datasheet-pin-table+rm-remap-grid:en)
CH32X033,afio-usart2-remap,PCFR1,PCFR1:7;PCFR1:8;PCFR1:9,4,USART2,RTS,RTS2,PC3,C,3,#,reference,candidates(datasheet-pin-table+rm-remap-grid:en)
CH32X033,afio-usart3-remap,PCFR1,PCFR1:10;PCFR1:11,0,USART3,RTS,RTS3,PB7,B,7,#,reference,candidates(datasheet-pin-table-default:en)
CH32X033,afio-usart3-remap,PCFR1,PCFR1:10;PCFR1:11,1,USART3,RTS,RTS3,PB7,B,7,#,reference,candidates(datasheet-pin-table+rm-remap-grid:en)
CH32X033,afio-usart3-remap,PCFR1,PCFR1:10;PCFR1:11,1,USART3,RX,RX3,PC19,C,19,#,reference,candidates(datasheet-pin-table+rm-remap-grid:en)
CH32X033,afio-usart3-remap,PCFR1,PCFR1:10;PCFR1:11,1,USART3,TX,TX3,PC18,C,18,#,reference,candidates(datasheet-pin-table+rm-remap-grid:en)
CH32X033,afio-usart3-remap,PCFR1,PCFR1:10;PCFR1:11,2,USART3,CTS,CTS3,PA3,A,3,#,reference,candidates(datasheet-pin-table+rm-remap-grid:en)
CH32X033,afio-usart3-remap,PCFR1,PCFR1:10;PCFR1:11,2,USART3,RTS,RTS3,PA4,A,4,#,reference,candidates(datasheet-pin-table+rm-remap-grid:en)
CH32X033,afio-usart4-remap,PCFR1,PCFR1:12;PCFR1:13;PCFR1:14,0,USART4,RX,RX4,PB1,B,1,#,reference,candidates(datasheet-pin-table-default:en)
CH32X033,afio-usart4-remap,PCFR1,PCFR1:12;PCFR1:13;PCFR1:14,0,USART4,TX,TX4,PB0,B,0,#,reference,candidates(datasheet-pin-table-default:en)
CH32X033,afio-usart4-remap,PCFR1,PCFR1:12;PCFR1:13;PCFR1:14,1,USART4,CK,CK4,PA6,A,6,#,reference,candidates(datasheet-pin-table+rm-remap-grid:en)
CH32X033,afio-usart4-remap,PCFR1,PCFR1:12;PCFR1:13;PCFR1:14,1,USART4,CTS,CTS4,PA7,A,7,#,reference,candidates(datasheet-pin-table+rm-remap-grid:en)
CH32X033,afio-usart4-remap,PCFR1,PCFR1:12;PCFR1:13;PCFR1:14,1,USART4,RX,RX4,PA9,A,9,#,reference,candidates(datasheet-pin-table+rm-remap-grid:en)
CH32X033,afio-usart4-remap,PCFR1,PCFR1:12;PCFR1:13;PCFR1:14,1,USART4,TX,TX4,PA5,A,5,#,reference,candidates(datasheet-pin-table+rm-remap-grid:en)
CH32X033,afio-usart4-remap,PCFR1,PCFR1:12;PCFR1:13;PCFR1:14,2,USART4,RX,RX4,PC17,C,17,#,reference,candidates(datasheet-pin-table+rm-remap-grid:en)
CH32X033,afio-usart4-remap,PCFR1,PCFR1:12;PCFR1:13;PCFR1:14,2,USART4,TX,TX4,PC16,C,16,#,reference,candidates(datasheet-pin-table+rm-remap-grid:en)
CH32X033,afio-usart4-remap,PCFR1,PCFR1:12;PCFR1:13;PCFR1:14,3,USART4,RX,RX4,PA10,A,10,#,reference,candidates(datasheet-pin-table+rm-remap-grid:en)
CH32X033,afio-usart4-remap,PCFR1,PCFR1:12;PCFR1:13;PCFR1:14,4,USART4,CTS,CTS4,PA5,A,5,#,reference,candidates(datasheet-pin-table+rm-remap-grid:en)
CH32X033,afio-usart4-remap,PCFR1,PCFR1:12;PCFR1:13;PCFR1:14,4,USART4,RTS,RTS4,PA6,A,6,#,reference,candidates(datasheet-pin-table+rm-remap-grid:en)
CH32X033,afio-usart4-remap,PCFR1,PCFR1:12;PCFR1:13;PCFR1:14,4,USART4,RX,RX4,PC19,C,19,#,reference,candidates(datasheet-pin-table+rm-remap-grid:en)
CH32X033,afio-usart4-remap,PCFR1,PCFR1:12;PCFR1:13;PCFR1:14,5,USART4,RX,RX4,PC16,C,16,#,reference,candidates(datasheet-pin-table+rm-remap-grid:en)
CH32X033,afio-usart4-remap,PCFR1,PCFR1:12;PCFR1:13;PCFR1:14,5,USART4,TX,TX4,PC17,C,17,#,reference,candidates(datasheet-pin-table+rm-remap-grid:en)
CH32X035,afio-i2c1-remap,PCFR1,PCFR1:2;PCFR1:3;PCFR1:4,0,I2C1,SCL,SCL,PA10,A,10,#,reference,candidates(datasheet-pin-table-default:en)
CH32X035,afio-i2c1-remap,PCFR1,PCFR1:2;PCFR1:3;PCFR1:4,0,I2C1,SDA,SDA,PA11,A,11,#,reference,candidates(datasheet-pin-table-default:en)
CH32X035,afio-i2c1-remap,PCFR1,PCFR1:2;PCFR1:3;PCFR1:4,1,I2C1,SCL,SCL,PA13,A,13,#,reference,candidates(datasheet-pin-table+rm-remap-grid:en)
CH32X035,afio-i2c1-remap,PCFR1,PCFR1:2;PCFR1:3;PCFR1:4,1,I2C1,SDA,SDA,PA14,A,14,#,reference,candidates(datasheet-pin-table+rm-remap-grid:en)
CH32X035,afio-i2c1-remap,PCFR1,PCFR1:2;PCFR1:3;PCFR1:4,2,I2C1,SCL,SCL,PC16,C,16,#,reference,candidates(datasheet-pin-table+rm-remap-grid:en)
CH32X035,afio-i2c1-remap,PCFR1,PCFR1:2;PCFR1:3;PCFR1:4,2,I2C1,SDA,SDA,PC17,C,17,#,reference,candidates(datasheet-pin-table+rm-remap-grid:en)
CH32X035,afio-i2c1-remap,PCFR1,PCFR1:2;PCFR1:3;PCFR1:4,3,I2C1,SCL,SCL,PC19,C,19,#,reference,candidates(datasheet-pin-table+rm-remap-grid:en)
CH32X035,afio-i2c1-remap,PCFR1,PCFR1:2;PCFR1:3;PCFR1:4,3,I2C1,SDA,SDA,PC18,C,18,#,reference,candidates(datasheet-pin-table+rm-remap-grid:en)
CH32X035,afio-i2c1-remap,PCFR1,PCFR1:2;PCFR1:3;PCFR1:4,4,I2C1,SCL,SCL,PC17,C,17,#,reference,candidates(datasheet-pin-table+rm-remap-grid:en)
CH32X035,afio-i2c1-remap,PCFR1,PCFR1:2;PCFR1:3;PCFR1:4,4,I2C1,SDA,SDA,PC16,C,16,#,reference,candidates(datasheet-pin-table+rm-remap-grid:en)
CH32X035,afio-i2c1-remap,PCFR1,PCFR1:2;PCFR1:3;PCFR1:4,5,I2C1,SCL,SCL,PC18,C,18,#,reference,candidates(datasheet-pin-table+rm-remap-grid:en)
CH32X035,afio-i2c1-remap,PCFR1,PCFR1:2;PCFR1:3;PCFR1:4,5,I2C1,SDA,SDA,PC19,C,19,#,reference,candidates(datasheet-pin-table+rm-remap-grid:en)
CH32X035,afio-pioc-remap,PCFR1,PCFR1:23,0,PIOC,IO0,PIOC_IO0,PC18,C,18,#,reference,candidates(datasheet-pin-table-default:en)
CH32X035,afio-pioc-remap,PCFR1,PCFR1:23,0,PIOC,IO1,PIOC_IO1,PC19,C,19,#,reference,candidates(datasheet-pin-table-default:en)
CH32X035,afio-pioc-remap,PCFR1,PCFR1:23,1,PIOC,IO0,PIOC_IO0,PC7,C,7,#,reference,candidates(datasheet-pin-table+rm-remap-grid:en)
CH32X035,afio-spi1-remap,PCFR1,PCFR1:0;PCFR1:1,0,SPI1,NSS,CS,PA4,A,4,#,reference,candidates(datasheet-pin-table-default:en)
CH32X035,afio-spi1-remap,PCFR1,PCFR1:0;PCFR1:1,0,SPI1,MISO,MISO,PA6,A,6,#,reference,candidates(datasheet-pin-table-default:en)
CH32X035,afio-spi1-remap,PCFR1,PCFR1:0;PCFR1:1,0,SPI1,MOSI,MOSI,PA7,A,7,#,reference,candidates(datasheet-pin-table-default:en)
CH32X035,afio-spi1-remap,PCFR1,PCFR1:0;PCFR1:1,0,SPI1,SCK,SCK,PA5,A,5,#,reference,candidates(datasheet-pin-table-default:en)
CH32X035,afio-spi1-remap,PCFR1,PCFR1:0;PCFR1:1,1,SPI1,NSS,CS,PB21,B,21,#,reference,candidates(datasheet-pin-table+rm-remap-grid:en)
CH32X035,afio-spi1-remap,PCFR1,PCFR1:0;PCFR1:1,1,SPI1,MISO,MISO,PA8,A,8,#,reference,candidates(datasheet-pin-table+rm-remap-grid:en)
CH32X035,afio-spi1-remap,PCFR1,PCFR1:0;PCFR1:1,1,SPI1,MOSI,MOSI,PA9,A,9,#,reference,candidates(datasheet-pin-table+rm-remap-grid:en)
CH32X035,afio-spi1-remap,PCFR1,PCFR1:0;PCFR1:1,1,SPI1,SCK,SCK,PB15,B,15,#,reference,candidates(datasheet-pin-table+rm-remap-grid:en)
CH32X035,afio-spi1-remap,PCFR1,PCFR1:0;PCFR1:1,2,SPI1,NSS,CS,PA12,A,12,#,reference,candidates(datasheet-pin-table+rm-remap-grid:en)
CH32X035,afio-spi1-remap,PCFR1,PCFR1:0;PCFR1:1,2,SPI1,MISO,MISO,PA9,A,9,#,reference,candidates(datasheet-pin-table+rm-remap-grid:en)
CH32X035,afio-spi1-remap,PCFR1,PCFR1:0;PCFR1:1,2,SPI1,MOSI,MOSI,PA10,A,10,#,reference,candidates(datasheet-pin-table+rm-remap-grid:en)
CH32X035,afio-spi1-remap,PCFR1,PCFR1:0;PCFR1:1,2,SPI1,SCK,SCK,PA11,A,11,#,reference,candidates(datasheet-pin-table+rm-remap-grid:en)
CH32X035,afio-spi1-remap,PCFR1,PCFR1:0;PCFR1:1,3,SPI1,NSS,CS,PC4,C,4,#,reference,candidates(datasheet-pin-table+rm-remap-grid:en)
CH32X035,afio-spi1-remap,PCFR1,PCFR1:0;PCFR1:1,3,SPI1,MISO,MISO,PC6,C,6,#,reference,candidates(datasheet-pin-table+rm-remap-grid:en)
CH32X035,afio-spi1-remap,PCFR1,PCFR1:0;PCFR1:1,3,SPI1,MOSI,MOSI,PC7,C,7,#,reference,candidates(datasheet-pin-table+rm-remap-grid:en)
CH32X035,afio-spi1-remap,PCFR1,PCFR1:0;PCFR1:1,3,SPI1,SCK,SCK,PC5,C,5,#,reference,candidates(datasheet-pin-table+rm-remap-grid:en)
CH32X035,afio-tim1-remap,PCFR1,PCFR1:15;PCFR1:16;PCFR1:17,0,TIM1,BKIN,T1BK,PB5,B,5,#,reference,candidates(datasheet-pin-table-default:en)
CH32X035,afio-tim1-remap,PCFR1,PCFR1:15;PCFR1:16;PCFR1:17,0,TIM1,CH1,T1C1,PB9,B,9,#,reference,candidates(datasheet-pin-table-default:en)
CH32X035,afio-tim1-remap,PCFR1,PCFR1:15;PCFR1:16;PCFR1:17,0,TIM1,CH1N,T1C1N,PB6,B,6,#,reference,candidates(datasheet-pin-table-default:en)
CH32X035,afio-tim1-remap,PCFR1,PCFR1:15;PCFR1:16;PCFR1:17,0,TIM1,CH2,T1C2,PB10,B,10,#,reference,candidates(datasheet-pin-table-default:en)
CH32X035,afio-tim1-remap,PCFR1,PCFR1:15;PCFR1:16;PCFR1:17,0,TIM1,CH2N,T1C2N,PB7,B,7,#,reference,candidates(datasheet-pin-table-default:en)
CH32X035,afio-tim1-remap,PCFR1,PCFR1:15;PCFR1:16;PCFR1:17,0,TIM1,CH3,T1C3,PB11,B,11,#,reference,candidates(datasheet-pin-table-default:en)
CH32X035,afio-tim1-remap,PCFR1,PCFR1:15;PCFR1:16;PCFR1:17,0,TIM1,CH3N,T1C3N,PB8,B,8,#,reference,candidates(datasheet-pin-table-default:en)
CH32X035,afio-tim1-remap,PCFR1,PCFR1:15;PCFR1:16;PCFR1:17,0,TIM1,CH4,T1C4,PC16,C,16,#,reference,candidates(datasheet-pin-table-default:en)
CH32X035,afio-tim1-remap,PCFR1,PCFR1:15;PCFR1:16;PCFR1:17,0,TIM1,ETR,T1ET,PC17,C,17,#,reference,candidates(datasheet-pin-table-default:en)
CH32X035,afio-tim1-remap,PCFR1,PCFR1:15;PCFR1:16;PCFR1:17,1,TIM1,BKIN,T1BK,PA6,A,6,#,reference,candidates(datasheet-pin-table+rm-remap-grid:en)
CH32X035,afio-tim1-remap,PCFR1,PCFR1:15;PCFR1:16;PCFR1:17,1,TIM1,CH1,T1C1,PB9,B,9,#,reference,candidates(datasheet-pin-table+rm-remap-grid:en)
CH32X035,afio-tim1-remap,PCFR1,PCFR1:15;PCFR1:16;PCFR1:17,1,TIM1,CH1N,T1C1N,PA7,A,7,#,reference,candidates(datasheet-pin-table+rm-remap-grid:en)
CH32X035,afio-tim1-remap,PCFR1,PCFR1:15;PCFR1:16;PCFR1:17,1,TIM1,CH2,T1C2,PB10,B,10,#,reference,candidates(datasheet-pin-table+rm-remap-grid:en)
CH32X035,afio-tim1-remap,PCFR1,PCFR1:15;PCFR1:16;PCFR1:17,1,TIM1,CH2N,T1C2N,PB0,B,0,#,reference,candidates(datasheet-pin-table+rm-remap-grid:en)
CH32X035,afio-tim1-remap,PCFR1,PCFR1:15;PCFR1:16;PCFR1:17,1,TIM1,CH3,T1C3,PB11,B,11,#,reference,candidates(datasheet-pin-table+rm-remap-grid:en)
CH32X035,afio-tim1-remap,PCFR1,PCFR1:15;PCFR1:16;PCFR1:17,1,TIM1,CH3N,T1C3N,PB1,B,1,#,reference,candidates(datasheet-pin-table+rm-remap-grid:en)
CH32X035,afio-tim1-remap,PCFR1,PCFR1:15;PCFR1:16;PCFR1:17,1,TIM1,CH4,T1C4,PC16,C,16,#,reference,candidates(datasheet-pin-table+rm-remap-grid:en)
CH32X035,afio-tim1-remap,PCFR1,PCFR1:15;PCFR1:16;PCFR1:17,1,TIM1,ETR,T1ET,PC17,C,17,#,reference,candidates(datasheet-pin-table+rm-remap-grid:en)
CH32X035,afio-tim1-remap,PCFR1,PCFR1:15;PCFR1:16;PCFR1:17,2,TIM1,BKIN,T1BK,PB5,B,5,#,reference,candidates(datasheet-pin-table+rm-remap-grid:en)
CH32X035,afio-tim1-remap,PCFR1,PCFR1:15;PCFR1:16;PCFR1:17,2,TIM1,CH1,T1C1,PB9,B,9,#,reference,candidates(datasheet-pin-table+rm-remap-grid:en)
CH32X035,afio-tim1-remap,PCFR1,PCFR1:15;PCFR1:16;PCFR1:17,2,TIM1,CH1N,T1C1N,PB6,B,6,#,reference,candidates(datasheet-pin-table+rm-remap-grid:en)
CH32X035,afio-tim1-remap,PCFR1,PCFR1:15;PCFR1:16;PCFR1:17,2,TIM1,CH2,T1C2,PB10,B,10,#,reference,candidates(datasheet-pin-table+rm-remap-grid:en)
CH32X035,afio-tim1-remap,PCFR1,PCFR1:15;PCFR1:16;PCFR1:17,2,TIM1,CH2N,T1C2N,PB7,B,7,#,reference,candidates(datasheet-pin-table+rm-remap-grid:en)
CH32X035,afio-tim1-remap,PCFR1,PCFR1:15;PCFR1:16;PCFR1:17,2,TIM1,CH3,T1C3,PB11,B,11,#,reference,candidates(datasheet-pin-table+rm-remap-grid:en)
CH32X035,afio-tim1-remap,PCFR1,PCFR1:15;PCFR1:16;PCFR1:17,2,TIM1,CH3N,T1C3N,PB8,B,8,#,reference,candidates(datasheet-pin-table+rm-remap-grid:en)
CH32X035,afio-tim1-remap,PCFR1,PCFR1:15;PCFR1:16;PCFR1:17,2,TIM1,CH4,T1C4,PB12,B,12,#,reference,candidates(datasheet-pin-table+rm-remap-grid:en)
CH32X035,afio-tim1-remap,PCFR1,PCFR1:15;PCFR1:16;PCFR1:17,2,TIM1,ETR,T1ET,PC18,C,18,#,reference,candidates(datasheet-pin-table+rm-remap-grid:en)
CH32X035,afio-tim1-remap,PCFR1,PCFR1:15;PCFR1:16;PCFR1:17,3,TIM1,BKIN,T1BK,PC4,C,4,#,reference,candidates(datasheet-pin-table+rm-remap-grid:en)
CH32X035,afio-tim1-remap,PCFR1,PCFR1:15;PCFR1:16;PCFR1:17,3,TIM1,CH1,T1C1,PC0,C,0,#,reference,candidates(datasheet-pin-table+rm-remap-grid:en)
CH32X035,afio-tim1-remap,PCFR1,PCFR1:15;PCFR1:16;PCFR1:17,3,TIM1,CH1N,T1C1N,PC5,C,5,#,reference,candidates(datasheet-pin-table+rm-remap-grid:en)
CH32X035,afio-tim1-remap,PCFR1,PCFR1:15;PCFR1:16;PCFR1:17,3,TIM1,CH2,T1C2,PC1,C,1,#,reference,candidates(datasheet-pin-table+rm-remap-grid:en)
CH32X035,afio-tim1-remap,PCFR1,PCFR1:15;PCFR1:16;PCFR1:17,3,TIM1,CH2N,T1C2N,PC6,C,6,#,reference,candidates(datasheet-pin-table+rm-remap-grid:en)
CH32X035,afio-tim1-remap,PCFR1,PCFR1:15;PCFR1:16;PCFR1:17,3,TIM1,CH3,T1C3,PC2,C,2,#,reference,candidates(datasheet-pin-table+rm-remap-grid:en)
CH32X035,afio-tim1-remap,PCFR1,PCFR1:15;PCFR1:16;PCFR1:17,3,TIM1,CH3N,T1C3N,PC7,C,7,#,reference,candidates(datasheet-pin-table+rm-remap-grid:en)
CH32X035,afio-tim1-remap,PCFR1,PCFR1:15;PCFR1:16;PCFR1:17,3,TIM1,CH4,T1C4,PC3,C,3,#,reference,candidates(datasheet-pin-table+rm-remap-grid:en)
CH32X035,afio-tim1-remap,PCFR1,PCFR1:15;PCFR1:16;PCFR1:17,3,TIM1,ETR,T1ET,PC18,C,18,#,reference,candidates(datasheet-pin-table+rm-remap-grid:en)
CH32X035,afio-tim1-remap,PCFR1,PCFR1:15;PCFR1:16;PCFR1:17,4,TIM1,CH3,T1C3,PC14,C,14,#,reference,candidates(datasheet-pin-table+rm-remap-grid:en)
CH32X035,afio-tim1-remap,PCFR1,PCFR1:15;PCFR1:16;PCFR1:17,4,TIM1,ETR,T1ET,PC15,C,15,#,reference,candidates(datasheet-pin-table+rm-remap-grid:en)
CH32X035,afio-tim2-remap,PCFR1,PCFR1:18;PCFR1:19;PCFR1:20,0,TIM2,BKIN,T2BK,PA20,A,20,#,reference,candidates(datasheet-pin-table-default:en)
CH32X035,afio-tim2-remap,PCFR1,PCFR1:18;PCFR1:19;PCFR1:20,0,TIM2,CH1,T2C1,PA0,A,0,#,reference,candidates(datasheet-pin-table-default:en)
CH32X035,afio-tim2-remap,PCFR1,PCFR1:18;PCFR1:19;PCFR1:20,0,TIM2,CH1N,T2C1N,PA21,A,21,#,reference,candidates(datasheet-pin-table-default:en)
CH32X035,afio-tim2-remap,PCFR1,PCFR1:18;PCFR1:19;PCFR1:20,0,TIM2,CH2,T2C2,PA1,A,1,#,reference,candidates(datasheet-pin-table-default:en)
CH32X035,afio-tim2-remap,PCFR1,PCFR1:18;PCFR1:19;PCFR1:20,0,TIM2,CH2N,T2C2N,PA22,A,22,#,reference,candidates(datasheet-pin-table-default:en)
CH32X035,afio-tim2-remap,PCFR1,PCFR1:18;PCFR1:19;PCFR1:20,0,TIM2,CH3,T2C3,PA2,A,2,#,reference,candidates(datasheet-pin-table-default:en)
CH32X035,afio-tim2-remap,PCFR1,PCFR1:18;PCFR1:19;PCFR1:20,0,TIM2,CH3N,T2C3N,PA23,A,23,#,reference,candidates(datasheet-pin-table-default:en)
CH32X035,afio-tim2-remap,PCFR1,PCFR1:18;PCFR1:19;PCFR1:20,0,TIM2,CH4,T2C4,PA3,A,3,#,reference,candidates(datasheet-pin-table-default:en)
CH32X035,afio-tim2-remap,PCFR1,PCFR1:18;PCFR1:19;PCFR1:20,0,TIM2,ETR,T2ET,PA19,A,19,#,reference,candidates(datasheet-pin-table-default:en)
CH32X035,afio-tim2-remap,PCFR1,PCFR1:18;PCFR1:19;PCFR1:20,1,TIM2,BKIN,T2BK,PA9,A,9,#,reference,candidates(datasheet-pin-table+rm-remap-grid:en)
CH32X035,afio-tim2-remap,PCFR1,PCFR1:18;PCFR1:19;PCFR1:20,1,TIM2,CH1,T2C1,PB21,B,21,#,reference,candidates(datasheet-pin-table+rm-remap-grid:en)
CH32X035,afio-tim2-remap,PCFR1,PCFR1:18;PCFR1:19;PCFR1:20,1,TIM2,CH1N,T2C1N,PA12,A,12,#,reference,candidates(datasheet-pin-table+rm-remap-grid:en)
CH32X035,afio-tim2-remap,PCFR1,PCFR1:18;PCFR1:19;PCFR1:20,1,TIM2,CH2,T2C2,PB15,B,15,#,reference,candidates(datasheet-pin-table+rm-remap-grid:en)
CH32X035,afio-tim2-remap,PCFR1,PCFR1:18;PCFR1:19;PCFR1:20,1,TIM2,CH2N,T2C2N,PA13,A,13,#,reference,candidates(datasheet-pin-table+rm-remap-grid:en)
CH32X035,afio-tim2-remap,PCFR1,PCFR1:18;PCFR1:19;PCFR1:20,1,TIM2,CH3,T2C3,PA2,A,2,#,reference,candidates(datasheet-pin-table+rm-remap-grid:en)
CH32X035,afio-tim2-remap,PCFR1,PCFR1:18;PCFR1:19;PCFR1:20,1,TIM2,CH3N,T2C3N,PA14,A,14,#,reference,candidates(datasheet-pin-table+rm-remap-grid:en)
CH32X035,afio-tim2-remap,PCFR1,PCFR1:18;PCFR1:19;PCFR1:20,1,TIM2,CH4,T2C4,PA3,A,3,#,reference,candidates(datasheet-pin-table+rm-remap-grid:en)
CH32X035,afio-tim2-remap,PCFR1,PCFR1:18;PCFR1:19;PCFR1:20,1,TIM2,ETR,T2ET,PA18,A,18,#,reference,candidates(datasheet-pin-table+rm-remap-grid:en)
CH32X035,afio-tim2-remap,PCFR1,PCFR1:18;PCFR1:19;PCFR1:20,2,TIM2,BKIN,T2BK,PA20,A,20,#,reference,candidates(datasheet-pin-table+rm-remap-grid:en)
CH32X035,afio-tim2-remap,PCFR1,PCFR1:18;PCFR1:19;PCFR1:20,2,TIM2,CH1,T2C1,PA0,A,0,#,reference,candidates(datasheet-pin-table+rm-remap-grid:en)
CH32X035,afio-tim2-remap,PCFR1,PCFR1:18;PCFR1:19;PCFR1:20,2,TIM2,CH1N,T2C1N,PC3,C,3,#,reference,candidates(datasheet-pin-table+rm-remap-grid:en)
CH32X035,afio-tim2-remap,PCFR1,PCFR1:18;PCFR1:19;PCFR1:20,2,TIM2,CH2,T2C2,PA1,A,1,#,reference,candidates(datasheet-pin-table+rm-remap-grid:en)
CH32X035,afio-tim2-remap,PCFR1,PCFR1:18;PCFR1:19;PCFR1:20,2,TIM2,CH2N,T2C2N,PA22,A,22,#,reference,candidates(datasheet-pin-table+rm-remap-grid:en)
CH32X035,afio-tim2-remap,PCFR1,PCFR1:18;PCFR1:19;PCFR1:20,2,TIM2,CH3,T2C3,PB3,B,3,#,reference,candidates(datasheet-pin-table+rm-remap-grid:en)
CH32X035,afio-tim2-remap,PCFR1,PCFR1:18;PCFR1:19;PCFR1:20,2,TIM2,CH3N,T2C3N,PA23,A,23,#,reference,candidates(datasheet-pin-table+rm-remap-grid:en)
CH32X035,afio-tim2-remap,PCFR1,PCFR1:18;PCFR1:19;PCFR1:20,2,TIM2,CH4,T2C4,PB4,B,4,#,reference,candidates(datasheet-pin-table+rm-remap-grid:en)
CH32X035,afio-tim2-remap,PCFR1,PCFR1:18;PCFR1:19;PCFR1:20,2,TIM2,ETR,T2ET,PA19,A,19,#,reference,candidates(datasheet-pin-table+rm-remap-grid:en)
CH32X035,afio-tim2-remap,PCFR1,PCFR1:18;PCFR1:19;PCFR1:20,3,TIM2,BKIN,T2BK,PA9,A,9,#,reference,candidates(datasheet-pin-table+rm-remap-grid:en)
CH32X035,afio-tim2-remap,PCFR1,PCFR1:18;PCFR1:19;PCFR1:20,3,TIM2,CH1,T2C1,PB21,B,21,#,reference,candidates(datasheet-pin-table+rm-remap-grid:en)
CH32X035,afio-tim2-remap,PCFR1,PCFR1:18;PCFR1:19;PCFR1:20,3,TIM2,CH1N,T2C1N,PA12,A,12,#,reference,candidates(datasheet-pin-table+rm-remap-grid:en)
CH32X035,afio-tim2-remap,PCFR1,PCFR1:18;PCFR1:19;PCFR1:20,3,TIM2,CH2,T2C2,PB15,B,15,#,reference,candidates(datasheet-pin-table+rm-remap-grid:en)
CH32X035,afio-tim2-remap,PCFR1,PCFR1:18;PCFR1:19;PCFR1:20,3,TIM2,CH2N,T2C2N,PA13,A,13,#,reference,candidates(datasheet-pin-table+rm-remap-grid:en)
CH32X035,afio-tim2-remap,PCFR1,PCFR1:18;PCFR1:19;PCFR1:20,3,TIM2,CH3,T2C3,PB3,B,3,#,reference,candidates(datasheet-pin-table+rm-remap-grid:en)
CH32X035,afio-tim2-remap,PCFR1,PCFR1:18;PCFR1:19;PCFR1:20,3,TIM2,CH3N,T2C3N,PA14,A,14,#,reference,candidates(datasheet-pin-table+rm-remap-grid:en)
CH32X035,afio-tim2-remap,PCFR1,PCFR1:18;PCFR1:19;PCFR1:20,3,TIM2,CH4,T2C4,PB4,B,4,#,reference,candidates(datasheet-pin-table+rm-remap-grid:en)
CH32X035,afio-tim2-remap,PCFR1,PCFR1:18;PCFR1:19;PCFR1:20,3,TIM2,ETR,T2ET,PA18,A,18,#,reference,candidates(datasheet-pin-table+rm-remap-grid:en)
CH32X035,afio-tim2-remap,PCFR1,PCFR1:18;PCFR1:19;PCFR1:20,4,TIM2,BKIN,T2BK,PC0,C,0,#,reference,candidates(datasheet-pin-table+rm-remap-grid:en)
CH32X035,afio-tim2-remap,PCFR1,PCFR1:18;PCFR1:19;PCFR1:20,4,TIM2,CH1,T2C1,PB16,B,16,#,reference,candidates(datasheet-pin-table+rm-remap-grid:en)
CH32X035,afio-tim2-remap,PCFR1,PCFR1:18;PCFR1:19;PCFR1:20,4,TIM2,CH1N,T2C1N,PC1,C,1,#,reference,candidates(datasheet-pin-table+rm-remap-grid:en)
CH32X035,afio-tim2-remap,PCFR1,PCFR1:18;PCFR1:19;PCFR1:20,4,TIM2,CH2,T2C2,PB17,B,17,#,reference,candidates(datasheet-pin-table+rm-remap-grid:en)
CH32X035,afio-tim2-remap,PCFR1,PCFR1:18;PCFR1:19;PCFR1:20,4,TIM2,CH2N,T2C2N,PC2,C,2,#,reference,candidates(datasheet-pin-table+rm-remap-grid:en)
CH32X035,afio-tim2-remap,PCFR1,PCFR1:18;PCFR1:19;PCFR1:20,4,TIM2,CH3,T2C3,PB18,B,18,#,reference,candidates(datasheet-pin-table+rm-remap-grid:en)
CH32X035,afio-tim2-remap,PCFR1,PCFR1:18;PCFR1:19;PCFR1:20,4,TIM2,CH3N,T2C3N,PC3,C,3,#,reference,candidates(datasheet-pin-table+rm-remap-grid:en)
CH32X035,afio-tim2-remap,PCFR1,PCFR1:18;PCFR1:19;PCFR1:20,4,TIM2,CH4,T2C4,PB19,B,19,#,reference,candidates(datasheet-pin-table+rm-remap-grid:en)
CH32X035,afio-tim2-remap,PCFR1,PCFR1:18;PCFR1:19;PCFR1:20,4,TIM2,ETR,T2ET,PC4,C,4,#,reference,candidates(datasheet-pin-table+rm-remap-grid:en)
CH32X035,afio-tim2-remap,PCFR1,PCFR1:18;PCFR1:19;PCFR1:20,5,TIM2,BKIN,T2BK,PB4,B,4,#,reference,candidates(datasheet-pin-table+rm-remap-grid:en)
CH32X035,afio-tim2-remap,PCFR1,PCFR1:18;PCFR1:19;PCFR1:20,5,TIM2,CH1,T2C1,PC19,C,19,#,reference,candidates(datasheet-pin-table+rm-remap-grid:en)
CH32X035,afio-tim2-remap,PCFR1,PCFR1:18;PCFR1:19;PCFR1:20,5,TIM2,CH1N,T2C1N,PC18,C,18,#,reference,candidates(datasheet-pin-table+rm-remap-grid:en)
CH32X035,afio-tim2-remap,PCFR1,PCFR1:18;PCFR1:19;PCFR1:20,5,TIM2,CH2,T2C2,PA12,A,12,#,reference,candidates(datasheet-pin-table+rm-remap-grid:en)
CH32X035,afio-tim2-remap,PCFR1,PCFR1:18;PCFR1:19;PCFR1:20,5,TIM2,CH2N,T2C2N,PB12,B,12,#,reference,candidates(datasheet-pin-table+rm-remap-grid:en)
CH32X035,afio-tim2-remap,PCFR1,PCFR1:18;PCFR1:19;PCFR1:20,5,TIM2,CH3,T2C3,PA13,A,13,#,reference,candidates(datasheet-pin-table+rm-remap-grid:en)
CH32X035,afio-tim2-remap,PCFR1,PCFR1:18;PCFR1:19;PCFR1:20,5,TIM2,CH3N,T2C3N,PB3,B,3,#,reference,candidates(datasheet-pin-table+rm-remap-grid:en)
CH32X035,afio-tim2-remap,PCFR1,PCFR1:18;PCFR1:19;PCFR1:20,5,TIM2,CH4,T2C4,PC0,C,0,#,reference,candidates(datasheet-pin-table+rm-remap-grid:en)
CH32X035,afio-tim2-remap,PCFR1,PCFR1:18;PCFR1:19;PCFR1:20,5,TIM2,ETR,T2ET,PA2,A,2,#,reference,candidates(datasheet-pin-table+rm-remap-grid:en)
CH32X035,afio-tim2-remap,PCFR1,PCFR1:18;PCFR1:19;PCFR1:20,6,TIM2,BKIN,T2BK,PB4,B,4,#,reference,candidates(datasheet-pin-table+rm-remap-grid:en)
CH32X035,afio-tim2-remap,PCFR1,PCFR1:18;PCFR1:19;PCFR1:20,6,TIM2,CH1,T2C1,PC19,C,19,#,reference,candidates(datasheet-pin-table+rm-remap-grid:en)
CH32X035,afio-tim2-remap,PCFR1,PCFR1:18;PCFR1:19;PCFR1:20,6,TIM2,CH1N,T2C1N,PB11,B,11,#,reference,candidates(datasheet-pin-table+rm-remap-grid:en)
CH32X035,afio-tim2-remap,PCFR1,PCFR1:18;PCFR1:19;PCFR1:20,6,TIM2,CH2,T2C2,PC14,C,14,#,reference,candidates(datasheet-pin-table+rm-remap-grid:en)
CH32X035,afio-tim2-remap,PCFR1,PCFR1:18;PCFR1:19;PCFR1:20,6,TIM2,CH2N,T2C2N,PB12,B,12,#,reference,candidates(datasheet-pin-table+rm-remap-grid:en)
CH32X035,afio-tim2-remap,PCFR1,PCFR1:18;PCFR1:19;PCFR1:20,6,TIM2,CH3,T2C3,PC15,C,15,#,reference,candidates(datasheet-pin-table+rm-remap-grid:en)
CH32X035,afio-tim2-remap,PCFR1,PCFR1:18;PCFR1:19;PCFR1:20,6,TIM2,CH3N,T2C3N,PB3,B,3,#,reference,candidates(datasheet-pin-table+rm-remap-grid:en)
CH32X035,afio-tim2-remap,PCFR1,PCFR1:18;PCFR1:19;PCFR1:20,6,TIM2,CH4,T2C4,PC0,C,0,#,reference,candidates(datasheet-pin-table+rm-remap-grid:en)
CH32X035,afio-tim2-remap,PCFR1,PCFR1:18;PCFR1:19;PCFR1:20,6,TIM2,ETR,T2ET,PA2,A,2,#,reference,candidates(datasheet-pin-table+rm-remap-grid:en)
CH32X035,afio-tim3-remap,PCFR1,PCFR1:21;PCFR1:22,0,TIM3,CH1,T3C1,PA6,A,6,#,reference,candidates(datasheet-pin-table-default:en)
CH32X035,afio-tim3-remap,PCFR1,PCFR1:21;PCFR1:22,0,TIM3,CH2,T3C2,PA7,A,7,#,reference,candidates(datasheet-pin-table-default:en)
CH32X035,afio-tim3-remap,PCFR1,PCFR1:21;PCFR1:22,1,TIM3,CH1,T3C1,PB4,B,4,#,reference,candidates(datasheet-pin-table+rm-remap-grid:en)
CH32X035,afio-tim3-remap,PCFR1,PCFR1:21;PCFR1:22,1,TIM3,CH2,T3C2,PB5,B,5,#,reference,candidates(datasheet-pin-table+rm-remap-grid:en)
CH32X035,afio-tim3-remap,PCFR1,PCFR1:21;PCFR1:22,2,TIM3,CH1,T3C1,PC19,C,19,#,reference,candidates(datasheet-pin-table+rm-remap-grid:en)
CH32X035,afio-tim3-remap,PCFR1,PCFR1:21;PCFR1:22,2,TIM3,CH2,T3C2,PC18,C,18,#,reference,candidates(datasheet-pin-table+rm-remap-grid:en)
CH32X035,afio-tim3-remap,PCFR1,PCFR1:21;PCFR1:22,3,TIM3,CH1,T3C1,PA3,A,3,#,reference,candidates(datasheet-pin-table+rm-remap-grid:en)
CH32X035,afio-tim3-remap,PCFR1,PCFR1:21;PCFR1:22,3,TIM3,CH2,T3C2,PA4,A,4,#,reference,candidates(datasheet-pin-table+rm-remap-grid:en)
CH32X035,afio-usart1-remap,PCFR1,PCFR1:5;PCFR1:6,0,USART1,CK,CK1,PB9,B,9,#,reference,candidates(datasheet-pin-table-default:en)
CH32X035,afio-usart1-remap,PCFR1,PCFR1:5;PCFR1:6,0,USART1,CTS,CTS1,PC16,C,16,#,reference,candidates(datasheet-pin-table-default:en)
CH32X035,afio-usart1-remap,PCFR1,PCFR1:5;PCFR1:6,0,USART1,RTS,RTS1,PC17,C,17,#,reference,candidates(datasheet-pin-table-default:en)
CH32X035,afio-usart1-remap,PCFR1,PCFR1:5;PCFR1:6,0,USART1,RX,RX1,PB11,B,11,#,reference,candidates(datasheet-pin-table-default:en)
CH32X035,afio-usart1-remap,PCFR1,PCFR1:5;PCFR1:6,0,USART1,TX,TX1,PB10,B,10,#,reference,candidates(datasheet-pin-table-default:en)
CH32X035,afio-usart1-remap,PCFR1,PCFR1:5;PCFR1:6,1,USART1,CK,CK1,PB9,B,9,#,reference,candidates(datasheet-pin-table+rm-remap-grid:en)
CH32X035,afio-usart1-remap,PCFR1,PCFR1:5;PCFR1:6,1,USART1,CTS,CTS1,PC16,C,16,#,reference,candidates(datasheet-pin-table+rm-remap-grid:en)
CH32X035,afio-usart1-remap,PCFR1,PCFR1:5;PCFR1:6,1,USART1,RTS,RTS1,PC17,C,17,#,reference,candidates(datasheet-pin-table+rm-remap-grid:en)
CH32X035,afio-usart1-remap,PCFR1,PCFR1:5;PCFR1:6,1,USART1,RX,RX1,PA11,A,11,#,reference,candidates(datasheet-pin-table+rm-remap-grid:en)
CH32X035,afio-usart1-remap,PCFR1,PCFR1:5;PCFR1:6,1,USART1,TX,TX1,PA10,A,10,#,reference,candidates(datasheet-pin-table+rm-remap-grid:en)
CH32X035,afio-usart1-remap,PCFR1,PCFR1:5;PCFR1:6,2,USART1,CK,CK1,PB5,B,5,#,reference,candidates(datasheet-pin-table+rm-remap-grid:en)
CH32X035,afio-usart1-remap,PCFR1,PCFR1:5;PCFR1:6,2,USART1,CTS,CTS1,PA9,A,9,#,reference,candidates(datasheet-pin-table+rm-remap-grid:en)
CH32X035,afio-usart1-remap,PCFR1,PCFR1:5;PCFR1:6,2,USART1,RTS,RTS1,PA8,A,8,#,reference,candidates(datasheet-pin-table+rm-remap-grid:en)
CH32X035,afio-usart1-remap,PCFR1,PCFR1:5;PCFR1:6,2,USART1,RX,RX1,PB11,B,11,#,reference,candidates(datasheet-pin-table+rm-remap-grid:en)
CH32X035,afio-usart1-remap,PCFR1,PCFR1:5;PCFR1:6,2,USART1,TX,TX1,PB10,B,10,#,reference,candidates(datasheet-pin-table+rm-remap-grid:en)
CH32X035,afio-usart1-remap,PCFR1,PCFR1:5;PCFR1:6,3,USART1,CK,CK1,PB12,B,12,#,reference,candidates(datasheet-pin-table+rm-remap-grid:en)
CH32X035,afio-usart1-remap,PCFR1,PCFR1:5;PCFR1:6,3,USART1,CTS,CTS1,PA13,A,13,#,reference,candidates(datasheet-pin-table+rm-remap-grid:en)
CH32X035,afio-usart1-remap,PCFR1,PCFR1:5;PCFR1:6,3,USART1,RTS,RTS1,PA14,A,14,#,reference,candidates(datasheet-pin-table+rm-remap-grid:en)
CH32X035,afio-usart1-remap,PCFR1,PCFR1:5;PCFR1:6,3,USART1,RX,RX1,PB2,B,2,#,reference,candidates(datasheet-pin-table+rm-remap-grid:en)
CH32X035,afio-usart1-remap,PCFR1,PCFR1:5;PCFR1:6,3,USART1,TX,TX1,PA7,A,7,#,reference,candidates(datasheet-pin-table+rm-remap-grid:en)
CH32X035,afio-usart2-remap,PCFR1,PCFR1:7;PCFR1:8;PCFR1:9,0,USART2,CK,CK2,PA4,A,4,#,reference,candidates(datasheet-pin-table-default:en)
CH32X035,afio-usart2-remap,PCFR1,PCFR1:7;PCFR1:8;PCFR1:9,0,USART2,CTS,CTS2,PA0,A,0,#,reference,candidates(datasheet-pin-table-default:en)
CH32X035,afio-usart2-remap,PCFR1,PCFR1:7;PCFR1:8;PCFR1:9,0,USART2,RTS,RTS2,PA1,A,1,#,reference,candidates(datasheet-pin-table-default:en)
CH32X035,afio-usart2-remap,PCFR1,PCFR1:7;PCFR1:8;PCFR1:9,0,USART2,RX,RX2,PA3,A,3,#,reference,candidates(datasheet-pin-table-default:en)
CH32X035,afio-usart2-remap,PCFR1,PCFR1:7;PCFR1:8;PCFR1:9,0,USART2,TX,TX2,PA2,A,2,#,reference,candidates(datasheet-pin-table-default:en)
CH32X035,afio-usart2-remap,PCFR1,PCFR1:7;PCFR1:8;PCFR1:9,1,USART2,CK,CK2,PA23,A,23,#,reference,candidates(datasheet-pin-table+rm-remap-grid:en)
CH32X035,afio-usart2-remap,PCFR1,PCFR1:7;PCFR1:8;PCFR1:9,1,USART2,CTS,CTS2,PA1,A,1,#,reference,candidates(datasheet-pin-table+rm-remap-grid:en)
CH32X035,afio-usart2-remap,PCFR1,PCFR1:7;PCFR1:8;PCFR1:9,1,USART2,RTS,RTS2,PA2,A,2,#,reference,candidates(datasheet-pin-table+rm-remap-grid:en)
CH32X035,afio-usart2-remap,PCFR1,PCFR1:7;PCFR1:8;PCFR1:9,1,USART2,RX,RX2,PA19,A,19,#,reference,candidates(datasheet-pin-table+rm-remap-grid:en)
CH32X035,afio-usart2-remap,PCFR1,PCFR1:7;PCFR1:8;PCFR1:9,1,USART2,TX,TX2,PA20,A,20,#,reference,candidates(datasheet-pin-table+rm-remap-grid:en)
CH32X035,afio-usart2-remap,PCFR1,PCFR1:7;PCFR1:8;PCFR1:9,2,USART2,CK,CK2,PA22,A,22,#,reference,candidates(datasheet-pin-table+rm-remap-grid:en)
CH32X035,afio-usart2-remap,PCFR1,PCFR1:7;PCFR1:8;PCFR1:9,2,USART2,CTS,CTS2,PA17,A,17,#,reference,candidates(datasheet-pin-table+rm-remap-grid:en)
CH32X035,afio-usart2-remap,PCFR1,PCFR1:7;PCFR1:8;PCFR1:9,2,USART2,RTS,RTS2,PA21,A,21,#,reference,candidates(datasheet-pin-table+rm-remap-grid:en)
CH32X035,afio-usart2-remap,PCFR1,PCFR1:7;PCFR1:8;PCFR1:9,2,USART2,RX,RX2,PA16,A,16,#,reference,candidates(datasheet-pin-table+rm-remap-grid:en)
CH32X035,afio-usart2-remap,PCFR1,PCFR1:7;PCFR1:8;PCFR1:9,2,USART2,TX,TX2,PA15,A,15,#,reference,candidates(datasheet-pin-table+rm-remap-grid:en)
CH32X035,afio-usart2-remap,PCFR1,PCFR1:7;PCFR1:8;PCFR1:9,3,USART2,CK,CK2,PB20,B,20,#,reference,candidates(datasheet-pin-table+rm-remap-grid:en)
CH32X035,afio-usart2-remap,PCFR1,PCFR1:7;PCFR1:8;PCFR1:9,3,USART2,CTS,CTS2,PC2,C,2,#,reference,candidates(datasheet-pin-table+rm-remap-grid:en)
CH32X035,afio-usart2-remap,PCFR1,PCFR1:7;PCFR1:8;PCFR1:9,3,USART2,RTS,RTS2,PC3,C,3,#,reference,candidates(datasheet-pin-table+rm-remap-grid:en)
CH32X035,afio-usart2-remap,PCFR1,PCFR1:7;PCFR1:8;PCFR1:9,3,USART2,RX,RX2,PC1,C,1,#,reference,candidates(datasheet-pin-table+rm-remap-grid:en)
CH32X035,afio-usart2-remap,PCFR1,PCFR1:7;PCFR1:8;PCFR1:9,3,USART2,TX,TX2,PC0,C,0,#,reference,candidates(datasheet-pin-table+rm-remap-grid:en)
CH32X035,afio-usart2-remap,PCFR1,PCFR1:7;PCFR1:8;PCFR1:9,4,USART2,CK,CK2,PA22,A,22,#,reference,candidates(datasheet-pin-table+rm-remap-grid:en)
CH32X035,afio-usart2-remap,PCFR1,PCFR1:7;PCFR1:8;PCFR1:9,4,USART2,CTS,CTS2,PA17,A,17,#,reference,candidates(datasheet-pin-table+rm-remap-grid:en)
CH32X035,afio-usart2-remap,PCFR1,PCFR1:7;PCFR1:8;PCFR1:9,4,USART2,RTS,RTS2,PC3,C,3,#,reference,candidates(datasheet-pin-table+rm-remap-grid:en)
CH32X035,afio-usart2-remap,PCFR1,PCFR1:7;PCFR1:8;PCFR1:9,4,USART2,RX,RX2,PA16,A,16,#,reference,candidates(datasheet-pin-table+rm-remap-grid:en)
CH32X035,afio-usart2-remap,PCFR1,PCFR1:7;PCFR1:8;PCFR1:9,4,USART2,TX,TX2,PA15,A,15,#,reference,candidates(datasheet-pin-table+rm-remap-grid:en)
CH32X035,afio-usart3-remap,PCFR1,PCFR1:10;PCFR1:11,0,USART3,CK,CK3,PB5,B,5,#,reference,candidates(datasheet-pin-table-default:en)
CH32X035,afio-usart3-remap,PCFR1,PCFR1:10;PCFR1:11,0,USART3,CTS,CTS3,PB6,B,6,#,reference,candidates(datasheet-pin-table-default:en)
CH32X035,afio-usart3-remap,PCFR1,PCFR1:10;PCFR1:11,0,USART3,RTS,RTS3,PB7,B,7,#,reference,candidates(datasheet-pin-table-default:en)
CH32X035,afio-usart3-remap,PCFR1,PCFR1:10;PCFR1:11,0,USART3,RX,RX3,PB4,B,4,#,reference,candidates(datasheet-pin-table-default:en)
CH32X035,afio-usart3-remap,PCFR1,PCFR1:10;PCFR1:11,0,USART3,TX,TX3,PB3,B,3,#,reference,candidates(datasheet-pin-table-default:en)
CH32X035,afio-usart3-remap,PCFR1,PCFR1:10;PCFR1:11,1,USART3,CK,CK3,PB5,B,5,#,reference,candidates(datasheet-pin-table+rm-remap-grid:en)
CH32X035,afio-usart3-remap,PCFR1,PCFR1:10;PCFR1:11,1,USART3,CTS,CTS3,PB6,B,6,#,reference,candidates(datasheet-pin-table+rm-remap-grid:en)
CH32X035,afio-usart3-remap,PCFR1,PCFR1:10;PCFR1:11,1,USART3,RTS,RTS3,PB7,B,7,#,reference,candidates(datasheet-pin-table+rm-remap-grid:en)
CH32X035,afio-usart3-remap,PCFR1,PCFR1:10;PCFR1:11,1,USART3,RX,RX3,PC19,C,19,#,reference,candidates(datasheet-pin-table+rm-remap-grid:en)
CH32X035,afio-usart3-remap,PCFR1,PCFR1:10;PCFR1:11,1,USART3,TX,TX3,PC18,C,18,#,reference,candidates(datasheet-pin-table+rm-remap-grid:en)
CH32X035,afio-usart3-remap,PCFR1,PCFR1:10;PCFR1:11,2,USART3,CK,CK3,PB8,B,8,#,reference,candidates(datasheet-pin-table+rm-remap-grid:en)
CH32X035,afio-usart3-remap,PCFR1,PCFR1:10;PCFR1:11,2,USART3,CTS,CTS3,PA3,A,3,#,reference,candidates(datasheet-pin-table+rm-remap-grid:en)
CH32X035,afio-usart3-remap,PCFR1,PCFR1:10;PCFR1:11,2,USART3,RTS,RTS3,PA4,A,4,#,reference,candidates(datasheet-pin-table+rm-remap-grid:en)
CH32X035,afio-usart3-remap,PCFR1,PCFR1:10;PCFR1:11,2,USART3,RX,RX3,PB14,B,14,#,reference,candidates(datasheet-pin-table+rm-remap-grid:en)
CH32X035,afio-usart3-remap,PCFR1,PCFR1:10;PCFR1:11,2,USART3,TX,TX3,PA18,A,18,#,reference,candidates(datasheet-pin-table+rm-remap-grid:en)
CH32X035,afio-usart3-remap,PCFR1,PCFR1:10;PCFR1:11,3,USART3,CTS,CTS3,PB18,B,18,#,reference,candidates(datasheet-pin-table+rm-remap-grid:en)
CH32X035,afio-usart3-remap,PCFR1,PCFR1:10;PCFR1:11,3,USART3,RTS,RTS3,PB19,B,19,#,reference,candidates(datasheet-pin-table+rm-remap-grid:en)
CH32X035,afio-usart3-remap,PCFR1,PCFR1:10;PCFR1:11,3,USART3,RX,RX3,PB17,B,17,#,reference,candidates(datasheet-pin-table+rm-remap-grid:en)
CH32X035,afio-usart3-remap,PCFR1,PCFR1:10;PCFR1:11,3,USART3,TX,TX3,PB16,B,16,#,reference,candidates(datasheet-pin-table+rm-remap-grid:en)
CH32X035,afio-usart4-remap,PCFR1,PCFR1:12;PCFR1:13;PCFR1:14,0,USART4,CK,CK4,PB2,B,2,#,reference,candidates(datasheet-pin-table-default:en)
CH32X035,afio-usart4-remap,PCFR1,PCFR1:12;PCFR1:13;PCFR1:14,0,USART4,CTS,CTS4,PB15,B,15,#,reference,candidates(datasheet-pin-table-default:en)
CH32X035,afio-usart4-remap,PCFR1,PCFR1:12;PCFR1:13;PCFR1:14,0,USART4,RTS,RTS4,PA8,A,8,#,reference,candidates(datasheet-pin-table-default:en)
CH32X035,afio-usart4-remap,PCFR1,PCFR1:12;PCFR1:13;PCFR1:14,0,USART4,RX,RX4,PB1,B,1,#,reference,candidates(datasheet-pin-table-default:en)
CH32X035,afio-usart4-remap,PCFR1,PCFR1:12;PCFR1:13;PCFR1:14,0,USART4,TX,TX4,PB0,B,0,#,reference,candidates(datasheet-pin-table-default:en)
CH32X035,afio-usart4-remap,PCFR1,PCFR1:12;PCFR1:13;PCFR1:14,1,USART4,CK,CK4,PA6,A,6,#,reference,candidates(datasheet-pin-table+rm-remap-grid:en)
CH32X035,afio-usart4-remap,PCFR1,PCFR1:12;PCFR1:13;PCFR1:14,1,USART4,CTS,CTS4,PA7,A,7,#,reference,candidates(datasheet-pin-table+rm-remap-grid:en)
CH32X035,afio-usart4-remap,PCFR1,PCFR1:12;PCFR1:13;PCFR1:14,1,USART4,RTS,RTS4,PB21,B,21,#,reference,candidates(datasheet-pin-table+rm-remap-grid:en)
CH32X035,afio-usart4-remap,PCFR1,PCFR1:12;PCFR1:13;PCFR1:14,1,USART4,RX,RX4,PA9,A,9,#,reference,candidates(datasheet-pin-table+rm-remap-grid:en)
CH32X035,afio-usart4-remap,PCFR1,PCFR1:12;PCFR1:13;PCFR1:14,1,USART4,TX,TX4,PA5,A,5,#,reference,candidates(datasheet-pin-table+rm-remap-grid:en)
CH32X035,afio-usart4-remap,PCFR1,PCFR1:12;PCFR1:13;PCFR1:14,2,USART4,CK,CK4,PB2,B,2,#,reference,candidates(datasheet-pin-table+rm-remap-grid:en)
CH32X035,afio-usart4-remap,PCFR1,PCFR1:12;PCFR1:13;PCFR1:14,2,USART4,CTS,CTS4,PB15,B,15,#,reference,candidates(datasheet-pin-table+rm-remap-grid:en)
CH32X035,afio-usart4-remap,PCFR1,PCFR1:12;PCFR1:13;PCFR1:14,2,USART4,RTS,RTS4,PA8,A,8,#,reference,candidates(datasheet-pin-table+rm-remap-grid:en)
CH32X035,afio-usart4-remap,PCFR1,PCFR1:12;PCFR1:13;PCFR1:14,2,USART4,RX,RX4,PC17,C,17,#,reference,candidates(datasheet-pin-table+rm-remap-grid:en)
CH32X035,afio-usart4-remap,PCFR1,PCFR1:12;PCFR1:13;PCFR1:14,2,USART4,TX,TX4,PC16,C,16,#,reference,candidates(datasheet-pin-table+rm-remap-grid:en)
CH32X035,afio-usart4-remap,PCFR1,PCFR1:12;PCFR1:13;PCFR1:14,3,USART4,CK,CK4,PB8,B,8,#,reference,candidates(datasheet-pin-table+rm-remap-grid:en)
CH32X035,afio-usart4-remap,PCFR1,PCFR1:12;PCFR1:13;PCFR1:14,3,USART4,CTS,CTS4,PA14,A,14,#,reference,candidates(datasheet-pin-table+rm-remap-grid:en)
CH32X035,afio-usart4-remap,PCFR1,PCFR1:12;PCFR1:13;PCFR1:14,3,USART4,RTS,RTS4,PA13,A,13,#,reference,candidates(datasheet-pin-table+rm-remap-grid:en)
CH32X035,afio-usart4-remap,PCFR1,PCFR1:12;PCFR1:13;PCFR1:14,3,USART4,RX,RX4,PA10,A,10,#,reference,candidates(datasheet-pin-table+rm-remap-grid:en)
CH32X035,afio-usart4-remap,PCFR1,PCFR1:12;PCFR1:13;PCFR1:14,3,USART4,TX,TX4,PB9,B,9,#,reference,candidates(datasheet-pin-table+rm-remap-grid:en)
CH32X035,afio-usart4-remap,PCFR1,PCFR1:12;PCFR1:13;PCFR1:14,4,USART4,CK,CK4,PA8,A,8,#,reference,candidates(datasheet-pin-table+rm-remap-grid:en)
CH32X035,afio-usart4-remap,PCFR1,PCFR1:12;PCFR1:13;PCFR1:14,4,USART4,CTS,CTS4,PA5,A,5,#,reference,candidates(datasheet-pin-table+rm-remap-grid:en)
CH32X035,afio-usart4-remap,PCFR1,PCFR1:12;PCFR1:13;PCFR1:14,4,USART4,RTS,RTS4,PA6,A,6,#,reference,candidates(datasheet-pin-table+rm-remap-grid:en)
CH32X035,afio-usart4-remap,PCFR1,PCFR1:12;PCFR1:13;PCFR1:14,4,USART4,RX,RX4,PC19,C,19,#,reference,candidates(datasheet-pin-table+rm-remap-grid:en)
CH32X035,afio-usart4-remap,PCFR1,PCFR1:12;PCFR1:13;PCFR1:14,4,USART4,TX,TX4,PB13,B,13,#,reference,candidates(datasheet-pin-table+rm-remap-grid:en)
CH32X035,afio-usart4-remap,PCFR1,PCFR1:12;PCFR1:13;PCFR1:14,5,USART4,CK,CK4,PB2,B,2,#,reference,candidates(datasheet-pin-table+rm-remap-grid:en)
CH32X035,afio-usart4-remap,PCFR1,PCFR1:12;PCFR1:13;PCFR1:14,5,USART4,CTS,CTS4,PB15,B,15,#,reference,candidates(datasheet-pin-table+rm-remap-grid:en)
CH32X035,afio-usart4-remap,PCFR1,PCFR1:12;PCFR1:13;PCFR1:14,5,USART4,RTS,RTS4,PA8,A,8,#,reference,candidates(datasheet-pin-table+rm-remap-grid:en)
CH32X035,afio-usart4-remap,PCFR1,PCFR1:12;PCFR1:13;PCFR1:14,5,USART4,RX,RX4,PC16,C,16,#,reference,candidates(datasheet-pin-table+rm-remap-grid:en)
CH32X035,afio-usart4-remap,PCFR1,PCFR1:12;PCFR1:13;PCFR1:14,5,USART4,TX,TX4,PC17,C,17,#,reference,candidates(datasheet-pin-table+rm-remap-grid:en)
CH32X315,afio-pd0-1-remap,PCFR1,PCFR1:15,0,,,PD0,XI,,,#,reference,candidates(datasheet-pin-table-default:en)
