family,group,example,description,#,confidence,basis,source
CH32H417,ADC,ADC_DMA,ADC DMA sampling routine,#,confirmed,evt:tree+evt:list-en+evt:list-zh,CH32H417_List_EN.txt
CH32H417,ADC,AnalogWatchdog,analog watchdog routine,#,confirmed,evt:tree+evt:list-en+evt:list-zh,CH32H417_List_EN.txt
CH32H417,ADC,Auto_Injection,automatic injection mode routine,#,confirmed,evt:tree+evt:list-en+evt:list-zh,CH32H417_List_EN.txt
CH32H417,ADC,Discontinuous_mode,discontinuous mode routine,#,confirmed,evt:tree+evt:list-en+evt:list-zh,CH32H417_List_EN.txt
CH32H417,ADC,DualADC_AlternateTrigger,dual ADC alternate trigger sampling routine,#,confirmed,evt:tree+evt:list-en+evt:list-zh,CH32H417_List_EN.txt
CH32H417,ADC,DualADC_Combined_RegInjectionSimul,dual ADC combined regular + injection + simultaneous sampling routine,#,confirmed,evt:tree+evt:list-en+evt:list-zh,CH32H417_List_EN.txt
CH32H417,ADC,DualADC_FastInterleaved,dual ADC fast interleaved sampling routine,#,confirmed,evt:tree+evt:list-en+evt:list-zh,CH32H417_List_EN.txt
CH32H417,ADC,DualADC_InjectionSimul,dual ADC injection simultaneous sampling routine,#,confirmed,evt:tree+evt:list-en+evt:list-zh,CH32H417_List_EN.txt
CH32H417,ADC,DualADC_RegSimul,dual ADC regular simultaneous sampling routine,#,confirmed,evt:tree+evt:list-en+evt:list-zh,CH32H417_List_EN.txt
CH32H417,ADC,DualADC_SlowInterleaved,dual ADC slow interleaved sampling routine,#,confirmed,evt:tree+evt:list-en+evt:list-zh,CH32H417_List_EN.txt
CH32H417,ADC,DualDAC_Triangle,Dual DAC output triangular wave routine,#,confirmed,evt:tree+evt:list-en+evt:list-zh,CH32H417_List_EN.txt
CH32H417,ADC,Internal_Temperature,Internal temperature sensor routine,#,confirmed,evt:tree+evt:list-en+evt:list-zh,CH32H417_List_EN.txt
CH32H417,ADC,TIM_Trigger,TIM trigger ADC conversion routine,#,confirmed,evt:tree+evt:list-en,CH32H417_List_EN.txt
CH32H417,ADC,TIM_trigger,,#,confirmed,evt:tree+evt:list-zh,CH32H417_List_EN.txt
CH32H417,APPLICATION,FATFS_eMMC,Eight-line operation EMMC card porting file read-write system FATFS,#,confirmed,evt:tree+evt:list-en+evt:list-zh,CH32H417_List_EN.txt
CH32H417,APPLICATION,LTDC_LVGL,use LTDC driver to display some animations on the LCD,#,confirmed,evt:tree+evt:list-en+evt:list-zh,CH32H417_List_EN.txt
CH32H417,APPLICATION,SoftUART,I/O port simulation serial port routine,#,confirmed,evt:tree+evt:list-en+evt:list-zh,CH32H417_List_EN.txt
CH32H417,CAN,Networking,"CAN routine: normal mode, standard frame and expanded frame data transceiver",#,confirmed,evt:tree+evt:list-en+evt:list-zh,CH32H417_List_EN.txt
CH32H417,CAN,TestMode,"test mode, including silent mode, loopback mode and loopback silent mode",#,confirmed,evt:tree+evt:list-en+evt:list-zh,CH32H417_List_EN.txt
CH32H417,CAN,Time-triggered,time triggered communication mode,#,confirmed,evt:tree+evt:list-en+evt:list-zh,CH32H417_List_EN.txt
CH32H417,CPU,CoreMark,CoreMark routine,#,confirmed,evt:tree+evt:list-en+evt:list-zh,CH32H417_List_EN.txt
CH32H417,CPU,FPU,FPU hardware floating point operation routine,#,confirmed,evt:tree+evt:list-en+evt:list-zh,CH32H417_List_EN.txt
CH32H417,CPU,HSEM,,#,confirmed,evt:tree+evt:list-en+evt:list-zh,CH32H417_List_EN.txt
CH32H417,CPU,HSEM/HSEM_CoreNotification,HSEM CoreNotication routine,#,confirmed,evt:tree+evt:list-en+evt:list-zh,CH32H417_List_EN.txt
CH32H417,CPU,HSEM/HSEM_CoreSync,core synchronization routine,#,confirmed,evt:tree+evt:list-en+evt:list-zh,CH32H417_List_EN.txt
CH32H417,CPU,HSEM/HSEM_DataSharing,HSEM global variable Sharing routine,#,confirmed,evt:tree+evt:list-en+evt:list-zh,CH32H417_List_EN.txt
CH32H417,CPU,HSEM/HSEM_ResourceSharing,HSEM ResourceSharing routine,#,confirmed,evt:tree+evt:list-en+evt:list-zh,CH32H417_List_EN.txt
CH32H417,CPU,ICache,ICache routine,#,confirmed,evt:tree+evt:list-en+evt:list-zh,CH32H417_List_EN.txt
CH32H417,CPU,INT,,#,confirmed,evt:tree+evt:list-en+evt:list-zh,CH32H417_List_EN.txt
CH32H417,CPU,INT/Interrupt_Permission,Custom interrupt permission routine,#,confirmed,evt:tree+evt:list-en+evt:list-zh,CH32H417_List_EN.txt
CH32H417,CPU,INT/Interrupt_VTF,VTF interrupt routine,#,confirmed,evt:tree+evt:list-en+evt:list-zh,CH32H417_List_EN.txt
CH32H417,CPU,IPC,IPC routine,#,confirmed,evt:tree+evt:list-en+evt:list-zh,CH32H417_List_EN.txt
CH32H417,CPU,OS,,#,confirmed,evt:tree+evt:list-en+evt:list-zh,CH32H417_List_EN.txt
CH32H417,CPU,OS/FreeRTOS,FreeRTOS routine,#,confirmed,evt:tree+evt:list-en+evt:list-zh,CH32H417_List_EN.txt
CH32H417,CPU,PFIC,,#,confirmed,evt:tree+evt:list-en+evt:list-zh,CH32H417_List_EN.txt
CH32H417,CPU,PFIC/Interrupt_Nest,interrupt nested routine,#,confirmed,evt:tree+evt:list-en+evt:list-zh,CH32H417_List_EN.txt
CH32H417,CPU,PFIC/Interrupt_VTF,VTF IRQ interrupt routine,#,confirmed,evt:tree+evt:list-en+evt:list-zh,CH32H417_List_EN.txt
CH32H417,CPU,PMP,Physical memory protection routine,#,confirmed,evt:tree+evt:list-en+evt:list-zh,CH32H417_List_EN.txt
CH32H417,CPU,SYSTICK_Interrupt,Systick timer routine,#,confirmed,evt:list-en+evt:list-zh,CH32H417_List_EN.txt
CH32H417,CRC,CRC_Calculation,CRC routine,#,confirmed,evt:tree+evt:list-en+evt:list-zh,CH32H417_List_EN.txt
CH32H417,DAC,DAC_DMA,DAC DMA conversion routine,#,confirmed,evt:tree+evt:list-en+evt:list-zh,CH32H417_List_EN.txt
CH32H417,DAC,DAC_Exit_9_Trig,external trigger DAC conversion routine,#,confirmed,evt:tree+evt:list-en+evt:list-zh,CH32H417_List_EN.txt
CH32H417,DAC,DAC_Noise_Generation,noise waveform generation routine,#,confirmed,evt:tree+evt:list-en+evt:list-zh,CH32H417_List_EN.txt
CH32H417,DAC,DAC_Normal_OUT,normal output routine,#,confirmed,evt:tree+evt:list-en+evt:list-zh,CH32H417_List_EN.txt
CH32H417,DAC,DualDAC_SineWave,dual DAC output sine wave routine,#,confirmed,evt:tree+evt:list-en+evt:list-zh,CH32H417_List_EN.txt
CH32H417,DAC,DualDAC_Triangle,dual DAC output triangular wave routine,#,confirmed,evt:tree+evt:list-en+evt:list-zh,CH32H417_List_EN.txt
CH32H417,DFSDM,DFSDM_DualFliter,Double filter conversion routine,#,confirmed,evt:tree+evt:list-en+evt:list-zh,CH32H417_List_EN.txt
CH32H417,DFSDM,DFSDM_EXTITrigger,EXTI triggers the conversion routine,#,confirmed,evt:tree+evt:list-en+evt:list-zh,CH32H417_List_EN.txt
CH32H417,DFSDM,DFSDM_I2S_Audio,"DFSDM collects PDM stereo audio, and I2S synchronizes the playback routine",#,confirmed,evt:tree+evt:list-en+evt:list-zh,CH32H417_List_EN.txt
CH32H417,DFSDM,DFSDM_InternalADC,Internal ADC parallel data input conversion routine,#,confirmed,evt:tree+evt:list-en+evt:list-zh,CH32H417_List_EN.txt
CH32H417,DFSDM,DFSDM_InternalDualMode,"Internal parallel input, dual-channel mode conversion routine",#,confirmed,evt:tree+evt:list-en+evt:list-zh,CH32H417_List_EN.txt
CH32H417,DFSDM,DFSDM_InternalInterleavedMode,"Internal parallel input, alternating mode conversion routine",#,confirmed,evt:tree+evt:list-en+evt:list-zh,CH32H417_List_EN.txt
CH32H417,DFSDM,DFSDM_InternalStandardMode,"Internal parallel input, standard mode conversion routine",#,confirmed,evt:tree+evt:list-en+evt:list-zh,CH32H417_List_EN.txt
CH32H417,DFSDM,DFSDM_SAI_Audio,"The routine demonstrates the use of DFSDM to capture PDM stereo audio, which is synchronously played back by SAI",#,confirmed,evt:tree+evt:list-en+evt:list-zh,CH32H417_List_EN.txt
CH32H417,DFSDM,DFSDM_SerialSPI,External serial input conversion routine,#,confirmed,evt:tree+evt:list-en+evt:list-zh,CH32H417_List_EN.txt
CH32H417,DFSDM,DFSDM_Synchronous_Regular,Rule group synchronous conversion routine,#,confirmed,evt:tree+evt:list-en+evt:list-zh,CH32H417_List_EN.txt
CH32H417,DFSDM,DFSDM_TIMTrigger,Timer triggers the conversion routine,#,confirmed,evt:tree+evt:list-en+evt:list-zh,CH32H417_List_EN.txt
CH32H417,DMA,DMA_MEM2MEM,memory to memory mode routine,#,confirmed,evt:tree+evt:list-en+evt:list-zh,CH32H417_List_EN.txt
CH32H417,DMA,DMA_MEM2PERIP,see each peripheral subroutine for memory to peripheral mode and peripheral to memory mode routine,#,confirmed,evt:list-en+evt:list-zh,CH32H417_List_EN.txt
CH32H417,DMA,DoubleBuffer_DMA,Double Buffer mode routine,#,confirmed,evt:tree+evt:list-en+evt:list-zh,CH32H417_List_EN.txt
CH32H417,DMA,TIM_DMA_SLEEP_MODE,DMA routine in sleep mode,#,confirmed,evt:tree+evt:list-en+evt:list-zh,CH32H417_List_EN.txt
CH32H417,DVP,DVP_LTDC,The routine demonstrates the image acquisition by a DVP interface camera and its real-time display on a TFTLCD through LTDC,#,confirmed,evt:tree+evt:list-en+evt:list-zh,CH32H417_List_EN.txt
CH32H417,DVP,DVP_TFTLCD,DVP routine to operate OV2640 and OV5640 camera video mode to display image on LCD,#,confirmed,evt:tree+evt:list-en+evt:list-zh,CH32H417_List_EN.txt
CH32H417,DVP,DVP_UART,DVP routine to operate OV2640 camera JPEG mode,#,confirmed,evt:tree+evt:list-en+evt:list-zh,CH32H417_List_EN.txt
CH32H417,ECDC,RAM_Block,ECDC RAM Block Self-encryption and decryption routine,#,confirmed,evt:tree+evt:list-en+evt:list-zh,CH32H417_List_EN.txt
CH32H417,ECDC,Single_Time,ECDC Single encryption and decryption routine,#,confirmed,evt:tree+evt:list-en+evt:list-zh,CH32H417_List_EN.txt
CH32H417,ETH,DHCP,DHCP demonstration routine to obtain IP automatically,#,confirmed,evt:tree+evt:list-en+evt:list-zh,CH32H417_List_EN.txt
CH32H417,ETH,DNS,DHCP demonstration routine to obtain IP automatically and then request domain name resolution,#,confirmed,evt:tree+evt:list-en+evt:list-zh,CH32H417_List_EN.txt
CH32H417,ETH,IPRaw_PING,"IP_RAW routine, to demonstrate that the TCP client receives data after connecting to the server and then sends it back",#,confirmed,evt:tree+evt:list-en+evt:list-zh,CH32H417_List_EN.txt
CH32H417,ETH,IoCHub,,#,confirmed,evt:tree+evt:list-en+evt:list-zh,CH32H417_List_EN.txt
CH32H417,ETH,IoCHub/IoCHub_Demo,"IoCHub basic routines, using AT commands to implement IoCHub's basic function demonstration on MCU",#,confirmed,evt:tree+evt:list-en+evt:list-zh,CH32H417_List_EN.txt
CH32H417,ETH,IoCHub/IoCHub_UART,"IoCHub UART routine, demonstrating data transparent transmission between IoCHub and UART",#,confirmed,evt:tree+evt:list-en+evt:list-zh,CH32H417_List_EN.txt
CH32H417,ETH,IoCHub/Lib,IoCHub library,#,confirmed,evt:tree+evt:list-en+evt:list-zh,CH32H417_List_EN.txt
CH32H417,ETH,MAC_RAW,Demo of ETH MAC layer data transmission and reception,#,confirmed,evt:tree+evt:list-en+evt:list-zh,CH32H417_List_EN.txt
CH32H417,ETH,MQTT,"MQTT routine, to demonstrate MQTT protocol communication based on TCP/IP",#,confirmed,evt:tree+evt:list-en+evt:list-zh,CH32H417_List_EN.txt
CH32H417,ETH,NetLib,ETH Library,#,confirmed,evt:tree+evt:list-en+evt:list-zh,CH32H417_List_EN.txt
CH32H417,ETH,TcpClient,demonstration routine that TCP client receives data after connecting to the server and then returns data,#,confirmed,evt:tree+evt:list-en+evt:list-zh,CH32H417_List_EN.txt
CH32H417,ETH,TcpServer,demonstration routine that TCP server receives data after connecting to the client and then returns data,#,confirmed,evt:tree+evt:list-en+evt:list-zh,CH32H417_List_EN.txt
CH32H417,ETH,UdpClient,demonstration routine that Udp Client receives data and returns data,#,confirmed,evt:tree+evt:list-en+evt:list-zh,CH32H417_List_EN.txt
CH32H417,ETH,UdpServer,demonstration routine that Udp Server receives data and returns data,#,confirmed,evt:tree+evt:list-en+evt:list-zh,CH32H417_List_EN.txt
CH32H417,ETH,WebServer,"Web Server routine, to demonstrate the configuration of WCHNET device functions through Web browser. As the WCHNET devices have built-in web server, the network parameter configuration and password management of WCHNET can be implemented on the web page.",#,confirmed,evt:tree+evt:list-en+evt:list-zh,CH32H417_List_EN.txt
CH32H417,EXTI,EXTI0,External Interrupt routine,#,confirmed,evt:tree+evt:list-en+evt:list-zh,CH32H417_List_EN.txt
CH32H417,FLASH,FLASH_Program,"FLASH erase/read/write, and fast programming",#,confirmed,evt:tree+evt:list-en+evt:list-zh,CH32H417_List_EN.txt
CH32H417,FLASH,LoadInFlash,Transfer code in FLASH during startup process,#,confirmed,evt:tree+evt:list-en+evt:list-zh,CH32H417_List_EN.txt
CH32H417,FMC,LCD,FSMC operation TFTLCD routine,#,confirmed,evt:tree+evt:list-en+evt:list-zh,CH32H417_List_EN.txt
CH32H417,FMC,LCD_8bit,8-bit data bus LCD routine,#,confirmed,evt:tree+evt:list-en+evt:list-zh,CH32H417_List_EN.txt
CH32H417,FMC,NAND,FSMC operation NANDFFLASH routine,#,confirmed,evt:tree+evt:list-en+evt:list-zh,CH32H417_List_EN.txt
CH32H417,FMC,NORFLASH,FSMC operation NORFLASH routine,#,confirmed,evt:tree+evt:list-en+evt:list-zh,CH32H417_List_EN.txt
CH32H417,FMC,SDRAM,FSMC operates NOR_SRAM routine through DMA,#,confirmed,evt:list-en+evt:list-zh,CH32H417_List_EN.txt
CH32H417,FMC,SDRAM-16bit,FSMC operation 16bit_SDRAM routine,#,confirmed,evt:list-en+evt:list-zh,CH32H417_List_EN.txt
CH32H417,FMC,SDRAM-16bit_DMA,FSMC operates 16bit_SDRAM routine through DMA,#,confirmed,evt:list-en+evt:list-zh,CH32H417_List_EN.txt
CH32H417,FMC,SDRAM-32bit,FSMC operation 32bit_SDRAM routine,#,confirmed,evt:list-en+evt:list-zh,CH32H417_List_EN.txt
CH32H417,FMC,SDRAM-32bit_DMA,FSMC operates 32bit_SDRAM routine through DMA,#,confirmed,evt:list-en+evt:list-zh,CH32H417_List_EN.txt
CH32H417,GPHA,GPHA_M2M_WithLCD,"The GPHA routine expands the color lookup table image, blends it with a solid color background, and finally displays it on the LCD",#,confirmed,evt:tree+evt:list-en+evt:list-zh,CH32H417_List_EN.txt
CH32H417,GPHA,GPHA_R2M,Comparison between GPHA solid color filling and software filling,#,confirmed,evt:tree+evt:list-en+evt:list-zh,CH32H417_List_EN.txt
CH32H417,GPIO,GPIO_Toggle,GPIO routine,#,confirmed,evt:tree+evt:list-en+evt:list-zh,CH32H417_List_EN.txt
CH32H417,HSADC,HSADC,HSADC sampling routine,#,confirmed,evt:tree+evt:list-en+evt:list-zh,CH32H417_List_EN.txt
CH32H417,I2C,I2C_10bit_Mode,"10 bit address mode, master/slave mode transceiver routine",#,confirmed,evt:tree+evt:list-en+evt:list-zh,CH32H417_List_EN.txt
CH32H417,I2C,I2C_7bit_Interrupt_Mode,Use interrupt to receive and send routine,#,confirmed,evt:tree+evt:list-en+evt:list-zh,CH32H417_List_EN.txt
CH32H417,I2C,I2C_7bit_Mode,"7-bit address mode, master/slave mode, transceiver routine",#,confirmed,evt:tree+evt:list-en+evt:list-zh,CH32H417_List_EN.txt
CH32H417,I2C,I2C_DMA,"I2C DMA, master/slave mode transceiver routine",#,confirmed,evt:tree+evt:list-en+evt:list-zh,CH32H417_List_EN.txt
CH32H417,I2C,I2C_EEPROM,I2C interface routine to operate EEPROM peripheral,#,confirmed,evt:tree+evt:list-en+evt:list-zh,CH32H417_List_EN.txt
CH32H417,I2C,I2C_PEC,"PEC error check, master/slave mode transceiver routine",#,confirmed,evt:tree+evt:list-en+evt:list-zh,CH32H417_List_EN.txt
CH32H417,I2S,HostRx_SlaveTx,I2S master receiver slave transmitter routine,#,confirmed,evt:tree+evt:list-en+evt:list-zh,CH32H417_List_EN.txt
CH32H417,I2S,I2S_DMA,I2S master transmitter slave receiver DMA routine,#,confirmed,evt:tree+evt:list-en+evt:list-zh,CH32H417_List_EN.txt
CH32H417,I2S,I3C_Controller_Check_ZeroIBI,The I3C controller receives an IBI of 0 bytes routine,#,reference,evt:list-en,CH32H417_List_EN.txt
CH32H417,I3C,I3C_Controller_Check_ZeroIBI,,#,confirmed,evt:tree+evt:list-zh,CH32H417_List_EN.txt
CH32H417,I3C,I3C_DMA_Controller,I3C master routine,#,confirmed,evt:tree+evt:list-en+evt:list-zh,CH32H417_List_EN.txt
CH32H417,I3C,I3C_DMA_Target,I3C slave routine,#,confirmed,evt:tree+evt:list-en+evt:list-zh,CH32H417_List_EN.txt
CH32H417,IAP,USB_UART,USB+UART IAP routine,#,confirmed,evt:tree+evt:list-en+evt:list-zh,CH32H417_List_EN.txt
CH32H417,IWDG,IWDG,Independent Watchdog routine,#,confirmed,evt:tree+evt:list-en+evt:list-zh,CH32H417_List_EN.txt
CH32H417,LPTIM,LPTIM_LP_WakeUp,LPTIM sleep，shutdown wakeup routine,#,confirmed,evt:tree+evt:list-en+evt:list-zh,CH32H417_List_EN.txt
CH32H417,LPTIM,PWM_OnePulse_SingleMode,"LPTIM output PWM, single pulse, once set mode waveform routine",#,confirmed,evt:tree+evt:list-en+evt:list-zh,CH32H417_List_EN.txt
CH32H417,LTDC,LTDC_Display,LTDC display routine,#,confirmed,evt:tree+evt:list-en+evt:list-zh,CH32H417_List_EN.txt
CH32H417,OPA,CMP,CMP routine,#,confirmed,evt:tree+evt:list-en+evt:list-zh,CH32H417_List_EN.txt
CH32H417,OPA,OPA,OPA routine,#,confirmed,evt:tree+evt:list-en+evt:list-zh,CH32H417_List_EN.txt
CH32H417,PIOC,1-Wire,,#,confirmed,evt:list-en+evt:list-zh,CH32H417_List_EN.txt
CH32H417,PIOC,1-Wire/1-Wire,1 wire operate WS2812 and DS1820,#,confirmed,evt:list-en+evt:list-zh,CH32H417_List_EN.txt
CH32H417,PIOC,1-Wire/Asm,,#,confirmed,evt:list-en+evt:list-zh,CH32H417_List_EN.txt
CH32H417,PIOC,PIOC_IIC,,#,confirmed,evt:tree+evt:list-en+evt:list-zh,CH32H417_List_EN.txt
CH32H417,PIOC,PIOC_IIC/Asm,,#,confirmed,evt:list-en+evt:list-zh,CH32H417_List_EN.txt
CH32H417,PIOC,PIOC_IIC/PIOC_IIC,PIOC simulates IIC,#,confirmed,evt:list-en+evt:list-zh,CH32H417_List_EN.txt
CH32H417,PIOC,PIOC_NEC,,#,confirmed,evt:tree+evt:list-en+evt:list-zh,CH32H417_List_EN.txt
CH32H417,PIOC,PIOC_NEC/Asm,,#,confirmed,evt:list-en+evt:list-zh,CH32H417_List_EN.txt
CH32H417,PIOC,PIOC_NEC/PIOC_NEC,PIOC Infrared Remote Control Routine,#,confirmed,evt:list-en+evt:list-zh,CH32H417_List_EN.txt
CH32H417,PIOC,PIOC_Single_Wire,,#,confirmed,evt:tree+evt:list-en+evt:list-zh,CH32H417_List_EN.txt
CH32H417,PIOC,PIOC_Single_Wire/Asm,,#,confirmed,evt:list-en+evt:list-zh,CH32H417_List_EN.txt
CH32H417,PIOC,PIOC_Single_Wire/PIOC_Single_Wire,Single-wire debug interface to read and write external chip RAM data,#,confirmed,evt:list-en+evt:list-zh,CH32H417_List_EN.txt
CH32H417,PIOC,PIOC_UART,,#,confirmed,evt:tree+evt:list-en+evt:list-zh,CH32H417_List_EN.txt
CH32H417,PIOC,PIOC_UART/Asm,,#,confirmed,evt:list-en+evt:list-zh,CH32H417_List_EN.txt
CH32H417,PIOC,PIOC_UART/PIOC_UART,PIOC simulates UART,#,confirmed,evt:list-en+evt:list-zh,CH32H417_List_EN.txt
CH32H417,PIOC,Tool_Manual,,#,confirmed,evt:tree+evt:list-en+evt:list-zh,CH32H417_List_EN.txt
CH32H417,PIOC,Tool_Manual/Manual,,#,confirmed,evt:tree+evt:list-en+evt:list-zh,CH32H417_List_EN.txt
CH32H417,PIOC,Tool_Manual/Tool,,#,confirmed,evt:tree+evt:list-en+evt:list-zh,CH32H417_List_EN.txt
CH32H417,PWR,PVD_VoltageJudger,PVD voltage Judger routine,#,confirmed,evt:tree+evt:list-en+evt:list-zh,CH32H417_List_EN.txt
CH32H417,PWR,SEL_VIO18,VIO18 software configuration routine,#,confirmed,evt:tree+evt:list-en+evt:list-zh,CH32H417_List_EN.txt
CH32H417,PWR,Sleep_Mode,"low power, sleep mode routine",#,confirmed,evt:tree+evt:list-en+evt:list-zh,CH32H417_List_EN.txt
CH32H417,PWR,Stop_Mode,"low power, stop mode routine",#,confirmed,evt:tree+evt:list-en+evt:list-zh,CH32H417_List_EN.txt
CH32H417,PWR,VDD12_ExternPower,VDD 1.2V external power supply routine,#,confirmed,evt:tree+evt:list-en+evt:list-zh,CH32H417_List_EN.txt
CH32H417,PWR,VDD12_ExternPowerInStopLP,"Routine demonstration of STOPLP mode, VDD 1.2v external power supply, current reduction method",#,confirmed,evt:tree+evt:list-en+evt:list-zh,CH32H417_List_EN.txt
CH32H417,QSPI,QSPI_FLASH,QSPI operate Winbond W25Qxx SPI_FLASH routine,#,confirmed,evt:tree+evt:list-en+evt:list-zh,CH32H417_List_EN.txt
CH32H417,QSPI,QSPI_FLASH_DMA,QSPI operates the Winbond W25Qxx SPI_FLASH routine through DMA,#,confirmed,evt:tree+evt:list-en+evt:list-zh,CH32H417_List_EN.txt
CH32H417,QSPI,QSPI_MemoryMap,This example describes how to use QSPI in memory-map mode and how to perform DMA mode read operations in memory-map mode.,#,confirmed,evt:tree+evt:list-en+evt:list-zh,CH32H417_List_EN.txt
CH32H417,RCC,Get_CLK,Get system-HCLK-Core-ADCCLK clock routine,#,confirmed,evt:tree+evt:list-en+evt:list-zh,CH32H417_List_EN.txt
CH32H417,RCC,HSI_Calibration,HSI calibrate routine,#,confirmed,evt:tree+evt:list-en+evt:list-zh,CH32H417_List_EN.txt
CH32H417,RCC,MCO,MCO pin clock output routine,#,confirmed,evt:tree+evt:list-en+evt:list-zh,CH32H417_List_EN.txt
CH32H417,RNG,RNG,Random number generator routine,#,confirmed,evt:tree+evt:list-en+evt:list-zh,CH32H417_List_EN.txt
CH32H417,RTC,RTC_Calendar,Calendar routine,#,confirmed,evt:tree+evt:list-en+evt:list-zh,CH32H417_List_EN.txt
CH32H417,RTC,RTC_Calibration,RTC calibrate routine,#,confirmed,evt:list-en+evt:list-zh,CH32H417_List_EN.txt
CH32H417,SAI,SAI_Play,SAI audio routine,#,confirmed,evt:tree+evt:list-en+evt:list-zh,CH32H417_List_EN.txt
CH32H417,SDIO,SDIO_SD,SDIO routine to operate SD card,#,confirmed,evt:tree+evt:list-en+evt:list-zh,CH32H417_List_EN.txt
CH32H417,SDIO,SDIO_eMMC,SDIO routine to operate EMMC card,#,confirmed,evt:tree+evt:list-en+evt:list-zh,CH32H417_List_EN.txt
CH32H417,SDMMC,SDMMC-eMMC,SDMMC operate EMMC card routine,#,reference,evt:list-en,CH32H417_List_EN.txt
CH32H417,SDMMC,SDMMC_SD,SDMMC operate SD card routine,#,confirmed,evt:tree+evt:list-en+evt:list-zh,CH32H417_List_EN.txt
CH32H417,SDMMC,SDMMC_eMMC,,#,confirmed,evt:tree+evt:list-zh,CH32H417_List_EN.txt
CH32H417,SDMMC,SDMMC_eMMC_DDR,SDMMC operates the eMMC card double-edge read-write routine,#,confirmed,evt:tree+evt:list-en+evt:list-zh,CH32H417_List_EN.txt
CH32H417,SPI,1Lines_half-duplex,"single wire half duplex mode, master/slave mode, data transceiver",#,confirmed,evt:tree+evt:list-en+evt:list-zh,CH32H417_List_EN.txt
CH32H417,SPI,2Lines_FullDuplex,"two-wire full duplex mode, master/slave mode, data transceiver",#,confirmed,evt:tree+evt:list-en+evt:list-zh,CH32H417_List_EN.txt
CH32H417,SPI,FullDuplex_HardNSS,"Hardware NSS mode, master/slave mode, data transceiver",#,confirmed,evt:tree+evt:list-en+evt:list-zh,CH32H417_List_EN.txt
CH32H417,SPI,SPI_DMA,"SPI uses DMA, master/slave mode transceiver routine",#,confirmed,evt:tree+evt:list-en+evt:list-zh,CH32H417_List_EN.txt
CH32H417,SPI,SPI_FLASH,SPI interface operation flash peripheral routine,#,confirmed,evt:tree+evt:list-en+evt:list-zh,CH32H417_List_EN.txt
CH32H417,SWPMI,SWPMI_MultiBUffering,SWPMI Multi-buffer mode routine,#,confirmed,evt:tree+evt:list-en+evt:list-zh,CH32H417_List_EN.txt
CH32H417,SWPMI,SWPMI_SwpCard,SWP card routine,#,confirmed,evt:tree+evt:list-en+evt:list-zh,CH32H417_List_EN.txt
CH32H417,SerDes,AcquireConfig,SerDes obtaints configuration routine,#,confirmed,evt:tree+evt:list-en+evt:list-zh,CH32H417_List_EN.txt
CH32H417,SerDes,FullDuxTrans,SerDes full-duplex bidirectional transmission routine,#,confirmed,evt:tree+evt:list-en+evt:list-zh,CH32H417_List_EN.txt
CH32H417,TIM,Bothedge_Capture,Timer Bothedge Capture routine,#,confirmed,evt:tree+evt:list-en+evt:list-zh,CH32H417_List_EN.txt
CH32H417,TIM,Clock_Select,clock source selection routine,#,confirmed,evt:tree+evt:list-en+evt:list-zh,CH32H417_List_EN.txt
CH32H417,TIM,ComplementaryOutput_DeadTime,complementary output and deadband insertion mode routine,#,confirmed,evt:tree+evt:list-en+evt:list-zh,CH32H417_List_EN.txt
CH32H417,TIM,Dead_Asymmetry,Timer Asymmetry routine,#,confirmed,evt:tree+evt:list-en+evt:list-zh,CH32H417_List_EN.txt
CH32H417,TIM,Encode,Timer encoder mode routine,#,reference,evt:list-en,CH32H417_List_EN.txt
CH32H417,TIM,Encoder,,#,confirmed,evt:tree+evt:list-zh,CH32H417_List_EN.txt
CH32H417,TIM,ExtTrigger_Start_Two_Timer,external trigger routine to start two timers synchronously,#,confirmed,evt:tree+evt:list-en+evt:list-zh,CH32H417_List_EN.txt
CH32H417,TIM,Input_Capture,input capture routine,#,confirmed,evt:tree+evt:list-en+evt:list-zh,CH32H417_List_EN.txt
CH32H417,TIM,One_Pulse,single pulse output routine,#,confirmed,evt:tree+evt:list-en+evt:list-zh,CH32H417_List_EN.txt
CH32H417,TIM,PWM_Output,PWM output routine,#,confirmed,evt:tree+evt:list-en+evt:list-zh,CH32H417_List_EN.txt
CH32H417,TIM,Synchro_ExtTrigger,"slave mode routine, including reset mode, gating mode and trigger mode",#,confirmed,evt:tree+evt:list-en+evt:list-zh,CH32H417_List_EN.txt
CH32H417,TIM,Synchro_Timer,timer synchronization mode,#,confirmed,evt:tree+evt:list-en+evt:list-zh,CH32H417_List_EN.txt
CH32H417,TIM,TIM_Continuous,Timer continuous routine,#,confirmed,evt:tree+evt:list-en+evt:list-zh,CH32H417_List_EN.txt
CH32H417,TIM,TIM_DMA,timer DMA routine,#,confirmed,evt:tree+evt:list-en+evt:list-zh,CH32H417_List_EN.txt
CH32H417,TIM,TIM_INT,Timer interput mode routine,#,confirmed,evt:tree+evt:list-en+evt:list-zh,CH32H417_List_EN.txt
CH32H417,TKey,TKEYLIB,TouchKey Library,#,confirmed,evt:tree+evt:list-en+evt:list-zh,CH32H417_List_EN.txt
CH32H417,TKey,TKY_8keys,TouchKey 8Keys detection routine,#,confirmed,evt:list-en+evt:list-zh,CH32H417_List_EN.txt
CH32H417,TKey,TKey,TouchKey Detection routine,#,confirmed,evt:tree+evt:list-en+evt:list-zh,CH32H417_List_EN.txt
CH32H417,UHSIF,UHSIF_SLAVE,UHSIF communication routine。,#,confirmed,evt:tree+evt:list-en+evt:list-zh,CH32H417_List_EN.txt
CH32H417,USART,USART_DMA,"USART DMA, master/slave mode transceiver routine",#,confirmed,evt:tree+evt:list-en+evt:list-zh,CH32H417_List_EN.txt
CH32H417,USART,USART_HalfDuplex,"single wire half duplex mode, master/slave mode transceiver routine",#,confirmed,evt:tree+evt:list-en+evt:list-zh,CH32H417_List_EN.txt
CH32H417,USART,USART_HardwareFlowControl,"hardware flow control mode, master/slave mode, transceiver routine",#,confirmed,evt:tree+evt:list-en+evt:list-zh,CH32H417_List_EN.txt
CH32H417,USART,USART_Interrupt,"USART interrupt routine, master/slave mode transceiver routine",#,confirmed,evt:tree+evt:list-en+evt:list-zh,CH32H417_List_EN.txt
CH32H417,USART,USART_MultiProcessorCommunication,multiprocessor communication mode routine,#,confirmed,evt:tree+evt:list-en+evt:list-zh,CH32H417_List_EN.txt
CH32H417,USART,USART_Polling,"polling transceiver mode, master/slave transceiver routine",#,confirmed,evt:tree+evt:list-en+evt:list-zh,CH32H417_List_EN.txt
CH32H417,USART,USART_Printf,USART Print debugging routine,#,confirmed,evt:list-en+evt:list-zh,CH32H417_List_EN.txt
CH32H417,USB,USBFS,,#,confirmed,evt:list-en+evt:list-zh,CH32H417_List_EN.txt
CH32H417,USB,USBFS/DEVICE,,#,confirmed,evt:list-en+evt:list-zh,CH32H417_List_EN.txt
CH32H417,USB,USBFS/DEVICE/CH372,Simulate custom USB devices (CH372 devices),#,confirmed,evt:list-en+evt:list-zh,CH32H417_List_EN.txt
CH32H417,USB,USBFS/DEVICE/Compatibility_HID,Simulate HID devices and transmit data up and down through a serial port.,#,confirmed,evt:list-en+evt:list-zh,CH32H417_List_EN.txt
CH32H417,USB,USBFS/DEVICE/CompositeKM,"Simulate keyboard and mouse, use IO to simulate keys, and simulate data that can be uploaded through serial port 4.",#,confirmed,evt:list-en+evt:list-zh,CH32H417_List_EN.txt
CH32H417,USB,USBFS/DEVICE/CompositeKM_LowSpeed,Simulate a low-speed keyboard and mouse composite device.,#,confirmed,evt:list-en+evt:list-zh,CH32H417_List_EN.txt
CH32H417,USB,USBFS/DEVICE/MSC_CD-ROM,Simulating CDROM requires external installation of SPI Flash,#,confirmed,evt:list-en+evt:list-zh,CH32H417_List_EN.txt
CH32H417,USB,USBFS/DEVICE/MSC_U-Disk,"Simulate a simple USB flash drive, optional use of on-chip Flash or external SPI Flash",#,confirmed,evt:list-en+evt:list-zh,CH32H417_List_EN.txt
CH32H417,USB,USBFS/DEVICE/SimulateCDC,Simulate a CDC serial port and use serial port 4 for transmitting and receiving,#,confirmed,evt:list-en+evt:list-zh,CH32H417_List_EN.txt
CH32H417,USB,USBFS/DEVICE/SimulateCDC-HID,"Simulate a CDC serial port, use serial port 4 for transmission and reception, HID interrupt endpoint for data retrieval and reverse upload.",#,confirmed,evt:list-en+evt:list-zh,CH32H417_List_EN.txt
CH32H417,USB,USBFS/HOST,,#,confirmed,evt:list-en+evt:list-zh,CH32H417_List_EN.txt
CH32H417,USB,USBFS/HOST/HOST_IAP,,#,confirmed,evt:list-en+evt:list-zh,CH32H417_List_EN.txt
CH32H417,USB,USBFS/HOST/HOST_IAP/HOST_IAP,"A host U-disk IAP routine organized based on the U-disk read file routine, reads a file named APP.bin from the U-disk, writes it to internal flash, and automatically jumps after verification.",#,confirmed,evt:list-en+evt:list-zh,CH32H417_List_EN.txt
CH32H417,USB,USBFS/HOST/HOST_KM,"Host operation keyboard and mouse, retrieve the endpoint data uploaded by the keyboard and mouse, and print it. Supports level 1 hub under USBFS port",#,confirmed,evt:list-en+evt:list-zh,CH32H417_List_EN.txt
CH32H417,USB,USBFS/HOST/Host_Udisk,USB host operation USB drive routine,#,confirmed,evt:list-en+evt:list-zh,CH32H417_List_EN.txt
CH32H417,USB,USBFS/HOST/MTP_FileSystem,"List the process from a USB host to a device that supports MTP and PTP protocols, and read its files",#,confirmed,evt:list-en+evt:list-zh,CH32H417_List_EN.txt
CH32H417,USB,USBFS/HOST/Udisk_Lib,USB file system library files,#,confirmed,evt:list-en+evt:list-zh,CH32H417_List_EN.txt
CH32H417,USB,USBHS,,#,confirmed,evt:list-en+evt:list-zh,CH32H417_List_EN.txt
CH32H417,USB,USBHS/DEVICE,,#,confirmed,evt:list-en+evt:list-zh,CH32H417_List_EN.txt
CH32H417,USB,USBHS/DEVICE/CH372,Simulate custom USB devices (CH372 devices),#,confirmed,evt:list-en+evt:list-zh,CH32H417_List_EN.txt
CH32H417,USB,USBHS/DEVICE/Compatibility_HID,Simulate HID devices and transmit data up and down through a serial port.,#,confirmed,evt:list-en+evt:list-zh,CH32H417_List_EN.txt
CH32H417,USB,USBHS/DEVICE/CompositeKM,"Simulate keyboard and mouse, use IO to simulate keys, and simulate data that can be uploaded through serial port 4.",#,confirmed,evt:list-en+evt:list-zh,CH32H417_List_EN.txt
CH32H417,USB,USBHS/DEVICE/MSC_CD-ROM,Simulating CDROM requires external installation of SPI Flash,#,confirmed,evt:list-en+evt:list-zh,CH32H417_List_EN.txt
CH32H417,USB,USBHS/DEVICE/MSC_U-Disk,"Simulate a simple USB flash drive, optional use of on-chip Flash or external SPI Flash",#,confirmed,evt:list-en+evt:list-zh,CH32H417_List_EN.txt
CH32H417,USB,USBHS/DEVICE/SimulateCDC,Simulate a CDC serial port and use serial port 4 for transmission and reception.,#,confirmed,evt:list-en+evt:list-zh,CH32H417_List_EN.txt
CH32H417,USB,USBHS/DEVICE/SimulateCDC-HID,"Simulate a CDC serial port, use serial port 4 for transmission and reception, HID interrupt endpoint for data retrieval and reverse upload.",#,confirmed,evt:list-en+evt:list-zh,CH32H417_List_EN.txt
CH32H417,USB,USBHS/HOST,,#,confirmed,evt:list-en+evt:list-zh,CH32H417_List_EN.txt
CH32H417,USB,USBHS/HOST/HOST_IAP,,#,confirmed,evt:list-en+evt:list-zh,CH32H417_List_EN.txt
CH32H417,USB,USBHS/HOST/HOST_IAP/HOST_IAP,"A host U-disk IAP routine organized based on the U-disk read file routine, reads a file named APP.bin from the U-disk, writes it to internal flash, and automatically jumps after verification.",#,confirmed,evt:list-en+evt:list-zh,CH32H417_List_EN.txt
CH32H417,USB,USBHS/HOST/HOST_KM,"Host operation keyboard and mouse, retrieve the endpoint data uploaded by the keyboard and mouse, and print it. Supports level 1 hub under USBFS port",#,confirmed,evt:list-en+evt:list-zh,CH32H417_List_EN.txt
CH32H417,USB,USBHS/HOST/Host_Udisk,USB host operation USB drive routine,#,confirmed,evt:list-en+evt:list-zh,CH32H417_List_EN.txt
CH32H417,USB,USBHS/HOST/MTP_FileSystem,"List the process from a USB host to a device that supports MTP and PTP protocols, and read its files",#,confirmed,evt:list-en+evt:list-zh,CH32H417_List_EN.txt
CH32H417,USB,USBHS/HOST/Udisk_Lib,USB file system library files,#,confirmed,evt:list-en+evt:list-zh,CH32H417_List_EN.txt
CH32H417,USB,USBSS,,#,confirmed,evt:list-en+evt:list-zh,CH32H417_List_EN.txt
CH32H417,USB,USBSS/DEVICE,,#,confirmed,evt:list-en+evt:list-zh,CH32H417_List_EN.txt
CH32H417,USB,USBSS/DEVICE/CH372Device,"Simulate custom USB devices (CH372 devices), with endpoint 1 downloading data and uploading it through endpoint 2, endpoint 2 downloading data and uploading it through endpoint 1, and endpoint 3 independently downloading and uploading data.",#,confirmed,evt:list-en+evt:list-zh,CH32H417_List_EN.txt
CH32H417,USB,USBSS/DEVICE/UVC,,#,confirmed,evt:list-en+evt:list-zh,CH32H417_List_EN.txt
CH32H417,USB,USBSS/HOST,,#,confirmed,evt:list-en+evt:list-zh,CH32H417_List_EN.txt
CH32H417,USB,USBSS/HOST/HOST_SS_ACCESS_SECTOR,USBSS scanning routine,#,confirmed,evt:list-en+evt:list-zh,CH32H417_List_EN.txt
CH32H417,USBPD,USBPD_SNK,PD SNK routine,#,confirmed,evt:tree+evt:list-en+evt:list-zh,CH32H417_List_EN.txt
CH32H417,USBPD,USBPD_SRC,PD SRC routine,#,confirmed,evt:tree+evt:list-en+evt:list-zh,CH32H417_List_EN.txt
CH32H417,WWDG,WWDG,Window Watchdog routine,#,confirmed,evt:tree+evt:list-en+evt:list-zh,CH32H417_List_EN.txt
CH32L103,ADC,ADC_DMA,ADC uses DMA sampling routines,#,confirmed,evt:tree+evt:list-en+evt:list-zh,CH32L103_List-EN.txt
CH32L103,ADC,ADC_FastConvert,ADC high frequency sampling low frequency calibration routines,#,confirmed,evt:list-en+evt:list-zh,CH32L103_List-EN.txt
CH32L103,ADC,ADC_PGA,ADC 4x gain sampling routine,#,confirmed,evt:tree+evt:list-en+evt:list-zh,CH32L103_List-EN.txt
CH32L103,ADC,AnalogWatchdog,analog watchdog routine,#,confirmed,evt:tree+evt:list-en+evt:list-zh,CH32L103_List-EN.txt
CH32L103,ADC,Auto_Injection,automatic injection mode routine,#,confirmed,evt:tree+evt:list-en+evt:list-zh,CH32L103_List-EN.txt
CH32L103,ADC,Discontinuous_mode,discontinuous mode routine,#,confirmed,evt:tree+evt:list-en+evt:list-zh,CH32L103_List-EN.txt
CH32L103,ADC,ExtLines_Trigger,external trigger ADC conversion routine,#,confirmed,evt:tree+evt:list-en+evt:list-zh,CH32L103_List-EN.txt
CH32L103,ADC,Internal_Temperature,internal temperature sensor routine,#,confirmed,evt:tree+evt:list-en+evt:list-zh,CH32L103_List-EN.txt
CH32L103,APPLICATION,PD_Electric_Fan,electric fan routine,#,confirmed,evt:tree+evt:list-en+evt:list-zh,CH32L103_List-EN.txt
CH32L103,APPLICATION,WS2812_LED,Operating WS2812 via SPI\PWM Routine,#,confirmed,evt:tree+evt:list-en+evt:list-zh,CH32L103_List-EN.txt
CH32L103,CAN,CANFD,"CANFD normal mode, standard frame, and extended frame data routines",#,confirmed,evt:tree+evt:list-en+evt:list-zh,CH32L103_List-EN.txt
CH32L103,CAN,CAN_Wakeup,CAN wake_up routine,#,confirmed,evt:tree+evt:list-en+evt:list-zh,CH32L103_List-EN.txt
CH32L103,CAN,Networking,"CAN routines: normal mode, standard frame and extended frame data transceiver",#,confirmed,evt:tree+evt:list-en+evt:list-zh,CH32L103_List-EN.txt
CH32L103,CAN,TestMode,"test mode, including silent mode, loopback mode, loopback silent mode",#,confirmed,evt:tree+evt:list-en+evt:list-zh,CH32L103_List-EN.txt
CH32L103,CAN,Time-triggered,time-triggered communication mode,#,confirmed,evt:tree+evt:list-en+evt:list-zh,CH32L103_List-EN.txt
CH32L103,DMA,DMA_MEM2MEM,memory to memory mode routine,#,confirmed,evt:tree+evt:list-en+evt:list-zh,CH32L103_List-EN.txt
CH32L103,DMA,DMA_MEM2PERIP,see each peripheral subroutine for memory to peripheral mode and peripheral to memory mode routines,#,confirmed,evt:tree+evt:list-en+evt:list-zh,CH32L103_List-EN.txt
CH32L103,I2C,I2C_10bit_Mode,"10 bit address mode, master / slave mode transceiver routine",#,confirmed,evt:tree+evt:list-en+evt:list-zh,CH32L103_List-EN.txt
CH32L103,I2C,I2C_7bit_Interrupt_Mode,Send/receive routines using interrupts,#,confirmed,evt:tree+evt:list-en+evt:list-zh,CH32L103_List-EN.txt
CH32L103,I2C,I2C_7bit_Mode,"7-bit address mode, master / slave mode, transceiver routine",#,confirmed,evt:tree+evt:list-en+evt:list-zh,CH32L103_List-EN.txt
CH32L103,I2C,I2C_DMA,"I2C uses DMA, master / slave mode transceiver routine",#,confirmed,evt:tree+evt:list-en+evt:list-zh,CH32L103_List-EN.txt
CH32L103,I2C,I2C_EEPROM,I2C interface operation EEPROM peripheral routine,#,confirmed,evt:tree+evt:list-en+evt:list-zh,CH32L103_List-EN.txt
CH32L103,I2C,I2C_PEC,use PEC error check and master / slave mode transceiver routine,#,confirmed,evt:tree+evt:list-en+evt:list-zh,CH32L103_List-EN.txt
CH32L103,IAP,USB_UART,USB+UART IAP routine,#,confirmed,evt:tree+evt:list-en+evt:list-zh,CH32L103_List-EN.txt
CH32L103,INT,Interrupt_VTF,use VTF IRQ interrupt routine,#,confirmed,evt:tree+evt:list-en+evt:list-zh,CH32L103_List-EN.txt
CH32L103,INT,VectorInRAM,Interrupt routines for the interrupt vector table in RAM,#,confirmed,evt:tree+evt:list-en+evt:list-zh,CH32L103_List-EN.txt
CH32L103,LPTIM,LPTIM_LP_WakeUp,LPTIM sleep，shutdown wakeup routine,#,confirmed,evt:tree+evt:list-en+evt:list-zh,CH32L103_List-EN.txt
CH32L103,LPTIM,PWM_OnePulse_SingleMode,"LPTIM output PWM, single pulse, once set mode waveform routine",#,confirmed,evt:tree+evt:list-en+evt:list-zh,CH32L103_List-EN.txt
CH32L103,OPA,CMP,comparator routine,#,confirmed,evt:tree+evt:list-en+evt:list-zh,CH32L103_List-EN.txt
CH32L103,OPA,CMP_TIM2,timer 2 capture comparator routine,#,confirmed,evt:tree+evt:list-en+evt:list-zh,CH32L103_List-EN.txt
CH32L103,OPA,CMP_WakeUp,comparator wake-up routine,#,confirmed,evt:tree+evt:list-en+evt:list-zh,CH32L103_List-EN.txt
CH32L103,OPA,OPA,OPA as the output routine of voltage follower,#,confirmed,evt:tree+evt:list-en+evt:list-zh,CH32L103_List-EN.txt
CH32L103,OPA,OPA_BKIN,OPA break routine,#,confirmed,evt:tree+evt:list-en+evt:list-zh,CH32L103_List-EN.txt
CH32L103,OPA,OPA_IRQ,OPA  interrupt routine,#,confirmed,evt:tree+evt:list-en+evt:list-zh,CH32L103_List-EN.txt
CH32L103,OPA,OPA_PGA,PGA routine of OPA,#,confirmed,evt:tree+evt:list-en+evt:list-zh,CH32L103_List-EN.txt
CH32L103,OPA,OPA_Poll,OPA polling routine,#,confirmed,evt:tree+evt:list-en+evt:list-zh,CH32L103_List-EN.txt
CH32L103,OPA,OPA_Reset,OPA reset routine,#,confirmed,evt:tree+evt:list-en+evt:list-zh,CH32L103_List-EN.txt
CH32L103,PMP,PMP,Physical memory protection Routine,#,confirmed,evt:tree+evt:list-en+evt:list-zh,CH32L103_List-EN.txt
CH32L103,PWR,PVD_VoltageJudger,PVD voltage Judger Routine,#,confirmed,evt:tree+evt:list-en+evt:list-zh,CH32L103_List-EN.txt
CH32L103,PWR,PVD_Wakeup,STOP mode PVD wakeup MCU Routine,#,confirmed,evt:tree+evt:list-en+evt:list-zh,CH32L103_List-EN.txt
CH32L103,PWR,Sleep_Mode,"low power consumption, sleep mode routine",#,confirmed,evt:tree+evt:list-en+evt:list-zh,CH32L103_List-EN.txt
CH32L103,PWR,Standby_Mode,"low power consumption, standby mode routine",#,confirmed,evt:tree+evt:list-en+evt:list-zh,CH32L103_List-EN.txt
CH32L103,PWR,Standby_RAM_Application,Standby mode RAM data hold Routine,#,confirmed,evt:tree+evt:list-en+evt:list-zh,CH32L103_List-EN.txt
CH32L103,PWR,Standby_RAM_LV_Mode,"When LV is enabled in standby mode, RAM2K, 30K low power data holding routines",#,confirmed,evt:tree+evt:list-en+evt:list-zh,CH32L103_List-EN.txt
CH32L103,PWR,Standby_RAM_Mode,"When LV is not enabled in standby mode, RAM2K, 30K low power data holding routines",#,confirmed,evt:tree+evt:list-en+evt:list-zh,CH32L103_List-EN.txt
CH32L103,PWR,Stop_Mode,"low power consumption, stop mode routine",#,confirmed,evt:tree+evt:list-en+evt:list-zh,CH32L103_List-EN.txt
CH32L103,RCC,Get_CLK,get system-HCLK-HB1-HB2 clock routine,#,confirmed,evt:tree+evt:list-en+evt:list-zh,CH32L103_List-EN.txt
CH32L103,RCC,HSI_Calibration,HSI calibrate routine,#,confirmed,evt:tree+evt:list-en+evt:list-zh,CH32L103_List-EN.txt
CH32L103,RCC,LSI_Calibration,LSI calibrate routine,#,confirmed,evt:tree+evt:list-en+evt:list-zh,CH32L103_List-EN.txt
CH32L103,RCC,MCO,MCO pin clock output routine,#,confirmed,evt:tree+evt:list-en+evt:list-zh,CH32L103_List-EN.txt
CH32L103,RunInRam_LP,RunInRAM_HSI_LP,The program runs in RAM to reduce the power consumption of routines.,#,confirmed,evt:tree+evt:list-en+evt:list-zh,CH32L103_List-EN.txt
CH32L103,RunInRam_LP,RunInRAM_Select,Some programs run routines in RAM,#,confirmed,evt:tree+evt:list-en+evt:list-zh,CH32L103_List-EN.txt
CH32L103,RunInRam_LP,RunInRAM_Select_Sleep,Some programs run and sleep routines in RAM,#,confirmed,evt:tree+evt:list-en+evt:list-zh,CH32L103_List-EN.txt
CH32L103,RunInRam_LP,RunInRam,the program runs routines in RAM,#,confirmed,evt:tree+evt:list-en+evt:list-zh,CH32L103_List-EN.txt
CH32L103,SDI_Printf,SDI_Printf,"debug interface SDI, virtual serial port.",#,confirmed,evt:tree+evt:list-en+evt:list-zh,CH32L103_List-EN.txt
CH32L103,SPI,1Lines_half-duplex,"1-wire half-duplex mode, master / slave mode data transceiver",#,confirmed,evt:tree+evt:list-en+evt:list-zh,CH32L103_List-EN.txt
CH32L103,SPI,2Lines_FullDuplex,"2-wire half-duplex mode, master / slave mode data transceiver",#,confirmed,evt:tree+evt:list-en+evt:list-zh,CH32L103_List-EN.txt
CH32L103,SPI,FullDuplex_HardNSS,"Hardware NSS mode, master / slave mode, data transceiver",#,confirmed,evt:tree+evt:list-en+evt:list-zh,CH32L103_List-EN.txt
CH32L103,SPI,SPI_CRC,use CRC error check and master / slave mode transceiver routine,#,confirmed,evt:tree+evt:list-en+evt:list-zh,CH32L103_List-EN.txt
CH32L103,SPI,SPI_DMA,"SPI uses DMA, master / slave mode transceiver routine",#,confirmed,evt:tree+evt:list-en+evt:list-zh,CH32L103_List-EN.txt
CH32L103,SPI,SPI_FLASH,SPI interface operation flash peripheral routine,#,confirmed,evt:tree+evt:list-en+evt:list-zh,CH32L103_List-EN.txt
CH32L103,TIM,Clock_Select,clock source selection routine,#,confirmed,evt:tree+evt:list-en+evt:list-zh,CH32L103_List-EN.txt
CH32L103,TIM,ComplementaryOutput_DeadTime,complementary output and deadband insertion mode routines,#,confirmed,evt:tree+evt:list-en+evt:list-zh,CH32L103_List-EN.txt
CH32L103,TIM,Encode,Timer encoder mode routines,#,reference,evt:list-en,CH32L103_List-EN.txt
CH32L103,TIM,Encoder,,#,confirmed,evt:tree+evt:list-zh,CH32L103_List-EN.txt
CH32L103,TIM,ExtTrigger_Start_Two_Timer,external trigger starts two timer routines synchronously,#,confirmed,evt:tree+evt:list-en+evt:list-zh,CH32L103_List-EN.txt
CH32L103,TIM,Input_Capture,input capture routine,#,confirmed,evt:tree+evt:list-en+evt:list-zh,CH32L103_List-EN.txt
CH32L103,TIM,One_Pulse,single pulse output routine,#,confirmed,evt:tree+evt:list-en+evt:list-zh,CH32L103_List-EN.txt
CH32L103,TIM,Output_Compare_Mode,output comparison mode routine,#,confirmed,evt:tree+evt:list-en+evt:list-zh,CH32L103_List-EN.txt
CH32L103,TIM,PWM_Output,PWM output routine,#,confirmed,evt:tree+evt:list-en+evt:list-zh,CH32L103_List-EN.txt
CH32L103,TIM,Synchro_ExtTrigger,"slave mode routine, including reset mode, gating mode and trigger mode",#,confirmed,evt:tree+evt:list-en+evt:list-zh,CH32L103_List-EN.txt
CH32L103,TIM,Synchro_Timer,timer synchronization mode,#,confirmed,evt:tree+evt:list-en+evt:list-zh,CH32L103_List-EN.txt
CH32L103,TIM,TIM_DMA,the timer uses DMA routines,#,confirmed,evt:tree+evt:list-en+evt:list-zh,CH32L103_List-EN.txt
CH32L103,TIM,TIM_INT,Timer interrupt routines,#,confirmed,evt:tree+evt:list-en+evt:list-zh,CH32L103_List-EN.txt
CH32L103,TOUCHKEY,DOC_SCH_PCB,Schematic diagrams and instructions for use,#,confirmed,evt:tree+evt:list-en+evt:list-zh,CH32L103_List-EN.txt
CH32L103,TOUCHKEY,TKY,TouchKey: touchkey detection routine,#,confirmed,evt:list-en+evt:list-zh,CH32L103_List-EN.txt
CH32L103,TOUCHKEY,TKYLIB,Touch Button Library,#,confirmed,evt:tree+evt:list-en+evt:list-zh,CH32L103_List-EN.txt
CH32L103,TOUCHKEY,TKey_MulShield,TKey MulShield routine,#,confirmed,evt:tree+evt:list-en+evt:list-zh,CH32L103_List-EN.txt
CH32L103,TOUCHKEY,Touch_EX001,Comprehensive demonstration of touch keys,#,confirmed,evt:tree+evt:list-en+evt:list-zh,CH32L103_List-EN.txt
CH32L103,TOUCHKEY,Touch_EX002,8 Key Touch Routines,#,confirmed,evt:tree+evt:list-en+evt:list-zh,CH32L103_List-EN.txt
CH32L103,USART,USART_DMA,"USART uses DMA, master / slave mode transceiver routine",#,confirmed,evt:tree+evt:list-en+evt:list-zh,CH32L103_List-EN.txt
CH32L103,USART,USART_HalfDuplex,"1-wire half duplex mode, master / slave mode transceiver routine",#,confirmed,evt:tree+evt:list-en+evt:list-zh,CH32L103_List-EN.txt
CH32L103,USART,USART_HardwareFlowControl,"hardware flow control mode, master / slave mode, transceiver routine",#,confirmed,evt:tree+evt:list-en+evt:list-zh,CH32L103_List-EN.txt
CH32L103,USART,USART_Idle_Recv,Serial port using DMA for indeterminate length reception routine,#,confirmed,evt:tree+evt:list-en+evt:list-zh,CH32L103_List-EN.txt
CH32L103,USART,USART_Interrupt,"USART interrupt routine, master / slave mode transceiver routine",#,confirmed,evt:tree+evt:list-en+evt:list-zh,CH32L103_List-EN.txt
CH32L103,USART,USART_MultiProcessorCommunication,multiprocessor communication mode routine,#,confirmed,evt:tree+evt:list-en+evt:list-zh,CH32L103_List-EN.txt
CH32L103,USART,USART_Polling,"polling transceiver mode, master / slave transceiver routine",#,confirmed,evt:tree+evt:list-en+evt:list-zh,CH32L103_List-EN.txt
CH32L103,USART,USART_Printf,USART Print debugging routine,#,confirmed,evt:tree+evt:list-en+evt:list-zh,CH32L103_List-EN.txt
CH32L103,USART,USART_SmartCard,Serial port smart card routine,#,confirmed,evt:tree+evt:list-en+evt:list-zh,CH32L103_List-EN.txt
CH32L103,USART,USART_SynchronousMode,"synchronous mode, master / slave mode, transceiver routine",#,confirmed,evt:tree+evt:list-en+evt:list-zh,CH32L103_List-EN.txt
CH32L103,USB,USBFS,,#,confirmed,evt:tree+evt:list-en+evt:list-zh,CH32L103_List-EN.txt
CH32L103,USB,USBFS/DEVICE,,#,confirmed,evt:tree+evt:list-en+evt:list-zh,CH32L103_List-EN.txt
CH32L103,USB,USBFS/DEVICE/CH372,"Simulates a custom USB device (CH372 device) with endpoints 1, 3 down and 2, 4 up. Data down from endpoint 1 is uploaded from endpoint 3 and not reversed, and data down from endpoint 2 is uploaded from endpoint 4 and reversed.",#,confirmed,evt:list-en+evt:list-zh,CH32L103_List-EN.txt
CH32L103,USB,USBFS/DEVICE/Compatibility_HID,"Simulates HID devices, with data transmitted up and down through the serial port.",#,confirmed,evt:list-en+evt:list-zh,CH32L103_List-EN.txt
CH32L103,USB,USBFS/DEVICE/CompositeKM,"Simulate keyboard and mouse, use IO to simulate keystrokes, while simulated data can be uploaded through serial port 2.",#,confirmed,evt:tree+evt:list-en+evt:list-zh,CH32L103_List-EN.txt
CH32L103,USB,USBFS/DEVICE/CompositeKM_LowSpeed,Simulate low speed keyboard and mouse。,#,confirmed,evt:tree+evt:list-en+evt:list-zh,CH32L103_List-EN.txt
CH32L103,USB,USBFS/DEVICE/MSC_CD-ROM,CDROM routine，requires external SPI-Flash,#,confirmed,evt:tree+evt:list-en+evt:list-zh,CH32L103_List-EN.txt
CH32L103,USB,USBFS/DEVICE/MSC_U-Disk,"Smulates a simple USB flash drive, optionally using on-chip Flash or external SPI-Flash",#,confirmed,evt:tree+evt:list-en+evt:list-zh,CH32L103_List-EN.txt
CH32L103,USB,USBFS/DEVICE/SimulateCDC,Simulate a CDC serial port and use serial port 1 to send and receive.,#,confirmed,evt:tree+evt:list-en+evt:list-zh,CH32L103_List-EN.txt
CH32L103,USB,USBFS/DEVICE/SimulateCDC-HID,"Simulate a CDC serial port, use serial port 2 to send and receive, and HID interrupt terminal to send data and upload it back.",#,confirmed,evt:tree+evt:list-en+evt:list-zh,CH32L103_List-EN.txt
CH32L103,USB,USBFS/HOST_IAP,,#,confirmed,evt:tree+evt:list-en+evt:list-zh,CH32L103_List-EN.txt
CH32L103,USB,USBFS/HOST_IAP/APP,"APP used with HOST_IAP, the project has modified the starting location of the program, after compilation, you need to convert the file into a bin file and rename it to APP.bin",#,confirmed,evt:tree+evt:list-en+evt:list-zh,CH32L103_List-EN.txt
CH32L103,USB,USBFS/HOST_IAP/HOST_IAP,"The host U disk IAP routine based on the U disk read file routine finishing, read the file with the name bit APP.bin from the U disk, write it to the internal flash, check it and jump automatically.",#,confirmed,evt:tree+evt:list-en+evt:list-zh,CH32L103_List-EN.txt
CH32L103,USB,USBFS/HOST_KM,"The host operates the keypad, gets the data of the endpoints uploaded by the keypad and prints it, supports U-port under level 1 hub",#,confirmed,evt:tree+evt:list-en+evt:list-zh,CH32L103_List-EN.txt
CH32L103,USB,USBFS/HOST_MTP_FileSystem,"Enumeration process of a USB host to a device that supports MTP and PTP protocols, supports MTP and PTP protocols, and reads its files",#,confirmed,evt:tree+evt:list-en+evt:list-zh,CH32L103_List-EN.txt
CH32L103,USB,USBFS/Host_Udisk,USB host operation USB disk routine,#,confirmed,evt:tree+evt:list-en+evt:list-zh,CH32L103_List-EN.txt
CH32L103,USB,USBFS/Udisk_Lib,U disk file system library file,#,confirmed,evt:tree+evt:list-en+evt:list-zh,CH32L103_List-EN.txt
CH32L103,USBPD,USBPD_CH211,PD + CH211 routine,#,confirmed,evt:tree+evt:list-en+evt:list-zh,CH32L103_List-EN.txt
CH32L103,USBPD,USBPD_CH211/SCH,schematic diagram,#,confirmed,evt:tree+evt:list-en+evt:list-zh,CH32L103_List-EN.txt
CH32L103,USBPD,USBPD_SNK,PD SNK routine,#,confirmed,evt:tree+evt:list-en+evt:list-zh,CH32L103_List-EN.txt
CH32L103,USBPD,USBPD_SRC,PD SRC routine,#,confirmed,evt:tree+evt:list-en+evt:list-zh,CH32L103_List-EN.txt
CH32M030,ADC,ADC_AVG,,#,confirmed,evt:tree+evt:list-en+evt:list-zh,CH32M030_List_EN.txt
CH32M030,ADC,ADC_DMA,ADC uses DMA sampling routines,#,confirmed,evt:tree+evt:list-en+evt:list-zh,CH32M030_List_EN.txt
CH32M030,ADC,AnalogWatchdog,analog watchdog routine,#,confirmed,evt:tree+evt:list-en+evt:list-zh,CH32M030_List_EN.txt
CH32M030,ADC,Auto_Injection,automatic injection mode routine,#,confirmed,evt:tree+evt:list-en+evt:list-zh,CH32M030_List_EN.txt
CH32M030,ADC,Discontinuous_mode,discontinuous mode routine,#,confirmed,evt:tree+evt:list-en+evt:list-zh,CH32M030_List_EN.txt
CH32M030,ADC,ExtLines_Trigger,external lines trigger ADC conversion routine,#,confirmed,evt:tree+evt:list-en+evt:list-zh,CH32M030_List_EN.txt
CH32M030,ADC,TIM_Trigger,TIM trigger ADC conversion routine,#,confirmed,evt:tree+evt:list-en+evt:list-zh,CH32M030_List_EN.txt
CH32M030,APPLICATION,Electric_Fan,motor routine,#,confirmed,evt:tree+evt:list-en+evt:list-zh,CH32M030_List_EN.txt
CH32M030,APPLICATION,Electric_Fan/DOC_SCH,Motor application schematic diagram and description,#,confirmed,evt:tree+evt:list-en+evt:list-zh,CH32M030_List_EN.txt
CH32M030,APPLICATION,Electric_Fan/Electric_Fan,motor routine,#,confirmed,evt:list-en+evt:list-zh,CH32M030_List_EN.txt
CH32M030,APPLICATION,PD,,#,confirmed,evt:tree+evt:list-en+evt:list-zh,CH32M030_List_EN.txt
CH32M030,APPLICATION,PD/Common,,#,confirmed,evt:tree+evt:list-en+evt:list-zh,CH32M030_List_EN.txt
CH32M030,APPLICATION,PD/Common/DOC_SCH,Motor application schematic diagram and description,#,confirmed,evt:tree+evt:list-en+evt:list-zh,CH32M030_List_EN.txt
CH32M030,APPLICATION,PD/Common/Debug,Debug Library,#,confirmed,evt:tree+evt:list-en+evt:list-zh,CH32M030_List_EN.txt
CH32M030,APPLICATION,PD/Common/USBBB,USB Library,#,confirmed,evt:tree+evt:list-en+evt:list-zh,CH32M030_List_EN.txt
CH32M030,APPLICATION,PD/Common/USBPD,PD Library,#,confirmed,evt:tree+evt:list-en+evt:list-zh,CH32M030_List_EN.txt
CH32M030,APPLICATION,PD/USBPD_DRP,,#,confirmed,evt:tree+evt:list-en+evt:list-zh,CH32M030_List_EN.txt
CH32M030,APPLICATION,PD/USBPD_DRP/DRP_PRSwap,"Port1 acts as SNK, while Port0 is DRP. After connecting Port1, send PRSwap, and send 5V and 9V PDO levels. First connect Port1, establish PD, and request 5V PDO level",#,confirmed,evt:tree+evt:list-en+evt:list-zh,CH32M030_List_EN.txt
CH32M030,APPLICATION,PD/USBPD_DRP/DRP_SPR_Passthrough,"After Port0 handshake with SNK, it sends the SrcCap of the Port1 adapter, demonstrating the PDO processing process",#,confirmed,evt:tree+evt:list-en+evt:list-zh,CH32M030_List_EN.txt
CH32M030,APPLICATION,PD/USBPD_SNK,,#,confirmed,evt:tree+evt:list-en+evt:list-zh,CH32M030_List_EN.txt
CH32M030,APPLICATION,PD/USBPD_SNK/SNK_ADC_NTC,"Connect an external NTC resistor, and use ADC sampling to obtain temperature",#,confirmed,evt:tree+evt:list-en+evt:list-zh,CH32M030_List_EN.txt
CH32M030,APPLICATION,PD/USBPD_SNK/SNK_EPR_Request28V,"Port0 engages in handshake with SRC. If EPR is supported, it requests to enter EPR mode and engages in handshake with a 28V gear",#,confirmed,evt:tree+evt:list-en+evt:list-zh,CH32M030_List_EN.txt
CH32M030,APPLICATION,PD/USBPD_SNK/SNK_GetSrcCapabilities,"After establishing Port0 PD, send a GetSrccap message to obtain the power supply message capability of SRC",#,confirmed,evt:tree+evt:list-en+evt:list-zh,CH32M030_List_EN.txt
CH32M030,APPLICATION,PD/USBPD_SNK/SNK_SPR_Request5V,"Port0 engages in a handshake with SRC, the serial port displays the received Srccap, and requests a 5V PDO voltage level",#,confirmed,evt:tree+evt:list-en+evt:list-zh,CH32M030_List_EN.txt
CH32M030,APPLICATION,PD/USBPD_SNK/SNK_SendVdmIdentity,"After establishing Port0 PD, send a VDM Ident message to obtain SRC VDM information",#,confirmed,evt:tree+evt:list-en+evt:list-zh,CH32M030_List_EN.txt
CH32M030,APPLICATION,PD/USBPD_SRC,,#,confirmed,evt:tree+evt:list-en+evt:list-zh,CH32M030_List_EN.txt
CH32M030,APPLICATION,PD/USBPD_SRC/SRC_DRSwap_Billboard,"After establishing Port0 PD, send a DRSwap message and display a pop-up indicating USB Billboard with no DP capability",#,confirmed,evt:tree+evt:list-en+evt:list-zh,CH32M030_List_EN.txt
CH32M030,APPLICATION,PD/USBPD_SRC/SRC_GetSinkCap,"After establishing Port0 PD, send a GetSinkCap message to obtain the power supply message capability of the SNK",#,confirmed,evt:tree+evt:list-en+evt:list-zh,CH32M030_List_EN.txt
CH32M030,APPLICATION,PD/USBPD_SRC/SRC_SPR_Request_IsinkVoltChange,"ISINK, Port0 shakes hands with SNK, adjusts the voltage according to SNK's Request message, and establishes PD communication",#,confirmed,evt:tree+evt:list-en+evt:list-zh,CH32M030_List_EN.txt
CH32M030,APPLICATION,PD/USBPD_SRC/SRC_Vconn_TxSrcCap,"Port0 engages in a handshake with SNK, establishes Vconn power supply, retrieves EMK information, and subsequently transmits SrcCap values of 5V and 9V",#,confirmed,evt:tree+evt:list-en+evt:list-zh,CH32M030_List_EN.txt
CH32M030,APPLICATION,SoftUART,I/O port simulation serial port routine,#,confirmed,evt:tree+evt:list-en+evt:list-zh,CH32M030_List_EN.txt
CH32M030,DMA,DMA_MEM2MEM,memory to memory mode routine,#,confirmed,evt:tree+evt:list-en+evt:list-zh,CH32M030_List_EN.txt
CH32M030,DMA,DMA_MEM2PERIP,see each peripheral subroutine for memory to peripheral mode and peripheral to memory mode routines,#,confirmed,evt:tree+evt:list-en+evt:list-zh,CH32M030_List_EN.txt
CH32M030,EXTI,EXTI,External Interrupt Routine,#,confirmed,evt:tree+evt:list-en+evt:list-zh,CH32M030_List_EN.txt
CH32M030,FLASH,FLASH_ECC,FLASH ECC Calibration Routine,#,confirmed,evt:tree+evt:list-en+evt:list-zh,CH32M030_List_EN.txt
CH32M030,FLASH,FLASH_Program,"FLASH erase/read/write, and fast programming",#,confirmed,evt:tree+evt:list-en+evt:list-zh,CH32M030_List_EN.txt
CH32M030,GPIO,GPIO_Toggle,GPIO routines,#,confirmed,evt:tree+evt:list-en+evt:list-zh,CH32M030_List_EN.txt
CH32M030,I2C,I2C_10bit_Mode,"10 bit address mode, master / slave mode transceiver routine",#,confirmed,evt:tree+evt:list-en+evt:list-zh,CH32M030_List_EN.txt
CH32M030,I2C,I2C_7bit_Interrupt_Mode,Use interrupt to receive and send routine,#,confirmed,evt:tree+evt:list-en+evt:list-zh,CH32M030_List_EN.txt
CH32M030,I2C,I2C_7bit_Mode,"7-bit address mode, master / slave mode, transceiver routine",#,confirmed,evt:tree+evt:list-en+evt:list-zh,CH32M030_List_EN.txt
CH32M030,I2C,I2C_DMA,"I2C uses DMA, master / slave mode transceiver routine",#,confirmed,evt:tree+evt:list-en+evt:list-zh,CH32M030_List_EN.txt
CH32M030,I2C,I2C_EEPROM,I2C interface operation EEPROM peripheral routine,#,confirmed,evt:tree+evt:list-en+evt:list-zh,CH32M030_List_EN.txt
CH32M030,I2C,I2C_PEC,use PEC error check and master / slave mode transceiver routine,#,confirmed,evt:tree+evt:list-en+evt:list-zh,CH32M030_List_EN.txt
CH32M030,IAP,UART_USB_IAP,IAP Upgrade Routine - Built-in Hex to Bin Tool and IAP Upgrade Tool,#,confirmed,evt:tree+evt:list-en+evt:list-zh,CH32M030_List_EN.txt
CH32M030,INT,Interrupt_VTF,use VTF IRQ interrupt routine,#,confirmed,evt:tree+evt:list-en+evt:list-zh,CH32M030_List_EN.txt
CH32M030,INT,VectorInRAM,Interrupt routines for the interrupt vector table in RAM,#,confirmed,evt:tree+evt:list-en+evt:list-zh,CH32M030_List_EN.txt
CH32M030,OPA,CMP,Comparator routine,#,confirmed,evt:tree+evt:list-en+evt:list-zh,CH32M030_List_EN.txt
CH32M030,OPA,CMP_IRQ,CMP interrupt routine,#,confirmed,evt:tree+evt:list-en+evt:list-zh,CH32M030_List_EN.txt
CH32M030,OPA,OPA_PGA,OPA PGA routine,#,confirmed,evt:tree+evt:list-en+evt:list-zh,CH32M030_List_EN.txt
CH32M030,PWR,PWR_OVP,Overvoltage Protection Monitoring Routine,#,confirmed,evt:tree+evt:list-en+evt:list-zh,CH32M030_List_EN.txt
CH32M030,PWR,Sleep_Mode,"low power consumption, sleep mode routine",#,confirmed,evt:tree+evt:list-en+evt:list-zh,CH32M030_List_EN.txt
CH32M030,PWR,Standby_Mode,"low power consumption, standby mode routine",#,confirmed,evt:tree+evt:list-en+evt:list-zh,CH32M030_List_EN.txt
CH32M030,PWR,Stop_Mode,"low power consumption, stop mode routine",#,confirmed,evt:tree+evt:list-en+evt:list-zh,CH32M030_List_EN.txt
CH32M030,RCC,GET_CLK,Get Clock Frequency Routine,#,confirmed,evt:tree+evt:list-en+evt:list-zh,CH32M030_List_EN.txt
CH32M030,RCC,HSI_Calibration,HSI calibrate routine,#,confirmed,evt:tree+evt:list-en+evt:list-zh,CH32M030_List_EN.txt
CH32M030,RCC,MCO,MCO pin clock output routine,#,confirmed,evt:tree+evt:list-en+evt:list-zh,CH32M030_List_EN.txt
CH32M030,SDI_Printf,SDI_Printf,"debug interface SDI, virtual serial port.",#,confirmed,evt:tree+evt:list-en+evt:list-zh,CH32M030_List_EN.txt
CH32M030,SPI,1Lines_half-duplex,"single wire half duplex mode, master / slave mode, data transceiver",#,confirmed,evt:tree+evt:list-en+evt:list-zh,CH32M030_List_EN.txt
CH32M030,SPI,2Lines_FullDuplex,"two-wire full duplex mode, master / slave mode, data transceiver",#,confirmed,evt:tree+evt:list-en+evt:list-zh,CH32M030_List_EN.txt
CH32M030,SPI,FullDuplex_HardNSS,"Hardware NSS mode, master / slave mode, data transceiver",#,confirmed,evt:tree+evt:list-en+evt:list-zh,CH32M030_List_EN.txt
CH32M030,SPI,SPI_CRC,use CRC error check and master / slave mode transceiver routine,#,confirmed,evt:tree+evt:list-en+evt:list-zh,CH32M030_List_EN.txt
CH32M030,SPI,SPI_DMA,"SPI uses DMA, master / slave mode transceiver routine",#,confirmed,evt:tree+evt:list-en+evt:list-zh,CH32M030_List_EN.txt
CH32M030,SPI,SPI_FLASH,SPI interface operation flash peripheral routine,#,confirmed,evt:list-en+evt:list-zh,CH32M030_List_EN.txt
CH32M030,SPI,SPI_LCD,SPI interface operation FLASH  and LCD peripheral routines,#,confirmed,evt:list-en+evt:list-zh,CH32M030_List_EN.txt
CH32M030,SYSTICK,SYSTICK_Interrupt,Systick timer routine,#,confirmed,evt:tree+evt:list-en+evt:list-zh,CH32M030_List_EN.txt
CH32M030,TIM,ADC_Capture,Capture ADC Module Signal Edge Routine,#,confirmed,evt:tree+evt:list-en+evt:list-zh,CH32M030_List_EN.txt
CH32M030,TIM,Bothedge_Capture,Double Edge Capture Routine,#,confirmed,evt:tree+evt:list-en+evt:list-zh,CH32M030_List_EN.txt
CH32M030,TIM,CenterAlignedMove,Shift routines in centrosymmetric mode,#,confirmed,evt:tree+evt:list-en+evt:list-zh,CH32M030_List_EN.txt
CH32M030,TIM,Clock_Select,clock source selection routine,#,confirmed,evt:tree+evt:list-en+evt:list-zh,CH32M030_List_EN.txt
CH32M030,TIM,ComplementaryOutput_DeadTime,complementary output and deadband insertion mode routines,#,confirmed,evt:tree+evt:list-en+evt:list-zh,CH32M030_List_EN.txt
CH32M030,TIM,Dead_Asymmetry,Deadband Asymmetry Routine,#,confirmed,evt:tree+evt:list-en+evt:list-zh,CH32M030_List_EN.txt
CH32M030,TIM,Encode,Timer encoder mode routines,#,reference,evt:list-en,CH32M030_List_EN.txt
CH32M030,TIM,Encoder,,#,confirmed,evt:tree+evt:list-zh,CH32M030_List_EN.txt
CH32M030,TIM,ExtTrigger_Start_Two_Timer,external trigger starts two timer routines synchronously,#,confirmed,evt:tree+evt:list-en+evt:list-zh,CH32M030_List_EN.txt
CH32M030,TIM,IndependentOutput,Complementary Channel Independent Output Routine,#,confirmed,evt:tree+evt:list-en+evt:list-zh,CH32M030_List_EN.txt
CH32M030,TIM,Input_Capture,input capture routine,#,confirmed,evt:tree+evt:list-en+evt:list-zh,CH32M030_List_EN.txt
CH32M030,TIM,One_Pulse,single pulse output routine,#,confirmed,evt:tree+evt:list-en+evt:list-zh,CH32M030_List_EN.txt
CH32M030,TIM,Output_Compare_Mode,output comparison mode routine,#,confirmed,evt:tree+evt:list-en+evt:list-zh,CH32M030_List_EN.txt
CH32M030,TIM,PWM_Output,PWM output routine,#,confirmed,evt:tree+evt:list-en+evt:list-zh,CH32M030_List_EN.txt
CH32M030,TIM,Synchro_ExtTrigger,"slave mode routine, including reset mode, gating mode and trigger mode",#,confirmed,evt:tree+evt:list-en+evt:list-zh,CH32M030_List_EN.txt
CH32M030,TIM,Synchro_Timer,timer synchronization mode,#,confirmed,evt:tree+evt:list-en+evt:list-zh,CH32M030_List_EN.txt
CH32M030,TIM,TIM_DMA,the timer uses DMA routines,#,confirmed,evt:tree+evt:list-en+evt:list-zh,CH32M030_List_EN.txt
CH32M030,TIM,TIM_INT,Timer Interrupt Routine,#,confirmed,evt:tree+evt:list-en+evt:list-zh,CH32M030_List_EN.txt
CH32M030,UART,UART_DMA,"UART uses DMA, master / slave mode transceiver routine",#,reference,evt:list-en,CH32M030_List_EN.txt
CH32M030,UART,UART_HalfDuplex,"single wire half duplex mode, master / slave mode transceiver routine",#,reference,evt:list-en,CH32M030_List_EN.txt
CH32M030,UART,UART_HardwareFlowControl,"hardware flow control mode, master / slave mode, transceiver routine",#,reference,evt:list-en,CH32M030_List_EN.txt
CH32M030,UART,UART_Idle_Recv,UART use DMA receiving indeterminate length data routines,#,reference,evt:list-en,CH32M030_List_EN.txt
CH32M030,UART,UART_Interrupt,"UART interrupt routine, master / slave mode transceiver routine",#,reference,evt:list-en,CH32M030_List_EN.txt
CH32M030,UART,UART_MultiProcessorCommunication,multiprocessor communication mode routine,#,reference,evt:list-en,CH32M030_List_EN.txt
CH32M030,UART,UART_Polling,"polling transceiver mode, master / slave transceiver routine",#,reference,evt:list-en,CH32M030_List_EN.txt
CH32M030,UART,UART_Printf,UART Print debugging routine,#,reference,evt:list-en,CH32M030_List_EN.txt
CH32M030,UART,UART_SynchronousMode,"synchronous mode, master / slave mode, transceiver routine",#,reference,evt:list-en,CH32M030_List_EN.txt
CH32M030,USART,USART_DMA,,#,confirmed,evt:tree+evt:list-zh,CH32M030_List_EN.txt
CH32M030,USART,USART_HalfDuplex,,#,confirmed,evt:tree+evt:list-zh,CH32M030_List_EN.txt
CH32M030,USART,USART_HardwareFlowControl,,#,confirmed,evt:tree+evt:list-zh,CH32M030_List_EN.txt
CH32M030,USART,USART_Idle_Recv,,#,confirmed,evt:tree+evt:list-zh,CH32M030_List_EN.txt
CH32M030,USART,USART_Interrupt,,#,confirmed,evt:tree+evt:list-zh,CH32M030_List_EN.txt
CH32M030,USART,USART_MultiProcessorCommunication,,#,confirmed,evt:tree+evt:list-zh,CH32M030_List_EN.txt
CH32M030,USART,USART_Polling,,#,confirmed,evt:tree+evt:list-zh,CH32M030_List_EN.txt
CH32M030,USART,USART_Printf,,#,confirmed,evt:tree+evt:list-zh,CH32M030_List_EN.txt
CH32M030,USB,USBFS,,#,confirmed,evt:tree+evt:list-en+evt:list-zh,CH32M030_List_EN.txt
CH32M030,USB,USBFS/DEVICE,,#,confirmed,evt:tree+evt:list-en+evt:list-zh,CH32M030_List_EN.txt
CH32M030,USB,USBFS/DEVICE/CH372,"Simulates a custom USB device (CH372 device) with endpoints 1, 3, 5 down and 2, 4, 6 up. Data down from endpoint 1 is uploaded from endpoint 2 and not reversed, and data down from endpoint 3, 5 is uploaded from endpoint 4,6 and reversed.",#,confirmed,evt:list-en+evt:list-zh,CH32M030_List_EN.txt
CH32M030,USB,USBFS/DEVICE/Compatibility_HID,"Simulates HID devices, with data transmitted up and down through the serial port.",#,confirmed,evt:list-en+evt:list-zh,CH32M030_List_EN.txt
CH32M030,USB,USBFS/DEVICE/CompositeKM,"Simulate keyboard and mouse, use IO to simulate keystrokes, while simulated data can be uploaded through serial port 1.",#,confirmed,evt:tree+evt:list-en+evt:list-zh,CH32M030_List_EN.txt
CH32M030,USB,USBFS/DEVICE/CompositeKM_LowSpeed,"Simulate low speed keyboard and mouse, use IO to simulate keystrokes, while simulated data can be uploaded through serial port 1.",#,confirmed,evt:tree+evt:list-en+evt:list-zh,CH32M030_List_EN.txt
CH32M030,USB,USBFS/DEVICE/MSC_CD-ROM,"Simulate CDROM, need external SPI-Flash",#,confirmed,evt:tree+evt:list-en+evt:list-zh,CH32M030_List_EN.txt
CH32M030,USB,USBFS/DEVICE/MSC_U-Disk,"Smulates a simple USB flash drive, optionally using on-chip Flash or external SPI-Flash",#,confirmed,evt:tree+evt:list-en+evt:list-zh,CH32M030_List_EN.txt
CH32M030,USB,USBFS/DEVICE/SimulateCDC,Simulate a CDC serial port and use serial port 1 to send and receive.,#,confirmed,evt:tree+evt:list-en+evt:list-zh,CH32M030_List_EN.txt
CH32M030,USB,USBFS/DEVICE/SimulateCDC-HID,,#,confirmed,evt:tree+evt:list-zh,CH32M030_List_EN.txt
CH32M030,USB,USBFS/HOST_IAP,,#,confirmed,evt:tree+evt:list-en+evt:list-zh,CH32M030_List_EN.txt
CH32M030,USB,USBFS/HOST_IAP/APP,"APP used with HOST_IAP, the project has modified the starting location of the program, after compilation, you need to convert the file into a bin file and rename it to APP.bin",#,confirmed,evt:tree+evt:list-en+evt:list-zh,CH32M030_List_EN.txt
CH32M030,USB,USBFS/HOST_IAP/HOST_IAP,"The host U disk IAP routine based on the U disk read file routine finishing, read the file with the name bit APP.bin from the U disk, write it to the internal flash, check it and jump automatically.",#,confirmed,evt:tree+evt:list-en+evt:list-zh,CH32M030_List_EN.txt
CH32M030,USB,USBFS/HOST_KM,"The host operates the keypad, gets the data of the endpoints uploaded by the keypad and prints it, supports U-port under level 1 hub",#,confirmed,evt:tree+evt:list-en+evt:list-zh,CH32M030_List_EN.txt
CH32M030,USB,USBFS/HOST_MTP_FileSystem,"Enumeration process of a USB host to a device that supports MTP and PTP protocols, supports MTP and PTP protocols, and reads its files",#,confirmed,evt:tree+evt:list-en+evt:list-zh,CH32M030_List_EN.txt
CH32M030,USB,USBFS/Host_Udisk,USB host operation USB disk routine,#,confirmed,evt:tree+evt:list-en+evt:list-zh,CH32M030_List_EN.txt
CH32M030,USB,USBFS/Udisk_Lib,U disk file system library file,#,confirmed,evt:tree+evt:list-en+evt:list-zh,CH32M030_List_EN.txt
CH32M030,USBPD,USBPD_SNK,,#,confirmed,evt:tree+evt:list-zh,CH32M030_List_EN.txt
CH32M030,USBPD,USBPD_SRC,,#,confirmed,evt:tree+evt:list-zh,CH32M030_List_EN.txt
CH32M030,WWDG,WWDG,Window Watchdog Routine,#,confirmed,evt:tree+evt:list-en+evt:list-zh,CH32M030_List_EN.txt
CH32V003,ADC,ADC_DMA,ADC DMA sampling routines,#,confirmed,evt:tree+evt:list-en+evt:list-zh,CH32V00x_List_EN.txt
CH32V003,ADC,AnalogWatchdog,analog watchdog routine,#,confirmed,evt:tree+evt:list-en+evt:list-zh,CH32V00x_List_EN.txt
CH32V003,ADC,Auto_Injection,automatic injection mode routine,#,confirmed,evt:tree+evt:list-en+evt:list-zh,CH32V00x_List_EN.txt
CH32V003,ADC,Discontinuous_mode,discontinuous mode routine,#,confirmed,evt:tree+evt:list-en+evt:list-zh,CH32V00x_List_EN.txt
CH32V003,ADC,ExtLines_Trigger,external lines trigger ADC conversion routine,#,confirmed,evt:tree+evt:list-en+evt:list-zh,CH32V00x_List_EN.txt
CH32V003,ADC,TIM_Trigger,TIM trigger ADC conversion routine,#,confirmed,evt:tree+evt:list-en,CH32V00x_List_EN.txt
CH32V003,ADC,TIM_trigger,,#,confirmed,evt:tree+evt:list-zh,CH32V00x_List_EN.txt
CH32V003,APPLICATION,SoftUART,I/O port simulation serial port routine,#,confirmed,evt:tree+evt:list-en+evt:list-zh,CH32V00x_List_EN.txt
CH32V003,DMA,DMA_MEM2MEM,Memory to memory mode routine,#,confirmed,evt:tree+evt:list-en+evt:list-zh,CH32V00x_List_EN.txt
CH32V003,DMA,DMA_MEM2PERIP,"Memory to peripheral mode, and peripheral to memory mode routine, see peripheral sub-routines",#,confirmed,evt:tree+evt:list-en+evt:list-zh,CH32V00x_List_EN.txt
CH32V003,EXTI,EXTI0,external interrupt line routine,#,confirmed,evt:tree+evt:list-en+evt:list-zh,CH32V00x_List_EN.txt
CH32V003,FLASH,BootAsUser,Boot Flash used for user flash,#,confirmed,evt:tree+evt:list-en+evt:list-zh,CH32V00x_List_EN.txt
CH32V003,FLASH,FLASH_Program,"FLASH erase/read/write, and fast programming",#,confirmed,evt:tree+evt:list-en+evt:list-zh,CH32V00x_List_EN.txt
CH32V003,GPIO,GPIO_Toggle,GPIO routine,#,confirmed,evt:tree+evt:list-en+evt:list-zh,CH32V00x_List_EN.txt
CH32V003,I2C,I2C_10bit_Mode,"10-bit addressing mode, master/slave mode transceiver routine",#,confirmed,evt:tree+evt:list-en+evt:list-zh,CH32V00x_List_EN.txt
CH32V003,I2C,I2C_7bit_Interrupt_Mode,Use interrupt to receive and send routine,#,confirmed,evt:tree+evt:list-en+evt:list-zh,CH32V00x_List_EN.txt
CH32V003,I2C,I2C_7bit_Mode,"7-bit addressing mode, master/slave mode, transceiver routine",#,confirmed,evt:tree+evt:list-en+evt:list-zh,CH32V00x_List_EN.txt
CH32V003,I2C,I2C_DMA,"I2C DMA, master/slave mode transceiver routine",#,confirmed,evt:tree+evt:list-en+evt:list-zh,CH32V00x_List_EN.txt
CH32V003,I2C,I2C_EEPROM,I2C interface routine to operate EEPROM peripheral,#,confirmed,evt:tree+evt:list-en+evt:list-zh,CH32V00x_List_EN.txt
CH32V003,I2C,I2C_PEC,"PEC error check, master/slave mode transceiver routine",#,confirmed,evt:tree+evt:list-en+evt:list-zh,CH32V00x_List_EN.txt
CH32V003,IAP,V00x_APP,APP go to IAP routine,#,confirmed,evt:tree+evt:list-en+evt:list-zh,CH32V00x_List_EN.txt
CH32V003,INT,Interrupt_VTF,VTF IRQ interrupt routine,#,confirmed,evt:tree+evt:list-en+evt:list-zh,CH32V00x_List_EN.txt
CH32V003,INT,VectorInRAM,Vector in RAM routine,#,confirmed,evt:tree+evt:list-en+evt:list-zh,CH32V00x_List_EN.txt
CH32V003,IWDG,IWDG,independent watchdog routine,#,confirmed,evt:tree+evt:list-en+evt:list-zh,CH32V00x_List_EN.txt
CH32V003,OPA,OPA,OPA as voltage follower output routine,#,confirmed,evt:tree+evt:list-en+evt:list-zh,CH32V00x_List_EN.txt
CH32V003,PWR,PVD_VoltageJudger,PVD voltage Judger Routine,#,confirmed,evt:tree+evt:list-en+evt:list-zh,CH32V00x_List_EN.txt
CH32V003,PWR,PVD_Wakeup,STOP mode PVD wakeup MCU Routine,#,confirmed,evt:tree+evt:list-en+evt:list-zh,CH32V00x_List_EN.txt
CH32V003,PWR,Sleep_Mode,"low power, sleep mode routine",#,confirmed,evt:tree+evt:list-en+evt:list-zh,CH32V00x_List_EN.txt
CH32V003,PWR,Standby_Mode,"low power, standby mode routine",#,confirmed,evt:tree+evt:list-en+evt:list-zh,CH32V00x_List_EN.txt
CH32V003,RCC,Get_CLK,Get system-HCLK-AHB1-AHB2 clock routine,#,confirmed,evt:tree+evt:list-en+evt:list-zh,CH32V00x_List_EN.txt
CH32V003,RCC,MCO,MCO pin clock output routine,#,confirmed,evt:tree+evt:list-en+evt:list-zh,CH32V00x_List_EN.txt
CH32V003,SDI_Printf,SDI_Printf,"debug interface SDI, virtual serial port.",#,confirmed,evt:tree+evt:list-en+evt:list-zh,CH32V00x_List_EN.txt
CH32V003,SPI,1Lines_half-duplex,"single wire half duplex mode, master/slave mode, data transceiver",#,confirmed,evt:tree+evt:list-en+evt:list-zh,CH32V00x_List_EN.txt
CH32V003,SPI,2Lines_FullDuplex,"two-wire full duplex mode, master/slave mode, data transceiver",#,confirmed,evt:tree+evt:list-en+evt:list-zh,CH32V00x_List_EN.txt
CH32V003,SPI,FullDuplex_HardNSS,"Hardware NSS mode, master/slave mode, data transceiver",#,confirmed,evt:tree+evt:list-en+evt:list-zh,CH32V00x_List_EN.txt
CH32V003,SPI,SPI_CRC,CRC error check and master/slave mode transceiver routine,#,confirmed,evt:tree+evt:list-en+evt:list-zh,CH32V00x_List_EN.txt
CH32V003,SPI,SPI_DMA,"SPI DMA, master/slave mode transceiver routine",#,confirmed,evt:tree+evt:list-en+evt:list-zh,CH32V00x_List_EN.txt
CH32V003,SYSTICK,SYSTICK_Interrupt,systick interrupt routine,#,confirmed,evt:tree+evt:list-en+evt:list-zh,CH32V00x_List_EN.txt
CH32V003,TIM,Clock_Select,clock source selection routine,#,confirmed,evt:tree+evt:list-en+evt:list-zh,CH32V00x_List_EN.txt
CH32V003,TIM,ComplementaryOutput_DeadTime,complementary output and deadband insertion mode routines,#,confirmed,evt:tree+evt:list-en+evt:list-zh,CH32V00x_List_EN.txt
CH32V003,TIM,Encode,Timer encoder mode routines,#,reference,evt:list-en,CH32V00x_List_EN.txt
CH32V003,TIM,Encoder,,#,confirmed,evt:tree+evt:list-zh,CH32V00x_List_EN.txt
CH32V003,TIM,ExtTrigger_Start_Two_Timer,external trigger routines to start two timers synchronously,#,confirmed,evt:tree+evt:list-en+evt:list-zh,CH32V00x_List_EN.txt
CH32V003,TIM,Input_Capture,input capture routine,#,confirmed,evt:tree+evt:list-en+evt:list-zh,CH32V00x_List_EN.txt
CH32V003,TIM,One_Pulse,single pulse output routine,#,confirmed,evt:tree+evt:list-en+evt:list-zh,CH32V00x_List_EN.txt
CH32V003,TIM,Output_Compare_Mode,output comparison mode routine,#,confirmed,evt:tree+evt:list-en+evt:list-zh,CH32V00x_List_EN.txt
CH32V003,TIM,PWM_6_Step,Timer 6_Step PWM routines,#,confirmed,evt:tree+evt:list-en+evt:list-zh,CH32V00x_List_EN.txt
CH32V003,TIM,PWM_Output,PWM output routine,#,confirmed,evt:tree+evt:list-en+evt:list-zh,CH32V00x_List_EN.txt
CH32V003,TIM,PWM_Phase-shifted,Timer PWM Phase shifted routines,#,confirmed,evt:tree+evt:list-en+evt:list-zh,CH32V00x_List_EN.txt
CH32V003,TIM,Synchro_ExtTrigger,"slave mode routine, including reset mode, gating mode and trigger mode",#,confirmed,evt:tree+evt:list-en+evt:list-zh,CH32V00x_List_EN.txt
CH32V003,TIM,Synchro_Timer,timer synchronization mode,#,confirmed,evt:tree+evt:list-en+evt:list-zh,CH32V00x_List_EN.txt
CH32V003,TIM,TIM_Continuous,Timer Continuous mode routines,#,confirmed,evt:tree+evt:list-en+evt:list-zh,CH32V00x_List_EN.txt
CH32V003,TIM,TIM_DMA,timer DMA routines,#,confirmed,evt:tree+evt:list-en+evt:list-zh,CH32V00x_List_EN.txt
CH32V003,TIM,TIM_INT,Timer interput routines,#,confirmed,evt:tree+evt:list-en+evt:list-zh,CH32V00x_List_EN.txt
CH32V003,USART,USART_DMA,"USART DMA, master/slave mode transceiver routine",#,confirmed,evt:tree+evt:list-en+evt:list-zh,CH32V00x_List_EN.txt
CH32V003,USART,USART_HalfDuplex,"single wire half duplex mode, master/slave mode transceiver routine",#,confirmed,evt:tree+evt:list-en+evt:list-zh,CH32V00x_List_EN.txt
CH32V003,USART,USART_HardwareFlowControl,"hardware flow control mode, master/slave mode, transceiver routine",#,confirmed,evt:tree+evt:list-en+evt:list-zh,CH32V00x_List_EN.txt
CH32V003,USART,USART_Interrupt,"USART interrupt routine, master/slave mode transceiver routine",#,confirmed,evt:tree+evt:list-en+evt:list-zh,CH32V00x_List_EN.txt
CH32V003,USART,USART_MultiProcessorCommunication,multiprocessor communication mode routine,#,confirmed,evt:tree+evt:list-en+evt:list-zh,CH32V00x_List_EN.txt
CH32V003,USART,USART_Polling,"polling transceiver mode, master/slave transceiver routine",#,confirmed,evt:tree+evt:list-en+evt:list-zh,CH32V00x_List_EN.txt
CH32V003,USART,USART_Printf,USART Print debugging routine,#,confirmed,evt:tree+evt:list-en+evt:list-zh,CH32V00x_List_EN.txt
CH32V003,USART,USART_SynchronousMode,"synchronous mode, master/slave mode, transceiver routine",#,confirmed,evt:tree+evt:list-en+evt:list-zh,CH32V00x_List_EN.txt
CH32V003,WWDG,WWDG,window watchdog routine,#,confirmed,evt:tree+evt:list-en+evt:list-zh,CH32V00x_List_EN.txt
CH32V006,ADC,ADC_DMA,ADC DMA sampling routine,#,confirmed,evt:tree+evt:list-en+evt:list-zh,CH32V00X_List_EN.txt
CH32V006,ADC,AnalogWatchdog,analog watchdog routine,#,confirmed,evt:tree+evt:list-en+evt:list-zh,CH32V00X_List_EN.txt
CH32V006,ADC,Auto_Injection,automatic injection mode routine,#,confirmed,evt:tree+evt:list-en+evt:list-zh,CH32V00X_List_EN.txt
CH32V006,ADC,Discontinuous_mode,discontinuous mode routine,#,confirmed,evt:tree+evt:list-en+evt:list-zh,CH32V00X_List_EN.txt
CH32V006,ADC,ExtLines_Trigger,external lines trigger ADC conversion routine,#,confirmed,evt:tree+evt:list-en+evt:list-zh,CH32V00X_List_EN.txt
CH32V006,ADC,SLTIM_Trigger,Streamlined Timer-Triggered ADC conversion routine,#,confirmed,evt:tree+evt:list-en+evt:list-zh,CH32V00X_List_EN.txt
CH32V006,ADC,TIM Trigger,TIM trigger ADC conversion routine,#,reference,evt:list-en,CH32V00X_List_EN.txt
CH32V006,ADC,TIM_Trigger,,#,confirmed,evt:tree+evt:list-zh,CH32V00X_List_EN.txt
CH32V006,APPLICATION,Motor,,#,confirmed,evt:tree+evt:list-en+evt:list-zh,CH32V00X_List_EN.txt
CH32V006,APPLICATION,Motor/Electric_Fan,Application of medium and low speed fans based on FOC three-phase brushless motor,#,confirmed,evt:tree+evt:list-en+evt:list-zh,CH32V00X_List_EN.txt
CH32V006,APPLICATION,Motor/Voilent_Fan,,#,confirmed,evt:tree+evt:list-zh,CH32V00X_List_EN.txt
CH32V006,APPLICATION,Motor/voilent_fan,BLDC-based high-speed fan applications,#,confirmed,evt:tree+evt:list-en,CH32V00X_List_EN.txt
CH32V006,APPLICATION,SoftUART,I/O port simulation serial port routine,#,confirmed,evt:tree+evt:list-en+evt:list-zh,CH32V00X_List_EN.txt
CH32V006,DMA,DMA_MEM2MEM,Memory to memory mode routine,#,confirmed,evt:tree+evt:list-en+evt:list-zh,CH32V00X_List_EN.txt
CH32V006,DMA,DMA_MEM2PERIP,"Memory to peripheral mode, and peripheral to memory mode routine, see peripheral sub-routine",#,confirmed,evt:tree+evt:list-en+evt:list-zh,CH32V00X_List_EN.txt
CH32V006,EXTI,EXTI0,external interrupt line routine,#,confirmed,evt:tree+evt:list-en+evt:list-zh,CH32V00X_List_EN.txt
CH32V006,FLASH,BootAsUser,Boot Flash used for user flash,#,confirmed,evt:tree+evt:list-en+evt:list-zh,CH32V00X_List_EN.txt
CH32V006,FLASH,FLASH_Program,"FLASH erase/read/write, and fast programming",#,confirmed,evt:tree+evt:list-en+evt:list-zh,CH32V00X_List_EN.txt
CH32V006,GPIO,GPIO_Toggle,GPIO routine,#,confirmed,evt:tree+evt:list-en+evt:list-zh,CH32V00X_List_EN.txt
CH32V006,I2C,I2C_10bit_Mode,"10-bit addressing mode, master/slave mode transceiver routine",#,confirmed,evt:tree+evt:list-en+evt:list-zh,CH32V00X_List_EN.txt
CH32V006,I2C,I2C_7bit_Interrupt_Mode,Send/receive routine using interrupts,#,confirmed,evt:tree+evt:list-en+evt:list-zh,CH32V00X_List_EN.txt
CH32V006,I2C,I2C_7bit_Mode,"7-bit addressing mode, master/slave mode, transceiver routine",#,confirmed,evt:tree+evt:list-en+evt:list-zh,CH32V00X_List_EN.txt
CH32V006,I2C,I2C_DMA,"I2C DMA, master/slave mode transceiver routine",#,confirmed,evt:tree+evt:list-en+evt:list-zh,CH32V00X_List_EN.txt
CH32V006,I2C,I2C_EEPROM,I2C interface routine to operate EEPROM peripheral,#,confirmed,evt:tree+evt:list-en+evt:list-zh,CH32V00X_List_EN.txt
CH32V006,I2C,I2C_PEC,"PEC error check, master/slave mode transceiver routine",#,confirmed,evt:tree+evt:list-en+evt:list-zh,CH32V00X_List_EN.txt
CH32V006,IAP,V00X_APP,APP go to IAP routine,#,confirmed,evt:tree+evt:list-en+evt:list-zh,CH32V00X_List_EN.txt
CH32V006,INT,Interrupt_VTF,use VTF IRQ interrupt routine,#,confirmed,evt:tree+evt:list-en+evt:list-zh,CH32V00X_List_EN.txt
CH32V006,INT,VectorInRAM,Interrupt routines for the interrupt vector table in RAM,#,confirmed,evt:tree+evt:list-en+evt:list-zh,CH32V00X_List_EN.txt
CH32V006,IWDG,IWDG,independent watchdog routine,#,confirmed,evt:tree+evt:list-en+evt:list-zh,CH32V00X_List_EN.txt
CH32V006,OPA,CMP,comparator routine,#,confirmed,evt:tree+evt:list-en+evt:list-zh,CH32V00X_List_EN.txt
CH32V006,OPA,CMP_BKIN,CMP break routine,#,confirmed,evt:tree+evt:list-en+evt:list-zh,CH32V00X_List_EN.txt
CH32V006,OPA,CMP_Poll,CMP OPA polling routine,#,confirmed,evt:tree+evt:list-en+evt:list-zh,CH32V00X_List_EN.txt
CH32V006,OPA,OPA,OPA as the output routine of voltage follower,#,confirmed,evt:tree+evt:list-en+evt:list-zh,CH32V00X_List_EN.txt
CH32V006,OPA,OPA_PGA,PGA routine of OPA,#,confirmed,evt:tree+evt:list-en+evt:list-zh,CH32V00X_List_EN.txt
CH32V006,OPA,OPA_Poll,OPA polling routine,#,confirmed,evt:tree+evt:list-en+evt:list-zh,CH32V00X_List_EN.txt
CH32V006,PWR,Sleep_Mode,"low power, sleep mode routine",#,confirmed,evt:tree+evt:list-en+evt:list-zh,CH32V00X_List_EN.txt
CH32V006,PWR,Standby_Mode,"low power, standby mode routine",#,confirmed,evt:tree+evt:list-en+evt:list-zh,CH32V00X_List_EN.txt
CH32V006,RCC,Get_CLK,Get system-HCLK-HB1-HB2 clock routine,#,confirmed,evt:tree+evt:list-en+evt:list-zh,CH32V00X_List_EN.txt
CH32V006,RCC,MCO,MCO pin clock output routine,#,confirmed,evt:tree+evt:list-en+evt:list-zh,CH32V00X_List_EN.txt
CH32V006,SDI_Printf,SDI_Printf,"debug interface SDI, virtual serial port.",#,confirmed,evt:tree+evt:list-en+evt:list-zh,CH32V00X_List_EN.txt
CH32V006,SPI,1Lines_half-duplex,"single wire half duplex mode, master/slave mode, data transceiver",#,confirmed,evt:tree+evt:list-en+evt:list-zh,CH32V00X_List_EN.txt
CH32V006,SPI,2Lines_FullDuplex,"two-wire full duplex mode, master/slave mode, data transceiver",#,confirmed,evt:tree+evt:list-en+evt:list-zh,CH32V00X_List_EN.txt
CH32V006,SPI,FullDuplex_HardNSS,"Hardware NSS mode, master/slave mode, data transceiver",#,confirmed,evt:tree+evt:list-en+evt:list-zh,CH32V00X_List_EN.txt
CH32V006,SPI,SPI_CRC,CRC error check and master/slave mode transceiver routine,#,confirmed,evt:tree+evt:list-en+evt:list-zh,CH32V00X_List_EN.txt
CH32V006,SPI,SPI_DMA,"SPI DMA, master/slave mode transceiver routine",#,confirmed,evt:tree+evt:list-en+evt:list-zh,CH32V00X_List_EN.txt
CH32V006,SYSTICK,SYSTICK_Interrupt,systick interrupt routine,#,confirmed,evt:tree+evt:list-en+evt:list-zh,CH32V00X_List_EN.txt
CH32V006,TIM,Clock_Select,clock source selection routine,#,confirmed,evt:tree+evt:list-en+evt:list-zh,CH32V00X_List_EN.txt
CH32V006,TIM,ComplementaryOutput_DeadTime,complementary output and deadband insertion mode routine,#,confirmed,evt:tree+evt:list-en+evt:list-zh,CH32V00X_List_EN.txt
CH32V006,TIM,Encode,Timer encoder mode routines,#,reference,evt:list-en,CH32V00X_List_EN.txt
CH32V006,TIM,Encoder,,#,confirmed,evt:tree+evt:list-zh,CH32V00X_List_EN.txt
CH32V006,TIM,ExtTrigger_Start_Two_Timer,external trigger routine to start two timers synchronously,#,confirmed,evt:tree+evt:list-en+evt:list-zh,CH32V00X_List_EN.txt
CH32V006,TIM,Input_Capture,input capture routine,#,confirmed,evt:tree+evt:list-en+evt:list-zh,CH32V00X_List_EN.txt
CH32V006,TIM,One_Pulse,single pulse output routine,#,confirmed,evt:tree+evt:list-en+evt:list-zh,CH32V00X_List_EN.txt
CH32V006,TIM,Output_Compare_Mode,output comparison mode routine,#,confirmed,evt:tree+evt:list-en+evt:list-zh,CH32V00X_List_EN.txt
CH32V006,TIM,PWM_Output,PWM output routine,#,confirmed,evt:tree+evt:list-en+evt:list-zh,CH32V00X_List_EN.txt
CH32V006,TIM,SLTIM_DMA,Streamlining Timers DMA routine,#,confirmed,evt:tree+evt:list-en+evt:list-zh,CH32V00X_List_EN.txt
CH32V006,TIM,Synchro_ExtTrigger,"slave mode routine, including reset mode, gating mode and trigger mode",#,confirmed,evt:tree+evt:list-en+evt:list-zh,CH32V00X_List_EN.txt
CH32V006,TIM,Synchro_Timer,timer synchronization mode,#,confirmed,evt:tree+evt:list-en+evt:list-zh,CH32V00X_List_EN.txt
CH32V006,TIM,TIM_DMA,timer DMA routine,#,confirmed,evt:tree+evt:list-en+evt:list-zh,CH32V00X_List_EN.txt
CH32V006,TOUCHKEY,DOC_SCH_PCB,Schematic diagrams and instructions for use,#,confirmed,evt:tree+evt:list-en+evt:list-zh,CH32V00X_List_EN.txt
CH32V006,TOUCHKEY,TKYLIB,Touch Button Library,#,confirmed,evt:tree+evt:list-en+evt:list-zh,CH32V00X_List_EN.txt
CH32V006,TOUCHKEY,TOUCHKEY,touchkey detection routine,#,confirmed,evt:list-en+evt:list-zh,CH32V00X_List_EN.txt
CH32V006,TOUCHKEY,Touch_EX001,Comprehensive demonstration of touch keys,#,confirmed,evt:tree+evt:list-en+evt:list-zh,CH32V00X_List_EN.txt
CH32V006,TOUCHKEY,Touch_EX002,8 Key Touch Routines,#,confirmed,evt:tree+evt:list-en+evt:list-zh,CH32V00X_List_EN.txt
CH32V006,USART,USART_DMA,"USART DMA, master/slave mode transceiver routine",#,confirmed,evt:tree+evt:list-en+evt:list-zh,CH32V00X_List_EN.txt
CH32V006,USART,USART_HalfDuplex,"single wire half duplex mode, master/slave mode transceiver routine",#,confirmed,evt:tree+evt:list-en+evt:list-zh,CH32V00X_List_EN.txt
CH32V006,USART,USART_HardwareFlowControl,"hardware flow control mode, master/slave mode, transceiver routine",#,confirmed,evt:tree+evt:list-en+evt:list-zh,CH32V00X_List_EN.txt
CH32V006,USART,USART_Idle_Recv,Serial port using DMA for indeterminate length reception routine,#,confirmed,evt:tree+evt:list-en+evt:list-zh,CH32V00X_List_EN.txt
CH32V006,USART,USART_Interrupt,"USART interrupt routine, master/slave mode transceiver routine",#,confirmed,evt:tree+evt:list-en+evt:list-zh,CH32V00X_List_EN.txt
CH32V006,USART,USART_MultiProcessorCommunication,multiprocessor communication mode routine,#,confirmed,evt:tree+evt:list-en+evt:list-zh,CH32V00X_List_EN.txt
CH32V006,USART,USART_Polling,"polling transceiver mode, master/slave transceiver routine",#,confirmed,evt:tree+evt:list-en+evt:list-zh,CH32V00X_List_EN.txt
CH32V006,USART,USART_Printf,USART Print debugging routine,#,confirmed,evt:tree+evt:list-en+evt:list-zh,CH32V00X_List_EN.txt
CH32V006,USART,USART_SynchronousMode,"synchronous mode, master/slave mode, transceiver routine",#,confirmed,evt:list-en+evt:list-zh,CH32V00X_List_EN.txt
CH32V006,WWDG,WWDG,window watchdog routine,#,confirmed,evt:tree+evt:list-en+evt:list-zh,CH32V00X_List_EN.txt
CH32V103,ADC,ADC_DMA,ADC uses DMA sampling routines,#,confirmed,evt:tree+evt:list-en+evt:list-zh,CH32V103_List_EN.txt
CH32V103,ADC,AnalogWatchdog,analog watchdog routine,#,confirmed,evt:tree+evt:list-en+evt:list-zh,CH32V103_List_EN.txt
CH32V103,ADC,Auto_Injection,automatic injection mode routine,#,confirmed,evt:tree+evt:list-en+evt:list-zh,CH32V103_List_EN.txt
CH32V103,ADC,Discontinuous_mode,discontinuous mode routine,#,confirmed,evt:tree+evt:list-en+evt:list-zh,CH32V103_List_EN.txt
CH32V103,ADC,ExtLines_Trigger,external lines trigger ADC conversion routine,#,confirmed,evt:tree+evt:list-en+evt:list-zh,CH32V103_List_EN.txt
CH32V103,ADC,Internal_Temperature,internal temperature sensor routine,#,confirmed,evt:tree+evt:list-en+evt:list-zh,CH32V103_List_EN.txt
CH32V103,ADC,TIM_Trigger,TIM trigger ADC conversion routine,#,confirmed,evt:tree+evt:list-en,CH32V103_List_EN.txt
CH32V103,ADC,TIM_trigger,,#,confirmed,evt:tree+evt:list-zh,CH32V103_List_EN.txt
CH32V103,ADC,Temperature_External_channel,Temperature-External channel Injection alternating inversion routine,#,confirmed,evt:tree+evt:list-en+evt:list-zh,CH32V103_List_EN.txt
CH32V103,APPLICATION,WS2812_LED,,#,confirmed,evt:tree+evt:list-en+evt:list-zh,CH32V103_List_EN.txt
CH32V103,APPLICATION,WS2812_LED/WS2812_LED,SPI\PWM Operates WS2812_LED routine,#,confirmed,evt:list-en+evt:list-zh,CH32V103_List_EN.txt
CH32V103,BKP,BKP,BKP routines,#,confirmed,evt:tree+evt:list-en+evt:list-zh,CH32V103_List_EN.txt
CH32V103,CRC,CRC_Calculation,CRC routines,#,confirmed,evt:tree+evt:list-en+evt:list-zh,CH32V103_List_EN.txt
CH32V103,DMA,DMA_MEM2MEM,memory to memory mode routine,#,confirmed,evt:tree+evt:list-en+evt:list-zh,CH32V103_List_EN.txt
CH32V103,DMA,DMA_MEM2PERIP,see each peripheral subroutine for memory to peripheral mode and peripheral to memory mode routines,#,confirmed,evt:tree+evt:list-en+evt:list-zh,CH32V103_List_EN.txt
CH32V103,EXTI,EXTI0,External Interrupt Routine,#,confirmed,evt:tree+evt:list-en+evt:list-zh,CH32V103_List_EN.txt
CH32V103,FLASH,FLASH_Program,"FLASH erase/read/write, and fast programming",#,confirmed,evt:tree+evt:list-en+evt:list-zh,CH32V103_List_EN.txt
CH32V103,FreeRTOS,FreeRTOS_Core,FreeRTOS migration routines,#,confirmed,evt:list-en+evt:list-zh,CH32V103_List_EN.txt
CH32V103,GPIO,GPIO_Toggle,GPIO routines,#,confirmed,evt:tree+evt:list-en+evt:list-zh,CH32V103_List_EN.txt
CH32V103,HarmonyOS,LiteOS_m,HarmonyOS migration routine,#,confirmed,evt:list-en+evt:list-zh,CH32V103_List_EN.txt
CH32V103,I2C,I2C_10bit_Mode,"10 bit address mode, master / slave mode transceiver routine",#,confirmed,evt:tree+evt:list-en+evt:list-zh,CH32V103_List_EN.txt
CH32V103,I2C,I2C_7bit_Interrupt_Mode,Use interrupt to receive and send routine,#,confirmed,evt:tree+evt:list-en+evt:list-zh,CH32V103_List_EN.txt
CH32V103,I2C,I2C_7bit_Mode,"7-bit address mode, master / slave mode, transceiver routine",#,confirmed,evt:tree+evt:list-en+evt:list-zh,CH32V103_List_EN.txt
CH32V103,I2C,I2C_DMA,"I2C uses DMA, master / slave mode transceiver routine",#,confirmed,evt:tree+evt:list-en+evt:list-zh,CH32V103_List_EN.txt
CH32V103,I2C,I2C_EEPROM,I2C interface operation EEPROM peripheral routine,#,confirmed,evt:tree+evt:list-en+evt:list-zh,CH32V103_List_EN.txt
CH32V103,I2C,I2C_PEC,use PEC error check and master / slave mode transceiver routine,#,confirmed,evt:tree+evt:list-en+evt:list-zh,CH32V103_List_EN.txt
CH32V103,IAP,UART_USB_IAP,IAP Upgrade Routine - Built-in Hex to Bin Tool and IAP Upgrade Tool,#,confirmed,evt:tree+evt:list-en+evt:list-zh,CH32V103_List_EN.txt
CH32V103,IWDG,IWDG,Independent Watchdog routine,#,confirmed,evt:tree+evt:list-en+evt:list-zh,CH32V103_List_EN.txt
CH32V103,PWR,PVD_VoltageJudger,PVD voltage Judger Routine,#,confirmed,evt:tree+evt:list-en+evt:list-zh,CH32V103_List_EN.txt
CH32V103,PWR,PVD_Wakeup,STOP mode PVD wakeup MCU Routine,#,confirmed,evt:tree+evt:list-en+evt:list-zh,CH32V103_List_EN.txt
CH32V103,PWR,Sleep_Mode,"low power consumption, sleep mode routine",#,confirmed,evt:tree+evt:list-en+evt:list-zh,CH32V103_List_EN.txt
CH32V103,PWR,Standby_Mode,"low power consumption, standby mode routine",#,confirmed,evt:tree+evt:list-en+evt:list-zh,CH32V103_List_EN.txt
CH32V103,PWR,Stop_Mode,"low power consumption, stop mode routine",#,confirmed,evt:tree+evt:list-en+evt:list-zh,CH32V103_List_EN.txt
CH32V103,RCC,HSE_CLK,HSE frequency check routine,#,confirmed,evt:tree+evt:list-en+evt:list-zh,CH32V103_List_EN.txt
CH32V103,RCC,HSI_Calibration,HSI calibrate routine,#,confirmed,evt:tree+evt:list-en+evt:list-zh,CH32V103_List_EN.txt
CH32V103,RCC,HSI_PLL_Source,HSI or HSI/2 as PLL input clock routine,#,confirmed,evt:tree+evt:list-en+evt:list-zh,CH32V103_List_EN.txt
CH32V103,RCC,LSI_Calibration,,#,confirmed,evt:tree+evt:list-zh,CH32V103_List_EN.txt
CH32V103,RCC,MCO,MCO pin clock output routine,#,confirmed,evt:tree+evt:list-en+evt:list-zh,CH32V103_List_EN.txt
CH32V103,RT-Thread,RT_Thread_Core,RT-Thread migration routine,#,confirmed,evt:tree+evt:list-en+evt:list-zh,CH32V103_List_EN.txt
CH32V103,RTC,RTC_Calendar,Calendar Routines,#,confirmed,evt:tree+evt:list-en+evt:list-zh,CH32V103_List_EN.txt
CH32V103,RTC,RTC_Calibration,RTC calibrate Routines,#,confirmed,evt:list-en+evt:list-zh,CH32V103_List_EN.txt
CH32V103,SPI,1Lines_half-duplex,"single wire half duplex mode, master / slave mode, data transceiver",#,confirmed,evt:tree+evt:list-en+evt:list-zh,CH32V103_List_EN.txt
CH32V103,SPI,2Lines_FullDuplex,"two-wire full duplex mode, master / slave mode, data transceiver",#,confirmed,evt:tree+evt:list-en+evt:list-zh,CH32V103_List_EN.txt
CH32V103,SPI,FullDuplex_HardNSS,"Hardware NSS mode, master / slave mode, data transceiver",#,confirmed,evt:tree+evt:list-en+evt:list-zh,CH32V103_List_EN.txt
CH32V103,SPI,SPI_CRC,use CRC error check and master / slave mode transceiver routine,#,confirmed,evt:tree+evt:list-en+evt:list-zh,CH32V103_List_EN.txt
CH32V103,SPI,SPI_DMA,"SPI uses DMA, master / slave mode transceiver routine",#,confirmed,evt:tree+evt:list-en+evt:list-zh,CH32V103_List_EN.txt
CH32V103,SPI,SPI_FLASH,SPI interface operation flash peripheral routine,#,confirmed,evt:tree+evt:list-en+evt:list-zh,CH32V103_List_EN.txt
CH32V103,SPI,SPI_LCD,SPI interface operation FLASH  and LCD peripheral routines,#,confirmed,evt:tree+evt:list-en+evt:list-zh,CH32V103_List_EN.txt
CH32V103,SYSTICK,SYSTICK_Interrupt,Systick timer routine,#,confirmed,evt:tree+evt:list-en+evt:list-zh,CH32V103_List_EN.txt
CH32V103,TIM,Clock_Select,clock source selection routine,#,confirmed,evt:tree+evt:list-en+evt:list-zh,CH32V103_List_EN.txt
CH32V103,TIM,ComplementaryOutput_DeadTime,complementary output and deadband insertion mode routines,#,confirmed,evt:tree+evt:list-en+evt:list-zh,CH32V103_List_EN.txt
CH32V103,TIM,Encode,Timer encoder mode routines,#,reference,evt:list-en,CH32V103_List_EN.txt
CH32V103,TIM,Encoder,,#,confirmed,evt:tree+evt:list-zh,CH32V103_List_EN.txt
CH32V103,TIM,ExtTrigger_Start_Two_Timer,external trigger starts two timer routines synchronously,#,confirmed,evt:tree+evt:list-en+evt:list-zh,CH32V103_List_EN.txt
CH32V103,TIM,Input_Capture,input capture routine,#,confirmed,evt:tree+evt:list-en+evt:list-zh,CH32V103_List_EN.txt
CH32V103,TIM,One_Pulse,single pulse output routine,#,confirmed,evt:tree+evt:list-en+evt:list-zh,CH32V103_List_EN.txt
CH32V103,TIM,Output_Compare_Mode,output comparison mode routine,#,confirmed,evt:tree+evt:list-en+evt:list-zh,CH32V103_List_EN.txt
CH32V103,TIM,PWM_6_Step,Timer 6_Step PWM routines,#,confirmed,evt:tree+evt:list-en+evt:list-zh,CH32V103_List_EN.txt
CH32V103,TIM,PWM_Output,PWM output routine,#,confirmed,evt:tree+evt:list-en+evt:list-zh,CH32V103_List_EN.txt
CH32V103,TIM,PWM_Phase_shifted,Timer PWM Phase shifted routines,#,confirmed,evt:tree+evt:list-en+evt:list-zh,CH32V103_List_EN.txt
CH32V103,TIM,Synchro_ExtTrigger,"slave mode routine, including reset mode, gating mode and trigger mode",#,confirmed,evt:tree+evt:list-en+evt:list-zh,CH32V103_List_EN.txt
CH32V103,TIM,Synchro_Timer,timer synchronization mode,#,confirmed,evt:tree+evt:list-en+evt:list-zh,CH32V103_List_EN.txt
CH32V103,TIM,TIM_Continuous,Timer continuous routines,#,confirmed,evt:tree+evt:list-en+evt:list-zh,CH32V103_List_EN.txt
CH32V103,TIM,TIM_DMA,the timer uses DMA routines,#,confirmed,evt:tree+evt:list-en+evt:list-zh,CH32V103_List_EN.txt
CH32V103,TIM,TIM_INT,Timer interput mode routines,#,confirmed,evt:tree+evt:list-en+evt:list-zh,CH32V103_List_EN.txt
CH32V103,TOUCHKEY,TKey,TouchKey Detection Routine,#,confirmed,evt:tree+evt:list-en+evt:list-zh,CH32V103_List_EN.txt
CH32V103,TencentOS,TencentOS,TencentOS migration routine,#,confirmed,evt:tree+evt:list-en+evt:list-zh,CH32V103_List_EN.txt
CH32V103,USART,USART_DMA,"USART uses DMA, master / slave mode transceiver routine",#,confirmed,evt:tree+evt:list-en+evt:list-zh,CH32V103_List_EN.txt
CH32V103,USART,USART_HalfDuplex,"single wire half duplex mode, master / slave mode transceiver routine",#,confirmed,evt:tree+evt:list-en+evt:list-zh,CH32V103_List_EN.txt
CH32V103,USART,USART_HardwareFlowControl,"hardware flow control mode, master / slave mode, transceiver routine",#,confirmed,evt:tree+evt:list-en+evt:list-zh,CH32V103_List_EN.txt
CH32V103,USART,USART_Idle_Recv,USART use DMA receiving indeterminate length data routines,#,confirmed,evt:tree+evt:list-en+evt:list-zh,CH32V103_List_EN.txt
CH32V103,USART,USART_Interrupt,"USART interrupt routine, master / slave mode transceiver routine",#,confirmed,evt:tree+evt:list-en+evt:list-zh,CH32V103_List_EN.txt
CH32V103,USART,USART_MultiProcessorCommunication,multiprocessor communication mode routine,#,confirmed,evt:tree+evt:list-en+evt:list-zh,CH32V103_List_EN.txt
CH32V103,USART,USART_Polling,"polling transceiver mode, master / slave transceiver routine",#,confirmed,evt:tree+evt:list-en+evt:list-zh,CH32V103_List_EN.txt
CH32V103,USART,USART_Printf,USART Print debugging routine,#,confirmed,evt:tree+evt:list-en+evt:list-zh,CH32V103_List_EN.txt
CH32V103,USART,USART_SynchronousMode,"synchronous mode, master / slave mode, transceiver routine",#,confirmed,evt:tree+evt:list-en+evt:list-zh,CH32V103_List_EN.txt
CH32V103,USB,USBFS,,#,confirmed,evt:tree+evt:list-en+evt:list-zh,CH32V103_List_EN.txt
CH32V103,USB,USBFS/DEVICE,,#,confirmed,evt:tree+evt:list-en+evt:list-zh,CH32V103_List_EN.txt
CH32V103,USB,USBFS/DEVICE/CH372,"Simulates a custom USB device (CH372 device) with endpoints 1, 3, 5 down and 2, 4, 6 up. Data down from endpoint 1 is uploaded from endpoint 2 and not reversed, and data down from endpoint 3, 5 is uploaded from endpoint 4,6 and reversed.",#,confirmed,evt:list-en+evt:list-zh,CH32V103_List_EN.txt
CH32V103,USB,USBFS/DEVICE/Compatibility_HID,"Simulates HID devices, with data transmitted up and down through the serial port.",#,confirmed,evt:list-en+evt:list-zh,CH32V103_List_EN.txt
CH32V103,USB,USBFS/DEVICE/CompositeKM,"Simulate keyboard and mouse, use IO to simulate keystrokes, while simulated data can be uploaded through serial port 2.",#,confirmed,evt:tree+evt:list-en+evt:list-zh,CH32V103_List_EN.txt
CH32V103,USB,USBFS/DEVICE/CompositeKM_LowSpeed,"Simulate low speed keyboard and mouse, use IO to simulate keystrokes, while simulated data can be uploaded through serial port 2.",#,confirmed,evt:tree+evt:list-en+evt:list-zh,CH32V103_List_EN.txt
CH32V103,USB,USBFS/DEVICE/MSC_CD-ROM,"Simulate CDROM, need external SPI-Flash",#,confirmed,evt:tree+evt:list-en+evt:list-zh,CH32V103_List_EN.txt
CH32V103,USB,USBFS/DEVICE/MSC_U-Disk,"Smulates a simple USB flash drive, optionally using on-chip Flash or external SPI-Flash",#,confirmed,evt:tree+evt:list-en+evt:list-zh,CH32V103_List_EN.txt
CH32V103,USB,USBFS/DEVICE/SimulateCDC,Simulate a CDC serial port and use serial port 2 to send and receive.,#,confirmed,evt:tree+evt:list-en+evt:list-zh,CH32V103_List_EN.txt
CH32V103,USB,USBFS/HOST_IAP,,#,confirmed,evt:tree+evt:list-en+evt:list-zh,CH32V103_List_EN.txt
CH32V103,USB,USBFS/HOST_IAP/APP,"APP used with HOST_IAP, the project has modified the starting location of the program, after compilation, you need to convert the file into a bin file and rename it to APP.bin",#,confirmed,evt:tree+evt:list-en+evt:list-zh,CH32V103_List_EN.txt
CH32V103,USB,USBFS/HOST_IAP/HOST_IAP,"The host U disk IAP routine based on the U disk read file routine finishing, read the file with the name bit APP.bin from the U disk, write it to the internal flash, check it and jump automatically.",#,confirmed,evt:tree+evt:list-en+evt:list-zh,CH32V103_List_EN.txt
CH32V103,USB,USBFS/HOST_KM,"The host operates the keypad, gets the data of the endpoints uploaded by the keypad and prints it, supports U-port under level 1 hub",#,confirmed,evt:tree+evt:list-en+evt:list-zh,CH32V103_List_EN.txt
CH32V103,USB,USBFS/HOST_MTP_FileSystem,"Enumeration process of a USB host to a device that supports MTP and PTP protocols, supports MTP and PTP protocols, and reads its files",#,confirmed,evt:tree+evt:list-en+evt:list-zh,CH32V103_List_EN.txt
CH32V103,USB,USBFS/Host_Udisk,USB host operation USB disk routine,#,confirmed,evt:tree+evt:list-en+evt:list-zh,CH32V103_List_EN.txt
CH32V103,USB,USBFS/Udisk_Lib,U disk file system library file,#,confirmed,evt:tree+evt:list-en+evt:list-zh,CH32V103_List_EN.txt
CH32V103,WWDG,WWDG,Window Watchdog Routine,#,confirmed,evt:tree+evt:list-en+evt:list-zh,CH32V103_List_EN.txt
CH32V205,ADC,ADC_DMA,ADC DMA sampling routines,#,confirmed,evt:tree+evt:list-en+evt:list-zh,CH32V205_List_EN.txt
CH32V205,ADC,ADC_PGA,ADC PGA sampling routine,#,confirmed,evt:tree+evt:list-en+evt:list-zh,CH32V205_List_EN.txt
CH32V205,ADC,AnalogWatchdog,analog watchdog routine,#,confirmed,evt:tree+evt:list-en+evt:list-zh,CH32V205_List_EN.txt
CH32V205,ADC,Auto_Injection,automatic injection mode routine,#,confirmed,evt:tree+evt:list-en+evt:list-zh,CH32V205_List_EN.txt
CH32V205,ADC,Discontinuous_mode,discontinuous mode routine,#,confirmed,evt:tree+evt:list-en+evt:list-zh,CH32V205_List_EN.txt
CH32V205,ADC,ExtLines_Trigger,external lines trigger ADC conversion routine,#,confirmed,evt:tree+evt:list-en+evt:list-zh,CH32V205_List_EN.txt
CH32V205,ADC,Internal_Temperature,internal temperature sensor routine,#,confirmed,evt:tree+evt:list-en+evt:list-zh,CH32V205_List_EN.txt
CH32V205,APPLICATION,CoreMark,CoreMark routine,#,confirmed,evt:tree+evt:list-en+evt:list-zh,CH32V205_List_EN.txt
CH32V205,APPLICATION,SoftUART,I/O port simulation serial port routine,#,confirmed,evt:tree+evt:list-en+evt:list-zh,CH32V205_List_EN.txt
CH32V205,APPLICATION,WS2812_LED,SPI\PWM Operates WS2812_LED routine,#,confirmed,evt:tree+evt:list-en+evt:list-zh,CH32V205_List_EN.txt
CH32V205,BKP,BKP,BKP routine,#,confirmed,evt:tree+evt:list-en+evt:list-zh,CH32V205_List_EN.txt
CH32V205,CAN,Networking,"CAN routine: normal mode, standard frame and expanded frame data transceiver",#,confirmed,evt:tree+evt:list-en+evt:list-zh,CH32V205_List_EN.txt
CH32V205,CAN,TestMode,"test mode, including silent mode, loopback mode and loopback silent mode",#,confirmed,evt:tree+evt:list-en+evt:list-zh,CH32V205_List_EN.txt
CH32V205,CAN,Time-triggered,time triggered communication mode,#,confirmed,evt:tree+evt:list-en+evt:list-zh,CH32V205_List_EN.txt
CH32V205,CRC,CRC_Calculation,CRC routine,#,confirmed,evt:list-en+evt:list-zh,CH32V205_List_EN.txt
CH32V205,DMA,DMA_MEM2MEM,memory to memory mode routine,#,confirmed,evt:tree+evt:list-en+evt:list-zh,CH32V205_List_EN.txt
CH32V205,DMA,DMA_MEM2PERIP,see each peripheral subroutine for memory to peripheral mode and peripheral to memory mode routines,#,confirmed,evt:tree+evt:list-en+evt:list-zh,CH32V205_List_EN.txt
CH32V205,DMA,DoubleBuffer_DMA,,#,confirmed,evt:tree+evt:list-en+evt:list-zh,CH32V205_List_EN.txt
CH32V205,EXTI,EXTI0,,#,reference,evt:list-zh,CH32V205_List_EN.txt
CH32V205,FLASH,FLASH_Program,"FLASH erase/read/write, and fast programming",#,confirmed,evt:tree+evt:list-en+evt:list-zh,CH32V205_List_EN.txt
CH32V205,FSMC,LCD,FSMC routine to operate TFTLCD,#,confirmed,evt:tree+evt:list-en+evt:list-zh,CH32V205_List_EN.txt
CH32V205,FSMC,NANDFLASH,FSMC routine to operate NANDFLASH,#,confirmed,evt:list-en+evt:list-zh,CH32V205_List_EN.txt
CH32V205,FSMC,NORFLASH,FSMC routine to operate NORFLASH,#,confirmed,evt:list-en+evt:list-zh,CH32V205_List_EN.txt
CH32V205,FSMC,SRAM,FSMC routine to operate NOR_ SRAM,#,confirmed,evt:tree+evt:list-en+evt:list-zh,CH32V205_List_EN.txt
CH32V205,GPIO,GPIO_Toggle,GPIO routines,#,confirmed,evt:tree+evt:list-en+evt:list-zh,CH32V205_List_EN.txt
CH32V205,HarmonyOS,LiteOS_m,HarmonyOS migration routine,#,confirmed,evt:tree+evt:list-en+evt:list-zh,CH32V205_List_EN.txt
CH32V205,I2C,I2C_10bit_Mode,"10 bit address mode, master/slave mode transceiver routine",#,confirmed,evt:tree+evt:list-en+evt:list-zh,CH32V205_List_EN.txt
CH32V205,I2C,I2C_7bit_Interrupt_Mode,Use interrupt to receive and send routine,#,confirmed,evt:tree+evt:list-en+evt:list-zh,CH32V205_List_EN.txt
CH32V205,I2C,I2C_7bit_Mode,"7-bit address mode, master/slave mode, transceiver routine",#,confirmed,evt:tree+evt:list-en+evt:list-zh,CH32V205_List_EN.txt
CH32V205,I2C,I2C_DMA,"I2C DMA, master/slave mode transceiver routine",#,confirmed,evt:tree+evt:list-en+evt:list-zh,CH32V205_List_EN.txt
CH32V205,I2C,I2C_EEPROM,I2C interface routine to operate EEPROM peripheral,#,confirmed,evt:tree+evt:list-en+evt:list-zh,CH32V205_List_EN.txt
CH32V205,I2C,I2C_PEC,"PEC error check, master/slave mode transceiver routine",#,confirmed,evt:tree+evt:list-en+evt:list-zh,CH32V205_List_EN.txt
CH32V205,IAP,USB_UART,USB+UART IAP routine,#,confirmed,evt:tree+evt:list-en+evt:list-zh,CH32V205_List_EN.txt
CH32V205,INT,Interrupt_VTF,use VTF IRQ interrupt routine,#,confirmed,evt:tree+evt:list-en+evt:list-zh,CH32V205_List_EN.txt
CH32V205,INT,VectorInRAM,Interrupt routines for the interrupt vector table in RAM,#,confirmed,evt:tree+evt:list-en+evt:list-zh,CH32V205_List_EN.txt
CH32V205,IWDG,IWDG,Independent Watchdog routine,#,confirmed,evt:tree+evt:list-en+evt:list-zh,CH32V205_List_EN.txt
CH32V205,OPA,CMP,CMP routine,#,confirmed,evt:tree+evt:list-en+evt:list-zh,CH32V205_List_EN.txt
CH32V205,OPA,CMP_OPA,OPA polling results to CMP routines,#,confirmed,evt:tree+evt:list-en+evt:list-zh,CH32V205_List_EN.txt
CH32V205,OPA,CMP_WakeUp,comparator wake-up routine,#,confirmed,evt:list-en+evt:list-zh,CH32V205_List_EN.txt
CH32V205,OPA,OPA,OPA routine,#,confirmed,evt:tree+evt:list-en+evt:list-zh,CH32V205_List_EN.txt
CH32V205,OPA,OPA_Poll,OPA polling routine,#,confirmed,evt:tree+evt:list-en+evt:list-zh,CH32V205_List_EN.txt
CH32V205,PIOC,PIOC_1_Wire,,#,confirmed,evt:tree+evt:list-en+evt:list-zh,CH32V205_List_EN.txt
CH32V205,PIOC,PIOC_1_Wire/1-Wire,1 wire operate WS2812 and DS1820,#,confirmed,evt:list-en+evt:list-zh,CH32V205_List_EN.txt
CH32V205,PIOC,PIOC_1_Wire/Ams,,#,confirmed,evt:list-en+evt:list-zh,CH32V205_List_EN.txt
CH32V205,PIOC,PIOC_IIC,,#,confirmed,evt:tree+evt:list-en+evt:list-zh,CH32V205_List_EN.txt
CH32V205,PIOC,PIOC_IIC/Ams,,#,confirmed,evt:list-en+evt:list-zh,CH32V205_List_EN.txt
CH32V205,PIOC,PIOC_IIC/PIOC_IIC,PIOC simulates IIC,#,confirmed,evt:list-en+evt:list-zh,CH32V205_List_EN.txt
CH32V205,PIOC,PIOC_NEC,,#,confirmed,evt:tree+evt:list-en+evt:list-zh,CH32V205_List_EN.txt
CH32V205,PIOC,PIOC_NEC/Ams,,#,confirmed,evt:list-en+evt:list-zh,CH32V205_List_EN.txt
CH32V205,PIOC,PIOC_NEC/PIOC_NEC,PIOC Infrared Remote Control Routine,#,confirmed,evt:list-en+evt:list-zh,CH32V205_List_EN.txt
CH32V205,PIOC,PIOC_Single_Wire,,#,confirmed,evt:tree+evt:list-en+evt:list-zh,CH32V205_List_EN.txt
CH32V205,PIOC,PIOC_Single_Wire/Ams,,#,confirmed,evt:list-en+evt:list-zh,CH32V205_List_EN.txt
CH32V205,PIOC,PIOC_Single_Wire/PIOC_Single_Wire,Single-wire debug interface to read and write external chip RAM data,#,confirmed,evt:list-en+evt:list-zh,CH32V205_List_EN.txt
CH32V205,PIOC,PIOC_UART,,#,confirmed,evt:tree+evt:list-en+evt:list-zh,CH32V205_List_EN.txt
CH32V205,PIOC,PIOC_UART/Ams,,#,confirmed,evt:list-en+evt:list-zh,CH32V205_List_EN.txt
CH32V205,PIOC,PIOC_UART/PIOC_UART,PIOC simulates UART,#,confirmed,evt:list-en+evt:list-zh,CH32V205_List_EN.txt
CH32V205,PIOC,Tool_Manual,,#,confirmed,evt:tree+evt:list-en+evt:list-zh,CH32V205_List_EN.txt
CH32V205,PIOC,Tool_Manual/Manual,,#,confirmed,evt:tree+evt:list-en+evt:list-zh,CH32V205_List_EN.txt
CH32V205,PIOC,Tool_Manual/Tool,,#,confirmed,evt:tree+evt:list-en+evt:list-zh,CH32V205_List_EN.txt
CH32V205,PWR,PVD_VoltageJudger,PVD voltage Judger Routine,#,confirmed,evt:tree+evt:list-en+evt:list-zh,CH32V205_List_EN.txt
CH32V205,PWR,PVD_Wakeup,STOP mode PVD wakeup MCU Routine,#,confirmed,evt:tree+evt:list-en+evt:list-zh,CH32V205_List_EN.txt
CH32V205,PWR,Sleep_Mode,"low power, sleep mode routine",#,confirmed,evt:tree+evt:list-en+evt:list-zh,CH32V205_List_EN.txt
CH32V205,PWR,Standby_Mode,"low power, standby mode routine",#,confirmed,evt:tree+evt:list-en+evt:list-zh,CH32V205_List_EN.txt
CH32V205,PWR,Standby_RAM_Application,"When MCU in standby mode, RAM 2k and 30K low-power data holding application routine",#,confirmed,evt:tree+evt:list-en+evt:list-zh,CH32V205_List_EN.txt
CH32V205,PWR,Standby_RAM_LV_Mode,"when LV is enabled in standby mode, RAM 2k and 30K low-power data holding routines",#,confirmed,evt:tree+evt:list-en+evt:list-zh,CH32V205_List_EN.txt
CH32V205,PWR,Standby_RAM_Mode,"when LV is not enabled in standby mode, RAM 2k and 30K low-power data holding routines",#,confirmed,evt:tree+evt:list-en+evt:list-zh,CH32V205_List_EN.txt
CH32V205,PWR,Stop_Mode,"low power, stop mode routine",#,confirmed,evt:tree+evt:list-en+evt:list-zh,CH32V205_List_EN.txt
CH32V205,QSPI,QSPI_DUAL_FLASH_DMA,use dual QSPI flash to read data in DMA mode routine,#,confirmed,evt:tree+evt:list-en+evt:list-zh,CH32V205_List_EN.txt
CH32V205,QSPI,QSPI_FLASH,QSPI operate Winbond W25Qxx SPI_FLASH routine,#,confirmed,evt:tree+evt:list-en+evt:list-zh,CH32V205_List_EN.txt
CH32V205,QSPI,QSPI_FLASH_DMA,QSPI operates the Winbond W25Qxx SPI_FLASH routine through DMA,#,confirmed,evt:tree+evt:list-en+evt:list-zh,CH32V205_List_EN.txt
CH32V205,RCC,Get_CLK,Get system-HCLK-HB1-HB2 clock routine,#,confirmed,evt:tree+evt:list-en+evt:list-zh,CH32V205_List_EN.txt
CH32V205,RCC,HSE_CLK,HSE frequency check routine,#,confirmed,evt:tree+evt:list-en+evt:list-zh,CH32V205_List_EN.txt
CH32V205,RCC,HSI_Calibration,HSI calibrate routine,#,confirmed,evt:tree+evt:list-en+evt:list-zh,CH32V205_List_EN.txt
CH32V205,RCC,LSI_Calibration,LSI calibrate routine,#,confirmed,evt:tree+evt:list-en+evt:list-zh,CH32V205_List_EN.txt
CH32V205,RCC,MCO,MCO pin clock output routine,#,confirmed,evt:tree+evt:list-en+evt:list-zh,CH32V205_List_EN.txt
CH32V205,RT-Thread,RT_Thread_Core,RT-Thread migration routine,#,reference,evt:list-en,CH32V205_List_EN.txt
CH32V205,RTC,RTC_Calendar,Calendar Routines,#,confirmed,evt:tree+evt:list-en+evt:list-zh,CH32V205_List_EN.txt
CH32V205,RTC,RTC_Calibration,RTC calibrate Routines,#,confirmed,evt:list-en+evt:list-zh,CH32V205_List_EN.txt
CH32V205,RTC,RTC_OutputCalibrateClock,RTC Output Calibrate Clock Routines,#,confirmed,evt:tree+evt:list-en+evt:list-zh,CH32V205_List_EN.txt
CH32V205,RunInRam_LP,RunInRAM_HSI_LP,The program runs in RAM to reduce the power consumption of routines.,#,confirmed,evt:tree+evt:list-en+evt:list-zh,CH32V205_List_EN.txt
CH32V205,RunInRam_LP,RunInRAM_Select,Some programs run routines in RAM,#,confirmed,evt:tree+evt:list-en+evt:list-zh,CH32V205_List_EN.txt
CH32V205,RunInRam_LP,RunInRAM_Select_Sleep,Some programs run and sleep routines in RAM,#,confirmed,evt:tree+evt:list-en+evt:list-zh,CH32V205_List_EN.txt
CH32V205,RunInRam_LP,RunInRam,the program runs routines in RAM,#,confirmed,evt:tree+evt:list-en+evt:list-zh,CH32V205_List_EN.txt
CH32V205,SDI_Printf,SDI_Printf,"debug interface SDI, virtual serial port.",#,confirmed,evt:tree+evt:list-en+evt:list-zh,CH32V205_List_EN.txt
CH32V205,SPI,1Lines_half-duplex,"1-wire half-duplex mode, master / slave mode data transceiver",#,confirmed,evt:tree+evt:list-en+evt:list-zh,CH32V205_List_EN.txt
CH32V205,SPI,2Lines_FullDuplex,"2-wire half-duplex mode, master / slave mode data transceiver",#,confirmed,evt:tree+evt:list-en+evt:list-zh,CH32V205_List_EN.txt
CH32V205,SPI,SPI_CRC,use CRC error check and master / slave mode transceiver routine,#,confirmed,evt:tree+evt:list-en+evt:list-zh,CH32V205_List_EN.txt
CH32V205,SPI,SPI_DMA,"SPI uses DMA, master / slave mode transceiver routine",#,confirmed,evt:tree+evt:list-en+evt:list-zh,CH32V205_List_EN.txt
CH32V205,SPI,SPI_FLASH,SPI interface operation flash peripheral routine,#,confirmed,evt:tree+evt:list-en+evt:list-zh,CH32V205_List_EN.txt
CH32V205,SYSTICK,SYSTICK_Interrupt,,#,confirmed,evt:tree+evt:list-zh,CH32V205_List_EN.txt
CH32V205,TIM,Clock_Select,clock source selection routine,#,confirmed,evt:tree+evt:list-en+evt:list-zh,CH32V205_List_EN.txt
CH32V205,TIM,ComplementaryOutput_DeadTime,complementary output and deadband insertion mode routines,#,confirmed,evt:tree+evt:list-en+evt:list-zh,CH32V205_List_EN.txt
CH32V205,TIM,ExtTrigger_Start_Two_Timer,external trigger routines to start two timers synchronously,#,confirmed,evt:tree+evt:list-en+evt:list-zh,CH32V205_List_EN.txt
CH32V205,TIM,Input_Capture,input capture routine,#,confirmed,evt:tree+evt:list-en+evt:list-zh,CH32V205_List_EN.txt
CH32V205,TIM,One_Pulse,single pulse output routine,#,confirmed,evt:tree+evt:list-en+evt:list-zh,CH32V205_List_EN.txt
CH32V205,TIM,Output_Compare_Mode,output comparison mode routine,#,confirmed,evt:tree+evt:list-en+evt:list-zh,CH32V205_List_EN.txt
CH32V205,TIM,PWM_6_Step,Timer 6_Step PWM routines,#,confirmed,evt:tree+evt:list-en+evt:list-zh,CH32V205_List_EN.txt
CH32V205,TIM,PWM_Output,PWM output routine,#,confirmed,evt:tree+evt:list-en+evt:list-zh,CH32V205_List_EN.txt
CH32V205,TIM,PWM_Phase_shifted,Timer PWM Phase shifted routines,#,confirmed,evt:tree+evt:list-en+evt:list-zh,CH32V205_List_EN.txt
CH32V205,TIM,Synchro_ExtTrigger,"slave mode routine, including reset mode, gating mode and trigger mode",#,confirmed,evt:tree+evt:list-en+evt:list-zh,CH32V205_List_EN.txt
CH32V205,TIM,Synchro_Timer,timer synchronization mode,#,confirmed,evt:tree+evt:list-en+evt:list-zh,CH32V205_List_EN.txt
CH32V205,TIM,TIM_Continuous,Timer continuous routines,#,confirmed,evt:tree+evt:list-en+evt:list-zh,CH32V205_List_EN.txt
CH32V205,TIM,TIM_DMA,timer DMA routines,#,confirmed,evt:tree+evt:list-en+evt:list-zh,CH32V205_List_EN.txt
CH32V205,TIM,TIM_INT,Timer interput mode routines,#,confirmed,evt:tree+evt:list-en+evt:list-zh,CH32V205_List_EN.txt
CH32V205,TOUCHKEY,TKEY_205_CS_EX001,Comprehensive demonstration routine of constant current source touch key,#,confirmed,evt:list-en+evt:list-zh,CH32V205_List_EN.txt
CH32V205,TOUCHKEY,TKEY_205_CT_EX001,Comprehensive demonstration routine of charge transfer touch key,#,confirmed,evt:list-en+evt:list-zh,CH32V205_List_EN.txt
CH32V205,TOUCHKEY,TKEY_205_CT_EX002,Charge transfer 8-key touch routine,#,confirmed,evt:list-en+evt:list-zh,CH32V205_List_EN.txt
CH32V205,TOUCHKEY,TKey,TouchKey Detection Routine,#,confirmed,evt:list-en+evt:list-zh,CH32V205_List_EN.txt
CH32V205,TencentOS,TencentOS,TencentOS migration routine,#,confirmed,evt:tree+evt:list-en+evt:list-zh,CH32V205_List_EN.txt
CH32V205,USART,USART_DMA,"USART DMA, master/slave mode transceiver routine",#,confirmed,evt:tree+evt:list-en+evt:list-zh,CH32V205_List_EN.txt
CH32V205,USART,USART_HalfDuplex,"single wire half duplex mode, master/slave mode transceiver routine",#,confirmed,evt:tree+evt:list-en+evt:list-zh,CH32V205_List_EN.txt
CH32V205,USART,USART_HardwareFlowControl,"hardware flow control mode, master/slave mode, transceiver routine",#,confirmed,evt:tree+evt:list-en+evt:list-zh,CH32V205_List_EN.txt
CH32V205,USART,USART_Idle_Recv,USART use DMA receiving indeterminate length data routines,#,confirmed,evt:tree+evt:list-en+evt:list-zh,CH32V205_List_EN.txt
CH32V205,USART,USART_Interrupt,"USART interrupt routine, master/slave mode transceiver routine",#,confirmed,evt:tree+evt:list-en+evt:list-zh,CH32V205_List_EN.txt
CH32V205,USART,USART_MultiProcessorCommunication,multiprocessor communication mode routine,#,confirmed,evt:tree+evt:list-en+evt:list-zh,CH32V205_List_EN.txt
CH32V205,USART,USART_Polling,"polling transceiver mode, master/slave transceiver routine",#,confirmed,evt:tree+evt:list-en+evt:list-zh,CH32V205_List_EN.txt
CH32V205,USART,USART_Printf,USART Print debugging routine,#,confirmed,evt:tree+evt:list-en+evt:list-zh,CH32V205_List_EN.txt
CH32V205,USART,USART_SmartCard,Serial port smart card routine,#,confirmed,evt:tree+evt:list-en+evt:list-zh,CH32V205_List_EN.txt
CH32V205,USART,USART_SynchronousMode,"synchronous mode, master/slave mode, transceiver routine",#,confirmed,evt:tree+evt:list-en+evt:list-zh,CH32V205_List_EN.txt
CH32V205,USB,USBFS,,#,confirmed,evt:list-en+evt:list-zh,CH32V205_List_EN.txt
CH32V205,USB,USBFS/DEVICE,,#,confirmed,evt:list-en+evt:list-zh,CH32V205_List_EN.txt
CH32V205,USB,USBFS/DEVICE/CH372,"Simulates a custom USB device (CH372 device) with endpoints 1, 3 down and 2, 4 up. Data down from endpoint 1 is uploaded from endpoint 3 and not reversed, and data down from endpoint 2 is uploaded from endpoint 4 and reversed.",#,confirmed,evt:list-en+evt:list-zh,CH32V205_List_EN.txt
CH32V205,USB,USBFS/DEVICE/Compatibility_HID,"Simulates HID devices, with data transmitted up and down through the serial port.",#,confirmed,evt:list-en+evt:list-zh,CH32V205_List_EN.txt
CH32V205,USB,USBFS/DEVICE/CompositeKM,"Simulate keyboard and mouse, use IO to simulate keystrokes, while simulated data can be uploaded through serial port 2.",#,confirmed,evt:list-en+evt:list-zh,CH32V205_List_EN.txt
CH32V205,USB,USBFS/DEVICE/CompositeKM_LowSpeed,Simulate low speed keyboard and mouse,#,confirmed,evt:list-en+evt:list-zh,CH32V205_List_EN.txt
CH32V205,USB,USBFS/DEVICE/MSC_CD-ROM,"Simulate CDROM, need external SPI-Flash",#,confirmed,evt:list-en+evt:list-zh,CH32V205_List_EN.txt
CH32V205,USB,USBFS/DEVICE/MSC_U-Disk,"Smulates a simple USB flash drive, optionally using on-chip Flash or external SPI-Flash",#,confirmed,evt:list-en+evt:list-zh,CH32V205_List_EN.txt
CH32V205,USB,USBFS/DEVICE/SimulateCDC,Simulate a CDC serial port and use serial port 2 to send and receive.,#,confirmed,evt:list-en+evt:list-zh,CH32V205_List_EN.txt
CH32V205,USB,USBFS/DEVICE/SimulateCDC-HID,"Simulate a CDC serial port, use serial port 2 to send and receive, HID interrupt endpoints to send and receive data to reverse and upload.",#,confirmed,evt:list-en+evt:list-zh,CH32V205_List_EN.txt
CH32V205,USB,USBFS/HOST,,#,confirmed,evt:list-en+evt:list-zh,CH32V205_List_EN.txt
CH32V205,USB,USBFS/HOST/HOST_IAP,,#,confirmed,evt:list-en+evt:list-zh,CH32V205_List_EN.txt
CH32V205,USB,USBFS/HOST/HOST_IAP/APP,"APP used with HOST_IAP, the project has modified the starting location of the program, after compilation, you need to convert the file into a bin file and rename it to APP.bin",#,reference,evt:list-en,CH32V205_List_EN.txt
CH32V205,USB,USBFS/HOST/HOST_IAP/HOST_IAP,"The host U disk IAP routine based on the U disk read file routine finishing, read the file with the name bit APP.bin from the U disk, write it to the internal flash, check it and jump automatically.",#,confirmed,evt:list-en+evt:list-zh,CH32V205_List_EN.txt
CH32V205,USB,USBFS/HOST/HOST_KM,"The host operates the keypad, gets the data of the endpoints uploaded by the keypad and prints it, supports U-port under level 1 hub",#,confirmed,evt:list-en+evt:list-zh,CH32V205_List_EN.txt
CH32V205,USB,USBFS/HOST/Host_Udisk,USB host operation USB disk routine,#,confirmed,evt:list-en+evt:list-zh,CH32V205_List_EN.txt
CH32V205,USB,USBFS/HOST/MTP_FileSystem,"Enumeration process of a USB host to a device that supports MTP and PTP protocols, supports MTP and PTP protocols, and reads its files",#,confirmed,evt:list-en+evt:list-zh,CH32V205_List_EN.txt
CH32V205,USB,USBFS/HOST/Udisk_Lib,U disk file system library file,#,confirmed,evt:list-en+evt:list-zh,CH32V205_List_EN.txt
CH32V205,USB,USBHS,,#,confirmed,evt:list-en+evt:list-zh,CH32V205_List_EN.txt
CH32V205,USB,USBHS/DEVICE,,#,confirmed,evt:list-en+evt:list-zh,CH32V205_List_EN.txt
CH32V205,USB,USBHS/DEVICE/CH372,"Simulates a custom USB device (CH372 device) with endpoints 1, 3 down and 2, 4 up. Data down from endpoint 1 is uploaded from endpoint 3 and not reversed, and data down from endpoint 2 is uploaded from endpoint 4 and reversed.",#,confirmed,evt:list-en+evt:list-zh,CH32V205_List_EN.txt
CH32V205,USB,USBHS/DEVICE/Compatibility_HID,"Simulates HID devices, with data transmitted up and down through the serial port.",#,confirmed,evt:list-en+evt:list-zh,CH32V205_List_EN.txt
CH32V205,USB,USBHS/DEVICE/CompositeKM,"Simulate keyboard and mouse, use IO to simulate keystrokes, while simulated data can be uploaded through serial port 2.",#,confirmed,evt:list-en+evt:list-zh,CH32V205_List_EN.txt
CH32V205,USB,USBHS/DEVICE/MSC_CD-ROM,"Simulate CDROM, need external SPI-Flash",#,confirmed,evt:list-en+evt:list-zh,CH32V205_List_EN.txt
CH32V205,USB,USBHS/DEVICE/MSC_U-Disk,"Smulates a simple USB flash drive, optionally using on-chip Flash or external SPI-Flash",#,confirmed,evt:list-en+evt:list-zh,CH32V205_List_EN.txt
CH32V205,USB,USBHS/DEVICE/SimulateCDC,Simulate a CDC serial port and use serial port 2 to send and receive.,#,confirmed,evt:list-en+evt:list-zh,CH32V205_List_EN.txt
CH32V205,USB,USBHS/DEVICE/SimulateCDC-HID,"Simulate a CDC serial port, use serial port 2 to send and receive, HID interrupt endpoints to send and receive data to reverse and upload.",#,confirmed,evt:list-en+evt:list-zh,CH32V205_List_EN.txt
CH32V205,USB,USBHS/HOST,,#,confirmed,evt:list-en+evt:list-zh,CH32V205_List_EN.txt
CH32V205,USB,USBHS/HOST/HOST_IAP,,#,confirmed,evt:list-en+evt:list-zh,CH32V205_List_EN.txt
CH32V205,USB,USBHS/HOST/HOST_IAP/APP,"APP used with HOST_IAP, the project has modified the starting location of the program, after compilation, you need to convert the file into a bin file and rename it to APP.bin",#,reference,evt:list-en,CH32V205_List_EN.txt
CH32V205,USB,USBHS/HOST/HOST_IAP/HOST_IAP,"The host U disk IAP routine based on the U disk read file routine finishing, read the file with the name bit APP.bin from the U disk, write it to the internal flash, check it and jump automatically.",#,confirmed,evt:list-en+evt:list-zh,CH32V205_List_EN.txt
CH32V205,USB,USBHS/HOST/HOST_KM,"The host operates the keypad, gets the data of the endpoints uploaded by the keypad and prints it, supports U-port under level 1 hub",#,confirmed,evt:list-en+evt:list-zh,CH32V205_List_EN.txt
CH32V205,USB,USBHS/HOST/HOST_MTP_FileSystem,"Enumeration process of a USB host to a device that supports MTP and PTP protocols, supports MTP and PTP protocols, and reads its files",#,reference,evt:list-en,CH32V205_List_EN.txt
CH32V205,USB,USBHS/HOST/Host_Udisk,USB host operation USB disk routine,#,confirmed,evt:list-en+evt:list-zh,CH32V205_List_EN.txt
CH32V205,USB,USBHS/HOST/MTP_FileSystem,,#,reference,evt:list-zh,CH32V205_List_EN.txt
CH32V205,USB,USBHS/HOST/Udisk_Lib,U disk file system library file,#,confirmed,evt:list-en+evt:list-zh,CH32V205_List_EN.txt
CH32V205,USBPD,USBPD_SNK,PD SNK routine,#,confirmed,evt:tree+evt:list-en+evt:list-zh,CH32V205_List_EN.txt
CH32V205,USBPD,USBPD_SRC,PD SRC routine,#,confirmed,evt:tree+evt:list-en+evt:list-zh,CH32V205_List_EN.txt
CH32V205,WWDG,WWDG,Window Watchdog Routine,#,confirmed,evt:tree+evt:list-en+evt:list-zh,CH32V205_List_EN.txt
CH32V20x,ADC,ADC_DMA,ADC DMA sampling routines,#,confirmed,evt:tree+evt:list-en+evt:list-zh,CH32V20x_List_EN.txt
CH32V20x,ADC,AnalogWatchdog,analog watchdog routine,#,confirmed,evt:tree+evt:list-en+evt:list-zh,CH32V20x_List_EN.txt
CH32V20x,ADC,Auto_Injection,automatic injection mode routine,#,confirmed,evt:tree+evt:list-en+evt:list-zh,CH32V20x_List_EN.txt
CH32V20x,ADC,Discontinuous_mode,discontinuous mode routine,#,confirmed,evt:tree+evt:list-en+evt:list-zh,CH32V20x_List_EN.txt
CH32V20x,ADC,DualADC_AlternateTrigger,"dual ADC alternate trigger sampling routine, only applied to CH32V20x_D6",#,confirmed,evt:tree+evt:list-en+evt:list-zh,CH32V20x_List_EN.txt
CH32V20x,ADC,DualADC_Combined_RegInjectionSimul,"dual ADC combined regular + injection + simultaneous sampling routine, only applied to CH32V20x_D6",#,confirmed,evt:tree+evt:list-en+evt:list-zh,CH32V20x_List_EN.txt
CH32V20x,ADC,DualADC_FastInterleaved,"dual ADC fast interleaved sampling routine, only applied to CH32V20x_D6",#,confirmed,evt:tree+evt:list-en+evt:list-zh,CH32V20x_List_EN.txt
CH32V20x,ADC,DualADC_InjectionSimul,"dual ADC injection simultaneous sampling routine, only applied to CH32V20x_D6",#,confirmed,evt:tree+evt:list-en+evt:list-zh,CH32V20x_List_EN.txt
CH32V20x,ADC,DualADC_RegSimul,"dual ADC regular simultaneous sampling routine, only applied to CH32V20x_D6",#,confirmed,evt:tree+evt:list-en+evt:list-zh,CH32V20x_List_EN.txt
CH32V20x,ADC,DualADC_SlowInterleaved,"dual ADC slow interleaved sampling routine, only applied to CH32V20x_D6",#,confirmed,evt:tree+evt:list-en+evt:list-zh,CH32V20x_List_EN.txt
CH32V20x,ADC,ExtLines_Trigger,external lines trigger ADC conversion routine,#,confirmed,evt:tree+evt:list-en+evt:list-zh,CH32V20x_List_EN.txt
CH32V20x,ADC,Internal_Temperature,internal temperature sensor routine,#,confirmed,evt:tree+evt:list-en+evt:list-zh,CH32V20x_List_EN.txt
CH32V20x,ADC,TIM_Trigger,TIM trigger ADC conversion routine,#,confirmed,evt:tree+evt:list-en,CH32V20x_List_EN.txt
CH32V20x,ADC,TIM_trigger,,#,confirmed,evt:tree+evt:list-zh,CH32V20x_List_EN.txt
CH32V20x,ADC,Temperature_External_channel,Temperature External channel Injection alternating inversion routine,#,confirmed,evt:tree+evt:list-en+evt:list-zh,CH32V20x_List_EN.txt
CH32V20x,APPLICATION,CoreMark,,#,confirmed,evt:tree+evt:list-en+evt:list-zh,CH32V20x_List_EN.txt
CH32V20x,APPLICATION,CoreMark/CoreMark,"CoreMark routine under 168M（12M_HSE） system conditions——only applied to CH32V20x_D6,168M is only suitable for Commercial Grade applications: 0℃ ≤ TA ≤ 70℃ with good heat dissipation",#,confirmed,evt:tree+evt:list-en+evt:list-zh,CH32V20x_List_EN.txt
CH32V20x,APPLICATION,Electric_Hair_Dryer,,#,confirmed,evt:tree+evt:list-en+evt:list-zh,CH32V20x_List_EN.txt
CH32V20x,APPLICATION,Electric_Hair_Dryer/Electric_Hair_Dryer,Electric_Hair_Dryer routine,#,confirmed,evt:list-en+evt:list-zh,CH32V20x_List_EN.txt
CH32V20x,APPLICATION,USBPD,,#,confirmed,evt:tree+evt:list-en+evt:list-zh,CH32V20x_List_EN.txt
CH32V20x,APPLICATION,USBPD/I2C_OP_CH223,"I2C Operates CH223 routine, only applied to CH32V20x_D8",#,confirmed,evt:tree+evt:list-en+evt:list-zh,CH32V20x_List_EN.txt
CH32V20x,APPLICATION,WS2812_LED,,#,confirmed,evt:tree+evt:list-en+evt:list-zh,CH32V20x_List_EN.txt
CH32V20x,APPLICATION,WS2812_LED/WS2812_LED,SPI\PWM Operates WS2812_LED routine,#,confirmed,evt:list-en+evt:list-zh,CH32V20x_List_EN.txt
CH32V20x,APPLICATION,WUI,,#,confirmed,evt:tree+evt:list-en+evt:list-zh,CH32V20x_List_EN.txt
CH32V20x,APPLICATION,WUI/WUI,WCHGUI routine,#,confirmed,evt:list-en+evt:list-zh,CH32V20x_List_EN.txt
CH32V20x,BKP,BKP,BKP routines,#,confirmed,evt:tree+evt:list-en+evt:list-zh,CH32V20x_List_EN.txt
CH32V20x,BLE,BLE Certification,Product: WCH CH32V208 QDID: 179771,#,reference,evt:list-en,CH32V20x_List_EN.txt
CH32V20x,BLE,BLE_UART,"BLE and UART transparent transmission routine, for detailed instructions, please refer to the <description.txt> document in the root directory",#,confirmed,evt:tree+evt:list-en,CH32V20x_List_EN.txt
CH32V20x,BLE,BLE_USB,"BLE with USB routine, USB emulation 340 device forwards BLE data",#,confirmed,evt:tree+evt:list-en,CH32V20x_List_EN.txt
CH32V20x,BLE,BackupUpgrade_IAP,"backup wireless upgrade IAP routine. Detect the current code flag, determine whether to move the code from the backup area to the user area, and run the code in the user area",#,confirmed,evt:tree+evt:list-en,CH32V20x_List_EN.txt
CH32V20x,BLE,BackupUpgrade_OTA,"backup wireless upgrade user routine. Add OTA function to peripheral slave routines, save the upgrade firmware to the backup area and jump to the IAP program to upgrade",#,confirmed,evt:tree+evt:list-en,CH32V20x_List_EN.txt
CH32V20x,BLE,Broadcaster,"broadcaster routine, always broadcast when in broadcast status",#,confirmed,evt:tree+evt:list-en,CH32V20x_List_EN.txt
CH32V20x,BLE,CentPeri,"central-peripheral routine, integrate the function of central routine and peripheral routine and run simultaneously",#,confirmed,evt:tree+evt:list-en,CH32V20x_List_EN.txt
CH32V20x,BLE,Central,"central routine, actively scan surrounding devices, conect to the specified peripheral address, search custom service and characteristic, execute read/write commands, peripheral routine is needed, and modify the peripheral address to the routine target address, (84:C2:E4:03:02:02) by default",#,confirmed,evt:tree+evt:list-en,CH32V20x_List_EN.txt
CH32V20x,BLE,CyclingSensor,"cycling sensor routine, upload speed and cadence regularly after connected to the host",#,confirmed,evt:tree+evt:list-en,CH32V20x_List_EN.txt
CH32V20x,BLE,DirectTest,"direct test routine, test data packets sent by specified communication channel",#,reference,evt:list-en,CH32V20x_List_EN.txt
CH32V20x,BLE,HAL,Hardware-related files shared by routines,#,confirmed,evt:tree+evt:list-en,CH32V20x_List_EN.txt
CH32V20x,BLE,HID_Consumer,"BLE consumer routine, simulate user control device, upload volume key down key regularly after connected to the central",#,confirmed,evt:tree+evt:list-en,CH32V20x_List_EN.txt
CH32V20x,BLE,HID_Keyboard,"BLE keyboard routine, simulate a keyboard device, upload key value regularly after connected to the central",#,confirmed,evt:tree+evt:list-en,CH32V20x_List_EN.txt
CH32V20x,BLE,HID_Mouse,"BLE mouse routine, simulate a mouse device, upload key value regularly after connected to the central",#,confirmed,evt:tree+evt:list-en,CH32V20x_List_EN.txt
CH32V20x,BLE,HID_Touch,"BLE touch routine, simulate a touch pencil device,  upload touch value regularly after connected to the central",#,confirmed,evt:tree+evt:list-en,CH32V20x_List_EN.txt
CH32V20x,BLE,HeartRate,"heart rate routine, upload heart rate regularly after connected to the central",#,confirmed,evt:tree+evt:list-en,CH32V20x_List_EN.txt
CH32V20x,BLE,LIB,BLE protocol stack library file and header file,#,confirmed,evt:tree+evt:list-en,CH32V20x_List_EN.txt
CH32V20x,BLE,LWNS,"LWNS wireless networking routine,including broadcast/unicast/netflood/mesh.",#,confirmed,evt:tree+evt:list-en,CH32V20x_List_EN.txt
CH32V20x,BLE,MESH,,#,confirmed,evt:tree+evt:list-en,CH32V20x_List_EN.txt
CH32V20x,BLE,MESH/MESH_LIB,MESH protocol stack library file and header file,#,confirmed,evt:tree+evt:list-en,CH32V20x_List_EN.txt
CH32V20x,BLE,MESH/adv_ali_light,"Tmall Genie light routine, devices can be found and provisioned network via Tmall Genie, to control the switch state. By default, only switch attribute can be controlled. If other attributes (brightness, power, temperature, etc.) are needed, add the corresponding processing function and status report function according to the attribute description of the Alibaba Cloud product configuration.",#,confirmed,evt:tree+evt:list-en,CH32V20x_List_EN.txt
CH32V20x,BLE,MESH/adv_ali_light_add_lightness,"MESH general attribute adding routine. On the basis of the Tmall Genie light routine, the brightness attribute is added, which is used to compare the original Tmall Genie light routine to quickly become familiar with the method of adding other MESH general attributes.",#,confirmed,evt:tree+evt:list-en,CH32V20x_List_EN.txt
CH32V20x,BLE,MESH/adv_ali_light_add_windspeed,"Tmall definition attribute adding routine. On the basis of the Tmall Genie light routine, the wind speed attribute is added, which is used to compare the original Tmall Genie light routine to quickly become familiar with the method of adding other Tmall definition attributes.",#,confirmed,evt:tree+evt:list-en,CH32V20x_List_EN.txt
CH32V20x,BLE,MESH/adv_ali_light_multi_element,"Multi-element fan lamp, which is used to compare the original Tmall Genie light routine to quickly become familiar with the method of adding multi-element Tmall definition attributes.",#,confirmed,evt:tree+evt:list-en,CH32V20x_List_EN.txt
CH32V20x,BLE,MESH/adv_ali_light_with_peripheral,"Based on the Tmall Genie light routine, add brightness and color temperature controls, it supports the connection control of BLE debugging tool on the mobile phone.",#,confirmed,evt:tree+evt:list-en,CH32V20x_List_EN.txt
CH32V20x,BLE,MESH/adv_proxy,"proxy node routine, which can be used to provision network through the PV_GATT layer (BLE connection).",#,confirmed,evt:tree+evt:list-en,CH32V20x_List_EN.txt
CH32V20x,BLE,MESH/adv_vendor,"vendor-defined model routine, used with provisioner_vendor, supports two communication attributes of response transmission and non-response transparent transmission, and develops the communication protocol by yourself.",#,confirmed,evt:tree+evt:list-en,CH32V20x_List_EN.txt
CH32V20x,BLE,MESH/adv_vendor_friend,"based on vendor-defined model routine, support friend node function",#,confirmed,evt:tree+evt:list-en,CH32V20x_List_EN.txt
CH32V20x,BLE,MESH/adv_vendor_low_power,"On the basis of the vendor custom model routine, support low-power node functions and should be used with friend nodes",#,confirmed,evt:tree+evt:list-en,CH32V20x_List_EN.txt
CH32V20x,BLE,MESH/adv_vendor_self_provision,"On the basis of the vendor custom model routine, support local provision",#,confirmed,evt:tree+evt:list-en,CH32V20x_List_EN.txt
CH32V20x,BLE,MESH/adv_vendor_self_provision_IAP,"MESH backup wireless upgrade IAP routine, detect the current code flag, judge whether to move the backup area code to the user area and run the user area code",#,confirmed,evt:tree+evt:list-en,CH32V20x_List_EN.txt
CH32V20x,BLE,MESH/adv_vendor_self_provision_with_peripheral,"MESH backup wireless upgrade user routine, On the basis of the vendor custom model routine, supports the connection control of the mobile phone BLE debugging assistant, receives the distribution network information through BLE and distributes the network itself. It is suitable for terminal control networking applications. It can formulate the communication protocol by itself to realize the mobile phone control all devices in the mesh network.",#,confirmed,evt:tree+evt:list-en,CH32V20x_List_EN.txt
CH32V20x,BLE,MESH/provisioner_vendor,"vendor-defined model self-provisioning network initiator routine, used with adv_vendor, automatically provision network to the surrounding devices without network, and add it to its own mesh network, support provision network to six devices by default . The default configuration device is bound with single APPKEY, which is used for response transmission and non-response transparent transmission, and the configuration device is bound with single subscription address, which is used for mass sending of unanswered messages",#,confirmed,evt:tree+evt:list-en,CH32V20x_List_EN.txt
CH32V20x,BLE,MESH/provisioner_vendor_with_peripheral,"Based on the vendor-defined model self-provisioning network initiator routine, can be connected and controlled by BLE debugging tool on the mobile phone, transfer the communication between the mobile phone and the mesh network, and can draw up the communication protocol to implement that all devices in mesh network can be controlled the mobile phone.",#,confirmed,evt:tree+evt:list-en,CH32V20x_List_EN.txt
CH32V20x,BLE,MultiCentPeri,"Multi-central and multi-peripheral routines, support connecting three masters and three slaves at the same time",#,confirmed,evt:tree+evt:list-en,CH32V20x_List_EN.txt
CH32V20x,BLE,MultiCentral,"multicentral routine, actively scan surrounding devices, conect to the specified three peripheral addresses, search custom services and characteristics, execute read/write commands, peripheral routine is needed, and modify the peripheral address to this routine target address, the addresses of these peripherals are (84:C2:E4:03:02:02), (84:C2:E4:03:02:03) and (84:C2:E4:03:02:04) by default",#,confirmed,evt:tree+evt:list-en,CH32V20x_List_EN.txt
CH32V20x,BLE,Observer,"observer routine, scan regularly, print the scanned broadcast address if the scanning result is not empty",#,confirmed,evt:tree+evt:list-en,CH32V20x_List_EN.txt
CH32V20x,BLE,OnlyUpdateApp_IAP,"the only library wireless upgrade IAP routine, with OTA function, upgrade the user area code after receiving the upgraded firmware",#,confirmed,evt:tree+evt:list-en,CH32V20x_List_EN.txt
CH32V20x,BLE,OnlyUpdateApp_Peripheral,"the only library wireless upgrade user routine, on the basis of peripheral routine, the jumping to IAP program is added for subsequent upgrades",#,confirmed,evt:tree+evt:list-en,CH32V20x_List_EN.txt
CH32V20x,BLE,PAwR_ADV,periodic advertising with responses routine in advertising,#,confirmed,evt:tree+evt:list-en,CH32V20x_List_EN.txt
CH32V20x,BLE,PAwR_RSP,periodic advertising with responses routine in responses,#,confirmed,evt:tree+evt:list-en,CH32V20x_List_EN.txt
CH32V20x,BLE,Peripheral,"peripheral role routine, custom including five services with different  attributes, including read attribute, write attribute, notify attribute, read/write attribute, and safe and readable attribute",#,confirmed,evt:tree+evt:list-en,CH32V20x_List_EN.txt
CH32V20x,BLE,RF_PHY,non-standard wireless transceiver routines,#,confirmed,evt:tree+evt:list-en,CH32V20x_List_EN.txt
CH32V20x,BLE,RF_PHY_Auto,non-standard wireless auto transceiver routines,#,confirmed,evt:tree+evt:list-en,CH32V20x_List_EN.txt
CH32V20x,BLE,RF_PHY_Hop,non-standard wireless frequency hopping transceiver routine,#,confirmed,evt:tree+evt:list-en,CH32V20x_List_EN.txt
CH32V20x,BLE,RunningSensor,"running sensor routine,upload rate regularly after connected to the central",#,confirmed,evt:tree+evt:list-en,CH32V20x_List_EN.txt
CH32V20x,BLE,SYNC_ADV,cycle synchronization advertising routine,#,confirmed,evt:tree+evt:list-en,CH32V20x_List_EN.txt
CH32V20x,BLE,SYNC_SCAN,cycle synchronization scanning routine,#,confirmed,evt:tree+evt:list-en,CH32V20x_List_EN.txt
CH32V20x,BLE,SpeedTest_Central,Bluetooth speed test central routine,#,confirmed,evt:tree+evt:list-en,CH32V20x_List_EN.txt
CH32V20x,BLE,SpeedTest_Peripheral,Bluetooth speed test peripheral routine,#,confirmed,evt:tree+evt:list-en,CH32V20x_List_EN.txt
CH32V20x,BLE,peripheral_ETH,Bluetooth ETH routines,#,confirmed,evt:tree+evt:list-en,CH32V20x_List_EN.txt
CH32V20x,BLE,peripheral_ancs_client,"peripheral slave role routine, including Apple Notification Center service",#,confirmed,evt:tree+evt:list-en,CH32V20x_List_EN.txt
CH32V20x,BLE ——仅适用于CH32V20x_D8W,BLE_UART,,#,reference,evt:list-zh,CH32V20x_List_EN.txt
CH32V20x,BLE ——仅适用于CH32V20x_D8W,BLE_USB,,#,reference,evt:list-zh,CH32V20x_List_EN.txt
CH32V20x,BLE ——仅适用于CH32V20x_D8W,BLE认证证书,,#,reference,evt:list-zh,CH32V20x_List_EN.txt
CH32V20x,BLE ——仅适用于CH32V20x_D8W,BackupUpgrade_IAP,,#,reference,evt:list-zh,CH32V20x_List_EN.txt
CH32V20x,BLE ——仅适用于CH32V20x_D8W,BackupUpgrade_OTA,,#,reference,evt:list-zh,CH32V20x_List_EN.txt
CH32V20x,BLE ——仅适用于CH32V20x_D8W,Broadcaster,,#,reference,evt:list-zh,CH32V20x_List_EN.txt
CH32V20x,BLE ——仅适用于CH32V20x_D8W,CentPeri,,#,reference,evt:list-zh,CH32V20x_List_EN.txt
CH32V20x,BLE ——仅适用于CH32V20x_D8W,Central,,#,reference,evt:list-zh,CH32V20x_List_EN.txt
CH32V20x,BLE ——仅适用于CH32V20x_D8W,CyclingSensor,,#,reference,evt:list-zh,CH32V20x_List_EN.txt
CH32V20x,BLE ——仅适用于CH32V20x_D8W,DirectTest,,#,reference,evt:list-zh,CH32V20x_List_EN.txt
CH32V20x,BLE ——仅适用于CH32V20x_D8W,HAL,,#,reference,evt:list-zh,CH32V20x_List_EN.txt
CH32V20x,BLE ——仅适用于CH32V20x_D8W,HID_Consumer,,#,reference,evt:list-zh,CH32V20x_List_EN.txt
CH32V20x,BLE ——仅适用于CH32V20x_D8W,HID_Keyboard,,#,reference,evt:list-zh,CH32V20x_List_EN.txt
CH32V20x,BLE ——仅适用于CH32V20x_D8W,HID_Mouse,,#,reference,evt:list-zh,CH32V20x_List_EN.txt
CH32V20x,BLE ——仅适用于CH32V20x_D8W,HID_Touch,,#,reference,evt:list-zh,CH32V20x_List_EN.txt
CH32V20x,BLE ——仅适用于CH32V20x_D8W,HeartRate,,#,reference,evt:list-zh,CH32V20x_List_EN.txt
CH32V20x,BLE ——仅适用于CH32V20x_D8W,LIB,,#,reference,evt:list-zh,CH32V20x_List_EN.txt
CH32V20x,BLE ——仅适用于CH32V20x_D8W,LWNS,,#,reference,evt:list-zh,CH32V20x_List_EN.txt
CH32V20x,BLE ——仅适用于CH32V20x_D8W,MESH,,#,reference,evt:list-zh,CH32V20x_List_EN.txt
CH32V20x,BLE ——仅适用于CH32V20x_D8W,MESH/MESH_LIB,,#,reference,evt:list-zh,CH32V20x_List_EN.txt
CH32V20x,BLE ——仅适用于CH32V20x_D8W,MESH/adv_ali_light,,#,reference,evt:list-zh,CH32V20x_List_EN.txt
CH32V20x,BLE ——仅适用于CH32V20x_D8W,MESH/adv_ali_light_add_lightness,,#,reference,evt:list-zh,CH32V20x_List_EN.txt
CH32V20x,BLE ——仅适用于CH32V20x_D8W,MESH/adv_ali_light_add_windspeed,,#,reference,evt:list-zh,CH32V20x_List_EN.txt
CH32V20x,BLE ——仅适用于CH32V20x_D8W,MESH/adv_ali_light_multi_element,,#,reference,evt:list-zh,CH32V20x_List_EN.txt
CH32V20x,BLE ——仅适用于CH32V20x_D8W,MESH/adv_ali_light_with_peripheral,,#,reference,evt:list-zh,CH32V20x_List_EN.txt
CH32V20x,BLE ——仅适用于CH32V20x_D8W,MESH/adv_proxy,,#,reference,evt:list-zh,CH32V20x_List_EN.txt
CH32V20x,BLE ——仅适用于CH32V20x_D8W,MESH/adv_vendor,,#,reference,evt:list-zh,CH32V20x_List_EN.txt
CH32V20x,BLE ——仅适用于CH32V20x_D8W,MESH/adv_vendor_friend,,#,reference,evt:list-zh,CH32V20x_List_EN.txt
CH32V20x,BLE ——仅适用于CH32V20x_D8W,MESH/adv_vendor_low_power,,#,reference,evt:list-zh,CH32V20x_List_EN.txt
CH32V20x,BLE ——仅适用于CH32V20x_D8W,MESH/adv_vendor_self_provision,,#,reference,evt:list-zh,CH32V20x_List_EN.txt
CH32V20x,BLE ——仅适用于CH32V20x_D8W,MESH/adv_vendor_self_provision_IAP,,#,reference,evt:list-zh,CH32V20x_List_EN.txt
CH32V20x,BLE ——仅适用于CH32V20x_D8W,MESH/adv_vendor_self_provision_with_peripheral,,#,reference,evt:list-zh,CH32V20x_List_EN.txt
CH32V20x,BLE ——仅适用于CH32V20x_D8W,MESH/provisioner_vendor,,#,reference,evt:list-zh,CH32V20x_List_EN.txt
CH32V20x,BLE ——仅适用于CH32V20x_D8W,MESH/provisioner_vendor_with_peripheral,,#,reference,evt:list-zh,CH32V20x_List_EN.txt
CH32V20x,BLE ——仅适用于CH32V20x_D8W,MultiCentPeri,,#,reference,evt:list-zh,CH32V20x_List_EN.txt
CH32V20x,BLE ——仅适用于CH32V20x_D8W,MultiCentral,,#,reference,evt:list-zh,CH32V20x_List_EN.txt
CH32V20x,BLE ——仅适用于CH32V20x_D8W,Observer,,#,reference,evt:list-zh,CH32V20x_List_EN.txt
CH32V20x,BLE ——仅适用于CH32V20x_D8W,OnlyUpdateApp_IAP,,#,reference,evt:list-zh,CH32V20x_List_EN.txt
CH32V20x,BLE ——仅适用于CH32V20x_D8W,OnlyUpdateApp_Peripheral,,#,reference,evt:list-zh,CH32V20x_List_EN.txt
CH32V20x,BLE ——仅适用于CH32V20x_D8W,PAwR_ADV,,#,reference,evt:list-zh,CH32V20x_List_EN.txt
CH32V20x,BLE ——仅适用于CH32V20x_D8W,PAwR_RSP,,#,reference,evt:list-zh,CH32V20x_List_EN.txt
CH32V20x,BLE ——仅适用于CH32V20x_D8W,Peripheral,,#,reference,evt:list-zh,CH32V20x_List_EN.txt
CH32V20x,BLE ——仅适用于CH32V20x_D8W,RF_PHY,,#,reference,evt:list-zh,CH32V20x_List_EN.txt
CH32V20x,BLE ——仅适用于CH32V20x_D8W,RF_PHY_Auto,,#,reference,evt:list-zh,CH32V20x_List_EN.txt
CH32V20x,BLE ——仅适用于CH32V20x_D8W,RF_PHY_Hop,,#,reference,evt:list-zh,CH32V20x_List_EN.txt
CH32V20x,BLE ——仅适用于CH32V20x_D8W,RunningSensor,,#,reference,evt:list-zh,CH32V20x_List_EN.txt
CH32V20x,BLE ——仅适用于CH32V20x_D8W,SYNC_ADV,,#,reference,evt:list-zh,CH32V20x_List_EN.txt
CH32V20x,BLE ——仅适用于CH32V20x_D8W,SYNC_SCAN,,#,reference,evt:list-zh,CH32V20x_List_EN.txt
CH32V20x,BLE ——仅适用于CH32V20x_D8W,SpeedTest_Central,,#,reference,evt:list-zh,CH32V20x_List_EN.txt
CH32V20x,BLE ——仅适用于CH32V20x_D8W,SpeedTest_Peripheral,,#,reference,evt:list-zh,CH32V20x_List_EN.txt
CH32V20x,BLE ——仅适用于CH32V20x_D8W,peripheral_ETH,,#,reference,evt:list-zh,CH32V20x_List_EN.txt
CH32V20x,BLE ——仅适用于CH32V20x_D8W,peripheral_ancs_client,,#,reference,evt:list-zh,CH32V20x_List_EN.txt
CH32V20x,CAN,Networking,"CAN routine: normal mode, standard frame and expanded frame data transceiver",#,confirmed,evt:tree+evt:list-en,CH32V20x_List_EN.txt
CH32V20x,CAN,TestMode,"test mode, including silent mode, loopback mode and loopback silent mode",#,confirmed,evt:tree+evt:list-en,CH32V20x_List_EN.txt
CH32V20x,CAN,Time-triggered,time triggered communication mode,#,confirmed,evt:tree+evt:list-en,CH32V20x_List_EN.txt
CH32V20x,CAN  ——仅适用于CH32V20x_D6-CH32V20x_D8W,Networking,,#,reference,evt:list-zh,CH32V20x_List_EN.txt
CH32V20x,CAN  ——仅适用于CH32V20x_D6-CH32V20x_D8W,TestMode,,#,reference,evt:list-zh,CH32V20x_List_EN.txt
CH32V20x,CAN  ——仅适用于CH32V20x_D6-CH32V20x_D8W,Time-triggered,,#,reference,evt:list-zh,CH32V20x_List_EN.txt
CH32V20x,CRC,CRC_Calculation,CRC routines,#,confirmed,evt:tree+evt:list-en+evt:list-zh,CH32V20x_List_EN.txt
CH32V20x,DMA,DMA_MEM2MEM,Memory to memory mode routine,#,confirmed,evt:tree+evt:list-en+evt:list-zh,CH32V20x_List_EN.txt
CH32V20x,DMA,DMA_MEM2PERIP,"Memory to peripheral mode, and peripheral to memory mode routine, see peripheral sub-routines",#,confirmed,evt:tree+evt:list-en+evt:list-zh,CH32V20x_List_EN.txt
CH32V20x,ETH,1_Tool_Doc,routine-related documents and configuration software,#,confirmed,evt:tree+evt:list-en,CH32V20x_List_EN.txt
CH32V20x,ETH,DHCP,"DHCP demonstration routine to obtain IP automatically, and establish TCP connection for data return",#,confirmed,evt:tree+evt:list-en,CH32V20x_List_EN.txt
CH32V20x,ETH,DNS,DHCP demonstration routine to obtain IP automatically and then request domain name resolution,#,confirmed,evt:tree+evt:list-en,CH32V20x_List_EN.txt
CH32V20x,ETH,ETH_CFG,"ETH_CFG routine. Create a UDP Server to communicate with upper computer, to configure WCHNET functions, including configuring various parameters and creating a new communication.",#,confirmed,evt:tree+evt:list-en,CH32V20x_List_EN.txt
CH32V20x,ETH,ETH_IAP,ETH IAP routine,#,confirmed,evt:tree+evt:list-en,CH32V20x_List_EN.txt
CH32V20x,ETH,ETH_UART,"ETH_UART routine, to demonstrate data transparent transfer between Ethernet and UART. By default, the 1000000 baud rate (can be modified in bsp_uart.h) is selected for serial port data transmission",#,confirmed,evt:tree+evt:list-en,CH32V20x_List_EN.txt
CH32V20x,ETH,IPRaw_PING,PING function demonstration routine,#,confirmed,evt:tree+evt:list-en,CH32V20x_List_EN.txt
CH32V20x,ETH,MQTT,"MQTT routine, to demonstrate MQTT protocol communication based on TCP/IP",#,confirmed,evt:tree+evt:list-en,CH32V20x_List_EN.txt
CH32V20x,ETH,Mail,to demonstrate reception and transmission of SMTP and POP3 mails,#,confirmed,evt:tree+evt:list-en,CH32V20x_List_EN.txt
CH32V20x,ETH,NetLib,Network protocol stack library file,#,confirmed,evt:tree+evt:list-en,CH32V20x_List_EN.txt
CH32V20x,ETH,TcpClient,demonstration routine that TCP client receives data after connected to the server and then returns data,#,confirmed,evt:tree+evt:list-en,CH32V20x_List_EN.txt
CH32V20x,ETH,TcpServer,demonstration routine that TCP server receives data after connected to the client and then returns data,#,confirmed,evt:tree+evt:list-en,CH32V20x_List_EN.txt
CH32V20x,ETH,UdpClient,demonstration routine that Udp Client receives data and returns data,#,confirmed,evt:tree+evt:list-en,CH32V20x_List_EN.txt
CH32V20x,ETH,UdpServer,demonstration routine that Udp Server receives data and returns data,#,confirmed,evt:tree+evt:list-en,CH32V20x_List_EN.txt
CH32V20x,ETH,WebServer,"Web Server routine, to demonstrate the configuration of WCHNET device functions through Web browser. As the WCHNET devices have built-in web server, the network parameter configuration and password management of WCHNET can be implemented on the web page.",#,confirmed,evt:tree+evt:list-en,CH32V20x_List_EN.txt
CH32V20x,ETH ——仅适用于CH32V20x_D8-CH32V20x_D8W,1_Tool_Doc,,#,reference,evt:list-zh,CH32V20x_List_EN.txt
CH32V20x,ETH ——仅适用于CH32V20x_D8-CH32V20x_D8W,DHCP,,#,reference,evt:list-zh,CH32V20x_List_EN.txt
CH32V20x,ETH ——仅适用于CH32V20x_D8-CH32V20x_D8W,DNS,,#,reference,evt:list-zh,CH32V20x_List_EN.txt
CH32V20x,ETH ——仅适用于CH32V20x_D8-CH32V20x_D8W,ETH_CFG,,#,reference,evt:list-zh,CH32V20x_List_EN.txt
CH32V20x,ETH ——仅适用于CH32V20x_D8-CH32V20x_D8W,ETH_IAP,,#,reference,evt:list-zh,CH32V20x_List_EN.txt
CH32V20x,ETH ——仅适用于CH32V20x_D8-CH32V20x_D8W,ETH_UART,,#,reference,evt:list-zh,CH32V20x_List_EN.txt
CH32V20x,ETH ——仅适用于CH32V20x_D8-CH32V20x_D8W,IPRaw_PING,,#,reference,evt:list-zh,CH32V20x_List_EN.txt
CH32V20x,ETH ——仅适用于CH32V20x_D8-CH32V20x_D8W,MQTT,,#,reference,evt:list-zh,CH32V20x_List_EN.txt
CH32V20x,ETH ——仅适用于CH32V20x_D8-CH32V20x_D8W,Mail,,#,reference,evt:list-zh,CH32V20x_List_EN.txt
CH32V20x,ETH ——仅适用于CH32V20x_D8-CH32V20x_D8W,NetLib,,#,reference,evt:list-zh,CH32V20x_List_EN.txt
CH32V20x,ETH ——仅适用于CH32V20x_D8-CH32V20x_D8W,TcpClient,,#,reference,evt:list-zh,CH32V20x_List_EN.txt
CH32V20x,ETH ——仅适用于CH32V20x_D8-CH32V20x_D8W,TcpServer,,#,reference,evt:list-zh,CH32V20x_List_EN.txt
CH32V20x,ETH ——仅适用于CH32V20x_D8-CH32V20x_D8W,UdpClient,,#,reference,evt:list-zh,CH32V20x_List_EN.txt
CH32V20x,ETH ——仅适用于CH32V20x_D8-CH32V20x_D8W,UdpServer,,#,reference,evt:list-zh,CH32V20x_List_EN.txt
CH32V20x,ETH ——仅适用于CH32V20x_D8-CH32V20x_D8W,WebServer,,#,reference,evt:list-zh,CH32V20x_List_EN.txt
CH32V20x,EXTI,EXTI0,External Interrupt Routine,#,confirmed,evt:tree+evt:list-en+evt:list-zh,CH32V20x_List_EN.txt
CH32V20x,FLASH,FLASH_Program,"FLASH erase/read/write, and fast programming",#,confirmed,evt:tree+evt:list-en+evt:list-zh,CH32V20x_List_EN.txt
CH32V20x,FreeRTOS,FreeRTOS_Core,FreeRTOS migration routines,#,confirmed,evt:tree+evt:list-en+evt:list-zh,CH32V20x_List_EN.txt
CH32V20x,GPIO,GPIO_Toggle,GPIO routines,#,confirmed,evt:tree+evt:list-en+evt:list-zh,CH32V20x_List_EN.txt
CH32V20x,HarmonyOS,LiteOS_m,HarmonyOS migration routine,#,confirmed,evt:tree+evt:list-en+evt:list-zh,CH32V20x_List_EN.txt
CH32V20x,I2C,I2C_10bit_Mode,"10-bit addressing mode, master/slave mode transceiver routine",#,confirmed,evt:tree+evt:list-en+evt:list-zh,CH32V20x_List_EN.txt
CH32V20x,I2C,I2C_7bit_Interrupt_Mode,Use interrupt to receive and send routine,#,confirmed,evt:tree+evt:list-en+evt:list-zh,CH32V20x_List_EN.txt
CH32V20x,I2C,I2C_7bit_Mode,"7-bit addressing mode, master/slave mode, transceiver routine",#,confirmed,evt:tree+evt:list-en+evt:list-zh,CH32V20x_List_EN.txt
CH32V20x,I2C,I2C_DMA,"I2C DMA, master/slave mode transceiver routine",#,confirmed,evt:tree+evt:list-en+evt:list-zh,CH32V20x_List_EN.txt
CH32V20x,I2C,I2C_EEPROM,I2C interface routine to operate EEPROM peripheral,#,confirmed,evt:tree+evt:list-en+evt:list-zh,CH32V20x_List_EN.txt
CH32V20x,I2C,I2C_PEC,"PEC error check, master/slave mode transceiver routine",#,confirmed,evt:tree+evt:list-en+evt:list-zh,CH32V20x_List_EN.txt
CH32V20x,IAP,USB_UART,USB+UART IAP routine,#,confirmed,evt:tree+evt:list-en+evt:list-zh,CH32V20x_List_EN.txt
CH32V20x,INT,Interrupt_VTF,VTF IRQ interrupt routine,#,confirmed,evt:tree+evt:list-en+evt:list-zh,CH32V20x_List_EN.txt
CH32V20x,IWDG,IWDG,Independent Watchdog routine,#,confirmed,evt:tree+evt:list-en+evt:list-zh,CH32V20x_List_EN.txt
CH32V20x,OPA,OPA_Voltage_Follower,OPA4 as voltage follower output routine,#,confirmed,evt:tree+evt:list-en+evt:list-zh,CH32V20x_List_EN.txt
CH32V20x,PMP,PMP,Physical memory protection Routine,#,confirmed,evt:tree+evt:list-en+evt:list-zh,CH32V20x_List_EN.txt
CH32V20x,PWR,PVD_VoltageJudger,PVD voltage Judger Routine,#,confirmed,evt:tree+evt:list-en+evt:list-zh,CH32V20x_List_EN.txt
CH32V20x,PWR,PVD_Wakeup,STOP mode PVD wakeup MCU Routine,#,confirmed,evt:tree+evt:list-en+evt:list-zh,CH32V20x_List_EN.txt
CH32V20x,PWR,Sleep_Mode,"low power, sleep mode routine",#,confirmed,evt:tree+evt:list-en+evt:list-zh,CH32V20x_List_EN.txt
CH32V20x,PWR,Standby_Mode,"low power, standby mode routine",#,confirmed,evt:tree+evt:list-en+evt:list-zh,CH32V20x_List_EN.txt
CH32V20x,PWR,Standby_RAM_Application,RAM data holding in standby mode Routine,#,confirmed,evt:tree+evt:list-en+evt:list-zh,CH32V20x_List_EN.txt
CH32V20x,PWR,Standby_RAM_LV_Mode,"when LV is enabled in standby mode, RAM 2k and 30K low-power data holding routines",#,confirmed,evt:tree+evt:list-en+evt:list-zh,CH32V20x_List_EN.txt
CH32V20x,PWR,Standby_RAM_Mode,"when LV is not enabled in standby mode, RAM 2k and 30K low-power data holding routines",#,confirmed,evt:tree+evt:list-en+evt:list-zh,CH32V20x_List_EN.txt
CH32V20x,PWR,Stop_Mode,"low power, stop mode routine",#,confirmed,evt:tree+evt:list-en+evt:list-zh,CH32V20x_List_EN.txt
CH32V20x,PWR,Stop_Mode_RTC_Wakeup,RTC wakeup Stop mode routines,#,confirmed,evt:list-en+evt:list-zh,CH32V20x_List_EN.txt
CH32V20x,RCC,Get_CLK,Get system-HCLK-AHB1-AHB2 clock routine,#,confirmed,evt:tree+evt:list-en+evt:list-zh,CH32V20x_List_EN.txt
CH32V20x,RCC,HSE_CLK,HSE frequency check routine,#,confirmed,evt:tree+evt:list-en+evt:list-zh,CH32V20x_List_EN.txt
CH32V20x,RCC,HSI_Calibration,HSI calibrate routine,#,confirmed,evt:tree+evt:list-en+evt:list-zh,CH32V20x_List_EN.txt
CH32V20x,RCC,HSI_PLL_Source,HSI or HSI/2 as PLL input clock routine,#,confirmed,evt:tree+evt:list-en+evt:list-zh,CH32V20x_List_EN.txt
CH32V20x,RCC,MCO,MCO pin clock output routine,#,confirmed,evt:tree+evt:list-en+evt:list-zh,CH32V20x_List_EN.txt
CH32V20x,RT-Thread,RT_Thread_Core,RT-Thread migration routine,#,confirmed,evt:list-en+evt:list-zh,CH32V20x_List_EN.txt
CH32V20x,RTC,RTC_Calendar,Calendar Routines,#,confirmed,evt:tree+evt:list-en+evt:list-zh,CH32V20x_List_EN.txt
CH32V20x,RTC,RTC_Calibration,RTC calibrate Routines,#,confirmed,evt:list-en+evt:list-zh,CH32V20x_List_EN.txt
CH32V20x,SDI_Printf,SDI_Printf,"debug interface SDI, virtual serial port.",#,confirmed,evt:tree+evt:list-en+evt:list-zh,CH32V20x_List_EN.txt
CH32V20x,SPI,1Lines_half-duplex,"single wire half duplex mode, master/slave mode, data transceiver",#,confirmed,evt:tree+evt:list-en+evt:list-zh,CH32V20x_List_EN.txt
CH32V20x,SPI,2Lines_FullDuplex,"two-wire full duplex mode, master/slave mode, data transceiver",#,confirmed,evt:tree+evt:list-en+evt:list-zh,CH32V20x_List_EN.txt
CH32V20x,SPI,FullDuplex_HardNSS,"Hardware NSS mode, master/slave mode, data transceiver",#,confirmed,evt:tree+evt:list-en+evt:list-zh,CH32V20x_List_EN.txt
CH32V20x,SPI,SPI_CRC,CRC error check and master/slave mode transceiver routine,#,confirmed,evt:tree+evt:list-en+evt:list-zh,CH32V20x_List_EN.txt
CH32V20x,SPI,SPI_DMA,"SPI DMA, master/slave mode transceiver routine",#,confirmed,evt:tree+evt:list-en+evt:list-zh,CH32V20x_List_EN.txt
CH32V20x,SPI,SPI_FLASH,SPI interface operation flash peripheral routine,#,confirmed,evt:tree+evt:list-en+evt:list-zh,CH32V20x_List_EN.txt
CH32V20x,SPI,SPI_LCD,SPI interface operation FLASH  and LCD peripheral routines,#,confirmed,evt:tree+evt:list-en+evt:list-zh,CH32V20x_List_EN.txt
CH32V20x,SYSTICK,SYSTICK_Interrupt,Systick timer routine,#,confirmed,evt:tree+evt:list-en+evt:list-zh,CH32V20x_List_EN.txt
CH32V20x,TIM,Clock_Select,clock source selection routine,#,confirmed,evt:tree+evt:list-en+evt:list-zh,CH32V20x_List_EN.txt
CH32V20x,TIM,ComplementaryOutput_DeadTime,complementary output and deadband insertion mode routines,#,confirmed,evt:tree+evt:list-en+evt:list-zh,CH32V20x_List_EN.txt
CH32V20x,TIM,Encode,Timer encoder mode routines,#,reference,evt:list-en,CH32V20x_List_EN.txt
CH32V20x,TIM,Encoder,,#,confirmed,evt:tree+evt:list-zh,CH32V20x_List_EN.txt
CH32V20x,TIM,ExtTrigger_Start_Two_Timer,external trigger routines to start two timers synchronously,#,confirmed,evt:tree+evt:list-en+evt:list-zh,CH32V20x_List_EN.txt
CH32V20x,TIM,Input_Capture,input capture routine,#,confirmed,evt:tree+evt:list-en+evt:list-zh,CH32V20x_List_EN.txt
CH32V20x,TIM,One_Pulse,single pulse output routine,#,confirmed,evt:tree+evt:list-en+evt:list-zh,CH32V20x_List_EN.txt
CH32V20x,TIM,Output_Compare_Mode,output comparison mode routine,#,confirmed,evt:tree+evt:list-en+evt:list-zh,CH32V20x_List_EN.txt
CH32V20x,TIM,PWM_6_Step,Timer 6_Step PWM routines,#,confirmed,evt:tree+evt:list-en+evt:list-zh,CH32V20x_List_EN.txt
CH32V20x,TIM,PWM_Output,PWM output routine,#,confirmed,evt:tree+evt:list-en+evt:list-zh,CH32V20x_List_EN.txt
CH32V20x,TIM,PWM_Phase-shifted,Timer PWM Phase shifted routines,#,confirmed,evt:tree+evt:list-en+evt:list-zh,CH32V20x_List_EN.txt
CH32V20x,TIM,Synchro_ExtTrigger,"slave mode routine, including reset mode, gating mode and trigger mode",#,confirmed,evt:tree+evt:list-en+evt:list-zh,CH32V20x_List_EN.txt
CH32V20x,TIM,Synchro_Timer,timer synchronization mode,#,confirmed,evt:tree+evt:list-en+evt:list-zh,CH32V20x_List_EN.txt
CH32V20x,TIM,TIM_Continuous,Timer continuous routines,#,confirmed,evt:tree+evt:list-en+evt:list-zh,CH32V20x_List_EN.txt
CH32V20x,TIM,TIM_DMA,timer DMA routines,#,confirmed,evt:tree+evt:list-en+evt:list-zh,CH32V20x_List_EN.txt
CH32V20x,TIM,TIM_INT,Timer interput mode routines,#,confirmed,evt:tree+evt:list-en+evt:list-zh,CH32V20x_List_EN.txt
CH32V20x,TOUCHKEY,TKey,TouchKey Detection Routine,#,confirmed,evt:tree+evt:list-en+evt:list-zh,CH32V20x_List_EN.txt
CH32V20x,TencentOS,TencentOS,TencentOS migration routine,#,confirmed,evt:tree+evt:list-en+evt:list-zh,CH32V20x_List_EN.txt
CH32V20x,USART,USART_DMA,"USART DMA, master/slave mode transceiver routine",#,confirmed,evt:tree+evt:list-en+evt:list-zh,CH32V20x_List_EN.txt
CH32V20x,USART,USART_HalfDuplex,"single wire half duplex mode, master/slave mode transceiver routine",#,confirmed,evt:tree+evt:list-en+evt:list-zh,CH32V20x_List_EN.txt
CH32V20x,USART,USART_HardwareFlowControl,"hardware flow control mode, master/slave mode, transceiver routine",#,confirmed,evt:tree+evt:list-en+evt:list-zh,CH32V20x_List_EN.txt
CH32V20x,USART,USART_Idle_Recv,USART use DMA receiving indeterminate length data routines,#,confirmed,evt:tree+evt:list-en+evt:list-zh,CH32V20x_List_EN.txt
CH32V20x,USART,USART_Interrupt,"USART interrupt routine, master/slave mode transceiver routine",#,confirmed,evt:tree+evt:list-en+evt:list-zh,CH32V20x_List_EN.txt
CH32V20x,USART,USART_MultiProcessorCommunication,multiprocessor communication mode routine,#,confirmed,evt:tree+evt:list-en+evt:list-zh,CH32V20x_List_EN.txt
CH32V20x,USART,USART_Polling,"polling transceiver mode, master/slave transceiver routine",#,confirmed,evt:tree+evt:list-en+evt:list-zh,CH32V20x_List_EN.txt
CH32V20x,USART,USART_Printf,Serial port printing debugging routines,#,confirmed,evt:tree+evt:list-en+evt:list-zh,CH32V20x_List_EN.txt
CH32V20x,USART,USART_SmartCard,USART_SmartCard routines,#,confirmed,evt:tree+evt:list-en+evt:list-zh,CH32V20x_List_EN.txt
CH32V20x,USART,USART_SynchronousMode,"synchronous mode, master/slave mode, transceiver routine",#,confirmed,evt:tree+evt:list-en+evt:list-zh,CH32V20x_List_EN.txt
CH32V20x,USB,USBD,,#,confirmed,evt:tree+evt:list-en+evt:list-zh,CH32V20x_List_EN.txt
CH32V20x,USB,USBD/CH372,"Simulates a custom USB device (CH372 device) with endpoints 1, 3 down and 2, 4 up. Data down from endpoint 1 is uploaded from endpoint 3 and not reversed, and data down from endpoint 2 is uploaded from endpoint 4 and reversed.",#,confirmed,evt:tree+evt:list-en+evt:list-zh,CH32V20x_List_EN.txt
CH32V20x,USB,USBD/Compatibility_HID,"Simulates HID devices, with data transmitted up and down through the serial port.",#,confirmed,evt:list-en+evt:list-zh,CH32V20x_List_EN.txt
CH32V20x,USB,USBD/CompositeKM,"Simulate keyboard and mouse, use IO to simulate keystrokes, while simulated data can be uploaded through serial port 2.",#,confirmed,evt:tree+evt:list-en+evt:list-zh,CH32V20x_List_EN.txt
CH32V20x,USB,USBD/MSC_CD-ROM,"Simulate CDROM, need external SPI-Flash",#,confirmed,evt:tree+evt:list-en+evt:list-zh,CH32V20x_List_EN.txt
CH32V20x,USB,USBD/MSC_U-Disk,"Smulates a simple USB flash drive, optionally using on-chip Flash or external SPI-Flash",#,confirmed,evt:tree+evt:list-en+evt:list-zh,CH32V20x_List_EN.txt
CH32V20x,USB,USBD/SimulateCDC,Simulate a CDC serial port and use serial port 2 to send and receive.,#,confirmed,evt:tree+evt:list-en+evt:list-zh,CH32V20x_List_EN.txt
CH32V20x,USB,USBD/SimulateCDC-HID,"Simulate a CDC serial port, use serial port 2 to send and receive, HID interrupt endpoints to send and receive data to reverse and upload.",#,confirmed,evt:tree+evt:list-en+evt:list-zh,CH32V20x_List_EN.txt
CH32V20x,USB,USBFS,,#,confirmed,evt:tree+evt:list-en+evt:list-zh,CH32V20x_List_EN.txt
CH32V20x,USB,USBFS/DEVICE,,#,confirmed,evt:tree+evt:list-en+evt:list-zh,CH32V20x_List_EN.txt
CH32V20x,USB,USBFS/DEVICE/CH372,"Simulates a custom USB device (CH372 device) with endpoints 1, 3 down and 2, 4 up. Data down from endpoint 1 is uploaded from endpoint 3 and not reversed, and data down from endpoint 2 is uploaded from endpoint 4 and reversed.",#,confirmed,evt:list-en+evt:list-zh,CH32V20x_List_EN.txt
CH32V20x,USB,USBFS/DEVICE/Compatibility_HID,"Simulates HID devices, with data transmitted up and down through the serial port.",#,confirmed,evt:list-en+evt:list-zh,CH32V20x_List_EN.txt
CH32V20x,USB,USBFS/DEVICE/CompositeKM,"Simulate keyboard and mouse, use IO to simulate keystrokes, while simulated data can be uploaded through serial port 2.",#,confirmed,evt:tree+evt:list-en+evt:list-zh,CH32V20x_List_EN.txt
CH32V20x,USB,USBFS/DEVICE/MSC_CD-ROM,"Simulate CDROM, need external SPI-Flash",#,confirmed,evt:tree+evt:list-en+evt:list-zh,CH32V20x_List_EN.txt
CH32V20x,USB,USBFS/DEVICE/MSC_U-Disk,"Smulates a simple USB flash drive, optionally using on-chip Flash or external SPI-Flash",#,confirmed,evt:tree+evt:list-en+evt:list-zh,CH32V20x_List_EN.txt
CH32V20x,USB,USBFS/DEVICE/SimulateCDC,Simulate a CDC serial port and use serial port 2 to send and receive.,#,confirmed,evt:tree+evt:list-en+evt:list-zh,CH32V20x_List_EN.txt
CH32V20x,USB,USBFS/DEVICE/SimulateCDC-HID,"Simulate a CDC serial port, use serial port 2 to send and receive, HID interrupt endpoints to send and receive data to reverse and upload.",#,confirmed,evt:tree+evt:list-en+evt:list-zh,CH32V20x_List_EN.txt
CH32V20x,USB,USBFS/HOST_IAP,,#,confirmed,evt:tree+evt:list-en+evt:list-zh,CH32V20x_List_EN.txt
CH32V20x,USB,USBFS/HOST_IAP/APP,"APP used with HOST_IAP, the project has modified the starting location of the program, after compilation, you need to convert the file into a bin file and rename it to APP.bin",#,confirmed,evt:tree+evt:list-en+evt:list-zh,CH32V20x_List_EN.txt
CH32V20x,USB,USBFS/HOST_IAP/HOST_IAP,"The host U disk IAP routine based on the U disk read file routine finishing, read the file with the name bit APP.bin from the U disk, write it to the internal flash, check it and jump automatically.",#,confirmed,evt:tree+evt:list-en+evt:list-zh,CH32V20x_List_EN.txt
CH32V20x,USB,USBFS/HOST_KM,"The host operates the keypad, gets the data of the endpoints uploaded by the keypad and prints it, supports U-port under level 1 hub",#,confirmed,evt:tree+evt:list-en+evt:list-zh,CH32V20x_List_EN.txt
CH32V20x,USB,USBFS/HOST_MTP_FileSystem,"Enumeration process of a USB host to a device that supports MTP and PTP protocols, supports MTP and PTP protocols, and reads its files",#,confirmed,evt:tree+evt:list-en+evt:list-zh,CH32V20x_List_EN.txt
CH32V20x,USB,USBFS/Host_Udisk,USB host operation USB disk routine,#,confirmed,evt:tree+evt:list-en+evt:list-zh,CH32V20x_List_EN.txt
CH32V20x,USB,USBFS/Udisk_Lib,U disk file system library file,#,confirmed,evt:tree+evt:list-en+evt:list-zh,CH32V20x_List_EN.txt
CH32V20x,WWDG,WWDG,Window Watchdog Routine,#,confirmed,evt:tree+evt:list-en+evt:list-zh,CH32V20x_List_EN.txt
CH32V307,ADC,ADC_DMA,ADC DMA sampling routines,#,confirmed,evt:tree+evt:list-en+evt:list-zh,CH32V30x_List_EN.txt
CH32V307,ADC,AnalogWatchdog,analog watchdog routine,#,confirmed,evt:tree+evt:list-en+evt:list-zh,CH32V30x_List_EN.txt
CH32V307,ADC,Auto_Injection,automatic injection mode routine,#,confirmed,evt:tree+evt:list-en+evt:list-zh,CH32V30x_List_EN.txt
CH32V307,ADC,Discontinuous_mode,discontinuous mode routine,#,confirmed,evt:tree+evt:list-en+evt:list-zh,CH32V30x_List_EN.txt
CH32V307,ADC,DualADC_AlternateTrigger,dual ADC alternate trigger sampling routine,#,confirmed,evt:tree+evt:list-en+evt:list-zh,CH32V30x_List_EN.txt
CH32V307,ADC,DualADC_Combined_RegInjectionSimul,dual ADC combined regular + injection + simultaneous sampling routine,#,confirmed,evt:tree+evt:list-en+evt:list-zh,CH32V30x_List_EN.txt
CH32V307,ADC,DualADC_FastInterleaved,dual ADC fast interleaved sampling routine,#,confirmed,evt:tree+evt:list-en+evt:list-zh,CH32V30x_List_EN.txt
CH32V307,ADC,DualADC_InjectionSimul,dual ADC injection simultaneous sampling routine,#,confirmed,evt:tree+evt:list-en+evt:list-zh,CH32V30x_List_EN.txt
CH32V307,ADC,DualADC_RegSimul,dual ADC regular simultaneous sampling routine,#,confirmed,evt:tree+evt:list-en+evt:list-zh,CH32V30x_List_EN.txt
CH32V307,ADC,DualADC_SlowInterleaved,dual ADC slow interleaved sampling routine,#,confirmed,evt:tree+evt:list-en+evt:list-zh,CH32V30x_List_EN.txt
CH32V307,ADC,ExtLines_Trigger,external lines trigger ADC conversion routine,#,confirmed,evt:tree+evt:list-en+evt:list-zh,CH32V30x_List_EN.txt
CH32V307,ADC,Internal_Temperature,internal temperature sensor routine,#,confirmed,evt:tree+evt:list-en+evt:list-zh,CH32V30x_List_EN.txt
CH32V307,ADC,TIM_Trigger,TIM trigger ADC conversion routine,#,confirmed,evt:tree+evt:list-en,CH32V30x_List_EN.txt
CH32V307,ADC,TIM_trigger,,#,confirmed,evt:tree+evt:list-zh,CH32V30x_List_EN.txt
CH32V307,ADC,Temperature_External_channel,Temperature-External channel Injection alternating inversion routine,#,confirmed,evt:tree+evt:list-en+evt:list-zh,CH32V30x_List_EN.txt
CH32V307,APPLICATION,WS2812_LED,,#,confirmed,evt:tree+evt:list-en+evt:list-zh,CH32V30x_List_EN.txt
CH32V307,APPLICATION,WS2812_LED/WS2812_LED,SPI\PWM Operates WS2812_LED routine,#,confirmed,evt:list-en+evt:list-zh,CH32V30x_List_EN.txt
CH32V307,BKP,BKP,BKP routine,#,confirmed,evt:tree+evt:list-en+evt:list-zh,CH32V30x_List_EN.txt
CH32V307,CAN,Networking,"CAN routine: normal mode, standard frame and expanded frame data transceiver",#,confirmed,evt:tree+evt:list-en+evt:list-zh,CH32V30x_List_EN.txt
CH32V307,CAN,TestMode,"test mode, including silent mode, loopback mode and loopback silent mode",#,confirmed,evt:tree+evt:list-en+evt:list-zh,CH32V30x_List_EN.txt
CH32V307,CAN,Time-triggered,time triggered communication mode,#,confirmed,evt:tree+evt:list-en+evt:list-zh,CH32V30x_List_EN.txt
CH32V307,CRC,CRC_Calculation,CRC routine,#,confirmed,evt:tree+evt:list-en+evt:list-zh,CH32V30x_List_EN.txt
CH32V307,DAC,DAC_DMA,DAC DMA conversion routines,#,confirmed,evt:tree+evt:list-en+evt:list-zh,CH32V30x_List_EN.txt
CH32V307,DAC,DAC_Exit_9_Trig,external trigger DAC conversion routine,#,confirmed,evt:tree+evt:list-en+evt:list-zh,CH32V30x_List_EN.txt
CH32V307,DAC,DAC_Noise_Generation,noise waveform generation routine,#,confirmed,evt:tree+evt:list-en+evt:list-zh,CH32V30x_List_EN.txt
CH32V307,DAC,DAC_Normal_OUT,normal output routine,#,confirmed,evt:tree+evt:list-en+evt:list-zh,CH32V30x_List_EN.txt
CH32V307,DAC,DAC_Timer_Trig,timer trigger DAC conversion routine,#,confirmed,evt:tree+evt:list-en+evt:list-zh,CH32V30x_List_EN.txt
CH32V307,DAC,DAC_Triangle_Generation,triangular waveform generation routine,#,confirmed,evt:tree+evt:list-en+evt:list-zh,CH32V30x_List_EN.txt
CH32V307,DAC,DualDAC_SineWave,dual DAC output sine wave routine,#,confirmed,evt:tree+evt:list-en+evt:list-zh,CH32V30x_List_EN.txt
CH32V307,DAC,DualDAC_Triangle,dual DAC output triangular wave routine,#,confirmed,evt:tree+evt:list-en+evt:list-zh,CH32V30x_List_EN.txt
CH32V307,DMA,DMA_MEM2MEM,memory to memory mode routine,#,confirmed,evt:tree+evt:list-en+evt:list-zh,CH32V30x_List_EN.txt
CH32V307,DMA,DMA_MEM2PERIP,see each peripheral subroutine for memory to peripheral mode and peripheral to memory mode routines,#,confirmed,evt:tree+evt:list-en+evt:list-zh,CH32V30x_List_EN.txt
CH32V307,DVP,DVP_TFTLCD,DVP routine to operate OV2640 camera video mode to display image on LCD,#,confirmed,evt:tree+evt:list-en,CH32V30x_List_EN.txt
CH32V307,DVP,DVP_UART,DVP routine to operate OV2640 camera JPEG mode,#,confirmed,evt:tree+evt:list-en,CH32V30x_List_EN.txt
CH32V307,DVP ——仅适用于CH32V30x_D8C,DVP_TFTLCD,,#,reference,evt:list-zh,CH32V30x_List_EN.txt
CH32V307,DVP ——仅适用于CH32V30x_D8C,DVP_UART,,#,reference,evt:list-zh,CH32V30x_List_EN.txt
CH32V307,ETH,1_Tool_Doc,ETH routine related documents and tools,#,confirmed,evt:tree+evt:list-en,CH32V30x_List_EN.txt
CH32V307,ETH,8_UART_Server,demonstration routine of 8 UART network server,#,confirmed,evt:tree+evt:list-en,CH32V30x_List_EN.txt
CH32V307,ETH,DHCP,DHCP demonstration routine to obtain IP automatically,#,confirmed,evt:tree+evt:list-en,CH32V30x_List_EN.txt
CH32V307,ETH,DNS,DHCP demonstration routine to obtain IP automatically and then request domain name resolution,#,confirmed,evt:tree+evt:list-en,CH32V30x_List_EN.txt
CH32V307,ETH,ETH_CFG,"ETH_CFG routine. Create a UDP Server to communicate with upper computer, to configure WCHNET functions, including configuring various parameters and creating a new communication.",#,confirmed,evt:tree+evt:list-en,CH32V30x_List_EN.txt
CH32V307,ETH,ETH_Filter_Multicast,demonstrate filtering and multicast sending functions,#,confirmed,evt:tree+evt:list-en,CH32V30x_List_EN.txt
CH32V307,ETH,ETH_IAP,ETH IAP routine,#,confirmed,evt:tree+evt:list-en,CH32V30x_List_EN.txt
CH32V307,ETH,ETH_UART,"ETH_UART routine, to demonstrate data transparent transfer between Ethernet and UART",#,confirmed,evt:tree+evt:list-en,CH32V30x_List_EN.txt
CH32V307,ETH,IPRaw_PING,"IP_RAW routine, to demonstrate that the TCP client receives data after connecting to the server and then sends it back",#,confirmed,evt:tree+evt:list-en,CH32V30x_List_EN.txt
CH32V307,ETH,IoCHub,,#,confirmed,evt:tree+evt:list-en,CH32V30x_List_EN.txt
CH32V307,ETH,IoCHub/IoCHub_Demo,"IoCHub basic routines, using AT commands to implement IoCHub's basic function demonstration on MCU",#,confirmed,evt:tree+evt:list-en,CH32V30x_List_EN.txt
CH32V307,ETH,IoCHub/Lib,IoCHub library file,#,confirmed,evt:tree+evt:list-en,CH32V30x_List_EN.txt
CH32V307,ETH,MQTT,"MQTT routine, to demonstrate MQTT protocol communication based on TCP/IP",#,confirmed,evt:tree+evt:list-en,CH32V30x_List_EN.txt
CH32V307,ETH,Mail,"mail routine, to demonstrate reception and transmission of SMTP and POP3 mails",#,confirmed,evt:tree+evt:list-en,CH32V30x_List_EN.txt
CH32V307,ETH,NetLib,Network protocol stack library file,#,confirmed,evt:tree+evt:list-en,CH32V30x_List_EN.txt
CH32V307,ETH,TcpClient,demonstration routine that TCP client receives data after connecting to the server and then returns data,#,confirmed,evt:tree+evt:list-en,CH32V30x_List_EN.txt
CH32V307,ETH,TcpServer,demonstration routine that TCP server receives data after connecting to the client and then returns data,#,confirmed,evt:tree+evt:list-en,CH32V30x_List_EN.txt
CH32V307,ETH,UdpClient,demonstration routine that Udp Client receives data and returns data,#,confirmed,evt:tree+evt:list-en,CH32V30x_List_EN.txt
CH32V307,ETH,UdpServer,demonstration routine that Udp Server receives data and returns data,#,confirmed,evt:tree+evt:list-en,CH32V30x_List_EN.txt
CH32V307,ETH,WebServer,"Web Server routine, to demonstrate the configuration of WCHNET device functions through Web browser. As the WCHNET devices have built-in web server, the network parameter configuration and password management of WCHNET can be implemented on the web page.",#,confirmed,evt:tree+evt:list-en,CH32V30x_List_EN.txt
CH32V307,ETH ——仅适用于CH32V30x_D8C,1_Tool_Doc,,#,reference,evt:list-zh,CH32V30x_List_EN.txt
CH32V307,ETH ——仅适用于CH32V30x_D8C,8_UART_Server,,#,reference,evt:list-zh,CH32V30x_List_EN.txt
CH32V307,ETH ——仅适用于CH32V30x_D8C,DHCP,,#,reference,evt:list-zh,CH32V30x_List_EN.txt
CH32V307,ETH ——仅适用于CH32V30x_D8C,DNS,,#,reference,evt:list-zh,CH32V30x_List_EN.txt
CH32V307,ETH ——仅适用于CH32V30x_D8C,ETH_CFG,,#,reference,evt:list-zh,CH32V30x_List_EN.txt
CH32V307,ETH ——仅适用于CH32V30x_D8C,ETH_Filter_Multicast,,#,reference,evt:list-zh,CH32V30x_List_EN.txt
CH32V307,ETH ——仅适用于CH32V30x_D8C,ETH_IAP,,#,reference,evt:list-zh,CH32V30x_List_EN.txt
CH32V307,ETH ——仅适用于CH32V30x_D8C,ETH_UART,,#,reference,evt:list-zh,CH32V30x_List_EN.txt
CH32V307,ETH ——仅适用于CH32V30x_D8C,IPRaw_PING,,#,reference,evt:list-zh,CH32V30x_List_EN.txt
CH32V307,ETH ——仅适用于CH32V30x_D8C,IoCHub,,#,reference,evt:list-zh,CH32V30x_List_EN.txt
CH32V307,ETH ——仅适用于CH32V30x_D8C,IoCHub/IoCHub_Demo,,#,reference,evt:list-zh,CH32V30x_List_EN.txt
CH32V307,ETH ——仅适用于CH32V30x_D8C,IoCHub/Lib,,#,reference,evt:list-zh,CH32V30x_List_EN.txt
CH32V307,ETH ——仅适用于CH32V30x_D8C,MQTT,,#,reference,evt:list-zh,CH32V30x_List_EN.txt
CH32V307,ETH ——仅适用于CH32V30x_D8C,Mail,,#,reference,evt:list-zh,CH32V30x_List_EN.txt
CH32V307,ETH ——仅适用于CH32V30x_D8C,NetLib,,#,reference,evt:list-zh,CH32V30x_List_EN.txt
CH32V307,ETH ——仅适用于CH32V30x_D8C,TcpClient,,#,reference,evt:list-zh,CH32V30x_List_EN.txt
CH32V307,ETH ——仅适用于CH32V30x_D8C,TcpServer,,#,reference,evt:list-zh,CH32V30x_List_EN.txt
CH32V307,ETH ——仅适用于CH32V30x_D8C,UdpClient,,#,reference,evt:list-zh,CH32V30x_List_EN.txt
CH32V307,ETH ——仅适用于CH32V30x_D8C,UdpServer,,#,reference,evt:list-zh,CH32V30x_List_EN.txt
CH32V307,ETH ——仅适用于CH32V30x_D8C,WebServer,,#,reference,evt:list-zh,CH32V30x_List_EN.txt
CH32V307,EXTI,EXTI0,External Interrupt Routine,#,confirmed,evt:tree+evt:list-en+evt:list-zh,CH32V30x_List_EN.txt
CH32V307,FLASH,FLASH_Program,"FLASH erase/read/write, and fast programming",#,confirmed,evt:tree+evt:list-en+evt:list-zh,CH32V30x_List_EN.txt
CH32V307,FPU,FPU,FPU hardware floating point operation routine,#,confirmed,evt:tree+evt:list-en+evt:list-zh,CH32V30x_List_EN.txt
CH32V307,FSMC,LCD,FSMC routine to operate TFTLCD,#,confirmed,evt:tree+evt:list-en+evt:list-zh,CH32V30x_List_EN.txt
CH32V307,FSMC,LCD_8bit,8 bit data bus LCD routine,#,confirmed,evt:tree+evt:list-en+evt:list-zh,CH32V30x_List_EN.txt
CH32V307,FSMC,NANDFLASH,FSMC routine to operate NANDFLASH,#,confirmed,evt:tree+evt:list-en+evt:list-zh,CH32V30x_List_EN.txt
CH32V307,FSMC,NORFLASH,FSMC routine to operate NORFLASH,#,confirmed,evt:tree+evt:list-en+evt:list-zh,CH32V30x_List_EN.txt
CH32V307,FSMC,SRAM,FSMC routine to operate NOR_ SRAM,#,confirmed,evt:tree+evt:list-en+evt:list-zh,CH32V30x_List_EN.txt
CH32V307,FreeRTOS,FreeRTOS_Core,FreeRTOS migration routines,#,confirmed,evt:tree+evt:list-en+evt:list-zh,CH32V30x_List_EN.txt
CH32V307,GPIO,GPIO_Toggle,GPIO routines,#,confirmed,evt:tree+evt:list-en+evt:list-zh,CH32V30x_List_EN.txt
CH32V307,HarmonyOS,LiteOS_m,HarmonyOS migration routine,#,confirmed,evt:tree+evt:list-en+evt:list-zh,CH32V30x_List_EN.txt
CH32V307,I2C,I2C_10bit_Mode,"10 bit address mode, master/slave mode transceiver routine",#,confirmed,evt:tree+evt:list-en+evt:list-zh,CH32V30x_List_EN.txt
CH32V307,I2C,I2C_7bit_Interrupt_Mode,Use interrupt to receive and send routine,#,confirmed,evt:tree+evt:list-en+evt:list-zh,CH32V30x_List_EN.txt
CH32V307,I2C,I2C_7bit_Mode,"7-bit address mode, master/slave mode, transceiver routine",#,confirmed,evt:tree+evt:list-en+evt:list-zh,CH32V30x_List_EN.txt
CH32V307,I2C,I2C_DMA,"I2C DMA, master/slave mode transceiver routine",#,confirmed,evt:tree+evt:list-en+evt:list-zh,CH32V30x_List_EN.txt
CH32V307,I2C,I2C_EEPROM,I2C interface routine to operate EEPROM peripheral,#,confirmed,evt:tree+evt:list-en+evt:list-zh,CH32V30x_List_EN.txt
CH32V307,I2C,I2C_PEC,"PEC error check, master/slave mode transceiver routine",#,confirmed,evt:tree+evt:list-en+evt:list-zh,CH32V30x_List_EN.txt
CH32V307,I2S,HostRx_SlaveTx,I2S master receiver slave transmitter routine,#,confirmed,evt:tree+evt:list-en+evt:list-zh,CH32V30x_List_EN.txt
CH32V307,I2S,I2S_DMA,I2S master transmitter slave receiver DMA routine,#,confirmed,evt:tree+evt:list-en+evt:list-zh,CH32V30x_List_EN.txt
CH32V307,I2S,I2S_Interupt,I2S master transmitter slave receiver interrupt routine,#,confirmed,evt:tree+evt:list-en+evt:list-zh,CH32V30x_List_EN.txt
CH32V307,IAP,USB+UART,USB+UART IAP routine,#,confirmed,evt:list-en+evt:list-zh,CH32V30x_List_EN.txt
CH32V307,INT,Interrupt_Nest,interrupt nested routine,#,confirmed,evt:tree+evt:list-en+evt:list-zh,CH32V30x_List_EN.txt
CH32V307,INT,Interrupt_VTF,VTF IRQ interrupt routine,#,confirmed,evt:tree+evt:list-en+evt:list-zh,CH32V30x_List_EN.txt
CH32V307,INT,VectorInRAM,Vector in RAM routine,#,confirmed,evt:tree+evt:list-en+evt:list-zh,CH32V30x_List_EN.txt
CH32V307,IWDG,IWDG,Independent Watchdog routine,#,confirmed,evt:tree+evt:list-en+evt:list-zh,CH32V30x_List_EN.txt
CH32V307,OPA,OPA_Voltage_Follower,OPA4 as voltage follower output routine,#,confirmed,evt:list-en+evt:list-zh,CH32V30x_List_EN.txt
CH32V307,PMP,PMP,Physical memory protection Routine,#,confirmed,evt:tree+evt:list-en+evt:list-zh,CH32V30x_List_EN.txt
CH32V307,PWR,CH32V317_LP_Mode,CH32V317 low power Routine,#,confirmed,evt:tree+evt:list-en+evt:list-zh,CH32V30x_List_EN.txt
CH32V307,PWR,PVD_VoltageJudger,PVD voltage Judger Routine,#,confirmed,evt:tree+evt:list-en+evt:list-zh,CH32V30x_List_EN.txt
CH32V307,PWR,PVD_Wakeup,STOP mode PVD wakeup MCU Routine,#,confirmed,evt:tree+evt:list-en+evt:list-zh,CH32V30x_List_EN.txt
CH32V307,PWR,Sleep_Mode,"low power, sleep mode routine",#,confirmed,evt:tree+evt:list-en+evt:list-zh,CH32V30x_List_EN.txt
CH32V307,PWR,Standby_Mode,"low power, standby mode routine",#,confirmed,evt:tree+evt:list-en+evt:list-zh,CH32V30x_List_EN.txt
CH32V307,PWR,Standby_RAM_Application,"When MCU in standby mode, RAM 2k and 30K low-power data holding application routine",#,confirmed,evt:tree+evt:list-en+evt:list-zh,CH32V30x_List_EN.txt
CH32V307,PWR,Standby_RAM_LV_Mode,"when LV is enabled in standby mode, RAM 2k and 30K low-power data holding routines",#,confirmed,evt:tree+evt:list-en+evt:list-zh,CH32V30x_List_EN.txt
CH32V307,PWR,Standby_RAM_Mode,"when LV is not enabled in standby mode, RAM 2k and 30K low-power data holding routines",#,confirmed,evt:tree+evt:list-en+evt:list-zh,CH32V30x_List_EN.txt
CH32V307,PWR,Stop_Mode,"low power, stop mode routine",#,confirmed,evt:tree+evt:list-en+evt:list-zh,CH32V30x_List_EN.txt
CH32V307,RCC,Get_CLK,Get system-HCLK-AHB1-AHB2 clock routine,#,confirmed,evt:tree+evt:list-en+evt:list-zh,CH32V30x_List_EN.txt
CH32V307,RCC,HSE_CLK,HSE frequency check routine,#,confirmed,evt:tree+evt:list-en+evt:list-zh,CH32V30x_List_EN.txt
CH32V307,RCC,HSI_Calibration,HSI calibrate routine,#,confirmed,evt:tree+evt:list-en+evt:list-zh,CH32V30x_List_EN.txt
CH32V307,RCC,HSI_PLL_Source,HSI or HSI/2 as PLL input clock routine,#,confirmed,evt:tree+evt:list-en+evt:list-zh,CH32V30x_List_EN.txt
CH32V307,RCC,LSI_Calibration,LSI calibrate routine,#,confirmed,evt:tree+evt:list-en+evt:list-zh,CH32V30x_List_EN.txt
CH32V307,RCC,MCO,MCO pin clock output routine,#,confirmed,evt:tree+evt:list-en+evt:list-zh,CH32V30x_List_EN.txt
CH32V307,RNG,RNG,：Random number generator routine,#,confirmed,evt:tree+evt:list-en+evt:list-zh,CH32V30x_List_EN.txt
CH32V307,RT-Thread,RT_Thread_Core,RT-Thread migration routine,#,confirmed,evt:list-en+evt:list-zh,CH32V30x_List_EN.txt
CH32V307,RTC,RTC_Calendar,Calendar Routines,#,confirmed,evt:tree+evt:list-en+evt:list-zh,CH32V30x_List_EN.txt
CH32V307,RTC,RTC_Calibration,RTC calibrate Routines,#,confirmed,evt:list-en+evt:list-zh,CH32V30x_List_EN.txt
CH32V307,SDIO,SDIO_EMMC,SDIO routine to operate eMMC card,#,confirmed,evt:tree+evt:list-en+evt:list-zh,CH32V30x_List_EN.txt
CH32V307,SDIO,SDIO_Mode,SDIO Host/Slave mode transceiver routine,#,confirmed,evt:tree+evt:list-en+evt:list-zh,CH32V30x_List_EN.txt
CH32V307,SDIO,SDIO_SD,SDIO routine to operate SD card,#,confirmed,evt:tree+evt:list-en+evt:list-zh,CH32V30x_List_EN.txt
CH32V307,SDIO,SDIO_SD_FATFS,SD card migrate FATFS file system,#,confirmed,evt:tree+evt:list-en+evt:list-zh,CH32V30x_List_EN.txt
CH32V307,SDI_Printf,SDI_Printf,"debug interface SDI, virtual serial port.",#,confirmed,evt:tree+evt:list-en+evt:list-zh,CH32V30x_List_EN.txt
CH32V307,SPI,1Lines_half-duplex,"single wire half duplex mode, master/slave mode, data transceiver",#,confirmed,evt:tree+evt:list-en+evt:list-zh,CH32V30x_List_EN.txt
CH32V307,SPI,2Lines_FullDuplex,"two-wire full duplex mode, master/slave mode, data transceiver",#,confirmed,evt:tree+evt:list-en+evt:list-zh,CH32V30x_List_EN.txt
CH32V307,SPI,FullDuplex_HardNSS,"Hardware NSS mode, master/slave mode, data transceiver",#,confirmed,evt:tree+evt:list-en+evt:list-zh,CH32V30x_List_EN.txt
CH32V307,SPI,SPI_CRC,CRC error check and master/slave mode transceiver routine,#,confirmed,evt:tree+evt:list-en+evt:list-zh,CH32V30x_List_EN.txt
CH32V307,SPI,SPI_DMA,"SPI uses DMA, master/slave mode transceiver routine",#,confirmed,evt:tree+evt:list-en+evt:list-zh,CH32V30x_List_EN.txt
CH32V307,SPI,SPI_FLASH,SPI interface operation flash peripheral routine,#,confirmed,evt:tree+evt:list-en+evt:list-zh,CH32V30x_List_EN.txt
CH32V307,SPI,SPI_LCD,SPI interface operation FLASH  and LCD peripheral routines,#,confirmed,evt:tree+evt:list-en+evt:list-zh,CH32V30x_List_EN.txt
CH32V307,SYSTICK,SYSTICK_Interrupt,Systick timer routine,#,confirmed,evt:tree+evt:list-en+evt:list-zh,CH32V30x_List_EN.txt
CH32V307,TIM,Clock_Select,clock source selection routine,#,confirmed,evt:tree+evt:list-en+evt:list-zh,CH32V30x_List_EN.txt
CH32V307,TIM,ComplementaryOutput_DeadTime,complementary output and deadband insertion mode routines,#,confirmed,evt:tree+evt:list-en+evt:list-zh,CH32V30x_List_EN.txt
CH32V307,TIM,Encode,Timer encoder mode routines,#,reference,evt:list-en,CH32V30x_List_EN.txt
CH32V307,TIM,Encoder,,#,confirmed,evt:tree+evt:list-zh,CH32V30x_List_EN.txt
CH32V307,TIM,ExtTrigger_Start_Two_Timer,external trigger routines to start two timers synchronously,#,confirmed,evt:tree+evt:list-en+evt:list-zh,CH32V30x_List_EN.txt
CH32V307,TIM,Input_Capture,input capture routine,#,confirmed,evt:tree+evt:list-en+evt:list-zh,CH32V30x_List_EN.txt
CH32V307,TIM,One_Pulse,single pulse output routine,#,confirmed,evt:tree+evt:list-en+evt:list-zh,CH32V30x_List_EN.txt
CH32V307,TIM,Output_Compare_Mode,output comparison mode routine,#,confirmed,evt:tree+evt:list-en+evt:list-zh,CH32V30x_List_EN.txt
CH32V307,TIM,PWM_6_Step,Timer 6_Step PWM routines,#,confirmed,evt:tree+evt:list-en+evt:list-zh,CH32V30x_List_EN.txt
CH32V307,TIM,PWM_Output,PWM output routine,#,confirmed,evt:tree+evt:list-en+evt:list-zh,CH32V30x_List_EN.txt
CH32V307,TIM,PWM_Phase_shifted,Timer PWM Phase shifted routines,#,confirmed,evt:tree+evt:list-en+evt:list-zh,CH32V30x_List_EN.txt
CH32V307,TIM,Synchro_ExtTrigger,"slave mode routine, including reset mode, gating mode and trigger mode",#,confirmed,evt:tree+evt:list-en+evt:list-zh,CH32V30x_List_EN.txt
CH32V307,TIM,Synchro_Timer,timer synchronization mode,#,confirmed,evt:tree+evt:list-en+evt:list-zh,CH32V30x_List_EN.txt
CH32V307,TIM,TIM_Continuous,Timer continuous routines,#,confirmed,evt:tree+evt:list-en+evt:list-zh,CH32V30x_List_EN.txt
CH32V307,TIM,TIM_DMA,timer DMA routines,#,confirmed,evt:tree+evt:list-en+evt:list-zh,CH32V30x_List_EN.txt
CH32V307,TIM,TIM_INT,Timer interput mode routines,#,confirmed,evt:tree+evt:list-en+evt:list-zh,CH32V30x_List_EN.txt
CH32V307,TOUCHKEY,TKey,TouchKey Detection Routine,#,confirmed,evt:tree+evt:list-en+evt:list-zh,CH32V30x_List_EN.txt
CH32V307,TencentOS,TencentOS,TencentOS migration routine,#,confirmed,evt:tree+evt:list-en+evt:list-zh,CH32V30x_List_EN.txt
CH32V307,USART,USART_DMA,"USART DMA, master/slave mode transceiver routine",#,confirmed,evt:tree+evt:list-en+evt:list-zh,CH32V30x_List_EN.txt
CH32V307,USART,USART_HalfDuplex,"single wire half duplex mode, master/slave mode transceiver routine",#,confirmed,evt:tree+evt:list-en+evt:list-zh,CH32V30x_List_EN.txt
CH32V307,USART,USART_HardwareFlowControl,"hardware flow control mode, master/slave mode, transceiver routine",#,confirmed,evt:tree+evt:list-en+evt:list-zh,CH32V30x_List_EN.txt
CH32V307,USART,USART_Idle_Recv,USART use DMA receiving indeterminate length data routines,#,confirmed,evt:tree+evt:list-en+evt:list-zh,CH32V30x_List_EN.txt
CH32V307,USART,USART_Interrupt,"USART interrupt routine, master/slave mode transceiver routine",#,confirmed,evt:tree+evt:list-en+evt:list-zh,CH32V30x_List_EN.txt
CH32V307,USART,USART_MultiProcessorCommunication,multiprocessor communication mode routine,#,confirmed,evt:tree+evt:list-en+evt:list-zh,CH32V30x_List_EN.txt
CH32V307,USART,USART_Polling,"polling transceiver mode, master/slave transceiver routine",#,confirmed,evt:tree+evt:list-en+evt:list-zh,CH32V30x_List_EN.txt
CH32V307,USART,USART_Printf,USART Print debugging routine,#,confirmed,evt:tree+evt:list-en+evt:list-zh,CH32V30x_List_EN.txt
CH32V307,USART,USART_SynchronousMode,"synchronous mode, master/slave mode, transceiver routine",#,confirmed,evt:tree+evt:list-en+evt:list-zh,CH32V30x_List_EN.txt
CH32V307,USB,USBFS,,#,confirmed,evt:tree+evt:list-en+evt:list-zh,CH32V30x_List_EN.txt
CH32V307,USB,USBFS/DEVICE,,#,confirmed,evt:tree+evt:list-en+evt:list-zh,CH32V30x_List_EN.txt
CH32V307,USB,USBFS/DEVICE/CH372,"Simulates a custom USB device (CH372 device) with endpoints 1, 3 down and 2, 4 up. Data down from endpoint 1 is uploaded from endpoint 3 and not reversed, and data down from endpoint 2 is uploaded from endpoint 4 and reversed.",#,confirmed,evt:list-en+evt:list-zh,CH32V30x_List_EN.txt
CH32V307,USB,USBFS/DEVICE/CH372_Double_Buffering,Demonstrates USB double buffering and provides 372 device speed test routine,#,confirmed,evt:list-en+evt:list-zh,CH32V30x_List_EN.txt
CH32V307,USB,USBFS/DEVICE/Compatibility_HID,"Simulates HID devices, with data transmitted up and down through the serial port.",#,confirmed,evt:list-en+evt:list-zh,CH32V30x_List_EN.txt
CH32V307,USB,USBFS/DEVICE/CompositeKM,"Simulate keyboard and mouse, use IO to simulate keystrokes, while simulated data can be uploaded through serial port 2.",#,confirmed,evt:tree+evt:list-en+evt:list-zh,CH32V30x_List_EN.txt
CH32V307,USB,USBFS/DEVICE/MSC_CD-ROM,"Simulate CDROM, need external SPI-Flash",#,confirmed,evt:tree+evt:list-en+evt:list-zh,CH32V30x_List_EN.txt
CH32V307,USB,USBFS/DEVICE/MSC_U-Disk,"Smulates a simple USB flash drive, optionally using on-chip Flash or external SPI-Flash",#,confirmed,evt:tree+evt:list-en+evt:list-zh,CH32V30x_List_EN.txt
CH32V307,USB,USBFS/DEVICE/SimulateCDC,Simulate a CDC serial port and use serial port 2 to send and receive.,#,confirmed,evt:tree+evt:list-en+evt:list-zh,CH32V30x_List_EN.txt
CH32V307,USB,USBFS/DEVICE/SimulateCDC-HID,"Simulate a CDC serial port, use serial port 2 to send and receive, HID interrupt endpoints to send and receive data to reverse and upload.",#,confirmed,evt:tree+evt:list-en+evt:list-zh,CH32V30x_List_EN.txt
CH32V307,USB,USBFS/DEVICE/UAC10_Headphone,Simulates a UAC 1.0 headset device and transmits the received audio data through the serial port,#,confirmed,evt:tree+evt:list-en+evt:list-zh,CH32V30x_List_EN.txt
CH32V307,USB,USBFS/DEVICE/UAC10_Microphone,Simulates a UAC 1.0 microphone device and transmits the received audio data through the serial port,#,confirmed,evt:tree+evt:list-en+evt:list-zh,CH32V30x_List_EN.txt
CH32V307,USB,USBFS/HOST_IAP,,#,confirmed,evt:tree+evt:list-en+evt:list-zh,CH32V30x_List_EN.txt
CH32V307,USB,USBFS/HOST_IAP/APP,"APP used with HOST_IAP, the project has modified the starting location of the program, after compilation, you need to convert the file into a bin file and rename it to APP.bin",#,confirmed,evt:tree+evt:list-en+evt:list-zh,CH32V30x_List_EN.txt
CH32V307,USB,USBFS/HOST_IAP/HOST_IAP,"The host U disk IAP routine based on the U disk read file routine finishing, read the file with the name bit APP.bin from the U disk, write it to the internal flash, check it and jump automatically.",#,confirmed,evt:tree+evt:list-en+evt:list-zh,CH32V30x_List_EN.txt
CH32V307,USB,USBFS/HOST_KM,"The host operates the keypad, gets the data of the endpoints uploaded by the keypad and prints it, supports U-port under level 1 hub",#,confirmed,evt:tree+evt:list-en+evt:list-zh,CH32V30x_List_EN.txt
CH32V307,USB,USBFS/HOST_MTP_FileSystem,"Enumeration process of a USB host to a device that supports MTP and PTP protocols, supports MTP and PTP protocols, and reads its files",#,confirmed,evt:tree+evt:list-en+evt:list-zh,CH32V30x_List_EN.txt
CH32V307,USB,USBFS/Host_Udisk,USB host operation USB disk routine,#,confirmed,evt:tree+evt:list-en+evt:list-zh,CH32V30x_List_EN.txt
CH32V307,USB,USBFS/Udisk_Lib,U disk file system library file,#,confirmed,evt:tree+evt:list-en+evt:list-zh,CH32V30x_List_EN.txt
CH32V307,USB,USBHS,,#,confirmed,evt:tree+evt:list-en+evt:list-zh,CH32V30x_List_EN.txt
CH32V307,USB,USBHS/DEVICE,,#,confirmed,evt:tree+evt:list-en+evt:list-zh,CH32V30x_List_EN.txt
CH32V307,USB,USBHS/DEVICE/CH372,"Simulates a custom USB device (CH372 device) with endpoints 1, 3 down and 2, 4 up. Data down from endpoint 1 is uploaded from endpoint 3 and not reversed, and data down from endpoint 2 is uploaded from endpoint 4 and reversed.",#,confirmed,evt:list-en+evt:list-zh,CH32V30x_List_EN.txt
CH32V307,USB,USBHS/DEVICE/CH372_Double_Buffering,Demonstrates USB double buffering and provides 372 device speed test routine,#,confirmed,evt:list-en+evt:list-zh,CH32V30x_List_EN.txt
CH32V307,USB,USBHS/DEVICE/Compatibility_HID,"Simulates HID devices, with data transmitted up and down through the serial port.",#,confirmed,evt:list-en+evt:list-zh,CH32V30x_List_EN.txt
CH32V307,USB,USBHS/DEVICE/CompositeKM,"Simulate keyboard and mouse, use IO to simulate keystrokes, while simulated data can be uploaded through serial port 2.",#,confirmed,evt:tree+evt:list-en+evt:list-zh,CH32V30x_List_EN.txt
CH32V307,USB,USBHS/DEVICE/MSC_CD-ROM,"Simulate CDROM, need external SPI-Flash",#,confirmed,evt:tree+evt:list-en+evt:list-zh,CH32V30x_List_EN.txt
CH32V307,USB,USBHS/DEVICE/MSC_U-Disk,"Smulates a simple USB flash drive, optionally using on-chip Flash or external SPI-Flash",#,confirmed,evt:tree+evt:list-en+evt:list-zh,CH32V30x_List_EN.txt
CH32V307,USB,USBHS/DEVICE/SimulateCDC,Simulate a CDC serial port and use serial port 2 to send and receive.,#,confirmed,evt:tree+evt:list-en+evt:list-zh,CH32V30x_List_EN.txt
CH32V307,USB,USBHS/DEVICE/SimulateCDC-HID,"Simulate a CDC serial port, use serial port 2 to send and receive, HID interrupt endpoints to send and receive data to reverse and upload.",#,confirmed,evt:tree+evt:list-en+evt:list-zh,CH32V30x_List_EN.txt
CH32V307,USB,USBHS/DEVICE/USB_ECM-NetWorkAdaptor,USB ECM routines,#,confirmed,evt:list-en+evt:list-zh,CH32V30x_List_EN.txt
CH32V307,USB,USBHS/DEVICE/USB_NCM-NetWorkAdaptor,USB NCM routines,#,confirmed,evt:list-en+evt:list-zh,CH32V30x_List_EN.txt
CH32V307,USB,USBHS/DEVICE/USB_RNDIS-NetWorkAdaptor,USB RNDIS routines,#,confirmed,evt:list-en+evt:list-zh,CH32V30x_List_EN.txt
CH32V307,USB,USBHS/HOST_IAP,,#,confirmed,evt:tree+evt:list-en+evt:list-zh,CH32V30x_List_EN.txt
CH32V307,USB,USBHS/HOST_IAP/APP,"APP used with HOST_IAP, the project has modified the starting location of the program, after compilation, you need to convert the file into a bin file and rename it to APP.bin",#,confirmed,evt:tree+evt:list-en+evt:list-zh,CH32V30x_List_EN.txt
CH32V307,USB,USBHS/HOST_IAP/HOST_IAP,"The host U disk IAP routine based on the U disk read file routine finishing, read the file with the name bit APP.bin from the U disk, write it to the internal flash, check it and jump automatically.",#,confirmed,evt:tree+evt:list-en+evt:list-zh,CH32V30x_List_EN.txt
CH32V307,USB,USBHS/HOST_KM,"The host operates the keypad, gets the data of the endpoints uploaded by the keypad and prints it, supports U-port under level 1 hub",#,confirmed,evt:tree+evt:list-en+evt:list-zh,CH32V30x_List_EN.txt
CH32V307,USB,USBHS/HOST_MTP_FileSystem,"Enumeration process of a USB host to a device that supports MTP and PTP protocols, supports MTP and PTP protocols, and reads its files",#,confirmed,evt:tree+evt:list-en+evt:list-zh,CH32V30x_List_EN.txt
CH32V307,USB,USBHS/Host_Udisk,USB host operation USB disk routine,#,confirmed,evt:tree+evt:list-en+evt:list-zh,CH32V30x_List_EN.txt
CH32V307,USB,USBHS/Udisk_Lib,U disk file system library file,#,confirmed,evt:tree+evt:list-en+evt:list-zh,CH32V30x_List_EN.txt
CH32V307,VoiceRcgExam,VoiceRcgExam,individual term voice recognition routine,#,confirmed,evt:tree+evt:list-en+evt:list-zh,CH32V30x_List_EN.txt
CH32V307,WWDG,WWDG,Window Watchdog Routine,#,confirmed,evt:tree+evt:list-en+evt:list-zh,CH32V30x_List_EN.txt
CH32V407,ADC,ADC_DMA,ADC DMA sampling routines,#,confirmed,evt:tree+evt:list-en+evt:list-zh,CH32V4x7_List_EN.txt
CH32V407,ADC,AnalogWatchdog,analog watchdog routine,#,confirmed,evt:tree+evt:list-en+evt:list-zh,CH32V4x7_List_EN.txt
CH32V407,ADC,Auto_Injection,automatic injection mode routine,#,confirmed,evt:tree+evt:list-en+evt:list-zh,CH32V4x7_List_EN.txt
CH32V407,ADC,Discontinuous_mode,discontinuous mode routine,#,confirmed,evt:tree+evt:list-en+evt:list-zh,CH32V4x7_List_EN.txt
CH32V407,ADC,DualADC_AlternateTrigger,dual ADC alternate trigger sampling routine,#,confirmed,evt:tree+evt:list-en+evt:list-zh,CH32V4x7_List_EN.txt
CH32V407,ADC,DualADC_Combined_RegInjectionSimul,dual ADC combined regular + injection + simultaneous sampling routine,#,confirmed,evt:tree+evt:list-en+evt:list-zh,CH32V4x7_List_EN.txt
CH32V407,ADC,DualADC_FastInterleaved,dual ADC fast interleaved sampling routine,#,confirmed,evt:tree+evt:list-en+evt:list-zh,CH32V4x7_List_EN.txt
CH32V407,ADC,DualADC_InjectionSimul,dual ADC injection simultaneous sampling routine,#,confirmed,evt:tree+evt:list-en+evt:list-zh,CH32V4x7_List_EN.txt
CH32V407,ADC,DualADC_RegSimul,dual ADC regular simultaneous sampling routine,#,confirmed,evt:tree+evt:list-en+evt:list-zh,CH32V4x7_List_EN.txt
CH32V407,ADC,DualADC_SlowInterleaved,dual ADC slow interleaved sampling routine,#,confirmed,evt:tree+evt:list-en+evt:list-zh,CH32V4x7_List_EN.txt
CH32V407,ADC,ExtLines_Trigger,external lines trigger ADC conversion routine,#,confirmed,evt:tree+evt:list-en+evt:list-zh,CH32V4x7_List_EN.txt
CH32V407,ADC,Internal_Temperature,internal temperature sensor routine,#,confirmed,evt:tree+evt:list-en+evt:list-zh,CH32V4x7_List_EN.txt
CH32V407,ADC,TIM_Trigger,TIM trigger ADC conversion routine,#,confirmed,evt:tree+evt:list-en,CH32V4x7_List_EN.txt
CH32V407,ADC,TIM_trigger,,#,confirmed,evt:tree+evt:list-zh,CH32V4x7_List_EN.txt
CH32V407,APPLICATION,LTDC_LVGL,use LTDC driver to display some animations on the LCD,#,confirmed,evt:tree+evt:list-en+evt:list-zh,CH32V4x7_List_EN.txt
CH32V407,APPLICATION,SoftUART,I/O port simulation serial port routine,#,confirmed,evt:tree+evt:list-en+evt:list-zh,CH32V4x7_List_EN.txt
CH32V407,ARGB,Gradient,ARGB routine,#,confirmed,evt:tree+evt:list-en+evt:list-zh,CH32V4x7_List_EN.txt
CH32V407,BKP,BKP,BKP routine,#,confirmed,evt:tree+evt:list-en+evt:list-zh,CH32V4x7_List_EN.txt
CH32V407,CAN,Networking,"CAN routine: normal mode, standard frame and expanded frame data transceiver",#,confirmed,evt:tree+evt:list-en+evt:list-zh,CH32V4x7_List_EN.txt
CH32V407,CAN,TestMode,"test mode, including silent mode, loopback mode and loopback silent mode",#,confirmed,evt:tree+evt:list-en+evt:list-zh,CH32V4x7_List_EN.txt
CH32V407,CAN,Time-triggered,time triggered communication mode,#,confirmed,evt:tree+evt:list-en+evt:list-zh,CH32V4x7_List_EN.txt
CH32V407,CPU,AccuracyDelayInTick,Accuracy Delay routine,#,confirmed,evt:tree+evt:list-en+evt:list-zh,CH32V4x7_List_EN.txt
CH32V407,CPU,CoreMark,CoreMark routine,#,confirmed,evt:tree+evt:list-en+evt:list-zh,CH32V4x7_List_EN.txt
CH32V407,CPU,OS,,#,confirmed,evt:tree+evt:list-en+evt:list-zh,CH32V4x7_List_EN.txt
CH32V407,CPU,OS/FreeRTOS,FreeRTOS migration routines,#,confirmed,evt:tree+evt:list-en+evt:list-zh,CH32V4x7_List_EN.txt
CH32V407,CPU,OS/HarmonyOS,HarmonyOS migration routine,#,confirmed,evt:tree+evt:list-en+evt:list-zh,CH32V4x7_List_EN.txt
CH32V407,CPU,OS/TencentOS,TencentOS migration routine,#,confirmed,evt:tree+evt:list-en+evt:list-zh,CH32V4x7_List_EN.txt
CH32V407,CPU,OS/rt-thread,RT-Thread migration routine,#,confirmed,evt:tree+evt:list-en+evt:list-zh,CH32V4x7_List_EN.txt
CH32V407,CPU,PMP,Physical memory protection routine,#,confirmed,evt:tree+evt:list-en+evt:list-zh,CH32V4x7_List_EN.txt
CH32V407,CPU,SYSTICK_Interrupt,Systick timer routine,#,confirmed,evt:list-en+evt:list-zh,CH32V4x7_List_EN.txt
CH32V407,CRC,CRC_Calculation,CRC routine,#,confirmed,evt:tree+evt:list-en+evt:list-zh,CH32V4x7_List_EN.txt
CH32V407,DAC,DAC_DMA,DAC DMA conversion routines,#,confirmed,evt:tree+evt:list-en+evt:list-zh,CH32V4x7_List_EN.txt
CH32V407,DAC,DAC_Exit_9_Trig,external trigger DAC conversion routine,#,confirmed,evt:tree+evt:list-en+evt:list-zh,CH32V4x7_List_EN.txt
CH32V407,DAC,DAC_Noise_Generation,noise waveform generation routine,#,confirmed,evt:tree+evt:list-en+evt:list-zh,CH32V4x7_List_EN.txt
CH32V407,DAC,DAC_Normal_OUT,normal output routine,#,confirmed,evt:tree+evt:list-en+evt:list-zh,CH32V4x7_List_EN.txt
CH32V407,DAC,DAC_Timer_Trig,timer trigger DAC conversion routine,#,confirmed,evt:tree+evt:list-en+evt:list-zh,CH32V4x7_List_EN.txt
CH32V407,DAC,DAC_Triangle_Generation,triangular waveform generation routine,#,confirmed,evt:list-en+evt:list-zh,CH32V4x7_List_EN.txt
CH32V407,DAC,DualDAC_SineWave,dual DAC output sine wave routine,#,confirmed,evt:tree+evt:list-en+evt:list-zh,CH32V4x7_List_EN.txt
CH32V407,DAC,DualDAC_Triangle,dual DAC output triangular wave routine,#,confirmed,evt:tree+evt:list-en+evt:list-zh,CH32V4x7_List_EN.txt
CH32V407,DMA,DMA_MEM2MEM,memory to memory mode routine,#,confirmed,evt:tree+evt:list-en+evt:list-zh,CH32V4x7_List_EN.txt
CH32V407,DVP,DVP_TFTLCD,DVP routine to operate OV2640 camera video mode to display image on LCD,#,confirmed,evt:tree+evt:list-en+evt:list-zh,CH32V4x7_List_EN.txt
CH32V407,DVP,DVP_UART,DVP routine to operate OV2640 camera JPEG mode,#,confirmed,evt:tree+evt:list-en+evt:list-zh,CH32V4x7_List_EN.txt
CH32V407,ETH,DHCP,DHCP demonstration routine to obtain IP automatically,#,confirmed,evt:tree+evt:list-en+evt:list-zh,CH32V4x7_List_EN.txt
CH32V407,ETH,DNS,DHCP demonstration routine to obtain IP automatically and then request domain name resolution,#,confirmed,evt:tree+evt:list-en+evt:list-zh,CH32V4x7_List_EN.txt
CH32V407,ETH,ETH_CFG,"ETH_CFG routine. Create a UDP Server to communicate with upper computer, to configure WCHNET functions, including configuring various parameters and creating a new communication.",#,confirmed,evt:list-en+evt:list-zh,CH32V4x7_List_EN.txt
CH32V407,ETH,ETH_IAP,ETH IAP routine,#,confirmed,evt:list-en+evt:list-zh,CH32V4x7_List_EN.txt
CH32V407,ETH,ETH_UART,"ETH_UART routine, to demonstrate data transparent transfer between Ethernet and UART",#,confirmed,evt:list-en+evt:list-zh,CH32V4x7_List_EN.txt
CH32V407,ETH,IPRaw_PING,"IP_RAW routine, to demonstrate that the TCP client receives data after connecting to the server and then sends it back",#,confirmed,evt:tree+evt:list-en+evt:list-zh,CH32V4x7_List_EN.txt
CH32V407,ETH,IoCHub,,#,confirmed,evt:tree+evt:list-en+evt:list-zh,CH32V4x7_List_EN.txt
CH32V407,ETH,IoCHub/IoCHub_Demo,"IoCHub basic routines, using AT commands to implement IoCHub's basic function demonstration on MCU",#,confirmed,evt:tree+evt:list-en+evt:list-zh,CH32V4x7_List_EN.txt
CH32V407,ETH,IoCHub/IoCHub_UART,"IoCHub UART routine, demonstrating data transparent transmission between IoCHub and UART",#,confirmed,evt:tree+evt:list-en+evt:list-zh,CH32V4x7_List_EN.txt
CH32V407,ETH,IoCHub/Lib,IoCHub library file,#,confirmed,evt:tree+evt:list-en+evt:list-zh,CH32V4x7_List_EN.txt
CH32V407,ETH,MAC_RAW,Demo of ETH MAC layer data transmission and reception,#,confirmed,evt:tree+evt:list-en+evt:list-zh,CH32V4x7_List_EN.txt
CH32V407,ETH,MQTT,"MQTT routine, to demonstrate MQTT protocol communication based on TCP/IP",#,confirmed,evt:tree+evt:list-en+evt:list-zh,CH32V4x7_List_EN.txt
CH32V407,ETH,NetLib,Network protocol stack library file,#,confirmed,evt:tree+evt:list-en+evt:list-zh,CH32V4x7_List_EN.txt
CH32V407,ETH,TcpClient,demonstration routine that TCP client receives data after connecting to the server and then returns data,#,confirmed,evt:tree+evt:list-en+evt:list-zh,CH32V4x7_List_EN.txt
CH32V407,ETH,TcpServer,demonstration routine that TCP server receives data after connecting to the client and then returns data,#,confirmed,evt:tree+evt:list-en+evt:list-zh,CH32V4x7_List_EN.txt
CH32V407,ETH,UdpClient,demonstration routine that Udp Client receives data and returns data,#,confirmed,evt:tree+evt:list-en+evt:list-zh,CH32V4x7_List_EN.txt
CH32V407,ETH,UdpServer,demonstration routine that Udp Server receives data and returns data,#,confirmed,evt:tree+evt:list-en+evt:list-zh,CH32V4x7_List_EN.txt
CH32V407,ETH,WebServer,"Web Server routine, to demonstrate the configuration of WCHNET device functions through Web browser. As the WCHNET devices have built-in web server, the network parameter configuration and password management of WCHNET can be implemented on the web page.",#,confirmed,evt:tree+evt:list-en+evt:list-zh,CH32V4x7_List_EN.txt
CH32V407,EXTI,EXTI0,External Interrupt Routine,#,confirmed,evt:list-en+evt:list-zh,CH32V4x7_List_EN.txt
CH32V407,FLASH,FLASH_Program,"FLASH erase/read/write, and fast programming",#,confirmed,evt:tree+evt:list-en+evt:list-zh,CH32V4x7_List_EN.txt
CH32V407,FSMC,LCD,FSMC routine to operate TFTLCD,#,confirmed,evt:tree+evt:list-en+evt:list-zh,CH32V4x7_List_EN.txt
CH32V407,FSMC,NANDFLASH,FSMC routine to operate NANDFLASH,#,confirmed,evt:tree+evt:list-en+evt:list-zh,CH32V4x7_List_EN.txt
CH32V407,FSMC,NORFLASH,FSMC routine to operate NORFLASH,#,confirmed,evt:tree+evt:list-en+evt:list-zh,CH32V4x7_List_EN.txt
CH32V407,FSMC,SRAM,FSMC routine to operate NOR_ SRAM,#,confirmed,evt:tree+evt:list-en+evt:list-zh,CH32V4x7_List_EN.txt
CH32V407,GPIO,GPIO_Toggle,GPIO routines,#,confirmed,evt:tree+evt:list-en+evt:list-zh,CH32V4x7_List_EN.txt
CH32V407,I2C,I2C_10bit_Mode,"10 bit address mode, master/slave mode transceiver routine",#,confirmed,evt:tree+evt:list-en+evt:list-zh,CH32V4x7_List_EN.txt
CH32V407,I2C,I2C_7bit_Interrupt_Mode,Use interrupt to receive and send routine,#,confirmed,evt:tree+evt:list-en+evt:list-zh,CH32V4x7_List_EN.txt
CH32V407,I2C,I2C_7bit_Mode,"7-bit address mode, master/slave mode, transceiver routine",#,confirmed,evt:tree+evt:list-en+evt:list-zh,CH32V4x7_List_EN.txt
CH32V407,I2C,I2C_DMA,"I2C DMA, master/slave mode transceiver routine",#,confirmed,evt:tree+evt:list-en+evt:list-zh,CH32V4x7_List_EN.txt
CH32V407,I2C,I2C_EEPROM,I2C interface routine to operate EEPROM peripheral,#,confirmed,evt:tree+evt:list-en+evt:list-zh,CH32V4x7_List_EN.txt
CH32V407,I2C,I2C_PEC,"PEC error check, master/slave mode transceiver routine",#,confirmed,evt:tree+evt:list-en+evt:list-zh,CH32V4x7_List_EN.txt
CH32V407,I2S,HostRx_SlaveTx,I2S master receiver slave transmitter routine,#,confirmed,evt:tree+evt:list-en+evt:list-zh,CH32V4x7_List_EN.txt
CH32V407,I2S,I2S_DMA,I2S master transmitter slave receiver DMA routine,#,confirmed,evt:tree+evt:list-en+evt:list-zh,CH32V4x7_List_EN.txt
CH32V407,I3C,I3C_DMA_Controller,I3C master routine,#,confirmed,evt:tree+evt:list-en+evt:list-zh,CH32V4x7_List_EN.txt
CH32V407,IAP,USB+UART,USB+UART IAP routine,#,confirmed,evt:list-en+evt:list-zh,CH32V4x7_List_EN.txt
CH32V407,INT,Interrupt_VTF,VTF IRQ interrupt routine,#,confirmed,evt:tree+evt:list-en+evt:list-zh,CH32V4x7_List_EN.txt
CH32V407,IWDG,IWDG,Independent Watchdog routine,#,confirmed,evt:tree+evt:list-en+evt:list-zh,CH32V4x7_List_EN.txt
CH32V407,LTDC,LTDC_Display,LTDC display routine,#,confirmed,evt:tree+evt:list-en+evt:list-zh,CH32V4x7_List_EN.txt
CH32V407,OPA,OPA,OPA output routine,#,confirmed,evt:tree+evt:list-en+evt:list-zh,CH32V4x7_List_EN.txt
CH32V407,PSRAM,PSRAM,PSRAM routine,#,confirmed,evt:tree+evt:list-en+evt:list-zh,CH32V4x7_List_EN.txt
CH32V407,PWR,PVD_VoltageJudger,PVD voltage Judger Routine,#,confirmed,evt:tree+evt:list-en+evt:list-zh,CH32V4x7_List_EN.txt
CH32V407,PWR,PVD_Wakeup,STOP mode PVD wakeup MCU Routine,#,confirmed,evt:tree+evt:list-en+evt:list-zh,CH32V4x7_List_EN.txt
CH32V407,PWR,Sleep_Mode,"low power, sleep mode routine",#,confirmed,evt:tree+evt:list-en+evt:list-zh,CH32V4x7_List_EN.txt
CH32V407,PWR,Standby_Mode,"low power, standby mode routine",#,confirmed,evt:tree+evt:list-en+evt:list-zh,CH32V4x7_List_EN.txt
CH32V407,PWR,Standby_RAM_Application,"When MCU in standby mode, RAM 32k low-power data holding application routine",#,confirmed,evt:tree+evt:list-en+evt:list-zh,CH32V4x7_List_EN.txt
CH32V407,PWR,Standby_RAM_LV_Mode,"when LV is enabled in standby mode, RAM 32k low-power data holding routines",#,confirmed,evt:tree+evt:list-en+evt:list-zh,CH32V4x7_List_EN.txt
CH32V407,PWR,Standby_RAM_Mode,"when LV is not enabled in standby mode, RAM 32k low-power data holding routines",#,confirmed,evt:tree+evt:list-en+evt:list-zh,CH32V4x7_List_EN.txt
CH32V407,PWR,Stop_Mode,"low power, stop mode routine",#,confirmed,evt:tree+evt:list-en+evt:list-zh,CH32V4x7_List_EN.txt
CH32V407,RCC,Get_CLK,Get system-HCLK-AHB1-AHB2 clock routine,#,confirmed,evt:tree+evt:list-en+evt:list-zh,CH32V4x7_List_EN.txt
CH32V407,RCC,HSI_Calibration,HSI calibrate routine,#,confirmed,evt:tree+evt:list-en+evt:list-zh,CH32V4x7_List_EN.txt
CH32V407,RCC,LSI_Calibration,LSI calibrate routine,#,confirmed,evt:tree+evt:list-en+evt:list-zh,CH32V4x7_List_EN.txt
CH32V407,RCC,MCO,MCO pin clock output routine,#,confirmed,evt:tree+evt:list-en+evt:list-zh,CH32V4x7_List_EN.txt
CH32V407,RNG,RNG,：Random number generator routine,#,confirmed,evt:tree+evt:list-en+evt:list-zh,CH32V4x7_List_EN.txt
CH32V407,RTC,RTC_Calendar,Calendar Routines,#,confirmed,evt:tree+evt:list-en+evt:list-zh,CH32V4x7_List_EN.txt
CH32V407,RTC,RTC_Calibration,RTC calibrate Routines,#,confirmed,evt:list-en+evt:list-zh,CH32V4x7_List_EN.txt
CH32V407,SDIO,SDIO_EMMC,SDIO routine to operate eMMC card,#,confirmed,evt:tree+evt:list-en+evt:list-zh,CH32V4x7_List_EN.txt
CH32V407,SDIO,SDIO_SD,SDIO routine to operate SD card,#,confirmed,evt:tree+evt:list-en+evt:list-zh,CH32V4x7_List_EN.txt
CH32V407,SDI_Printf,SDI_Printf,"debug interface SDI, virtual serial port.",#,confirmed,evt:tree+evt:list-en+evt:list-zh,CH32V4x7_List_EN.txt
CH32V407,SPI,1Lines_half-duplex,"single wire half duplex mode, master/slave mode, data transceiver",#,confirmed,evt:tree+evt:list-en+evt:list-zh,CH32V4x7_List_EN.txt
CH32V407,SPI,2Lines_FullDuplex,"two-wire full duplex mode, master/slave mode, data transceiver",#,confirmed,evt:tree+evt:list-en+evt:list-zh,CH32V4x7_List_EN.txt
CH32V407,SPI,FullDuplex_HardNSS,"Hardware NSS mode, master/slave mode, data transceiver",#,confirmed,evt:tree+evt:list-en+evt:list-zh,CH32V4x7_List_EN.txt
CH32V407,SPI,SPI_CRC,CRC error check and master/slave mode transceiver routine,#,confirmed,evt:tree+evt:list-en+evt:list-zh,CH32V4x7_List_EN.txt
CH32V407,SPI,SPI_DMA,"SPI uses DMA, master/slave mode transceiver routine",#,confirmed,evt:tree+evt:list-en+evt:list-zh,CH32V4x7_List_EN.txt
CH32V407,SPI,SPI_FLASH,SPI interface operation flash peripheral routine,#,confirmed,evt:tree+evt:list-en+evt:list-zh,CH32V4x7_List_EN.txt
CH32V407,SPI,SPI_LCD,SPI interface operation FLASH  and LCD peripheral routines,#,confirmed,evt:list-en+evt:list-zh,CH32V4x7_List_EN.txt
CH32V407,SYSTICK,SYSTICK_Interrupt,Systick timer routine,#,reference,evt:list-en,CH32V4x7_List_EN.txt
CH32V407,TIM,Clock_Select,clock source selection routine,#,confirmed,evt:tree+evt:list-en+evt:list-zh,CH32V4x7_List_EN.txt
CH32V407,TIM,ComplementaryOutput_DeadTime,complementary output and deadband insertion mode routines,#,confirmed,evt:tree+evt:list-en+evt:list-zh,CH32V4x7_List_EN.txt
CH32V407,TIM,Encode,Timer encoder mode routines,#,reference,evt:list-en,CH32V4x7_List_EN.txt
CH32V407,TIM,Encoder,,#,confirmed,evt:tree+evt:list-zh,CH32V4x7_List_EN.txt
CH32V407,TIM,ExtTrigger_Start_Two_Timer,external trigger routines to start two timers synchronously,#,confirmed,evt:tree+evt:list-en+evt:list-zh,CH32V4x7_List_EN.txt
CH32V407,TIM,Input_Capture,input capture routine,#,confirmed,evt:tree+evt:list-en+evt:list-zh,CH32V4x7_List_EN.txt
CH32V407,TIM,One_Pulse,single pulse output routine,#,confirmed,evt:tree+evt:list-en+evt:list-zh,CH32V4x7_List_EN.txt
CH32V407,TIM,Output_Compare_Mode,output comparison mode routine,#,confirmed,evt:tree+evt:list-en+evt:list-zh,CH32V4x7_List_EN.txt
CH32V407,TIM,PWM_6_Step,Timer 6_Step PWM routines,#,confirmed,evt:tree+evt:list-en+evt:list-zh,CH32V4x7_List_EN.txt
CH32V407,TIM,PWM_Output,PWM output routine,#,confirmed,evt:tree+evt:list-en+evt:list-zh,CH32V4x7_List_EN.txt
CH32V407,TIM,PWM_Phase_shifted,Timer PWM Phase shifted routines,#,confirmed,evt:tree+evt:list-en+evt:list-zh,CH32V4x7_List_EN.txt
CH32V407,TIM,Synchro_ExtTrigger,"slave mode routine, including reset mode, gating mode and trigger mode",#,confirmed,evt:tree+evt:list-en+evt:list-zh,CH32V4x7_List_EN.txt
CH32V407,TIM,Synchro_Timer,timer synchronization mode,#,confirmed,evt:tree+evt:list-en+evt:list-zh,CH32V4x7_List_EN.txt
CH32V407,TIM,TIM_Continuous,Timer continuous routines,#,confirmed,evt:tree+evt:list-en+evt:list-zh,CH32V4x7_List_EN.txt
CH32V407,TIM,TIM_DMA,timer DMA routines,#,confirmed,evt:tree+evt:list-en+evt:list-zh,CH32V4x7_List_EN.txt
CH32V407,TIM,TIM_INT,Timer interput mode routines,#,confirmed,evt:tree+evt:list-en+evt:list-zh,CH32V4x7_List_EN.txt
CH32V407,USART,USART_DMA,"USART DMA, master/slave mode transceiver routine",#,confirmed,evt:tree+evt:list-en+evt:list-zh,CH32V4x7_List_EN.txt
CH32V407,USART,USART_HalfDuplex,"single wire half duplex mode, master/slave mode transceiver routine",#,confirmed,evt:tree+evt:list-en+evt:list-zh,CH32V4x7_List_EN.txt
CH32V407,USART,USART_HardwareFlowControl,"hardware flow control mode, master/slave mode, transceiver routine",#,confirmed,evt:tree+evt:list-en+evt:list-zh,CH32V4x7_List_EN.txt
CH32V407,USART,USART_Idle_Recv,USART use DMA receiving indeterminate length data routines,#,confirmed,evt:tree+evt:list-en+evt:list-zh,CH32V4x7_List_EN.txt
CH32V407,USART,USART_Interrupt,"USART interrupt routine, master/slave mode transceiver routine",#,confirmed,evt:tree+evt:list-en+evt:list-zh,CH32V4x7_List_EN.txt
CH32V407,USART,USART_MultiProcessorCommunication,multiprocessor communication mode routine,#,confirmed,evt:tree+evt:list-en+evt:list-zh,CH32V4x7_List_EN.txt
CH32V407,USART,USART_Polling,"polling transceiver mode, master/slave transceiver routine",#,confirmed,evt:tree+evt:list-en+evt:list-zh,CH32V4x7_List_EN.txt
CH32V407,USART,USART_Printf,USART Print debugging routine,#,confirmed,evt:tree+evt:list-en+evt:list-zh,CH32V4x7_List_EN.txt
CH32V407,USART,USART_SynchronousMode,"synchronous mode, master/slave mode, transceiver routine",#,confirmed,evt:tree+evt:list-en+evt:list-zh,CH32V4x7_List_EN.txt
CH32V407,USB,USBHS,,#,confirmed,evt:list-en+evt:list-zh,CH32V4x7_List_EN.txt
CH32V407,USB,USBHS/DEVICE,,#,confirmed,evt:list-en+evt:list-zh,CH32V4x7_List_EN.txt
CH32V407,USB,USBHS/DEVICE/CH372,"Simulates a custom USB device (CH372 device) with endpoints 1, 3 down and 2, 4 up. Data down from endpoint 1 is uploaded from endpoint 3 and not reversed, and data down from endpoint 2 is uploaded from endpoint 4 and reversed.",#,confirmed,evt:list-en+evt:list-zh,CH32V4x7_List_EN.txt
CH32V407,USB,USBHS/DEVICE/Compatibility_HID,"Simulates HID devices, with data transmitted up and down through the serial port.",#,confirmed,evt:list-en+evt:list-zh,CH32V4x7_List_EN.txt
CH32V407,USB,USBHS/DEVICE/CompositeKM,"Simulate keyboard and mouse, use IO to simulate keystrokes, while simulated data can be uploaded through serial port 2.",#,confirmed,evt:list-en+evt:list-zh,CH32V4x7_List_EN.txt
CH32V407,USB,USBHS/DEVICE/MSC_CD-ROM,"Simulate CDROM, need external SPI-Flash",#,confirmed,evt:list-en+evt:list-zh,CH32V4x7_List_EN.txt
CH32V407,USB,USBHS/DEVICE/MSC_U-Disk,"Smulates a simple USB flash drive, optionally using on-chip Flash or external SPI-Flash",#,confirmed,evt:list-en+evt:list-zh,CH32V4x7_List_EN.txt
CH32V407,USB,USBHS/DEVICE/SimulateCDC,Simulate a CDC serial port and use serial port 2 to send and receive.,#,confirmed,evt:list-en+evt:list-zh,CH32V4x7_List_EN.txt
CH32V407,USB,USBHS/DEVICE/SimulateCDC-HID,"Simulate a CDC serial port, use serial port 2 to send and receive, HID interrupt endpoints to send and receive data to reverse and upload.",#,confirmed,evt:list-en+evt:list-zh,CH32V4x7_List_EN.txt
CH32V407,USB,USBHS/DEVICE/USB_ECM-NetWorkAdaptor,USB ECM routines,#,confirmed,evt:list-en+evt:list-zh,CH32V4x7_List_EN.txt
CH32V407,USB,USBHS/DEVICE/USB_NCM-NetWorkAdaptor,USB NCM routines,#,confirmed,evt:list-en+evt:list-zh,CH32V4x7_List_EN.txt
CH32V407,USB,USBHS/DEVICE/USB_RNDIS-NetWorkAdaptor,USB RNDIS routines,#,confirmed,evt:list-en+evt:list-zh,CH32V4x7_List_EN.txt
CH32V407,USB,USBHS/DEVICE_Host,,#,confirmed,evt:list-en+evt:list-zh,CH32V4x7_List_EN.txt
CH32V407,USB,USBHS/DEVICE_Host/Device_Host_DataTrans,"USB HS keyboard passthrough and macro demo supporting dual USB Host/Device switching, sleep-wakeup, and key expansion functions",#,confirmed,evt:list-en+evt:list-zh,CH32V4x7_List_EN.txt
CH32V407,USB,USBHS/Dual_device,,#,confirmed,evt:list-en+evt:list-zh,CH32V4x7_List_EN.txt
CH32V407,USB,USBHS/Dual_device/cdc_transfer,Dual USB port CDC transmission,#,confirmed,evt:list-en+evt:list-zh,CH32V4x7_List_EN.txt
CH32V407,USB,USBHS/Dual_device/rndis_transfer,Dual USB port RNDIS transmission,#,confirmed,evt:list-en+evt:list-zh,CH32V4x7_List_EN.txt
CH32V407,USB,USBHS/HOST,,#,confirmed,evt:list-en+evt:list-zh,CH32V4x7_List_EN.txt
CH32V407,USB,USBHS/HOST/HOST_IAP,,#,confirmed,evt:list-en+evt:list-zh,CH32V4x7_List_EN.txt
CH32V407,USB,USBHS/HOST/HOST_IAP/HOST_IAP,"A host U-disk IAP routine organized based on the U-disk read file routine, reads a file named APP.bin from the U-disk, writes it to internal flash, and automatically jumps after verification.",#,confirmed,evt:list-en+evt:list-zh,CH32V4x7_List_EN.txt
CH32V407,USB,USBHS/HOST/HOST_KM,"Host operation keyboard and mouse, retrieve the endpoint data uploaded by the keyboard and mouse, and print it. Supports level 1 hub under USBFS port",#,confirmed,evt:list-en+evt:list-zh,CH32V4x7_List_EN.txt
CH32V407,USB,USBHS/HOST/Host_Udisk,USB host operation USB drive routine,#,confirmed,evt:list-en+evt:list-zh,CH32V4x7_List_EN.txt
CH32V407,USB,USBHS/HOST/MTP_FileSystem,"List the process from a USB host to a device that supports MTP and PTP protocols, and read its files",#,confirmed,evt:list-en+evt:list-zh,CH32V4x7_List_EN.txt
CH32V407,USB,USBHS/HOST/Udisk_Lib,USB file system library files,#,confirmed,evt:list-en+evt:list-zh,CH32V4x7_List_EN.txt
CH32V407,WWDG,WWDG,Window Watchdog Routine,#,confirmed,evt:tree+evt:list-en+evt:list-zh,CH32V4x7_List_EN.txt
CH32X035,ADC,ADC_DMA,ADC DMA sampling routines,#,confirmed,evt:tree+evt:list-en+evt:list-zh,CH32X035_List_EN.txt
CH32X035,ADC,AnalogWatchdog,analog watchdog routine,#,confirmed,evt:tree+evt:list-en+evt:list-zh,CH32X035_List_EN.txt
CH32X035,ADC,Auto_Injection,automatic injection mode routine,#,confirmed,evt:tree+evt:list-en+evt:list-zh,CH32X035_List_EN.txt
CH32X035,ADC,Discontinuous_mode,discontinuous mode routine,#,confirmed,evt:tree+evt:list-en+evt:list-zh,CH32X035_List_EN.txt
CH32X035,ADC,ExtLines_Trigger,external lines trigger ADC conversion routine,#,confirmed,evt:tree+evt:list-en+evt:list-zh,CH32X035_List_EN.txt
CH32X035,APPLICATION,WS2812_LED,Operating WS2812 via SPI\PWM Routine,#,confirmed,evt:tree+evt:list-en+evt:list-zh,CH32X035_List_EN.txt
CH32X035,DMA,DMA_MEM2MEM,Memory to memory mode routine,#,confirmed,evt:tree+evt:list-en+evt:list-zh,CH32X035_List_EN.txt
CH32X035,DMA,DMA_MEM2PERIP,"Memory to peripheral mode, and peripheral to memory mode routine, see peripheral sub-routines",#,confirmed,evt:tree+evt:list-en+evt:list-zh,CH32X035_List_EN.txt
CH32X035,EXTI,EXTI0,External Interrupt Routine,#,confirmed,evt:tree+evt:list-en+evt:list-zh,CH32X035_List_EN.txt
CH32X035,FLASH,BootAsUser,Boot Flash used for user flash,#,confirmed,evt:tree+evt:list-en+evt:list-zh,CH32X035_List_EN.txt
CH32X035,FLASH,FLASH_Program,"FLASH erase/read/write, and fast programming",#,confirmed,evt:tree+evt:list-en+evt:list-zh,CH32X035_List_EN.txt
CH32X035,FreeRTOS,FreeRTOS_Core,FreeRTOS migration routines,#,confirmed,evt:tree+evt:list-en+evt:list-zh,CH32X035_List_EN.txt
CH32X035,GPIO,GPIO_Toggle,GPIO routines,#,confirmed,evt:tree+evt:list-en+evt:list-zh,CH32X035_List_EN.txt
CH32X035,HarmonyOS,LiteOS_m,HarmonyOS migration routine,#,confirmed,evt:tree+evt:list-en+evt:list-zh,CH32X035_List_EN.txt
CH32X035,I2C,I2C_10bit_Mode,"10-bit addressing mode, master/slave mode transceiver routine",#,confirmed,evt:tree+evt:list-en+evt:list-zh,CH32X035_List_EN.txt
CH32X035,I2C,I2C_7bit_Interrupt_Mode,Send/receive routines using interrupts,#,confirmed,evt:tree+evt:list-en+evt:list-zh,CH32X035_List_EN.txt
CH32X035,I2C,I2C_7bit_Mode,"7-bit addressing mode, master/slave mode, transceiver routine",#,confirmed,evt:tree+evt:list-en+evt:list-zh,CH32X035_List_EN.txt
CH32X035,I2C,I2C_DMA,"I2C DMA, master/slave mode transceiver routine",#,confirmed,evt:tree+evt:list-en+evt:list-zh,CH32X035_List_EN.txt
CH32X035,I2C,I2C_EEPROM,I2C interface routine to operate EEPROM peripheral,#,confirmed,evt:tree+evt:list-en+evt:list-zh,CH32X035_List_EN.txt
CH32X035,I2C,I2C_PEC,"PEC error check, master/slave mode transceiver routine",#,confirmed,evt:tree+evt:list-en+evt:list-zh,CH32X035_List_EN.txt
CH32X035,IAP,USB_UART,USB+UART IAP routine,#,confirmed,evt:tree+evt:list-en+evt:list-zh,CH32X035_List_EN.txt
CH32X035,INT,Interrupt_VTF,VTF IRQ interrupt routine,#,confirmed,evt:tree+evt:list-en+evt:list-zh,CH32X035_List_EN.txt
CH32X035,IWDG,IWDG,Independent Watchdog routine,#,confirmed,evt:tree+evt:list-en+evt:list-zh,CH32X035_List_EN.txt
CH32X035,OPA,CMP,Comparator routines,#,confirmed,evt:tree+evt:list-en+evt:list-zh,CH32X035_List_EN.txt
CH32X035,OPA,CMP_TIM2,Timer 2 Capture Comparator Routine,#,confirmed,evt:tree+evt:list-en+evt:list-zh,CH32X035_List_EN.txt
CH32X035,OPA,OPA,OPA as voltage follower output routine,#,confirmed,evt:tree+evt:list-en+evt:list-zh,CH32X035_List_EN.txt
CH32X035,OPA,OPA_BKIN,OPA brake routine,#,confirmed,evt:tree+evt:list-en+evt:list-zh,CH32X035_List_EN.txt
CH32X035,OPA,OPA_IRQ,OPA interrupt routine,#,confirmed,evt:tree+evt:list-en+evt:list-zh,CH32X035_List_EN.txt
CH32X035,OPA,OPA_PGA,OPA PGA routine,#,confirmed,evt:tree+evt:list-en+evt:list-zh,CH32X035_List_EN.txt
CH32X035,OPA,OPA_Poll,OPA Poll routine,#,confirmed,evt:tree+evt:list-en+evt:list-zh,CH32X035_List_EN.txt
CH32X035,OPA,OPA_Reset,OPA Reset routine,#,confirmed,evt:tree+evt:list-en+evt:list-zh,CH32X035_List_EN.txt
CH32X035,PIOC,1-Wire,,#,confirmed,evt:list-en+evt:list-zh,CH32X035_List_EN.txt
CH32X035,PIOC,1-Wire/1-Wire,1 wire operate WS2812 and DS1820,#,confirmed,evt:list-en+evt:list-zh,CH32X035_List_EN.txt
CH32X035,PIOC,1-Wire/Asm,,#,confirmed,evt:list-en+evt:list-zh,CH32X035_List_EN.txt
CH32X035,PIOC,PIOC_IIC,,#,confirmed,evt:tree+evt:list-en+evt:list-zh,CH32X035_List_EN.txt
CH32X035,PIOC,PIOC_IIC/Asm,,#,confirmed,evt:tree+evt:list-en+evt:list-zh,CH32X035_List_EN.txt
CH32X035,PIOC,PIOC_IIC/PIOC_IIC,PIOC simulates IIC,#,confirmed,evt:list-en+evt:list-zh,CH32X035_List_EN.txt
CH32X035,PIOC,PIOC_NEC,,#,confirmed,evt:tree+evt:list-en+evt:list-zh,CH32X035_List_EN.txt
CH32X035,PIOC,PIOC_NEC/Asm,,#,confirmed,evt:tree+evt:list-en+evt:list-zh,CH32X035_List_EN.txt
CH32X035,PIOC,PIOC_NEC/PIOC_NEC,PIOC Infrared Remote Control Routine,#,confirmed,evt:list-en+evt:list-zh,CH32X035_List_EN.txt
CH32X035,PIOC,PIOC_Single_Wire,,#,confirmed,evt:tree+evt:list-en+evt:list-zh,CH32X035_List_EN.txt
CH32X035,PIOC,PIOC_Single_Wire/Asm,,#,confirmed,evt:tree+evt:list-en+evt:list-zh,CH32X035_List_EN.txt
CH32X035,PIOC,PIOC_Single_Wire/PIOC_Single_Wire,Single-wire debug interface to read and write external chip RAM data,#,confirmed,evt:list-en+evt:list-zh,CH32X035_List_EN.txt
CH32X035,PIOC,PIOC_UART,,#,confirmed,evt:tree+evt:list-en+evt:list-zh,CH32X035_List_EN.txt
CH32X035,PIOC,PIOC_UART/Asm,,#,confirmed,evt:list-en+evt:list-zh,CH32X035_List_EN.txt
CH32X035,PIOC,PIOC_UART/PIOC_UART,PIOC simulates UART,#,confirmed,evt:list-en+evt:list-zh,CH32X035_List_EN.txt
CH32X035,PIOC,Tool_Manual,,#,confirmed,evt:tree+evt:list-en+evt:list-zh,CH32X035_List_EN.txt
CH32X035,PIOC,Tool_Manual/Manual,,#,confirmed,evt:tree+evt:list-en+evt:list-zh,CH32X035_List_EN.txt
CH32X035,PIOC,Tool_Manual/Tool,,#,confirmed,evt:tree+evt:list-en+evt:list-zh,CH32X035_List_EN.txt
CH32X035,PMP,PMP,Physical memory protection Routine,#,confirmed,evt:tree+evt:list-en+evt:list-zh,CH32X035_List_EN.txt
CH32X035,PWR,PVD_VoltageJudger,PVD voltage Judger Routine,#,confirmed,evt:tree+evt:list-en+evt:list-zh,CH32X035_List_EN.txt
CH32X035,PWR,PVD_Wakeup,STOP mode PVD wakeup MCU Routine,#,confirmed,evt:tree+evt:list-en+evt:list-zh,CH32X035_List_EN.txt
CH32X035,PWR,Sleep_Mode,"low power, sleep mode routine",#,confirmed,evt:tree+evt:list-en+evt:list-zh,CH32X035_List_EN.txt
CH32X035,PWR,Standby_Mode,"low power, standby mode routine",#,confirmed,evt:tree+evt:list-en+evt:list-zh,CH32X035_List_EN.txt
CH32X035,PWR,Stop_Mode,"low power, stop mode routine",#,confirmed,evt:tree+evt:list-en+evt:list-zh,CH32X035_List_EN.txt
CH32X035,RCC,Get_CLK,Get system-HCLK-AHB1-AHB2 clock routine,#,confirmed,evt:tree+evt:list-en+evt:list-zh,CH32X035_List_EN.txt
CH32X035,RCC,MCO,MCO pin clock output routine,#,confirmed,evt:tree+evt:list-en+evt:list-zh,CH32X035_List_EN.txt
CH32X035,RT-Thread,rt_thread,,#,reference,evt:list-zh,CH32X035_List_EN.txt
CH32X035,RT-Thread,rt_thread_Core,RT-Thread migration routine,#,reference,evt:list-en,CH32X035_List_EN.txt
CH32X035,RunInRam,RunInRAM_Select,Some programs run routines in RAM.,#,confirmed,evt:tree+evt:list-en+evt:list-zh,CH32X035_List_EN.txt
CH32X035,SDI_Printf,SDI_Printf,"debug interface SDI, virtual serial port.",#,confirmed,evt:tree+evt:list-en+evt:list-zh,CH32X035_List_EN.txt
CH32X035,SPI,1Lines_half-duplex,"single wire half duplex mode, master/slave mode, data transceiver",#,confirmed,evt:tree+evt:list-en+evt:list-zh,CH32X035_List_EN.txt
CH32X035,SPI,2Lines_FullDuplex,"two-wire full duplex mode, master/slave mode, data transceiver",#,confirmed,evt:tree+evt:list-en+evt:list-zh,CH32X035_List_EN.txt
CH32X035,SPI,FullDuplex_HardNSS,"Hardware NSS mode, master/slave mode, data transceiver",#,confirmed,evt:tree+evt:list-en+evt:list-zh,CH32X035_List_EN.txt
CH32X035,SPI,SPI_CRC,CRC error check and master/slave mode transceiver routine,#,confirmed,evt:tree+evt:list-en+evt:list-zh,CH32X035_List_EN.txt
CH32X035,SPI,SPI_DMA,"SPI DMA, master/slave mode transceiver routine",#,confirmed,evt:tree+evt:list-en+evt:list-zh,CH32X035_List_EN.txt
CH32X035,SPI,SPI_FLASH,SPI interface operation flash peripheral routine,#,confirmed,evt:tree+evt:list-en+evt:list-zh,CH32X035_List_EN.txt
CH32X035,TIM,Clock_Select,clock source selection routine,#,confirmed,evt:tree+evt:list-en+evt:list-zh,CH32X035_List_EN.txt
CH32X035,TIM,ComplementaryOutput_DeadTime,complementary output and deadband insertion mode routines,#,confirmed,evt:tree+evt:list-en+evt:list-zh,CH32X035_List_EN.txt
CH32X035,TIM,Encode,Timer encoder mode routines,#,reference,evt:list-en,CH32X035_List_EN.txt
CH32X035,TIM,Encoder,,#,confirmed,evt:tree+evt:list-zh,CH32X035_List_EN.txt
CH32X035,TIM,ExtTrigger_Start_Two_Timer,external trigger routines to start two timers synchronously,#,confirmed,evt:tree+evt:list-en+evt:list-zh,CH32X035_List_EN.txt
CH32X035,TIM,Input_Capture,input capture routine,#,confirmed,evt:tree+evt:list-en+evt:list-zh,CH32X035_List_EN.txt
CH32X035,TIM,One_Pulse,single pulse output routine,#,confirmed,evt:tree+evt:list-en+evt:list-zh,CH32X035_List_EN.txt
CH32X035,TIM,Output_Compare_Mode,output comparison mode routine,#,confirmed,evt:tree+evt:list-en+evt:list-zh,CH32X035_List_EN.txt
CH32X035,TIM,PWM_Output,PWM output routine,#,confirmed,evt:tree+evt:list-en+evt:list-zh,CH32X035_List_EN.txt
CH32X035,TIM,Synchro_ExtTrigger,"slave mode routine, including reset mode, gating mode and trigger mode",#,confirmed,evt:tree+evt:list-en+evt:list-zh,CH32X035_List_EN.txt
CH32X035,TIM,Synchro_Timer,timer synchronization mode,#,confirmed,evt:tree+evt:list-en+evt:list-zh,CH32X035_List_EN.txt
CH32X035,TIM,TIM_DMA,timer DMA routines,#,confirmed,evt:tree+evt:list-en+evt:list-zh,CH32X035_List_EN.txt
CH32X035,TIM,TIM_INT,Timer interrupt routines,#,confirmed,evt:tree+evt:list-en+evt:list-zh,CH32X035_List_EN.txt
CH32X035,TOUCHKEY,TKey,TouchKey Detection Routine,#,confirmed,evt:tree+evt:list-en+evt:list-zh,CH32X035_List_EN.txt
CH32X035,TencentOS,TencentOS,TencentOS migration routine,#,confirmed,evt:tree+evt:list-en+evt:list-zh,CH32X035_List_EN.txt
CH32X035,USART,USART_DMA,"USART DMA, master/slave mode transceiver routine",#,confirmed,evt:tree+evt:list-en+evt:list-zh,CH32X035_List_EN.txt
CH32X035,USART,USART_HalfDuplex,"single wire half duplex mode, master/slave mode transceiver routine",#,confirmed,evt:tree+evt:list-en+evt:list-zh,CH32X035_List_EN.txt
CH32X035,USART,USART_HardwareFlowControl,"hardware flow control mode, master/slave mode, transceiver routine",#,confirmed,evt:tree+evt:list-en+evt:list-zh,CH32X035_List_EN.txt
CH32X035,USART,USART_Idle_Recv,Serial port using DMA for indeterminate length reception routine,#,confirmed,evt:tree+evt:list-en+evt:list-zh,CH32X035_List_EN.txt
CH32X035,USART,USART_Interrupt,"USART interrupt routine, master/slave mode transceiver routine",#,confirmed,evt:tree+evt:list-en+evt:list-zh,CH32X035_List_EN.txt
CH32X035,USART,USART_MultiProcessorCommunication,multiprocessor communication mode routine,#,confirmed,evt:tree+evt:list-en+evt:list-zh,CH32X035_List_EN.txt
CH32X035,USART,USART_Polling,"polling transceiver mode, master/slave transceiver routine",#,confirmed,evt:tree+evt:list-en+evt:list-zh,CH32X035_List_EN.txt
CH32X035,USART,USART_Printf,USART Print debugging routine,#,confirmed,evt:tree+evt:list-en+evt:list-zh,CH32X035_List_EN.txt
CH32X035,USART,USART_SmartCard,Serial port smart card routine,#,confirmed,evt:tree+evt:list-en+evt:list-zh,CH32X035_List_EN.txt
CH32X035,USART,USART_SynchronousMode,"synchronous mode, master/slave mode, transceiver routine",#,confirmed,evt:tree+evt:list-en+evt:list-zh,CH32X035_List_EN.txt
CH32X035,USB,USBFS,,#,confirmed,evt:tree+evt:list-en+evt:list-zh,CH32X035_List_EN.txt
CH32X035,USB,USBFS/DEVICE,,#,confirmed,evt:tree+evt:list-en+evt:list-zh,CH32X035_List_EN.txt
CH32X035,USB,USBFS/DEVICE/CH372,"Simulates a custom USB device (CH372 device) with endpoints 1, 3, 5 down and 2, 4, 6 up. Data down from endpoint 1 is uploaded from endpoint 2 and not reversed, and data down from endpoint 3, 5  is uploaded from endpoint 4, 6 and reversed.",#,confirmed,evt:list-en+evt:list-zh,CH32X035_List_EN.txt
CH32X035,USB,USBFS/DEVICE/Compatibility_HID,"Simulates HID devices, with data transmitted up and down through the serial port.",#,confirmed,evt:list-en+evt:list-zh,CH32X035_List_EN.txt
CH32X035,USB,USBFS/DEVICE/CompositeKM,"Simulate keyboard and mouse, use IO to simulate keystrokes, while simulated data can be uploaded through serial port 2.",#,confirmed,evt:tree+evt:list-en+evt:list-zh,CH32X035_List_EN.txt
CH32X035,USB,USBFS/DEVICE/CompositeKM_LowSpeed,"Simulate low speed keyboard and mouse, use IO to simulate keystrokes, while simulated data can be uploaded through serial port 2.",#,confirmed,evt:tree+evt:list-en+evt:list-zh,CH32X035_List_EN.txt
CH32X035,USB,USBFS/DEVICE/MSC_U-Disk,Simulate a USB flash drive function.,#,confirmed,evt:tree+evt:list-en+evt:list-zh,CH32X035_List_EN.txt
CH32X035,USB,USBFS/DEVICE/SimulateCDC,Simulate a CDC serial port and use serial port 2 to send and receive.,#,confirmed,evt:tree+evt:list-en+evt:list-zh,CH32X035_List_EN.txt
CH32X035,USB,USBFS/DEVICE/SimulateCDC-HID,"Simulate a CDC serial port, use serial port 2 to send and receive, HID interrupt endpoints to send and receive data to reverse and upload.",#,confirmed,evt:tree+evt:list-en+evt:list-zh,CH32X035_List_EN.txt
CH32X035,USB,USBFS/HOST_KM,"The host operates the keypad, gets the data of the endpoints uploaded by the keypad and prints it, supports U-port under level 1 hub",#,confirmed,evt:tree+evt:list-en+evt:list-zh,CH32X035_List_EN.txt
CH32X035,USB,USBFS/HOST_MTP_FileSystem,"Enumeration process of a USB host to a device that supports MTP and PTP protocols, supports MTP and PTP protocols, and reads its files",#,confirmed,evt:tree+evt:list-en+evt:list-zh,CH32X035_List_EN.txt
CH32X035,USB,USBFS/Host_Udisk,USB host operation USB disk routine,#,confirmed,evt:tree+evt:list-en+evt:list-zh,CH32X035_List_EN.txt
CH32X035,USB,USBFS/Udisk_Lib,U disk file system library file,#,confirmed,evt:tree+evt:list-en+evt:list-zh,CH32X035_List_EN.txt
CH32X035,USBPD,USBPD_SNK,PD SNK routine,#,confirmed,evt:tree+evt:list-en+evt:list-zh,CH32X035_List_EN.txt
CH32X035,USBPD,USBPD_SRC,PD SRC routine,#,confirmed,evt:tree+evt:list-en+evt:list-zh,CH32X035_List_EN.txt
CH32X035,WWDG,WWDG,Window Watchdog Routine,#,confirmed,evt:tree+evt:list-en+evt:list-zh,CH32X035_List_EN.txt
CH32X315,ADC,ADC_Cascade,ADC cascade mode,#,confirmed,evt:tree+evt:list-en+evt:list-zh,CH32X3x5_List_EN.txt
CH32X315,ADC,ADC_DMA,ADC DMA sampling routines,#,confirmed,evt:tree+evt:list-en+evt:list-zh,CH32X3x5_List_EN.txt
CH32X315,ADC,ADC_InjeAlter,ADC cascaded alternate sampling,#,confirmed,evt:tree+evt:list-en+evt:list-zh,CH32X3x5_List_EN.txt
CH32X315,ADC,ADC_ScanOut,ADC scanning output routine,#,confirmed,evt:tree+evt:list-en+evt:list-zh,CH32X3x5_List_EN.txt
CH32X315,ADC,AnalogWatchdog,analog watchdog routine,#,confirmed,evt:tree+evt:list-en+evt:list-zh,CH32X3x5_List_EN.txt
CH32X315,ADC,Auto_Injection,automatic injection mode routine,#,confirmed,evt:tree+evt:list-en+evt:list-zh,CH32X3x5_List_EN.txt
CH32X315,ADC,Discontinuous_mode,discontinuous mode routine,#,confirmed,evt:tree+evt:list-en+evt:list-zh,CH32X3x5_List_EN.txt
CH32X315,ADC,DualADC_AlternateTrigger,dual ADC alternate trigger sampling routine,#,confirmed,evt:tree+evt:list-en+evt:list-zh,CH32X3x5_List_EN.txt
CH32X315,ADC,DualADC_Combined_RegInjectionSimul,dual ADC combined regular + injection + simultaneous sampling routine,#,confirmed,evt:tree+evt:list-en+evt:list-zh,CH32X3x5_List_EN.txt
CH32X315,ADC,DualADC_FastInterleaved,dual ADC fast interleaved sampling routine,#,confirmed,evt:tree+evt:list-en+evt:list-zh,CH32X3x5_List_EN.txt
CH32X315,ADC,DualADC_InjectionSimul,dual ADC injection simultaneous sampling routine,#,confirmed,evt:tree+evt:list-en+evt:list-zh,CH32X3x5_List_EN.txt
CH32X315,ADC,DualADC_RegSimul,dual ADC regular simultaneous sampling routine,#,confirmed,evt:tree+evt:list-en+evt:list-zh,CH32X3x5_List_EN.txt
CH32X315,ADC,DualADC_SlowInterleaved,dual ADC slow interleaved sampling routine,#,confirmed,evt:tree+evt:list-en+evt:list-zh,CH32X3x5_List_EN.txt
CH32X315,ADC,ExtLines_Trigger,external lines trigger ADC conversion routine,#,confirmed,evt:tree+evt:list-en+evt:list-zh,CH32X3x5_List_EN.txt
CH32X315,APPLICATION,SoftUART,I/O port simulation serial port routine,#,confirmed,evt:tree+evt:list-en+evt:list-zh,CH32X3x5_List_EN.txt
CH32X315,ARGB,Gradient,ARGB routine,#,confirmed,evt:tree+evt:list-en+evt:list-zh,CH32X3x5_List_EN.txt
CH32X315,BKP,BKP,,#,reference,evt:list-zh,CH32X3x5_List_EN.txt
CH32X315,CPU,CoreMark,CoreMark routine,#,confirmed,evt:tree+evt:list-en+evt:list-zh,CH32X3x5_List_EN.txt
CH32X315,CPU,INT,,#,confirmed,evt:tree+evt:list-en+evt:list-zh,CH32X3x5_List_EN.txt
CH32X315,CPU,INT/Interrupt_VTF,VTF IRQ interrupt routine,#,confirmed,evt:tree+evt:list-en+evt:list-zh,CH32X3x5_List_EN.txt
CH32X315,CPU,OS,,#,confirmed,evt:tree+evt:list-en+evt:list-zh,CH32X3x5_List_EN.txt
CH32X315,CPU,OS/FreeRTOS,FreeRTOS migration routines,#,confirmed,evt:tree+evt:list-en+evt:list-zh,CH32X3x5_List_EN.txt
CH32X315,CPU,OS/HarmonyOS,HarmonyOS migration routine,#,confirmed,evt:list-en+evt:list-zh,CH32X3x5_List_EN.txt
CH32X315,CPU,OS/TencentOS,TencentOS migration routine,#,confirmed,evt:tree+evt:list-en+evt:list-zh,CH32X3x5_List_EN.txt
CH32X315,CPU,OS/rt-thread,RT-Thread migration routine,#,confirmed,evt:tree+evt:list-en+evt:list-zh,CH32X3x5_List_EN.txt
CH32X315,CPU,SYSTICK_Interrupt,Systick timer routine,#,confirmed,evt:list-en+evt:list-zh,CH32X3x5_List_EN.txt
CH32X315,CRC,CRC_Calculation,CRC routine,#,confirmed,evt:tree+evt:list-en+evt:list-zh,CH32X3x5_List_EN.txt
CH32X315,DMA,DMA_MEM2MEM,memory to memory mode routine,#,confirmed,evt:tree+evt:list-en+evt:list-zh,CH32X3x5_List_EN.txt
CH32X315,DMA,DoubleBuffer_DMA,Double Buffer mode routine,#,confirmed,evt:tree+evt:list-en+evt:list-zh,CH32X3x5_List_EN.txt
CH32X315,EXTI,EXTI0,External Interrupt Routine,#,confirmed,evt:list-en+evt:list-zh,CH32X3x5_List_EN.txt
CH32X315,FLASH,FLASH_Program,"FLASH erase/read/write, and fast programming",#,confirmed,evt:tree+evt:list-en+evt:list-zh,CH32X3x5_List_EN.txt
CH32X315,GPIO,GPIO_Toggle,GPIO routines,#,confirmed,evt:tree+evt:list-en+evt:list-zh,CH32X3x5_List_EN.txt
CH32X315,I2C,I2C_10bit_Mode,"10 bit address mode, master/slave mode transceiver routine",#,confirmed,evt:tree+evt:list-en+evt:list-zh,CH32X3x5_List_EN.txt
CH32X315,I2C,I2C_7bit_Interrupt_Mode,Use interrupt to receive and send routine,#,confirmed,evt:tree+evt:list-en+evt:list-zh,CH32X3x5_List_EN.txt
CH32X315,I2C,I2C_7bit_Mode,"7-bit address mode, master/slave mode, transceiver routine",#,confirmed,evt:tree+evt:list-en+evt:list-zh,CH32X3x5_List_EN.txt
CH32X315,I2C,I2C_DMA,"I2C DMA, master/slave mode transceiver routine",#,confirmed,evt:tree+evt:list-en+evt:list-zh,CH32X3x5_List_EN.txt
CH32X315,I2C,I2C_EEPROM,I2C interface routine to operate EEPROM peripheral,#,confirmed,evt:tree+evt:list-en+evt:list-zh,CH32X3x5_List_EN.txt
CH32X315,I2C,I2C_PEC,"PEC error check, master/slave mode transceiver routine",#,confirmed,evt:tree+evt:list-en+evt:list-zh,CH32X3x5_List_EN.txt
CH32X315,IAP,USB+UART,USB+UART IAP routine,#,confirmed,evt:list-en+evt:list-zh,CH32X3x5_List_EN.txt
CH32X315,IWDG,IWDG,Independent Watchdog routine,#,confirmed,evt:tree+evt:list-en+evt:list-zh,CH32X3x5_List_EN.txt
CH32X315,PWR,PVD_VoltageJudger,PVD voltage Judger Routine,#,confirmed,evt:tree+evt:list-en+evt:list-zh,CH32X3x5_List_EN.txt
CH32X315,PWR,PVD_Wakeup,STOP mode PVD wakeup MCU Routine,#,confirmed,evt:tree+evt:list-en+evt:list-zh,CH32X3x5_List_EN.txt
CH32X315,PWR,Sleep_Mode,"low power, sleep mode routine",#,confirmed,evt:tree+evt:list-en+evt:list-zh,CH32X3x5_List_EN.txt
CH32X315,PWR,Stop_Mode,"low power, stop mode routine",#,confirmed,evt:tree+evt:list-en+evt:list-zh,CH32X3x5_List_EN.txt
CH32X315,PWR,VDD12_ExternPower,VDD 1.2V external power supply routine,#,confirmed,evt:tree+evt:list-en+evt:list-zh,CH32X3x5_List_EN.txt
CH32X315,RCC,Get_CLK,Get system-HCLK-AHB1-AHB2 clock routine,#,confirmed,evt:tree+evt:list-en+evt:list-zh,CH32X3x5_List_EN.txt
CH32X315,RCC,MCO,MCO pin clock output routine,#,confirmed,evt:tree+evt:list-en+evt:list-zh,CH32X3x5_List_EN.txt
CH32X315,RTC,RTC_Calendar,Calendar Routines,#,confirmed,evt:tree+evt:list-en+evt:list-zh,CH32X3x5_List_EN.txt
CH32X315,RTC,RTC_Calibration,RTC calibrate Routines,#,confirmed,evt:list-en+evt:list-zh,CH32X3x5_List_EN.txt
CH32X315,SDI_Printf,SDI_Printf,"debug interface SDI, virtual serial port.",#,confirmed,evt:tree+evt:list-en+evt:list-zh,CH32X3x5_List_EN.txt
CH32X315,SPI,1Lines_half-duplex,"single wire half duplex mode, master/slave mode, data transceiver",#,confirmed,evt:tree+evt:list-en+evt:list-zh,CH32X3x5_List_EN.txt
CH32X315,SPI,2Lines_FullDuplex,"two-wire full duplex mode, master/slave mode, data transceiver",#,confirmed,evt:tree+evt:list-en+evt:list-zh,CH32X3x5_List_EN.txt
CH32X315,SPI,FullDuplex_HardNSS,"Hardware NSS mode, master/slave mode, data transceiver",#,confirmed,evt:tree+evt:list-en+evt:list-zh,CH32X3x5_List_EN.txt
CH32X315,SPI,SPI_DMA,"SPI uses DMA, master/slave mode transceiver routine",#,confirmed,evt:tree+evt:list-en+evt:list-zh,CH32X3x5_List_EN.txt
CH32X315,SPI,SPI_FLASH,SPI interface operation flash peripheral routine,#,confirmed,evt:tree+evt:list-en+evt:list-zh,CH32X3x5_List_EN.txt
CH32X315,SYSTICK,SYSTICK_Interrupt,Systick timer routine,#,reference,evt:list-en,CH32X3x5_List_EN.txt
CH32X315,TIM,Clock_Select,clock source selection routine,#,confirmed,evt:tree+evt:list-en+evt:list-zh,CH32X3x5_List_EN.txt
CH32X315,TIM,ComplementaryOutput_DeadTime,complementary output and deadband insertion mode routines,#,confirmed,evt:tree+evt:list-en+evt:list-zh,CH32X3x5_List_EN.txt
CH32X315,TIM,Encode,Timer encoder mode routines,#,reference,evt:list-en,CH32X3x5_List_EN.txt
CH32X315,TIM,Encoder,,#,confirmed,evt:tree+evt:list-zh,CH32X3x5_List_EN.txt
CH32X315,TIM,ExtTrigger_Start_Two_Timer,external trigger routines to start two timers synchronously,#,confirmed,evt:tree+evt:list-en+evt:list-zh,CH32X3x5_List_EN.txt
CH32X315,TIM,Input_Capture,input capture routine,#,confirmed,evt:tree+evt:list-en+evt:list-zh,CH32X3x5_List_EN.txt
CH32X315,TIM,One_Pulse,single pulse output routine,#,confirmed,evt:tree+evt:list-en+evt:list-zh,CH32X3x5_List_EN.txt
CH32X315,TIM,PWM_Output,PWM output routine,#,confirmed,evt:tree+evt:list-en+evt:list-zh,CH32X3x5_List_EN.txt
CH32X315,TIM,Synchro_ExtTrigger,"slave mode routine, including reset mode, gating mode and trigger mode",#,confirmed,evt:tree+evt:list-en+evt:list-zh,CH32X3x5_List_EN.txt
CH32X315,TIM,Synchro_Timer,timer synchronization mode,#,confirmed,evt:tree+evt:list-en+evt:list-zh,CH32X3x5_List_EN.txt
CH32X315,TIM,TIM_Continuous,Timer continuous routines,#,confirmed,evt:tree+evt:list-en+evt:list-zh,CH32X3x5_List_EN.txt
CH32X315,TIM,TIM_DMA,timer DMA routines,#,confirmed,evt:tree+evt:list-en+evt:list-zh,CH32X3x5_List_EN.txt
CH32X315,TIM,TIM_INT,Timer interput mode routines,#,confirmed,evt:tree+evt:list-en+evt:list-zh,CH32X3x5_List_EN.txt
CH32X315,USART,USART_DMA,"USART DMA, master/slave mode transceiver routine",#,confirmed,evt:tree+evt:list-en+evt:list-zh,CH32X3x5_List_EN.txt
CH32X315,USART,USART_HalfDuplex,"single wire half duplex mode, master/slave mode transceiver routine",#,confirmed,evt:tree+evt:list-en+evt:list-zh,CH32X3x5_List_EN.txt
CH32X315,USART,USART_HardwareFlowControl,"hardware flow control mode, master/slave mode, transceiver routine",#,confirmed,evt:tree+evt:list-en+evt:list-zh,CH32X3x5_List_EN.txt
CH32X315,USART,USART_Idle_Recv,USART use DMA receiving indeterminate length data routines,#,confirmed,evt:tree+evt:list-en+evt:list-zh,CH32X3x5_List_EN.txt
CH32X315,USART,USART_Interrupt,"USART interrupt routine, master/slave mode transceiver routine",#,confirmed,evt:tree+evt:list-en+evt:list-zh,CH32X3x5_List_EN.txt
CH32X315,USART,USART_MultiProcessorCommunication,multiprocessor communication mode routine,#,confirmed,evt:tree+evt:list-en+evt:list-zh,CH32X3x5_List_EN.txt
CH32X315,USART,USART_Polling,"polling transceiver mode, master/slave transceiver routine",#,confirmed,evt:tree+evt:list-en+evt:list-zh,CH32X3x5_List_EN.txt
CH32X315,USART,USART_Printf,USART Print debugging routine,#,confirmed,evt:tree+evt:list-en+evt:list-zh,CH32X3x5_List_EN.txt
CH32X315,USART,USART_SynchronousMode,"synchronous mode, master/slave mode, transceiver routine",#,confirmed,evt:tree+evt:list-en+evt:list-zh,CH32X3x5_List_EN.txt
CH32X315,USB,USBHS,,#,confirmed,evt:list-en+evt:list-zh,CH32X3x5_List_EN.txt
CH32X315,USB,USBHS/DEVICE,,#,confirmed,evt:list-en+evt:list-zh,CH32X3x5_List_EN.txt
CH32X315,USB,USBHS/DEVICE/CH372,"Simulates a custom USB device (CH372 device) with endpoints 1, 3 down and 2, 4 up. Data down from endpoint 1 is uploaded from endpoint 3 and not reversed, and data down from endpoint 2 is uploaded from endpoint 4 and reversed.",#,confirmed,evt:list-en+evt:list-zh,CH32X3x5_List_EN.txt
CH32X315,USB,USBHS/DEVICE/Compatibility_HID,"Simulates HID devices, with data transmitted up and down through the serial port.",#,confirmed,evt:list-en+evt:list-zh,CH32X3x5_List_EN.txt
CH32X315,USB,USBHS/DEVICE/CompositeKM,"Simulate keyboard and mouse, use IO to simulate keystrokes, while simulated data can be uploaded through serial port 2.",#,confirmed,evt:list-en+evt:list-zh,CH32X3x5_List_EN.txt
CH32X315,USB,USBHS/DEVICE/MSC_CD-ROM,"Simulate CDROM, need external SPI-Flash",#,confirmed,evt:list-en+evt:list-zh,CH32X3x5_List_EN.txt
CH32X315,USB,USBHS/DEVICE/MSC_U-Disk,"Smulates a simple USB flash drive, optionally using on-chip Flash or external SPI-Flash",#,confirmed,evt:list-en+evt:list-zh,CH32X3x5_List_EN.txt
CH32X315,USB,USBHS/DEVICE/SimulateCDC,Simulate a CDC serial port and use serial port 2 to send and receive.,#,confirmed,evt:list-en+evt:list-zh,CH32X3x5_List_EN.txt
CH32X315,USB,USBHS/DEVICE/SimulateCDC-HID,"Simulate a CDC serial port, use serial port 2 to send and receive, HID interrupt endpoints to send and receive data to reverse and upload.",#,confirmed,evt:list-en+evt:list-zh,CH32X3x5_List_EN.txt
CH32X315,USB,USBHS/HOST,,#,confirmed,evt:list-en+evt:list-zh,CH32X3x5_List_EN.txt
CH32X315,USB,USBHS/HOST/HOST_IAP,,#,confirmed,evt:list-en+evt:list-zh,CH32X3x5_List_EN.txt
CH32X315,USB,USBHS/HOST/HOST_IAP/HOST_IAP,"A host U-disk IAP routine organized based on the U-disk read file routine, reads a file named APP.bin from the U-disk, writes it to internal flash, and automatically jumps after verification.",#,confirmed,evt:list-en+evt:list-zh,CH32X3x5_List_EN.txt
CH32X315,USB,USBHS/HOST/HOST_KM,"Host operation keyboard and mouse, retrieve the endpoint data uploaded by the keyboard and mouse, and print it. Supports level 1 hub under USBFS port",#,confirmed,evt:list-en+evt:list-zh,CH32X3x5_List_EN.txt
CH32X315,USB,USBHS/HOST/Host_Udisk,USB host operation USB drive routine,#,confirmed,evt:list-en+evt:list-zh,CH32X3x5_List_EN.txt
CH32X315,USB,USBHS/HOST/MTP_FileSystem,"List the process from a USB host to a device that supports MTP and PTP protocols, and read its files",#,confirmed,evt:list-en+evt:list-zh,CH32X3x5_List_EN.txt
CH32X315,USB,USBHS/HOST/Udisk_Lib,USB file system library files,#,confirmed,evt:list-en+evt:list-zh,CH32X3x5_List_EN.txt
CH32X315,USB,USBSS,,#,confirmed,evt:list-en+evt:list-zh,CH32X3x5_List_EN.txt
CH32X315,USB,USBSS/DEVICE,,#,confirmed,evt:list-en+evt:list-zh,CH32X3x5_List_EN.txt
CH32X315,USB,USBSS/DEVICE/CH372Device,"Simulate custom USB devices (CH372 devices), with endpoint 1 downloading data and uploading it through endpoint 2, endpoint 2 downloading data and uploading it through endpoint 1, and endpoint 3 independently downloading and uploading data.",#,confirmed,evt:list-en+evt:list-zh,CH32X3x5_List_EN.txt
CH32X315,USBPD,USBPD_SNK,PD SNK routine,#,reference,evt:list-en,CH32X3x5_List_EN.txt
CH32X315,USBPD,USBPD_SRC,PD SRC routine,#,reference,evt:list-en,CH32X3x5_List_EN.txt
CH32X315,WWDG,WWDG,Window Watchdog Routine,#,confirmed,evt:tree+evt:list-en+evt:list-zh,CH32X3x5_List_EN.txt
