family,datasheet,table,package,pin,pad,kind,#,confidence,basis
CH32H417,CH32H417DS0.PDF,2-1-1,H417MEU6,1,VDD33,power,#,confirmed,pin-table:zh+pin-table:en
CH32H417,CH32H417DS0.PDF,2-1-1,H417MEU6,2,PE3,gpio,#,confirmed,pin-table:zh+pin-table:en
CH32H417,CH32H417DS0.PDF,2-1-1,H417MEU6,3,PE4,gpio,#,confirmed,pin-table:zh+pin-table:en
CH32H417,CH32H417DS0.PDF,2-1-1,H417MEU6,4,PE5,gpio,#,confirmed,pin-table:zh+pin-table:en
CH32H417,CH32H417DS0.PDF,2-1-1,H417MEU6,5,PE6,gpio,#,confirmed,pin-table:zh+pin-table:en
CH32H417,CH32H417DS0.PDF,2-1-1,H417MEU6,6,VDDK,power,#,confirmed,pin-table:zh+pin-table:en
CH32H417,CH32H417DS0.PDF,2-1-1,H417MEU6,7,MDIRN,other,#,confirmed,pin-table:zh+pin-table:en
CH32H417,CH32H417DS0.PDF,2-1-1,H417MEU6,8,MDIRP,other,#,confirmed,pin-table:zh+pin-table:en
CH32H417,CH32H417DS0.PDF,2-1-1,H417MEU6,9,MDITN,other,#,confirmed,pin-table:zh+pin-table:en
CH32H417,CH32H417DS0.PDF,2-1-1,H417MEU6,10,MDITP,other,#,confirmed,pin-table:zh+pin-table:en
CH32H417,CH32H417DS0.PDF,2-1-1,H417MEU6,11,VDD33,power,#,confirmed,pin-table:zh+pin-table:en
CH32H417,CH32H417DS0.PDF,2-1-1,H417MEU6,12,XI,other,#,confirmed,pin-table:zh+pin-table:en
CH32H417,CH32H417DS0.PDF,2-1-1,H417MEU6,13,XO,other,#,confirmed,pin-table:zh+pin-table:en
CH32H417,CH32H417DS0.PDF,2-1-1,H417MEU6,14,NRST,other,#,confirmed,pin-table:zh+pin-table:en
CH32H417,CH32H417DS0.PDF,2-1-1,H417MEU6,15,PC0,gpio,#,confirmed,pin-table:zh+pin-table:en
CH32H417,CH32H417DS0.PDF,2-1-1,H417MEU6,16,PC1,gpio,#,confirmed,pin-table:zh+pin-table:en
CH32H417,CH32H417DS0.PDF,2-1-1,H417MEU6,17,PC2,gpio,#,confirmed,pin-table:zh+pin-table:en
CH32H417,CH32H417DS0.PDF,2-1-1,H417MEU6,18,PC3,gpio,#,confirmed,pin-table:zh+pin-table:en
CH32H417,CH32H417DS0.PDF,2-1-1,H417MEU6,19,VDDIO,power,#,confirmed,pin-table:zh+pin-table:en
CH32H417,CH32H417DS0.PDF,2-1-1,H417MEU6,20,VDD33A,power,#,confirmed,pin-table:zh+pin-table:en
CH32H417,CH32H417DS0.PDF,2-1-1,H417MEU6,21,PA0,gpio,#,confirmed,pin-table:zh+pin-table:en
CH32H417,CH32H417DS0.PDF,2-1-1,H417MEU6,22,PA4,gpio,#,confirmed,pin-table:zh+pin-table:en
CH32H417,CH32H417DS0.PDF,2-1-1,H417MEU6,23,PA5,gpio,#,confirmed,pin-table:zh+pin-table:en
CH32H417,CH32H417DS0.PDF,2-1-1,H417MEU6,24,PB0,gpio,#,confirmed,pin-table:zh+pin-table:en
CH32H417,CH32H417DS0.PDF,2-1-1,H417MEU6,25,PB1,gpio,#,confirmed,pin-table:zh+pin-table:en
CH32H417,CH32H417DS0.PDF,2-1-1,H417MEU6,26,PE10,gpio,#,confirmed,pin-table:zh+pin-table:en
CH32H417,CH32H417DS0.PDF,2-1-1,H417MEU6,27,PE11,gpio,#,confirmed,pin-table:zh+pin-table:en
CH32H417,CH32H417DS0.PDF,2-1-1,H417MEU6,28,PE12,gpio,#,confirmed,pin-table:zh+pin-table:en
CH32H417,CH32H417DS0.PDF,2-1-1,H417MEU6,29,PE13,gpio,#,confirmed,pin-table:zh+pin-table:en
CH32H417,CH32H417DS0.PDF,2-1-1,H417MEU6,30,PE14,gpio,#,confirmed,pin-table:zh+pin-table:en
CH32H417,CH32H417DS0.PDF,2-1-1,H417MEU6,31,PE15,gpio,#,confirmed,pin-table:zh+pin-table:en
CH32H417,CH32H417DS0.PDF,2-1-1,H417MEU6,32,PB10,gpio,#,confirmed,pin-table:zh+pin-table:en
CH32H417,CH32H417DS0.PDF,2-1-1,H417MEU6,33,PB11,gpio,#,confirmed,pin-table:zh+pin-table:en
CH32H417,CH32H417DS0.PDF,2-1-1,H417MEU6,34,VIO18,power,#,confirmed,pin-table:zh+pin-table:en
CH32H417,CH32H417DS0.PDF,2-1-1,H417MEU6,35,VDDIO,power,#,confirmed,pin-table:zh+pin-table:en
CH32H417,CH32H417DS0.PDF,2-1-1,H417MEU6,36,PB12,gpio,#,confirmed,pin-table:zh+pin-table:en
CH32H417,CH32H417DS0.PDF,2-1-1,H417MEU6,37,PB13,gpio,#,confirmed,pin-table:zh+pin-table:en
CH32H417,CH32H417DS0.PDF,2-1-1,H417MEU6,38,PB14,gpio,#,confirmed,pin-table:zh+pin-table:en
CH32H417,CH32H417DS0.PDF,2-1-1,H417MEU6,39,PD10,gpio,#,confirmed,pin-table:zh+pin-table:en
CH32H417,CH32H417DS0.PDF,2-1-1,H417MEU6,40,PD11,gpio,#,confirmed,pin-table:zh+pin-table:en
CH32H417,CH32H417DS0.PDF,2-1-1,H417MEU6,41,PD12,gpio,#,confirmed,pin-table:zh+pin-table:en
CH32H417,CH32H417DS0.PDF,2-1-1,H417MEU6,42,PD13,gpio,#,confirmed,pin-table:zh+pin-table:en
CH32H417,CH32H417DS0.PDF,2-1-1,H417MEU6,43,PD14,gpio,#,confirmed,pin-table:zh+pin-table:en
CH32H417,CH32H417DS0.PDF,2-1-1,H417MEU6,44,PD15,gpio,#,confirmed,pin-table:zh+pin-table:en
CH32H417,CH32H417DS0.PDF,2-1-1,H417MEU6,45,PF0,gpio,#,confirmed,pin-table:zh+pin-table:en
CH32H417,CH32H417DS0.PDF,2-1-1,H417MEU6,46,PF1,gpio,#,confirmed,pin-table:zh+pin-table:en
CH32H417,CH32H417DS0.PDF,2-1-1,H417MEU6,47,PF2,gpio,#,confirmed,pin-table:zh+pin-table:en
CH32H417,CH32H417DS0.PDF,2-1-1,H417MEU6,48,VDDK,power,#,confirmed,pin-table:zh+pin-table:en
CH32H417,CH32H417DS0.PDF,2-1-1,H417MEU6,49,VIO18,power,#,confirmed,pin-table:zh+pin-table:en
CH32H417,CH32H417DS0.PDF,2-1-1,H417MEU6,50,PC6,gpio,#,confirmed,pin-table:zh+pin-table:en
CH32H417,CH32H417DS0.PDF,2-1-1,H417MEU6,51,PC7,gpio,#,confirmed,pin-table:zh+pin-table:en
CH32H417,CH32H417DS0.PDF,2-1-1,H417MEU6,52,PC8,gpio,#,confirmed,pin-table:zh+pin-table:en
CH32H417,CH32H417DS0.PDF,2-1-1,H417MEU6,53,PC9,gpio,#,confirmed,pin-table:zh+pin-table:en
CH32H417,CH32H417DS0.PDF,2-1-1,H417MEU6,54,PA9,gpio,#,confirmed,pin-table:zh+pin-table:en
CH32H417,CH32H417DS0.PDF,2-1-1,H417MEU6,55,PA10,gpio,#,confirmed,pin-table:zh+pin-table:en
CH32H417,CH32H417DS0.PDF,2-1-1,H417MEU6,56,PA11,gpio,#,confirmed,pin-table:zh+pin-table:en
CH32H417,CH32H417DS0.PDF,2-1-1,H417MEU6,57,PA12,gpio,#,confirmed,pin-table:zh+pin-table:en
CH32H417,CH32H417DS0.PDF,2-1-1,H417MEU6,58,PA13,gpio,#,confirmed,pin-table:zh+pin-table:en
CH32H417,CH32H417DS0.PDF,2-1-1,H417MEU6,59,VDD33,power,#,confirmed,pin-table:zh+pin-table:en
CH32H417,CH32H417DS0.PDF,2-1-1,H417MEU6,60,PA14,gpio,#,confirmed,pin-table:zh+pin-table:en
CH32H417,CH32H417DS0.PDF,2-1-1,H417MEU6,61,PA15,gpio,#,confirmed,pin-table:zh+pin-table:en
CH32H417,CH32H417DS0.PDF,2-1-1,H417MEU6,62,PC10,gpio,#,confirmed,pin-table:zh+pin-table:en
CH32H417,CH32H417DS0.PDF,2-1-1,H417MEU6,63,PC11,gpio,#,confirmed,pin-table:zh+pin-table:en
CH32H417,CH32H417DS0.PDF,2-1-1,H417MEU6,64,PC12,gpio,#,confirmed,pin-table:zh+pin-table:en
CH32H417,CH32H417DS0.PDF,2-1-1,H417MEU6,65,PD0,gpio,#,confirmed,pin-table:zh+pin-table:en
CH32H417,CH32H417DS0.PDF,2-1-1,H417MEU6,66,PD1,gpio,#,confirmed,pin-table:zh+pin-table:en
CH32H417,CH32H417DS0.PDF,2-1-1,H417MEU6,67,PD2,gpio,#,confirmed,pin-table:zh+pin-table:en
CH32H417,CH32H417DS0.PDF,2-1-1,H417MEU6,68,PD3,gpio,#,confirmed,pin-table:zh+pin-table:en
CH32H417,CH32H417DS0.PDF,2-1-1,H417MEU6,69,PD4,gpio,#,confirmed,pin-table:zh+pin-table:en
CH32H417,CH32H417DS0.PDF,2-1-1,H417MEU6,70,PD5,gpio,#,confirmed,pin-table:zh+pin-table:en
CH32H417,CH32H417DS0.PDF,2-1-1,H417MEU6,71,PD6,gpio,#,confirmed,pin-table:zh+pin-table:en
CH32H417,CH32H417DS0.PDF,2-1-1,H417MEU6,72,PD7,gpio,#,confirmed,pin-table:zh+pin-table:en
CH32H417,CH32H417DS0.PDF,2-1-1,H417MEU6,73,PF3,gpio,#,confirmed,pin-table:zh+pin-table:en
CH32H417,CH32H417DS0.PDF,2-1-1,H417MEU6,74,PF4,gpio,#,confirmed,pin-table:zh+pin-table:en
CH32H417,CH32H417DS0.PDF,2-1-1,H417MEU6,75,PF5,gpio,#,confirmed,pin-table:zh+pin-table:en
CH32H417,CH32H417DS0.PDF,2-1-1,H417MEU6,76,PE0,gpio,#,confirmed,pin-table:zh+pin-table:en
CH32H417,CH32H417DS0.PDF,2-1-1,H417MEU6,77,PE1,gpio,#,confirmed,pin-table:zh+pin-table:en
CH32H417,CH32H417DS0.PDF,2-1-1,H417MEU6,78,PF14,gpio,#,confirmed,pin-table:zh+pin-table:en
CH32H417,CH32H417DS0.PDF,2-1-1,H417MEU6,79,VIO18,power,#,confirmed,pin-table:zh+pin-table:en
CH32H417,CH32H417DS0.PDF,2-1-1,H417MEU6,80,PB3,gpio,#,confirmed,pin-table:zh+pin-table:en
CH32H417,CH32H417DS0.PDF,2-1-1,H417MEU6,81,PB4,gpio,#,confirmed,pin-table:zh+pin-table:en
CH32H417,CH32H417DS0.PDF,2-1-1,H417MEU6,82,PB8,gpio,#,confirmed,pin-table:zh+pin-table:en
CH32H417,CH32H417DS0.PDF,2-1-1,H417MEU6,83,PB9,gpio,#,confirmed,pin-table:zh+pin-table:en
CH32H417,CH32H417DS0.PDF,2-1-1,H417MEU6,86,VDD12A,power,#,confirmed,pin-table:zh+pin-table:en
CH32H417,CH32H417DS0.PDF,2-1-1,H417MEU6,EP,VSS,power,#,confirmed,pin-table:zh+pin-table:en
CH32H417,CH32H417DS0.PDF,2-1-1,H417QEU6,1,PE2,gpio,#,confirmed,pin-table:zh+pin-table:en
CH32H417,CH32H417DS0.PDF,2-1-1,H417QEU6,2,PE3,gpio,#,confirmed,pin-table:zh+pin-table:en
CH32H417,CH32H417DS0.PDF,2-1-1,H417QEU6,3,PE4,gpio,#,confirmed,pin-table:zh+pin-table:en
CH32H417,CH32H417DS0.PDF,2-1-1,H417QEU6,4,PE5,gpio,#,confirmed,pin-table:zh+pin-table:en
CH32H417,CH32H417DS0.PDF,2-1-1,H417QEU6,5,PE6,gpio,#,confirmed,pin-table:zh+pin-table:en
CH32H417,CH32H417DS0.PDF,2-1-1,H417QEU6,6,VDDIO,power,#,confirmed,pin-table:zh+pin-table:en
CH32H417,CH32H417DS0.PDF,2-1-1,H417QEU6,7,VBAT,power,#,confirmed,pin-table:zh+pin-table:en
CH32H417,CH32H417DS0.PDF,2-1-1,H417QEU6,8,PC13-RTC,gpio,#,confirmed,pin-table:zh+pin-table:en
CH32H417,CH32H417DS0.PDF,2-1-1,H417QEU6,11,VDDK,power,#,confirmed,pin-table:zh+pin-table:en
CH32H417,CH32H417DS0.PDF,2-1-1,H417QEU6,12,MDIRN,other,#,confirmed,pin-table:zh+pin-table:en
CH32H417,CH32H417DS0.PDF,2-1-1,H417QEU6,13,MDIRP,other,#,confirmed,pin-table:zh+pin-table:en
CH32H417,CH32H417DS0.PDF,2-1-1,H417QEU6,14,MDITN,other,#,confirmed,pin-table:zh+pin-table:en
CH32H417,CH32H417DS0.PDF,2-1-1,H417QEU6,15,MDITP,other,#,confirmed,pin-table:zh+pin-table:en
CH32H417,CH32H417DS0.PDF,2-1-1,H417QEU6,16,VDD33,power,#,confirmed,pin-table:zh+pin-table:en
CH32H417,CH32H417DS0.PDF,2-1-1,H417QEU6,17,PF6,gpio,#,confirmed,pin-table:zh+pin-table:en
CH32H417,CH32H417DS0.PDF,2-1-1,H417QEU6,18,PF7,gpio,#,confirmed,pin-table:zh+pin-table:en
CH32H417,CH32H417DS0.PDF,2-1-1,H417QEU6,19,PF8,gpio,#,confirmed,pin-table:zh+pin-table:en
CH32H417,CH32H417DS0.PDF,2-1-1,H417QEU6,20,PF9,gpio,#,confirmed,pin-table:zh+pin-table:en
CH32H417,CH32H417DS0.PDF,2-1-1,H417QEU6,21,PF10,gpio,#,confirmed,pin-table:zh+pin-table:en
CH32H417,CH32H417DS0.PDF,2-1-1,H417QEU6,22,VSS,power,#,confirmed,pin-table:zh+pin-table:en
CH32H417,CH32H417DS0.PDF,2-1-1,H417QEU6,23,XI,other,#,confirmed,pin-table:zh+pin-table:en
CH32H417,CH32H417DS0.PDF,2-1-1,H417QEU6,24,XO,other,#,confirmed,pin-table:zh+pin-table:en
CH32H417,CH32H417DS0.PDF,2-1-1,H417QEU6,25,NRST,other,#,confirmed,pin-table:zh+pin-table:en
CH32H417,CH32H417DS0.PDF,2-1-1,H417QEU6,26,PC0,gpio,#,confirmed,pin-table:zh+pin-table:en
CH32H417,CH32H417DS0.PDF,2-1-1,H417QEU6,27,PC1,gpio,#,confirmed,pin-table:zh+pin-table:en
CH32H417,CH32H417DS0.PDF,2-1-1,H417QEU6,28,PC2,gpio,#,confirmed,pin-table:zh+pin-table:en
CH32H417,CH32H417DS0.PDF,2-1-1,H417QEU6,29,PC3,gpio,#,confirmed,pin-table:zh+pin-table:en
CH32H417,CH32H417DS0.PDF,2-1-1,H417QEU6,30,VDDIO,power,#,confirmed,pin-table:zh+pin-table:en
CH32H417,CH32H417DS0.PDF,2-1-1,H417QEU6,31,VSSA,power,#,confirmed,pin-table:zh+pin-table:en
CH32H417,CH32H417DS0.PDF,2-1-1,H417QEU6,32,VREFP,power,#,confirmed,pin-table:zh+pin-table:en
CH32H417,CH32H417DS0.PDF,2-1-1,H417QEU6,33,VDD33A,power,#,confirmed,pin-table:zh+pin-table:en
CH32H417,CH32H417DS0.PDF,2-1-1,H417QEU6,34,PA0,gpio,#,confirmed,pin-table:zh+pin-table:en
CH32H417,CH32H417DS0.PDF,2-1-1,H417QEU6,35,PA1,gpio,#,confirmed,pin-table:zh+pin-table:en
CH32H417,CH32H417DS0.PDF,2-1-1,H417QEU6,36,PA2,gpio,#,confirmed,pin-table:zh+pin-table:en
CH32H417,CH32H417DS0.PDF,2-1-1,H417QEU6,37,PA3,gpio,#,confirmed,pin-table:zh+pin-table:en
CH32H417,CH32H417DS0.PDF,2-1-1,H417QEU6,38,VDDIO,power,#,confirmed,pin-table:zh+pin-table:en
CH32H417,CH32H417DS0.PDF,2-1-1,H417QEU6,39,PA4,gpio,#,confirmed,pin-table:zh+pin-table:en
CH32H417,CH32H417DS0.PDF,2-1-1,H417QEU6,40,PA5,gpio,#,confirmed,pin-table:zh+pin-table:en
CH32H417,CH32H417DS0.PDF,2-1-1,H417QEU6,41,PA6,gpio,#,confirmed,pin-table:zh+pin-table:en
CH32H417,CH32H417DS0.PDF,2-1-1,H417QEU6,42,PA7,gpio,#,confirmed,pin-table:zh+pin-table:en
CH32H417,CH32H417DS0.PDF,2-1-1,H417QEU6,43,PC4,gpio,#,confirmed,pin-table:zh+pin-table:en
CH32H417,CH32H417DS0.PDF,2-1-1,H417QEU6,44,PC5,gpio,#,confirmed,pin-table:zh+pin-table:en
CH32H417,CH32H417DS0.PDF,2-1-1,H417QEU6,45,PB0,gpio,#,confirmed,pin-table:zh+pin-table:en
CH32H417,CH32H417DS0.PDF,2-1-1,H417QEU6,46,PB1,gpio,#,confirmed,pin-table:zh+pin-table:en
CH32H417,CH32H417DS0.PDF,2-1-1,H417QEU6,47,PB2,gpio,#,confirmed,pin-table:zh+pin-table:en
CH32H417,CH32H417DS0.PDF,2-1-1,H417QEU6,48,PF11,gpio,#,confirmed,pin-table:zh+pin-table:en
CH32H417,CH32H417DS0.PDF,2-1-1,H417QEU6,49,PF12,gpio,#,confirmed,pin-table:zh+pin-table:en
CH32H417,CH32H417DS0.PDF,2-1-1,H417QEU6,50,PF13,gpio,#,confirmed,pin-table:zh+pin-table:en
CH32H417,CH32H417DS0.PDF,2-1-1,H417QEU6,51,VDDIO,power,#,confirmed,pin-table:zh+pin-table:en
CH32H417,CH32H417DS0.PDF,2-1-1,H417QEU6,52,PE7,gpio,#,confirmed,pin-table:zh+pin-table:en
CH32H417,CH32H417DS0.PDF,2-1-1,H417QEU6,53,PE8,gpio,#,confirmed,pin-table:zh+pin-table:en
CH32H417,CH32H417DS0.PDF,2-1-1,H417QEU6,54,PE9,gpio,#,confirmed,pin-table:zh+pin-table:en
CH32H417,CH32H417DS0.PDF,2-1-1,H417QEU6,55,PE10,gpio,#,confirmed,pin-table:zh+pin-table:en
CH32H417,CH32H417DS0.PDF,2-1-1,H417QEU6,56,PE11,gpio,#,confirmed,pin-table:zh+pin-table:en
CH32H417,CH32H417DS0.PDF,2-1-1,H417QEU6,57,PE12,gpio,#,confirmed,pin-table:zh+pin-table:en
CH32H417,CH32H417DS0.PDF,2-1-1,H417QEU6,58,PE13,gpio,#,confirmed,pin-table:zh+pin-table:en
CH32H417,CH32H417DS0.PDF,2-1-1,H417QEU6,59,PE14,gpio,#,confirmed,pin-table:zh+pin-table:en
CH32H417,CH32H417DS0.PDF,2-1-1,H417QEU6,60,PE15,gpio,#,confirmed,pin-table:zh+pin-table:en
CH32H417,CH32H417DS0.PDF,2-1-1,H417QEU6,61,PB10,gpio,#,confirmed,pin-table:zh+pin-table:en
CH32H417,CH32H417DS0.PDF,2-1-1,H417QEU6,62,PB11,gpio,#,confirmed,pin-table:zh+pin-table:en
CH32H417,CH32H417DS0.PDF,2-1-1,H417QEU6,63,VIO18,power,#,confirmed,pin-table:zh+pin-table:en
CH32H417,CH32H417DS0.PDF,2-1-1,H417QEU6,64,VDDIO,power,#,confirmed,pin-table:zh+pin-table:en
CH32H417,CH32H417DS0.PDF,2-1-1,H417QEU6,65,PB12,gpio,#,confirmed,pin-table:zh+pin-table:en
CH32H417,CH32H417DS0.PDF,2-1-1,H417QEU6,66,PB13,gpio,#,confirmed,pin-table:zh+pin-table:en
CH32H417,CH32H417DS0.PDF,2-1-1,H417QEU6,67,PB14,gpio,#,confirmed,pin-table:zh+pin-table:en
CH32H417,CH32H417DS0.PDF,2-1-1,H417QEU6,68,PB15,gpio,#,confirmed,pin-table:zh+pin-table:en
CH32H417,CH32H417DS0.PDF,2-1-1,H417QEU6,69,PD8,gpio,#,confirmed,pin-table:zh+pin-table:en
CH32H417,CH32H417DS0.PDF,2-1-1,H417QEU6,70,PD9,gpio,#,confirmed,pin-table:zh+pin-table:en
CH32H417,CH32H417DS0.PDF,2-1-1,H417QEU6,71,PD10,gpio,#,confirmed,pin-table:zh+pin-table:en
CH32H417,CH32H417DS0.PDF,2-1-1,H417QEU6,72,PD11,gpio,#,confirmed,pin-table:zh+pin-table:en
CH32H417,CH32H417DS0.PDF,2-1-1,H417QEU6,73,PD12,gpio,#,confirmed,pin-table:zh+pin-table:en
CH32H417,CH32H417DS0.PDF,2-1-1,H417QEU6,74,PD13,gpio,#,confirmed,pin-table:zh+pin-table:en
CH32H417,CH32H417DS0.PDF,2-1-1,H417QEU6,75,PD14,gpio,#,confirmed,pin-table:zh+pin-table:en
CH32H417,CH32H417DS0.PDF,2-1-1,H417QEU6,76,PD15,gpio,#,confirmed,pin-table:zh+pin-table:en
CH32H417,CH32H417DS0.PDF,2-1-1,H417QEU6,77,PF0,gpio,#,confirmed,pin-table:zh+pin-table:en
CH32H417,CH32H417DS0.PDF,2-1-1,H417QEU6,78,PF1,gpio,#,confirmed,pin-table:zh+pin-table:en
CH32H417,CH32H417DS0.PDF,2-1-1,H417QEU6,79,PF2,gpio,#,confirmed,pin-table:zh+pin-table:en
CH32H417,CH32H417DS0.PDF,2-1-1,H417QEU6,80,VDDK,power,#,confirmed,pin-table:zh+pin-table:en
CH32H417,CH32H417DS0.PDF,2-1-1,H417QEU6,81,VIO18,power,#,confirmed,pin-table:zh+pin-table:en
CH32H417,CH32H417DS0.PDF,2-1-1,H417QEU6,82,VDDIO,power,#,confirmed,pin-table:zh+pin-table:en
CH32H417,CH32H417DS0.PDF,2-1-1,H417QEU6,83,PC6,gpio,#,confirmed,pin-table:zh+pin-table:en
CH32H417,CH32H417DS0.PDF,2-1-1,H417QEU6,84,PC7,gpio,#,confirmed,pin-table:zh+pin-table:en
CH32H417,CH32H417DS0.PDF,2-1-1,H417QEU6,85,PC8,gpio,#,confirmed,pin-table:zh+pin-table:en
CH32H417,CH32H417DS0.PDF,2-1-1,H417QEU6,86,PC9,gpio,#,confirmed,pin-table:zh+pin-table:en
CH32H417,CH32H417DS0.PDF,2-1-1,H417QEU6,87,PA8,gpio,#,confirmed,pin-table:zh+pin-table:en
CH32H417,CH32H417DS0.PDF,2-1-1,H417QEU6,88,PA9,gpio,#,confirmed,pin-table:zh+pin-table:en
CH32H417,CH32H417DS0.PDF,2-1-1,H417QEU6,89,PA10,gpio,#,confirmed,pin-table:zh+pin-table:en
CH32H417,CH32H417DS0.PDF,2-1-1,H417QEU6,90,PA11,gpio,#,confirmed,pin-table:zh+pin-table:en
CH32H417,CH32H417DS0.PDF,2-1-1,H417QEU6,91,PA12,gpio,#,confirmed,pin-table:zh+pin-table:en
CH32H417,CH32H417DS0.PDF,2-1-1,H417QEU6,92,PA13,gpio,#,confirmed,pin-table:zh+pin-table:en
CH32H417,CH32H417DS0.PDF,2-1-1,H417QEU6,93,VDD33,power,#,confirmed,pin-table:zh+pin-table:en
CH32H417,CH32H417DS0.PDF,2-1-1,H417QEU6,94,PA14,gpio,#,confirmed,pin-table:zh+pin-table:en
CH32H417,CH32H417DS0.PDF,2-1-1,H417QEU6,95,PA15,gpio,#,confirmed,pin-table:zh+pin-table:en
CH32H417,CH32H417DS0.PDF,2-1-1,H417QEU6,96,PC10,gpio,#,confirmed,pin-table:zh+pin-table:en
CH32H417,CH32H417DS0.PDF,2-1-1,H417QEU6,97,PC11,gpio,#,confirmed,pin-table:zh+pin-table:en
CH32H417,CH32H417DS0.PDF,2-1-1,H417QEU6,98,PC12,gpio,#,confirmed,pin-table:zh+pin-table:en
CH32H417,CH32H417DS0.PDF,2-1-1,H417QEU6,99,PD0,gpio,#,confirmed,pin-table:zh+pin-table:en
CH32H417,CH32H417DS0.PDF,2-1-1,H417QEU6,100,PD1,gpio,#,confirmed,pin-table:zh+pin-table:en
CH32H417,CH32H417DS0.PDF,2-1-1,H417QEU6,101,PD2,gpio,#,confirmed,pin-table:zh+pin-table:en
CH32H417,CH32H417DS0.PDF,2-1-1,H417QEU6,102,PD3,gpio,#,confirmed,pin-table:zh+pin-table:en
CH32H417,CH32H417DS0.PDF,2-1-1,H417QEU6,103,PD4,gpio,#,confirmed,pin-table:zh+pin-table:en
CH32H417,CH32H417DS0.PDF,2-1-1,H417QEU6,104,PD5,gpio,#,confirmed,pin-table:zh+pin-table:en
CH32H417,CH32H417DS0.PDF,2-1-1,H417QEU6,105,VIO18,power,#,confirmed,pin-table:zh+pin-table:en
CH32H417,CH32H417DS0.PDF,2-1-1,H417QEU6,106,PD6,gpio,#,confirmed,pin-table:zh+pin-table:en
CH32H417,CH32H417DS0.PDF,2-1-1,H417QEU6,107,PD7,gpio,#,confirmed,pin-table:zh+pin-table:en
CH32H417,CH32H417DS0.PDF,2-1-1,H417QEU6,108,PF3,gpio,#,confirmed,pin-table:zh+pin-table:en
CH32H417,CH32H417DS0.PDF,2-1-1,H417QEU6,109,PF4,gpio,#,confirmed,pin-table:zh+pin-table:en
CH32H417,CH32H417DS0.PDF,2-1-1,H417QEU6,110,PF5,gpio,#,confirmed,pin-table:zh+pin-table:en
CH32H417,CH32H417DS0.PDF,2-1-1,H417QEU6,111,PE0,gpio,#,confirmed,pin-table:zh+pin-table:en
CH32H417,CH32H417DS0.PDF,2-1-1,H417QEU6,112,PE1,gpio,#,confirmed,pin-table:zh+pin-table:en
CH32H417,CH32H417DS0.PDF,2-1-1,H417QEU6,113,PF14,gpio,#,confirmed,pin-table:zh+pin-table:en
CH32H417,CH32H417DS0.PDF,2-1-1,H417QEU6,114,VDDIO,power,#,confirmed,pin-table:zh+pin-table:en
CH32H417,CH32H417DS0.PDF,2-1-1,H417QEU6,115,PB3,gpio,#,confirmed,pin-table:zh+pin-table:en
CH32H417,CH32H417DS0.PDF,2-1-1,H417QEU6,116,PB4,gpio,#,confirmed,pin-table:zh+pin-table:en
CH32H417,CH32H417DS0.PDF,2-1-1,H417QEU6,117,PB5,gpio,#,confirmed,pin-table:zh+pin-table:en
CH32H417,CH32H417DS0.PDF,2-1-1,H417QEU6,118,PB6,gpio,#,confirmed,pin-table:zh+pin-table:en
CH32H417,CH32H417DS0.PDF,2-1-1,H417QEU6,119,PB7,gpio,#,confirmed,pin-table:zh+pin-table:en
CH32H417,CH32H417DS0.PDF,2-1-1,H417QEU6,120,PB8,gpio,#,confirmed,pin-table:zh+pin-table:en
CH32H417,CH32H417DS0.PDF,2-1-1,H417QEU6,121,PB9,gpio,#,confirmed,pin-table:zh+pin-table:en
CH32H417,CH32H417DS0.PDF,2-1-1,H417QEU6,122,VSS,power,#,confirmed,pin-table:zh+pin-table:en
CH32H417,CH32H417DS0.PDF,2-1-1,H417QEU6,125,VDD12A,power,#,confirmed,pin-table:zh+pin-table:en
CH32H417,CH32H417DS0.PDF,2-1-1,H417QEU6,128,VDD33,power,#,confirmed,pin-table:zh+pin-table:en
CH32H417,CH32H417DS0.PDF,2-1-1,H417QEU6,EP,VSS,power,#,confirmed,pin-table:zh+pin-table:en
CH32H417,CH32H417DS0.PDF,2-1-1,H417WEU6,3,VDD12A,power,#,confirmed,pin-table:zh+pin-table:en
CH32H417,CH32H417DS0.PDF,2-1-1,H417WEU6,6,VDD33,power,#,confirmed,pin-table:zh+pin-table:en
CH32H417,CH32H417DS0.PDF,2-1-1,H417WEU6,7,VDDK,power,#,confirmed,pin-table:zh+pin-table:en
CH32H417,CH32H417DS0.PDF,2-1-1,H417WEU6,8,MDIRN,other,#,confirmed,pin-table:zh+pin-table:en
CH32H417,CH32H417DS0.PDF,2-1-1,H417WEU6,9,MDIRP,other,#,confirmed,pin-table:zh+pin-table:en
CH32H417,CH32H417DS0.PDF,2-1-1,H417WEU6,10,MDITN,other,#,confirmed,pin-table:zh+pin-table:en
CH32H417,CH32H417DS0.PDF,2-1-1,H417WEU6,11,MDITP,other,#,confirmed,pin-table:zh+pin-table:en
CH32H417,CH32H417DS0.PDF,2-1-1,H417WEU6,12,VDD33,power,#,confirmed,pin-table:zh+pin-table:en
CH32H417,CH32H417DS0.PDF,2-1-1,H417WEU6,13,XI,other,#,confirmed,pin-table:zh+pin-table:en
CH32H417,CH32H417DS0.PDF,2-1-1,H417WEU6,14,XO,other,#,confirmed,pin-table:zh+pin-table:en
CH32H417,CH32H417DS0.PDF,2-1-1,H417WEU6,15,PC0,gpio,#,confirmed,pin-table:zh+pin-table:en
CH32H417,CH32H417DS0.PDF,2-1-1,H417WEU6,16,PC1,gpio,#,confirmed,pin-table:zh+pin-table:en
CH32H417,CH32H417DS0.PDF,2-1-1,H417WEU6,17,PC2,gpio,#,confirmed,pin-table:zh+pin-table:en
CH32H417,CH32H417DS0.PDF,2-1-1,H417WEU6,18,PC3,gpio,#,confirmed,pin-table:zh+pin-table:en
CH32H417,CH32H417DS0.PDF,2-1-1,H417WEU6,19,VDD33A,power,#,confirmed,pin-table:zh+pin-table:en
CH32H417,CH32H417DS0.PDF,2-1-1,H417WEU6,20,PA5,gpio,#,confirmed,pin-table:zh+pin-table:en
CH32H417,CH32H417DS0.PDF,2-1-1,H417WEU6,21,PB0,gpio,#,confirmed,pin-table:zh+pin-table:en
CH32H417,CH32H417DS0.PDF,2-1-1,H417WEU6,22,PB1,gpio,#,confirmed,pin-table:zh+pin-table:en
CH32H417,CH32H417DS0.PDF,2-1-1,H417WEU6,23,PE13,gpio,#,confirmed,pin-table:zh+pin-table:en
CH32H417,CH32H417DS0.PDF,2-1-1,H417WEU6,24,PE14,gpio,#,confirmed,pin-table:zh+pin-table:en
CH32H417,CH32H417DS0.PDF,2-1-1,H417WEU6,25,PE15,gpio,#,confirmed,pin-table:zh+pin-table:en
CH32H417,CH32H417DS0.PDF,2-1-1,H417WEU6,26,PB10,gpio,#,confirmed,pin-table:zh+pin-table:en
CH32H417,CH32H417DS0.PDF,2-1-1,H417WEU6,27,PB11,gpio,#,confirmed,pin-table:zh+pin-table:en
CH32H417,CH32H417DS0.PDF,2-1-1,H417WEU6,28,VIO18,power,#,confirmed,pin-table:zh+pin-table:en
CH32H417,CH32H417DS0.PDF,2-1-1,H417WEU6,29,VDDIO,power,#,confirmed,pin-table:zh+pin-table:en
CH32H417,CH32H417DS0.PDF,2-1-1,H417WEU6,30,PB12,gpio,#,confirmed,pin-table:zh+pin-table:en
CH32H417,CH32H417DS0.PDF,2-1-1,H417WEU6,31,PB13,gpio,#,confirmed,pin-table:zh+pin-table:en
CH32H417,CH32H417DS0.PDF,2-1-1,H417WEU6,32,PB14,gpio,#,confirmed,pin-table:zh+pin-table:en
CH32H417,CH32H417DS0.PDF,2-1-1,H417WEU6,33,PD10,gpio,#,confirmed,pin-table:zh+pin-table:en
CH32H417,CH32H417DS0.PDF,2-1-1,H417WEU6,34,PD11,gpio,#,confirmed,pin-table:zh+pin-table:en
CH32H417,CH32H417DS0.PDF,2-1-1,H417WEU6,35,PD12,gpio,#,confirmed,pin-table:zh+pin-table:en
CH32H417,CH32H417DS0.PDF,2-1-1,H417WEU6,36,PD13,gpio,#,confirmed,pin-table:zh+pin-table:en
CH32H417,CH32H417DS0.PDF,2-1-1,H417WEU6,37,PD14,gpio,#,confirmed,pin-table:zh+pin-table:en
CH32H417,CH32H417DS0.PDF,2-1-1,H417WEU6,38,PD15,gpio,#,confirmed,pin-table:zh+pin-table:en
CH32H417,CH32H417DS0.PDF,2-1-1,H417WEU6,39,PF0,gpio,#,confirmed,pin-table:zh+pin-table:en
CH32H417,CH32H417DS0.PDF,2-1-1,H417WEU6,40,PF1,gpio,#,confirmed,pin-table:zh+pin-table:en
CH32H417,CH32H417DS0.PDF,2-1-1,H417WEU6,41,PF2,gpio,#,confirmed,pin-table:zh+pin-table:en
CH32H417,CH32H417DS0.PDF,2-1-1,H417WEU6,42,PC6,gpio,#,confirmed,pin-table:zh+pin-table:en
CH32H417,CH32H417DS0.PDF,2-1-1,H417WEU6,43,PC7,gpio,#,confirmed,pin-table:zh+pin-table:en
CH32H417,CH32H417DS0.PDF,2-1-1,H417WEU6,44,PC8,gpio,#,confirmed,pin-table:zh+pin-table:en
CH32H417,CH32H417DS0.PDF,2-1-1,H417WEU6,45,PC9,gpio,#,confirmed,pin-table:zh+pin-table:en
CH32H417,CH32H417DS0.PDF,2-1-1,H417WEU6,46,PA13,gpio,#,confirmed,pin-table:zh+pin-table:en
CH32H417,CH32H417DS0.PDF,2-1-1,H417WEU6,47,PA14,gpio,#,confirmed,pin-table:zh+pin-table:en
CH32H417,CH32H417DS0.PDF,2-1-1,H417WEU6,48,PA15,gpio,#,confirmed,pin-table:zh+pin-table:en
CH32H417,CH32H417DS0.PDF,2-1-1,H417WEU6,49,PC10,gpio,#,confirmed,pin-table:zh+pin-table:en
CH32H417,CH32H417DS0.PDF,2-1-1,H417WEU6,50,PC11,gpio,#,confirmed,pin-table:zh+pin-table:en
CH32H417,CH32H417DS0.PDF,2-1-1,H417WEU6,51,PC12,gpio,#,confirmed,pin-table:zh+pin-table:en
CH32H417,CH32H417DS0.PDF,2-1-1,H417WEU6,52,PD0,gpio,#,confirmed,pin-table:zh+pin-table:en
CH32H417,CH32H417DS0.PDF,2-1-1,H417WEU6,53,PD1,gpio,#,confirmed,pin-table:zh+pin-table:en
CH32H417,CH32H417DS0.PDF,2-1-1,H417WEU6,54,PD2,gpio,#,confirmed,pin-table:zh+pin-table:en
CH32H417,CH32H417DS0.PDF,2-1-1,H417WEU6,55,PD3,gpio,#,confirmed,pin-table:zh+pin-table:en
CH32H417,CH32H417DS0.PDF,2-1-1,H417WEU6,56,PD4,gpio,#,confirmed,pin-table:zh+pin-table:en
CH32H417,CH32H417DS0.PDF,2-1-1,H417WEU6,57,PD5,gpio,#,confirmed,pin-table:zh+pin-table:en
CH32H417,CH32H417DS0.PDF,2-1-1,H417WEU6,58,PD6,gpio,#,confirmed,pin-table:zh+pin-table:en
CH32H417,CH32H417DS0.PDF,2-1-1,H417WEU6,59,PD7,gpio,#,confirmed,pin-table:zh+pin-table:en
CH32H417,CH32H417DS0.PDF,2-1-1,H417WEU6,60,PF3,gpio,#,confirmed,pin-table:zh+pin-table:en
CH32H417,CH32H417DS0.PDF,2-1-1,H417WEU6,61,PF4,gpio,#,confirmed,pin-table:zh+pin-table:en
CH32H417,CH32H417DS0.PDF,2-1-1,H417WEU6,62,PF5,gpio,#,confirmed,pin-table:zh+pin-table:en
CH32H417,CH32H417DS0.PDF,2-1-1,H417WEU6,63,PE0,gpio,#,confirmed,pin-table:zh+pin-table:en
CH32H417,CH32H417DS0.PDF,2-1-1,H417WEU6,64,PE1,gpio,#,confirmed,pin-table:zh+pin-table:en
CH32H417,CH32H417DS0.PDF,2-1-1,H417WEU6,65,PF14,gpio,#,confirmed,pin-table:zh+pin-table:en
CH32H417,CH32H417DS0.PDF,2-1-1,H417WEU6,66,VIO18,power,#,confirmed,pin-table:zh+pin-table:en
CH32H417,CH32H417DS0.PDF,2-1-1,H417WEU6,67,PB8,gpio,#,confirmed,pin-table:zh+pin-table:en
CH32H417,CH32H417DS0.PDF,2-1-1,H417WEU6,68,PB9,gpio,#,confirmed,pin-table:zh+pin-table:en
CH32H417,CH32H417DS0.PDF,2-1-1,H417WEU6,EP,VSS,power,#,confirmed,pin-table:zh+pin-table:en
CH32H417,CH32H417DS0.PDF,2-1-2,H416RDU6,1,VDDK,power,#,confirmed,pin-table:zh+pin-table:en
CH32H417,CH32H417DS0.PDF,2-1-2,H416RDU6,2,VDD33,power,#,confirmed,pin-table:zh+pin-table:en
CH32H417,CH32H417DS0.PDF,2-1-2,H416RDU6,3,PF6,gpio,#,confirmed,pin-table:zh+pin-table:en
CH32H417,CH32H417DS0.PDF,2-1-2,H416RDU6,4,PF7,gpio,#,confirmed,pin-table:zh+pin-table:en
CH32H417,CH32H417DS0.PDF,2-1-2,H416RDU6,5,PF8,gpio,#,confirmed,pin-table:zh+pin-table:en
CH32H417,CH32H417DS0.PDF,2-1-2,H416RDU6,6,PF9,gpio,#,confirmed,pin-table:zh+pin-table:en
CH32H417,CH32H417DS0.PDF,2-1-2,H416RDU6,7,PF10,gpio,#,confirmed,pin-table:zh+pin-table:en
CH32H417,CH32H417DS0.PDF,2-1-2,H416RDU6,8,XI,other,#,confirmed,pin-table:zh+pin-table:en
CH32H417,CH32H417DS0.PDF,2-1-2,H416RDU6,9,XO,other,#,confirmed,pin-table:zh+pin-table:en
CH32H417,CH32H417DS0.PDF,2-1-2,H416RDU6,10,PC0,gpio,#,confirmed,pin-table:zh+pin-table:en
CH32H417,CH32H417DS0.PDF,2-1-2,H416RDU6,11,PC1,gpio,#,confirmed,pin-table:zh+pin-table:en
CH32H417,CH32H417DS0.PDF,2-1-2,H416RDU6,12,PC2,gpio,#,confirmed,pin-table:zh+pin-table:en
CH32H417,CH32H417DS0.PDF,2-1-2,H416RDU6,13,PC3,gpio,#,confirmed,pin-table:zh+pin-table:en
CH32H417,CH32H417DS0.PDF,2-1-2,H416RDU6,14,VREFP,power,#,confirmed,pin-table:zh+pin-table:en
CH32H417,CH32H417DS0.PDF,2-1-2,H416RDU6,15,VDD33A,power,#,confirmed,pin-table:zh+pin-table:en
CH32H417,CH32H417DS0.PDF,2-1-2,H416RDU6,16,PA0,gpio,#,confirmed,pin-table:zh+pin-table:en
CH32H417,CH32H417DS0.PDF,2-1-2,H416RDU6,17,PA1,gpio,#,confirmed,pin-table:zh+pin-table:en
CH32H417,CH32H417DS0.PDF,2-1-2,H416RDU6,18,PA2,gpio,#,confirmed,pin-table:zh+pin-table:en
CH32H417,CH32H417DS0.PDF,2-1-2,H416RDU6,19,PA3,gpio,#,confirmed,pin-table:zh+pin-table:en
CH32H417,CH32H417DS0.PDF,2-1-2,H416RDU6,20,PA4,gpio,#,confirmed,pin-table:zh+pin-table:en
CH32H417,CH32H417DS0.PDF,2-1-2,H416RDU6,21,PA5,gpio,#,confirmed,pin-table:zh+pin-table:en
CH32H417,CH32H417DS0.PDF,2-1-2,H416RDU6,22,PA6,gpio,#,confirmed,pin-table:zh+pin-table:en
CH32H417,CH32H417DS0.PDF,2-1-2,H416RDU6,23,PA7,gpio,#,confirmed,pin-table:zh+pin-table:en
CH32H417,CH32H417DS0.PDF,2-1-2,H416RDU6,24,PC4,gpio,#,confirmed,pin-table:zh+pin-table:en
CH32H417,CH32H417DS0.PDF,2-1-2,H416RDU6,25,PC5,gpio,#,confirmed,pin-table:zh+pin-table:en
CH32H417,CH32H417DS0.PDF,2-1-2,H416RDU6,26,PB0,gpio,#,confirmed,pin-table:zh+pin-table:en
CH32H417,CH32H417DS0.PDF,2-1-2,H416RDU6,27,PB1,gpio,#,confirmed,pin-table:zh+pin-table:en
CH32H417,CH32H417DS0.PDF,2-1-2,H416RDU6,28,PF12,gpio,#,confirmed,pin-table:zh+pin-table:en
CH32H417,CH32H417DS0.PDF,2-1-2,H416RDU6,29,PF13,gpio,#,confirmed,pin-table:zh+pin-table:en
CH32H417,CH32H417DS0.PDF,2-1-2,H416RDU6,30,PE9,gpio,#,confirmed,pin-table:zh+pin-table:en
CH32H417,CH32H417DS0.PDF,2-1-2,H416RDU6,31,PE15,gpio,#,confirmed,pin-table:zh+pin-table:en
CH32H417,CH32H417DS0.PDF,2-1-2,H416RDU6,32,VDD33,power,#,confirmed,pin-table:zh+pin-table:en
CH32H417,CH32H417DS0.PDF,2-1-2,H416RDU6,33,PD9,gpio,#,confirmed,pin-table:zh+pin-table:en
CH32H417,CH32H417DS0.PDF,2-1-2,H416RDU6,34,PD10,gpio,#,confirmed,pin-table:zh+pin-table:en
CH32H417,CH32H417DS0.PDF,2-1-2,H416RDU6,35,PC6,gpio,#,confirmed,pin-table:zh+pin-table:en
CH32H417,CH32H417DS0.PDF,2-1-2,H416RDU6,36,PC7,gpio,#,confirmed,pin-table:zh+pin-table:en
CH32H417,CH32H417DS0.PDF,2-1-2,H416RDU6,37,PC8,gpio,#,confirmed,pin-table:zh+pin-table:en
CH32H417,CH32H417DS0.PDF,2-1-2,H416RDU6,38,PC9,gpio,#,confirmed,pin-table:zh+pin-table:en
CH32H417,CH32H417DS0.PDF,2-1-2,H416RDU6,39,PA11,gpio,#,confirmed,pin-table:zh+pin-table:en
CH32H417,CH32H417DS0.PDF,2-1-2,H416RDU6,40,PA12,gpio,#,confirmed,pin-table:zh+pin-table:en
CH32H417,CH32H417DS0.PDF,2-1-2,H416RDU6,41,PA13,gpio,#,confirmed,pin-table:zh+pin-table:en
CH32H417,CH32H417DS0.PDF,2-1-2,H416RDU6,42,PA14,gpio,#,confirmed,pin-table:zh+pin-table:en
CH32H417,CH32H417DS0.PDF,2-1-2,H416RDU6,43,PA15,gpio,#,confirmed,pin-table:zh+pin-table:en
CH32H417,CH32H417DS0.PDF,2-1-2,H416RDU6,44,PC10,gpio,#,confirmed,pin-table:zh+pin-table:en
CH32H417,CH32H417DS0.PDF,2-1-2,H416RDU6,45,PC11,gpio,#,confirmed,pin-table:zh+pin-table:en
CH32H417,CH32H417DS0.PDF,2-1-2,H416RDU6,46,PC12,gpio,#,confirmed,pin-table:zh+pin-table:en
CH32H417,CH32H417DS0.PDF,2-1-2,H416RDU6,47,PD2,gpio,#,confirmed,pin-table:zh+pin-table:en
CH32H417,CH32H417DS0.PDF,2-1-2,H416RDU6,48,PD3,gpio,#,confirmed,pin-table:zh+pin-table:en
CH32H417,CH32H417DS0.PDF,2-1-2,H416RDU6,49,PB3,gpio,#,confirmed,pin-table:zh+pin-table:en
CH32H417,CH32H417DS0.PDF,2-1-2,H416RDU6,50,PB4,gpio,#,confirmed,pin-table:zh+pin-table:en
CH32H417,CH32H417DS0.PDF,2-1-2,H416RDU6,51,PB5,gpio,#,confirmed,pin-table:zh+pin-table:en
CH32H417,CH32H417DS0.PDF,2-1-2,H416RDU6,52,PB6,gpio,#,confirmed,pin-table:zh+pin-table:en
CH32H417,CH32H417DS0.PDF,2-1-2,H416RDU6,53,PB7,gpio,#,confirmed,pin-table:zh+pin-table:en
CH32H417,CH32H417DS0.PDF,2-1-2,H416RDU6,54,PB8,gpio,#,confirmed,pin-table:zh+pin-table:en
CH32H417,CH32H417DS0.PDF,2-1-2,H416RDU6,55,PB9,gpio,#,confirmed,pin-table:zh+pin-table:en
CH32H417,CH32H417DS0.PDF,2-1-2,H416RDU6,58,VDD12A,power,#,confirmed,pin-table:zh+pin-table:en
CH32H417,CH32H417DS0.PDF,2-1-2,H416RDU6,EP,VSS,power,#,confirmed,pin-table:zh+pin-table:en
CH32H417,CH32H417DS0.PDF,2-1-3,H415REU6,1,PE3,gpio,#,confirmed,pin-table:zh+pin-table:en
CH32H417,CH32H417DS0.PDF,2-1-3,H415REU6,2,PE4,gpio,#,confirmed,pin-table:zh+pin-table:en
CH32H417,CH32H417DS0.PDF,2-1-3,H415REU6,3,PE5,gpio,#,confirmed,pin-table:zh+pin-table:en
CH32H417,CH32H417DS0.PDF,2-1-3,H415REU6,4,PE6,gpio,#,confirmed,pin-table:zh+pin-table:en
CH32H417,CH32H417DS0.PDF,2-1-3,H415REU6,5,VDDK,power,#,confirmed,pin-table:zh+pin-table:en
CH32H417,CH32H417DS0.PDF,2-1-3,H415REU6,6,VDD33,power,#,confirmed,pin-table:zh+pin-table:en
CH32H417,CH32H417DS0.PDF,2-1-3,H415REU6,7,XI,other,#,confirmed,pin-table:zh+pin-table:en
CH32H417,CH32H417DS0.PDF,2-1-3,H415REU6,8,XO,other,#,confirmed,pin-table:zh+pin-table:en
CH32H417,CH32H417DS0.PDF,2-1-3,H415REU6,9,PC0,gpio,#,confirmed,pin-table:zh+pin-table:en
CH32H417,CH32H417DS0.PDF,2-1-3,H415REU6,10,PC1,gpio,#,confirmed,pin-table:zh+pin-table:en
CH32H417,CH32H417DS0.PDF,2-1-3,H415REU6,11,PC2,gpio,#,confirmed,pin-table:zh+pin-table:en
CH32H417,CH32H417DS0.PDF,2-1-3,H415REU6,12,PC3,gpio,#,confirmed,pin-table:zh+pin-table:en
CH32H417,CH32H417DS0.PDF,2-1-3,H415REU6,13,VDD33A,power,#,confirmed,pin-table:zh+pin-table:en
CH32H417,CH32H417DS0.PDF,2-1-3,H415REU6,14,PA0,gpio,#,confirmed,pin-table:zh+pin-table:en
CH32H417,CH32H417DS0.PDF,2-1-3,H415REU6,15,PA1,gpio,#,confirmed,pin-table:zh+pin-table:en
CH32H417,CH32H417DS0.PDF,2-1-3,H415REU6,16,PA2,gpio,#,confirmed,pin-table:zh+pin-table:en
CH32H417,CH32H417DS0.PDF,2-1-3,H415REU6,17,PA3,gpio,#,confirmed,pin-table:zh+pin-table:en
CH32H417,CH32H417DS0.PDF,2-1-3,H415REU6,18,PA4,gpio,#,confirmed,pin-table:zh+pin-table:en
CH32H417,CH32H417DS0.PDF,2-1-3,H415REU6,19,PA5,gpio,#,confirmed,pin-table:zh+pin-table:en
CH32H417,CH32H417DS0.PDF,2-1-3,H415REU6,20,PA6,gpio,#,confirmed,pin-table:zh+pin-table:en
CH32H417,CH32H417DS0.PDF,2-1-3,H415REU6,21,PA7,gpio,#,confirmed,pin-table:zh+pin-table:en
CH32H417,CH32H417DS0.PDF,2-1-3,H415REU6,22,PC4,gpio,#,confirmed,pin-table:zh+pin-table:en
CH32H417,CH32H417DS0.PDF,2-1-3,H415REU6,23,PB0,gpio,#,confirmed,pin-table:zh+pin-table:en
CH32H417,CH32H417DS0.PDF,2-1-3,H415REU6,24,PB1,gpio,#,confirmed,pin-table:zh+pin-table:en
CH32H417,CH32H417DS0.PDF,2-1-3,H415REU6,25,PE11,gpio,#,confirmed,pin-table:zh+pin-table:en
CH32H417,CH32H417DS0.PDF,2-1-3,H415REU6,26,PE12,gpio,#,confirmed,pin-table:zh+pin-table:en
CH32H417,CH32H417DS0.PDF,2-1-3,H415REU6,27,PE13,gpio,#,confirmed,pin-table:zh+pin-table:en
CH32H417,CH32H417DS0.PDF,2-1-3,H415REU6,28,PE14,gpio,#,confirmed,pin-table:zh+pin-table:en
CH32H417,CH32H417DS0.PDF,2-1-3,H415REU6,29,PE15,gpio,#,reference,pin-table:en
CH32H417,CH32H417DS0.PDF,2-1-3,H415REU6,30,PB11,gpio,#,confirmed,pin-table:zh+pin-table:en
CH32H417,CH32H417DS0.PDF,2-1-3,H415REU6,31,VDD33,power,#,confirmed,pin-table:zh+pin-table:en
CH32H417,CH32H417DS0.PDF,2-1-3,H415REU6,32,PB12,gpio,#,confirmed,pin-table:zh+pin-table:en
CH32H417,CH32H417DS0.PDF,2-1-3,H415REU6,33,PB13,gpio,#,confirmed,pin-table:zh+pin-table:en
CH32H417,CH32H417DS0.PDF,2-1-3,H415REU6,34,PB14,gpio,#,confirmed,pin-table:zh+pin-table:en
CH32H417,CH32H417DS0.PDF,2-1-3,H415REU6,35,PB15,gpio,#,confirmed,pin-table:zh+pin-table:en
CH32H417,CH32H417DS0.PDF,2-1-3,H415REU6,36,PC6,gpio,#,confirmed,pin-table:zh+pin-table:en
CH32H417,CH32H417DS0.PDF,2-1-3,H415REU6,37,PC7,gpio,#,confirmed,pin-table:zh+pin-table:en
CH32H417,CH32H417DS0.PDF,2-1-3,H415REU6,38,PC8,gpio,#,confirmed,pin-table:zh+pin-table:en
CH32H417,CH32H417DS0.PDF,2-1-3,H415REU6,39,PC9,gpio,#,confirmed,pin-table:zh+pin-table:en
CH32H417,CH32H417DS0.PDF,2-1-3,H415REU6,40,PA9,gpio,#,confirmed,pin-table:zh+pin-table:en
CH32H417,CH32H417DS0.PDF,2-1-3,H415REU6,41,PA10,gpio,#,confirmed,pin-table:zh+pin-table:en
CH32H417,CH32H417DS0.PDF,2-1-3,H415REU6,42,PA11,gpio,#,confirmed,pin-table:zh+pin-table:en
CH32H417,CH32H417DS0.PDF,2-1-3,H415REU6,43,PA12,gpio,#,confirmed,pin-table:zh+pin-table:en
CH32H417,CH32H417DS0.PDF,2-1-3,H415REU6,44,PA13,gpio,#,confirmed,pin-table:zh+pin-table:en
CH32H417,CH32H417DS0.PDF,2-1-3,H415REU6,45,PA14,gpio,#,confirmed,pin-table:zh+pin-table:en
CH32H417,CH32H417DS0.PDF,2-1-3,H415REU6,46,PA15,gpio,#,confirmed,pin-table:zh+pin-table:en
CH32H417,CH32H417DS0.PDF,2-1-3,H415REU6,47,PC10,gpio,#,confirmed,pin-table:zh+pin-table:en
CH32H417,CH32H417DS0.PDF,2-1-3,H415REU6,48,PC11,gpio,#,confirmed,pin-table:zh+pin-table:en
CH32H417,CH32H417DS0.PDF,2-1-3,H415REU6,49,PC12,gpio,#,confirmed,pin-table:zh+pin-table:en
CH32H417,CH32H417DS0.PDF,2-1-3,H415REU6,50,PD3,gpio,#,confirmed,pin-table:zh+pin-table:en
CH32H417,CH32H417DS0.PDF,2-1-3,H415REU6,51,PF3,gpio,#,confirmed,pin-table:zh+pin-table:en
CH32H417,CH32H417DS0.PDF,2-1-3,H415REU6,52,PF4,gpio,#,confirmed,pin-table:zh+pin-table:en
CH32H417,CH32H417DS0.PDF,2-1-3,H415REU6,53,PF5,gpio,#,confirmed,pin-table:zh+pin-table:en
CH32H417,CH32H417DS0.PDF,2-1-3,H415REU6,54,PE0,gpio,#,confirmed,pin-table:zh+pin-table:en
CH32H417,CH32H417DS0.PDF,2-1-3,H415REU6,55,PB3,gpio,#,confirmed,pin-table:zh+pin-table:en
CH32H417,CH32H417DS0.PDF,2-1-3,H415REU6,56,PB4,gpio,#,confirmed,pin-table:zh+pin-table:en
CH32H417,CH32H417DS0.PDF,2-1-3,H415REU6,57,PB6,gpio,#,confirmed,pin-table:zh+pin-table:en
CH32H417,CH32H417DS0.PDF,2-1-3,H415REU6,58,PB7,gpio,#,confirmed,pin-table:zh+pin-table:en
CH32H417,CH32H417DS0.PDF,2-1-3,H415REU6,59,PB8,gpio,#,confirmed,pin-table:zh+pin-table:en
CH32H417,CH32H417DS0.PDF,2-1-3,H415REU6,60,PB9,gpio,#,confirmed,pin-table:zh+pin-table:en
CH32H417,CH32H417DS0.PDF,2-1-3,H415REU6,EP,VSS,power,#,confirmed,pin-table:zh+pin-table:en
CH32L103,CH32L103DS0.PDF,2-1-1,L103C8T6,1,VBAT,power,#,confirmed,pin-table:zh+pin-table:en
CH32L103,CH32L103DS0.PDF,2-1-1,L103C8T6,5,OSC_IN,gpio,#,confirmed,pin-table:zh+pin-table:en
CH32L103,CH32L103DS0.PDF,2-1-1,L103C8T6,6,OSC_OUT,gpio,#,confirmed,pin-table:zh+pin-table:en
CH32L103,CH32L103DS0.PDF,2-1-1,L103C8T6,7,NRST,other,#,confirmed,pin-table:zh+pin-table:en
CH32L103,CH32L103DS0.PDF,2-1-1,L103C8T6,8,VSSA,power,#,confirmed,pin-table:zh+pin-table:en
CH32L103,CH32L103DS0.PDF,2-1-1,L103C8T6,9,VDDA,power,#,confirmed,pin-table:zh+pin-table:en
CH32L103,CH32L103DS0.PDF,2-1-1,L103C8T6,10,PA0-WKUP,gpio,#,confirmed,pin-table:zh+pin-table:en
CH32L103,CH32L103DS0.PDF,2-1-1,L103C8T6,11,PA1,gpio,#,confirmed,pin-table:zh+pin-table:en
CH32L103,CH32L103DS0.PDF,2-1-1,L103C8T6,12,PA2,gpio,#,confirmed,pin-table:zh+pin-table:en
CH32L103,CH32L103DS0.PDF,2-1-1,L103C8T6,13,PA3,gpio,#,confirmed,pin-table:zh+pin-table:en
CH32L103,CH32L103DS0.PDF,2-1-1,L103C8T6,14,PA4,gpio,#,confirmed,pin-table:zh+pin-table:en
CH32L103,CH32L103DS0.PDF,2-1-1,L103C8T6,15,PA5,gpio,#,confirmed,pin-table:zh+pin-table:en
CH32L103,CH32L103DS0.PDF,2-1-1,L103C8T6,16,PA6,gpio,#,confirmed,pin-table:zh+pin-table:en
CH32L103,CH32L103DS0.PDF,2-1-1,L103C8T6,17,PA7,gpio,#,confirmed,pin-table:zh+pin-table:en
CH32L103,CH32L103DS0.PDF,2-1-1,L103C8T6,18,PB0,gpio,#,confirmed,pin-table:zh+pin-table:en
CH32L103,CH32L103DS0.PDF,2-1-1,L103C8T6,19,PB1,gpio,#,confirmed,pin-table:zh+pin-table:en
CH32L103,CH32L103DS0.PDF,2-1-1,L103C8T6,20,PB2,gpio,#,confirmed,pin-table:zh+pin-table:en
CH32L103,CH32L103DS0.PDF,2-1-1,L103C8T6,21,PB10,gpio,#,confirmed,pin-table:zh+pin-table:en
CH32L103,CH32L103DS0.PDF,2-1-1,L103C8T6,22,PB11,gpio,#,confirmed,pin-table:zh+pin-table:en
CH32L103,CH32L103DS0.PDF,2-1-1,L103C8T6,23,VSS,power,#,confirmed,pin-table:zh+pin-table:en
CH32L103,CH32L103DS0.PDF,2-1-1,L103C8T6,24,VDD,power,#,confirmed,pin-table:zh+pin-table:en
CH32L103,CH32L103DS0.PDF,2-1-1,L103C8T6,25,PB12,gpio,#,confirmed,pin-table:zh+pin-table:en
CH32L103,CH32L103DS0.PDF,2-1-1,L103C8T6,26,PB13,gpio,#,confirmed,pin-table:zh+pin-table:en
CH32L103,CH32L103DS0.PDF,2-1-1,L103C8T6,27,PB14,gpio,#,confirmed,pin-table:zh+pin-table:en
CH32L103,CH32L103DS0.PDF,2-1-1,L103C8T6,28,PB15,gpio,#,confirmed,pin-table:zh+pin-table:en
CH32L103,CH32L103DS0.PDF,2-1-1,L103C8T6,29,PA8,gpio,#,confirmed,pin-table:zh+pin-table:en
CH32L103,CH32L103DS0.PDF,2-1-1,L103C8T6,30,PA9,gpio,#,confirmed,pin-table:zh+pin-table:en
CH32L103,CH32L103DS0.PDF,2-1-1,L103C8T6,31,PA10,gpio,#,confirmed,pin-table:zh+pin-table:en
CH32L103,CH32L103DS0.PDF,2-1-1,L103C8T6,32,PA11,gpio,#,confirmed,pin-table:zh+pin-table:en
CH32L103,CH32L103DS0.PDF,2-1-1,L103C8T6,33,PA12,gpio,#,confirmed,pin-table:zh+pin-table:en
CH32L103,CH32L103DS0.PDF,2-1-1,L103C8T6,34,PA13,gpio,#,confirmed,pin-table:zh+pin-table:en
CH32L103,CH32L103DS0.PDF,2-1-1,L103C8T6,35,VSS,power,#,confirmed,pin-table:zh+pin-table:en
CH32L103,CH32L103DS0.PDF,2-1-1,L103C8T6,36,VDD,power,#,confirmed,pin-table:zh+pin-table:en
CH32L103,CH32L103DS0.PDF,2-1-1,L103C8T6,37,PA14,gpio,#,confirmed,pin-table:zh+pin-table:en
CH32L103,CH32L103DS0.PDF,2-1-1,L103C8T6,38,PA15,gpio,#,confirmed,pin-table:zh+pin-table:en
CH32L103,CH32L103DS0.PDF,2-1-1,L103C8T6,39,PB3,gpio,#,confirmed,pin-table:zh+pin-table:en
CH32L103,CH32L103DS0.PDF,2-1-1,L103C8T6,40,PB4,gpio,#,confirmed,pin-table:zh+pin-table:en
CH32L103,CH32L103DS0.PDF,2-1-1,L103C8T6,41,PB5,gpio,#,confirmed,pin-table:zh+pin-table:en
CH32L103,CH32L103DS0.PDF,2-1-1,L103C8T6,42,PB6,gpio,#,confirmed,pin-table:zh+pin-table:en
CH32L103,CH32L103DS0.PDF,2-1-1,L103C8T6,43,PB7,gpio,#,confirmed,pin-table:zh+pin-table:en
CH32L103,CH32L103DS0.PDF,2-1-1,L103C8T6,44,BOOT0,other,#,confirmed,pin-table:zh+pin-table:en
CH32L103,CH32L103DS0.PDF,2-1-1,L103C8T6,45,PB8,gpio,#,confirmed,pin-table:zh+pin-table:en
CH32L103,CH32L103DS0.PDF,2-1-1,L103C8T6,46,PB9,gpio,#,confirmed,pin-table:zh+pin-table:en
CH32L103,CH32L103DS0.PDF,2-1-1,L103C8T6,47,VSS,power,#,confirmed,pin-table:zh+pin-table:en
CH32L103,CH32L103DS0.PDF,2-1-1,L103C8T6,48,VDD,power,#,confirmed,pin-table:zh+pin-table:en
CH32L103,CH32L103DS0.PDF,2-1-1,L103F8P6,1,BOOT0,other,#,confirmed,pin-table:zh+pin-table:en
CH32L103,CH32L103DS0.PDF,2-1-1,L103F8P6,2,OSC_IN,gpio,#,confirmed,pin-table:zh+pin-table:en
CH32L103,CH32L103DS0.PDF,2-1-1,L103F8P6,3,OSC_OUT,gpio,#,confirmed,pin-table:zh+pin-table:en
CH32L103,CH32L103DS0.PDF,2-1-1,L103F8P6,4,NRST,other,#,confirmed,pin-table:zh+pin-table:en
CH32L103,CH32L103DS0.PDF,2-1-1,L103F8P6,5,VDDA,power,#,confirmed,pin-table:zh+pin-table:en
CH32L103,CH32L103DS0.PDF,2-1-1,L103F8P6,6,PA0-WKUP,gpio,#,confirmed,pin-table:zh+pin-table:en
CH32L103,CH32L103DS0.PDF,2-1-1,L103F8P6,7,PA1,gpio,#,confirmed,pin-table:zh+pin-table:en
CH32L103,CH32L103DS0.PDF,2-1-1,L103F8P6,8,PA2,gpio,#,confirmed,pin-table:zh+pin-table:en
CH32L103,CH32L103DS0.PDF,2-1-1,L103F8P6,9,PA3,gpio,#,confirmed,pin-table:zh+pin-table:en
CH32L103,CH32L103DS0.PDF,2-1-1,L103F8P6,10,PA4,gpio,#,confirmed,pin-table:zh+pin-table:en
CH32L103,CH32L103DS0.PDF,2-1-1,L103F8P6,11,PA5,gpio,#,confirmed,pin-table:zh+pin-table:en
CH32L103,CH32L103DS0.PDF,2-1-1,L103F8P6,12,PA6,gpio,#,confirmed,pin-table:zh+pin-table:en
CH32L103,CH32L103DS0.PDF,2-1-1,L103F8P6,13,PA7,gpio,#,confirmed,pin-table:zh+pin-table:en
CH32L103,CH32L103DS0.PDF,2-1-1,L103F8P6,14,PB1,gpio,#,confirmed,pin-table:zh+pin-table:en
CH32L103,CH32L103DS0.PDF,2-1-1,L103F8P6,15,VSS,power,#,confirmed,pin-table:zh+pin-table:en
CH32L103,CH32L103DS0.PDF,2-1-1,L103F8P6,16,VDD,power,#,confirmed,pin-table:zh+pin-table:en
CH32L103,CH32L103DS0.PDF,2-1-1,L103F8P6,17,PA11,gpio,#,confirmed,pin-table:zh+pin-table:en
CH32L103,CH32L103DS0.PDF,2-1-1,L103F8P6,18,PA12,gpio,#,confirmed,pin-table:zh+pin-table:en
CH32L103,CH32L103DS0.PDF,2-1-1,L103F8P6,19,PA13,gpio,#,confirmed,pin-table:zh+pin-table:en
CH32L103,CH32L103DS0.PDF,2-1-1,L103F8P6,19,PB6,gpio,#,confirmed,pin-table:zh+pin-table:en
CH32L103,CH32L103DS0.PDF,2-1-1,L103F8P6,20,PA14,gpio,#,confirmed,pin-table:zh+pin-table:en
CH32L103,CH32L103DS0.PDF,2-1-1,L103F8P6,20,PB7,gpio,#,confirmed,pin-table:zh+pin-table:en
CH32L103,CH32L103DS0.PDF,2-1-1,L103F8U6,1,PA0-WKUP,gpio,#,confirmed,pin-table:zh+pin-table:en
CH32L103,CH32L103DS0.PDF,2-1-1,L103F8U6,2,PA1,gpio,#,confirmed,pin-table:zh+pin-table:en
CH32L103,CH32L103DS0.PDF,2-1-1,L103F8U6,3,PA2,gpio,#,confirmed,pin-table:zh+pin-table:en
CH32L103,CH32L103DS0.PDF,2-1-1,L103F8U6,4,PA3,gpio,#,confirmed,pin-table:zh+pin-table:en
CH32L103,CH32L103DS0.PDF,2-1-1,L103F8U6,5,PA4,gpio,#,confirmed,pin-table:zh+pin-table:en
CH32L103,CH32L103DS0.PDF,2-1-1,L103F8U6,6,PA5,gpio,#,confirmed,pin-table:zh+pin-table:en
CH32L103,CH32L103DS0.PDF,2-1-1,L103F8U6,7,PA7,gpio,#,confirmed,pin-table:zh+pin-table:en
CH32L103,CH32L103DS0.PDF,2-1-1,L103F8U6,8,PB0,gpio,#,confirmed,pin-table:zh+pin-table:en
CH32L103,CH32L103DS0.PDF,2-1-1,L103F8U6,9,PB1,gpio,#,confirmed,pin-table:zh+pin-table:en
CH32L103,CH32L103DS0.PDF,2-1-1,L103F8U6,9,PB10,gpio,#,confirmed,pin-table:zh+pin-table:en
CH32L103,CH32L103DS0.PDF,2-1-1,L103F8U6,10,PB11,gpio,#,confirmed,pin-table:zh+pin-table:en
CH32L103,CH32L103DS0.PDF,2-1-1,L103F8U6,11,PB13,gpio,#,confirmed,pin-table:zh+pin-table:en
CH32L103,CH32L103DS0.PDF,2-1-1,L103F8U6,11,PB6,gpio,#,confirmed,pin-table:zh+pin-table:en
CH32L103,CH32L103DS0.PDF,2-1-1,L103F8U6,12,PB14,gpio,#,confirmed,pin-table:zh+pin-table:en
CH32L103,CH32L103DS0.PDF,2-1-1,L103F8U6,13,PB15,gpio,#,confirmed,pin-table:zh+pin-table:en
CH32L103,CH32L103DS0.PDF,2-1-1,L103F8U6,14,PA8,gpio,#,confirmed,pin-table:zh+pin-table:en
CH32L103,CH32L103DS0.PDF,2-1-1,L103F8U6,15,PA9,gpio,#,confirmed,pin-table:zh+pin-table:en
CH32L103,CH32L103DS0.PDF,2-1-1,L103F8U6,16,PA12,gpio,#,confirmed,pin-table:zh+pin-table:en
CH32L103,CH32L103DS0.PDF,2-1-1,L103F8U6,16,PA14,gpio,#,confirmed,pin-table:zh+pin-table:en
CH32L103,CH32L103DS0.PDF,2-1-1,L103F8U6,17,PA11,gpio,#,confirmed,pin-table:zh+pin-table:en
CH32L103,CH32L103DS0.PDF,2-1-1,L103F8U6,17,PA13,gpio,#,confirmed,pin-table:zh+pin-table:en
CH32L103,CH32L103DS0.PDF,2-1-1,L103F8U6,18,PA10,gpio,#,confirmed,pin-table:zh+pin-table:en
CH32L103,CH32L103DS0.PDF,2-1-1,L103F8U6,18,PB7,gpio,#,confirmed,pin-table:zh+pin-table:en
CH32L103,CH32L103DS0.PDF,2-1-1,L103F8U6,19,VDD,power,#,confirmed,pin-table:zh+pin-table:en
CH32L103,CH32L103DS0.PDF,2-1-1,L103F8U6,20,PA6,gpio,#,confirmed,pin-table:zh+pin-table:en
CH32L103,CH32L103DS0.PDF,2-1-1,L103F8U6,EP,VSS,power,#,confirmed,pin-table:zh+pin-table:en
CH32L103,CH32L103DS0.PDF,2-1-1,L103G8R6,1,PA14,gpio,#,confirmed,pin-table:zh+pin-table:en
CH32L103,CH32L103DS0.PDF,2-1-1,L103G8R6,1,PB5,gpio,#,confirmed,pin-table:zh+pin-table:en
CH32L103,CH32L103DS0.PDF,2-1-1,L103G8R6,2,PB6,gpio,#,confirmed,pin-table:zh+pin-table:en
CH32L103,CH32L103DS0.PDF,2-1-1,L103G8R6,3,PB7,gpio,#,confirmed,pin-table:zh+pin-table:en
CH32L103,CH32L103DS0.PDF,2-1-1,L103G8R6,4,PB3,gpio,#,confirmed,pin-table:zh+pin-table:en
CH32L103,CH32L103DS0.PDF,2-1-1,L103G8R6,5,PB8,gpio,#,confirmed,pin-table:zh+pin-table:en
CH32L103,CH32L103DS0.PDF,2-1-1,L103G8R6,6,VDD,power,#,confirmed,pin-table:zh+pin-table:en
CH32L103,CH32L103DS0.PDF,2-1-1,L103G8R6,7,VSS,power,#,confirmed,pin-table:zh+pin-table:en
CH32L103,CH32L103DS0.PDF,2-1-1,L103G8R6,8,OSC_IN,gpio,#,confirmed,pin-table:zh+pin-table:en
CH32L103,CH32L103DS0.PDF,2-1-1,L103G8R6,9,PA0-WKUP,gpio,#,confirmed,pin-table:zh+pin-table:en
CH32L103,CH32L103DS0.PDF,2-1-1,L103G8R6,10,PA1,gpio,#,confirmed,pin-table:zh+pin-table:en
CH32L103,CH32L103DS0.PDF,2-1-1,L103G8R6,11,PA2,gpio,#,confirmed,pin-table:zh+pin-table:en
CH32L103,CH32L103DS0.PDF,2-1-1,L103G8R6,12,PA3,gpio,#,confirmed,pin-table:zh+pin-table:en
CH32L103,CH32L103DS0.PDF,2-1-1,L103G8R6,13,PA4,gpio,#,confirmed,pin-table:zh+pin-table:en
CH32L103,CH32L103DS0.PDF,2-1-1,L103G8R6,14,PA5,gpio,#,confirmed,pin-table:zh+pin-table:en
CH32L103,CH32L103DS0.PDF,2-1-1,L103G8R6,15,PA6,gpio,#,confirmed,pin-table:zh+pin-table:en
CH32L103,CH32L103DS0.PDF,2-1-1,L103G8R6,16,PB0,gpio,#,confirmed,pin-table:zh+pin-table:en
CH32L103,CH32L103DS0.PDF,2-1-1,L103G8R6,17,PA7,gpio,#,confirmed,pin-table:zh+pin-table:en
CH32L103,CH32L103DS0.PDF,2-1-1,L103G8R6,18,PB1,gpio,#,confirmed,pin-table:zh+pin-table:en
CH32L103,CH32L103DS0.PDF,2-1-1,L103G8R6,18,PB10,gpio,#,confirmed,pin-table:zh+pin-table:en
CH32L103,CH32L103DS0.PDF,2-1-1,L103G8R6,19,PB11,gpio,#,confirmed,pin-table:zh+pin-table:en
CH32L103,CH32L103DS0.PDF,2-1-1,L103G8R6,20,PB12,gpio,#,confirmed,pin-table:zh+pin-table:en
CH32L103,CH32L103DS0.PDF,2-1-1,L103G8R6,21,PB13,gpio,#,confirmed,pin-table:zh+pin-table:en
CH32L103,CH32L103DS0.PDF,2-1-1,L103G8R6,22,PB14,gpio,#,confirmed,pin-table:zh+pin-table:en
CH32L103,CH32L103DS0.PDF,2-1-1,L103G8R6,23,PB15,gpio,#,confirmed,pin-table:zh+pin-table:en
CH32L103,CH32L103DS0.PDF,2-1-1,L103G8R6,24,PA8,gpio,#,confirmed,pin-table:zh+pin-table:en
CH32L103,CH32L103DS0.PDF,2-1-1,L103G8R6,25,PA9,gpio,#,confirmed,pin-table:zh+pin-table:en
CH32L103,CH32L103DS0.PDF,2-1-1,L103G8R6,26,PA10,gpio,#,confirmed,pin-table:zh+pin-table:en
CH32L103,CH32L103DS0.PDF,2-1-1,L103G8R6,27,PA11,gpio,#,confirmed,pin-table:zh+pin-table:en
CH32L103,CH32L103DS0.PDF,2-1-1,L103G8R6,28,PA12,gpio,#,confirmed,pin-table:zh+pin-table:en
CH32L103,CH32L103DS0.PDF,2-1-1,L103K8U,1,VDD,power,#,confirmed,pin-table:zh+pin-table:en
CH32L103,CH32L103DS0.PDF,2-1-1,L103K8U,4,OSC_IN,gpio,#,confirmed,pin-table:zh+pin-table:en
CH32L103,CH32L103DS0.PDF,2-1-1,L103K8U,5,OSC_OUT,gpio,#,confirmed,pin-table:zh+pin-table:en
CH32L103,CH32L103DS0.PDF,2-1-1,L103K8U,6,PA0-WKUP,gpio,#,confirmed,pin-table:zh+pin-table:en
CH32L103,CH32L103DS0.PDF,2-1-1,L103K8U,7,PA1,gpio,#,confirmed,pin-table:zh+pin-table:en
CH32L103,CH32L103DS0.PDF,2-1-1,L103K8U,8,PA2,gpio,#,confirmed,pin-table:zh+pin-table:en
CH32L103,CH32L103DS0.PDF,2-1-1,L103K8U,9,PA3,gpio,#,confirmed,pin-table:zh+pin-table:en
CH32L103,CH32L103DS0.PDF,2-1-1,L103K8U,10,PA4,gpio,#,confirmed,pin-table:zh+pin-table:en
CH32L103,CH32L103DS0.PDF,2-1-1,L103K8U,11,PA5,gpio,#,confirmed,pin-table:zh+pin-table:en
CH32L103,CH32L103DS0.PDF,2-1-1,L103K8U,12,PA6,gpio,#,confirmed,pin-table:zh+pin-table:en
CH32L103,CH32L103DS0.PDF,2-1-1,L103K8U,13,PA7,gpio,#,confirmed,pin-table:zh+pin-table:en
CH32L103,CH32L103DS0.PDF,2-1-1,L103K8U,14,PB0,gpio,#,confirmed,pin-table:zh+pin-table:en
CH32L103,CH32L103DS0.PDF,2-1-1,L103K8U,15,PB1,gpio,#,confirmed,pin-table:zh+pin-table:en
CH32L103,CH32L103DS0.PDF,2-1-1,L103K8U,16,PB2,gpio,#,confirmed,pin-table:zh+pin-table:en
CH32L103,CH32L103DS0.PDF,2-1-1,L103K8U,17,PB15,gpio,#,confirmed,pin-table:zh+pin-table:en
CH32L103,CH32L103DS0.PDF,2-1-1,L103K8U,18,PA8,gpio,#,confirmed,pin-table:zh+pin-table:en
CH32L103,CH32L103DS0.PDF,2-1-1,L103K8U,19,PA9,gpio,#,confirmed,pin-table:zh+pin-table:en
CH32L103,CH32L103DS0.PDF,2-1-1,L103K8U,20,PA10,gpio,#,confirmed,pin-table:zh+pin-table:en
CH32L103,CH32L103DS0.PDF,2-1-1,L103K8U,21,PA11,gpio,#,confirmed,pin-table:zh+pin-table:en
CH32L103,CH32L103DS0.PDF,2-1-1,L103K8U,22,PA12,gpio,#,confirmed,pin-table:zh+pin-table:en
CH32L103,CH32L103DS0.PDF,2-1-1,L103K8U,23,PA13,gpio,#,confirmed,pin-table:zh+pin-table:en
CH32L103,CH32L103DS0.PDF,2-1-1,L103K8U,24,PA14,gpio,#,confirmed,pin-table:zh+pin-table:en
CH32L103,CH32L103DS0.PDF,2-1-1,L103K8U,25,PA15,gpio,#,confirmed,pin-table:zh+pin-table:en
CH32L103,CH32L103DS0.PDF,2-1-1,L103K8U,26,PB3,gpio,#,confirmed,pin-table:zh+pin-table:en
CH32L103,CH32L103DS0.PDF,2-1-1,L103K8U,27,PB4,gpio,#,confirmed,pin-table:zh+pin-table:en
CH32L103,CH32L103DS0.PDF,2-1-1,L103K8U,28,PB5,gpio,#,confirmed,pin-table:zh+pin-table:en
CH32L103,CH32L103DS0.PDF,2-1-1,L103K8U,29,PB6,gpio,#,confirmed,pin-table:zh+pin-table:en
CH32L103,CH32L103DS0.PDF,2-1-1,L103K8U,30,PB7,gpio,#,confirmed,pin-table:zh+pin-table:en
CH32L103,CH32L103DS0.PDF,2-1-1,L103K8U,31,BOOT0,other,#,confirmed,pin-table:zh+pin-table:en
CH32L103,CH32L103DS0.PDF,2-1-1,L103K8U,31,PB9,gpio,#,confirmed,pin-table:zh+pin-table:en
CH32L103,CH32L103DS0.PDF,2-1-1,L103K8U,32,PB8,gpio,#,confirmed,pin-table:zh+pin-table:en
CH32L103,CH32L103DS0.PDF,2-1-1,L103K8U,EP,VSS,power,#,confirmed,pin-table:zh+pin-table:en
CH32L103,CH32L103DS0.PDF,2-1-2,M103G8R6,1,PA2,gpio,#,confirmed,pin-table:zh+pin-table:en
CH32L103,CH32L103DS0.PDF,2-1-2,M103G8R6,2,PA3,gpio,#,confirmed,pin-table:zh+pin-table:en
CH32L103,CH32L103DS0.PDF,2-1-2,M103G8R6,3,PA4,gpio,#,confirmed,pin-table:zh+pin-table:en
CH32L103,CH32L103DS0.PDF,2-1-2,M103G8R6,4,PA5,gpio,#,confirmed,pin-table:zh+pin-table:en
CH32L103,CH32L103DS0.PDF,2-1-2,M103G8R6,5,PA6,gpio,#,confirmed,pin-table:zh+pin-table:en
CH32L103,CH32L103DS0.PDF,2-1-2,M103G8R6,6,PA7,gpio,#,confirmed,pin-table:zh+pin-table:en
CH32L103,CH32L103DS0.PDF,2-1-2,M103G8R6,7,PB0,gpio,#,confirmed,pin-table:zh+pin-table:en
CH32L103,CH32L103DS0.PDF,2-1-2,M103G8R6,8,PB1,gpio,#,confirmed,pin-table:zh+pin-table:en
CH32L103,CH32L103DS0.PDF,2-1-2,M103G8R6,9,PB10,gpio,#,confirmed,pin-table:zh+pin-table:en
CH32L103,CH32L103DS0.PDF,2-1-2,M103G8R6,10,PB11,gpio,#,confirmed,pin-table:zh+pin-table:en
CH32L103,CH32L103DS0.PDF,2-1-2,M103G8R6,11,VDD,power,#,confirmed,pin-table:zh+pin-table:en
CH32L103,CH32L103DS0.PDF,2-1-2,M103G8R6,12,VSS,power,#,confirmed,pin-table:zh+pin-table:en
CH32L103,CH32L103DS0.PDF,2-1-2,M103G8R6,13,VHREG,power,#,confirmed,pin-table:zh+pin-table:en
CH32L103,CH32L103DS0.PDF,2-1-2,M103G8R6,14,VHV,power,#,confirmed,pin-table:zh+pin-table:en
CH32L103,CH32L103DS0.PDF,2-1-2,M103G8R6,21,PA11,gpio,#,confirmed,pin-table:zh+pin-table:en
CH32L103,CH32L103DS0.PDF,2-1-2,M103G8R6,22,PA12,gpio,#,confirmed,pin-table:zh+pin-table:en
CH32L103,CH32L103DS0.PDF,2-1-2,M103G8R6,23,PB3,gpio,#,confirmed,pin-table:zh+pin-table:en
CH32L103,CH32L103DS0.PDF,2-1-2,M103G8R6,24,PB6,gpio,#,confirmed,pin-table:zh+pin-table:en
CH32L103,CH32L103DS0.PDF,2-1-2,M103G8R6,25,PB7,gpio,#,confirmed,pin-table:zh+pin-table:en
CH32L103,CH32L103DS0.PDF,2-1-2,M103G8R6,26,PB8,gpio,#,confirmed,pin-table:zh+pin-table:en
CH32L103,CH32L103DS0.PDF,2-1-2,M103G8R6,27,PA0-WKUP,gpio,#,confirmed,pin-table:zh+pin-table:en
CH32L103,CH32L103DS0.PDF,2-1-2,M103G8R6,28,PA1,gpio,#,confirmed,pin-table:zh+pin-table:en
CH32M030,CH32M030DS0.PDF,2-1,LQFP48,1,PA10,gpio,#,confirmed,pin-table:zh+pin-table:en
CH32M030,CH32M030DS0.PDF,2-1,LQFP48,2,PA11,gpio,#,confirmed,pin-table:zh+pin-table:en
CH32M030,CH32M030DS0.PDF,2-1,LQFP48,3,PA12,gpio,#,confirmed,pin-table:zh+pin-table:en
CH32M030,CH32M030DS0.PDF,2-1,LQFP48,4,PA13,gpio,#,reference,pin-table:en
CH32M030,CH32M030DS0.PDF,2-1,LQFP48,5,PA14,gpio,#,confirmed,pin-table:zh+pin-table:en
CH32M030,CH32M030DS0.PDF,2-1,LQFP48,6,PA15,gpio,#,confirmed,pin-table:zh+pin-table:en
CH32M030,CH32M030DS0.PDF,2-1,LQFP48,7,PB2,gpio,#,confirmed,pin-table:zh+pin-table:en
CH32M030,CH32M030DS0.PDF,2-1,LQFP48,8,PB3,gpio,#,confirmed,pin-table:zh+pin-table:en
CH32M030,CH32M030DS0.PDF,2-1,LQFP48,9,PB4,gpio,#,reference,pin-table:en
CH32M030,CH32M030DS0.PDF,2-1,LQFP48,10,PB5,gpio,#,reference,pin-table:en
CH32M030,CH32M030DS0.PDF,2-1,LQFP48,11,PB6,gpio,#,confirmed,pin-table:zh+pin-table:en
CH32M030,CH32M030DS0.PDF,2-1,LQFP48,12,PB8,gpio,#,confirmed,pin-table:zh+pin-table:en
CH32M030,CH32M030DS0.PDF,2-1,LQFP48,13,VSO,power,#,confirmed,pin-table:zh+pin-table:en
CH32M030,CH32M030DS0.PDF,2-1,LQFP48,14,VBO,power,#,confirmed,pin-table:zh+pin-table:en
CH32M030,CH32M030DS0.PDF,2-1,LQFP48,15,PB9,gpio,#,confirmed,pin-table:zh+pin-table:en
CH32M030,CH32M030DS0.PDF,2-1,LQFP48,16,PB10,gpio,#,confirmed,pin-table:zh+pin-table:en
CH32M030,CH32M030DS0.PDF,2-1,LQFP48,17,VS1,power,#,reference,pin-table:en
CH32M030,CH32M030DS0.PDF,2-1,LQFP48,18,VB1,power,#,reference,pin-table:en
CH32M030,CH32M030DS0.PDF,2-1,LQFP48,19,PB11,gpio,#,confirmed,pin-table:zh+pin-table:en
CH32M030,CH32M030DS0.PDF,2-1,LQFP48,20,PB12,gpio,#,confirmed,pin-table:zh+pin-table:en
CH32M030,CH32M030DS0.PDF,2-1,LQFP48,21,VS2,power,#,reference,pin-table:en
CH32M030,CH32M030DS0.PDF,2-1,LQFP48,22,VB2,power,#,reference,pin-table:en
CH32M030,CH32M030DS0.PDF,2-1,LQFP48,23,PB13,gpio,#,confirmed,pin-table:zh+pin-table:en
CH32M030,CH32M030DS0.PDF,2-1,LQFP48,24,PB14,gpio,#,confirmed,pin-table:zh+pin-table:en
CH32M030,CH32M030DS0.PDF,2-1,LQFP48,25,VS3,power,#,reference,pin-table:en
CH32M030,CH32M030DS0.PDF,2-1,LQFP48,26,VB3,power,#,reference,pin-table:en
CH32M030,CH32M030DS0.PDF,2-1,LQFP48,27,PB15,gpio,#,confirmed,pin-table:zh+pin-table:en
CH32M030,CH32M030DS0.PDF,2-1,LQFP48,28,VDD8,power,#,confirmed,pin-table:zh+pin-table:en
CH32M030,CH32M030DS0.PDF,2-1,LQFP48,29,PC0,gpio,#,confirmed,pin-table:zh+pin-table:en
CH32M030,CH32M030DS0.PDF,2-1,LQFP48,30,PC1,gpio,#,confirmed,pin-table:zh+pin-table:en
CH32M030,CH32M030DS0.PDF,2-1,LQFP48,31,PC2,gpio,#,confirmed,pin-table:zh+pin-table:en
CH32M030,CH32M030DS0.PDF,2-1,LQFP48,32,PC3,gpio,#,confirmed,pin-table:zh+pin-table:en
CH32M030,CH32M030DS0.PDF,2-1,LQFP48,33,PC4,gpio,#,confirmed,pin-table:zh+pin-table:en
CH32M030,CH32M030DS0.PDF,2-1,LQFP48,34,VDD33,power,#,confirmed,pin-table:zh+pin-table:en
CH32M030,CH32M030DS0.PDF,2-1,LQFP48,35,VHV,power,#,confirmed,pin-table:zh+pin-table:en
CH32M030,CH32M030DS0.PDF,2-1,LQFP48,36,GND,power,#,confirmed,pin-table:zh+pin-table:en
CH32M030,CH32M030DS0.PDF,2-1,LQFP48,37,PA0,gpio,#,reference,pin-table:en
CH32M030,CH32M030DS0.PDF,2-1,LQFP48,38,PA1,gpio,#,reference,pin-table:en
CH32M030,CH32M030DS0.PDF,2-1,LQFP48,39,PA2,gpio,#,reference,pin-table:en
CH32M030,CH32M030DS0.PDF,2-1,LQFP48,40,PA3,gpio,#,reference,pin-table:en
CH32M030,CH32M030DS0.PDF,2-1,LQFP48,41,PB0,gpio,#,confirmed,pin-table:zh+pin-table:en
CH32M030,CH32M030DS0.PDF,2-1,LQFP48,42,PB1,gpio,#,confirmed,pin-table:zh+pin-table:en
CH32M030,CH32M030DS0.PDF,2-1,LQFP48,43,PA4,gpio,#,reference,pin-table:en
CH32M030,CH32M030DS0.PDF,2-1,LQFP48,44,PA5,gpio,#,confirmed,pin-table:zh+pin-table:en
CH32M030,CH32M030DS0.PDF,2-1,LQFP48,45,PA6,gpio,#,reference,pin-table:en
CH32M030,CH32M030DS0.PDF,2-1,LQFP48,46,PA7,gpio,#,confirmed,pin-table:zh+pin-table:en
CH32M030,CH32M030DS0.PDF,2-1,LQFP48,47,PA8,gpio,#,confirmed,pin-table:zh+pin-table:en
CH32M030,CH32M030DS0.PDF,2-1,LQFP48,48,ISP1,analog,#,confirmed,pin-table:zh+pin-table:en
CH32M030,CH32M030DS0.PDF,2-1,QFN32,1,PA10,gpio,#,confirmed,pin-table:zh+pin-table:en
CH32M030,CH32M030DS0.PDF,2-1,QFN32,2,PA13,gpio,#,reference,pin-table:en
CH32M030,CH32M030DS0.PDF,2-1,QFN32,3,PA14,gpio,#,confirmed,pin-table:zh+pin-table:en
CH32M030,CH32M030DS0.PDF,2-1,QFN32,4,PB2,gpio,#,confirmed,pin-table:zh+pin-table:en
CH32M030,CH32M030DS0.PDF,2-1,QFN32,5,PB3,gpio,#,confirmed,pin-table:zh+pin-table:en
CH32M030,CH32M030DS0.PDF,2-1,QFN32,6,PB4,gpio,#,reference,pin-table:en
CH32M030,CH32M030DS0.PDF,2-1,QFN32,7,PB5,gpio,#,reference,pin-table:en
CH32M030,CH32M030DS0.PDF,2-1,QFN32,8,PB6,gpio,#,confirmed,pin-table:zh+pin-table:en
CH32M030,CH32M030DS0.PDF,2-1,QFN32,9,PB8,gpio,#,confirmed,pin-table:zh+pin-table:en
CH32M030,CH32M030DS0.PDF,2-1,QFN32,10,VSO,power,#,confirmed,pin-table:zh+pin-table:en
CH32M030,CH32M030DS0.PDF,2-1,QFN32,11,PB9,gpio,#,confirmed,pin-table:zh+pin-table:en
CH32M030,CH32M030DS0.PDF,2-1,QFN32,12,VBO,power,#,confirmed,pin-table:zh+pin-table:en
CH32M030,CH32M030DS0.PDF,2-1,QFN32,13,PB10,gpio,#,confirmed,pin-table:zh+pin-table:en
CH32M030,CH32M030DS0.PDF,2-1,QFN32,14,VS1,power,#,reference,pin-table:en
CH32M030,CH32M030DS0.PDF,2-1,QFN32,14,VS2,power,#,reference,pin-table:en
CH32M030,CH32M030DS0.PDF,2-1,QFN32,14,VS3,power,#,reference,pin-table:en
CH32M030,CH32M030DS0.PDF,2-1,QFN32,15,PB11,gpio,#,confirmed,pin-table:zh+pin-table:en
CH32M030,CH32M030DS0.PDF,2-1,QFN32,16,VB1,power,#,reference,pin-table:en
CH32M030,CH32M030DS0.PDF,2-1,QFN32,16,VB2,power,#,reference,pin-table:en
CH32M030,CH32M030DS0.PDF,2-1,QFN32,16,VB3,power,#,reference,pin-table:en
CH32M030,CH32M030DS0.PDF,2-1,QFN32,17,PB13,gpio,#,confirmed,pin-table:zh+pin-table:en
CH32M030,CH32M030DS0.PDF,2-1,QFN32,18,PB15,gpio,#,confirmed,pin-table:zh+pin-table:en
CH32M030,CH32M030DS0.PDF,2-1,QFN32,19,VDD8,power,#,confirmed,pin-table:zh+pin-table:en
CH32M030,CH32M030DS0.PDF,2-1,QFN32,20,PC5,gpio,#,confirmed,pin-table:zh+pin-table:en
CH32M030,CH32M030DS0.PDF,2-1,QFN32,21,VDD33,power,#,confirmed,pin-table:zh+pin-table:en
CH32M030,CH32M030DS0.PDF,2-1,QFN32,22,VHV,power,#,confirmed,pin-table:zh+pin-table:en
CH32M030,CH32M030DS0.PDF,2-1,QFN32,23,PA0,gpio,#,reference,pin-table:en
CH32M030,CH32M030DS0.PDF,2-1,QFN32,24,PA1,gpio,#,reference,pin-table:en
CH32M030,CH32M030DS0.PDF,2-1,QFN32,25,PA2,gpio,#,reference,pin-table:en
CH32M030,CH32M030DS0.PDF,2-1,QFN32,26,PA3,gpio,#,reference,pin-table:en
CH32M030,CH32M030DS0.PDF,2-1,QFN32,27,PB0,gpio,#,confirmed,pin-table:zh+pin-table:en
CH32M030,CH32M030DS0.PDF,2-1,QFN32,28,PB1,gpio,#,confirmed,pin-table:zh+pin-table:en
CH32M030,CH32M030DS0.PDF,2-1,QFN32,29,PA4,gpio,#,reference,pin-table:en
CH32M030,CH32M030DS0.PDF,2-1,QFN32,29,PA6,gpio,#,reference,pin-table:en
CH32M030,CH32M030DS0.PDF,2-1,QFN32,30,PA7,gpio,#,confirmed,pin-table:zh+pin-table:en
CH32M030,CH32M030DS0.PDF,2-1,QFN32,31,PA8,gpio,#,confirmed,pin-table:zh+pin-table:en
CH32M030,CH32M030DS0.PDF,2-1,QFN32,32,ISP1,analog,#,confirmed,pin-table:zh+pin-table:en
CH32M030,CH32M030DS0.PDF,2-1,QFN32,EP,GND,power,#,confirmed,pin-table:zh+pin-table:en
CH32M030,CH32M030DS0.PDF,2-1,QFN48,1,PA12,gpio,#,confirmed,pin-table:zh+pin-table:en
CH32M030,CH32M030DS0.PDF,2-1,QFN48,2,PA13,gpio,#,reference,pin-table:en
CH32M030,CH32M030DS0.PDF,2-1,QFN48,3,PA14,gpio,#,confirmed,pin-table:zh+pin-table:en
CH32M030,CH32M030DS0.PDF,2-1,QFN48,4,PA15,gpio,#,confirmed,pin-table:zh+pin-table:en
CH32M030,CH32M030DS0.PDF,2-1,QFN48,5,PB2,gpio,#,confirmed,pin-table:zh+pin-table:en
CH32M030,CH32M030DS0.PDF,2-1,QFN48,6,PB3,gpio,#,confirmed,pin-table:zh+pin-table:en
CH32M030,CH32M030DS0.PDF,2-1,QFN48,7,PB4,gpio,#,reference,pin-table:en
CH32M030,CH32M030DS0.PDF,2-1,QFN48,8,PB5,gpio,#,reference,pin-table:en
CH32M030,CH32M030DS0.PDF,2-1,QFN48,9,PB6,gpio,#,confirmed,pin-table:zh+pin-table:en
CH32M030,CH32M030DS0.PDF,2-1,QFN48,10,PB8,gpio,#,confirmed,pin-table:zh+pin-table:en
CH32M030,CH32M030DS0.PDF,2-1,QFN48,11,VSO,power,#,confirmed,pin-table:zh+pin-table:en
CH32M030,CH32M030DS0.PDF,2-1,QFN48,12,VBO,power,#,confirmed,pin-table:zh+pin-table:en
CH32M030,CH32M030DS0.PDF,2-1,QFN48,13,PB9,gpio,#,confirmed,pin-table:zh+pin-table:en
CH32M030,CH32M030DS0.PDF,2-1,QFN48,14,PB10,gpio,#,confirmed,pin-table:zh+pin-table:en
CH32M030,CH32M030DS0.PDF,2-1,QFN48,15,VS1,power,#,reference,pin-table:en
CH32M030,CH32M030DS0.PDF,2-1,QFN48,16,VB1,power,#,reference,pin-table:en
CH32M030,CH32M030DS0.PDF,2-1,QFN48,17,PB11,gpio,#,confirmed,pin-table:zh+pin-table:en
CH32M030,CH32M030DS0.PDF,2-1,QFN48,18,PB12,gpio,#,confirmed,pin-table:zh+pin-table:en
CH32M030,CH32M030DS0.PDF,2-1,QFN48,19,VS2,power,#,reference,pin-table:en
CH32M030,CH32M030DS0.PDF,2-1,QFN48,20,VB2,power,#,reference,pin-table:en
CH32M030,CH32M030DS0.PDF,2-1,QFN48,21,PB13,gpio,#,confirmed,pin-table:zh+pin-table:en
CH32M030,CH32M030DS0.PDF,2-1,QFN48,22,PB14,gpio,#,confirmed,pin-table:zh+pin-table:en
CH32M030,CH32M030DS0.PDF,2-1,QFN48,23,VS3,power,#,reference,pin-table:en
CH32M030,CH32M030DS0.PDF,2-1,QFN48,24,VB3,power,#,reference,pin-table:en
CH32M030,CH32M030DS0.PDF,2-1,QFN48,25,PB15,gpio,#,confirmed,pin-table:zh+pin-table:en
CH32M030,CH32M030DS0.PDF,2-1,QFN48,26,VDD8,power,#,confirmed,pin-table:zh+pin-table:en
CH32M030,CH32M030DS0.PDF,2-1,QFN48,27,PC0,gpio,#,confirmed,pin-table:zh+pin-table:en
CH32M030,CH32M030DS0.PDF,2-1,QFN48,28,PC1,gpio,#,confirmed,pin-table:zh+pin-table:en
CH32M030,CH32M030DS0.PDF,2-1,QFN48,29,PC2,gpio,#,confirmed,pin-table:zh+pin-table:en
CH32M030,CH32M030DS0.PDF,2-1,QFN48,30,PC3,gpio,#,confirmed,pin-table:zh+pin-table:en
CH32M030,CH32M030DS0.PDF,2-1,QFN48,31,PC4,gpio,#,confirmed,pin-table:zh+pin-table:en
CH32M030,CH32M030DS0.PDF,2-1,QFN48,32,PC5,gpio,#,confirmed,pin-table:zh+pin-table:en
CH32M030,CH32M030DS0.PDF,2-1,QFN48,33,VDD33,power,#,confirmed,pin-table:zh+pin-table:en
CH32M030,CH32M030DS0.PDF,2-1,QFN48,34,VHV,power,#,confirmed,pin-table:zh+pin-table:en
CH32M030,CH32M030DS0.PDF,2-1,QFN48,35,PA0,gpio,#,reference,pin-table:en
CH32M030,CH32M030DS0.PDF,2-1,QFN48,36,PA1,gpio,#,reference,pin-table:en
CH32M030,CH32M030DS0.PDF,2-1,QFN48,37,PA2,gpio,#,reference,pin-table:en
CH32M030,CH32M030DS0.PDF,2-1,QFN48,38,PA3,gpio,#,reference,pin-table:en
CH32M030,CH32M030DS0.PDF,2-1,QFN48,39,PB0,gpio,#,confirmed,pin-table:zh+pin-table:en
CH32M030,CH32M030DS0.PDF,2-1,QFN48,40,PB1,gpio,#,confirmed,pin-table:zh+pin-table:en
CH32M030,CH32M030DS0.PDF,2-1,QFN48,41,PA4,gpio,#,reference,pin-table:en
CH32M030,CH32M030DS0.PDF,2-1,QFN48,42,PA5,gpio,#,confirmed,pin-table:zh+pin-table:en
CH32M030,CH32M030DS0.PDF,2-1,QFN48,43,PA6,gpio,#,reference,pin-table:en
CH32M030,CH32M030DS0.PDF,2-1,QFN48,44,PA7,gpio,#,confirmed,pin-table:zh+pin-table:en
CH32M030,CH32M030DS0.PDF,2-1,QFN48,45,PA8,gpio,#,confirmed,pin-table:zh+pin-table:en
CH32M030,CH32M030DS0.PDF,2-1,QFN48,46,ISP1,analog,#,confirmed,pin-table:zh+pin-table:en
CH32M030,CH32M030DS0.PDF,2-1,QFN48,47,PA10,gpio,#,confirmed,pin-table:zh+pin-table:en
CH32M030,CH32M030DS0.PDF,2-1,QFN48,48,PA11,gpio,#,confirmed,pin-table:zh+pin-table:en
CH32M030,CH32M030DS0.PDF,2-1,QFN48,EP,GND,power,#,confirmed,pin-table:zh+pin-table:en
CH32M030,CH32M030DS0.PDF,2-1,QFN48X7_A,1,PA10,gpio,#,confirmed,pin-table:zh+pin-table:en
CH32M030,CH32M030DS0.PDF,2-1,QFN48X7_A,2,PA11,gpio,#,confirmed,pin-table:zh+pin-table:en
CH32M030,CH32M030DS0.PDF,2-1,QFN48X7_A,3,PA12,gpio,#,confirmed,pin-table:zh+pin-table:en
CH32M030,CH32M030DS0.PDF,2-1,QFN48X7_A,4,PA13,gpio,#,reference,pin-table:en
CH32M030,CH32M030DS0.PDF,2-1,QFN48X7_A,5,PA14,gpio,#,confirmed,pin-table:zh+pin-table:en
CH32M030,CH32M030DS0.PDF,2-1,QFN48X7_A,6,PA15,gpio,#,confirmed,pin-table:zh+pin-table:en
CH32M030,CH32M030DS0.PDF,2-1,QFN48X7_A,7,PB2,gpio,#,confirmed,pin-table:zh+pin-table:en
CH32M030,CH32M030DS0.PDF,2-1,QFN48X7_A,8,PB3,gpio,#,confirmed,pin-table:zh+pin-table:en
CH32M030,CH32M030DS0.PDF,2-1,QFN48X7_A,9,PB4,gpio,#,reference,pin-table:en
CH32M030,CH32M030DS0.PDF,2-1,QFN48X7_A,10,PB5,gpio,#,reference,pin-table:en
CH32M030,CH32M030DS0.PDF,2-1,QFN48X7_A,11,PB6,gpio,#,confirmed,pin-table:zh+pin-table:en
CH32M030,CH32M030DS0.PDF,2-1,QFN48X7_A,12,PB8,gpio,#,confirmed,pin-table:zh+pin-table:en
CH32M030,CH32M030DS0.PDF,2-1,QFN48X7_A,13,VSO,power,#,confirmed,pin-table:zh+pin-table:en
CH32M030,CH32M030DS0.PDF,2-1,QFN48X7_A,14,VBO,power,#,confirmed,pin-table:zh+pin-table:en
CH32M030,CH32M030DS0.PDF,2-1,QFN48X7_A,15,PB9,gpio,#,confirmed,pin-table:zh+pin-table:en
CH32M030,CH32M030DS0.PDF,2-1,QFN48X7_A,16,PB10,gpio,#,confirmed,pin-table:zh+pin-table:en
CH32M030,CH32M030DS0.PDF,2-1,QFN48X7_A,17,VS1,power,#,reference,pin-table:en
CH32M030,CH32M030DS0.PDF,2-1,QFN48X7_A,18,VB1,power,#,reference,pin-table:en
CH32M030,CH32M030DS0.PDF,2-1,QFN48X7_A,19,PB11,gpio,#,confirmed,pin-table:zh+pin-table:en
CH32M030,CH32M030DS0.PDF,2-1,QFN48X7_A,20,PB12,gpio,#,confirmed,pin-table:zh+pin-table:en
CH32M030,CH32M030DS0.PDF,2-1,QFN48X7_A,21,VS2,power,#,reference,pin-table:en
CH32M030,CH32M030DS0.PDF,2-1,QFN48X7_A,22,VB2,power,#,reference,pin-table:en
CH32M030,CH32M030DS0.PDF,2-1,QFN48X7_A,23,PB13,gpio,#,confirmed,pin-table:zh+pin-table:en
CH32M030,CH32M030DS0.PDF,2-1,QFN48X7_A,24,PB14,gpio,#,confirmed,pin-table:zh+pin-table:en
CH32M030,CH32M030DS0.PDF,2-1,QFN48X7_A,25,VS3,power,#,reference,pin-table:en
CH32M030,CH32M030DS0.PDF,2-1,QFN48X7_A,26,VB3,power,#,reference,pin-table:en
CH32M030,CH32M030DS0.PDF,2-1,QFN48X7_A,27,PB15,gpio,#,confirmed,pin-table:zh+pin-table:en
CH32M030,CH32M030DS0.PDF,2-1,QFN48X7_A,28,VDD8,power,#,confirmed,pin-table:zh+pin-table:en
CH32M030,CH32M030DS0.PDF,2-1,QFN48X7_A,29,PB7,gpio,#,confirmed,pin-table:zh+pin-table:en
CH32M030,CH32M030DS0.PDF,2-1,QFN48X7_A,30,PC0,gpio,#,confirmed,pin-table:zh+pin-table:en
CH32M030,CH32M030DS0.PDF,2-1,QFN48X7_A,31,PC1,gpio,#,confirmed,pin-table:zh+pin-table:en
CH32M030,CH32M030DS0.PDF,2-1,QFN48X7_A,32,PC3,gpio,#,confirmed,pin-table:zh+pin-table:en
CH32M030,CH32M030DS0.PDF,2-1,QFN48X7_A,33,PC4,gpio,#,confirmed,pin-table:zh+pin-table:en
CH32M030,CH32M030DS0.PDF,2-1,QFN48X7_A,34,PC5,gpio,#,confirmed,pin-table:zh+pin-table:en
CH32M030,CH32M030DS0.PDF,2-1,QFN48X7_A,35,VDD33,power,#,confirmed,pin-table:zh+pin-table:en
CH32M030,CH32M030DS0.PDF,2-1,QFN48X7_A,36,VHV,power,#,confirmed,pin-table:zh+pin-table:en
CH32M030,CH32M030DS0.PDF,2-1,QFN48X7_A,37,PA0,gpio,#,reference,pin-table:en
CH32M030,CH32M030DS0.PDF,2-1,QFN48X7_A,38,PA1,gpio,#,reference,pin-table:en
CH32M030,CH32M030DS0.PDF,2-1,QFN48X7_A,39,PA2,gpio,#,reference,pin-table:en
CH32M030,CH32M030DS0.PDF,2-1,QFN48X7_A,40,PA3,gpio,#,reference,pin-table:en
CH32M030,CH32M030DS0.PDF,2-1,QFN48X7_A,41,PB0,gpio,#,confirmed,pin-table:zh+pin-table:en
CH32M030,CH32M030DS0.PDF,2-1,QFN48X7_A,42,PB1,gpio,#,confirmed,pin-table:zh+pin-table:en
CH32M030,CH32M030DS0.PDF,2-1,QFN48X7_A,43,PA4,gpio,#,reference,pin-table:en
CH32M030,CH32M030DS0.PDF,2-1,QFN48X7_A,44,PA5,gpio,#,confirmed,pin-table:zh+pin-table:en
CH32M030,CH32M030DS0.PDF,2-1,QFN48X7_A,45,PA6,gpio,#,reference,pin-table:en
CH32M030,CH32M030DS0.PDF,2-1,QFN48X7_A,46,PA7,gpio,#,confirmed,pin-table:zh+pin-table:en
CH32M030,CH32M030DS0.PDF,2-1,QFN48X7_A,47,PA8,gpio,#,confirmed,pin-table:zh+pin-table:en
CH32M030,CH32M030DS0.PDF,2-1,QFN48X7_A,48,ISP1,analog,#,confirmed,pin-table:zh+pin-table:en
CH32M030,CH32M030DS0.PDF,2-1,QFN48X7_A,EP,GND,power,#,confirmed,pin-table:zh+pin-table:en
CH32M030,CH32M030DS0.PDF,2-1,QSOP28,1,PB1,gpio,#,confirmed,pin-table:zh+pin-table:en
CH32M030,CH32M030DS0.PDF,2-1,QSOP28,2,PA7,gpio,#,confirmed,pin-table:zh+pin-table:en
CH32M030,CH32M030DS0.PDF,2-1,QSOP28,3,PA8,gpio,#,confirmed,pin-table:zh+pin-table:en
CH32M030,CH32M030DS0.PDF,2-1,QSOP28,4,ISP1,analog,#,confirmed,pin-table:zh+pin-table:en
CH32M030,CH32M030DS0.PDF,2-1,QSOP28,5,PA10,gpio,#,confirmed,pin-table:zh+pin-table:en
CH32M030,CH32M030DS0.PDF,2-1,QSOP28,6,PA11,gpio,#,confirmed,pin-table:zh+pin-table:en
CH32M030,CH32M030DS0.PDF,2-1,QSOP28,7,PB4,gpio,#,reference,pin-table:en
CH32M030,CH32M030DS0.PDF,2-1,QSOP28,8,PA13,gpio,#,reference,pin-table:en
CH32M030,CH32M030DS0.PDF,2-1,QSOP28,8,PB5,gpio,#,reference,pin-table:en
CH32M030,CH32M030DS0.PDF,2-1,QSOP28,9,PB6,gpio,#,confirmed,pin-table:zh+pin-table:en
CH32M030,CH32M030DS0.PDF,2-1,QSOP28,10,PB8,gpio,#,confirmed,pin-table:zh+pin-table:en
CH32M030,CH32M030DS0.PDF,2-1,QSOP28,11,VSO,power,#,confirmed,pin-table:zh+pin-table:en
CH32M030,CH32M030DS0.PDF,2-1,QSOP28,12,VBO,power,#,confirmed,pin-table:zh+pin-table:en
CH32M030,CH32M030DS0.PDF,2-1,QSOP28,13,PB9,gpio,#,confirmed,pin-table:zh+pin-table:en
CH32M030,CH32M030DS0.PDF,2-1,QSOP28,14,PB10,gpio,#,confirmed,pin-table:zh+pin-table:en
CH32M030,CH32M030DS0.PDF,2-1,QSOP28,15,VS1,power,#,reference,pin-table:en
CH32M030,CH32M030DS0.PDF,2-1,QSOP28,16,VB1,power,#,reference,pin-table:en
CH32M030,CH32M030DS0.PDF,2-1,QSOP28,17,PB11,gpio,#,confirmed,pin-table:zh+pin-table:en
CH32M030,CH32M030DS0.PDF,2-1,QSOP28,18,PB12,gpio,#,confirmed,pin-table:zh+pin-table:en
CH32M030,CH32M030DS0.PDF,2-1,QSOP28,19,VS2,power,#,reference,pin-table:en
CH32M030,CH32M030DS0.PDF,2-1,QSOP28,20,VB2,power,#,reference,pin-table:en
CH32M030,CH32M030DS0.PDF,2-1,QSOP28,21,PB13,gpio,#,confirmed,pin-table:zh+pin-table:en
CH32M030,CH32M030DS0.PDF,2-1,QSOP28,22,VDD8,power,#,confirmed,pin-table:zh+pin-table:en
CH32M030,CH32M030DS0.PDF,2-1,QSOP28,23,VDD33,power,#,confirmed,pin-table:zh+pin-table:en
CH32M030,CH32M030DS0.PDF,2-1,QSOP28,24,VHV,power,#,confirmed,pin-table:zh+pin-table:en
CH32M030,CH32M030DS0.PDF,2-1,QSOP28,25,GND,power,#,confirmed,pin-table:zh+pin-table:en
CH32M030,CH32M030DS0.PDF,2-1,QSOP28,26,PA2,gpio,#,reference,pin-table:en
CH32M030,CH32M030DS0.PDF,2-1,QSOP28,27,PA3,gpio,#,reference,pin-table:en
CH32M030,CH32M030DS0.PDF,2-1,QSOP28,28,PB0,gpio,#,confirmed,pin-table:zh+pin-table:en
CH32V003,CH32V003DS0.PDF,2-1,QFN20,1,PD7,gpio,#,confirmed,pin-table:zh+pin-table:en
CH32V003,CH32V003DS0.PDF,2-1,QFN20,2,PA1,gpio,#,confirmed,pin-table:zh+pin-table:en
CH32V003,CH32V003DS0.PDF,2-1,QFN20,3,PA2,gpio,#,confirmed,pin-table:zh+pin-table:en
CH32V003,CH32V003DS0.PDF,2-1,QFN20,4,VSS,power,#,confirmed,pin-table:zh+pin-table:en
CH32V003,CH32V003DS0.PDF,2-1,QFN20,5,PD0,gpio,#,confirmed,pin-table:zh+pin-table:en
CH32V003,CH32V003DS0.PDF,2-1,QFN20,6,VDD,power,#,confirmed,pin-table:zh+pin-table:en
CH32V003,CH32V003DS0.PDF,2-1,QFN20,7,PC0,gpio,#,confirmed,pin-table:zh+pin-table:en
CH32V003,CH32V003DS0.PDF,2-1,QFN20,8,PC1,gpio,#,confirmed,pin-table:zh+pin-table:en
CH32V003,CH32V003DS0.PDF,2-1,QFN20,9,PC2,gpio,#,confirmed,pin-table:zh+pin-table:en
CH32V003,CH32V003DS0.PDF,2-1,QFN20,10,PC3,gpio,#,confirmed,pin-table:zh+pin-table:en
CH32V003,CH32V003DS0.PDF,2-1,QFN20,11,PC4,gpio,#,confirmed,pin-table:zh+pin-table:en
CH32V003,CH32V003DS0.PDF,2-1,QFN20,12,PC5,gpio,#,confirmed,pin-table:zh+pin-table:en
CH32V003,CH32V003DS0.PDF,2-1,QFN20,13,PC6,gpio,#,confirmed,pin-table:zh+pin-table:en
CH32V003,CH32V003DS0.PDF,2-1,QFN20,14,PC7,gpio,#,confirmed,pin-table:zh+pin-table:en
CH32V003,CH32V003DS0.PDF,2-1,QFN20,15,PD1,gpio,#,confirmed,pin-table:zh+pin-table:en
CH32V003,CH32V003DS0.PDF,2-1,QFN20,16,PD2,gpio,#,confirmed,pin-table:zh+pin-table:en
CH32V003,CH32V003DS0.PDF,2-1,QFN20,17,PD3,gpio,#,confirmed,pin-table:zh+pin-table:en
CH32V003,CH32V003DS0.PDF,2-1,QFN20,18,PD4,gpio,#,confirmed,pin-table:zh+pin-table:en
CH32V003,CH32V003DS0.PDF,2-1,QFN20,19,PD5,gpio,#,confirmed,pin-table:zh+pin-table:en
CH32V003,CH32V003DS0.PDF,2-1,QFN20,20,PD6,gpio,#,confirmed,pin-table:zh+pin-table:en
CH32V003,CH32V003DS0.PDF,2-1,QFN20,EP,VSS,power,#,confirmed,pin-table:zh+pin-table:en
CH32V003,CH32V003DS0.PDF,2-1,SOP16,1,PC1,gpio,#,confirmed,pin-table:zh+pin-table:en
CH32V003,CH32V003DS0.PDF,2-1,SOP16,2,PC2,gpio,#,confirmed,pin-table:zh+pin-table:en
CH32V003,CH32V003DS0.PDF,2-1,SOP16,3,PC3,gpio,#,confirmed,pin-table:zh+pin-table:en
CH32V003,CH32V003DS0.PDF,2-1,SOP16,4,PC4,gpio,#,confirmed,pin-table:zh+pin-table:en
CH32V003,CH32V003DS0.PDF,2-1,SOP16,5,PC6,gpio,#,confirmed,pin-table:zh+pin-table:en
CH32V003,CH32V003DS0.PDF,2-1,SOP16,6,PC7,gpio,#,confirmed,pin-table:zh+pin-table:en
CH32V003,CH32V003DS0.PDF,2-1,SOP16,7,PD1,gpio,#,confirmed,pin-table:zh+pin-table:en
CH32V003,CH32V003DS0.PDF,2-1,SOP16,8,PD4,gpio,#,confirmed,pin-table:zh+pin-table:en
CH32V003,CH32V003DS0.PDF,2-1,SOP16,9,PD5,gpio,#,confirmed,pin-table:zh+pin-table:en
CH32V003,CH32V003DS0.PDF,2-1,SOP16,10,PD6,gpio,#,confirmed,pin-table:zh+pin-table:en
CH32V003,CH32V003DS0.PDF,2-1,SOP16,11,PD7,gpio,#,confirmed,pin-table:zh+pin-table:en
CH32V003,CH32V003DS0.PDF,2-1,SOP16,12,PA1,gpio,#,confirmed,pin-table:zh+pin-table:en
CH32V003,CH32V003DS0.PDF,2-1,SOP16,13,PA2,gpio,#,confirmed,pin-table:zh+pin-table:en
CH32V003,CH32V003DS0.PDF,2-1,SOP16,14,VSS,power,#,confirmed,pin-table:zh+pin-table:en
CH32V003,CH32V003DS0.PDF,2-1,SOP16,15,VDD,power,#,confirmed,pin-table:zh+pin-table:en
CH32V003,CH32V003DS0.PDF,2-1,SOP16,16,PC0,gpio,#,confirmed,pin-table:zh+pin-table:en
CH32V003,CH32V003DS0.PDF,2-1,SOP8,1,PA1,gpio,#,confirmed,pin-table:zh+pin-table:en
CH32V003,CH32V003DS0.PDF,2-1,SOP8,1,PD6,gpio,#,confirmed,pin-table:zh+pin-table:en
CH32V003,CH32V003DS0.PDF,2-1,SOP8,2,VSS,power,#,confirmed,pin-table:zh+pin-table:en
CH32V003,CH32V003DS0.PDF,2-1,SOP8,3,PA2,gpio,#,confirmed,pin-table:zh+pin-table:en
CH32V003,CH32V003DS0.PDF,2-1,SOP8,4,VDD,power,#,confirmed,pin-table:zh+pin-table:en
CH32V003,CH32V003DS0.PDF,2-1,SOP8,5,PC1,gpio,#,confirmed,pin-table:zh+pin-table:en
CH32V003,CH32V003DS0.PDF,2-1,SOP8,6,PC2,gpio,#,confirmed,pin-table:zh+pin-table:en
CH32V003,CH32V003DS0.PDF,2-1,SOP8,7,PC4,gpio,#,confirmed,pin-table:zh+pin-table:en
CH32V003,CH32V003DS0.PDF,2-1,SOP8,8,PD1,gpio,#,confirmed,pin-table:zh+pin-table:en
CH32V003,CH32V003DS0.PDF,2-1,SOP8,8,PD4,gpio,#,confirmed,pin-table:zh+pin-table:en
CH32V003,CH32V003DS0.PDF,2-1,SOP8,8,PD5,gpio,#,confirmed,pin-table:zh+pin-table:en
CH32V003,CH32V003DS0.PDF,2-1,TSSOP20,1,PD4,gpio,#,confirmed,pin-table:zh+pin-table:en
CH32V003,CH32V003DS0.PDF,2-1,TSSOP20,2,PD5,gpio,#,confirmed,pin-table:zh+pin-table:en
CH32V003,CH32V003DS0.PDF,2-1,TSSOP20,3,PD6,gpio,#,confirmed,pin-table:zh+pin-table:en
CH32V003,CH32V003DS0.PDF,2-1,TSSOP20,4,PD7,gpio,#,confirmed,pin-table:zh+pin-table:en
CH32V003,CH32V003DS0.PDF,2-1,TSSOP20,5,PA1,gpio,#,confirmed,pin-table:zh+pin-table:en
CH32V003,CH32V003DS0.PDF,2-1,TSSOP20,6,PA2,gpio,#,confirmed,pin-table:zh+pin-table:en
CH32V003,CH32V003DS0.PDF,2-1,TSSOP20,7,VSS,power,#,confirmed,pin-table:zh+pin-table:en
CH32V003,CH32V003DS0.PDF,2-1,TSSOP20,8,PD0,gpio,#,confirmed,pin-table:zh+pin-table:en
CH32V003,CH32V003DS0.PDF,2-1,TSSOP20,9,VDD,power,#,confirmed,pin-table:zh+pin-table:en
CH32V003,CH32V003DS0.PDF,2-1,TSSOP20,10,PC0,gpio,#,confirmed,pin-table:zh+pin-table:en
CH32V003,CH32V003DS0.PDF,2-1,TSSOP20,11,PC1,gpio,#,confirmed,pin-table:zh+pin-table:en
CH32V003,CH32V003DS0.PDF,2-1,TSSOP20,12,PC2,gpio,#,confirmed,pin-table:zh+pin-table:en
CH32V003,CH32V003DS0.PDF,2-1,TSSOP20,13,PC3,gpio,#,confirmed,pin-table:zh+pin-table:en
CH32V003,CH32V003DS0.PDF,2-1,TSSOP20,14,PC4,gpio,#,confirmed,pin-table:zh+pin-table:en
CH32V003,CH32V003DS0.PDF,2-1,TSSOP20,15,PC5,gpio,#,confirmed,pin-table:zh+pin-table:en
CH32V003,CH32V003DS0.PDF,2-1,TSSOP20,16,PC6,gpio,#,confirmed,pin-table:zh+pin-table:en
CH32V003,CH32V003DS0.PDF,2-1,TSSOP20,17,PC7,gpio,#,confirmed,pin-table:zh+pin-table:en
CH32V003,CH32V003DS0.PDF,2-1,TSSOP20,18,PD1,gpio,#,confirmed,pin-table:zh+pin-table:en
CH32V003,CH32V003DS0.PDF,2-1,TSSOP20,19,PD2,gpio,#,confirmed,pin-table:zh+pin-table:en
CH32V003,CH32V003DS0.PDF,2-1,TSSOP20,20,PD3,gpio,#,confirmed,pin-table:zh+pin-table:en
CH32V006,CH32V002DS0.PDF,2-1,QFN12,1,PA1,gpio,#,confirmed,pin-table:zh+pin-table:en
CH32V006,CH32V002DS0.PDF,2-1,QFN12,2,PA2,gpio,#,confirmed,pin-table:zh+pin-table:en
CH32V006,CH32V002DS0.PDF,2-1,QFN12,3,PD0,gpio,#,confirmed,pin-table:zh+pin-table:en
CH32V006,CH32V002DS0.PDF,2-1,QFN12,4,VDD,power,#,confirmed,pin-table:zh+pin-table:en
CH32V006,CH32V002DS0.PDF,2-1,QFN12,5,PC0,gpio,#,confirmed,pin-table:zh+pin-table:en
CH32V006,CH32V002DS0.PDF,2-1,QFN12,6,PC3,gpio,#,confirmed,pin-table:zh+pin-table:en
CH32V006,CH32V002DS0.PDF,2-1,QFN12,7,PC4,gpio,#,confirmed,pin-table:zh+pin-table:en
CH32V006,CH32V002DS0.PDF,2-1,QFN12,8,PC6,gpio,#,confirmed,pin-table:zh+pin-table:en
CH32V006,CH32V002DS0.PDF,2-1,QFN12,9,PC7,gpio,#,confirmed,pin-table:zh+pin-table:en
CH32V006,CH32V002DS0.PDF,2-1,QFN12,10,PD1,gpio,#,confirmed,pin-table:zh+pin-table:en
CH32V006,CH32V002DS0.PDF,2-1,QFN12,11,PD4,gpio,#,confirmed,pin-table:zh+pin-table:en
CH32V006,CH32V002DS0.PDF,2-1,QFN12,12,PD7,gpio,#,confirmed,pin-table:zh+pin-table:en
CH32V006,CH32V002DS0.PDF,2-1,QFN12,EP,VSS,power,#,confirmed,pin-table:zh+pin-table:en
CH32V006,CH32V002DS0.PDF,2-1,QFN20,1,PD7,gpio,#,confirmed,pin-table:zh+pin-table:en
CH32V006,CH32V002DS0.PDF,2-1,QFN20,2,PA1,gpio,#,confirmed,pin-table:zh+pin-table:en
CH32V006,CH32V002DS0.PDF,2-1,QFN20,3,PA2,gpio,#,confirmed,pin-table:zh+pin-table:en
CH32V006,CH32V002DS0.PDF,2-1,QFN20,4,VSS,power,#,confirmed,pin-table:zh+pin-table:en
CH32V006,CH32V002DS0.PDF,2-1,QFN20,5,PD0,gpio,#,confirmed,pin-table:zh+pin-table:en
CH32V006,CH32V002DS0.PDF,2-1,QFN20,6,VDD,power,#,confirmed,pin-table:zh+pin-table:en
CH32V006,CH32V002DS0.PDF,2-1,QFN20,7,PC0,gpio,#,confirmed,pin-table:zh+pin-table:en
CH32V006,CH32V002DS0.PDF,2-1,QFN20,8,PC1,gpio,#,confirmed,pin-table:zh+pin-table:en
CH32V006,CH32V002DS0.PDF,2-1,QFN20,9,PC2,gpio,#,confirmed,pin-table:zh+pin-table:en
CH32V006,CH32V002DS0.PDF,2-1,QFN20,10,PC3,gpio,#,confirmed,pin-table:zh+pin-table:en
CH32V006,CH32V002DS0.PDF,2-1,QFN20,11,PC4,gpio,#,confirmed,pin-table:zh+pin-table:en
CH32V006,CH32V002DS0.PDF,2-1,QFN20,12,PC5,gpio,#,confirmed,pin-table:zh+pin-table:en
CH32V006,CH32V002DS0.PDF,2-1,QFN20,13,PC6,gpio,#,confirmed,pin-table:zh+pin-table:en
CH32V006,CH32V002DS0.PDF,2-1,QFN20,14,PC7,gpio,#,confirmed,pin-table:zh+pin-table:en
CH32V006,CH32V002DS0.PDF,2-1,QFN20,15,PD1,gpio,#,confirmed,pin-table:zh+pin-table:en
CH32V006,CH32V002DS0.PDF,2-1,QFN20,16,PD2,gpio,#,confirmed,pin-table:zh+pin-table:en
CH32V006,CH32V002DS0.PDF,2-1,QFN20,17,PD3,gpio,#,confirmed,pin-table:zh+pin-table:en
CH32V006,CH32V002DS0.PDF,2-1,QFN20,18,PD4,gpio,#,confirmed,pin-table:zh+pin-table:en
CH32V006,CH32V002DS0.PDF,2-1,QFN20,19,PD5,gpio,#,confirmed,pin-table:zh+pin-table:en
CH32V006,CH32V002DS0.PDF,2-1,QFN20,20,PD6,gpio,#,confirmed,pin-table:zh+pin-table:en
CH32V006,CH32V002DS0.PDF,2-1,QFN20,EP,VSS,power,#,confirmed,pin-table:zh+pin-table:en
CH32V006,CH32V002DS0.PDF,2-1,SOP16,1,PC1,gpio,#,confirmed,pin-table:zh+pin-table:en
CH32V006,CH32V002DS0.PDF,2-1,SOP16,2,PC2,gpio,#,confirmed,pin-table:zh+pin-table:en
CH32V006,CH32V002DS0.PDF,2-1,SOP16,3,PC3,gpio,#,confirmed,pin-table:zh+pin-table:en
CH32V006,CH32V002DS0.PDF,2-1,SOP16,4,PC4,gpio,#,confirmed,pin-table:zh+pin-table:en
CH32V006,CH32V002DS0.PDF,2-1,SOP16,5,PC6,gpio,#,confirmed,pin-table:zh+pin-table:en
CH32V006,CH32V002DS0.PDF,2-1,SOP16,6,PC7,gpio,#,confirmed,pin-table:zh+pin-table:en
CH32V006,CH32V002DS0.PDF,2-1,SOP16,7,PD1,gpio,#,confirmed,pin-table:zh+pin-table:en
CH32V006,CH32V002DS0.PDF,2-1,SOP16,8,PD4,gpio,#,confirmed,pin-table:zh+pin-table:en
CH32V006,CH32V002DS0.PDF,2-1,SOP16,9,PD5,gpio,#,confirmed,pin-table:zh+pin-table:en
CH32V006,CH32V002DS0.PDF,2-1,SOP16,10,PD6,gpio,#,confirmed,pin-table:zh+pin-table:en
CH32V006,CH32V002DS0.PDF,2-1,SOP16,11,PD7,gpio,#,confirmed,pin-table:zh+pin-table:en
CH32V006,CH32V002DS0.PDF,2-1,SOP16,12,PA1,gpio,#,confirmed,pin-table:zh+pin-table:en
CH32V006,CH32V002DS0.PDF,2-1,SOP16,13,PA2,gpio,#,confirmed,pin-table:zh+pin-table:en
CH32V006,CH32V002DS0.PDF,2-1,SOP16,14,VSS,power,#,confirmed,pin-table:zh+pin-table:en
CH32V006,CH32V002DS0.PDF,2-1,SOP16,15,VDD,power,#,confirmed,pin-table:zh+pin-table:en
CH32V006,CH32V002DS0.PDF,2-1,SOP16,16,PC0,gpio,#,confirmed,pin-table:zh+pin-table:en
CH32V006,CH32V002DS0.PDF,2-1,SOP8,1,PA1,gpio,#,confirmed,pin-table:zh+pin-table:en
CH32V006,CH32V002DS0.PDF,2-1,SOP8,1,PD6,gpio,#,confirmed,pin-table:zh+pin-table:en
CH32V006,CH32V002DS0.PDF,2-1,SOP8,2,VSS,power,#,confirmed,pin-table:zh+pin-table:en
CH32V006,CH32V002DS0.PDF,2-1,SOP8,3,PA2,gpio,#,confirmed,pin-table:zh+pin-table:en
CH32V006,CH32V002DS0.PDF,2-1,SOP8,4,VDD,power,#,confirmed,pin-table:zh+pin-table:en
CH32V006,CH32V002DS0.PDF,2-1,SOP8,5,PC1,gpio,#,confirmed,pin-table:zh+pin-table:en
CH32V006,CH32V002DS0.PDF,2-1,SOP8,6,PC2,gpio,#,confirmed,pin-table:zh+pin-table:en
CH32V006,CH32V002DS0.PDF,2-1,SOP8,7,PC4,gpio,#,confirmed,pin-table:zh+pin-table:en
CH32V006,CH32V002DS0.PDF,2-1,SOP8,8,PD1,gpio,#,confirmed,pin-table:zh+pin-table:en
CH32V006,CH32V002DS0.PDF,2-1,SOP8,8,PD4,gpio,#,confirmed,pin-table:zh+pin-table:en
CH32V006,CH32V002DS0.PDF,2-1,SOP8,8,PD5,gpio,#,confirmed,pin-table:zh+pin-table:en
CH32V006,CH32V002DS0.PDF,2-1,TSSOP20,1,PD4,gpio,#,confirmed,pin-table:zh+pin-table:en
CH32V006,CH32V002DS0.PDF,2-1,TSSOP20,2,PD5,gpio,#,confirmed,pin-table:zh+pin-table:en
CH32V006,CH32V002DS0.PDF,2-1,TSSOP20,3,PD6,gpio,#,confirmed,pin-table:zh+pin-table:en
CH32V006,CH32V002DS0.PDF,2-1,TSSOP20,4,PD7,gpio,#,confirmed,pin-table:zh+pin-table:en
CH32V006,CH32V002DS0.PDF,2-1,TSSOP20,5,PA1,gpio,#,confirmed,pin-table:zh+pin-table:en
CH32V006,CH32V002DS0.PDF,2-1,TSSOP20,6,PA2,gpio,#,confirmed,pin-table:zh+pin-table:en
CH32V006,CH32V002DS0.PDF,2-1,TSSOP20,7,VSS,power,#,confirmed,pin-table:zh+pin-table:en
CH32V006,CH32V002DS0.PDF,2-1,TSSOP20,8,PD0,gpio,#,confirmed,pin-table:zh+pin-table:en
CH32V006,CH32V002DS0.PDF,2-1,TSSOP20,9,VDD,power,#,confirmed,pin-table:zh+pin-table:en
CH32V006,CH32V002DS0.PDF,2-1,TSSOP20,10,PC0,gpio,#,confirmed,pin-table:zh+pin-table:en
CH32V006,CH32V002DS0.PDF,2-1,TSSOP20,11,PC1,gpio,#,confirmed,pin-table:zh+pin-table:en
CH32V006,CH32V002DS0.PDF,2-1,TSSOP20,12,PC2,gpio,#,confirmed,pin-table:zh+pin-table:en
CH32V006,CH32V002DS0.PDF,2-1,TSSOP20,13,PC3,gpio,#,confirmed,pin-table:zh+pin-table:en
CH32V006,CH32V002DS0.PDF,2-1,TSSOP20,14,PC4,gpio,#,confirmed,pin-table:zh+pin-table:en
CH32V006,CH32V002DS0.PDF,2-1,TSSOP20,15,PC5,gpio,#,confirmed,pin-table:zh+pin-table:en
CH32V006,CH32V002DS0.PDF,2-1,TSSOP20,16,PC6,gpio,#,confirmed,pin-table:zh+pin-table:en
CH32V006,CH32V002DS0.PDF,2-1,TSSOP20,17,PC7,gpio,#,confirmed,pin-table:zh+pin-table:en
CH32V006,CH32V002DS0.PDF,2-1,TSSOP20,18,PD1,gpio,#,confirmed,pin-table:zh+pin-table:en
CH32V006,CH32V002DS0.PDF,2-1,TSSOP20,19,PD2,gpio,#,confirmed,pin-table:zh+pin-table:en
CH32V006,CH32V002DS0.PDF,2-1,TSSOP20,20,PD3,gpio,#,confirmed,pin-table:zh+pin-table:en
CH32V006,CH32V004DS0.PDF,2-1,QFN20L,1,PD7,gpio,#,confirmed,pin-table:zh+pin-table:en(QFN20)
CH32V006,CH32V004DS0.PDF,2-1,QFN20L,2,PA1,gpio,#,confirmed,pin-table:zh+pin-table:en(QFN20)
CH32V006,CH32V004DS0.PDF,2-1,QFN20L,3,PA2,gpio,#,confirmed,pin-table:zh+pin-table:en(QFN20)
CH32V006,CH32V004DS0.PDF,2-1,QFN20L,4,VSS,power,#,confirmed,pin-table:zh+pin-table:en(QFN20)
CH32V006,CH32V004DS0.PDF,2-1,QFN20L,5,PD0,gpio,#,confirmed,pin-table:zh+pin-table:en(QFN20)
CH32V006,CH32V004DS0.PDF,2-1,QFN20L,6,VDD,power,#,confirmed,pin-table:zh+pin-table:en(QFN20)
CH32V006,CH32V004DS0.PDF,2-1,QFN20L,7,PC0,gpio,#,confirmed,pin-table:zh+pin-table:en(QFN20)
CH32V006,CH32V004DS0.PDF,2-1,QFN20L,8,PC1,gpio,#,confirmed,pin-table:zh+pin-table:en(QFN20)
CH32V006,CH32V004DS0.PDF,2-1,QFN20L,9,PC2,gpio,#,confirmed,pin-table:zh+pin-table:en(QFN20)
CH32V006,CH32V004DS0.PDF,2-1,QFN20L,10,PC3,gpio,#,confirmed,pin-table:zh+pin-table:en(QFN20)
CH32V006,CH32V004DS0.PDF,2-1,QFN20L,11,PC4,gpio,#,confirmed,pin-table:zh+pin-table:en(QFN20)
CH32V006,CH32V004DS0.PDF,2-1,QFN20L,12,PC5,gpio,#,confirmed,pin-table:zh+pin-table:en(QFN20)
CH32V006,CH32V004DS0.PDF,2-1,QFN20L,13,PC6,gpio,#,confirmed,pin-table:zh+pin-table:en(QFN20)
CH32V006,CH32V004DS0.PDF,2-1,QFN20L,14,PC7,gpio,#,confirmed,pin-table:zh+pin-table:en(QFN20)
CH32V006,CH32V004DS0.PDF,2-1,QFN20L,15,PD1,gpio,#,confirmed,pin-table:zh+pin-table:en(QFN20)
CH32V006,CH32V004DS0.PDF,2-1,QFN20L,16,PD2,gpio,#,confirmed,pin-table:zh+pin-table:en(QFN20)
CH32V006,CH32V004DS0.PDF,2-1,QFN20L,17,PD3,gpio,#,confirmed,pin-table:zh+pin-table:en(QFN20)
CH32V006,CH32V004DS0.PDF,2-1,QFN20L,18,PD4,gpio,#,confirmed,pin-table:zh+pin-table:en(QFN20)
CH32V006,CH32V004DS0.PDF,2-1,QFN20L,19,PD5,gpio,#,confirmed,pin-table:zh+pin-table:en(QFN20)
CH32V006,CH32V004DS0.PDF,2-1,QFN20L,20,PD6,gpio,#,confirmed,pin-table:zh+pin-table:en(QFN20)
CH32V006,CH32V004DS0.PDF,2-1,QFN20L,EP,VSS,power,#,confirmed,pin-table:zh+pin-table:en(QFN20)
CH32V006,CH32V004DS0.PDF,2-1,TSSOP20,1,PD4,gpio,#,confirmed,pin-table:zh+pin-table:en
CH32V006,CH32V004DS0.PDF,2-1,TSSOP20,2,PD5,gpio,#,confirmed,pin-table:zh+pin-table:en
CH32V006,CH32V004DS0.PDF,2-1,TSSOP20,3,PD6,gpio,#,confirmed,pin-table:zh+pin-table:en
CH32V006,CH32V004DS0.PDF,2-1,TSSOP20,4,PD7,gpio,#,confirmed,pin-table:zh+pin-table:en
CH32V006,CH32V004DS0.PDF,2-1,TSSOP20,5,PA1,gpio,#,confirmed,pin-table:zh+pin-table:en
CH32V006,CH32V004DS0.PDF,2-1,TSSOP20,6,PA2,gpio,#,confirmed,pin-table:zh+pin-table:en
CH32V006,CH32V004DS0.PDF,2-1,TSSOP20,7,VSS,power,#,confirmed,pin-table:zh+pin-table:en
CH32V006,CH32V004DS0.PDF,2-1,TSSOP20,8,PD0,gpio,#,confirmed,pin-table:zh+pin-table:en
CH32V006,CH32V004DS0.PDF,2-1,TSSOP20,9,VDD,power,#,confirmed,pin-table:zh+pin-table:en
CH32V006,CH32V004DS0.PDF,2-1,TSSOP20,10,PC0,gpio,#,confirmed,pin-table:zh+pin-table:en
CH32V006,CH32V004DS0.PDF,2-1,TSSOP20,11,PC1,gpio,#,confirmed,pin-table:zh+pin-table:en
CH32V006,CH32V004DS0.PDF,2-1,TSSOP20,12,PC2,gpio,#,confirmed,pin-table:zh+pin-table:en
CH32V006,CH32V004DS0.PDF,2-1,TSSOP20,13,PC3,gpio,#,confirmed,pin-table:zh+pin-table:en
CH32V006,CH32V004DS0.PDF,2-1,TSSOP20,14,PC4,gpio,#,confirmed,pin-table:zh+pin-table:en
CH32V006,CH32V004DS0.PDF,2-1,TSSOP20,15,PC5,gpio,#,confirmed,pin-table:zh+pin-table:en
CH32V006,CH32V004DS0.PDF,2-1,TSSOP20,16,PC6,gpio,#,confirmed,pin-table:zh+pin-table:en
CH32V006,CH32V004DS0.PDF,2-1,TSSOP20,17,PC7,gpio,#,confirmed,pin-table:zh+pin-table:en
CH32V006,CH32V004DS0.PDF,2-1,TSSOP20,18,PD1,gpio,#,confirmed,pin-table:zh+pin-table:en
CH32V006,CH32V004DS0.PDF,2-1,TSSOP20,19,PD2,gpio,#,confirmed,pin-table:zh+pin-table:en
CH32V006,CH32V004DS0.PDF,2-1,TSSOP20,20,PD3,gpio,#,confirmed,pin-table:zh+pin-table:en
CH32V006,CH32V006DS0.PDF,2-1-1,V006D8U7,1,PA1,gpio,#,confirmed,pin-table:zh+pin-table:en
CH32V006,CH32V006DS0.PDF,2-1-1,V006D8U7,2,PA2,gpio,#,confirmed,pin-table:zh+pin-table:en
CH32V006,CH32V006DS0.PDF,2-1-1,V006D8U7,3,PD0,gpio,#,confirmed,pin-table:zh+pin-table:en
CH32V006,CH32V006DS0.PDF,2-1-1,V006D8U7,4,VDD,power,#,confirmed,pin-table:zh+pin-table:en
CH32V006,CH32V006DS0.PDF,2-1-1,V006D8U7,5,PC0,gpio,#,confirmed,pin-table:zh+pin-table:en
CH32V006,CH32V006DS0.PDF,2-1-1,V006D8U7,6,PC3,gpio,#,confirmed,pin-table:zh+pin-table:en
CH32V006,CH32V006DS0.PDF,2-1-1,V006D8U7,7,PC4,gpio,#,confirmed,pin-table:zh+pin-table:en
CH32V006,CH32V006DS0.PDF,2-1-1,V006D8U7,8,PC6,gpio,#,confirmed,pin-table:zh+pin-table:en
CH32V006,CH32V006DS0.PDF,2-1-1,V006D8U7,9,PC7,gpio,#,confirmed,pin-table:zh+pin-table:en
CH32V006,CH32V006DS0.PDF,2-1-1,V006D8U7,10,PD1,gpio,#,confirmed,pin-table:zh+pin-table:en
CH32V006,CH32V006DS0.PDF,2-1-1,V006D8U7,11,PD4,gpio,#,confirmed,pin-table:zh+pin-table:en
CH32V006,CH32V006DS0.PDF,2-1-1,V006D8U7,12,PD7,gpio,#,confirmed,pin-table:zh+pin-table:en
CH32V006,CH32V006DS0.PDF,2-1-1,V006D8U7,EP,VSS,power,#,confirmed,pin-table:zh+pin-table:en
CH32V006,CH32V006DS0.PDF,2-1-1,V006E8R,1,PD1,gpio,#,confirmed,pin-table:zh+pin-table:en
CH32V006,CH32V006DS0.PDF,2-1-1,V006E8R,2,PC0,gpio,#,confirmed,pin-table:zh+pin-table:en
CH32V006,CH32V006DS0.PDF,2-1-1,V006E8R,3,PC1,gpio,#,confirmed,pin-table:zh+pin-table:en
CH32V006,CH32V006DS0.PDF,2-1-1,V006E8R,4,PC2,gpio,#,confirmed,pin-table:zh+pin-table:en
CH32V006,CH32V006DS0.PDF,2-1-1,V006E8R,5,VSS,power,#,confirmed,pin-table:zh+pin-table:en
CH32V006,CH32V006DS0.PDF,2-1-1,V006E8R,6,VDD,power,#,confirmed,pin-table:zh+pin-table:en
CH32V006,CH32V006DS0.PDF,2-1-1,V006E8R,7,PC5,gpio,#,confirmed,pin-table:zh+pin-table:en
CH32V006,CH32V006DS0.PDF,2-1-1,V006E8R,8,PC4,gpio,#,confirmed,pin-table:zh+pin-table:en
CH32V006,CH32V006DS0.PDF,2-1-1,V006E8R,9,PD2,gpio,#,confirmed,pin-table:zh+pin-table:en
CH32V006,CH32V006DS0.PDF,2-1-1,V006E8R,10,PD3,gpio,#,confirmed,pin-table:zh+pin-table:en
CH32V006,CH32V006DS0.PDF,2-1-1,V006E8R,11,PD4,gpio,#,confirmed,pin-table:zh+pin-table:en
CH32V006,CH32V006DS0.PDF,2-1-1,V006E8R,12,PD5,gpio,#,confirmed,pin-table:zh+pin-table:en
CH32V006,CH32V006DS0.PDF,2-1-1,V006E8R,13,PD6,gpio,#,confirmed,pin-table:zh+pin-table:en
CH32V006,CH32V006DS0.PDF,2-1-1,V006E8R,14,PD7,gpio,#,confirmed,pin-table:zh+pin-table:en
CH32V006,CH32V006DS0.PDF,2-1-1,V006E8R,15,PA4,gpio,#,confirmed,pin-table:zh+pin-table:en
CH32V006,CH32V006DS0.PDF,2-1-1,V006E8R,16,PA5,gpio,#,confirmed,pin-table:zh+pin-table:en
CH32V006,CH32V006DS0.PDF,2-1-1,V006E8R,17,PA1,gpio,#,confirmed,pin-table:zh+pin-table:en
CH32V006,CH32V006DS0.PDF,2-1-1,V006E8R,17,PA6,gpio,#,confirmed,pin-table:zh+pin-table:en
CH32V006,CH32V006DS0.PDF,2-1-1,V006E8R,18,PA0,gpio,#,confirmed,pin-table:zh+pin-table:en
CH32V006,CH32V006DS0.PDF,2-1-1,V006E8R,19,PA2,gpio,#,confirmed,pin-table:zh+pin-table:en
CH32V006,CH32V006DS0.PDF,2-1-1,V006E8R,20,PD0,gpio,#,confirmed,pin-table:zh+pin-table:en
CH32V006,CH32V006DS0.PDF,2-1-1,V006E8R,21,PA3,gpio,#,confirmed,pin-table:zh+pin-table:en
CH32V006,CH32V006DS0.PDF,2-1-1,V006E8R,22,PB0,gpio,#,confirmed,pin-table:zh+pin-table:en
CH32V006,CH32V006DS0.PDF,2-1-1,V006E8R,23,PB1,gpio,#,confirmed,pin-table:zh+pin-table:en
CH32V006,CH32V006DS0.PDF,2-1-1,V006E8R,24,PB3,gpio,#,confirmed,pin-table:zh+pin-table:en
CH32V006,CH32V006DS0.PDF,2-1-1,V006F8P7,1,PD4,gpio,#,confirmed,pin-table:zh+pin-table:en
CH32V006,CH32V006DS0.PDF,2-1-1,V006F8P7,2,PD5,gpio,#,confirmed,pin-table:zh+pin-table:en
CH32V006,CH32V006DS0.PDF,2-1-1,V006F8P7,3,PD6,gpio,#,confirmed,pin-table:zh+pin-table:en
CH32V006,CH32V006DS0.PDF,2-1-1,V006F8P7,4,PD7,gpio,#,confirmed,pin-table:zh+pin-table:en
CH32V006,CH32V006DS0.PDF,2-1-1,V006F8P7,5,PA1,gpio,#,confirmed,pin-table:zh+pin-table:en
CH32V006,CH32V006DS0.PDF,2-1-1,V006F8P7,6,PA2,gpio,#,confirmed,pin-table:zh+pin-table:en
CH32V006,CH32V006DS0.PDF,2-1-1,V006F8P7,7,VSS,power,#,confirmed,pin-table:zh+pin-table:en
CH32V006,CH32V006DS0.PDF,2-1-1,V006F8P7,8,PD0,gpio,#,confirmed,pin-table:zh+pin-table:en
CH32V006,CH32V006DS0.PDF,2-1-1,V006F8P7,9,VDD,power,#,confirmed,pin-table:zh+pin-table:en
CH32V006,CH32V006DS0.PDF,2-1-1,V006F8P7,10,PC0,gpio,#,confirmed,pin-table:zh+pin-table:en
CH32V006,CH32V006DS0.PDF,2-1-1,V006F8P7,11,PC1,gpio,#,confirmed,pin-table:zh+pin-table:en
CH32V006,CH32V006DS0.PDF,2-1-1,V006F8P7,12,PC2,gpio,#,confirmed,pin-table:zh+pin-table:en
CH32V006,CH32V006DS0.PDF,2-1-1,V006F8P7,13,PC3,gpio,#,confirmed,pin-table:zh+pin-table:en
CH32V006,CH32V006DS0.PDF,2-1-1,V006F8P7,14,PC4,gpio,#,confirmed,pin-table:zh+pin-table:en
CH32V006,CH32V006DS0.PDF,2-1-1,V006F8P7,15,PC5,gpio,#,confirmed,pin-table:zh+pin-table:en
CH32V006,CH32V006DS0.PDF,2-1-1,V006F8P7,16,PC6,gpio,#,confirmed,pin-table:zh+pin-table:en
CH32V006,CH32V006DS0.PDF,2-1-1,V006F8P7,17,PC7,gpio,#,confirmed,pin-table:zh+pin-table:en
CH32V006,CH32V006DS0.PDF,2-1-1,V006F8P7,18,PD1,gpio,#,confirmed,pin-table:zh+pin-table:en
CH32V006,CH32V006DS0.PDF,2-1-1,V006F8P7,19,PD2,gpio,#,confirmed,pin-table:zh+pin-table:en
CH32V006,CH32V006DS0.PDF,2-1-1,V006F8P7,20,PD3,gpio,#,confirmed,pin-table:zh+pin-table:en
CH32V006,CH32V006DS0.PDF,2-1-1,V006F8U7,1,PD7,gpio,#,confirmed,pin-table:zh+pin-table:en
CH32V006,CH32V006DS0.PDF,2-1-1,V006F8U7,2,PA1,gpio,#,confirmed,pin-table:zh+pin-table:en
CH32V006,CH32V006DS0.PDF,2-1-1,V006F8U7,3,PA2,gpio,#,confirmed,pin-table:zh+pin-table:en
CH32V006,CH32V006DS0.PDF,2-1-1,V006F8U7,5,PD0,gpio,#,confirmed,pin-table:zh+pin-table:en
CH32V006,CH32V006DS0.PDF,2-1-1,V006F8U7,6,VDD,power,#,confirmed,pin-table:zh+pin-table:en
CH32V006,CH32V006DS0.PDF,2-1-1,V006F8U7,7,PC0,gpio,#,confirmed,pin-table:zh+pin-table:en
CH32V006,CH32V006DS0.PDF,2-1-1,V006F8U7,8,PC1,gpio,#,confirmed,pin-table:zh+pin-table:en
CH32V006,CH32V006DS0.PDF,2-1-1,V006F8U7,9,PC2,gpio,#,confirmed,pin-table:zh+pin-table:en
CH32V006,CH32V006DS0.PDF,2-1-1,V006F8U7,10,PC3,gpio,#,confirmed,pin-table:zh+pin-table:en
CH32V006,CH32V006DS0.PDF,2-1-1,V006F8U7,11,PC4,gpio,#,confirmed,pin-table:zh+pin-table:en
CH32V006,CH32V006DS0.PDF,2-1-1,V006F8U7,12,PC5,gpio,#,confirmed,pin-table:zh+pin-table:en
CH32V006,CH32V006DS0.PDF,2-1-1,V006F8U7,13,PC6,gpio,#,confirmed,pin-table:zh+pin-table:en
CH32V006,CH32V006DS0.PDF,2-1-1,V006F8U7,14,PC7,gpio,#,confirmed,pin-table:zh+pin-table:en
CH32V006,CH32V006DS0.PDF,2-1-1,V006F8U7,15,PD1,gpio,#,confirmed,pin-table:zh+pin-table:en
CH32V006,CH32V006DS0.PDF,2-1-1,V006F8U7,16,PD2,gpio,#,confirmed,pin-table:zh+pin-table:en
CH32V006,CH32V006DS0.PDF,2-1-1,V006F8U7,17,PD3,gpio,#,confirmed,pin-table:zh+pin-table:en
CH32V006,CH32V006DS0.PDF,2-1-1,V006F8U7,18,PD4,gpio,#,confirmed,pin-table:zh+pin-table:en
CH32V006,CH32V006DS0.PDF,2-1-1,V006F8U7,19,PD5,gpio,#,confirmed,pin-table:zh+pin-table:en
CH32V006,CH32V006DS0.PDF,2-1-1,V006F8U7,20,PD6,gpio,#,confirmed,pin-table:zh+pin-table:en
CH32V006,CH32V006DS0.PDF,2-1-1,V006F8U7,EP,VSS,power,#,confirmed,pin-table:zh+pin-table:en
CH32V006,CH32V006DS0.PDF,2-1-1,V006K8U7,1,PB3,gpio,#,confirmed,pin-table:zh+pin-table:en
CH32V006,CH32V006DS0.PDF,2-1-1,V006K8U7,2,PA5,gpio,#,confirmed,pin-table:zh+pin-table:en
CH32V006,CH32V006DS0.PDF,2-1-1,V006K8U7,3,PA6,gpio,#,confirmed,pin-table:zh+pin-table:en
CH32V006,CH32V006DS0.PDF,2-1-1,V006K8U7,4,PA7,gpio,#,confirmed,pin-table:zh+pin-table:en
CH32V006,CH32V006DS0.PDF,2-1-1,V006K8U7,5,PA0,gpio,#,confirmed,pin-table:zh+pin-table:en
CH32V006,CH32V006DS0.PDF,2-1-1,V006K8U7,6,PA1,gpio,#,confirmed,pin-table:zh+pin-table:en
CH32V006,CH32V006DS0.PDF,2-1-1,V006K8U7,7,PA2,gpio,#,confirmed,pin-table:zh+pin-table:en
CH32V006,CH32V006DS0.PDF,2-1-1,V006K8U7,8,PD0,gpio,#,confirmed,pin-table:zh+pin-table:en
CH32V006,CH32V006DS0.PDF,2-1-1,V006K8U7,9,PA3,gpio,#,confirmed,pin-table:zh+pin-table:en
CH32V006,CH32V006DS0.PDF,2-1-1,V006K8U7,10,PB0,gpio,#,confirmed,pin-table:zh+pin-table:en
CH32V006,CH32V006DS0.PDF,2-1-1,V006K8U7,11,PB1,gpio,#,confirmed,pin-table:zh+pin-table:en
CH32V006,CH32V006DS0.PDF,2-1-1,V006K8U7,12,PB2,gpio,#,confirmed,pin-table:zh+pin-table:en
CH32V006,CH32V006DS0.PDF,2-1-1,V006K8U7,13,PC0,gpio,#,confirmed,pin-table:zh+pin-table:en
CH32V006,CH32V006DS0.PDF,2-1-1,V006K8U7,14,PC1,gpio,#,confirmed,pin-table:zh+pin-table:en
CH32V006,CH32V006DS0.PDF,2-1-1,V006K8U7,15,PC2,gpio,#,confirmed,pin-table:zh+pin-table:en
CH32V006,CH32V006DS0.PDF,2-1-1,V006K8U7,16,PC3,gpio,#,confirmed,pin-table:zh+pin-table:en
CH32V006,CH32V006DS0.PDF,2-1-1,V006K8U7,17,VDD,power,#,confirmed,pin-table:zh+pin-table:en
CH32V006,CH32V006DS0.PDF,2-1-1,V006K8U7,18,PC4,gpio,#,confirmed,pin-table:zh+pin-table:en
CH32V006,CH32V006DS0.PDF,2-1-1,V006K8U7,19,PC5,gpio,#,confirmed,pin-table:zh+pin-table:en
CH32V006,CH32V006DS0.PDF,2-1-1,V006K8U7,20,PC6,gpio,#,confirmed,pin-table:zh+pin-table:en
CH32V006,CH32V006DS0.PDF,2-1-1,V006K8U7,21,PC7,gpio,#,confirmed,pin-table:zh+pin-table:en
CH32V006,CH32V006DS0.PDF,2-1-1,V006K8U7,22,PB4,gpio,#,confirmed,pin-table:zh+pin-table:en
CH32V006,CH32V006DS0.PDF,2-1-1,V006K8U7,23,PD1,gpio,#,confirmed,pin-table:zh+pin-table:en
CH32V006,CH32V006DS0.PDF,2-1-1,V006K8U7,24,PD2,gpio,#,confirmed,pin-table:zh+pin-table:en
CH32V006,CH32V006DS0.PDF,2-1-1,V006K8U7,25,PD3,gpio,#,confirmed,pin-table:zh+pin-table:en
CH32V006,CH32V006DS0.PDF,2-1-1,V006K8U7,26,PD4,gpio,#,confirmed,pin-table:zh+pin-table:en
CH32V006,CH32V006DS0.PDF,2-1-1,V006K8U7,27,PD5,gpio,#,confirmed,pin-table:zh+pin-table:en
CH32V006,CH32V006DS0.PDF,2-1-1,V006K8U7,28,PD6,gpio,#,confirmed,pin-table:zh+pin-table:en
CH32V006,CH32V006DS0.PDF,2-1-1,V006K8U7,29,PB5,gpio,#,confirmed,pin-table:zh+pin-table:en
CH32V006,CH32V006DS0.PDF,2-1-1,V006K8U7,30,PB6,gpio,#,confirmed,pin-table:zh+pin-table:en
CH32V006,CH32V006DS0.PDF,2-1-1,V006K8U7,31,PD7,gpio,#,confirmed,pin-table:zh+pin-table:en
CH32V006,CH32V006DS0.PDF,2-1-1,V006K8U7,32,PA4,gpio,#,confirmed,pin-table:zh+pin-table:en
CH32V006,CH32V006DS0.PDF,2-1-1,V006K8U7,EP,VSS,power,#,confirmed,pin-table:zh+pin-table:en
CH32V006,CH32V006DS0.PDF,2-1-2,V006F4U6,1,PD7,gpio,#,confirmed,pin-table:zh+pin-table:en
CH32V006,CH32V006DS0.PDF,2-1-2,V006F4U6,2,PA1,gpio,#,confirmed,pin-table:zh+pin-table:en
CH32V006,CH32V006DS0.PDF,2-1-2,V006F4U6,3,PA2,gpio,#,confirmed,pin-table:zh+pin-table:en
CH32V006,CH32V006DS0.PDF,2-1-2,V006F4U6,5,PD0,gpio,#,confirmed,pin-table:zh+pin-table:en
CH32V006,CH32V006DS0.PDF,2-1-2,V006F4U6,6,VDD,power,#,confirmed,pin-table:zh+pin-table:en
CH32V006,CH32V006DS0.PDF,2-1-2,V006F4U6,7,PC0,gpio,#,confirmed,pin-table:zh+pin-table:en
CH32V006,CH32V006DS0.PDF,2-1-2,V006F4U6,8,PC1,gpio,#,confirmed,pin-table:zh+pin-table:en
CH32V006,CH32V006DS0.PDF,2-1-2,V006F4U6,9,PC2,gpio,#,confirmed,pin-table:zh+pin-table:en
CH32V006,CH32V006DS0.PDF,2-1-2,V006F4U6,10,PC3,gpio,#,confirmed,pin-table:zh+pin-table:en
CH32V006,CH32V006DS0.PDF,2-1-2,V006F4U6,11,PC4,gpio,#,confirmed,pin-table:zh+pin-table:en
CH32V006,CH32V006DS0.PDF,2-1-2,V006F4U6,12,PC5,gpio,#,confirmed,pin-table:zh+pin-table:en
CH32V006,CH32V006DS0.PDF,2-1-2,V006F4U6,13,PC6,gpio,#,confirmed,pin-table:zh+pin-table:en
CH32V006,CH32V006DS0.PDF,2-1-2,V006F4U6,14,PC7,gpio,#,confirmed,pin-table:zh+pin-table:en
CH32V006,CH32V006DS0.PDF,2-1-2,V006F4U6,15,PD1,gpio,#,confirmed,pin-table:zh+pin-table:en
CH32V006,CH32V006DS0.PDF,2-1-2,V006F4U6,16,PD2,gpio,#,confirmed,pin-table:zh+pin-table:en
CH32V006,CH32V006DS0.PDF,2-1-2,V006F4U6,17,PD3,gpio,#,confirmed,pin-table:zh+pin-table:en
CH32V006,CH32V006DS0.PDF,2-1-2,V006F4U6,18,PD4,gpio,#,confirmed,pin-table:zh+pin-table:en
CH32V006,CH32V006DS0.PDF,2-1-2,V006F4U6,19,PD5,gpio,#,confirmed,pin-table:zh+pin-table:en
CH32V006,CH32V006DS0.PDF,2-1-2,V006F4U6,20,PD6,gpio,#,confirmed,pin-table:zh+pin-table:en
CH32V006,CH32V006DS0.PDF,2-1-2,V006F4U6,EP,VSS,power,#,confirmed,pin-table:zh+pin-table:en
CH32V006,CH32V006DS0.PDF,2-2,V005D6U6,1,PA1,gpio,#,confirmed,pin-table:zh+pin-table:en
CH32V006,CH32V006DS0.PDF,2-2,V005D6U6,2,PA2,gpio,#,confirmed,pin-table:zh+pin-table:en
CH32V006,CH32V006DS0.PDF,2-2,V005D6U6,3,PD0,gpio,#,confirmed,pin-table:zh+pin-table:en
CH32V006,CH32V006DS0.PDF,2-2,V005D6U6,4,VDD,power,#,confirmed,pin-table:zh+pin-table:en
CH32V006,CH32V006DS0.PDF,2-2,V005D6U6,5,PC0,gpio,#,confirmed,pin-table:zh+pin-table:en
CH32V006,CH32V006DS0.PDF,2-2,V005D6U6,6,PC3,gpio,#,confirmed,pin-table:zh+pin-table:en
CH32V006,CH32V006DS0.PDF,2-2,V005D6U6,7,PC4,gpio,#,confirmed,pin-table:zh+pin-table:en
CH32V006,CH32V006DS0.PDF,2-2,V005D6U6,8,PC6,gpio,#,confirmed,pin-table:zh+pin-table:en
CH32V006,CH32V006DS0.PDF,2-2,V005D6U6,9,PC7,gpio,#,confirmed,pin-table:zh+pin-table:en
CH32V006,CH32V006DS0.PDF,2-2,V005D6U6,10,PD1,gpio,#,confirmed,pin-table:zh+pin-table:en
CH32V006,CH32V006DS0.PDF,2-2,V005D6U6,11,PD4,gpio,#,confirmed,pin-table:zh+pin-table:en
CH32V006,CH32V006DS0.PDF,2-2,V005D6U6,12,PD7,gpio,#,confirmed,pin-table:zh+pin-table:en
CH32V006,CH32V006DS0.PDF,2-2,V005D6U6,EP,VSS,power,#,confirmed,pin-table:zh+pin-table:en
CH32V006,CH32V006DS0.PDF,2-2,V005E6R6,1,PD1,gpio,#,confirmed,pin-table:zh+pin-table:en
CH32V006,CH32V006DS0.PDF,2-2,V005E6R6,2,PC0,gpio,#,confirmed,pin-table:zh+pin-table:en
CH32V006,CH32V006DS0.PDF,2-2,V005E6R6,3,PC1,gpio,#,confirmed,pin-table:zh+pin-table:en
CH32V006,CH32V006DS0.PDF,2-2,V005E6R6,4,PC2,gpio,#,confirmed,pin-table:zh+pin-table:en
CH32V006,CH32V006DS0.PDF,2-2,V005E6R6,5,VSS,power,#,confirmed,pin-table:zh+pin-table:en
CH32V006,CH32V006DS0.PDF,2-2,V005E6R6,6,VDD,power,#,confirmed,pin-table:zh+pin-table:en
CH32V006,CH32V006DS0.PDF,2-2,V005E6R6,7,PC5,gpio,#,confirmed,pin-table:zh+pin-table:en
CH32V006,CH32V006DS0.PDF,2-2,V005E6R6,8,PC4,gpio,#,confirmed,pin-table:zh+pin-table:en
CH32V006,CH32V006DS0.PDF,2-2,V005E6R6,9,PD2,gpio,#,confirmed,pin-table:zh+pin-table:en
CH32V006,CH32V006DS0.PDF,2-2,V005E6R6,10,PD3,gpio,#,confirmed,pin-table:zh+pin-table:en
CH32V006,CH32V006DS0.PDF,2-2,V005E6R6,11,PD4,gpio,#,confirmed,pin-table:zh+pin-table:en
CH32V006,CH32V006DS0.PDF,2-2,V005E6R6,12,PD5,gpio,#,confirmed,pin-table:zh+pin-table:en
CH32V006,CH32V006DS0.PDF,2-2,V005E6R6,13,PD6,gpio,#,confirmed,pin-table:zh+pin-table:en
CH32V006,CH32V006DS0.PDF,2-2,V005E6R6,14,PD7,gpio,#,confirmed,pin-table:zh+pin-table:en
CH32V006,CH32V006DS0.PDF,2-2,V005E6R6,15,PA4,gpio,#,confirmed,pin-table:zh+pin-table:en
CH32V006,CH32V006DS0.PDF,2-2,V005E6R6,16,PA5,gpio,#,confirmed,pin-table:zh+pin-table:en
CH32V006,CH32V006DS0.PDF,2-2,V005E6R6,17,PA1,gpio,#,confirmed,pin-table:zh+pin-table:en
CH32V006,CH32V006DS0.PDF,2-2,V005E6R6,17,PA6,gpio,#,confirmed,pin-table:zh+pin-table:en
CH32V006,CH32V006DS0.PDF,2-2,V005E6R6,18,PA0,gpio,#,confirmed,pin-table:zh+pin-table:en
CH32V006,CH32V006DS0.PDF,2-2,V005E6R6,19,PA2,gpio,#,confirmed,pin-table:zh+pin-table:en
CH32V006,CH32V006DS0.PDF,2-2,V005E6R6,20,PD0,gpio,#,confirmed,pin-table:zh+pin-table:en
CH32V006,CH32V006DS0.PDF,2-2,V005E6R6,21,PA3,gpio,#,confirmed,pin-table:zh+pin-table:en
CH32V006,CH32V006DS0.PDF,2-2,V005E6R6,22,PB0,gpio,#,confirmed,pin-table:zh+pin-table:en
CH32V006,CH32V006DS0.PDF,2-2,V005E6R6,23,PB1,gpio,#,confirmed,pin-table:zh+pin-table:en
CH32V006,CH32V006DS0.PDF,2-2,V005E6R6,24,PB3,gpio,#,confirmed,pin-table:zh+pin-table:en
CH32V006,CH32V006DS0.PDF,2-2,V005F6P6,1,PD4,gpio,#,confirmed,pin-table:zh+pin-table:en
CH32V006,CH32V006DS0.PDF,2-2,V005F6P6,2,PD5,gpio,#,confirmed,pin-table:zh+pin-table:en
CH32V006,CH32V006DS0.PDF,2-2,V005F6P6,3,PD6,gpio,#,confirmed,pin-table:zh+pin-table:en
CH32V006,CH32V006DS0.PDF,2-2,V005F6P6,4,PD7,gpio,#,confirmed,pin-table:zh+pin-table:en
CH32V006,CH32V006DS0.PDF,2-2,V005F6P6,5,PA1,gpio,#,confirmed,pin-table:zh+pin-table:en
CH32V006,CH32V006DS0.PDF,2-2,V005F6P6,6,PA2,gpio,#,confirmed,pin-table:zh+pin-table:en
CH32V006,CH32V006DS0.PDF,2-2,V005F6P6,7,VSS,power,#,confirmed,pin-table:zh+pin-table:en
CH32V006,CH32V006DS0.PDF,2-2,V005F6P6,8,PD0,gpio,#,confirmed,pin-table:zh+pin-table:en
CH32V006,CH32V006DS0.PDF,2-2,V005F6P6,9,VDD,power,#,confirmed,pin-table:zh+pin-table:en
CH32V006,CH32V006DS0.PDF,2-2,V005F6P6,10,PC0,gpio,#,confirmed,pin-table:zh+pin-table:en
CH32V006,CH32V006DS0.PDF,2-2,V005F6P6,11,PC1,gpio,#,confirmed,pin-table:zh+pin-table:en
CH32V006,CH32V006DS0.PDF,2-2,V005F6P6,12,PC2,gpio,#,confirmed,pin-table:zh+pin-table:en
CH32V006,CH32V006DS0.PDF,2-2,V005F6P6,13,PC3,gpio,#,confirmed,pin-table:zh+pin-table:en
CH32V006,CH32V006DS0.PDF,2-2,V005F6P6,14,PC4,gpio,#,confirmed,pin-table:zh+pin-table:en
CH32V006,CH32V006DS0.PDF,2-2,V005F6P6,15,PC5,gpio,#,confirmed,pin-table:zh+pin-table:en
CH32V006,CH32V006DS0.PDF,2-2,V005F6P6,16,PC6,gpio,#,confirmed,pin-table:zh+pin-table:en
CH32V006,CH32V006DS0.PDF,2-2,V005F6P6,17,PC7,gpio,#,confirmed,pin-table:zh+pin-table:en
CH32V006,CH32V006DS0.PDF,2-2,V005F6P6,18,PD1,gpio,#,confirmed,pin-table:zh+pin-table:en
CH32V006,CH32V006DS0.PDF,2-2,V005F6P6,19,PD2,gpio,#,confirmed,pin-table:zh+pin-table:en
CH32V006,CH32V006DS0.PDF,2-2,V005F6P6,20,PD3,gpio,#,confirmed,pin-table:zh+pin-table:en
CH32V006,CH32V006DS0.PDF,2-2,V005F6U6,1,PD7,gpio,#,confirmed,pin-table:zh+pin-table:en
CH32V006,CH32V006DS0.PDF,2-2,V005F6U6,2,PA1,gpio,#,confirmed,pin-table:zh+pin-table:en
CH32V006,CH32V006DS0.PDF,2-2,V005F6U6,3,PA2,gpio,#,confirmed,pin-table:zh+pin-table:en
CH32V006,CH32V006DS0.PDF,2-2,V005F6U6,5,PD0,gpio,#,confirmed,pin-table:zh+pin-table:en
CH32V006,CH32V006DS0.PDF,2-2,V005F6U6,6,VDD,power,#,confirmed,pin-table:zh+pin-table:en
CH32V006,CH32V006DS0.PDF,2-2,V005F6U6,7,PC0,gpio,#,confirmed,pin-table:zh+pin-table:en
CH32V006,CH32V006DS0.PDF,2-2,V005F6U6,8,PC1,gpio,#,confirmed,pin-table:zh+pin-table:en
CH32V006,CH32V006DS0.PDF,2-2,V005F6U6,9,PC2,gpio,#,confirmed,pin-table:zh+pin-table:en
CH32V006,CH32V006DS0.PDF,2-2,V005F6U6,10,PC3,gpio,#,confirmed,pin-table:zh+pin-table:en
CH32V006,CH32V006DS0.PDF,2-2,V005F6U6,11,PC4,gpio,#,confirmed,pin-table:zh+pin-table:en
CH32V006,CH32V006DS0.PDF,2-2,V005F6U6,12,PC5,gpio,#,confirmed,pin-table:zh+pin-table:en
CH32V006,CH32V006DS0.PDF,2-2,V005F6U6,13,PC6,gpio,#,confirmed,pin-table:zh+pin-table:en
CH32V006,CH32V006DS0.PDF,2-2,V005F6U6,14,PC7,gpio,#,confirmed,pin-table:zh+pin-table:en
CH32V006,CH32V006DS0.PDF,2-2,V005F6U6,15,PD1,gpio,#,confirmed,pin-table:zh+pin-table:en
CH32V006,CH32V006DS0.PDF,2-2,V005F6U6,16,PD2,gpio,#,confirmed,pin-table:zh+pin-table:en
CH32V006,CH32V006DS0.PDF,2-2,V005F6U6,17,PD3,gpio,#,confirmed,pin-table:zh+pin-table:en
CH32V006,CH32V006DS0.PDF,2-2,V005F6U6,18,PD4,gpio,#,confirmed,pin-table:zh+pin-table:en
CH32V006,CH32V006DS0.PDF,2-2,V005F6U6,19,PD5,gpio,#,confirmed,pin-table:zh+pin-table:en
CH32V006,CH32V006DS0.PDF,2-2,V005F6U6,20,PD6,gpio,#,confirmed,pin-table:zh+pin-table:en
CH32V006,CH32V006DS0.PDF,2-2,V005F6U6,EP,VSS,power,#,confirmed,pin-table:zh+pin-table:en
CH32V006,CH32V007DS0.PDF,2-1,V007E8R,1,PD1,gpio,#,confirmed,pin-table:zh+pin-table:en
CH32V006,CH32V007DS0.PDF,2-1,V007E8R,2,PC0,gpio,#,confirmed,pin-table:zh+pin-table:en
CH32V006,CH32V007DS0.PDF,2-1,V007E8R,3,PC1,gpio,#,confirmed,pin-table:zh+pin-table:en
CH32V006,CH32V007DS0.PDF,2-1,V007E8R,4,PC2,gpio,#,confirmed,pin-table:zh+pin-table:en
CH32V006,CH32V007DS0.PDF,2-1,V007E8R,5,VSS,power,#,confirmed,pin-table:zh+pin-table:en
CH32V006,CH32V007DS0.PDF,2-1,V007E8R,6,VDD,power,#,confirmed,pin-table:zh+pin-table:en
CH32V006,CH32V007DS0.PDF,2-1,V007E8R,7,PC5,gpio,#,confirmed,pin-table:zh+pin-table:en
CH32V006,CH32V007DS0.PDF,2-1,V007E8R,8,PC4,gpio,#,confirmed,pin-table:zh+pin-table:en
CH32V006,CH32V007DS0.PDF,2-1,V007E8R,9,PD2,gpio,#,confirmed,pin-table:zh+pin-table:en
CH32V006,CH32V007DS0.PDF,2-1,V007E8R,10,PD3,gpio,#,confirmed,pin-table:zh+pin-table:en
CH32V006,CH32V007DS0.PDF,2-1,V007E8R,11,PD4,gpio,#,confirmed,pin-table:zh+pin-table:en
CH32V006,CH32V007DS0.PDF,2-1,V007E8R,12,PD5,gpio,#,confirmed,pin-table:zh+pin-table:en
CH32V006,CH32V007DS0.PDF,2-1,V007E8R,13,PD6,gpio,#,confirmed,pin-table:zh+pin-table:en
CH32V006,CH32V007DS0.PDF,2-1,V007E8R,14,PD7,gpio,#,confirmed,pin-table:zh+pin-table:en
CH32V006,CH32V007DS0.PDF,2-1,V007E8R,15,PA4,gpio,#,confirmed,pin-table:zh+pin-table:en
CH32V006,CH32V007DS0.PDF,2-1,V007E8R,16,PA5,gpio,#,confirmed,pin-table:zh+pin-table:en
CH32V006,CH32V007DS0.PDF,2-1,V007E8R,17,PA1,gpio,#,confirmed,pin-table:zh+pin-table:en
CH32V006,CH32V007DS0.PDF,2-1,V007E8R,17,PA6,gpio,#,confirmed,pin-table:zh+pin-table:en
CH32V006,CH32V007DS0.PDF,2-1,V007E8R,18,PA0,gpio,#,confirmed,pin-table:zh+pin-table:en
CH32V006,CH32V007DS0.PDF,2-1,V007E8R,19,PA2,gpio,#,confirmed,pin-table:zh+pin-table:en
CH32V006,CH32V007DS0.PDF,2-1,V007E8R,20,PD0,gpio,#,confirmed,pin-table:zh+pin-table:en
CH32V006,CH32V007DS0.PDF,2-1,V007E8R,21,PA3,gpio,#,confirmed,pin-table:zh+pin-table:en
CH32V006,CH32V007DS0.PDF,2-1,V007E8R,22,PB0,gpio,#,confirmed,pin-table:zh+pin-table:en
CH32V006,CH32V007DS0.PDF,2-1,V007E8R,23,PB1,gpio,#,confirmed,pin-table:zh+pin-table:en
CH32V006,CH32V007DS0.PDF,2-1,V007E8R,24,PB3,gpio,#,confirmed,pin-table:zh+pin-table:en
CH32V006,CH32V007DS0.PDF,2-1,V007K8U,1,PB3,gpio,#,confirmed,pin-table:zh+pin-table:en
CH32V006,CH32V007DS0.PDF,2-1,V007K8U,2,PA5,gpio,#,confirmed,pin-table:zh+pin-table:en
CH32V006,CH32V007DS0.PDF,2-1,V007K8U,3,PA6,gpio,#,confirmed,pin-table:zh+pin-table:en
CH32V006,CH32V007DS0.PDF,2-1,V007K8U,4,PA7,gpio,#,confirmed,pin-table:zh+pin-table:en
CH32V006,CH32V007DS0.PDF,2-1,V007K8U,5,PA0,gpio,#,confirmed,pin-table:zh+pin-table:en
CH32V006,CH32V007DS0.PDF,2-1,V007K8U,6,PA1,gpio,#,confirmed,pin-table:zh+pin-table:en
CH32V006,CH32V007DS0.PDF,2-1,V007K8U,7,PA2,gpio,#,confirmed,pin-table:zh+pin-table:en
CH32V006,CH32V007DS0.PDF,2-1,V007K8U,8,PD0,gpio,#,confirmed,pin-table:zh+pin-table:en
CH32V006,CH32V007DS0.PDF,2-1,V007K8U,9,PA3,gpio,#,confirmed,pin-table:zh+pin-table:en
CH32V006,CH32V007DS0.PDF,2-1,V007K8U,10,PB0,gpio,#,confirmed,pin-table:zh+pin-table:en
CH32V006,CH32V007DS0.PDF,2-1,V007K8U,11,PB1,gpio,#,confirmed,pin-table:zh+pin-table:en
CH32V006,CH32V007DS0.PDF,2-1,V007K8U,12,PB2,gpio,#,confirmed,pin-table:zh+pin-table:en
CH32V006,CH32V007DS0.PDF,2-1,V007K8U,13,PC0,gpio,#,confirmed,pin-table:zh+pin-table:en
CH32V006,CH32V007DS0.PDF,2-1,V007K8U,14,PC1,gpio,#,confirmed,pin-table:zh+pin-table:en
CH32V006,CH32V007DS0.PDF,2-1,V007K8U,15,PC2,gpio,#,confirmed,pin-table:zh+pin-table:en
CH32V006,CH32V007DS0.PDF,2-1,V007K8U,16,PC3,gpio,#,confirmed,pin-table:zh+pin-table:en
CH32V006,CH32V007DS0.PDF,2-1,V007K8U,17,VDD,power,#,confirmed,pin-table:zh+pin-table:en
CH32V006,CH32V007DS0.PDF,2-1,V007K8U,18,PC4,gpio,#,confirmed,pin-table:zh+pin-table:en
CH32V006,CH32V007DS0.PDF,2-1,V007K8U,19,PC5,gpio,#,confirmed,pin-table:zh+pin-table:en
CH32V006,CH32V007DS0.PDF,2-1,V007K8U,20,PC6,gpio,#,confirmed,pin-table:zh+pin-table:en
CH32V006,CH32V007DS0.PDF,2-1,V007K8U,21,PC7,gpio,#,confirmed,pin-table:zh+pin-table:en
CH32V006,CH32V007DS0.PDF,2-1,V007K8U,22,PB4,gpio,#,confirmed,pin-table:zh+pin-table:en
CH32V006,CH32V007DS0.PDF,2-1,V007K8U,23,PD1,gpio,#,confirmed,pin-table:zh+pin-table:en
CH32V006,CH32V007DS0.PDF,2-1,V007K8U,24,PD2,gpio,#,confirmed,pin-table:zh+pin-table:en
CH32V006,CH32V007DS0.PDF,2-1,V007K8U,25,PD3,gpio,#,confirmed,pin-table:zh+pin-table:en
CH32V006,CH32V007DS0.PDF,2-1,V007K8U,26,PD4,gpio,#,confirmed,pin-table:zh+pin-table:en
CH32V006,CH32V007DS0.PDF,2-1,V007K8U,27,PD5,gpio,#,confirmed,pin-table:zh+pin-table:en
CH32V006,CH32V007DS0.PDF,2-1,V007K8U,28,PD6,gpio,#,confirmed,pin-table:zh+pin-table:en
CH32V006,CH32V007DS0.PDF,2-1,V007K8U,29,PB5,gpio,#,confirmed,pin-table:zh+pin-table:en
CH32V006,CH32V007DS0.PDF,2-1,V007K8U,30,PB6,gpio,#,confirmed,pin-table:zh+pin-table:en
CH32V006,CH32V007DS0.PDF,2-1,V007K8U,31,PD7,gpio,#,confirmed,pin-table:zh+pin-table:en
CH32V006,CH32V007DS0.PDF,2-1,V007K8U,32,PA4,gpio,#,confirmed,pin-table:zh+pin-table:en
CH32V006,CH32V007DS0.PDF,2-1,V007K8U,EP,VSS,power,#,confirmed,pin-table:zh+pin-table:en
CH32V006,CH32V007DS0.PDF,2-2,M007E8R6,1,PD1,gpio,#,confirmed,pin-table:zh+pin-table:en
CH32V006,CH32V007DS0.PDF,2-2,M007E8R6,2,PD2,gpio,#,confirmed,pin-table:zh+pin-table:en
CH32V006,CH32V007DS0.PDF,2-2,M007E8R6,3,PD3,gpio,#,confirmed,pin-table:zh+pin-table:en
CH32V006,CH32V007DS0.PDF,2-2,M007E8R6,4,PD4,gpio,#,confirmed,pin-table:zh+pin-table:en
CH32V006,CH32V007DS0.PDF,2-2,M007E8R6,5,PD5,gpio,#,confirmed,pin-table:zh+pin-table:en
CH32V006,CH32V007DS0.PDF,2-2,M007E8R6,6,PD6,gpio,#,confirmed,pin-table:zh+pin-table:en
CH32V006,CH32V007DS0.PDF,2-2,M007E8R6,7,PD7,gpio,#,confirmed,pin-table:zh+pin-table:en
CH32V006,CH32V007DS0.PDF,2-2,M007E8R6,8,PA4,gpio,#,confirmed,pin-table:zh+pin-table:en
CH32V006,CH32V007DS0.PDF,2-2,M007E8R6,9,PA5,gpio,#,confirmed,pin-table:zh+pin-table:en
CH32V006,CH32V007DS0.PDF,2-2,M007E8R6,10,VDD,power,#,confirmed,pin-table:zh+pin-table:en
CH32V006,CH32V007DS0.PDF,2-2,M007E8R6,11,VSS,power,#,confirmed,pin-table:zh+pin-table:en
CH32V006,CH32V007DS0.PDF,2-2,M007E8R6,12,VHV,power,#,confirmed,pin-table:zh+pin-table:en
CH32V006,CH32V007DS0.PDF,2-2,M007E8R6,17,HO3,gpio,#,reference,pin-table:en
CH32V006,CH32V007DS0.PDF,2-2,M007E8R6,19,PB3,gpio,#,confirmed,pin-table:zh+pin-table:en
CH32V006,CH32V007DS0.PDF,2-2,M007E8R6,20,PC1,gpio,#,confirmed,pin-table:zh+pin-table:en
CH32V006,CH32V007DS0.PDF,2-2,M007E8R6,21,PC2,gpio,#,confirmed,pin-table:zh+pin-table:en
CH32V006,CH32V007DS0.PDF,2-2,M007E8R6,22,PC4,gpio,#,confirmed,pin-table:zh+pin-table:en
CH32V006,CH32V007DS0.PDF,2-2,M007E8R6,23,PC5,gpio,#,confirmed,pin-table:zh+pin-table:en
CH32V006,CH32V007DS0.PDF,2-2,M007E8R6,24,PA1,gpio,#,confirmed,pin-table:zh+pin-table:en
CH32V006,CH32V007DS0.PDF,2-2,M007E8U7,1,PC4,gpio,#,confirmed,pin-table:zh+pin-table:en
CH32V006,CH32V007DS0.PDF,2-2,M007E8U7,2,PC5,gpio,#,confirmed,pin-table:zh+pin-table:en
CH32V006,CH32V007DS0.PDF,2-2,M007E8U7,3,VSS,power,#,confirmed,pin-table:zh+pin-table:en
CH32V006,CH32V007DS0.PDF,2-2,M007E8U7,4,PD2,gpio,#,confirmed,pin-table:zh+pin-table:en
CH32V006,CH32V007DS0.PDF,2-2,M007E8U7,5,PD1,gpio,#,confirmed,pin-table:zh+pin-table:en
CH32V006,CH32V007DS0.PDF,2-2,M007E8U7,6,PD3,gpio,#,confirmed,pin-table:zh+pin-table:en
CH32V006,CH32V007DS0.PDF,2-2,M007E8U7,7,PD4,gpio,#,confirmed,pin-table:zh+pin-table:en
CH32V006,CH32V007DS0.PDF,2-2,M007E8U7,8,PD5,gpio,#,confirmed,pin-table:zh+pin-table:en
CH32V006,CH32V007DS0.PDF,2-2,M007E8U7,9,PD6,gpio,#,confirmed,pin-table:zh+pin-table:en
CH32V006,CH32V007DS0.PDF,2-2,M007E8U7,10,PD7,gpio,#,confirmed,pin-table:zh+pin-table:en
CH32V006,CH32V007DS0.PDF,2-2,M007E8U7,11,PA4,gpio,#,confirmed,pin-table:zh+pin-table:en
CH32V006,CH32V007DS0.PDF,2-2,M007E8U7,12,PA5,gpio,#,confirmed,pin-table:zh+pin-table:en
CH32V006,CH32V007DS0.PDF,2-2,M007E8U7,13,VDD,power,#,confirmed,pin-table:zh+pin-table:en
CH32V006,CH32V007DS0.PDF,2-2,M007E8U7,14,VHREG,power,#,confirmed,pin-table:zh+pin-table:en
CH32V006,CH32V007DS0.PDF,2-2,M007E8U7,15,VHV,power,#,confirmed,pin-table:zh+pin-table:en
CH32V006,CH32V007DS0.PDF,2-2,M007E8U7,20,HO3,gpio,#,reference,pin-table:en
CH32V006,CH32V007DS0.PDF,2-2,M007E8U7,22,PB3,gpio,#,confirmed,pin-table:zh+pin-table:en
CH32V006,CH32V007DS0.PDF,2-2,M007E8U7,23,PC0,gpio,#,confirmed,pin-table:zh+pin-table:en
CH32V006,CH32V007DS0.PDF,2-2,M007E8U7,24,PC1,gpio,#,confirmed,pin-table:zh+pin-table:en
CH32V006,CH32V007DS0.PDF,2-2,M007E8U7,25,PC2,gpio,#,confirmed,pin-table:zh+pin-table:en
CH32V006,CH32V007DS0.PDF,2-2,M007E8U7,26,PA1,gpio,#,confirmed,pin-table:zh+pin-table:en
CH32V006,CH32V007DS0.PDF,2-2,M007E8U7,EP,VSS,power,#,confirmed,pin-table:zh+pin-table:en
CH32V006,CH32V007DS0.PDF,2-2,M007G8R6,1,PD7,gpio,#,confirmed,pin-table:zh+pin-table:en
CH32V006,CH32V007DS0.PDF,2-2,M007G8R6,2,PD2,gpio,#,confirmed,pin-table:zh+pin-table:en
CH32V006,CH32V007DS0.PDF,2-2,M007G8R6,3,PD3,gpio,#,confirmed,pin-table:zh+pin-table:en
CH32V006,CH32V007DS0.PDF,2-2,M007G8R6,4,PD4,gpio,#,confirmed,pin-table:zh+pin-table:en
CH32V006,CH32V007DS0.PDF,2-2,M007G8R6,5,PD5,gpio,#,confirmed,pin-table:zh+pin-table:en
CH32V006,CH32V007DS0.PDF,2-2,M007G8R6,6,PD6,gpio,#,confirmed,pin-table:zh+pin-table:en
CH32V006,CH32V007DS0.PDF,2-2,M007G8R6,7,VDD,power,#,confirmed,pin-table:zh+pin-table:en
CH32V006,CH32V007DS0.PDF,2-2,M007G8R6,8,VHV,power,#,confirmed,pin-table:zh+pin-table:en
CH32V006,CH32V007DS0.PDF,2-2,M007G8R6,9,VCC12V,power,#,confirmed,pin-table:zh+pin-table:en
CH32V006,CH32V007DS0.PDF,2-2,M007G8R6,13,VS1,power,#,confirmed,pin-table:zh+pin-table:en
CH32V006,CH32V007DS0.PDF,2-2,M007G8R6,14,VB1,power,#,confirmed,pin-table:zh+pin-table:en
CH32V006,CH32V007DS0.PDF,2-2,M007G8R6,16,VS2,power,#,confirmed,pin-table:zh+pin-table:en
CH32V006,CH32V007DS0.PDF,2-2,M007G8R6,17,VB2,power,#,confirmed,pin-table:zh+pin-table:en
CH32V006,CH32V007DS0.PDF,2-2,M007G8R6,19,VS3,power,#,confirmed,pin-table:zh+pin-table:en
CH32V006,CH32V007DS0.PDF,2-2,M007G8R6,20,VB3,power,#,confirmed,pin-table:zh+pin-table:en
CH32V006,CH32V007DS0.PDF,2-2,M007G8R6,21,HO3,gpio,#,reference,pin-table:en
CH32V006,CH32V007DS0.PDF,2-2,M007G8R6,22,PB3,gpio,#,confirmed,pin-table:zh+pin-table:en
CH32V006,CH32V007DS0.PDF,2-2,M007G8R6,23,PC2,gpio,#,confirmed,pin-table:zh+pin-table:en
CH32V006,CH32V007DS0.PDF,2-2,M007G8R6,24,PA1,gpio,#,confirmed,pin-table:zh+pin-table:en
CH32V006,CH32V007DS0.PDF,2-2,M007G8R6,25,VSS,power,#,confirmed,pin-table:zh+pin-table:en
CH32V006,CH32V007DS0.PDF,2-2,M007G8R6,26,PC4,gpio,#,confirmed,pin-table:zh+pin-table:en
CH32V006,CH32V007DS0.PDF,2-2,M007G8R6,27,PC5,gpio,#,confirmed,pin-table:zh+pin-table:en
CH32V006,CH32V007DS0.PDF,2-2,M007G8R6,28,PA4,gpio,#,confirmed,pin-table:zh+pin-table:en
CH32V006,CH32V007DS0.PDF,2-2,M007K8U7,1,PD5,gpio,#,confirmed,pin-table:zh+pin-table:en
CH32V006,CH32V007DS0.PDF,2-2,M007K8U7,2,PD6,gpio,#,confirmed,pin-table:zh+pin-table:en
CH32V006,CH32V007DS0.PDF,2-2,M007K8U7,3,PD7,gpio,#,confirmed,pin-table:zh+pin-table:en
CH32V006,CH32V007DS0.PDF,2-2,M007K8U7,4,PA4,gpio,#,confirmed,pin-table:zh+pin-table:en
CH32V006,CH32V007DS0.PDF,2-2,M007K8U7,5,PA5,gpio,#,confirmed,pin-table:zh+pin-table:en
CH32V006,CH32V007DS0.PDF,2-2,M007K8U7,6,VDD,power,#,confirmed,pin-table:zh+pin-table:en
CH32V006,CH32V007DS0.PDF,2-2,M007K8U7,7,VHV,power,#,confirmed,pin-table:zh+pin-table:en
CH32V006,CH32V007DS0.PDF,2-2,M007K8U7,8,VCC12V,power,#,confirmed,pin-table:zh+pin-table:en
CH32V006,CH32V007DS0.PDF,2-2,M007K8U7,12,VS1,power,#,confirmed,pin-table:zh+pin-table:en
CH32V006,CH32V007DS0.PDF,2-2,M007K8U7,13,VB1,power,#,confirmed,pin-table:zh+pin-table:en
CH32V006,CH32V007DS0.PDF,2-2,M007K8U7,15,VS2,power,#,confirmed,pin-table:zh+pin-table:en
CH32V006,CH32V007DS0.PDF,2-2,M007K8U7,16,VB2,power,#,confirmed,pin-table:zh+pin-table:en
CH32V006,CH32V007DS0.PDF,2-2,M007K8U7,18,VS3,power,#,confirmed,pin-table:zh+pin-table:en
CH32V006,CH32V007DS0.PDF,2-2,M007K8U7,19,VB3,power,#,confirmed,pin-table:zh+pin-table:en
CH32V006,CH32V007DS0.PDF,2-2,M007K8U7,20,HO3,gpio,#,reference,pin-table:en
CH32V006,CH32V007DS0.PDF,2-2,M007K8U7,21,PB3,gpio,#,confirmed,pin-table:zh+pin-table:en
CH32V006,CH32V007DS0.PDF,2-2,M007K8U7,22,PD1,gpio,#,confirmed,pin-table:zh+pin-table:en
CH32V006,CH32V007DS0.PDF,2-2,M007K8U7,23,PC0,gpio,#,confirmed,pin-table:zh+pin-table:en
CH32V006,CH32V007DS0.PDF,2-2,M007K8U7,24,PC1,gpio,#,confirmed,pin-table:zh+pin-table:en
CH32V006,CH32V007DS0.PDF,2-2,M007K8U7,25,PC2,gpio,#,confirmed,pin-table:zh+pin-table:en
CH32V006,CH32V007DS0.PDF,2-2,M007K8U7,26,PA1,gpio,#,confirmed,pin-table:zh+pin-table:en
CH32V006,CH32V007DS0.PDF,2-2,M007K8U7,27,PC5,gpio,#,confirmed,pin-table:zh+pin-table:en
CH32V006,CH32V007DS0.PDF,2-2,M007K8U7,28,PC7,gpio,#,confirmed,pin-table:zh+pin-table:en
CH32V006,CH32V007DS0.PDF,2-2,M007K8U7,29,PC4,gpio,#,confirmed,pin-table:zh+pin-table:en
CH32V006,CH32V007DS0.PDF,2-2,M007K8U7,30,PD2,gpio,#,confirmed,pin-table:zh+pin-table:en
CH32V006,CH32V007DS0.PDF,2-2,M007K8U7,31,PD3,gpio,#,confirmed,pin-table:zh+pin-table:en
CH32V006,CH32V007DS0.PDF,2-2,M007K8U7,32,PD4,gpio,#,confirmed,pin-table:zh+pin-table:en
CH32V006,CH32V007DS0.PDF,2-2,M007K8U7,EP,VSS,power,#,confirmed,pin-table:zh+pin-table:en
CH32V103,CH32V103DS0.PDF,2-1,LQFP48,1,VBAT,power,#,confirmed,pin-table:zh+pin-table:en
CH32V103,CH32V103DS0.PDF,2-1,LQFP48,5,OSC_IN,other,#,confirmed,pin-table:zh+pin-table:en
CH32V103,CH32V103DS0.PDF,2-1,LQFP48,6,OSC_OUT,other,#,confirmed,pin-table:zh+pin-table:en
CH32V103,CH32V103DS0.PDF,2-1,LQFP48,7,NRST,gpio,#,confirmed,pin-table:zh+pin-table:en
CH32V103,CH32V103DS0.PDF,2-1,LQFP48,8,VSSA,power,#,confirmed,pin-table:zh+pin-table:en
CH32V103,CH32V103DS0.PDF,2-1,LQFP48,9,VDDA,power,#,confirmed,pin-table:zh+pin-table:en
CH32V103,CH32V103DS0.PDF,2-1,LQFP48,10,PA0-WKUP,gpio,#,confirmed,pin-table:zh+pin-table:en
CH32V103,CH32V103DS0.PDF,2-1,LQFP48,11,PA1,gpio,#,confirmed,pin-table:zh+pin-table:en
CH32V103,CH32V103DS0.PDF,2-1,LQFP48,12,PA2,gpio,#,confirmed,pin-table:zh+pin-table:en
CH32V103,CH32V103DS0.PDF,2-1,LQFP48,13,PA3,gpio,#,confirmed,pin-table:zh+pin-table:en
CH32V103,CH32V103DS0.PDF,2-1,LQFP48,14,PA4,gpio,#,confirmed,pin-table:zh+pin-table:en
CH32V103,CH32V103DS0.PDF,2-1,LQFP48,15,PA5,gpio,#,confirmed,pin-table:zh+pin-table:en
CH32V103,CH32V103DS0.PDF,2-1,LQFP48,16,PA6,gpio,#,confirmed,pin-table:zh+pin-table:en
CH32V103,CH32V103DS0.PDF,2-1,LQFP48,17,PA7,gpio,#,confirmed,pin-table:zh+pin-table:en
CH32V103,CH32V103DS0.PDF,2-1,LQFP48,18,PB0,gpio,#,confirmed,pin-table:zh+pin-table:en
CH32V103,CH32V103DS0.PDF,2-1,LQFP48,19,PB1,gpio,#,confirmed,pin-table:zh+pin-table:en
CH32V103,CH32V103DS0.PDF,2-1,LQFP48,20,PB2,gpio,#,confirmed,pin-table:zh+pin-table:en
CH32V103,CH32V103DS0.PDF,2-1,LQFP48,21,PB10,gpio,#,confirmed,pin-table:zh+pin-table:en
CH32V103,CH32V103DS0.PDF,2-1,LQFP48,22,PB11,gpio,#,confirmed,pin-table:zh+pin-table:en
CH32V103,CH32V103DS0.PDF,2-1,LQFP48,23,VSS_1,power,#,confirmed,pin-table:zh+pin-table:en
CH32V103,CH32V103DS0.PDF,2-1,LQFP48,24,VDD_1,power,#,confirmed,pin-table:zh+pin-table:en
CH32V103,CH32V103DS0.PDF,2-1,LQFP48,25,PB12,gpio,#,confirmed,pin-table:zh+pin-table:en
CH32V103,CH32V103DS0.PDF,2-1,LQFP48,26,PB13,gpio,#,confirmed,pin-table:zh+pin-table:en
CH32V103,CH32V103DS0.PDF,2-1,LQFP48,27,PB14,gpio,#,confirmed,pin-table:zh+pin-table:en
CH32V103,CH32V103DS0.PDF,2-1,LQFP48,28,PB15,gpio,#,confirmed,pin-table:zh+pin-table:en
CH32V103,CH32V103DS0.PDF,2-1,LQFP48,29,PA8,gpio,#,confirmed,pin-table:zh+pin-table:en
CH32V103,CH32V103DS0.PDF,2-1,LQFP48,30,PA9,gpio,#,confirmed,pin-table:zh+pin-table:en
CH32V103,CH32V103DS0.PDF,2-1,LQFP48,31,PA10,gpio,#,confirmed,pin-table:zh+pin-table:en
CH32V103,CH32V103DS0.PDF,2-1,LQFP48,32,PA11,gpio,#,confirmed,pin-table:zh+pin-table:en
CH32V103,CH32V103DS0.PDF,2-1,LQFP48,33,PA12,gpio,#,confirmed,pin-table:zh+pin-table:en
CH32V103,CH32V103DS0.PDF,2-1,LQFP48,34,PA13,gpio,#,confirmed,pin-table:zh+pin-table:en
CH32V103,CH32V103DS0.PDF,2-1,LQFP48,35,VSS_2,power,#,confirmed,pin-table:zh+pin-table:en
CH32V103,CH32V103DS0.PDF,2-1,LQFP48,36,VDD_2,power,#,confirmed,pin-table:zh+pin-table:en
CH32V103,CH32V103DS0.PDF,2-1,LQFP48,37,PA14,gpio,#,confirmed,pin-table:zh+pin-table:en
CH32V103,CH32V103DS0.PDF,2-1,LQFP48,38,PA15,gpio,#,confirmed,pin-table:zh+pin-table:en
CH32V103,CH32V103DS0.PDF,2-1,LQFP48,39,PB3,gpio,#,confirmed,pin-table:zh+pin-table:en
CH32V103,CH32V103DS0.PDF,2-1,LQFP48,40,PB4,gpio,#,confirmed,pin-table:zh+pin-table:en
CH32V103,CH32V103DS0.PDF,2-1,LQFP48,41,PB5,gpio,#,confirmed,pin-table:zh+pin-table:en
CH32V103,CH32V103DS0.PDF,2-1,LQFP48,42,PB6,gpio,#,confirmed,pin-table:zh+pin-table:en
CH32V103,CH32V103DS0.PDF,2-1,LQFP48,43,PB7,gpio,#,confirmed,pin-table:zh+pin-table:en
CH32V103,CH32V103DS0.PDF,2-1,LQFP48,44,BOOT0,other,#,confirmed,pin-table:zh+pin-table:en
CH32V103,CH32V103DS0.PDF,2-1,LQFP48,45,PB8,gpio,#,confirmed,pin-table:zh+pin-table:en
CH32V103,CH32V103DS0.PDF,2-1,LQFP48,46,PB9,gpio,#,confirmed,pin-table:zh+pin-table:en
CH32V103,CH32V103DS0.PDF,2-1,LQFP48,47,VSS_3,power,#,confirmed,pin-table:zh+pin-table:en
CH32V103,CH32V103DS0.PDF,2-1,LQFP48,48,VDD_3,power,#,confirmed,pin-table:zh+pin-table:en
CH32V103,CH32V103DS0.PDF,2-1,LQFP64M,1,VBAT,power,#,confirmed,pin-table:zh+pin-table:en
CH32V103,CH32V103DS0.PDF,2-1,LQFP64M,5,OSC_IN,other,#,confirmed,pin-table:zh+pin-table:en
CH32V103,CH32V103DS0.PDF,2-1,LQFP64M,6,OSC_OUT,other,#,confirmed,pin-table:zh+pin-table:en
CH32V103,CH32V103DS0.PDF,2-1,LQFP64M,7,NRST,gpio,#,confirmed,pin-table:zh+pin-table:en
CH32V103,CH32V103DS0.PDF,2-1,LQFP64M,8,PC0,gpio,#,confirmed,pin-table:zh+pin-table:en
CH32V103,CH32V103DS0.PDF,2-1,LQFP64M,9,PC1,gpio,#,confirmed,pin-table:zh+pin-table:en
CH32V103,CH32V103DS0.PDF,2-1,LQFP64M,10,PC2,gpio,#,confirmed,pin-table:zh+pin-table:en
CH32V103,CH32V103DS0.PDF,2-1,LQFP64M,11,PC3,gpio,#,confirmed,pin-table:zh+pin-table:en
CH32V103,CH32V103DS0.PDF,2-1,LQFP64M,12,VSSA,power,#,confirmed,pin-table:zh+pin-table:en
CH32V103,CH32V103DS0.PDF,2-1,LQFP64M,13,VDDA,power,#,confirmed,pin-table:zh+pin-table:en
CH32V103,CH32V103DS0.PDF,2-1,LQFP64M,14,PA0-WKUP,gpio,#,confirmed,pin-table:zh+pin-table:en
CH32V103,CH32V103DS0.PDF,2-1,LQFP64M,15,PA1,gpio,#,confirmed,pin-table:zh+pin-table:en
CH32V103,CH32V103DS0.PDF,2-1,LQFP64M,16,PA2,gpio,#,confirmed,pin-table:zh+pin-table:en
CH32V103,CH32V103DS0.PDF,2-1,LQFP64M,17,PA3,gpio,#,confirmed,pin-table:zh+pin-table:en
CH32V103,CH32V103DS0.PDF,2-1,LQFP64M,18,VSS_4,power,#,confirmed,pin-table:zh+pin-table:en
CH32V103,CH32V103DS0.PDF,2-1,LQFP64M,19,VDD_4,power,#,confirmed,pin-table:zh+pin-table:en
CH32V103,CH32V103DS0.PDF,2-1,LQFP64M,20,PA4,gpio,#,confirmed,pin-table:zh+pin-table:en
CH32V103,CH32V103DS0.PDF,2-1,LQFP64M,21,PA5,gpio,#,confirmed,pin-table:zh+pin-table:en
CH32V103,CH32V103DS0.PDF,2-1,LQFP64M,22,PA6,gpio,#,confirmed,pin-table:zh+pin-table:en
CH32V103,CH32V103DS0.PDF,2-1,LQFP64M,23,PA7,gpio,#,confirmed,pin-table:zh+pin-table:en
CH32V103,CH32V103DS0.PDF,2-1,LQFP64M,24,PC4,gpio,#,confirmed,pin-table:zh+pin-table:en
CH32V103,CH32V103DS0.PDF,2-1,LQFP64M,25,PC5,gpio,#,confirmed,pin-table:zh+pin-table:en
CH32V103,CH32V103DS0.PDF,2-1,LQFP64M,26,PB0,gpio,#,confirmed,pin-table:zh+pin-table:en
CH32V103,CH32V103DS0.PDF,2-1,LQFP64M,27,PB1,gpio,#,confirmed,pin-table:zh+pin-table:en
CH32V103,CH32V103DS0.PDF,2-1,LQFP64M,28,PB2,gpio,#,confirmed,pin-table:zh+pin-table:en
CH32V103,CH32V103DS0.PDF,2-1,LQFP64M,29,PB10,gpio,#,confirmed,pin-table:zh+pin-table:en
CH32V103,CH32V103DS0.PDF,2-1,LQFP64M,30,PB11,gpio,#,confirmed,pin-table:zh+pin-table:en
CH32V103,CH32V103DS0.PDF,2-1,LQFP64M,31,VSS_1,power,#,confirmed,pin-table:zh+pin-table:en
CH32V103,CH32V103DS0.PDF,2-1,LQFP64M,32,VDD_1,power,#,confirmed,pin-table:zh+pin-table:en
CH32V103,CH32V103DS0.PDF,2-1,LQFP64M,33,PB12,gpio,#,confirmed,pin-table:zh+pin-table:en
CH32V103,CH32V103DS0.PDF,2-1,LQFP64M,34,PB13,gpio,#,confirmed,pin-table:zh+pin-table:en
CH32V103,CH32V103DS0.PDF,2-1,LQFP64M,35,PB14,gpio,#,confirmed,pin-table:zh+pin-table:en
CH32V103,CH32V103DS0.PDF,2-1,LQFP64M,36,PB15,gpio,#,confirmed,pin-table:zh+pin-table:en
CH32V103,CH32V103DS0.PDF,2-1,LQFP64M,37,PC6,gpio,#,confirmed,pin-table:zh+pin-table:en
CH32V103,CH32V103DS0.PDF,2-1,LQFP64M,38,PC7,gpio,#,confirmed,pin-table:zh+pin-table:en
CH32V103,CH32V103DS0.PDF,2-1,LQFP64M,39,PC8,gpio,#,confirmed,pin-table:zh+pin-table:en
CH32V103,CH32V103DS0.PDF,2-1,LQFP64M,40,PC9,gpio,#,confirmed,pin-table:zh+pin-table:en
CH32V103,CH32V103DS0.PDF,2-1,LQFP64M,41,PA8,gpio,#,confirmed,pin-table:zh+pin-table:en
CH32V103,CH32V103DS0.PDF,2-1,LQFP64M,42,PA9,gpio,#,confirmed,pin-table:zh+pin-table:en
CH32V103,CH32V103DS0.PDF,2-1,LQFP64M,43,PA10,gpio,#,confirmed,pin-table:zh+pin-table:en
CH32V103,CH32V103DS0.PDF,2-1,LQFP64M,44,PA11,gpio,#,confirmed,pin-table:zh+pin-table:en
CH32V103,CH32V103DS0.PDF,2-1,LQFP64M,45,PA12,gpio,#,confirmed,pin-table:zh+pin-table:en
CH32V103,CH32V103DS0.PDF,2-1,LQFP64M,46,PA13,gpio,#,confirmed,pin-table:zh+pin-table:en
CH32V103,CH32V103DS0.PDF,2-1,LQFP64M,47,VSS_2,power,#,confirmed,pin-table:zh+pin-table:en
CH32V103,CH32V103DS0.PDF,2-1,LQFP64M,48,VDD_2,power,#,confirmed,pin-table:zh+pin-table:en
CH32V103,CH32V103DS0.PDF,2-1,LQFP64M,49,PA14,gpio,#,confirmed,pin-table:zh+pin-table:en
CH32V103,CH32V103DS0.PDF,2-1,LQFP64M,50,PA15,gpio,#,confirmed,pin-table:zh+pin-table:en
CH32V103,CH32V103DS0.PDF,2-1,LQFP64M,51,PC10,gpio,#,confirmed,pin-table:zh+pin-table:en
CH32V103,CH32V103DS0.PDF,2-1,LQFP64M,52,PC11,gpio,#,confirmed,pin-table:zh+pin-table:en
CH32V103,CH32V103DS0.PDF,2-1,LQFP64M,53,PC12,gpio,#,confirmed,pin-table:zh+pin-table:en
CH32V103,CH32V103DS0.PDF,2-1,LQFP64M,54,PD2,gpio,#,confirmed,pin-table:zh+pin-table:en
CH32V103,CH32V103DS0.PDF,2-1,LQFP64M,55,PB3,gpio,#,confirmed,pin-table:zh+pin-table:en
CH32V103,CH32V103DS0.PDF,2-1,LQFP64M,56,PB4,gpio,#,confirmed,pin-table:zh+pin-table:en
CH32V103,CH32V103DS0.PDF,2-1,LQFP64M,57,PB5,gpio,#,confirmed,pin-table:zh+pin-table:en
CH32V103,CH32V103DS0.PDF,2-1,LQFP64M,58,PB6,gpio,#,confirmed,pin-table:zh+pin-table:en
CH32V103,CH32V103DS0.PDF,2-1,LQFP64M,59,PB7,gpio,#,confirmed,pin-table:zh+pin-table:en
CH32V103,CH32V103DS0.PDF,2-1,LQFP64M,60,BOOT0,other,#,confirmed,pin-table:zh+pin-table:en
CH32V103,CH32V103DS0.PDF,2-1,LQFP64M,61,PB8,gpio,#,confirmed,pin-table:zh+pin-table:en
CH32V103,CH32V103DS0.PDF,2-1,LQFP64M,62,PB9,gpio,#,confirmed,pin-table:zh+pin-table:en
CH32V103,CH32V103DS0.PDF,2-1,LQFP64M,63,VSS_3,power,#,confirmed,pin-table:zh+pin-table:en
CH32V103,CH32V103DS0.PDF,2-1,LQFP64M,64,VDD_3,power,#,confirmed,pin-table:zh+pin-table:en
CH32V103,CH32V103DS0.PDF,2-1,QFN48X7,1,VBAT,power,#,confirmed,pin-table:zh+pin-table:en
CH32V103,CH32V103DS0.PDF,2-1,QFN48X7,5,OSC_IN,other,#,confirmed,pin-table:zh+pin-table:en
CH32V103,CH32V103DS0.PDF,2-1,QFN48X7,6,OSC_OUT,other,#,confirmed,pin-table:zh+pin-table:en
CH32V103,CH32V103DS0.PDF,2-1,QFN48X7,7,NRST,gpio,#,confirmed,pin-table:zh+pin-table:en
CH32V103,CH32V103DS0.PDF,2-1,QFN48X7,8,VSSA,power,#,confirmed,pin-table:zh+pin-table:en
CH32V103,CH32V103DS0.PDF,2-1,QFN48X7,9,VDDA,power,#,confirmed,pin-table:zh+pin-table:en
CH32V103,CH32V103DS0.PDF,2-1,QFN48X7,10,PA0-WKUP,gpio,#,confirmed,pin-table:zh+pin-table:en
CH32V103,CH32V103DS0.PDF,2-1,QFN48X7,11,PA1,gpio,#,confirmed,pin-table:zh+pin-table:en
CH32V103,CH32V103DS0.PDF,2-1,QFN48X7,12,PA2,gpio,#,confirmed,pin-table:zh+pin-table:en
CH32V103,CH32V103DS0.PDF,2-1,QFN48X7,13,PA3,gpio,#,confirmed,pin-table:zh+pin-table:en
CH32V103,CH32V103DS0.PDF,2-1,QFN48X7,14,PA4,gpio,#,confirmed,pin-table:zh+pin-table:en
CH32V103,CH32V103DS0.PDF,2-1,QFN48X7,15,PA5,gpio,#,confirmed,pin-table:zh+pin-table:en
CH32V103,CH32V103DS0.PDF,2-1,QFN48X7,16,PA6,gpio,#,confirmed,pin-table:zh+pin-table:en
CH32V103,CH32V103DS0.PDF,2-1,QFN48X7,17,PA7,gpio,#,confirmed,pin-table:zh+pin-table:en
CH32V103,CH32V103DS0.PDF,2-1,QFN48X7,18,PB0,gpio,#,confirmed,pin-table:zh+pin-table:en
CH32V103,CH32V103DS0.PDF,2-1,QFN48X7,19,PB1,gpio,#,confirmed,pin-table:zh+pin-table:en
CH32V103,CH32V103DS0.PDF,2-1,QFN48X7,20,PB2,gpio,#,confirmed,pin-table:zh+pin-table:en
CH32V103,CH32V103DS0.PDF,2-1,QFN48X7,21,PB10,gpio,#,confirmed,pin-table:zh+pin-table:en
CH32V103,CH32V103DS0.PDF,2-1,QFN48X7,22,PB11,gpio,#,confirmed,pin-table:zh+pin-table:en
CH32V103,CH32V103DS0.PDF,2-1,QFN48X7,23,VSS_1,power,#,confirmed,pin-table:zh+pin-table:en
CH32V103,CH32V103DS0.PDF,2-1,QFN48X7,24,VDD_1,power,#,confirmed,pin-table:zh+pin-table:en
CH32V103,CH32V103DS0.PDF,2-1,QFN48X7,25,PB12,gpio,#,confirmed,pin-table:zh+pin-table:en
CH32V103,CH32V103DS0.PDF,2-1,QFN48X7,26,PB13,gpio,#,confirmed,pin-table:zh+pin-table:en
CH32V103,CH32V103DS0.PDF,2-1,QFN48X7,27,PB14,gpio,#,confirmed,pin-table:zh+pin-table:en
CH32V103,CH32V103DS0.PDF,2-1,QFN48X7,28,PB15,gpio,#,confirmed,pin-table:zh+pin-table:en
CH32V103,CH32V103DS0.PDF,2-1,QFN48X7,29,PA8,gpio,#,confirmed,pin-table:zh+pin-table:en
CH32V103,CH32V103DS0.PDF,2-1,QFN48X7,30,PA9,gpio,#,confirmed,pin-table:zh+pin-table:en
CH32V103,CH32V103DS0.PDF,2-1,QFN48X7,31,PA10,gpio,#,confirmed,pin-table:zh+pin-table:en
CH32V103,CH32V103DS0.PDF,2-1,QFN48X7,32,PA11,gpio,#,confirmed,pin-table:zh+pin-table:en
CH32V103,CH32V103DS0.PDF,2-1,QFN48X7,33,PA12,gpio,#,confirmed,pin-table:zh+pin-table:en
CH32V103,CH32V103DS0.PDF,2-1,QFN48X7,34,PA13,gpio,#,confirmed,pin-table:zh+pin-table:en
CH32V103,CH32V103DS0.PDF,2-1,QFN48X7,35,VSS_2,power,#,confirmed,pin-table:zh+pin-table:en
CH32V103,CH32V103DS0.PDF,2-1,QFN48X7,36,VDD_2,power,#,confirmed,pin-table:zh+pin-table:en
CH32V103,CH32V103DS0.PDF,2-1,QFN48X7,37,PA14,gpio,#,confirmed,pin-table:zh+pin-table:en
CH32V103,CH32V103DS0.PDF,2-1,QFN48X7,38,PA15,gpio,#,confirmed,pin-table:zh+pin-table:en
CH32V103,CH32V103DS0.PDF,2-1,QFN48X7,39,PB3,gpio,#,confirmed,pin-table:zh+pin-table:en
CH32V103,CH32V103DS0.PDF,2-1,QFN48X7,40,PB4,gpio,#,confirmed,pin-table:zh+pin-table:en
CH32V103,CH32V103DS0.PDF,2-1,QFN48X7,41,PB5,gpio,#,confirmed,pin-table:zh+pin-table:en
CH32V103,CH32V103DS0.PDF,2-1,QFN48X7,42,PB6,gpio,#,confirmed,pin-table:zh+pin-table:en
CH32V103,CH32V103DS0.PDF,2-1,QFN48X7,43,PB7,gpio,#,confirmed,pin-table:zh+pin-table:en
CH32V103,CH32V103DS0.PDF,2-1,QFN48X7,44,BOOT0,other,#,confirmed,pin-table:zh+pin-table:en
CH32V103,CH32V103DS0.PDF,2-1,QFN48X7,45,PB8,gpio,#,confirmed,pin-table:zh+pin-table:en
CH32V103,CH32V103DS0.PDF,2-1,QFN48X7,46,PB9,gpio,#,confirmed,pin-table:zh+pin-table:en
CH32V103,CH32V103DS0.PDF,2-1,QFN48X7,47,VSS_3,power,#,confirmed,pin-table:zh+pin-table:en
CH32V103,CH32V103DS0.PDF,2-1,QFN48X7,48,VDD_3,power,#,confirmed,pin-table:zh+pin-table:en
CH32V103,CH32V103DS0.PDF,2-2,LQFP48,1,VBAT,power,#,confirmed,pin-table:zh+pin-table:en
CH32V103,CH32V103DS0.PDF,2-2,LQFP48,5,OSC8M_IN,other,#,confirmed,pin-table:zh+pin-table:en
CH32V103,CH32V103DS0.PDF,2-2,LQFP48,7,NRST,gpio,#,confirmed,pin-table:zh+pin-table:en
CH32V103,CH32V103DS0.PDF,2-2,LQFP48,8,VSSA,power,#,confirmed,pin-table:zh+pin-table:en
CH32V103,CH32V103DS0.PDF,2-2,LQFP48,9,VDDA,power,#,confirmed,pin-table:zh+pin-table:en
CH32V103,CH32V103DS0.PDF,2-2,LQFP48,10,PA0-WKUP,gpio,#,confirmed,pin-table:zh+pin-table:en
CH32V103,CH32V103DS0.PDF,2-2,LQFP48,11,PA1,gpio,#,confirmed,pin-table:zh+pin-table:en
CH32V103,CH32V103DS0.PDF,2-2,LQFP48,12,PA2,gpio,#,confirmed,pin-table:zh+pin-table:en
CH32V103,CH32V103DS0.PDF,2-2,LQFP48,13,PA3,gpio,#,confirmed,pin-table:zh+pin-table:en
CH32V103,CH32V103DS0.PDF,2-2,LQFP48,14,PA4,gpio,#,confirmed,pin-table:zh+pin-table:en
CH32V103,CH32V103DS0.PDF,2-2,LQFP48,15,PA5,gpio,#,confirmed,pin-table:zh+pin-table:en
CH32V103,CH32V103DS0.PDF,2-2,LQFP48,16,PA6,gpio,#,confirmed,pin-table:zh+pin-table:en
CH32V103,CH32V103DS0.PDF,2-2,LQFP48,17,PA7,gpio,#,confirmed,pin-table:zh+pin-table:en
CH32V103,CH32V103DS0.PDF,2-2,LQFP48,18,PB0,gpio,#,confirmed,pin-table:zh+pin-table:en
CH32V103,CH32V103DS0.PDF,2-2,LQFP48,19,PB1,gpio,#,confirmed,pin-table:zh+pin-table:en
CH32V103,CH32V103DS0.PDF,2-2,LQFP48,20,PB2,gpio,#,confirmed,pin-table:zh+pin-table:en
CH32V103,CH32V103DS0.PDF,2-2,LQFP48,21,PB10,gpio,#,confirmed,pin-table:zh+pin-table:en
CH32V103,CH32V103DS0.PDF,2-2,LQFP48,22,PB11,gpio,#,confirmed,pin-table:zh+pin-table:en
CH32V103,CH32V103DS0.PDF,2-2,LQFP48,23,VSS_1,power,#,confirmed,pin-table:zh+pin-table:en
CH32V103,CH32V103DS0.PDF,2-2,LQFP48,24,VDD_1,power,#,confirmed,pin-table:zh+pin-table:en
CH32V103,CH32V103DS0.PDF,2-2,LQFP48,25,PB12,gpio,#,confirmed,pin-table:zh+pin-table:en
CH32V103,CH32V103DS0.PDF,2-2,LQFP48,26,PB13,gpio,#,confirmed,pin-table:zh+pin-table:en
CH32V103,CH32V103DS0.PDF,2-2,LQFP48,27,PB14,gpio,#,confirmed,pin-table:zh+pin-table:en
CH32V103,CH32V103DS0.PDF,2-2,LQFP48,28,PB15,gpio,#,confirmed,pin-table:zh+pin-table:en
CH32V103,CH32V103DS0.PDF,2-2,LQFP48,29,PA8,gpio,#,confirmed,pin-table:zh+pin-table:en
CH32V103,CH32V103DS0.PDF,2-2,LQFP48,30,PA9,gpio,#,confirmed,pin-table:zh+pin-table:en
CH32V103,CH32V103DS0.PDF,2-2,LQFP48,31,PA10,gpio,#,confirmed,pin-table:zh+pin-table:en
CH32V103,CH32V103DS0.PDF,2-2,LQFP48,32,PA11,gpio,#,confirmed,pin-table:zh+pin-table:en
CH32V103,CH32V103DS0.PDF,2-2,LQFP48,33,PA12,gpio,#,confirmed,pin-table:zh+pin-table:en
CH32V103,CH32V103DS0.PDF,2-2,LQFP48,34,PA13,gpio,#,confirmed,pin-table:zh+pin-table:en
CH32V103,CH32V103DS0.PDF,2-2,LQFP48,35,VSS_2,power,#,confirmed,pin-table:zh+pin-table:en
CH32V103,CH32V103DS0.PDF,2-2,LQFP48,36,VDD_2,power,#,confirmed,pin-table:zh+pin-table:en
CH32V103,CH32V103DS0.PDF,2-2,LQFP48,37,PA14,gpio,#,confirmed,pin-table:zh+pin-table:en
CH32V103,CH32V103DS0.PDF,2-2,LQFP48,38,PA15,gpio,#,confirmed,pin-table:zh+pin-table:en
CH32V103,CH32V103DS0.PDF,2-2,LQFP48,39,PB3,gpio,#,confirmed,pin-table:zh+pin-table:en
CH32V103,CH32V103DS0.PDF,2-2,LQFP48,40,PB4,gpio,#,confirmed,pin-table:zh+pin-table:en
CH32V103,CH32V103DS0.PDF,2-2,LQFP48,41,PB5,gpio,#,confirmed,pin-table:zh+pin-table:en
CH32V103,CH32V103DS0.PDF,2-2,LQFP48,42,PB6,gpio,#,confirmed,pin-table:zh+pin-table:en
CH32V103,CH32V103DS0.PDF,2-2,LQFP48,43,PB7,gpio,#,confirmed,pin-table:zh+pin-table:en
CH32V103,CH32V103DS0.PDF,2-2,LQFP48,44,BOOT0,other,#,confirmed,pin-table:zh+pin-table:en
CH32V103,CH32V103DS0.PDF,2-2,LQFP48,45,PB8,gpio,#,confirmed,pin-table:zh+pin-table:en
CH32V103,CH32V103DS0.PDF,2-2,LQFP48,46,PB9,gpio,#,confirmed,pin-table:zh+pin-table:en
CH32V103,CH32V103DS0.PDF,2-2,LQFP48,47,VSS_3,power,#,confirmed,pin-table:zh+pin-table:en
CH32V103,CH32V103DS0.PDF,2-2,LQFP48,48,VDD_3,power,#,confirmed,pin-table:zh+pin-table:en
CH32V103,CH32V103DS0.PDF,2-2,LQFP64M,1,VBAT,power,#,confirmed,pin-table:zh+pin-table:en
CH32V103,CH32V103DS0.PDF,2-2,LQFP64M,5,OSC8M_IN,other,#,confirmed,pin-table:zh+pin-table:en
CH32V103,CH32V103DS0.PDF,2-2,LQFP64M,7,NRST,gpio,#,confirmed,pin-table:zh+pin-table:en
CH32V103,CH32V103DS0.PDF,2-2,LQFP64M,8,PC0,gpio,#,confirmed,pin-table:zh+pin-table:en
CH32V103,CH32V103DS0.PDF,2-2,LQFP64M,9,PC1,gpio,#,confirmed,pin-table:zh+pin-table:en
CH32V103,CH32V103DS0.PDF,2-2,LQFP64M,10,PC2,gpio,#,confirmed,pin-table:zh+pin-table:en
CH32V103,CH32V103DS0.PDF,2-2,LQFP64M,11,PC3,gpio,#,confirmed,pin-table:zh+pin-table:en
CH32V103,CH32V103DS0.PDF,2-2,LQFP64M,12,VSSA,power,#,confirmed,pin-table:zh+pin-table:en
CH32V103,CH32V103DS0.PDF,2-2,LQFP64M,13,VDDA,power,#,confirmed,pin-table:zh+pin-table:en
CH32V103,CH32V103DS0.PDF,2-2,LQFP64M,14,PA0-WKUP,gpio,#,confirmed,pin-table:zh+pin-table:en
CH32V103,CH32V103DS0.PDF,2-2,LQFP64M,15,PA1,gpio,#,confirmed,pin-table:zh+pin-table:en
CH32V103,CH32V103DS0.PDF,2-2,LQFP64M,16,PA2,gpio,#,confirmed,pin-table:zh+pin-table:en
CH32V103,CH32V103DS0.PDF,2-2,LQFP64M,17,PA3,gpio,#,confirmed,pin-table:zh+pin-table:en
CH32V103,CH32V103DS0.PDF,2-2,LQFP64M,18,VSS_4,power,#,confirmed,pin-table:zh+pin-table:en
CH32V103,CH32V103DS0.PDF,2-2,LQFP64M,19,VDD_4,power,#,confirmed,pin-table:zh+pin-table:en
CH32V103,CH32V103DS0.PDF,2-2,LQFP64M,20,PA4,gpio,#,confirmed,pin-table:zh+pin-table:en
CH32V103,CH32V103DS0.PDF,2-2,LQFP64M,21,PA5,gpio,#,confirmed,pin-table:zh+pin-table:en
CH32V103,CH32V103DS0.PDF,2-2,LQFP64M,22,PA6,gpio,#,confirmed,pin-table:zh+pin-table:en
CH32V103,CH32V103DS0.PDF,2-2,LQFP64M,23,PA7,gpio,#,confirmed,pin-table:zh+pin-table:en
CH32V103,CH32V103DS0.PDF,2-2,LQFP64M,24,PC4,gpio,#,confirmed,pin-table:zh+pin-table:en
CH32V103,CH32V103DS0.PDF,2-2,LQFP64M,25,PC5,gpio,#,confirmed,pin-table:zh+pin-table:en
CH32V103,CH32V103DS0.PDF,2-2,LQFP64M,26,PB0,gpio,#,confirmed,pin-table:zh+pin-table:en
CH32V103,CH32V103DS0.PDF,2-2,LQFP64M,27,PB1,gpio,#,confirmed,pin-table:zh+pin-table:en
CH32V103,CH32V103DS0.PDF,2-2,LQFP64M,28,PB2,gpio,#,confirmed,pin-table:zh+pin-table:en
CH32V103,CH32V103DS0.PDF,2-2,LQFP64M,29,PB10,gpio,#,confirmed,pin-table:zh+pin-table:en
CH32V103,CH32V103DS0.PDF,2-2,LQFP64M,30,PB11,gpio,#,confirmed,pin-table:zh+pin-table:en
CH32V103,CH32V103DS0.PDF,2-2,LQFP64M,31,VSS_1,power,#,confirmed,pin-table:zh+pin-table:en
CH32V103,CH32V103DS0.PDF,2-2,LQFP64M,32,VDD_1,power,#,confirmed,pin-table:zh+pin-table:en
CH32V103,CH32V103DS0.PDF,2-2,LQFP64M,33,PB12,gpio,#,confirmed,pin-table:zh+pin-table:en
CH32V103,CH32V103DS0.PDF,2-2,LQFP64M,34,PB13,gpio,#,confirmed,pin-table:zh+pin-table:en
CH32V103,CH32V103DS0.PDF,2-2,LQFP64M,35,PB14,gpio,#,confirmed,pin-table:zh+pin-table:en
CH32V103,CH32V103DS0.PDF,2-2,LQFP64M,36,PB15,gpio,#,confirmed,pin-table:zh+pin-table:en
CH32V103,CH32V103DS0.PDF,2-2,LQFP64M,37,PC6,gpio,#,confirmed,pin-table:zh+pin-table:en
CH32V103,CH32V103DS0.PDF,2-2,LQFP64M,38,PC7,gpio,#,confirmed,pin-table:zh+pin-table:en
CH32V103,CH32V103DS0.PDF,2-2,LQFP64M,39,PC8,gpio,#,confirmed,pin-table:zh+pin-table:en
CH32V103,CH32V103DS0.PDF,2-2,LQFP64M,40,PC9,gpio,#,confirmed,pin-table:zh+pin-table:en
CH32V103,CH32V103DS0.PDF,2-2,LQFP64M,41,PA8,gpio,#,confirmed,pin-table:zh+pin-table:en
CH32V103,CH32V103DS0.PDF,2-2,LQFP64M,42,PA9,gpio,#,confirmed,pin-table:zh+pin-table:en
CH32V103,CH32V103DS0.PDF,2-2,LQFP64M,43,PA10,gpio,#,confirmed,pin-table:zh+pin-table:en
CH32V103,CH32V103DS0.PDF,2-2,LQFP64M,44,PA11,gpio,#,confirmed,pin-table:zh+pin-table:en
CH32V103,CH32V103DS0.PDF,2-2,LQFP64M,45,PA12,gpio,#,confirmed,pin-table:zh+pin-table:en
CH32V103,CH32V103DS0.PDF,2-2,LQFP64M,46,PA13,gpio,#,confirmed,pin-table:zh+pin-table:en
CH32V103,CH32V103DS0.PDF,2-2,LQFP64M,47,VSS_2,power,#,confirmed,pin-table:zh+pin-table:en
CH32V103,CH32V103DS0.PDF,2-2,LQFP64M,48,VDD_2,power,#,confirmed,pin-table:zh+pin-table:en
CH32V103,CH32V103DS0.PDF,2-2,LQFP64M,49,PA14,gpio,#,confirmed,pin-table:zh+pin-table:en
CH32V103,CH32V103DS0.PDF,2-2,LQFP64M,50,PA15,gpio,#,confirmed,pin-table:zh+pin-table:en
CH32V103,CH32V103DS0.PDF,2-2,LQFP64M,51,PC10,gpio,#,confirmed,pin-table:zh+pin-table:en
CH32V103,CH32V103DS0.PDF,2-2,LQFP64M,52,PC11,gpio,#,confirmed,pin-table:zh+pin-table:en
CH32V103,CH32V103DS0.PDF,2-2,LQFP64M,53,PC12,gpio,#,confirmed,pin-table:zh+pin-table:en
CH32V103,CH32V103DS0.PDF,2-2,LQFP64M,54,PD2,gpio,#,confirmed,pin-table:zh+pin-table:en
CH32V103,CH32V103DS0.PDF,2-2,LQFP64M,55,PB3,gpio,#,confirmed,pin-table:zh+pin-table:en
CH32V103,CH32V103DS0.PDF,2-2,LQFP64M,56,PB4,gpio,#,confirmed,pin-table:zh+pin-table:en
CH32V103,CH32V103DS0.PDF,2-2,LQFP64M,57,PB5,gpio,#,confirmed,pin-table:zh+pin-table:en
CH32V103,CH32V103DS0.PDF,2-2,LQFP64M,58,PB6,gpio,#,confirmed,pin-table:zh+pin-table:en
CH32V103,CH32V103DS0.PDF,2-2,LQFP64M,59,PB7,gpio,#,confirmed,pin-table:zh+pin-table:en
CH32V103,CH32V103DS0.PDF,2-2,LQFP64M,60,BOOT0,other,#,confirmed,pin-table:zh+pin-table:en
CH32V103,CH32V103DS0.PDF,2-2,LQFP64M,61,PB8,gpio,#,confirmed,pin-table:zh+pin-table:en
CH32V103,CH32V103DS0.PDF,2-2,LQFP64M,62,PB9,gpio,#,confirmed,pin-table:zh+pin-table:en
CH32V103,CH32V103DS0.PDF,2-2,LQFP64M,63,VSS_3,power,#,confirmed,pin-table:zh+pin-table:en
CH32V103,CH32V103DS0.PDF,2-2,LQFP64M,64,VDD_3,power,#,confirmed,pin-table:zh+pin-table:en
CH32V20x,CH32V203DS0.PDF,3-1-1,LQFP32,1,VDD,power,#,confirmed,pin-table:zh+pin-table:en
CH32V20x,CH32V203DS0.PDF,3-1-1,LQFP32,2,OSC_IN,other,#,confirmed,pin-table:zh+pin-table:en
CH32V20x,CH32V203DS0.PDF,3-1-1,LQFP32,3,OSC_OUT,other,#,confirmed,pin-table:zh+pin-table:en
CH32V20x,CH32V203DS0.PDF,3-1-1,LQFP32,4,NRST,other,#,confirmed,pin-table:zh+pin-table:en
CH32V20x,CH32V203DS0.PDF,3-1-1,LQFP32,5,VDDA,power,#,confirmed,pin-table:zh+pin-table:en
CH32V20x,CH32V203DS0.PDF,3-1-1,LQFP32,6,PA0-WKUP,gpio,#,confirmed,pin-table:zh+pin-table:en
CH32V20x,CH32V203DS0.PDF,3-1-1,LQFP32,7,PA1,gpio,#,confirmed,pin-table:zh+pin-table:en
CH32V20x,CH32V203DS0.PDF,3-1-1,LQFP32,8,PA2,gpio,#,confirmed,pin-table:zh+pin-table:en
CH32V20x,CH32V203DS0.PDF,3-1-1,LQFP32,9,PA3,gpio,#,confirmed,pin-table:zh+pin-table:en
CH32V20x,CH32V203DS0.PDF,3-1-1,LQFP32,10,PA4,gpio,#,confirmed,pin-table:zh+pin-table:en
CH32V20x,CH32V203DS0.PDF,3-1-1,LQFP32,11,PA5,gpio,#,confirmed,pin-table:zh+pin-table:en
CH32V20x,CH32V203DS0.PDF,3-1-1,LQFP32,12,PA6,gpio,#,confirmed,pin-table:zh+pin-table:en
CH32V20x,CH32V203DS0.PDF,3-1-1,LQFP32,13,PA7,gpio,#,confirmed,pin-table:zh+pin-table:en
CH32V20x,CH32V203DS0.PDF,3-1-1,LQFP32,14,PB0,gpio,#,confirmed,pin-table:zh+pin-table:en
CH32V20x,CH32V203DS0.PDF,3-1-1,LQFP32,15,PB1,gpio,#,confirmed,pin-table:zh+pin-table:en
CH32V20x,CH32V203DS0.PDF,3-1-1,LQFP32,16,VSS,power,#,confirmed,pin-table:zh+pin-table:en
CH32V20x,CH32V203DS0.PDF,3-1-1,LQFP32,17,VDD,power,#,confirmed,pin-table:zh+pin-table:en
CH32V20x,CH32V203DS0.PDF,3-1-1,LQFP32,18,PA8,gpio,#,confirmed,pin-table:zh+pin-table:en
CH32V20x,CH32V203DS0.PDF,3-1-1,LQFP32,19,PA9,gpio,#,confirmed,pin-table:zh+pin-table:en
CH32V20x,CH32V203DS0.PDF,3-1-1,LQFP32,20,PA10,gpio,#,confirmed,pin-table:zh+pin-table:en
CH32V20x,CH32V203DS0.PDF,3-1-1,LQFP32,21,PA11,gpio,#,confirmed,pin-table:zh+pin-table:en
CH32V20x,CH32V203DS0.PDF,3-1-1,LQFP32,22,PA12,gpio,#,confirmed,pin-table:zh+pin-table:en
CH32V20x,CH32V203DS0.PDF,3-1-1,LQFP32,23,PA13,gpio,#,confirmed,pin-table:zh+pin-table:en
CH32V20x,CH32V203DS0.PDF,3-1-1,LQFP32,24,PA14,gpio,#,confirmed,pin-table:zh+pin-table:en
CH32V20x,CH32V203DS0.PDF,3-1-1,LQFP32,25,PA15,gpio,#,confirmed,pin-table:zh+pin-table:en
CH32V20x,CH32V203DS0.PDF,3-1-1,LQFP32,26,PB3,gpio,#,confirmed,pin-table:zh+pin-table:en
CH32V20x,CH32V203DS0.PDF,3-1-1,LQFP32,27,PB4,gpio,#,confirmed,pin-table:zh+pin-table:en
CH32V20x,CH32V203DS0.PDF,3-1-1,LQFP32,28,PB5,gpio,#,confirmed,pin-table:zh+pin-table:en
CH32V20x,CH32V203DS0.PDF,3-1-1,LQFP32,29,PB6,gpio,#,confirmed,pin-table:zh+pin-table:en
CH32V20x,CH32V203DS0.PDF,3-1-1,LQFP32,30,PB7,gpio,#,confirmed,pin-table:zh+pin-table:en
CH32V20x,CH32V203DS0.PDF,3-1-1,LQFP32,32,VSS,power,#,confirmed,pin-table:zh+pin-table:en
CH32V20x,CH32V203DS0.PDF,3-1-1,LQFP32,"31(
6)",BOOT0,other,#,reference,pin-table:en
CH32V20x,CH32V203DS0.PDF,3-1-1,LQFP32,31(6),BOOT0,other,#,reference,pin-table:zh
CH32V20x,CH32V203DS0.PDF,3-1-1,LQFP48,1,VBAT,power,#,confirmed,pin-table:zh+pin-table:en
CH32V20x,CH32V203DS0.PDF,3-1-1,LQFP48,5,OSC_IN,other,#,confirmed,pin-table:zh+pin-table:en
CH32V20x,CH32V203DS0.PDF,3-1-1,LQFP48,6,OSC_OUT,other,#,confirmed,pin-table:zh+pin-table:en
CH32V20x,CH32V203DS0.PDF,3-1-1,LQFP48,7,NRST,other,#,confirmed,pin-table:zh+pin-table:en
CH32V20x,CH32V203DS0.PDF,3-1-1,LQFP48,8,VSSA,power,#,confirmed,pin-table:zh+pin-table:en
CH32V20x,CH32V203DS0.PDF,3-1-1,LQFP48,9,VDDA,power,#,confirmed,pin-table:zh+pin-table:en
CH32V20x,CH32V203DS0.PDF,3-1-1,LQFP48,10,PA0-WKUP,gpio,#,confirmed,pin-table:zh+pin-table:en
CH32V20x,CH32V203DS0.PDF,3-1-1,LQFP48,11,PA1,gpio,#,confirmed,pin-table:zh+pin-table:en
CH32V20x,CH32V203DS0.PDF,3-1-1,LQFP48,12,PA2,gpio,#,confirmed,pin-table:zh+pin-table:en
CH32V20x,CH32V203DS0.PDF,3-1-1,LQFP48,13,PA3,gpio,#,confirmed,pin-table:zh+pin-table:en
CH32V20x,CH32V203DS0.PDF,3-1-1,LQFP48,14,PA4,gpio,#,confirmed,pin-table:zh+pin-table:en
CH32V20x,CH32V203DS0.PDF,3-1-1,LQFP48,15,PA5,gpio,#,confirmed,pin-table:zh+pin-table:en
CH32V20x,CH32V203DS0.PDF,3-1-1,LQFP48,16,PA6,gpio,#,confirmed,pin-table:zh+pin-table:en
CH32V20x,CH32V203DS0.PDF,3-1-1,LQFP48,17,PA7,gpio,#,confirmed,pin-table:zh+pin-table:en
CH32V20x,CH32V203DS0.PDF,3-1-1,LQFP48,18,PB0,gpio,#,confirmed,pin-table:zh+pin-table:en
CH32V20x,CH32V203DS0.PDF,3-1-1,LQFP48,19,PB1,gpio,#,confirmed,pin-table:zh+pin-table:en
CH32V20x,CH32V203DS0.PDF,3-1-1,LQFP48,20,PB2,gpio,#,confirmed,pin-table:zh+pin-table:en
CH32V20x,CH32V203DS0.PDF,3-1-1,LQFP48,21,PB10,gpio,#,confirmed,pin-table:zh+pin-table:en
CH32V20x,CH32V203DS0.PDF,3-1-1,LQFP48,22,PB11,gpio,#,confirmed,pin-table:zh+pin-table:en
CH32V20x,CH32V203DS0.PDF,3-1-1,LQFP48,23,VSS_1,power,#,confirmed,pin-table:zh+pin-table:en
CH32V20x,CH32V203DS0.PDF,3-1-1,LQFP48,24,VDD_IO_1,power,#,confirmed,pin-table:zh+pin-table:en
CH32V20x,CH32V203DS0.PDF,3-1-1,LQFP48,25,PB12,gpio,#,confirmed,pin-table:zh+pin-table:en
CH32V20x,CH32V203DS0.PDF,3-1-1,LQFP48,26,PB13,gpio,#,confirmed,pin-table:zh+pin-table:en
CH32V20x,CH32V203DS0.PDF,3-1-1,LQFP48,27,PB14,gpio,#,confirmed,pin-table:zh+pin-table:en
CH32V20x,CH32V203DS0.PDF,3-1-1,LQFP48,28,PB15,gpio,#,confirmed,pin-table:zh+pin-table:en
CH32V20x,CH32V203DS0.PDF,3-1-1,LQFP48,29,PA8,gpio,#,confirmed,pin-table:zh+pin-table:en
CH32V20x,CH32V203DS0.PDF,3-1-1,LQFP48,30,PA9,gpio,#,confirmed,pin-table:zh+pin-table:en
CH32V20x,CH32V203DS0.PDF,3-1-1,LQFP48,31,PA10,gpio,#,confirmed,pin-table:zh+pin-table:en
CH32V20x,CH32V203DS0.PDF,3-1-1,LQFP48,32,PA11,gpio,#,confirmed,pin-table:zh+pin-table:en
CH32V20x,CH32V203DS0.PDF,3-1-1,LQFP48,33,PA12,gpio,#,confirmed,pin-table:zh+pin-table:en
CH32V20x,CH32V203DS0.PDF,3-1-1,LQFP48,34,PA13,gpio,#,confirmed,pin-table:zh+pin-table:en
CH32V20x,CH32V203DS0.PDF,3-1-1,LQFP48,35,VSS_2,power,#,confirmed,pin-table:zh+pin-table:en
CH32V20x,CH32V203DS0.PDF,3-1-1,LQFP48,36,VDD_2,power,#,confirmed,pin-table:zh+pin-table:en
CH32V20x,CH32V203DS0.PDF,3-1-1,LQFP48,37,PA14,gpio,#,confirmed,pin-table:zh+pin-table:en
CH32V20x,CH32V203DS0.PDF,3-1-1,LQFP48,38,PA15,gpio,#,confirmed,pin-table:zh+pin-table:en
CH32V20x,CH32V203DS0.PDF,3-1-1,LQFP48,39,PB3,gpio,#,confirmed,pin-table:zh+pin-table:en
CH32V20x,CH32V203DS0.PDF,3-1-1,LQFP48,40,PB4,gpio,#,confirmed,pin-table:zh+pin-table:en
CH32V20x,CH32V203DS0.PDF,3-1-1,LQFP48,41,PB5,gpio,#,confirmed,pin-table:zh+pin-table:en
CH32V20x,CH32V203DS0.PDF,3-1-1,LQFP48,42,PB6,gpio,#,confirmed,pin-table:zh+pin-table:en
CH32V20x,CH32V203DS0.PDF,3-1-1,LQFP48,43,PB7,gpio,#,confirmed,pin-table:zh+pin-table:en
CH32V20x,CH32V203DS0.PDF,3-1-1,LQFP48,44,BOOT0,other,#,confirmed,pin-table:zh+pin-table:en
CH32V20x,CH32V203DS0.PDF,3-1-1,LQFP48,45,PB8,gpio,#,confirmed,pin-table:zh+pin-table:en
CH32V20x,CH32V203DS0.PDF,3-1-1,LQFP48,46,PB9,gpio,#,confirmed,pin-table:zh+pin-table:en
CH32V20x,CH32V203DS0.PDF,3-1-1,LQFP48,47,VSS_3,power,#,confirmed,pin-table:zh+pin-table:en
CH32V20x,CH32V203DS0.PDF,3-1-1,LQFP48,48,VDD_IO_3,power,#,confirmed,pin-table:zh+pin-table:en
CH32V20x,CH32V203DS0.PDF,3-1-1,LQFP48,EP,VSS,power,#,confirmed,pin-table:zh+pin-table:en
CH32V20x,CH32V203DS0.PDF,3-1-1,QFN20,1,PA0-WKUP,gpio,#,confirmed,pin-table:zh+pin-table:en
CH32V20x,CH32V203DS0.PDF,3-1-1,QFN20,2,PA1,gpio,#,confirmed,pin-table:zh+pin-table:en
CH32V20x,CH32V203DS0.PDF,3-1-1,QFN20,3,PA2,gpio,#,confirmed,pin-table:zh+pin-table:en
CH32V20x,CH32V203DS0.PDF,3-1-1,QFN20,4,PA3,gpio,#,confirmed,pin-table:zh+pin-table:en
CH32V20x,CH32V203DS0.PDF,3-1-1,QFN20,5,PA4,gpio,#,confirmed,pin-table:zh+pin-table:en
CH32V20x,CH32V203DS0.PDF,3-1-1,QFN20,6,PA5,gpio,#,confirmed,pin-table:zh+pin-table:en
CH32V20x,CH32V203DS0.PDF,3-1-1,QFN20,7,PA7,gpio,#,confirmed,pin-table:zh+pin-table:en
CH32V20x,CH32V203DS0.PDF,3-1-1,QFN20,8,PB0,gpio,#,confirmed,pin-table:zh+pin-table:en
CH32V20x,CH32V203DS0.PDF,3-1-1,QFN20,9,PB1,gpio,#,confirmed,pin-table:zh+pin-table:en
CH32V20x,CH32V203DS0.PDF,3-1-1,QFN20,10,PB10,gpio,#,confirmed,pin-table:zh+pin-table:en
CH32V20x,CH32V203DS0.PDF,3-1-1,QFN20,11,PB11,gpio,#,confirmed,pin-table:zh+pin-table:en
CH32V20x,CH32V203DS0.PDF,3-1-1,QFN20,12,PB14,gpio,#,confirmed,pin-table:zh+pin-table:en
CH32V20x,CH32V203DS0.PDF,3-1-1,QFN20,13,PB15,gpio,#,confirmed,pin-table:zh+pin-table:en
CH32V20x,CH32V203DS0.PDF,3-1-1,QFN20,14,PA8,gpio,#,confirmed,pin-table:zh+pin-table:en
CH32V20x,CH32V203DS0.PDF,3-1-1,QFN20,15,PA9,gpio,#,confirmed,pin-table:zh+pin-table:en
CH32V20x,CH32V203DS0.PDF,3-1-1,QFN20,16,PA12,gpio,#,confirmed,pin-table:zh+pin-table:en
CH32V20x,CH32V203DS0.PDF,3-1-1,QFN20,17,PA11,gpio,#,confirmed,pin-table:zh+pin-table:en
CH32V20x,CH32V203DS0.PDF,3-1-1,QFN20,17,PA14,gpio,#,confirmed,pin-table:zh+pin-table:en
CH32V20x,CH32V203DS0.PDF,3-1-1,QFN20,18,PA10,gpio,#,confirmed,pin-table:zh+pin-table:en
CH32V20x,CH32V203DS0.PDF,3-1-1,QFN20,19,VDD,power,#,confirmed,pin-table:zh+pin-table:en
CH32V20x,CH32V203DS0.PDF,3-1-1,QFN20,20,PA6,gpio,#,confirmed,pin-table:zh+pin-table:en
CH32V20x,CH32V203DS0.PDF,3-1-1,QFN32,1,VDD,power,#,confirmed,pin-table:zh+pin-table:en
CH32V20x,CH32V203DS0.PDF,3-1-1,QFN32,4,OSC_IN,other,#,confirmed,pin-table:zh+pin-table:en
CH32V20x,CH32V203DS0.PDF,3-1-1,QFN32,5,OSC_OUT,other,#,confirmed,pin-table:zh+pin-table:en
CH32V20x,CH32V203DS0.PDF,3-1-1,QFN32,6,PA0-WKUP,gpio,#,confirmed,pin-table:zh+pin-table:en
CH32V20x,CH32V203DS0.PDF,3-1-1,QFN32,7,PA1,gpio,#,confirmed,pin-table:zh+pin-table:en
CH32V20x,CH32V203DS0.PDF,3-1-1,QFN32,8,PA2,gpio,#,confirmed,pin-table:zh+pin-table:en
CH32V20x,CH32V203DS0.PDF,3-1-1,QFN32,9,PA3,gpio,#,confirmed,pin-table:zh+pin-table:en
CH32V20x,CH32V203DS0.PDF,3-1-1,QFN32,10,PA4,gpio,#,confirmed,pin-table:zh+pin-table:en
CH32V20x,CH32V203DS0.PDF,3-1-1,QFN32,11,PA5,gpio,#,confirmed,pin-table:zh+pin-table:en
CH32V20x,CH32V203DS0.PDF,3-1-1,QFN32,12,PA6,gpio,#,confirmed,pin-table:zh+pin-table:en
CH32V20x,CH32V203DS0.PDF,3-1-1,QFN32,13,PA7,gpio,#,confirmed,pin-table:zh+pin-table:en
CH32V20x,CH32V203DS0.PDF,3-1-1,QFN32,14,PB0,gpio,#,confirmed,pin-table:zh+pin-table:en
CH32V20x,CH32V203DS0.PDF,3-1-1,QFN32,15,PB1,gpio,#,confirmed,pin-table:zh+pin-table:en
CH32V20x,CH32V203DS0.PDF,3-1-1,QFN32,16,PB2,gpio,#,confirmed,pin-table:zh+pin-table:en
CH32V20x,CH32V203DS0.PDF,3-1-1,QFN32,17,PB15,gpio,#,confirmed,pin-table:zh+pin-table:en
CH32V20x,CH32V203DS0.PDF,3-1-1,QFN32,18,PA8,gpio,#,confirmed,pin-table:zh+pin-table:en
CH32V20x,CH32V203DS0.PDF,3-1-1,QFN32,19,PA9,gpio,#,confirmed,pin-table:zh+pin-table:en
CH32V20x,CH32V203DS0.PDF,3-1-1,QFN32,20,PA10,gpio,#,confirmed,pin-table:zh+pin-table:en
CH32V20x,CH32V203DS0.PDF,3-1-1,QFN32,21,PA11,gpio,#,confirmed,pin-table:zh+pin-table:en
CH32V20x,CH32V203DS0.PDF,3-1-1,QFN32,22,PA12,gpio,#,confirmed,pin-table:zh+pin-table:en
CH32V20x,CH32V203DS0.PDF,3-1-1,QFN32,23,PA13,gpio,#,confirmed,pin-table:zh+pin-table:en
CH32V20x,CH32V203DS0.PDF,3-1-1,QFN32,24,PA14,gpio,#,confirmed,pin-table:zh+pin-table:en
CH32V20x,CH32V203DS0.PDF,3-1-1,QFN32,25,PA15,gpio,#,confirmed,pin-table:zh+pin-table:en
CH32V20x,CH32V203DS0.PDF,3-1-1,QFN32,26,PB3,gpio,#,confirmed,pin-table:zh+pin-table:en
CH32V20x,CH32V203DS0.PDF,3-1-1,QFN32,27,PB4,gpio,#,confirmed,pin-table:zh+pin-table:en
CH32V20x,CH32V203DS0.PDF,3-1-1,QFN32,28,PB5,gpio,#,confirmed,pin-table:zh+pin-table:en
CH32V20x,CH32V203DS0.PDF,3-1-1,QFN32,29,PB6,gpio,#,confirmed,pin-table:zh+pin-table:en
CH32V20x,CH32V203DS0.PDF,3-1-1,QFN32,30,PB7,gpio,#,confirmed,pin-table:zh+pin-table:en
CH32V20x,CH32V203DS0.PDF,3-1-1,QFN32,32,PB8,gpio,#,confirmed,pin-table:zh+pin-table:en
CH32V20x,CH32V203DS0.PDF,3-1-1,QFN32,31(6),BOOT0,other,#,confirmed,pin-table:zh+pin-table:en
CH32V20x,CH32V203DS0.PDF,3-1-1,QFN32,31(6),PB9,gpio,#,confirmed,pin-table:zh+pin-table:en
CH32V20x,CH32V203DS0.PDF,3-1-1,QFN32,EP,VSS,power,#,confirmed,pin-table:zh+pin-table:en
CH32V20x,CH32V203DS0.PDF,3-1-1,QFN48X7,1,VBAT,power,#,reference,pin-table:en
CH32V20x,CH32V203DS0.PDF,3-1-1,QFN48X7,5,OSC_IN,other,#,reference,pin-table:en
CH32V20x,CH32V203DS0.PDF,3-1-1,QFN48X7,6,OSC_OUT,other,#,reference,pin-table:en
CH32V20x,CH32V203DS0.PDF,3-1-1,QFN48X7,7,NRST,other,#,reference,pin-table:en
CH32V20x,CH32V203DS0.PDF,3-1-1,QFN48X7,8,VSSA,power,#,reference,pin-table:en
CH32V20x,CH32V203DS0.PDF,3-1-1,QFN48X7,9,VDDA,power,#,reference,pin-table:en
CH32V20x,CH32V203DS0.PDF,3-1-1,QFN48X7,10,PA0-WKUP,gpio,#,reference,pin-table:en
CH32V20x,CH32V203DS0.PDF,3-1-1,QFN48X7,11,PA1,gpio,#,reference,pin-table:en
CH32V20x,CH32V203DS0.PDF,3-1-1,QFN48X7,12,PA2,gpio,#,reference,pin-table:en
CH32V20x,CH32V203DS0.PDF,3-1-1,QFN48X7,13,PA3,gpio,#,reference,pin-table:en
CH32V20x,CH32V203DS0.PDF,3-1-1,QFN48X7,14,PA4,gpio,#,reference,pin-table:en
CH32V20x,CH32V203DS0.PDF,3-1-1,QFN48X7,15,PA5,gpio,#,reference,pin-table:en
CH32V20x,CH32V203DS0.PDF,3-1-1,QFN48X7,16,PA6,gpio,#,reference,pin-table:en
CH32V20x,CH32V203DS0.PDF,3-1-1,QFN48X7,17,PA7,gpio,#,reference,pin-table:en
CH32V20x,CH32V203DS0.PDF,3-1-1,QFN48X7,18,PB0,gpio,#,reference,pin-table:en
CH32V20x,CH32V203DS0.PDF,3-1-1,QFN48X7,19,PB1,gpio,#,reference,pin-table:en
CH32V20x,CH32V203DS0.PDF,3-1-1,QFN48X7,20,PB2,gpio,#,reference,pin-table:en
CH32V20x,CH32V203DS0.PDF,3-1-1,QFN48X7,21,PB10,gpio,#,reference,pin-table:en
CH32V20x,CH32V203DS0.PDF,3-1-1,QFN48X7,22,PB11,gpio,#,reference,pin-table:en
CH32V20x,CH32V203DS0.PDF,3-1-1,QFN48X7,23,VSS_1,power,#,reference,pin-table:en
CH32V20x,CH32V203DS0.PDF,3-1-1,QFN48X7,24,VDD_IO_1,power,#,reference,pin-table:en
CH32V20x,CH32V203DS0.PDF,3-1-1,QFN48X7,25,PB12,gpio,#,reference,pin-table:en
CH32V20x,CH32V203DS0.PDF,3-1-1,QFN48X7,26,PB13,gpio,#,reference,pin-table:en
CH32V20x,CH32V203DS0.PDF,3-1-1,QFN48X7,27,PB14,gpio,#,reference,pin-table:en
CH32V20x,CH32V203DS0.PDF,3-1-1,QFN48X7,28,PB15,gpio,#,reference,pin-table:en
CH32V20x,CH32V203DS0.PDF,3-1-1,QFN48X7,29,PA8,gpio,#,reference,pin-table:en
CH32V20x,CH32V203DS0.PDF,3-1-1,QFN48X7,30,PA9,gpio,#,reference,pin-table:en
CH32V20x,CH32V203DS0.PDF,3-1-1,QFN48X7,31,PA10,gpio,#,reference,pin-table:en
CH32V20x,CH32V203DS0.PDF,3-1-1,QFN48X7,32,PA11,gpio,#,reference,pin-table:en
CH32V20x,CH32V203DS0.PDF,3-1-1,QFN48X7,33,PA12,gpio,#,reference,pin-table:en
CH32V20x,CH32V203DS0.PDF,3-1-1,QFN48X7,34,PA13,gpio,#,reference,pin-table:en
CH32V20x,CH32V203DS0.PDF,3-1-1,QFN48X7,35,VSS_2,power,#,reference,pin-table:en
CH32V20x,CH32V203DS0.PDF,3-1-1,QFN48X7,36,VDD_2,power,#,reference,pin-table:en
CH32V20x,CH32V203DS0.PDF,3-1-1,QFN48X7,37,PA14,gpio,#,reference,pin-table:en
CH32V20x,CH32V203DS0.PDF,3-1-1,QFN48X7,38,PA15,gpio,#,reference,pin-table:en
CH32V20x,CH32V203DS0.PDF,3-1-1,QFN48X7,39,PB3,gpio,#,reference,pin-table:en
CH32V20x,CH32V203DS0.PDF,3-1-1,QFN48X7,40,PB4,gpio,#,reference,pin-table:en
CH32V20x,CH32V203DS0.PDF,3-1-1,QFN48X7,41,PB5,gpio,#,reference,pin-table:en
CH32V20x,CH32V203DS0.PDF,3-1-1,QFN48X7,42,PB6,gpio,#,reference,pin-table:en
CH32V20x,CH32V203DS0.PDF,3-1-1,QFN48X7,43,PB7,gpio,#,reference,pin-table:en
CH32V20x,CH32V203DS0.PDF,3-1-1,QFN48X7,44,BOOT0,other,#,reference,pin-table:en
CH32V20x,CH32V203DS0.PDF,3-1-1,QFN48X7,45,PB8,gpio,#,reference,pin-table:en
CH32V20x,CH32V203DS0.PDF,3-1-1,QFN48X7,46,PB9,gpio,#,reference,pin-table:en
CH32V20x,CH32V203DS0.PDF,3-1-1,QFN48X7,47,VSS_3,power,#,reference,pin-table:en
CH32V20x,CH32V203DS0.PDF,3-1-1,QFN48X7,48,VDD_IO_3,power,#,reference,pin-table:en
CH32V20x,CH32V203DS0.PDF,3-1-1,QFN48X7,EP,VSS,power,#,reference,pin-table:en
CH32V20x,CH32V203DS0.PDF,3-1-2,QSOP28,1,PA14,gpio,#,confirmed,pin-table:zh+pin-table:en
CH32V20x,CH32V203DS0.PDF,3-1-2,QSOP28,1,PB5,gpio,#,confirmed,pin-table:zh+pin-table:en
CH32V20x,CH32V203DS0.PDF,3-1-2,QSOP28,2,PB6,gpio,#,confirmed,pin-table:zh+pin-table:en
CH32V20x,CH32V203DS0.PDF,3-1-2,QSOP28,3,PB7,gpio,#,confirmed,pin-table:zh+pin-table:en
CH32V20x,CH32V203DS0.PDF,3-1-2,QSOP28,4,BOOT0,other,#,confirmed,pin-table:zh+pin-table:en
CH32V20x,CH32V203DS0.PDF,3-1-2,QSOP28,5,PB8,gpio,#,confirmed,pin-table:zh+pin-table:en
CH32V20x,CH32V203DS0.PDF,3-1-2,QSOP28,6,VDD,power,#,confirmed,pin-table:zh+pin-table:en
CH32V20x,CH32V203DS0.PDF,3-1-2,QSOP28,7,VSS,power,#,confirmed,pin-table:zh+pin-table:en
CH32V20x,CH32V203DS0.PDF,3-1-2,QSOP28,8,NRST,other,#,confirmed,pin-table:zh+pin-table:en
CH32V20x,CH32V203DS0.PDF,3-1-2,QSOP28,9,PA0-WKUP,gpio,#,confirmed,pin-table:zh+pin-table:en
CH32V20x,CH32V203DS0.PDF,3-1-2,QSOP28,10,PA1,gpio,#,confirmed,pin-table:zh+pin-table:en
CH32V20x,CH32V203DS0.PDF,3-1-2,QSOP28,11,PA2,gpio,#,confirmed,pin-table:zh+pin-table:en
CH32V20x,CH32V203DS0.PDF,3-1-2,QSOP28,12,PA3,gpio,#,confirmed,pin-table:zh+pin-table:en
CH32V20x,CH32V203DS0.PDF,3-1-2,QSOP28,13,PA6,gpio,#,confirmed,pin-table:zh+pin-table:en
CH32V20x,CH32V203DS0.PDF,3-1-2,QSOP28,14,PB0,gpio,#,confirmed,pin-table:zh+pin-table:en
CH32V20x,CH32V203DS0.PDF,3-1-2,QSOP28,15,PA4,gpio,#,confirmed,pin-table:zh+pin-table:en
CH32V20x,CH32V203DS0.PDF,3-1-2,QSOP28,16,PA5,gpio,#,confirmed,pin-table:zh+pin-table:en
CH32V20x,CH32V203DS0.PDF,3-1-2,QSOP28,17,PA7,gpio,#,confirmed,pin-table:zh+pin-table:en
CH32V20x,CH32V203DS0.PDF,3-1-2,QSOP28,18,PB10,gpio,#,confirmed,pin-table:zh+pin-table:en
CH32V20x,CH32V203DS0.PDF,3-1-2,QSOP28,19,PB11,gpio,#,confirmed,pin-table:zh+pin-table:en
CH32V20x,CH32V203DS0.PDF,3-1-2,QSOP28,20,PB1,gpio,#,confirmed,pin-table:zh+pin-table:en
CH32V20x,CH32V203DS0.PDF,3-1-2,QSOP28,20,PB12,gpio,#,confirmed,pin-table:zh+pin-table:en
CH32V20x,CH32V203DS0.PDF,3-1-2,QSOP28,21,PB13,gpio,#,confirmed,pin-table:zh+pin-table:en
CH32V20x,CH32V203DS0.PDF,3-1-2,QSOP28,22,PB14,gpio,#,confirmed,pin-table:zh+pin-table:en
CH32V20x,CH32V203DS0.PDF,3-1-2,QSOP28,23,PB15,gpio,#,confirmed,pin-table:zh+pin-table:en
CH32V20x,CH32V203DS0.PDF,3-1-2,QSOP28,24,PA8,gpio,#,confirmed,pin-table:zh+pin-table:en
CH32V20x,CH32V203DS0.PDF,3-1-2,QSOP28,25,PA9,gpio,#,confirmed,pin-table:zh+pin-table:en
CH32V20x,CH32V203DS0.PDF,3-1-2,QSOP28,26,PA10,gpio,#,confirmed,pin-table:zh+pin-table:en
CH32V20x,CH32V203DS0.PDF,3-1-2,QSOP28,27,PA11,gpio,#,confirmed,pin-table:zh+pin-table:en
CH32V20x,CH32V203DS0.PDF,3-1-2,QSOP28,28,PA12,gpio,#,confirmed,pin-table:zh+pin-table:en
CH32V20x,CH32V203DS0.PDF,3-1-2,QSOP28,28,PA13,gpio,#,confirmed,pin-table:zh+pin-table:en
CH32V20x,CH32V203DS0.PDF,3-1-2,TSSOP20,1,PA13,gpio,#,confirmed,pin-table:zh+pin-table:en
CH32V20x,CH32V203DS0.PDF,3-1-2,TSSOP20,1,PB6,gpio,#,confirmed,pin-table:zh+pin-table:en
CH32V20x,CH32V203DS0.PDF,3-1-2,TSSOP20,2,PA14,gpio,#,confirmed,pin-table:zh+pin-table:en
CH32V20x,CH32V203DS0.PDF,3-1-2,TSSOP20,2,PB7,gpio,#,confirmed,pin-table:zh+pin-table:en
CH32V20x,CH32V203DS0.PDF,3-1-2,TSSOP20,3,VSS,power,#,confirmed,pin-table:zh+pin-table:en
CH32V20x,CH32V203DS0.PDF,3-1-2,TSSOP20,4,VDD,power,#,confirmed,pin-table:zh+pin-table:en
CH32V20x,CH32V203DS0.PDF,3-1-2,TSSOP20,5,NRST,other,#,confirmed,pin-table:zh+pin-table:en
CH32V20x,CH32V203DS0.PDF,3-1-2,TSSOP20,6,PA0-WKUP,gpio,#,confirmed,pin-table:zh+pin-table:en
CH32V20x,CH32V203DS0.PDF,3-1-2,TSSOP20,7,PA1,gpio,#,confirmed,pin-table:zh+pin-table:en
CH32V20x,CH32V203DS0.PDF,3-1-2,TSSOP20,8,PA2,gpio,#,confirmed,pin-table:zh+pin-table:en
CH32V20x,CH32V203DS0.PDF,3-1-2,TSSOP20,9,PA3,gpio,#,confirmed,pin-table:zh+pin-table:en
CH32V20x,CH32V203DS0.PDF,3-1-2,TSSOP20,10,PA6,gpio,#,confirmed,pin-table:zh+pin-table:en
CH32V20x,CH32V203DS0.PDF,3-1-2,TSSOP20,11,PA4,gpio,#,confirmed,pin-table:zh+pin-table:en
CH32V20x,CH32V203DS0.PDF,3-1-2,TSSOP20,12,PA5,gpio,#,confirmed,pin-table:zh+pin-table:en
CH32V20x,CH32V203DS0.PDF,3-1-2,TSSOP20,13,PA7,gpio,#,confirmed,pin-table:zh+pin-table:en
CH32V20x,CH32V203DS0.PDF,3-1-2,TSSOP20,14,PB0,gpio,#,confirmed,pin-table:zh+pin-table:en
CH32V20x,CH32V203DS0.PDF,3-1-2,TSSOP20,15,PB13,gpio,#,confirmed,pin-table:zh+pin-table:en
CH32V20x,CH32V203DS0.PDF,3-1-2,TSSOP20,16,PB14,gpio,#,confirmed,pin-table:zh+pin-table:en
CH32V20x,CH32V203DS0.PDF,3-1-2,TSSOP20,17,PB15,gpio,#,confirmed,pin-table:zh+pin-table:en
CH32V20x,CH32V203DS0.PDF,3-1-2,TSSOP20,18,PA8,gpio,#,confirmed,pin-table:zh+pin-table:en
CH32V20x,CH32V203DS0.PDF,3-1-2,TSSOP20,19,PA9,gpio,#,confirmed,pin-table:zh+pin-table:en
CH32V20x,CH32V203DS0.PDF,3-1-2,TSSOP20,20,PA10,gpio,#,confirmed,pin-table:zh+pin-table:en
CH32V20x,CH32V203DS0.PDF,3-1-3,QFN28,2,OSC_IN,other,#,confirmed,pin-table:zh+pin-table:en
CH32V20x,CH32V203DS0.PDF,3-1-3,QFN28,3,OSC_OUT,other,#,confirmed,pin-table:zh+pin-table:en
CH32V20x,CH32V203DS0.PDF,3-1-3,QFN28,4,NRST,other,#,confirmed,pin-table:zh+pin-table:en
CH32V20x,CH32V203DS0.PDF,3-1-3,QFN28,5,VDDA,power,#,confirmed,pin-table:zh+pin-table:en
CH32V20x,CH32V203DS0.PDF,3-1-3,QFN28,6,PA0-WKUP,gpio,#,confirmed,pin-table:zh+pin-table:en
CH32V20x,CH32V203DS0.PDF,3-1-3,QFN28,7,PA1,gpio,#,confirmed,pin-table:zh+pin-table:en
CH32V20x,CH32V203DS0.PDF,3-1-3,QFN28,8,PA2,gpio,#,confirmed,pin-table:zh+pin-table:en
CH32V20x,CH32V203DS0.PDF,3-1-3,QFN28,9,PA3,gpio,#,confirmed,pin-table:zh+pin-table:en
CH32V20x,CH32V203DS0.PDF,3-1-3,QFN28,10,PA4,gpio,#,confirmed,pin-table:zh+pin-table:en
CH32V20x,CH32V203DS0.PDF,3-1-3,QFN28,11,PA5,gpio,#,confirmed,pin-table:zh+pin-table:en
CH32V20x,CH32V203DS0.PDF,3-1-3,QFN28,12,PA6,gpio,#,confirmed,pin-table:zh+pin-table:en
CH32V20x,CH32V203DS0.PDF,3-1-3,QFN28,13,PA7,gpio,#,confirmed,pin-table:zh+pin-table:en
CH32V20x,CH32V203DS0.PDF,3-1-3,QFN28,14,PB0,gpio,#,confirmed,pin-table:zh+pin-table:en
CH32V20x,CH32V203DS0.PDF,3-1-3,QFN28,15,PB1,gpio,#,confirmed,pin-table:zh+pin-table:en
CH32V20x,CH32V203DS0.PDF,3-1-3,QFN28,16,VSS,power,#,confirmed,pin-table:zh+pin-table:en
CH32V20x,CH32V203DS0.PDF,3-1-3,QFN28,17,VDD,power,#,confirmed,pin-table:zh+pin-table:en
CH32V20x,CH32V203DS0.PDF,3-1-3,QFN28,18,PA9,gpio,#,confirmed,pin-table:zh+pin-table:en
CH32V20x,CH32V203DS0.PDF,3-1-3,QFN28,19,PA10,gpio,#,confirmed,pin-table:zh+pin-table:en
CH32V20x,CH32V203DS0.PDF,3-1-3,QFN28,19,PA11,gpio,#,confirmed,pin-table:zh+pin-table:en
CH32V20x,CH32V203DS0.PDF,3-1-3,QFN28,20,PA12,gpio,#,confirmed,pin-table:zh+pin-table:en
CH32V20x,CH32V203DS0.PDF,3-1-3,QFN28,21,PA13,gpio,#,confirmed,pin-table:zh+pin-table:en
CH32V20x,CH32V203DS0.PDF,3-1-3,QFN28,22,PA14,gpio,#,confirmed,pin-table:zh+pin-table:en
CH32V20x,CH32V203DS0.PDF,3-1-3,QFN28,23,PA15,gpio,#,confirmed,pin-table:zh+pin-table:en
CH32V20x,CH32V203DS0.PDF,3-1-3,QFN28,24,PB3,gpio,#,confirmed,pin-table:zh+pin-table:en
CH32V20x,CH32V203DS0.PDF,3-1-3,QFN28,25,PB4,gpio,#,confirmed,pin-table:zh+pin-table:en
CH32V20x,CH32V203DS0.PDF,3-1-3,QFN28,26,PB5,gpio,#,confirmed,pin-table:zh+pin-table:en
CH32V20x,CH32V203DS0.PDF,3-1-3,QFN28,27,PB6,gpio,#,confirmed,pin-table:zh+pin-table:en
CH32V20x,CH32V203DS0.PDF,3-1-3,QFN28,28,PB7,gpio,#,confirmed,pin-table:zh+pin-table:en
CH32V20x,CH32V203DS0.PDF,3-1-3,QFN28,1(6),BOOT0,other,#,confirmed,pin-table:zh+pin-table:en
CH32V20x,CH32V203DS0.PDF,3-1-3,QFN28,EP,VSS,power,#,confirmed,pin-table:zh+pin-table:en
CH32V20x,CH32V203DS0.PDF,3-1-3,TSSOP20,2,OSC_IN,other,#,confirmed,pin-table:zh+pin-table:en
CH32V20x,CH32V203DS0.PDF,3-1-3,TSSOP20,3,OSC_OUT,other,#,confirmed,pin-table:zh+pin-table:en
CH32V20x,CH32V203DS0.PDF,3-1-3,TSSOP20,4,NRST,other,#,confirmed,pin-table:zh+pin-table:en
CH32V20x,CH32V203DS0.PDF,3-1-3,TSSOP20,5,VDDA,power,#,confirmed,pin-table:zh+pin-table:en
CH32V20x,CH32V203DS0.PDF,3-1-3,TSSOP20,6,PA0-WKUP,gpio,#,confirmed,pin-table:zh+pin-table:en
CH32V20x,CH32V203DS0.PDF,3-1-3,TSSOP20,7,PA1,gpio,#,confirmed,pin-table:zh+pin-table:en
CH32V20x,CH32V203DS0.PDF,3-1-3,TSSOP20,8,PA2,gpio,#,confirmed,pin-table:zh+pin-table:en
CH32V20x,CH32V203DS0.PDF,3-1-3,TSSOP20,9,PA3,gpio,#,confirmed,pin-table:zh+pin-table:en
CH32V20x,CH32V203DS0.PDF,3-1-3,TSSOP20,10,PA4,gpio,#,confirmed,pin-table:zh+pin-table:en
CH32V20x,CH32V203DS0.PDF,3-1-3,TSSOP20,11,PA5,gpio,#,confirmed,pin-table:zh+pin-table:en
CH32V20x,CH32V203DS0.PDF,3-1-3,TSSOP20,12,PA6,gpio,#,confirmed,pin-table:zh+pin-table:en
CH32V20x,CH32V203DS0.PDF,3-1-3,TSSOP20,13,PA7,gpio,#,confirmed,pin-table:zh+pin-table:en
CH32V20x,CH32V203DS0.PDF,3-1-3,TSSOP20,14,PB1,gpio,#,confirmed,pin-table:zh+pin-table:en
CH32V20x,CH32V203DS0.PDF,3-1-3,TSSOP20,15,VSS,power,#,confirmed,pin-table:zh+pin-table:en
CH32V20x,CH32V203DS0.PDF,3-1-3,TSSOP20,16,VDD,power,#,confirmed,pin-table:zh+pin-table:en
CH32V20x,CH32V203DS0.PDF,3-1-3,TSSOP20,17,PA11,gpio,#,confirmed,pin-table:zh+pin-table:en
CH32V20x,CH32V203DS0.PDF,3-1-3,TSSOP20,18,PA12,gpio,#,confirmed,pin-table:zh+pin-table:en
CH32V20x,CH32V203DS0.PDF,3-1-3,TSSOP20,19,PA13,gpio,#,confirmed,pin-table:zh+pin-table:en
CH32V20x,CH32V203DS0.PDF,3-1-3,TSSOP20,20,PA14,gpio,#,confirmed,pin-table:zh+pin-table:en
CH32V20x,CH32V203DS0.PDF,3-1-3,TSSOP20,1(6),BOOT0,other,#,confirmed,pin-table:zh+pin-table:en
CH32V20x,CH32V203DS0.PDF,3-1-4,LQFP64M,1,VBAT,power,#,confirmed,pin-table:zh+pin-table:en
CH32V20x,CH32V203DS0.PDF,3-1-4,LQFP64M,3,PC14-,gpio,#,reference,pin-table:zh
CH32V20x,CH32V203DS0.PDF,3-1-4,LQFP64M,5,OSC_IN,other,#,confirmed,pin-table:zh+pin-table:en
CH32V20x,CH32V203DS0.PDF,3-1-4,LQFP64M,6,OSC_OUT,other,#,confirmed,pin-table:zh+pin-table:en
CH32V20x,CH32V203DS0.PDF,3-1-4,LQFP64M,7,NRST,other,#,confirmed,pin-table:zh+pin-table:en
CH32V20x,CH32V203DS0.PDF,3-1-4,LQFP64M,8,PC0,gpio,#,confirmed,pin-table:zh+pin-table:en
CH32V20x,CH32V203DS0.PDF,3-1-4,LQFP64M,9,PC1,gpio,#,confirmed,pin-table:zh+pin-table:en
CH32V20x,CH32V203DS0.PDF,3-1-4,LQFP64M,10,PC2,gpio,#,confirmed,pin-table:zh+pin-table:en
CH32V20x,CH32V203DS0.PDF,3-1-4,LQFP64M,11,PC3,gpio,#,confirmed,pin-table:zh+pin-table:en
CH32V20x,CH32V203DS0.PDF,3-1-4,LQFP64M,12,VSSA,power,#,confirmed,pin-table:zh+pin-table:en
CH32V20x,CH32V203DS0.PDF,3-1-4,LQFP64M,13,VDDA,power,#,confirmed,pin-table:zh+pin-table:en
CH32V20x,CH32V203DS0.PDF,3-1-4,LQFP64M,14,PA0-WKUP,gpio,#,confirmed,pin-table:zh+pin-table:en
CH32V20x,CH32V203DS0.PDF,3-1-4,LQFP64M,15,PA1,gpio,#,confirmed,pin-table:zh+pin-table:en
CH32V20x,CH32V203DS0.PDF,3-1-4,LQFP64M,16,PA2,gpio,#,confirmed,pin-table:zh+pin-table:en
CH32V20x,CH32V203DS0.PDF,3-1-4,LQFP64M,17,PA3,gpio,#,confirmed,pin-table:zh+pin-table:en
CH32V20x,CH32V203DS0.PDF,3-1-4,LQFP64M,18,VSS_4,power,#,confirmed,pin-table:zh+pin-table:en
CH32V20x,CH32V203DS0.PDF,3-1-4,LQFP64M,19,VDD_IO_4,power,#,confirmed,pin-table:zh+pin-table:en
CH32V20x,CH32V203DS0.PDF,3-1-4,LQFP64M,20,PA4,gpio,#,confirmed,pin-table:zh+pin-table:en
CH32V20x,CH32V203DS0.PDF,3-1-4,LQFP64M,21,PA5,gpio,#,confirmed,pin-table:zh+pin-table:en
CH32V20x,CH32V203DS0.PDF,3-1-4,LQFP64M,22,PA6,gpio,#,confirmed,pin-table:zh+pin-table:en
CH32V20x,CH32V203DS0.PDF,3-1-4,LQFP64M,23,PA7,gpio,#,confirmed,pin-table:zh+pin-table:en
CH32V20x,CH32V203DS0.PDF,3-1-4,LQFP64M,24,PC4,gpio,#,confirmed,pin-table:zh+pin-table:en
CH32V20x,CH32V203DS0.PDF,3-1-4,LQFP64M,25,PC5,gpio,#,confirmed,pin-table:zh+pin-table:en
CH32V20x,CH32V203DS0.PDF,3-1-4,LQFP64M,26,PB0,gpio,#,confirmed,pin-table:zh+pin-table:en
CH32V20x,CH32V203DS0.PDF,3-1-4,LQFP64M,27,PB1,gpio,#,confirmed,pin-table:zh+pin-table:en
CH32V20x,CH32V203DS0.PDF,3-1-4,LQFP64M,28,PB2,gpio,#,confirmed,pin-table:zh+pin-table:en
CH32V20x,CH32V203DS0.PDF,3-1-4,LQFP64M,29,PB10,gpio,#,confirmed,pin-table:zh+pin-table:en
CH32V20x,CH32V203DS0.PDF,3-1-4,LQFP64M,30,PB11,gpio,#,confirmed,pin-table:zh+pin-table:en
CH32V20x,CH32V203DS0.PDF,3-1-4,LQFP64M,31,VSS_1,power,#,confirmed,pin-table:zh+pin-table:en
CH32V20x,CH32V203DS0.PDF,3-1-4,LQFP64M,32,VDD_IO_1,power,#,confirmed,pin-table:zh+pin-table:en
CH32V20x,CH32V203DS0.PDF,3-1-4,LQFP64M,33,PB12,gpio,#,confirmed,pin-table:zh+pin-table:en
CH32V20x,CH32V203DS0.PDF,3-1-4,LQFP64M,34,PB13,gpio,#,confirmed,pin-table:zh+pin-table:en
CH32V20x,CH32V203DS0.PDF,3-1-4,LQFP64M,35,PB14,gpio,#,confirmed,pin-table:zh+pin-table:en
CH32V20x,CH32V203DS0.PDF,3-1-4,LQFP64M,36,PB15,gpio,#,confirmed,pin-table:zh+pin-table:en
CH32V20x,CH32V203DS0.PDF,3-1-4,LQFP64M,37,PC6,gpio,#,confirmed,pin-table:zh+pin-table:en
CH32V20x,CH32V203DS0.PDF,3-1-4,LQFP64M,38,PC7,gpio,#,confirmed,pin-table:zh+pin-table:en
CH32V20x,CH32V203DS0.PDF,3-1-4,LQFP64M,39,PC8,gpio,#,confirmed,pin-table:zh+pin-table:en
CH32V20x,CH32V203DS0.PDF,3-1-4,LQFP64M,40,PC9,gpio,#,confirmed,pin-table:zh+pin-table:en
CH32V20x,CH32V203DS0.PDF,3-1-4,LQFP64M,41,PA8,gpio,#,confirmed,pin-table:zh+pin-table:en
CH32V20x,CH32V203DS0.PDF,3-1-4,LQFP64M,42,PA9,gpio,#,confirmed,pin-table:zh+pin-table:en
CH32V20x,CH32V203DS0.PDF,3-1-4,LQFP64M,43,PA10,gpio,#,confirmed,pin-table:zh+pin-table:en
CH32V20x,CH32V203DS0.PDF,3-1-4,LQFP64M,44,PA11,gpio,#,confirmed,pin-table:zh+pin-table:en
CH32V20x,CH32V203DS0.PDF,3-1-4,LQFP64M,45,PA12,gpio,#,confirmed,pin-table:zh+pin-table:en
CH32V20x,CH32V203DS0.PDF,3-1-4,LQFP64M,46,PA13,gpio,#,confirmed,pin-table:zh+pin-table:en
CH32V20x,CH32V203DS0.PDF,3-1-4,LQFP64M,49,PA14,gpio,#,confirmed,pin-table:zh+pin-table:en
CH32V20x,CH32V203DS0.PDF,3-1-4,LQFP64M,50,PA15,gpio,#,confirmed,pin-table:zh+pin-table:en
CH32V20x,CH32V203DS0.PDF,3-1-4,LQFP64M,51,PC10,gpio,#,confirmed,pin-table:zh+pin-table:en
CH32V20x,CH32V203DS0.PDF,3-1-4,LQFP64M,52,PC11,gpio,#,confirmed,pin-table:zh+pin-table:en
CH32V20x,CH32V203DS0.PDF,3-1-4,LQFP64M,53,PC12,gpio,#,confirmed,pin-table:zh+pin-table:en
CH32V20x,CH32V203DS0.PDF,3-1-4,LQFP64M,54,PD2,gpio,#,confirmed,pin-table:zh+pin-table:en
CH32V20x,CH32V203DS0.PDF,3-1-4,LQFP64M,55,PB3,gpio,#,confirmed,pin-table:zh+pin-table:en
CH32V20x,CH32V203DS0.PDF,3-1-4,LQFP64M,56,PB4,gpio,#,confirmed,pin-table:zh+pin-table:en
CH32V20x,CH32V203DS0.PDF,3-1-4,LQFP64M,57,PB5,gpio,#,confirmed,pin-table:zh+pin-table:en
CH32V20x,CH32V203DS0.PDF,3-1-4,LQFP64M,58,PB6,gpio,#,confirmed,pin-table:zh+pin-table:en
CH32V20x,CH32V203DS0.PDF,3-1-4,LQFP64M,59,PB7,gpio,#,confirmed,pin-table:zh+pin-table:en
CH32V20x,CH32V203DS0.PDF,3-1-4,LQFP64M,60,BOOT0,other,#,confirmed,pin-table:zh+pin-table:en
CH32V20x,CH32V203DS0.PDF,3-1-4,LQFP64M,61,PB8,gpio,#,confirmed,pin-table:zh+pin-table:en
CH32V20x,CH32V203DS0.PDF,3-1-4,LQFP64M,62,PB9,gpio,#,confirmed,pin-table:zh+pin-table:en
CH32V20x,CH32V203DS0.PDF,3-1-4,LQFP64M,63,VSS_3,power,#,confirmed,pin-table:zh+pin-table:en
CH32V20x,CH32V203DS0.PDF,3-1-4,LQFP64M,64,VDD_IO_3,power,#,confirmed,pin-table:zh+pin-table:en
CH32V20x,CH32V205DS0.PDF,2-1-1,V205CCT6,1,OSC_IN,other,#,confirmed,pin-table:zh+pin-table:en
CH32V20x,CH32V205DS0.PDF,2-1-1,V205CCT6,2,OSC_OUT,other,#,confirmed,pin-table:zh+pin-table:en
CH32V20x,CH32V205DS0.PDF,2-1-1,V205CCT6,3,NRST,other,#,confirmed,pin-table:zh+pin-table:en
CH32V20x,CH32V205DS0.PDF,2-1-1,V205CCT6,4,PC0,gpio,#,confirmed,pin-table:zh+pin-table:en
CH32V20x,CH32V205DS0.PDF,2-1-1,V205CCT6,5,PC1,gpio,#,confirmed,pin-table:zh+pin-table:en
CH32V20x,CH32V205DS0.PDF,2-1-1,V205CCT6,6,PC2,gpio,#,confirmed,pin-table:zh+pin-table:en
CH32V20x,CH32V205DS0.PDF,2-1-1,V205CCT6,7,PC3,gpio,#,confirmed,pin-table:zh+pin-table:en
CH32V20x,CH32V205DS0.PDF,2-1-1,V205CCT6,8,VSSA,power,#,confirmed,pin-table:zh+pin-table:en
CH32V20x,CH32V205DS0.PDF,2-1-1,V205CCT6,9,VREF+,power,#,confirmed,pin-table:zh+pin-table:en
CH32V20x,CH32V205DS0.PDF,2-1-1,V205CCT6,10,PA0-WKUP,gpio,#,confirmed,pin-table:zh+pin-table:en
CH32V20x,CH32V205DS0.PDF,2-1-1,V205CCT6,11,PA1,gpio,#,confirmed,pin-table:zh+pin-table:en
CH32V20x,CH32V205DS0.PDF,2-1-1,V205CCT6,12,PA2,gpio,#,confirmed,pin-table:zh+pin-table:en
CH32V20x,CH32V205DS0.PDF,2-1-1,V205CCT6,13,PA3,gpio,#,confirmed,pin-table:zh+pin-table:en
CH32V20x,CH32V205DS0.PDF,2-1-1,V205CCT6,14,PA4,gpio,#,confirmed,pin-table:zh+pin-table:en
CH32V20x,CH32V205DS0.PDF,2-1-1,V205CCT6,15,PA5,gpio,#,confirmed,pin-table:zh+pin-table:en
CH32V20x,CH32V205DS0.PDF,2-1-1,V205CCT6,16,PA6,gpio,#,confirmed,pin-table:zh+pin-table:en
CH32V20x,CH32V205DS0.PDF,2-1-1,V205CCT6,17,PA7,gpio,#,confirmed,pin-table:zh+pin-table:en
CH32V20x,CH32V205DS0.PDF,2-1-1,V205CCT6,18,PC4,gpio,#,confirmed,pin-table:zh+pin-table:en
CH32V20x,CH32V205DS0.PDF,2-1-1,V205CCT6,19,PC5,gpio,#,confirmed,pin-table:zh+pin-table:en
CH32V20x,CH32V205DS0.PDF,2-1-1,V205CCT6,20,PB0,gpio,#,confirmed,pin-table:zh+pin-table:en
CH32V20x,CH32V205DS0.PDF,2-1-1,V205CCT6,21,PB1,gpio,#,confirmed,pin-table:zh+pin-table:en
CH32V20x,CH32V205DS0.PDF,2-1-1,V205CCT6,22,PB2,gpio,#,confirmed,pin-table:zh+pin-table:en
CH32V20x,CH32V205DS0.PDF,2-1-1,V205CCT6,23,PB10,gpio,#,confirmed,pin-table:zh+pin-table:en
CH32V20x,CH32V205DS0.PDF,2-1-1,V205CCT6,24,PB11,gpio,#,confirmed,pin-table:zh+pin-table:en
CH32V20x,CH32V205DS0.PDF,2-1-1,V205CCT6,26,VSS_1,power,#,confirmed,pin-table:zh+pin-table:en
CH32V20x,CH32V205DS0.PDF,2-1-1,V205CCT6,27,PB12,gpio,#,confirmed,pin-table:zh+pin-table:en
CH32V20x,CH32V205DS0.PDF,2-1-1,V205CCT6,28,PB13,gpio,#,confirmed,pin-table:zh+pin-table:en
CH32V20x,CH32V205DS0.PDF,2-1-1,V205CCT6,29,PB14,gpio,#,confirmed,pin-table:zh+pin-table:en
CH32V20x,CH32V205DS0.PDF,2-1-1,V205CCT6,30,PB15,gpio,#,confirmed,pin-table:zh+pin-table:en
CH32V20x,CH32V205DS0.PDF,2-1-1,V205CCT6,31,PC6,gpio,#,confirmed,pin-table:zh+pin-table:en
CH32V20x,CH32V205DS0.PDF,2-1-1,V205CCT6,32,PA8,gpio,#,confirmed,pin-table:zh+pin-table:en
CH32V20x,CH32V205DS0.PDF,2-1-1,V205CCT6,33,PA9,gpio,#,confirmed,pin-table:zh+pin-table:en
CH32V20x,CH32V205DS0.PDF,2-1-1,V205CCT6,34,PA10,gpio,#,confirmed,pin-table:zh+pin-table:en
CH32V20x,CH32V205DS0.PDF,2-1-1,V205CCT6,35,PA11,gpio,#,confirmed,pin-table:zh+pin-table:en
CH32V20x,CH32V205DS0.PDF,2-1-1,V205CCT6,36,PA12,gpio,#,confirmed,pin-table:zh+pin-table:en
CH32V20x,CH32V205DS0.PDF,2-1-1,V205CCT6,37,PA13,gpio,#,confirmed,pin-table:zh+pin-table:en
CH32V20x,CH32V205DS0.PDF,2-1-1,V205CCT6,38,PA14,gpio,#,confirmed,pin-table:zh+pin-table:en
CH32V20x,CH32V205DS0.PDF,2-1-1,V205CCT6,39,PA15,gpio,#,confirmed,pin-table:zh+pin-table:en
CH32V20x,CH32V205DS0.PDF,2-1-1,V205CCT6,40,PB3,gpio,#,confirmed,pin-table:zh+pin-table:en
CH32V20x,CH32V205DS0.PDF,2-1-1,V205CCT6,41,PB4,gpio,#,confirmed,pin-table:zh+pin-table:en
CH32V20x,CH32V205DS0.PDF,2-1-1,V205CCT6,42,PB5,gpio,#,confirmed,pin-table:zh+pin-table:en
CH32V20x,CH32V205DS0.PDF,2-1-1,V205CCT6,43,PB7,gpio,#,confirmed,pin-table:zh+pin-table:en
CH32V20x,CH32V205DS0.PDF,2-1-1,V205CCT6,44,PB6,gpio,#,confirmed,pin-table:zh+pin-table:en
CH32V20x,CH32V205DS0.PDF,2-1-1,V205CCT6,45,PB8,gpio,#,confirmed,pin-table:zh+pin-table:en
CH32V20x,CH32V205DS0.PDF,2-1-1,V205CCT6,46,PB9,gpio,#,confirmed,pin-table:zh+pin-table:en
CH32V20x,CH32V205DS0.PDF,2-1-1,V205CCT6,47,VSS_3,power,#,confirmed,pin-table:zh+pin-table:en
CH32V20x,CH32V205DS0.PDF,2-1-1,V205RCT6,1,VBAT,power,#,confirmed,pin-table:zh+pin-table:en
CH32V20x,CH32V205DS0.PDF,2-1-1,V205RCT6,5,OSC_IN,other,#,confirmed,pin-table:zh+pin-table:en
CH32V20x,CH32V205DS0.PDF,2-1-1,V205RCT6,6,OSC_OUT,other,#,confirmed,pin-table:zh+pin-table:en
CH32V20x,CH32V205DS0.PDF,2-1-1,V205RCT6,7,NRST,other,#,confirmed,pin-table:zh+pin-table:en
CH32V20x,CH32V205DS0.PDF,2-1-1,V205RCT6,8,PC0,gpio,#,confirmed,pin-table:zh+pin-table:en
CH32V20x,CH32V205DS0.PDF,2-1-1,V205RCT6,9,PC1,gpio,#,confirmed,pin-table:zh+pin-table:en
CH32V20x,CH32V205DS0.PDF,2-1-1,V205RCT6,10,PC2,gpio,#,confirmed,pin-table:zh+pin-table:en
CH32V20x,CH32V205DS0.PDF,2-1-1,V205RCT6,11,PC3,gpio,#,confirmed,pin-table:zh+pin-table:en
CH32V20x,CH32V205DS0.PDF,2-1-1,V205RCT6,12,VSSA,power,#,confirmed,pin-table:zh+pin-table:en
CH32V20x,CH32V205DS0.PDF,2-1-1,V205RCT6,13,VREF+,power,#,confirmed,pin-table:zh+pin-table:en
CH32V20x,CH32V205DS0.PDF,2-1-1,V205RCT6,14,VDDA,power,#,confirmed,pin-table:zh+pin-table:en
CH32V20x,CH32V205DS0.PDF,2-1-1,V205RCT6,15,PA0-WKUP,gpio,#,confirmed,pin-table:zh+pin-table:en
CH32V20x,CH32V205DS0.PDF,2-1-1,V205RCT6,16,PA1,gpio,#,confirmed,pin-table:zh+pin-table:en
CH32V20x,CH32V205DS0.PDF,2-1-1,V205RCT6,17,PA2,gpio,#,confirmed,pin-table:zh+pin-table:en
CH32V20x,CH32V205DS0.PDF,2-1-1,V205RCT6,18,PA3,gpio,#,confirmed,pin-table:zh+pin-table:en
CH32V20x,CH32V205DS0.PDF,2-1-1,V205RCT6,19,VDD_4,power,#,confirmed,pin-table:zh+pin-table:en
CH32V20x,CH32V205DS0.PDF,2-1-1,V205RCT6,20,PA4,gpio,#,confirmed,pin-table:zh+pin-table:en
CH32V20x,CH32V205DS0.PDF,2-1-1,V205RCT6,21,PA5,gpio,#,confirmed,pin-table:zh+pin-table:en
CH32V20x,CH32V205DS0.PDF,2-1-1,V205RCT6,22,PA6,gpio,#,confirmed,pin-table:zh+pin-table:en
CH32V20x,CH32V205DS0.PDF,2-1-1,V205RCT6,23,PA7,gpio,#,confirmed,pin-table:zh+pin-table:en
CH32V20x,CH32V205DS0.PDF,2-1-1,V205RCT6,24,PC4,gpio,#,confirmed,pin-table:zh+pin-table:en
CH32V20x,CH32V205DS0.PDF,2-1-1,V205RCT6,25,PC5,gpio,#,confirmed,pin-table:zh+pin-table:en
CH32V20x,CH32V205DS0.PDF,2-1-1,V205RCT6,26,PB0,gpio,#,confirmed,pin-table:zh+pin-table:en
CH32V20x,CH32V205DS0.PDF,2-1-1,V205RCT6,27,PB1,gpio,#,confirmed,pin-table:zh+pin-table:en
CH32V20x,CH32V205DS0.PDF,2-1-1,V205RCT6,28,BOOT1,other,#,confirmed,pin-table:zh+pin-table:en
CH32V20x,CH32V205DS0.PDF,2-1-1,V205RCT6,29,PB10,gpio,#,confirmed,pin-table:zh+pin-table:en
CH32V20x,CH32V205DS0.PDF,2-1-1,V205RCT6,30,PB11,gpio,#,confirmed,pin-table:zh+pin-table:en
CH32V20x,CH32V205DS0.PDF,2-1-1,V205RCT6,31,VSS_1,power,#,confirmed,pin-table:zh+pin-table:en
CH32V20x,CH32V205DS0.PDF,2-1-1,V205RCT6,32,VIO_1,power,#,confirmed,pin-table:zh+pin-table:en
CH32V20x,CH32V205DS0.PDF,2-1-1,V205RCT6,33,PB12,gpio,#,confirmed,pin-table:zh+pin-table:en
CH32V20x,CH32V205DS0.PDF,2-1-1,V205RCT6,34,PB13,gpio,#,confirmed,pin-table:zh+pin-table:en
CH32V20x,CH32V205DS0.PDF,2-1-1,V205RCT6,35,PB14,gpio,#,confirmed,pin-table:zh+pin-table:en
CH32V20x,CH32V205DS0.PDF,2-1-1,V205RCT6,36,PB15,gpio,#,confirmed,pin-table:zh+pin-table:en
CH32V20x,CH32V205DS0.PDF,2-1-1,V205RCT6,37,PC6,gpio,#,confirmed,pin-table:zh+pin-table:en
CH32V20x,CH32V205DS0.PDF,2-1-1,V205RCT6,38,PC7,gpio,#,confirmed,pin-table:zh+pin-table:en
CH32V20x,CH32V205DS0.PDF,2-1-1,V205RCT6,39,PC8,gpio,#,confirmed,pin-table:zh+pin-table:en
CH32V20x,CH32V205DS0.PDF,2-1-1,V205RCT6,40,PC9,gpio,#,confirmed,pin-table:zh+pin-table:en
CH32V20x,CH32V205DS0.PDF,2-1-1,V205RCT6,41,PA8,gpio,#,confirmed,pin-table:zh+pin-table:en
CH32V20x,CH32V205DS0.PDF,2-1-1,V205RCT6,42,PA9,gpio,#,confirmed,pin-table:zh+pin-table:en
CH32V20x,CH32V205DS0.PDF,2-1-1,V205RCT6,43,PA10,gpio,#,confirmed,pin-table:zh+pin-table:en
CH32V20x,CH32V205DS0.PDF,2-1-1,V205RCT6,44,PA11,gpio,#,confirmed,pin-table:zh+pin-table:en
CH32V20x,CH32V205DS0.PDF,2-1-1,V205RCT6,45,PA12,gpio,#,confirmed,pin-table:zh+pin-table:en
CH32V20x,CH32V205DS0.PDF,2-1-1,V205RCT6,46,PA13,gpio,#,confirmed,pin-table:zh+pin-table:en
CH32V20x,CH32V205DS0.PDF,2-1-1,V205RCT6,47,VSS_2,power,#,confirmed,pin-table:zh+pin-table:en
CH32V20x,CH32V205DS0.PDF,2-1-1,V205RCT6,48,VDD_2,power,#,confirmed,pin-table:zh+pin-table:en
CH32V20x,CH32V205DS0.PDF,2-1-1,V205RCT6,49,PA14,gpio,#,confirmed,pin-table:zh+pin-table:en
CH32V20x,CH32V205DS0.PDF,2-1-1,V205RCT6,50,PA15,gpio,#,confirmed,pin-table:zh+pin-table:en
CH32V20x,CH32V205DS0.PDF,2-1-1,V205RCT6,51,PC10,gpio,#,confirmed,pin-table:zh+pin-table:en
CH32V20x,CH32V205DS0.PDF,2-1-1,V205RCT6,52,PC11,gpio,#,confirmed,pin-table:zh+pin-table:en
CH32V20x,CH32V205DS0.PDF,2-1-1,V205RCT6,53,PC12,gpio,#,confirmed,pin-table:zh+pin-table:en
CH32V20x,CH32V205DS0.PDF,2-1-1,V205RCT6,54,PD2,gpio,#,confirmed,pin-table:zh+pin-table:en
CH32V20x,CH32V205DS0.PDF,2-1-1,V205RCT6,55,PB3,gpio,#,confirmed,pin-table:zh+pin-table:en
CH32V20x,CH32V205DS0.PDF,2-1-1,V205RCT6,56,PB4,gpio,#,confirmed,pin-table:zh+pin-table:en
CH32V20x,CH32V205DS0.PDF,2-1-1,V205RCT6,57,PB5,gpio,#,confirmed,pin-table:zh+pin-table:en
CH32V20x,CH32V205DS0.PDF,2-1-1,V205RCT6,58,PB7,gpio,#,confirmed,pin-table:zh+pin-table:en
CH32V20x,CH32V205DS0.PDF,2-1-1,V205RCT6,59,PB6,gpio,#,confirmed,pin-table:zh+pin-table:en
CH32V20x,CH32V205DS0.PDF,2-1-1,V205RCT6,60,PB8,gpio,#,confirmed,pin-table:zh+pin-table:en
CH32V20x,CH32V205DS0.PDF,2-1-1,V205RCT6,61,PB9,gpio,#,confirmed,pin-table:zh+pin-table:en
CH32V20x,CH32V205DS0.PDF,2-1-1,V205RCT6,62,PE0,gpio,#,confirmed,pin-table:zh+pin-table:en
CH32V20x,CH32V205DS0.PDF,2-1-1,V205RCT6,63,VSS_3,power,#,confirmed,pin-table:zh+pin-table:en
CH32V20x,CH32V205DS0.PDF,2-1-1,V205RCT6,64,VIO_3,power,#,confirmed,pin-table:zh+pin-table:en
CH32V20x,CH32V205DS0.PDF,2-1-1,V205VCT6,1,PE2,gpio,#,confirmed,pin-table:zh+pin-table:en
CH32V20x,CH32V205DS0.PDF,2-1-1,V205VCT6,2,PE3,gpio,#,confirmed,pin-table:zh+pin-table:en
CH32V20x,CH32V205DS0.PDF,2-1-1,V205VCT6,3,PE4,gpio,#,confirmed,pin-table:zh+pin-table:en
CH32V20x,CH32V205DS0.PDF,2-1-1,V205VCT6,4,PE5,gpio,#,confirmed,pin-table:zh+pin-table:en
CH32V20x,CH32V205DS0.PDF,2-1-1,V205VCT6,5,PE6,gpio,#,confirmed,pin-table:zh+pin-table:en
CH32V20x,CH32V205DS0.PDF,2-1-1,V205VCT6,6,VBAT,power,#,confirmed,pin-table:zh+pin-table:en
CH32V20x,CH32V205DS0.PDF,2-1-1,V205VCT6,10,VSS_5,power,#,confirmed,pin-table:zh+pin-table:en
CH32V20x,CH32V205DS0.PDF,2-1-1,V205VCT6,11,VDD_5,power,#,confirmed,pin-table:zh+pin-table:en
CH32V20x,CH32V205DS0.PDF,2-1-1,V205VCT6,12,OSC_IN,other,#,confirmed,pin-table:zh+pin-table:en
CH32V20x,CH32V205DS0.PDF,2-1-1,V205VCT6,13,OSC_OUT,other,#,confirmed,pin-table:zh+pin-table:en
CH32V20x,CH32V205DS0.PDF,2-1-1,V205VCT6,14,NRST,other,#,confirmed,pin-table:zh+pin-table:en
CH32V20x,CH32V205DS0.PDF,2-1-1,V205VCT6,15,PC0,gpio,#,confirmed,pin-table:zh+pin-table:en
CH32V20x,CH32V205DS0.PDF,2-1-1,V205VCT6,16,PC1,gpio,#,confirmed,pin-table:zh+pin-table:en
CH32V20x,CH32V205DS0.PDF,2-1-1,V205VCT6,17,PC2,gpio,#,confirmed,pin-table:zh+pin-table:en
CH32V20x,CH32V205DS0.PDF,2-1-1,V205VCT6,18,PC3,gpio,#,confirmed,pin-table:zh+pin-table:en
CH32V20x,CH32V205DS0.PDF,2-1-1,V205VCT6,19,VSSA,power,#,confirmed,pin-table:zh+pin-table:en
CH32V20x,CH32V205DS0.PDF,2-1-1,V205VCT6,20,VREF-,power,#,confirmed,pin-table:zh+pin-table:en
CH32V20x,CH32V205DS0.PDF,2-1-1,V205VCT6,21,VREF+,power,#,confirmed,pin-table:zh+pin-table:en
CH32V20x,CH32V205DS0.PDF,2-1-1,V205VCT6,22,VDDA,power,#,confirmed,pin-table:zh+pin-table:en
CH32V20x,CH32V205DS0.PDF,2-1-1,V205VCT6,23,PA0-WKUP,gpio,#,confirmed,pin-table:zh+pin-table:en
CH32V20x,CH32V205DS0.PDF,2-1-1,V205VCT6,24,PA1,gpio,#,confirmed,pin-table:zh+pin-table:en
CH32V20x,CH32V205DS0.PDF,2-1-1,V205VCT6,25,PA2,gpio,#,confirmed,pin-table:zh+pin-table:en
CH32V20x,CH32V205DS0.PDF,2-1-1,V205VCT6,26,PA3,gpio,#,confirmed,pin-table:zh+pin-table:en
CH32V20x,CH32V205DS0.PDF,2-1-1,V205VCT6,27,VSS_4,power,#,confirmed,pin-table:zh+pin-table:en
CH32V20x,CH32V205DS0.PDF,2-1-1,V205VCT6,28,VDD_4,power,#,confirmed,pin-table:zh+pin-table:en
CH32V20x,CH32V205DS0.PDF,2-1-1,V205VCT6,29,PA4,gpio,#,confirmed,pin-table:zh+pin-table:en
CH32V20x,CH32V205DS0.PDF,2-1-1,V205VCT6,30,PA5,gpio,#,confirmed,pin-table:zh+pin-table:en
CH32V20x,CH32V205DS0.PDF,2-1-1,V205VCT6,31,PA6,gpio,#,confirmed,pin-table:zh+pin-table:en
CH32V20x,CH32V205DS0.PDF,2-1-1,V205VCT6,32,PA7,gpio,#,confirmed,pin-table:zh+pin-table:en
CH32V20x,CH32V205DS0.PDF,2-1-1,V205VCT6,33,PC4,gpio,#,confirmed,pin-table:zh+pin-table:en
CH32V20x,CH32V205DS0.PDF,2-1-1,V205VCT6,34,PC5,gpio,#,confirmed,pin-table:zh+pin-table:en
CH32V20x,CH32V205DS0.PDF,2-1-1,V205VCT6,35,PB0,gpio,#,confirmed,pin-table:zh+pin-table:en
CH32V20x,CH32V205DS0.PDF,2-1-1,V205VCT6,36,PB1,gpio,#,confirmed,pin-table:zh+pin-table:en
CH32V20x,CH32V205DS0.PDF,2-1-1,V205VCT6,37,BOOT1,other,#,confirmed,pin-table:zh+pin-table:en
CH32V20x,CH32V205DS0.PDF,2-1-1,V205VCT6,38,PE7,gpio,#,confirmed,pin-table:zh+pin-table:en
CH32V20x,CH32V205DS0.PDF,2-1-1,V205VCT6,39,PE8,gpio,#,confirmed,pin-table:zh+pin-table:en
CH32V20x,CH32V205DS0.PDF,2-1-1,V205VCT6,40,PE9,gpio,#,confirmed,pin-table:zh+pin-table:en
CH32V20x,CH32V205DS0.PDF,2-1-1,V205VCT6,41,PE10,gpio,#,confirmed,pin-table:zh+pin-table:en
CH32V20x,CH32V205DS0.PDF,2-1-1,V205VCT6,42,PE11,gpio,#,confirmed,pin-table:zh+pin-table:en
CH32V20x,CH32V205DS0.PDF,2-1-1,V205VCT6,43,PE12,gpio,#,confirmed,pin-table:zh+pin-table:en
CH32V20x,CH32V205DS0.PDF,2-1-1,V205VCT6,44,PE13,gpio,#,confirmed,pin-table:zh+pin-table:en
CH32V20x,CH32V205DS0.PDF,2-1-1,V205VCT6,45,PE14,gpio,#,confirmed,pin-table:zh+pin-table:en
CH32V20x,CH32V205DS0.PDF,2-1-1,V205VCT6,46,PE15,gpio,#,confirmed,pin-table:zh+pin-table:en
CH32V20x,CH32V205DS0.PDF,2-1-1,V205VCT6,47,PB10,gpio,#,confirmed,pin-table:zh+pin-table:en
CH32V20x,CH32V205DS0.PDF,2-1-1,V205VCT6,48,PB11,gpio,#,confirmed,pin-table:zh+pin-table:en
CH32V20x,CH32V205DS0.PDF,2-1-1,V205VCT6,49,VSS_1,power,#,confirmed,pin-table:zh+pin-table:en
CH32V20x,CH32V205DS0.PDF,2-1-1,V205VCT6,50,VIO_1,power,#,confirmed,pin-table:zh+pin-table:en
CH32V20x,CH32V205DS0.PDF,2-1-1,V205VCT6,51,PB12,gpio,#,confirmed,pin-table:zh+pin-table:en
CH32V20x,CH32V205DS0.PDF,2-1-1,V205VCT6,52,PB13,gpio,#,confirmed,pin-table:zh+pin-table:en
CH32V20x,CH32V205DS0.PDF,2-1-1,V205VCT6,53,PB14,gpio,#,confirmed,pin-table:zh+pin-table:en
CH32V20x,CH32V205DS0.PDF,2-1-1,V205VCT6,54,PB15,gpio,#,confirmed,pin-table:zh+pin-table:en
CH32V20x,CH32V205DS0.PDF,2-1-1,V205VCT6,55,PD8,gpio,#,confirmed,pin-table:zh+pin-table:en
CH32V20x,CH32V205DS0.PDF,2-1-1,V205VCT6,56,PD9,gpio,#,confirmed,pin-table:zh+pin-table:en
CH32V20x,CH32V205DS0.PDF,2-1-1,V205VCT6,57,PD10,gpio,#,confirmed,pin-table:zh+pin-table:en
CH32V20x,CH32V205DS0.PDF,2-1-1,V205VCT6,58,PD11,gpio,#,confirmed,pin-table:zh+pin-table:en
CH32V20x,CH32V205DS0.PDF,2-1-1,V205VCT6,59,PD12,gpio,#,confirmed,pin-table:zh+pin-table:en
CH32V20x,CH32V205DS0.PDF,2-1-1,V205VCT6,60,PD13,gpio,#,confirmed,pin-table:zh+pin-table:en
CH32V20x,CH32V205DS0.PDF,2-1-1,V205VCT6,61,PD14,gpio,#,confirmed,pin-table:zh+pin-table:en
CH32V20x,CH32V205DS0.PDF,2-1-1,V205VCT6,62,PD15,gpio,#,confirmed,pin-table:zh+pin-table:en
CH32V20x,CH32V205DS0.PDF,2-1-1,V205VCT6,63,PC6,gpio,#,confirmed,pin-table:zh+pin-table:en
CH32V20x,CH32V205DS0.PDF,2-1-1,V205VCT6,64,PC7,gpio,#,confirmed,pin-table:zh+pin-table:en
CH32V20x,CH32V205DS0.PDF,2-1-1,V205VCT6,65,PC8,gpio,#,confirmed,pin-table:zh+pin-table:en
CH32V20x,CH32V205DS0.PDF,2-1-1,V205VCT6,66,PC9,gpio,#,confirmed,pin-table:zh+pin-table:en
CH32V20x,CH32V205DS0.PDF,2-1-1,V205VCT6,67,PA8,gpio,#,confirmed,pin-table:zh+pin-table:en
CH32V20x,CH32V205DS0.PDF,2-1-1,V205VCT6,68,PA9,gpio,#,confirmed,pin-table:zh+pin-table:en
CH32V20x,CH32V205DS0.PDF,2-1-1,V205VCT6,69,PA10,gpio,#,confirmed,pin-table:zh+pin-table:en
CH32V20x,CH32V205DS0.PDF,2-1-1,V205VCT6,70,PA11,gpio,#,confirmed,pin-table:zh+pin-table:en
CH32V20x,CH32V205DS0.PDF,2-1-1,V205VCT6,71,PA12,gpio,#,confirmed,pin-table:zh+pin-table:en
CH32V20x,CH32V205DS0.PDF,2-1-1,V205VCT6,72,PA13,gpio,#,confirmed,pin-table:zh+pin-table:en
CH32V20x,CH32V205DS0.PDF,2-1-1,V205VCT6,74,VSS_2,power,#,confirmed,pin-table:zh+pin-table:en
CH32V20x,CH32V205DS0.PDF,2-1-1,V205VCT6,75,VDD_2,power,#,confirmed,pin-table:zh+pin-table:en
CH32V20x,CH32V205DS0.PDF,2-1-1,V205VCT6,76,PA14,gpio,#,confirmed,pin-table:zh+pin-table:en
CH32V20x,CH32V205DS0.PDF,2-1-1,V205VCT6,77,PA15,gpio,#,confirmed,pin-table:zh+pin-table:en
CH32V20x,CH32V205DS0.PDF,2-1-1,V205VCT6,78,PC10,gpio,#,confirmed,pin-table:zh+pin-table:en
CH32V20x,CH32V205DS0.PDF,2-1-1,V205VCT6,79,PC11,gpio,#,confirmed,pin-table:zh+pin-table:en
CH32V20x,CH32V205DS0.PDF,2-1-1,V205VCT6,80,PC12,gpio,#,confirmed,pin-table:zh+pin-table:en
CH32V20x,CH32V205DS0.PDF,2-1-1,V205VCT6,81,PD0,gpio,#,confirmed,pin-table:zh+pin-table:en
CH32V20x,CH32V205DS0.PDF,2-1-1,V205VCT6,82,PD1,gpio,#,confirmed,pin-table:zh+pin-table:en
CH32V20x,CH32V205DS0.PDF,2-1-1,V205VCT6,83,PD2,gpio,#,confirmed,pin-table:zh+pin-table:en
CH32V20x,CH32V205DS0.PDF,2-1-1,V205VCT6,84,PD3,gpio,#,confirmed,pin-table:zh+pin-table:en
CH32V20x,CH32V205DS0.PDF,2-1-1,V205VCT6,85,PD4,gpio,#,confirmed,pin-table:zh+pin-table:en
CH32V20x,CH32V205DS0.PDF,2-1-1,V205VCT6,86,PD5,gpio,#,confirmed,pin-table:zh+pin-table:en
CH32V20x,CH32V205DS0.PDF,2-1-1,V205VCT6,87,PD6,gpio,#,confirmed,pin-table:zh+pin-table:en
CH32V20x,CH32V205DS0.PDF,2-1-1,V205VCT6,88,PD7,gpio,#,confirmed,pin-table:zh+pin-table:en
CH32V20x,CH32V205DS0.PDF,2-1-1,V205VCT6,89,PB3,gpio,#,confirmed,pin-table:zh+pin-table:en
CH32V20x,CH32V205DS0.PDF,2-1-1,V205VCT6,90,PB4,gpio,#,confirmed,pin-table:zh+pin-table:en
CH32V20x,CH32V205DS0.PDF,2-1-1,V205VCT6,91,PB5,gpio,#,confirmed,pin-table:zh+pin-table:en
CH32V20x,CH32V205DS0.PDF,2-1-1,V205VCT6,92,PB7,gpio,#,confirmed,pin-table:zh+pin-table:en
CH32V20x,CH32V205DS0.PDF,2-1-1,V205VCT6,93,PB6,gpio,#,confirmed,pin-table:zh+pin-table:en
CH32V20x,CH32V205DS0.PDF,2-1-1,V205VCT6,94,BOOT0,other,#,confirmed,pin-table:zh+pin-table:en
CH32V20x,CH32V205DS0.PDF,2-1-1,V205VCT6,95,PB8,gpio,#,confirmed,pin-table:zh+pin-table:en
CH32V20x,CH32V205DS0.PDF,2-1-1,V205VCT6,96,PB9,gpio,#,confirmed,pin-table:zh+pin-table:en
CH32V20x,CH32V205DS0.PDF,2-1-1,V205VCT6,97,PE0,gpio,#,confirmed,pin-table:zh+pin-table:en
CH32V20x,CH32V205DS0.PDF,2-1-1,V205VCT6,98,PE1,gpio,#,confirmed,pin-table:zh+pin-table:en
CH32V20x,CH32V205DS0.PDF,2-1-1,V205VCT6,99,VSS_3,power,#,confirmed,pin-table:zh+pin-table:en
CH32V20x,CH32V205DS0.PDF,2-1-1,V205VCT6,100,VIO_3,power,#,confirmed,pin-table:zh+pin-table:en
CH32V20x,CH32V205DS0.PDF,2-1-2,V203CCT6,1,VBAT,power,#,confirmed,pin-table:zh+pin-table:en
CH32V20x,CH32V205DS0.PDF,2-1-2,V203CCT6,5,OSC_IN,gpio,#,confirmed,pin-table:zh+pin-table:en
CH32V20x,CH32V205DS0.PDF,2-1-2,V203CCT6,6,OSC_OUT,gpio,#,confirmed,pin-table:zh+pin-table:en
CH32V20x,CH32V205DS0.PDF,2-1-2,V203CCT6,7,NRST,other,#,confirmed,pin-table:zh+pin-table:en
CH32V20x,CH32V205DS0.PDF,2-1-2,V203CCT6,8,VSSA,power,#,confirmed,pin-table:zh+pin-table:en
CH32V20x,CH32V205DS0.PDF,2-1-2,V203CCT6,9,VDDA,power,#,confirmed,pin-table:zh+pin-table:en
CH32V20x,CH32V205DS0.PDF,2-1-2,V203CCT6,10,PA0-WKUP,gpio,#,confirmed,pin-table:zh+pin-table:en
CH32V20x,CH32V205DS0.PDF,2-1-2,V203CCT6,11,PA1,gpio,#,confirmed,pin-table:zh+pin-table:en
CH32V20x,CH32V205DS0.PDF,2-1-2,V203CCT6,12,PA2,gpio,#,confirmed,pin-table:zh+pin-table:en
CH32V20x,CH32V205DS0.PDF,2-1-2,V203CCT6,13,PA3,gpio,#,confirmed,pin-table:zh+pin-table:en
CH32V20x,CH32V205DS0.PDF,2-1-2,V203CCT6,14,PA4,gpio,#,confirmed,pin-table:zh+pin-table:en
CH32V20x,CH32V205DS0.PDF,2-1-2,V203CCT6,15,PA5,gpio,#,confirmed,pin-table:zh+pin-table:en
CH32V20x,CH32V205DS0.PDF,2-1-2,V203CCT6,16,PA6,gpio,#,confirmed,pin-table:zh+pin-table:en
CH32V20x,CH32V205DS0.PDF,2-1-2,V203CCT6,17,PA7,gpio,#,confirmed,pin-table:zh+pin-table:en
CH32V20x,CH32V205DS0.PDF,2-1-2,V203CCT6,18,PB0,gpio,#,confirmed,pin-table:zh+pin-table:en
CH32V20x,CH32V205DS0.PDF,2-1-2,V203CCT6,19,PB1,gpio,#,confirmed,pin-table:zh+pin-table:en
CH32V20x,CH32V205DS0.PDF,2-1-2,V203CCT6,20,PB2,gpio,#,confirmed,pin-table:zh+pin-table:en
CH32V20x,CH32V205DS0.PDF,2-1-2,V203CCT6,21,PB10,gpio,#,confirmed,pin-table:zh+pin-table:en
CH32V20x,CH32V205DS0.PDF,2-1-2,V203CCT6,22,PB11,gpio,#,confirmed,pin-table:zh+pin-table:en
CH32V20x,CH32V205DS0.PDF,2-1-2,V203CCT6,23,VSS_1,power,#,confirmed,pin-table:zh+pin-table:en
CH32V20x,CH32V205DS0.PDF,2-1-2,V203CCT6,25,PB12,gpio,#,confirmed,pin-table:zh+pin-table:en
CH32V20x,CH32V205DS0.PDF,2-1-2,V203CCT6,26,PB13,gpio,#,confirmed,pin-table:zh+pin-table:en
CH32V20x,CH32V205DS0.PDF,2-1-2,V203CCT6,27,PB14,gpio,#,confirmed,pin-table:zh+pin-table:en
CH32V20x,CH32V205DS0.PDF,2-1-2,V203CCT6,28,PB15,gpio,#,confirmed,pin-table:zh+pin-table:en
CH32V20x,CH32V205DS0.PDF,2-1-2,V203CCT6,29,PA8,gpio,#,confirmed,pin-table:zh+pin-table:en
CH32V20x,CH32V205DS0.PDF,2-1-2,V203CCT6,30,PA9,gpio,#,confirmed,pin-table:zh+pin-table:en
CH32V20x,CH32V205DS0.PDF,2-1-2,V203CCT6,31,PA10,gpio,#,confirmed,pin-table:zh+pin-table:en
CH32V20x,CH32V205DS0.PDF,2-1-2,V203CCT6,32,PA11,gpio,#,confirmed,pin-table:zh+pin-table:en
CH32V20x,CH32V205DS0.PDF,2-1-2,V203CCT6,33,PA12,gpio,#,confirmed,pin-table:zh+pin-table:en
CH32V20x,CH32V205DS0.PDF,2-1-2,V203CCT6,34,PA13,gpio,#,confirmed,pin-table:zh+pin-table:en
CH32V20x,CH32V205DS0.PDF,2-1-2,V203CCT6,35,VSS_2,power,#,confirmed,pin-table:zh+pin-table:en
CH32V20x,CH32V205DS0.PDF,2-1-2,V203CCT6,37,PA14,gpio,#,confirmed,pin-table:zh+pin-table:en
CH32V20x,CH32V205DS0.PDF,2-1-2,V203CCT6,38,PA15,gpio,#,confirmed,pin-table:zh+pin-table:en
CH32V20x,CH32V205DS0.PDF,2-1-2,V203CCT6,39,PB3,gpio,#,confirmed,pin-table:zh+pin-table:en
CH32V20x,CH32V205DS0.PDF,2-1-2,V203CCT6,40,PB4,gpio,#,confirmed,pin-table:zh+pin-table:en
CH32V20x,CH32V205DS0.PDF,2-1-2,V203CCT6,41,PB5,gpio,#,confirmed,pin-table:zh+pin-table:en
CH32V20x,CH32V205DS0.PDF,2-1-2,V203CCT6,42,PB6,gpio,#,confirmed,pin-table:zh+pin-table:en
CH32V20x,CH32V205DS0.PDF,2-1-2,V203CCT6,43,PB7,gpio,#,confirmed,pin-table:zh+pin-table:en
CH32V20x,CH32V205DS0.PDF,2-1-2,V203CCT6,44,BOOT0,other,#,confirmed,pin-table:zh+pin-table:en
CH32V20x,CH32V205DS0.PDF,2-1-2,V203CCT6,45,PB8,gpio,#,confirmed,pin-table:zh+pin-table:en
CH32V20x,CH32V205DS0.PDF,2-1-2,V203CCT6,46,PB9,gpio,#,confirmed,pin-table:zh+pin-table:en
CH32V20x,CH32V205DS0.PDF,2-1-2,V203CCT6,47,VSS_3,power,#,confirmed,pin-table:zh+pin-table:en
CH32V20x,CH32V208DS0.PDF,3-1,LQFP64M,1,VBAT,power,#,confirmed,pin-table:zh+pin-table:en(LQFP64)
CH32V20x,CH32V208DS0.PDF,3-1,LQFP64M,5,VSSA,power,#,confirmed,pin-table:zh+pin-table:en(LQFP64)
CH32V20x,CH32V208DS0.PDF,3-1,LQFP64M,6,OSC_IN,other,#,confirmed,pin-table:zh+pin-table:en(LQFP64)
CH32V20x,CH32V208DS0.PDF,3-1,LQFP64M,7,OSC_OUT,other,#,confirmed,pin-table:zh+pin-table:en(LQFP64)
CH32V20x,CH32V208DS0.PDF,3-1,LQFP64M,8,NRST,other,#,confirmed,pin-table:zh+pin-table:en(LQFP64)
CH32V20x,CH32V208DS0.PDF,3-1,LQFP64M,9,PC0,gpio,#,confirmed,pin-table:zh+pin-table:en(LQFP64)
CH32V20x,CH32V208DS0.PDF,3-1,LQFP64M,10,PC1,gpio,#,confirmed,pin-table:zh+pin-table:en(LQFP64)
CH32V20x,CH32V208DS0.PDF,3-1,LQFP64M,11,PC2,gpio,#,confirmed,pin-table:zh+pin-table:en(LQFP64)
CH32V20x,CH32V208DS0.PDF,3-1,LQFP64M,12,PC3,gpio,#,confirmed,pin-table:zh+pin-table:en(LQFP64)
CH32V20x,CH32V208DS0.PDF,3-1,LQFP64M,13,VDDA,power,#,confirmed,pin-table:zh+pin-table:en(LQFP64)
CH32V20x,CH32V208DS0.PDF,3-1,LQFP64M,14,PA0-WKUP,gpio,#,confirmed,pin-table:zh+pin-table:en(LQFP64)
CH32V20x,CH32V208DS0.PDF,3-1,LQFP64M,15,PA1,gpio,#,confirmed,pin-table:zh+pin-table:en(LQFP64)
CH32V20x,CH32V208DS0.PDF,3-1,LQFP64M,16,PA2,gpio,#,confirmed,pin-table:zh+pin-table:en(LQFP64)
CH32V20x,CH32V208DS0.PDF,3-1,LQFP64M,17,PA3,gpio,#,confirmed,pin-table:zh+pin-table:en(LQFP64)
CH32V20x,CH32V208DS0.PDF,3-1,LQFP64M,18,VSS_4,power,#,confirmed,pin-table:zh+pin-table:en(LQFP64)
CH32V20x,CH32V208DS0.PDF,3-1,LQFP64M,19,VDD_IO_4,power,#,confirmed,pin-table:zh+pin-table:en(LQFP64)
CH32V20x,CH32V208DS0.PDF,3-1,LQFP64M,20,PA4,gpio,#,confirmed,pin-table:zh+pin-table:en(LQFP64)
CH32V20x,CH32V208DS0.PDF,3-1,LQFP64M,21,PA5,gpio,#,confirmed,pin-table:zh+pin-table:en(LQFP64)
CH32V20x,CH32V208DS0.PDF,3-1,LQFP64M,22,PA6,gpio,#,confirmed,pin-table:zh+pin-table:en(LQFP64)
CH32V20x,CH32V208DS0.PDF,3-1,LQFP64M,23,PA7,gpio,#,confirmed,pin-table:zh+pin-table:en(LQFP64)
CH32V20x,CH32V208DS0.PDF,3-1,LQFP64M,24,PC4,gpio,#,confirmed,pin-table:zh+pin-table:en(LQFP64)
CH32V20x,CH32V208DS0.PDF,3-1,LQFP64M,25,PC5,gpio,#,confirmed,pin-table:zh+pin-table:en(LQFP64)
CH32V20x,CH32V208DS0.PDF,3-1,LQFP64M,26,PB0,gpio,#,confirmed,pin-table:zh+pin-table:en(LQFP64)
CH32V20x,CH32V208DS0.PDF,3-1,LQFP64M,27,PB1,gpio,#,confirmed,pin-table:zh+pin-table:en(LQFP64)
CH32V20x,CH32V208DS0.PDF,3-1,LQFP64M,28,PB2,gpio,#,confirmed,pin-table:zh+pin-table:en(LQFP64)
CH32V20x,CH32V208DS0.PDF,3-1,LQFP64M,29,PB10,gpio,#,confirmed,pin-table:zh+pin-table:en(LQFP64)
CH32V20x,CH32V208DS0.PDF,3-1,LQFP64M,30,PB11,gpio,#,confirmed,pin-table:zh+pin-table:en(LQFP64)
CH32V20x,CH32V208DS0.PDF,3-1,LQFP64M,31,VSS_1,power,#,confirmed,pin-table:zh+pin-table:en(LQFP64)
CH32V20x,CH32V208DS0.PDF,3-1,LQFP64M,32,VDD_IO_1,power,#,confirmed,pin-table:zh+pin-table:en(LQFP64)
CH32V20x,CH32V208DS0.PDF,3-1,LQFP64M,33,PB12,gpio,#,confirmed,pin-table:zh+pin-table:en(LQFP64)
CH32V20x,CH32V208DS0.PDF,3-1,LQFP64M,34,PB13,gpio,#,confirmed,pin-table:zh+pin-table:en(LQFP64)
CH32V20x,CH32V208DS0.PDF,3-1,LQFP64M,35,PB14,gpio,#,confirmed,pin-table:zh+pin-table:en(LQFP64)
CH32V20x,CH32V208DS0.PDF,3-1,LQFP64M,36,PB15,gpio,#,confirmed,pin-table:zh+pin-table:en(LQFP64)
CH32V20x,CH32V208DS0.PDF,3-1,LQFP64M,37,PC6,gpio,#,confirmed,pin-table:zh+pin-table:en(LQFP64)
CH32V20x,CH32V208DS0.PDF,3-1,LQFP64M,38,PC7,gpio,#,confirmed,pin-table:zh+pin-table:en(LQFP64)
CH32V20x,CH32V208DS0.PDF,3-1,LQFP64M,39,PC8,gpio,#,confirmed,pin-table:zh+pin-table:en(LQFP64)
CH32V20x,CH32V208DS0.PDF,3-1,LQFP64M,40,PC9,gpio,#,confirmed,pin-table:zh+pin-table:en(LQFP64)
CH32V20x,CH32V208DS0.PDF,3-1,LQFP64M,41,PA8,gpio,#,confirmed,pin-table:zh+pin-table:en(LQFP64)
CH32V20x,CH32V208DS0.PDF,3-1,LQFP64M,42,PA9,gpio,#,confirmed,pin-table:zh+pin-table:en(LQFP64)
CH32V20x,CH32V208DS0.PDF,3-1,LQFP64M,43,PA10,gpio,#,confirmed,pin-table:zh+pin-table:en(LQFP64)
CH32V20x,CH32V208DS0.PDF,3-1,LQFP64M,44,PA11,gpio,#,confirmed,pin-table:zh+pin-table:en(LQFP64)
CH32V20x,CH32V208DS0.PDF,3-1,LQFP64M,45,PA12,gpio,#,confirmed,pin-table:zh+pin-table:en(LQFP64)
CH32V20x,CH32V208DS0.PDF,3-1,LQFP64M,46,PA13,gpio,#,confirmed,pin-table:zh+pin-table:en(LQFP64)
CH32V20x,CH32V208DS0.PDF,3-1,LQFP64M,47,VINTA,power,#,confirmed,pin-table:zh+pin-table:en(LQFP64)
CH32V20x,CH32V208DS0.PDF,3-1,LQFP64M,48,ANT,analog,#,confirmed,pin-table:zh+pin-table:en(LQFP64)
CH32V20x,CH32V208DS0.PDF,3-1,LQFP64M,49,PA14,gpio,#,confirmed,pin-table:zh+pin-table:en(LQFP64)
CH32V20x,CH32V208DS0.PDF,3-1,LQFP64M,50,PA15,gpio,#,confirmed,pin-table:zh+pin-table:en(LQFP64)
CH32V20x,CH32V208DS0.PDF,3-1,LQFP64M,51,PC10,gpio,#,confirmed,pin-table:zh+pin-table:en(LQFP64)
CH32V20x,CH32V208DS0.PDF,3-1,LQFP64M,52,PC11,gpio,#,confirmed,pin-table:zh+pin-table:en(LQFP64)
CH32V20x,CH32V208DS0.PDF,3-1,LQFP64M,53,PC12,gpio,#,confirmed,pin-table:zh+pin-table:en(LQFP64)
CH32V20x,CH32V208DS0.PDF,3-1,LQFP64M,54,PD2,gpio,#,confirmed,pin-table:zh+pin-table:en(LQFP64)
CH32V20x,CH32V208DS0.PDF,3-1,LQFP64M,55,PB3,gpio,#,confirmed,pin-table:zh+pin-table:en(LQFP64)
CH32V20x,CH32V208DS0.PDF,3-1,LQFP64M,56,PB4,gpio,#,confirmed,pin-table:zh+pin-table:en(LQFP64)
CH32V20x,CH32V208DS0.PDF,3-1,LQFP64M,57,PB5,gpio,#,confirmed,pin-table:zh+pin-table:en(LQFP64)
CH32V20x,CH32V208DS0.PDF,3-1,LQFP64M,58,PB6,gpio,#,confirmed,pin-table:zh+pin-table:en(LQFP64)
CH32V20x,CH32V208DS0.PDF,3-1,LQFP64M,59,PB7,gpio,#,confirmed,pin-table:zh+pin-table:en(LQFP64)
CH32V20x,CH32V208DS0.PDF,3-1,LQFP64M,60,BOOT0,other,#,confirmed,pin-table:zh+pin-table:en(LQFP64)
CH32V20x,CH32V208DS0.PDF,3-1,LQFP64M,61,PB8,gpio,#,confirmed,pin-table:zh+pin-table:en(LQFP64)
CH32V20x,CH32V208DS0.PDF,3-1,LQFP64M,62,PB9,gpio,#,confirmed,pin-table:zh+pin-table:en(LQFP64)
CH32V20x,CH32V208DS0.PDF,3-1,LQFP64M,63,VSS_3,power,#,confirmed,pin-table:zh+pin-table:en(LQFP64)
CH32V20x,CH32V208DS0.PDF,3-1,LQFP64M,64,VDD_IO_3,power,#,confirmed,pin-table:zh+pin-table:en(LQFP64)
CH32V20x,CH32V208DS0.PDF,3-1,QFN28(6),2,OSC_IN,other,#,confirmed,pin-table:zh+pin-table:en
CH32V20x,CH32V208DS0.PDF,3-1,QFN28(6),3,OSC_OUT,other,#,confirmed,pin-table:zh+pin-table:en
CH32V20x,CH32V208DS0.PDF,3-1,QFN28(6),4,VDDA,power,#,confirmed,pin-table:zh+pin-table:en
CH32V20x,CH32V208DS0.PDF,3-1,QFN28(6),5,PA0-WKUP,gpio,#,confirmed,pin-table:zh+pin-table:en
CH32V20x,CH32V208DS0.PDF,3-1,QFN28(6),6,PA1,gpio,#,confirmed,pin-table:zh+pin-table:en
CH32V20x,CH32V208DS0.PDF,3-1,QFN28(6),7,PA2,gpio,#,confirmed,pin-table:zh+pin-table:en
CH32V20x,CH32V208DS0.PDF,3-1,QFN28(6),8,PA3,gpio,#,confirmed,pin-table:zh+pin-table:en
CH32V20x,CH32V208DS0.PDF,3-1,QFN28(6),9,PA4,gpio,#,confirmed,pin-table:zh+pin-table:en
CH32V20x,CH32V208DS0.PDF,3-1,QFN28(6),10,PA5,gpio,#,confirmed,pin-table:zh+pin-table:en
CH32V20x,CH32V208DS0.PDF,3-1,QFN28(6),11,PA6,gpio,#,confirmed,pin-table:zh+pin-table:en
CH32V20x,CH32V208DS0.PDF,3-1,QFN28(6),12,PA7,gpio,#,confirmed,pin-table:zh+pin-table:en
CH32V20x,CH32V208DS0.PDF,3-1,QFN28(6),13,VDD_IO_1,power,#,confirmed,pin-table:zh+pin-table:en
CH32V20x,CH32V208DS0.PDF,3-1,QFN28(6),14,PC6,gpio,#,confirmed,pin-table:zh+pin-table:en
CH32V20x,CH32V208DS0.PDF,3-1,QFN28(6),15,PC7,gpio,#,confirmed,pin-table:zh+pin-table:en
CH32V20x,CH32V208DS0.PDF,3-1,QFN28(6),16,PC8,gpio,#,confirmed,pin-table:zh+pin-table:en
CH32V20x,CH32V208DS0.PDF,3-1,QFN28(6),17,PC9,gpio,#,confirmed,pin-table:zh+pin-table:en
CH32V20x,CH32V208DS0.PDF,3-1,QFN28(6),18,PA11,gpio,#,confirmed,pin-table:zh+pin-table:en
CH32V20x,CH32V208DS0.PDF,3-1,QFN28(6),19,PA12,gpio,#,confirmed,pin-table:zh+pin-table:en
CH32V20x,CH32V208DS0.PDF,3-1,QFN28(6),20,PA13,gpio,#,confirmed,pin-table:zh+pin-table:en
CH32V20x,CH32V208DS0.PDF,3-1,QFN28(6),21,VINTA,power,#,confirmed,pin-table:zh+pin-table:en
CH32V20x,CH32V208DS0.PDF,3-1,QFN28(6),22,ANT,analog,#,confirmed,pin-table:zh+pin-table:en
CH32V20x,CH32V208DS0.PDF,3-1,QFN28(6),23,PA14,gpio,#,confirmed,pin-table:zh+pin-table:en
CH32V20x,CH32V208DS0.PDF,3-1,QFN28(6),24,PB6,gpio,#,confirmed,pin-table:zh+pin-table:en
CH32V20x,CH32V208DS0.PDF,3-1,QFN28(6),25,PB7,gpio,#,confirmed,pin-table:zh+pin-table:en
CH32V20x,CH32V208DS0.PDF,3-1,QFN28(6),27,VDD_IO_3,power,#,confirmed,pin-table:zh+pin-table:en
CH32V20x,CH32V208DS0.PDF,3-1,QFN28(6),26(5),BOOT0,other,#,reference,pin-table:zh
CH32V20x,CH32V208DS0.PDF,3-1,QFN28(6),26(6),BOOT0,other,#,reference,pin-table:en
CH32V20x,CH32V208DS0.PDF,3-1,QFN28(6),EP,VSS,power,#,confirmed,pin-table:zh+pin-table:en
CH32V20x,CH32V208DS0.PDF,3-1,QFN48,4,VSSA,power,#,confirmed,pin-table:zh+pin-table:en
CH32V20x,CH32V208DS0.PDF,3-1,QFN48,5,OSC_IN,other,#,confirmed,pin-table:zh+pin-table:en
CH32V20x,CH32V208DS0.PDF,3-1,QFN48,6,OSC_OUT,other,#,confirmed,pin-table:zh+pin-table:en
CH32V20x,CH32V208DS0.PDF,3-1,QFN48,7,NRST,other,#,confirmed,pin-table:zh+pin-table:en
CH32V20x,CH32V208DS0.PDF,3-1,QFN48,8,VDDA,power,#,confirmed,pin-table:zh+pin-table:en
CH32V20x,CH32V208DS0.PDF,3-1,QFN48,9,PA0-WKUP,gpio,#,confirmed,pin-table:zh+pin-table:en
CH32V20x,CH32V208DS0.PDF,3-1,QFN48,10,PA1,gpio,#,confirmed,pin-table:zh+pin-table:en
CH32V20x,CH32V208DS0.PDF,3-1,QFN48,11,PA2,gpio,#,confirmed,pin-table:zh+pin-table:en
CH32V20x,CH32V208DS0.PDF,3-1,QFN48,12,PA3,gpio,#,confirmed,pin-table:zh+pin-table:en
CH32V20x,CH32V208DS0.PDF,3-1,QFN48,13,PA4,gpio,#,confirmed,pin-table:zh+pin-table:en
CH32V20x,CH32V208DS0.PDF,3-1,QFN48,14,PA5,gpio,#,confirmed,pin-table:zh+pin-table:en
CH32V20x,CH32V208DS0.PDF,3-1,QFN48,15,PA6,gpio,#,confirmed,pin-table:zh+pin-table:en
CH32V20x,CH32V208DS0.PDF,3-1,QFN48,16,PA7,gpio,#,confirmed,pin-table:zh+pin-table:en
CH32V20x,CH32V208DS0.PDF,3-1,QFN48,17,PB0,gpio,#,confirmed,pin-table:zh+pin-table:en
CH32V20x,CH32V208DS0.PDF,3-1,QFN48,18,PB1,gpio,#,confirmed,pin-table:zh+pin-table:en
CH32V20x,CH32V208DS0.PDF,3-1,QFN48,19,PB2,gpio,#,confirmed,pin-table:zh+pin-table:en
CH32V20x,CH32V208DS0.PDF,3-1,QFN48,20,PB10,gpio,#,confirmed,pin-table:zh+pin-table:en
CH32V20x,CH32V208DS0.PDF,3-1,QFN48,21,PB11,gpio,#,confirmed,pin-table:zh+pin-table:en
CH32V20x,CH32V208DS0.PDF,3-1,QFN48,22,VDD_IO_1,power,#,confirmed,pin-table:zh+pin-table:en
CH32V20x,CH32V208DS0.PDF,3-1,QFN48,23,PB12,gpio,#,confirmed,pin-table:zh+pin-table:en
CH32V20x,CH32V208DS0.PDF,3-1,QFN48,24,PB13,gpio,#,confirmed,pin-table:zh+pin-table:en
CH32V20x,CH32V208DS0.PDF,3-1,QFN48,25,PB14,gpio,#,confirmed,pin-table:zh+pin-table:en
CH32V20x,CH32V208DS0.PDF,3-1,QFN48,26,PB15,gpio,#,confirmed,pin-table:zh+pin-table:en
CH32V20x,CH32V208DS0.PDF,3-1,QFN48,27,PA8,gpio,#,confirmed,pin-table:zh+pin-table:en
CH32V20x,CH32V208DS0.PDF,3-1,QFN48,28,PA9,gpio,#,confirmed,pin-table:zh+pin-table:en
CH32V20x,CH32V208DS0.PDF,3-1,QFN48,29,PA10,gpio,#,confirmed,pin-table:zh+pin-table:en
CH32V20x,CH32V208DS0.PDF,3-1,QFN48,30,PA11,gpio,#,confirmed,pin-table:zh+pin-table:en
CH32V20x,CH32V208DS0.PDF,3-1,QFN48,31,PA12,gpio,#,confirmed,pin-table:zh+pin-table:en
CH32V20x,CH32V208DS0.PDF,3-1,QFN48,32,PA13,gpio,#,confirmed,pin-table:zh+pin-table:en
CH32V20x,CH32V208DS0.PDF,3-1,QFN48,33,VINTA,power,#,confirmed,pin-table:zh+pin-table:en
CH32V20x,CH32V208DS0.PDF,3-1,QFN48,34,ANT,analog,#,confirmed,pin-table:zh+pin-table:en
CH32V20x,CH32V208DS0.PDF,3-1,QFN48,35,VSS_2,power,#,confirmed,pin-table:zh+pin-table:en
CH32V20x,CH32V208DS0.PDF,3-1,QFN48,36,PA14,gpio,#,confirmed,pin-table:zh+pin-table:en
CH32V20x,CH32V208DS0.PDF,3-1,QFN48,37,PA15,gpio,#,confirmed,pin-table:zh+pin-table:en
CH32V20x,CH32V208DS0.PDF,3-1,QFN48,38,PB3,gpio,#,confirmed,pin-table:zh+pin-table:en
CH32V20x,CH32V208DS0.PDF,3-1,QFN48,39,PB4,gpio,#,confirmed,pin-table:zh+pin-table:en
CH32V20x,CH32V208DS0.PDF,3-1,QFN48,40,PB5,gpio,#,confirmed,pin-table:zh+pin-table:en
CH32V20x,CH32V208DS0.PDF,3-1,QFN48,41,PB6,gpio,#,confirmed,pin-table:zh+pin-table:en
CH32V20x,CH32V208DS0.PDF,3-1,QFN48,42,PB7,gpio,#,confirmed,pin-table:zh+pin-table:en
CH32V20x,CH32V208DS0.PDF,3-1,QFN48,43,BOOT0,other,#,confirmed,pin-table:zh+pin-table:en
CH32V20x,CH32V208DS0.PDF,3-1,QFN48,44,PB8,gpio,#,confirmed,pin-table:zh+pin-table:en
CH32V20x,CH32V208DS0.PDF,3-1,QFN48,45,PB9,gpio,#,confirmed,pin-table:zh+pin-table:en
CH32V20x,CH32V208DS0.PDF,3-1,QFN48,46,VSS_3,power,#,confirmed,pin-table:zh+pin-table:en
CH32V20x,CH32V208DS0.PDF,3-1,QFN48,47,VDD_IO_3,power,#,confirmed,pin-table:zh+pin-table:en
CH32V20x,CH32V208DS0.PDF,3-1,QFN48,48,VBAT,power,#,confirmed,pin-table:zh+pin-table:en
CH32V20x,CH32V208DS0.PDF,3-1,QFN48,EP,VSS,power,#,confirmed,pin-table:zh+pin-table:en
CH32V20x,CH32V208DS0.PDF,3-1,QFN68,1,VBAT,power,#,confirmed,pin-table:zh+pin-table:en
CH32V20x,CH32V208DS0.PDF,3-1,QFN68,5,VSSA,power,#,confirmed,pin-table:zh+pin-table:en
CH32V20x,CH32V208DS0.PDF,3-1,QFN68,6,OSC_IN,other,#,confirmed,pin-table:zh+pin-table:en
CH32V20x,CH32V208DS0.PDF,3-1,QFN68,7,OSC_OUT,other,#,confirmed,pin-table:zh+pin-table:en
CH32V20x,CH32V208DS0.PDF,3-1,QFN68,8,NRST,other,#,confirmed,pin-table:zh+pin-table:en
CH32V20x,CH32V208DS0.PDF,3-1,QFN68,9,PC0,gpio,#,confirmed,pin-table:zh+pin-table:en
CH32V20x,CH32V208DS0.PDF,3-1,QFN68,10,PC1,gpio,#,confirmed,pin-table:zh+pin-table:en
CH32V20x,CH32V208DS0.PDF,3-1,QFN68,11,PC2,gpio,#,confirmed,pin-table:zh+pin-table:en
CH32V20x,CH32V208DS0.PDF,3-1,QFN68,12,PC3,gpio,#,confirmed,pin-table:zh+pin-table:en
CH32V20x,CH32V208DS0.PDF,3-1,QFN68,13,VDDA,power,#,confirmed,pin-table:zh+pin-table:en
CH32V20x,CH32V208DS0.PDF,3-1,QFN68,14,PA0-WKUP,gpio,#,confirmed,pin-table:zh+pin-table:en
CH32V20x,CH32V208DS0.PDF,3-1,QFN68,15,PA1,gpio,#,confirmed,pin-table:zh+pin-table:en
CH32V20x,CH32V208DS0.PDF,3-1,QFN68,16,PA2,gpio,#,confirmed,pin-table:zh+pin-table:en
CH32V20x,CH32V208DS0.PDF,3-1,QFN68,17,VIO_4,power,#,confirmed,pin-table:zh+pin-table:en
CH32V20x,CH32V208DS0.PDF,3-1,QFN68,18,PD4,gpio,#,confirmed,pin-table:zh+pin-table:en
CH32V20x,CH32V208DS0.PDF,3-1,QFN68,19,PA3,gpio,#,confirmed,pin-table:zh+pin-table:en
CH32V20x,CH32V208DS0.PDF,3-1,QFN68,20,PA4,gpio,#,confirmed,pin-table:zh+pin-table:en
CH32V20x,CH32V208DS0.PDF,3-1,QFN68,21,PA5,gpio,#,confirmed,pin-table:zh+pin-table:en
CH32V20x,CH32V208DS0.PDF,3-1,QFN68,22,PA6,gpio,#,confirmed,pin-table:zh+pin-table:en
CH32V20x,CH32V208DS0.PDF,3-1,QFN68,23,PA7,gpio,#,confirmed,pin-table:zh+pin-table:en
CH32V20x,CH32V208DS0.PDF,3-1,QFN68,24,PC4,gpio,#,confirmed,pin-table:zh+pin-table:en
CH32V20x,CH32V208DS0.PDF,3-1,QFN68,25,PC5,gpio,#,confirmed,pin-table:zh+pin-table:en
CH32V20x,CH32V208DS0.PDF,3-1,QFN68,26,PB0,gpio,#,confirmed,pin-table:zh+pin-table:en
CH32V20x,CH32V208DS0.PDF,3-1,QFN68,27,PB1,gpio,#,confirmed,pin-table:zh+pin-table:en
CH32V20x,CH32V208DS0.PDF,3-1,QFN68,28,PB2,gpio,#,confirmed,pin-table:zh+pin-table:en
CH32V20x,CH32V208DS0.PDF,3-1,QFN68,29,PB10,gpio,#,confirmed,pin-table:zh+pin-table:en
CH32V20x,CH32V208DS0.PDF,3-1,QFN68,30,PB11,gpio,#,confirmed,pin-table:zh+pin-table:en
CH32V20x,CH32V208DS0.PDF,3-1,QFN68,31,VIO_1,power,#,confirmed,pin-table:zh+pin-table:en
CH32V20x,CH32V208DS0.PDF,3-1,QFN68,32,VDD_1,power,#,confirmed,pin-table:zh+pin-table:en
CH32V20x,CH32V208DS0.PDF,3-1,QFN68,33,PD5,gpio,#,confirmed,pin-table:zh+pin-table:en
CH32V20x,CH32V208DS0.PDF,3-1,QFN68,34,PD6,gpio,#,confirmed,pin-table:zh+pin-table:en
CH32V20x,CH32V208DS0.PDF,3-1,QFN68,35,PB12,gpio,#,confirmed,pin-table:zh+pin-table:en
CH32V20x,CH32V208DS0.PDF,3-1,QFN68,36,PB13,gpio,#,confirmed,pin-table:zh+pin-table:en
CH32V20x,CH32V208DS0.PDF,3-1,QFN68,37,PB14,gpio,#,confirmed,pin-table:zh+pin-table:en
CH32V20x,CH32V208DS0.PDF,3-1,QFN68,38,PB15,gpio,#,confirmed,pin-table:zh+pin-table:en
CH32V20x,CH32V208DS0.PDF,3-1,QFN68,39,PC6,gpio,#,confirmed,pin-table:zh+pin-table:en
CH32V20x,CH32V208DS0.PDF,3-1,QFN68,40,PC7,gpio,#,confirmed,pin-table:zh+pin-table:en
CH32V20x,CH32V208DS0.PDF,3-1,QFN68,41,PC8,gpio,#,confirmed,pin-table:zh+pin-table:en
CH32V20x,CH32V208DS0.PDF,3-1,QFN68,42,PC9,gpio,#,confirmed,pin-table:zh+pin-table:en
CH32V20x,CH32V208DS0.PDF,3-1,QFN68,43,PA8,gpio,#,confirmed,pin-table:zh+pin-table:en
CH32V20x,CH32V208DS0.PDF,3-1,QFN68,44,PA9,gpio,#,confirmed,pin-table:zh+pin-table:en
CH32V20x,CH32V208DS0.PDF,3-1,QFN68,45,PA10,gpio,#,confirmed,pin-table:zh+pin-table:en
CH32V20x,CH32V208DS0.PDF,3-1,QFN68,46,PA11,gpio,#,confirmed,pin-table:zh+pin-table:en
CH32V20x,CH32V208DS0.PDF,3-1,QFN68,47,PA12,gpio,#,confirmed,pin-table:zh+pin-table:en
CH32V20x,CH32V208DS0.PDF,3-1,QFN68,48,PA13,gpio,#,confirmed,pin-table:zh+pin-table:en
CH32V20x,CH32V208DS0.PDF,3-1,QFN68,49,VSS_2,power,#,confirmed,pin-table:zh+pin-table:en
CH32V20x,CH32V208DS0.PDF,3-1,QFN68,50,VINTA,power,#,confirmed,pin-table:zh+pin-table:en
CH32V20x,CH32V208DS0.PDF,3-1,QFN68,51,ANT,analog,#,confirmed,pin-table:zh+pin-table:en
CH32V20x,CH32V208DS0.PDF,3-1,QFN68,52,PA14,gpio,#,confirmed,pin-table:zh+pin-table:en
CH32V20x,CH32V208DS0.PDF,3-1,QFN68,53,PA15,gpio,#,confirmed,pin-table:zh+pin-table:en
CH32V20x,CH32V208DS0.PDF,3-1,QFN68,54,PC10,gpio,#,confirmed,pin-table:zh+pin-table:en
CH32V20x,CH32V208DS0.PDF,3-1,QFN68,55,PC11,gpio,#,confirmed,pin-table:zh+pin-table:en
CH32V20x,CH32V208DS0.PDF,3-1,QFN68,56,PC12,gpio,#,confirmed,pin-table:zh+pin-table:en
CH32V20x,CH32V208DS0.PDF,3-1,QFN68,57,PD2,gpio,#,confirmed,pin-table:zh+pin-table:en
CH32V20x,CH32V208DS0.PDF,3-1,QFN68,58,PB3,gpio,#,confirmed,pin-table:zh+pin-table:en
CH32V20x,CH32V208DS0.PDF,3-1,QFN68,59,PB4,gpio,#,confirmed,pin-table:zh+pin-table:en
CH32V20x,CH32V208DS0.PDF,3-1,QFN68,60,PB5,gpio,#,confirmed,pin-table:zh+pin-table:en
CH32V20x,CH32V208DS0.PDF,3-1,QFN68,61,PB6,gpio,#,confirmed,pin-table:zh+pin-table:en
CH32V20x,CH32V208DS0.PDF,3-1,QFN68,62,PB7,gpio,#,confirmed,pin-table:zh+pin-table:en
CH32V20x,CH32V208DS0.PDF,3-1,QFN68,63,BOOT0,other,#,confirmed,pin-table:zh+pin-table:en
CH32V20x,CH32V208DS0.PDF,3-1,QFN68,64,PB8,gpio,#,confirmed,pin-table:zh+pin-table:en
CH32V20x,CH32V208DS0.PDF,3-1,QFN68,65,PB9,gpio,#,confirmed,pin-table:zh+pin-table:en
CH32V20x,CH32V208DS0.PDF,3-1,QFN68,66,PD3,gpio,#,confirmed,pin-table:zh+pin-table:en
CH32V20x,CH32V208DS0.PDF,3-1,QFN68,67,VIO_3,power,#,confirmed,pin-table:zh+pin-table:en
CH32V20x,CH32V208DS0.PDF,3-1,QFN68,68,VDD_3,power,#,confirmed,pin-table:zh+pin-table:en
CH32V20x,CH32V208DS0.PDF,3-1,QFN68,EP,VSS,power,#,confirmed,pin-table:zh+pin-table:en
CH32V307,CH32V20x_30xDS0.PDF,3-1,LQFP100,1,PE2,gpio,#,confirmed,pin-table:zh+pin-table:en
CH32V307,CH32V20x_30xDS0.PDF,3-1,LQFP100,2,PE3,gpio,#,confirmed,pin-table:zh+pin-table:en
CH32V307,CH32V20x_30xDS0.PDF,3-1,LQFP100,3,PE4,gpio,#,confirmed,pin-table:zh+pin-table:en
CH32V307,CH32V20x_30xDS0.PDF,3-1,LQFP100,4,PE5,gpio,#,confirmed,pin-table:zh+pin-table:en
CH32V307,CH32V20x_30xDS0.PDF,3-1,LQFP100,5,PE6,gpio,#,confirmed,pin-table:zh+pin-table:en
CH32V307,CH32V20x_30xDS0.PDF,3-1,LQFP100,6,VBAT,power,#,confirmed,pin-table:zh+pin-table:en
CH32V307,CH32V20x_30xDS0.PDF,3-1,LQFP100,10,VSS_5,power,#,confirmed,pin-table:zh+pin-table:en
CH32V307,CH32V20x_30xDS0.PDF,3-1,LQFP100,11,VDD_5,power,#,confirmed,pin-table:zh+pin-table:en
CH32V307,CH32V20x_30xDS0.PDF,3-1,LQFP100,12,OSC_IN,other,#,confirmed,pin-table:zh+pin-table:en
CH32V307,CH32V20x_30xDS0.PDF,3-1,LQFP100,13,OSC_OUT,other,#,confirmed,pin-table:zh+pin-table:en
CH32V307,CH32V20x_30xDS0.PDF,3-1,LQFP100,14,NRST,other,#,confirmed,pin-table:zh+pin-table:en
CH32V307,CH32V20x_30xDS0.PDF,3-1,LQFP100,15,PC0,gpio,#,confirmed,pin-table:zh+pin-table:en
CH32V307,CH32V20x_30xDS0.PDF,3-1,LQFP100,16,PC1,gpio,#,confirmed,pin-table:zh+pin-table:en
CH32V307,CH32V20x_30xDS0.PDF,3-1,LQFP100,17,PC2,gpio,#,confirmed,pin-table:zh+pin-table:en
CH32V307,CH32V20x_30xDS0.PDF,3-1,LQFP100,18,PC3,gpio,#,confirmed,pin-table:zh+pin-table:en
CH32V307,CH32V20x_30xDS0.PDF,3-1,LQFP100,19,VSSA,power,#,confirmed,pin-table:zh+pin-table:en
CH32V307,CH32V20x_30xDS0.PDF,3-1,LQFP100,20,VREF-,power,#,confirmed,pin-table:zh+pin-table:en
CH32V307,CH32V20x_30xDS0.PDF,3-1,LQFP100,21,VREF+,power,#,confirmed,pin-table:zh+pin-table:en
CH32V307,CH32V20x_30xDS0.PDF,3-1,LQFP100,22,VDDA,power,#,confirmed,pin-table:zh+pin-table:en
CH32V307,CH32V20x_30xDS0.PDF,3-1,LQFP100,23,PA0-WKUP,gpio,#,confirmed,pin-table:zh+pin-table:en
CH32V307,CH32V20x_30xDS0.PDF,3-1,LQFP100,24,PA1,gpio,#,reference,pin-table:en
CH32V307,CH32V20x_30xDS0.PDF,3-1,LQFP100,25,PA2,gpio,#,confirmed,pin-table:zh+pin-table:en
CH32V307,CH32V20x_30xDS0.PDF,3-1,LQFP100,26,PA3,gpio,#,confirmed,pin-table:zh+pin-table:en
CH32V307,CH32V20x_30xDS0.PDF,3-1,LQFP100,27,VSS_4,power,#,confirmed,pin-table:zh+pin-table:en
CH32V307,CH32V20x_30xDS0.PDF,3-1,LQFP100,28,VDD_4,power,#,confirmed,pin-table:zh+pin-table:en
CH32V307,CH32V20x_30xDS0.PDF,3-1,LQFP100,29,PA4,gpio,#,confirmed,pin-table:zh+pin-table:en
CH32V307,CH32V20x_30xDS0.PDF,3-1,LQFP100,31,PA6,gpio,#,confirmed,pin-table:zh+pin-table:en
CH32V307,CH32V20x_30xDS0.PDF,3-1,LQFP100,32,PA7,gpio,#,confirmed,pin-table:zh+pin-table:en
CH32V307,CH32V20x_30xDS0.PDF,3-1,LQFP100,33,PC4,gpio,#,confirmed,pin-table:zh+pin-table:en
CH32V307,CH32V20x_30xDS0.PDF,3-1,LQFP100,34,PC5,gpio,#,confirmed,pin-table:zh+pin-table:en
CH32V307,CH32V20x_30xDS0.PDF,3-1,LQFP100,35,PB0,gpio,#,confirmed,pin-table:zh+pin-table:en
CH32V307,CH32V20x_30xDS0.PDF,3-1,LQFP100,36,PB1,gpio,#,confirmed,pin-table:zh+pin-table:en
CH32V307,CH32V20x_30xDS0.PDF,3-1,LQFP100,37,PB2,gpio,#,reference,pin-table:en
CH32V307,CH32V20x_30xDS0.PDF,3-1,LQFP100,38,PE7,gpio,#,confirmed,pin-table:zh+pin-table:en
CH32V307,CH32V20x_30xDS0.PDF,3-1,LQFP100,39,PE8,gpio,#,confirmed,pin-table:zh+pin-table:en
CH32V307,CH32V20x_30xDS0.PDF,3-1,LQFP100,40,PE9,gpio,#,confirmed,pin-table:zh+pin-table:en
CH32V307,CH32V20x_30xDS0.PDF,3-1,LQFP100,41,PE10,gpio,#,confirmed,pin-table:zh+pin-table:en
CH32V307,CH32V20x_30xDS0.PDF,3-1,LQFP100,42,PE11,gpio,#,confirmed,pin-table:zh+pin-table:en
CH32V307,CH32V20x_30xDS0.PDF,3-1,LQFP100,43,PE12,gpio,#,confirmed,pin-table:zh+pin-table:en
CH32V307,CH32V20x_30xDS0.PDF,3-1,LQFP100,44,PE13,gpio,#,confirmed,pin-table:zh+pin-table:en
CH32V307,CH32V20x_30xDS0.PDF,3-1,LQFP100,45,PE14,gpio,#,confirmed,pin-table:zh+pin-table:en
CH32V307,CH32V20x_30xDS0.PDF,3-1,LQFP100,46,PE15,gpio,#,confirmed,pin-table:zh+pin-table:en
CH32V307,CH32V20x_30xDS0.PDF,3-1,LQFP100,47,PB10,gpio,#,confirmed,pin-table:zh+pin-table:en
CH32V307,CH32V20x_30xDS0.PDF,3-1,LQFP100,48,PB11,gpio,#,confirmed,pin-table:zh+pin-table:en
CH32V307,CH32V20x_30xDS0.PDF,3-1,LQFP100,49,VSS_1,power,#,confirmed,pin-table:zh+pin-table:en
CH32V307,CH32V20x_30xDS0.PDF,3-1,LQFP100,50,VIO_1,power,#,confirmed,pin-table:zh+pin-table:en
CH32V307,CH32V20x_30xDS0.PDF,3-1,LQFP100,51,PB12,gpio,#,confirmed,pin-table:zh+pin-table:en
CH32V307,CH32V20x_30xDS0.PDF,3-1,LQFP100,52,PB13,gpio,#,confirmed,pin-table:zh+pin-table:en
CH32V307,CH32V20x_30xDS0.PDF,3-1,LQFP100,53,PB14,gpio,#,confirmed,pin-table:zh+pin-table:en
CH32V307,CH32V20x_30xDS0.PDF,3-1,LQFP100,54,PB15,gpio,#,confirmed,pin-table:zh+pin-table:en
CH32V307,CH32V20x_30xDS0.PDF,3-1,LQFP100,55,PD8,gpio,#,confirmed,pin-table:zh+pin-table:en
CH32V307,CH32V20x_30xDS0.PDF,3-1,LQFP100,56,PD9,gpio,#,confirmed,pin-table:zh+pin-table:en
CH32V307,CH32V20x_30xDS0.PDF,3-1,LQFP100,57,PD10,gpio,#,confirmed,pin-table:zh+pin-table:en
CH32V307,CH32V20x_30xDS0.PDF,3-1,LQFP100,58,PD11,gpio,#,confirmed,pin-table:zh+pin-table:en
CH32V307,CH32V20x_30xDS0.PDF,3-1,LQFP100,59,PD12,gpio,#,confirmed,pin-table:zh+pin-table:en
CH32V307,CH32V20x_30xDS0.PDF,3-1,LQFP100,60,PD13,gpio,#,confirmed,pin-table:zh+pin-table:en
CH32V307,CH32V20x_30xDS0.PDF,3-1,LQFP100,61,PD14,gpio,#,confirmed,pin-table:zh+pin-table:en
CH32V307,CH32V20x_30xDS0.PDF,3-1,LQFP100,62,PD15,gpio,#,confirmed,pin-table:zh+pin-table:en
CH32V307,CH32V20x_30xDS0.PDF,3-1,LQFP100,63,PC6,gpio,#,confirmed,pin-table:zh+pin-table:en
CH32V307,CH32V20x_30xDS0.PDF,3-1,LQFP100,64,PC7,gpio,#,confirmed,pin-table:zh+pin-table:en
CH32V307,CH32V20x_30xDS0.PDF,3-1,LQFP100,65,PC8,gpio,#,confirmed,pin-table:zh+pin-table:en
CH32V307,CH32V20x_30xDS0.PDF,3-1,LQFP100,67,PA8,gpio,#,reference,pin-table:en
CH32V307,CH32V20x_30xDS0.PDF,3-1,LQFP100,68,PA9,gpio,#,reference,pin-table:en
CH32V307,CH32V20x_30xDS0.PDF,3-1,LQFP100,69,PA10,gpio,#,confirmed,pin-table:zh+pin-table:en
CH32V307,CH32V20x_30xDS0.PDF,3-1,LQFP100,70,PA11,gpio,#,confirmed,pin-table:zh+pin-table:en
CH32V307,CH32V20x_30xDS0.PDF,3-1,LQFP100,71,PA12,gpio,#,confirmed,pin-table:zh+pin-table:en
CH32V307,CH32V20x_30xDS0.PDF,3-1,LQFP100,72,PA13,gpio,#,reference,pin-table:en
CH32V307,CH32V20x_30xDS0.PDF,3-1,LQFP100,74,VSS_2,power,#,confirmed,pin-table:zh+pin-table:en
CH32V307,CH32V20x_30xDS0.PDF,3-1,LQFP100,75,VDD_2,power,#,confirmed,pin-table:zh+pin-table:en
CH32V307,CH32V20x_30xDS0.PDF,3-1,LQFP100,76,PA14,gpio,#,confirmed,pin-table:zh+pin-table:en
CH32V307,CH32V20x_30xDS0.PDF,3-1,LQFP100,77,PA15,gpio,#,confirmed,pin-table:zh+pin-table:en
CH32V307,CH32V20x_30xDS0.PDF,3-1,LQFP100,78,PC10,gpio,#,confirmed,pin-table:zh+pin-table:en
CH32V307,CH32V20x_30xDS0.PDF,3-1,LQFP100,79,PC11,gpio,#,confirmed,pin-table:zh+pin-table:en
CH32V307,CH32V20x_30xDS0.PDF,3-1,LQFP100,80,PC12,gpio,#,confirmed,pin-table:zh+pin-table:en
CH32V307,CH32V20x_30xDS0.PDF,3-1,LQFP100,81,PD0,gpio,#,confirmed,pin-table:zh+pin-table:en
CH32V307,CH32V20x_30xDS0.PDF,3-1,LQFP100,82,PD1,gpio,#,confirmed,pin-table:zh+pin-table:en
CH32V307,CH32V20x_30xDS0.PDF,3-1,LQFP100,83,PD2,gpio,#,confirmed,pin-table:zh+pin-table:en
CH32V307,CH32V20x_30xDS0.PDF,3-1,LQFP100,84,PD3,gpio,#,confirmed,pin-table:zh+pin-table:en
CH32V307,CH32V20x_30xDS0.PDF,3-1,LQFP100,85,PD4,gpio,#,confirmed,pin-table:zh+pin-table:en
CH32V307,CH32V20x_30xDS0.PDF,3-1,LQFP100,86,PD5,gpio,#,confirmed,pin-table:zh+pin-table:en
CH32V307,CH32V20x_30xDS0.PDF,3-1,LQFP100,87,PD6,gpio,#,confirmed,pin-table:zh+pin-table:en
CH32V307,CH32V20x_30xDS0.PDF,3-1,LQFP100,88,PD7,gpio,#,confirmed,pin-table:zh+pin-table:en
CH32V307,CH32V20x_30xDS0.PDF,3-1,LQFP100,89,PB3,gpio,#,confirmed,pin-table:zh+pin-table:en
CH32V307,CH32V20x_30xDS0.PDF,3-1,LQFP100,90,PB4,gpio,#,confirmed,pin-table:zh+pin-table:en
CH32V307,CH32V20x_30xDS0.PDF,3-1,LQFP100,91,PB5,gpio,#,confirmed,pin-table:zh+pin-table:en
CH32V307,CH32V20x_30xDS0.PDF,3-1,LQFP100,92,PB6,gpio,#,confirmed,pin-table:zh+pin-table:en
CH32V307,CH32V20x_30xDS0.PDF,3-1,LQFP100,93,PB7,gpio,#,confirmed,pin-table:zh+pin-table:en
CH32V307,CH32V20x_30xDS0.PDF,3-1,LQFP100,94,BOOT0,other,#,reference,pin-table:en
CH32V307,CH32V20x_30xDS0.PDF,3-1,LQFP100,95,PB8,gpio,#,confirmed,pin-table:zh+pin-table:en
CH32V307,CH32V20x_30xDS0.PDF,3-1,LQFP100,96,PB9,gpio,#,confirmed,pin-table:zh+pin-table:en
CH32V307,CH32V20x_30xDS0.PDF,3-1,LQFP100,97,PE0,gpio,#,confirmed,pin-table:zh+pin-table:en
CH32V307,CH32V20x_30xDS0.PDF,3-1,LQFP100,98,PE1,gpio,#,confirmed,pin-table:zh+pin-table:en
CH32V307,CH32V20x_30xDS0.PDF,3-1,LQFP100,99,VSS_3,power,#,confirmed,pin-table:zh+pin-table:en
CH32V307,CH32V20x_30xDS0.PDF,3-1,LQFP100,100,VIO_3,power,#,confirmed,pin-table:zh+pin-table:en
CH32V307,CH32V20x_30xDS0.PDF,3-1,LQFP48(V303CBT6)(17),1,VBAT,power,#,confirmed,pin-table:zh+pin-table:en
CH32V307,CH32V20x_30xDS0.PDF,3-1,LQFP48(V303CBT6)(17),5,OSC_IN,other,#,confirmed,pin-table:zh+pin-table:en
CH32V307,CH32V20x_30xDS0.PDF,3-1,LQFP48(V303CBT6)(17),6,OSC_OUT,other,#,confirmed,pin-table:zh+pin-table:en
CH32V307,CH32V20x_30xDS0.PDF,3-1,LQFP48(V303CBT6)(17),7,NRST,other,#,confirmed,pin-table:zh+pin-table:en
CH32V307,CH32V20x_30xDS0.PDF,3-1,LQFP48(V303CBT6)(17),8,VSSA,power,#,confirmed,pin-table:zh+pin-table:en
CH32V307,CH32V20x_30xDS0.PDF,3-1,LQFP48(V303CBT6)(17),9,VDDA,power,#,confirmed,pin-table:zh+pin-table:en
CH32V307,CH32V20x_30xDS0.PDF,3-1,LQFP48(V303CBT6)(17),10,PA0-WKUP,gpio,#,confirmed,pin-table:zh+pin-table:en
CH32V307,CH32V20x_30xDS0.PDF,3-1,LQFP48(V303CBT6)(17),11,PA1,gpio,#,reference,pin-table:en
CH32V307,CH32V20x_30xDS0.PDF,3-1,LQFP48(V303CBT6)(17),12,PA2,gpio,#,confirmed,pin-table:zh+pin-table:en
CH32V307,CH32V20x_30xDS0.PDF,3-1,LQFP48(V303CBT6)(17),13,PA3,gpio,#,confirmed,pin-table:zh+pin-table:en
CH32V307,CH32V20x_30xDS0.PDF,3-1,LQFP48(V303CBT6)(17),14,PA4,gpio,#,confirmed,pin-table:zh+pin-table:en
CH32V307,CH32V20x_30xDS0.PDF,3-1,LQFP48(V303CBT6)(17),16,PA6,gpio,#,confirmed,pin-table:zh+pin-table:en
CH32V307,CH32V20x_30xDS0.PDF,3-1,LQFP48(V303CBT6)(17),17,PA7,gpio,#,confirmed,pin-table:zh+pin-table:en
CH32V307,CH32V20x_30xDS0.PDF,3-1,LQFP48(V303CBT6)(17),18,PB0,gpio,#,confirmed,pin-table:zh+pin-table:en
CH32V307,CH32V20x_30xDS0.PDF,3-1,LQFP48(V303CBT6)(17),19,PB1,gpio,#,confirmed,pin-table:zh+pin-table:en
CH32V307,CH32V20x_30xDS0.PDF,3-1,LQFP48(V303CBT6)(17),20,PB2,gpio,#,reference,pin-table:en
CH32V307,CH32V20x_30xDS0.PDF,3-1,LQFP48(V303CBT6)(17),21,PB10,gpio,#,confirmed,pin-table:zh+pin-table:en
CH32V307,CH32V20x_30xDS0.PDF,3-1,LQFP48(V303CBT6)(17),22,PB11,gpio,#,confirmed,pin-table:zh+pin-table:en
CH32V307,CH32V20x_30xDS0.PDF,3-1,LQFP48(V303CBT6)(17),23,VSS_1,power,#,confirmed,pin-table:zh+pin-table:en
CH32V307,CH32V20x_30xDS0.PDF,3-1,LQFP48(V303CBT6)(17),24,VDD_IO_1,power,#,confirmed,pin-table:zh+pin-table:en
CH32V307,CH32V20x_30xDS0.PDF,3-1,LQFP48(V303CBT6)(17),25,PB12,gpio,#,confirmed,pin-table:zh+pin-table:en
CH32V307,CH32V20x_30xDS0.PDF,3-1,LQFP48(V303CBT6)(17),26,PB13,gpio,#,confirmed,pin-table:zh+pin-table:en
CH32V307,CH32V20x_30xDS0.PDF,3-1,LQFP48(V303CBT6)(17),27,PB14,gpio,#,confirmed,pin-table:zh+pin-table:en
CH32V307,CH32V20x_30xDS0.PDF,3-1,LQFP48(V303CBT6)(17),28,PB15,gpio,#,confirmed,pin-table:zh+pin-table:en
CH32V307,CH32V20x_30xDS0.PDF,3-1,LQFP48(V303CBT6)(17),29,PA8,gpio,#,reference,pin-table:en
CH32V307,CH32V20x_30xDS0.PDF,3-1,LQFP48(V303CBT6)(17),30,PA9,gpio,#,reference,pin-table:en
CH32V307,CH32V20x_30xDS0.PDF,3-1,LQFP48(V303CBT6)(17),31,PA10,gpio,#,confirmed,pin-table:zh+pin-table:en
CH32V307,CH32V20x_30xDS0.PDF,3-1,LQFP48(V303CBT6)(17),32,PA11,gpio,#,confirmed,pin-table:zh+pin-table:en
CH32V307,CH32V20x_30xDS0.PDF,3-1,LQFP48(V303CBT6)(17),33,PA12,gpio,#,confirmed,pin-table:zh+pin-table:en
CH32V307,CH32V20x_30xDS0.PDF,3-1,LQFP48(V303CBT6)(17),34,PA13,gpio,#,reference,pin-table:en
CH32V307,CH32V20x_30xDS0.PDF,3-1,LQFP48(V303CBT6)(17),35,VSS_2,power,#,confirmed,pin-table:zh+pin-table:en
CH32V307,CH32V20x_30xDS0.PDF,3-1,LQFP48(V303CBT6)(17),36,VDD_2,power,#,confirmed,pin-table:zh+pin-table:en
CH32V307,CH32V20x_30xDS0.PDF,3-1,LQFP48(V303CBT6)(17),37,PA14,gpio,#,confirmed,pin-table:zh+pin-table:en
CH32V307,CH32V20x_30xDS0.PDF,3-1,LQFP48(V303CBT6)(17),38,PA15,gpio,#,confirmed,pin-table:zh+pin-table:en
CH32V307,CH32V20x_30xDS0.PDF,3-1,LQFP48(V303CBT6)(17),39,PB3,gpio,#,confirmed,pin-table:zh+pin-table:en
CH32V307,CH32V20x_30xDS0.PDF,3-1,LQFP48(V303CBT6)(17),40,PB4,gpio,#,confirmed,pin-table:zh+pin-table:en
CH32V307,CH32V20x_30xDS0.PDF,3-1,LQFP48(V303CBT6)(17),41,PB5,gpio,#,confirmed,pin-table:zh+pin-table:en
CH32V307,CH32V20x_30xDS0.PDF,3-1,LQFP48(V303CBT6)(17),42,PB6,gpio,#,confirmed,pin-table:zh+pin-table:en
CH32V307,CH32V20x_30xDS0.PDF,3-1,LQFP48(V303CBT6)(17),43,PB7,gpio,#,confirmed,pin-table:zh+pin-table:en
CH32V307,CH32V20x_30xDS0.PDF,3-1,LQFP48(V303CBT6)(17),44,BOOT0,other,#,reference,pin-table:en
CH32V307,CH32V20x_30xDS0.PDF,3-1,LQFP48(V303CBT6)(17),45,PB8,gpio,#,confirmed,pin-table:zh+pin-table:en
CH32V307,CH32V20x_30xDS0.PDF,3-1,LQFP48(V303CBT6)(17),46,PB9,gpio,#,confirmed,pin-table:zh+pin-table:en
CH32V307,CH32V20x_30xDS0.PDF,3-1,LQFP48(V303CBT6)(17),47,VSS_3,power,#,confirmed,pin-table:zh+pin-table:en
CH32V307,CH32V20x_30xDS0.PDF,3-1,LQFP48(V303CBT6)(17),48,VDD_IO_3,power,#,confirmed,pin-table:zh+pin-table:en
CH32V307,CH32V20x_30xDS0.PDF,3-1,LQFP48(V305CCT6),1,OSC_IN,other,#,confirmed,pin-table:zh+pin-table:en
CH32V307,CH32V20x_30xDS0.PDF,3-1,LQFP48(V305CCT6),2,OSC_OUT,other,#,confirmed,pin-table:zh+pin-table:en
CH32V307,CH32V20x_30xDS0.PDF,3-1,LQFP48(V305CCT6),3,NRST,other,#,confirmed,pin-table:zh+pin-table:en
CH32V307,CH32V20x_30xDS0.PDF,3-1,LQFP48(V305CCT6),4,PC0,gpio,#,confirmed,pin-table:zh+pin-table:en
CH32V307,CH32V20x_30xDS0.PDF,3-1,LQFP48(V305CCT6),5,PC1,gpio,#,confirmed,pin-table:zh+pin-table:en
CH32V307,CH32V20x_30xDS0.PDF,3-1,LQFP48(V305CCT6),6,PC2,gpio,#,confirmed,pin-table:zh+pin-table:en
CH32V307,CH32V20x_30xDS0.PDF,3-1,LQFP48(V305CCT6),7,PC3,gpio,#,confirmed,pin-table:zh+pin-table:en
CH32V307,CH32V20x_30xDS0.PDF,3-1,LQFP48(V305CCT6),8,VSSA,power,#,confirmed,pin-table:zh+pin-table:en
CH32V307,CH32V20x_30xDS0.PDF,3-1,LQFP48(V305CCT6),9,VDDA,power,#,confirmed,pin-table:zh+pin-table:en
CH32V307,CH32V20x_30xDS0.PDF,3-1,LQFP48(V305CCT6),10,PA0-WKUP,gpio,#,confirmed,pin-table:zh+pin-table:en
CH32V307,CH32V20x_30xDS0.PDF,3-1,LQFP48(V305CCT6),11,PA1,gpio,#,reference,pin-table:en
CH32V307,CH32V20x_30xDS0.PDF,3-1,LQFP48(V305CCT6),12,PA2,gpio,#,confirmed,pin-table:zh+pin-table:en
CH32V307,CH32V20x_30xDS0.PDF,3-1,LQFP48(V305CCT6),13,PA3,gpio,#,confirmed,pin-table:zh+pin-table:en
CH32V307,CH32V20x_30xDS0.PDF,3-1,LQFP48(V305CCT6),14,PA4,gpio,#,confirmed,pin-table:zh+pin-table:en
CH32V307,CH32V20x_30xDS0.PDF,3-1,LQFP48(V305CCT6),16,PA6,gpio,#,confirmed,pin-table:zh+pin-table:en
CH32V307,CH32V20x_30xDS0.PDF,3-1,LQFP48(V305CCT6),17,PA7,gpio,#,confirmed,pin-table:zh+pin-table:en
CH32V307,CH32V20x_30xDS0.PDF,3-1,LQFP48(V305CCT6),18,PC4,gpio,#,confirmed,pin-table:zh+pin-table:en
CH32V307,CH32V20x_30xDS0.PDF,3-1,LQFP48(V305CCT6),19,PC5,gpio,#,confirmed,pin-table:zh+pin-table:en
CH32V307,CH32V20x_30xDS0.PDF,3-1,LQFP48(V305CCT6),20,PB0,gpio,#,confirmed,pin-table:zh+pin-table:en
CH32V307,CH32V20x_30xDS0.PDF,3-1,LQFP48(V305CCT6),21,PB1,gpio,#,confirmed,pin-table:zh+pin-table:en
CH32V307,CH32V20x_30xDS0.PDF,3-1,LQFP48(V305CCT6),22,PB2,gpio,#,reference,pin-table:en
CH32V307,CH32V20x_30xDS0.PDF,3-1,LQFP48(V305CCT6),23,PB10,gpio,#,confirmed,pin-table:zh+pin-table:en
CH32V307,CH32V20x_30xDS0.PDF,3-1,LQFP48(V305CCT6),24,PB11,gpio,#,confirmed,pin-table:zh+pin-table:en
CH32V307,CH32V20x_30xDS0.PDF,3-1,LQFP48(V305CCT6),25,VDD_IO_1,power,#,confirmed,pin-table:zh+pin-table:en
CH32V307,CH32V20x_30xDS0.PDF,3-1,LQFP48(V305CCT6),26,VSS_1,power,#,confirmed,pin-table:zh+pin-table:en
CH32V307,CH32V20x_30xDS0.PDF,3-1,LQFP48(V305CCT6),27,PB12,gpio,#,confirmed,pin-table:zh+pin-table:en
CH32V307,CH32V20x_30xDS0.PDF,3-1,LQFP48(V305CCT6),28,PB13,gpio,#,confirmed,pin-table:zh+pin-table:en
CH32V307,CH32V20x_30xDS0.PDF,3-1,LQFP48(V305CCT6),29,PB14,gpio,#,confirmed,pin-table:zh+pin-table:en
CH32V307,CH32V20x_30xDS0.PDF,3-1,LQFP48(V305CCT6),30,PB15,gpio,#,confirmed,pin-table:zh+pin-table:en
CH32V307,CH32V20x_30xDS0.PDF,3-1,LQFP48(V305CCT6),31,PC6,gpio,#,confirmed,pin-table:zh+pin-table:en
CH32V307,CH32V20x_30xDS0.PDF,3-1,LQFP48(V305CCT6),32,PA8,gpio,#,reference,pin-table:en
CH32V307,CH32V20x_30xDS0.PDF,3-1,LQFP48(V305CCT6),33,PA9,gpio,#,reference,pin-table:en
CH32V307,CH32V20x_30xDS0.PDF,3-1,LQFP48(V305CCT6),34,PA10,gpio,#,confirmed,pin-table:zh+pin-table:en
CH32V307,CH32V20x_30xDS0.PDF,3-1,LQFP48(V305CCT6),35,PA11,gpio,#,confirmed,pin-table:zh+pin-table:en
CH32V307,CH32V20x_30xDS0.PDF,3-1,LQFP48(V305CCT6),36,PA12,gpio,#,confirmed,pin-table:zh+pin-table:en
CH32V307,CH32V20x_30xDS0.PDF,3-1,LQFP48(V305CCT6),37,PA13,gpio,#,reference,pin-table:en
CH32V307,CH32V20x_30xDS0.PDF,3-1,LQFP48(V305CCT6),38,PA14,gpio,#,confirmed,pin-table:zh+pin-table:en
CH32V307,CH32V20x_30xDS0.PDF,3-1,LQFP48(V305CCT6),39,PA15,gpio,#,confirmed,pin-table:zh+pin-table:en
CH32V307,CH32V20x_30xDS0.PDF,3-1,LQFP48(V305CCT6),40,PB3,gpio,#,confirmed,pin-table:zh+pin-table:en
CH32V307,CH32V20x_30xDS0.PDF,3-1,LQFP48(V305CCT6),41,PB4,gpio,#,confirmed,pin-table:zh+pin-table:en
CH32V307,CH32V20x_30xDS0.PDF,3-1,LQFP48(V305CCT6),42,PB5,gpio,#,confirmed,pin-table:zh+pin-table:en
CH32V307,CH32V20x_30xDS0.PDF,3-1,LQFP48(V305CCT6),43,PB6,gpio,#,confirmed,pin-table:zh+pin-table:en
CH32V307,CH32V20x_30xDS0.PDF,3-1,LQFP48(V305CCT6),44,PB7,gpio,#,confirmed,pin-table:zh+pin-table:en
CH32V307,CH32V20x_30xDS0.PDF,3-1,LQFP48(V305CCT6),45,PB8,gpio,#,confirmed,pin-table:zh+pin-table:en
CH32V307,CH32V20x_30xDS0.PDF,3-1,LQFP48(V305CCT6),46,PB9,gpio,#,confirmed,pin-table:zh+pin-table:en
CH32V307,CH32V20x_30xDS0.PDF,3-1,LQFP48(V305CCT6),47,VSS_3,power,#,confirmed,pin-table:zh+pin-table:en
CH32V307,CH32V20x_30xDS0.PDF,3-1,LQFP48(V305CCT6),48,VDD_IO_3,power,#,confirmed,pin-table:zh+pin-table:en
CH32V307,CH32V20x_30xDS0.PDF,3-1,LQFP64M(17),1,VBAT,power,#,confirmed,pin-table:zh+pin-table:en
CH32V307,CH32V20x_30xDS0.PDF,3-1,LQFP64M(17),5,OSC_IN,other,#,confirmed,pin-table:zh+pin-table:en
CH32V307,CH32V20x_30xDS0.PDF,3-1,LQFP64M(17),6,OSC_OUT,other,#,confirmed,pin-table:zh+pin-table:en
CH32V307,CH32V20x_30xDS0.PDF,3-1,LQFP64M(17),7,NRST,other,#,confirmed,pin-table:zh+pin-table:en
CH32V307,CH32V20x_30xDS0.PDF,3-1,LQFP64M(17),8,PC0,gpio,#,confirmed,pin-table:zh+pin-table:en
CH32V307,CH32V20x_30xDS0.PDF,3-1,LQFP64M(17),9,PC1,gpio,#,confirmed,pin-table:zh+pin-table:en
CH32V307,CH32V20x_30xDS0.PDF,3-1,LQFP64M(17),10,PC2,gpio,#,confirmed,pin-table:zh+pin-table:en
CH32V307,CH32V20x_30xDS0.PDF,3-1,LQFP64M(17),11,PC3,gpio,#,confirmed,pin-table:zh+pin-table:en
CH32V307,CH32V20x_30xDS0.PDF,3-1,LQFP64M(17),12,VSSA,power,#,confirmed,pin-table:zh+pin-table:en
CH32V307,CH32V20x_30xDS0.PDF,3-1,LQFP64M(17),13,VDDA,power,#,confirmed,pin-table:zh+pin-table:en
CH32V307,CH32V20x_30xDS0.PDF,3-1,LQFP64M(17),14,PA0-WKUP,gpio,#,confirmed,pin-table:zh+pin-table:en
CH32V307,CH32V20x_30xDS0.PDF,3-1,LQFP64M(17),15,PA1,gpio,#,reference,pin-table:en
CH32V307,CH32V20x_30xDS0.PDF,3-1,LQFP64M(17),16,PA2,gpio,#,confirmed,pin-table:zh+pin-table:en
CH32V307,CH32V20x_30xDS0.PDF,3-1,LQFP64M(17),17,PA3,gpio,#,confirmed,pin-table:zh+pin-table:en
CH32V307,CH32V20x_30xDS0.PDF,3-1,LQFP64M(17),18,VSS_4,power,#,confirmed,pin-table:zh+pin-table:en
CH32V307,CH32V20x_30xDS0.PDF,3-1,LQFP64M(17),19,VDD_4,power,#,confirmed,pin-table:zh+pin-table:en
CH32V307,CH32V20x_30xDS0.PDF,3-1,LQFP64M(17),20,PA4,gpio,#,confirmed,pin-table:zh+pin-table:en
CH32V307,CH32V20x_30xDS0.PDF,3-1,LQFP64M(17),22,PA6,gpio,#,confirmed,pin-table:zh+pin-table:en
CH32V307,CH32V20x_30xDS0.PDF,3-1,LQFP64M(17),23,PA7,gpio,#,confirmed,pin-table:zh+pin-table:en
CH32V307,CH32V20x_30xDS0.PDF,3-1,LQFP64M(17),24,PC4,gpio,#,confirmed,pin-table:zh+pin-table:en
CH32V307,CH32V20x_30xDS0.PDF,3-1,LQFP64M(17),25,PC5,gpio,#,confirmed,pin-table:zh+pin-table:en
CH32V307,CH32V20x_30xDS0.PDF,3-1,LQFP64M(17),26,PB0,gpio,#,confirmed,pin-table:zh+pin-table:en
CH32V307,CH32V20x_30xDS0.PDF,3-1,LQFP64M(17),27,PB1,gpio,#,confirmed,pin-table:zh+pin-table:en
CH32V307,CH32V20x_30xDS0.PDF,3-1,LQFP64M(17),28,PB2,gpio,#,reference,pin-table:en
CH32V307,CH32V20x_30xDS0.PDF,3-1,LQFP64M(17),29,PB10,gpio,#,confirmed,pin-table:zh+pin-table:en
CH32V307,CH32V20x_30xDS0.PDF,3-1,LQFP64M(17),30,PB11,gpio,#,confirmed,pin-table:zh+pin-table:en
CH32V307,CH32V20x_30xDS0.PDF,3-1,LQFP64M(17),31,VSS_1,power,#,confirmed,pin-table:zh+pin-table:en
CH32V307,CH32V20x_30xDS0.PDF,3-1,LQFP64M(17),32,VIO_1,power,#,confirmed,pin-table:zh+pin-table:en
CH32V307,CH32V20x_30xDS0.PDF,3-1,LQFP64M(17),33,PB12,gpio,#,confirmed,pin-table:zh+pin-table:en
CH32V307,CH32V20x_30xDS0.PDF,3-1,LQFP64M(17),34,PB13,gpio,#,confirmed,pin-table:zh+pin-table:en
CH32V307,CH32V20x_30xDS0.PDF,3-1,LQFP64M(17),35,PB14,gpio,#,confirmed,pin-table:zh+pin-table:en
CH32V307,CH32V20x_30xDS0.PDF,3-1,LQFP64M(17),36,PB15,gpio,#,confirmed,pin-table:zh+pin-table:en
CH32V307,CH32V20x_30xDS0.PDF,3-1,LQFP64M(17),37,PC6,gpio,#,confirmed,pin-table:zh+pin-table:en
CH32V307,CH32V20x_30xDS0.PDF,3-1,LQFP64M(17),38,PC7,gpio,#,confirmed,pin-table:zh+pin-table:en
CH32V307,CH32V20x_30xDS0.PDF,3-1,LQFP64M(17),39,PC8,gpio,#,confirmed,pin-table:zh+pin-table:en
CH32V307,CH32V20x_30xDS0.PDF,3-1,LQFP64M(17),41,PA8,gpio,#,reference,pin-table:en
CH32V307,CH32V20x_30xDS0.PDF,3-1,LQFP64M(17),42,PA9,gpio,#,reference,pin-table:en
CH32V307,CH32V20x_30xDS0.PDF,3-1,LQFP64M(17),43,PA10,gpio,#,confirmed,pin-table:zh+pin-table:en
CH32V307,CH32V20x_30xDS0.PDF,3-1,LQFP64M(17),44,PA11,gpio,#,confirmed,pin-table:zh+pin-table:en
CH32V307,CH32V20x_30xDS0.PDF,3-1,LQFP64M(17),45,PA12,gpio,#,confirmed,pin-table:zh+pin-table:en
CH32V307,CH32V20x_30xDS0.PDF,3-1,LQFP64M(17),46,PA13,gpio,#,reference,pin-table:en
CH32V307,CH32V20x_30xDS0.PDF,3-1,LQFP64M(17),47,VSS_2,power,#,confirmed,pin-table:zh+pin-table:en
CH32V307,CH32V20x_30xDS0.PDF,3-1,LQFP64M(17),48,VDD_2,power,#,confirmed,pin-table:zh+pin-table:en
CH32V307,CH32V20x_30xDS0.PDF,3-1,LQFP64M(17),49,PA14,gpio,#,confirmed,pin-table:zh+pin-table:en
CH32V307,CH32V20x_30xDS0.PDF,3-1,LQFP64M(17),50,PA15,gpio,#,confirmed,pin-table:zh+pin-table:en
CH32V307,CH32V20x_30xDS0.PDF,3-1,LQFP64M(17),51,PC10,gpio,#,confirmed,pin-table:zh+pin-table:en
CH32V307,CH32V20x_30xDS0.PDF,3-1,LQFP64M(17),52,PC11,gpio,#,confirmed,pin-table:zh+pin-table:en
CH32V307,CH32V20x_30xDS0.PDF,3-1,LQFP64M(17),53,PC12,gpio,#,confirmed,pin-table:zh+pin-table:en
CH32V307,CH32V20x_30xDS0.PDF,3-1,LQFP64M(17),54,PD2,gpio,#,confirmed,pin-table:zh+pin-table:en
CH32V307,CH32V20x_30xDS0.PDF,3-1,LQFP64M(17),55,PB3,gpio,#,confirmed,pin-table:zh+pin-table:en
CH32V307,CH32V20x_30xDS0.PDF,3-1,LQFP64M(17),56,PB4,gpio,#,confirmed,pin-table:zh+pin-table:en
CH32V307,CH32V20x_30xDS0.PDF,3-1,LQFP64M(17),57,PB5,gpio,#,confirmed,pin-table:zh+pin-table:en
CH32V307,CH32V20x_30xDS0.PDF,3-1,LQFP64M(17),58,PB6,gpio,#,confirmed,pin-table:zh+pin-table:en
CH32V307,CH32V20x_30xDS0.PDF,3-1,LQFP64M(17),59,PB7,gpio,#,confirmed,pin-table:zh+pin-table:en
CH32V307,CH32V20x_30xDS0.PDF,3-1,LQFP64M(17),60,BOOT0,other,#,reference,pin-table:en
CH32V307,CH32V20x_30xDS0.PDF,3-1,LQFP64M(17),61,PB8,gpio,#,confirmed,pin-table:zh+pin-table:en
CH32V307,CH32V20x_30xDS0.PDF,3-1,LQFP64M(17),62,PB9,gpio,#,confirmed,pin-table:zh+pin-table:en
CH32V307,CH32V20x_30xDS0.PDF,3-1,LQFP64M(17),63,VSS_3,power,#,confirmed,pin-table:zh+pin-table:en
CH32V307,CH32V20x_30xDS0.PDF,3-1,LQFP64M(17),64,VIO_3,power,#,confirmed,pin-table:zh+pin-table:en
CH32V307,CH32V20x_30xDS0.PDF,3-1,QFN28,1,OSC_IN,other,#,confirmed,pin-table:zh+pin-table:en
CH32V307,CH32V20x_30xDS0.PDF,3-1,QFN28,2,OSC_OUT,other,#,confirmed,pin-table:zh+pin-table:en
CH32V307,CH32V20x_30xDS0.PDF,3-1,QFN28,3,NRST,other,#,confirmed,pin-table:zh+pin-table:en
CH32V307,CH32V20x_30xDS0.PDF,3-1,QFN28,4,PC2,gpio,#,confirmed,pin-table:zh+pin-table:en
CH32V307,CH32V20x_30xDS0.PDF,3-1,QFN28,5,PC3,gpio,#,confirmed,pin-table:zh+pin-table:en
CH32V307,CH32V20x_30xDS0.PDF,3-1,QFN28,6,VIO,power,#,confirmed,pin-table:zh+pin-table:en
CH32V307,CH32V20x_30xDS0.PDF,3-1,QFN28,7,PA1,gpio,#,reference,pin-table:en
CH32V307,CH32V20x_30xDS0.PDF,3-1,QFN28,7,PA4,gpio,#,confirmed,pin-table:zh+pin-table:en
CH32V307,CH32V20x_30xDS0.PDF,3-1,QFN28,9,PA6,gpio,#,confirmed,pin-table:zh+pin-table:en
CH32V307,CH32V20x_30xDS0.PDF,3-1,QFN28,10,PA7,gpio,#,confirmed,pin-table:zh+pin-table:en
CH32V307,CH32V20x_30xDS0.PDF,3-1,QFN28,11,PB10,gpio,#,confirmed,pin-table:zh+pin-table:en
CH32V307,CH32V20x_30xDS0.PDF,3-1,QFN28,12,PB11,gpio,#,confirmed,pin-table:zh+pin-table:en
CH32V307,CH32V20x_30xDS0.PDF,3-1,QFN28,13,PB12,gpio,#,confirmed,pin-table:zh+pin-table:en
CH32V307,CH32V20x_30xDS0.PDF,3-1,QFN28,14,PB13,gpio,#,confirmed,pin-table:zh+pin-table:en
CH32V307,CH32V20x_30xDS0.PDF,3-1,QFN28,15,PB14,gpio,#,confirmed,pin-table:zh+pin-table:en
CH32V307,CH32V20x_30xDS0.PDF,3-1,QFN28,16,PB15,gpio,#,confirmed,pin-table:zh+pin-table:en
CH32V307,CH32V20x_30xDS0.PDF,3-1,QFN28,17,PC8,gpio,#,confirmed,pin-table:zh+pin-table:en
CH32V307,CH32V20x_30xDS0.PDF,3-1,QFN28,19,PA13,gpio,#,reference,pin-table:en
CH32V307,CH32V20x_30xDS0.PDF,3-1,QFN28,21,VDD,power,#,confirmed,pin-table:zh+pin-table:en
CH32V307,CH32V20x_30xDS0.PDF,3-1,QFN28,22,PA14,gpio,#,confirmed,pin-table:zh+pin-table:en
CH32V307,CH32V20x_30xDS0.PDF,3-1,QFN28,23,PC10,gpio,#,confirmed,pin-table:zh+pin-table:en
CH32V307,CH32V20x_30xDS0.PDF,3-1,QFN28,24,PC11,gpio,#,confirmed,pin-table:zh+pin-table:en
CH32V307,CH32V20x_30xDS0.PDF,3-1,QFN28,25,PC12,gpio,#,confirmed,pin-table:zh+pin-table:en
CH32V307,CH32V20x_30xDS0.PDF,3-1,QFN28,26,PD2,gpio,#,confirmed,pin-table:zh+pin-table:en
CH32V307,CH32V20x_30xDS0.PDF,3-1,QFN28,27,PB6,gpio,#,confirmed,pin-table:zh+pin-table:en
CH32V307,CH32V20x_30xDS0.PDF,3-1,QFN28,28,PB7,gpio,#,confirmed,pin-table:zh+pin-table:en
CH32V307,CH32V20x_30xDS0.PDF,3-1,QFN28,EP,VSS,power,#,confirmed,pin-table:zh+pin-table:en
CH32V307,CH32V20x_30xDS0.PDF,3-1,QFN68,1,VBAT,power,#,confirmed,pin-table:zh+pin-table:en
CH32V307,CH32V20x_30xDS0.PDF,3-1,QFN68,5,OSC_IN,other,#,confirmed,pin-table:zh+pin-table:en
CH32V307,CH32V20x_30xDS0.PDF,3-1,QFN68,6,OSC_OUT,other,#,confirmed,pin-table:zh+pin-table:en
CH32V307,CH32V20x_30xDS0.PDF,3-1,QFN68,7,NRST,other,#,confirmed,pin-table:zh+pin-table:en
CH32V307,CH32V20x_30xDS0.PDF,3-1,QFN68,8,PC0,gpio,#,confirmed,pin-table:zh+pin-table:en
CH32V307,CH32V20x_30xDS0.PDF,3-1,QFN68,9,PC1,gpio,#,confirmed,pin-table:zh+pin-table:en
CH32V307,CH32V20x_30xDS0.PDF,3-1,QFN68,10,PC2,gpio,#,confirmed,pin-table:zh+pin-table:en
CH32V307,CH32V20x_30xDS0.PDF,3-1,QFN68,11,PC3,gpio,#,confirmed,pin-table:zh+pin-table:en
CH32V307,CH32V20x_30xDS0.PDF,3-1,QFN68,12,VSSA,power,#,confirmed,pin-table:zh+pin-table:en
CH32V307,CH32V20x_30xDS0.PDF,3-1,QFN68,13,VDDA,power,#,confirmed,pin-table:zh+pin-table:en
CH32V307,CH32V20x_30xDS0.PDF,3-1,QFN68,14,PA0-WKUP,gpio,#,confirmed,pin-table:zh+pin-table:en
CH32V307,CH32V20x_30xDS0.PDF,3-1,QFN68,15,PA1,gpio,#,reference,pin-table:en
CH32V307,CH32V20x_30xDS0.PDF,3-1,QFN68,16,PA2,gpio,#,confirmed,pin-table:zh+pin-table:en
CH32V307,CH32V20x_30xDS0.PDF,3-1,QFN68,17,VIO_4,power,#,confirmed,pin-table:zh+pin-table:en
CH32V307,CH32V20x_30xDS0.PDF,3-1,QFN68,18,VSS_1,power,#,confirmed,pin-table:zh+pin-table:en
CH32V307,CH32V20x_30xDS0.PDF,3-1,QFN68,19,PA3,gpio,#,confirmed,pin-table:zh+pin-table:en
CH32V307,CH32V20x_30xDS0.PDF,3-1,QFN68,20,PA4,gpio,#,confirmed,pin-table:zh+pin-table:en
CH32V307,CH32V20x_30xDS0.PDF,3-1,QFN68,22,PA6,gpio,#,confirmed,pin-table:zh+pin-table:en
CH32V307,CH32V20x_30xDS0.PDF,3-1,QFN68,23,PA7,gpio,#,confirmed,pin-table:zh+pin-table:en
CH32V307,CH32V20x_30xDS0.PDF,3-1,QFN68,24,PC4,gpio,#,confirmed,pin-table:zh+pin-table:en
CH32V307,CH32V20x_30xDS0.PDF,3-1,QFN68,25,PC5,gpio,#,confirmed,pin-table:zh+pin-table:en
CH32V307,CH32V20x_30xDS0.PDF,3-1,QFN68,26,PB0,gpio,#,confirmed,pin-table:zh+pin-table:en
CH32V307,CH32V20x_30xDS0.PDF,3-1,QFN68,27,PB1,gpio,#,confirmed,pin-table:zh+pin-table:en
CH32V307,CH32V20x_30xDS0.PDF,3-1,QFN68,28,PB2,gpio,#,reference,pin-table:en
CH32V307,CH32V20x_30xDS0.PDF,3-1,QFN68,29,PB10,gpio,#,confirmed,pin-table:zh+pin-table:en
CH32V307,CH32V20x_30xDS0.PDF,3-1,QFN68,30,PB11,gpio,#,confirmed,pin-table:zh+pin-table:en
CH32V307,CH32V20x_30xDS0.PDF,3-1,QFN68,31,VIO_1,power,#,confirmed,pin-table:zh+pin-table:en
CH32V307,CH32V20x_30xDS0.PDF,3-1,QFN68,32,VDD_1,power,#,confirmed,pin-table:zh+pin-table:en
CH32V307,CH32V20x_30xDS0.PDF,3-1,QFN68,33,PD8,gpio,#,confirmed,pin-table:zh+pin-table:en
CH32V307,CH32V20x_30xDS0.PDF,3-1,QFN68,34,PD9,gpio,#,confirmed,pin-table:zh+pin-table:en
CH32V307,CH32V20x_30xDS0.PDF,3-1,QFN68,35,PB12,gpio,#,confirmed,pin-table:zh+pin-table:en
CH32V307,CH32V20x_30xDS0.PDF,3-1,QFN68,36,PB13,gpio,#,confirmed,pin-table:zh+pin-table:en
CH32V307,CH32V20x_30xDS0.PDF,3-1,QFN68,37,PB14,gpio,#,confirmed,pin-table:zh+pin-table:en
CH32V307,CH32V20x_30xDS0.PDF,3-1,QFN68,38,PB15,gpio,#,confirmed,pin-table:zh+pin-table:en
CH32V307,CH32V20x_30xDS0.PDF,3-1,QFN68,39,PC6,gpio,#,confirmed,pin-table:zh+pin-table:en
CH32V307,CH32V20x_30xDS0.PDF,3-1,QFN68,40,PC7,gpio,#,confirmed,pin-table:zh+pin-table:en
CH32V307,CH32V20x_30xDS0.PDF,3-1,QFN68,41,PC8,gpio,#,confirmed,pin-table:zh+pin-table:en
CH32V307,CH32V20x_30xDS0.PDF,3-1,QFN68,43,PA8,gpio,#,reference,pin-table:en
CH32V307,CH32V20x_30xDS0.PDF,3-1,QFN68,44,PA9,gpio,#,reference,pin-table:en
CH32V307,CH32V20x_30xDS0.PDF,3-1,QFN68,45,PA10,gpio,#,confirmed,pin-table:zh+pin-table:en
CH32V307,CH32V20x_30xDS0.PDF,3-1,QFN68,46,PA11,gpio,#,confirmed,pin-table:zh+pin-table:en
CH32V307,CH32V20x_30xDS0.PDF,3-1,QFN68,47,PA12,gpio,#,confirmed,pin-table:zh+pin-table:en
CH32V307,CH32V20x_30xDS0.PDF,3-1,QFN68,48,PA13,gpio,#,reference,pin-table:en
CH32V307,CH32V20x_30xDS0.PDF,3-1,QFN68,49,VSS_2,power,#,confirmed,pin-table:zh+pin-table:en
CH32V307,CH32V20x_30xDS0.PDF,3-1,QFN68,50,VDD_2,power,#,confirmed,pin-table:zh+pin-table:en
CH32V307,CH32V20x_30xDS0.PDF,3-1,QFN68,51,VIO_2,power,#,confirmed,pin-table:zh+pin-table:en
CH32V307,CH32V20x_30xDS0.PDF,3-1,QFN68,52,PA14,gpio,#,confirmed,pin-table:zh+pin-table:en
CH32V307,CH32V20x_30xDS0.PDF,3-1,QFN68,53,PA15,gpio,#,confirmed,pin-table:zh+pin-table:en
CH32V307,CH32V20x_30xDS0.PDF,3-1,QFN68,54,PC10,gpio,#,confirmed,pin-table:zh+pin-table:en
CH32V307,CH32V20x_30xDS0.PDF,3-1,QFN68,55,PC11,gpio,#,confirmed,pin-table:zh+pin-table:en
CH32V307,CH32V20x_30xDS0.PDF,3-1,QFN68,56,PC12,gpio,#,confirmed,pin-table:zh+pin-table:en
CH32V307,CH32V20x_30xDS0.PDF,3-1,QFN68,57,PD2,gpio,#,confirmed,pin-table:zh+pin-table:en
CH32V307,CH32V20x_30xDS0.PDF,3-1,QFN68,58,PB3,gpio,#,confirmed,pin-table:zh+pin-table:en
CH32V307,CH32V20x_30xDS0.PDF,3-1,QFN68,59,PB4,gpio,#,confirmed,pin-table:zh+pin-table:en
CH32V307,CH32V20x_30xDS0.PDF,3-1,QFN68,60,PB5,gpio,#,confirmed,pin-table:zh+pin-table:en
CH32V307,CH32V20x_30xDS0.PDF,3-1,QFN68,61,PB6,gpio,#,confirmed,pin-table:zh+pin-table:en
CH32V307,CH32V20x_30xDS0.PDF,3-1,QFN68,62,PB7,gpio,#,confirmed,pin-table:zh+pin-table:en
CH32V307,CH32V20x_30xDS0.PDF,3-1,QFN68,63,BOOT0,other,#,reference,pin-table:en
CH32V307,CH32V20x_30xDS0.PDF,3-1,QFN68,64,PB8,gpio,#,confirmed,pin-table:zh+pin-table:en
CH32V307,CH32V20x_30xDS0.PDF,3-1,QFN68,65,PB9,gpio,#,confirmed,pin-table:zh+pin-table:en
CH32V307,CH32V20x_30xDS0.PDF,3-1,QFN68,66,PE0,gpio,#,confirmed,pin-table:zh+pin-table:en
CH32V307,CH32V20x_30xDS0.PDF,3-1,QFN68,67,VIO_3,power,#,confirmed,pin-table:zh+pin-table:en
CH32V307,CH32V20x_30xDS0.PDF,3-1,QFN68,68,VDD_3,power,#,confirmed,pin-table:zh+pin-table:en
CH32V307,CH32V20x_30xDS0.PDF,3-1,QFN68,EP,VSS,power,#,confirmed,pin-table:zh+pin-table:en
CH32V307,CH32V20x_30xDS0.PDF,3-1,TSSOP20,1,NRST,other,#,confirmed,pin-table:zh+pin-table:en
CH32V307,CH32V20x_30xDS0.PDF,3-1,TSSOP20,2,PA1,gpio,#,reference,pin-table:en
CH32V307,CH32V20x_30xDS0.PDF,3-1,TSSOP20,3,PB10,gpio,#,confirmed,pin-table:zh+pin-table:en
CH32V307,CH32V20x_30xDS0.PDF,3-1,TSSOP20,4,PB11,gpio,#,confirmed,pin-table:zh+pin-table:en
CH32V307,CH32V20x_30xDS0.PDF,3-1,TSSOP20,5,PB12,gpio,#,confirmed,pin-table:zh+pin-table:en
CH32V307,CH32V20x_30xDS0.PDF,3-1,TSSOP20,6,PB13,gpio,#,confirmed,pin-table:zh+pin-table:en
CH32V307,CH32V20x_30xDS0.PDF,3-1,TSSOP20,7,PB14,gpio,#,confirmed,pin-table:zh+pin-table:en
CH32V307,CH32V20x_30xDS0.PDF,3-1,TSSOP20,8,PB15,gpio,#,confirmed,pin-table:zh+pin-table:en
CH32V307,CH32V20x_30xDS0.PDF,3-1,TSSOP20,9,PC6,gpio,#,confirmed,pin-table:zh+pin-table:en
CH32V307,CH32V20x_30xDS0.PDF,3-1,TSSOP20,10,PC7,gpio,#,confirmed,pin-table:zh+pin-table:en
CH32V307,CH32V20x_30xDS0.PDF,3-1,TSSOP20,11,PC8,gpio,#,confirmed,pin-table:zh+pin-table:en
CH32V307,CH32V20x_30xDS0.PDF,3-1,TSSOP20,13,PA13,gpio,#,reference,pin-table:en
CH32V307,CH32V20x_30xDS0.PDF,3-1,TSSOP20,13,PA9,gpio,#,reference,pin-table:en
CH32V307,CH32V20x_30xDS0.PDF,3-1,TSSOP20,14,VDD,power,#,confirmed,pin-table:zh+pin-table:en
CH32V307,CH32V20x_30xDS0.PDF,3-1,TSSOP20,15,PA14,gpio,#,confirmed,pin-table:zh+pin-table:en
CH32V307,CH32V20x_30xDS0.PDF,3-1,TSSOP20,16,PB6,gpio,#,confirmed,pin-table:zh+pin-table:en
CH32V307,CH32V20x_30xDS0.PDF,3-1,TSSOP20,17,PB7,gpio,#,confirmed,pin-table:zh+pin-table:en
CH32V307,CH32V20x_30xDS0.PDF,3-1,TSSOP20,18,VSS,power,#,confirmed,pin-table:zh+pin-table:en
CH32V307,CH32V20x_30xDS0.PDF,3-1,TSSOP20,19,OSC_IN,other,#,confirmed,pin-table:zh+pin-table:en
CH32V307,CH32V20x_30xDS0.PDF,3-1,TSSOP20,20,OSC_OUT,other,#,confirmed,pin-table:zh+pin-table:en
CH32V307,CH32V20x_30xDS0.PDF,3-2,LQFP100,1,PE2,gpio,#,confirmed,pin-table:zh+pin-table:en
CH32V307,CH32V20x_30xDS0.PDF,3-2,LQFP100,2,PE3,gpio,#,confirmed,pin-table:zh+pin-table:en
CH32V307,CH32V20x_30xDS0.PDF,3-2,LQFP100,3,PE4,gpio,#,confirmed,pin-table:zh+pin-table:en
CH32V307,CH32V20x_30xDS0.PDF,3-2,LQFP100,4,PE5,gpio,#,confirmed,pin-table:zh+pin-table:en
CH32V307,CH32V20x_30xDS0.PDF,3-2,LQFP100,5,PE6,gpio,#,confirmed,pin-table:zh+pin-table:en
CH32V307,CH32V20x_30xDS0.PDF,3-2,LQFP100,6,VBAT,power,#,confirmed,pin-table:zh+pin-table:en
CH32V307,CH32V20x_30xDS0.PDF,3-2,LQFP100,10,VSS_5,power,#,confirmed,pin-table:zh+pin-table:en
CH32V307,CH32V20x_30xDS0.PDF,3-2,LQFP100,11,VDD_5,power,#,confirmed,pin-table:zh+pin-table:en
CH32V307,CH32V20x_30xDS0.PDF,3-2,LQFP100,12,OSC_IN,other,#,confirmed,pin-table:zh+pin-table:en
CH32V307,CH32V20x_30xDS0.PDF,3-2,LQFP100,13,OSC_OUT,other,#,confirmed,pin-table:zh+pin-table:en
CH32V307,CH32V20x_30xDS0.PDF,3-2,LQFP100,14,NRST,other,#,confirmed,pin-table:zh+pin-table:en
CH32V307,CH32V20x_30xDS0.PDF,3-2,LQFP100,15,PC0,gpio,#,confirmed,pin-table:zh+pin-table:en
CH32V307,CH32V20x_30xDS0.PDF,3-2,LQFP100,16,PC1,gpio,#,confirmed,pin-table:zh+pin-table:en
CH32V307,CH32V20x_30xDS0.PDF,3-2,LQFP100,17,PC2,gpio,#,confirmed,pin-table:zh+pin-table:en
CH32V307,CH32V20x_30xDS0.PDF,3-2,LQFP100,18,PC3,gpio,#,confirmed,pin-table:zh+pin-table:en
CH32V307,CH32V20x_30xDS0.PDF,3-2,LQFP100,19,VSSA,power,#,confirmed,pin-table:zh+pin-table:en
CH32V307,CH32V20x_30xDS0.PDF,3-2,LQFP100,20,VREF-,power,#,confirmed,pin-table:zh+pin-table:en
CH32V307,CH32V20x_30xDS0.PDF,3-2,LQFP100,21,VREF+,power,#,confirmed,pin-table:zh+pin-table:en
CH32V307,CH32V20x_30xDS0.PDF,3-2,LQFP100,22,VDDA,power,#,confirmed,pin-table:zh+pin-table:en
CH32V307,CH32V20x_30xDS0.PDF,3-2,LQFP100,23,PA0-WKUP,gpio,#,confirmed,pin-table:zh+pin-table:en
CH32V307,CH32V20x_30xDS0.PDF,3-2,LQFP100,24,PA1,gpio,#,confirmed,pin-table:zh+pin-table:en
CH32V307,CH32V20x_30xDS0.PDF,3-2,LQFP100,25,PA2,gpio,#,confirmed,pin-table:zh+pin-table:en
CH32V307,CH32V20x_30xDS0.PDF,3-2,LQFP100,26,PA3,gpio,#,confirmed,pin-table:zh+pin-table:en
CH32V307,CH32V20x_30xDS0.PDF,3-2,LQFP100,27,VSS_4,power,#,confirmed,pin-table:zh+pin-table:en
CH32V307,CH32V20x_30xDS0.PDF,3-2,LQFP100,28,VIO_4,power,#,confirmed,pin-table:zh+pin-table:en
CH32V307,CH32V20x_30xDS0.PDF,3-2,LQFP100,29,PA4,gpio,#,confirmed,pin-table:zh+pin-table:en
CH32V307,CH32V20x_30xDS0.PDF,3-2,LQFP100,30,PA5,gpio,#,confirmed,pin-table:zh+pin-table:en
CH32V307,CH32V20x_30xDS0.PDF,3-2,LQFP100,31,PA6,gpio,#,confirmed,pin-table:zh+pin-table:en
CH32V307,CH32V20x_30xDS0.PDF,3-2,LQFP100,32,PA7,gpio,#,confirmed,pin-table:zh+pin-table:en
CH32V307,CH32V20x_30xDS0.PDF,3-2,LQFP100,33,PC4,gpio,#,confirmed,pin-table:zh+pin-table:en
CH32V307,CH32V20x_30xDS0.PDF,3-2,LQFP100,34,PC5,gpio,#,confirmed,pin-table:zh+pin-table:en
CH32V307,CH32V20x_30xDS0.PDF,3-2,LQFP100,35,PB0,gpio,#,confirmed,pin-table:zh+pin-table:en
CH32V307,CH32V20x_30xDS0.PDF,3-2,LQFP100,36,PB1,gpio,#,confirmed,pin-table:zh+pin-table:en
CH32V307,CH32V20x_30xDS0.PDF,3-2,LQFP100,37,PB2,gpio,#,reference,pin-table:en
CH32V307,CH32V20x_30xDS0.PDF,3-2,LQFP100,38,LED0,gpio,#,confirmed,pin-table:zh+pin-table:en
CH32V307,CH32V20x_30xDS0.PDF,3-2,LQFP100,39,LED1,gpio,#,confirmed,pin-table:zh+pin-table:en
CH32V307,CH32V20x_30xDS0.PDF,3-2,LQFP100,40,VDDK,power,#,confirmed,pin-table:zh+pin-table:en
CH32V307,CH32V20x_30xDS0.PDF,3-2,LQFP100,41,VSS_6,power,#,confirmed,pin-table:zh+pin-table:en
CH32V307,CH32V20x_30xDS0.PDF,3-2,LQFP100,42,MDITP,gpio,#,reference,pin-table:en
CH32V307,CH32V20x_30xDS0.PDF,3-2,LQFP100,43,MDITN,gpio,#,reference,pin-table:en
CH32V307,CH32V20x_30xDS0.PDF,3-2,LQFP100,44,MDIRP,gpio,#,reference,pin-table:en
CH32V307,CH32V20x_30xDS0.PDF,3-2,LQFP100,45,MDIRN,gpio,#,reference,pin-table:en
CH32V307,CH32V20x_30xDS0.PDF,3-2,LQFP100,46,VDD_ETH,power,#,confirmed,pin-table:zh+pin-table:en
CH32V307,CH32V20x_30xDS0.PDF,3-2,LQFP100,47,VSS_1,power,#,confirmed,pin-table:zh+pin-table:en
CH32V307,CH32V20x_30xDS0.PDF,3-2,LQFP100,48,VIO_1,power,#,confirmed,pin-table:zh+pin-table:en
CH32V307,CH32V20x_30xDS0.PDF,3-2,LQFP100,49,PB10,gpio,#,reference,pin-table:en
CH32V307,CH32V20x_30xDS0.PDF,3-2,LQFP100,50,PB11,gpio,#,reference,pin-table:en
CH32V307,CH32V20x_30xDS0.PDF,3-2,LQFP100,51,VDD_1,power,#,confirmed,pin-table:zh+pin-table:en
CH32V307,CH32V20x_30xDS0.PDF,3-2,LQFP100,52,PB12,gpio,#,confirmed,pin-table:zh+pin-table:en
CH32V307,CH32V20x_30xDS0.PDF,3-2,LQFP100,53,PB13,gpio,#,confirmed,pin-table:zh+pin-table:en
CH32V307,CH32V20x_30xDS0.PDF,3-2,LQFP100,54,PB14,gpio,#,confirmed,pin-table:zh+pin-table:en
CH32V307,CH32V20x_30xDS0.PDF,3-2,LQFP100,55,PB15,gpio,#,confirmed,pin-table:zh+pin-table:en
CH32V307,CH32V20x_30xDS0.PDF,3-2,LQFP100,56,PD9,gpio,#,confirmed,pin-table:zh+pin-table:en
CH32V307,CH32V20x_30xDS0.PDF,3-2,LQFP100,57,PD10,gpio,#,confirmed,pin-table:zh+pin-table:en
CH32V307,CH32V20x_30xDS0.PDF,3-2,LQFP100,58,PD11,gpio,#,confirmed,pin-table:zh+pin-table:en
CH32V307,CH32V20x_30xDS0.PDF,3-2,LQFP100,59,PD12,gpio,#,confirmed,pin-table:zh+pin-table:en
CH32V307,CH32V20x_30xDS0.PDF,3-2,LQFP100,60,PD13,gpio,#,confirmed,pin-table:zh+pin-table:en
CH32V307,CH32V20x_30xDS0.PDF,3-2,LQFP100,63,PC6,gpio,#,confirmed,pin-table:zh+pin-table:en
CH32V307,CH32V20x_30xDS0.PDF,3-2,LQFP100,64,PC7,gpio,#,confirmed,pin-table:zh+pin-table:en
CH32V307,CH32V20x_30xDS0.PDF,3-2,LQFP100,65,PC8,gpio,#,confirmed,pin-table:zh+pin-table:en
CH32V307,CH32V20x_30xDS0.PDF,3-2,LQFP100,66,PC9,gpio,#,confirmed,pin-table:zh+pin-table:en
CH32V307,CH32V20x_30xDS0.PDF,3-2,LQFP100,67,PA8,gpio,#,confirmed,pin-table:zh+pin-table:en
CH32V307,CH32V20x_30xDS0.PDF,3-2,LQFP100,68,PA9,gpio,#,confirmed,pin-table:zh+pin-table:en
CH32V307,CH32V20x_30xDS0.PDF,3-2,LQFP100,69,PA10,gpio,#,confirmed,pin-table:zh+pin-table:en
CH32V307,CH32V20x_30xDS0.PDF,3-2,LQFP100,70,PA11,gpio,#,confirmed,pin-table:zh+pin-table:en
CH32V307,CH32V20x_30xDS0.PDF,3-2,LQFP100,71,PA12,gpio,#,confirmed,pin-table:zh+pin-table:en
CH32V307,CH32V20x_30xDS0.PDF,3-2,LQFP100,72,PA13,gpio,#,confirmed,pin-table:zh+pin-table:en
CH32V307,CH32V20x_30xDS0.PDF,3-2,LQFP100,74,VSS_2,power,#,confirmed,pin-table:zh+pin-table:en
CH32V307,CH32V20x_30xDS0.PDF,3-2,LQFP100,75,VDD_2,power,#,confirmed,pin-table:zh+pin-table:en
CH32V307,CH32V20x_30xDS0.PDF,3-2,LQFP100,76,PA14,gpio,#,confirmed,pin-table:zh+pin-table:en
CH32V307,CH32V20x_30xDS0.PDF,3-2,LQFP100,77,PA15,gpio,#,confirmed,pin-table:zh+pin-table:en
CH32V307,CH32V20x_30xDS0.PDF,3-2,LQFP100,78,PC10,gpio,#,confirmed,pin-table:zh+pin-table:en
CH32V307,CH32V20x_30xDS0.PDF,3-2,LQFP100,79,PC11,gpio,#,confirmed,pin-table:zh+pin-table:en
CH32V307,CH32V20x_30xDS0.PDF,3-2,LQFP100,80,PC12,gpio,#,confirmed,pin-table:zh+pin-table:en
CH32V307,CH32V20x_30xDS0.PDF,3-2,LQFP100,81,PD0,gpio,#,confirmed,pin-table:zh+pin-table:en
CH32V307,CH32V20x_30xDS0.PDF,3-2,LQFP100,82,PD1,gpio,#,confirmed,pin-table:zh+pin-table:en
CH32V307,CH32V20x_30xDS0.PDF,3-2,LQFP100,83,PD2,gpio,#,confirmed,pin-table:zh+pin-table:en
CH32V307,CH32V20x_30xDS0.PDF,3-2,LQFP100,84,PD3,gpio,#,confirmed,pin-table:zh+pin-table:en
CH32V307,CH32V20x_30xDS0.PDF,3-2,LQFP100,85,PD4,gpio,#,confirmed,pin-table:zh+pin-table:en
CH32V307,CH32V20x_30xDS0.PDF,3-2,LQFP100,86,PD5,gpio,#,confirmed,pin-table:zh+pin-table:en
CH32V307,CH32V20x_30xDS0.PDF,3-2,LQFP100,87,PD6,gpio,#,confirmed,pin-table:zh+pin-table:en
CH32V307,CH32V20x_30xDS0.PDF,3-2,LQFP100,88,PD7,gpio,#,confirmed,pin-table:zh+pin-table:en
CH32V307,CH32V20x_30xDS0.PDF,3-2,LQFP100,89,PB3,gpio,#,confirmed,pin-table:zh+pin-table:en
CH32V307,CH32V20x_30xDS0.PDF,3-2,LQFP100,90,PB4,gpio,#,confirmed,pin-table:zh+pin-table:en
CH32V307,CH32V20x_30xDS0.PDF,3-2,LQFP100,91,PB5,gpio,#,confirmed,pin-table:zh+pin-table:en
CH32V307,CH32V20x_30xDS0.PDF,3-2,LQFP100,92,PB6,gpio,#,confirmed,pin-table:zh+pin-table:en
CH32V307,CH32V20x_30xDS0.PDF,3-2,LQFP100,93,PB7,gpio,#,confirmed,pin-table:zh+pin-table:en
CH32V307,CH32V20x_30xDS0.PDF,3-2,LQFP100,94,BOOT0,other,#,reference,pin-table:en
CH32V307,CH32V20x_30xDS0.PDF,3-2,LQFP100,95,PB8,gpio,#,confirmed,pin-table:zh+pin-table:en
CH32V307,CH32V20x_30xDS0.PDF,3-2,LQFP100,96,PB9,gpio,#,confirmed,pin-table:zh+pin-table:en
CH32V307,CH32V20x_30xDS0.PDF,3-2,LQFP100,97,PE0,gpio,#,confirmed,pin-table:zh+pin-table:en
CH32V307,CH32V20x_30xDS0.PDF,3-2,LQFP100,98,PE1,gpio,#,confirmed,pin-table:zh+pin-table:en
CH32V307,CH32V20x_30xDS0.PDF,3-2,LQFP100,99,VSS_3,power,#,confirmed,pin-table:zh+pin-table:en
CH32V307,CH32V20x_30xDS0.PDF,3-2,LQFP100,100,VIO_3,power,#,confirmed,pin-table:zh+pin-table:en
CH32V307,CH32V20x_30xDS0.PDF,3-2,QFN68,1,VBAT,power,#,confirmed,pin-table:zh+pin-table:en
CH32V307,CH32V20x_30xDS0.PDF,3-2,QFN68,5,OSC_IN,other,#,confirmed,pin-table:zh+pin-table:en
CH32V307,CH32V20x_30xDS0.PDF,3-2,QFN68,6,OSC_OUT,other,#,confirmed,pin-table:zh+pin-table:en
CH32V307,CH32V20x_30xDS0.PDF,3-2,QFN68,7,NRST,other,#,confirmed,pin-table:zh+pin-table:en
CH32V307,CH32V20x_30xDS0.PDF,3-2,QFN68,8,PC0,gpio,#,confirmed,pin-table:zh+pin-table:en
CH32V307,CH32V20x_30xDS0.PDF,3-2,QFN68,9,PC1,gpio,#,confirmed,pin-table:zh+pin-table:en
CH32V307,CH32V20x_30xDS0.PDF,3-2,QFN68,10,PC2,gpio,#,confirmed,pin-table:zh+pin-table:en
CH32V307,CH32V20x_30xDS0.PDF,3-2,QFN68,11,PC3,gpio,#,confirmed,pin-table:zh+pin-table:en
CH32V307,CH32V20x_30xDS0.PDF,3-2,QFN68,12,VSSA,power,#,confirmed,pin-table:zh+pin-table:en
CH32V307,CH32V20x_30xDS0.PDF,3-2,QFN68,13,VDDA,power,#,confirmed,pin-table:zh+pin-table:en
CH32V307,CH32V20x_30xDS0.PDF,3-2,QFN68,14,PA0-WKUP,gpio,#,confirmed,pin-table:zh+pin-table:en
CH32V307,CH32V20x_30xDS0.PDF,3-2,QFN68,15,PA1,gpio,#,confirmed,pin-table:zh+pin-table:en
CH32V307,CH32V20x_30xDS0.PDF,3-2,QFN68,16,PA2,gpio,#,confirmed,pin-table:zh+pin-table:en
CH32V307,CH32V20x_30xDS0.PDF,3-2,QFN68,17,PA3,gpio,#,confirmed,pin-table:zh+pin-table:en
CH32V307,CH32V20x_30xDS0.PDF,3-2,QFN68,18,VIO_4,power,#,confirmed,pin-table:zh+pin-table:en
CH32V307,CH32V20x_30xDS0.PDF,3-2,QFN68,19,PA4,gpio,#,confirmed,pin-table:zh+pin-table:en
CH32V307,CH32V20x_30xDS0.PDF,3-2,QFN68,20,PA5,gpio,#,confirmed,pin-table:zh+pin-table:en
CH32V307,CH32V20x_30xDS0.PDF,3-2,QFN68,21,PA6,gpio,#,confirmed,pin-table:zh+pin-table:en
CH32V307,CH32V20x_30xDS0.PDF,3-2,QFN68,22,PA7,gpio,#,confirmed,pin-table:zh+pin-table:en
CH32V307,CH32V20x_30xDS0.PDF,3-2,QFN68,23,PC4,gpio,#,confirmed,pin-table:zh+pin-table:en
CH32V307,CH32V20x_30xDS0.PDF,3-2,QFN68,24,PC5,gpio,#,confirmed,pin-table:zh+pin-table:en
CH32V307,CH32V20x_30xDS0.PDF,3-2,QFN68,25,PB0,gpio,#,confirmed,pin-table:zh+pin-table:en
CH32V307,CH32V20x_30xDS0.PDF,3-2,QFN68,26,PB1,gpio,#,confirmed,pin-table:zh+pin-table:en
CH32V307,CH32V20x_30xDS0.PDF,3-2,QFN68,27,PB2,gpio,#,reference,pin-table:en
CH32V307,CH32V20x_30xDS0.PDF,3-2,QFN68,28,LED0,gpio,#,confirmed,pin-table:zh+pin-table:en
CH32V307,CH32V20x_30xDS0.PDF,3-2,QFN68,29,LED1,gpio,#,confirmed,pin-table:zh+pin-table:en
CH32V307,CH32V20x_30xDS0.PDF,3-2,QFN68,30,VDDK,power,#,confirmed,pin-table:zh+pin-table:en
CH32V307,CH32V20x_30xDS0.PDF,3-2,QFN68,31,MDITP,gpio,#,reference,pin-table:en
CH32V307,CH32V20x_30xDS0.PDF,3-2,QFN68,32,MDITN,gpio,#,reference,pin-table:en
CH32V307,CH32V20x_30xDS0.PDF,3-2,QFN68,33,MDIRP,gpio,#,reference,pin-table:en
CH32V307,CH32V20x_30xDS0.PDF,3-2,QFN68,34,MDIRN,gpio,#,reference,pin-table:en
CH32V307,CH32V20x_30xDS0.PDF,3-2,QFN68,35,VDD_ETH,power,#,confirmed,pin-table:zh+pin-table:en
CH32V307,CH32V20x_30xDS0.PDF,3-2,QFN68,36,VIO_1,power,#,confirmed,pin-table:zh+pin-table:en
CH32V307,CH32V20x_30xDS0.PDF,3-2,QFN68,37,PB12,gpio,#,confirmed,pin-table:zh+pin-table:en
CH32V307,CH32V20x_30xDS0.PDF,3-2,QFN68,38,PB13,gpio,#,confirmed,pin-table:zh+pin-table:en
CH32V307,CH32V20x_30xDS0.PDF,3-2,QFN68,39,PB14,gpio,#,confirmed,pin-table:zh+pin-table:en
CH32V307,CH32V20x_30xDS0.PDF,3-2,QFN68,40,PB15,gpio,#,confirmed,pin-table:zh+pin-table:en
CH32V307,CH32V20x_30xDS0.PDF,3-2,QFN68,41,PB11,gpio,#,reference,pin-table:en
CH32V307,CH32V20x_30xDS0.PDF,3-2,QFN68,42,PB10,gpio,#,reference,pin-table:en
CH32V307,CH32V20x_30xDS0.PDF,3-2,QFN68,43,PA8,gpio,#,confirmed,pin-table:zh+pin-table:en
CH32V307,CH32V20x_30xDS0.PDF,3-2,QFN68,44,PA9,gpio,#,confirmed,pin-table:zh+pin-table:en
CH32V307,CH32V20x_30xDS0.PDF,3-2,QFN68,45,PA10,gpio,#,confirmed,pin-table:zh+pin-table:en
CH32V307,CH32V20x_30xDS0.PDF,3-2,QFN68,46,PA11,gpio,#,confirmed,pin-table:zh+pin-table:en
CH32V307,CH32V20x_30xDS0.PDF,3-2,QFN68,47,PA12,gpio,#,confirmed,pin-table:zh+pin-table:en
CH32V307,CH32V20x_30xDS0.PDF,3-2,QFN68,48,PA13,gpio,#,confirmed,pin-table:zh+pin-table:en
CH32V307,CH32V20x_30xDS0.PDF,3-2,QFN68,49,VSS_2,power,#,confirmed,pin-table:zh+pin-table:en
CH32V307,CH32V20x_30xDS0.PDF,3-2,QFN68,50,VDD_2,power,#,confirmed,pin-table:zh+pin-table:en
CH32V307,CH32V20x_30xDS0.PDF,3-2,QFN68,51,VIO_2,power,#,confirmed,pin-table:zh+pin-table:en
CH32V307,CH32V20x_30xDS0.PDF,3-2,QFN68,52,PA14,gpio,#,confirmed,pin-table:zh+pin-table:en
CH32V307,CH32V20x_30xDS0.PDF,3-2,QFN68,53,PA15,gpio,#,confirmed,pin-table:zh+pin-table:en
CH32V307,CH32V20x_30xDS0.PDF,3-2,QFN68,54,PC10,gpio,#,confirmed,pin-table:zh+pin-table:en
CH32V307,CH32V20x_30xDS0.PDF,3-2,QFN68,55,PC11,gpio,#,confirmed,pin-table:zh+pin-table:en
CH32V307,CH32V20x_30xDS0.PDF,3-2,QFN68,56,PC12,gpio,#,confirmed,pin-table:zh+pin-table:en
CH32V307,CH32V20x_30xDS0.PDF,3-2,QFN68,57,PD2,gpio,#,confirmed,pin-table:zh+pin-table:en
CH32V307,CH32V20x_30xDS0.PDF,3-2,QFN68,58,PB3,gpio,#,confirmed,pin-table:zh+pin-table:en
CH32V307,CH32V20x_30xDS0.PDF,3-2,QFN68,59,PB4,gpio,#,confirmed,pin-table:zh+pin-table:en
CH32V307,CH32V20x_30xDS0.PDF,3-2,QFN68,60,PB5,gpio,#,confirmed,pin-table:zh+pin-table:en
CH32V307,CH32V20x_30xDS0.PDF,3-2,QFN68,61,PB6,gpio,#,confirmed,pin-table:zh+pin-table:en
CH32V307,CH32V20x_30xDS0.PDF,3-2,QFN68,62,PB7,gpio,#,confirmed,pin-table:zh+pin-table:en
CH32V307,CH32V20x_30xDS0.PDF,3-2,QFN68,63,BOOT0,other,#,reference,pin-table:en
CH32V307,CH32V20x_30xDS0.PDF,3-2,QFN68,64,PB8,gpio,#,confirmed,pin-table:zh+pin-table:en
CH32V307,CH32V20x_30xDS0.PDF,3-2,QFN68,65,PB9,gpio,#,confirmed,pin-table:zh+pin-table:en
CH32V307,CH32V20x_30xDS0.PDF,3-2,QFN68,66,PE0,gpio,#,confirmed,pin-table:zh+pin-table:en
CH32V307,CH32V20x_30xDS0.PDF,3-2,QFN68,67,VIO_3,power,#,confirmed,pin-table:zh+pin-table:en
CH32V307,CH32V20x_30xDS0.PDF,3-2,QFN68,68,VDD_3,power,#,confirmed,pin-table:zh+pin-table:en
CH32V307,CH32V20x_30xDS0.PDF,3-2,QFN68,EP,VSS,power,#,confirmed,pin-table:zh+pin-table:en
CH32V407,CH32V407DS0.PDF,2-1,CH32V407RET6,1,VBAT,power,#,confirmed,pin-table:zh+pin-table:en
CH32V407,CH32V407DS0.PDF,2-1,CH32V407RET6,5,OSC_IN,other,#,confirmed,pin-table:zh+pin-table:en
CH32V407,CH32V407DS0.PDF,2-1,CH32V407RET6,6,OSC_OUT,other,#,confirmed,pin-table:zh+pin-table:en
CH32V407,CH32V407DS0.PDF,2-1,CH32V407RET6,7,NRST,other,#,confirmed,pin-table:zh+pin-table:en
CH32V407,CH32V407DS0.PDF,2-1,CH32V407RET6,8,PC0,gpio,#,confirmed,pin-table:zh+pin-table:en
CH32V407,CH32V407DS0.PDF,2-1,CH32V407RET6,9,PC1,gpio,#,confirmed,pin-table:zh+pin-table:en
CH32V407,CH32V407DS0.PDF,2-1,CH32V407RET6,10,PC2,gpio,#,confirmed,pin-table:zh+pin-table:en
CH32V407,CH32V407DS0.PDF,2-1,CH32V407RET6,11,PC3,gpio,#,confirmed,pin-table:zh+pin-table:en
CH32V407,CH32V407DS0.PDF,2-1,CH32V407RET6,12,VSSA,power,#,confirmed,pin-table:zh+pin-table:en
CH32V407,CH32V407DS0.PDF,2-1,CH32V407RET6,13,VREF+,power,#,confirmed,pin-table:zh+pin-table:en
CH32V407,CH32V407DS0.PDF,2-1,CH32V407RET6,14,PA0-WKUP,gpio,#,confirmed,pin-table:zh+pin-table:en
CH32V407,CH32V407DS0.PDF,2-1,CH32V407RET6,15,PA1,gpio,#,confirmed,pin-table:zh+pin-table:en
CH32V407,CH32V407DS0.PDF,2-1,CH32V407RET6,16,PA2,gpio,#,confirmed,pin-table:zh+pin-table:en
CH32V407,CH32V407DS0.PDF,2-1,CH32V407RET6,17,PA3,gpio,#,confirmed,pin-table:zh+pin-table:en
CH32V407,CH32V407DS0.PDF,2-1,CH32V407RET6,18,VDD,power,#,confirmed,pin-table:zh+pin-table:en
CH32V407,CH32V407DS0.PDF,2-1,CH32V407RET6,19,PA4,gpio,#,confirmed,pin-table:zh+pin-table:en
CH32V407,CH32V407DS0.PDF,2-1,CH32V407RET6,20,PA5,gpio,#,confirmed,pin-table:zh+pin-table:en
CH32V407,CH32V407DS0.PDF,2-1,CH32V407RET6,21,PA6,gpio,#,confirmed,pin-table:zh+pin-table:en
CH32V407,CH32V407DS0.PDF,2-1,CH32V407RET6,22,PA7,gpio,#,confirmed,pin-table:zh+pin-table:en
CH32V407,CH32V407DS0.PDF,2-1,CH32V407RET6,23,PC4,gpio,#,confirmed,pin-table:zh+pin-table:en
CH32V407,CH32V407DS0.PDF,2-1,CH32V407RET6,24,PC5,gpio,#,confirmed,pin-table:zh+pin-table:en
CH32V407,CH32V407DS0.PDF,2-1,CH32V407RET6,25,PB0,gpio,#,confirmed,pin-table:zh+pin-table:en
CH32V407,CH32V407DS0.PDF,2-1,CH32V407RET6,26,PB1,gpio,#,confirmed,pin-table:zh+pin-table:en
CH32V407,CH32V407DS0.PDF,2-1,CH32V407RET6,27,VDDK,power,#,confirmed,pin-table:zh+pin-table:en
CH32V407,CH32V407DS0.PDF,2-1,CH32V407RET6,28,MDIRN,other,#,confirmed,pin-table:zh+pin-table:en
CH32V407,CH32V407DS0.PDF,2-1,CH32V407RET6,29,MDIRP,other,#,confirmed,pin-table:zh+pin-table:en
CH32V407,CH32V407DS0.PDF,2-1,CH32V407RET6,30,MDITN,other,#,confirmed,pin-table:zh+pin-table:en
CH32V407,CH32V407DS0.PDF,2-1,CH32V407RET6,31,MDITP,other,#,confirmed,pin-table:zh+pin-table:en
CH32V407,CH32V407DS0.PDF,2-1,CH32V407RET6,32,VDD,power,#,confirmed,pin-table:zh+pin-table:en
CH32V407,CH32V407DS0.PDF,2-1,CH32V407RET6,33,VSS,power,#,confirmed,pin-table:zh+pin-table:en
CH32V407,CH32V407DS0.PDF,2-1,CH32V407RET6,34,PD8,gpio,#,confirmed,pin-table:zh+pin-table:en
CH32V407,CH32V407DS0.PDF,2-1,CH32V407RET6,35,PB12,gpio,#,confirmed,pin-table:zh+pin-table:en
CH32V407,CH32V407DS0.PDF,2-1,CH32V407RET6,36,PB13,gpio,#,confirmed,pin-table:zh+pin-table:en
CH32V407,CH32V407DS0.PDF,2-1,CH32V407RET6,37,PB14,gpio,#,confirmed,pin-table:zh+pin-table:en
CH32V407,CH32V407DS0.PDF,2-1,CH32V407RET6,38,PB15,gpio,#,confirmed,pin-table:zh+pin-table:en
CH32V407,CH32V407DS0.PDF,2-1,CH32V407RET6,39,PB11,gpio,#,confirmed,pin-table:zh+pin-table:en
CH32V407,CH32V407DS0.PDF,2-1,CH32V407RET6,40,PB10,gpio,#,confirmed,pin-table:zh+pin-table:en
CH32V407,CH32V407DS0.PDF,2-1,CH32V407RET6,41,PD14,gpio,#,confirmed,pin-table:zh+pin-table:en
CH32V407,CH32V407DS0.PDF,2-1,CH32V407RET6,42,PD15,gpio,#,confirmed,pin-table:zh+pin-table:en
CH32V407,CH32V407DS0.PDF,2-1,CH32V407RET6,43,PA8,gpio,#,confirmed,pin-table:zh+pin-table:en
CH32V407,CH32V407DS0.PDF,2-1,CH32V407RET6,44,PA9,gpio,#,confirmed,pin-table:zh+pin-table:en
CH32V407,CH32V407DS0.PDF,2-1,CH32V407RET6,45,PA10,gpio,#,confirmed,pin-table:zh+pin-table:en
CH32V407,CH32V407DS0.PDF,2-1,CH32V407RET6,46,PA11,gpio,#,confirmed,pin-table:zh+pin-table:en
CH32V407,CH32V407DS0.PDF,2-1,CH32V407RET6,47,PA12,gpio,#,confirmed,pin-table:zh+pin-table:en
CH32V407,CH32V407DS0.PDF,2-1,CH32V407RET6,48,PA13,gpio,#,confirmed,pin-table:zh+pin-table:en
CH32V407,CH32V407DS0.PDF,2-1,CH32V407RET6,49,VDD,power,#,confirmed,pin-table:zh+pin-table:en
CH32V407,CH32V407DS0.PDF,2-1,CH32V407RET6,50,PA14,gpio,#,confirmed,pin-table:zh+pin-table:en
CH32V407,CH32V407DS0.PDF,2-1,CH32V407RET6,51,PA15,gpio,#,confirmed,pin-table:zh+pin-table:en
CH32V407,CH32V407DS0.PDF,2-1,CH32V407RET6,52,PC10,gpio,#,confirmed,pin-table:zh+pin-table:en
CH32V407,CH32V407DS0.PDF,2-1,CH32V407RET6,53,PC11,gpio,#,confirmed,pin-table:zh+pin-table:en
CH32V407,CH32V407DS0.PDF,2-1,CH32V407RET6,54,PC12,gpio,#,confirmed,pin-table:zh+pin-table:en
CH32V407,CH32V407DS0.PDF,2-1,CH32V407RET6,55,PD2,gpio,#,confirmed,pin-table:zh+pin-table:en
CH32V407,CH32V407DS0.PDF,2-1,CH32V407RET6,56,PB3,gpio,#,confirmed,pin-table:zh+pin-table:en
CH32V407,CH32V407DS0.PDF,2-1,CH32V407RET6,57,PB4,gpio,#,confirmed,pin-table:zh+pin-table:en
CH32V407,CH32V407DS0.PDF,2-1,CH32V407RET6,58,PB5,gpio,#,confirmed,pin-table:zh+pin-table:en
CH32V407,CH32V407DS0.PDF,2-1,CH32V407RET6,61,PB8,gpio,#,confirmed,pin-table:zh+pin-table:en
CH32V407,CH32V407DS0.PDF,2-1,CH32V407RET6,62,PB9,gpio,#,confirmed,pin-table:zh+pin-table:en
CH32V407,CH32V407DS0.PDF,2-1,CH32V407RET6,63,VSS,power,#,confirmed,pin-table:zh+pin-table:en
CH32V407,CH32V407DS0.PDF,2-1,CH32V407RET6,64,VDD,power,#,confirmed,pin-table:zh+pin-table:en
CH32V407,CH32V407DS0.PDF,2-1,CH32V407RET6,"59
(12)",PB6,gpio,#,reference,pin-table:zh
CH32V407,CH32V407DS0.PDF,2-1,CH32V407RET6,"59(1
2)",PB6,gpio,#,reference,pin-table:en
CH32V407,CH32V407DS0.PDF,2-1,CH32V407RET6,"60
(12)",PB7,gpio,#,reference,pin-table:zh
CH32V407,CH32V407DS0.PDF,2-1,CH32V407RET6,60(1,PB7,gpio,#,reference,pin-table:en
CH32V407,CH32V407DS0.PDF,2-1,CH32V407VET6,1,PE2,gpio,#,confirmed,pin-table:zh+pin-table:en
CH32V407,CH32V407DS0.PDF,2-1,CH32V407VET6,2,PE3,gpio,#,confirmed,pin-table:zh+pin-table:en
CH32V407,CH32V407DS0.PDF,2-1,CH32V407VET6,3,PE4,gpio,#,confirmed,pin-table:zh+pin-table:en
CH32V407,CH32V407DS0.PDF,2-1,CH32V407VET6,4,PE5,gpio,#,confirmed,pin-table:zh+pin-table:en
CH32V407,CH32V407DS0.PDF,2-1,CH32V407VET6,5,PE6,gpio,#,confirmed,pin-table:zh+pin-table:en
CH32V407,CH32V407DS0.PDF,2-1,CH32V407VET6,6,VBAT,power,#,confirmed,pin-table:zh+pin-table:en
CH32V407,CH32V407DS0.PDF,2-1,CH32V407VET6,10,VSS,power,#,confirmed,pin-table:zh+pin-table:en
CH32V407,CH32V407DS0.PDF,2-1,CH32V407VET6,11,VDD,power,#,confirmed,pin-table:zh+pin-table:en
CH32V407,CH32V407DS0.PDF,2-1,CH32V407VET6,12,OSC_IN,other,#,confirmed,pin-table:zh+pin-table:en
CH32V407,CH32V407DS0.PDF,2-1,CH32V407VET6,13,OSC_OUT,other,#,confirmed,pin-table:zh+pin-table:en
CH32V407,CH32V407DS0.PDF,2-1,CH32V407VET6,14,NRST,other,#,confirmed,pin-table:zh+pin-table:en
CH32V407,CH32V407DS0.PDF,2-1,CH32V407VET6,15,PC0,gpio,#,confirmed,pin-table:zh+pin-table:en
CH32V407,CH32V407DS0.PDF,2-1,CH32V407VET6,16,PC1,gpio,#,confirmed,pin-table:zh+pin-table:en
CH32V407,CH32V407DS0.PDF,2-1,CH32V407VET6,17,PC2,gpio,#,confirmed,pin-table:zh+pin-table:en
CH32V407,CH32V407DS0.PDF,2-1,CH32V407VET6,18,PC3,gpio,#,confirmed,pin-table:zh+pin-table:en
CH32V407,CH32V407DS0.PDF,2-1,CH32V407VET6,19,VSSA,power,#,confirmed,pin-table:zh+pin-table:en
CH32V407,CH32V407DS0.PDF,2-1,CH32V407VET6,20,VREF-,power,#,confirmed,pin-table:zh+pin-table:en
CH32V407,CH32V407DS0.PDF,2-1,CH32V407VET6,21,VREF+,power,#,confirmed,pin-table:zh+pin-table:en
CH32V407,CH32V407DS0.PDF,2-1,CH32V407VET6,22,VDDA,power,#,confirmed,pin-table:zh+pin-table:en
CH32V407,CH32V407DS0.PDF,2-1,CH32V407VET6,23,PA0-WKUP,gpio,#,confirmed,pin-table:zh+pin-table:en
CH32V407,CH32V407DS0.PDF,2-1,CH32V407VET6,24,PA1,gpio,#,confirmed,pin-table:zh+pin-table:en
CH32V407,CH32V407DS0.PDF,2-1,CH32V407VET6,25,PA2,gpio,#,confirmed,pin-table:zh+pin-table:en
CH32V407,CH32V407DS0.PDF,2-1,CH32V407VET6,26,PA3,gpio,#,confirmed,pin-table:zh+pin-table:en
CH32V407,CH32V407DS0.PDF,2-1,CH32V407VET6,27,VSS,power,#,confirmed,pin-table:zh+pin-table:en
CH32V407,CH32V407DS0.PDF,2-1,CH32V407VET6,28,VDD,power,#,confirmed,pin-table:zh+pin-table:en
CH32V407,CH32V407DS0.PDF,2-1,CH32V407VET6,29,PA4,gpio,#,confirmed,pin-table:zh+pin-table:en
CH32V407,CH32V407DS0.PDF,2-1,CH32V407VET6,30,PA5,gpio,#,confirmed,pin-table:zh+pin-table:en
CH32V407,CH32V407DS0.PDF,2-1,CH32V407VET6,31,PA6,gpio,#,confirmed,pin-table:zh+pin-table:en
CH32V407,CH32V407DS0.PDF,2-1,CH32V407VET6,32,PA7,gpio,#,confirmed,pin-table:zh+pin-table:en
CH32V407,CH32V407DS0.PDF,2-1,CH32V407VET6,33,PC4,gpio,#,confirmed,pin-table:zh+pin-table:en
CH32V407,CH32V407DS0.PDF,2-1,CH32V407VET6,34,PC5,gpio,#,confirmed,pin-table:zh+pin-table:en
CH32V407,CH32V407DS0.PDF,2-1,CH32V407VET6,35,PB0,gpio,#,confirmed,pin-table:zh+pin-table:en
CH32V407,CH32V407DS0.PDF,2-1,CH32V407VET6,36,PB1,gpio,#,confirmed,pin-table:zh+pin-table:en
CH32V407,CH32V407DS0.PDF,2-1,CH32V407VET6,38,PE8,gpio,#,confirmed,pin-table:zh+pin-table:en
CH32V407,CH32V407DS0.PDF,2-1,CH32V407VET6,39,PE9,gpio,#,confirmed,pin-table:zh+pin-table:en
CH32V407,CH32V407DS0.PDF,2-1,CH32V407VET6,40,VDDK,power,#,confirmed,pin-table:zh+pin-table:en
CH32V407,CH32V407DS0.PDF,2-1,CH32V407VET6,41,VSS,power,#,confirmed,pin-table:zh+pin-table:en
CH32V407,CH32V407DS0.PDF,2-1,CH32V407VET6,42,MDIRN,other,#,confirmed,pin-table:zh+pin-table:en
CH32V407,CH32V407DS0.PDF,2-1,CH32V407VET6,43,MDIRP,other,#,confirmed,pin-table:zh+pin-table:en
CH32V407,CH32V407DS0.PDF,2-1,CH32V407VET6,44,MDITN,other,#,confirmed,pin-table:zh+pin-table:en
CH32V407,CH32V407DS0.PDF,2-1,CH32V407VET6,45,MDITP,other,#,confirmed,pin-table:zh+pin-table:en
CH32V407,CH32V407DS0.PDF,2-1,CH32V407VET6,46,VDD,power,#,confirmed,pin-table:zh+pin-table:en
CH32V407,CH32V407DS0.PDF,2-1,CH32V407VET6,47,VSS,power,#,confirmed,pin-table:zh+pin-table:en
CH32V407,CH32V407DS0.PDF,2-1,CH32V407VET6,48,PE7,gpio,#,confirmed,pin-table:zh+pin-table:en
CH32V407,CH32V407DS0.PDF,2-1,CH32V407VET6,49,PB10,gpio,#,confirmed,pin-table:zh+pin-table:en
CH32V407,CH32V407DS0.PDF,2-1,CH32V407VET6,50,PB11,gpio,#,confirmed,pin-table:zh+pin-table:en
CH32V407,CH32V407DS0.PDF,2-1,CH32V407VET6,51,PD8,gpio,#,confirmed,pin-table:zh+pin-table:en
CH32V407,CH32V407DS0.PDF,2-1,CH32V407VET6,52,PB12,gpio,#,confirmed,pin-table:zh+pin-table:en
CH32V407,CH32V407DS0.PDF,2-1,CH32V407VET6,53,PB13,gpio,#,confirmed,pin-table:zh+pin-table:en
CH32V407,CH32V407DS0.PDF,2-1,CH32V407VET6,54,PB14,gpio,#,confirmed,pin-table:zh+pin-table:en
CH32V407,CH32V407DS0.PDF,2-1,CH32V407VET6,55,PB15,gpio,#,confirmed,pin-table:zh+pin-table:en
CH32V407,CH32V407DS0.PDF,2-1,CH32V407VET6,56,PD9,gpio,#,confirmed,pin-table:zh+pin-table:en
CH32V407,CH32V407DS0.PDF,2-1,CH32V407VET6,57,PD10,gpio,#,confirmed,pin-table:zh+pin-table:en
CH32V407,CH32V407DS0.PDF,2-1,CH32V407VET6,58,PD11,gpio,#,confirmed,pin-table:zh+pin-table:en
CH32V407,CH32V407DS0.PDF,2-1,CH32V407VET6,59,PD12,gpio,#,confirmed,pin-table:zh+pin-table:en
CH32V407,CH32V407DS0.PDF,2-1,CH32V407VET6,60,PD13,gpio,#,confirmed,pin-table:zh+pin-table:en
CH32V407,CH32V407DS0.PDF,2-1,CH32V407VET6,61,PD14,gpio,#,confirmed,pin-table:zh+pin-table:en
CH32V407,CH32V407DS0.PDF,2-1,CH32V407VET6,62,PD15,gpio,#,confirmed,pin-table:zh+pin-table:en
CH32V407,CH32V407DS0.PDF,2-1,CH32V407VET6,63,PC6,gpio,#,confirmed,pin-table:zh+pin-table:en
CH32V407,CH32V407DS0.PDF,2-1,CH32V407VET6,64,PC7,gpio,#,confirmed,pin-table:zh+pin-table:en
CH32V407,CH32V407DS0.PDF,2-1,CH32V407VET6,65,PC8,gpio,#,confirmed,pin-table:zh+pin-table:en
CH32V407,CH32V407DS0.PDF,2-1,CH32V407VET6,66,PC9,gpio,#,confirmed,pin-table:zh+pin-table:en
CH32V407,CH32V407DS0.PDF,2-1,CH32V407VET6,67,PA8,gpio,#,confirmed,pin-table:zh+pin-table:en
CH32V407,CH32V407DS0.PDF,2-1,CH32V407VET6,68,PA9,gpio,#,confirmed,pin-table:zh+pin-table:en
CH32V407,CH32V407DS0.PDF,2-1,CH32V407VET6,69,PA10,gpio,#,confirmed,pin-table:zh+pin-table:en
CH32V407,CH32V407DS0.PDF,2-1,CH32V407VET6,70,PA11,gpio,#,confirmed,pin-table:zh+pin-table:en
CH32V407,CH32V407DS0.PDF,2-1,CH32V407VET6,71,PA12,gpio,#,confirmed,pin-table:zh+pin-table:en
CH32V407,CH32V407DS0.PDF,2-1,CH32V407VET6,72,PA13,gpio,#,confirmed,pin-table:zh+pin-table:en
CH32V407,CH32V407DS0.PDF,2-1,CH32V407VET6,73,PE10,gpio,#,confirmed,pin-table:zh+pin-table:en
CH32V407,CH32V407DS0.PDF,2-1,CH32V407VET6,74,PE11,gpio,#,confirmed,pin-table:zh+pin-table:en
CH32V407,CH32V407DS0.PDF,2-1,CH32V407VET6,75,VDD,power,#,confirmed,pin-table:zh+pin-table:en
CH32V407,CH32V407DS0.PDF,2-1,CH32V407VET6,76,PA14,gpio,#,confirmed,pin-table:zh+pin-table:en
CH32V407,CH32V407DS0.PDF,2-1,CH32V407VET6,77,PA15,gpio,#,confirmed,pin-table:zh+pin-table:en
CH32V407,CH32V407DS0.PDF,2-1,CH32V407VET6,78,PC10,gpio,#,confirmed,pin-table:zh+pin-table:en
CH32V407,CH32V407DS0.PDF,2-1,CH32V407VET6,79,PC11,gpio,#,confirmed,pin-table:zh+pin-table:en
CH32V407,CH32V407DS0.PDF,2-1,CH32V407VET6,80,PC12,gpio,#,confirmed,pin-table:zh+pin-table:en
CH32V407,CH32V407DS0.PDF,2-1,CH32V407VET6,83,PD2,gpio,#,confirmed,pin-table:zh+pin-table:en
CH32V407,CH32V407DS0.PDF,2-1,CH32V407VET6,84,PD3,gpio,#,confirmed,pin-table:zh+pin-table:en
CH32V407,CH32V407DS0.PDF,2-1,CH32V407VET6,85,PD4,gpio,#,confirmed,pin-table:zh+pin-table:en
CH32V407,CH32V407DS0.PDF,2-1,CH32V407VET6,86,PD5,gpio,#,confirmed,pin-table:zh+pin-table:en
CH32V407,CH32V407DS0.PDF,2-1,CH32V407VET6,87,PD6,gpio,#,confirmed,pin-table:zh+pin-table:en
CH32V407,CH32V407DS0.PDF,2-1,CH32V407VET6,88,PD7,gpio,#,confirmed,pin-table:zh+pin-table:en
CH32V407,CH32V407DS0.PDF,2-1,CH32V407VET6,89,PB3,gpio,#,confirmed,pin-table:zh+pin-table:en
CH32V407,CH32V407DS0.PDF,2-1,CH32V407VET6,90,PB4,gpio,#,confirmed,pin-table:zh+pin-table:en
CH32V407,CH32V407DS0.PDF,2-1,CH32V407VET6,91,PB5,gpio,#,confirmed,pin-table:zh+pin-table:en
CH32V407,CH32V407DS0.PDF,2-1,CH32V407VET6,92,PB6,gpio,#,confirmed,pin-table:zh+pin-table:en
CH32V407,CH32V407DS0.PDF,2-1,CH32V407VET6,93,PB7,gpio,#,confirmed,pin-table:zh+pin-table:en
CH32V407,CH32V407DS0.PDF,2-1,CH32V407VET6,94,PE12,gpio,#,confirmed,pin-table:zh+pin-table:en
CH32V407,CH32V407DS0.PDF,2-1,CH32V407VET6,95,PB8,gpio,#,confirmed,pin-table:zh+pin-table:en
CH32V407,CH32V407DS0.PDF,2-1,CH32V407VET6,96,PB9,gpio,#,confirmed,pin-table:zh+pin-table:en
CH32V407,CH32V407DS0.PDF,2-1,CH32V407VET6,97,PE0,gpio,#,confirmed,pin-table:zh+pin-table:en
CH32V407,CH32V407DS0.PDF,2-1,CH32V407VET6,98,PE1,gpio,#,confirmed,pin-table:zh+pin-table:en
CH32V407,CH32V407DS0.PDF,2-1,CH32V407VET6,99,VSS,power,#,confirmed,pin-table:zh+pin-table:en
CH32V407,CH32V407DS0.PDF,2-1,CH32V407VET6,100,VDD,power,#,confirmed,pin-table:zh+pin-table:en
CH32V407,CH32V407DS0.PDF,2-1,CH32V407WEU6,1,VBAT,power,#,confirmed,pin-table:zh+pin-table:en
CH32V407,CH32V407DS0.PDF,2-1,CH32V407WEU6,5,OSC_IN,other,#,confirmed,pin-table:zh+pin-table:en
CH32V407,CH32V407DS0.PDF,2-1,CH32V407WEU6,6,OSC_OUT,other,#,confirmed,pin-table:zh+pin-table:en
CH32V407,CH32V407DS0.PDF,2-1,CH32V407WEU6,7,NRST,other,#,confirmed,pin-table:zh+pin-table:en
CH32V407,CH32V407DS0.PDF,2-1,CH32V407WEU6,8,PC0,gpio,#,confirmed,pin-table:zh+pin-table:en
CH32V407,CH32V407DS0.PDF,2-1,CH32V407WEU6,9,PC1,gpio,#,confirmed,pin-table:zh+pin-table:en
CH32V407,CH32V407DS0.PDF,2-1,CH32V407WEU6,10,PC2,gpio,#,confirmed,pin-table:zh+pin-table:en
CH32V407,CH32V407DS0.PDF,2-1,CH32V407WEU6,11,PC3,gpio,#,confirmed,pin-table:zh+pin-table:en
CH32V407,CH32V407DS0.PDF,2-1,CH32V407WEU6,12,VSSA,power,#,confirmed,pin-table:zh+pin-table:en
CH32V407,CH32V407DS0.PDF,2-1,CH32V407WEU6,13,VREF+,power,#,confirmed,pin-table:zh+pin-table:en
CH32V407,CH32V407DS0.PDF,2-1,CH32V407WEU6,14,PA0-WKUP,gpio,#,confirmed,pin-table:zh+pin-table:en
CH32V407,CH32V407DS0.PDF,2-1,CH32V407WEU6,15,PA1,gpio,#,confirmed,pin-table:zh+pin-table:en
CH32V407,CH32V407DS0.PDF,2-1,CH32V407WEU6,16,PA2,gpio,#,confirmed,pin-table:zh+pin-table:en
CH32V407,CH32V407DS0.PDF,2-1,CH32V407WEU6,17,PA3,gpio,#,confirmed,pin-table:zh+pin-table:en
CH32V407,CH32V407DS0.PDF,2-1,CH32V407WEU6,18,VDD,power,#,confirmed,pin-table:zh+pin-table:en
CH32V407,CH32V407DS0.PDF,2-1,CH32V407WEU6,19,PA4,gpio,#,confirmed,pin-table:zh+pin-table:en
CH32V407,CH32V407DS0.PDF,2-1,CH32V407WEU6,20,PA5,gpio,#,confirmed,pin-table:zh+pin-table:en
CH32V407,CH32V407DS0.PDF,2-1,CH32V407WEU6,21,PA6,gpio,#,confirmed,pin-table:zh+pin-table:en
CH32V407,CH32V407DS0.PDF,2-1,CH32V407WEU6,22,PA7,gpio,#,confirmed,pin-table:zh+pin-table:en
CH32V407,CH32V407DS0.PDF,2-1,CH32V407WEU6,23,PC4,gpio,#,confirmed,pin-table:zh+pin-table:en
CH32V407,CH32V407DS0.PDF,2-1,CH32V407WEU6,24,PC5,gpio,#,confirmed,pin-table:zh+pin-table:en
CH32V407,CH32V407DS0.PDF,2-1,CH32V407WEU6,25,PB0,gpio,#,confirmed,pin-table:zh+pin-table:en
CH32V407,CH32V407DS0.PDF,2-1,CH32V407WEU6,26,PB1,gpio,#,confirmed,pin-table:zh+pin-table:en
CH32V407,CH32V407DS0.PDF,2-1,CH32V407WEU6,28,PE8,gpio,#,confirmed,pin-table:zh+pin-table:en
CH32V407,CH32V407DS0.PDF,2-1,CH32V407WEU6,29,PE9,gpio,#,confirmed,pin-table:zh+pin-table:en
CH32V407,CH32V407DS0.PDF,2-1,CH32V407WEU6,30,VDDK,power,#,confirmed,pin-table:zh+pin-table:en
CH32V407,CH32V407DS0.PDF,2-1,CH32V407WEU6,31,MDIRN,other,#,confirmed,pin-table:zh+pin-table:en
CH32V407,CH32V407DS0.PDF,2-1,CH32V407WEU6,32,MDIRP,other,#,confirmed,pin-table:zh+pin-table:en
CH32V407,CH32V407DS0.PDF,2-1,CH32V407WEU6,33,MDITN,other,#,confirmed,pin-table:zh+pin-table:en
CH32V407,CH32V407DS0.PDF,2-1,CH32V407WEU6,34,MDITP,other,#,confirmed,pin-table:zh+pin-table:en
CH32V407,CH32V407DS0.PDF,2-1,CH32V407WEU6,35,VDD,power,#,confirmed,pin-table:zh+pin-table:en
CH32V407,CH32V407DS0.PDF,2-1,CH32V407WEU6,36,PD8,gpio,#,confirmed,pin-table:zh+pin-table:en
CH32V407,CH32V407DS0.PDF,2-1,CH32V407WEU6,37,PB12,gpio,#,confirmed,pin-table:zh+pin-table:en
CH32V407,CH32V407DS0.PDF,2-1,CH32V407WEU6,38,PB13,gpio,#,confirmed,pin-table:zh+pin-table:en
CH32V407,CH32V407DS0.PDF,2-1,CH32V407WEU6,39,PB14,gpio,#,confirmed,pin-table:zh+pin-table:en
CH32V407,CH32V407DS0.PDF,2-1,CH32V407WEU6,40,PB15,gpio,#,confirmed,pin-table:zh+pin-table:en
CH32V407,CH32V407DS0.PDF,2-1,CH32V407WEU6,41,PB11,gpio,#,confirmed,pin-table:zh+pin-table:en
CH32V407,CH32V407DS0.PDF,2-1,CH32V407WEU6,42,PB10,gpio,#,confirmed,pin-table:zh+pin-table:en
CH32V407,CH32V407DS0.PDF,2-1,CH32V407WEU6,43,PA8,gpio,#,confirmed,pin-table:zh+pin-table:en
CH32V407,CH32V407DS0.PDF,2-1,CH32V407WEU6,44,PA9,gpio,#,confirmed,pin-table:zh+pin-table:en
CH32V407,CH32V407DS0.PDF,2-1,CH32V407WEU6,45,PA10,gpio,#,confirmed,pin-table:zh+pin-table:en
CH32V407,CH32V407DS0.PDF,2-1,CH32V407WEU6,46,PA11,gpio,#,confirmed,pin-table:zh+pin-table:en
CH32V407,CH32V407DS0.PDF,2-1,CH32V407WEU6,47,PA12,gpio,#,confirmed,pin-table:zh+pin-table:en
CH32V407,CH32V407DS0.PDF,2-1,CH32V407WEU6,48,PA13,gpio,#,confirmed,pin-table:zh+pin-table:en
CH32V407,CH32V407DS0.PDF,2-1,CH32V407WEU6,49,PE10,gpio,#,confirmed,pin-table:zh+pin-table:en
CH32V407,CH32V407DS0.PDF,2-1,CH32V407WEU6,50,PE11,gpio,#,confirmed,pin-table:zh+pin-table:en
CH32V407,CH32V407DS0.PDF,2-1,CH32V407WEU6,51,VDD,power,#,confirmed,pin-table:zh+pin-table:en
CH32V407,CH32V407DS0.PDF,2-1,CH32V407WEU6,52,PA14,gpio,#,confirmed,pin-table:zh+pin-table:en
CH32V407,CH32V407DS0.PDF,2-1,CH32V407WEU6,53,PA15,gpio,#,confirmed,pin-table:zh+pin-table:en
CH32V407,CH32V407DS0.PDF,2-1,CH32V407WEU6,54,PC10,gpio,#,confirmed,pin-table:zh+pin-table:en
CH32V407,CH32V407DS0.PDF,2-1,CH32V407WEU6,55,PC11,gpio,#,confirmed,pin-table:zh+pin-table:en
CH32V407,CH32V407DS0.PDF,2-1,CH32V407WEU6,56,PC12,gpio,#,confirmed,pin-table:zh+pin-table:en
CH32V407,CH32V407DS0.PDF,2-1,CH32V407WEU6,57,PD2,gpio,#,confirmed,pin-table:zh+pin-table:en
CH32V407,CH32V407DS0.PDF,2-1,CH32V407WEU6,58,PB3,gpio,#,confirmed,pin-table:zh+pin-table:en
CH32V407,CH32V407DS0.PDF,2-1,CH32V407WEU6,59,PB4,gpio,#,confirmed,pin-table:zh+pin-table:en
CH32V407,CH32V407DS0.PDF,2-1,CH32V407WEU6,60,PB5,gpio,#,confirmed,pin-table:zh+pin-table:en
CH32V407,CH32V407DS0.PDF,2-1,CH32V407WEU6,61,PB6,gpio,#,confirmed,pin-table:zh+pin-table:en
CH32V407,CH32V407DS0.PDF,2-1,CH32V407WEU6,62,PB7,gpio,#,confirmed,pin-table:zh+pin-table:en
CH32V407,CH32V407DS0.PDF,2-1,CH32V407WEU6,63,PE12,gpio,#,confirmed,pin-table:zh+pin-table:en
CH32V407,CH32V407DS0.PDF,2-1,CH32V407WEU6,64,PB8,gpio,#,confirmed,pin-table:zh+pin-table:en
CH32V407,CH32V407DS0.PDF,2-1,CH32V407WEU6,65,PB9,gpio,#,confirmed,pin-table:zh+pin-table:en
CH32V407,CH32V407DS0.PDF,2-1,CH32V407WEU6,66,PE0,gpio,#,confirmed,pin-table:zh+pin-table:en
CH32V407,CH32V407DS0.PDF,2-1,CH32V407WEU6,67,PE1,gpio,#,confirmed,pin-table:zh+pin-table:en
CH32V407,CH32V407DS0.PDF,2-1,CH32V407WEU6,68,VDD,power,#,confirmed,pin-table:zh+pin-table:en
CH32V407,CH32V407DS0.PDF,2-1,CH32V407WEU6,EP,VSS,power,#,confirmed,pin-table:zh+pin-table:en
CH32V407,CH32V407DS0.PDF,2-1,CH32V467RET6,1,VBAT,power,#,confirmed,pin-table:zh+pin-table:en
CH32V407,CH32V407DS0.PDF,2-1,CH32V467RET6,5,OSC_IN,other,#,confirmed,pin-table:zh+pin-table:en
CH32V407,CH32V407DS0.PDF,2-1,CH32V467RET6,6,OSC_OUT,other,#,confirmed,pin-table:zh+pin-table:en
CH32V407,CH32V407DS0.PDF,2-1,CH32V467RET6,7,NRST,other,#,confirmed,pin-table:zh+pin-table:en
CH32V407,CH32V407DS0.PDF,2-1,CH32V467RET6,8,PC0,gpio,#,confirmed,pin-table:zh+pin-table:en
CH32V407,CH32V407DS0.PDF,2-1,CH32V467RET6,9,PC1,gpio,#,confirmed,pin-table:zh+pin-table:en
CH32V407,CH32V407DS0.PDF,2-1,CH32V467RET6,10,PC2,gpio,#,confirmed,pin-table:zh+pin-table:en
CH32V407,CH32V407DS0.PDF,2-1,CH32V467RET6,11,PC3,gpio,#,confirmed,pin-table:zh+pin-table:en
CH32V407,CH32V407DS0.PDF,2-1,CH32V467RET6,12,VSSA,power,#,confirmed,pin-table:zh+pin-table:en
CH32V407,CH32V407DS0.PDF,2-1,CH32V467RET6,13,VREF+,power,#,confirmed,pin-table:zh+pin-table:en
CH32V407,CH32V407DS0.PDF,2-1,CH32V467RET6,14,PA0-WKUP,gpio,#,confirmed,pin-table:zh+pin-table:en
CH32V407,CH32V407DS0.PDF,2-1,CH32V467RET6,15,PA1,gpio,#,confirmed,pin-table:zh+pin-table:en
CH32V407,CH32V407DS0.PDF,2-1,CH32V467RET6,16,PA2,gpio,#,confirmed,pin-table:zh+pin-table:en
CH32V407,CH32V407DS0.PDF,2-1,CH32V467RET6,17,PA3,gpio,#,confirmed,pin-table:zh+pin-table:en
CH32V407,CH32V407DS0.PDF,2-1,CH32V467RET6,18,VDD,power,#,confirmed,pin-table:zh+pin-table:en
CH32V407,CH32V407DS0.PDF,2-1,CH32V467RET6,19,PA4,gpio,#,confirmed,pin-table:zh+pin-table:en
CH32V407,CH32V407DS0.PDF,2-1,CH32V467RET6,20,PA5,gpio,#,confirmed,pin-table:zh+pin-table:en
CH32V407,CH32V407DS0.PDF,2-1,CH32V467RET6,21,PA6,gpio,#,confirmed,pin-table:zh+pin-table:en
CH32V407,CH32V407DS0.PDF,2-1,CH32V467RET6,22,PA7,gpio,#,confirmed,pin-table:zh+pin-table:en
CH32V407,CH32V407DS0.PDF,2-1,CH32V467RET6,23,PC4,gpio,#,confirmed,pin-table:zh+pin-table:en
CH32V407,CH32V407DS0.PDF,2-1,CH32V467RET6,24,PC5,gpio,#,confirmed,pin-table:zh+pin-table:en
CH32V407,CH32V407DS0.PDF,2-1,CH32V467RET6,25,PB0,gpio,#,confirmed,pin-table:zh+pin-table:en
CH32V407,CH32V407DS0.PDF,2-1,CH32V467RET6,26,PB1,gpio,#,confirmed,pin-table:zh+pin-table:en
CH32V407,CH32V407DS0.PDF,2-1,CH32V467RET6,27,VDDK,power,#,confirmed,pin-table:zh+pin-table:en
CH32V407,CH32V407DS0.PDF,2-1,CH32V467RET6,28,MDIRN,other,#,confirmed,pin-table:zh+pin-table:en
CH32V407,CH32V407DS0.PDF,2-1,CH32V467RET6,29,MDIRP,other,#,confirmed,pin-table:zh+pin-table:en
CH32V407,CH32V407DS0.PDF,2-1,CH32V467RET6,30,MDITN,other,#,confirmed,pin-table:zh+pin-table:en
CH32V407,CH32V407DS0.PDF,2-1,CH32V467RET6,31,MDITP,other,#,confirmed,pin-table:zh+pin-table:en
CH32V407,CH32V407DS0.PDF,2-1,CH32V467RET6,32,VDD,power,#,confirmed,pin-table:zh+pin-table:en
CH32V407,CH32V407DS0.PDF,2-1,CH32V467RET6,33,VSS,power,#,confirmed,pin-table:zh+pin-table:en
CH32V407,CH32V407DS0.PDF,2-1,CH32V467RET6,34,VDD18,power,#,confirmed,pin-table:zh+pin-table:en
CH32V407,CH32V407DS0.PDF,2-1,CH32V467RET6,35,PB12,gpio,#,confirmed,pin-table:zh+pin-table:en
CH32V407,CH32V407DS0.PDF,2-1,CH32V467RET6,36,PB13,gpio,#,confirmed,pin-table:zh+pin-table:en
CH32V407,CH32V407DS0.PDF,2-1,CH32V467RET6,37,PB14,gpio,#,confirmed,pin-table:zh+pin-table:en
CH32V407,CH32V407DS0.PDF,2-1,CH32V467RET6,38,PB15,gpio,#,confirmed,pin-table:zh+pin-table:en
CH32V407,CH32V407DS0.PDF,2-1,CH32V467RET6,39,PB11,gpio,#,confirmed,pin-table:zh+pin-table:en
CH32V407,CH32V407DS0.PDF,2-1,CH32V467RET6,40,PB10,gpio,#,confirmed,pin-table:zh+pin-table:en
CH32V407,CH32V407DS0.PDF,2-1,CH32V467RET6,41,PD14,gpio,#,confirmed,pin-table:zh+pin-table:en
CH32V407,CH32V407DS0.PDF,2-1,CH32V467RET6,42,PD15,gpio,#,confirmed,pin-table:zh+pin-table:en
CH32V407,CH32V407DS0.PDF,2-1,CH32V467RET6,43,PA8,gpio,#,confirmed,pin-table:zh+pin-table:en
CH32V407,CH32V407DS0.PDF,2-1,CH32V467RET6,44,PA9,gpio,#,confirmed,pin-table:zh+pin-table:en
CH32V407,CH32V407DS0.PDF,2-1,CH32V467RET6,45,PA10,gpio,#,confirmed,pin-table:zh+pin-table:en
CH32V407,CH32V407DS0.PDF,2-1,CH32V467RET6,46,PA11,gpio,#,confirmed,pin-table:zh+pin-table:en
CH32V407,CH32V407DS0.PDF,2-1,CH32V467RET6,47,PA12,gpio,#,confirmed,pin-table:zh+pin-table:en
CH32V407,CH32V407DS0.PDF,2-1,CH32V467RET6,48,PA13,gpio,#,confirmed,pin-table:zh+pin-table:en
CH32V407,CH32V407DS0.PDF,2-1,CH32V467RET6,49,VDD,power,#,confirmed,pin-table:zh+pin-table:en
CH32V407,CH32V407DS0.PDF,2-1,CH32V467RET6,50,PA14,gpio,#,confirmed,pin-table:zh+pin-table:en
CH32V407,CH32V407DS0.PDF,2-1,CH32V467RET6,51,PA15,gpio,#,confirmed,pin-table:zh+pin-table:en
CH32V407,CH32V407DS0.PDF,2-1,CH32V467RET6,52,PC10,gpio,#,confirmed,pin-table:zh+pin-table:en
CH32V407,CH32V407DS0.PDF,2-1,CH32V467RET6,53,PC11,gpio,#,confirmed,pin-table:zh+pin-table:en
CH32V407,CH32V407DS0.PDF,2-1,CH32V467RET6,54,PC12,gpio,#,confirmed,pin-table:zh+pin-table:en
CH32V407,CH32V407DS0.PDF,2-1,CH32V467RET6,55,PD2,gpio,#,confirmed,pin-table:zh+pin-table:en
CH32V407,CH32V407DS0.PDF,2-1,CH32V467RET6,56,PB3,gpio,#,confirmed,pin-table:zh+pin-table:en
CH32V407,CH32V407DS0.PDF,2-1,CH32V467RET6,57,PB4,gpio,#,confirmed,pin-table:zh+pin-table:en
CH32V407,CH32V407DS0.PDF,2-1,CH32V467RET6,58,PB5,gpio,#,confirmed,pin-table:zh+pin-table:en
CH32V407,CH32V407DS0.PDF,2-1,CH32V467RET6,61,PB8,gpio,#,confirmed,pin-table:zh+pin-table:en
CH32V407,CH32V407DS0.PDF,2-1,CH32V467RET6,62,PB9,gpio,#,confirmed,pin-table:zh+pin-table:en
CH32V407,CH32V407DS0.PDF,2-1,CH32V467RET6,63,VSS,power,#,confirmed,pin-table:zh+pin-table:en
CH32V407,CH32V407DS0.PDF,2-1,CH32V467RET6,64,VDD,power,#,confirmed,pin-table:zh+pin-table:en
CH32V407,CH32V407DS0.PDF,2-1,CH32V467RET6,"59
(12)",PB6,gpio,#,reference,pin-table:zh
CH32V407,CH32V407DS0.PDF,2-1,CH32V467RET6,"59(1
2)",PB6,gpio,#,reference,pin-table:en
CH32V407,CH32V407DS0.PDF,2-1,CH32V467RET6,"60
(12)",PB7,gpio,#,reference,pin-table:zh
CH32V407,CH32V407DS0.PDF,2-1,CH32V467RET6,60(1,PB7,gpio,#,reference,pin-table:en
CH32V407,CH32V407DS0.PDF,2-1,CH32V467VET6,1,PE2,gpio,#,confirmed,pin-table:zh+pin-table:en
CH32V407,CH32V407DS0.PDF,2-1,CH32V467VET6,2,PE3,gpio,#,confirmed,pin-table:zh+pin-table:en
CH32V407,CH32V407DS0.PDF,2-1,CH32V467VET6,3,PE4,gpio,#,confirmed,pin-table:zh+pin-table:en
CH32V407,CH32V407DS0.PDF,2-1,CH32V467VET6,4,PE5,gpio,#,confirmed,pin-table:zh+pin-table:en
CH32V407,CH32V407DS0.PDF,2-1,CH32V467VET6,5,PE6,gpio,#,confirmed,pin-table:zh+pin-table:en
CH32V407,CH32V407DS0.PDF,2-1,CH32V467VET6,6,VBAT,power,#,confirmed,pin-table:zh+pin-table:en
CH32V407,CH32V407DS0.PDF,2-1,CH32V467VET6,10,VSS,power,#,confirmed,pin-table:zh+pin-table:en
CH32V407,CH32V407DS0.PDF,2-1,CH32V467VET6,11,VDD,power,#,confirmed,pin-table:zh+pin-table:en
CH32V407,CH32V407DS0.PDF,2-1,CH32V467VET6,12,OSC_IN,other,#,confirmed,pin-table:zh+pin-table:en
CH32V407,CH32V407DS0.PDF,2-1,CH32V467VET6,13,OSC_OUT,other,#,confirmed,pin-table:zh+pin-table:en
CH32V407,CH32V407DS0.PDF,2-1,CH32V467VET6,14,NRST,other,#,confirmed,pin-table:zh+pin-table:en
CH32V407,CH32V407DS0.PDF,2-1,CH32V467VET6,15,PC0,gpio,#,confirmed,pin-table:zh+pin-table:en
CH32V407,CH32V407DS0.PDF,2-1,CH32V467VET6,16,PC1,gpio,#,confirmed,pin-table:zh+pin-table:en
CH32V407,CH32V407DS0.PDF,2-1,CH32V467VET6,17,PC2,gpio,#,confirmed,pin-table:zh+pin-table:en
CH32V407,CH32V407DS0.PDF,2-1,CH32V467VET6,18,PC3,gpio,#,confirmed,pin-table:zh+pin-table:en
CH32V407,CH32V407DS0.PDF,2-1,CH32V467VET6,19,VSSA,power,#,confirmed,pin-table:zh+pin-table:en
CH32V407,CH32V407DS0.PDF,2-1,CH32V467VET6,20,VREF-,power,#,confirmed,pin-table:zh+pin-table:en
CH32V407,CH32V407DS0.PDF,2-1,CH32V467VET6,21,VREF+,power,#,confirmed,pin-table:zh+pin-table:en
CH32V407,CH32V407DS0.PDF,2-1,CH32V467VET6,22,VDDA,power,#,confirmed,pin-table:zh+pin-table:en
CH32V407,CH32V407DS0.PDF,2-1,CH32V467VET6,23,PA0-WKUP,gpio,#,confirmed,pin-table:zh+pin-table:en
CH32V407,CH32V407DS0.PDF,2-1,CH32V467VET6,24,PA1,gpio,#,confirmed,pin-table:zh+pin-table:en
CH32V407,CH32V407DS0.PDF,2-1,CH32V467VET6,25,PA2,gpio,#,confirmed,pin-table:zh+pin-table:en
CH32V407,CH32V407DS0.PDF,2-1,CH32V467VET6,26,PA3,gpio,#,confirmed,pin-table:zh+pin-table:en
CH32V407,CH32V407DS0.PDF,2-1,CH32V467VET6,27,VSS,power,#,confirmed,pin-table:zh+pin-table:en
CH32V407,CH32V407DS0.PDF,2-1,CH32V467VET6,28,VDD,power,#,confirmed,pin-table:zh+pin-table:en
CH32V407,CH32V407DS0.PDF,2-1,CH32V467VET6,29,PA4,gpio,#,confirmed,pin-table:zh+pin-table:en
CH32V407,CH32V407DS0.PDF,2-1,CH32V467VET6,30,PA5,gpio,#,confirmed,pin-table:zh+pin-table:en
CH32V407,CH32V407DS0.PDF,2-1,CH32V467VET6,31,PA6,gpio,#,confirmed,pin-table:zh+pin-table:en
CH32V407,CH32V407DS0.PDF,2-1,CH32V467VET6,32,PA7,gpio,#,confirmed,pin-table:zh+pin-table:en
CH32V407,CH32V407DS0.PDF,2-1,CH32V467VET6,33,PC4,gpio,#,confirmed,pin-table:zh+pin-table:en
CH32V407,CH32V407DS0.PDF,2-1,CH32V467VET6,34,PC5,gpio,#,confirmed,pin-table:zh+pin-table:en
CH32V407,CH32V407DS0.PDF,2-1,CH32V467VET6,35,PB0,gpio,#,confirmed,pin-table:zh+pin-table:en
CH32V407,CH32V407DS0.PDF,2-1,CH32V467VET6,36,PB1,gpio,#,confirmed,pin-table:zh+pin-table:en
CH32V407,CH32V407DS0.PDF,2-1,CH32V467VET6,38,PE8,gpio,#,confirmed,pin-table:zh+pin-table:en
CH32V407,CH32V407DS0.PDF,2-1,CH32V467VET6,39,PE9,gpio,#,confirmed,pin-table:zh+pin-table:en
CH32V407,CH32V407DS0.PDF,2-1,CH32V467VET6,40,VDDK,power,#,confirmed,pin-table:zh+pin-table:en
CH32V407,CH32V407DS0.PDF,2-1,CH32V467VET6,41,VSS,power,#,confirmed,pin-table:zh+pin-table:en
CH32V407,CH32V407DS0.PDF,2-1,CH32V467VET6,42,MDIRN,other,#,confirmed,pin-table:zh+pin-table:en
CH32V407,CH32V407DS0.PDF,2-1,CH32V467VET6,43,MDIRP,other,#,confirmed,pin-table:zh+pin-table:en
CH32V407,CH32V407DS0.PDF,2-1,CH32V467VET6,44,MDITN,other,#,confirmed,pin-table:zh+pin-table:en
CH32V407,CH32V407DS0.PDF,2-1,CH32V467VET6,45,MDITP,other,#,confirmed,pin-table:zh+pin-table:en
CH32V407,CH32V407DS0.PDF,2-1,CH32V467VET6,46,VDD,power,#,confirmed,pin-table:zh+pin-table:en
CH32V407,CH32V407DS0.PDF,2-1,CH32V467VET6,47,VSS,power,#,confirmed,pin-table:zh+pin-table:en
CH32V407,CH32V407DS0.PDF,2-1,CH32V467VET6,48,VDD18,power,#,confirmed,pin-table:zh+pin-table:en
CH32V407,CH32V407DS0.PDF,2-1,CH32V467VET6,49,PB10,gpio,#,confirmed,pin-table:zh+pin-table:en
CH32V407,CH32V407DS0.PDF,2-1,CH32V467VET6,50,PB11,gpio,#,confirmed,pin-table:zh+pin-table:en
CH32V407,CH32V407DS0.PDF,2-1,CH32V467VET6,51,PD8,gpio,#,confirmed,pin-table:zh+pin-table:en
CH32V407,CH32V407DS0.PDF,2-1,CH32V467VET6,52,PB12,gpio,#,confirmed,pin-table:zh+pin-table:en
CH32V407,CH32V407DS0.PDF,2-1,CH32V467VET6,53,PB13,gpio,#,confirmed,pin-table:zh+pin-table:en
CH32V407,CH32V407DS0.PDF,2-1,CH32V467VET6,54,PB14,gpio,#,confirmed,pin-table:zh+pin-table:en
CH32V407,CH32V407DS0.PDF,2-1,CH32V467VET6,55,PB15,gpio,#,confirmed,pin-table:zh+pin-table:en
CH32V407,CH32V407DS0.PDF,2-1,CH32V467VET6,56,PD9,gpio,#,confirmed,pin-table:zh+pin-table:en
CH32V407,CH32V407DS0.PDF,2-1,CH32V467VET6,57,PD10,gpio,#,confirmed,pin-table:zh+pin-table:en
CH32V407,CH32V407DS0.PDF,2-1,CH32V467VET6,58,PD11,gpio,#,confirmed,pin-table:zh+pin-table:en
CH32V407,CH32V407DS0.PDF,2-1,CH32V467VET6,59,PD12,gpio,#,confirmed,pin-table:zh+pin-table:en
CH32V407,CH32V407DS0.PDF,2-1,CH32V467VET6,60,PD13,gpio,#,confirmed,pin-table:zh+pin-table:en
CH32V407,CH32V407DS0.PDF,2-1,CH32V467VET6,61,PD14,gpio,#,confirmed,pin-table:zh+pin-table:en
CH32V407,CH32V407DS0.PDF,2-1,CH32V467VET6,62,PD15,gpio,#,confirmed,pin-table:zh+pin-table:en
CH32V407,CH32V407DS0.PDF,2-1,CH32V467VET6,63,PC6,gpio,#,confirmed,pin-table:zh+pin-table:en
CH32V407,CH32V407DS0.PDF,2-1,CH32V467VET6,64,PC7,gpio,#,confirmed,pin-table:zh+pin-table:en
CH32V407,CH32V407DS0.PDF,2-1,CH32V467VET6,65,PC8,gpio,#,confirmed,pin-table:zh+pin-table:en
CH32V407,CH32V407DS0.PDF,2-1,CH32V467VET6,66,PC9,gpio,#,confirmed,pin-table:zh+pin-table:en
CH32V407,CH32V407DS0.PDF,2-1,CH32V467VET6,67,PA8,gpio,#,confirmed,pin-table:zh+pin-table:en
CH32V407,CH32V407DS0.PDF,2-1,CH32V467VET6,68,PA9,gpio,#,confirmed,pin-table:zh+pin-table:en
CH32V407,CH32V407DS0.PDF,2-1,CH32V467VET6,69,PA10,gpio,#,confirmed,pin-table:zh+pin-table:en
CH32V407,CH32V407DS0.PDF,2-1,CH32V467VET6,70,PA11,gpio,#,confirmed,pin-table:zh+pin-table:en
CH32V407,CH32V407DS0.PDF,2-1,CH32V467VET6,71,PA12,gpio,#,confirmed,pin-table:zh+pin-table:en
CH32V407,CH32V407DS0.PDF,2-1,CH32V467VET6,72,PA13,gpio,#,confirmed,pin-table:zh+pin-table:en
CH32V407,CH32V407DS0.PDF,2-1,CH32V467VET6,73,PE10,gpio,#,confirmed,pin-table:zh+pin-table:en
CH32V407,CH32V407DS0.PDF,2-1,CH32V467VET6,74,PE11,gpio,#,confirmed,pin-table:zh+pin-table:en
CH32V407,CH32V407DS0.PDF,2-1,CH32V467VET6,75,VDD,power,#,confirmed,pin-table:zh+pin-table:en
CH32V407,CH32V407DS0.PDF,2-1,CH32V467VET6,76,PA14,gpio,#,confirmed,pin-table:zh+pin-table:en
CH32V407,CH32V407DS0.PDF,2-1,CH32V467VET6,77,PA15,gpio,#,confirmed,pin-table:zh+pin-table:en
CH32V407,CH32V407DS0.PDF,2-1,CH32V467VET6,78,PC10,gpio,#,confirmed,pin-table:zh+pin-table:en
CH32V407,CH32V407DS0.PDF,2-1,CH32V467VET6,79,PC11,gpio,#,confirmed,pin-table:zh+pin-table:en
CH32V407,CH32V407DS0.PDF,2-1,CH32V467VET6,80,PC12,gpio,#,confirmed,pin-table:zh+pin-table:en
CH32V407,CH32V407DS0.PDF,2-1,CH32V467VET6,83,PD2,gpio,#,confirmed,pin-table:zh+pin-table:en
CH32V407,CH32V407DS0.PDF,2-1,CH32V467VET6,84,PD3,gpio,#,confirmed,pin-table:zh+pin-table:en
CH32V407,CH32V407DS0.PDF,2-1,CH32V467VET6,85,PD4,gpio,#,confirmed,pin-table:zh+pin-table:en
CH32V407,CH32V407DS0.PDF,2-1,CH32V467VET6,86,PD5,gpio,#,confirmed,pin-table:zh+pin-table:en
CH32V407,CH32V407DS0.PDF,2-1,CH32V467VET6,87,PD6,gpio,#,confirmed,pin-table:zh+pin-table:en
CH32V407,CH32V407DS0.PDF,2-1,CH32V467VET6,88,PD7,gpio,#,confirmed,pin-table:zh+pin-table:en
CH32V407,CH32V407DS0.PDF,2-1,CH32V467VET6,89,PB3,gpio,#,confirmed,pin-table:zh+pin-table:en
CH32V407,CH32V407DS0.PDF,2-1,CH32V467VET6,90,PB4,gpio,#,confirmed,pin-table:zh+pin-table:en
CH32V407,CH32V407DS0.PDF,2-1,CH32V467VET6,91,PB5,gpio,#,confirmed,pin-table:zh+pin-table:en
CH32V407,CH32V407DS0.PDF,2-1,CH32V467VET6,92,PB6,gpio,#,confirmed,pin-table:zh+pin-table:en
CH32V407,CH32V407DS0.PDF,2-1,CH32V467VET6,93,PB7,gpio,#,confirmed,pin-table:zh+pin-table:en
CH32V407,CH32V407DS0.PDF,2-1,CH32V467VET6,94,PE12,gpio,#,confirmed,pin-table:zh+pin-table:en
CH32V407,CH32V407DS0.PDF,2-1,CH32V467VET6,95,PB8,gpio,#,confirmed,pin-table:zh+pin-table:en
CH32V407,CH32V407DS0.PDF,2-1,CH32V467VET6,96,PB9,gpio,#,confirmed,pin-table:zh+pin-table:en
CH32V407,CH32V407DS0.PDF,2-1,CH32V467VET6,97,PE0,gpio,#,confirmed,pin-table:zh+pin-table:en
CH32V407,CH32V407DS0.PDF,2-1,CH32V467VET6,98,PE1,gpio,#,confirmed,pin-table:zh+pin-table:en
CH32V407,CH32V407DS0.PDF,2-1,CH32V467VET6,99,VSS,power,#,confirmed,pin-table:zh+pin-table:en
CH32V407,CH32V407DS0.PDF,2-1,CH32V467VET6,100,VDD,power,#,confirmed,pin-table:zh+pin-table:en
CH32V407,CH32V407DS0.PDF,2-1,CH32V467WEU6,1,VBAT,power,#,confirmed,pin-table:zh+pin-table:en
CH32V407,CH32V407DS0.PDF,2-1,CH32V467WEU6,5,OSC_IN,other,#,confirmed,pin-table:zh+pin-table:en
CH32V407,CH32V407DS0.PDF,2-1,CH32V467WEU6,6,OSC_OUT,other,#,confirmed,pin-table:zh+pin-table:en
CH32V407,CH32V407DS0.PDF,2-1,CH32V467WEU6,7,NRST,other,#,confirmed,pin-table:zh+pin-table:en
CH32V407,CH32V407DS0.PDF,2-1,CH32V467WEU6,8,PC0,gpio,#,confirmed,pin-table:zh+pin-table:en
CH32V407,CH32V407DS0.PDF,2-1,CH32V467WEU6,9,PC1,gpio,#,confirmed,pin-table:zh+pin-table:en
CH32V407,CH32V407DS0.PDF,2-1,CH32V467WEU6,10,PC2,gpio,#,confirmed,pin-table:zh+pin-table:en
CH32V407,CH32V407DS0.PDF,2-1,CH32V467WEU6,11,PC3,gpio,#,confirmed,pin-table:zh+pin-table:en
CH32V407,CH32V407DS0.PDF,2-1,CH32V467WEU6,12,VSSA,power,#,confirmed,pin-table:zh+pin-table:en
CH32V407,CH32V407DS0.PDF,2-1,CH32V467WEU6,13,VREF+,power,#,confirmed,pin-table:zh+pin-table:en
CH32V407,CH32V407DS0.PDF,2-1,CH32V467WEU6,14,PA0-WKUP,gpio,#,confirmed,pin-table:zh+pin-table:en
CH32V407,CH32V407DS0.PDF,2-1,CH32V467WEU6,15,PA1,gpio,#,confirmed,pin-table:zh+pin-table:en
CH32V407,CH32V407DS0.PDF,2-1,CH32V467WEU6,16,PA2,gpio,#,confirmed,pin-table:zh+pin-table:en
CH32V407,CH32V407DS0.PDF,2-1,CH32V467WEU6,17,PA3,gpio,#,confirmed,pin-table:zh+pin-table:en
CH32V407,CH32V407DS0.PDF,2-1,CH32V467WEU6,18,VDD,power,#,confirmed,pin-table:zh+pin-table:en
CH32V407,CH32V407DS0.PDF,2-1,CH32V467WEU6,19,PA4,gpio,#,confirmed,pin-table:zh+pin-table:en
CH32V407,CH32V407DS0.PDF,2-1,CH32V467WEU6,20,PA5,gpio,#,confirmed,pin-table:zh+pin-table:en
CH32V407,CH32V407DS0.PDF,2-1,CH32V467WEU6,21,PA6,gpio,#,confirmed,pin-table:zh+pin-table:en
CH32V407,CH32V407DS0.PDF,2-1,CH32V467WEU6,22,PA7,gpio,#,confirmed,pin-table:zh+pin-table:en
CH32V407,CH32V407DS0.PDF,2-1,CH32V467WEU6,23,PC4,gpio,#,confirmed,pin-table:zh+pin-table:en
CH32V407,CH32V407DS0.PDF,2-1,CH32V467WEU6,24,PC5,gpio,#,confirmed,pin-table:zh+pin-table:en
CH32V407,CH32V407DS0.PDF,2-1,CH32V467WEU6,25,PB0,gpio,#,confirmed,pin-table:zh+pin-table:en
CH32V407,CH32V407DS0.PDF,2-1,CH32V467WEU6,26,PB1,gpio,#,confirmed,pin-table:zh+pin-table:en
CH32V407,CH32V407DS0.PDF,2-1,CH32V467WEU6,28,PE8,gpio,#,confirmed,pin-table:zh+pin-table:en
CH32V407,CH32V407DS0.PDF,2-1,CH32V467WEU6,29,PE9,gpio,#,confirmed,pin-table:zh+pin-table:en
CH32V407,CH32V407DS0.PDF,2-1,CH32V467WEU6,30,VDDK,power,#,confirmed,pin-table:zh+pin-table:en
CH32V407,CH32V407DS0.PDF,2-1,CH32V467WEU6,31,MDIRN,other,#,confirmed,pin-table:zh+pin-table:en
CH32V407,CH32V407DS0.PDF,2-1,CH32V467WEU6,32,MDIRP,other,#,confirmed,pin-table:zh+pin-table:en
CH32V407,CH32V407DS0.PDF,2-1,CH32V467WEU6,33,MDITN,other,#,confirmed,pin-table:zh+pin-table:en
CH32V407,CH32V407DS0.PDF,2-1,CH32V467WEU6,34,MDITP,other,#,confirmed,pin-table:zh+pin-table:en
CH32V407,CH32V407DS0.PDF,2-1,CH32V467WEU6,35,VDD,power,#,confirmed,pin-table:zh+pin-table:en
CH32V407,CH32V407DS0.PDF,2-1,CH32V467WEU6,36,VDD18,power,#,confirmed,pin-table:zh+pin-table:en
CH32V407,CH32V407DS0.PDF,2-1,CH32V467WEU6,37,PB12,gpio,#,confirmed,pin-table:zh+pin-table:en
CH32V407,CH32V407DS0.PDF,2-1,CH32V467WEU6,38,PB13,gpio,#,confirmed,pin-table:zh+pin-table:en
CH32V407,CH32V407DS0.PDF,2-1,CH32V467WEU6,39,PB14,gpio,#,confirmed,pin-table:zh+pin-table:en
CH32V407,CH32V407DS0.PDF,2-1,CH32V467WEU6,40,PB15,gpio,#,confirmed,pin-table:zh+pin-table:en
CH32V407,CH32V407DS0.PDF,2-1,CH32V467WEU6,41,PB11,gpio,#,confirmed,pin-table:zh+pin-table:en
CH32V407,CH32V407DS0.PDF,2-1,CH32V467WEU6,42,PB10,gpio,#,confirmed,pin-table:zh+pin-table:en
CH32V407,CH32V407DS0.PDF,2-1,CH32V467WEU6,43,PA8,gpio,#,confirmed,pin-table:zh+pin-table:en
CH32V407,CH32V407DS0.PDF,2-1,CH32V467WEU6,44,PA9,gpio,#,confirmed,pin-table:zh+pin-table:en
CH32V407,CH32V407DS0.PDF,2-1,CH32V467WEU6,45,PA10,gpio,#,confirmed,pin-table:zh+pin-table:en
CH32V407,CH32V407DS0.PDF,2-1,CH32V467WEU6,46,PA11,gpio,#,confirmed,pin-table:zh+pin-table:en
CH32V407,CH32V407DS0.PDF,2-1,CH32V467WEU6,47,PA12,gpio,#,confirmed,pin-table:zh+pin-table:en
CH32V407,CH32V407DS0.PDF,2-1,CH32V467WEU6,48,PA13,gpio,#,confirmed,pin-table:zh+pin-table:en
CH32V407,CH32V407DS0.PDF,2-1,CH32V467WEU6,49,PE10,gpio,#,confirmed,pin-table:zh+pin-table:en
CH32V407,CH32V407DS0.PDF,2-1,CH32V467WEU6,50,PE11,gpio,#,confirmed,pin-table:zh+pin-table:en
CH32V407,CH32V407DS0.PDF,2-1,CH32V467WEU6,51,VDD,power,#,confirmed,pin-table:zh+pin-table:en
CH32V407,CH32V407DS0.PDF,2-1,CH32V467WEU6,52,PA14,gpio,#,confirmed,pin-table:zh+pin-table:en
CH32V407,CH32V407DS0.PDF,2-1,CH32V467WEU6,53,PA15,gpio,#,confirmed,pin-table:zh+pin-table:en
CH32V407,CH32V407DS0.PDF,2-1,CH32V467WEU6,54,PC10,gpio,#,confirmed,pin-table:zh+pin-table:en
CH32V407,CH32V407DS0.PDF,2-1,CH32V467WEU6,55,PC11,gpio,#,confirmed,pin-table:zh+pin-table:en
CH32V407,CH32V407DS0.PDF,2-1,CH32V467WEU6,56,PC12,gpio,#,confirmed,pin-table:zh+pin-table:en
CH32V407,CH32V407DS0.PDF,2-1,CH32V467WEU6,57,PD2,gpio,#,confirmed,pin-table:zh+pin-table:en
CH32V407,CH32V407DS0.PDF,2-1,CH32V467WEU6,58,PB3,gpio,#,confirmed,pin-table:zh+pin-table:en
CH32V407,CH32V407DS0.PDF,2-1,CH32V467WEU6,59,PB4,gpio,#,confirmed,pin-table:zh+pin-table:en
CH32V407,CH32V407DS0.PDF,2-1,CH32V467WEU6,60,PB5,gpio,#,confirmed,pin-table:zh+pin-table:en
CH32V407,CH32V407DS0.PDF,2-1,CH32V467WEU6,61,PB6,gpio,#,confirmed,pin-table:zh+pin-table:en
CH32V407,CH32V407DS0.PDF,2-1,CH32V467WEU6,62,PB7,gpio,#,confirmed,pin-table:zh+pin-table:en
CH32V407,CH32V407DS0.PDF,2-1,CH32V467WEU6,63,PE12,gpio,#,confirmed,pin-table:zh+pin-table:en
CH32V407,CH32V407DS0.PDF,2-1,CH32V467WEU6,64,PB8,gpio,#,confirmed,pin-table:zh+pin-table:en
CH32V407,CH32V407DS0.PDF,2-1,CH32V467WEU6,65,PB9,gpio,#,confirmed,pin-table:zh+pin-table:en
CH32V407,CH32V407DS0.PDF,2-1,CH32V467WEU6,66,PE0,gpio,#,confirmed,pin-table:zh+pin-table:en
CH32V407,CH32V407DS0.PDF,2-1,CH32V467WEU6,67,PE1,gpio,#,confirmed,pin-table:zh+pin-table:en
CH32V407,CH32V407DS0.PDF,2-1,CH32V467WEU6,68,VDD,power,#,confirmed,pin-table:zh+pin-table:en
CH32V407,CH32V407DS0.PDF,2-1,CH32V467WEU6,EP,VSS,power,#,confirmed,pin-table:zh+pin-table:en
CH32X035,CH32X035DS0.PDF,2-1,LQFP48,1,PA15,gpio,#,confirmed,pin-table:zh+pin-table:en
CH32X035,CH32X035DS0.PDF,2-1,LQFP48,2,PA16,gpio,#,confirmed,pin-table:zh+pin-table:en
CH32X035,CH32X035DS0.PDF,2-1,LQFP48,3,PA17,gpio,#,confirmed,pin-table:zh+pin-table:en
CH32X035,CH32X035DS0.PDF,2-1,LQFP48,4,PA18,gpio,#,confirmed,pin-table:zh+pin-table:en
CH32X035,CH32X035DS0.PDF,2-1,LQFP48,5,PA19,gpio,#,confirmed,pin-table:zh+pin-table:en
CH32X035,CH32X035DS0.PDF,2-1,LQFP48,6,PA20,gpio,#,confirmed,pin-table:zh+pin-table:en
CH32X035,CH32X035DS0.PDF,2-1,LQFP48,7,PA21,gpio,#,confirmed,pin-table:zh+pin-table:en
CH32X035,CH32X035DS0.PDF,2-1,LQFP48,8,PA22,gpio,#,confirmed,pin-table:zh+pin-table:en
CH32X035,CH32X035DS0.PDF,2-1,LQFP48,9,PA23,gpio,#,confirmed,pin-table:zh+pin-table:en
CH32X035,CH32X035DS0.PDF,2-1,LQFP48,10,PA0,gpio,#,confirmed,pin-table:zh+pin-table:en
CH32X035,CH32X035DS0.PDF,2-1,LQFP48,11,PA1,gpio,#,confirmed,pin-table:zh+pin-table:en
CH32X035,CH32X035DS0.PDF,2-1,LQFP48,12,PA2,gpio,#,confirmed,pin-table:zh+pin-table:en
CH32X035,CH32X035DS0.PDF,2-1,LQFP48,13,PA3,gpio,#,confirmed,pin-table:zh+pin-table:en
CH32X035,CH32X035DS0.PDF,2-1,LQFP48,14,PA4,gpio,#,confirmed,pin-table:zh+pin-table:en
CH32X035,CH32X035DS0.PDF,2-1,LQFP48,15,PA5,gpio,#,confirmed,pin-table:zh+pin-table:en
CH32X035,CH32X035DS0.PDF,2-1,LQFP48,16,PA6,gpio,#,confirmed,pin-table:zh+pin-table:en
CH32X035,CH32X035DS0.PDF,2-1,LQFP48,17,PA7,gpio,#,confirmed,pin-table:zh+pin-table:en
CH32X035,CH32X035DS0.PDF,2-1,LQFP48,18,PC6,gpio,#,confirmed,pin-table:zh+pin-table:en
CH32X035,CH32X035DS0.PDF,2-1,LQFP48,19,PC7,gpio,#,confirmed,pin-table:zh+pin-table:en
CH32X035,CH32X035DS0.PDF,2-1,LQFP48,20,PB0,gpio,#,confirmed,pin-table:zh+pin-table:en
CH32X035,CH32X035DS0.PDF,2-1,LQFP48,21,PB1,gpio,#,confirmed,pin-table:zh+pin-table:en
CH32X035,CH32X035DS0.PDF,2-1,LQFP48,22,PB2,gpio,#,confirmed,pin-table:zh+pin-table:en
CH32X035,CH32X035DS0.PDF,2-1,LQFP48,23,PB3,gpio,#,confirmed,pin-table:zh+pin-table:en
CH32X035,CH32X035DS0.PDF,2-1,LQFP48,24,PB4,gpio,#,confirmed,pin-table:zh+pin-table:en
CH32X035,CH32X035DS0.PDF,2-1,LQFP48,25,PB5,gpio,#,confirmed,pin-table:zh+pin-table:en
CH32X035,CH32X035DS0.PDF,2-1,LQFP48,26,PB6,gpio,#,confirmed,pin-table:zh+pin-table:en
CH32X035,CH32X035DS0.PDF,2-1,LQFP48,27,PB7,gpio,#,confirmed,pin-table:zh+pin-table:en
CH32X035,CH32X035DS0.PDF,2-1,LQFP48,28,PB8,gpio,#,confirmed,pin-table:zh+pin-table:en
CH32X035,CH32X035DS0.PDF,2-1,LQFP48,29,PB9,gpio,#,confirmed,pin-table:zh+pin-table:en
CH32X035,CH32X035DS0.PDF,2-1,LQFP48,30,PB10,gpio,#,confirmed,pin-table:zh+pin-table:en
CH32X035,CH32X035DS0.PDF,2-1,LQFP48,31,PB11,gpio,#,confirmed,pin-table:zh+pin-table:en
CH32X035,CH32X035DS0.PDF,2-1,LQFP48,32,PC16,gpio,#,confirmed,pin-table:zh+pin-table:en
CH32X035,CH32X035DS0.PDF,2-1,LQFP48,33,PC17,gpio,#,confirmed,pin-table:zh+pin-table:en
CH32X035,CH32X035DS0.PDF,2-1,LQFP48,34,PC18,gpio,#,confirmed,pin-table:zh+pin-table:en
CH32X035,CH32X035DS0.PDF,2-1,LQFP48,35,PB12,gpio,#,confirmed,pin-table:zh+pin-table:en
CH32X035,CH32X035DS0.PDF,2-1,LQFP48,36,PB13,gpio,#,confirmed,pin-table:zh+pin-table:en
CH32X035,CH32X035DS0.PDF,2-1,LQFP48,37,PC19,gpio,#,confirmed,pin-table:zh+pin-table:en
CH32X035,CH32X035DS0.PDF,2-1,LQFP48,38,PC14,gpio,#,confirmed,pin-table:zh+pin-table:en
CH32X035,CH32X035DS0.PDF,2-1,LQFP48,39,PC15,gpio,#,confirmed,pin-table:zh+pin-table:en
CH32X035,CH32X035DS0.PDF,2-1,LQFP48,40,PA8,gpio,#,confirmed,pin-table:zh+pin-table:en
CH32X035,CH32X035DS0.PDF,2-1,LQFP48,41,PA9,gpio,#,confirmed,pin-table:zh+pin-table:en
CH32X035,CH32X035DS0.PDF,2-1,LQFP48,42,PA10,gpio,#,confirmed,pin-table:zh+pin-table:en
CH32X035,CH32X035DS0.PDF,2-1,LQFP48,43,PA11,gpio,#,confirmed,pin-table:zh+pin-table:en
CH32X035,CH32X035DS0.PDF,2-1,LQFP48,44,PA12,gpio,#,confirmed,pin-table:zh+pin-table:en
CH32X035,CH32X035DS0.PDF,2-1,LQFP48,45,PA13,gpio,#,confirmed,pin-table:zh+pin-table:en
CH32X035,CH32X035DS0.PDF,2-1,LQFP48,46,PA14,gpio,#,confirmed,pin-table:zh+pin-table:en
CH32X035,CH32X035DS0.PDF,2-1,LQFP48,47,GND,power,#,confirmed,pin-table:zh+pin-table:en
CH32X035,CH32X035DS0.PDF,2-1,LQFP48,48,VDD,power,#,confirmed,pin-table:zh+pin-table:en
CH32X035,CH32X035DS0.PDF,2-1,LQFP64M,1,PA15,gpio,#,confirmed,pin-table:zh+pin-table:en
CH32X035,CH32X035DS0.PDF,2-1,LQFP64M,2,PA16,gpio,#,confirmed,pin-table:zh+pin-table:en
CH32X035,CH32X035DS0.PDF,2-1,LQFP64M,3,PA17,gpio,#,confirmed,pin-table:zh+pin-table:en
CH32X035,CH32X035DS0.PDF,2-1,LQFP64M,4,PA18,gpio,#,confirmed,pin-table:zh+pin-table:en
CH32X035,CH32X035DS0.PDF,2-1,LQFP64M,5,PA19,gpio,#,confirmed,pin-table:zh+pin-table:en
CH32X035,CH32X035DS0.PDF,2-1,LQFP64M,6,PA20,gpio,#,confirmed,pin-table:zh+pin-table:en
CH32X035,CH32X035DS0.PDF,2-1,LQFP64M,7,PA21,gpio,#,confirmed,pin-table:zh+pin-table:en
CH32X035,CH32X035DS0.PDF,2-1,LQFP64M,8,PC0,gpio,#,confirmed,pin-table:zh+pin-table:en
CH32X035,CH32X035DS0.PDF,2-1,LQFP64M,9,PC1,gpio,#,confirmed,pin-table:zh+pin-table:en
CH32X035,CH32X035DS0.PDF,2-1,LQFP64M,10,PC2,gpio,#,confirmed,pin-table:zh+pin-table:en
CH32X035,CH32X035DS0.PDF,2-1,LQFP64M,11,PC3,gpio,#,confirmed,pin-table:zh+pin-table:en
CH32X035,CH32X035DS0.PDF,2-1,LQFP64M,12,PA22,gpio,#,confirmed,pin-table:zh+pin-table:en
CH32X035,CH32X035DS0.PDF,2-1,LQFP64M,13,PA23,gpio,#,confirmed,pin-table:zh+pin-table:en
CH32X035,CH32X035DS0.PDF,2-1,LQFP64M,14,PA0,gpio,#,confirmed,pin-table:zh+pin-table:en
CH32X035,CH32X035DS0.PDF,2-1,LQFP64M,15,PA1,gpio,#,confirmed,pin-table:zh+pin-table:en
CH32X035,CH32X035DS0.PDF,2-1,LQFP64M,16,PA2,gpio,#,confirmed,pin-table:zh+pin-table:en
CH32X035,CH32X035DS0.PDF,2-1,LQFP64M,17,PA3,gpio,#,confirmed,pin-table:zh+pin-table:en
CH32X035,CH32X035DS0.PDF,2-1,LQFP64M,18,PC4,gpio,#,confirmed,pin-table:zh+pin-table:en
CH32X035,CH32X035DS0.PDF,2-1,LQFP64M,19,PC5,gpio,#,confirmed,pin-table:zh+pin-table:en
CH32X035,CH32X035DS0.PDF,2-1,LQFP64M,20,PA4,gpio,#,confirmed,pin-table:zh+pin-table:en
CH32X035,CH32X035DS0.PDF,2-1,LQFP64M,21,PA5,gpio,#,confirmed,pin-table:zh+pin-table:en
CH32X035,CH32X035DS0.PDF,2-1,LQFP64M,22,PA6,gpio,#,confirmed,pin-table:zh+pin-table:en
CH32X035,CH32X035DS0.PDF,2-1,LQFP64M,23,PA7,gpio,#,confirmed,pin-table:zh+pin-table:en
CH32X035,CH32X035DS0.PDF,2-1,LQFP64M,24,PC6,gpio,#,confirmed,pin-table:zh+pin-table:en
CH32X035,CH32X035DS0.PDF,2-1,LQFP64M,25,PC7,gpio,#,confirmed,pin-table:zh+pin-table:en
CH32X035,CH32X035DS0.PDF,2-1,LQFP64M,26,PB0,gpio,#,confirmed,pin-table:zh+pin-table:en
CH32X035,CH32X035DS0.PDF,2-1,LQFP64M,27,PB1,gpio,#,confirmed,pin-table:zh+pin-table:en
CH32X035,CH32X035DS0.PDF,2-1,LQFP64M,28,PB2,gpio,#,confirmed,pin-table:zh+pin-table:en
CH32X035,CH32X035DS0.PDF,2-1,LQFP64M,29,PB3,gpio,#,confirmed,pin-table:zh+pin-table:en
CH32X035,CH32X035DS0.PDF,2-1,LQFP64M,30,PB4,gpio,#,confirmed,pin-table:zh+pin-table:en
CH32X035,CH32X035DS0.PDF,2-1,LQFP64M,31,GND,power,#,confirmed,pin-table:zh+pin-table:en
CH32X035,CH32X035DS0.PDF,2-1,LQFP64M,32,VDD,power,#,confirmed,pin-table:zh+pin-table:en
CH32X035,CH32X035DS0.PDF,2-1,LQFP64M,33,PB5,gpio,#,confirmed,pin-table:zh+pin-table:en
CH32X035,CH32X035DS0.PDF,2-1,LQFP64M,34,PB6,gpio,#,confirmed,pin-table:zh+pin-table:en
CH32X035,CH32X035DS0.PDF,2-1,LQFP64M,35,PB7,gpio,#,confirmed,pin-table:zh+pin-table:en
CH32X035,CH32X035DS0.PDF,2-1,LQFP64M,36,PB8,gpio,#,confirmed,pin-table:zh+pin-table:en
CH32X035,CH32X035DS0.PDF,2-1,LQFP64M,37,PB16,gpio,#,confirmed,pin-table:zh+pin-table:en
CH32X035,CH32X035DS0.PDF,2-1,LQFP64M,38,PB17,gpio,#,confirmed,pin-table:zh+pin-table:en
CH32X035,CH32X035DS0.PDF,2-1,LQFP64M,39,PB18,gpio,#,confirmed,pin-table:zh+pin-table:en
CH32X035,CH32X035DS0.PDF,2-1,LQFP64M,40,PB19,gpio,#,confirmed,pin-table:zh+pin-table:en
CH32X035,CH32X035DS0.PDF,2-1,LQFP64M,41,PB9,gpio,#,confirmed,pin-table:zh+pin-table:en
CH32X035,CH32X035DS0.PDF,2-1,LQFP64M,42,PB10,gpio,#,confirmed,pin-table:zh+pin-table:en
CH32X035,CH32X035DS0.PDF,2-1,LQFP64M,43,PB11,gpio,#,confirmed,pin-table:zh+pin-table:en
CH32X035,CH32X035DS0.PDF,2-1,LQFP64M,44,PC16,gpio,#,confirmed,pin-table:zh+pin-table:en
CH32X035,CH32X035DS0.PDF,2-1,LQFP64M,45,PC17,gpio,#,confirmed,pin-table:zh+pin-table:en
CH32X035,CH32X035DS0.PDF,2-1,LQFP64M,46,PC18,gpio,#,confirmed,pin-table:zh+pin-table:en
CH32X035,CH32X035DS0.PDF,2-1,LQFP64M,47,PB12,gpio,#,confirmed,pin-table:zh+pin-table:en
CH32X035,CH32X035DS0.PDF,2-1,LQFP64M,48,PB13,gpio,#,confirmed,pin-table:zh+pin-table:en
CH32X035,CH32X035DS0.PDF,2-1,LQFP64M,49,PC19,gpio,#,confirmed,pin-table:zh+pin-table:en
CH32X035,CH32X035DS0.PDF,2-1,LQFP64M,50,PB14,gpio,#,confirmed,pin-table:zh+pin-table:en
CH32X035,CH32X035DS0.PDF,2-1,LQFP64M,51,PB20,gpio,#,confirmed,pin-table:zh+pin-table:en
CH32X035,CH32X035DS0.PDF,2-1,LQFP64M,52,PB21,gpio,#,confirmed,pin-table:zh+pin-table:en
CH32X035,CH32X035DS0.PDF,2-1,LQFP64M,53,PB15,gpio,#,confirmed,pin-table:zh+pin-table:en
CH32X035,CH32X035DS0.PDF,2-1,LQFP64M,54,PC14,gpio,#,confirmed,pin-table:zh+pin-table:en
CH32X035,CH32X035DS0.PDF,2-1,LQFP64M,55,PC15,gpio,#,confirmed,pin-table:zh+pin-table:en
CH32X035,CH32X035DS0.PDF,2-1,LQFP64M,56,PA8,gpio,#,confirmed,pin-table:zh+pin-table:en
CH32X035,CH32X035DS0.PDF,2-1,LQFP64M,57,PA9,gpio,#,confirmed,pin-table:zh+pin-table:en
CH32X035,CH32X035DS0.PDF,2-1,LQFP64M,58,PA10,gpio,#,confirmed,pin-table:zh+pin-table:en
CH32X035,CH32X035DS0.PDF,2-1,LQFP64M,59,PA11,gpio,#,confirmed,pin-table:zh+pin-table:en
CH32X035,CH32X035DS0.PDF,2-1,LQFP64M,60,PA12,gpio,#,confirmed,pin-table:zh+pin-table:en
CH32X035,CH32X035DS0.PDF,2-1,LQFP64M,61,PA13,gpio,#,confirmed,pin-table:zh+pin-table:en
CH32X035,CH32X035DS0.PDF,2-1,LQFP64M,62,PA14,gpio,#,confirmed,pin-table:zh+pin-table:en
CH32X035,CH32X035DS0.PDF,2-1,LQFP64M,63,GND,power,#,confirmed,pin-table:zh+pin-table:en
CH32X035,CH32X035DS0.PDF,2-1,LQFP64M,64,VDD,power,#,confirmed,pin-table:zh+pin-table:en
CH32X035,CH32X035DS0.PDF,2-1,QFN12,1,VDD,power,#,confirmed,pin-table:zh+pin-table:en
CH32X035,CH32X035DS0.PDF,2-1,QFN12,2,PA2,gpio,#,confirmed,pin-table:zh+pin-table:en
CH32X035,CH32X035DS0.PDF,2-1,QFN12,3,PA3,gpio,#,confirmed,pin-table:zh+pin-table:en
CH32X035,CH32X035DS0.PDF,2-1,QFN12,4,PA5,gpio,#,confirmed,pin-table:zh+pin-table:en
CH32X035,CH32X035DS0.PDF,2-1,QFN12,5,PA6,gpio,#,confirmed,pin-table:zh+pin-table:en
CH32X035,CH32X035DS0.PDF,2-1,QFN12,6,PA7,gpio,#,confirmed,pin-table:zh+pin-table:en
CH32X035,CH32X035DS0.PDF,2-1,QFN12,6,PC7,gpio,#,confirmed,pin-table:zh+pin-table:en
CH32X035,CH32X035DS0.PDF,2-1,QFN12,7,PC16,gpio,#,confirmed,pin-table:zh+pin-table:en
CH32X035,CH32X035DS0.PDF,2-1,QFN12,8,PC17,gpio,#,confirmed,pin-table:zh+pin-table:en
CH32X035,CH32X035DS0.PDF,2-1,QFN12,9,PC18,gpio,#,confirmed,pin-table:zh+pin-table:en
CH32X035,CH32X035DS0.PDF,2-1,QFN12,10,PC19,gpio,#,confirmed,pin-table:zh+pin-table:en
CH32X035,CH32X035DS0.PDF,2-1,QFN12,11,PC14,gpio,#,confirmed,pin-table:zh+pin-table:en
CH32X035,CH32X035DS0.PDF,2-1,QFN12,12,PC15,gpio,#,confirmed,pin-table:zh+pin-table:en
CH32X035,CH32X035DS0.PDF,2-1,QFN12,EP,GND,power,#,confirmed,pin-table:zh+pin-table:en
CH32X035,CH32X035DS0.PDF,2-1,QFN20,1,VDD,power,#,confirmed,pin-table:zh+pin-table:en
CH32X035,CH32X035DS0.PDF,2-1,QFN20,2,PA0,gpio,#,confirmed,pin-table:zh+pin-table:en
CH32X035,CH32X035DS0.PDF,2-1,QFN20,3,PA1,gpio,#,confirmed,pin-table:zh+pin-table:en
CH32X035,CH32X035DS0.PDF,2-1,QFN20,4,PA2,gpio,#,confirmed,pin-table:zh+pin-table:en
CH32X035,CH32X035DS0.PDF,2-1,QFN20,5,PA3,gpio,#,confirmed,pin-table:zh+pin-table:en
CH32X035,CH32X035DS0.PDF,2-1,QFN20,6,PA4,gpio,#,confirmed,pin-table:zh+pin-table:en
CH32X035,CH32X035DS0.PDF,2-1,QFN20,7,PA5,gpio,#,confirmed,pin-table:zh+pin-table:en
CH32X035,CH32X035DS0.PDF,2-1,QFN20,8,PA6,gpio,#,confirmed,pin-table:zh+pin-table:en
CH32X035,CH32X035DS0.PDF,2-1,QFN20,9,PA7,gpio,#,confirmed,pin-table:zh+pin-table:en
CH32X035,CH32X035DS0.PDF,2-1,QFN20,10,PB0,gpio,#,confirmed,pin-table:zh+pin-table:en
CH32X035,CH32X035DS0.PDF,2-1,QFN20,11,PB1,gpio,#,confirmed,pin-table:zh+pin-table:en
CH32X035,CH32X035DS0.PDF,2-1,QFN20,12,PB3,gpio,#,confirmed,pin-table:zh+pin-table:en
CH32X035,CH32X035DS0.PDF,2-1,QFN20,13,PB11,gpio,#,confirmed,pin-table:zh+pin-table:en
CH32X035,CH32X035DS0.PDF,2-1,QFN20,14,PC18,gpio,#,confirmed,pin-table:zh+pin-table:en
CH32X035,CH32X035DS0.PDF,2-1,QFN20,15,PB12,gpio,#,confirmed,pin-table:zh+pin-table:en
CH32X035,CH32X035DS0.PDF,2-1,QFN20,16,PC19,gpio,#,confirmed,pin-table:zh+pin-table:en
CH32X035,CH32X035DS0.PDF,2-1,QFN20,17,PC16,gpio,#,confirmed,pin-table:zh+pin-table:en
CH32X035,CH32X035DS0.PDF,2-1,QFN20,18,PC17,gpio,#,confirmed,pin-table:zh+pin-table:en
CH32X035,CH32X035DS0.PDF,2-1,QFN20,19,PC14,gpio,#,confirmed,pin-table:zh+pin-table:en
CH32X035,CH32X035DS0.PDF,2-1,QFN20,20,PC15,gpio,#,confirmed,pin-table:zh+pin-table:en
CH32X035,CH32X035DS0.PDF,2-1,QFN20,EP,GND,power,#,confirmed,pin-table:zh+pin-table:en
CH32X035,CH32X035DS0.PDF,2-1,QFN28,1,PC15,gpio,#,confirmed,pin-table:zh+pin-table:en
CH32X035,CH32X035DS0.PDF,2-1,QFN28,2,VDD,power,#,confirmed,pin-table:zh+pin-table:en
CH32X035,CH32X035DS0.PDF,2-1,QFN28,3,PC0,gpio,#,confirmed,pin-table:zh+pin-table:en
CH32X035,CH32X035DS0.PDF,2-1,QFN28,4,PC3,gpio,#,confirmed,pin-table:zh+pin-table:en
CH32X035,CH32X035DS0.PDF,2-1,QFN28,5,PA0,gpio,#,confirmed,pin-table:zh+pin-table:en
CH32X035,CH32X035DS0.PDF,2-1,QFN28,6,PA1,gpio,#,confirmed,pin-table:zh+pin-table:en
CH32X035,CH32X035DS0.PDF,2-1,QFN28,7,PA2,gpio,#,confirmed,pin-table:zh+pin-table:en
CH32X035,CH32X035DS0.PDF,2-1,QFN28,8,PA3,gpio,#,confirmed,pin-table:zh+pin-table:en
CH32X035,CH32X035DS0.PDF,2-1,QFN28,9,PA4,gpio,#,confirmed,pin-table:zh+pin-table:en
CH32X035,CH32X035DS0.PDF,2-1,QFN28,10,PA5,gpio,#,confirmed,pin-table:zh+pin-table:en
CH32X035,CH32X035DS0.PDF,2-1,QFN28,11,PA6,gpio,#,confirmed,pin-table:zh+pin-table:en
CH32X035,CH32X035DS0.PDF,2-1,QFN28,12,PA7,gpio,#,confirmed,pin-table:zh+pin-table:en
CH32X035,CH32X035DS0.PDF,2-1,QFN28,13,PB0,gpio,#,confirmed,pin-table:zh+pin-table:en
CH32X035,CH32X035DS0.PDF,2-1,QFN28,14,PB3,gpio,#,confirmed,pin-table:zh+pin-table:en
CH32X035,CH32X035DS0.PDF,2-1,QFN28,15,PB4,gpio,#,confirmed,pin-table:zh+pin-table:en
CH32X035,CH32X035DS0.PDF,2-1,QFN28,16,PB1,gpio,#,confirmed,pin-table:zh+pin-table:en
CH32X035,CH32X035DS0.PDF,2-1,QFN28,16,PB5,gpio,#,confirmed,pin-table:zh+pin-table:en
CH32X035,CH32X035DS0.PDF,2-1,QFN28,17,PB6,gpio,#,confirmed,pin-table:zh+pin-table:en
CH32X035,CH32X035DS0.PDF,2-1,QFN28,18,PB7,gpio,#,confirmed,pin-table:zh+pin-table:en
CH32X035,CH32X035DS0.PDF,2-1,QFN28,19,PB8,gpio,#,confirmed,pin-table:zh+pin-table:en
CH32X035,CH32X035DS0.PDF,2-1,QFN28,20,PB9,gpio,#,confirmed,pin-table:zh+pin-table:en
CH32X035,CH32X035DS0.PDF,2-1,QFN28,21,PB10,gpio,#,confirmed,pin-table:zh+pin-table:en
CH32X035,CH32X035DS0.PDF,2-1,QFN28,22,PB11,gpio,#,confirmed,pin-table:zh+pin-table:en
CH32X035,CH32X035DS0.PDF,2-1,QFN28,23,PB12,gpio,#,confirmed,pin-table:zh+pin-table:en
CH32X035,CH32X035DS0.PDF,2-1,QFN28,24,PC19,gpio,#,confirmed,pin-table:zh+pin-table:en
CH32X035,CH32X035DS0.PDF,2-1,QFN28,25,PC18,gpio,#,confirmed,pin-table:zh+pin-table:en
CH32X035,CH32X035DS0.PDF,2-1,QFN28,26,PC16,gpio,#,confirmed,pin-table:zh+pin-table:en
CH32X035,CH32X035DS0.PDF,2-1,QFN28,27,PC17,gpio,#,confirmed,pin-table:zh+pin-table:en
CH32X035,CH32X035DS0.PDF,2-1,QFN28,28,PC14,gpio,#,confirmed,pin-table:zh+pin-table:en
CH32X035,CH32X035DS0.PDF,2-1,QFN28,EP,GND,power,#,confirmed,pin-table:zh+pin-table:en
CH32X035,CH32X035DS0.PDF,2-1,QSOP28,1,PC19,gpio,#,confirmed,pin-table:zh+pin-table:en
CH32X035,CH32X035DS0.PDF,2-1,QSOP28,2,PC16,gpio,#,confirmed,pin-table:zh+pin-table:en
CH32X035,CH32X035DS0.PDF,2-1,QSOP28,3,PC17,gpio,#,confirmed,pin-table:zh+pin-table:en
CH32X035,CH32X035DS0.PDF,2-1,QSOP28,4,PA12,gpio,#,confirmed,pin-table:zh+pin-table:en
CH32X035,CH32X035DS0.PDF,2-1,QSOP28,4,PC14,gpio,#,confirmed,pin-table:zh+pin-table:en
CH32X035,CH32X035DS0.PDF,2-1,QSOP28,5,PA13,gpio,#,confirmed,pin-table:zh+pin-table:en
CH32X035,CH32X035DS0.PDF,2-1,QSOP28,5,PC15,gpio,#,confirmed,pin-table:zh+pin-table:en
CH32X035,CH32X035DS0.PDF,2-1,QSOP28,6,VDD,power,#,confirmed,pin-table:zh+pin-table:en
CH32X035,CH32X035DS0.PDF,2-1,QSOP28,7,GND,power,#,confirmed,pin-table:zh+pin-table:en
CH32X035,CH32X035DS0.PDF,2-1,QSOP28,9,PA0,gpio,#,confirmed,pin-table:zh+pin-table:en
CH32X035,CH32X035DS0.PDF,2-1,QSOP28,10,PA1,gpio,#,confirmed,pin-table:zh+pin-table:en
CH32X035,CH32X035DS0.PDF,2-1,QSOP28,11,PA2,gpio,#,confirmed,pin-table:zh+pin-table:en
CH32X035,CH32X035DS0.PDF,2-1,QSOP28,12,PA3,gpio,#,confirmed,pin-table:zh+pin-table:en
CH32X035,CH32X035DS0.PDF,2-1,QSOP28,13,PA6,gpio,#,confirmed,pin-table:zh+pin-table:en
CH32X035,CH32X035DS0.PDF,2-1,QSOP28,14,PB0,gpio,#,confirmed,pin-table:zh+pin-table:en
CH32X035,CH32X035DS0.PDF,2-1,QSOP28,15,PA4,gpio,#,confirmed,pin-table:zh+pin-table:en
CH32X035,CH32X035DS0.PDF,2-1,QSOP28,16,PA5,gpio,#,confirmed,pin-table:zh+pin-table:en
CH32X035,CH32X035DS0.PDF,2-1,QSOP28,17,PA7,gpio,#,confirmed,pin-table:zh+pin-table:en
CH32X035,CH32X035DS0.PDF,2-1,QSOP28,18,PB3,gpio,#,confirmed,pin-table:zh+pin-table:en
CH32X035,CH32X035DS0.PDF,2-1,QSOP28,19,PB4,gpio,#,confirmed,pin-table:zh+pin-table:en
CH32X035,CH32X035DS0.PDF,2-1,QSOP28,20,PB1,gpio,#,confirmed,pin-table:zh+pin-table:en
CH32X035,CH32X035DS0.PDF,2-1,QSOP28,20,PB5,gpio,#,confirmed,pin-table:zh+pin-table:en
CH32X035,CH32X035DS0.PDF,2-1,QSOP28,21,PB6,gpio,#,confirmed,pin-table:zh+pin-table:en
CH32X035,CH32X035DS0.PDF,2-1,QSOP28,22,PB7,gpio,#,confirmed,pin-table:zh+pin-table:en
CH32X035,CH32X035DS0.PDF,2-1,QSOP28,23,PB8,gpio,#,confirmed,pin-table:zh+pin-table:en
CH32X035,CH32X035DS0.PDF,2-1,QSOP28,24,PB9,gpio,#,confirmed,pin-table:zh+pin-table:en
CH32X035,CH32X035DS0.PDF,2-1,QSOP28,25,PB10,gpio,#,confirmed,pin-table:zh+pin-table:en
CH32X035,CH32X035DS0.PDF,2-1,QSOP28,26,PB11,gpio,#,confirmed,pin-table:zh+pin-table:en
CH32X035,CH32X035DS0.PDF,2-1,QSOP28,27,PB12,gpio,#,confirmed,pin-table:zh+pin-table:en
CH32X035,CH32X035DS0.PDF,2-1,QSOP28,28,PC18,gpio,#,confirmed,pin-table:zh+pin-table:en
CH32X035,CH32X035DS0.PDF,2-1,TSSOP20,1,PB12,gpio,#,confirmed,pin-table:zh+pin-table:en
CH32X035,CH32X035DS0.PDF,2-1,TSSOP20,2,PC14,gpio,#,confirmed,pin-table:zh+pin-table:en
CH32X035,CH32X035DS0.PDF,2-1,TSSOP20,3,PC15,gpio,#,confirmed,pin-table:zh+pin-table:en
CH32X035,CH32X035DS0.PDF,2-1,TSSOP20,5,PC1,gpio,#,confirmed,pin-table:zh+pin-table:en
CH32X035,CH32X035DS0.PDF,2-1,TSSOP20,6,PA0,gpio,#,confirmed,pin-table:zh+pin-table:en
CH32X035,CH32X035DS0.PDF,2-1,TSSOP20,7,PA1,gpio,#,confirmed,pin-table:zh+pin-table:en
CH32X035,CH32X035DS0.PDF,2-1,TSSOP20,8,PA2,gpio,#,confirmed,pin-table:zh+pin-table:en
CH32X035,CH32X035DS0.PDF,2-1,TSSOP20,9,PA3,gpio,#,confirmed,pin-table:zh+pin-table:en
CH32X035,CH32X035DS0.PDF,2-1,TSSOP20,10,PA4,gpio,#,confirmed,pin-table:zh+pin-table:en
CH32X035,CH32X035DS0.PDF,2-1,TSSOP20,11,PA5,gpio,#,confirmed,pin-table:zh+pin-table:en
CH32X035,CH32X035DS0.PDF,2-1,TSSOP20,12,PA6,gpio,#,confirmed,pin-table:zh+pin-table:en
CH32X035,CH32X035DS0.PDF,2-1,TSSOP20,13,PA7,gpio,#,confirmed,pin-table:zh+pin-table:en
CH32X035,CH32X035DS0.PDF,2-1,TSSOP20,14,PB1,gpio,#,confirmed,pin-table:zh+pin-table:en
CH32X035,CH32X035DS0.PDF,2-1,TSSOP20,15,GND,power,#,confirmed,pin-table:zh+pin-table:en
CH32X035,CH32X035DS0.PDF,2-1,TSSOP20,16,VDD,power,#,confirmed,pin-table:zh+pin-table:en
CH32X035,CH32X035DS0.PDF,2-1,TSSOP20,17,PC16,gpio,#,confirmed,pin-table:zh+pin-table:en
CH32X035,CH32X035DS0.PDF,2-1,TSSOP20,18,PC17,gpio,#,confirmed,pin-table:zh+pin-table:en
CH32X035,CH32X035DS0.PDF,2-1,TSSOP20,19,PC18,gpio,#,confirmed,pin-table:zh+pin-table:en
CH32X035,CH32X035DS0.PDF,2-1,TSSOP20,20,PC19,gpio,#,confirmed,pin-table:zh+pin-table:en
CH32X035,CH32X035DS0.PDF,2-2,TSSOP20,1,PA6,gpio,#,confirmed,pin-table:zh+pin-table:en
CH32X035,CH32X035DS0.PDF,2-2,TSSOP20,2,PA7,gpio,#,confirmed,pin-table:zh+pin-table:en
CH32X035,CH32X035DS0.PDF,2-2,TSSOP20,2,PB0,gpio,#,confirmed,pin-table:zh+pin-table:en
CH32X035,CH32X035DS0.PDF,2-2,TSSOP20,3,PB1,gpio,#,confirmed,pin-table:zh+pin-table:en
CH32X035,CH32X035DS0.PDF,2-2,TSSOP20,4,PB7,gpio,#,confirmed,pin-table:zh+pin-table:en
CH32X035,CH32X035DS0.PDF,2-2,TSSOP20,5,PC16,gpio,#,confirmed,pin-table:zh+pin-table:en
CH32X035,CH32X035DS0.PDF,2-2,TSSOP20,6,PC17,gpio,#,confirmed,pin-table:zh+pin-table:en
CH32X035,CH32X035DS0.PDF,2-2,TSSOP20,7,GND,power,#,confirmed,pin-table:zh+pin-table:en
CH32X035,CH32X035DS0.PDF,2-2,TSSOP20,8,PC18,gpio,#,confirmed,pin-table:zh+pin-table:en
CH32X035,CH32X035DS0.PDF,2-2,TSSOP20,9,VDD,power,#,confirmed,pin-table:zh+pin-table:en
CH32X035,CH32X035DS0.PDF,2-2,TSSOP20,10,PA9,gpio,#,confirmed,pin-table:zh+pin-table:en
CH32X035,CH32X035DS0.PDF,2-2,TSSOP20,11,PA11,gpio,#,confirmed,pin-table:zh+pin-table:en
CH32X035,CH32X035DS0.PDF,2-2,TSSOP20,12,PA10,gpio,#,confirmed,pin-table:zh+pin-table:en
CH32X035,CH32X035DS0.PDF,2-2,TSSOP20,13,PC3,gpio,#,confirmed,pin-table:zh+pin-table:en
CH32X035,CH32X035DS0.PDF,2-2,TSSOP20,14,PA0,gpio,#,confirmed,pin-table:zh+pin-table:en
CH32X035,CH32X035DS0.PDF,2-2,TSSOP20,15,PA1,gpio,#,confirmed,pin-table:zh+pin-table:en
CH32X035,CH32X035DS0.PDF,2-2,TSSOP20,16,PA2,gpio,#,confirmed,pin-table:zh+pin-table:en
CH32X035,CH32X035DS0.PDF,2-2,TSSOP20,17,PA3,gpio,#,confirmed,pin-table:zh+pin-table:en
CH32X035,CH32X035DS0.PDF,2-2,TSSOP20,18,PC19,gpio,#,confirmed,pin-table:zh+pin-table:en
CH32X035,CH32X035DS0.PDF,2-2,TSSOP20,19,PA4,gpio,#,confirmed,pin-table:zh+pin-table:en
CH32X035,CH32X035DS0.PDF,2-2,TSSOP20,20,PA5,gpio,#,confirmed,pin-table:zh+pin-table:en
CH32X315,CH32X315DS0.PDF,2-1-1,CH32X315CCU6,1,XI,other,#,confirmed,pin-table:zh+pin-table:en
CH32X315,CH32X315DS0.PDF,2-1-1,CH32X315CCU6,2,XO,other,#,confirmed,pin-table:zh+pin-table:en
CH32X315,CH32X315DS0.PDF,2-1-1,CH32X315CCU6,3,PD2,gpio,#,confirmed,pin-table:zh+pin-table:en
CH32X315,CH32X315DS0.PDF,2-1-1,CH32X315CCU6,4,PC4,gpio,#,confirmed,pin-table:zh+pin-table:en
CH32X315,CH32X315DS0.PDF,2-1-1,CH32X315CCU6,5,PC5,gpio,#,confirmed,pin-table:zh+pin-table:en
CH32X315,CH32X315DS0.PDF,2-1-1,CH32X315CCU6,6,PC6,gpio,#,confirmed,pin-table:zh+pin-table:en
CH32X315,CH32X315DS0.PDF,2-1-1,CH32X315CCU6,7,PC7,gpio,#,confirmed,pin-table:zh+pin-table:en
CH32X315,CH32X315DS0.PDF,2-1-1,CH32X315CCU6,8,VREF+,power,#,confirmed,pin-table:zh+pin-table:en
CH32X315,CH32X315DS0.PDF,2-1-1,CH32X315CCU6,9,VDDA,power,#,confirmed,pin-table:zh+pin-table:en
CH32X315,CH32X315DS0.PDF,2-1-1,CH32X315CCU6,10,PA0,gpio,#,confirmed,pin-table:zh+pin-table:en
CH32X315,CH32X315DS0.PDF,2-1-1,CH32X315CCU6,11,PA1,gpio,#,confirmed,pin-table:zh+pin-table:en
CH32X315,CH32X315DS0.PDF,2-1-1,CH32X315CCU6,12,PA2,gpio,#,confirmed,pin-table:zh+pin-table:en
CH32X315,CH32X315DS0.PDF,2-1-1,CH32X315CCU6,13,PA3,gpio,#,confirmed,pin-table:zh+pin-table:en
CH32X315,CH32X315DS0.PDF,2-1-1,CH32X315CCU6,14,PA4,gpio,#,confirmed,pin-table:zh+pin-table:en
CH32X315,CH32X315DS0.PDF,2-1-1,CH32X315CCU6,15,PA5,gpio,#,confirmed,pin-table:zh+pin-table:en
CH32X315,CH32X315DS0.PDF,2-1-1,CH32X315CCU6,16,PA6,gpio,#,confirmed,pin-table:zh+pin-table:en
CH32X315,CH32X315DS0.PDF,2-1-1,CH32X315CCU6,17,PA7,gpio,#,confirmed,pin-table:zh+pin-table:en
CH32X315,CH32X315DS0.PDF,2-1-1,CH32X315CCU6,18,PB4,gpio,#,confirmed,pin-table:zh+pin-table:en
CH32X315,CH32X315DS0.PDF,2-1-1,CH32X315CCU6,19,PB5,gpio,#,confirmed,pin-table:zh+pin-table:en
CH32X315,CH32X315DS0.PDF,2-1-1,CH32X315CCU6,20,PB6,gpio,#,confirmed,pin-table:zh+pin-table:en
CH32X315,CH32X315DS0.PDF,2-1-1,CH32X315CCU6,21,PB7,gpio,#,confirmed,pin-table:zh+pin-table:en
CH32X315,CH32X315DS0.PDF,2-1-1,CH32X315CCU6,22,PC8,gpio,#,confirmed,pin-table:zh+pin-table:en
CH32X315,CH32X315DS0.PDF,2-1-1,CH32X315CCU6,23,PC9,gpio,#,confirmed,pin-table:zh+pin-table:en
CH32X315,CH32X315DS0.PDF,2-1-1,CH32X315CCU6,24,PB8,gpio,#,confirmed,pin-table:zh+pin-table:en
CH32X315,CH32X315DS0.PDF,2-1-1,CH32X315CCU6,25,PB9,gpio,#,confirmed,pin-table:zh+pin-table:en
CH32X315,CH32X315DS0.PDF,2-1-1,CH32X315CCU6,26,PB10,gpio,#,confirmed,pin-table:zh+pin-table:en
CH32X315,CH32X315DS0.PDF,2-1-1,CH32X315CCU6,27,PB11,gpio,#,confirmed,pin-table:zh+pin-table:en
CH32X315,CH32X315DS0.PDF,2-1-1,CH32X315CCU6,28,PD12,gpio,#,confirmed,pin-table:zh+pin-table:en
CH32X315,CH32X315DS0.PDF,2-1-1,CH32X315CCU6,29,PD13,gpio,#,confirmed,pin-table:zh+pin-table:en
CH32X315,CH32X315DS0.PDF,2-1-1,CH32X315CCU6,30,PA8,gpio,#,confirmed,pin-table:zh+pin-table:en
CH32X315,CH32X315DS0.PDF,2-1-1,CH32X315CCU6,31,PA9,gpio,#,confirmed,pin-table:zh+pin-table:en
CH32X315,CH32X315DS0.PDF,2-1-1,CH32X315CCU6,32,PA10,gpio,#,confirmed,pin-table:zh+pin-table:en
CH32X315,CH32X315DS0.PDF,2-1-1,CH32X315CCU6,33,PA11,gpio,#,confirmed,pin-table:zh+pin-table:en
CH32X315,CH32X315DS0.PDF,2-1-1,CH32X315CCU6,34,PA12,gpio,#,confirmed,pin-table:zh+pin-table:en
CH32X315,CH32X315DS0.PDF,2-1-1,CH32X315CCU6,35,PA13,gpio,#,confirmed,pin-table:zh+pin-table:en
CH32X315,CH32X315DS0.PDF,2-1-1,CH32X315CCU6,36,PA14,gpio,#,confirmed,pin-table:zh+pin-table:en
CH32X315,CH32X315DS0.PDF,2-1-1,CH32X315CCU6,37,PA15,gpio,#,confirmed,pin-table:zh+pin-table:en
CH32X315,CH32X315DS0.PDF,2-1-1,CH32X315CCU6,38,PD3,gpio,#,confirmed,pin-table:zh+pin-table:en
CH32X315,CH32X315DS0.PDF,2-1-1,CH32X315CCU6,39,PD4,gpio,#,reference,pin-table:en
CH32X315,CH32X315DS0.PDF,2-1-1,CH32X315CCU6,40,PD5,gpio,#,reference,pin-table:en
CH32X315,CH32X315DS0.PDF,2-1-1,CH32X315CCU6,41,PD6,gpio,#,confirmed,pin-table:zh+pin-table:en
CH32X315,CH32X315DS0.PDF,2-1-1,CH32X315CCU6,42,PD7,gpio,#,confirmed,pin-table:zh+pin-table:en
CH32X315,CH32X315DS0.PDF,2-1-1,CH32X315CCU6,43,SSTXB,other,#,confirmed,pin-table:zh+pin-table:en
CH32X315,CH32X315DS0.PDF,2-1-1,CH32X315CCU6,44,SSTXA,other,#,confirmed,pin-table:zh+pin-table:en
CH32X315,CH32X315DS0.PDF,2-1-1,CH32X315CCU6,45,VDDK,power,#,confirmed,pin-table:zh+pin-table:en
CH32X315,CH32X315DS0.PDF,2-1-1,CH32X315CCU6,46,SSRXB,other,#,confirmed,pin-table:zh+pin-table:en
CH32X315,CH32X315DS0.PDF,2-1-1,CH32X315CCU6,47,SSRXA,other,#,confirmed,pin-table:zh+pin-table:en
CH32X315,CH32X315DS0.PDF,2-1-1,CH32X315CCU6,48,VDD,power,#,confirmed,pin-table:zh+pin-table:en
CH32X315,CH32X315DS0.PDF,2-1-1,CH32X315CCU6,EP,VSS,power,#,confirmed,pin-table:zh+pin-table:en
CH32X315,CH32X315DS0.PDF,2-1-1,CH32X315MCU6,1,XI,other,#,confirmed,pin-table:zh+pin-table:en
CH32X315,CH32X315DS0.PDF,2-1-1,CH32X315MCU6,2,XO,other,#,confirmed,pin-table:zh+pin-table:en
CH32X315,CH32X315DS0.PDF,2-1-1,CH32X315MCU6,3,PD2,gpio,#,confirmed,pin-table:zh+pin-table:en
CH32X315,CH32X315DS0.PDF,2-1-1,CH32X315MCU6,4,PD14,gpio,#,confirmed,pin-table:zh+pin-table:en
CH32X315,CH32X315DS0.PDF,2-1-1,CH32X315MCU6,5,PD15,gpio,#,confirmed,pin-table:zh+pin-table:en
CH32X315,CH32X315DS0.PDF,2-1-1,CH32X315MCU6,6,PC0,gpio,#,confirmed,pin-table:zh+pin-table:en
CH32X315,CH32X315DS0.PDF,2-1-1,CH32X315MCU6,7,PC1,gpio,#,confirmed,pin-table:zh+pin-table:en
CH32X315,CH32X315DS0.PDF,2-1-1,CH32X315MCU6,8,PC2,gpio,#,confirmed,pin-table:zh+pin-table:en
CH32X315,CH32X315DS0.PDF,2-1-1,CH32X315MCU6,9,PC3,gpio,#,confirmed,pin-table:zh+pin-table:en
CH32X315,CH32X315DS0.PDF,2-1-1,CH32X315MCU6,10,PC4,gpio,#,confirmed,pin-table:zh+pin-table:en
CH32X315,CH32X315DS0.PDF,2-1-1,CH32X315MCU6,11,PC5,gpio,#,confirmed,pin-table:zh+pin-table:en
CH32X315,CH32X315DS0.PDF,2-1-1,CH32X315MCU6,12,PC6,gpio,#,confirmed,pin-table:zh+pin-table:en
CH32X315,CH32X315DS0.PDF,2-1-1,CH32X315MCU6,13,PC7,gpio,#,confirmed,pin-table:zh+pin-table:en
CH32X315,CH32X315DS0.PDF,2-1-1,CH32X315MCU6,14,VREF-,power,#,confirmed,pin-table:zh+pin-table:en
CH32X315,CH32X315DS0.PDF,2-1-1,CH32X315MCU6,15,VREF+,power,#,confirmed,pin-table:zh+pin-table:en
CH32X315,CH32X315DS0.PDF,2-1-1,CH32X315MCU6,16,VDDA,power,#,confirmed,pin-table:zh+pin-table:en
CH32X315,CH32X315DS0.PDF,2-1-1,CH32X315MCU6,17,VDD,power,#,confirmed,pin-table:zh+pin-table:en
CH32X315,CH32X315DS0.PDF,2-1-1,CH32X315MCU6,18,PA0,gpio,#,confirmed,pin-table:zh+pin-table:en
CH32X315,CH32X315DS0.PDF,2-1-1,CH32X315MCU6,19,PA1,gpio,#,confirmed,pin-table:zh+pin-table:en
CH32X315,CH32X315DS0.PDF,2-1-1,CH32X315MCU6,20,PA2,gpio,#,confirmed,pin-table:zh+pin-table:en
CH32X315,CH32X315DS0.PDF,2-1-1,CH32X315MCU6,21,PA3,gpio,#,confirmed,pin-table:zh+pin-table:en
CH32X315,CH32X315DS0.PDF,2-1-1,CH32X315MCU6,22,PA4,gpio,#,confirmed,pin-table:zh+pin-table:en
CH32X315,CH32X315DS0.PDF,2-1-1,CH32X315MCU6,23,PA5,gpio,#,confirmed,pin-table:zh+pin-table:en
CH32X315,CH32X315DS0.PDF,2-1-1,CH32X315MCU6,24,PA6,gpio,#,confirmed,pin-table:zh+pin-table:en
CH32X315,CH32X315DS0.PDF,2-1-1,CH32X315MCU6,25,PA7,gpio,#,confirmed,pin-table:zh+pin-table:en
CH32X315,CH32X315DS0.PDF,2-1-1,CH32X315MCU6,26,PB0,gpio,#,confirmed,pin-table:zh+pin-table:en
CH32X315,CH32X315DS0.PDF,2-1-1,CH32X315MCU6,27,PB1,gpio,#,confirmed,pin-table:zh+pin-table:en
CH32X315,CH32X315DS0.PDF,2-1-1,CH32X315MCU6,28,PB2,gpio,#,confirmed,pin-table:zh+pin-table:en
CH32X315,CH32X315DS0.PDF,2-1-1,CH32X315MCU6,29,PB3,gpio,#,confirmed,pin-table:zh+pin-table:en
CH32X315,CH32X315DS0.PDF,2-1-1,CH32X315MCU6,30,PB4,gpio,#,confirmed,pin-table:zh+pin-table:en
CH32X315,CH32X315DS0.PDF,2-1-1,CH32X315MCU6,31,PB5,gpio,#,confirmed,pin-table:zh+pin-table:en
CH32X315,CH32X315DS0.PDF,2-1-1,CH32X315MCU6,32,PB6,gpio,#,confirmed,pin-table:zh+pin-table:en
CH32X315,CH32X315DS0.PDF,2-1-1,CH32X315MCU6,33,PB7,gpio,#,confirmed,pin-table:zh+pin-table:en
CH32X315,CH32X315DS0.PDF,2-1-1,CH32X315MCU6,34,PC8,gpio,#,confirmed,pin-table:zh+pin-table:en
CH32X315,CH32X315DS0.PDF,2-1-1,CH32X315MCU6,35,PC9,gpio,#,confirmed,pin-table:zh+pin-table:en
CH32X315,CH32X315DS0.PDF,2-1-1,CH32X315MCU6,36,PC10,gpio,#,confirmed,pin-table:zh+pin-table:en
CH32X315,CH32X315DS0.PDF,2-1-1,CH32X315MCU6,37,PC11,gpio,#,confirmed,pin-table:zh+pin-table:en
CH32X315,CH32X315DS0.PDF,2-1-1,CH32X315MCU6,38,VDD,power,#,confirmed,pin-table:zh+pin-table:en
CH32X315,CH32X315DS0.PDF,2-1-1,CH32X315MCU6,39,PC12,gpio,#,confirmed,pin-table:zh+pin-table:en
CH32X315,CH32X315DS0.PDF,2-1-1,CH32X315MCU6,40,PC13,gpio,#,confirmed,pin-table:zh+pin-table:en
CH32X315,CH32X315DS0.PDF,2-1-1,CH32X315MCU6,41,PC14,gpio,#,confirmed,pin-table:zh+pin-table:en
CH32X315,CH32X315DS0.PDF,2-1-1,CH32X315MCU6,42,PC15,gpio,#,confirmed,pin-table:zh+pin-table:en
CH32X315,CH32X315DS0.PDF,2-1-1,CH32X315MCU6,43,PB8,gpio,#,confirmed,pin-table:zh+pin-table:en
CH32X315,CH32X315DS0.PDF,2-1-1,CH32X315MCU6,44,PB9,gpio,#,confirmed,pin-table:zh+pin-table:en
CH32X315,CH32X315DS0.PDF,2-1-1,CH32X315MCU6,45,PB10,gpio,#,confirmed,pin-table:zh+pin-table:en
CH32X315,CH32X315DS0.PDF,2-1-1,CH32X315MCU6,46,PB11,gpio,#,confirmed,pin-table:zh+pin-table:en
CH32X315,CH32X315DS0.PDF,2-1-1,CH32X315MCU6,47,PD8,gpio,#,confirmed,pin-table:zh+pin-table:en
CH32X315,CH32X315DS0.PDF,2-1-1,CH32X315MCU6,48,PD9,gpio,#,confirmed,pin-table:zh+pin-table:en
CH32X315,CH32X315DS0.PDF,2-1-1,CH32X315MCU6,49,PD10,gpio,#,confirmed,pin-table:zh+pin-table:en
CH32X315,CH32X315DS0.PDF,2-1-1,CH32X315MCU6,50,PD11,gpio,#,confirmed,pin-table:zh+pin-table:en
CH32X315,CH32X315DS0.PDF,2-1-1,CH32X315MCU6,51,PD12,gpio,#,confirmed,pin-table:zh+pin-table:en
CH32X315,CH32X315DS0.PDF,2-1-1,CH32X315MCU6,52,PD13,gpio,#,confirmed,pin-table:zh+pin-table:en
CH32X315,CH32X315DS0.PDF,2-1-1,CH32X315MCU6,53,PA8,gpio,#,confirmed,pin-table:zh+pin-table:en
CH32X315,CH32X315DS0.PDF,2-1-1,CH32X315MCU6,54,PA9,gpio,#,confirmed,pin-table:zh+pin-table:en
CH32X315,CH32X315DS0.PDF,2-1-1,CH32X315MCU6,55,PA10,gpio,#,confirmed,pin-table:zh+pin-table:en
CH32X315,CH32X315DS0.PDF,2-1-1,CH32X315MCU6,56,PA11,gpio,#,confirmed,pin-table:zh+pin-table:en
CH32X315,CH32X315DS0.PDF,2-1-1,CH32X315MCU6,57,PA12,gpio,#,confirmed,pin-table:zh+pin-table:en
CH32X315,CH32X315DS0.PDF,2-1-1,CH32X315MCU6,58,VDD,power,#,confirmed,pin-table:zh+pin-table:en
CH32X315,CH32X315DS0.PDF,2-1-1,CH32X315MCU6,59,PA13,gpio,#,confirmed,pin-table:zh+pin-table:en
CH32X315,CH32X315DS0.PDF,2-1-1,CH32X315MCU6,60,PA14,gpio,#,confirmed,pin-table:zh+pin-table:en
CH32X315,CH32X315DS0.PDF,2-1-1,CH32X315MCU6,61,PA15,gpio,#,confirmed,pin-table:zh+pin-table:en
CH32X315,CH32X315DS0.PDF,2-1-1,CH32X315MCU6,62,PB12,gpio,#,confirmed,pin-table:zh+pin-table:en
CH32X315,CH32X315DS0.PDF,2-1-1,CH32X315MCU6,63,PB13,gpio,#,confirmed,pin-table:zh+pin-table:en
CH32X315,CH32X315DS0.PDF,2-1-1,CH32X315MCU6,64,PB14,gpio,#,confirmed,pin-table:zh+pin-table:en
CH32X315,CH32X315DS0.PDF,2-1-1,CH32X315MCU6,65,PB15,gpio,#,confirmed,pin-table:zh+pin-table:en
CH32X315,CH32X315DS0.PDF,2-1-1,CH32X315MCU6,66,PD3,gpio,#,confirmed,pin-table:zh+pin-table:en
CH32X315,CH32X315DS0.PDF,2-1-1,CH32X315MCU6,67,PD4,gpio,#,reference,pin-table:en
CH32X315,CH32X315DS0.PDF,2-1-1,CH32X315MCU6,68,PD5,gpio,#,reference,pin-table:en
CH32X315,CH32X315DS0.PDF,2-1-1,CH32X315MCU6,69,PD6,gpio,#,confirmed,pin-table:zh+pin-table:en
CH32X315,CH32X315DS0.PDF,2-1-1,CH32X315MCU6,70,PD7,gpio,#,confirmed,pin-table:zh+pin-table:en
CH32X315,CH32X315DS0.PDF,2-1-1,CH32X315MCU6,71,SSTXB,other,#,confirmed,pin-table:zh+pin-table:en
CH32X315,CH32X315DS0.PDF,2-1-1,CH32X315MCU6,72,SSTXA,other,#,confirmed,pin-table:zh+pin-table:en
CH32X315,CH32X315DS0.PDF,2-1-1,CH32X315MCU6,73,VDDK,power,#,confirmed,pin-table:zh+pin-table:en
CH32X315,CH32X315DS0.PDF,2-1-1,CH32X315MCU6,74,SSRXB,other,#,confirmed,pin-table:zh+pin-table:en
CH32X315,CH32X315DS0.PDF,2-1-1,CH32X315MCU6,75,SSRXA,other,#,confirmed,pin-table:zh+pin-table:en
CH32X315,CH32X315DS0.PDF,2-1-1,CH32X315MCU6,76,VDD,power,#,confirmed,pin-table:zh+pin-table:en
CH32X315,CH32X315DS0.PDF,2-1-1,CH32X315MCU6,EP,VSS,power,#,confirmed,pin-table:zh+pin-table:en
CH32X315,CH32X315DS0.PDF,2-1-1,CH32X315WCU6,1,XI,other,#,confirmed,pin-table:zh+pin-table:en
CH32X315,CH32X315DS0.PDF,2-1-1,CH32X315WCU6,2,XO,other,#,confirmed,pin-table:zh+pin-table:en
CH32X315,CH32X315DS0.PDF,2-1-1,CH32X315WCU6,3,PD14,gpio,#,confirmed,pin-table:zh+pin-table:en
CH32X315,CH32X315DS0.PDF,2-1-1,CH32X315WCU6,4,PD15,gpio,#,confirmed,pin-table:zh+pin-table:en
CH32X315,CH32X315DS0.PDF,2-1-1,CH32X315WCU6,5,PC0,gpio,#,confirmed,pin-table:zh+pin-table:en
CH32X315,CH32X315DS0.PDF,2-1-1,CH32X315WCU6,6,PC1,gpio,#,confirmed,pin-table:zh+pin-table:en
CH32X315,CH32X315DS0.PDF,2-1-1,CH32X315WCU6,7,PC2,gpio,#,confirmed,pin-table:zh+pin-table:en
CH32X315,CH32X315DS0.PDF,2-1-1,CH32X315WCU6,8,PC3,gpio,#,confirmed,pin-table:zh+pin-table:en
CH32X315,CH32X315DS0.PDF,2-1-1,CH32X315WCU6,9,PC4,gpio,#,confirmed,pin-table:zh+pin-table:en
CH32X315,CH32X315DS0.PDF,2-1-1,CH32X315WCU6,10,PC5,gpio,#,confirmed,pin-table:zh+pin-table:en
CH32X315,CH32X315DS0.PDF,2-1-1,CH32X315WCU6,11,PC6,gpio,#,confirmed,pin-table:zh+pin-table:en
CH32X315,CH32X315DS0.PDF,2-1-1,CH32X315WCU6,12,PC7,gpio,#,confirmed,pin-table:zh+pin-table:en
CH32X315,CH32X315DS0.PDF,2-1-1,CH32X315WCU6,13,VREF+,power,#,confirmed,pin-table:zh+pin-table:en
CH32X315,CH32X315DS0.PDF,2-1-1,CH32X315WCU6,14,VDDA,power,#,confirmed,pin-table:zh+pin-table:en
CH32X315,CH32X315DS0.PDF,2-1-1,CH32X315WCU6,15,PA0,gpio,#,confirmed,pin-table:zh+pin-table:en
CH32X315,CH32X315DS0.PDF,2-1-1,CH32X315WCU6,16,PA1,gpio,#,confirmed,pin-table:zh+pin-table:en
CH32X315,CH32X315DS0.PDF,2-1-1,CH32X315WCU6,17,PA2,gpio,#,confirmed,pin-table:zh+pin-table:en
CH32X315,CH32X315DS0.PDF,2-1-1,CH32X315WCU6,18,PA3,gpio,#,confirmed,pin-table:zh+pin-table:en
CH32X315,CH32X315DS0.PDF,2-1-1,CH32X315WCU6,19,PA4,gpio,#,confirmed,pin-table:zh+pin-table:en
CH32X315,CH32X315DS0.PDF,2-1-1,CH32X315WCU6,20,PA5,gpio,#,confirmed,pin-table:zh+pin-table:en
CH32X315,CH32X315DS0.PDF,2-1-1,CH32X315WCU6,21,PA6,gpio,#,confirmed,pin-table:zh+pin-table:en
CH32X315,CH32X315DS0.PDF,2-1-1,CH32X315WCU6,22,PA7,gpio,#,confirmed,pin-table:zh+pin-table:en
CH32X315,CH32X315DS0.PDF,2-1-1,CH32X315WCU6,23,PB0,gpio,#,confirmed,pin-table:zh+pin-table:en
CH32X315,CH32X315DS0.PDF,2-1-1,CH32X315WCU6,24,PB1,gpio,#,confirmed,pin-table:zh+pin-table:en
CH32X315,CH32X315DS0.PDF,2-1-1,CH32X315WCU6,25,PB2,gpio,#,confirmed,pin-table:zh+pin-table:en
CH32X315,CH32X315DS0.PDF,2-1-1,CH32X315WCU6,26,PB3,gpio,#,confirmed,pin-table:zh+pin-table:en
CH32X315,CH32X315DS0.PDF,2-1-1,CH32X315WCU6,27,PB4,gpio,#,confirmed,pin-table:zh+pin-table:en
CH32X315,CH32X315DS0.PDF,2-1-1,CH32X315WCU6,28,PB5,gpio,#,confirmed,pin-table:zh+pin-table:en
CH32X315,CH32X315DS0.PDF,2-1-1,CH32X315WCU6,29,PB6,gpio,#,confirmed,pin-table:zh+pin-table:en
CH32X315,CH32X315DS0.PDF,2-1-1,CH32X315WCU6,30,PB7,gpio,#,confirmed,pin-table:zh+pin-table:en
CH32X315,CH32X315DS0.PDF,2-1-1,CH32X315WCU6,31,PC8,gpio,#,confirmed,pin-table:zh+pin-table:en
CH32X315,CH32X315DS0.PDF,2-1-1,CH32X315WCU6,32,PC9,gpio,#,confirmed,pin-table:zh+pin-table:en
CH32X315,CH32X315DS0.PDF,2-1-1,CH32X315WCU6,33,PC10,gpio,#,confirmed,pin-table:zh+pin-table:en
CH32X315,CH32X315DS0.PDF,2-1-1,CH32X315WCU6,34,PC11,gpio,#,confirmed,pin-table:zh+pin-table:en
CH32X315,CH32X315DS0.PDF,2-1-1,CH32X315WCU6,35,VDD,power,#,confirmed,pin-table:zh+pin-table:en
CH32X315,CH32X315DS0.PDF,2-1-1,CH32X315WCU6,36,PC12,gpio,#,confirmed,pin-table:zh+pin-table:en
CH32X315,CH32X315DS0.PDF,2-1-1,CH32X315WCU6,37,PC13,gpio,#,confirmed,pin-table:zh+pin-table:en
CH32X315,CH32X315DS0.PDF,2-1-1,CH32X315WCU6,38,PC14,gpio,#,confirmed,pin-table:zh+pin-table:en
CH32X315,CH32X315DS0.PDF,2-1-1,CH32X315WCU6,39,PC15,gpio,#,confirmed,pin-table:zh+pin-table:en
CH32X315,CH32X315DS0.PDF,2-1-1,CH32X315WCU6,40,PB8,gpio,#,confirmed,pin-table:zh+pin-table:en
CH32X315,CH32X315DS0.PDF,2-1-1,CH32X315WCU6,41,PB9,gpio,#,confirmed,pin-table:zh+pin-table:en
CH32X315,CH32X315DS0.PDF,2-1-1,CH32X315WCU6,42,PB10,gpio,#,confirmed,pin-table:zh+pin-table:en
CH32X315,CH32X315DS0.PDF,2-1-1,CH32X315WCU6,43,PB11,gpio,#,confirmed,pin-table:zh+pin-table:en
CH32X315,CH32X315DS0.PDF,2-1-1,CH32X315WCU6,44,PD8,gpio,#,confirmed,pin-table:zh+pin-table:en
CH32X315,CH32X315DS0.PDF,2-1-1,CH32X315WCU6,45,PD9,gpio,#,confirmed,pin-table:zh+pin-table:en
CH32X315,CH32X315DS0.PDF,2-1-1,CH32X315WCU6,46,PD10,gpio,#,confirmed,pin-table:zh+pin-table:en
CH32X315,CH32X315DS0.PDF,2-1-1,CH32X315WCU6,47,PD11,gpio,#,confirmed,pin-table:zh+pin-table:en
CH32X315,CH32X315DS0.PDF,2-1-1,CH32X315WCU6,48,PD12,gpio,#,confirmed,pin-table:zh+pin-table:en
CH32X315,CH32X315DS0.PDF,2-1-1,CH32X315WCU6,49,PD13,gpio,#,confirmed,pin-table:zh+pin-table:en
CH32X315,CH32X315DS0.PDF,2-1-1,CH32X315WCU6,50,PA8,gpio,#,confirmed,pin-table:zh+pin-table:en
CH32X315,CH32X315DS0.PDF,2-1-1,CH32X315WCU6,51,PA9,gpio,#,confirmed,pin-table:zh+pin-table:en
CH32X315,CH32X315DS0.PDF,2-1-1,CH32X315WCU6,52,PA10,gpio,#,confirmed,pin-table:zh+pin-table:en
CH32X315,CH32X315DS0.PDF,2-1-1,CH32X315WCU6,53,PA11,gpio,#,confirmed,pin-table:zh+pin-table:en
CH32X315,CH32X315DS0.PDF,2-1-1,CH32X315WCU6,54,PA12,gpio,#,confirmed,pin-table:zh+pin-table:en
CH32X315,CH32X315DS0.PDF,2-1-1,CH32X315WCU6,55,PA13,gpio,#,confirmed,pin-table:zh+pin-table:en
CH32X315,CH32X315DS0.PDF,2-1-1,CH32X315WCU6,56,PA14,gpio,#,confirmed,pin-table:zh+pin-table:en
CH32X315,CH32X315DS0.PDF,2-1-1,CH32X315WCU6,57,PA15,gpio,#,confirmed,pin-table:zh+pin-table:en
CH32X315,CH32X315DS0.PDF,2-1-1,CH32X315WCU6,58,PD3,gpio,#,confirmed,pin-table:zh+pin-table:en
CH32X315,CH32X315DS0.PDF,2-1-1,CH32X315WCU6,59,PD4,gpio,#,reference,pin-table:en
CH32X315,CH32X315DS0.PDF,2-1-1,CH32X315WCU6,60,PD5,gpio,#,reference,pin-table:en
CH32X315,CH32X315DS0.PDF,2-1-1,CH32X315WCU6,61,PD6,gpio,#,confirmed,pin-table:zh+pin-table:en
CH32X315,CH32X315DS0.PDF,2-1-1,CH32X315WCU6,62,PD7,gpio,#,confirmed,pin-table:zh+pin-table:en
CH32X315,CH32X315DS0.PDF,2-1-1,CH32X315WCU6,63,SSTXB,other,#,confirmed,pin-table:zh+pin-table:en
CH32X315,CH32X315DS0.PDF,2-1-1,CH32X315WCU6,64,SSTXA,other,#,confirmed,pin-table:zh+pin-table:en
CH32X315,CH32X315DS0.PDF,2-1-1,CH32X315WCU6,65,VDDK,power,#,confirmed,pin-table:zh+pin-table:en
CH32X315,CH32X315DS0.PDF,2-1-1,CH32X315WCU6,66,SSRXB,other,#,confirmed,pin-table:zh+pin-table:en
CH32X315,CH32X315DS0.PDF,2-1-1,CH32X315WCU6,67,SSRXA,other,#,confirmed,pin-table:zh+pin-table:en
CH32X315,CH32X315DS0.PDF,2-1-1,CH32X315WCU6,68,VDD,power,#,confirmed,pin-table:zh+pin-table:en
CH32X315,CH32X315DS0.PDF,2-1-1,CH32X315WCU6,EP,VSS,power,#,confirmed,pin-table:zh+pin-table:en
CH32X315,CH32X315DS0.PDF,2-1-2,CH32X305RCT6,1,XI,other,#,reference,pin-table:zh
CH32X315,CH32X315DS0.PDF,2-1-2,CH32X305RCT6,2,XO,other,#,reference,pin-table:zh
CH32X315,CH32X315DS0.PDF,2-1-2,CH32X305RCT6,3,PD2,gpio,#,reference,pin-table:zh
CH32X315,CH32X315DS0.PDF,2-1-2,CH32X305RCT6,4,PC0,gpio,#,reference,pin-table:zh
CH32X315,CH32X315DS0.PDF,2-1-2,CH32X305RCT6,5,PC1,gpio,#,reference,pin-table:zh
CH32X315,CH32X315DS0.PDF,2-1-2,CH32X305RCT6,6,PC2,gpio,#,reference,pin-table:zh
CH32X315,CH32X315DS0.PDF,2-1-2,CH32X305RCT6,7,PC3,gpio,#,reference,pin-table:zh
CH32X315,CH32X315DS0.PDF,2-1-2,CH32X305RCT6,8,PC4,gpio,#,reference,pin-table:zh
CH32X315,CH32X315DS0.PDF,2-1-2,CH32X305RCT6,9,PC5,gpio,#,reference,pin-table:zh
CH32X315,CH32X315DS0.PDF,2-1-2,CH32X305RCT6,10,PC6,gpio,#,reference,pin-table:zh
CH32X315,CH32X315DS0.PDF,2-1-2,CH32X305RCT6,11,PC7,gpio,#,reference,pin-table:zh
CH32X315,CH32X315DS0.PDF,2-1-2,CH32X305RCT6,12,VREF-,power,#,reference,pin-table:zh
CH32X315,CH32X315DS0.PDF,2-1-2,CH32X305RCT6,13,VREF+,power,#,reference,pin-table:zh
CH32X315,CH32X315DS0.PDF,2-1-2,CH32X305RCT6,14,VDDA,power,#,reference,pin-table:zh
CH32X315,CH32X315DS0.PDF,2-1-2,CH32X305RCT6,15,VSS,power,#,reference,pin-table:zh
CH32X315,CH32X315DS0.PDF,2-1-2,CH32X305RCT6,16,VDD,power,#,reference,pin-table:zh
CH32X315,CH32X315DS0.PDF,2-1-2,CH32X305RCT6,17,PA0,gpio,#,reference,pin-table:zh
CH32X315,CH32X315DS0.PDF,2-1-2,CH32X305RCT6,18,PA1,gpio,#,reference,pin-table:zh
CH32X315,CH32X315DS0.PDF,2-1-2,CH32X305RCT6,19,PA2,gpio,#,reference,pin-table:zh
CH32X315,CH32X315DS0.PDF,2-1-2,CH32X305RCT6,20,PA3,gpio,#,reference,pin-table:zh
CH32X315,CH32X315DS0.PDF,2-1-2,CH32X305RCT6,21,PA4,gpio,#,reference,pin-table:zh
CH32X315,CH32X315DS0.PDF,2-1-2,CH32X305RCT6,22,PA5,gpio,#,reference,pin-table:zh
CH32X315,CH32X315DS0.PDF,2-1-2,CH32X305RCT6,23,PA6,gpio,#,reference,pin-table:zh
CH32X315,CH32X315DS0.PDF,2-1-2,CH32X305RCT6,24,PA7,gpio,#,reference,pin-table:zh
CH32X315,CH32X315DS0.PDF,2-1-2,CH32X305RCT6,25,PB0,gpio,#,reference,pin-table:zh
CH32X315,CH32X315DS0.PDF,2-1-2,CH32X305RCT6,26,PB4,gpio,#,confirmed,pin-table:zh+pin-table:en
CH32X315,CH32X315DS0.PDF,2-1-2,CH32X305RCT6,27,PB5,gpio,#,confirmed,pin-table:zh+pin-table:en
CH32X315,CH32X315DS0.PDF,2-1-2,CH32X305RCT6,28,PB6,gpio,#,confirmed,pin-table:zh+pin-table:en
CH32X315,CH32X315DS0.PDF,2-1-2,CH32X305RCT6,29,PB7,gpio,#,confirmed,pin-table:zh+pin-table:en
CH32X315,CH32X315DS0.PDF,2-1-2,CH32X305RCT6,30,PC8,gpio,#,confirmed,pin-table:zh+pin-table:en
CH32X315,CH32X315DS0.PDF,2-1-2,CH32X305RCT6,31,PC9,gpio,#,confirmed,pin-table:zh+pin-table:en
CH32X315,CH32X315DS0.PDF,2-1-2,CH32X305RCT6,32,PC10,gpio,#,confirmed,pin-table:zh+pin-table:en
CH32X315,CH32X315DS0.PDF,2-1-2,CH32X305RCT6,33,PC11,gpio,#,confirmed,pin-table:zh+pin-table:en
CH32X315,CH32X315DS0.PDF,2-1-2,CH32X305RCT6,34,VDD,power,#,confirmed,pin-table:zh+pin-table:en
CH32X315,CH32X315DS0.PDF,2-1-2,CH32X305RCT6,35,PC12,gpio,#,confirmed,pin-table:zh+pin-table:en
CH32X315,CH32X315DS0.PDF,2-1-2,CH32X305RCT6,36,PC13,gpio,#,confirmed,pin-table:zh+pin-table:en
CH32X315,CH32X315DS0.PDF,2-1-2,CH32X305RCT6,37,PB8,gpio,#,confirmed,pin-table:zh+pin-table:en
CH32X315,CH32X315DS0.PDF,2-1-2,CH32X305RCT6,38,PB9,gpio,#,confirmed,pin-table:zh+pin-table:en
CH32X315,CH32X315DS0.PDF,2-1-2,CH32X305RCT6,39,PB10,gpio,#,confirmed,pin-table:zh+pin-table:en
CH32X315,CH32X315DS0.PDF,2-1-2,CH32X305RCT6,40,PB11,gpio,#,confirmed,pin-table:zh+pin-table:en
CH32X315,CH32X315DS0.PDF,2-1-2,CH32X305RCT6,41,PD10,gpio,#,confirmed,pin-table:zh+pin-table:en
CH32X315,CH32X315DS0.PDF,2-1-2,CH32X305RCT6,42,PD11,gpio,#,confirmed,pin-table:zh+pin-table:en
CH32X315,CH32X315DS0.PDF,2-1-2,CH32X305RCT6,43,PD12,gpio,#,confirmed,pin-table:zh+pin-table:en
CH32X315,CH32X315DS0.PDF,2-1-2,CH32X305RCT6,44,PD13,gpio,#,confirmed,pin-table:zh+pin-table:en
CH32X315,CH32X315DS0.PDF,2-1-2,CH32X305RCT6,45,PA8,gpio,#,confirmed,pin-table:zh+pin-table:en
CH32X315,CH32X315DS0.PDF,2-1-2,CH32X305RCT6,46,PA9,gpio,#,confirmed,pin-table:zh+pin-table:en
CH32X315,CH32X315DS0.PDF,2-1-2,CH32X305RCT6,47,PA10,gpio,#,confirmed,pin-table:zh+pin-table:en
CH32X315,CH32X315DS0.PDF,2-1-2,CH32X305RCT6,48,PA11,gpio,#,confirmed,pin-table:zh+pin-table:en
CH32X315,CH32X315DS0.PDF,2-1-2,CH32X305RCT6,49,PA12,gpio,#,confirmed,pin-table:zh+pin-table:en
CH32X315,CH32X315DS0.PDF,2-1-2,CH32X305RCT6,50,PA13,gpio,#,confirmed,pin-table:zh+pin-table:en
CH32X315,CH32X315DS0.PDF,2-1-2,CH32X305RCT6,51,PA14,gpio,#,confirmed,pin-table:zh+pin-table:en
CH32X315,CH32X315DS0.PDF,2-1-2,CH32X305RCT6,52,PA15,gpio,#,confirmed,pin-table:zh+pin-table:en
CH32X315,CH32X315DS0.PDF,2-1-2,CH32X305RCT6,53,PB12,gpio,#,confirmed,pin-table:zh+pin-table:en
CH32X315,CH32X315DS0.PDF,2-1-2,CH32X305RCT6,54,PB13,gpio,#,confirmed,pin-table:zh+pin-table:en
CH32X315,CH32X315DS0.PDF,2-1-2,CH32X305RCT6,55,PB14,gpio,#,confirmed,pin-table:zh+pin-table:en
CH32X315,CH32X315DS0.PDF,2-1-2,CH32X305RCT6,56,PB15,gpio,#,confirmed,pin-table:zh+pin-table:en
CH32X315,CH32X315DS0.PDF,2-1-2,CH32X305RCT6,57,PD3,gpio,#,confirmed,pin-table:zh+pin-table:en
CH32X315,CH32X315DS0.PDF,2-1-2,CH32X305RCT6,60,PD6,gpio,#,confirmed,pin-table:zh+pin-table:en
CH32X315,CH32X315DS0.PDF,2-1-2,CH32X305RCT6,61,PD7,gpio,#,confirmed,pin-table:zh+pin-table:en
CH32X315,CH32X315DS0.PDF,2-1-2,CH32X305RCT6,62,VDDK,power,#,confirmed,pin-table:zh+pin-table:en
CH32X315,CH32X315DS0.PDF,2-1-2,CH32X305RCT6,63,VSS,power,#,confirmed,pin-table:zh+pin-table:en
CH32X315,CH32X315DS0.PDF,2-1-2,CH32X305RCT6,64,VDD,power,#,confirmed,pin-table:zh+pin-table:en
