part_number,order,attribute,value,group,label,label_zh,label_en,basis,confidence
CH32H415REU6,0,sram_core_1_hs_itcm,128KB,SRAM,SRAM Core 1 HS ITCM,SRAM 内核1高速ITCM,SRAM Core 1 HS ITCM,products:zh+products:en,confirmed
CH32H415REU6,1,sram_core_1_hs_dtcm,256KB,SRAM,SRAM Core 1 HS DTCM,SRAM 内核1高速DTCM,SRAM Core 1 HS DTCM,products:zh+products:en,confirmed
CH32H415REU6,2,sram_shared_code_and_data_area,512KB,SRAM,SRAM Shared code and data area,SRAM 共享代码和数据区,SRAM Shared code and data area,products:zh+products:en,confirmed
CH32H415REU6,3,timer_adtm_16_bit,2,Timer,Timer ADTM (16-bit),定时器 高级（16位）,Timer ADTM (16-bit),products:zh+products:en,confirmed
CH32H415REU6,4,timer_gptm_16_bit,4,Timer,Timer GPTM (16-bit),定时器 通用（16位）,Timer GPTM (16-bit),products:zh+products:en,confirmed
CH32H415REU6,5,timer_gptm_32_bit,4,Timer,Timer GPTM (32-bit),定时器 通用（32位）,Timer GPTM (32-bit),products:zh+products:en,confirmed
CH32H415REU6,6,timer_basic_16_bit,2,Timer,Timer Basic (16-bit),定时器 基本（16位）,Timer Basic (16-bit),products:zh+products:en,confirmed
CH32H415REU6,7,timer_lptim,2,Timer,Timer LPTIM,定时器 LPTIM,Timer LPTIM,products:zh+products:en,confirmed
CH32H415REU6,8,timer_watchdog,WWDG+IWDG,Timer,Timer Watchdog,定时器 看门狗,Timer Watchdog,products:zh+products:en,confirmed
CH32H415REU6,9,timer_systick_32_bit,2,Timer,Timer SysTick 32-bit,定时器 系统时基32位,Timer SysTick 32-bit,products:zh+products:en,confirmed
CH32H415REU6,10,rtc,√,,RTC,RTC,RTC,products:zh+products:en,confirmed
CH32H415REU6,11,adc_tkey_units,2,ADC/TKey,ADC/TKey Units,ADC/TKey 单元数,ADC/TKey Units,products:zh+products:en,confirmed
CH32H415REU6,12,adc_tkey_channels,15+2,ADC/TKey,ADC/TKey Channels,ADC/TKey 通道数,ADC/TKey Channels,products:zh+products:en,confirmed
CH32H415REU6,13,hsadc_units,1,HSADC,HSADC Units,HSADC 单元数,HSADC Units,products:zh+products:en,confirmed
CH32H415REU6,14,hsadc_channels,4,HSADC,HSADC Channels,HSADC 通道数,HSADC Channels,products:zh+products:en,confirmed
CH32H415REU6,15,dac_unit,2,,DAC (Unit),DAC（单元）,DAC (Unit),products:zh+products:en,confirmed
CH32H415REU6,16,opa,2 (OPA1/3),,OPA,OPA,OPA,products:zh+products:en,confirmed
CH32H415REU6,17,cmp,1,,CMP,CMP,CMP,products:zh+products:en,confirmed
CH32H415REU6,18,dfsdm,1,,DFSDM,DFSDM,DFSDM,products:zh+products:en,confirmed
CH32H415REU6,19,rng,1,,RNG,RNG,RNG,products:zh+products:en,confirmed
CH32H415REU6,20,ltdc,1,,LTDC,LTDC,LTDC,products:zh+products:en,confirmed
CH32H415REU6,21,gpha,1,,GPHA,GPHA（5）,GPHA,products:zh+products:en,confirmed
CH32H415REU6,22,dvp,1,,DVP,DVP,DVP,products:zh+products:en,confirmed
CH32H415REU6,23,usart,8,,USART,USART,USART,products:zh+products:en,confirmed
CH32H415REU6,24,spi_i2s,4/2,,SPI/I2S,SPI/I2S,SPI/I2S,products:zh+products:en,confirmed
CH32H415REU6,25,i2c,4,,I2C,I2C,I2C,products:zh+products:en,confirmed
CH32H415REU6,26,i3c,1,,I3C,I3C,I3C,products:zh+products:en,confirmed
CH32H415REU6,27,can,3,,CAN(5),CAN（5）,CAN(5),products:zh+products:en,confirmed
CH32H415REU6,28,sdio,1,,SDIO,SDIO,SDIO,products:zh+products:en,confirmed
CH32H415REU6,29,sai,1,,SAI,SAI,SAI,products:zh+products:en,confirmed
CH32H415REU6,30,swpmi,1,,SWPMI,SWPMI,SWPMI,products:zh+products:en,confirmed
CH32H415REU6,31,pdusb_usbfs_otg_fs,1,PDUSB,PDUSB USBFS/OTG_FS,PDUSB USBFS/OTG_FS,PDUSB USBFS/OTG_FS,products:zh+products:en,confirmed
CH32H415REU6,32,pdusb_usbhs_usb_2_0,1,PDUSB,PDUSB USBHS (USB 2.0),PDUSB USBHS（USB 2.0）,PDUSB USBHS (USB 2.0),products:zh+products:en,confirmed
CH32H415REU6,33,pdusb_usbpd_type_c,1,PDUSB,PDUSB USBPD Type-C,PDUSB USBPD Type-C,PDUSB USBPD Type-C,products:zh+products:en,confirmed
CH32H415REU6,34,pioc,1,,PIOC,PIOC,PIOC,products:zh+products:en,confirmed
CH32H416RDU6,0,sram_core_1_fast_itcm,128KB,SRAM,SRAM Core 1 fast ITCM,SRAM 内核1高速ITCM,,products:zh,reference
CH32H416RDU6,1,sram_core_1_fast_dtcm,256KB,SRAM,SRAM Core 1 fast DTCM,SRAM 内核1高速DTCM,,products:zh,reference
CH32H416RDU6,2,sram_shared_code_and_data_area,512KB,SRAM,SRAM Shared code and data area,SRAM 共享代码和数据区,,products:zh,reference
CH32H416RDU6,3,sram_core_1_hs_itcm,128K,SRAM,SRAM Core 1 HS ITCM,,SRAM Core 1 HS ITCM,products:en,reference
CH32H416RDU6,4,sram_core_1_hs_dtcm,256K,SRAM,SRAM Core 1 HS DTCM,,SRAM Core 1 HS DTCM,products:en,reference
CH32H416RDU6,5,sram_shared_code_and_data_area_,512K,SRAM,SRAM Shared code and data area,,SRAM Shared code and data area,products:en,reference
CH32H416RDU6,6,timer_adtm_16_bit,2,Timer,Timer ADTM (16-bit),定时器 高级（16位）,Timer ADTM (16-bit),products:zh+products:en,confirmed
CH32H416RDU6,7,timer_gptm_16_bit,4,Timer,Timer GPTM (16-bit),定时器 通用（16位）,Timer GPTM (16-bit),products:zh+products:en,confirmed
CH32H416RDU6,8,timer_gptm_32_bit,4,Timer,Timer GPTM (32-bit),定时器 通用（32位）,Timer GPTM (32-bit),products:zh+products:en,confirmed
CH32H416RDU6,9,timer_basic_16_bit,2,Timer,Timer Basic (16-bit),定时器 基本（16位）,Timer Basic (16-bit),products:zh+products:en,confirmed
CH32H416RDU6,10,timer_lptim,2,Timer,Timer LPTIM,定时器 LPTIM,Timer LPTIM,products:zh+products:en,confirmed
CH32H416RDU6,11,timer_watchdog,WWDG+IWDG,Timer,Timer Watchdog,定时器 看门狗,Timer Watchdog,products:zh+products:en,confirmed
CH32H416RDU6,12,timer_systick_32_bit,2,Timer,Timer SysTick 32-bit,定时器 系统时基32位,Timer SysTick 32-bit,products:zh+products:en,confirmed
CH32H416RDU6,13,rtc,√,,RTC,RTC,RTC,products:zh+products:en,confirmed
CH32H416RDU6,14,adc_tkey_units,2,ADC/TKey,ADC/TKey Units,ADC/TKey 单元数,ADC/TKey Units,products:zh+products:en,confirmed
CH32H416RDU6,15,adc_tkey_channels,16+2,ADC/TKey,ADC/TKey Channels,ADC/TKey 通道数,ADC/TKey Channels,products:zh+products:en,confirmed
CH32H416RDU6,16,hsadc_units,1,HSADC,HSADC Units,HSADC 单元数,HSADC Units,products:zh+products:en,confirmed
CH32H416RDU6,17,hsadc_channels,7,HSADC,HSADC Channels,HSADC 通道数,HSADC Channels,products:zh+products:en,confirmed
CH32H416RDU6,18,dac_unit,2,,DAC (Unit),DAC（单元）,DAC (Unit),products:zh+products:en,confirmed
CH32H416RDU6,19,opa,3,,OPA,OPA,OPA,products:zh+products:en,confirmed
CH32H416RDU6,20,cmp,1,,CMP,CMP,CMP,products:zh+products:en,confirmed
CH32H416RDU6,21,dfsdm,1,,DFSDM,DFSDM,DFSDM,products:zh+products:en,confirmed
CH32H416RDU6,22,rng,1,,RNG,RNG,RNG,products:zh+products:en,confirmed
CH32H416RDU6,23,ltdc,1,,LTDC,LTDC,LTDC,products:zh+products:en,confirmed
CH32H416RDU6,24,gpha,1,,GPHA,GPHA（5）,GPHA,products:zh+products:en,confirmed
CH32H416RDU6,25,dvp,1,,DVP,DVP,DVP,products:zh+products:en,confirmed
CH32H416RDU6,26,usart,7,,USART,USART,USART,products:zh+products:en,confirmed
CH32H416RDU6,27,spi_i2s,3/2,,SPI/I2S,SPI/I2S,SPI/I2S,products:zh+products:en,confirmed
CH32H416RDU6,28,qspi,1 (QSPI2),,QSPI,QSPI,QSPI,products:zh+products:en,confirmed
CH32H416RDU6,29,i2c,4,,I2C,I2C,I2C,products:zh+products:en,confirmed
CH32H416RDU6,30,i3c,1,,I3C,I3C,I3C,products:zh+products:en,confirmed
CH32H416RDU6,31,can,3,,CAN(5),CAN（5）,CAN(5),products:zh+products:en,confirmed
CH32H416RDU6,32,sdmmc,1,,SDMMC,SDMMC,SDMMC,products:zh+products:en,confirmed
CH32H416RDU6,33,sai,1,,SAI,SAI,SAI,products:zh+products:en,confirmed
CH32H416RDU6,34,swpmi,1,,SWPMI,SWPMI,SWPMI,products:zh+products:en,confirmed
CH32H416RDU6,35,pdusb_usbfs_otg_fs,1,PDUSB,PDUSB USBFS/OTG_FS,PDUSB USBFS/OTG_FS,PDUSB USBFS/OTG_FS,products:zh+products:en,confirmed
CH32H416RDU6,36,pdusb_usbhs_usb_2_0,1,PDUSB,PDUSB USBHS (USB 2.0),PDUSB USBHS（USB 2.0）,PDUSB USBHS (USB 2.0),products:zh+products:en,confirmed
CH32H416RDU6,37,pdusb_usbss_usb_3_0,1,PDUSB,PDUSB USBSS (USB 3.0),PDUSB USBSS（USB 3.0）,PDUSB USBSS (USB 3.0),products:zh+products:en,confirmed
CH32H416RDU6,38,pdusb_usbpd_type_c,1 Built-in Rd(4),PDUSB,PDUSB USBPD Type-C,PDUSB USBPD Type-C,PDUSB USBPD Type-C,products:en+!products:zh(=1 built-in Rd(4)),conflict
CH32H416RDU6,39,pioc,1,,PIOC,PIOC,PIOC,products:zh+products:en,confirmed
CH32H417MEU6,0,sram_core_1_hs_itcm,128KB,SRAM,SRAM Core 1 HS ITCM,SRAM 内核1高速ITCM,SRAM Core 1 HS ITCM,products:zh+products:en,confirmed
CH32H417MEU6,1,sram_core_1_hs_dtcm,256KB,SRAM,SRAM Core 1 HS DTCM,SRAM 内核1高速DTCM,SRAM Core 1 HS DTCM,products:zh+products:en,confirmed
CH32H417MEU6,2,sram_shared_code_and_data_area,512KB,SRAM,SRAM Shared code and data area,SRAM 共享代码和数据区,SRAM Shared code and data area,products:zh+products:en,confirmed
CH32H417MEU6,3,timer_adtm_16_bit,2,Timer,Timer ADTM (16-bit),定时器 高级（16位）,Timer ADTM (16-bit),products:zh+products:en,confirmed
CH32H417MEU6,4,timer_gptm_16_bit,4,Timer,Timer GPTM (16-bit),定时器 通用（16位）,Timer GPTM (16-bit),products:zh+products:en,confirmed
CH32H417MEU6,5,timer_gptm_32_bit,4,Timer,Timer GPTM (32-bit),定时器 通用（32位）,Timer GPTM (32-bit),products:zh+products:en,confirmed
CH32H417MEU6,6,timer_basic_16_bit,2,Timer,Timer Basic (16-bit),定时器 基本（16位）,Timer Basic (16-bit),products:zh+products:en,confirmed
CH32H417MEU6,7,timer_lptim,2,Timer,Timer LPTIM,定时器 LPTIM,Timer LPTIM,products:zh+products:en,confirmed
CH32H417MEU6,8,timer_watchdog,WWDG+IWDG,Timer,Timer Watchdog,定时器 看门狗,Timer Watchdog,products:zh+products:en,confirmed
CH32H417MEU6,9,timer_systick_32_bit,2,Timer,Timer SysTick 32-bit,定时器 系统时基32位,Timer SysTick 32-bit,products:zh+products:en,confirmed
CH32H417MEU6,10,rtc,√,,RTC,RTC,RTC,products:zh+products:en,confirmed
CH32H417MEU6,11,adc_tkey_units,2,ADC/TKey,ADC/TKey Units,ADC/TKey 单元数,ADC/TKey Units,products:zh+products:en,confirmed
CH32H417MEU6,12,adc_tkey_channels,9+2,ADC/TKey,ADC/TKey Channels,ADC/TKey 通道数,ADC/TKey Channels,products:zh+products:en,confirmed
CH32H417MEU6,13,hsadc_units,1,HSADC,HSADC Units,HSADC 单元数,HSADC Units,products:zh+products:en,confirmed
CH32H417MEU6,14,hsadc_channels,4,HSADC,HSADC Channels,HSADC 通道数,HSADC Channels,products:zh+products:en,confirmed
CH32H417MEU6,15,dac_unit,2,,DAC (Unit),DAC（单元）,DAC (Unit),products:zh+products:en,confirmed
CH32H417MEU6,16,opa,2 (OPA1/3),,OPA,OPA,OPA,products:zh+products:en,confirmed
CH32H417MEU6,17,cmp,1,,CMP,CMP,CMP,products:zh+products:en,confirmed
CH32H417MEU6,18,dfsdm,1,,DFSDM,DFSDM,DFSDM,products:zh+products:en,confirmed
CH32H417MEU6,19,rng,1,,RNG,RNG,RNG,products:zh+products:en,confirmed
CH32H417MEU6,20,ltdc,1,,LTDC,LTDC,LTDC,products:zh+products:en,confirmed
CH32H417MEU6,21,gpha,1,,GPHA,GPHA（5）,GPHA,products:zh+products:en,confirmed
CH32H417MEU6,22,dvp,1,,DVP,DVP,DVP,products:zh+products:en,confirmed
CH32H417MEU6,23,usart,8,,USART,USART,USART,products:zh+products:en,confirmed
CH32H417MEU6,24,spi_i2s,4/2,,SPI/I2S,SPI/I2S,SPI/I2S,products:zh+products:en,confirmed
CH32H417MEU6,25,qspi,1 (QSPI2),,QSPI,QSPI,QSPI,products:zh+products:en,confirmed
CH32H417MEU6,26,i2c,4,,I2C,I2C,I2C,products:zh+products:en,confirmed
CH32H417MEU6,27,i3c,1,,I3C,I3C,I3C,products:zh+products:en,confirmed
CH32H417MEU6,28,uhsif,1,,UHSIF,UHSIF,UHSIF,products:zh+products:en,confirmed
CH32H417MEU6,29,can,3,,CAN(5),CAN（5）,CAN(5),products:zh+products:en,confirmed
CH32H417MEU6,30,sdmmc,1,,SDMMC,SDMMC,SDMMC,products:zh+products:en,confirmed
CH32H417MEU6,31,sai,1,,SAI,SAI,SAI,products:zh+products:en,confirmed
CH32H417MEU6,32,swpmi,1,,SWPMI,SWPMI,SWPMI,products:zh+products:en,confirmed
CH32H417MEU6,33,pdusb_usbfs_otg_fs,1,PDUSB,PDUSB USBFS/OTG_FS,PDUSB USBFS/OTG_FS,PDUSB USBFS/OTG_FS,products:zh+products:en,confirmed
CH32H417MEU6,34,pdusb_usbhs_usb_2_0,1,PDUSB,PDUSB USBHS (USB 2.0),PDUSB USBHS（USB 2.0）,PDUSB USBHS (USB 2.0),products:zh+products:en,confirmed
CH32H417MEU6,35,pdusb_usbss_usb_3_0,1,PDUSB,PDUSB USBSS (USB 3.0),PDUSB USBSS（USB 3.0）,PDUSB USBSS (USB 3.0),products:zh+products:en,confirmed
CH32H417MEU6,36,pdusb_usbpd_type_c,1,PDUSB,PDUSB USBPD Type-C,PDUSB USBPD Type-C,PDUSB USBPD Type-C,products:zh+products:en,confirmed
CH32H417MEU6,37,serdes,1,,SerDes(4),SerDes（5）,SerDes(4),products:zh+products:en,confirmed
CH32H417MEU6,38,ethernet,MAC+10/100M PHY,,Ethernet(5),Ethernet（5）,Ethernet(5),products:zh+products:en,confirmed
CH32H417MEU6,39,fmc_fsmc,1(2),FMC,FMC FSMC,FMC FSMC,FMC FSMC,products:zh+products:en,confirmed
CH32H417MEU6,40,fmc_sdram,1,FMC,FMC SDRAM,FMC SDRAM,FMC SDRAM,products:zh+products:en,confirmed
CH32H417MEU6,41,pioc,1,,PIOC,PIOC,PIOC,products:zh+products:en,confirmed
CH32H417QEU6,0,sram_core_1_hs_itcm,128KB,SRAM,SRAM Core 1 HS ITCM,SRAM 内核1高速ITCM,SRAM Core 1 HS ITCM,products:zh+products:en,confirmed
CH32H417QEU6,1,sram_core_1_hs_dtcm,256KB,SRAM,SRAM Core 1 HS DTCM,SRAM 内核1高速DTCM,SRAM Core 1 HS DTCM,products:zh+products:en,confirmed
CH32H417QEU6,2,sram_shared_code_and_data_area,512KB,SRAM,SRAM Shared code and data area,SRAM 共享代码和数据区,SRAM Shared code and data area,products:zh+products:en,confirmed
CH32H417QEU6,3,timer_adtm_16_bit,2,Timer,Timer ADTM (16-bit),定时器 高级（16位）,Timer ADTM (16-bit),products:zh+products:en,confirmed
CH32H417QEU6,4,timer_gptm_16_bit,4,Timer,Timer GPTM (16-bit),定时器 通用（16位）,Timer GPTM (16-bit),products:zh+products:en,confirmed
CH32H417QEU6,5,timer_gptm_32_bit,4,Timer,Timer GPTM (32-bit),定时器 通用（32位）,Timer GPTM (32-bit),products:zh+products:en,confirmed
CH32H417QEU6,6,timer_basic_16_bit,2,Timer,Timer Basic (16-bit),定时器 基本（16位）,Timer Basic (16-bit),products:zh+products:en,confirmed
CH32H417QEU6,7,timer_lptim,2,Timer,Timer LPTIM,定时器 LPTIM,Timer LPTIM,products:zh+products:en,confirmed
CH32H417QEU6,8,timer_watchdog,WWDG+IWDG,Timer,Timer Watchdog,定时器 看门狗,Timer Watchdog,products:zh+products:en,confirmed
CH32H417QEU6,9,timer_systick_32_bit,2,Timer,Timer SysTick 32-bit,定时器 系统时基32位,Timer SysTick 32-bit,products:zh+products:en,confirmed
CH32H417QEU6,10,rtc,√,,RTC,RTC,RTC,products:zh+products:en,confirmed
CH32H417QEU6,11,adc_tkey_units,2,ADC/TKey,ADC/TKey Units,ADC/TKey 单元数,ADC/TKey Units,products:zh+products:en,confirmed
CH32H417QEU6,12,adc_tkey_channels,16+2,ADC/TKey,ADC/TKey Channels,ADC/TKey 通道数,ADC/TKey Channels,products:zh+products:en,confirmed
CH32H417QEU6,13,hsadc_units,1,HSADC,HSADC Units,HSADC 单元数,HSADC Units,products:zh+products:en,confirmed
CH32H417QEU6,14,hsadc_channels,7,HSADC,HSADC Channels,HSADC 通道数,HSADC Channels,products:zh+products:en,confirmed
CH32H417QEU6,15,dac_unit,2,,DAC (Unit),DAC（单元）,DAC (Unit),products:zh+products:en,confirmed
CH32H417QEU6,16,opa,3,,OPA,OPA,OPA,products:zh+products:en,confirmed
CH32H417QEU6,17,cmp,1,,CMP,CMP,CMP,products:zh+products:en,confirmed
CH32H417QEU6,18,dfsdm,1,,DFSDM,DFSDM,DFSDM,products:zh+products:en,confirmed
CH32H417QEU6,19,rng,1,,RNG,RNG,RNG,products:zh+products:en,confirmed
CH32H417QEU6,20,ltdc,1,,LTDC,LTDC,LTDC,products:zh+products:en,confirmed
CH32H417QEU6,21,gpha,1,,GPHA,GPHA（5）,GPHA,products:zh+products:en,confirmed
CH32H417QEU6,22,dvp,1,,DVP,DVP,DVP,products:zh+products:en,confirmed
CH32H417QEU6,23,usart,8,,USART,USART,USART,products:zh+products:en,confirmed
CH32H417QEU6,24,spi_i2s,4/2,,SPI/I2S,SPI/I2S,SPI/I2S,products:zh+products:en,confirmed
CH32H417QEU6,25,qspi,2,,QSPI,QSPI,QSPI,products:zh+products:en,confirmed
CH32H417QEU6,26,i2c,4,,I2C,I2C,I2C,products:zh+products:en,confirmed
CH32H417QEU6,27,i3c,1,,I3C,I3C,I3C,products:zh+products:en,confirmed
CH32H417QEU6,28,uhsif,1,,UHSIF,UHSIF,UHSIF,products:zh+products:en,confirmed
CH32H417QEU6,29,can,3,,CAN(5),CAN（5）,CAN(5),products:zh+products:en,confirmed
CH32H417QEU6,30,sdio,1,,SDIO,SDIO,SDIO,products:zh+products:en,confirmed
CH32H417QEU6,31,sdmmc,1,,SDMMC,SDMMC,SDMMC,products:zh+products:en,confirmed
CH32H417QEU6,32,sai,1,,SAI,SAI,SAI,products:zh+products:en,confirmed
CH32H417QEU6,33,swpmi,1,,SWPMI,SWPMI,SWPMI,products:zh+products:en,confirmed
CH32H417QEU6,34,pdusb_usbfs_otg_fs,1,PDUSB,PDUSB USBFS/OTG_FS,PDUSB USBFS/OTG_FS,PDUSB USBFS/OTG_FS,products:zh+products:en,confirmed
CH32H417QEU6,35,pdusb_usbhs_usb_2_0,1,PDUSB,PDUSB USBHS (USB 2.0),PDUSB USBHS（USB 2.0）,PDUSB USBHS (USB 2.0),products:zh+products:en,confirmed
CH32H417QEU6,36,pdusb_usbss_usb_3_0,1,PDUSB,PDUSB USBSS (USB 3.0),PDUSB USBSS（USB 3.0）,PDUSB USBSS (USB 3.0),products:zh+products:en,confirmed
CH32H417QEU6,37,pdusb_usbpd_type_c,1,PDUSB,PDUSB USBPD Type-C,PDUSB USBPD Type-C,PDUSB USBPD Type-C,products:zh+products:en,confirmed
CH32H417QEU6,38,serdes,1,,SerDes(4),SerDes（5）,SerDes(4),products:zh+products:en,confirmed
CH32H417QEU6,39,ethernet,MAC+10/100M PHY,,Ethernet(5),Ethernet（5）,Ethernet(5),products:zh+products:en,confirmed
CH32H417QEU6,40,fmc_fsmc,1,FMC,FMC FSMC,FMC FSMC,FMC FSMC,products:zh+products:en,confirmed
CH32H417QEU6,41,fmc_sdram,1,FMC,FMC SDRAM,FMC SDRAM,FMC SDRAM,products:zh+products:en,confirmed
CH32H417QEU6,42,pioc,1,,PIOC,PIOC,PIOC,products:zh+products:en,confirmed
CH32H417WEU6,0,sram_core_1_hs_itcm,128KB,SRAM,SRAM Core 1 HS ITCM,SRAM 内核1高速ITCM,SRAM Core 1 HS ITCM,products:zh+products:en,confirmed
CH32H417WEU6,1,sram_core_1_hs_dtcm,256KB,SRAM,SRAM Core 1 HS DTCM,SRAM 内核1高速DTCM,SRAM Core 1 HS DTCM,products:zh+products:en,confirmed
CH32H417WEU6,2,sram_shared_code_and_data_area,512KB,SRAM,SRAM Shared code and data area,SRAM 共享代码和数据区,SRAM Shared code and data area,products:zh+products:en,confirmed
CH32H417WEU6,3,timer_adtm_16_bit,2,Timer,Timer ADTM (16-bit),定时器 高级（16位）,Timer ADTM (16-bit),products:zh+products:en,confirmed
CH32H417WEU6,4,timer_gptm_16_bit,4,Timer,Timer GPTM (16-bit),定时器 通用（16位）,Timer GPTM (16-bit),products:zh+products:en,confirmed
CH32H417WEU6,5,timer_gptm_32_bit,4,Timer,Timer GPTM (32-bit),定时器 通用（32位）,Timer GPTM (32-bit),products:zh+products:en,confirmed
CH32H417WEU6,6,timer_basic_16_bit,2,Timer,Timer Basic (16-bit),定时器 基本（16位）,Timer Basic (16-bit),products:zh+products:en,confirmed
CH32H417WEU6,7,timer_lptim,2,Timer,Timer LPTIM,定时器 LPTIM,Timer LPTIM,products:zh+products:en,confirmed
CH32H417WEU6,8,timer_watchdog,WWDG+IWDG,Timer,Timer Watchdog,定时器 看门狗,Timer Watchdog,products:zh+products:en,confirmed
CH32H417WEU6,9,timer_systick_32_bit,2,Timer,Timer SysTick 32-bit,定时器 系统时基32位,Timer SysTick 32-bit,products:zh+products:en,confirmed
CH32H417WEU6,10,rtc,√,,RTC,RTC,RTC,products:zh+products:en,confirmed
CH32H417WEU6,11,adc_tkey_units,2,ADC/TKey,ADC/TKey Units,ADC/TKey 单元数,ADC/TKey Units,products:zh+products:en,confirmed
CH32H417WEU6,12,adc_tkey_channels,7+2,ADC/TKey,ADC/TKey Channels,ADC/TKey 通道数,ADC/TKey Channels,products:zh+products:en,confirmed
CH32H417WEU6,13,hsadc_units,1,HSADC,HSADC Units,HSADC 单元数,HSADC Units,products:zh+products:en,confirmed
CH32H417WEU6,14,hsadc_channels,4,HSADC,HSADC Channels,HSADC 通道数,HSADC Channels,products:zh+products:en,confirmed
CH32H417WEU6,15,dac_unit,1 (DAC2),,DAC (Unit),DAC（单元）,DAC (Unit),products:zh+products:en,confirmed
CH32H417WEU6,16,opa,2 (OPA1/3),,OPA,OPA,OPA,products:en+!products:zh(=1（OPA1）),conflict
CH32H417WEU6,17,cmp,1,,CMP,CMP,CMP,products:zh+products:en,confirmed
CH32H417WEU6,18,dfsdm,1,,DFSDM,DFSDM,DFSDM,products:zh+products:en,confirmed
CH32H417WEU6,19,rng,1,,RNG,RNG,RNG,products:zh+products:en,confirmed
CH32H417WEU6,20,ltdc,1,,LTDC,LTDC,LTDC,products:zh+products:en,confirmed
CH32H417WEU6,21,gpha,1,,GPHA,GPHA（5）,GPHA,products:zh+products:en,confirmed
CH32H417WEU6,22,dvp,1,,DVP,DVP,DVP,products:zh+products:en,confirmed
CH32H417WEU6,23,usart,7,,USART,USART,USART,products:zh+products:en,confirmed
CH32H417WEU6,24,spi_i2s,3/2,,SPI/I2S,SPI/I2S,SPI/I2S,products:zh+products:en,confirmed
CH32H417WEU6,25,qspi,1 (QSPI2),,QSPI,QSPI,QSPI,products:zh+products:en,confirmed
CH32H417WEU6,26,i2c,4,,I2C,I2C,I2C,products:zh+products:en,confirmed
CH32H417WEU6,27,i3c,1,,I3C,I3C,I3C,products:zh+products:en,confirmed
CH32H417WEU6,28,uhsif,1(1),,UHSIF,UHSIF,UHSIF,products:zh+products:en,confirmed
CH32H417WEU6,29,can,3,,CAN(5),CAN（5）,CAN(5),products:zh+products:en,confirmed
CH32H417WEU6,30,sdmmc,1,,SDMMC,SDMMC,SDMMC,products:zh+products:en,confirmed
CH32H417WEU6,31,sai,1,,SAI,SAI,SAI,products:zh+products:en,confirmed
CH32H417WEU6,32,swpmi,1,,SWPMI,SWPMI,SWPMI,products:zh+products:en,confirmed
CH32H417WEU6,33,pdusb_usbhs_usb_2_0,1,PDUSB,PDUSB USBHS (USB 2.0),PDUSB USBHS（USB 2.0）,PDUSB USBHS (USB 2.0),products:zh+products:en,confirmed
CH32H417WEU6,34,pdusb_usbss_usb_3_0,1,PDUSB,PDUSB USBSS (USB 3.0),PDUSB USBSS（USB 3.0）,PDUSB USBSS (USB 3.0),products:zh+products:en,confirmed
CH32H417WEU6,35,ethernet,MAC+10/100M PHY,,Ethernet(5),Ethernet（5）,Ethernet(5),products:zh+products:en,confirmed
CH32H417WEU6,36,fmc_fsmc,1(2),FMC,FMC FSMC,FMC FSMC,FMC FSMC,products:zh+products:en,confirmed
CH32H417WEU6,37,fmc_sdram,1(3),FMC,FMC SDRAM,FMC SDRAM,FMC SDRAM,products:zh+products:en,confirmed
CH32H417WEU6,38,pioc,1,,PIOC,PIOC,PIOC,products:zh+products:en,confirmed
CH32L103C8T6,0,timer_advanced_control_tim1_16_bit,1,Timer,Timer Advanced-control TIM1 (16-bit),定时器 高级TIM1（16位）,Timer Advanced-control TIM1 (16-bit),products:zh+products:en,confirmed
CH32L103C8T6,1,timer_general_purpose_tim2_3_16_bit,2,Timer,Timer General-purpose TIM2/3 (16-bit),定时器 通用TIM2/3（16位）,Timer General-purpose TIM2/3 (16-bit),products:zh+products:en,confirmed
CH32L103C8T6,2,timer_general_purpose_tim4_32_bit,1,Timer,Timer General-purpose TIM4 (32-bit),定时器 通用TIM4（32位）,Timer General-purpose TIM4 (32-bit),products:zh+products:en,confirmed
CH32L103C8T6,3,timer_low_power_timer_lptim,√,Timer,Timer Low-power timer (LPTIM),定时器 低功耗定时器（LPTIM）,Timer Low-power timer (LPTIM),products:zh+products:en,confirmed
CH32L103C8T6,4,timer_watchdog,2 ( WWDG + IWDG ),Timer,Timer Watchdog,定时器 看门狗,Timer Watchdog,products:zh+products:en,confirmed
CH32L103C8T6,5,timer_systick_64_bit,√,Timer,Timer SysTick (64-bit),定时器 系统时基（64位）,Timer SysTick (64-bit),products:zh+products:en,confirmed
CH32L103C8T6,6,rtc,√,,RTC,RTC,RTC,products:zh+products:en,confirmed
CH32L103C8T6,7,adc,10+3,,ADC,ADC,ADC,products:zh+products:en,confirmed
CH32L103C8T6,8,tkey,10,,Tkey,Tkey,Tkey,products:zh+products:en,confirmed
CH32L103C8T6,9,opa,1,,OPA,OPA,OPA,products:zh+products:en,confirmed
CH32L103C8T6,10,cmp,3,,CMP,CMP,CMP,products:zh+products:en,confirmed
CH32L103C8T6,11,communication_interface_usart,4,Communication interface,Communication interface USART,通信接口 USART,Communication interface USART,products:zh+products:en,confirmed
CH32L103C8T6,12,communication_interface_spi,2,Communication interface,Communication interface SPI,通信接口 SPI,Communication interface SPI,products:zh+products:en,confirmed
CH32L103C8T6,13,communication_interface_i2c,2,Communication interface,Communication interface I2C,通信接口 I2C,Communication interface I2C,products:zh+products:en,confirmed
CH32L103C8T6,14,communication_interface_can,1,Communication interface,Communication interface CAN,通信接口 CAN,Communication interface CAN,products:zh+products:en,confirmed
CH32L103C8T6,15,communication_interface_can_fd,√,Communication interface,Communication interface CAN FD,通信接口 CAN FD,Communication interface CAN FD,products:zh+products:en,confirmed
CH32L103C8T6,16,communication_interface_pdusb_usb_host_device,Host Device,Communication interface PDUSB,Communication interface PDUSB USB Host Device,通信接口 PDUSB USB Host Device,Communication interface PDUSB USB Host Device,products:zh+products:en,confirmed
CH32L103C8T6,17,communication_interface_pdusb_usb_pd_type_c,DRP Source Sink,Communication interface PDUSB,Communication interface PDUSB USB PD Type-C,通信接口 PDUSB USB PD Type-C,Communication interface PDUSB USB PD Type-C,products:zh+products:en,confirmed
CH32L103C8T6,18,cpu_main_frequency,Max: 96MHz,,CPU main frequency,CPU主频,CPU main frequency,products:zh+products:en,confirmed
CH32L103C8T6,19,rated_voltage,3.3V,,Rated voltage,额定电压,Rated voltage,products:zh+products:en,confirmed
CH32L103C8T6,20,main_applications_and_features,"General-purpose, Pin compatible",,Main applications and features,主要应用及特点,Main applications and features,"products:en+!products:zh(=General purpose, pin-compatible)",conflict
CH32L103F8P6,0,timer_advanced_control_tim1_16_bit,1,Timer,Timer Advanced-control TIM1 (16-bit),定时器 高级TIM1（16位）,Timer Advanced-control TIM1 (16-bit),products:zh+products:en,confirmed
CH32L103F8P6,1,timer_general_purpose_tim2_3_16_bit,2,Timer,Timer General-purpose TIM2/3 (16-bit),定时器 通用TIM2/3（16位）,Timer General-purpose TIM2/3 (16-bit),products:zh+products:en,confirmed
CH32L103F8P6,2,timer_general_purpose_tim4_32_bit,1,Timer,Timer General-purpose TIM4 (32-bit),定时器 通用TIM4（32位）,Timer General-purpose TIM4 (32-bit),products:zh+products:en,confirmed
CH32L103F8P6,3,timer_low_power_timer_lptim,√,Timer,Timer Low-power timer (LPTIM),定时器 低功耗定时器（LPTIM）,Timer Low-power timer (LPTIM),products:zh+products:en,confirmed
CH32L103F8P6,4,timer_watchdog,2 ( WWDG + IWDG ),Timer,Timer Watchdog,定时器 看门狗,Timer Watchdog,products:zh+products:en,confirmed
CH32L103F8P6,5,timer_systick_64_bit,√,Timer,Timer SysTick (64-bit),定时器 系统时基（64位）,Timer SysTick (64-bit),products:zh+products:en,confirmed
CH32L103F8P6,6,rtc,√,,RTC,RTC,RTC,products:zh+products:en,confirmed
CH32L103F8P6,7,adc,9+3,,ADC,ADC,ADC,products:zh+products:en,confirmed
CH32L103F8P6,8,tkey,9,,Tkey,Tkey,Tkey,products:zh+products:en,confirmed
CH32L103F8P6,9,opa,1,,OPA,OPA,OPA,products:zh+products:en,confirmed
CH32L103F8P6,10,cmp,CMP1 CMP2,,CMP,CMP,CMP,products:zh+products:en,confirmed
CH32L103F8P6,11,communication_interface_usart,4,Communication interface,Communication interface USART,通信接口 USART,Communication interface USART,products:zh+products:en,confirmed
CH32L103F8P6,12,communication_interface_spi,SPI1,Communication interface,Communication interface SPI,通信接口 SPI,Communication interface SPI,products:zh+products:en,confirmed
CH32L103F8P6,13,communication_interface_i2c,I2C1,Communication interface,Communication interface I2C,通信接口 I2C,Communication interface I2C,products:zh+products:en,confirmed
CH32L103F8P6,14,communication_interface_can,1,Communication interface,Communication interface CAN,通信接口 CAN,Communication interface CAN,products:zh+products:en,confirmed
CH32L103F8P6,15,communication_interface_pdusb_usb_host_device,Device,Communication interface PDUSB,Communication interface PDUSB USB Host Device,通信接口 PDUSB USB Host Device,Communication interface PDUSB USB Host Device,products:zh+products:en,confirmed
CH32L103F8P6,16,communication_interface_pdusb_usb_pd_type_c,DRP Source Sink,Communication interface PDUSB,Communication interface PDUSB USB PD Type-C,通信接口 PDUSB USB PD Type-C,Communication interface PDUSB USB PD Type-C,products:zh+products:en,confirmed
CH32L103F8P6,17,cpu_main_frequency,Max: 96MHz,,CPU main frequency,CPU主频,CPU main frequency,products:zh+products:en,confirmed
CH32L103F8P6,18,rated_voltage,3.3V,,Rated voltage,额定电压,Rated voltage,products:zh+products:en,confirmed
CH32L103F8P6,19,main_applications_and_features,"General-purpose, Pin compatible",,Main applications and features,主要应用及特点,Main applications and features,"products:en+!products:zh(=General purpose, pin-compatible)",conflict
CH32L103F8U6,0,timer_advanced_control_tim1_16_bit,1,Timer,Timer Advanced-control TIM1 (16-bit),定时器 高级TIM1（16位）,Timer Advanced-control TIM1 (16-bit),products:zh+products:en,confirmed
CH32L103F8U6,1,timer_general_purpose_tim2_3_16_bit,2,Timer,Timer General-purpose TIM2/3 (16-bit),定时器 通用TIM2/3（16位）,Timer General-purpose TIM2/3 (16-bit),products:zh+products:en,confirmed
CH32L103F8U6,2,timer_general_purpose_tim4_32_bit,1,Timer,Timer General-purpose TIM4 (32-bit),定时器 通用TIM4（32位）,Timer General-purpose TIM4 (32-bit),products:zh+products:en,confirmed
CH32L103F8U6,3,timer_low_power_timer_lptim,√,Timer,Timer Low-power timer (LPTIM),定时器 低功耗定时器（LPTIM）,Timer Low-power timer (LPTIM),products:zh+products:en,confirmed
CH32L103F8U6,4,timer_watchdog,2 ( WWDG + IWDG ),Timer,Timer Watchdog,定时器 看门狗,Timer Watchdog,products:zh+products:en,confirmed
CH32L103F8U6,5,timer_systick_64_bit,√,Timer,Timer SysTick (64-bit),定时器 系统时基（64位）,Timer SysTick (64-bit),products:zh+products:en,confirmed
CH32L103F8U6,6,rtc,√,,RTC,RTC,RTC,products:zh+products:en,confirmed
CH32L103F8U6,7,adc,10+3,,ADC,ADC,ADC,products:zh+products:en,confirmed
CH32L103F8U6,8,tkey,10,,Tkey,Tkey,Tkey,products:zh+products:en,confirmed
CH32L103F8U6,9,opa,1,,OPA,OPA,OPA,products:zh+products:en,confirmed
CH32L103F8U6,10,cmp,3,,CMP,CMP,CMP,products:zh+products:en,confirmed
CH32L103F8U6,11,communication_interface_usart,4,Communication interface,Communication interface USART,通信接口 USART,Communication interface USART,products:zh+products:en,confirmed
CH32L103F8U6,12,communication_interface_spi,2,Communication interface,Communication interface SPI,通信接口 SPI,Communication interface SPI,products:zh+products:en,confirmed
CH32L103F8U6,13,communication_interface_i2c,2,Communication interface,Communication interface I2C,通信接口 I2C,Communication interface I2C,products:zh+products:en,confirmed
CH32L103F8U6,14,communication_interface_can,1,Communication interface,Communication interface CAN,通信接口 CAN,Communication interface CAN,products:zh+products:en,confirmed
CH32L103F8U6,15,communication_interface_pdusb_usb_host_device,Host Device,Communication interface PDUSB,Communication interface PDUSB USB Host Device,通信接口 PDUSB USB Host Device,Communication interface PDUSB USB Host Device,products:zh+products:en,confirmed
CH32L103F8U6,16,communication_interface_pdusb_usb_pd_type_c,DRP Source Sink Built-in Rd(1),Communication interface PDUSB,Communication interface PDUSB USB PD Type-C,通信接口 PDUSB USB PD Type-C,Communication interface PDUSB USB PD Type-C,"products:en+!products:zh(=DRP/Source/Sink, built-in Rd(1))",conflict
CH32L103F8U6,17,cpu_main_frequency,Max: 96MHz,,CPU main frequency,CPU主频,CPU main frequency,products:zh+products:en,confirmed
CH32L103F8U6,18,rated_voltage,3.3V,,Rated voltage,额定电压,Rated voltage,products:zh+products:en,confirmed
CH32L103F8U6,19,main_applications_and_features,"General-purpose, pin optimized",,Main applications and features,主要应用及特点,Main applications and features,"products:en+!products:zh(=General purpose, pin-optimized)",conflict
CH32L103G8R6,0,timer_advanced_control_tim1_16_bit,1,Timer,Timer Advanced-control TIM1 (16-bit),定时器 高级TIM1（16位）,Timer Advanced-control TIM1 (16-bit),products:zh+products:en,confirmed
CH32L103G8R6,1,timer_general_purpose_tim2_3_16_bit,2,Timer,Timer General-purpose TIM2/3 (16-bit),定时器 通用TIM2/3（16位）,Timer General-purpose TIM2/3 (16-bit),products:zh+products:en,confirmed
CH32L103G8R6,2,timer_general_purpose_tim4_32_bit,1,Timer,Timer General-purpose TIM4 (32-bit),定时器 通用TIM4（32位）,Timer General-purpose TIM4 (32-bit),products:zh+products:en,confirmed
CH32L103G8R6,3,timer_low_power_timer_lptim,√,Timer,Timer Low-power timer (LPTIM),定时器 低功耗定时器（LPTIM）,Timer Low-power timer (LPTIM),products:zh+products:en,confirmed
CH32L103G8R6,4,timer_watchdog,2 ( WWDG + IWDG ),Timer,Timer Watchdog,定时器 看门狗,Timer Watchdog,products:zh+products:en,confirmed
CH32L103G8R6,5,timer_systick_64_bit,√,Timer,Timer SysTick (64-bit),定时器 系统时基（64位）,Timer SysTick (64-bit),products:zh+products:en,confirmed
CH32L103G8R6,6,rtc,√,,RTC,RTC,RTC,products:zh+products:en,confirmed
CH32L103G8R6,7,adc,10+3,,ADC,ADC,ADC,products:zh+products:en,confirmed
CH32L103G8R6,8,tkey,10,,Tkey,Tkey,Tkey,products:zh+products:en,confirmed
CH32L103G8R6,9,opa,1,,OPA,OPA,OPA,products:zh+products:en,confirmed
CH32L103G8R6,10,cmp,3,,CMP,CMP,CMP,products:zh+products:en,confirmed
CH32L103G8R6,11,communication_interface_usart,4,Communication interface,Communication interface USART,通信接口 USART,Communication interface USART,products:zh+products:en,confirmed
CH32L103G8R6,12,communication_interface_spi,2,Communication interface,Communication interface SPI,通信接口 SPI,Communication interface SPI,products:zh+products:en,confirmed
CH32L103G8R6,13,communication_interface_i2c,2,Communication interface,Communication interface I2C,通信接口 I2C,Communication interface I2C,products:zh+products:en,confirmed
CH32L103G8R6,14,communication_interface_can,1,Communication interface,Communication interface CAN,通信接口 CAN,Communication interface CAN,products:zh+products:en,confirmed
CH32L103G8R6,15,communication_interface_pdusb_usb_host_device,Host Device,Communication interface PDUSB,Communication interface PDUSB USB Host Device,通信接口 PDUSB USB Host Device,Communication interface PDUSB USB Host Device,products:zh+products:en,confirmed
CH32L103G8R6,16,communication_interface_pdusb_usb_pd_type_c,DRP Source Sink,Communication interface PDUSB,Communication interface PDUSB USB PD Type-C,通信接口 PDUSB USB PD Type-C,Communication interface PDUSB USB PD Type-C,products:zh+products:en,confirmed
CH32L103G8R6,17,cpu_main_frequency,Max: 96MHz,,CPU main frequency,CPU主频,CPU main frequency,products:zh+products:en,confirmed
CH32L103G8R6,18,rated_voltage,3.3V,,Rated voltage,额定电压,Rated voltage,products:zh+products:en,confirmed
CH32L103G8R6,19,main_applications_and_features,"General-purpose, motor master",,Main applications and features,主要应用及特点,Main applications and features,"products:en+!products:zh(=General purpose, motor main control)",conflict
CH32L103K8U6,0,timer_advanced_control_tim1_16_bit,1,Timer,Timer Advanced-control TIM1 (16-bit),定时器 高级TIM1（16位）,Timer Advanced-control TIM1 (16-bit),products:zh+products:en,confirmed
CH32L103K8U6,1,timer_general_purpose_tim2_3_16_bit,2,Timer,Timer General-purpose TIM2/3 (16-bit),定时器 通用TIM2/3（16位）,Timer General-purpose TIM2/3 (16-bit),products:zh+products:en,confirmed
CH32L103K8U6,2,timer_general_purpose_tim4_32_bit,1,Timer,Timer General-purpose TIM4 (32-bit),定时器 通用TIM4（32位）,Timer General-purpose TIM4 (32-bit),products:zh+products:en,confirmed
CH32L103K8U6,3,timer_low_power_timer_lptim,√,Timer,Timer Low-power timer (LPTIM),定时器 低功耗定时器（LPTIM）,Timer Low-power timer (LPTIM),products:zh+products:en,confirmed
CH32L103K8U6,4,timer_watchdog,2 ( WWDG + IWDG ),Timer,Timer Watchdog,定时器 看门狗,Timer Watchdog,products:zh+products:en,confirmed
CH32L103K8U6,5,timer_systick_64_bit,√,Timer,Timer SysTick (64-bit),定时器 系统时基（64位）,Timer SysTick (64-bit),products:zh+products:en,confirmed
CH32L103K8U6,6,rtc,√,,RTC,RTC,RTC,products:zh+products:en,confirmed
CH32L103K8U6,7,adc,10+3,,ADC,ADC,ADC,products:zh+products:en,confirmed
CH32L103K8U6,8,tkey,10,,Tkey,Tkey,Tkey,products:zh+products:en,confirmed
CH32L103K8U6,9,opa,1,,OPA,OPA,OPA,products:zh+products:en,confirmed
CH32L103K8U6,10,cmp,3,,CMP,CMP,CMP,products:zh+products:en,confirmed
CH32L103K8U6,11,communication_interface_usart,4,Communication interface,Communication interface USART,通信接口 USART,Communication interface USART,products:zh+products:en,confirmed
CH32L103K8U6,12,communication_interface_spi,SPI1,Communication interface,Communication interface SPI,通信接口 SPI,Communication interface SPI,products:zh+products:en,confirmed
CH32L103K8U6,13,communication_interface_i2c,I2C1,Communication interface,Communication interface I2C,通信接口 I2C,Communication interface I2C,products:zh+products:en,confirmed
CH32L103K8U6,14,communication_interface_can,1,Communication interface,Communication interface CAN,通信接口 CAN,Communication interface CAN,products:zh+products:en,confirmed
CH32L103K8U6,15,communication_interface_can_fd,√,Communication interface,Communication interface CAN FD,通信接口 CAN FD,Communication interface CAN FD,products:zh+products:en,confirmed
CH32L103K8U6,16,communication_interface_pdusb_usb_host_device,Host Device,Communication interface PDUSB,Communication interface PDUSB USB Host Device,通信接口 PDUSB USB Host Device,Communication interface PDUSB USB Host Device,products:zh+products:en,confirmed
CH32L103K8U6,17,communication_interface_pdusb_usb_pd_type_c,DRP Source Sink Built-in Rd(1),Communication interface PDUSB,Communication interface PDUSB USB PD Type-C,通信接口 PDUSB USB PD Type-C,Communication interface PDUSB USB PD Type-C,"products:en+!products:zh(=DRP/Source/Sink, built-in Rd(1))",conflict
CH32L103K8U6,18,cpu_main_frequency,Max: 96MHz,,CPU main frequency,CPU主频,CPU main frequency,products:zh+products:en,confirmed
CH32L103K8U6,19,rated_voltage,3.3V,,Rated voltage,额定电压,Rated voltage,products:zh+products:en,confirmed
CH32L103K8U6,20,main_applications_and_features,"General-purpose, pin optimized",,Main applications and features,主要应用及特点,Main applications and features,"products:en+!products:zh(=General purpose, pin-optimized)",conflict
CH32L103K8U7,0,timer_advanced_control_tim1_16_bit,1,Timer,Timer Advanced-control TIM1 (16-bit),定时器 高级TIM1（16位）,Timer Advanced-control TIM1 (16-bit),products:zh+products:en,confirmed
CH32L103K8U7,1,timer_general_purpose_tim2_3_16_bit,2,Timer,Timer General-purpose TIM2/3 (16-bit),定时器 通用TIM2/3（16位）,Timer General-purpose TIM2/3 (16-bit),products:zh+products:en,confirmed
CH32L103K8U7,2,timer_general_purpose_tim4_32_bit,1,Timer,Timer General-purpose TIM4 (32-bit),定时器 通用TIM4（32位）,Timer General-purpose TIM4 (32-bit),products:zh+products:en,confirmed
CH32L103K8U7,3,timer_low_power_timer_lptim,√,Timer,Timer Low-power timer (LPTIM),定时器 低功耗定时器（LPTIM）,Timer Low-power timer (LPTIM),products:zh+products:en,confirmed
CH32L103K8U7,4,timer_watchdog,2 ( WWDG + IWDG ),Timer,Timer Watchdog,定时器 看门狗,Timer Watchdog,products:zh+products:en,confirmed
CH32L103K8U7,5,timer_systick_64_bit,√,Timer,Timer SysTick (64-bit),定时器 系统时基（64位）,Timer SysTick (64-bit),products:zh+products:en,confirmed
CH32L103K8U7,6,rtc,√,,RTC,RTC,RTC,products:zh+products:en,confirmed
CH32L103K8U7,7,adc,10+3,,ADC,ADC,ADC,products:zh+products:en,confirmed
CH32L103K8U7,8,tkey,10,,Tkey,Tkey,Tkey,products:zh+products:en,confirmed
CH32L103K8U7,9,opa,1,,OPA,OPA,OPA,products:zh+products:en,confirmed
CH32L103K8U7,10,cmp,3,,CMP,CMP,CMP,products:zh+products:en,confirmed
CH32L103K8U7,11,communication_interface_usart,4,Communication interface,Communication interface USART,通信接口 USART,Communication interface USART,products:zh+products:en,confirmed
CH32L103K8U7,12,communication_interface_spi,SPI1,Communication interface,Communication interface SPI,通信接口 SPI,Communication interface SPI,products:zh+products:en,confirmed
CH32L103K8U7,13,communication_interface_i2c,I2C1,Communication interface,Communication interface I2C,通信接口 I2C,Communication interface I2C,products:zh+products:en,confirmed
CH32L103K8U7,14,communication_interface_can,1,Communication interface,Communication interface CAN,通信接口 CAN,Communication interface CAN,products:zh+products:en,confirmed
CH32L103K8U7,15,communication_interface_pdusb_usb_host_device,Host Device,Communication interface PDUSB,Communication interface PDUSB USB Host Device,通信接口 PDUSB USB Host Device,Communication interface PDUSB USB Host Device,products:zh+products:en,confirmed
CH32L103K8U7,16,communication_interface_pdusb_usb_pd_type_c,DRP Source Sink Built-in Rd(1),Communication interface PDUSB,Communication interface PDUSB USB PD Type-C,通信接口 PDUSB USB PD Type-C,Communication interface PDUSB USB PD Type-C,"products:en+!products:zh(=DRP/Source/Sink, built-in Rd(1))",conflict
CH32L103K8U7,17,cpu_main_frequency,Max: 96MHz,,CPU main frequency,CPU主频,CPU main frequency,products:zh+products:en,confirmed
CH32L103K8U7,18,rated_voltage,3.3V,,Rated voltage,额定电压,Rated voltage,products:zh+products:en,confirmed
CH32L103K8U7,19,main_applications_and_features,"General-purpose, pin optimized",,Main applications and features,主要应用及特点,Main applications and features,"products:en+!products:zh(=General purpose, pin-optimized)",conflict
CH32M007E8R6,0,adtm,1,,ADTM,高 级 定 时 器,ADTM,products:zh+products:en,confirmed
CH32M007E8R6,1,gptm,1,,GPTM,通 用 定 时 器,GPTM,products:zh+products:en,confirmed
CH32M007E8R6,2,streamlined_timer,1,Streamlined,Streamlined timer,精 简 定 时 器,Streamlined timer,products:zh+products:en,confirmed
CH32M007E8R6,3,watchdog,2,,Watchdog,看 门 狗,Watchdog,products:zh+products:en,confirmed
CH32M007E8R6,4,three_phase_pre_drive_voltage,24V,Three-phase pre-drive,Three-phase pre-drive Voltage,三相预驱 电压,Three-phase pre-drive Voltage,products:zh+products:en,confirmed
CH32M007E8R6,5,structure,P+N,,Structure,结构,Structure,products:zh+products:en,confirmed
CH32M007E8R6,6,adc,7+2,,ADC,ADC,ADC,products:zh+products:en,confirmed
CH32M007E8R6,7,touch_key_button,7,Touch-key,Touch-key button,电容 触摸 按键,Touch-key button,products:zh+products:en,confirmed
CH32M007E8R6,8,opa,1,,OPA,OPA 运放,OPA,products:zh+products:en,confirmed
CH32M007E8R6,9,opa_polling,3,OPA,OPA Polling,OPA 轮询,OPA Polling,products:zh+products:en,confirmed
CH32M007E8R6,10,cmp,2,,CMP,CMP,CMP,products:zh+products:en,confirmed
CH32M007E8R6,11,serial_port,2,Serial,Serial port,串 口,Serial port,products:zh+products:en,confirmed
CH32M007E8R6,12,i2c,1,,I2C,I2C,I2C,products:zh+products:en,confirmed
CH32M007E8R6,13,spi,1,,SPI,SPI,SPI,products:zh+products:en,confirmed
CH32M007E8U7,0,adtm,1,,ADTM,高 级 定 时 器,ADTM,products:zh+products:en,confirmed
CH32M007E8U7,1,gptm,1,,GPTM,通 用 定 时 器,GPTM,products:zh+products:en,confirmed
CH32M007E8U7,2,streamlined_timer,1,Streamlined,Streamlined timer,精 简 定 时 器,Streamlined timer,products:zh+products:en,confirmed
CH32M007E8U7,3,watchdog,2,,Watchdog,看 门 狗,Watchdog,products:zh+products:en,confirmed
CH32M007E8U7,4,three_phase_pre_drive_voltage,24V,Three-phase pre-drive,Three-phase pre-drive Voltage,三相预驱 电压,Three-phase pre-drive Voltage,products:zh+products:en,confirmed
CH32M007E8U7,5,structure,P+N,,Structure,结构,Structure,products:zh+products:en,confirmed
CH32M007E8U7,6,adc,7+2,,ADC,ADC,ADC,products:zh+products:en,confirmed
CH32M007E8U7,7,touch_key_button,7,Touch-key,Touch-key button,电容 触摸 按键,Touch-key button,products:zh+products:en,confirmed
CH32M007E8U7,8,opa,1,,OPA,OPA 运放,OPA,products:zh+products:en,confirmed
CH32M007E8U7,9,opa_polling,3,OPA,OPA Polling,OPA 轮询,OPA Polling,products:zh+products:en,confirmed
CH32M007E8U7,10,cmp,2,,CMP,CMP,CMP,products:zh+products:en,confirmed
CH32M007E8U7,11,serial_port,2,Serial,Serial port,串 口,Serial port,products:zh+products:en,confirmed
CH32M007E8U7,12,i2c,1,,I2C,I2C,I2C,products:zh+products:en,confirmed
CH32M007E8U7,13,spi,1,,SPI,SPI,SPI,products:zh+products:en,confirmed
CH32M007G8R6,0,adtm,1,,ADTM,高 级 定 时 器,ADTM,products:zh+products:en,confirmed
CH32M007G8R6,1,gptm,1,,GPTM,通 用 定 时 器,GPTM,products:zh+products:en,confirmed
CH32M007G8R6,2,streamlined_timer,1,Streamlined,Streamlined timer,精 简 定 时 器,Streamlined timer,products:zh+products:en,confirmed
CH32M007G8R6,3,watchdog,2,,Watchdog,看 门 狗,Watchdog,products:zh+products:en,confirmed
CH32M007G8R6,4,three_phase_pre_drive_voltage,48V,Three-phase pre-drive,Three-phase pre-drive Voltage,三相预驱 电压,Three-phase pre-drive Voltage,products:zh+products:en,confirmed
CH32M007G8R6,5,structure,N+N,,Structure,结构,Structure,products:zh+products:en,confirmed
CH32M007G8R6,6,adc,7+2,,ADC,ADC,ADC,products:zh+products:en,confirmed
CH32M007G8R6,7,touch_key_button,7,Touch-key,Touch-key button,电容 触摸 按键,Touch-key button,products:zh+products:en,confirmed
CH32M007G8R6,8,opa,1,,OPA,OPA 运放,OPA,products:zh+products:en,confirmed
CH32M007G8R6,9,opa_polling,3,OPA,OPA Polling,OPA 轮询,OPA Polling,products:zh+products:en,confirmed
CH32M007G8R6,10,cmp,2,,CMP,CMP,CMP,products:zh+products:en,confirmed
CH32M007G8R6,11,serial_port,2,Serial,Serial port,串 口,Serial port,products:zh+products:en,confirmed
CH32M007G8R6,12,i2c,1,,I2C,I2C,I2C,products:zh+products:en,confirmed
CH32M007G8R6,13,spi,1,,SPI,SPI,SPI,products:zh+products:en,confirmed
CH32M007K8U7,0,adtm,1,,ADTM,高 级 定 时 器,ADTM,products:zh+products:en,confirmed
CH32M007K8U7,1,gptm,1,,GPTM,通 用 定 时 器,GPTM,products:zh+products:en,confirmed
CH32M007K8U7,2,streamlined_timer,1,Streamlined,Streamlined timer,精 简 定 时 器,Streamlined timer,products:zh+products:en,confirmed
CH32M007K8U7,3,watchdog,2,,Watchdog,看 门 狗,Watchdog,products:zh+products:en,confirmed
CH32M007K8U7,4,three_phase_pre_drive_voltage,48V,Three-phase pre-drive,Three-phase pre-drive Voltage,三相预驱 电压,Three-phase pre-drive Voltage,products:zh+products:en,confirmed
CH32M007K8U7,5,structure,N+N,,Structure,结构,Structure,products:zh+products:en,confirmed
CH32M007K8U7,6,adc,7+2,,ADC,ADC,ADC,products:zh+products:en,confirmed
CH32M007K8U7,7,touch_key_button,7,Touch-key,Touch-key button,电容 触摸 按键,Touch-key button,products:zh+products:en,confirmed
CH32M007K8U7,8,opa,1,,OPA,OPA 运放,OPA,products:zh+products:en,confirmed
CH32M007K8U7,9,opa_polling,3,OPA,OPA Polling,OPA 轮询,OPA Polling,products:zh+products:en,confirmed
CH32M007K8U7,10,cmp,2,,CMP,CMP,CMP,products:zh+products:en,confirmed
CH32M007K8U7,11,serial_port,2,Serial,Serial port,串 口,Serial port,products:zh+products:en,confirmed
CH32M007K8U7,12,i2c,1,,I2C,I2C,I2C,products:zh+products:en,confirmed
CH32M007K8U7,13,spi,1,,SPI,SPI,SPI,products:zh+products:en,confirmed
CH32M030C8T7,0,half_bridge_gate_driver,4,,Half-bridge gate driver,半桥栅极驱动器,Half-bridge gate driver,products:zh+products:en,confirmed
CH32M030C8T7,1,pre_drive_i_o_mv_i_0,8,,Pre-drive I/O (MV I/0),预驱动I/O（MV I/0）,Pre-drive I/O (MV I/0),products:zh+products:en,confirmed
CH32M030C8T7,2,timer_advanced_control_tim1_16_bit,1,Timer,Timer Advanced-control TIM1 (16-bit),定时器 高级TIM1（16位）,Timer Advanced-control TIM1 (16-bit),products:zh+products:en,confirmed
CH32M030C8T7,3,timer_general_purpose_tim2_16_bit,1,Timer,Timer General-purpose TIM2 (16-bit),定时器 通用TIM2（16位）,Timer General-purpose TIM2 (16-bit),products:zh+products:en,confirmed
CH32M030C8T7,4,timer_streamlined_tim3_16_bit,1,Timer,Timer Streamlined TIM3 (16-bit),定时器 精简TIM3（16位）,Timer Streamlined TIM3 (16-bit),products:zh+products:en,confirmed
CH32M030C8T7,5,timer_wwdg,1,Timer,Timer WWDG,定时器 窗口看门狗（WWDG）,Timer WWDG,products:zh+products:en,confirmed
CH32M030C8T7,6,timer_system_time_base_32_bit,√,Timer,Timer System time base (32-bit),定时器 系统时基（32位）,Timer System time base (32-bit),products:zh+products:en,confirmed
CH32M030C8T7,7,adc,20,,ADC,ADC,ADC,products:zh+products:en,confirmed
CH32M030C8T7,8,opa1,1,,OPA1,OPA1,OPA1,products:zh+products:en,confirmed
CH32M030C8T7,9,opa2,1,,OPA2,OPA2,OPA2,products:zh+products:en,confirmed
CH32M030C8T7,10,opa3,1,,OPA3,OPA3,OPA3,products:zh+products:en,confirmed
CH32M030C8T7,11,opa4,1,,OPA4,OPA4,OPA4,products:zh+products:en,confirmed
CH32M030C8T7,12,cmp1,1,,CMP1,CMP1,CMP1,products:zh+products:en,confirmed
CH32M030C8T7,13,cmp2,1,,CMP2,CMP2,CMP2,products:zh+products:en,confirmed
CH32M030C8T7,14,cmp3,1,,CMP3,CMP3,CMP3,products:zh+products:en,confirmed
CH32M030C8T7,15,current_sampling_isp_isn,Differential *2,,"Current sampling ISP, ISN","电流采样ISP,ISN","Current sampling ISP, ISN",products:en+!products:zh(=2 differential),conflict
CH32M030C8T7,16,signal_decoding_qii,2,,Signal decoding QII,信号解码QII,Signal decoding QII,products:zh+products:en,confirmed
CH32M030C8T7,17,programmable_current_injection_module_isink,2,,Programmable current injection module ISINK,可编程灌电流模块ISINK,Programmable current injection module ISINK,products:zh+products:en,confirmed
CH32M030C8T7,18,source_current_module_isource,2,,Source current module ISOURCE,源电流模块ISOURCE,Source current module ISOURCE,products:zh+products:en,confirmed
CH32M030C8T7,19,communication_interface_uart,1,Communication interface,Communication interface UART,通信接口 UART,Communication interface UART,products:zh+products:en,confirmed
CH32M030C8T7,20,communication_interface_spi,1,Communication interface,Communication interface SPI,通信接口 SPI,Communication interface SPI,products:zh+products:en,confirmed
CH32M030C8T7,21,communication_interface_i2c,1,Communication interface,Communication interface I2C,通信接口 I2C,Communication interface I2C,products:zh+products:en,confirmed
CH32M030C8T7,22,communication_interface_pdusb_usbfs,Host Device,Communication interface PDUSB,Communication interface PDUSB USBFS,通信接口 PDUSB USBFS,Communication interface PDUSB USBFS,products:zh+products:en,confirmed
CH32M030C8T7,23,communication_interface_pdusb_usb_pd_type_c,"(CC1, CC2) (CC3, CC4)",Communication interface PDUSB,Communication interface PDUSB USB PD Type-C,通信接口 PDUSB USB PD Type-C,Communication interface PDUSB USB PD Type-C,products:zh+products:en,confirmed
CH32M030C8U3,0,half_bridge_gate_driver,4,,Half-bridge gate driver,半桥栅极驱动器,Half-bridge gate driver,products:zh+products:en,confirmed
CH32M030C8U3,1,pre_drive_i_o_mv_i_0,8,,Pre-drive I/O (MV I/0),预驱动I/O（MV I/0）,Pre-drive I/O (MV I/0),products:zh+products:en,confirmed
CH32M030C8U3,2,high_voltage_i_o_hv_i_0,2,,High voltage I/O（HV I/0）,高压I/O（HV I/0）,High voltage I/O（HV I/0）,products:zh+products:en,confirmed
CH32M030C8U3,3,timer_advanced_control_tim1_16_bit,1,Timer,Timer Advanced-control TIM1 (16-bit),定时器 高级TIM1（16位）,Timer Advanced-control TIM1 (16-bit),products:zh+products:en,confirmed
CH32M030C8U3,4,timer_general_purpose_tim2_16_bit,1,Timer,Timer General-purpose TIM2 (16-bit),定时器 通用TIM2（16位）,Timer General-purpose TIM2 (16-bit),products:zh+products:en,confirmed
CH32M030C8U3,5,timer_streamlined_tim3_16_bit,1,Timer,Timer Streamlined TIM3 (16-bit),定时器 精简TIM3（16位）,Timer Streamlined TIM3 (16-bit),products:zh+products:en,confirmed
CH32M030C8U3,6,timer_wwdg,1,Timer,Timer WWDG,定时器 窗口看门狗（WWDG）,Timer WWDG,products:zh+products:en,confirmed
CH32M030C8U3,7,timer_system_time_base_32_bit,√,Timer,Timer System time base (32-bit),定时器 系统时基（32位）,Timer System time base (32-bit),products:zh+products:en,confirmed
CH32M030C8U3,8,adc,20,,ADC,ADC,ADC,products:zh+products:en,confirmed
CH32M030C8U3,9,opa1,1,,OPA1,OPA1,OPA1,products:zh+products:en,confirmed
CH32M030C8U3,10,opa2,1,,OPA2,OPA2,OPA2,products:zh+products:en,confirmed
CH32M030C8U3,11,opa3,1,,OPA3,OPA3,OPA3,products:zh+products:en,confirmed
CH32M030C8U3,12,opa4,1,,OPA4,OPA4,OPA4,products:zh+products:en,confirmed
CH32M030C8U3,13,cmp1,1,,CMP1,CMP1,CMP1,products:zh+products:en,confirmed
CH32M030C8U3,14,cmp2,1,,CMP2,CMP2,CMP2,products:zh+products:en,confirmed
CH32M030C8U3,15,cmp3,1,,CMP3,CMP3,CMP3,products:zh+products:en,confirmed
CH32M030C8U3,16,current_sampling_isp_isn,Differential*2,,"Current sampling ISP, ISN","电流采样ISP,ISN","Current sampling ISP, ISN",products:en+!products:zh(=2 differential),conflict
CH32M030C8U3,17,signal_decoding_qii,2,,Signal decoding QII,信号解码QII,Signal decoding QII,products:zh+products:en,confirmed
CH32M030C8U3,18,programmable_current_injection_module_isink,2,,Programmable current injection module ISINK,可编程灌电流模块ISINK,Programmable current injection module ISINK,products:zh+products:en,confirmed
CH32M030C8U3,19,source_current_module_isource,2,,Source current module ISOURCE,源电流模块ISOURCE,Source current module ISOURCE,products:zh+products:en,confirmed
CH32M030C8U3,20,communication_interface_uart,1,Communication interface,Communication interface UART,通信接口 UART,Communication interface UART,products:zh+products:en,confirmed
CH32M030C8U3,21,communication_interface_spi,1,Communication interface,Communication interface SPI,通信接口 SPI,Communication interface SPI,products:zh+products:en,confirmed
CH32M030C8U3,22,communication_interface_i2c,1,Communication interface,Communication interface I2C,通信接口 I2C,Communication interface I2C,products:zh+products:en,confirmed
CH32M030C8U3,23,communication_interface_pdusb_usbfs,Host Device,Communication interface PDUSB,Communication interface PDUSB USBFS,通信接口 PDUSB USBFS,Communication interface PDUSB USBFS,products:zh+products:en,confirmed
CH32M030C8U3,24,communication_interface_pdusb_usb_pd_type_c,"(CC1R, CC2R) (CC3, CC4) Built-in Rd(1)",Communication interface PDUSB,Communication interface PDUSB USB PD Type-C,通信接口 PDUSB USB PD Type-C,Communication interface PDUSB USB PD Type-C,"products:en+!products:zh(=(CC1R,CC2R)(CC3,CC4), built-in Rd(1))",conflict
CH32M030C8U7,0,half_bridge_gate_driver,4,,Half-bridge gate driver,半桥栅极驱动器,Half-bridge gate driver,products:zh+products:en,confirmed
CH32M030C8U7,1,pre_drive_i_o_mv_i_0,8,,Pre-drive I/O (MV I/0),预驱动I/O（MV I/0）,Pre-drive I/O (MV I/0),products:zh+products:en,confirmed
CH32M030C8U7,2,high_voltage_i_o_hv_i_0,1,,High voltage I/O（HV I/0）,高压I/O（HV I/0）,High voltage I/O（HV I/0）,products:zh+products:en,confirmed
CH32M030C8U7,3,timer_advanced_control_tim1_16_bit,1,Timer,Timer Advanced-control TIM1 (16-bit),定时器 高级TIM1（16位）,Timer Advanced-control TIM1 (16-bit),products:zh+products:en,confirmed
CH32M030C8U7,4,timer_general_purpose_tim2_16_bit,1,Timer,Timer General-purpose TIM2 (16-bit),定时器 通用TIM2（16位）,Timer General-purpose TIM2 (16-bit),products:zh+products:en,confirmed
CH32M030C8U7,5,timer_streamlined_tim3_16_bit,1,Timer,Timer Streamlined TIM3 (16-bit),定时器 精简TIM3（16位）,Timer Streamlined TIM3 (16-bit),products:zh+products:en,confirmed
CH32M030C8U7,6,timer_wwdg,1,Timer,Timer WWDG,定时器 窗口看门狗（WWDG）,Timer WWDG,products:zh+products:en,confirmed
CH32M030C8U7,7,timer_system_time_base_32_bit,√,Timer,Timer System time base (32-bit),定时器 系统时基（32位）,Timer System time base (32-bit),products:zh+products:en,confirmed
CH32M030C8U7,8,adc,20,,ADC,ADC,ADC,products:zh+products:en,confirmed
CH32M030C8U7,9,opa1,1,,OPA1,OPA1,OPA1,products:zh+products:en,confirmed
CH32M030C8U7,10,opa2,1,,OPA2,OPA2,OPA2,products:zh+products:en,confirmed
CH32M030C8U7,11,opa3,1,,OPA3,OPA3,OPA3,products:zh+products:en,confirmed
CH32M030C8U7,12,opa4,1,,OPA4,OPA4,OPA4,products:zh+products:en,confirmed
CH32M030C8U7,13,cmp1,1,,CMP1,CMP1,CMP1,products:zh+products:en,confirmed
CH32M030C8U7,14,cmp2,1,,CMP2,CMP2,CMP2,products:zh+products:en,confirmed
CH32M030C8U7,15,cmp3,1,,CMP3,CMP3,CMP3,products:zh+products:en,confirmed
CH32M030C8U7,16,current_sampling_isp_isn,Differential *2,,"Current sampling ISP, ISN","电流采样ISP,ISN","Current sampling ISP, ISN",products:en+!products:zh(=2 differential),conflict
CH32M030C8U7,17,signal_decoding_qii,2,,Signal decoding QII,信号解码QII,Signal decoding QII,products:zh+products:en,confirmed
CH32M030C8U7,18,programmable_current_injection_module_isink,2,,Programmable current injection module ISINK,可编程灌电流模块ISINK,Programmable current injection module ISINK,products:zh+products:en,confirmed
CH32M030C8U7,19,source_current_module_isource,2,,Source current module ISOURCE,源电流模块ISOURCE,Source current module ISOURCE,products:zh+products:en,confirmed
CH32M030C8U7,20,communication_interface_uart,1,Communication interface,Communication interface UART,通信接口 UART,Communication interface UART,products:zh+products:en,confirmed
CH32M030C8U7,21,communication_interface_spi,1,Communication interface,Communication interface SPI,通信接口 SPI,Communication interface SPI,products:zh+products:en,confirmed
CH32M030C8U7,22,communication_interface_i2c,1,Communication interface,Communication interface I2C,通信接口 I2C,Communication interface I2C,products:zh+products:en,confirmed
CH32M030C8U7,23,communication_interface_pdusb_usbfs,Host Device,Communication interface PDUSB,Communication interface PDUSB USBFS,通信接口 PDUSB USBFS,Communication interface PDUSB USBFS,products:zh+products:en,confirmed
CH32M030C8U7,24,communication_interface_pdusb_usb_pd_type_c,"(CC1R, CC2R) (CC3, CC4) Built-in Rd(1)",Communication interface PDUSB,Communication interface PDUSB USB PD Type-C,通信接口 PDUSB USB PD Type-C,Communication interface PDUSB USB PD Type-C,"products:en+!products:zh(=(CC1R,CC2R)(CC3,CC4), built-in Rd(1))",conflict
CH32M030G8R7,0,half_bridge_gate_driver,3,,Half-bridge gate driver,半桥栅极驱动器,Half-bridge gate driver,products:zh+products:en,confirmed
CH32M030G8R7,1,pre_drive_i_o_mv_i_0,6,,Pre-drive I/O (MV I/0),预驱动I/O（MV I/0）,Pre-drive I/O (MV I/0),products:zh+products:en,confirmed
CH32M030G8R7,2,timer_advanced_control_tim1_16_bit,1,Timer,Timer Advanced-control TIM1 (16-bit),定时器 高级TIM1（16位）,Timer Advanced-control TIM1 (16-bit),products:zh+products:en,confirmed
CH32M030G8R7,3,timer_general_purpose_tim2_16_bit,1,Timer,Timer General-purpose TIM2 (16-bit),定时器 通用TIM2（16位）,Timer General-purpose TIM2 (16-bit),products:zh+products:en,confirmed
CH32M030G8R7,4,timer_streamlined_tim3_16_bit,1,Timer,Timer Streamlined TIM3 (16-bit),定时器 精简TIM3（16位）,Timer Streamlined TIM3 (16-bit),products:zh+products:en,confirmed
CH32M030G8R7,5,timer_wwdg,1,Timer,Timer WWDG,定时器 窗口看门狗（WWDG）,Timer WWDG,products:zh+products:en,confirmed
CH32M030G8R7,6,timer_system_time_base_32_bit,√,Timer,Timer System time base (32-bit),定时器 系统时基（32位）,Timer System time base (32-bit),products:zh+products:en,confirmed
CH32M030G8R7,7,adc,11,,ADC,ADC,ADC,products:zh+products:en,confirmed
CH32M030G8R7,8,opa2,1,,OPA2,OPA2,OPA2,products:zh+products:en,confirmed
CH32M030G8R7,9,opa3,1,,OPA3,OPA3,OPA3,products:zh+products:en,confirmed
CH32M030G8R7,10,opa4,1,,OPA4,OPA4,OPA4,products:zh+products:en,confirmed
CH32M030G8R7,11,cmp2,1,,CMP2,CMP2,CMP2,products:zh+products:en,confirmed
CH32M030G8R7,12,cmp3,1,,CMP3,CMP3,CMP3,products:zh+products:en,confirmed
CH32M030G8R7,13,current_sampling_isp_isn,Differential *2,,"Current sampling ISP, ISN","电流采样ISP,ISN","Current sampling ISP, ISN",products:en+!products:zh(=2 differential),conflict
CH32M030G8R7,14,signal_decoding_qii,1,,Signal decoding QII,信号解码QII,Signal decoding QII,products:zh+products:en,confirmed
CH32M030G8R7,15,programmable_current_injection_module_isink,1,,Programmable current injection module ISINK,可编程灌电流模块ISINK,Programmable current injection module ISINK,products:zh+products:en,confirmed
CH32M030G8R7,16,communication_interface_uart,1,Communication interface,Communication interface UART,通信接口 UART,Communication interface UART,products:zh+products:en,confirmed
CH32M030G8R7,17,communication_interface_i2c,1,Communication interface,Communication interface I2C,通信接口 I2C,Communication interface I2C,products:zh+products:en,confirmed
CH32M030G8R7,18,communication_interface_pdusb_usbfs,Host Device,Communication interface PDUSB,Communication interface PDUSB USBFS,通信接口 PDUSB USBFS,Communication interface PDUSB USBFS,products:zh+products:en,confirmed
CH32M030G8R7,19,communication_interface_pdusb_usb_pd_type_c,"(CC3, CC4)",Communication interface PDUSB,Communication interface PDUSB USB PD Type-C,通信接口 PDUSB USB PD Type-C,Communication interface PDUSB USB PD Type-C,products:zh+products:en,confirmed
CH32M030K8U7,0,half_bridge_gate_driver,2,,Half-bridge gate driver,半桥栅极驱动器,Half-bridge gate driver,products:zh+products:en,confirmed
CH32M030K8U7,1,pre_drive_i_o_mv_i_0,6,,Pre-drive I/O (MV I/0),预驱动I/O（MV I/0）,Pre-drive I/O (MV I/0),products:zh+products:en,confirmed
CH32M030K8U7,2,high_voltage_i_o_hv_i_0,1,,High voltage I/O（HV I/0）,高压I/O（HV I/0）,High voltage I/O（HV I/0）,products:zh+products:en,confirmed
CH32M030K8U7,3,timer_advanced_control_tim1_16_bit,1,Timer,Timer Advanced-control TIM1 (16-bit),定时器 高级TIM1（16位）,Timer Advanced-control TIM1 (16-bit),products:zh+products:en,confirmed
CH32M030K8U7,4,timer_general_purpose_tim2_16_bit,1,Timer,Timer General-purpose TIM2 (16-bit),定时器 通用TIM2（16位）,Timer General-purpose TIM2 (16-bit),products:zh+products:en,confirmed
CH32M030K8U7,5,timer_streamlined_tim3_16_bit,1,Timer,Timer Streamlined TIM3 (16-bit),定时器 精简TIM3（16位）,Timer Streamlined TIM3 (16-bit),products:zh+products:en,confirmed
CH32M030K8U7,6,timer_wwdg,1,Timer,Timer WWDG,定时器 窗口看门狗（WWDG）,Timer WWDG,products:zh+products:en,confirmed
CH32M030K8U7,7,timer_system_time_base_32_bit,√,Timer,Timer System time base (32-bit),定时器 系统时基（32位）,Timer System time base (32-bit),products:zh+products:en,confirmed
CH32M030K8U7,8,adc,16,,ADC,ADC,ADC,products:zh+products:en,confirmed
CH32M030K8U7,9,opa2,1,,OPA2,OPA2,OPA2,products:zh+products:en,confirmed
CH32M030K8U7,10,opa3,1,,OPA3,OPA3,OPA3,products:zh+products:en,confirmed
CH32M030K8U7,11,opa4,1,,OPA4,OPA4,OPA4,products:zh+products:en,confirmed
CH32M030K8U7,12,cmp2,1,,CMP2,CMP2,CMP2,products:zh+products:en,confirmed
CH32M030K8U7,13,cmp3,1,,CMP3,CMP3,CMP3,products:zh+products:en,confirmed
CH32M030K8U7,14,current_sampling_isp_isn,Differential *1 Single end*1,,"Current sampling ISP, ISN","电流采样ISP,ISN","Current sampling ISP, ISN",products:en+!products:zh(=1 differential + 1 single-ended),conflict
CH32M030K8U7,15,signal_decoding_qii,1,,Signal decoding QII,信号解码QII,Signal decoding QII,products:zh+products:en,confirmed
CH32M030K8U7,16,programmable_current_injection_module_isink,2,,Programmable current injection module ISINK,可编程灌电流模块ISINK,Programmable current injection module ISINK,products:zh+products:en,confirmed
CH32M030K8U7,17,source_current_module_isource,1,,Source current module ISOURCE,源电流模块ISOURCE,Source current module ISOURCE,products:zh+products:en,confirmed
CH32M030K8U7,18,communication_interface_uart,1,Communication interface,Communication interface UART,通信接口 UART,Communication interface UART,products:zh+products:en,confirmed
CH32M030K8U7,19,communication_interface_spi,1,Communication interface,Communication interface SPI,通信接口 SPI,Communication interface SPI,products:zh+products:en,confirmed
CH32M030K8U7,20,communication_interface_i2c,1,Communication interface,Communication interface I2C,通信接口 I2C,Communication interface I2C,products:zh+products:en,confirmed
CH32M030K8U7,21,communication_interface_pdusb_usbfs,Host Device,Communication interface PDUSB,Communication interface PDUSB USBFS,通信接口 PDUSB USBFS,Communication interface PDUSB USBFS,products:zh+products:en,confirmed
CH32M030K8U7,22,communication_interface_pdusb_usb_pd_type_c,"(CC1R, CC2R) (CC3, CC4) Built-in Rd(1)",Communication interface PDUSB,Communication interface PDUSB USB PD Type-C,通信接口 PDUSB USB PD Type-C,Communication interface PDUSB USB PD Type-C,"products:en+!products:zh(=(CC1R,CC2R)(CC3,CC4), built-in Rd(1))",conflict
CH32M103G8R6,0,timer_advanced_control_tim1_16_bit,1,Timer,Timer Advanced-control TIM1 (16-bit),定时器 高级TIM1（16位）,Timer Advanced-control TIM1 (16-bit),products:zh+products:en,confirmed
CH32M103G8R6,1,timer_general_purpose_tim2_3_16_bit,2,Timer,Timer General-purpose TIM2/3 (16-bit),定时器 通用TIM2/3（16位）,Timer General-purpose TIM2/3 (16-bit),products:zh+products:en,confirmed
CH32M103G8R6,2,timer_general_purpose_tim4_32_bit,1,Timer,Timer General-purpose TIM4 (32-bit),定时器 通用TIM4（32位）,Timer General-purpose TIM4 (32-bit),products:zh+products:en,confirmed
CH32M103G8R6,3,timer_low_power_timer_lptim,√,Timer,Timer Low-power timer (LPTIM),定时器 低功耗定时器（LPTIM）,Timer Low-power timer (LPTIM),products:zh+products:en,confirmed
CH32M103G8R6,4,timer_watchdog,2 ( WWDG + IWDG ),Timer,Timer Watchdog,定时器 看门狗,Timer Watchdog,products:zh+products:en,confirmed
CH32M103G8R6,5,timer_systick_64_bit,√,Timer,Timer SysTick (64-bit),定时器 系统时基（64位）,Timer SysTick (64-bit),products:zh+products:en,confirmed
CH32M103G8R6,6,rtc,√,,RTC,RTC,RTC,products:zh+products:en,confirmed
CH32M103G8R6,7,3_phase_gate_drive_voltage,24V,3-phase gate drive,3-phase gate drive Voltage,三相预驱 电压,3-phase gate drive Voltage,products:zh+products:en,confirmed
CH32M103G8R6,8,3_phase_gate_drive_structure,P+N,3-phase gate drive,3-phase gate drive Structure,三相预驱 结构,3-phase gate drive Structure,products:zh+products:en,confirmed
CH32M103G8R6,9,adc,10+3,,ADC,ADC,ADC,products:zh+products:en,confirmed
CH32M103G8R6,10,tkey,10,,Tkey,Tkey,Tkey,products:zh+products:en,confirmed
CH32M103G8R6,11,opa,1,,OPA,OPA,OPA,products:zh+products:en,confirmed
CH32M103G8R6,12,cmp,3,,CMP,CMP,CMP,products:zh+products:en,confirmed
CH32M103G8R6,13,communication_interface_usart,4,Communication interface,Communication interface USART,通信接口 USART,Communication interface USART,products:zh+products:en,confirmed
CH32M103G8R6,14,communication_interface_spi,SPI1,Communication interface,Communication interface SPI,通信接口 SPI,Communication interface SPI,products:zh+products:en,confirmed
CH32M103G8R6,15,communication_interface_i2c,2,Communication interface,Communication interface I2C,通信接口 I2C,Communication interface I2C,products:zh+products:en,confirmed
CH32M103G8R6,16,communication_interface_can,1,Communication interface,Communication interface CAN,通信接口 CAN,Communication interface CAN,products:zh+products:en,confirmed
CH32M103G8R6,17,communication_interface_pdusb_usb_host_device,Host Device,Communication interface PDUSB,Communication interface PDUSB USB Host Device,通信接口 PDUSB USB Host Device,Communication interface PDUSB USB Host Device,products:zh+products:en,confirmed
CH32M103G8R6,18,communication_interface_pdusb_usb_pd_type_c,DRP Source Sink,Communication interface PDUSB,Communication interface PDUSB USB PD Type-C,通信接口 PDUSB USB PD Type-C,Communication interface PDUSB USB PD Type-C,products:zh+products:en,confirmed
CH32M103G8R6,19,cpu_main_frequency,Max: 96MHz,,CPU main frequency,CPU主频,CPU main frequency,products:zh+products:en,confirmed
CH32M103G8R6,20,rated_voltage,3.3V,,Rated voltage,额定电压,Rated voltage,products:zh+products:en,confirmed
CH32M103G8R6,21,main_applications_and_features,"With gate drive, dedicated for motor",,Main applications and features,主要应用及特点,Main applications and features,"products:en+!products:zh(=With pre-driver, motor-dedicated)",conflict
CH32V002A4M6,0,adtm,1,,ADTM,高级 定时 器,ADTM,products:zh+products:en,confirmed
CH32V002A4M6,1,gptm,1,,GPTM,通用 定时 器,GPTM,products:zh+products:en,confirmed
CH32V002A4M6,2,watchdog,2,,Watchdog,看 门 狗,Watchdog,products:zh+products:en,confirmed
CH32V002A4M6,3,adc,6+2,,ADC,ADC,ADC,products:zh+products:en,confirmed
CH32V002A4M6,4,serial_port,1,Serial,Serial port,串口,Serial port,products:zh+products:en,confirmed
CH32V002A4M6,5,i2c,1,,I2C,I2C,I2C,products:zh+products:en,confirmed
CH32V002A4M6,6,spi,1,,SPI,SPI,SPI,products:zh+products:en,confirmed
CH32V002D4U6,0,adtm,1,,ADTM,高级 定时 器,ADTM,products:zh+products:en,confirmed
CH32V002D4U6,1,gptm,1,,GPTM,通用 定时 器,GPTM,products:zh+products:en,confirmed
CH32V002D4U6,2,watchdog,2,,Watchdog,看 门 狗,Watchdog,products:zh+products:en,confirmed
CH32V002D4U6,3,adc,4+2,,ADC,ADC,ADC,products:zh+products:en,confirmed
CH32V002D4U6,4,serial_port,1,Serial,Serial port,串口,Serial port,products:zh+products:en,confirmed
CH32V002D4U6,5,i2c,1,,I2C,I2C,I2C,products:zh+products:en,confirmed
CH32V002F4P6,0,adtm,1,,ADTM,高级 定时 器,ADTM,products:zh+products:en,confirmed
CH32V002F4P6,1,gptm,1,,GPTM,通用 定时 器,GPTM,products:zh+products:en,confirmed
CH32V002F4P6,2,watchdog,2,,Watchdog,看 门 狗,Watchdog,products:zh+products:en,confirmed
CH32V002F4P6,3,adc,8+2,,ADC,ADC,ADC,products:zh+products:en,confirmed
CH32V002F4P6,4,serial_port,1,Serial,Serial port,串口,Serial port,products:zh+products:en,confirmed
CH32V002F4P6,5,i2c,1,,I2C,I2C,I2C,products:zh+products:en,confirmed
CH32V002F4P6,6,spi,1,,SPI,SPI,SPI,products:zh+products:en,confirmed
CH32V002F4U6,0,adtm,1,,ADTM,高级 定时 器,ADTM,products:zh+products:en,confirmed
CH32V002F4U6,1,gptm,1,,GPTM,通用 定时 器,GPTM,products:zh+products:en,confirmed
CH32V002F4U6,2,watchdog,2,,Watchdog,看 门 狗,Watchdog,products:zh+products:en,confirmed
CH32V002F4U6,3,adc,8+2,,ADC,ADC,ADC,products:zh+products:en,confirmed
CH32V002F4U6,4,serial_port,1,Serial,Serial port,串口,Serial port,products:zh+products:en,confirmed
CH32V002F4U6,5,i2c,1,,I2C,I2C,I2C,products:zh+products:en,confirmed
CH32V002F4U6,6,spi,1,,SPI,SPI,SPI,products:zh+products:en,confirmed
CH32V002J4M6,0,adtm,1,,ADTM,高级 定时 器,ADTM,products:zh+products:en,confirmed
CH32V002J4M6,1,gptm,1,,GPTM,通用 定时 器,GPTM,products:zh+products:en,confirmed
CH32V002J4M6,2,watchdog,2,,Watchdog,看 门 狗,Watchdog,products:zh+products:en,confirmed
CH32V002J4M6,3,adc,6+2,,ADC,ADC,ADC,products:zh+products:en,confirmed
CH32V002J4M6,4,serial_port,1,Serial,Serial port,串口,Serial port,products:zh+products:en,confirmed
CH32V002J4M6,5,i2c,1,,I2C,I2C,I2C,products:zh+products:en,confirmed
CH32V003A4M6,0,general_purpose_i_o,14,General- purpose,General- purpose I/O,,General- purpose I/O,products:en,reference
CH32V003A4M6,1,advanced_control_timer,1,Advanced- control,Advanced- control timer,高级 定时器,Advanced- control timer,products:zh+products:en,confirmed
CH32V003A4M6,2,general_purpose_timer,1,General- purpose,General- purpose timer,通用 定时器,General- purpose timer,products:zh+products:en,confirmed
CH32V003A4M6,3,watchdog,2,,Watchdog,看门狗,Watchdog,products:zh+products:en,confirmed
CH32V003A4M6,4,system_clock_source,3,System clock,System clock source,系统 时钟源,System clock source,products:zh+products:en,confirmed
CH32V003A4M6,5,adc_channel_no,6,ADC Channel,ADC Channel No.,ADC 通道数,ADC Channel No.,products:zh+products:en,confirmed
CH32V003A4M6,6,i2c,1,,I2C,I2C,I2C,products:zh+products:en,confirmed
CH32V003A4M6,7,usart,1,,USART,USART,USART,products:zh+products:en,confirmed
CH32V003F4P6,0,general_purpose_i_o,18,General- purpose,General- purpose I/O,,General- purpose I/O,products:en,reference
CH32V003F4P6,1,advanced_control_timer,1,Advanced- control,Advanced- control timer,高级 定时器,Advanced- control timer,products:zh+products:en,confirmed
CH32V003F4P6,2,general_purpose_timer,1,General- purpose,General- purpose timer,通用 定时器,General- purpose timer,products:zh+products:en,confirmed
CH32V003F4P6,3,watchdog,2,,Watchdog,看门狗,Watchdog,products:zh+products:en,confirmed
CH32V003F4P6,4,system_clock_source,3,System clock,System clock source,系统 时钟源,System clock source,products:zh+products:en,confirmed
CH32V003F4P6,5,adc_channel_no,8,ADC Channel,ADC Channel No.,ADC 通道数,ADC Channel No.,products:zh+products:en,confirmed
CH32V003F4P6,6,spi,1,,SPI,SPI,SPI,products:zh+products:en,confirmed
CH32V003F4P6,7,i2c,1,,I2C,I2C,I2C,products:zh+products:en,confirmed
CH32V003F4P6,8,usart,1,,USART,USART,USART,products:zh+products:en,confirmed
CH32V003F4U6,0,general_purpose_i_o,18,General- purpose,General- purpose I/O,,General- purpose I/O,products:en,reference
CH32V003F4U6,1,advanced_control_timer,1,Advanced- control,Advanced- control timer,高级 定时器,Advanced- control timer,products:zh+products:en,confirmed
CH32V003F4U6,2,general_purpose_timer,1,General- purpose,General- purpose timer,通用 定时器,General- purpose timer,products:zh+products:en,confirmed
CH32V003F4U6,3,watchdog,2,,Watchdog,看门狗,Watchdog,products:zh+products:en,confirmed
CH32V003F4U6,4,system_clock_source,3,System clock,System clock source,系统 时钟源,System clock source,products:zh+products:en,confirmed
CH32V003F4U6,5,adc_channel_no,8,ADC Channel,ADC Channel No.,ADC 通道数,ADC Channel No.,products:zh+products:en,confirmed
CH32V003F4U6,6,spi,1,,SPI,SPI,SPI,products:zh+products:en,confirmed
CH32V003F4U6,7,i2c,1,,I2C,I2C,I2C,products:zh+products:en,confirmed
CH32V003F4U6,8,usart,1,,USART,USART,USART,products:zh+products:en,confirmed
CH32V003J4M6,0,general_purpose_i_o,6,General- purpose,General- purpose I/O,,General- purpose I/O,products:en,reference
CH32V003J4M6,1,advanced_control_timer,1,Advanced- control,Advanced- control timer,高级 定时器,Advanced- control timer,products:zh+products:en,confirmed
CH32V003J4M6,2,general_purpose_timer,1,General- purpose,General- purpose timer,通用 定时器,General- purpose timer,products:zh+products:en,confirmed
CH32V003J4M6,3,watchdog,2,,Watchdog,看门狗,Watchdog,products:zh+products:en,confirmed
CH32V003J4M6,4,system_clock_source,3,System clock,System clock source,系统 时钟源,System clock source,products:zh+products:en,confirmed
CH32V003J4M6,5,adc_channel_no,6,ADC Channel,ADC Channel No.,ADC 通道数,ADC Channel No.,products:zh+products:en,confirmed
CH32V003J4M6,6,i2c,1,,I2C,I2C,I2C,products:zh+products:en,confirmed
CH32V003J4M6,7,usart,1,,USART,USART,USART,products:zh+products:en,confirmed
CH32V004F6P1,0,adtm,1,,ADTM,高级 定时 器,ADTM,products:zh+products:en,confirmed
CH32V004F6P1,1,gptm,1,,GPTM,通用 定时 器,GPTM,products:zh+products:en,confirmed
CH32V004F6P1,2,watchdog,2,,Watchdog,看 门 狗,Watchdog,products:zh+products:en,confirmed
CH32V004F6P1,3,adc,8+2,,ADC,ADC,ADC,products:zh+products:en,confirmed
CH32V004F6P1,4,serial_port,1,Serial,Serial port,串口,Serial port,products:zh+products:en,confirmed
CH32V004F6P1,5,i2c,1,,I2C,I2C,I2C,products:zh+products:en,confirmed
CH32V004F6P1,6,spi,1,,SPI,SPI,SPI,products:zh+products:en,confirmed
CH32V004F6U1,0,adtm,1,,ADTM,高级 定时 器,ADTM,products:zh+products:en,confirmed
CH32V004F6U1,1,gptm,1,,GPTM,通用 定时 器,GPTM,products:zh+products:en,confirmed
CH32V004F6U1,2,watchdog,2,,Watchdog,看 门 狗,Watchdog,products:zh+products:en,confirmed
CH32V004F6U1,3,adc,8+2,,ADC,ADC,ADC,products:zh+products:en,confirmed
CH32V004F6U1,4,serial_port,1,Serial,Serial port,串口,Serial port,products:zh+products:en,confirmed
CH32V004F6U1,5,i2c,1,,I2C,I2C,I2C,products:zh+products:en,confirmed
CH32V004F6U1,6,spi,1,,SPI,SPI,SPI,products:zh+products:en,confirmed
CH32V005D6U6,0,adtm,1,,ADTM,高 级 定 时 器,ADTM,products:zh+products:en,confirmed
CH32V005D6U6,1,gptm,1,,GPTM,通 用 定 时 器,GPTM,products:zh+products:en,confirmed
CH32V005D6U6,2,watchdog,2,,Watchdog,看 门 狗,Watchdog,products:zh+products:en,confirmed
CH32V005D6U6,3,adc,4+2,,ADC,ADC,ADC,products:zh+products:en,confirmed
CH32V005D6U6,4,opa,1,,OPA,OPA 运放,OPA,products:zh+products:en,confirmed
CH32V005D6U6,5,serial_port,2,Serial,Serial port,串口,Serial port,products:zh+products:en,confirmed
CH32V005D6U6,6,i2c,1,,I2C,I2C,I2C,products:zh+products:en,confirmed
CH32V005E6R6,0,adtm,1,,ADTM,高 级 定 时 器,ADTM,products:zh+products:en,confirmed
CH32V005E6R6,1,gptm,1,,GPTM,通 用 定 时 器,GPTM,products:zh+products:en,confirmed
CH32V005E6R6,2,watchdog,2,,Watchdog,看 门 狗,Watchdog,products:zh+products:en,confirmed
CH32V005E6R6,3,adc,8+2,,ADC,ADC,ADC,products:zh+products:en,confirmed
CH32V005E6R6,4,opa,1,,OPA,OPA 运放,OPA,products:zh+products:en,confirmed
CH32V005E6R6,5,serial_port,2,Serial,Serial port,串口,Serial port,products:zh+products:en,confirmed
CH32V005E6R6,6,i2c,1,,I2C,I2C,I2C,products:zh+products:en,confirmed
CH32V005E6R6,7,spi,1,,SPI,SPI,SPI,products:zh+products:en,confirmed
CH32V005F6P6,0,adtm,1,,ADTM,高 级 定 时 器,ADTM,products:zh+products:en,confirmed
CH32V005F6P6,1,gptm,1,,GPTM,通 用 定 时 器,GPTM,products:zh+products:en,confirmed
CH32V005F6P6,2,watchdog,2,,Watchdog,看 门 狗,Watchdog,products:zh+products:en,confirmed
CH32V005F6P6,3,adc,8+2,,ADC,ADC,ADC,products:zh+products:en,confirmed
CH32V005F6P6,4,opa,1,,OPA,OPA 运放,OPA,products:zh+products:en,confirmed
CH32V005F6P6,5,serial_port,2,Serial,Serial port,串口,Serial port,products:zh+products:en,confirmed
CH32V005F6P6,6,i2c,1,,I2C,I2C,I2C,products:zh+products:en,confirmed
CH32V005F6P6,7,spi,1,,SPI,SPI,SPI,products:zh+products:en,confirmed
CH32V005F6U6,0,adtm,1,,ADTM,高 级 定 时 器,ADTM,products:zh+products:en,confirmed
CH32V005F6U6,1,gptm,1,,GPTM,通 用 定 时 器,GPTM,products:zh+products:en,confirmed
CH32V005F6U6,2,watchdog,2,,Watchdog,看 门 狗,Watchdog,products:zh+products:en,confirmed
CH32V005F6U6,3,adc,8+2,,ADC,ADC,ADC,products:zh+products:en,confirmed
CH32V005F6U6,4,opa,1,,OPA,OPA 运放,OPA,products:zh+products:en,confirmed
CH32V005F6U6,5,serial_port,2,Serial,Serial port,串口,Serial port,products:zh+products:en,confirmed
CH32V005F6U6,6,i2c,1,,I2C,I2C,I2C,products:zh+products:en,confirmed
CH32V005F6U6,7,spi,1,,SPI,SPI,SPI,products:zh+products:en,confirmed
CH32V006D8U7,0,adtm,1,,ADTM,高 级 定 时 器,ADTM,products:zh+products:en,confirmed
CH32V006D8U7,1,gptm,1,,GPTM,通 用 定 时 器,GPTM,products:zh+products:en,confirmed
CH32V006D8U7,2,streamlined_timer,1,Streamlined,Streamlined timer,精 简 定 时 器,Streamlined timer,products:zh+products:en,confirmed
CH32V006D8U7,3,watchdog,2,,Watchdog,看 门 狗,Watchdog,products:zh+products:en,confirmed
CH32V006D8U7,4,adc,4+2,,ADC,ADC,ADC,products:zh+products:en,confirmed
CH32V006D8U7,5,capacitive_touchkey,4,Capacitive,Capacitive touchkey,电容 触摸 按键,Capacitive touchkey,products:zh+products:en,confirmed
CH32V006D8U7,6,opa,1,,OPA,OPA 运放,OPA,products:zh+products:en,confirmed
CH32V006D8U7,7,opa_polling,3,OPA,OPA polling,OPA 轮询,OPA polling,products:zh+products:en,confirmed
CH32V006D8U7,8,serial_port,2,Serial,Serial port,串口,Serial port,products:zh+products:en,confirmed
CH32V006D8U7,9,i2c,1,,I2C,I2C,I2C,products:zh+products:en,confirmed
CH32V006E8R6,0,adtm,1,,ADTM,高 级 定 时 器,ADTM,products:zh+products:en,confirmed
CH32V006E8R6,1,gptm,1,,GPTM,通 用 定 时 器,GPTM,products:zh+products:en,confirmed
CH32V006E8R6,2,streamlined_timer,1,Streamlined,Streamlined timer,精 简 定 时 器,Streamlined timer,products:zh+products:en,confirmed
CH32V006E8R6,3,watchdog,2,,Watchdog,看 门 狗,Watchdog,products:zh+products:en,confirmed
CH32V006E8R6,4,adc,8+2,,ADC,ADC,ADC,products:zh+products:en,confirmed
CH32V006E8R6,5,capacitive_touchkey,8,Capacitive,Capacitive touchkey,电容 触摸 按键,Capacitive touchkey,products:zh+products:en,confirmed
CH32V006E8R6,6,opa,1,,OPA,OPA 运放,OPA,products:zh+products:en,confirmed
CH32V006E8R6,7,opa_polling,3,OPA,OPA polling,OPA 轮询,OPA polling,products:zh+products:en,confirmed
CH32V006E8R6,8,serial_port,2,Serial,Serial port,串口,Serial port,products:zh+products:en,confirmed
CH32V006E8R6,9,i2c,1,,I2C,I2C,I2C,products:zh+products:en,confirmed
CH32V006E8R6,10,spi,1,,SPI,SPI,SPI,products:zh+products:en,confirmed
CH32V006E8R7,0,adtm,1,,ADTM,高 级 定 时 器,ADTM,products:zh+products:en,confirmed
CH32V006E8R7,1,gptm,1,,GPTM,通 用 定 时 器,GPTM,products:zh+products:en,confirmed
CH32V006E8R7,2,streamlined_timer,1,Streamlined,Streamlined timer,精 简 定 时 器,Streamlined timer,products:zh+products:en,confirmed
CH32V006E8R7,3,watchdog,2,,Watchdog,看 门 狗,Watchdog,products:zh+products:en,confirmed
CH32V006E8R7,4,adc,8+2,,ADC,ADC,ADC,products:zh+products:en,confirmed
CH32V006E8R7,5,capacitive_touchkey,8,Capacitive,Capacitive touchkey,电容 触摸 按键,Capacitive touchkey,products:zh+products:en,confirmed
CH32V006E8R7,6,opa,1,,OPA,OPA 运放,OPA,products:zh+products:en,confirmed
CH32V006E8R7,7,opa_polling,3,OPA,OPA polling,OPA 轮询,OPA polling,products:zh+products:en,confirmed
CH32V006E8R7,8,serial_port,2,Serial,Serial port,串口,Serial port,products:zh+products:en,confirmed
CH32V006E8R7,9,i2c,1,,I2C,I2C,I2C,products:zh+products:en,confirmed
CH32V006E8R7,10,spi,1,,SPI,SPI,SPI,products:zh+products:en,confirmed
CH32V006F4U6,0,adtm,1,,ADTM,高 级 定 时 器,ADTM,products:zh+products:en,confirmed
CH32V006F4U6,1,gptm,1,,GPTM,通 用 定 时 器,GPTM,products:zh+products:en,confirmed
CH32V006F4U6,2,streamlined_timer,1,Streamlined,Streamlined timer,精 简 定 时 器,Streamlined timer,products:zh+products:en,confirmed
CH32V006F4U6,3,watchdog,2,,Watchdog,看 门 狗,Watchdog,products:zh+products:en,confirmed
CH32V006F4U6,4,adc,8+2,,ADC,ADC,ADC,products:zh+products:en,confirmed
CH32V006F4U6,5,capacitive_touchkey,8,Capacitive,Capacitive touchkey,电容 触摸 按键,Capacitive touchkey,products:zh+products:en,confirmed
CH32V006F4U6,6,serial_port,1,Serial,Serial port,串口,Serial port,products:zh+products:en,confirmed
CH32V006F4U6,7,i2c,1,,I2C,I2C,I2C,products:zh+products:en,confirmed
CH32V006F4U6,8,spi,1,,SPI,SPI,SPI,products:zh+products:en,confirmed
CH32V006F8P7,0,adtm,1,,ADTM,高 级 定 时 器,ADTM,products:zh+products:en,confirmed
CH32V006F8P7,1,gptm,1,,GPTM,通 用 定 时 器,GPTM,products:zh+products:en,confirmed
CH32V006F8P7,2,streamlined_timer,1,Streamlined,Streamlined timer,精 简 定 时 器,Streamlined timer,products:zh+products:en,confirmed
CH32V006F8P7,3,watchdog,2,,Watchdog,看 门 狗,Watchdog,products:zh+products:en,confirmed
CH32V006F8P7,4,adc,8+2,,ADC,ADC,ADC,products:zh+products:en,confirmed
CH32V006F8P7,5,capacitive_touchkey,8,Capacitive,Capacitive touchkey,电容 触摸 按键,Capacitive touchkey,products:zh+products:en,confirmed
CH32V006F8P7,6,opa,1,,OPA,OPA 运放,OPA,products:zh+products:en,confirmed
CH32V006F8P7,7,opa_polling,3,OPA,OPA polling,OPA 轮询,OPA polling,products:zh+products:en,confirmed
CH32V006F8P7,8,serial_port,2,Serial,Serial port,串口,Serial port,products:zh+products:en,confirmed
CH32V006F8P7,9,i2c,1,,I2C,I2C,I2C,products:zh+products:en,confirmed
CH32V006F8P7,10,spi,1,,SPI,SPI,SPI,products:zh+products:en,confirmed
CH32V006F8U7,0,adtm,1,,ADTM,高 级 定 时 器,ADTM,products:zh+products:en,confirmed
CH32V006F8U7,1,gptm,1,,GPTM,通 用 定 时 器,GPTM,products:zh+products:en,confirmed
CH32V006F8U7,2,streamlined_timer,1,Streamlined,Streamlined timer,精 简 定 时 器,Streamlined timer,products:zh+products:en,confirmed
CH32V006F8U7,3,watchdog,2,,Watchdog,看 门 狗,Watchdog,products:zh+products:en,confirmed
CH32V006F8U7,4,adc,8+2,,ADC,ADC,ADC,products:zh+products:en,confirmed
CH32V006F8U7,5,capacitive_touchkey,8,Capacitive,Capacitive touchkey,电容 触摸 按键,Capacitive touchkey,products:zh+products:en,confirmed
CH32V006F8U7,6,opa,1,,OPA,OPA 运放,OPA,products:zh+products:en,confirmed
CH32V006F8U7,7,opa_polling,3,OPA,OPA polling,OPA 轮询,OPA polling,products:zh+products:en,confirmed
CH32V006F8U7,8,serial_port,2,Serial,Serial port,串口,Serial port,products:zh+products:en,confirmed
CH32V006F8U7,9,i2c,1,,I2C,I2C,I2C,products:zh+products:en,confirmed
CH32V006F8U7,10,spi,1,,SPI,SPI,SPI,products:zh+products:en,confirmed
CH32V006K8U7,0,adtm,1,,ADTM,高 级 定 时 器,ADTM,products:zh+products:en,confirmed
CH32V006K8U7,1,gptm,1,,GPTM,通 用 定 时 器,GPTM,products:zh+products:en,confirmed
CH32V006K8U7,2,streamlined_timer,1,Streamlined,Streamlined timer,精 简 定 时 器,Streamlined timer,products:zh+products:en,confirmed
CH32V006K8U7,3,watchdog,2,,Watchdog,看 门 狗,Watchdog,products:zh+products:en,confirmed
CH32V006K8U7,4,adc,8+2,,ADC,ADC,ADC,products:zh+products:en,confirmed
CH32V006K8U7,5,capacitive_touchkey,8,Capacitive,Capacitive touchkey,电容 触摸 按键,Capacitive touchkey,products:zh+products:en,confirmed
CH32V006K8U7,6,opa,1,,OPA,OPA 运放,OPA,products:zh+products:en,confirmed
CH32V006K8U7,7,opa_polling,3,OPA,OPA polling,OPA 轮询,OPA polling,products:zh+products:en,confirmed
CH32V006K8U7,8,serial_port,2,Serial,Serial port,串口,Serial port,products:zh+products:en,confirmed
CH32V006K8U7,9,i2c,1,,I2C,I2C,I2C,products:zh+products:en,confirmed
CH32V006K8U7,10,spi,1,,SPI,SPI,SPI,products:zh+products:en,confirmed
CH32V007E8R6,0,adtm,1,,ADTM,高 级 定 时 器,ADTM,products:zh+products:en,confirmed
CH32V007E8R6,1,gptm,1,,GPTM,通 用 定 时 器,GPTM,products:zh+products:en,confirmed
CH32V007E8R6,2,streamlined_timer,1,Streamlined,Streamlined timer,精 简 定 时 器,Streamlined timer,products:zh+products:en,confirmed
CH32V007E8R6,3,watchdog,2,,Watchdog,看 门 狗,Watchdog,products:zh+products:en,confirmed
CH32V007E8R6,4,adc,8+2,,ADC,ADC,ADC,products:zh+products:en,confirmed
CH32V007E8R6,5,touch_key_button,8,Touch-key,Touch-key button,电容 触摸 按键,Touch-key button,products:zh+products:en,confirmed
CH32V007E8R6,6,opa,1,,OPA,OPA 运放,OPA,products:zh+products:en,confirmed
CH32V007E8R6,7,opa_polling,3,OPA,OPA Polling,OPA 轮询,OPA Polling,products:zh+products:en,confirmed
CH32V007E8R6,8,cmp,2,,CMP,CMP,CMP,products:zh+products:en,confirmed
CH32V007E8R6,9,serial_port,2,Serial,Serial port,串 口,Serial port,products:zh+products:en,confirmed
CH32V007E8R6,10,i2c,1,,I2C,I2C,I2C,products:zh+products:en,confirmed
CH32V007E8R6,11,spi,1,,SPI,SPI,SPI,products:zh+products:en,confirmed
CH32V007E8R7,0,adtm,1,,ADTM,高 级 定 时 器,ADTM,products:zh+products:en,confirmed
CH32V007E8R7,1,gptm,1,,GPTM,通 用 定 时 器,GPTM,products:zh+products:en,confirmed
CH32V007E8R7,2,streamlined_timer,1,Streamlined,Streamlined timer,精 简 定 时 器,Streamlined timer,products:zh+products:en,confirmed
CH32V007E8R7,3,watchdog,2,,Watchdog,看 门 狗,Watchdog,products:zh+products:en,confirmed
CH32V007E8R7,4,adc,8+2,,ADC,ADC,ADC,products:zh+products:en,confirmed
CH32V007E8R7,5,touch_key_button,8,Touch-key,Touch-key button,电容 触摸 按键,Touch-key button,products:zh+products:en,confirmed
CH32V007E8R7,6,opa,1,,OPA,OPA 运放,OPA,products:zh+products:en,confirmed
CH32V007E8R7,7,opa_polling,3,OPA,OPA Polling,OPA 轮询,OPA Polling,products:zh+products:en,confirmed
CH32V007E8R7,8,cmp,2,,CMP,CMP,CMP,products:zh+products:en,confirmed
CH32V007E8R7,9,serial_port,2,Serial,Serial port,串 口,Serial port,products:zh+products:en,confirmed
CH32V007E8R7,10,i2c,1,,I2C,I2C,I2C,products:zh+products:en,confirmed
CH32V007E8R7,11,spi,1,,SPI,SPI,SPI,products:zh+products:en,confirmed
CH32V007K8U6,0,adtm,1,,ADTM,高 级 定 时 器,ADTM,products:zh+products:en,confirmed
CH32V007K8U6,1,gptm,1,,GPTM,通 用 定 时 器,GPTM,products:zh+products:en,confirmed
CH32V007K8U6,2,streamlined_timer,1,Streamlined,Streamlined timer,精 简 定 时 器,Streamlined timer,products:zh+products:en,confirmed
CH32V007K8U6,3,watchdog,2,,Watchdog,看 门 狗,Watchdog,products:zh+products:en,confirmed
CH32V007K8U6,4,adc,8+2,,ADC,ADC,ADC,products:zh+products:en,confirmed
CH32V007K8U6,5,touch_key_button,8,Touch-key,Touch-key button,电容 触摸 按键,Touch-key button,products:zh+products:en,confirmed
CH32V007K8U6,6,opa,1,,OPA,OPA 运放,OPA,products:zh+products:en,confirmed
CH32V007K8U6,7,opa_polling,3,OPA,OPA Polling,OPA 轮询,OPA Polling,products:zh+products:en,confirmed
CH32V007K8U6,8,cmp,2,,CMP,CMP,CMP,products:zh+products:en,confirmed
CH32V007K8U6,9,serial_port,2,Serial,Serial port,串 口,Serial port,products:zh+products:en,confirmed
CH32V007K8U6,10,i2c,1,,I2C,I2C,I2C,products:zh+products:en,confirmed
CH32V007K8U6,11,spi,1,,SPI,SPI,SPI,products:zh+products:en,confirmed
CH32V007K8U7,0,adtm,1,,ADTM,高 级 定 时 器,ADTM,products:zh+products:en,confirmed
CH32V007K8U7,1,gptm,1,,GPTM,通 用 定 时 器,GPTM,products:zh+products:en,confirmed
CH32V007K8U7,2,streamlined_timer,1,Streamlined,Streamlined timer,精 简 定 时 器,Streamlined timer,products:zh+products:en,confirmed
CH32V007K8U7,3,watchdog,2,,Watchdog,看 门 狗,Watchdog,products:zh+products:en,confirmed
CH32V007K8U7,4,adc,8+2,,ADC,ADC,ADC,products:zh+products:en,confirmed
CH32V007K8U7,5,touch_key_button,8,Touch-key,Touch-key button,电容 触摸 按键,Touch-key button,products:zh+products:en,confirmed
CH32V007K8U7,6,opa,1,,OPA,OPA 运放,OPA,products:zh+products:en,confirmed
CH32V007K8U7,7,opa_polling,3,OPA,OPA Polling,OPA 轮询,OPA Polling,products:zh+products:en,confirmed
CH32V007K8U7,8,cmp,2,,CMP,CMP,CMP,products:zh+products:en,confirmed
CH32V007K8U7,9,serial_port,2,Serial,Serial port,串 口,Serial port,products:zh+products:en,confirmed
CH32V007K8U7,10,i2c,1,,I2C,I2C,I2C,products:zh+products:en,confirmed
CH32V007K8U7,11,spi,1,,SPI,SPI,SPI,products:zh+products:en,confirmed
CH32V103C6T6,0,timer_general_purpose,2,Timer,Timer General-purpose,定时器 通用,Timer General-purpose,products:zh+products:en,confirmed
CH32V103C6T6,1,timer_advanced,1,Timer,Timer Advanced,定时器 高级,Timer Advanced,products:zh+products:en,confirmed
CH32V103C6T6,2,timer_watchdog_wdt,2,Timer,Timer Watchdog (WDT),定时器 看门狗,Timer Watchdog (WDT),products:zh+products:en,confirmed
CH32V103C6T6,3,timer_systick,1,Timer,Timer SysTick,定时器 系统时钟,Timer SysTick,products:zh+products:en,confirmed
CH32V103C6T6,4,adc_tkey_number_of_channels,10,,ADC/TKey (Number of channels),ADC/TKey（通道数),ADC/TKey (Number of channels),products:zh+products:en,confirmed
CH32V103C6T6,5,communication_interface_spi,1,Communication Interface,Communication Interface SPI,通信接口 SPI,Communication Interface SPI,products:zh+products:en,confirmed
CH32V103C6T6,6,communication_interface_i2c,1,Communication Interface,Communication Interface I2C,通信接口 I2C,Communication Interface I2C,products:zh+products:en,confirmed
CH32V103C6T6,7,communication_interface_usart,2,Communication Interface,Communication Interface USART,通信接口 USART,Communication Interface USART,products:zh+products:en,confirmed
CH32V103C6T6,8,communication_interface_usbhd_2_0fs,1,Communication Interface,Communication Interface USBHD 2.0FS,通信接口 USBHD 2.0FS,Communication Interface USBHD 2.0FS,products:zh+products:en,confirmed
CH32V103C6T6,9,cpu_clock_frequency,Typical: 72MHz,,CPU clock frequency,CPU主频,CPU clock frequency,products:en+!products:zh(=Typ. 72MHz),conflict
CH32V103C6T6,10,operating_voltage,2.7V~5.5V,,Operating voltage,工作电压,Operating voltage,products:zh+products:en,confirmed
CH32V103C8T6,0,timer_general_purpose,3,Timer,Timer General-purpose,定时器 通用,Timer General-purpose,products:zh+products:en,confirmed
CH32V103C8T6,1,timer_advanced,1,Timer,Timer Advanced,定时器 高级,Timer Advanced,products:zh+products:en,confirmed
CH32V103C8T6,2,timer_watchdog_wdt,2,Timer,Timer Watchdog (WDT),定时器 看门狗,Timer Watchdog (WDT),products:zh+products:en,confirmed
CH32V103C8T6,3,timer_systick,1,Timer,Timer SysTick,定时器 系统时钟,Timer SysTick,products:zh+products:en,confirmed
CH32V103C8T6,4,adc_tkey_number_of_channels,10,,ADC/TKey (Number of channels),ADC/TKey（通道数),ADC/TKey (Number of channels),products:zh+products:en,confirmed
CH32V103C8T6,5,communication_interface_spi,2,Communication Interface,Communication Interface SPI,通信接口 SPI,Communication Interface SPI,products:zh+products:en,confirmed
CH32V103C8T6,6,communication_interface_i2c,2,Communication Interface,Communication Interface I2C,通信接口 I2C,Communication Interface I2C,products:zh+products:en,confirmed
CH32V103C8T6,7,communication_interface_usart,3,Communication Interface,Communication Interface USART,通信接口 USART,Communication Interface USART,products:zh+products:en,confirmed
CH32V103C8T6,8,communication_interface_usbhd_2_0fs,1,Communication Interface,Communication Interface USBHD 2.0FS,通信接口 USBHD 2.0FS,Communication Interface USBHD 2.0FS,products:zh+products:en,confirmed
CH32V103C8T6,9,cpu_clock_frequency,Typical: 72MHz,,CPU clock frequency,CPU主频,CPU clock frequency,products:en+!products:zh(=Typ. 72MHz),conflict
CH32V103C8T6,10,operating_voltage,2.7V~5.5V,,Operating voltage,工作电压,Operating voltage,products:zh+products:en,confirmed
CH32V103C8U6,0,timer_general_purpose,3,Timer,Timer General-purpose,定时器 通用,Timer General-purpose,products:zh+products:en,confirmed
CH32V103C8U6,1,timer_advanced,1,Timer,Timer Advanced,定时器 高级,Timer Advanced,products:zh+products:en,confirmed
CH32V103C8U6,2,timer_watchdog_wdt,2,Timer,Timer Watchdog (WDT),定时器 看门狗,Timer Watchdog (WDT),products:zh+products:en,confirmed
CH32V103C8U6,3,timer_systick,1,Timer,Timer SysTick,定时器 系统时钟,Timer SysTick,products:zh+products:en,confirmed
CH32V103C8U6,4,adc_tkey_number_of_channels,10,,ADC/TKey (Number of channels),ADC/TKey（通道数),ADC/TKey (Number of channels),products:zh+products:en,confirmed
CH32V103C8U6,5,communication_interface_spi,2,Communication Interface,Communication Interface SPI,通信接口 SPI,Communication Interface SPI,products:zh+products:en,confirmed
CH32V103C8U6,6,communication_interface_i2c,2,Communication Interface,Communication Interface I2C,通信接口 I2C,Communication Interface I2C,products:zh+products:en,confirmed
CH32V103C8U6,7,communication_interface_usart,3,Communication Interface,Communication Interface USART,通信接口 USART,Communication Interface USART,products:zh+products:en,confirmed
CH32V103C8U6,8,communication_interface_usbhd_2_0fs,1,Communication Interface,Communication Interface USBHD 2.0FS,通信接口 USBHD 2.0FS,Communication Interface USBHD 2.0FS,products:zh+products:en,confirmed
CH32V103C8U6,9,cpu_clock_frequency,Typical: 72MHz,,CPU clock frequency,CPU主频,CPU clock frequency,products:en+!products:zh(=Typ. 72MHz),conflict
CH32V103C8U6,10,operating_voltage,2.7V~5.5V,,Operating voltage,工作电压,Operating voltage,products:zh+products:en,confirmed
CH32V103R8T6,0,timer_general_purpose,3,Timer,Timer General-purpose,定时器 通用,Timer General-purpose,products:zh+products:en,confirmed
CH32V103R8T6,1,timer_advanced,1,Timer,Timer Advanced,定时器 高级,Timer Advanced,products:zh+products:en,confirmed
CH32V103R8T6,2,timer_watchdog_wdt,2,Timer,Timer Watchdog (WDT),定时器 看门狗,Timer Watchdog (WDT),products:zh+products:en,confirmed
CH32V103R8T6,3,timer_systick,1,Timer,Timer SysTick,定时器 系统时钟,Timer SysTick,products:zh+products:en,confirmed
CH32V103R8T6,4,adc_tkey_number_of_channels,16,,ADC/TKey (Number of channels),ADC/TKey（通道数),ADC/TKey (Number of channels),products:zh+products:en,confirmed
CH32V103R8T6,5,communication_interface_spi,2,Communication Interface,Communication Interface SPI,通信接口 SPI,Communication Interface SPI,products:zh+products:en,confirmed
CH32V103R8T6,6,communication_interface_i2c,2,Communication Interface,Communication Interface I2C,通信接口 I2C,Communication Interface I2C,products:zh+products:en,confirmed
CH32V103R8T6,7,communication_interface_usart,3,Communication Interface,Communication Interface USART,通信接口 USART,Communication Interface USART,products:zh+products:en,confirmed
CH32V103R8T6,8,communication_interface_usbhd_2_0fs,1,Communication Interface,Communication Interface USBHD 2.0FS,通信接口 USBHD 2.0FS,Communication Interface USBHD 2.0FS,products:zh+products:en,confirmed
CH32V103R8T6,9,cpu_clock_frequency,Typical: 72MHz,,CPU clock frequency,CPU主频,CPU clock frequency,products:en+!products:zh(=Typ. 72MHz),conflict
CH32V103R8T6,10,operating_voltage,2.7V~5.5V,,Operating voltage,工作电压,Operating voltage,products:zh+products:en,confirmed
CH32V203C6T6,0,timer_advanced_control_16_bit,1,Timer,Timer Advanced-control (16-bit),定时器 高级（16位）,Timer Advanced-control (16-bit),products:zh+products:en,confirmed
CH32V203C6T6,1,timer_general_purpose_16_bit,3,Timer,Timer General-purpose (16-bit),定时器 通用（16位）,Timer General-purpose (16-bit),products:zh+products:en,confirmed
CH32V203C6T6,2,timer_watchdog,2 ( WWDG + IWDG ),Timer,Timer Watchdog,定时器 看门狗,Timer Watchdog,products:zh+products:en,confirmed
CH32V203C6T6,3,timer_systick_64_bit,Supported,Timer,Timer SysTick (64-bit),定时器 系统时基（64位）,Timer SysTick (64-bit),products:zh+products:en,confirmed
CH32V203C6T6,4,rtc,Supported,,RTC,RTC,RTC,products:zh+products:en,confirmed
CH32V203C6T6,5,adc_tkey_channel_unitcount,10@2,,ADC/TKey (channel@unitcount),ADC/TKey(通道数@单元),ADC/TKey (channel@unitcount),products:zh+products:en,confirmed
CH32V203C6T6,6,opa_cmp,2,,OPA/CMP,运放、比较器,OPA/CMP,products:zh+products:en,confirmed
CH32V203C6T6,7,communication_interface_usart_uart,2,Communication interface,Communication interface USART/UART,通信接口 USART/UART,Communication interface USART/UART,products:zh+products:en,confirmed
CH32V203C6T6,8,communication_interface_spi,1,Communication interface,Communication interface SPI,通信接口 SPI,Communication interface SPI,products:zh+products:en,confirmed
CH32V203C6T6,9,communication_interface_i2c,1,Communication interface,Communication interface I2C,通信接口 I2C,Communication interface I2C,products:zh+products:en,confirmed
CH32V203C6T6,10,communication_interface_can,1,Communication interface,Communication interface CAN,通信接口 CAN,Communication interface CAN,products:zh+products:en,confirmed
CH32V203C6T6,11,communication_interface_usb_fs_usbd,1,Communication interface USB (FS),Communication interface USB (FS) USBD,通信接口 USB (FS) USBD,Communication interface USB (FS) USBD,products:zh+products:en,confirmed
CH32V203C6T6,12,communication_interface_usb_fs_usbhd,1,Communication interface USB (FS),Communication interface USB (FS) USBHD,通信接口 USB (FS) USBHD,Communication interface USB (FS) USBHD,products:zh+products:en,confirmed
CH32V203C6T6,13,cpu_clock_speed,Max: 144MHz,,CPU clock speed,CPU主频,CPU clock speed,products:zh+products:en,confirmed
CH32V203C6T6,14,rated_voltage,3.3V,,Rated voltage,额定电压,Rated voltage,products:zh+products:en,confirmed
CH32V203C6U6,0,timer_advanced_control_16_bit,1,Timer,Timer Advanced-control (16-bit),定时器 高级（16位）,Timer Advanced-control (16-bit),products:zh+products:en,confirmed
CH32V203C6U6,1,timer_general_purpose_16_bit,3,Timer,Timer General-purpose (16-bit),定时器 通用（16位）,Timer General-purpose (16-bit),products:zh+products:en,confirmed
CH32V203C6U6,2,timer_watchdog,2 ( WWDG + IWDG ),Timer,Timer Watchdog,定时器 看门狗,Timer Watchdog,products:zh+products:en,confirmed
CH32V203C6U6,3,timer_systick_64_bit,Supported,Timer,Timer SysTick (64-bit),定时器 系统时基（64位）,Timer SysTick (64-bit),products:zh+products:en,confirmed
CH32V203C6U6,4,rtc,Supported,,RTC,RTC,RTC,products:zh+products:en,confirmed
CH32V203C6U6,5,adc_tkey_channel_unitcount,10@2,,ADC/TKey (channel@unitcount),ADC/TKey(通道数@单元),ADC/TKey (channel@unitcount),products:zh+products:en,confirmed
CH32V203C6U6,6,opa_cmp,2,,OPA/CMP,运放、比较器,OPA/CMP,products:zh+products:en,confirmed
CH32V203C6U6,7,communication_interface_usart_uart,2,Communication interface,Communication interface USART/UART,通信接口 USART/UART,Communication interface USART/UART,products:zh+products:en,confirmed
CH32V203C6U6,8,communication_interface_spi,1,Communication interface,Communication interface SPI,通信接口 SPI,Communication interface SPI,products:zh+products:en,confirmed
CH32V203C6U6,9,communication_interface_i2c,1,Communication interface,Communication interface I2C,通信接口 I2C,Communication interface I2C,products:zh+products:en,confirmed
CH32V203C6U6,10,communication_interface_can,1,Communication interface,Communication interface CAN,通信接口 CAN,Communication interface CAN,products:zh+products:en,confirmed
CH32V203C6U6,11,communication_interface_usb_fs_usbd,1,Communication interface USB (FS),Communication interface USB (FS) USBD,通信接口 USB (FS) USBD,Communication interface USB (FS) USBD,products:zh+products:en,confirmed
CH32V203C6U6,12,communication_interface_usb_fs_usbhd,1,Communication interface USB (FS),Communication interface USB (FS) USBHD,通信接口 USB (FS) USBHD,Communication interface USB (FS) USBHD,products:zh+products:en,confirmed
CH32V203C6U6,13,cpu_clock_speed,Max: 144MHz,,CPU clock speed,CPU主频,CPU clock speed,products:zh+products:en,confirmed
CH32V203C6U6,14,rated_voltage,3.3V,,Rated voltage,额定电压,Rated voltage,products:zh+products:en,confirmed
CH32V203C8T6,0,timer_advanced_control_16_bit,1,Timer,Timer Advanced-control (16-bit),定时器 高级（16位）,Timer Advanced-control (16-bit),products:zh+products:en,confirmed
CH32V203C8T6,1,timer_general_purpose_16_bit,3,Timer,Timer General-purpose (16-bit),定时器 通用（16位）,Timer General-purpose (16-bit),products:zh+products:en,confirmed
CH32V203C8T6,2,timer_watchdog,2 ( WWDG + IWDG ),Timer,Timer Watchdog,定时器 看门狗,Timer Watchdog,products:zh+products:en,confirmed
CH32V203C8T6,3,timer_systick_64_bit,Supported,Timer,Timer SysTick (64-bit),定时器 系统时基（64位）,Timer SysTick (64-bit),products:zh+products:en,confirmed
CH32V203C8T6,4,rtc,Supported,,RTC,RTC,RTC,products:zh+products:en,confirmed
CH32V203C8T6,5,adc_tkey_channel_unitcount,10@2,,ADC/TKey (channel@unitcount),ADC/TKey(通道数@单元),ADC/TKey (channel@unitcount),products:zh+products:en,confirmed
CH32V203C8T6,6,opa_cmp,2,,OPA/CMP,运放、比较器,OPA/CMP,products:zh+products:en,confirmed
CH32V203C8T6,7,communication_interface_usart_uart,4,Communication interface,Communication interface USART/UART,通信接口 USART/UART,Communication interface USART/UART,products:zh+products:en,confirmed
CH32V203C8T6,8,communication_interface_spi,2,Communication interface,Communication interface SPI,通信接口 SPI,Communication interface SPI,products:zh+products:en,confirmed
CH32V203C8T6,9,communication_interface_i2c,2,Communication interface,Communication interface I2C,通信接口 I2C,Communication interface I2C,products:zh+products:en,confirmed
CH32V203C8T6,10,communication_interface_can,1,Communication interface,Communication interface CAN,通信接口 CAN,Communication interface CAN,products:zh+products:en,confirmed
CH32V203C8T6,11,communication_interface_usb_fs_usbd,1,Communication interface USB (FS),Communication interface USB (FS) USBD,通信接口 USB (FS) USBD,Communication interface USB (FS) USBD,products:zh+products:en,confirmed
CH32V203C8T6,12,communication_interface_usb_fs_usbhd,1,Communication interface USB (FS),Communication interface USB (FS) USBHD,通信接口 USB (FS) USBHD,Communication interface USB (FS) USBHD,products:zh+products:en,confirmed
CH32V203C8T6,13,cpu_clock_speed,Max: 144MHz,,CPU clock speed,CPU主频,CPU clock speed,products:zh+products:en,confirmed
CH32V203C8T6,14,rated_voltage,3.3V,,Rated voltage,额定电压,Rated voltage,products:zh+products:en,confirmed
CH32V203C8U6,0,timer_advanced_control_16_bit,1,Timer,Timer Advanced-control (16-bit),定时器 高级（16位）,Timer Advanced-control (16-bit),products:zh+products:en,confirmed
CH32V203C8U6,1,timer_general_purpose_16_bit,3,Timer,Timer General-purpose (16-bit),定时器 通用（16位）,Timer General-purpose (16-bit),products:zh+products:en,confirmed
CH32V203C8U6,2,timer_watchdog,2 ( WWDG + IWDG ),Timer,Timer Watchdog,定时器 看门狗,Timer Watchdog,products:zh+products:en,confirmed
CH32V203C8U6,3,timer_systick_64_bit,Supported,Timer,Timer SysTick (64-bit),定时器 系统时基（64位）,Timer SysTick (64-bit),products:zh+products:en,confirmed
CH32V203C8U6,4,rtc,Supported,,RTC,RTC,RTC,products:zh+products:en,confirmed
CH32V203C8U6,5,adc_tkey_channel_unitcount,10@2,,ADC/TKey (channel@unitcount),ADC/TKey(通道数@单元),ADC/TKey (channel@unitcount),products:zh+products:en,confirmed
CH32V203C8U6,6,opa_cmp,2,,OPA/CMP,运放、比较器,OPA/CMP,products:zh+products:en,confirmed
CH32V203C8U6,7,communication_interface_usart_uart,4,Communication interface,Communication interface USART/UART,通信接口 USART/UART,Communication interface USART/UART,products:zh+products:en,confirmed
CH32V203C8U6,8,communication_interface_spi,2,Communication interface,Communication interface SPI,通信接口 SPI,Communication interface SPI,products:zh+products:en,confirmed
CH32V203C8U6,9,communication_interface_i2c,2,Communication interface,Communication interface I2C,通信接口 I2C,Communication interface I2C,products:zh+products:en,confirmed
CH32V203C8U6,10,communication_interface_can,1,Communication interface,Communication interface CAN,通信接口 CAN,Communication interface CAN,products:zh+products:en,confirmed
CH32V203C8U6,11,communication_interface_usb_fs_usbd,1,Communication interface USB (FS),Communication interface USB (FS) USBD,通信接口 USB (FS) USBD,Communication interface USB (FS) USBD,products:zh+products:en,confirmed
CH32V203C8U6,12,communication_interface_usb_fs_usbhd,1,Communication interface USB (FS),Communication interface USB (FS) USBHD,通信接口 USB (FS) USBHD,Communication interface USB (FS) USBHD,products:zh+products:en,confirmed
CH32V203C8U6,13,cpu_clock_speed,Max: 144MHz,,CPU clock speed,CPU主频,CPU clock speed,products:zh+products:en,confirmed
CH32V203C8U6,14,rated_voltage,3.3V,,Rated voltage,额定电压,Rated voltage,products:zh+products:en,confirmed
CH32V203CCT6,0,timer_advanced_control_tim1_16_bit,1,Timer,Timer Advanced-control TIM1 (16-bit),定时器 高级TIM1（16位）,Timer Advanced-control TIM1 (16-bit),products:zh+products:en,confirmed
CH32V203CCT6,1,timer_general_purpose_tim2_3_16_bit,2,Timer,Timer General-purpose TIM2/3 (16-bit),定时器 通用TIM2/3（16位）,Timer General-purpose TIM2/3 (16-bit),products:zh+products:en,confirmed
CH32V203CCT6,2,timer_general_purpose_tim4_32_bit,1,Timer,Timer General-purpose TIM4 (32-bit),定时器 通用TIM4（32位）,Timer General-purpose TIM4 (32-bit),products:zh+products:en,confirmed
CH32V203CCT6,3,timer_watchdog,2(WWDG+IWDG),Timer,Timer Watchdog,定时器 看门狗,Timer Watchdog,products:zh+products:en,confirmed
CH32V203CCT6,4,timer_systick_32_bit,√,Timer,Timer SysTick (32-bit),定时器 系统时基（32位）,Timer SysTick (32-bit),products:zh+products:en,confirmed
CH32V203CCT6,5,rtc,√,,RTC,RTC,RTC,products:zh+products:en,confirmed
CH32V203CCT6,6,adc,10+3,,ADC,ADC,ADC,products:zh+products:en,confirmed
CH32V203CCT6,7,tkey,10,,TKEY,TKEY,TKEY,products:zh+products:en,confirmed
CH32V203CCT6,8,opa,2,,OPA,OPA,OPA,products:zh+products:en,confirmed
CH32V203CCT6,9,cmp,2,,CMP,CMP,CMP,products:zh+products:en,confirmed
CH32V203CCT6,10,usart,8,,USART,USART,USART,products:zh+products:en,confirmed
CH32V203CCT6,11,spi,2,,SPI,SPI,SPI,products:zh+products:en,confirmed
CH32V203CCT6,12,i2c,2,,I2C,I2C,I2C,products:zh+products:en,confirmed
CH32V203CCT6,13,can,1,,CAN,CAN,CAN,products:zh+products:en,confirmed
CH32V203CCT6,14,qspi,1,,QSPI,QSPI,QSPI,products:zh+products:en,confirmed
CH32V203CCT6,15,pdusb_usbfs,1,PDUSB,PDUSB USBFS,PDUSB USBFS,PDUSB USBFS,products:zh+products:en,confirmed
CH32V203CCT6,16,cpu_main_frequency,40MHz@Zero-wait; Max: 192MHz@Non-zero wait,,CPU main frequency,CPU主频,CPU main frequency,products:zh+products:en,confirmed
CH32V203CCT6,17,rated_voltage,3.3V,,Rated voltage,额定电压,Rated voltage,products:zh+products:en,confirmed
CH32V203F6P6,0,timer_advanced_control_16_bit,1(3),Timer,Timer Advanced-control (16-bit),定时器 高级（16位）,Timer Advanced-control (16-bit),products:zh+products:en,confirmed
CH32V203F6P6,1,timer_general_purpose_16_bit,3(3),Timer,Timer General-purpose (16-bit),定时器 通用（16位）,Timer General-purpose (16-bit),products:zh+products:en,confirmed
CH32V203F6P6,2,timer_watchdog,2 ( WWDG + IWDG ),Timer,Timer Watchdog,定时器 看门狗,Timer Watchdog,products:zh+products:en,confirmed
CH32V203F6P6,3,timer_systick_64_bit,Supported,Timer,Timer SysTick (64-bit),定时器 系统时基（64位）,Timer SysTick (64-bit),products:zh+products:en,confirmed
CH32V203F6P6,4,rtc,Supported,,RTC,RTC,RTC,products:zh+products:en,confirmed
CH32V203F6P6,5,adc_tkey_channel_unitcount,9@2,,ADC/TKey (channel@unitcount),ADC/TKey(通道数@单元),ADC/TKey (channel@unitcount),products:zh+products:en,confirmed
CH32V203F6P6,6,opa_cmp,1,,OPA/CMP,运放、比较器,OPA/CMP,products:zh+products:en,confirmed
CH32V203F6P6,7,communication_interface_usart_uart,1,Communication interface,Communication interface USART/UART,通信接口 USART/UART,Communication interface USART/UART,products:zh+products:en,confirmed
CH32V203F6P6,8,communication_interface_spi,1,Communication interface,Communication interface SPI,通信接口 SPI,Communication interface SPI,products:zh+products:en,confirmed
CH32V203F6P6,9,communication_interface_can,1,Communication interface,Communication interface CAN,通信接口 CAN,Communication interface CAN,products:zh+products:en,confirmed
CH32V203F6P6,10,communication_interface_usb_fs_usbd,1,Communication interface USB (FS),Communication interface USB (FS) USBD,通信接口 USB (FS) USBD,Communication interface USB (FS) USBD,products:zh+products:en,confirmed
CH32V203F6P6,11,cpu_clock_speed,Max: 144MHz,,CPU clock speed,CPU主频,CPU clock speed,products:zh+products:en,confirmed
CH32V203F6P6,12,rated_voltage,3.3V,,Rated voltage,额定电压,Rated voltage,products:zh+products:en,confirmed
CH32V203F8P6,0,timer_advanced_control_16_bit,1(3),Timer,Timer Advanced-control (16-bit),定时器 高级（16位）,Timer Advanced-control (16-bit),products:zh+products:en,confirmed
CH32V203F8P6,1,timer_general_purpose_16_bit,3(3),Timer,Timer General-purpose (16-bit),定时器 通用（16位）,Timer General-purpose (16-bit),products:zh+products:en,confirmed
CH32V203F8P6,2,timer_watchdog,2 ( WWDG + IWDG ),Timer,Timer Watchdog,定时器 看门狗,Timer Watchdog,products:zh+products:en,confirmed
CH32V203F8P6,3,timer_systick_64_bit,Supported,Timer,Timer SysTick (64-bit),定时器 系统时基（64位）,Timer SysTick (64-bit),products:zh+products:en,confirmed
CH32V203F8P6,4,rtc,Supported,,RTC,RTC,RTC,products:zh+products:en,confirmed
CH32V203F8P6,5,adc_tkey_channel_unitcount,9@2,,ADC/TKey (channel@unitcount),ADC/TKey(通道数@单元),ADC/TKey (channel@unitcount),products:zh+products:en,confirmed
CH32V203F8P6,6,opa_cmp,2,,OPA/CMP,运放、比较器,OPA/CMP,products:zh+products:en,confirmed
CH32V203F8P6,7,communication_interface_usart_uart,2,Communication interface,Communication interface USART/UART,通信接口 USART/UART,Communication interface USART/UART,products:zh+products:en,confirmed
CH32V203F8P6,8,communication_interface_spi,1,Communication interface,Communication interface SPI,通信接口 SPI,Communication interface SPI,products:zh+products:en,confirmed
CH32V203F8P6,9,communication_interface_i2c,1,Communication interface,Communication interface I2C,通信接口 I2C,Communication interface I2C,products:zh+products:en,confirmed
CH32V203F8P6,10,communication_interface_usb_fs_usbhd,1,Communication interface USB (FS),Communication interface USB (FS) USBHD,通信接口 USB (FS) USBHD,Communication interface USB (FS) USBHD,products:zh+products:en,confirmed
CH32V203F8P6,11,cpu_clock_speed,Max: 144MHz,,CPU clock speed,CPU主频,CPU clock speed,products:zh+products:en,confirmed
CH32V203F8P6,12,rated_voltage,3.3V,,Rated voltage,额定电压,Rated voltage,products:zh+products:en,confirmed
CH32V203F8U6,0,timer_advanced_control_16_bit,1(3),Timer,Timer Advanced-control (16-bit),定时器 高级（16位）,Timer Advanced-control (16-bit),products:zh+products:en,confirmed
CH32V203F8U6,1,timer_general_purpose_16_bit,3(3),Timer,Timer General-purpose (16-bit),定时器 通用（16位）,Timer General-purpose (16-bit),products:zh+products:en,confirmed
CH32V203F8U6,2,timer_watchdog,2 ( WWDG + IWDG ),Timer,Timer Watchdog,定时器 看门狗,Timer Watchdog,products:zh+products:en,confirmed
CH32V203F8U6,3,timer_systick_64_bit,Supported,Timer,Timer SysTick (64-bit),定时器 系统时基（64位）,Timer SysTick (64-bit),products:zh+products:en,confirmed
CH32V203F8U6,4,rtc,Supported,,RTC,RTC,RTC,products:zh+products:en,confirmed
CH32V203F8U6,5,adc_tkey_channel_unitcount,9@2,,ADC/TKey (channel@unitcount),ADC/TKey(通道数@单元),ADC/TKey (channel@unitcount),products:zh+products:en,confirmed
CH32V203F8U6,6,opa_cmp,2,,OPA/CMP,运放、比较器,OPA/CMP,products:zh+products:en,confirmed
CH32V203F8U6,7,communication_interface_usart_uart,2,Communication interface,Communication interface USART/UART,通信接口 USART/UART,Communication interface USART/UART,products:zh+products:en,confirmed
CH32V203F8U6,8,communication_interface_spi,1,Communication interface,Communication interface SPI,通信接口 SPI,Communication interface SPI,products:zh+products:en,confirmed
CH32V203F8U6,9,communication_interface_i2c,1,Communication interface,Communication interface I2C,通信接口 I2C,Communication interface I2C,products:zh+products:en,confirmed
CH32V203F8U6,10,communication_interface_usb_fs_usbhd,1,Communication interface USB (FS),Communication interface USB (FS) USBHD,通信接口 USB (FS) USBHD,Communication interface USB (FS) USBHD,products:zh+products:en,confirmed
CH32V203F8U6,11,cpu_clock_speed,Max: 144MHz,,CPU clock speed,CPU主频,CPU clock speed,products:zh+products:en,confirmed
CH32V203F8U6,12,rated_voltage,3.3V,,Rated voltage,额定电压,Rated voltage,products:zh+products:en,confirmed
CH32V203G6U6,0,timer_advanced_control_16_bit,1(3),Timer,Timer Advanced-control (16-bit),定时器 高级（16位）,Timer Advanced-control (16-bit),products:zh+products:en,confirmed
CH32V203G6U6,1,timer_general_purpose_16_bit,3,Timer,Timer General-purpose (16-bit),定时器 通用（16位）,Timer General-purpose (16-bit),products:zh+products:en,confirmed
CH32V203G6U6,2,timer_watchdog,2 ( WWDG + IWDG ),Timer,Timer Watchdog,定时器 看门狗,Timer Watchdog,products:zh+products:en,confirmed
CH32V203G6U6,3,timer_systick_64_bit,Supported,Timer,Timer SysTick (64-bit),定时器 系统时基（64位）,Timer SysTick (64-bit),products:zh+products:en,confirmed
CH32V203G6U6,4,rtc,Supported,,RTC,RTC,RTC,products:zh+products:en,confirmed
CH32V203G6U6,5,adc_tkey_channel_unitcount,10@2,,ADC/TKey (channel@unitcount),ADC/TKey(通道数@单元),ADC/TKey (channel@unitcount),products:zh+products:en,confirmed
CH32V203G6U6,6,opa_cmp,2,,OPA/CMP,运放、比较器,OPA/CMP,products:zh+products:en,confirmed
CH32V203G6U6,7,communication_interface_usart_uart,2,Communication interface,Communication interface USART/UART,通信接口 USART/UART,Communication interface USART/UART,products:zh+products:en,confirmed
CH32V203G6U6,8,communication_interface_spi,1,Communication interface,Communication interface SPI,通信接口 SPI,Communication interface SPI,products:zh+products:en,confirmed
CH32V203G6U6,9,communication_interface_i2c,1,Communication interface,Communication interface I2C,通信接口 I2C,Communication interface I2C,products:zh+products:en,confirmed
CH32V203G6U6,10,communication_interface_can,1,Communication interface,Communication interface CAN,通信接口 CAN,Communication interface CAN,products:zh+products:en,confirmed
CH32V203G6U6,11,communication_interface_usb_fs_usbd,1,Communication interface USB (FS),Communication interface USB (FS) USBD,通信接口 USB (FS) USBD,Communication interface USB (FS) USBD,products:zh+products:en,confirmed
CH32V203G6U6,12,cpu_clock_speed,Max: 144MHz,,CPU clock speed,CPU主频,CPU clock speed,products:zh+products:en,confirmed
CH32V203G6U6,13,rated_voltage,3.3V,,Rated voltage,额定电压,Rated voltage,products:zh+products:en,confirmed
CH32V203G8R6,0,timer_advanced_control_16_bit,1(3),Timer,Timer Advanced-control (16-bit),定时器 高级（16位）,Timer Advanced-control (16-bit),products:zh+products:en,confirmed
CH32V203G8R6,1,timer_general_purpose_16_bit,3,Timer,Timer General-purpose (16-bit),定时器 通用（16位）,Timer General-purpose (16-bit),products:zh+products:en,confirmed
CH32V203G8R6,2,timer_watchdog,2 ( WWDG + IWDG ),Timer,Timer Watchdog,定时器 看门狗,Timer Watchdog,products:zh+products:en,confirmed
CH32V203G8R6,3,timer_systick_64_bit,Supported,Timer,Timer SysTick (64-bit),定时器 系统时基（64位）,Timer SysTick (64-bit),products:zh+products:en,confirmed
CH32V203G8R6,4,rtc,Supported,,RTC,RTC,RTC,products:zh+products:en,confirmed
CH32V203G8R6,5,adc_tkey_channel_unitcount,10@2,,ADC/TKey (channel@unitcount),ADC/TKey(通道数@单元),ADC/TKey (channel@unitcount),products:zh+products:en,confirmed
CH32V203G8R6,6,opa_cmp,2,,OPA/CMP,运放、比较器,OPA/CMP,products:zh+products:en,confirmed
CH32V203G8R6,7,communication_interface_usart_uart,2,Communication interface,Communication interface USART/UART,通信接口 USART/UART,Communication interface USART/UART,products:zh+products:en,confirmed
CH32V203G8R6,8,communication_interface_spi,1,Communication interface,Communication interface SPI,通信接口 SPI,Communication interface SPI,products:zh+products:en,confirmed
CH32V203G8R6,9,communication_interface_i2c,1,Communication interface,Communication interface I2C,通信接口 I2C,Communication interface I2C,products:zh+products:en,confirmed
CH32V203G8R6,10,communication_interface_can,1,Communication interface,Communication interface CAN,通信接口 CAN,Communication interface CAN,products:zh+products:en,confirmed
CH32V203G8R6,11,communication_interface_usb_fs_usbd,1,Communication interface USB (FS),Communication interface USB (FS) USBD,通信接口 USB (FS) USBD,Communication interface USB (FS) USBD,products:zh+products:en,confirmed
CH32V203G8R6,12,communication_interface_usb_fs_usbhd,1,Communication interface USB (FS),Communication interface USB (FS) USBHD,通信接口 USB (FS) USBHD,Communication interface USB (FS) USBHD,products:zh+products:en,confirmed
CH32V203G8R6,13,cpu_clock_speed,Max: 144MHz,,CPU clock speed,CPU主频,CPU clock speed,products:zh+products:en,confirmed
CH32V203G8R6,14,rated_voltage,3.3V,,Rated voltage,额定电压,Rated voltage,products:zh+products:en,confirmed
CH32V203K8T6,0,timer_advanced_control_16_bit,1,Timer,Timer Advanced-control (16-bit),定时器 高级（16位）,Timer Advanced-control (16-bit),products:zh+products:en,confirmed
CH32V203K8T6,1,timer_general_purpose_16_bit,3,Timer,Timer General-purpose (16-bit),定时器 通用（16位）,Timer General-purpose (16-bit),products:zh+products:en,confirmed
CH32V203K8T6,2,timer_watchdog,2 ( WWDG + IWDG ),Timer,Timer Watchdog,定时器 看门狗,Timer Watchdog,products:zh+products:en,confirmed
CH32V203K8T6,3,timer_systick_64_bit,Supported,Timer,Timer SysTick (64-bit),定时器 系统时基（64位）,Timer SysTick (64-bit),products:zh+products:en,confirmed
CH32V203K8T6,4,rtc,Supported,,RTC,RTC,RTC,products:zh+products:en,confirmed
CH32V203K8T6,5,adc_tkey_channel_unitcount,10@2,,ADC/TKey (channel@unitcount),ADC/TKey(通道数@单元),ADC/TKey (channel@unitcount),products:zh+products:en,confirmed
CH32V203K8T6,6,opa_cmp,2,,OPA/CMP,运放、比较器,OPA/CMP,products:zh+products:en,confirmed
CH32V203K8T6,7,communication_interface_usart_uart,2,Communication interface,Communication interface USART/UART,通信接口 USART/UART,Communication interface USART/UART,products:zh+products:en,confirmed
CH32V203K8T6,8,communication_interface_spi,1,Communication interface,Communication interface SPI,通信接口 SPI,Communication interface SPI,products:zh+products:en,confirmed
CH32V203K8T6,9,communication_interface_i2c,1,Communication interface,Communication interface I2C,通信接口 I2C,Communication interface I2C,products:zh+products:en,confirmed
CH32V203K8T6,10,communication_interface_can,1,Communication interface,Communication interface CAN,通信接口 CAN,Communication interface CAN,products:zh+products:en,confirmed
CH32V203K8T6,11,communication_interface_usb_fs_usbd,1,Communication interface USB (FS),Communication interface USB (FS) USBD,通信接口 USB (FS) USBD,Communication interface USB (FS) USBD,products:zh+products:en,confirmed
CH32V203K8T6,12,cpu_clock_speed,Max: 144MHz,,CPU clock speed,CPU主频,CPU clock speed,products:zh+products:en,confirmed
CH32V203K8T6,13,rated_voltage,3.3V,,Rated voltage,额定电压,Rated voltage,products:zh+products:en,confirmed
CH32V203K8U7,0,timer_advanced_control_16_bit,1,Timer,Timer Advanced-control (16-bit),定时器 高级（16位）,Timer Advanced-control (16-bit),products:zh+products:en,confirmed
CH32V203K8U7,1,timer_general_purpose_16_bit,3,Timer,Timer General-purpose (16-bit),定时器 通用（16位）,Timer General-purpose (16-bit),products:zh+products:en,confirmed
CH32V203K8U7,2,timer_watchdog,2 ( WWDG + IWDG ),Timer,Timer Watchdog,定时器 看门狗,Timer Watchdog,products:zh+products:en,confirmed
CH32V203K8U7,3,timer_systick_64_bit,Supported,Timer,Timer SysTick (64-bit),定时器 系统时基（64位）,Timer SysTick (64-bit),products:zh+products:en,confirmed
CH32V203K8U7,4,rtc,Supported,,RTC,RTC,RTC,products:zh+products:en,confirmed
CH32V203K8U7,5,adc_tkey_channel_unitcount,10@2,,ADC/TKey (channel@unitcount),ADC/TKey(通道数@单元),ADC/TKey (channel@unitcount),products:zh+products:en,confirmed
CH32V203K8U7,6,opa_cmp,2,,OPA/CMP,运放、比较器,OPA/CMP,products:zh+products:en,confirmed
CH32V203K8U7,7,communication_interface_usart_uart,2,Communication interface,Communication interface USART/UART,通信接口 USART/UART,Communication interface USART/UART,products:zh+products:en,confirmed
CH32V203K8U7,8,communication_interface_spi,1,Communication interface,Communication interface SPI,通信接口 SPI,Communication interface SPI,products:zh+products:en,confirmed
CH32V203K8U7,9,communication_interface_i2c,1,Communication interface,Communication interface I2C,通信接口 I2C,Communication interface I2C,products:zh+products:en,confirmed
CH32V203K8U7,10,communication_interface_can,1,Communication interface,Communication interface CAN,通信接口 CAN,Communication interface CAN,products:zh+products:en,confirmed
CH32V203K8U7,11,communication_interface_usb_fs_usbd,1,Communication interface USB (FS),Communication interface USB (FS) USBD,通信接口 USB (FS) USBD,Communication interface USB (FS) USBD,products:zh+products:en,confirmed
CH32V203K8U7,12,communication_interface_usb_fs_usbhd,1,Communication interface USB (FS),Communication interface USB (FS) USBHD,通信接口 USB (FS) USBHD,Communication interface USB (FS) USBHD,products:zh+products:en,confirmed
CH32V203K8U7,13,cpu_clock_speed,Max: 144MHz,,CPU clock speed,CPU主频,CPU clock speed,products:zh+products:en,confirmed
CH32V203K8U7,14,rated_voltage,3.3V,,Rated voltage,额定电压,Rated voltage,products:zh+products:en,confirmed
CH32V203RBT6,0,timer_advanced_control_16_bit,1,Timer,Timer Advanced-control (16-bit),定时器 高级（16位）,Timer Advanced-control (16-bit),products:zh+products:en,confirmed
CH32V203RBT6,1,timer_general_purpose_16_bit,3,Timer,Timer General-purpose (16-bit),定时器 通用（16位）,Timer General-purpose (16-bit),products:zh+products:en,confirmed
CH32V203RBT6,2,timer_general_purpose_32_bit,1,Timer,Timer General-purpose (32-bit),定时器 通用（32位）,Timer General-purpose (32-bit),products:zh+products:en,confirmed
CH32V203RBT6,3,timer_watchdog,2 ( WWDG + IWDG ),Timer,Timer Watchdog,定时器 看门狗,Timer Watchdog,products:zh+products:en,confirmed
CH32V203RBT6,4,timer_systick_64_bit,Supported,Timer,Timer SysTick (64-bit),定时器 系统时基（64位）,Timer SysTick (64-bit),products:zh+products:en,confirmed
CH32V203RBT6,5,rtc,Supported,,RTC,RTC,RTC,products:zh+products:en,confirmed
CH32V203RBT6,6,adc_tkey_channel_unitcount,16@1,,ADC/TKey (channel@unitcount),ADC/TKey(通道数@单元),ADC/TKey (channel@unitcount),products:zh+products:en,confirmed
CH32V203RBT6,7,opa_cmp,2,,OPA/CMP,运放、比较器,OPA/CMP,products:zh+products:en,confirmed
CH32V203RBT6,8,communication_interface_usart_uart,4,Communication interface,Communication interface USART/UART,通信接口 USART/UART,Communication interface USART/UART,products:zh+products:en,confirmed
CH32V203RBT6,9,communication_interface_spi,2,Communication interface,Communication interface SPI,通信接口 SPI,Communication interface SPI,products:zh+products:en,confirmed
CH32V203RBT6,10,communication_interface_i2c,2,Communication interface,Communication interface I2C,通信接口 I2C,Communication interface I2C,products:zh+products:en,confirmed
CH32V203RBT6,11,communication_interface_can,1,Communication interface,Communication interface CAN,通信接口 CAN,Communication interface CAN,products:zh+products:en,confirmed
CH32V203RBT6,12,communication_interface_usb_fs_usbd,1,Communication interface USB (FS),Communication interface USB (FS) USBD,通信接口 USB (FS) USBD,Communication interface USB (FS) USBD,products:zh+products:en,confirmed
CH32V203RBT6,13,communication_interface_usb_fs_usbhd,1,Communication interface USB (FS),Communication interface USB (FS) USBHD,通信接口 USB (FS) USBHD,Communication interface USB (FS) USBHD,products:zh+products:en,confirmed
CH32V203RBT6,14,communication_interface_ethernet,10M,Communication interface,Communication interface Ethernet,通信接口 Ethernet,Communication interface Ethernet,products:zh+products:en,confirmed
CH32V203RBT6,15,cpu_clock_speed,Max: 144MHz,,CPU clock speed,CPU主频,CPU clock speed,products:zh+products:en,confirmed
CH32V203RBT6,16,rated_voltage,3.3V,,Rated voltage,额定电压,Rated voltage,products:zh+products:en,confirmed
CH32V205CCT6,0,timer_advanced_control_tim1_16_bit,1,Timer,Timer Advanced-control TIM1 (16-bit),定时器 高级TIM1（16位）,Timer Advanced-control TIM1 (16-bit),products:zh+products:en,confirmed
CH32V205CCT6,1,timer_general_purpose_tim2_3_16_bit,2,Timer,Timer General-purpose TIM2/3 (16-bit),定时器 通用TIM2/3（16位）,Timer General-purpose TIM2/3 (16-bit),products:zh+products:en,confirmed
CH32V205CCT6,2,timer_general_purpose_tim4_32_bit,1,Timer,Timer General-purpose TIM4 (32-bit),定时器 通用TIM4（32位）,Timer General-purpose TIM4 (32-bit),products:zh+products:en,confirmed
CH32V205CCT6,3,timer_watchdog,2(WWDG+IWDG),Timer,Timer Watchdog,定时器 看门狗,Timer Watchdog,products:zh+products:en,confirmed
CH32V205CCT6,4,timer_systick_32_bit,√,Timer,Timer SysTick (32-bit),定时器 系统时基（32位）,Timer SysTick (32-bit),products:zh+products:en,confirmed
CH32V205CCT6,5,rtc,√,,RTC,RTC,RTC,products:zh+products:en,confirmed
CH32V205CCT6,6,adc,16+3,,ADC,ADC,ADC,products:zh+products:en,confirmed
CH32V205CCT6,7,tkey,16,,TKEY,TKEY,TKEY,products:zh+products:en,confirmed
CH32V205CCT6,8,opa,2,,OPA,OPA,OPA,products:zh+products:en,confirmed
CH32V205CCT6,9,cmp,2,,CMP,CMP,CMP,products:zh+products:en,confirmed
CH32V205CCT6,10,usart,8,,USART,USART,USART,products:zh+products:en,confirmed
CH32V205CCT6,11,spi,2,,SPI,SPI,SPI,products:zh+products:en,confirmed
CH32V205CCT6,12,i2c,2,,I2C,I2C,I2C,products:zh+products:en,confirmed
CH32V205CCT6,13,can,1,,CAN,CAN,CAN,products:zh+products:en,confirmed
CH32V205CCT6,14,qspi,1,,QSPI,QSPI,QSPI,products:zh+products:en,confirmed
CH32V205CCT6,15,pioc,1,,PIOC,PIOC,PIOC,products:zh+products:en,confirmed
CH32V205CCT6,16,pdusb_usbfs,1,PDUSB,PDUSB USBFS,PDUSB USBFS,PDUSB USBFS,products:zh+products:en,confirmed
CH32V205CCT6,17,pdusb_usbhs,1,PDUSB,PDUSB USBHS,PDUSB USBHS,PDUSB USBHS,products:zh+products:en,confirmed
CH32V205CCT6,18,pdusb_usb_pd_type_c,1,PDUSB,PDUSB USB PD Type-C,PDUSB USB PD Type-C,PDUSB USB PD Type-C,products:zh+products:en,confirmed
CH32V205CCT6,19,cpu_main_frequency,40MHz@Zero-wait; Max: 192MHz@Non-zero wait,,CPU main frequency,CPU主频,CPU main frequency,products:zh+products:en,confirmed
CH32V205CCT6,20,rated_voltage,3.3V,,Rated voltage,额定电压,Rated voltage,products:zh+products:en,confirmed
CH32V205RCT6,0,timer_advanced_control_tim1_16_bit,1,Timer,Timer Advanced-control TIM1 (16-bit),定时器 高级TIM1（16位）,Timer Advanced-control TIM1 (16-bit),products:zh+products:en,confirmed
CH32V205RCT6,1,timer_general_purpose_tim2_3_16_bit,2,Timer,Timer General-purpose TIM2/3 (16-bit),定时器 通用TIM2/3（16位）,Timer General-purpose TIM2/3 (16-bit),products:zh+products:en,confirmed
CH32V205RCT6,2,timer_general_purpose_tim4_32_bit,1,Timer,Timer General-purpose TIM4 (32-bit),定时器 通用TIM4（32位）,Timer General-purpose TIM4 (32-bit),products:zh+products:en,confirmed
CH32V205RCT6,3,timer_watchdog,2(WWDG+IWDG),Timer,Timer Watchdog,定时器 看门狗,Timer Watchdog,products:zh+products:en,confirmed
CH32V205RCT6,4,timer_systick_32_bit,√,Timer,Timer SysTick (32-bit),定时器 系统时基（32位）,Timer SysTick (32-bit),products:zh+products:en,confirmed
CH32V205RCT6,5,rtc,√,,RTC,RTC,RTC,products:zh+products:en,confirmed
CH32V205RCT6,6,adc,16+3,,ADC,ADC,ADC,products:zh+products:en,confirmed
CH32V205RCT6,7,tkey,16,,TKEY,TKEY,TKEY,products:zh+products:en,confirmed
CH32V205RCT6,8,opa,2,,OPA,OPA,OPA,products:zh+products:en,confirmed
CH32V205RCT6,9,cmp,2,,CMP,CMP,CMP,products:zh+products:en,confirmed
CH32V205RCT6,10,usart,8,,USART,USART,USART,products:zh+products:en,confirmed
CH32V205RCT6,11,spi,2,,SPI,SPI,SPI,products:zh+products:en,confirmed
CH32V205RCT6,12,i2c,2,,I2C,I2C,I2C,products:zh+products:en,confirmed
CH32V205RCT6,13,can,1,,CAN,CAN,CAN,products:zh+products:en,confirmed
CH32V205RCT6,14,qspi,1,,QSPI,QSPI,QSPI,products:zh+products:en,confirmed
CH32V205RCT6,15,pioc,1,,PIOC,PIOC,PIOC,products:zh+products:en,confirmed
CH32V205RCT6,16,pdusb_usbfs,1,PDUSB,PDUSB USBFS,PDUSB USBFS,PDUSB USBFS,products:zh+products:en,confirmed
CH32V205RCT6,17,pdusb_usbhs,1,PDUSB,PDUSB USBHS,PDUSB USBHS,PDUSB USBHS,products:zh+products:en,confirmed
CH32V205RCT6,18,pdusb_usb_pd_type_c,1,PDUSB,PDUSB USB PD Type-C,PDUSB USB PD Type-C,PDUSB USB PD Type-C,products:zh+products:en,confirmed
CH32V205RCT6,19,cpu_main_frequency,40MHz@Zero-wait; Max: 192MHz@Non-zero wait,,CPU main frequency,CPU主频,CPU main frequency,products:zh+products:en,confirmed
CH32V205RCT6,20,rated_voltage,3.3V,,Rated voltage,额定电压,Rated voltage,products:zh+products:en,confirmed
CH32V205VCT6,0,timer_advanced_control_tim1_16_bit,1,Timer,Timer Advanced-control TIM1 (16-bit),定时器 高级TIM1（16位）,Timer Advanced-control TIM1 (16-bit),products:zh+products:en,confirmed
CH32V205VCT6,1,timer_general_purpose_tim2_3_16_bit,2,Timer,Timer General-purpose TIM2/3 (16-bit),定时器 通用TIM2/3（16位）,Timer General-purpose TIM2/3 (16-bit),products:zh+products:en,confirmed
CH32V205VCT6,2,timer_general_purpose_tim4_32_bit,1,Timer,Timer General-purpose TIM4 (32-bit),定时器 通用TIM4（32位）,Timer General-purpose TIM4 (32-bit),products:zh+products:en,confirmed
CH32V205VCT6,3,timer_watchdog,2(WWDG+IWDG),Timer,Timer Watchdog,定时器 看门狗,Timer Watchdog,products:zh+products:en,confirmed
CH32V205VCT6,4,timer_systick_32_bit,√,Timer,Timer SysTick (32-bit),定时器 系统时基（32位）,Timer SysTick (32-bit),products:zh+products:en,confirmed
CH32V205VCT6,5,rtc,√,,RTC,RTC,RTC,products:zh+products:en,confirmed
CH32V205VCT6,6,adc,16+3,,ADC,ADC,ADC,products:zh+products:en,confirmed
CH32V205VCT6,7,tkey,16,,TKEY,TKEY,TKEY,products:zh+products:en,confirmed
CH32V205VCT6,8,opa,2,,OPA,OPA,OPA,products:zh+products:en,confirmed
CH32V205VCT6,9,cmp,2,,CMP,CMP,CMP,products:zh+products:en,confirmed
CH32V205VCT6,10,usart,8,,USART,USART,USART,products:zh+products:en,confirmed
CH32V205VCT6,11,spi,2,,SPI,SPI,SPI,products:zh+products:en,confirmed
CH32V205VCT6,12,i2c,2,,I2C,I2C,I2C,products:zh+products:en,confirmed
CH32V205VCT6,13,can,1,,CAN,CAN,CAN,products:zh+products:en,confirmed
CH32V205VCT6,14,qspi,1,,QSPI,QSPI,QSPI,products:zh+products:en,confirmed
CH32V205VCT6,15,fsmc,1,,FSMC,FSMC,FSMC,products:zh+products:en,confirmed
CH32V205VCT6,16,pioc,1,,PIOC,PIOC,PIOC,products:zh+products:en,confirmed
CH32V205VCT6,17,pdusb_usbfs,1,PDUSB,PDUSB USBFS,PDUSB USBFS,PDUSB USBFS,products:zh+products:en,confirmed
CH32V205VCT6,18,pdusb_usbhs,1,PDUSB,PDUSB USBHS,PDUSB USBHS,PDUSB USBHS,products:zh+products:en,confirmed
CH32V205VCT6,19,pdusb_usb_pd_type_c,1,PDUSB,PDUSB USB PD Type-C,PDUSB USB PD Type-C,PDUSB USB PD Type-C,products:zh+products:en,confirmed
CH32V205VCT6,20,cpu_main_frequency,40MHz@Zero-wait; Max: 192MHz@Non-zero wait,,CPU main frequency,CPU主频,CPU main frequency,products:zh+products:en,confirmed
CH32V205VCT6,21,rated_voltage,3.3V,,Rated voltage,额定电压,Rated voltage,products:zh+products:en,confirmed
CH32V208CBU6,0,timer_advanced_control_16_bits,1,Timer,Timer Advanced-control (16 bits),定时器 高级（16位）,Timer Advanced-control (16 bits),products:zh+products:en,confirmed
CH32V208CBU6,1,timer_general_purpose_16_bits,3,Timer,Timer General-purpose (16 bits),定时器 通用（16位）,Timer General-purpose (16 bits),products:zh+products:en,confirmed
CH32V208CBU6,2,timer_general_purpose_32_bits,1,Timer,Timer General-purpose (32 bits),定时器 通用（32位）,Timer General-purpose (32 bits),products:zh+products:en,confirmed
CH32V208CBU6,3,timer_watchdog,2,Timer,Timer Watchdog,定时器 看门狗,Timer Watchdog,products:zh+products:en,confirmed
CH32V208CBU6,4,timer_systick_64_bits,Supported,Timer,Timer SysTick (64 bits),定时器 系统时基（64位）,Timer SysTick (64 bits),products:zh+products:en,confirmed
CH32V208CBU6,5,rtc,Supported,,RTC,RTC,RTC,products:zh+products:en,confirmed
CH32V208CBU6,6,adc_tkey_channel_unit_count,10@1,,ADC/TKey (channel@ unit count),ADC/TKey （通道数/单元),ADC/TKey (channel@ unit count),products:zh+products:en,confirmed
CH32V208CBU6,7,opa,2,,OPA,运放、比较器,OPA,products:zh+products:en,confirmed
CH32V208CBU6,8,communication_interfaces_usart_uart,4,Communication interfaces,Communication interfaces USART/UART,通信接口 USART/UART,Communication interfaces USART/UART,products:zh+products:en,confirmed
CH32V208CBU6,9,communication_interfaces_spi,2,Communication interfaces,Communication interfaces SPI,通信接口 SPI,Communication interfaces SPI,products:zh+products:en,confirmed
CH32V208CBU6,10,communication_interfaces_i2c,2,Communication interfaces,Communication interfaces I2C,通信接口 I2C,Communication interfaces I2C,products:zh+products:en,confirmed
CH32V208CBU6,11,communication_interfaces_can,1,Communication interfaces,Communication interfaces CAN,通信接口 CAN,Communication interfaces CAN,products:zh+products:en,confirmed
CH32V208CBU6,12,communication_interfaces_usb_fs_usbd,1,Communication interfaces USB (FS),Communication interfaces USB (FS) USBD,通信接口 USB(FS) USBD,Communication interfaces USB (FS) USBD,products:zh+products:en,confirmed
CH32V208CBU6,13,communication_interfaces_usb_fs_usbhd,1,Communication interfaces USB (FS),Communication interfaces USB (FS) USBHD,通信接口 USB(FS) USBHD,Communication interfaces USB (FS) USBHD,products:zh+products:en,confirmed
CH32V208CBU6,14,communication_interfaces_ble_5_3,supported,Communication interfaces,Communication interfaces BLE 5.3,通信接口 BLE 5.3,Communication interfaces BLE 5.3,products:zh+products:en,confirmed
CH32V208CBU6,15,cpu_clock_speed,Max: 144MHz,,CPU clock speed,CPU主频,CPU clock speed,products:zh+products:en,confirmed
CH32V208CBU6,16,rated_voltage,3.3V,,Rated voltage,额定电压,Rated voltage,products:zh+products:en,confirmed
CH32V208GBU6,0,timer_advanced_control_16_bits,1,Timer,Timer Advanced-control (16 bits),定时器 高级（16位）,Timer Advanced-control (16 bits),products:zh+products:en,confirmed
CH32V208GBU6,1,timer_general_purpose_16_bits,3,Timer,Timer General-purpose (16 bits),定时器 通用（16位）,Timer General-purpose (16 bits),products:zh+products:en,confirmed
CH32V208GBU6,2,timer_general_purpose_32_bits,1,Timer,Timer General-purpose (32 bits),定时器 通用（32位）,Timer General-purpose (32 bits),products:zh+products:en,confirmed
CH32V208GBU6,3,timer_watchdog,2,Timer,Timer Watchdog,定时器 看门狗,Timer Watchdog,products:zh+products:en,confirmed
CH32V208GBU6,4,timer_systick_64_bits,Supported,Timer,Timer SysTick (64 bits),定时器 系统时基（64位）,Timer SysTick (64 bits),products:zh+products:en,confirmed
CH32V208GBU6,5,rtc,Supported,,RTC,RTC,RTC,products:zh+products:en,confirmed
CH32V208GBU6,6,adc_tkey_channel_unit_count,8@1,,ADC/TKey (channel@ unit count),ADC/TKey （通道数/单元),ADC/TKey (channel@ unit count),products:zh+products:en,confirmed
CH32V208GBU6,7,opa,OPA2,,OPA,运放、比较器,OPA,products:zh+products:en,confirmed
CH32V208GBU6,8,communication_interfaces_usart_uart,2,Communication interfaces,Communication interfaces USART/UART,通信接口 USART/UART,Communication interfaces USART/UART,products:zh+products:en,confirmed
CH32V208GBU6,9,communication_interfaces_spi,1,Communication interfaces,Communication interfaces SPI,通信接口 SPI,Communication interfaces SPI,products:zh+products:en,confirmed
CH32V208GBU6,10,communication_interfaces_i2c,1,Communication interfaces,Communication interfaces I2C,通信接口 I2C,Communication interfaces I2C,products:zh+products:en,confirmed
CH32V208GBU6,11,communication_interfaces_can,1,Communication interfaces,Communication interfaces CAN,通信接口 CAN,Communication interfaces CAN,products:zh+products:en,confirmed
CH32V208GBU6,12,communication_interfaces_usb_fs_usbd,1,Communication interfaces USB (FS),Communication interfaces USB (FS) USBD,通信接口 USB(FS) USBD,Communication interfaces USB (FS) USBD,products:zh+products:en,confirmed
CH32V208GBU6,13,communication_interfaces_usb_fs_usbhd,1,Communication interfaces USB (FS),Communication interfaces USB (FS) USBHD,通信接口 USB(FS) USBHD,Communication interfaces USB (FS) USBHD,products:zh+products:en,confirmed
CH32V208GBU6,14,communication_interfaces_ethernet,10M,Communication interfaces,Communication interfaces Ethernet,通信接口 Ethernet,Communication interfaces Ethernet,products:zh+products:en,confirmed
CH32V208GBU6,15,communication_interfaces_ble_5_3,supported,Communication interfaces,Communication interfaces BLE 5.3,通信接口 BLE 5.3,Communication interfaces BLE 5.3,products:zh+products:en,confirmed
CH32V208GBU6,16,cpu_clock_speed,Max: 144MHz,,CPU clock speed,CPU主频,CPU clock speed,products:zh+products:en,confirmed
CH32V208GBU6,17,rated_voltage,3.3V,,Rated voltage,额定电压,Rated voltage,products:zh+products:en,confirmed
CH32V208RBT6,0,timer_advanced_control_16_bits,1,Timer,Timer Advanced-control (16 bits),定时器 高级（16位）,Timer Advanced-control (16 bits),products:zh+products:en,confirmed
CH32V208RBT6,1,timer_general_purpose_16_bits,3,Timer,Timer General-purpose (16 bits),定时器 通用（16位）,Timer General-purpose (16 bits),products:zh+products:en,confirmed
CH32V208RBT6,2,timer_general_purpose_32_bits,1,Timer,Timer General-purpose (32 bits),定时器 通用（32位）,Timer General-purpose (32 bits),products:zh+products:en,confirmed
CH32V208RBT6,3,timer_watchdog,2,Timer,Timer Watchdog,定时器 看门狗,Timer Watchdog,products:zh+products:en,confirmed
CH32V208RBT6,4,timer_systick_64_bits,Supported,Timer,Timer SysTick (64 bits),定时器 系统时基（64位）,Timer SysTick (64 bits),products:zh+products:en,confirmed
CH32V208RBT6,5,rtc,Supported,,RTC,RTC,RTC,products:zh+products:en,confirmed
CH32V208RBT6,6,adc_tkey_channel_unit_count,16@1,,ADC/TKey (channel@ unit count),ADC/TKey （通道数/单元),ADC/TKey (channel@ unit count),products:zh+products:en,confirmed
CH32V208RBT6,7,opa,2,,OPA,运放、比较器,OPA,products:zh+products:en,confirmed
CH32V208RBT6,8,communication_interfaces_usart_uart,4,Communication interfaces,Communication interfaces USART/UART,通信接口 USART/UART,Communication interfaces USART/UART,products:zh+products:en,confirmed
CH32V208RBT6,9,communication_interfaces_spi,2,Communication interfaces,Communication interfaces SPI,通信接口 SPI,Communication interfaces SPI,products:zh+products:en,confirmed
CH32V208RBT6,10,communication_interfaces_i2c,2,Communication interfaces,Communication interfaces I2C,通信接口 I2C,Communication interfaces I2C,products:zh+products:en,confirmed
CH32V208RBT6,11,communication_interfaces_can,1,Communication interfaces,Communication interfaces CAN,通信接口 CAN,Communication interfaces CAN,products:zh+products:en,confirmed
CH32V208RBT6,12,communication_interfaces_usb_fs_usbd,1,Communication interfaces USB (FS),Communication interfaces USB (FS) USBD,通信接口 USB(FS) USBD,Communication interfaces USB (FS) USBD,products:zh+products:en,confirmed
CH32V208RBT6,13,communication_interfaces_usb_fs_usbhd,1,Communication interfaces USB (FS),Communication interfaces USB (FS) USBHD,通信接口 USB(FS) USBHD,Communication interfaces USB (FS) USBHD,products:zh+products:en,confirmed
CH32V208RBT6,14,communication_interfaces_ethernet,10M,Communication interfaces,Communication interfaces Ethernet,通信接口 Ethernet,Communication interfaces Ethernet,products:zh+products:en,confirmed
CH32V208RBT6,15,communication_interfaces_ble_5_3,supported,Communication interfaces,Communication interfaces BLE 5.3,通信接口 BLE 5.3,Communication interfaces BLE 5.3,products:zh+products:en,confirmed
CH32V208RBT6,16,cpu_clock_speed,Max: 144MHz,,CPU clock speed,CPU主频,CPU clock speed,products:zh+products:en,confirmed
CH32V208RBT6,17,rated_voltage,3.3V,,Rated voltage,额定电压,Rated voltage,products:zh+products:en,confirmed
CH32V208WBU6,0,timer_advanced_control_16_bits,1,Timer,Timer Advanced-control (16 bits),定时器 高级（16位）,Timer Advanced-control (16 bits),products:zh+products:en,confirmed
CH32V208WBU6,1,timer_general_purpose_16_bits,3,Timer,Timer General-purpose (16 bits),定时器 通用（16位）,Timer General-purpose (16 bits),products:zh+products:en,confirmed
CH32V208WBU6,2,timer_general_purpose_32_bits,1,Timer,Timer General-purpose (32 bits),定时器 通用（32位）,Timer General-purpose (32 bits),products:zh+products:en,confirmed
CH32V208WBU6,3,timer_watchdog,2,Timer,Timer Watchdog,定时器 看门狗,Timer Watchdog,products:zh+products:en,confirmed
CH32V208WBU6,4,timer_systick_64_bits,Supported,Timer,Timer SysTick (64 bits),定时器 系统时基（64位）,Timer SysTick (64 bits),products:zh+products:en,confirmed
CH32V208WBU6,5,rtc,Supported,,RTC,RTC,RTC,products:zh+products:en,confirmed
CH32V208WBU6,6,adc_tkey_channel_unit_count,16@1,,ADC/TKey (channel@ unit count),ADC/TKey （通道数/单元),ADC/TKey (channel@ unit count),products:zh+products:en,confirmed
CH32V208WBU6,7,opa,2,,OPA,运放、比较器,OPA,products:zh+products:en,confirmed
CH32V208WBU6,8,communication_interfaces_usart_uart,4,Communication interfaces,Communication interfaces USART/UART,通信接口 USART/UART,Communication interfaces USART/UART,products:zh+products:en,confirmed
CH32V208WBU6,9,communication_interfaces_spi,2,Communication interfaces,Communication interfaces SPI,通信接口 SPI,Communication interfaces SPI,products:zh+products:en,confirmed
CH32V208WBU6,10,communication_interfaces_i2c,2,Communication interfaces,Communication interfaces I2C,通信接口 I2C,Communication interfaces I2C,products:zh+products:en,confirmed
CH32V208WBU6,11,communication_interfaces_can,1,Communication interfaces,Communication interfaces CAN,通信接口 CAN,Communication interfaces CAN,products:zh+products:en,confirmed
CH32V208WBU6,12,communication_interfaces_usb_fs_usbd,1,Communication interfaces USB (FS),Communication interfaces USB (FS) USBD,通信接口 USB(FS) USBD,Communication interfaces USB (FS) USBD,products:zh+products:en,confirmed
CH32V208WBU6,13,communication_interfaces_usb_fs_usbhd,1,Communication interfaces USB (FS),Communication interfaces USB (FS) USBHD,通信接口 USB(FS) USBHD,Communication interfaces USB (FS) USBHD,products:zh+products:en,confirmed
CH32V208WBU6,14,communication_interfaces_ethernet,10M,Communication interfaces,Communication interfaces Ethernet,通信接口 Ethernet,Communication interfaces Ethernet,products:zh+products:en,confirmed
CH32V208WBU6,15,communication_interfaces_ble_5_3,supported,Communication interfaces,Communication interfaces BLE 5.3,通信接口 BLE 5.3,Communication interfaces BLE 5.3,products:zh+products:en,confirmed
CH32V208WBU6,16,cpu_clock_speed,Max: 144MHz,,CPU clock speed,CPU主频,CPU clock speed,products:zh+products:en,confirmed
CH32V208WBU6,17,rated_voltage,3.3V,,Rated voltage,额定电压,Rated voltage,products:zh+products:en,confirmed
CH32V303CBT6,0,code_flash_bytes,480K,,Code FLASH (bytes),Code FLASH（字节）,Code FLASH (bytes),products:zh+products:en,confirmed
CH32V303CBT6,1,timer_advanced_control_16_bit,1,Timer,Timer Advanced-control (16-bit),定时器 高级（16位）（2）,Timer Advanced-control (16-bit),products:zh+products:en,confirmed
CH32V303CBT6,2,timer_general_purpose_16_bit,3,Timer,Timer General-purpose (16-bit),定时器 通用（16位）（2）,Timer General-purpose (16-bit),products:zh+products:en,confirmed
CH32V303CBT6,3,timer_watchdog,2 (WWDG + IWDG),Timer,Timer Watchdog,定时器 看门狗,Timer Watchdog,products:zh+products:en,confirmed
CH32V303CBT6,4,timer_systick_64_bit,Supported,Timer,Timer SysTick (64-bit),定时器 系统时基64位,Timer SysTick (64-bit),products:zh+products:en,confirmed
CH32V303CBT6,5,rtc,Supported,,RTC,RTC,RTC,products:zh+products:en,confirmed
CH32V303CBT6,6,adc_tkey_unit,2,ADC/TKey,ADC/TKey Unit,ADC/TKey 单元数,ADC/TKey Unit,products:zh+products:en,confirmed
CH32V303CBT6,7,adc_tkey_channel,10,ADC/TKey,ADC/TKey Channel,ADC/TKey 通道数,ADC/TKey Channel,products:zh+products:en,confirmed
CH32V303CBT6,8,dac_unit,2,,DAC (Unit),DAC（单元）,DAC (Unit),products:zh+products:en,confirmed
CH32V303CBT6,9,opa_cmp,4,,OPA/CMP,运放、比较器,OPA/CMP,products:zh+products:en,confirmed
CH32V303CBT6,10,communication_interfaces_usart_uart,3,Communication interfaces,Communication interfaces USART/UART,通信接口 USART/UART,Communication interfaces USART/UART,products:zh+products:en,confirmed
CH32V303CBT6,11,communication_interfaces_spi,2,Communication interfaces,Communication interfaces SPI,通信接口 SPI,Communication interfaces SPI,products:zh+products:en,confirmed
CH32V303CBT6,12,communication_interfaces_i2c,2,Communication interfaces,Communication interfaces I2C,通信接口 I2C,Communication interfaces I2C,products:zh+products:en,confirmed
CH32V303CBT6,13,communication_interfaces_can,1,Communication interfaces,Communication interfaces CAN,通信接口 CAN,Communication interfaces CAN,products:zh+products:en,confirmed
CH32V303CBT6,14,communication_interfaces_usb_fs_usbhd,1,Communication interfaces USB (FS),Communication interfaces USB (FS) USBHD,通信接口 US（B FS） USBHD,Communication interfaces USB (FS) USBHD,products:zh+products:en,confirmed
CH32V303CBT6,15,cpu_main_frequency,Max: 144MHz,,CPU main frequency,CPU主频,CPU main frequency,products:zh+products:en,confirmed
CH32V303RBT6,0,code_flash_bytes,480K,,Code FLASH (bytes),Code FLASH（字节）,Code FLASH (bytes),products:zh+products:en,confirmed
CH32V303RBT6,1,timer_advanced_control_16_bit,1,Timer,Timer Advanced-control (16-bit),定时器 高级（16位）（2）,Timer Advanced-control (16-bit),products:zh+products:en,confirmed
CH32V303RBT6,2,timer_general_purpose_16_bit,3,Timer,Timer General-purpose (16-bit),定时器 通用（16位）（2）,Timer General-purpose (16-bit),products:zh+products:en,confirmed
CH32V303RBT6,3,timer_watchdog,2 (WWDG + IWDG),Timer,Timer Watchdog,定时器 看门狗,Timer Watchdog,products:zh+products:en,confirmed
CH32V303RBT6,4,timer_systick_64_bit,Supported,Timer,Timer SysTick (64-bit),定时器 系统时基64位,Timer SysTick (64-bit),products:zh+products:en,confirmed
CH32V303RBT6,5,rtc,Supported,,RTC,RTC,RTC,products:zh+products:en,confirmed
CH32V303RBT6,6,adc_tkey_unit,2,ADC/TKey,ADC/TKey Unit,ADC/TKey 单元数,ADC/TKey Unit,products:zh+products:en,confirmed
CH32V303RBT6,7,adc_tkey_channel,16,ADC/TKey,ADC/TKey Channel,ADC/TKey 通道数,ADC/TKey Channel,products:zh+products:en,confirmed
CH32V303RBT6,8,dac_unit,2,,DAC (Unit),DAC（单元）,DAC (Unit),products:zh+products:en,confirmed
CH32V303RBT6,9,opa_cmp,4,,OPA/CMP,运放、比较器,OPA/CMP,products:zh+products:en,confirmed
CH32V303RBT6,10,communication_interfaces_usart_uart,3,Communication interfaces,Communication interfaces USART/UART,通信接口 USART/UART,Communication interfaces USART/UART,products:zh+products:en,confirmed
CH32V303RBT6,11,communication_interfaces_spi,2,Communication interfaces,Communication interfaces SPI,通信接口 SPI,Communication interfaces SPI,products:zh+products:en,confirmed
CH32V303RBT6,12,communication_interfaces_i2c,2,Communication interfaces,Communication interfaces I2C,通信接口 I2C,Communication interfaces I2C,products:zh+products:en,confirmed
CH32V303RBT6,13,communication_interfaces_can,1,Communication interfaces,Communication interfaces CAN,通信接口 CAN,Communication interfaces CAN,products:zh+products:en,confirmed
CH32V303RBT6,14,communication_interfaces_usb_fs_usbhd,1,Communication interfaces USB (FS),Communication interfaces USB (FS) USBHD,通信接口 US（B FS） USBHD,Communication interfaces USB (FS) USBHD,products:zh+products:en,confirmed
CH32V303RBT6,15,cpu_main_frequency,Max: 144MHz,,CPU main frequency,CPU主频,CPU main frequency,products:zh+products:en,confirmed
CH32V303RCT6,0,code_flash_bytes,480K,,Code FLASH (bytes),Code FLASH（字节）,Code FLASH (bytes),products:zh+products:en,confirmed
CH32V303RCT6,1,timer_advanced_control_16_bit,4,Timer,Timer Advanced-control (16-bit),定时器 高级（16位）（2）,Timer Advanced-control (16-bit),products:zh+products:en,confirmed
CH32V303RCT6,2,timer_general_purpose_16_bit,4,Timer,Timer General-purpose (16-bit),定时器 通用（16位）（2）,Timer General-purpose (16-bit),products:zh+products:en,confirmed
CH32V303RCT6,3,timer_basic_16_bit,2,Timer,Timer Basic (16-bit),定时器 基本（16位）,Timer Basic (16-bit),products:zh+products:en,confirmed
CH32V303RCT6,4,timer_watchdog,2 (WWDG + IWDG),Timer,Timer Watchdog,定时器 看门狗,Timer Watchdog,products:zh+products:en,confirmed
CH32V303RCT6,5,timer_systick_64_bit,Supported,Timer,Timer SysTick (64-bit),定时器 系统时基64位,Timer SysTick (64-bit),products:zh+products:en,confirmed
CH32V303RCT6,6,rtc,Supported,,RTC,RTC,RTC,products:zh+products:en,confirmed
CH32V303RCT6,7,adc_tkey_unit,2,ADC/TKey,ADC/TKey Unit,ADC/TKey 单元数,ADC/TKey Unit,products:zh+products:en,confirmed
CH32V303RCT6,8,adc_tkey_channel,16,ADC/TKey,ADC/TKey Channel,ADC/TKey 通道数,ADC/TKey Channel,products:zh+products:en,confirmed
CH32V303RCT6,9,dac_unit,2,,DAC (Unit),DAC（单元）,DAC (Unit),products:zh+products:en,confirmed
CH32V303RCT6,10,opa_cmp,4,,OPA/CMP,运放、比较器,OPA/CMP,products:zh+products:en,confirmed
CH32V303RCT6,11,rng,1,,RNG,随机数发生器,RNG,products:zh+products:en,confirmed
CH32V303RCT6,12,communication_interfaces_usart_uart,8,Communication interfaces,Communication interfaces USART/UART,通信接口 USART/UART,Communication interfaces USART/UART,products:zh+products:en,confirmed
CH32V303RCT6,13,communication_interfaces_spi,3,Communication interfaces,Communication interfaces SPI,通信接口 SPI,Communication interfaces SPI,products:zh+products:en,confirmed
CH32V303RCT6,14,communication_interfaces_i2s,2,Communication interfaces,Communication interfaces I2S,通信接口 I2S,Communication interfaces I2S,products:zh+products:en,confirmed
CH32V303RCT6,15,communication_interfaces_i2c,2,Communication interfaces,Communication interfaces I2C,通信接口 I2C,Communication interfaces I2C,products:zh+products:en,confirmed
CH32V303RCT6,16,communication_interfaces_can,1,Communication interfaces,Communication interfaces CAN,通信接口 CAN,Communication interfaces CAN,products:zh+products:en,confirmed
CH32V303RCT6,17,communication_interfaces_sdio,1,Communication interfaces,Communication interfaces SDIO,通信接口 SDIO,Communication interfaces SDIO,products:zh+products:en,confirmed
CH32V303RCT6,18,communication_interfaces_usb_fs_usbhd,1,Communication interfaces USB (FS),Communication interfaces USB (FS) USBHD,通信接口 US（B FS） USBHD,Communication interfaces USB (FS) USBHD,products:zh+products:en,confirmed
CH32V303RCT6,19,cpu_main_frequency,Max: 144MHz,,CPU main frequency,CPU主频,CPU main frequency,products:zh+products:en,confirmed
CH32V303RCT7,0,code_flash_bytes,480K,,Code FLASH (bytes),Code FLASH（字节）,Code FLASH (bytes),products:zh+products:en,confirmed
CH32V303RCT7,1,timer_advanced_control_16_bit,4,Timer,Timer Advanced-control (16-bit),定时器 高级（16位）（2）,Timer Advanced-control (16-bit),products:zh+products:en,confirmed
CH32V303RCT7,2,timer_general_purpose_16_bit,4,Timer,Timer General-purpose (16-bit),定时器 通用（16位）（2）,Timer General-purpose (16-bit),products:zh+products:en,confirmed
CH32V303RCT7,3,timer_basic_16_bit,2,Timer,Timer Basic (16-bit),定时器 基本（16位）,Timer Basic (16-bit),products:zh+products:en,confirmed
CH32V303RCT7,4,timer_watchdog,2 (WWDG + IWDG),Timer,Timer Watchdog,定时器 看门狗,Timer Watchdog,products:zh+products:en,confirmed
CH32V303RCT7,5,timer_systick_64_bit,Supported,Timer,Timer SysTick (64-bit),定时器 系统时基64位,Timer SysTick (64-bit),products:zh+products:en,confirmed
CH32V303RCT7,6,rtc,Supported,,RTC,RTC,RTC,products:zh+products:en,confirmed
CH32V303RCT7,7,adc_tkey_unit,2,ADC/TKey,ADC/TKey Unit,ADC/TKey 单元数,ADC/TKey Unit,products:zh+products:en,confirmed
CH32V303RCT7,8,adc_tkey_channel,16,ADC/TKey,ADC/TKey Channel,ADC/TKey 通道数,ADC/TKey Channel,products:zh+products:en,confirmed
CH32V303RCT7,9,dac_unit,2,,DAC (Unit),DAC（单元）,DAC (Unit),products:zh+products:en,confirmed
CH32V303RCT7,10,opa_cmp,4,,OPA/CMP,运放、比较器,OPA/CMP,products:zh+products:en,confirmed
CH32V303RCT7,11,rng,1,,RNG,随机数发生器,RNG,products:zh+products:en,confirmed
CH32V303RCT7,12,communication_interfaces_usart_uart,8,Communication interfaces,Communication interfaces USART/UART,通信接口 USART/UART,Communication interfaces USART/UART,products:zh+products:en,confirmed
CH32V303RCT7,13,communication_interfaces_spi,3,Communication interfaces,Communication interfaces SPI,通信接口 SPI,Communication interfaces SPI,products:zh+products:en,confirmed
CH32V303RCT7,14,communication_interfaces_i2s,2,Communication interfaces,Communication interfaces I2S,通信接口 I2S,Communication interfaces I2S,products:zh+products:en,confirmed
CH32V303RCT7,15,communication_interfaces_i2c,2,Communication interfaces,Communication interfaces I2C,通信接口 I2C,Communication interfaces I2C,products:zh+products:en,confirmed
CH32V303RCT7,16,communication_interfaces_can,1,Communication interfaces,Communication interfaces CAN,通信接口 CAN,Communication interfaces CAN,products:zh+products:en,confirmed
CH32V303RCT7,17,communication_interfaces_sdio,1,Communication interfaces,Communication interfaces SDIO,通信接口 SDIO,Communication interfaces SDIO,products:zh+products:en,confirmed
CH32V303RCT7,18,communication_interfaces_usb_fs_usbhd,1,Communication interfaces USB (FS),Communication interfaces USB (FS) USBHD,通信接口 US（B FS） USBHD,Communication interfaces USB (FS) USBHD,products:zh+products:en,confirmed
CH32V303RCT7,19,cpu_main_frequency,Max: 144MHz,,CPU main frequency,CPU主频,CPU main frequency,products:zh+products:en,confirmed
CH32V303VCT6,0,code_flash_bytes,480K,,Code FLASH (bytes),Code FLASH（字节）,Code FLASH (bytes),products:zh+products:en,confirmed
CH32V303VCT6,1,timer_advanced_control_16_bit,4,Timer,Timer Advanced-control (16-bit),定时器 高级（16位）（2）,Timer Advanced-control (16-bit),products:zh+products:en,confirmed
CH32V303VCT6,2,timer_general_purpose_16_bit,4,Timer,Timer General-purpose (16-bit),定时器 通用（16位）（2）,Timer General-purpose (16-bit),products:zh+products:en,confirmed
CH32V303VCT6,3,timer_basic_16_bit,2,Timer,Timer Basic (16-bit),定时器 基本（16位）,Timer Basic (16-bit),products:zh+products:en,confirmed
CH32V303VCT6,4,timer_watchdog,2 (WWDG + IWDG),Timer,Timer Watchdog,定时器 看门狗,Timer Watchdog,products:zh+products:en,confirmed
CH32V303VCT6,5,timer_systick_64_bit,Supported,Timer,Timer SysTick (64-bit),定时器 系统时基64位,Timer SysTick (64-bit),products:zh+products:en,confirmed
CH32V303VCT6,6,rtc,Supported,,RTC,RTC,RTC,products:zh+products:en,confirmed
CH32V303VCT6,7,adc_tkey_unit,2,ADC/TKey,ADC/TKey Unit,ADC/TKey 单元数,ADC/TKey Unit,products:zh+products:en,confirmed
CH32V303VCT6,8,adc_tkey_channel,16,ADC/TKey,ADC/TKey Channel,ADC/TKey 通道数,ADC/TKey Channel,products:zh+products:en,confirmed
CH32V303VCT6,9,dac_unit,2,,DAC (Unit),DAC（单元）,DAC (Unit),products:zh+products:en,confirmed
CH32V303VCT6,10,opa_cmp,4,,OPA/CMP,运放、比较器,OPA/CMP,products:zh+products:en,confirmed
CH32V303VCT6,11,rng,1,,RNG,随机数发生器,RNG,products:zh+products:en,confirmed
CH32V303VCT6,12,communication_interfaces_usart_uart,8,Communication interfaces,Communication interfaces USART/UART,通信接口 USART/UART,Communication interfaces USART/UART,products:zh+products:en,confirmed
CH32V303VCT6,13,communication_interfaces_spi,3,Communication interfaces,Communication interfaces SPI,通信接口 SPI,Communication interfaces SPI,products:zh+products:en,confirmed
CH32V303VCT6,14,communication_interfaces_i2s,2,Communication interfaces,Communication interfaces I2S,通信接口 I2S,Communication interfaces I2S,products:zh+products:en,confirmed
CH32V303VCT6,15,communication_interfaces_i2c,2,Communication interfaces,Communication interfaces I2C,通信接口 I2C,Communication interfaces I2C,products:zh+products:en,confirmed
CH32V303VCT6,16,communication_interfaces_can,1,Communication interfaces,Communication interfaces CAN,通信接口 CAN,Communication interfaces CAN,products:zh+products:en,confirmed
CH32V303VCT6,17,communication_interfaces_sdio,1,Communication interfaces,Communication interfaces SDIO,通信接口 SDIO,Communication interfaces SDIO,products:zh+products:en,confirmed
CH32V303VCT6,18,communication_interfaces_usb_fs_usbhd,1,Communication interfaces USB (FS),Communication interfaces USB (FS) USBHD,通信接口 US（B FS） USBHD,Communication interfaces USB (FS) USBHD,products:zh+products:en,confirmed
CH32V303VCT6,19,communication_interfaces_fsmc,1,Communication interfaces,Communication interfaces FSMC,通信接口 FSMC,Communication interfaces FSMC,products:zh+products:en,confirmed
CH32V303VCT6,20,cpu_main_frequency,Max: 144MHz,,CPU main frequency,CPU主频,CPU main frequency,products:zh+products:en,confirmed
CH32V305CCT6,0,code_flash_bytes,480K,,Code FLASH (bytes),Code FLASH（字节）,Code FLASH (bytes),products:zh+products:en,confirmed
CH32V305CCT6,1,timer_advanced_control_16_bit,4,Timer,Timer Advanced-control (16-bit),定时器 高级（16位）（2）,Timer Advanced-control (16-bit),products:zh+products:en,confirmed
CH32V305CCT6,2,timer_general_purpose_16_bit,4,Timer,Timer General-purpose (16-bit),定时器 通用（16位）（2）,Timer General-purpose (16-bit),products:zh+products:en,confirmed
CH32V305CCT6,3,timer_basic_16_bit,2,Timer,Timer Basic (16-bit),定时器 基本（16位）,Timer Basic (16-bit),products:zh+products:en,confirmed
CH32V305CCT6,4,timer_watchdog,2 (WWDG + IWDG),Timer,Timer Watchdog,定时器 看门狗,Timer Watchdog,products:zh+products:en,confirmed
CH32V305CCT6,5,timer_systick_64_bit,Supported,Timer,Timer SysTick (64-bit),定时器 系统时基64位,Timer SysTick (64-bit),products:zh+products:en,confirmed
CH32V305CCT6,6,rtc,Supported,,RTC,RTC,RTC,products:zh+products:en,confirmed
CH32V305CCT6,7,adc_tkey_unit,2,ADC/TKey,ADC/TKey Unit,ADC/TKey 单元数,ADC/TKey Unit,products:zh+products:en,confirmed
CH32V305CCT6,8,adc_tkey_channel,16,ADC/TKey,ADC/TKey Channel,ADC/TKey 通道数,ADC/TKey Channel,products:zh+products:en,confirmed
CH32V305CCT6,9,dac_unit,2,,DAC (Unit),DAC（单元）,DAC (Unit),products:zh+products:en,confirmed
CH32V305CCT6,10,opa_cmp,4,,OPA/CMP,运放、比较器,OPA/CMP,products:zh+products:en,confirmed
CH32V305CCT6,11,rng,1,,RNG,随机数发生器,RNG,products:zh+products:en,confirmed
CH32V305CCT6,12,communication_interfaces_usart_uart,5,Communication interfaces,Communication interfaces USART/UART,通信接口 USART/UART,Communication interfaces USART/UART,products:zh+products:en,confirmed
CH32V305CCT6,13,communication_interfaces_spi,3,Communication interfaces,Communication interfaces SPI,通信接口 SPI,Communication interfaces SPI,products:zh+products:en,confirmed
CH32V305CCT6,14,communication_interfaces_i2s,2,Communication interfaces,Communication interfaces I2S,通信接口 I2S,Communication interfaces I2S,products:zh+products:en,confirmed
CH32V305CCT6,15,communication_interfaces_i2c,2,Communication interfaces,Communication interfaces I2C,通信接口 I2C,Communication interfaces I2C,products:zh+products:en,confirmed
CH32V305CCT6,16,communication_interfaces_can,2,Communication interfaces,Communication interfaces CAN,通信接口 CAN,Communication interfaces CAN,products:zh+products:en,confirmed
CH32V305CCT6,17,communication_interfaces_usb_fs_usbhd,1,Communication interfaces USB (FS),Communication interfaces USB (FS) USBHD,通信接口 US（B FS） USBHD,Communication interfaces USB (FS) USBHD,products:zh+products:en,confirmed
CH32V305CCT6,18,communication_interfaces_usbhs_include_phy,1,Communication interfaces,Communication interfaces USBHS (include PHY),通信接口 USBHS（含PHY）,Communication interfaces USBHS (include PHY),products:zh+products:en,confirmed
CH32V305CCT6,19,cpu_main_frequency,Max: 144MHz,,CPU main frequency,CPU主频,CPU main frequency,products:zh+products:en,confirmed
CH32V305FBP6,0,code_flash_bytes,224K,,Code FLASH (bytes),Code FLASH（字节）,Code FLASH (bytes),products:zh+products:en,confirmed
CH32V305FBP6,1,timer_advanced_control_16_bit,4,Timer,Timer Advanced-control (16-bit),定时器 高级（16位）（2）,Timer Advanced-control (16-bit),products:zh+products:en,confirmed
CH32V305FBP6,2,timer_general_purpose_16_bit,4,Timer,Timer General-purpose (16-bit),定时器 通用（16位）（2）,Timer General-purpose (16-bit),products:zh+products:en,confirmed
CH32V305FBP6,3,timer_basic_16_bit,2,Timer,Timer Basic (16-bit),定时器 基本（16位）,Timer Basic (16-bit),products:zh+products:en,confirmed
CH32V305FBP6,4,timer_watchdog,2 (WWDG + IWDG),Timer,Timer Watchdog,定时器 看门狗,Timer Watchdog,products:zh+products:en,confirmed
CH32V305FBP6,5,timer_systick_64_bit,Supported,Timer,Timer SysTick (64-bit),定时器 系统时基64位,Timer SysTick (64-bit),products:zh+products:en,confirmed
CH32V305FBP6,6,rtc,Supported,,RTC,RTC,RTC,products:zh+products:en,confirmed
CH32V305FBP6,7,adc_tkey_unit,2,ADC/TKey,ADC/TKey Unit,ADC/TKey 单元数,ADC/TKey Unit,products:zh+products:en,confirmed
CH32V305FBP6,8,adc_tkey_channel,1,ADC/TKey,ADC/TKey Channel,ADC/TKey 通道数,ADC/TKey Channel,products:zh+products:en,confirmed
CH32V305FBP6,9,dac_unit,DAC2,,DAC (Unit),DAC（单元）,DAC (Unit),products:zh+products:en,confirmed
CH32V305FBP6,10,rng,1,,RNG,随机数发生器,RNG,products:zh+products:en,confirmed
CH32V305FBP6,11,communication_interfaces_usart_uart,USART1 USART3,Communication interfaces,Communication interfaces USART/UART,通信接口 USART/UART,Communication interfaces USART/UART,products:zh+products:en,confirmed
CH32V305FBP6,12,communication_interfaces_spi,SPI2,Communication interfaces,Communication interfaces SPI,通信接口 SPI,Communication interfaces SPI,products:zh+products:en,confirmed
CH32V305FBP6,13,communication_interfaces_i2s,I2S2,Communication interfaces,Communication interfaces I2S,通信接口 I2S,Communication interfaces I2S,products:zh+products:en,confirmed
CH32V305FBP6,14,communication_interfaces_i2c,2,Communication interfaces,Communication interfaces I2C,通信接口 I2C,Communication interfaces I2C,products:zh+products:en,confirmed
CH32V305FBP6,15,communication_interfaces_can,CAN2,Communication interfaces,Communication interfaces CAN,通信接口 CAN,Communication interfaces CAN,products:zh+products:en,confirmed
CH32V305FBP6,16,communication_interfaces_usbhs_include_phy,1,Communication interfaces,Communication interfaces USBHS (include PHY),通信接口 USBHS（含PHY）,Communication interfaces USBHS (include PHY),products:zh+products:en,confirmed
CH32V305FBP6,17,cpu_main_frequency,Max: 144MHz,,CPU main frequency,CPU主频,CPU main frequency,products:zh+products:en,confirmed
CH32V305GBU6,0,code_flash_bytes,224K,,Code FLASH (bytes),Code FLASH（字节）,Code FLASH (bytes),products:zh+products:en,confirmed
CH32V305GBU6,1,timer_advanced_control_16_bit,4,Timer,Timer Advanced-control (16-bit),定时器 高级（16位）（2）,Timer Advanced-control (16-bit),products:zh+products:en,confirmed
CH32V305GBU6,2,timer_general_purpose_16_bit,4,Timer,Timer General-purpose (16-bit),定时器 通用（16位）（2）,Timer General-purpose (16-bit),products:zh+products:en,confirmed
CH32V305GBU6,3,timer_basic_16_bit,2,Timer,Timer Basic (16-bit),定时器 基本（16位）,Timer Basic (16-bit),products:zh+products:en,confirmed
CH32V305GBU6,4,timer_watchdog,2 (WWDG + IWDG),Timer,Timer Watchdog,定时器 看门狗,Timer Watchdog,products:zh+products:en,confirmed
CH32V305GBU6,5,timer_systick_64_bit,Supported,Timer,Timer SysTick (64-bit),定时器 系统时基64位,Timer SysTick (64-bit),products:zh+products:en,confirmed
CH32V305GBU6,6,rtc,Supported,,RTC,RTC,RTC,products:zh+products:en,confirmed
CH32V305GBU6,7,adc_tkey_unit,2,ADC/TKey,ADC/TKey Unit,ADC/TKey 单元数,ADC/TKey Unit,products:zh+products:en,confirmed
CH32V305GBU6,8,adc_tkey_channel,6,ADC/TKey,ADC/TKey Channel,ADC/TKey 通道数,ADC/TKey Channel,products:zh+products:en,confirmed
CH32V305GBU6,9,dac_unit,2,,DAC (Unit),DAC（单元）,DAC (Unit),products:zh+products:en,confirmed
CH32V305GBU6,10,opa_cmp,OPA3,,OPA/CMP,运放、比较器,OPA/CMP,products:zh+products:en,confirmed
CH32V305GBU6,11,rng,1,,RNG,随机数发生器,RNG,products:zh+products:en,confirmed
CH32V305GBU6,12,communication_interfaces_usart_uart,USART1 USART3 UART4 UART5 UART7,Communication interfaces,Communication interfaces USART/UART,通信接口 USART/UART,Communication interfaces USART/UART,products:zh+products:en,confirmed
CH32V305GBU6,13,communication_interfaces_spi,3,Communication interfaces,Communication interfaces SPI,通信接口 SPI,Communication interfaces SPI,products:zh+products:en,confirmed
CH32V305GBU6,14,communication_interfaces_i2s,2,Communication interfaces,Communication interfaces I2S,通信接口 I2S,Communication interfaces I2S,products:zh+products:en,confirmed
CH32V305GBU6,15,communication_interfaces_i2c,2,Communication interfaces,Communication interfaces I2C,通信接口 I2C,Communication interfaces I2C,products:zh+products:en,confirmed
CH32V305GBU6,16,communication_interfaces_can,CAN2,Communication interfaces,Communication interfaces CAN,通信接口 CAN,Communication interfaces CAN,products:zh+products:en,confirmed
CH32V305GBU6,17,communication_interfaces_sdio,1,Communication interfaces,Communication interfaces SDIO,通信接口 SDIO,Communication interfaces SDIO,products:zh+products:en,confirmed
CH32V305GBU6,18,communication_interfaces_usbhs_include_phy,1,Communication interfaces,Communication interfaces USBHS (include PHY),通信接口 USBHS（含PHY）,Communication interfaces USBHS (include PHY),products:zh+products:en,confirmed
CH32V305GBU6,19,cpu_main_frequency,Max: 144MHz,,CPU main frequency,CPU主频,CPU main frequency,products:zh+products:en,confirmed
CH32V305RBT6,0,code_flash_bytes,480K,,Code FLASH (bytes),Code FLASH（字节）,Code FLASH (bytes),products:zh+products:en,confirmed
CH32V305RBT6,1,timer_advanced_control_16_bit,4,Timer,Timer Advanced-control (16-bit),定时器 高级（16位）（2）,Timer Advanced-control (16-bit),products:zh+products:en,confirmed
CH32V305RBT6,2,timer_general_purpose_16_bit,4,Timer,Timer General-purpose (16-bit),定时器 通用（16位）（2）,Timer General-purpose (16-bit),products:zh+products:en,confirmed
CH32V305RBT6,3,timer_basic_16_bit,2,Timer,Timer Basic (16-bit),定时器 基本（16位）,Timer Basic (16-bit),products:zh+products:en,confirmed
CH32V305RBT6,4,timer_watchdog,2 (WWDG + IWDG),Timer,Timer Watchdog,定时器 看门狗,Timer Watchdog,products:zh+products:en,confirmed
CH32V305RBT6,5,timer_systick_64_bit,Supported,Timer,Timer SysTick (64-bit),定时器 系统时基64位,Timer SysTick (64-bit),products:zh+products:en,confirmed
CH32V305RBT6,6,rtc,Supported,,RTC,RTC,RTC,products:zh+products:en,confirmed
CH32V305RBT6,7,adc_tkey_unit,2,ADC/TKey,ADC/TKey Unit,ADC/TKey 单元数,ADC/TKey Unit,products:zh+products:en,confirmed
CH32V305RBT6,8,adc_tkey_channel,16,ADC/TKey,ADC/TKey Channel,ADC/TKey 通道数,ADC/TKey Channel,products:zh+products:en,confirmed
CH32V305RBT6,9,dac_unit,2,,DAC (Unit),DAC（单元）,DAC (Unit),products:zh+products:en,confirmed
CH32V305RBT6,10,opa_cmp,4,,OPA/CMP,运放、比较器,OPA/CMP,products:zh+products:en,confirmed
CH32V305RBT6,11,rng,1,,RNG,随机数发生器,RNG,products:zh+products:en,confirmed
CH32V305RBT6,12,communication_interfaces_usart_uart,5,Communication interfaces,Communication interfaces USART/UART,通信接口 USART/UART,Communication interfaces USART/UART,products:zh+products:en,confirmed
CH32V305RBT6,13,communication_interfaces_spi,3,Communication interfaces,Communication interfaces SPI,通信接口 SPI,Communication interfaces SPI,products:zh+products:en,confirmed
CH32V305RBT6,14,communication_interfaces_i2s,2,Communication interfaces,Communication interfaces I2S,通信接口 I2S,Communication interfaces I2S,products:zh+products:en,confirmed
CH32V305RBT6,15,communication_interfaces_i2c,2,Communication interfaces,Communication interfaces I2C,通信接口 I2C,Communication interfaces I2C,products:zh+products:en,confirmed
CH32V305RBT6,16,communication_interfaces_can,2,Communication interfaces,Communication interfaces CAN,通信接口 CAN,Communication interfaces CAN,products:zh+products:en,confirmed
CH32V305RBT6,17,communication_interfaces_sdio,1,Communication interfaces,Communication interfaces SDIO,通信接口 SDIO,Communication interfaces SDIO,products:zh+products:en,confirmed
CH32V305RBT6,18,communication_interfaces_usb_fs_usbhd,1,Communication interfaces USB (FS),Communication interfaces USB (FS) USBHD,通信接口 US（B FS） USBHD,Communication interfaces USB (FS) USBHD,products:zh+products:en,confirmed
CH32V305RBT6,19,communication_interfaces_usbhs_include_phy,1,Communication interfaces,Communication interfaces USBHS (include PHY),通信接口 USBHS（含PHY）,Communication interfaces USBHS (include PHY),products:zh+products:en,confirmed
CH32V305RBT6,20,cpu_main_frequency,Max: 144MHz,,CPU main frequency,CPU主频,CPU main frequency,products:zh+products:en,confirmed
CH32V307RCT6,0,code_flash_bytes,480K,,Code FLASH (bytes),Code FLASH（字节）,Code FLASH (bytes),products:zh+products:en,confirmed
CH32V307RCT6,1,timer_advanced_control_16_bit,4,Timer,Timer Advanced-control (16-bit),定时器 高级（16位）（2）,Timer Advanced-control (16-bit),products:zh+products:en,confirmed
CH32V307RCT6,2,timer_general_purpose_16_bit,4,Timer,Timer General-purpose (16-bit),定时器 通用（16位）（2）,Timer General-purpose (16-bit),products:zh+products:en,confirmed
CH32V307RCT6,3,timer_basic_16_bit,2,Timer,Timer Basic (16-bit),定时器 基本（16位）,Timer Basic (16-bit),products:zh+products:en,confirmed
CH32V307RCT6,4,timer_watchdog,2 (WWDG + IWDG),Timer,Timer Watchdog,定时器 看门狗,Timer Watchdog,products:zh+products:en,confirmed
CH32V307RCT6,5,timer_systick_64_bit,Supported,Timer,Timer SysTick (64-bit),定时器 系统时基64位,Timer SysTick (64-bit),products:zh+products:en,confirmed
CH32V307RCT6,6,rtc,Supported,,RTC,RTC,RTC,products:zh+products:en,confirmed
CH32V307RCT6,7,adc_tkey_unit,2,ADC/TKey,ADC/TKey Unit,ADC/TKey 单元数,ADC/TKey Unit,products:zh+products:en,confirmed
CH32V307RCT6,8,adc_tkey_channel,16,ADC/TKey,ADC/TKey Channel,ADC/TKey 通道数,ADC/TKey Channel,products:zh+products:en,confirmed
CH32V307RCT6,9,dac_unit,2,,DAC (Unit),DAC（单元）,DAC (Unit),products:zh+products:en,confirmed
CH32V307RCT6,10,opa_cmp,4,,OPA/CMP,运放、比较器,OPA/CMP,products:zh+products:en,confirmed
CH32V307RCT6,11,rng,1,,RNG,随机数发生器,RNG,products:zh+products:en,confirmed
CH32V307RCT6,12,communication_interfaces_usart_uart,8,Communication interfaces,Communication interfaces USART/UART,通信接口 USART/UART,Communication interfaces USART/UART,products:zh+products:en,confirmed
CH32V307RCT6,13,communication_interfaces_spi,3,Communication interfaces,Communication interfaces SPI,通信接口 SPI,Communication interfaces SPI,products:zh+products:en,confirmed
CH32V307RCT6,14,communication_interfaces_i2s,2,Communication interfaces,Communication interfaces I2S,通信接口 I2S,Communication interfaces I2S,products:zh+products:en,confirmed
CH32V307RCT6,15,communication_interfaces_i2c,2,Communication interfaces,Communication interfaces I2C,通信接口 I2C,Communication interfaces I2C,products:zh+products:en,confirmed
CH32V307RCT6,16,communication_interfaces_can,2,Communication interfaces,Communication interfaces CAN,通信接口 CAN,Communication interfaces CAN,products:zh+products:en,confirmed
CH32V307RCT6,17,communication_interfaces_sdio,1,Communication interfaces,Communication interfaces SDIO,通信接口 SDIO,Communication interfaces SDIO,products:zh+products:en,confirmed
CH32V307RCT6,18,communication_interfaces_usb_fs_usbhd,1,Communication interfaces USB (FS),Communication interfaces USB (FS) USBHD,通信接口 US（B FS） USBHD,Communication interfaces USB (FS) USBHD,products:zh+products:en,confirmed
CH32V307RCT6,19,communication_interfaces_usbhs_include_phy,1,Communication interfaces,Communication interfaces USBHS (include PHY),通信接口 USBHS（含PHY）,Communication interfaces USBHS (include PHY),products:zh+products:en,confirmed
CH32V307RCT6,20,communication_interfaces_ethernet,1G MAC+10M PHY,Communication interfaces,Communication interfaces Ethernet,通信接口 Ethernet,Communication interfaces Ethernet,products:zh+products:en,confirmed
CH32V307RCT6,21,cpu_main_frequency,Max: 144MHz,,CPU main frequency,CPU主频,CPU main frequency,products:zh+products:en,confirmed
CH32V307VCT6,0,code_flash_bytes,480K,,Code FLASH (bytes),Code FLASH（字节）,Code FLASH (bytes),products:zh+products:en,confirmed
CH32V307VCT6,1,timer_advanced_control_16_bit,4,Timer,Timer Advanced-control (16-bit),定时器 高级（16位）（2）,Timer Advanced-control (16-bit),products:zh+products:en,confirmed
CH32V307VCT6,2,timer_general_purpose_16_bit,4,Timer,Timer General-purpose (16-bit),定时器 通用（16位）（2）,Timer General-purpose (16-bit),products:zh+products:en,confirmed
CH32V307VCT6,3,timer_basic_16_bit,2,Timer,Timer Basic (16-bit),定时器 基本（16位）,Timer Basic (16-bit),products:zh+products:en,confirmed
CH32V307VCT6,4,timer_watchdog,2 (WWDG + IWDG),Timer,Timer Watchdog,定时器 看门狗,Timer Watchdog,products:zh+products:en,confirmed
CH32V307VCT6,5,timer_systick_64_bit,Supported,Timer,Timer SysTick (64-bit),定时器 系统时基64位,Timer SysTick (64-bit),products:zh+products:en,confirmed
CH32V307VCT6,6,rtc,Supported,,RTC,RTC,RTC,products:zh+products:en,confirmed
CH32V307VCT6,7,adc_tkey_unit,2,ADC/TKey,ADC/TKey Unit,ADC/TKey 单元数,ADC/TKey Unit,products:zh+products:en,confirmed
CH32V307VCT6,8,adc_tkey_channel,16,ADC/TKey,ADC/TKey Channel,ADC/TKey 通道数,ADC/TKey Channel,products:zh+products:en,confirmed
CH32V307VCT6,9,dac_unit,2,,DAC (Unit),DAC（单元）,DAC (Unit),products:zh+products:en,confirmed
CH32V307VCT6,10,opa_cmp,4,,OPA/CMP,运放、比较器,OPA/CMP,products:zh+products:en,confirmed
CH32V307VCT6,11,rng,1,,RNG,随机数发生器,RNG,products:zh+products:en,confirmed
CH32V307VCT6,12,communication_interfaces_usart_uart,8,Communication interfaces,Communication interfaces USART/UART,通信接口 USART/UART,Communication interfaces USART/UART,products:zh+products:en,confirmed
CH32V307VCT6,13,communication_interfaces_spi,3,Communication interfaces,Communication interfaces SPI,通信接口 SPI,Communication interfaces SPI,products:zh+products:en,confirmed
CH32V307VCT6,14,communication_interfaces_i2s,2,Communication interfaces,Communication interfaces I2S,通信接口 I2S,Communication interfaces I2S,products:zh+products:en,confirmed
CH32V307VCT6,15,communication_interfaces_i2c,2,Communication interfaces,Communication interfaces I2C,通信接口 I2C,Communication interfaces I2C,products:zh+products:en,confirmed
CH32V307VCT6,16,communication_interfaces_can,2,Communication interfaces,Communication interfaces CAN,通信接口 CAN,Communication interfaces CAN,products:zh+products:en,confirmed
CH32V307VCT6,17,communication_interfaces_sdio,1,Communication interfaces,Communication interfaces SDIO,通信接口 SDIO,Communication interfaces SDIO,products:zh+products:en,confirmed
CH32V307VCT6,18,communication_interfaces_usb_fs_usbhd,1,Communication interfaces USB (FS),Communication interfaces USB (FS) USBHD,通信接口 US（B FS） USBHD,Communication interfaces USB (FS) USBHD,products:zh+products:en,confirmed
CH32V307VCT6,19,communication_interfaces_usbhs_include_phy,1,Communication interfaces,Communication interfaces USBHS (include PHY),通信接口 USBHS（含PHY）,Communication interfaces USBHS (include PHY),products:zh+products:en,confirmed
CH32V307VCT6,20,communication_interfaces_ethernet,1G MAC+10M PHY,Communication interfaces,Communication interfaces Ethernet,通信接口 Ethernet,Communication interfaces Ethernet,products:zh+products:en,confirmed
CH32V307VCT6,21,communication_interfaces_dvp,1,Communication interfaces,Communication interfaces DVP,通信接口 DVP,Communication interfaces DVP,products:zh+products:en,confirmed
CH32V307VCT6,22,communication_interfaces_fsmc,1,Communication interfaces,Communication interfaces FSMC,通信接口 FSMC,Communication interfaces FSMC,products:zh+products:en,confirmed
CH32V307VCT6,23,cpu_main_frequency,Max: 144MHz,,CPU main frequency,CPU主频,CPU main frequency,products:zh+products:en,confirmed
CH32V307WCU6,0,code_flash_bytes,480K,,Code FLASH (bytes),Code FLASH（字节）,Code FLASH (bytes),products:zh+products:en,confirmed
CH32V307WCU6,1,timer_advanced_control_16_bit,4,Timer,Timer Advanced-control (16-bit),定时器 高级（16位）（2）,Timer Advanced-control (16-bit),products:zh+products:en,confirmed
CH32V307WCU6,2,timer_general_purpose_16_bit,4,Timer,Timer General-purpose (16-bit),定时器 通用（16位）（2）,Timer General-purpose (16-bit),products:zh+products:en,confirmed
CH32V307WCU6,3,timer_basic_16_bit,2,Timer,Timer Basic (16-bit),定时器 基本（16位）,Timer Basic (16-bit),products:zh+products:en,confirmed
CH32V307WCU6,4,timer_watchdog,2 (WWDG + IWDG),Timer,Timer Watchdog,定时器 看门狗,Timer Watchdog,products:zh+products:en,confirmed
CH32V307WCU6,5,timer_systick_64_bit,Supported,Timer,Timer SysTick (64-bit),定时器 系统时基64位,Timer SysTick (64-bit),products:zh+products:en,confirmed
CH32V307WCU6,6,rtc,Supported,,RTC,RTC,RTC,products:zh+products:en,confirmed
CH32V307WCU6,7,adc_tkey_unit,2,ADC/TKey,ADC/TKey Unit,ADC/TKey 单元数,ADC/TKey Unit,products:zh+products:en,confirmed
CH32V307WCU6,8,adc_tkey_channel,16,ADC/TKey,ADC/TKey Channel,ADC/TKey 通道数,ADC/TKey Channel,products:zh+products:en,confirmed
CH32V307WCU6,9,dac_unit,2,,DAC (Unit),DAC（单元）,DAC (Unit),products:zh+products:en,confirmed
CH32V307WCU6,10,opa_cmp,4,,OPA/CMP,运放、比较器,OPA/CMP,products:zh+products:en,confirmed
CH32V307WCU6,11,rng,1,,RNG,随机数发生器,RNG,products:zh+products:en,confirmed
CH32V307WCU6,12,communication_interfaces_usart_uart,8,Communication interfaces,Communication interfaces USART/UART,通信接口 USART/UART,Communication interfaces USART/UART,products:zh+products:en,confirmed
CH32V307WCU6,13,communication_interfaces_spi,3,Communication interfaces,Communication interfaces SPI,通信接口 SPI,Communication interfaces SPI,products:zh+products:en,confirmed
CH32V307WCU6,14,communication_interfaces_i2s,2,Communication interfaces,Communication interfaces I2S,通信接口 I2S,Communication interfaces I2S,products:zh+products:en,confirmed
CH32V307WCU6,15,communication_interfaces_i2c,2,Communication interfaces,Communication interfaces I2C,通信接口 I2C,Communication interfaces I2C,products:zh+products:en,confirmed
CH32V307WCU6,16,communication_interfaces_can,2,Communication interfaces,Communication interfaces CAN,通信接口 CAN,Communication interfaces CAN,products:zh+products:en,confirmed
CH32V307WCU6,17,communication_interfaces_sdio,1,Communication interfaces,Communication interfaces SDIO,通信接口 SDIO,Communication interfaces SDIO,products:zh+products:en,confirmed
CH32V307WCU6,18,communication_interfaces_usb_fs_usbhd,1,Communication interfaces USB (FS),Communication interfaces USB (FS) USBHD,通信接口 US（B FS） USBHD,Communication interfaces USB (FS) USBHD,products:zh+products:en,confirmed
CH32V307WCU6,19,communication_interfaces_usbhs_include_phy,1,Communication interfaces,Communication interfaces USBHS (include PHY),通信接口 USBHS（含PHY）,Communication interfaces USBHS (include PHY),products:zh+products:en,confirmed
CH32V307WCU6,20,communication_interfaces_ethernet,1G MAC+10M PHY,Communication interfaces,Communication interfaces Ethernet,通信接口 Ethernet,Communication interfaces Ethernet,products:zh+products:en,confirmed
CH32V307WCU6,21,cpu_main_frequency,Max: 144MHz,,CPU main frequency,CPU主频,CPU main frequency,products:zh+products:en,confirmed
CH32V317VCT6,0,code_flash_bytes,480K,,Code FLASH (bytes),Code FLASH（字节）,,products:zh,reference
CH32V317VCT6,1,timer_advanced_control_16_bit,4,Timer,Timer Advanced-control (16-bit)(2),定时器 高级（16位）（2）,Timer Advanced-control (16-bit)(2),products:zh+products:en,confirmed
CH32V317VCT6,2,timer_general_purpose_16_bit,4,Timer,Timer General- purpose (16-bit)(2),定时器 通用（16位）（2）,Timer General- purpose (16-bit)(2),products:zh+products:en,confirmed
CH32V317VCT6,3,timer_basic_16_bit,2,Timer,Timer Basic (16-bit),定时器 基本（16位）,Timer Basic (16-bit),products:zh+products:en,confirmed
CH32V317VCT6,4,timer_watchdog,2 (WWDG + IWDG),Timer,Timer Watchdog,定时器 看门狗,Timer Watchdog,products:zh+products:en,confirmed
CH32V317VCT6,5,timer_systick_64_bit,Supported,Timer,Timer SysTick (64-bit),定时器 系统时基64位,Timer SysTick (64-bit),products:zh+products:en,confirmed
CH32V317VCT6,6,rtc,Supported,,RTC,RTC,RTC,products:zh+products:en,confirmed
CH32V317VCT6,7,adc_tkey_unit,2,ADC/TKey,ADC/TKey Unit,ADC/TKey 单元数,ADC/TKey Unit,products:zh+products:en,confirmed
CH32V317VCT6,8,adc_tkey_channel,16,ADC/TKey,ADC/TKey Channel,ADC/TKey 通道数,ADC/TKey Channel,products:zh+products:en,confirmed
CH32V317VCT6,9,dac_unit,2,,DAC (Unit),DAC（单元）,DAC (Unit),products:zh+products:en,confirmed
CH32V317VCT6,10,opa,4,,OPA,运放,OPA,products:zh+products:en,confirmed
CH32V317VCT6,11,rng,1,,RNG,随机数发生器,RNG,products:zh+products:en,confirmed
CH32V317VCT6,12,communication_interfaces_usart_uart,8,Communication interfaces,Communication interfaces USART/UART,通信接口 USART/UART,Communication interfaces USART/UART,products:zh+products:en,confirmed
CH32V317VCT6,13,communication_interfaces_spi,3,Communication interfaces,Communication interfaces SPI,通信接口 SPI,Communication interfaces SPI,products:zh+products:en,confirmed
CH32V317VCT6,14,communication_interfaces_i2s,2,Communication interfaces,Communication interfaces I2S,通信接口 I2S,Communication interfaces I2S,products:zh+products:en,confirmed
CH32V317VCT6,15,communication_interfaces_i2c,2,Communication interfaces,Communication interfaces I2C,通信接口 I2C,Communication interfaces I2C,products:zh+products:en,confirmed
CH32V317VCT6,16,communication_interfaces_can,2,Communication interfaces,Communication interfaces CAN,通信接口 CAN,Communication interfaces CAN,products:zh+products:en,confirmed
CH32V317VCT6,17,communication_interfaces_sdio,1,Communication interfaces,Communication interfaces SDIO,通信接口 SDIO,Communication interfaces SDIO,products:zh+products:en,confirmed
CH32V317VCT6,18,communication_interfaces_usb_fs_usbhd,1,Communication interfaces USB (FS),Communication interfaces USB (FS) USBHD,通信接口 USB（FS） USBHD,Communication interfaces USB (FS) USBHD,products:zh+products:en,confirmed
CH32V317VCT6,19,communication_interfaces_usbhs_include_phy,1,Communication interfaces,Communication interfaces USBHS (include PHY),通信接口 USBHS（含PHY）,Communication interfaces USBHS (include PHY),products:zh+products:en,confirmed
CH32V317VCT6,20,communication_interfaces_ethernet,MAC+10M/100M PHY,Communication interfaces,Communication interfaces Ethernet,通信接口 Ethernet,Communication interfaces Ethernet,products:zh+products:en,confirmed
CH32V317VCT6,21,communication_interfaces_dvp,1,Communication interfaces,Communication interfaces DVP,通信接口 DVP,Communication interfaces DVP,products:zh+products:en,confirmed
CH32V317VCT6,22,cpu_main_frequency,Max: 144MHz,,CPU main frequency,CPU主频,CPU main frequency,products:zh+products:en,confirmed
CH32V317WCU6,0,code_flash_bytes,480K,,Code FLASH (bytes),Code FLASH（字节）,,products:zh,reference
CH32V317WCU6,1,timer_advanced_control_16_bit,4,Timer,Timer Advanced-control (16-bit)(2),定时器 高级（16位）（2）,Timer Advanced-control (16-bit)(2),products:zh+products:en,confirmed
CH32V317WCU6,2,timer_general_purpose_16_bit,4,Timer,Timer General- purpose (16-bit)(2),定时器 通用（16位）（2）,Timer General- purpose (16-bit)(2),products:zh+products:en,confirmed
CH32V317WCU6,3,timer_basic_16_bit,2,Timer,Timer Basic (16-bit),定时器 基本（16位）,Timer Basic (16-bit),products:zh+products:en,confirmed
CH32V317WCU6,4,timer_watchdog,2 (WWDG + IWDG),Timer,Timer Watchdog,定时器 看门狗,Timer Watchdog,products:zh+products:en,confirmed
CH32V317WCU6,5,timer_systick_64_bit,Supported,Timer,Timer SysTick (64-bit),定时器 系统时基64位,Timer SysTick (64-bit),products:zh+products:en,confirmed
CH32V317WCU6,6,rtc,Supported,,RTC,RTC,RTC,products:zh+products:en,confirmed
CH32V317WCU6,7,adc_tkey_unit,2,ADC/TKey,ADC/TKey Unit,ADC/TKey 单元数,ADC/TKey Unit,products:zh+products:en,confirmed
CH32V317WCU6,8,adc_tkey_channel,16,ADC/TKey,ADC/TKey Channel,ADC/TKey 通道数,ADC/TKey Channel,products:zh+products:en,confirmed
CH32V317WCU6,9,dac_unit,2,,DAC (Unit),DAC（单元）,DAC (Unit),products:zh+products:en,confirmed
CH32V317WCU6,10,opa,4,,OPA,运放,OPA,products:zh+products:en,confirmed
CH32V317WCU6,11,rng,1,,RNG,随机数发生器,RNG,products:zh+products:en,confirmed
CH32V317WCU6,12,communication_interfaces_usart_uart,8,Communication interfaces,Communication interfaces USART/UART,通信接口 USART/UART,Communication interfaces USART/UART,products:zh+products:en,confirmed
CH32V317WCU6,13,communication_interfaces_spi,3,Communication interfaces,Communication interfaces SPI,通信接口 SPI,Communication interfaces SPI,products:zh+products:en,confirmed
CH32V317WCU6,14,communication_interfaces_i2s,2,Communication interfaces,Communication interfaces I2S,通信接口 I2S,Communication interfaces I2S,products:zh+products:en,confirmed
CH32V317WCU6,15,communication_interfaces_i2c,2,Communication interfaces,Communication interfaces I2C,通信接口 I2C,Communication interfaces I2C,products:zh+products:en,confirmed
CH32V317WCU6,16,communication_interfaces_can,2,Communication interfaces,Communication interfaces CAN,通信接口 CAN,Communication interfaces CAN,products:zh+products:en,confirmed
CH32V317WCU6,17,communication_interfaces_sdio,1,Communication interfaces,Communication interfaces SDIO,通信接口 SDIO,Communication interfaces SDIO,products:zh+products:en,confirmed
CH32V317WCU6,18,communication_interfaces_usb_fs_usbhd,1,Communication interfaces USB (FS),Communication interfaces USB (FS) USBHD,通信接口 USB（FS） USBHD,Communication interfaces USB (FS) USBHD,products:zh+products:en,confirmed
CH32V317WCU6,19,communication_interfaces_usbhs_include_phy,1,Communication interfaces,Communication interfaces USBHS (include PHY),通信接口 USBHS（含PHY）,Communication interfaces USBHS (include PHY),products:zh+products:en,confirmed
CH32V317WCU6,20,communication_interfaces_ethernet,MAC+10M/100M PHY,Communication interfaces,Communication interfaces Ethernet,通信接口 Ethernet,Communication interfaces Ethernet,products:zh+products:en,confirmed
CH32V317WCU6,21,cpu_main_frequency,Max: 144MHz,,CPU main frequency,CPU主频,CPU main frequency,products:zh+products:en,confirmed
CH32V407RET6,0,timer_advanced_control_16_bit,2,Timer,Timer Advanced-control (16-bit)(1),定时器 高级（16位）（1）,Timer Advanced-control (16-bit)(1),products:zh+products:en,confirmed
CH32V407RET6,1,timer_general_purpose_16_bit,4,Timer,Timer General-purpose (16-bit) (1),定时器 通用（16位）（1）,Timer General-purpose (16-bit) (1),products:zh+products:en,confirmed
CH32V407RET6,2,timer_basic_16_bit,2,Timer,Timer Basic (16-bit),定时器 基本（16位）,Timer Basic (16-bit),products:zh+products:en,confirmed
CH32V407RET6,3,timer_watchdog,2 (WWDG + IWDG),Timer,Timer Watchdog,定时器 看门狗,Timer Watchdog,products:zh+products:en,confirmed
CH32V407RET6,4,timer_systick_32_bit,Support,Timer,Timer SysTick (32-bit),定时器 系统时基32位,Timer SysTick (32-bit),products:zh+products:en,confirmed
CH32V407RET6,5,rtc,Support,,RTC,RTC,RTC,products:zh+products:en,confirmed
CH32V407RET6,6,adc_unit,2,ADC,ADC Unit,ADC 单元数,ADC Unit,products:zh+products:en,confirmed
CH32V407RET6,7,adc_channel,16+2,ADC,ADC channel,ADC 通道数,ADC channel,products:zh+products:en,confirmed
CH32V407RET6,8,dac_unit,2,,DAC (Unit),DAC（单元）,DAC (Unit),products:zh+products:en,confirmed
CH32V407RET6,9,opa,1,,OPA,OPA,OPA,products:zh+products:en,confirmed
CH32V407RET6,10,rng,1,,RNG,随机数发生器（RNG）,RNG,products:zh+products:en,confirmed
CH32V407RET6,11,usart,10,,USART,USART,USART,products:zh+products:en,confirmed
CH32V407RET6,12,spi_i2s,3/2,,SPI/I2S,SPI/I2S,SPI/I2S,products:zh+products:en,confirmed
CH32V407RET6,13,i2c,1,,I2C,I2C,I2C,products:zh+products:en,confirmed
CH32V407RET6,14,i3c,1,,I3C,I3C,I3C,products:zh+products:en,confirmed
CH32V407RET6,15,can,1,,CAN,CAN,CAN,products:zh+products:en,confirmed
CH32V407RET6,16,sdio,1,,SDIO,SDIO,SDIO,products:zh+products:en,confirmed
CH32V407RET6,17,usbhs_include_phy,1 (USBHS1),,USBHS (Include PHY),USBHS（含PHY）,USBHS (Include PHY),products:zh+products:en,confirmed
CH32V407RET6,18,ethernet,MAC+10M/100M PHY,,Ethernet,Ethernet,Ethernet,products:zh+products:en,confirmed
CH32V407RET6,19,dvp,1,,DVP,DVP,DVP,products:zh+products:en,confirmed
CH32V407RET6,20,ltdc,1,,LTDC,LTDC,LTDC,products:zh+products:en,confirmed
CH32V407RET6,21,argb,1,,ARGB,ARGB,ARGB,products:zh+products:en,confirmed
CH32V407RET6,22,cpu_main_frequency,Max: 200MHz,,CPU main frequency,CPU主频,CPU main frequency,products:zh+products:en,confirmed
CH32V407VET6,0,timer_advanced_control_16_bit,2,Timer,Timer Advanced-control (16-bit)(1),定时器 高级（16位）（1）,Timer Advanced-control (16-bit)(1),products:zh+products:en,confirmed
CH32V407VET6,1,timer_general_purpose_16_bit,4,Timer,Timer General-purpose (16-bit) (1),定时器 通用（16位）（1）,Timer General-purpose (16-bit) (1),products:zh+products:en,confirmed
CH32V407VET6,2,timer_basic_16_bit,2,Timer,Timer Basic (16-bit),定时器 基本（16位）,Timer Basic (16-bit),products:zh+products:en,confirmed
CH32V407VET6,3,timer_watchdog,2 (WWDG + IWDG),Timer,Timer Watchdog,定时器 看门狗,Timer Watchdog,products:zh+products:en,confirmed
CH32V407VET6,4,timer_systick_32_bit,Support,Timer,Timer SysTick (32-bit),定时器 系统时基32位,Timer SysTick (32-bit),products:zh+products:en,confirmed
CH32V407VET6,5,rtc,Support,,RTC,RTC,RTC,products:zh+products:en,confirmed
CH32V407VET6,6,adc_unit,2,ADC,ADC Unit,ADC 单元数,ADC Unit,products:zh+products:en,confirmed
CH32V407VET6,7,adc_channel,16+2,ADC,ADC channel,ADC 通道数,ADC channel,products:zh+products:en,confirmed
CH32V407VET6,8,dac_unit,2,,DAC (Unit),DAC（单元）,DAC (Unit),products:zh+products:en,confirmed
CH32V407VET6,9,opa,1,,OPA,OPA,OPA,products:zh+products:en,confirmed
CH32V407VET6,10,rng,1,,RNG,随机数发生器（RNG）,RNG,products:zh+products:en,confirmed
CH32V407VET6,11,usart,10,,USART,USART,USART,products:zh+products:en,confirmed
CH32V407VET6,12,spi_i2s,3/2,,SPI/I2S,SPI/I2S,SPI/I2S,products:zh+products:en,confirmed
CH32V407VET6,13,i2c,1,,I2C,I2C,I2C,products:zh+products:en,confirmed
CH32V407VET6,14,i3c,1,,I3C,I3C,I3C,products:zh+products:en,confirmed
CH32V407VET6,15,can,1,,CAN,CAN,CAN,products:zh+products:en,confirmed
CH32V407VET6,16,sdio,1,,SDIO,SDIO,SDIO,products:zh+products:en,confirmed
CH32V407VET6,17,usbhs_include_phy,2,,USBHS (Include PHY),USBHS（含PHY）,USBHS (Include PHY),products:zh+products:en,confirmed
CH32V407VET6,18,ethernet,MAC+10M/100M PHY,,Ethernet,Ethernet,Ethernet,products:zh+products:en,confirmed
CH32V407VET6,19,dvp,1,,DVP,DVP,DVP,products:zh+products:en,confirmed
CH32V407VET6,20,fsmc,1,,FSMC,FSMC,FSMC,products:zh+products:en,confirmed
CH32V407VET6,21,ltdc,1,,LTDC,LTDC,LTDC,products:zh+products:en,confirmed
CH32V407VET6,22,argb,1,,ARGB,ARGB,ARGB,products:zh+products:en,confirmed
CH32V407VET6,23,cpu_main_frequency,Max: 200MHz,,CPU main frequency,CPU主频,CPU main frequency,products:zh+products:en,confirmed
CH32V407WEU6,0,timer_advanced_control_16_bit,2,Timer,Timer Advanced-control (16-bit)(1),定时器 高级（16位）（1）,Timer Advanced-control (16-bit)(1),products:zh+products:en,confirmed
CH32V407WEU6,1,timer_general_purpose_16_bit,4,Timer,Timer General-purpose (16-bit) (1),定时器 通用（16位）（1）,Timer General-purpose (16-bit) (1),products:zh+products:en,confirmed
CH32V407WEU6,2,timer_basic_16_bit,2,Timer,Timer Basic (16-bit),定时器 基本（16位）,Timer Basic (16-bit),products:zh+products:en,confirmed
CH32V407WEU6,3,timer_watchdog,2 (WWDG + IWDG),Timer,Timer Watchdog,定时器 看门狗,Timer Watchdog,products:zh+products:en,confirmed
CH32V407WEU6,4,timer_systick_32_bit,Support,Timer,Timer SysTick (32-bit),定时器 系统时基32位,Timer SysTick (32-bit),products:zh+products:en,confirmed
CH32V407WEU6,5,rtc,Support,,RTC,RTC,RTC,products:zh+products:en,confirmed
CH32V407WEU6,6,adc_unit,2,ADC,ADC Unit,ADC 单元数,ADC Unit,products:zh+products:en,confirmed
CH32V407WEU6,7,adc_channel,16+2,ADC,ADC channel,ADC 通道数,ADC channel,products:zh+products:en,confirmed
CH32V407WEU6,8,dac_unit,2,,DAC (Unit),DAC（单元）,DAC (Unit),products:zh+products:en,confirmed
CH32V407WEU6,9,opa,1,,OPA,OPA,OPA,products:zh+products:en,confirmed
CH32V407WEU6,10,rng,1,,RNG,随机数发生器（RNG）,RNG,products:zh+products:en,confirmed
CH32V407WEU6,11,usart,10,,USART,USART,USART,products:zh+products:en,confirmed
CH32V407WEU6,12,spi_i2s,3/2,,SPI/I2S,SPI/I2S,SPI/I2S,products:zh+products:en,confirmed
CH32V407WEU6,13,i2c,1,,I2C,I2C,I2C,products:zh+products:en,confirmed
CH32V407WEU6,14,i3c,1,,I3C,I3C,I3C,products:zh+products:en,confirmed
CH32V407WEU6,15,can,1,,CAN,CAN,CAN,products:zh+products:en,confirmed
CH32V407WEU6,16,sdio,1,,SDIO,SDIO,SDIO,products:zh+products:en,confirmed
CH32V407WEU6,17,usbhs_include_phy,2,,USBHS (Include PHY),USBHS（含PHY）,USBHS (Include PHY),products:zh+products:en,confirmed
CH32V407WEU6,18,ethernet,MAC+10M/100M PHY,,Ethernet,Ethernet,Ethernet,products:zh+products:en,confirmed
CH32V407WEU6,19,dvp,1,,DVP,DVP,DVP,products:zh+products:en,confirmed
CH32V407WEU6,20,ltdc,1,,LTDC,LTDC,LTDC,products:zh+products:en,confirmed
CH32V407WEU6,21,argb,1,,ARGB,ARGB,ARGB,products:zh+products:en,confirmed
CH32V407WEU6,22,cpu_main_frequency,Max: 200MHz,,CPU main frequency,CPU主频,CPU main frequency,products:zh+products:en,confirmed
CH32V467RET6,0,extended_psram_bytes,4M,,Extended PSRAM (Bytes),扩展PSRAM（字节）,Extended PSRAM (Bytes),products:zh+products:en,confirmed
CH32V467RET6,1,timer_advanced_control_16_bit,2,Timer,Timer Advanced-control (16-bit)(1),定时器 高级（16位）（1）,Timer Advanced-control (16-bit)(1),products:zh+products:en,confirmed
CH32V467RET6,2,timer_general_purpose_16_bit,4,Timer,Timer General-purpose (16-bit) (1),定时器 通用（16位）（1）,Timer General-purpose (16-bit) (1),products:zh+products:en,confirmed
CH32V467RET6,3,timer_basic_16_bit,2,Timer,Timer Basic (16-bit),定时器 基本（16位）,Timer Basic (16-bit),products:zh+products:en,confirmed
CH32V467RET6,4,timer_watchdog,2 (WWDG + IWDG),Timer,Timer Watchdog,定时器 看门狗,Timer Watchdog,products:zh+products:en,confirmed
CH32V467RET6,5,timer_systick_32_bit,Support,Timer,Timer SysTick (32-bit),定时器 系统时基32位,Timer SysTick (32-bit),products:zh+products:en,confirmed
CH32V467RET6,6,rtc,Support,,RTC,RTC,RTC,products:zh+products:en,confirmed
CH32V467RET6,7,adc_unit,2,ADC,ADC Unit,ADC 单元数,ADC Unit,products:zh+products:en,confirmed
CH32V467RET6,8,adc_channel,16+2,ADC,ADC channel,ADC 通道数,ADC channel,products:zh+products:en,confirmed
CH32V467RET6,9,dac_unit,2,,DAC (Unit),DAC（单元）,DAC (Unit),products:zh+products:en,confirmed
CH32V467RET6,10,opa,1,,OPA,OPA,OPA,products:zh+products:en,confirmed
CH32V467RET6,11,rng,1,,RNG,随机数发生器（RNG）,RNG,products:zh+products:en,confirmed
CH32V467RET6,12,usart,10,,USART,USART,USART,products:zh+products:en,confirmed
CH32V467RET6,13,spi_i2s,3/2,,SPI/I2S,SPI/I2S,SPI/I2S,products:zh+products:en,confirmed
CH32V467RET6,14,i2c,1,,I2C,I2C,I2C,products:zh+products:en,confirmed
CH32V467RET6,15,i3c,1,,I3C,I3C,I3C,products:zh+products:en,confirmed
CH32V467RET6,16,can,1,,CAN,CAN,CAN,products:zh+products:en,confirmed
CH32V467RET6,17,sdio,1,,SDIO,SDIO,SDIO,products:zh+products:en,confirmed
CH32V467RET6,18,usbhs_include_phy,1 (USBHS1),,USBHS (Include PHY),USBHS（含PHY）,USBHS (Include PHY),products:zh+products:en,confirmed
CH32V467RET6,19,ethernet,MAC+10M/100M PHY,,Ethernet,Ethernet,Ethernet,products:zh+products:en,confirmed
CH32V467RET6,20,dvp,1,,DVP,DVP,DVP,products:zh+products:en,confirmed
CH32V467RET6,21,ltdc,1,,LTDC,LTDC,LTDC,products:zh+products:en,confirmed
CH32V467RET6,22,argb,1,,ARGB,ARGB,ARGB,products:zh+products:en,confirmed
CH32V467RET6,23,cpu_main_frequency,Max: 200MHz,,CPU main frequency,CPU主频,CPU main frequency,products:zh+products:en,confirmed
CH32V467VET6,0,extended_psram_bytes,8M,,Extended PSRAM (Bytes),扩展PSRAM（字节）,Extended PSRAM (Bytes),products:zh+products:en,confirmed
CH32V467VET6,1,timer_advanced_control_16_bit,2,Timer,Timer Advanced-control (16-bit)(1),定时器 高级（16位）（1）,Timer Advanced-control (16-bit)(1),products:zh+products:en,confirmed
CH32V467VET6,2,timer_general_purpose_16_bit,4,Timer,Timer General-purpose (16-bit) (1),定时器 通用（16位）（1）,Timer General-purpose (16-bit) (1),products:zh+products:en,confirmed
CH32V467VET6,3,timer_basic_16_bit,2,Timer,Timer Basic (16-bit),定时器 基本（16位）,Timer Basic (16-bit),products:zh+products:en,confirmed
CH32V467VET6,4,timer_watchdog,2 (WWDG + IWDG),Timer,Timer Watchdog,定时器 看门狗,Timer Watchdog,products:zh+products:en,confirmed
CH32V467VET6,5,timer_systick_32_bit,Support,Timer,Timer SysTick (32-bit),定时器 系统时基32位,Timer SysTick (32-bit),products:zh+products:en,confirmed
CH32V467VET6,6,rtc,Support,,RTC,RTC,RTC,products:zh+products:en,confirmed
CH32V467VET6,7,adc_unit,2,ADC,ADC Unit,ADC 单元数,ADC Unit,products:zh+products:en,confirmed
CH32V467VET6,8,adc_channel,16+2,ADC,ADC channel,ADC 通道数,ADC channel,products:zh+products:en,confirmed
CH32V467VET6,9,dac_unit,2,,DAC (Unit),DAC（单元）,DAC (Unit),products:zh+products:en,confirmed
CH32V467VET6,10,opa,1,,OPA,OPA,OPA,products:zh+products:en,confirmed
CH32V467VET6,11,rng,1,,RNG,随机数发生器（RNG）,RNG,products:zh+products:en,confirmed
CH32V467VET6,12,usart,10,,USART,USART,USART,products:zh+products:en,confirmed
CH32V467VET6,13,spi_i2s,3/2,,SPI/I2S,SPI/I2S,SPI/I2S,products:zh+products:en,confirmed
CH32V467VET6,14,i2c,1,,I2C,I2C,I2C,products:zh+products:en,confirmed
CH32V467VET6,15,i3c,1,,I3C,I3C,I3C,products:zh+products:en,confirmed
CH32V467VET6,16,can,1,,CAN,CAN,CAN,products:zh+products:en,confirmed
CH32V467VET6,17,sdio,1,,SDIO,SDIO,SDIO,products:zh+products:en,confirmed
CH32V467VET6,18,usbhs_include_phy,2,,USBHS (Include PHY),USBHS（含PHY）,USBHS (Include PHY),products:zh+products:en,confirmed
CH32V467VET6,19,ethernet,MAC+10M/100M PHY,,Ethernet,Ethernet,Ethernet,products:zh+products:en,confirmed
CH32V467VET6,20,dvp,1,,DVP,DVP,DVP,products:zh+products:en,confirmed
CH32V467VET6,21,fsmc,1,,FSMC,FSMC,FSMC,products:zh+products:en,confirmed
CH32V467VET6,22,ltdc,1,,LTDC,LTDC,LTDC,products:zh+products:en,confirmed
CH32V467VET6,23,argb,1,,ARGB,ARGB,ARGB,products:zh+products:en,confirmed
CH32V467VET6,24,cpu_main_frequency,Max: 200MHz,,CPU main frequency,CPU主频,CPU main frequency,products:zh+products:en,confirmed
CH32V467WEU6,0,extended_psram_bytes,8M,,Extended PSRAM (Bytes),扩展PSRAM（字节）,Extended PSRAM (Bytes),products:zh+products:en,confirmed
CH32V467WEU6,1,timer_advanced_control_16_bit,2,Timer,Timer Advanced-control (16-bit)(1),定时器 高级（16位）（1）,Timer Advanced-control (16-bit)(1),products:zh+products:en,confirmed
CH32V467WEU6,2,timer_general_purpose_16_bit,4,Timer,Timer General-purpose (16-bit) (1),定时器 通用（16位）（1）,Timer General-purpose (16-bit) (1),products:zh+products:en,confirmed
CH32V467WEU6,3,timer_basic_16_bit,2,Timer,Timer Basic (16-bit),定时器 基本（16位）,Timer Basic (16-bit),products:zh+products:en,confirmed
CH32V467WEU6,4,timer_watchdog,2 (WWDG + IWDG),Timer,Timer Watchdog,定时器 看门狗,Timer Watchdog,products:zh+products:en,confirmed
CH32V467WEU6,5,timer_systick_32_bit,Support,Timer,Timer SysTick (32-bit),定时器 系统时基32位,Timer SysTick (32-bit),products:zh+products:en,confirmed
CH32V467WEU6,6,rtc,Support,,RTC,RTC,RTC,products:zh+products:en,confirmed
CH32V467WEU6,7,adc_unit,2,ADC,ADC Unit,ADC 单元数,ADC Unit,products:zh+products:en,confirmed
CH32V467WEU6,8,adc_channel,16+2,ADC,ADC channel,ADC 通道数,ADC channel,products:zh+products:en,confirmed
CH32V467WEU6,9,dac_unit,2,,DAC (Unit),DAC（单元）,DAC (Unit),products:zh+products:en,confirmed
CH32V467WEU6,10,opa,1,,OPA,OPA,OPA,products:zh+products:en,confirmed
CH32V467WEU6,11,rng,1,,RNG,随机数发生器（RNG）,RNG,products:zh+products:en,confirmed
CH32V467WEU6,12,usart,10,,USART,USART,USART,products:zh+products:en,confirmed
CH32V467WEU6,13,spi_i2s,3/2,,SPI/I2S,SPI/I2S,SPI/I2S,products:zh+products:en,confirmed
CH32V467WEU6,14,i2c,1,,I2C,I2C,I2C,products:zh+products:en,confirmed
CH32V467WEU6,15,i3c,1,,I3C,I3C,I3C,products:zh+products:en,confirmed
CH32V467WEU6,16,can,1,,CAN,CAN,CAN,products:zh+products:en,confirmed
CH32V467WEU6,17,sdio,1,,SDIO,SDIO,SDIO,products:zh+products:en,confirmed
CH32V467WEU6,18,usbhs_include_phy,2,,USBHS (Include PHY),USBHS（含PHY）,USBHS (Include PHY),products:zh+products:en,confirmed
CH32V467WEU6,19,ethernet,MAC+10M/100M PHY,,Ethernet,Ethernet,Ethernet,products:zh+products:en,confirmed
CH32V467WEU6,20,dvp,1,,DVP,DVP,DVP,products:zh+products:en,confirmed
CH32V467WEU6,21,ltdc,1,,LTDC,LTDC,LTDC,products:zh+products:en,confirmed
CH32V467WEU6,22,argb,1,,ARGB,ARGB,ARGB,products:zh+products:en,confirmed
CH32V467WEU6,23,cpu_main_frequency,Max: 200MHz,,CPU main frequency,CPU主频,CPU main frequency,products:zh+products:en,confirmed
CH32X033F8P6,0,advanced_control_timer,2,Advanced-control,Advanced-control timer,高 级 定 时 器,Advanced-control timer,products:zh+products:en,confirmed
CH32X033F8P6,1,general_purpose_timer,1,General-purpose,General-purpose timer,通 用 定 时 器,General-purpose timer,products:zh+products:en,confirmed
CH32X033F8P6,2,serial_port,4,Serial,Serial port,串 口,Serial port,products:zh+products:en,confirmed
CH32X033F8P6,3,watchdog,2,,Watchdog,看 门 狗,Watchdog,products:zh+products:en,confirmed
CH32X033F8P6,4,usb_device,√,USB,USB Device,USB 设 备,USB Device,products:zh+products:en,confirmed
CH32X033F8P6,5,adc,10+1,,ADC,ADC,ADC,products:zh+products:en,confirmed
CH32X033F8P6,6,opa,2,,OPA,OPA 运 放,OPA,products:zh+products:en,confirmed
CH32X033F8P6,7,cmp,2,,CMP,CMP 比较 器,CMP,products:zh+products:en,confirmed
CH32X033F8P6,8,capacitive_touchkey,10,Capacitive,Capacitive Touchkey,电容 触摸 按键,Capacitive Touchkey,products:zh+products:en,confirmed
CH32X033F8P6,9,spi,√,,SPI,SPI,SPI,products:zh+products:en,confirmed
CH32X033F8P6,10,pioc_1_wire_interface,√,PIOC 1-wire,PIOC 1-wire interface,PIOC 单线 接口,PIOC 1-wire interface,products:zh+products:en,confirmed
CH32X035C8T6,0,advanced_control_timer,2,Advanced-control,Advanced-control timer,高 级 定 时 器,Advanced-control timer,products:zh+products:en,confirmed
CH32X035C8T6,1,general_purpose_timer,1,General-purpose,General-purpose timer,通 用 定 时 器,General-purpose timer,products:zh+products:en,confirmed
CH32X035C8T6,2,serial_port,4,Serial,Serial port,串 口,Serial port,products:zh+products:en,confirmed
CH32X035C8T6,3,watchdog,2,,Watchdog,看 门 狗,Watchdog,products:zh+products:en,confirmed
CH32X035C8T6,4,pdusb_usb_host,√,PDUSB USB,PDUSB USB Host,PDUSB USB 主 机,PDUSB USB Host,products:zh+products:en,confirmed
CH32X035C8T6,5,usb_device,√,USB,USB Device,USB 设 备,USB Device,products:zh+products:en,confirmed
CH32X035C8T6,6,type_c_source_sink_drp,√,Type-C Source Sink,Type-C Source Sink DRP,Type-C Source Sink DRP,Type-C Source Sink DRP,products:zh+products:en,confirmed
CH32X035C8T6,7,adc,10+1,,ADC,ADC,ADC,products:zh+products:en,confirmed
CH32X035C8T6,8,opa,2,,OPA,OPA 运 放,OPA,products:zh+products:en,confirmed
CH32X035C8T6,9,cmp,3,,CMP,CMP 比较 器,CMP,products:zh+products:en,confirmed
CH32X035C8T6,10,capacitive_touchkey,10,Capacitive,Capacitive Touchkey,电容 触摸 按键,Capacitive Touchkey,products:zh+products:en,confirmed
CH32X035C8T6,11,spi,√,,SPI,SPI,SPI,products:zh+products:en,confirmed
CH32X035C8T6,12,pioc_1_wire_interface,√,PIOC 1-wire,PIOC 1-wire interface,PIOC 单线 接口,PIOC 1-wire interface,products:zh+products:en,confirmed
CH32X035D8U6,0,advanced_control_timer,2,Advanced-control,Advanced-control timer,高 级 定 时 器,Advanced-control timer,products:zh+products:en,confirmed
CH32X035D8U6,1,general_purpose_timer,1,General-purpose,General-purpose timer,通 用 定 时 器,General-purpose timer,products:zh+products:en,confirmed
CH32X035D8U6,2,serial_port,3,Serial,Serial port,串 口,Serial port,products:zh+products:en,confirmed
CH32X035D8U6,3,watchdog,2,,Watchdog,看 门 狗,Watchdog,products:zh+products:en,confirmed
CH32X035D8U6,4,usb_device,√,USB,USB Device,USB 设 备,USB Device,products:zh+products:en,confirmed
CH32X035D8U6,5,type_c_source_sink_drp,√,Type-C Source Sink,Type-C Source Sink DRP,Type-C Source Sink DRP,Type-C Source Sink DRP,products:zh+products:en,confirmed
CH32X035D8U6,6,adc,5+1,,ADC,ADC,ADC,products:zh+products:en,confirmed
CH32X035D8U6,7,opa,1,,OPA,OPA 运 放,OPA,products:zh+products:en,confirmed
CH32X035D8U6,8,capacitive_touchkey,5,Capacitive,Capacitive Touchkey,电容 触摸 按键,Capacitive Touchkey,products:zh+products:en,confirmed
CH32X035D8U6,9,spi,√,,SPI,SPI,SPI,products:zh+products:en,confirmed
CH32X035D8U6,10,pioc_1_wire_interface,√,PIOC 1-wire,PIOC 1-wire interface,PIOC 单线 接口,PIOC 1-wire interface,products:zh+products:en,confirmed
CH32X035F7P6,0,advanced_control_timer,2,Advanced-control,Advanced-control timer,高 级 定 时 器,Advanced-control timer,products:zh+products:en,confirmed
CH32X035F7P6,1,general_purpose_timer,1,General-purpose,General-purpose timer,通 用 定 时 器,General-purpose timer,products:zh+products:en,confirmed
CH32X035F7P6,2,serial_port,3,Serial,Serial port,串 口,Serial port,products:zh+products:en,confirmed
CH32X035F7P6,3,watchdog,2,,Watchdog,看 门 狗,Watchdog,products:zh+products:en,confirmed
CH32X035F7P6,4,usb_device,√,USB,USB Device,USB 设 备,USB Device,products:zh+products:en,confirmed
CH32X035F7P6,5,type_c_source_sink_drp,√,Type-C Source Sink,Type-C Source Sink DRP,Type-C Source Sink DRP,Type-C Source Sink DRP,products:zh+products:en,confirmed
CH32X035F7P6,6,adc,11+1,,ADC,ADC,ADC,products:zh+products:en,confirmed
CH32X035F7P6,7,opa,1,,OPA,OPA 运 放,OPA,products:zh+products:en,confirmed
CH32X035F7P6,8,cmp,1,,CMP,CMP 比较 器,CMP,products:zh+products:en,confirmed
CH32X035F7P6,9,capacitive_touchkey,11,Capacitive,Capacitive Touchkey,电容 触摸 按键,Capacitive Touchkey,products:zh+products:en,confirmed
CH32X035F7P6,10,spi,√,,SPI,SPI,SPI,products:zh+products:en,confirmed
CH32X035F7P6,11,pioc_1_wire_interface,√,PIOC 1-wire,PIOC 1-wire interface,PIOC 单线 接口,PIOC 1-wire interface,products:zh+products:en,confirmed
CH32X035F8U6,0,advanced_control_timer,2,Advanced-control,Advanced-control timer,高 级 定 时 器,Advanced-control timer,products:zh+products:en,confirmed
CH32X035F8U6,1,general_purpose_timer,1,General-purpose,General-purpose timer,通 用 定 时 器,General-purpose timer,products:zh+products:en,confirmed
CH32X035F8U6,2,serial_port,3,Serial,Serial port,串 口,Serial port,products:zh+products:en,confirmed
CH32X035F8U6,3,watchdog,2,,Watchdog,看 门 狗,Watchdog,products:zh+products:en,confirmed
CH32X035F8U6,4,usb_device,√,USB,USB Device,USB 设 备,USB Device,products:zh+products:en,confirmed
CH32X035F8U6,5,type_c_source_sink_drp,√,Type-C Source Sink,Type-C Source Sink DRP,Type-C Source Sink DRP,Type-C Source Sink DRP,products:zh+products:en,confirmed
CH32X035F8U6,6,adc,10+1,,ADC,ADC,ADC,products:zh+products:en,confirmed
CH32X035F8U6,7,opa,2,,OPA,OPA 运 放,OPA,products:zh+products:en,confirmed
CH32X035F8U6,8,capacitive_touchkey,10,Capacitive,Capacitive Touchkey,电容 触摸 按键,Capacitive Touchkey,products:zh+products:en,confirmed
CH32X035F8U6,9,spi,√,,SPI,SPI,SPI,products:zh+products:en,confirmed
CH32X035F8U6,10,pioc_1_wire_interface,√,PIOC 1-wire,PIOC 1-wire interface,PIOC 单线 接口,PIOC 1-wire interface,products:zh+products:en,confirmed
CH32X035G8R6,0,advanced_control_timer,2,Advanced-control,Advanced-control timer,高 级 定 时 器,Advanced-control timer,products:zh+products:en,confirmed
CH32X035G8R6,1,general_purpose_timer,1,General-purpose,General-purpose timer,通 用 定 时 器,General-purpose timer,products:zh+products:en,confirmed
CH32X035G8R6,2,serial_port,4,Serial,Serial port,串 口,Serial port,products:zh+products:en,confirmed
CH32X035G8R6,3,watchdog,2,,Watchdog,看 门 狗,Watchdog,products:zh+products:en,confirmed
CH32X035G8R6,4,pdusb_usb_host,√,PDUSB USB,PDUSB USB Host,PDUSB USB 主 机,PDUSB USB Host,products:zh+products:en,confirmed
CH32X035G8R6,5,usb_device,√,USB,USB Device,USB 设 备,USB Device,products:zh+products:en,confirmed
CH32X035G8R6,6,type_c_source_sink_drp,√,Type-C Source Sink,Type-C Source Sink DRP,Type-C Source Sink DRP,Type-C Source Sink DRP,products:zh+products:en,confirmed
CH32X035G8R6,7,adc,11+1,,ADC,ADC,ADC,products:zh+products:en,confirmed
CH32X035G8R6,8,opa,2,,OPA,OPA 运 放,OPA,products:zh+products:en,confirmed
CH32X035G8R6,9,cmp,3,,CMP,CMP 比较 器,CMP,products:zh+products:en,confirmed
CH32X035G8R6,10,capacitive_touchkey,11,Capacitive,Capacitive Touchkey,电容 触摸 按键,Capacitive Touchkey,products:zh+products:en,confirmed
CH32X035G8R6,11,spi,√,,SPI,SPI,SPI,products:zh+products:en,confirmed
CH32X035G8R6,12,pioc_1_wire_interface,√,PIOC 1-wire,PIOC 1-wire interface,PIOC 单线 接口,PIOC 1-wire interface,products:zh+products:en,confirmed
CH32X035G8U6,0,advanced_control_timer,2,Advanced-control,Advanced-control timer,高 级 定 时 器,Advanced-control timer,products:zh+products:en,confirmed
CH32X035G8U6,1,general_purpose_timer,1,General-purpose,General-purpose timer,通 用 定 时 器,General-purpose timer,products:zh+products:en,confirmed
CH32X035G8U6,2,serial_port,4,Serial,Serial port,串 口,Serial port,products:zh+products:en,confirmed
CH32X035G8U6,3,watchdog,2,,Watchdog,看 门 狗,Watchdog,products:zh+products:en,confirmed
CH32X035G8U6,4,pdusb_usb_host,√,PDUSB USB,PDUSB USB Host,PDUSB USB 主 机,PDUSB USB Host,products:zh+products:en,confirmed
CH32X035G8U6,5,usb_device,√,USB,USB Device,USB 设 备,USB Device,products:zh+products:en,confirmed
CH32X035G8U6,6,type_c_source_sink_drp,√,Type-C Source Sink,Type-C Source Sink DRP,Type-C Source Sink DRP,Type-C Source Sink DRP,products:zh+products:en,confirmed
CH32X035G8U6,7,adc,12+1,,ADC,ADC,ADC,products:zh+products:en,confirmed
CH32X035G8U6,8,opa,2,,OPA,OPA 运 放,OPA,products:zh+products:en,confirmed
CH32X035G8U6,9,cmp,1,,CMP,CMP 比较 器,CMP,products:zh+products:en,confirmed
CH32X035G8U6,10,capacitive_touchkey,12,Capacitive,Capacitive Touchkey,电容 触摸 按键,Capacitive Touchkey,products:zh+products:en,confirmed
CH32X035G8U6,11,spi,√,,SPI,SPI,SPI,products:zh+products:en,confirmed
CH32X035G8U6,12,pioc_1_wire_interface,√,PIOC 1-wire,PIOC 1-wire interface,PIOC 单线 接口,PIOC 1-wire interface,products:zh+products:en,confirmed
CH32X035R8T6,0,advanced_control_timer,2,Advanced-control,Advanced-control timer,高 级 定 时 器,Advanced-control timer,products:zh+products:en,confirmed
CH32X035R8T6,1,general_purpose_timer,1,General-purpose,General-purpose timer,通 用 定 时 器,General-purpose timer,products:zh+products:en,confirmed
CH32X035R8T6,2,serial_port,4,Serial,Serial port,串 口,Serial port,products:zh+products:en,confirmed
CH32X035R8T6,3,watchdog,2,,Watchdog,看 门 狗,Watchdog,products:zh+products:en,confirmed
CH32X035R8T6,4,pdusb_usb_host,√,PDUSB USB,PDUSB USB Host,PDUSB USB 主 机,PDUSB USB Host,products:zh+products:en,confirmed
CH32X035R8T6,5,usb_device,√,USB,USB Device,USB 设 备,USB Device,products:zh+products:en,confirmed
CH32X035R8T6,6,type_c_source_sink_drp,√,Type-C Source Sink,Type-C Source Sink DRP,Type-C Source Sink DRP,Type-C Source Sink DRP,products:zh+products:en,confirmed
CH32X035R8T6,7,adc,14+1,,ADC,ADC,ADC,products:zh+products:en,confirmed
CH32X035R8T6,8,opa,2,,OPA,OPA 运 放,OPA,products:zh+products:en,confirmed
CH32X035R8T6,9,cmp,3,,CMP,CMP 比较 器,CMP,products:zh+products:en,confirmed
CH32X035R8T6,10,capacitive_touchkey,14,Capacitive,Capacitive Touchkey,电容 触摸 按键,Capacitive Touchkey,products:zh+products:en,confirmed
CH32X035R8T6,11,spi,√,,SPI,SPI,SPI,products:zh+products:en,confirmed
CH32X035R8T6,12,pioc_1_wire_interface,√,PIOC 1-wire,PIOC 1-wire interface,PIOC 单线 接口,PIOC 1-wire interface,products:zh+products:en,confirmed
CH32X305RCT6,0,code_flash_bytes,480K(1),,Code FLASH (Bytes),Code FLASH（字节）,Code FLASH (Bytes),products:zh+products:en,confirmed
CH32X305RCT6,1,timer_advanced_control_16_bit,1,Timer,Timer Advanced-control (16-bit),定时器 高级（16位）,Timer Advanced-control (16-bit),products:zh+products:en,confirmed
CH32X305RCT6,2,timer_general_purpose_16_bit,2,Timer,Timer General-purpose (16-bit),定时器 通用（16位）,Timer General-purpose (16-bit),products:zh+products:en,confirmed
CH32X305RCT6,3,timer_general_purpose_32_bit,1,Timer,Timer General-purpose (32-bit),定时器 通用（32位）,Timer General-purpose (32-bit),products:zh+products:en,confirmed
CH32X305RCT6,4,timer_watchdog,WWDG+IWDG,Timer,Timer Watchdog,定时器 看门狗,Timer Watchdog,products:zh+products:en,confirmed
CH32X305RCT6,5,timer_systick_32_bit,Support,Timer,Timer SysTick (32-bit),定时器 系统时基32位,Timer SysTick (32-bit),products:zh+products:en,confirmed
CH32X305RCT6,6,rtc,Support,,RTC,RTC,RTC,products:zh+products:en,confirmed
CH32X305RCT6,7,adc_adc1_channel,9+1,ADC,ADC ADC1 channel,ADC ADC1通道数,ADC ADC1 channel,products:zh+products:en,confirmed
CH32X305RCT6,8,adc_adc2_channel,10,ADC,ADC ADC2 channel,ADC ADC2通道数,ADC ADC2 channel,products:zh+products:en,confirmed
CH32X305RCT6,9,adc_adc3_channel,10,ADC,ADC ADC3 channel,ADC ADC3通道数,ADC ADC3 channel,products:zh+products:en,confirmed
CH32X305RCT6,10,adc_adc4_channel,10,ADC,ADC ADC4 channel,ADC ADC4通道数,ADC ADC4 channel,products:zh+products:en,confirmed
CH32X305RCT6,11,usart,4,,USART,USART,USART,products:zh+products:en,confirmed
CH32X305RCT6,12,spi,3,,SPI,SPI,SPI,products:zh+products:en,confirmed
CH32X305RCT6,13,i2c,2,,I2C,I2C,I2C,products:zh+products:en,confirmed
CH32X305RCT6,14,pdusb_usbhs_usb_2_0,Host/Device,PDUSB,PDUSB USBHS(USB 2.0),PDUSB USBHS(USB 2.0),PDUSB USBHS(USB 2.0),products:zh+products:en,confirmed
CH32X305RCT6,15,pdusb_usbpd,1,PDUSB,PDUSB USBPD,PDUSB USBPD,PDUSB USBPD,products:zh+products:en,confirmed
CH32X305RCT6,16,argb,1,,ARGB,ARGB,ARGB,products:zh+products:en,confirmed
CH32X305RCT6,17,cpu_main_frequency,Max: 480MHz,,CPU main frequency,CPU主频,CPU main frequency,products:zh+products:en,confirmed
CH32X315CCU6,0,code_flash_bytes,480K(1),,Code FLASH (Bytes),Code FLASH（字节）,Code FLASH (Bytes),products:zh+products:en,confirmed
CH32X315CCU6,1,timer_advanced_control_16_bit,1,Timer,Timer Advanced-control (16-bit),定时器 高级（16位）,Timer Advanced-control (16-bit),products:zh+products:en,confirmed
CH32X315CCU6,2,timer_general_purpose_16_bit,2,Timer,Timer General-purpose (16-bit),定时器 通用（16位）,Timer General-purpose (16-bit),products:zh+products:en,confirmed
CH32X315CCU6,3,timer_general_purpose_32_bit,1,Timer,Timer General-purpose (32-bit),定时器 通用（32位）,Timer General-purpose (32-bit),products:zh+products:en,confirmed
CH32X315CCU6,4,timer_watchdog,WWDG+IWDG,Timer,Timer Watchdog,定时器 看门狗,Timer Watchdog,products:zh+products:en,confirmed
CH32X315CCU6,5,timer_systick_32_bit,Support,Timer,Timer SysTick (32-bit),定时器 系统时基32位,Timer SysTick (32-bit),products:zh+products:en,confirmed
CH32X315CCU6,6,rtc,Support,,RTC,RTC,RTC,products:zh+products:en,confirmed
CH32X315CCU6,7,adc_adc1_channel,8+1,ADC,ADC ADC1 channel,ADC ADC1通道数,ADC ADC1 channel,products:zh+products:en,confirmed
CH32X315CCU6,8,adc_adc2_channel,6,ADC,ADC ADC2 channel,ADC ADC2通道数,ADC ADC2 channel,products:zh+products:en,confirmed
CH32X315CCU6,9,adc_adc3_channel,8,ADC,ADC ADC3 channel,ADC ADC3通道数,ADC ADC3 channel,products:zh+products:en,confirmed
CH32X315CCU6,10,adc_adc4_channel,6,ADC,ADC ADC4 channel,ADC ADC4通道数,ADC ADC4 channel,products:zh+products:en,confirmed
CH32X315CCU6,11,usart,4,,USART,USART,USART,products:zh+products:en,confirmed
CH32X315CCU6,12,spi,3,,SPI,SPI,SPI,products:zh+products:en,confirmed
CH32X315CCU6,13,i2c,2,,I2C,I2C,I2C,products:zh+products:en,confirmed
CH32X315CCU6,14,pdusb_usbhs_usb_2_0,Host/Device,PDUSB,PDUSB USBHS(USB 2.0),PDUSB USBHS(USB 2.0),PDUSB USBHS(USB 2.0),products:zh+products:en,confirmed
CH32X315CCU6,15,pdusb_usbss_usb_3_0,Device,PDUSB,PDUSB USBSS(USB 3.0),PDUSB USBSS(USB 3.0),PDUSB USBSS(USB 3.0),products:zh+products:en,confirmed
CH32X315CCU6,16,pdusb_usbpd,1,PDUSB,PDUSB USBPD,PDUSB USBPD,PDUSB USBPD,products:zh+products:en,confirmed
CH32X315CCU6,17,argb,1,,ARGB,ARGB,ARGB,products:zh+products:en,confirmed
CH32X315CCU6,18,cpu_main_frequency,Max: 480MHz,,CPU main frequency,CPU主频,CPU main frequency,products:zh+products:en,confirmed
CH32X315MCU6,0,code_flash_bytes,480K(1),,Code FLASH (Bytes),Code FLASH（字节）,Code FLASH (Bytes),products:zh+products:en,confirmed
CH32X315MCU6,1,timer_advanced_control_16_bit,1,Timer,Timer Advanced-control (16-bit),定时器 高级（16位）,Timer Advanced-control (16-bit),products:zh+products:en,confirmed
CH32X315MCU6,2,timer_general_purpose_16_bit,2,Timer,Timer General-purpose (16-bit),定时器 通用（16位）,Timer General-purpose (16-bit),products:zh+products:en,confirmed
CH32X315MCU6,3,timer_general_purpose_32_bit,1,Timer,Timer General-purpose (32-bit),定时器 通用（32位）,Timer General-purpose (32-bit),products:zh+products:en,confirmed
CH32X315MCU6,4,timer_watchdog,WWDG+IWDG,Timer,Timer Watchdog,定时器 看门狗,Timer Watchdog,products:zh+products:en,confirmed
CH32X315MCU6,5,timer_systick_32_bit,Support,Timer,Timer SysTick (32-bit),定时器 系统时基32位,Timer SysTick (32-bit),products:zh+products:en,confirmed
CH32X315MCU6,6,rtc,Support,,RTC,RTC,RTC,products:zh+products:en,confirmed
CH32X315MCU6,7,adc_adc1_channel,12+1,ADC,ADC ADC1 channel,ADC ADC1通道数,ADC ADC1 channel,products:zh+products:en,confirmed
CH32X315MCU6,8,adc_adc2_channel,12,ADC,ADC ADC2 channel,ADC ADC2通道数,ADC ADC2 channel,products:zh+products:en,confirmed
CH32X315MCU6,9,adc_adc3_channel,12,ADC,ADC ADC3 channel,ADC ADC3通道数,ADC ADC3 channel,products:zh+products:en,confirmed
CH32X315MCU6,10,adc_adc4_channel,12,ADC,ADC ADC4 channel,ADC ADC4通道数,ADC ADC4 channel,products:zh+products:en,confirmed
CH32X315MCU6,11,usart,4,,USART,USART,USART,products:zh+products:en,confirmed
CH32X315MCU6,12,spi,3,,SPI,SPI,SPI,products:zh+products:en,confirmed
CH32X315MCU6,13,i2c,2,,I2C,I2C,I2C,products:zh+products:en,confirmed
CH32X315MCU6,14,pdusb_usbhs_usb_2_0,Host/Device,PDUSB,PDUSB USBHS(USB 2.0),PDUSB USBHS(USB 2.0),PDUSB USBHS(USB 2.0),products:zh+products:en,confirmed
CH32X315MCU6,15,pdusb_usbss_usb_3_0,Device,PDUSB,PDUSB USBSS(USB 3.0),PDUSB USBSS(USB 3.0),PDUSB USBSS(USB 3.0),products:zh+products:en,confirmed
CH32X315MCU6,16,pdusb_usbpd,1 Built-in Rd(2),PDUSB,PDUSB USBPD,PDUSB USBPD,PDUSB USBPD,products:en+!products:zh(=1 built-in Rd(2)),conflict
CH32X315MCU6,17,argb,1,,ARGB,ARGB,ARGB,products:zh+products:en,confirmed
CH32X315MCU6,18,cpu_main_frequency,Max: 480MHz,,CPU main frequency,CPU主频,CPU main frequency,products:zh+products:en,confirmed
CH32X315WCU6,0,code_flash_bytes,480K(1),,Code FLASH (Bytes),Code FLASH（字节）,Code FLASH (Bytes),products:zh+products:en,confirmed
CH32X315WCU6,1,timer_advanced_control_16_bit,1,Timer,Timer Advanced-control (16-bit),定时器 高级（16位）,Timer Advanced-control (16-bit),products:zh+products:en,confirmed
CH32X315WCU6,2,timer_general_purpose_16_bit,2,Timer,Timer General-purpose (16-bit),定时器 通用（16位）,Timer General-purpose (16-bit),products:zh+products:en,confirmed
CH32X315WCU6,3,timer_general_purpose_32_bit,1,Timer,Timer General-purpose (32-bit),定时器 通用（32位）,Timer General-purpose (32-bit),products:zh+products:en,confirmed
CH32X315WCU6,4,timer_watchdog,WWDG+IWDG,Timer,Timer Watchdog,定时器 看门狗,Timer Watchdog,products:zh+products:en,confirmed
CH32X315WCU6,5,timer_systick_32_bit,Support,Timer,Timer SysTick (32-bit),定时器 系统时基32位,Timer SysTick (32-bit),products:zh+products:en,confirmed
CH32X315WCU6,6,rtc,Support,,RTC,RTC,RTC,products:zh+products:en,confirmed
CH32X315WCU6,7,adc_adc1_channel,12+1,ADC,ADC ADC1 channel,ADC ADC1通道数,ADC ADC1 channel,products:zh+products:en,confirmed
CH32X315WCU6,8,adc_adc2_channel,12,ADC,ADC ADC2 channel,ADC ADC2通道数,ADC ADC2 channel,products:zh+products:en,confirmed
CH32X315WCU6,9,adc_adc3_channel,12,ADC,ADC ADC3 channel,ADC ADC3通道数,ADC ADC3 channel,products:zh+products:en,confirmed
CH32X315WCU6,10,adc_adc4_channel,12,ADC,ADC ADC4 channel,ADC ADC4通道数,ADC ADC4 channel,products:zh+products:en,confirmed
CH32X315WCU6,11,usart,4,,USART,USART,USART,products:zh+products:en,confirmed
CH32X315WCU6,12,spi,3,,SPI,SPI,SPI,products:zh+products:en,confirmed
CH32X315WCU6,13,i2c,2,,I2C,I2C,I2C,products:zh+products:en,confirmed
CH32X315WCU6,14,pdusb_usbhs_usb_2_0,Host/Device,PDUSB,PDUSB USBHS(USB 2.0),PDUSB USBHS(USB 2.0),PDUSB USBHS(USB 2.0),products:zh+products:en,confirmed
CH32X315WCU6,15,pdusb_usbss_usb_3_0,Device,PDUSB,PDUSB USBSS(USB 3.0),PDUSB USBSS(USB 3.0),PDUSB USBSS(USB 3.0),products:zh+products:en,confirmed
CH32X315WCU6,16,pdusb_usbpd,1,PDUSB,PDUSB USBPD,PDUSB USBPD,PDUSB USBPD,products:zh+products:en,confirmed
CH32X315WCU6,17,argb,1,,ARGB,ARGB,ARGB,products:zh+products:en,confirmed
CH32X315WCU6,18,cpu_main_frequency,Max: 480MHz,,CPU main frequency,CPU主频,CPU main frequency,products:zh+products:en,confirmed
