family,type,register,offset,width_bits,count,rm_register,rm_reset,rm_address_check,#,confidence,basis
CH32H417,ADC,STATR,0x000,32,1,ADCx_STATR,0x00000000,ok:2,#,confirmed,evt(ch32h417.h)+rm(CH32H417RM.PDF)+rm-address(CH32H417RM.PDF)
CH32H417,ADC,CTLR1,0x004,32,1,ADCx_CTLR1,0x00000000,ok:2,#,confirmed,evt(ch32h417.h)+rm(CH32H417RM.PDF)+rm-address(CH32H417RM.PDF)
CH32H417,ADC,CTLR2,0x008,32,1,ADCx_CTLR2,0x000000D0,ok:2,#,confirmed,evt(ch32h417.h)+rm(CH32H417RM.PDF)+rm-address(CH32H417RM.PDF)
CH32H417,ADC,SAMPTR1,0x00c,32,1,ADCx_SAMPTR1,0x00000000,ok:2,#,confirmed,evt(ch32h417.h)+rm(CH32H417RM.PDF)+rm-address(CH32H417RM.PDF)
CH32H417,ADC,SAMPTR2,0x010,32,1,ADCx_SAMPTR2,0x00000000,ok:2,#,confirmed,evt(ch32h417.h)+rm(CH32H417RM.PDF)+rm-address(CH32H417RM.PDF)
CH32H417,ADC,IOFR1,0x014,32,1,,0x00000000,ok:2,#,confirmed,evt(ch32h417.h)+rm-address(CH32H417RM.PDF)
CH32H417,ADC,IOFR2,0x018,32,1,,0x00000000,ok:2,#,confirmed,evt(ch32h417.h)+rm-address(CH32H417RM.PDF)
CH32H417,ADC,IOFR3,0x01c,32,1,,0x00000000,ok:2,#,confirmed,evt(ch32h417.h)+rm-address(CH32H417RM.PDF)
CH32H417,ADC,IOFR4,0x020,32,1,,0x00000000,ok:2,#,confirmed,evt(ch32h417.h)+rm-address(CH32H417RM.PDF)
CH32H417,ADC,WDHTR,0x024,32,1,ADCx_WDHTR,0x00000FFF,ok:2,#,confirmed,evt(ch32h417.h)+rm(CH32H417RM.PDF)+rm-address(CH32H417RM.PDF)
CH32H417,ADC,WDLTR,0x028,32,1,ADCx_WDLTR,0x00000000,ok:2,#,confirmed,evt(ch32h417.h)+rm(CH32H417RM.PDF)+rm-address(CH32H417RM.PDF)
CH32H417,ADC,RSQR1,0x02c,32,1,ADCx_RSQR1,0x00000000,ok:2,#,confirmed,evt(ch32h417.h)+rm(CH32H417RM.PDF)+rm-address(CH32H417RM.PDF)
CH32H417,ADC,RSQR2,0x030,32,1,ADCx_RSQR2,0x00000000,ok:2,#,confirmed,evt(ch32h417.h)+rm(CH32H417RM.PDF)+rm-address(CH32H417RM.PDF)
CH32H417,ADC,RSQR3,0x034,32,1,ADCx_RSQR3,0x00000000,ok:2,#,confirmed,evt(ch32h417.h)+rm(CH32H417RM.PDF)+rm-address(CH32H417RM.PDF)
CH32H417,ADC,ISQR,0x038,32,1,ADCx_ISQR,0x00000000,ok:2,#,confirmed,evt(ch32h417.h)+rm(CH32H417RM.PDF)+rm-address(CH32H417RM.PDF)
CH32H417,ADC,IDATAR1,0x03c,32,1,,0x00000000,ok:2,#,confirmed,evt(ch32h417.h)+rm-address(CH32H417RM.PDF)
CH32H417,ADC,IDATAR2,0x040,32,1,,0x00000000,ok:2,#,confirmed,evt(ch32h417.h)+rm-address(CH32H417RM.PDF)
CH32H417,ADC,IDATAR3,0x044,32,1,,0x00000000,ok:2,#,confirmed,evt(ch32h417.h)+rm-address(CH32H417RM.PDF)
CH32H417,ADC,IDATAR4,0x048,32,1,,0x00000000,ok:2,#,confirmed,evt(ch32h417.h)+rm-address(CH32H417RM.PDF)
CH32H417,ADC,RDATAR,0x04c,32,1,ADCx_RDATAR,0x00000000,ok:2,#,confirmed,evt(ch32h417.h)+rm(CH32H417RM.PDF)+rm-address(CH32H417RM.PDF)
CH32H417,ADC,AUX,0x054,32,1,ADCx_AUX,0x00000000,ok:2,#,confirmed,evt(ch32h417.h)+rm(CH32H417RM.PDF)+rm-address(CH32H417RM.PDF)
CH32H417,ADC,DRV,0x058,32,1,ADCx_DRV,0x00000000,ok:1,#,confirmed,evt(ch32h417.h)+rm(CH32H417RM.PDF)+rm-address(CH32H417RM.PDF)
CH32H417,AFIO,PCFR1,0x000,32,1,AFIO_PCFR1,0x00000000,ok:1,#,confirmed,evt(ch32h417.h)+rm(CH32H417RM.PDF)+rm-address(CH32H417RM.PDF)
CH32H417,AFIO,GPIOA_AFLR,0x004,32,1,,0x00000000,ok:1,#,confirmed,evt(ch32h417.h)+rm-address(CH32H417RM.PDF)
CH32H417,AFIO,GPIOA_AFHR,0x008,32,1,,0x00000000,ok:1,#,confirmed,evt(ch32h417.h)+rm-address(CH32H417RM.PDF)
CH32H417,AFIO,GPIOB_AFLR,0x00c,32,1,,0x00000000,ok:1,#,confirmed,evt(ch32h417.h)+rm-address(CH32H417RM.PDF)
CH32H417,AFIO,GPIOB_AFHR,0x010,32,1,,0x00000000,ok:1,#,confirmed,evt(ch32h417.h)+rm-address(CH32H417RM.PDF)
CH32H417,AFIO,GPIOC_AFLR,0x014,32,1,,0x00000000,ok:1,#,confirmed,evt(ch32h417.h)+rm-address(CH32H417RM.PDF)
CH32H417,AFIO,GPIOC_AFHR,0x018,32,1,,0x00000000,ok:1,#,confirmed,evt(ch32h417.h)+rm-address(CH32H417RM.PDF)
CH32H417,AFIO,GPIOD_AFLR,0x01c,32,1,,0x00000000,ok:1,#,confirmed,evt(ch32h417.h)+rm-address(CH32H417RM.PDF)
CH32H417,AFIO,GPIOD_AFHR,0x020,32,1,,0x00000000,ok:1,#,confirmed,evt(ch32h417.h)+rm-address(CH32H417RM.PDF)
CH32H417,AFIO,GPIOE_AFLR,0x024,32,1,,0x00000000,ok:1,#,confirmed,evt(ch32h417.h)+rm-address(CH32H417RM.PDF)
CH32H417,AFIO,GPIOE_AFHR,0x028,32,1,,0x00000000,ok:1,#,confirmed,evt(ch32h417.h)+rm-address(CH32H417RM.PDF)
CH32H417,AFIO,GPIOF_AFLR,0x02c,32,1,,0x00000000,ok:1,#,confirmed,evt(ch32h417.h)+rm-address(CH32H417RM.PDF)
CH32H417,AFIO,GPIOF_AFHR,0x030,32,1,,0x00000000,ok:1,#,confirmed,evt(ch32h417.h)+rm-address(CH32H417RM.PDF)
CH32H417,AFIO,EXTICR1,0x03c,32,1,,0x00000000,ok:1,#,confirmed,evt(ch32h417.h)+rm-address(CH32H417RM.PDF)
CH32H417,AFIO,EXTICR2,0x040,32,1,,0x00000000,ok:1,#,confirmed,evt(ch32h417.h)+rm-address(CH32H417RM.PDF)
CH32H417,CAN,CTLR,0x000,32,1,CANx_CTLR,0x00010002,ok:3,#,confirmed,evt(ch32h417.h)+rm(CH32H417RM.PDF)+rm-address(CH32H417RM.PDF)
CH32H417,CAN,STATR,0x004,32,1,CANx_STATR,0x0000C002,ok:3,#,confirmed,evt(ch32h417.h)+rm(CH32H417RM.PDF)+rm-address(CH32H417RM.PDF)
CH32H417,CAN,TSTATR,0x008,32,1,CANx_TSTATR,0x1C000000,ok:3,#,confirmed,evt(ch32h417.h)+rm(CH32H417RM.PDF)+rm-address(CH32H417RM.PDF)
CH32H417,CAN,RFIFO0,0x00c,32,1,CANx_RFIFO0,0x00000000,ok:3,#,confirmed,evt(ch32h417.h)+rm(CH32H417RM.PDF)+rm-address(CH32H417RM.PDF)
CH32H417,CAN,RFIFO1,0x010,32,1,CANx_RFIFO1,0x00000000,ok:3,#,confirmed,evt(ch32h417.h)+rm(CH32H417RM.PDF)+rm-address(CH32H417RM.PDF)
CH32H417,CAN,INTENR,0x014,32,1,CANx_INTENR,0x00000000,ok:3,#,confirmed,evt(ch32h417.h)+rm(CH32H417RM.PDF)+rm-address(CH32H417RM.PDF)
CH32H417,CAN,ERRSR,0x018,32,1,CANx_ERRSR,0x00000000,ok:3,#,confirmed,evt(ch32h417.h)+rm(CH32H417RM.PDF)+rm-address(CH32H417RM.PDF)
CH32H417,CAN,BTIMR,0x01c,32,1,CANx_BTIMR,0x01230000,ok:3,#,confirmed,evt(ch32h417.h)+rm(CH32H417RM.PDF)+rm-address(CH32H417RM.PDF)
CH32H417,CAN,TTCTLR,0x020,32,1,CANx_TTCTLR,0x0000FFFF,ok:3,#,confirmed,evt(ch32h417.h)+rm(CH32H417RM.PDF)+rm-address(CH32H417RM.PDF)
CH32H417,CAN,TTCNT,0x024,32,1,CANx_TTCNT,0x00000000,ok:3,#,confirmed,evt(ch32h417.h)+rm(CH32H417RM.PDF)+rm-address(CH32H417RM.PDF)
CH32H417,CAN,TERR_CNT,0x028,32,1,CANx_TERR_CNT,0x00000000,ok:3,#,confirmed,evt(ch32h417.h)+rm(CH32H417RM.PDF)+rm-address(CH32H417RM.PDF)
CH32H417,CAN,sTxMailBox[0].TXMIR,0x180,32,1,,X,ok:3,#,confirmed,evt(ch32h417.h)+rm-address(CH32H417RM.PDF)
CH32H417,CAN,sTxMailBox[0].TXMDTR,0x184,32,1,,X,ok:3,#,confirmed,evt(ch32h417.h)+rm-address(CH32H417RM.PDF)
CH32H417,CAN,sTxMailBox[0].TXMDLR,0x188,32,1,,X,ok:3,#,confirmed,evt(ch32h417.h)+rm-address(CH32H417RM.PDF)
CH32H417,CAN,sTxMailBox[0].TXMDHR,0x18c,32,1,,X,ok:3,#,confirmed,evt(ch32h417.h)+rm-address(CH32H417RM.PDF)
CH32H417,CAN,sTxMailBox[1].TXMIR,0x190,32,1,,X,ok:3,#,confirmed,evt(ch32h417.h)+rm-address(CH32H417RM.PDF)
CH32H417,CAN,sTxMailBox[1].TXMDTR,0x194,32,1,,X,ok:3,#,confirmed,evt(ch32h417.h)+rm-address(CH32H417RM.PDF)
CH32H417,CAN,sTxMailBox[1].TXMDLR,0x198,32,1,,X,ok:3,#,confirmed,evt(ch32h417.h)+rm-address(CH32H417RM.PDF)
CH32H417,CAN,sTxMailBox[1].TXMDHR,0x19c,32,1,,X,ok:3,#,confirmed,evt(ch32h417.h)+rm-address(CH32H417RM.PDF)
CH32H417,CAN,sTxMailBox[2].TXMIR,0x1a0,32,1,,X,ok:3,#,confirmed,evt(ch32h417.h)+rm-address(CH32H417RM.PDF)
CH32H417,CAN,sTxMailBox[2].TXMDTR,0x1a4,32,1,,X,ok:3,#,confirmed,evt(ch32h417.h)+rm-address(CH32H417RM.PDF)
CH32H417,CAN,sTxMailBox[2].TXMDLR,0x1a8,32,1,,X,ok:3,#,confirmed,evt(ch32h417.h)+rm-address(CH32H417RM.PDF)
CH32H417,CAN,sTxMailBox[2].TXMDHR,0x1ac,32,1,,X,ok:3,#,confirmed,evt(ch32h417.h)+rm-address(CH32H417RM.PDF)
CH32H417,CAN,sFIFOMailBox[0].RXMIR,0x1b0,32,1,,X,ok:3,#,confirmed,evt(ch32h417.h)+rm-address(CH32H417RM.PDF)
CH32H417,CAN,sFIFOMailBox[0].RXMDTR,0x1b4,32,1,,X,ok:3,#,confirmed,evt(ch32h417.h)+rm-address(CH32H417RM.PDF)
CH32H417,CAN,sFIFOMailBox[0].RXMDLR,0x1b8,32,1,,X,ok:3,#,confirmed,evt(ch32h417.h)+rm-address(CH32H417RM.PDF)
CH32H417,CAN,sFIFOMailBox[0].RXMDHR,0x1bc,32,1,,X,ok:3,#,confirmed,evt(ch32h417.h)+rm-address(CH32H417RM.PDF)
CH32H417,CAN,sFIFOMailBox[1].RXMIR,0x1c0,32,1,,X,ok:3,#,confirmed,evt(ch32h417.h)+rm-address(CH32H417RM.PDF)
CH32H417,CAN,sFIFOMailBox[1].RXMDTR,0x1c4,32,1,,X,ok:3,#,confirmed,evt(ch32h417.h)+rm-address(CH32H417RM.PDF)
CH32H417,CAN,sFIFOMailBox[1].RXMDLR,0x1c8,32,1,,X,ok:3,#,confirmed,evt(ch32h417.h)+rm-address(CH32H417RM.PDF)
CH32H417,CAN,sFIFOMailBox[1].RXMDHR,0x1cc,32,1,,X,ok:3,#,confirmed,evt(ch32h417.h)+rm-address(CH32H417RM.PDF)
CH32H417,CAN,FCTLR,0x200,32,1,CANx_FCTLR,0x2A1C0E01,ok:1,#,confirmed,evt(ch32h417.h)+rm(CH32H417RM.PDF)+rm-address(CH32H417RM.PDF)
CH32H417,CAN,FMCFGR,0x204,32,1,CANx_FMCFGR,0x00000000,ok:1;mismatch:1,#,conflict,evt(ch32h417.h)+rm(CH32H417RM.PDF)+rm-address(CH32H417RM.PDF)+!rm-address(CH32H417RM.PDF)(=0x40006608)
CH32H417,CAN,FMCFGR_CAN3,0x208,32,1,,,,#,reference,evt(ch32h417.h)
CH32H417,CAN,FSCFGR,0x20c,32,1,CANx_FSCFGR,0x00000000,ok:1;mismatch:1,#,conflict,evt(ch32h417.h)+rm(CH32H417RM.PDF)+rm-address(CH32H417RM.PDF)+!rm-address(CH32H417RM.PDF)(=0x40006610)
CH32H417,CAN,FSCFGR_CAN3,0x210,32,1,,,,#,reference,evt(ch32h417.h)
CH32H417,CAN,FAFIFOR,0x214,32,1,CANx_FAFIFOR,0x00000000,ok:1;mismatch:1,#,conflict,evt(ch32h417.h)+rm(CH32H417RM.PDF)+rm-address(CH32H417RM.PDF)+!rm-address(CH32H417RM.PDF)(=0x40006618)
CH32H417,CAN,FAFIFOR_CAN3,0x218,32,1,,,,#,reference,evt(ch32h417.h)
CH32H417,CAN,FWR,0x21c,32,1,CANx_FWR,0x00000000,ok:1;mismatch:1,#,conflict,evt(ch32h417.h)+rm(CH32H417RM.PDF)+rm-address(CH32H417RM.PDF)+!rm-address(CH32H417RM.PDF)(=0x40006620)
CH32H417,CAN,FWR_CAN3,0x220,32,1,,,,#,reference,evt(ch32h417.h)
CH32H417,CAN,sFilterRegister[0].FR1,0x240,32,1,,X,ok:1,#,confirmed,evt(ch32h417.h)+rm-address(CH32H417RM.PDF)
CH32H417,CAN,sFilterRegister[0].FR2,0x244,32,1,,X,ok:1,#,confirmed,evt(ch32h417.h)+rm-address(CH32H417RM.PDF)
CH32H417,CAN,sFilterRegister[1].FR1,0x248,32,1,,X,ok:1,#,confirmed,evt(ch32h417.h)+rm-address(CH32H417RM.PDF)
CH32H417,CAN,sFilterRegister[1].FR2,0x24c,32,1,,X,ok:1,#,confirmed,evt(ch32h417.h)+rm-address(CH32H417RM.PDF)
CH32H417,CAN,sFilterRegister[2].FR1,0x250,32,1,,X,ok:1,#,confirmed,evt(ch32h417.h)+rm-address(CH32H417RM.PDF)
CH32H417,CAN,sFilterRegister[2].FR2,0x254,32,1,,X,ok:1,#,confirmed,evt(ch32h417.h)+rm-address(CH32H417RM.PDF)
CH32H417,CAN,sFilterRegister[3].FR1,0x258,32,1,,X,ok:1,#,confirmed,evt(ch32h417.h)+rm-address(CH32H417RM.PDF)
CH32H417,CAN,sFilterRegister[3].FR2,0x25c,32,1,,X,ok:1,#,confirmed,evt(ch32h417.h)+rm-address(CH32H417RM.PDF)
CH32H417,CAN,sFilterRegister[4].FR1,0x260,32,1,,X,ok:1,#,confirmed,evt(ch32h417.h)+rm-address(CH32H417RM.PDF)
CH32H417,CAN,sFilterRegister[4].FR2,0x264,32,1,,X,ok:1,#,confirmed,evt(ch32h417.h)+rm-address(CH32H417RM.PDF)
CH32H417,CAN,sFilterRegister[5].FR1,0x268,32,1,,X,ok:1,#,confirmed,evt(ch32h417.h)+rm-address(CH32H417RM.PDF)
CH32H417,CAN,sFilterRegister[5].FR2,0x26c,32,1,,X,ok:1,#,confirmed,evt(ch32h417.h)+rm-address(CH32H417RM.PDF)
CH32H417,CAN,sFilterRegister[6].FR1,0x270,32,1,,X,ok:1,#,confirmed,evt(ch32h417.h)+rm-address(CH32H417RM.PDF)
CH32H417,CAN,sFilterRegister[6].FR2,0x274,32,1,,X,ok:1,#,confirmed,evt(ch32h417.h)+rm-address(CH32H417RM.PDF)
CH32H417,CAN,sFilterRegister[7].FR1,0x278,32,1,,X,ok:1,#,confirmed,evt(ch32h417.h)+rm-address(CH32H417RM.PDF)
CH32H417,CAN,sFilterRegister[7].FR2,0x27c,32,1,,X,ok:1,#,confirmed,evt(ch32h417.h)+rm-address(CH32H417RM.PDF)
CH32H417,CAN,sFilterRegister[8].FR1,0x280,32,1,,X,ok:1,#,confirmed,evt(ch32h417.h)+rm-address(CH32H417RM.PDF)
CH32H417,CAN,sFilterRegister[8].FR2,0x284,32,1,,X,ok:1,#,confirmed,evt(ch32h417.h)+rm-address(CH32H417RM.PDF)
CH32H417,CAN,sFilterRegister[9].FR1,0x288,32,1,,X,ok:1,#,confirmed,evt(ch32h417.h)+rm-address(CH32H417RM.PDF)
CH32H417,CAN,sFilterRegister[9].FR2,0x28c,32,1,,X,ok:1,#,confirmed,evt(ch32h417.h)+rm-address(CH32H417RM.PDF)
CH32H417,CAN,sFilterRegister[10].FR1,0x290,32,1,,X,ok:1,#,confirmed,evt(ch32h417.h)+rm-address(CH32H417RM.PDF)
CH32H417,CAN,sFilterRegister[10].FR2,0x294,32,1,,X,ok:1,#,confirmed,evt(ch32h417.h)+rm-address(CH32H417RM.PDF)
CH32H417,CAN,sFilterRegister[11].FR1,0x298,32,1,,X,ok:1,#,confirmed,evt(ch32h417.h)+rm-address(CH32H417RM.PDF)
CH32H417,CAN,sFilterRegister[11].FR2,0x29c,32,1,,X,ok:1,#,confirmed,evt(ch32h417.h)+rm-address(CH32H417RM.PDF)
CH32H417,CAN,sFilterRegister[12].FR1,0x2a0,32,1,,X,ok:1,#,confirmed,evt(ch32h417.h)+rm-address(CH32H417RM.PDF)
CH32H417,CAN,sFilterRegister[12].FR2,0x2a4,32,1,,X,ok:1,#,confirmed,evt(ch32h417.h)+rm-address(CH32H417RM.PDF)
CH32H417,CAN,sFilterRegister[13].FR1,0x2a8,32,1,,X,ok:1,#,confirmed,evt(ch32h417.h)+rm-address(CH32H417RM.PDF)
CH32H417,CAN,sFilterRegister[13].FR2,0x2ac,32,1,,X,ok:1,#,confirmed,evt(ch32h417.h)+rm-address(CH32H417RM.PDF)
CH32H417,CAN,sFilterRegister[14].FR1,0x2b0,32,1,,X,ok:1,#,confirmed,evt(ch32h417.h)+rm-address(CH32H417RM.PDF)
CH32H417,CAN,sFilterRegister[14].FR2,0x2b4,32,1,,X,ok:1,#,confirmed,evt(ch32h417.h)+rm-address(CH32H417RM.PDF)
CH32H417,CAN,sFilterRegister[15].FR1,0x2b8,32,1,,X,ok:1,#,confirmed,evt(ch32h417.h)+rm-address(CH32H417RM.PDF)
CH32H417,CAN,sFilterRegister[15].FR2,0x2bc,32,1,,X,ok:1,#,confirmed,evt(ch32h417.h)+rm-address(CH32H417RM.PDF)
CH32H417,CAN,sFilterRegister[16].FR1,0x2c0,32,1,,X,ok:1,#,confirmed,evt(ch32h417.h)+rm-address(CH32H417RM.PDF)
CH32H417,CAN,sFilterRegister[16].FR2,0x2c4,32,1,,X,ok:1,#,confirmed,evt(ch32h417.h)+rm-address(CH32H417RM.PDF)
CH32H417,CAN,sFilterRegister[17].FR1,0x2c8,32,1,,X,ok:1,#,confirmed,evt(ch32h417.h)+rm-address(CH32H417RM.PDF)
CH32H417,CAN,sFilterRegister[17].FR2,0x2cc,32,1,,X,ok:1,#,confirmed,evt(ch32h417.h)+rm-address(CH32H417RM.PDF)
CH32H417,CAN,sFilterRegister[18].FR1,0x2d0,32,1,,X,ok:1,#,confirmed,evt(ch32h417.h)+rm-address(CH32H417RM.PDF)
CH32H417,CAN,sFilterRegister[18].FR2,0x2d4,32,1,,X,ok:1,#,confirmed,evt(ch32h417.h)+rm-address(CH32H417RM.PDF)
CH32H417,CAN,sFilterRegister[19].FR1,0x2d8,32,1,,X,ok:1,#,confirmed,evt(ch32h417.h)+rm-address(CH32H417RM.PDF)
CH32H417,CAN,sFilterRegister[19].FR2,0x2dc,32,1,,X,ok:1,#,confirmed,evt(ch32h417.h)+rm-address(CH32H417RM.PDF)
CH32H417,CAN,sFilterRegister[20].FR1,0x2e0,32,1,,X,ok:1,#,confirmed,evt(ch32h417.h)+rm-address(CH32H417RM.PDF)
CH32H417,CAN,sFilterRegister[20].FR2,0x2e4,32,1,,X,ok:1,#,confirmed,evt(ch32h417.h)+rm-address(CH32H417RM.PDF)
CH32H417,CAN,sFilterRegister[21].FR1,0x2e8,32,1,,X,ok:1,#,confirmed,evt(ch32h417.h)+rm-address(CH32H417RM.PDF)
CH32H417,CAN,sFilterRegister[21].FR2,0x2ec,32,1,,X,ok:1,#,confirmed,evt(ch32h417.h)+rm-address(CH32H417RM.PDF)
CH32H417,CAN,sFilterRegister[22].FR1,0x2f0,32,1,,X,ok:1,#,confirmed,evt(ch32h417.h)+rm-address(CH32H417RM.PDF)
CH32H417,CAN,sFilterRegister[22].FR2,0x2f4,32,1,,X,ok:1,#,confirmed,evt(ch32h417.h)+rm-address(CH32H417RM.PDF)
CH32H417,CAN,sFilterRegister[23].FR1,0x2f8,32,1,,X,ok:1,#,confirmed,evt(ch32h417.h)+rm-address(CH32H417RM.PDF)
CH32H417,CAN,sFilterRegister[23].FR2,0x2fc,32,1,,X,ok:1,#,confirmed,evt(ch32h417.h)+rm-address(CH32H417RM.PDF)
CH32H417,CAN,sFilterRegister[24].FR1,0x300,32,1,,X,ok:1,#,confirmed,evt(ch32h417.h)+rm-address(CH32H417RM.PDF)
CH32H417,CAN,sFilterRegister[24].FR2,0x304,32,1,,X,ok:1,#,confirmed,evt(ch32h417.h)+rm-address(CH32H417RM.PDF)
CH32H417,CAN,sFilterRegister[25].FR1,0x308,32,1,,X,ok:1,#,confirmed,evt(ch32h417.h)+rm-address(CH32H417RM.PDF)
CH32H417,CAN,sFilterRegister[25].FR2,0x30c,32,1,,X,ok:1,#,confirmed,evt(ch32h417.h)+rm-address(CH32H417RM.PDF)
CH32H417,CAN,sFilterRegister[26].FR1,0x310,32,1,,X,ok:1,#,confirmed,evt(ch32h417.h)+rm-address(CH32H417RM.PDF)
CH32H417,CAN,sFilterRegister[26].FR2,0x314,32,1,,X,ok:1,#,confirmed,evt(ch32h417.h)+rm-address(CH32H417RM.PDF)
CH32H417,CAN,sFilterRegister[27].FR1,0x318,32,1,,X,ok:1,#,confirmed,evt(ch32h417.h)+rm-address(CH32H417RM.PDF)
CH32H417,CAN,sFilterRegister[27].FR2,0x31c,32,1,,X,ok:1,#,confirmed,evt(ch32h417.h)+rm-address(CH32H417RM.PDF)
CH32H417,CAN,sFilterRegister[28].FR1,0x320,32,1,,X,ok:1,#,confirmed,evt(ch32h417.h)+rm-address(CH32H417RM.PDF)
CH32H417,CAN,sFilterRegister[28].FR2,0x324,32,1,,X,ok:1,#,confirmed,evt(ch32h417.h)+rm-address(CH32H417RM.PDF)
CH32H417,CAN,sFilterRegister[29].FR1,0x328,32,1,,X,ok:1,#,confirmed,evt(ch32h417.h)+rm-address(CH32H417RM.PDF)
CH32H417,CAN,sFilterRegister[29].FR2,0x32c,32,1,,X,ok:1,#,confirmed,evt(ch32h417.h)+rm-address(CH32H417RM.PDF)
CH32H417,CAN,sFilterRegister[30].FR1,0x330,32,1,,X,ok:1,#,confirmed,evt(ch32h417.h)+rm-address(CH32H417RM.PDF)
CH32H417,CAN,sFilterRegister[30].FR2,0x334,32,1,,X,ok:1,#,confirmed,evt(ch32h417.h)+rm-address(CH32H417RM.PDF)
CH32H417,CAN,sFilterRegister[31].FR1,0x338,32,1,,X,ok:1,#,confirmed,evt(ch32h417.h)+rm-address(CH32H417RM.PDF)
CH32H417,CAN,sFilterRegister[31].FR2,0x33c,32,1,,X,ok:1,#,confirmed,evt(ch32h417.h)+rm-address(CH32H417RM.PDF)
CH32H417,CAN,sFilterRegister[32].FR1,0x340,32,1,,X,ok:1,#,confirmed,evt(ch32h417.h)+rm-address(CH32H417RM.PDF)
CH32H417,CAN,sFilterRegister[32].FR2,0x344,32,1,,X,ok:1,#,confirmed,evt(ch32h417.h)+rm-address(CH32H417RM.PDF)
CH32H417,CAN,sFilterRegister[33].FR1,0x348,32,1,,X,ok:1,#,confirmed,evt(ch32h417.h)+rm-address(CH32H417RM.PDF)
CH32H417,CAN,sFilterRegister[33].FR2,0x34c,32,1,,X,ok:1,#,confirmed,evt(ch32h417.h)+rm-address(CH32H417RM.PDF)
CH32H417,CAN,sFilterRegister[34].FR1,0x350,32,1,,X,ok:1,#,confirmed,evt(ch32h417.h)+rm-address(CH32H417RM.PDF)
CH32H417,CAN,sFilterRegister[34].FR2,0x354,32,1,,X,ok:1,#,confirmed,evt(ch32h417.h)+rm-address(CH32H417RM.PDF)
CH32H417,CAN,sFilterRegister[35].FR1,0x358,32,1,,X,ok:1,#,confirmed,evt(ch32h417.h)+rm-address(CH32H417RM.PDF)
CH32H417,CAN,sFilterRegister[35].FR2,0x35c,32,1,,X,ok:1,#,confirmed,evt(ch32h417.h)+rm-address(CH32H417RM.PDF)
CH32H417,CAN,sFilterRegister[36].FR1,0x360,32,1,,X,ok:1,#,confirmed,evt(ch32h417.h)+rm-address(CH32H417RM.PDF)
CH32H417,CAN,sFilterRegister[36].FR2,0x364,32,1,,X,ok:1,#,confirmed,evt(ch32h417.h)+rm-address(CH32H417RM.PDF)
CH32H417,CAN,sFilterRegister[37].FR1,0x368,32,1,,X,ok:1,#,confirmed,evt(ch32h417.h)+rm-address(CH32H417RM.PDF)
CH32H417,CAN,sFilterRegister[37].FR2,0x36c,32,1,,X,ok:1,#,confirmed,evt(ch32h417.h)+rm-address(CH32H417RM.PDF)
CH32H417,CAN,sFilterRegister[38].FR1,0x370,32,1,,X,ok:1,#,confirmed,evt(ch32h417.h)+rm-address(CH32H417RM.PDF)
CH32H417,CAN,sFilterRegister[38].FR2,0x374,32,1,,X,ok:1,#,confirmed,evt(ch32h417.h)+rm-address(CH32H417RM.PDF)
CH32H417,CAN,sFilterRegister[39].FR1,0x378,32,1,,X,ok:1,#,confirmed,evt(ch32h417.h)+rm-address(CH32H417RM.PDF)
CH32H417,CAN,sFilterRegister[39].FR2,0x37c,32,1,,X,ok:1,#,confirmed,evt(ch32h417.h)+rm-address(CH32H417RM.PDF)
CH32H417,CAN,sFilterRegister[40].FR1,0x380,32,1,,X,ok:1,#,confirmed,evt(ch32h417.h)+rm-address(CH32H417RM.PDF)
CH32H417,CAN,sFilterRegister[40].FR2,0x384,32,1,,X,ok:1,#,confirmed,evt(ch32h417.h)+rm-address(CH32H417RM.PDF)
CH32H417,CAN,sFilterRegister[41].FR1,0x388,32,1,,X,ok:1,#,confirmed,evt(ch32h417.h)+rm-address(CH32H417RM.PDF)
CH32H417,CAN,sFilterRegister[41].FR2,0x38c,32,1,,X,ok:1,#,confirmed,evt(ch32h417.h)+rm-address(CH32H417RM.PDF)
CH32H417,CAN_FIFOMailBox,RXMIR,0x000,32,1,,,,#,reference,evt(ch32h417.h)
CH32H417,CAN_FIFOMailBox,RXMDTR,0x004,32,1,,,,#,reference,evt(ch32h417.h)
CH32H417,CAN_FIFOMailBox,RXMDLR,0x008,32,1,,,,#,reference,evt(ch32h417.h)
CH32H417,CAN_FIFOMailBox,RXMDHR,0x00c,32,1,,,,#,reference,evt(ch32h417.h)
CH32H417,CAN_FilterRegister,FR1,0x000,32,1,,,,#,reference,evt(ch32h417.h)
CH32H417,CAN_FilterRegister,FR2,0x004,32,1,,,,#,reference,evt(ch32h417.h)
CH32H417,CAN_TxMailBox,TXMIR,0x000,32,1,,,,#,reference,evt(ch32h417.h)
CH32H417,CAN_TxMailBox,TXMDTR,0x004,32,1,,,,#,reference,evt(ch32h417.h)
CH32H417,CAN_TxMailBox,TXMDLR,0x008,32,1,,,,#,reference,evt(ch32h417.h)
CH32H417,CAN_TxMailBox,TXMDHR,0x00c,32,1,,,,#,reference,evt(ch32h417.h)
CH32H417,CRC,DATAR,0x000,32,1,CRC_DATAR,0xFFFFFFFF,ok:1,#,confirmed,evt(ch32h417.h)+rm(CH32H417RM.PDF)+rm-address(CH32H417RM.PDF)
CH32H417,CRC,IDATAR,0x004,8,1,CRC_IDATAR,0x00,ok:1,#,confirmed,evt(ch32h417.h)+rm(CH32H417RM.PDF)+rm-address(CH32H417RM.PDF)
CH32H417,CRC,CTLR,0x008,32,1,CRC_CTLR,0x00000000,ok:1,#,confirmed,evt(ch32h417.h)+rm(CH32H417RM.PDF)+rm-address(CH32H417RM.PDF)
CH32H417,DAC,CTLR,0x000,32,1,DAC_CTLR,0x00000000,ok:1,#,confirmed,evt(ch32h417.h)+rm(CH32H417RM.PDF)+rm-address(CH32H417RM.PDF)
CH32H417,DAC,SWTR,0x004,32,1,DAC_SWTR,0x00000000,ok:1,#,confirmed,evt(ch32h417.h)+rm(CH32H417RM.PDF)+rm-address(CH32H417RM.PDF)
CH32H417,DAC,R12BDHR1,0x008,32,1,DAC_R12BDHR1,0x00000000,ok:1,#,confirmed,evt(ch32h417.h)+rm(CH32H417RM.PDF)+rm-address(CH32H417RM.PDF)
CH32H417,DAC,L12BDHR1,0x00c,32,1,DAC_L12BDHR1,0x00000000,ok:1,#,confirmed,evt(ch32h417.h)+rm(CH32H417RM.PDF)+rm-address(CH32H417RM.PDF)
CH32H417,DAC,R8BDHR1,0x010,32,1,DAC_R8BDHR1,0x00000000,ok:1,#,confirmed,evt(ch32h417.h)+rm(CH32H417RM.PDF)+rm-address(CH32H417RM.PDF)
CH32H417,DAC,R12BDHR2,0x014,32,1,DAC_R12BDHR2,0x00000000,ok:1,#,confirmed,evt(ch32h417.h)+rm(CH32H417RM.PDF)+rm-address(CH32H417RM.PDF)
CH32H417,DAC,L12BDHR2,0x018,32,1,DAC_L12BDHR2,0x00000000,ok:1,#,confirmed,evt(ch32h417.h)+rm(CH32H417RM.PDF)+rm-address(CH32H417RM.PDF)
CH32H417,DAC,R8BDHR2,0x01c,32,1,DAC_R8BDHR2,0x00000000,ok:1,#,confirmed,evt(ch32h417.h)+rm(CH32H417RM.PDF)+rm-address(CH32H417RM.PDF)
CH32H417,DAC,RD12BDHR,0x020,32,1,DAC_RD12BDHR,0x00000000,ok:1,#,confirmed,evt(ch32h417.h)+rm(CH32H417RM.PDF)+rm-address(CH32H417RM.PDF)
CH32H417,DAC,LD12BDHR,0x024,32,1,DAC_LD12BDHR,0x00000000,ok:1,#,confirmed,evt(ch32h417.h)+rm(CH32H417RM.PDF)+rm-address(CH32H417RM.PDF)
CH32H417,DAC,RD8BDHR,0x028,32,1,DAC_RD8BDHR,0x00000000,ok:1,#,confirmed,evt(ch32h417.h)+rm(CH32H417RM.PDF)+rm-address(CH32H417RM.PDF)
CH32H417,DAC,DOR1,0x02c,32,1,DAC_DOR1,0x00000000,ok:1,#,confirmed,evt(ch32h417.h)+rm(CH32H417RM.PDF)+rm-address(CH32H417RM.PDF)
CH32H417,DAC,DOR2,0x030,32,1,DAC_DOR2,0x00000000,ok:1,#,confirmed,evt(ch32h417.h)+rm(CH32H417RM.PDF)+rm-address(CH32H417RM.PDF)
CH32H417,DFSDM_Channel,CFGR1,0x000,32,1,,,,#,reference,evt(ch32h417.h)
CH32H417,DFSDM_Channel,CFGR2,0x008,32,1,,,,#,reference,evt(ch32h417.h)
CH32H417,DFSDM_Channel,AWSCDR,0x010,32,1,,,,#,reference,evt(ch32h417.h)
CH32H417,DFSDM_Channel,WDATR,0x018,32,1,,,,#,reference,evt(ch32h417.h)
CH32H417,DFSDM_Channel,DATINR,0x020,32,1,,,,#,reference,evt(ch32h417.h)
CH32H417,DFSDM_Channel,DATINR0,0x024,16,1,,,,#,reference,evt(ch32h417.h)
CH32H417,DFSDM_Channel,DATINR1,0x026,16,1,,,,#,reference,evt(ch32h417.h)
CH32H417,DFSDM_FLT,CR1,0x000,32,1,,,,#,reference,evt(ch32h417.h)
CH32H417,DFSDM_FLT,CR2,0x008,32,1,,,,#,reference,evt(ch32h417.h)
CH32H417,DFSDM_FLT,ISR,0x010,32,1,,,,#,reference,evt(ch32h417.h)
CH32H417,DFSDM_FLT,ICR,0x018,32,1,,,,#,reference,evt(ch32h417.h)
CH32H417,DFSDM_FLT,JCHGR,0x020,32,1,,,,#,reference,evt(ch32h417.h)
CH32H417,DFSDM_FLT,FCR3,0x028,32,1,,,,#,reference,evt(ch32h417.h)
CH32H417,DFSDM_FLT,JDATAR,0x030,32,1,,,,#,reference,evt(ch32h417.h)
CH32H417,DFSDM_FLT,RDATAR,0x038,32,1,,,,#,reference,evt(ch32h417.h)
CH32H417,DFSDM_FLT,AWHTR,0x040,32,1,,,,#,reference,evt(ch32h417.h)
CH32H417,DFSDM_FLT,AWLTR,0x048,32,1,,,,#,reference,evt(ch32h417.h)
CH32H417,DFSDM_FLT,AWSR,0x050,32,1,,,,#,reference,evt(ch32h417.h)
CH32H417,DFSDM_FLT,AWCFR,0x058,32,1,,,,#,reference,evt(ch32h417.h)
CH32H417,DFSDM_FLT,EXMAX,0x060,32,1,,,,#,reference,evt(ch32h417.h)
CH32H417,DFSDM_FLT,EXMIN,0x068,32,1,,,,#,reference,evt(ch32h417.h)
CH32H417,DFSDM_FLT,NVTIMR,0x070,32,1,,,,#,reference,evt(ch32h417.h)
CH32H417,DMA,INTFR,0x000,32,1,,0x00000000,ok:2,#,confirmed,evt(ch32h417.h)+rm-address(CH32H417RM.PDF)
CH32H417,DMA,INTFCR,0x004,32,1,,0x00000000,ok:2,#,confirmed,evt(ch32h417.h)+rm-address(CH32H417RM.PDF)
CH32H417,DMAMUX,CFGR0_3,0x000,32,1,,,,#,reference,evt(ch32h417.h)
CH32H417,DMAMUX,CFGR4_7,0x004,32,1,,,,#,reference,evt(ch32h417.h)
CH32H417,DMAMUX,CFGR8_11,0x008,32,1,,,,#,reference,evt(ch32h417.h)
CH32H417,DMAMUX,CFGR12_15,0x00c,32,1,,,,#,reference,evt(ch32h417.h)
CH32H417,DMA_Channel,CFGR,0x000,32,1,,0x00000000,ok:16,#,confirmed,evt(ch32h417.h)+rm-address(CH32H417RM.PDF)
CH32H417,DMA_Channel,CNTR,0x004,32,1,,0x00000000,ok:16,#,confirmed,evt(ch32h417.h)+rm-address(CH32H417RM.PDF)
CH32H417,DMA_Channel,PADDR,0x008,32,1,,0x00000000,ok:16,#,confirmed,evt(ch32h417.h)+rm-address(CH32H417RM.PDF)
CH32H417,DMA_Channel,MADDR,0x00c,32,1,,0x00000000,ok:16,#,confirmed,evt(ch32h417.h)+rm-address(CH32H417RM.PDF)
CH32H417,DMA_Channel,M1ADDR,0x010,32,1,,,,#,reference,evt(ch32h417.h)
CH32H417,DVP,CR0,0x000,8,1,,0x00,ok:1,#,confirmed,evt(ch32h417.h)+rm-address(CH32H417RM.PDF)
CH32H417,DVP,CR1,0x001,8,1,,0x06,ok:1,#,confirmed,evt(ch32h417.h)+rm-address(CH32H417RM.PDF)
CH32H417,DVP,IER,0x002,8,1,,0x00,ok:1,#,confirmed,evt(ch32h417.h)+rm-address(CH32H417RM.PDF)
CH32H417,DVP,ROW_NUM,0x004,16,1,,0x0000,ok:1,#,confirmed,evt(ch32h417.h)+rm-address(CH32H417RM.PDF)
CH32H417,DVP,COL_NUM,0x006,16,1,,0x0000,ok:1,#,confirmed,evt(ch32h417.h)+rm-address(CH32H417RM.PDF)
CH32H417,DVP,DMA_BUF0,0x008,32,1,,0x00000000,ok:1,#,confirmed,evt(ch32h417.h)+rm-address(CH32H417RM.PDF)
CH32H417,DVP,DMA_BUF1,0x00c,32,1,,0x00000000,ok:1,#,confirmed,evt(ch32h417.h)+rm-address(CH32H417RM.PDF)
CH32H417,DVP,IFR,0x010,8,1,,0x00,ok:1,#,confirmed,evt(ch32h417.h)+rm-address(CH32H417RM.PDF)
CH32H417,DVP,STATUS,0x011,8,1,,0x00,ok:1,#,confirmed,evt(ch32h417.h)+rm-address(CH32H417RM.PDF)
CH32H417,DVP,ROW_CNT,0x014,16,1,,0x0000,ok:1,#,confirmed,evt(ch32h417.h)+rm-address(CH32H417RM.PDF)
CH32H417,DVP,HOFFCNT,0x018,16,1,,0x0000,ok:1,#,confirmed,evt(ch32h417.h)+rm-address(CH32H417RM.PDF)
CH32H417,DVP,VST,0x01a,16,1,,0x0000,ok:1,#,confirmed,evt(ch32h417.h)+rm-address(CH32H417RM.PDF)
CH32H417,DVP,CAPCNT,0x01c,16,1,,0x0000,ok:1,#,confirmed,evt(ch32h417.h)+rm-address(CH32H417RM.PDF)
CH32H417,DVP,VLINE,0x01e,16,1,,0x0000,ok:1,#,confirmed,evt(ch32h417.h)+rm-address(CH32H417RM.PDF)
CH32H417,DVP,DR,0x020,32,1,,0x00000000,ok:1,#,confirmed,evt(ch32h417.h)+rm-address(CH32H417RM.PDF)
CH32H417,ECDC,CTRL,0x000,32,1,,0x00000020,ok:1,#,confirmed,evt(ch32h417.h)+rm-address(CH32H417RM.PDF)
CH32H417,ECDC,INT_FG,0x004,32,1,,0x00000000,ok:1,#,confirmed,evt(ch32h417.h)+rm-address(CH32H417RM.PDF)
CH32H417,ECDC,KEY_255T224,0x008,32,1,,0xXXXXXXXX,ok:1,#,confirmed,evt(ch32h417.h)+rm-address(CH32H417RM.PDF)
CH32H417,ECDC,KEY_223T192,0x00c,32,1,,0xXXXXXXXX,ok:1,#,confirmed,evt(ch32h417.h)+rm-address(CH32H417RM.PDF)
CH32H417,ECDC,KEY_191T160,0x010,32,1,,0xXXXXXXXX,ok:1,#,confirmed,evt(ch32h417.h)+rm-address(CH32H417RM.PDF)
CH32H417,ECDC,KEY_159T128,0x014,32,1,,0xXXXXXXXX,ok:1,#,confirmed,evt(ch32h417.h)+rm-address(CH32H417RM.PDF)
CH32H417,ECDC,KEY_127T96,0x018,32,1,,0xXXXXXXXX,ok:1,#,confirmed,evt(ch32h417.h)+rm-address(CH32H417RM.PDF)
CH32H417,ECDC,KEY_95T64,0x01c,32,1,,0xXXXXXXXX,ok:1,#,confirmed,evt(ch32h417.h)+rm-address(CH32H417RM.PDF)
CH32H417,ECDC,KEY_63T32,0x020,32,1,,0xXXXXXXXX,ok:1,#,confirmed,evt(ch32h417.h)+rm-address(CH32H417RM.PDF)
CH32H417,ECDC,KEY_31T0,0x024,32,1,,0xXXXXXXXX,ok:1,#,confirmed,evt(ch32h417.h)+rm-address(CH32H417RM.PDF)
CH32H417,ECDC,IV_127T96,0x028,32,1,,0xXXXXXXXX,ok:1,#,confirmed,evt(ch32h417.h)+rm-address(CH32H417RM.PDF)
CH32H417,ECDC,IV_95T64,0x02c,32,1,,0xXXXXXXXX,ok:1,#,confirmed,evt(ch32h417.h)+rm-address(CH32H417RM.PDF)
CH32H417,ECDC,IV_63T32,0x030,32,1,,0xXXXXXXXX,ok:1,#,confirmed,evt(ch32h417.h)+rm-address(CH32H417RM.PDF)
CH32H417,ECDC,IV_31T0,0x034,32,1,,0xXXXXXXXX,ok:1,#,confirmed,evt(ch32h417.h)+rm-address(CH32H417RM.PDF)
CH32H417,ECDC,SGSD_127T96,0x040,32,1,,0x00000000,ok:1,#,confirmed,evt(ch32h417.h)+rm-address(CH32H417RM.PDF)
CH32H417,ECDC,SGSD_95T64,0x044,32,1,,0x00000000,ok:1,#,confirmed,evt(ch32h417.h)+rm-address(CH32H417RM.PDF)
CH32H417,ECDC,SGSD_63T32,0x048,32,1,,0x00000000,ok:1,#,confirmed,evt(ch32h417.h)+rm-address(CH32H417RM.PDF)
CH32H417,ECDC,SGSD_31T0,0x04c,32,1,,0x00000000,ok:1,#,confirmed,evt(ch32h417.h)+rm-address(CH32H417RM.PDF)
CH32H417,ECDC,SGRT_127T96,0x050,32,1,,0x00000000,ok:1,#,confirmed,evt(ch32h417.h)+rm-address(CH32H417RM.PDF)
CH32H417,ECDC,SGRT_95T64,0x054,32,1,,0x00000000,ok:1,#,confirmed,evt(ch32h417.h)+rm-address(CH32H417RM.PDF)
CH32H417,ECDC,SGRT_63T32,0x058,32,1,,0x00000000,ok:1,#,confirmed,evt(ch32h417.h)+rm-address(CH32H417RM.PDF)
CH32H417,ECDC,SGRT_31T0,0x05c,32,1,,0x00000000,ok:1,#,confirmed,evt(ch32h417.h)+rm-address(CH32H417RM.PDF)
CH32H417,ECDC,SRC_ADDR,0x060,32,1,,0x00000000,ok:1,#,confirmed,evt(ch32h417.h)+rm-address(CH32H417RM.PDF)
CH32H417,ECDC,DST_ADDR,0x064,32,1,,0x00000000,ok:1,#,confirmed,evt(ch32h417.h)+rm-address(CH32H417RM.PDF)
CH32H417,ECDC,SRAM_LEN,0x068,32,1,,0x00000000,ok:1,#,confirmed,evt(ch32h417.h)+rm-address(CH32H417RM.PDF)
CH32H417,ETH,MACCR,0x000,32,1,,0x00000000,ok:1,#,confirmed,evt(ch32h417.h)+rm-address(CH32H417RM.PDF)
CH32H417,ETH,MACFFR,0x004,32,1,,0x00000000,ok:1,#,confirmed,evt(ch32h417.h)+rm-address(CH32H417RM.PDF)
CH32H417,ETH,MACHTHR,0x008,32,1,,0x00000000,ok:1,#,confirmed,evt(ch32h417.h)+rm-address(CH32H417RM.PDF)
CH32H417,ETH,MACHTLR,0x00c,32,1,,0x00000000,ok:1,#,confirmed,evt(ch32h417.h)+rm-address(CH32H417RM.PDF)
CH32H417,ETH,MACMIIAR,0x010,32,1,,0x00000000,ok:1,#,confirmed,evt(ch32h417.h)+rm-address(CH32H417RM.PDF)
CH32H417,ETH,MACMIIDR,0x014,32,1,,0x00000000,ok:1,#,confirmed,evt(ch32h417.h)+rm-address(CH32H417RM.PDF)
CH32H417,ETH,MACFCR,0x018,32,1,,0x00000000,ok:1,#,confirmed,evt(ch32h417.h)+rm-address(CH32H417RM.PDF)
CH32H417,ETH,MACVLANTR,0x01c,32,1,,,,#,reference,evt(ch32h417.h)
CH32H417,ETH,MACRWUFFR,0x028,32,1,,0x00000000,ok:1,#,confirmed,evt(ch32h417.h)+rm-address(CH32H417RM.PDF)
CH32H417,ETH,MACPMTCSR,0x02c,32,1,,0x00000000,ok:1,#,confirmed,evt(ch32h417.h)+rm-address(CH32H417RM.PDF)
CH32H417,ETH,MACSR,0x038,32,1,,0x00000000,ok:1,#,confirmed,evt(ch32h417.h)+rm-address(CH32H417RM.PDF)
CH32H417,ETH,MACIMR,0x03c,32,1,,0x00000000,ok:1,#,confirmed,evt(ch32h417.h)+rm-address(CH32H417RM.PDF)
CH32H417,ETH,MACA0HR,0x040,32,1,,0x8000FFFF,ok:1,#,confirmed,evt(ch32h417.h)+rm-address(CH32H417RM.PDF)
CH32H417,ETH,MACA0LR,0x044,32,1,,0xFFFFFFFF,ok:1,#,confirmed,evt(ch32h417.h)+rm-address(CH32H417RM.PDF)
CH32H417,ETH,MACA1HR,0x048,32,1,,0x0000FFFF,ok:1,#,confirmed,evt(ch32h417.h)+rm-address(CH32H417RM.PDF)
CH32H417,ETH,MACA1LR,0x04c,32,1,,0xFFFFFFFF,ok:1,#,confirmed,evt(ch32h417.h)+rm-address(CH32H417RM.PDF)
CH32H417,ETH,MACA2HR,0x050,32,1,,0x0000FFFF,ok:1,#,confirmed,evt(ch32h417.h)+rm-address(CH32H417RM.PDF)
CH32H417,ETH,MACA2LR,0x054,32,1,,0xFFFFFFFF,ok:1,#,confirmed,evt(ch32h417.h)+rm-address(CH32H417RM.PDF)
CH32H417,ETH,MACA3HR,0x058,32,1,,0x0000FFFF,ok:1,#,confirmed,evt(ch32h417.h)+rm-address(CH32H417RM.PDF)
CH32H417,ETH,MACA3LR,0x05c,32,1,,0xFFFFFFFF,ok:1,#,confirmed,evt(ch32h417.h)+rm-address(CH32H417RM.PDF)
CH32H417,ETH,MACPHYCR,0x080,32,1,,,,#,reference,evt(ch32h417.h)
CH32H417,ETH,MACCFG0,0x098,32,1,,,,#,reference,evt(ch32h417.h)
CH32H417,ETH,MMCCR,0x100,32,1,,0x00000000,ok:1,#,confirmed,evt(ch32h417.h)+rm-address(CH32H417RM.PDF)
CH32H417,ETH,MMCRIR,0x104,32,1,,0x00000000,ok:1,#,confirmed,evt(ch32h417.h)+rm-address(CH32H417RM.PDF)
CH32H417,ETH,MMCTIR,0x108,32,1,,0x00000000,ok:1,#,confirmed,evt(ch32h417.h)+rm-address(CH32H417RM.PDF)
CH32H417,ETH,MMCRIMR,0x10c,32,1,,0x00000000,ok:1,#,confirmed,evt(ch32h417.h)+rm-address(CH32H417RM.PDF)
CH32H417,ETH,MMCTIMR,0x110,32,1,,0x00000000,ok:1,#,confirmed,evt(ch32h417.h)+rm-address(CH32H417RM.PDF)
CH32H417,ETH,MMCTGFSCCR,0x14c,32,1,,0x00000000,ok:1,#,confirmed,evt(ch32h417.h)+rm-address(CH32H417RM.PDF)
CH32H417,ETH,MMCTGFMSCCR,0x150,32,1,,0x00000000,ok:1,#,confirmed,evt(ch32h417.h)+rm-address(CH32H417RM.PDF)
CH32H417,ETH,MMCTGFCR,0x168,32,1,,0x00000000,ok:1,#,confirmed,evt(ch32h417.h)+rm-address(CH32H417RM.PDF)
CH32H417,ETH,MMCRFCECR,0x194,32,1,,0x00000000,ok:1,#,confirmed,evt(ch32h417.h)+rm-address(CH32H417RM.PDF)
CH32H417,ETH,MMCRFAECR,0x198,32,1,,0x00000000,ok:1,#,confirmed,evt(ch32h417.h)+rm-address(CH32H417RM.PDF)
CH32H417,ETH,MMCRAFCR,0x19c,32,1,,0x00000000,ok:1,#,confirmed,evt(ch32h417.h)+rm-address(CH32H417RM.PDF)
CH32H417,ETH,MMCRGUFCR,0x1c4,32,1,,0x00000000,ok:1,#,confirmed,evt(ch32h417.h)+rm-address(CH32H417RM.PDF)
CH32H417,ETH,PTPTSCR,0x700,32,1,,0x00000000,ok:1,#,confirmed,evt(ch32h417.h)+rm-address(CH32H417RM.PDF)
CH32H417,ETH,PTPSSIR,0x704,32,1,,0x00000000,ok:1,#,confirmed,evt(ch32h417.h)+rm-address(CH32H417RM.PDF)
CH32H417,ETH,PTPTSHR,0x708,32,1,,0x00000000,ok:1,#,confirmed,evt(ch32h417.h)+rm-address(CH32H417RM.PDF)
CH32H417,ETH,PTPTSLR,0x70c,32,1,,0x00000000,ok:1,#,confirmed,evt(ch32h417.h)+rm-address(CH32H417RM.PDF)
CH32H417,ETH,PTPTSHUR,0x710,32,1,,0x00000000,ok:1,#,confirmed,evt(ch32h417.h)+rm-address(CH32H417RM.PDF)
CH32H417,ETH,PTPTSLUR,0x714,32,1,,0x00000000,ok:1,#,confirmed,evt(ch32h417.h)+rm-address(CH32H417RM.PDF)
CH32H417,ETH,PTPTSAR,0x718,32,1,,0x00000000,ok:1,#,confirmed,evt(ch32h417.h)+rm-address(CH32H417RM.PDF)
CH32H417,ETH,PTPTTHR,0x71c,32,1,,0x00000000,ok:1,#,confirmed,evt(ch32h417.h)+rm-address(CH32H417RM.PDF)
CH32H417,ETH,PTPTTLR,0x720,32,1,,0x00000000,ok:1,#,confirmed,evt(ch32h417.h)+rm-address(CH32H417RM.PDF)
CH32H417,ETH,DMABMR,0x1000,32,1,,0x00000001,ok:1,#,confirmed,evt(ch32h417.h)+rm-address(CH32H417RM.PDF)
CH32H417,ETH,DMATPDR,0x1004,32,1,,0x00000000,ok:1,#,confirmed,evt(ch32h417.h)+rm-address(CH32H417RM.PDF)
CH32H417,ETH,DMARPDR,0x1008,32,1,,0x00000000,ok:1,#,confirmed,evt(ch32h417.h)+rm-address(CH32H417RM.PDF)
CH32H417,ETH,DMARDLAR,0x100c,32,1,,0x00000000,ok:1,#,confirmed,evt(ch32h417.h)+rm-address(CH32H417RM.PDF)
CH32H417,ETH,DMATDLAR,0x1010,32,1,,0x00000000,ok:1,#,confirmed,evt(ch32h417.h)+rm-address(CH32H417RM.PDF)
CH32H417,ETH,DMASR,0x1014,32,1,,0x00000000,ok:1,#,confirmed,evt(ch32h417.h)+rm-address(CH32H417RM.PDF)
CH32H417,ETH,DMAOMR,0x1018,32,1,,0x00000000,ok:1,#,confirmed,evt(ch32h417.h)+rm-address(CH32H417RM.PDF)
CH32H417,ETH,DMAIER,0x101c,32,1,,0x00000000,ok:1,#,confirmed,evt(ch32h417.h)+rm-address(CH32H417RM.PDF)
CH32H417,ETH,DMAMFBOCR,0x1020,32,1,,0x00000000,ok:1,#,confirmed,evt(ch32h417.h)+rm-address(CH32H417RM.PDF)
CH32H417,ETH,DMACHTDR,0x1048,32,1,,0x00000000,ok:1,#,confirmed,evt(ch32h417.h)+rm-address(CH32H417RM.PDF)
CH32H417,ETH,DMACHRDR,0x104c,32,1,,0x00000000,ok:1,#,confirmed,evt(ch32h417.h)+rm-address(CH32H417RM.PDF)
CH32H417,ETH,DMACHTBAR,0x1050,32,1,,0x00000000,ok:1,#,confirmed,evt(ch32h417.h)+rm-address(CH32H417RM.PDF)
CH32H417,ETH,DMACHRBAR,0x1054,32,1,,0x00000000,ok:1,#,confirmed,evt(ch32h417.h)+rm-address(CH32H417RM.PDF)
CH32H417,EXTI,INTENR,0x000,32,1,,0x00000000,ok:1,#,confirmed,evt(ch32h417.h)+rm-address(CH32H417RM.PDF)
CH32H417,EXTI,EVENR,0x004,32,1,EXTI_EVENR,0x00000000,ok:1,#,confirmed,evt(ch32h417.h)+rm(CH32H417RM.PDF)+rm-address(CH32H417RM.PDF)
CH32H417,EXTI,RTENR,0x008,32,1,EXTI_RTENR,0x00000000,ok:1,#,confirmed,evt(ch32h417.h)+rm(CH32H417RM.PDF)+rm-address(CH32H417RM.PDF)
CH32H417,EXTI,FTENR,0x00c,32,1,EXTI_FTENR,0x00000000,ok:1,#,confirmed,evt(ch32h417.h)+rm(CH32H417RM.PDF)+rm-address(CH32H417RM.PDF)
CH32H417,EXTI,SWIEVR,0x010,32,1,EXTI_SWIEVR,0x00000000,ok:1,#,confirmed,evt(ch32h417.h)+rm(CH32H417RM.PDF)+rm-address(CH32H417RM.PDF)
CH32H417,EXTI,INTFR,0x014,32,1,EXTI_INTFR,0x0000XXXX,ok:1,#,confirmed,evt(ch32h417.h)+rm(CH32H417RM.PDF)+rm-address(CH32H417RM.PDF)
CH32H417,FLASH,ACTLR,0x000,32,1,,0x00000000,ok:1,#,confirmed,evt(ch32h417.h)+rm-address(CH32H417RM.PDF)
CH32H417,FLASH,KEYR,0x004,32,1,,0xXXXXXXXX,ok:1,#,confirmed,evt(ch32h417.h)+rm-address(CH32H417RM.PDF)
CH32H417,FLASH,OBKEYR,0x008,32,1,,0xXXXXXXXX,ok:1,#,confirmed,evt(ch32h417.h)+rm-address(CH32H417RM.PDF)
CH32H417,FLASH,STATR,0x00c,32,1,,0x00008000,ok:1,#,confirmed,evt(ch32h417.h)+rm-address(CH32H417RM.PDF)
CH32H417,FLASH,CTLR,0x010,32,1,,0x00008080,ok:1,#,confirmed,evt(ch32h417.h)+rm-address(CH32H417RM.PDF)
CH32H417,FLASH,ADDR,0x014,32,1,,0x00000000,ok:1,#,confirmed,evt(ch32h417.h)+rm-address(CH32H417RM.PDF)
CH32H417,FLASH,OBR,0x01c,32,1,,0xXXXXXXFE,ok:1,#,confirmed,evt(ch32h417.h)+rm-address(CH32H417RM.PDF)
CH32H417,FLASH,WPR,0x020,32,1,,0xXXXXXXXX,ok:1,#,confirmed,evt(ch32h417.h)+rm-address(CH32H417RM.PDF)
CH32H417,FLASH,MODEKEYR,0x024,32,1,,0xXXXXXXXX,ok:1,#,confirmed,evt(ch32h417.h)+rm-address(CH32H417RM.PDF)
CH32H417,FLASH,BOOT_MODEKEYR,0x028,32,1,,,,#,reference,evt(ch32h417.h)
CH32H417,FMC_Bank1,BTCR,0x000,32,8,,,,#,reference,evt(ch32h417.h)
CH32H417,FMC_Bank1E,BWTR,0x000,32,7,,,,#,reference,evt(ch32h417.h)
CH32H417,FMC_Bank3,PCR,0x000,32,1,,,,#,reference,evt(ch32h417.h)
CH32H417,FMC_Bank3,SR,0x004,32,1,,,,#,reference,evt(ch32h417.h)
CH32H417,FMC_Bank3,PMEM,0x008,32,1,,,,#,reference,evt(ch32h417.h)
CH32H417,FMC_Bank3,PATT,0x00c,32,1,,,,#,reference,evt(ch32h417.h)
CH32H417,FMC_Bank3,ECCR,0x014,32,1,,,,#,reference,evt(ch32h417.h)
CH32H417,FMC_Bank5_6,SDCR,0x000,32,2,,,,#,reference,evt(ch32h417.h)
CH32H417,FMC_Bank5_6,SDTR,0x008,32,2,,,,#,reference,evt(ch32h417.h)
CH32H417,FMC_Bank5_6,SDCMR,0x010,32,1,,,,#,reference,evt(ch32h417.h)
CH32H417,FMC_Bank5_6,SDRTR,0x014,32,1,,,,#,reference,evt(ch32h417.h)
CH32H417,FMC_Bank5_6,SDSR,0x018,32,1,,,,#,reference,evt(ch32h417.h)
CH32H417,FMC_Bank5_6,MISC,0x040,32,1,,,,#,reference,evt(ch32h417.h)
CH32H417,GPHA,CTLR,0x000,32,1,,0x00000000,ok:1,#,confirmed,evt(ch32h417.h)+rm-address(CH32H417RM.PDF)
CH32H417,GPHA,ISR,0x004,32,1,,0x00000000,ok:1,#,confirmed,evt(ch32h417.h)+rm-address(CH32H417RM.PDF)
CH32H417,GPHA,IFCR,0x008,32,1,,0x00000000,ok:1,#,confirmed,evt(ch32h417.h)+rm-address(CH32H417RM.PDF)
CH32H417,GPHA,FGMAR,0x00c,32,1,,0x00000000,ok:1,#,confirmed,evt(ch32h417.h)+rm-address(CH32H417RM.PDF)
CH32H417,GPHA,FGOR,0x010,32,1,,0x00000000,ok:1,#,confirmed,evt(ch32h417.h)+rm-address(CH32H417RM.PDF)
CH32H417,GPHA,BGMAR,0x014,32,1,,0x00000000,ok:1,#,confirmed,evt(ch32h417.h)+rm-address(CH32H417RM.PDF)
CH32H417,GPHA,BGOR,0x018,32,1,,0x00000000,ok:1,#,confirmed,evt(ch32h417.h)+rm-address(CH32H417RM.PDF)
CH32H417,GPHA,FGPFCCR,0x01c,32,1,,0x00000000,ok:1,#,confirmed,evt(ch32h417.h)+rm-address(CH32H417RM.PDF)
CH32H417,GPHA,FGCOLR,0x020,32,1,,0x00000000,ok:1,#,confirmed,evt(ch32h417.h)+rm-address(CH32H417RM.PDF)
CH32H417,GPHA,BGPFCCR,0x024,32,1,,0x00000000,ok:1,#,confirmed,evt(ch32h417.h)+rm-address(CH32H417RM.PDF)
CH32H417,GPHA,BGCOLR,0x028,32,1,,0x00000000,ok:1,#,confirmed,evt(ch32h417.h)+rm-address(CH32H417RM.PDF)
CH32H417,GPHA,FGCMAR,0x02c,32,1,,0x00000000,ok:1,#,confirmed,evt(ch32h417.h)+rm-address(CH32H417RM.PDF)
CH32H417,GPHA,BGCMAR,0x030,32,1,,0x00000000,ok:1,#,confirmed,evt(ch32h417.h)+rm-address(CH32H417RM.PDF)
CH32H417,GPHA,OPFCCR,0x034,32,1,,0x00000000,ok:1,#,confirmed,evt(ch32h417.h)+rm-address(CH32H417RM.PDF)
CH32H417,GPHA,OCOLR,0x038,32,1,,0x00000000,ok:1,#,confirmed,evt(ch32h417.h)+rm-address(CH32H417RM.PDF)
CH32H417,GPHA,OMAR,0x03c,32,1,,0x00000000,ok:1,#,confirmed,evt(ch32h417.h)+rm-address(CH32H417RM.PDF)
CH32H417,GPHA,OOR,0x040,32,1,,0x00000000,ok:1,#,confirmed,evt(ch32h417.h)+rm-address(CH32H417RM.PDF)
CH32H417,GPHA,NLR,0x044,32,1,,0x00000000,ok:1,#,confirmed,evt(ch32h417.h)+rm-address(CH32H417RM.PDF)
CH32H417,GPHA,LWR,0x048,32,1,,0x00000000,ok:1,#,confirmed,evt(ch32h417.h)+rm-address(CH32H417RM.PDF)
CH32H417,GPHA,AMTCR,0x04c,32,1,,0x00000000,ok:1,#,confirmed,evt(ch32h417.h)+rm-address(CH32H417RM.PDF)
CH32H417,GPHA,FGCWRS,0x050,32,1,,0x00000000,ok:1,#,confirmed,evt(ch32h417.h)+rm-address(CH32H417RM.PDF)
CH32H417,GPHA,FGCDAT,0x054,32,1,,0x00000000,ok:1,#,confirmed,evt(ch32h417.h)+rm-address(CH32H417RM.PDF)
CH32H417,GPHA,BGCWRS,0x058,32,1,,0x00000000,ok:1,#,confirmed,evt(ch32h417.h)+rm-address(CH32H417RM.PDF)
CH32H417,GPHA,BGCDAT,0x05c,32,1,,0x00000000,ok:1,#,confirmed,evt(ch32h417.h)+rm-address(CH32H417RM.PDF)
CH32H417,GPIO,CFGLR,0x000,32,1,,0x44444444,ok:6,#,confirmed,evt(ch32h417.h)+rm-address(CH32H417RM.PDF)
CH32H417,GPIO,CFGHR,0x004,32,1,GPIOx_CFGHR,0x44444444,ok:6,#,confirmed,evt(ch32h417.h)+rm(CH32H417RM.PDF)+rm-address(CH32H417RM.PDF)
CH32H417,GPIO,INDR,0x008,32,1,GPIOx_INDR,0x0000XXXX,ok:6,#,confirmed,evt(ch32h417.h)+rm(CH32H417RM.PDF)+rm-address(CH32H417RM.PDF)
CH32H417,GPIO,OUTDR,0x00c,32,1,GPIOx_OUTDR,0x00000000,ok:6,#,confirmed,evt(ch32h417.h)+rm(CH32H417RM.PDF)+rm-address(CH32H417RM.PDF)
CH32H417,GPIO,BSHR,0x010,32,1,GPIOx_BSHR,0x00000000,ok:6,#,confirmed,evt(ch32h417.h)+rm(CH32H417RM.PDF)+rm-address(CH32H417RM.PDF)
CH32H417,GPIO,BCR,0x014,32,1,GPIOx_BCR,0x00000000,ok:6,#,confirmed,evt(ch32h417.h)+rm(CH32H417RM.PDF)+rm-address(CH32H417RM.PDF)
CH32H417,GPIO,LCKR,0x018,32,1,GPIOx_LCKR,0x00000000,ok:6,#,confirmed,evt(ch32h417.h)+rm(CH32H417RM.PDF)+rm-address(CH32H417RM.PDF)
CH32H417,GPIO,SPEED,0x01c,32,1,GPIOx_SPEED,0x00000000,ok:2,#,confirmed,evt(ch32h417.h)+rm(CH32H417RM.PDF)+rm-address(CH32H417RM.PDF)
CH32H417,HSADC,CFGR,0x000,32,1,,0x00002400,ok:1,#,confirmed,evt(ch32h417.h)+rm-address(CH32H417RM.PDF)
CH32H417,HSADC,CTLR1,0x004,32,1,,0x00000000,ok:1,#,confirmed,evt(ch32h417.h)+rm-address(CH32H417RM.PDF)
CH32H417,HSADC,CTLR2,0x008,32,1,,0x00000000,ok:1,#,confirmed,evt(ch32h417.h)+rm-address(CH32H417RM.PDF)
CH32H417,HSADC,STATR,0x00c,32,1,,0x00000000,ok:1,#,confirmed,evt(ch32h417.h)+rm-address(CH32H417RM.PDF)
CH32H417,HSADC,DATAR,0x010,32,1,,0x00000000,ok:1,#,confirmed,evt(ch32h417.h)+rm-address(CH32H417RM.PDF)
CH32H417,HSADC,ADDR0,0x014,32,1,,0x00000000,ok:1,#,confirmed,evt(ch32h417.h)+rm-address(CH32H417RM.PDF)
CH32H417,HSADC,ADDR1,0x018,32,1,,0x00000000,ok:1,#,confirmed,evt(ch32h417.h)+rm-address(CH32H417RM.PDF)
CH32H417,I2C,CTLR1,0x000,16,1,I2Cx_CTLR1,0x0000,ok:4,#,confirmed,evt(ch32h417.h)+rm(CH32H417RM.PDF)+rm-address(CH32H417RM.PDF)
CH32H417,I2C,CTLR2,0x004,16,1,I2Cx_CTLR2,0x0000,ok:4,#,confirmed,evt(ch32h417.h)+rm(CH32H417RM.PDF)+rm-address(CH32H417RM.PDF)
CH32H417,I2C,OADDR1,0x008,16,1,I2Cx_OADDR1,0x0000,ok:4,#,confirmed,evt(ch32h417.h)+rm(CH32H417RM.PDF)+rm-address(CH32H417RM.PDF)
CH32H417,I2C,OADDR2,0x00c,16,1,I2Cx_OADDR2,0x0000,ok:4,#,confirmed,evt(ch32h417.h)+rm(CH32H417RM.PDF)+rm-address(CH32H417RM.PDF)
CH32H417,I2C,DATAR,0x010,16,1,I2Cx_DATAR,0x0000,ok:4,#,confirmed,evt(ch32h417.h)+rm(CH32H417RM.PDF)+rm-address(CH32H417RM.PDF)
CH32H417,I2C,STAR1,0x014,16,1,I2Cx_STAR1,0x0000,ok:4,#,confirmed,evt(ch32h417.h)+rm(CH32H417RM.PDF)+rm-address(CH32H417RM.PDF)
CH32H417,I2C,STAR2,0x018,16,1,I2Cx_STAR2,0x0000,ok:4,#,confirmed,evt(ch32h417.h)+rm(CH32H417RM.PDF)+rm-address(CH32H417RM.PDF)
CH32H417,I2C,CKCFGR,0x01c,16,1,I2Cx_CKCFGR,0x0000,ok:4,#,confirmed,evt(ch32h417.h)+rm(CH32H417RM.PDF)+rm-address(CH32H417RM.PDF)
CH32H417,I2C,RTR,0x020,16,1,I2Cx_RTR,0x0002,ok:4,#,confirmed,evt(ch32h417.h)+rm(CH32H417RM.PDF)+rm-address(CH32H417RM.PDF)
CH32H417,I3C,CTLR,0x000,32,1,,0x00000000,ok:1,#,confirmed,evt(ch32h417.h)+rm-address(CH32H417RM.PDF)
CH32H417,I3C,CFGR,0x004,32,1,,0x00000000,ok:1,#,confirmed,evt(ch32h417.h)+rm-address(CH32H417RM.PDF)
CH32H417,I3C,RDBR,0x010,32,1,,,,#,reference,evt(ch32h417.h)
CH32H417,I3C,RDWR,0x014,32,1,,0x00000000,ok:1,#,confirmed,evt(ch32h417.h)+rm-address(CH32H417RM.PDF)
CH32H417,I3C,TDBR,0x018,32,1,,,,#,reference,evt(ch32h417.h)
CH32H417,I3C,TDWR,0x01c,32,1,,0x00000000,ok:1,#,confirmed,evt(ch32h417.h)+rm-address(CH32H417RM.PDF)
CH32H417,I3C,IBIDR,0x020,32,1,,0x00000000,ok:1,#,confirmed,evt(ch32h417.h)+rm-address(CH32H417RM.PDF)
CH32H417,I3C,TGTTDR,0x024,32,1,,0x00000000,ok:1,#,confirmed,evt(ch32h417.h)+rm-address(CH32H417RM.PDF)
CH32H417,I3C,RESET,0x02c,32,1,,0x03000000,ok:1,#,confirmed,evt(ch32h417.h)+rm-address(CH32H417RM.PDF)
CH32H417,I3C,STATR,0x030,32,1,,0x00000000,ok:1,#,confirmed,evt(ch32h417.h)+rm-address(CH32H417RM.PDF)
CH32H417,I3C,STATER,0x034,32,1,,0x00000000,ok:1,#,confirmed,evt(ch32h417.h)+rm-address(CH32H417RM.PDF)
CH32H417,I3C,RMR,0x040,32,1,,0x00000000,ok:1,#,confirmed,evt(ch32h417.h)+rm-address(CH32H417RM.PDF)
CH32H417,I3C,EVR,0x050,32,1,,0x00000003,ok:1,#,confirmed,evt(ch32h417.h)+rm-address(CH32H417RM.PDF)
CH32H417,I3C,INTENR,0x054,32,1,,0x00000000,ok:1,#,confirmed,evt(ch32h417.h)+rm-address(CH32H417RM.PDF)
CH32H417,I3C,CEVR,0x058,32,1,,0x00000000,ok:1,#,confirmed,evt(ch32h417.h)+rm-address(CH32H417RM.PDF)
CH32H417,I3C,DEVR0,0x060,32,1,,0x00000000,ok:1,#,confirmed,evt(ch32h417.h)+rm-address(CH32H417RM.PDF)
CH32H417,I3C,DEVR1,0x064,32,1,,0x00000000,ok:1,#,confirmed,evt(ch32h417.h)+rm-address(CH32H417RM.PDF)
CH32H417,I3C,DEVR2,0x068,32,1,,0x00000000,ok:1,#,confirmed,evt(ch32h417.h)+rm-address(CH32H417RM.PDF)
CH32H417,I3C,DEVR3,0x06c,32,1,,0x00000000,ok:1,#,confirmed,evt(ch32h417.h)+rm-address(CH32H417RM.PDF)
CH32H417,I3C,DEVR4,0x070,32,1,,0x00000000,ok:1,#,confirmed,evt(ch32h417.h)+rm-address(CH32H417RM.PDF)
CH32H417,I3C,MAXRLR,0x090,32,1,,0x00000000,ok:1,#,confirmed,evt(ch32h417.h)+rm-address(CH32H417RM.PDF)
CH32H417,I3C,MAXWLR,0x094,32,1,,0x00000000,ok:1,#,confirmed,evt(ch32h417.h)+rm-address(CH32H417RM.PDF)
CH32H417,I3C,TIMINGR0,0x0a0,32,1,,0x00000000,ok:1,#,confirmed,evt(ch32h417.h)+rm-address(CH32H417RM.PDF)
CH32H417,I3C,TIMINGR1,0x0a4,32,1,,0x00000000,ok:1,#,confirmed,evt(ch32h417.h)+rm-address(CH32H417RM.PDF)
CH32H417,I3C,TIMINGR2,0x0a8,32,1,,0x00000000,ok:1,#,confirmed,evt(ch32h417.h)+rm-address(CH32H417RM.PDF)
CH32H417,I3C,BCR,0x0c0,32,1,,0x00000000,ok:1,#,confirmed,evt(ch32h417.h)+rm-address(CH32H417RM.PDF)
CH32H417,I3C,DCR,0x0c4,32,1,,0x00000000,ok:1,#,confirmed,evt(ch32h417.h)+rm-address(CH32H417RM.PDF)
CH32H417,I3C,GETCAPR,0x0c8,32,1,,0x00000000,ok:1,#,confirmed,evt(ch32h417.h)+rm-address(CH32H417RM.PDF)
CH32H417,I3C,CRCAPR,0x0cc,32,1,,0x00000000,ok:1,#,confirmed,evt(ch32h417.h)+rm-address(CH32H417RM.PDF)
CH32H417,I3C,GETMDSR,0x0d0,32,1,,0x00000000,ok:1,#,confirmed,evt(ch32h417.h)+rm-address(CH32H417RM.PDF)
CH32H417,I3C,EPIDR,0x0d4,32,1,,0x00000000,ok:1,#,confirmed,evt(ch32h417.h)+rm-address(CH32H417RM.PDF)
CH32H417,IWDG,CTLR,0x000,32,1,IWDG_CTLR,0x0000,ok:1,#,confirmed,evt(ch32h417.h)+rm(CH32H417RM.PDF)+rm-address(CH32H417RM.PDF)
CH32H417,IWDG,PSCR,0x004,32,1,IWDG_PSCR,0x0000,ok:1,#,confirmed,evt(ch32h417.h)+rm(CH32H417RM.PDF)+rm-address(CH32H417RM.PDF)
CH32H417,IWDG,RLDR,0x008,32,1,IWDG_RLDR,0x0FFF,ok:1,#,confirmed,evt(ch32h417.h)+rm(CH32H417RM.PDF)+rm-address(CH32H417RM.PDF)
CH32H417,IWDG,STATR,0x00c,32,1,IWDG_STATR,0x0000,ok:1,#,confirmed,evt(ch32h417.h)+rm(CH32H417RM.PDF)+rm-address(CH32H417RM.PDF)
CH32H417,LPTIM,ISR,0x000,32,1,LPTIMx_ISR,0x00000000,ok:2,#,confirmed,evt(ch32h417.h)+rm(CH32H417RM.PDF)+rm-address(CH32H417RM.PDF)
CH32H417,LPTIM,ICR,0x004,32,1,LPTIMx_ICR,0x00000000,ok:2,#,confirmed,evt(ch32h417.h)+rm(CH32H417RM.PDF)+rm-address(CH32H417RM.PDF)
CH32H417,LPTIM,IER,0x008,32,1,LPTIMx_IER,0x00000000,ok:2,#,confirmed,evt(ch32h417.h)+rm(CH32H417RM.PDF)+rm-address(CH32H417RM.PDF)
CH32H417,LPTIM,CFGR,0x00c,32,1,LPTIMx_CFGR,0x00000000,ok:2,#,confirmed,evt(ch32h417.h)+rm(CH32H417RM.PDF)+rm-address(CH32H417RM.PDF)
CH32H417,LPTIM,CR,0x010,32,1,LPTIMx_CR,0x00000000,ok:2,#,confirmed,evt(ch32h417.h)+rm(CH32H417RM.PDF)+rm-address(CH32H417RM.PDF)
CH32H417,LPTIM,CMP,0x014,16,1,LPTIMx_CMP,,,#,confirmed,evt(ch32h417.h)+rm(CH32H417RM.PDF)
CH32H417,LPTIM,ARR,0x018,16,1,LPTIMx_ARR,0x00000001,ok:2,#,confirmed,evt(ch32h417.h)+rm(CH32H417RM.PDF)+rm-address(CH32H417RM.PDF)
CH32H417,LPTIM,CNT,0x01c,16,1,LPTIMx_CNT,0x00000000,ok:2,#,confirmed,evt(ch32h417.h)+rm(CH32H417RM.PDF)+rm-address(CH32H417RM.PDF)
CH32H417,LTDC,SSCR,0x000,32,1,,0x00000000,ok:1,#,confirmed,evt(ch32h417.h)+rm-address(CH32H417RM.PDF)
CH32H417,LTDC,BPCR,0x004,32,1,,0x00000000,ok:1,#,confirmed,evt(ch32h417.h)+rm-address(CH32H417RM.PDF)
CH32H417,LTDC,AWCR,0x008,32,1,,0x00000000,ok:1,#,confirmed,evt(ch32h417.h)+rm-address(CH32H417RM.PDF)
CH32H417,LTDC,TWCR,0x00c,32,1,,0x00000000,ok:1,#,confirmed,evt(ch32h417.h)+rm-address(CH32H417RM.PDF)
CH32H417,LTDC,GCR,0x010,32,1,,0x00002220,ok:1,#,confirmed,evt(ch32h417.h)+rm-address(CH32H417RM.PDF)
CH32H417,LTDC,SRCR,0x014,32,1,,0x00000000,ok:1,#,confirmed,evt(ch32h417.h)+rm-address(CH32H417RM.PDF)
CH32H417,LTDC,BCCR,0x018,32,1,,0x00000000,ok:1,#,confirmed,evt(ch32h417.h)+rm-address(CH32H417RM.PDF)
CH32H417,LTDC,IER,0x01c,32,1,,0x00000000,ok:1,#,confirmed,evt(ch32h417.h)+rm-address(CH32H417RM.PDF)
CH32H417,LTDC,ISR,0x020,32,1,,0x00000000,ok:1,#,confirmed,evt(ch32h417.h)+rm-address(CH32H417RM.PDF)
CH32H417,LTDC,ICR,0x024,32,1,,0x00000000,ok:1,#,confirmed,evt(ch32h417.h)+rm-address(CH32H417RM.PDF)
CH32H417,LTDC,LIPCR,0x028,32,1,,0x00000000,ok:1,#,confirmed,evt(ch32h417.h)+rm-address(CH32H417RM.PDF)
CH32H417,LTDC,CPSR,0x02c,32,1,,0x00000000,ok:1,#,confirmed,evt(ch32h417.h)+rm-address(CH32H417RM.PDF)
CH32H417,LTDC,CDSR,0x030,32,1,,0x0000000F,ok:1,#,confirmed,evt(ch32h417.h)+rm-address(CH32H417RM.PDF)
CH32H417,LTDC_Layer,CR,0x000,32,1,,,,#,reference,evt(ch32h417.h)
CH32H417,LTDC_Layer,WHPCR,0x004,32,1,,,,#,reference,evt(ch32h417.h)
CH32H417,LTDC_Layer,WVPCR,0x008,32,1,,,,#,reference,evt(ch32h417.h)
CH32H417,LTDC_Layer,CKCR,0x00c,32,1,,,,#,reference,evt(ch32h417.h)
CH32H417,LTDC_Layer,PFCR,0x010,32,1,,,,#,reference,evt(ch32h417.h)
CH32H417,LTDC_Layer,CACR,0x014,32,1,,,,#,reference,evt(ch32h417.h)
CH32H417,LTDC_Layer,DCCR,0x018,32,1,,,,#,reference,evt(ch32h417.h)
CH32H417,LTDC_Layer,BFCR,0x01c,32,1,,,,#,reference,evt(ch32h417.h)
CH32H417,LTDC_Layer,CFBAR,0x020,32,1,,,,#,reference,evt(ch32h417.h)
CH32H417,LTDC_Layer,CFBLR,0x024,32,1,,,,#,reference,evt(ch32h417.h)
CH32H417,LTDC_Layer,CFBLNR,0x028,32,1,,,,#,reference,evt(ch32h417.h)
CH32H417,LTDC_Layer,CLUTWR,0x02c,32,1,,,,#,reference,evt(ch32h417.h)
CH32H417,OB,RDPR,0x000,16,1,,,,#,reference,evt(ch32h417.h)
CH32H417,OB,USER,0x002,16,1,,,,#,reference,evt(ch32h417.h)
CH32H417,OB,Data0,0x004,16,1,,,,#,reference,evt(ch32h417.h)
CH32H417,OB,Data1,0x006,16,1,,,,#,reference,evt(ch32h417.h)
CH32H417,OB,WRPR0,0x008,16,1,,,,#,reference,evt(ch32h417.h)
CH32H417,OB,WRPR1,0x00a,16,1,,,,#,reference,evt(ch32h417.h)
CH32H417,OB,WRPR2,0x00c,16,1,,,,#,reference,evt(ch32h417.h)
CH32H417,OB,WRPR3,0x00e,16,1,,,,#,reference,evt(ch32h417.h)
CH32H417,OPA,CTLR1,0x000,32,1,,0x00000076,ok:1,#,confirmed,evt(ch32h417.h)+rm-address(CH32H417RM.PDF)
CH32H417,OPA,CTLR2,0x004,32,1,,0x00000070,ok:1,#,confirmed,evt(ch32h417.h)+rm-address(CH32H417RM.PDF)
CH32H417,OPA,CTLR3,0x008,32,1,,0x00000070,ok:1,#,confirmed,evt(ch32h417.h)+rm-address(CH32H417RM.PDF)
CH32H417,OPA,CMP_CTLR,0x00c,32,1,,,,#,reference,evt(ch32h417.h)
CH32H417,OPA,CMP_STATR,0x010,32,1,,,,#,reference,evt(ch32h417.h)
CH32H417,PWR,CTLR,0x000,32,1,,0x00000000,ok:1,#,confirmed,evt(ch32h417.h)+rm-address(CH32H417RM.PDF)
CH32H417,PWR,CSR,0x004,32,1,PWR_CSR,0x00000X00,ok:1,#,confirmed,evt(ch32h417.h)+rm(CH32H417RM.PDF)+rm-address(CH32H417RM.PDF)
CH32H417,QSPI,CR,0x000,32,1,,0x00000000,ok:2,#,confirmed,evt(ch32h417.h)+rm-address(CH32H417RM.PDF)
CH32H417,QSPI,DCR,0x004,32,1,,0x00000000,ok:2,#,confirmed,evt(ch32h417.h)+rm-address(CH32H417RM.PDF)
CH32H417,QSPI,SR,0x008,32,1,,0x00000000,ok:2,#,confirmed,evt(ch32h417.h)+rm-address(CH32H417RM.PDF)
CH32H417,QSPI,FCR,0x00c,32,1,,0x00000000,ok:2,#,confirmed,evt(ch32h417.h)+rm-address(CH32H417RM.PDF)
CH32H417,QSPI,DLR,0x010,32,1,,0x00000000,ok:2,#,confirmed,evt(ch32h417.h)+rm-address(CH32H417RM.PDF)
CH32H417,QSPI,CCR,0x014,32,1,,0x00000000,ok:2,#,confirmed,evt(ch32h417.h)+rm-address(CH32H417RM.PDF)
CH32H417,QSPI,AR,0x018,32,1,,0x00000000,ok:2,#,confirmed,evt(ch32h417.h)+rm-address(CH32H417RM.PDF)
CH32H417,QSPI,ABR,0x01c,32,1,,0x00000000,ok:2,#,confirmed,evt(ch32h417.h)+rm-address(CH32H417RM.PDF)
CH32H417,QSPI,DR,0x020,32,1,,0x00000000,ok:2,#,confirmed,evt(ch32h417.h)+rm-address(CH32H417RM.PDF)
CH32H417,QSPI,PSMKR,0x024,32,1,,0x00000000,ok:2,#,confirmed,evt(ch32h417.h)+rm-address(CH32H417RM.PDF)
CH32H417,QSPI,PSMAR,0x028,32,1,,0x00000000,ok:2,#,confirmed,evt(ch32h417.h)+rm-address(CH32H417RM.PDF)
CH32H417,QSPI,PIR,0x02c,32,1,,0x00000000,ok:2,#,confirmed,evt(ch32h417.h)+rm-address(CH32H417RM.PDF)
CH32H417,QSPI,LPTR,0x030,32,1,,0x00000000,ok:2,#,confirmed,evt(ch32h417.h)+rm-address(CH32H417RM.PDF)
CH32H417,RCC,CTLR,0x000,32,1,RCC_CTLR,0x0000xx83,ok:1,#,confirmed,evt(ch32h417.h)+rm(CH32H417RM.PDF)+rm-address(CH32H417RM.PDF)
CH32H417,RCC,CFGR0,0x004,32,1,RCC_CFGR0,0x00000000,ok:1,#,confirmed,evt(ch32h417.h)+rm(CH32H417RM.PDF)+rm-address(CH32H417RM.PDF)
CH32H417,RCC,PLLCFGR,0x008,32,1,RCC_PLLCFGR,0x00000004,ok:1,#,confirmed,evt(ch32h417.h)+rm(CH32H417RM.PDF)+rm-address(CH32H417RM.PDF)
CH32H417,RCC,INTR,0x00c,32,1,RCC_INTR,0x00000000,ok:1,#,confirmed,evt(ch32h417.h)+rm(CH32H417RM.PDF)+rm-address(CH32H417RM.PDF)
CH32H417,RCC,HB2PRSTR,0x010,32,1,RCC_HB2PRSTR,0x00000000,ok:1,#,confirmed,evt(ch32h417.h)+rm(CH32H417RM.PDF)+rm-address(CH32H417RM.PDF)
CH32H417,RCC,HB1PRSTR,0x014,32,1,RCC_HB1PRSTR,0x00000000,ok:1,#,confirmed,evt(ch32h417.h)+rm(CH32H417RM.PDF)+rm-address(CH32H417RM.PDF)
CH32H417,RCC,HBPCENR,0x018,32,1,RCC_HBPCENR,0x00000000,ok:1,#,confirmed,evt(ch32h417.h)+rm(CH32H417RM.PDF)+rm-address(CH32H417RM.PDF)
CH32H417,RCC,HB2PCENR,0x01c,32,1,RCC_HB2PCENR,0x00000000,ok:1,#,confirmed,evt(ch32h417.h)+rm(CH32H417RM.PDF)+rm-address(CH32H417RM.PDF)
CH32H417,RCC,HB1PCENR,0x020,32,1,RCC_HB1PCENR,0x00000000,ok:1,#,confirmed,evt(ch32h417.h)+rm(CH32H417RM.PDF)+rm-address(CH32H417RM.PDF)
CH32H417,RCC,BDCTLR,0x024,32,1,RCC_BDCTLR,0x00000000,ok:1,#,confirmed,evt(ch32h417.h)+rm(CH32H417RM.PDF)+rm-address(CH32H417RM.PDF)
CH32H417,RCC,RSTSCKR,0x028,32,1,RCC_RSTSCKR,0x08000000,ok:1,#,confirmed,evt(ch32h417.h)+rm(CH32H417RM.PDF)+rm-address(CH32H417RM.PDF)
CH32H417,RCC,HBRSTR,0x02c,32,1,RCC_HBRSTR,0x00000000,ok:1,#,confirmed,evt(ch32h417.h)+rm(CH32H417RM.PDF)+rm-address(CH32H417RM.PDF)
CH32H417,RCC,CFGR2,0x030,32,1,RCC_CFGR2,0x00000000,ok:1,#,confirmed,evt(ch32h417.h)+rm(CH32H417RM.PDF)+rm-address(CH32H417RM.PDF)
CH32H417,RCC,PLLCFGR2,0x034,32,1,RCC_PLLCFGR2,0x00080020,ok:1,#,confirmed,evt(ch32h417.h)+rm(CH32H417RM.PDF)+rm-address(CH32H417RM.PDF)
CH32H417,RNG,CR,0x000,32,1,,0x00000000,ok:1,#,confirmed,evt(ch32h417.h)+rm-address(CH32H417RM.PDF)
CH32H417,RNG,SR,0x004,32,1,,0x00000000,ok:1,#,confirmed,evt(ch32h417.h)+rm-address(CH32H417RM.PDF)
CH32H417,RNG,DR,0x008,32,1,,0x00000000,ok:1,#,confirmed,evt(ch32h417.h)+rm-address(CH32H417RM.PDF)
CH32H417,RTC,CTLRH,0x000,16,1,RTC_CTLRH,0x0000,ok:1,#,confirmed,evt(ch32h417.h)+rm(CH32H417RM.PDF)+rm-address(CH32H417RM.PDF)
CH32H417,RTC,CTLRL,0x004,16,1,RTC_CTLRL,0x0020,ok:1,#,confirmed,evt(ch32h417.h)+rm(CH32H417RM.PDF)+rm-address(CH32H417RM.PDF)
CH32H417,RTC,PSCRH,0x008,16,1,RTC_PSCRH,0x0000,ok:1,#,confirmed,evt(ch32h417.h)+rm(CH32H417RM.PDF)+rm-address(CH32H417RM.PDF)
CH32H417,RTC,PSCRL,0x00c,16,1,RTC_PSCRL,0xXXXX,ok:1,#,confirmed,evt(ch32h417.h)+rm(CH32H417RM.PDF)+rm-address(CH32H417RM.PDF)
CH32H417,RTC,DIVH,0x010,16,1,RTC_DIVH,0xXXXX,ok:1,#,confirmed,evt(ch32h417.h)+rm(CH32H417RM.PDF)+rm-address(CH32H417RM.PDF)
CH32H417,RTC,DIVL,0x014,16,1,RTC_DIVL,0xXXXX,ok:1,#,confirmed,evt(ch32h417.h)+rm(CH32H417RM.PDF)+rm-address(CH32H417RM.PDF)
CH32H417,RTC,CNTH,0x018,16,1,RTC_CNTH,0xXXXX,ok:1,#,confirmed,evt(ch32h417.h)+rm(CH32H417RM.PDF)+rm-address(CH32H417RM.PDF)
CH32H417,RTC,CNTL,0x01c,16,1,RTC_CNTL,0xXXXX,ok:1,#,confirmed,evt(ch32h417.h)+rm(CH32H417RM.PDF)+rm-address(CH32H417RM.PDF)
CH32H417,RTC,ALRMH,0x020,16,1,RTC_ALRMH,0xXXXX,ok:1,#,confirmed,evt(ch32h417.h)+rm(CH32H417RM.PDF)+rm-address(CH32H417RM.PDF)
CH32H417,RTC,ALRML,0x024,16,1,RTC_ALRML,0xXXXX,ok:1,#,confirmed,evt(ch32h417.h)+rm(CH32H417RM.PDF)+rm-address(CH32H417RM.PDF)
CH32H417,SAI_Block,CFGR1,0x000,32,1,,,,#,reference,evt(ch32h417.h)
CH32H417,SAI_Block,CFGR2,0x004,32,1,,,,#,reference,evt(ch32h417.h)
CH32H417,SAI_Block,FRCR,0x008,32,1,,,,#,reference,evt(ch32h417.h)
CH32H417,SAI_Block,SLOTR,0x00c,32,1,,,,#,reference,evt(ch32h417.h)
CH32H417,SAI_Block,INTENR,0x010,32,1,,,,#,reference,evt(ch32h417.h)
CH32H417,SAI_Block,SR,0x014,32,1,,,,#,reference,evt(ch32h417.h)
CH32H417,SAI_Block,DATAR,0x01c,32,1,,,,#,reference,evt(ch32h417.h)
CH32H417,SDIO,POWER,0x000,32,1,,0x00000000,ok:1,#,confirmed,evt(ch32h417.h)+rm-address(CH32H417RM.PDF)
CH32H417,SDIO,CLKCR,0x004,32,1,,0x00000000,ok:1,#,confirmed,evt(ch32h417.h)+rm-address(CH32H417RM.PDF)
CH32H417,SDIO,ARG,0x008,32,1,,0x00000000,ok:1,#,confirmed,evt(ch32h417.h)+rm-address(CH32H417RM.PDF)
CH32H417,SDIO,CMD,0x00c,32,1,,0x00000000,ok:1,#,confirmed,evt(ch32h417.h)+rm-address(CH32H417RM.PDF)
CH32H417,SDIO,RESPCMD,0x010,32,1,,0x00000000,ok:1,#,confirmed,evt(ch32h417.h)+rm-address(CH32H417RM.PDF)
CH32H417,SDIO,RESP1,0x014,32,1,,,,#,reference,evt(ch32h417.h)
CH32H417,SDIO,RESP2,0x018,32,1,,,,#,reference,evt(ch32h417.h)
CH32H417,SDIO,RESP3,0x01c,32,1,,,,#,reference,evt(ch32h417.h)
CH32H417,SDIO,RESP4,0x020,32,1,,,,#,reference,evt(ch32h417.h)
CH32H417,SDIO,DTIMER,0x024,32,1,,0x00000000,ok:1,#,confirmed,evt(ch32h417.h)+rm-address(CH32H417RM.PDF)
CH32H417,SDIO,DLEN,0x028,32,1,,0x00000000,ok:1,#,confirmed,evt(ch32h417.h)+rm-address(CH32H417RM.PDF)
CH32H417,SDIO,DCTRL,0x02c,32,1,,,,#,reference,evt(ch32h417.h)
CH32H417,SDIO,DCOUNT,0x030,32,1,,0x00000000,ok:1,#,confirmed,evt(ch32h417.h)+rm-address(CH32H417RM.PDF)
CH32H417,SDIO,STA,0x034,32,1,,0x00000000,ok:1,#,confirmed,evt(ch32h417.h)+rm-address(CH32H417RM.PDF)
CH32H417,SDIO,ICR,0x038,32,1,,0x00000000,ok:1,#,confirmed,evt(ch32h417.h)+rm-address(CH32H417RM.PDF)
CH32H417,SDIO,MASK,0x03c,32,1,,0x00000000,ok:1,#,confirmed,evt(ch32h417.h)+rm-address(CH32H417RM.PDF)
CH32H417,SDIO,FIFOCNT,0x048,32,1,,0x00000000,ok:1,#,confirmed,evt(ch32h417.h)+rm-address(CH32H417RM.PDF)
CH32H417,SDIO,DCTRL2,0x060,32,1,,0x00000000,ok:1,#,confirmed,evt(ch32h417.h)+rm-address(CH32H417RM.PDF)
CH32H417,SDIO,FIFO,0x080,32,1,,0x00000000,ok:1,#,confirmed,evt(ch32h417.h)+rm-address(CH32H417RM.PDF)
CH32H417,SDMMC,ARGUMENT,0x000,32,1,,,,#,reference,evt(ch32h417.h)
CH32H417,SDMMC,CMD_SET,0x004,16,1,,,,#,reference,evt(ch32h417.h)
CH32H417,SDMMC,RESPONSE0,0x008,32,1,,,,#,reference,evt(ch32h417.h)
CH32H417,SDMMC,RESPONSE1,0x00c,32,1,,,,#,reference,evt(ch32h417.h)
CH32H417,SDMMC,RESPONSE2,0x010,32,1,,,,#,reference,evt(ch32h417.h)
CH32H417,SDMMC,RESPONSE3,0x014,32,1,,,,#,reference,evt(ch32h417.h)
CH32H417,SDMMC,WRITE_CONT,0x014,32,1,,,,#,reference,evt(ch32h417.h)
CH32H417,SDMMC,CONTROL,0x018,16,1,,,,#,reference,evt(ch32h417.h)
CH32H417,SDMMC,TIMEOUT,0x01c,8,1,,,,#,reference,evt(ch32h417.h)
CH32H417,SDMMC,STATUS,0x020,32,1,,,,#,reference,evt(ch32h417.h)
CH32H417,SDMMC,INT_FG,0x024,16,1,,,,#,reference,evt(ch32h417.h)
CH32H417,SDMMC,INT_EN,0x028,16,1,,,,#,reference,evt(ch32h417.h)
CH32H417,SDMMC,DMA_BEG1,0x02c,32,1,,,,#,reference,evt(ch32h417.h)
CH32H417,SDMMC,BLOCK_CFG,0x030,32,1,,,,#,reference,evt(ch32h417.h)
CH32H417,SDMMC,TRAN_MODE,0x034,32,1,,,,#,reference,evt(ch32h417.h)
CH32H417,SDMMC,CLK_DIV,0x038,16,1,,,,#,reference,evt(ch32h417.h)
CH32H417,SDMMC,DMA_BEG2,0x03c,32,1,,,,#,reference,evt(ch32h417.h)
CH32H417,SDMMC,TUNE_DATO,0x040,32,1,,,,#,reference,evt(ch32h417.h)
CH32H417,SDMMC,TUNE_DATI,0x044,32,1,,,,#,reference,evt(ch32h417.h)
CH32H417,SDMMC,TUNE_CLK_CMD,0x048,32,1,,,,#,reference,evt(ch32h417.h)
CH32H417,SDS,CTRL,0x000,32,1,,,,#,reference,evt(ch32h417.h)
CH32H417,SDS,INT_EN,0x004,32,1,,,,#,reference,evt(ch32h417.h)
CH32H417,SDS,STATUS,0x008,32,1,,,,#,reference,evt(ch32h417.h)
CH32H417,SDS,RTX_CTRL,0x00c,32,1,,,,#,reference,evt(ch32h417.h)
CH32H417,SDS,RX_LEN0,0x010,32,1,,,,#,reference,evt(ch32h417.h)
CH32H417,SDS,DATA0,0x014,32,1,,,,#,reference,evt(ch32h417.h)
CH32H417,SDS,DMA_0,0x018,32,1,,,,#,reference,evt(ch32h417.h)
CH32H417,SDS,RX_LEN1,0x01c,32,1,,,,#,reference,evt(ch32h417.h)
CH32H417,SDS,DATA1,0x020,32,1,,,,#,reference,evt(ch32h417.h)
CH32H417,SDS,DMA_1,0x024,32,1,,,,#,reference,evt(ch32h417.h)
CH32H417,SPI,CTLR1,0x000,16,1,SPIx_CTLR1,0x0000,ok:4,#,confirmed,evt(ch32h417.h)+rm(CH32H417RM.PDF)+rm-address(CH32H417RM.PDF)
CH32H417,SPI,CTLR2,0x004,16,1,SPIx_CTLR2,0x0000,ok:4,#,confirmed,evt(ch32h417.h)+rm(CH32H417RM.PDF)+rm-address(CH32H417RM.PDF)
CH32H417,SPI,STATR,0x008,16,1,SPIx_STATR,0x0002,ok:4,#,confirmed,evt(ch32h417.h)+rm(CH32H417RM.PDF)+rm-address(CH32H417RM.PDF)
CH32H417,SPI,DATAR,0x00c,16,1,SPIx_DATAR,0x0000,ok:4,#,confirmed,evt(ch32h417.h)+rm(CH32H417RM.PDF)+rm-address(CH32H417RM.PDF)
CH32H417,SPI,CRCR,0x010,16,1,SPIx_CRCR,0x0007,ok:4,#,confirmed,evt(ch32h417.h)+rm(CH32H417RM.PDF)+rm-address(CH32H417RM.PDF)
CH32H417,SPI,RCRCR,0x014,16,1,SPIx_RCRCR,0x0000,ok:4,#,confirmed,evt(ch32h417.h)+rm(CH32H417RM.PDF)+rm-address(CH32H417RM.PDF)
CH32H417,SPI,TCRCR,0x018,16,1,SPIx_TCRCR,0x0000,ok:4,#,confirmed,evt(ch32h417.h)+rm(CH32H417RM.PDF)+rm-address(CH32H417RM.PDF)
CH32H417,SPI,I2SCFGR,0x01c,16,1,,,,#,reference,evt(ch32h417.h)
CH32H417,SPI,I2SPR,0x020,16,1,SPIx_I2SPR,0x0000,ok:2,#,confirmed,evt(ch32h417.h)+rm(CH32H417RM.PDF)+rm-address(CH32H417RM.PDF)
CH32H417,SPI,HSCR,0x024,16,1,SPIx_HSCR,0x0000,ok:4,#,confirmed,evt(ch32h417.h)+rm(CH32H417RM.PDF)+rm-address(CH32H417RM.PDF)
CH32H417,SWPMI,CR,0x000,32,1,,0x00000000,ok:1,#,confirmed,evt(ch32h417.h)+rm-address(CH32H417RM.PDF)
CH32H417,SWPMI,BRR,0x004,32,1,,0x00000001,ok:1,#,confirmed,evt(ch32h417.h)+rm-address(CH32H417RM.PDF)
CH32H417,SWPMI,ISR,0x00c,32,1,,0x000002C2,ok:1,#,confirmed,evt(ch32h417.h)+rm-address(CH32H417RM.PDF)
CH32H417,SWPMI,ICR,0x010,32,1,,0x00000000,ok:1,#,confirmed,evt(ch32h417.h)+rm-address(CH32H417RM.PDF)
CH32H417,SWPMI,IER,0x014,32,1,,,,#,reference,evt(ch32h417.h)
CH32H417,SWPMI,RFL,0x018,32,1,,0x00000000,ok:1,#,confirmed,evt(ch32h417.h)+rm-address(CH32H417RM.PDF)
CH32H417,SWPMI,TDR,0x01c,32,1,,0x00000000,ok:1,#,confirmed,evt(ch32h417.h)+rm-address(CH32H417RM.PDF)
CH32H417,SWPMI,RDR,0x020,32,1,,0x00000000,ok:1,#,confirmed,evt(ch32h417.h)+rm-address(CH32H417RM.PDF)
CH32H417,SWPMI,OR,0x024,32,1,,0x00000000,ok:1,#,confirmed,evt(ch32h417.h)+rm-address(CH32H417RM.PDF)
CH32H417,TIM,CTLR1,0x000,16,1,TIMx_CTLR1,0x0000,ok:12,#,confirmed,evt(ch32h417.h)+rm(CH32H417RM.PDF)+rm-address(CH32H417RM.PDF)
CH32H417,TIM,CTLR2,0x004,16,1,TIMx_CTLR2,0x0000,ok:12,#,confirmed,evt(ch32h417.h)+rm(CH32H417RM.PDF)+rm-address(CH32H417RM.PDF)
CH32H417,TIM,SMCFGR,0x008,16,1,TIMx_SMCFGR,0x0000,ok:10,#,confirmed,evt(ch32h417.h)+rm(CH32H417RM.PDF)+rm-address(CH32H417RM.PDF)
CH32H417,TIM,DMAINTENR,0x00c,16,1,TIMx_DMAINTENR,0x0000,ok:12,#,confirmed,evt(ch32h417.h)+rm(CH32H417RM.PDF)+rm-address(CH32H417RM.PDF)
CH32H417,TIM,INTFR,0x010,16,1,TIMx_INTFR,0x0000,ok:12,#,confirmed,evt(ch32h417.h)+rm(CH32H417RM.PDF)+rm-address(CH32H417RM.PDF)
CH32H417,TIM,SWEVGR,0x014,16,1,TIMx_SWEVGR,0x0000,ok:11,#,confirmed,evt(ch32h417.h)+rm(CH32H417RM.PDF)+rm-address(CH32H417RM.PDF)
CH32H417,TIM,CHCTLR1,0x018,16,1,TIMx_CHCTLR1,0x0000,ok:10,#,confirmed,evt(ch32h417.h)+rm(CH32H417RM.PDF)+rm-address(CH32H417RM.PDF)
CH32H417,TIM,CHCTLR2,0x01c,16,1,TIMx_CHCTLR2,0x0000,ok:10,#,confirmed,evt(ch32h417.h)+rm(CH32H417RM.PDF)+rm-address(CH32H417RM.PDF)
CH32H417,TIM,CCER,0x020,16,1,TIMx_CCER,0x0000,ok:10,#,confirmed,evt(ch32h417.h)+rm(CH32H417RM.PDF)+rm-address(CH32H417RM.PDF)
CH32H417,TIM,CNT,0x024,16,1,TIMx_CNT,0x0000;0x00000000,ok:12,#,confirmed,evt(ch32h417.h)+rm(CH32H417RM.PDF)+rm-address(CH32H417RM.PDF)
CH32H417,TIM,CNT_32,0x024,32,1,,,,#,reference,evt(ch32h417.h)
CH32H417,TIM,PSC,0x028,16,1,TIMx_PSC,0x0000,ok:12,#,confirmed,evt(ch32h417.h)+rm(CH32H417RM.PDF)+rm-address(CH32H417RM.PDF)
CH32H417,TIM,ATRLR,0x02c,16,1,TIMx_ATRLR,0x0000FFFF;0xFFFF,ok:12,#,confirmed,evt(ch32h417.h)+rm(CH32H417RM.PDF)+rm-address(CH32H417RM.PDF)
CH32H417,TIM,ATRLR_32,0x02c,32,1,,,,#,reference,evt(ch32h417.h)
CH32H417,TIM,RPTCR,0x030,16,1,TIMx_RPTCR,0x0000,ok:2,#,confirmed,evt(ch32h417.h)+rm(CH32H417RM.PDF)+rm-address(CH32H417RM.PDF)
CH32H417,TIM,CH1CVR,0x034,16,1,TIMx_CH1CVR,0x0000;0x00000000,ok:10,#,confirmed,evt(ch32h417.h)+rm(CH32H417RM.PDF)+rm-address(CH32H417RM.PDF)
CH32H417,TIM,CH1CVR_32,0x034,32,1,,,,#,reference,evt(ch32h417.h)
CH32H417,TIM,CH2CVR,0x038,16,1,TIMx_CH2CVR,0x0000;0x00000000,ok:10,#,confirmed,evt(ch32h417.h)+rm(CH32H417RM.PDF)+rm-address(CH32H417RM.PDF)
CH32H417,TIM,CH2CVR_32,0x038,32,1,,,,#,reference,evt(ch32h417.h)
CH32H417,TIM,CH3CVR,0x03c,16,1,TIMx_CH3CVR,0x0000;0x00000000,ok:10,#,confirmed,evt(ch32h417.h)+rm(CH32H417RM.PDF)+rm-address(CH32H417RM.PDF)
CH32H417,TIM,CH3CVR_32,0x03c,32,1,,,,#,reference,evt(ch32h417.h)
CH32H417,TIM,CH4CVR,0x040,16,1,TIMx_CH4CVR,0x0000;0x00000000,ok:10,#,confirmed,evt(ch32h417.h)+rm(CH32H417RM.PDF)+rm-address(CH32H417RM.PDF)
CH32H417,TIM,CH4CVR_32,0x040,32,1,,,,#,reference,evt(ch32h417.h)
CH32H417,TIM,BDTR,0x044,16,1,TIMx_BDTR,0x0000,ok:2,#,confirmed,evt(ch32h417.h)+rm(CH32H417RM.PDF)+rm-address(CH32H417RM.PDF)
CH32H417,TIM,DMACFGR,0x048,16,1,TIMx_DMACFGR,0x0000,ok:10,#,confirmed,evt(ch32h417.h)+rm(CH32H417RM.PDF)+rm-address(CH32H417RM.PDF)
CH32H417,TIM,DMAADR,0x04c,16,1,TIMx_DMAADR,0x0000,ok:10,#,confirmed,evt(ch32h417.h)+rm(CH32H417RM.PDF)+rm-address(CH32H417RM.PDF)
CH32H417,TIM,AUX,0x050,16,1,TIMx_AUX,0x0000,ok:6,#,confirmed,evt(ch32h417.h)+rm(CH32H417RM.PDF)+rm-address(CH32H417RM.PDF)
CH32H417,USART,STATR,0x000,16,1,USARTx_STATR,0x000000C0,ok:8,#,confirmed,evt(ch32h417.h)+rm(CH32H417RM.PDF)+rm-address(CH32H417RM.PDF)
CH32H417,USART,DATAR,0x004,16,1,USARTx_DATAR,0x00000000,ok:8,#,confirmed,evt(ch32h417.h)+rm(CH32H417RM.PDF)+rm-address(CH32H417RM.PDF)
CH32H417,USART,BRR,0x008,16,1,USARTx_BRR,0x00000000,ok:8,#,confirmed,evt(ch32h417.h)+rm(CH32H417RM.PDF)+rm-address(CH32H417RM.PDF)
CH32H417,USART,CTLR1,0x00c,16,1,USARTx_CTLR1,0x00000000,ok:8,#,confirmed,evt(ch32h417.h)+rm(CH32H417RM.PDF)+rm-address(CH32H417RM.PDF)
CH32H417,USART,CTLR2,0x010,16,1,USARTx_CTLR2,0x00000000,ok:8,#,confirmed,evt(ch32h417.h)+rm(CH32H417RM.PDF)+rm-address(CH32H417RM.PDF)
CH32H417,USART,CTLR3,0x014,16,1,USARTx_CTLR3,0x00000000,ok:8,#,confirmed,evt(ch32h417.h)+rm(CH32H417RM.PDF)+rm-address(CH32H417RM.PDF)
CH32H417,USART,GPR,0x018,16,1,USARTx_GPR,0x00000000,ok:8,#,confirmed,evt(ch32h417.h)+rm(CH32H417RM.PDF)+rm-address(CH32H417RM.PDF)
CH32H417,USART,CTLR4,0x01c,16,1,USARTx_CTLR4,0x00000000,ok:8,#,confirmed,evt(ch32h417.h)+rm(CH32H417RM.PDF)+rm-address(CH32H417RM.PDF)
CH32H417,USBFSD,BASE_CTRL,0x000,8,1,,,,#,reference,evt(ch32h417.h)
CH32H417,USBFSD,UDEV_CTRL,0x001,8,1,,,,#,reference,evt(ch32h417.h)
CH32H417,USBFSD,INT_EN,0x002,8,1,,,,#,reference,evt(ch32h417.h)
CH32H417,USBFSD,DEV_ADDR,0x003,8,1,,,,#,reference,evt(ch32h417.h)
CH32H417,USBFSD,MIS_ST,0x005,8,1,,,,#,reference,evt(ch32h417.h)
CH32H417,USBFSD,INT_FG,0x006,8,1,,,,#,reference,evt(ch32h417.h)
CH32H417,USBFSD,INT_ST,0x007,8,1,,,,#,reference,evt(ch32h417.h)
CH32H417,USBFSD,RX_LEN,0x008,16,1,,,,#,reference,evt(ch32h417.h)
CH32H417,USBFSD,UEP4_1_MOD,0x00c,8,1,,,,#,reference,evt(ch32h417.h)
CH32H417,USBFSD,UEP2_3_MOD,0x00d,8,1,,,,#,reference,evt(ch32h417.h)
CH32H417,USBFSD,UEP5_6_MOD,0x00e,8,1,,,,#,reference,evt(ch32h417.h)
CH32H417,USBFSD,UEP7_MOD,0x00f,8,1,,,,#,reference,evt(ch32h417.h)
CH32H417,USBFSD,UEP0_DMA,0x010,32,1,,,,#,reference,evt(ch32h417.h)
CH32H417,USBFSD,UEP1_DMA,0x014,32,1,,,,#,reference,evt(ch32h417.h)
CH32H417,USBFSD,UEP2_DMA,0x018,32,1,,,,#,reference,evt(ch32h417.h)
CH32H417,USBFSD,UEP3_DMA,0x01c,32,1,,,,#,reference,evt(ch32h417.h)
CH32H417,USBFSD,UEP4_DMA,0x020,32,1,,,,#,reference,evt(ch32h417.h)
CH32H417,USBFSD,UEP5_DMA,0x024,32,1,,,,#,reference,evt(ch32h417.h)
CH32H417,USBFSD,UEP6_DMA,0x028,32,1,,,,#,reference,evt(ch32h417.h)
CH32H417,USBFSD,UEP7_DMA,0x02c,32,1,,,,#,reference,evt(ch32h417.h)
CH32H417,USBFSD,UEP0_TX_LEN,0x030,8,1,,,,#,reference,evt(ch32h417.h)
CH32H417,USBFSD,UEP0_TX_CTRL,0x032,8,1,,,,#,reference,evt(ch32h417.h)
CH32H417,USBFSD,UEP0_RX_CTRL,0x033,8,1,,,,#,reference,evt(ch32h417.h)
CH32H417,USBFSD,UEP1_TX_LEN,0x034,8,1,,,,#,reference,evt(ch32h417.h)
CH32H417,USBFSD,UEP1_TX_CTRL,0x036,8,1,,,,#,reference,evt(ch32h417.h)
CH32H417,USBFSD,UEP1_RX_CTRL,0x037,8,1,,,,#,reference,evt(ch32h417.h)
CH32H417,USBFSD,UEP2_TX_LEN,0x038,8,1,,,,#,reference,evt(ch32h417.h)
CH32H417,USBFSD,UEP2_TX_CTRL,0x03a,8,1,,,,#,reference,evt(ch32h417.h)
CH32H417,USBFSD,UEP2_RX_CTRL,0x03b,8,1,,,,#,reference,evt(ch32h417.h)
CH32H417,USBFSD,UEP3_TX_LEN,0x03c,16,1,,,,#,reference,evt(ch32h417.h)
CH32H417,USBFSD,UEP3_TX_CTRL,0x03e,8,1,,,,#,reference,evt(ch32h417.h)
CH32H417,USBFSD,UEP3_RX_CTRL,0x03f,8,1,,,,#,reference,evt(ch32h417.h)
CH32H417,USBFSD,UEP4_TX_LEN,0x040,8,1,,,,#,reference,evt(ch32h417.h)
CH32H417,USBFSD,UEP4_TX_CTRL,0x042,8,1,,,,#,reference,evt(ch32h417.h)
CH32H417,USBFSD,UEP4_RX_CTRL,0x043,8,1,,,,#,reference,evt(ch32h417.h)
CH32H417,USBFSD,UEP5_TX_LEN,0x044,8,1,,,,#,reference,evt(ch32h417.h)
CH32H417,USBFSD,UEP5_TX_CTRL,0x046,8,1,,,,#,reference,evt(ch32h417.h)
CH32H417,USBFSD,UEP5_RX_CTRL,0x047,8,1,,,,#,reference,evt(ch32h417.h)
CH32H417,USBFSD,UEP6_TX_LEN,0x048,8,1,,,,#,reference,evt(ch32h417.h)
CH32H417,USBFSD,UEP6_TX_CTRL,0x04a,8,1,,,,#,reference,evt(ch32h417.h)
CH32H417,USBFSD,UEP6_RX_CTRL,0x04b,8,1,,,,#,reference,evt(ch32h417.h)
CH32H417,USBFSD,UEP7_TX_LEN,0x04c,8,1,,,,#,reference,evt(ch32h417.h)
CH32H417,USBFSD,UEP7_TX_CTRL,0x04e,8,1,,,,#,reference,evt(ch32h417.h)
CH32H417,USBFSD,UEP7_RX_CTRL,0x04f,8,1,,,,#,reference,evt(ch32h417.h)
CH32H417,USBFSD,OTG_CR,0x054,32,1,,,,#,reference,evt(ch32h417.h)
CH32H417,USBFSD,OTG_SR,0x058,32,1,,,,#,reference,evt(ch32h417.h)
CH32H417,USBFSH,BASE_CTRL,0x000,8,1,,,,#,reference,evt(ch32h417.h)
CH32H417,USBFSH,HOST_CTRL,0x001,8,1,,,,#,reference,evt(ch32h417.h)
CH32H417,USBFSH,INT_EN,0x002,8,1,,,,#,reference,evt(ch32h417.h)
CH32H417,USBFSH,DEV_ADDR,0x003,8,1,,,,#,reference,evt(ch32h417.h)
CH32H417,USBFSH,MIS_ST,0x005,8,1,,,,#,reference,evt(ch32h417.h)
CH32H417,USBFSH,INT_FG,0x006,8,1,,,,#,reference,evt(ch32h417.h)
CH32H417,USBFSH,INT_ST,0x007,8,1,,,,#,reference,evt(ch32h417.h)
CH32H417,USBFSH,RX_LEN,0x008,16,1,,,,#,reference,evt(ch32h417.h)
CH32H417,USBFSH,HOST_EP_MOD,0x00d,8,1,,,,#,reference,evt(ch32h417.h)
CH32H417,USBFSH,HOST_RX_DMA,0x018,32,1,,,,#,reference,evt(ch32h417.h)
CH32H417,USBFSH,HOST_TX_DMA,0x01c,32,1,,,,#,reference,evt(ch32h417.h)
CH32H417,USBFSH,HOST_SETUP,0x036,16,1,,,,#,reference,evt(ch32h417.h)
CH32H417,USBFSH,HOST_EP_PID,0x038,8,1,,,,#,reference,evt(ch32h417.h)
CH32H417,USBFSH,HOST_RX_CTRL,0x03b,8,1,,,,#,reference,evt(ch32h417.h)
CH32H417,USBFSH,HOST_TX_LEN,0x03c,16,1,,,,#,reference,evt(ch32h417.h)
CH32H417,USBFSH,HOST_TX_CTRL,0x03e,8,1,,,,#,reference,evt(ch32h417.h)
CH32H417,USBFSH,OTG_CR,0x054,32,1,,,,#,reference,evt(ch32h417.h)
CH32H417,USBFSH,OTG_SR,0x058,32,1,,,,#,reference,evt(ch32h417.h)
CH32H417,USBHSD,CONTROL,0x000,8,1,,,,#,reference,evt(ch32h417.h)
CH32H417,USBHSD,BASE_MODE,0x001,8,1,,,,#,reference,evt(ch32h417.h)
CH32H417,USBHSD,INT_EN,0x002,8,1,,,,#,reference,evt(ch32h417.h)
CH32H417,USBHSD,DEV_AD,0x003,8,1,,,,#,reference,evt(ch32h417.h)
CH32H417,USBHSD,WAKE_CTRL,0x004,8,1,,,,#,reference,evt(ch32h417.h)
CH32H417,USBHSD,TEST_MODE,0x005,8,1,,,,#,reference,evt(ch32h417.h)
CH32H417,USBHSD,LPM_DATA,0x006,16,1,,,,#,reference,evt(ch32h417.h)
CH32H417,USBHSD,INT_FG,0x008,8,1,,,,#,reference,evt(ch32h417.h)
CH32H417,USBHSD,INT_ST,0x009,8,1,,,,#,reference,evt(ch32h417.h)
CH32H417,USBHSD,MIS_ST,0x00a,8,1,,,,#,reference,evt(ch32h417.h)
CH32H417,USBHSD,FRAME_NO,0x00c,16,1,,,,#,reference,evt(ch32h417.h)
CH32H417,USBHSD,BUS,0x00e,16,1,,,,#,reference,evt(ch32h417.h)
CH32H417,USBHSD,UEP_TX_EN,0x010,16,1,,,,#,reference,evt(ch32h417.h)
CH32H417,USBHSD,UEP_RX_EN,0x012,16,1,,,,#,reference,evt(ch32h417.h)
CH32H417,USBHSD,UEP_TX_TOG_AUTO,0x014,16,1,,,,#,reference,evt(ch32h417.h)
CH32H417,USBHSD,UEP_RX_TOG_AUTO,0x016,16,1,,,,#,reference,evt(ch32h417.h)
CH32H417,USBHSD,UEP_TX_BURST,0x018,8,1,,,,#,reference,evt(ch32h417.h)
CH32H417,USBHSD,UEP_TX_BURST_MODE,0x019,8,1,,,,#,reference,evt(ch32h417.h)
CH32H417,USBHSD,UEP_RX_BURST,0x01a,8,1,,,,#,reference,evt(ch32h417.h)
CH32H417,USBHSD,UEP_RX_RES_MODE,0x01b,8,1,,,,#,reference,evt(ch32h417.h)
CH32H417,USBHSD,UEP_AF_MODE,0x01c,32,1,,,,#,reference,evt(ch32h417.h)
CH32H417,USBHSD,UEP0_DMA,0x020,32,1,,,,#,reference,evt(ch32h417.h)
CH32H417,USBHSD,UEP1_RX_DMA,0x024,32,1,,,,#,reference,evt(ch32h417.h)
CH32H417,USBHSD,UEP2_RX_DMA,0x028,32,1,,,,#,reference,evt(ch32h417.h)
CH32H417,USBHSD,UEP3_RX_DMA,0x02c,32,1,,,,#,reference,evt(ch32h417.h)
CH32H417,USBHSD,UEP4_RX_DMA,0x030,32,1,,,,#,reference,evt(ch32h417.h)
CH32H417,USBHSD,UEP5_RX_DMA,0x034,32,1,,,,#,reference,evt(ch32h417.h)
CH32H417,USBHSD,UEP6_RX_DMA,0x038,32,1,,,,#,reference,evt(ch32h417.h)
CH32H417,USBHSD,UEP7_RX_DMA,0x03c,32,1,,,,#,reference,evt(ch32h417.h)
CH32H417,USBHSD,UEP1_TX_DMA,0x040,32,1,,,,#,reference,evt(ch32h417.h)
CH32H417,USBHSD,UEP2_TX_DMA,0x044,32,1,,,,#,reference,evt(ch32h417.h)
CH32H417,USBHSD,UEP3_TX_DMA,0x048,32,1,,,,#,reference,evt(ch32h417.h)
CH32H417,USBHSD,UEP4_TX_DMA,0x04c,32,1,,,,#,reference,evt(ch32h417.h)
CH32H417,USBHSD,UEP5_TX_DMA,0x050,32,1,,,,#,reference,evt(ch32h417.h)
CH32H417,USBHSD,UEP6_TX_DMA,0x054,32,1,,,,#,reference,evt(ch32h417.h)
CH32H417,USBHSD,UEP7_TX_DMA,0x058,32,1,,,,#,reference,evt(ch32h417.h)
CH32H417,USBHSD,UEP0_MAX_LEN,0x05c,32,1,,,,#,reference,evt(ch32h417.h)
CH32H417,USBHSD,UEP1_MAX_LEN,0x060,32,1,,,,#,reference,evt(ch32h417.h)
CH32H417,USBHSD,UEP2_MAX_LEN,0x064,32,1,,,,#,reference,evt(ch32h417.h)
CH32H417,USBHSD,UEP3_MAX_LEN,0x068,32,1,,,,#,reference,evt(ch32h417.h)
CH32H417,USBHSD,UEP4_MAX_LEN,0x06c,32,1,,,,#,reference,evt(ch32h417.h)
CH32H417,USBHSD,UEP5_MAX_LEN,0x070,32,1,,,,#,reference,evt(ch32h417.h)
CH32H417,USBHSD,UEP6_MAX_LEN,0x074,32,1,,,,#,reference,evt(ch32h417.h)
CH32H417,USBHSD,UEP7_MAX_LEN,0x078,32,1,,,,#,reference,evt(ch32h417.h)
CH32H417,USBHSD,UEP0_RX_LEN,0x07c,16,1,,,,#,reference,evt(ch32h417.h)
CH32H417,USBHSD,UEP1_RX_LEN,0x080,16,1,,,,#,reference,evt(ch32h417.h)
CH32H417,USBHSD,UEP1_RX_SIZE,0x082,16,1,,,,#,reference,evt(ch32h417.h)
CH32H417,USBHSD,UEP2_RX_LEN,0x084,16,1,,,,#,reference,evt(ch32h417.h)
CH32H417,USBHSD,UEP2_RX_SIZE,0x086,16,1,,,,#,reference,evt(ch32h417.h)
CH32H417,USBHSD,UEP3_RX_LEN,0x088,16,1,,,,#,reference,evt(ch32h417.h)
CH32H417,USBHSD,UEP3_RX_SIZE,0x08a,16,1,,,,#,reference,evt(ch32h417.h)
CH32H417,USBHSD,UEP4_RX_LEN,0x08c,16,1,,,,#,reference,evt(ch32h417.h)
CH32H417,USBHSD,UEP4_RX_SIZE,0x08e,16,1,,,,#,reference,evt(ch32h417.h)
CH32H417,USBHSD,UEP5_RX_LEN,0x090,16,1,,,,#,reference,evt(ch32h417.h)
CH32H417,USBHSD,UEP5_RX_SIZE,0x092,16,1,,,,#,reference,evt(ch32h417.h)
CH32H417,USBHSD,UEP6_RX_LEN,0x094,16,1,,,,#,reference,evt(ch32h417.h)
CH32H417,USBHSD,UEP6_RX_SIZE,0x096,16,1,,,,#,reference,evt(ch32h417.h)
CH32H417,USBHSD,UEP7_RX_LEN,0x098,16,1,,,,#,reference,evt(ch32h417.h)
CH32H417,USBHSD,UEP7_RX_SIZE,0x09a,16,1,,,,#,reference,evt(ch32h417.h)
CH32H417,USBHSD,UEP0_TX_LEN,0x09c,16,1,,,,#,reference,evt(ch32h417.h)
CH32H417,USBHSD,UEP0_TX_CTRL,0x09e,8,1,,,,#,reference,evt(ch32h417.h)
CH32H417,USBHSD,UEP0_RX_CTRL,0x09f,8,1,,,,#,reference,evt(ch32h417.h)
CH32H417,USBHSD,UEP1_TX_LEN,0x0a0,16,1,,,,#,reference,evt(ch32h417.h)
CH32H417,USBHSD,UEP1_TX_CTRL,0x0a2,8,1,,,,#,reference,evt(ch32h417.h)
CH32H417,USBHSD,UEP1_RX_CTRL,0x0a3,8,1,,,,#,reference,evt(ch32h417.h)
CH32H417,USBHSD,UEP2_TX_LEN,0x0a4,16,1,,,,#,reference,evt(ch32h417.h)
CH32H417,USBHSD,UEP2_TX_CTRL,0x0a6,8,1,,,,#,reference,evt(ch32h417.h)
CH32H417,USBHSD,UEP2_RX_CTRL,0x0a7,8,1,,,,#,reference,evt(ch32h417.h)
CH32H417,USBHSD,UEP3_TX_LEN,0x0a8,16,1,,,,#,reference,evt(ch32h417.h)
CH32H417,USBHSD,UEP3_TX_CTRL,0x0aa,8,1,,,,#,reference,evt(ch32h417.h)
CH32H417,USBHSD,UEP3_RX_CTRL,0x0ab,8,1,,,,#,reference,evt(ch32h417.h)
CH32H417,USBHSD,UEP4_TX_LEN,0x0ac,16,1,,,,#,reference,evt(ch32h417.h)
CH32H417,USBHSD,UEP4_TX_CTRL,0x0ae,8,1,,,,#,reference,evt(ch32h417.h)
CH32H417,USBHSD,UEP4_RX_CTRL,0x0af,8,1,,,,#,reference,evt(ch32h417.h)
CH32H417,USBHSD,UEP5_TX_LEN,0x0b0,16,1,,,,#,reference,evt(ch32h417.h)
CH32H417,USBHSD,UEP5_TX_CTRL,0x0b2,8,1,,,,#,reference,evt(ch32h417.h)
CH32H417,USBHSD,UEP5_RX_CTRL,0x0b3,8,1,,,,#,reference,evt(ch32h417.h)
CH32H417,USBHSD,UEP6_TX_LEN,0x0b4,16,1,,,,#,reference,evt(ch32h417.h)
CH32H417,USBHSD,UEP6_TX_CTRL,0x0b6,8,1,,,,#,reference,evt(ch32h417.h)
CH32H417,USBHSD,UEP6_RX_CTRL,0x0b7,8,1,,,,#,reference,evt(ch32h417.h)
CH32H417,USBHSD,UEP7_TX_LEN,0x0b8,16,1,,,,#,reference,evt(ch32h417.h)
CH32H417,USBHSD,UEP7_TX_CTRL,0x0ba,8,1,,,,#,reference,evt(ch32h417.h)
CH32H417,USBHSD,UEP7_RX_CTRL,0x0bb,8,1,,,,#,reference,evt(ch32h417.h)
CH32H417,USBHSD,UEP_TX_ISO,0x0bc,16,1,,,,#,reference,evt(ch32h417.h)
CH32H417,USBHSD,UEP_RX_ISO,0x0be,16,1,,,,#,reference,evt(ch32h417.h)
CH32H417,USBHSD,UEP1_RX_FIFO,0x0c0,32,1,,,,#,reference,evt(ch32h417.h)
CH32H417,USBHSD,UEP2_RX_FIFO,0x0c4,32,1,,,,#,reference,evt(ch32h417.h)
CH32H417,USBHSD,UEP3_RX_FIFO,0x0c8,32,1,,,,#,reference,evt(ch32h417.h)
CH32H417,USBHSD,UEP4_RX_FIFO,0x0cc,32,1,,,,#,reference,evt(ch32h417.h)
CH32H417,USBHSD,UEP5_RX_FIFO,0x0d0,32,1,,,,#,reference,evt(ch32h417.h)
CH32H417,USBHSD,UEP6_RX_FIFO,0x0d4,32,1,,,,#,reference,evt(ch32h417.h)
CH32H417,USBHSD,UEP7_RX_FIFO,0x0d8,32,1,,,,#,reference,evt(ch32h417.h)
CH32H417,USBHSD,UEP1_TX_FIFO,0x0dc,32,1,,,,#,reference,evt(ch32h417.h)
CH32H417,USBHSD,UEP2_TX_FIFO,0x0e0,32,1,,,,#,reference,evt(ch32h417.h)
CH32H417,USBHSD,UEP3_TX_FIFO,0x0e4,32,1,,,,#,reference,evt(ch32h417.h)
CH32H417,USBHSD,UEP4_TX_FIFO,0x0e8,32,1,,,,#,reference,evt(ch32h417.h)
CH32H417,USBHSD,UEP5_TX_FIFO,0x0ec,32,1,,,,#,reference,evt(ch32h417.h)
CH32H417,USBHSD,UEP6_TX_FIFO,0x0f0,32,1,,,,#,reference,evt(ch32h417.h)
CH32H417,USBHSD,UEP7_TX_FIFO,0x0f4,32,1,,,,#,reference,evt(ch32h417.h)
CH32H417,USBHSH,CFG,0x000,8,1,,,,#,reference,evt(ch32h417.h)
CH32H417,USBHSH,INT_EN,0x002,8,1,,,,#,reference,evt(ch32h417.h)
CH32H417,USBHSH,DEV_ADDR,0x003,8,1,,,,#,reference,evt(ch32h417.h)
CH32H417,USBHSH,CONTROL,0x004,32,1,,,,#,reference,evt(ch32h417.h)
CH32H417,USBHSH,INT_FLAG,0x008,8,1,,,,#,reference,evt(ch32h417.h)
CH32H417,USBHSH,INT_ST,0x009,8,1,,,,#,reference,evt(ch32h417.h)
CH32H417,USBHSH,MIS_ST,0x00a,8,1,,,,#,reference,evt(ch32h417.h)
CH32H417,USBHSH,LPM,0x00c,32,1,,,,#,reference,evt(ch32h417.h)
CH32H417,USBHSH,SPLIT,0x010,32,1,,,,#,reference,evt(ch32h417.h)
CH32H417,USBHSH,FRAME,0x014,32,1,,,,#,reference,evt(ch32h417.h)
CH32H417,USBHSH,TX_LEN,0x018,32,1,,,,#,reference,evt(ch32h417.h)
CH32H417,USBHSH,RX_LEN,0x01c,32,1,,,,#,reference,evt(ch32h417.h)
CH32H417,USBHSH,RX_MAX_LEN,0x020,32,1,,,,#,reference,evt(ch32h417.h)
CH32H417,USBHSH,RX_DMA,0x024,32,1,,,,#,reference,evt(ch32h417.h)
CH32H417,USBHSH,TX_DMA,0x028,32,1,,,,#,reference,evt(ch32h417.h)
CH32H417,USBHSH,PORT_CTRL,0x02c,32,1,,,,#,reference,evt(ch32h417.h)
CH32H417,USBHSH,PORT_CFG,0x030,8,1,,,,#,reference,evt(ch32h417.h)
CH32H417,USBHSH,PORT_INT_EN,0x032,8,1,,,,#,reference,evt(ch32h417.h)
CH32H417,USBHSH,PORT_TEST_CT,0x033,8,1,,,,#,reference,evt(ch32h417.h)
CH32H417,USBHSH,PORT_STATUS,0x034,16,1,,,,#,reference,evt(ch32h417.h)
CH32H417,USBHSH,PORT_STATUS_CHG,0x036,8,1,,,,#,reference,evt(ch32h417.h)
CH32H417,USBHSH,ROOT_BC_CTRL,0x03c,32,1,,,,#,reference,evt(ch32h417.h)
CH32H417,USBPD,CONFIG,0x000,16,1,,0x00000002,ok:1,#,confirmed,evt(ch32h417.h)+rm-address(CH32H417RM.PDF)
CH32H417,USBPD,USBPD_CONFIG,0x000,32,1,,,,#,reference,evt(ch32h417.h)
CH32H417,USBPD,BMC_CLK_CNT,0x002,16,1,,,,#,reference,evt(ch32h417.h)
CH32H417,USBPD,CONTROL,0x004,8,1,,0x00000000,ok:1,#,confirmed,evt(ch32h417.h)+rm-address(CH32H417RM.PDF)
CH32H417,USBPD,R16_CONTROL,0x004,16,1,,,,#,reference,evt(ch32h417.h)
CH32H417,USBPD,USBPD_CONTROL,0x004,32,1,,,,#,reference,evt(ch32h417.h)
CH32H417,USBPD,TX_SEL,0x005,8,1,,,,#,reference,evt(ch32h417.h)
CH32H417,USBPD,BMC_TX_SZ,0x006,16,1,,,,#,reference,evt(ch32h417.h)
CH32H417,USBPD,DATA_BUF,0x008,8,1,,,,#,reference,evt(ch32h417.h)
CH32H417,USBPD,R16_STATUS,0x008,16,1,,,,#,reference,evt(ch32h417.h)
CH32H417,USBPD,USBPD_STATUS,0x008,32,1,,0x000000XX,ok:1,#,confirmed,evt(ch32h417.h)+rm-address(CH32H417RM.PDF)
CH32H417,USBPD,STATUS,0x009,8,1,,,,#,reference,evt(ch32h417.h)
CH32H417,USBPD,BMC_BYTE_CNT,0x00a,16,1,,,,#,reference,evt(ch32h417.h)
CH32H417,USBPD,PORT_CC1,0x00c,16,1,,,,#,reference,evt(ch32h417.h)
CH32H417,USBPD,USBPD_PORT,0x00c,32,1,,0x00030003,ok:1,#,confirmed,evt(ch32h417.h)+rm-address(CH32H417RM.PDF)
CH32H417,USBPD,PORT_CC2,0x00e,16,1,,,,#,reference,evt(ch32h417.h)
CH32H417,USBPD,USBPD_DMA,0x010,32,1,,0x00XXXXXX,ok:1,#,confirmed,evt(ch32h417.h)+rm-address(CH32H417RM.PDF)
CH32H417,USBSSD,LINK_CFG,0x000,32,1,,,,#,reference,evt(ch32h417.h)
CH32H417,USBSSD,LINK_CTRL,0x004,32,1,,,,#,reference,evt(ch32h417.h)
CH32H417,USBSSD,LINK_INT_CTRL,0x008,32,1,,,,#,reference,evt(ch32h417.h)
CH32H417,USBSSD,LINK_INT_FLAG,0x00c,32,1,,,,#,reference,evt(ch32h417.h)
CH32H417,USBSSD,LINK_STATUS,0x010,32,1,,,,#,reference,evt(ch32h417.h)
CH32H417,USBSSD,LINK_ITP_PRE,0x017,8,1,,,,#,reference,evt(ch32h417.h)
CH32H417,USBSSD,LINK_U2_INACT_TIMER,0x01d,8,1,,,,#,reference,evt(ch32h417.h)
CH32H417,USBSSD,LINK_U1_WKUP_FILTER,0x028,8,1,,,,#,reference,evt(ch32h417.h)
CH32H417,USBSSD,LINK_U1_WKUP_TMR,0x02a,16,1,,,,#,reference,evt(ch32h417.h)
CH32H417,USBSSD,LINK_U2_WKUP_FILTER,0x02c,8,1,,,,#,reference,evt(ch32h417.h)
CH32H417,USBSSD,LINK_U3_WKUP_FILTER,0x030,8,1,,,,#,reference,evt(ch32h417.h)
CH32H417,USBSSD,LINK_U3_WKUP_TMR,0x032,16,1,,,,#,reference,evt(ch32h417.h)
CH32H417,USBSSD,LINK_ISO_DLY,0x040,16,1,,,,#,reference,evt(ch32h417.h)
CH32H417,USBSSD,LINK_LPM_CR,0x050,16,1,,,,#,reference,evt(ch32h417.h)
CH32H417,USBSSD,LINK_LMP_PORT_CAP,0x054,32,1,,,,#,reference,evt(ch32h417.h)
CH32H417,USBSSD,LINK_LMP_RX_DATA0,0x058,32,1,,,,#,reference,evt(ch32h417.h)
CH32H417,USBSSD,LINK_LMP_RX_DATA1,0x05c,32,1,,,,#,reference,evt(ch32h417.h)
CH32H417,USBSSD,LINK_LMP_RX_DATA2,0x060,32,1,,,,#,reference,evt(ch32h417.h)
CH32H417,USBSSD,LINK_LMP_TX_DATA0,0x064,32,1,,,,#,reference,evt(ch32h417.h)
CH32H417,USBSSD,LINK_LMP_TX_DATA1,0x068,32,1,,,,#,reference,evt(ch32h417.h)
CH32H417,USBSSD,LINK_LMP_TX_DATA2,0x06c,32,1,,,,#,reference,evt(ch32h417.h)
CH32H417,USBSSD,USB_CONTROL,0x070,32,1,,,,#,reference,evt(ch32h417.h)
CH32H417,USBSSD,USB_STATUS,0x074,32,1,,,,#,reference,evt(ch32h417.h)
CH32H417,USBSSD,USB_ITP,0x078,32,1,,,,#,reference,evt(ch32h417.h)
CH32H417,USBSSD,USB_ITP_ADJ,0x07c,32,1,,,,#,reference,evt(ch32h417.h)
CH32H417,USBSSD,UEP_TX_EN,0x080,16,1,,,,#,reference,evt(ch32h417.h)
CH32H417,USBSSD,UEP_RX_EN,0x082,16,1,,,,#,reference,evt(ch32h417.h)
CH32H417,USBSSD,UEP0_TX_CTRL,0x084,32,1,,,,#,reference,evt(ch32h417.h)
CH32H417,USBSSD,UEP0_RX_CTRL,0x088,32,1,,,,#,reference,evt(ch32h417.h)
CH32H417,USBSSD,UEP0_TX_DMA,0x08c,32,1,,,,#,reference,evt(ch32h417.h)
CH32H417,USBSSD,UEP0_RX_DMA,0x090,32,1,,,,#,reference,evt(ch32h417.h)
CH32H417,USBSSD,UEP0_TX_DMA_OFS,0x094,32,1,,,,#,reference,evt(ch32h417.h)
CH32H417,USBSSD,UEP0_RX_DMA_OFS,0x098,32,1,,,,#,reference,evt(ch32h417.h)
CH32H417,USBSSD,EP1_TX.UEP_TX_CFG,0x0c0,8,1,,,,#,reference,evt(ch32h417.h)
CH32H417,USBSSD,EP1_TX.UEP_TX_CR,0x0c1,8,1,,,,#,reference,evt(ch32h417.h)
CH32H417,USBSSD,EP1_TX.UEP_TX_SEQ,0x0c2,8,1,,,,#,reference,evt(ch32h417.h)
CH32H417,USBSSD,EP1_TX.UEP_TX_ST,0x0c3,8,1,,,,#,reference,evt(ch32h417.h)
CH32H417,USBSSD,EP1_TX.UEP_TX_CHAIN_CR,0x0c4,8,1,,,,#,reference,evt(ch32h417.h)
CH32H417,USBSSD,EP1_TX.UEP_TX_CHAIN_ST,0x0c5,8,1,,,,#,reference,evt(ch32h417.h)
CH32H417,USBSSD,EP1_TX.UEP_TX_CHAIN_LEN,0x0c6,16,1,,,,#,reference,evt(ch32h417.h)
CH32H417,USBSSD,EP1_TX.UEP_TX_CHAIN_EXP_NUMP,0x0c8,8,1,,,,#,reference,evt(ch32h417.h)
CH32H417,USBSSD,EP1_TX.UEP_TX_CHAIN_NUMP,0x0c9,8,1,,,,#,reference,evt(ch32h417.h)
CH32H417,USBSSD,EP1_TX.UEP_TX_DMA_OFS,0x0ca,16,1,,,,#,reference,evt(ch32h417.h)
CH32H417,USBSSD,EP1_TX.UEP_TX_DMA,0x0cc,32,1,,,,#,reference,evt(ch32h417.h)
CH32H417,USBSSD,EP1_RX.UEP_RX_CFG,0x0d0,8,1,,,,#,reference,evt(ch32h417.h)
CH32H417,USBSSD,EP1_RX.UEP_RX_CR,0x0d1,8,1,,,,#,reference,evt(ch32h417.h)
CH32H417,USBSSD,EP1_RX.UEP_RX_SEQ,0x0d2,8,1,,,,#,reference,evt(ch32h417.h)
CH32H417,USBSSD,EP1_RX.UEP_RX_ST,0x0d3,8,1,,,,#,reference,evt(ch32h417.h)
CH32H417,USBSSD,EP1_RX.UEP_RX_CHAIN_CR,0x0d4,8,1,,,,#,reference,evt(ch32h417.h)
CH32H417,USBSSD,EP1_RX.UEP_RX_CHAIN_ST,0x0d5,8,1,,,,#,reference,evt(ch32h417.h)
CH32H417,USBSSD,EP1_RX.UEP_RX_CHAIN_LEN,0x0d6,16,1,,,,#,reference,evt(ch32h417.h)
CH32H417,USBSSD,EP1_RX.UEP_RX_CHAIN_MAX_NUMP,0x0d8,8,1,,,,#,reference,evt(ch32h417.h)
CH32H417,USBSSD,EP1_RX.UEP_RX_CHAIN_NUMP,0x0d9,8,1,,,,#,reference,evt(ch32h417.h)
CH32H417,USBSSD,EP1_RX.UEP_RX_DMA_OFS,0x0da,16,1,,,,#,reference,evt(ch32h417.h)
CH32H417,USBSSD,EP1_RX.UEP_RX_DMA,0x0dc,32,1,,,,#,reference,evt(ch32h417.h)
CH32H417,USBSSD,EP2_TX.UEP_TX_CFG,0x0e0,8,1,,,,#,reference,evt(ch32h417.h)
CH32H417,USBSSD,EP2_TX.UEP_TX_CR,0x0e1,8,1,,,,#,reference,evt(ch32h417.h)
CH32H417,USBSSD,EP2_TX.UEP_TX_SEQ,0x0e2,8,1,,,,#,reference,evt(ch32h417.h)
CH32H417,USBSSD,EP2_TX.UEP_TX_ST,0x0e3,8,1,,,,#,reference,evt(ch32h417.h)
CH32H417,USBSSD,EP2_TX.UEP_TX_CHAIN_CR,0x0e4,8,1,,,,#,reference,evt(ch32h417.h)
CH32H417,USBSSD,EP2_TX.UEP_TX_CHAIN_ST,0x0e5,8,1,,,,#,reference,evt(ch32h417.h)
CH32H417,USBSSD,EP2_TX.UEP_TX_CHAIN_LEN,0x0e6,16,1,,,,#,reference,evt(ch32h417.h)
CH32H417,USBSSD,EP2_TX.UEP_TX_CHAIN_EXP_NUMP,0x0e8,8,1,,,,#,reference,evt(ch32h417.h)
CH32H417,USBSSD,EP2_TX.UEP_TX_CHAIN_NUMP,0x0e9,8,1,,,,#,reference,evt(ch32h417.h)
CH32H417,USBSSD,EP2_TX.UEP_TX_DMA_OFS,0x0ea,16,1,,,,#,reference,evt(ch32h417.h)
CH32H417,USBSSD,EP2_TX.UEP_TX_DMA,0x0ec,32,1,,,,#,reference,evt(ch32h417.h)
CH32H417,USBSSD,EP2_RX.UEP_RX_CFG,0x0f0,8,1,,,,#,reference,evt(ch32h417.h)
CH32H417,USBSSD,EP2_RX.UEP_RX_CR,0x0f1,8,1,,,,#,reference,evt(ch32h417.h)
CH32H417,USBSSD,EP2_RX.UEP_RX_SEQ,0x0f2,8,1,,,,#,reference,evt(ch32h417.h)
CH32H417,USBSSD,EP2_RX.UEP_RX_ST,0x0f3,8,1,,,,#,reference,evt(ch32h417.h)
CH32H417,USBSSD,EP2_RX.UEP_RX_CHAIN_CR,0x0f4,8,1,,,,#,reference,evt(ch32h417.h)
CH32H417,USBSSD,EP2_RX.UEP_RX_CHAIN_ST,0x0f5,8,1,,,,#,reference,evt(ch32h417.h)
CH32H417,USBSSD,EP2_RX.UEP_RX_CHAIN_LEN,0x0f6,16,1,,,,#,reference,evt(ch32h417.h)
CH32H417,USBSSD,EP2_RX.UEP_RX_CHAIN_MAX_NUMP,0x0f8,8,1,,,,#,reference,evt(ch32h417.h)
CH32H417,USBSSD,EP2_RX.UEP_RX_CHAIN_NUMP,0x0f9,8,1,,,,#,reference,evt(ch32h417.h)
CH32H417,USBSSD,EP2_RX.UEP_RX_DMA_OFS,0x0fa,16,1,,,,#,reference,evt(ch32h417.h)
CH32H417,USBSSD,EP2_RX.UEP_RX_DMA,0x0fc,32,1,,,,#,reference,evt(ch32h417.h)
CH32H417,USBSSD,EP3_TX.UEP_TX_CFG,0x100,8,1,,,,#,reference,evt(ch32h417.h)
CH32H417,USBSSD,EP3_TX.UEP_TX_CR,0x101,8,1,,,,#,reference,evt(ch32h417.h)
CH32H417,USBSSD,EP3_TX.UEP_TX_SEQ,0x102,8,1,,,,#,reference,evt(ch32h417.h)
CH32H417,USBSSD,EP3_TX.UEP_TX_ST,0x103,8,1,,,,#,reference,evt(ch32h417.h)
CH32H417,USBSSD,EP3_TX.UEP_TX_CHAIN_CR,0x104,8,1,,,,#,reference,evt(ch32h417.h)
CH32H417,USBSSD,EP3_TX.UEP_TX_CHAIN_ST,0x105,8,1,,,,#,reference,evt(ch32h417.h)
CH32H417,USBSSD,EP3_TX.UEP_TX_CHAIN_LEN,0x106,16,1,,,,#,reference,evt(ch32h417.h)
CH32H417,USBSSD,EP3_TX.UEP_TX_CHAIN_EXP_NUMP,0x108,8,1,,,,#,reference,evt(ch32h417.h)
CH32H417,USBSSD,EP3_TX.UEP_TX_CHAIN_NUMP,0x109,8,1,,,,#,reference,evt(ch32h417.h)
CH32H417,USBSSD,EP3_TX.UEP_TX_DMA_OFS,0x10a,16,1,,,,#,reference,evt(ch32h417.h)
CH32H417,USBSSD,EP3_TX.UEP_TX_DMA,0x10c,32,1,,,,#,reference,evt(ch32h417.h)
CH32H417,USBSSD,EP3_RX.UEP_RX_CFG,0x110,8,1,,,,#,reference,evt(ch32h417.h)
CH32H417,USBSSD,EP3_RX.UEP_RX_CR,0x111,8,1,,,,#,reference,evt(ch32h417.h)
CH32H417,USBSSD,EP3_RX.UEP_RX_SEQ,0x112,8,1,,,,#,reference,evt(ch32h417.h)
CH32H417,USBSSD,EP3_RX.UEP_RX_ST,0x113,8,1,,,,#,reference,evt(ch32h417.h)
CH32H417,USBSSD,EP3_RX.UEP_RX_CHAIN_CR,0x114,8,1,,,,#,reference,evt(ch32h417.h)
CH32H417,USBSSD,EP3_RX.UEP_RX_CHAIN_ST,0x115,8,1,,,,#,reference,evt(ch32h417.h)
CH32H417,USBSSD,EP3_RX.UEP_RX_CHAIN_LEN,0x116,16,1,,,,#,reference,evt(ch32h417.h)
CH32H417,USBSSD,EP3_RX.UEP_RX_CHAIN_MAX_NUMP,0x118,8,1,,,,#,reference,evt(ch32h417.h)
CH32H417,USBSSD,EP3_RX.UEP_RX_CHAIN_NUMP,0x119,8,1,,,,#,reference,evt(ch32h417.h)
CH32H417,USBSSD,EP3_RX.UEP_RX_DMA_OFS,0x11a,16,1,,,,#,reference,evt(ch32h417.h)
CH32H417,USBSSD,EP3_RX.UEP_RX_DMA,0x11c,32,1,,,,#,reference,evt(ch32h417.h)
CH32H417,USBSSD,EP4_TX.UEP_TX_CFG,0x120,8,1,,,,#,reference,evt(ch32h417.h)
CH32H417,USBSSD,EP4_TX.UEP_TX_CR,0x121,8,1,,,,#,reference,evt(ch32h417.h)
CH32H417,USBSSD,EP4_TX.UEP_TX_SEQ,0x122,8,1,,,,#,reference,evt(ch32h417.h)
CH32H417,USBSSD,EP4_TX.UEP_TX_ST,0x123,8,1,,,,#,reference,evt(ch32h417.h)
CH32H417,USBSSD,EP4_TX.UEP_TX_CHAIN_CR,0x124,8,1,,,,#,reference,evt(ch32h417.h)
CH32H417,USBSSD,EP4_TX.UEP_TX_CHAIN_ST,0x125,8,1,,,,#,reference,evt(ch32h417.h)
CH32H417,USBSSD,EP4_TX.UEP_TX_CHAIN_LEN,0x126,16,1,,,,#,reference,evt(ch32h417.h)
CH32H417,USBSSD,EP4_TX.UEP_TX_CHAIN_EXP_NUMP,0x128,8,1,,,,#,reference,evt(ch32h417.h)
CH32H417,USBSSD,EP4_TX.UEP_TX_CHAIN_NUMP,0x129,8,1,,,,#,reference,evt(ch32h417.h)
CH32H417,USBSSD,EP4_TX.UEP_TX_DMA_OFS,0x12a,16,1,,,,#,reference,evt(ch32h417.h)
CH32H417,USBSSD,EP4_TX.UEP_TX_DMA,0x12c,32,1,,,,#,reference,evt(ch32h417.h)
CH32H417,USBSSD,EP4_RX.UEP_RX_CFG,0x130,8,1,,,,#,reference,evt(ch32h417.h)
CH32H417,USBSSD,EP4_RX.UEP_RX_CR,0x131,8,1,,,,#,reference,evt(ch32h417.h)
CH32H417,USBSSD,EP4_RX.UEP_RX_SEQ,0x132,8,1,,,,#,reference,evt(ch32h417.h)
CH32H417,USBSSD,EP4_RX.UEP_RX_ST,0x133,8,1,,,,#,reference,evt(ch32h417.h)
CH32H417,USBSSD,EP4_RX.UEP_RX_CHAIN_CR,0x134,8,1,,,,#,reference,evt(ch32h417.h)
CH32H417,USBSSD,EP4_RX.UEP_RX_CHAIN_ST,0x135,8,1,,,,#,reference,evt(ch32h417.h)
CH32H417,USBSSD,EP4_RX.UEP_RX_CHAIN_LEN,0x136,16,1,,,,#,reference,evt(ch32h417.h)
CH32H417,USBSSD,EP4_RX.UEP_RX_CHAIN_MAX_NUMP,0x138,8,1,,,,#,reference,evt(ch32h417.h)
CH32H417,USBSSD,EP4_RX.UEP_RX_CHAIN_NUMP,0x139,8,1,,,,#,reference,evt(ch32h417.h)
CH32H417,USBSSD,EP4_RX.UEP_RX_DMA_OFS,0x13a,16,1,,,,#,reference,evt(ch32h417.h)
CH32H417,USBSSD,EP4_RX.UEP_RX_DMA,0x13c,32,1,,,,#,reference,evt(ch32h417.h)
CH32H417,USBSSD,EP5_TX.UEP_TX_CFG,0x140,8,1,,,,#,reference,evt(ch32h417.h)
CH32H417,USBSSD,EP5_TX.UEP_TX_CR,0x141,8,1,,,,#,reference,evt(ch32h417.h)
CH32H417,USBSSD,EP5_TX.UEP_TX_SEQ,0x142,8,1,,,,#,reference,evt(ch32h417.h)
CH32H417,USBSSD,EP5_TX.UEP_TX_ST,0x143,8,1,,,,#,reference,evt(ch32h417.h)
CH32H417,USBSSD,EP5_TX.UEP_TX_CHAIN_CR,0x144,8,1,,,,#,reference,evt(ch32h417.h)
CH32H417,USBSSD,EP5_TX.UEP_TX_CHAIN_ST,0x145,8,1,,,,#,reference,evt(ch32h417.h)
CH32H417,USBSSD,EP5_TX.UEP_TX_CHAIN_LEN,0x146,16,1,,,,#,reference,evt(ch32h417.h)
CH32H417,USBSSD,EP5_TX.UEP_TX_CHAIN_EXP_NUMP,0x148,8,1,,,,#,reference,evt(ch32h417.h)
CH32H417,USBSSD,EP5_TX.UEP_TX_CHAIN_NUMP,0x149,8,1,,,,#,reference,evt(ch32h417.h)
CH32H417,USBSSD,EP5_TX.UEP_TX_DMA_OFS,0x14a,16,1,,,,#,reference,evt(ch32h417.h)
CH32H417,USBSSD,EP5_TX.UEP_TX_DMA,0x14c,32,1,,,,#,reference,evt(ch32h417.h)
CH32H417,USBSSD,EP5_RX.UEP_RX_CFG,0x150,8,1,,,,#,reference,evt(ch32h417.h)
CH32H417,USBSSD,EP5_RX.UEP_RX_CR,0x151,8,1,,,,#,reference,evt(ch32h417.h)
CH32H417,USBSSD,EP5_RX.UEP_RX_SEQ,0x152,8,1,,,,#,reference,evt(ch32h417.h)
CH32H417,USBSSD,EP5_RX.UEP_RX_ST,0x153,8,1,,,,#,reference,evt(ch32h417.h)
CH32H417,USBSSD,EP5_RX.UEP_RX_CHAIN_CR,0x154,8,1,,,,#,reference,evt(ch32h417.h)
CH32H417,USBSSD,EP5_RX.UEP_RX_CHAIN_ST,0x155,8,1,,,,#,reference,evt(ch32h417.h)
CH32H417,USBSSD,EP5_RX.UEP_RX_CHAIN_LEN,0x156,16,1,,,,#,reference,evt(ch32h417.h)
CH32H417,USBSSD,EP5_RX.UEP_RX_CHAIN_MAX_NUMP,0x158,8,1,,,,#,reference,evt(ch32h417.h)
CH32H417,USBSSD,EP5_RX.UEP_RX_CHAIN_NUMP,0x159,8,1,,,,#,reference,evt(ch32h417.h)
CH32H417,USBSSD,EP5_RX.UEP_RX_DMA_OFS,0x15a,16,1,,,,#,reference,evt(ch32h417.h)
CH32H417,USBSSD,EP5_RX.UEP_RX_DMA,0x15c,32,1,,,,#,reference,evt(ch32h417.h)
CH32H417,USBSSD,EP6_TX.UEP_TX_CFG,0x160,8,1,,,,#,reference,evt(ch32h417.h)
CH32H417,USBSSD,EP6_TX.UEP_TX_CR,0x161,8,1,,,,#,reference,evt(ch32h417.h)
CH32H417,USBSSD,EP6_TX.UEP_TX_SEQ,0x162,8,1,,,,#,reference,evt(ch32h417.h)
CH32H417,USBSSD,EP6_TX.UEP_TX_ST,0x163,8,1,,,,#,reference,evt(ch32h417.h)
CH32H417,USBSSD,EP6_TX.UEP_TX_CHAIN_CR,0x164,8,1,,,,#,reference,evt(ch32h417.h)
CH32H417,USBSSD,EP6_TX.UEP_TX_CHAIN_ST,0x165,8,1,,,,#,reference,evt(ch32h417.h)
CH32H417,USBSSD,EP6_TX.UEP_TX_CHAIN_LEN,0x166,16,1,,,,#,reference,evt(ch32h417.h)
CH32H417,USBSSD,EP6_TX.UEP_TX_CHAIN_EXP_NUMP,0x168,8,1,,,,#,reference,evt(ch32h417.h)
CH32H417,USBSSD,EP6_TX.UEP_TX_CHAIN_NUMP,0x169,8,1,,,,#,reference,evt(ch32h417.h)
CH32H417,USBSSD,EP6_TX.UEP_TX_DMA_OFS,0x16a,16,1,,,,#,reference,evt(ch32h417.h)
CH32H417,USBSSD,EP6_TX.UEP_TX_DMA,0x16c,32,1,,,,#,reference,evt(ch32h417.h)
CH32H417,USBSSD,EP6_RX.UEP_RX_CFG,0x170,8,1,,,,#,reference,evt(ch32h417.h)
CH32H417,USBSSD,EP6_RX.UEP_RX_CR,0x171,8,1,,,,#,reference,evt(ch32h417.h)
CH32H417,USBSSD,EP6_RX.UEP_RX_SEQ,0x172,8,1,,,,#,reference,evt(ch32h417.h)
CH32H417,USBSSD,EP6_RX.UEP_RX_ST,0x173,8,1,,,,#,reference,evt(ch32h417.h)
CH32H417,USBSSD,EP6_RX.UEP_RX_CHAIN_CR,0x174,8,1,,,,#,reference,evt(ch32h417.h)
CH32H417,USBSSD,EP6_RX.UEP_RX_CHAIN_ST,0x175,8,1,,,,#,reference,evt(ch32h417.h)
CH32H417,USBSSD,EP6_RX.UEP_RX_CHAIN_LEN,0x176,16,1,,,,#,reference,evt(ch32h417.h)
CH32H417,USBSSD,EP6_RX.UEP_RX_CHAIN_MAX_NUMP,0x178,8,1,,,,#,reference,evt(ch32h417.h)
CH32H417,USBSSD,EP6_RX.UEP_RX_CHAIN_NUMP,0x179,8,1,,,,#,reference,evt(ch32h417.h)
CH32H417,USBSSD,EP6_RX.UEP_RX_DMA_OFS,0x17a,16,1,,,,#,reference,evt(ch32h417.h)
CH32H417,USBSSD,EP6_RX.UEP_RX_DMA,0x17c,32,1,,,,#,reference,evt(ch32h417.h)
CH32H417,USBSSD,EP7_TX.UEP_TX_CFG,0x180,8,1,,,,#,reference,evt(ch32h417.h)
CH32H417,USBSSD,EP7_TX.UEP_TX_CR,0x181,8,1,,,,#,reference,evt(ch32h417.h)
CH32H417,USBSSD,EP7_TX.UEP_TX_SEQ,0x182,8,1,,,,#,reference,evt(ch32h417.h)
CH32H417,USBSSD,EP7_TX.UEP_TX_ST,0x183,8,1,,,,#,reference,evt(ch32h417.h)
CH32H417,USBSSD,EP7_TX.UEP_TX_CHAIN_CR,0x184,8,1,,,,#,reference,evt(ch32h417.h)
CH32H417,USBSSD,EP7_TX.UEP_TX_CHAIN_ST,0x185,8,1,,,,#,reference,evt(ch32h417.h)
CH32H417,USBSSD,EP7_TX.UEP_TX_CHAIN_LEN,0x186,16,1,,,,#,reference,evt(ch32h417.h)
CH32H417,USBSSD,EP7_TX.UEP_TX_CHAIN_EXP_NUMP,0x188,8,1,,,,#,reference,evt(ch32h417.h)
CH32H417,USBSSD,EP7_TX.UEP_TX_CHAIN_NUMP,0x189,8,1,,,,#,reference,evt(ch32h417.h)
CH32H417,USBSSD,EP7_TX.UEP_TX_DMA_OFS,0x18a,16,1,,,,#,reference,evt(ch32h417.h)
CH32H417,USBSSD,EP7_TX.UEP_TX_DMA,0x18c,32,1,,,,#,reference,evt(ch32h417.h)
CH32H417,USBSSD,EP7_RX.UEP_RX_CFG,0x190,8,1,,,,#,reference,evt(ch32h417.h)
CH32H417,USBSSD,EP7_RX.UEP_RX_CR,0x191,8,1,,,,#,reference,evt(ch32h417.h)
CH32H417,USBSSD,EP7_RX.UEP_RX_SEQ,0x192,8,1,,,,#,reference,evt(ch32h417.h)
CH32H417,USBSSD,EP7_RX.UEP_RX_ST,0x193,8,1,,,,#,reference,evt(ch32h417.h)
CH32H417,USBSSD,EP7_RX.UEP_RX_CHAIN_CR,0x194,8,1,,,,#,reference,evt(ch32h417.h)
CH32H417,USBSSD,EP7_RX.UEP_RX_CHAIN_ST,0x195,8,1,,,,#,reference,evt(ch32h417.h)
CH32H417,USBSSD,EP7_RX.UEP_RX_CHAIN_LEN,0x196,16,1,,,,#,reference,evt(ch32h417.h)
CH32H417,USBSSD,EP7_RX.UEP_RX_CHAIN_MAX_NUMP,0x198,8,1,,,,#,reference,evt(ch32h417.h)
CH32H417,USBSSD,EP7_RX.UEP_RX_CHAIN_NUMP,0x199,8,1,,,,#,reference,evt(ch32h417.h)
CH32H417,USBSSD,EP7_RX.UEP_RX_DMA_OFS,0x19a,16,1,,,,#,reference,evt(ch32h417.h)
CH32H417,USBSSD,EP7_RX.UEP_RX_DMA,0x19c,32,1,,,,#,reference,evt(ch32h417.h)
CH32H417,USBSSH,LINK_CFG,0x000,32,1,,,,#,reference,evt(ch32h417.h)
CH32H417,USBSSH,LINK_CTRL,0x004,32,1,,,,#,reference,evt(ch32h417.h)
CH32H417,USBSSH,LINK_INT_CTRL,0x008,32,1,,,,#,reference,evt(ch32h417.h)
CH32H417,USBSSH,LINK_INT_FLAG,0x00c,32,1,,,,#,reference,evt(ch32h417.h)
CH32H417,USBSSH,LINK_STATUS,0x010,32,1,,,,#,reference,evt(ch32h417.h)
CH32H417,USBSSH,LINK_ITP_PRE,0x017,8,1,,,,#,reference,evt(ch32h417.h)
CH32H417,USBSSH,LINK_U2_INACT_TIMER,0x01d,8,1,,,,#,reference,evt(ch32h417.h)
CH32H417,USBSSH,LINK_U1_WKUP_FILTER,0x028,8,1,,,,#,reference,evt(ch32h417.h)
CH32H417,USBSSH,LINK_U2_WKUP_FILTER,0x02c,8,1,,,,#,reference,evt(ch32h417.h)
CH32H417,USBSSH,LINK_U3_WKUP_FILTER,0x030,8,1,,,,#,reference,evt(ch32h417.h)
CH32H417,USBSSH,LINK_ISO_DLY,0x040,16,1,,,,#,reference,evt(ch32h417.h)
CH32H417,USBSSH,LINK_LPM_CR,0x050,16,1,,,,#,reference,evt(ch32h417.h)
CH32H417,USBSSH,LINK_LMP_PORT_CAP,0x054,32,1,,,,#,reference,evt(ch32h417.h)
CH32H417,USBSSH,LINK_LMP_RX_DATA0,0x058,32,1,,,,#,reference,evt(ch32h417.h)
CH32H417,USBSSH,LINK_LMP_RX_DATA1,0x05c,32,1,,,,#,reference,evt(ch32h417.h)
CH32H417,USBSSH,LINK_LMP_RX_DATA2,0x060,32,1,,,,#,reference,evt(ch32h417.h)
CH32H417,USBSSH,LINK_LMP_TX_DATA0,0x064,32,1,,,,#,reference,evt(ch32h417.h)
CH32H417,USBSSH,LINK_LMP_TX_DATA1,0x068,32,1,,,,#,reference,evt(ch32h417.h)
CH32H417,USBSSH,LINK_LMP_TX_DATA2,0x06c,32,1,,,,#,reference,evt(ch32h417.h)
CH32H417,USBSSH,USB_CONTROL,0x070,32,1,,,,#,reference,evt(ch32h417.h)
CH32H417,USBSSH,USB_STATUS,0x074,32,1,,,,#,reference,evt(ch32h417.h)
CH32H417,USBSSH,USB_ITP,0x078,32,1,,,,#,reference,evt(ch32h417.h)
CH32H417,USBSSH,USB_ITP_ADJ,0x07c,32,1,,,,#,reference,evt(ch32h417.h)
CH32H417,USBSSH,UEP_TX_EN,0x080,16,1,,,,#,reference,evt(ch32h417.h)
CH32H417,USBSSH,UEP_RX_EN,0x082,16,1,,,,#,reference,evt(ch32h417.h)
CH32H417,USBSSH,UH_TX_CTRL,0x084,32,1,,,,#,reference,evt(ch32h417.h)
CH32H417,USBSSH,UH_RX_CTRL,0x088,32,1,,,,#,reference,evt(ch32h417.h)
CH32H417,USBSSH,UH_TX_DMA,0x08c,32,1,,,,#,reference,evt(ch32h417.h)
CH32H417,USBSSH,UH_RX_DMA,0x090,32,1,,,,#,reference,evt(ch32h417.h)
CH32H417,USBSSH,UH_TX_DMA_OFS,0x094,32,1,,,,#,reference,evt(ch32h417.h)
CH32H417,USBSSH,UH_RX_DMA_OFS,0x098,32,1,,,,#,reference,evt(ch32h417.h)
CH32H417,USBSSH,HOST_TX_NUMP,0x09c,16,1,,,,#,reference,evt(ch32h417.h)
CH32H417,USBSSH,HOST_RX_NUMP,0x09e,16,1,,,,#,reference,evt(ch32h417.h)
CH32H417,USBSSH,HOST_STATUS,0x0a0,32,1,,,,#,reference,evt(ch32h417.h)
CH32H417,USBSSH,HOST_TX_FC_STATUS,0x0a4,16,1,,,,#,reference,evt(ch32h417.h)
CH32H417,USBSSH,HOST_RX_FC_STATUS,0x0a6,16,1,,,,#,reference,evt(ch32h417.h)
CH32H417,USBSSH,TP_RX_DATA0,0x0a8,32,1,,,,#,reference,evt(ch32h417.h)
CH32H417,USBSSH,TP_RX_DATA1,0x0ac,32,1,,,,#,reference,evt(ch32h417.h)
CH32H417,USBSSH,TP_RX_DATA2,0x0b0,32,1,,,,#,reference,evt(ch32h417.h)
CH32H417,USBSS_EP_RX,UEP_RX_CFG,0x000,8,1,,,,#,reference,evt(ch32h417.h)
CH32H417,USBSS_EP_RX,UEP_RX_CR,0x001,8,1,,,,#,reference,evt(ch32h417.h)
CH32H417,USBSS_EP_RX,UEP_RX_SEQ,0x002,8,1,,,,#,reference,evt(ch32h417.h)
CH32H417,USBSS_EP_RX,UEP_RX_ST,0x003,8,1,,,,#,reference,evt(ch32h417.h)
CH32H417,USBSS_EP_RX,UEP_RX_CHAIN_CR,0x004,8,1,,,,#,reference,evt(ch32h417.h)
CH32H417,USBSS_EP_RX,UEP_RX_CHAIN_ST,0x005,8,1,,,,#,reference,evt(ch32h417.h)
CH32H417,USBSS_EP_RX,UEP_RX_CHAIN_LEN,0x006,16,1,,,,#,reference,evt(ch32h417.h)
CH32H417,USBSS_EP_RX,UEP_RX_CHAIN_MAX_NUMP,0x008,8,1,,,,#,reference,evt(ch32h417.h)
CH32H417,USBSS_EP_RX,UEP_RX_CHAIN_NUMP,0x009,8,1,,,,#,reference,evt(ch32h417.h)
CH32H417,USBSS_EP_RX,UEP_RX_DMA_OFS,0x00a,16,1,,,,#,reference,evt(ch32h417.h)
CH32H417,USBSS_EP_RX,UEP_RX_DMA,0x00c,32,1,,,,#,reference,evt(ch32h417.h)
CH32H417,USBSS_EP_TX,UEP_TX_CFG,0x000,8,1,,,,#,reference,evt(ch32h417.h)
CH32H417,USBSS_EP_TX,UEP_TX_CR,0x001,8,1,,,,#,reference,evt(ch32h417.h)
CH32H417,USBSS_EP_TX,UEP_TX_SEQ,0x002,8,1,,,,#,reference,evt(ch32h417.h)
CH32H417,USBSS_EP_TX,UEP_TX_ST,0x003,8,1,,,,#,reference,evt(ch32h417.h)
CH32H417,USBSS_EP_TX,UEP_TX_CHAIN_CR,0x004,8,1,,,,#,reference,evt(ch32h417.h)
CH32H417,USBSS_EP_TX,UEP_TX_CHAIN_ST,0x005,8,1,,,,#,reference,evt(ch32h417.h)
CH32H417,USBSS_EP_TX,UEP_TX_CHAIN_LEN,0x006,16,1,,,,#,reference,evt(ch32h417.h)
CH32H417,USBSS_EP_TX,UEP_TX_CHAIN_EXP_NUMP,0x008,8,1,,,,#,reference,evt(ch32h417.h)
CH32H417,USBSS_EP_TX,UEP_TX_CHAIN_NUMP,0x009,8,1,,,,#,reference,evt(ch32h417.h)
CH32H417,USBSS_EP_TX,UEP_TX_DMA_OFS,0x00a,16,1,,,,#,reference,evt(ch32h417.h)
CH32H417,USBSS_EP_TX,UEP_TX_DMA,0x00c,32,1,,,,#,reference,evt(ch32h417.h)
CH32H417,WWDG,CTLR,0x000,32,1,WWDG_CTLR,0x007F,ok:1,#,confirmed,evt(ch32h417.h)+rm(CH32H417RM.PDF)+rm-address(CH32H417RM.PDF)
CH32H417,WWDG,CFGR,0x004,32,1,WWDG_CFGR,0x007F,ok:1,#,confirmed,evt(ch32h417.h)+rm(CH32H417RM.PDF)+rm-address(CH32H417RM.PDF)
CH32H417,WWDG,STATR,0x008,32,1,WWDG_STATR,0x0000,ok:1,#,confirmed,evt(ch32h417.h)+rm(CH32H417RM.PDF)+rm-address(CH32H417RM.PDF)
CH32L103,ADC,STATR,0x000,32,1,ADC_STATR,0x00000000,ok:1,#,confirmed,evt(ch32l103.h)+rm(CH32L103RM.PDF)+rm-address(CH32L103RM.PDF)
CH32L103,ADC,CTLR1,0x004,32,1,ADC_CTLR1,0x00000000,ok:1,#,confirmed,evt(ch32l103.h)+rm(CH32L103RM.PDF)+rm-address(CH32L103RM.PDF)
CH32L103,ADC,CTLR2,0x008,32,1,ADC_CTLR2,0x00000000,ok:1,#,confirmed,evt(ch32l103.h)+rm(CH32L103RM.PDF)+rm-address(CH32L103RM.PDF)
CH32L103,ADC,SAMPTR1,0x00c,32,1,ADC_SAMPTR1,0x00000000,ok:1,#,confirmed,evt(ch32l103.h)+rm(CH32L103RM.PDF)+rm-address(CH32L103RM.PDF)
CH32L103,ADC,SAMPTR2,0x010,32,1,ADC_SAMPTR2,0x00000000,ok:1,#,confirmed,evt(ch32l103.h)+rm(CH32L103RM.PDF)+rm-address(CH32L103RM.PDF)
CH32L103,ADC,IOFR1,0x014,32,1,,0x00000000,ok:1,#,confirmed,evt(ch32l103.h)+rm-address(CH32L103RM.PDF)
CH32L103,ADC,IOFR2,0x018,32,1,,0x00000000,ok:1,#,confirmed,evt(ch32l103.h)+rm-address(CH32L103RM.PDF)
CH32L103,ADC,IOFR3,0x01c,32,1,,0x00000000,ok:1,#,confirmed,evt(ch32l103.h)+rm-address(CH32L103RM.PDF)
CH32L103,ADC,IOFR4,0x020,32,1,,0x00000000,ok:1,#,confirmed,evt(ch32l103.h)+rm-address(CH32L103RM.PDF)
CH32L103,ADC,WDHTR,0x024,32,1,ADC_WDHTR,0x00000FFF,ok:1,#,confirmed,evt(ch32l103.h)+rm(CH32L103RM.PDF)+rm-address(CH32L103RM.PDF)
CH32L103,ADC,WDLTR,0x028,32,1,ADC_WDLTR,0x00000000,ok:1,#,confirmed,evt(ch32l103.h)+rm(CH32L103RM.PDF)+rm-address(CH32L103RM.PDF)
CH32L103,ADC,RSQR1,0x02c,32,1,ADC_RSQR1,0x00000000,ok:1,#,confirmed,evt(ch32l103.h)+rm(CH32L103RM.PDF)+rm-address(CH32L103RM.PDF)
CH32L103,ADC,RSQR2,0x030,32,1,ADC_RSQR2,0x00000000,ok:1,#,confirmed,evt(ch32l103.h)+rm(CH32L103RM.PDF)+rm-address(CH32L103RM.PDF)
CH32L103,ADC,RSQR3,0x034,32,1,ADC_RSQR3,0x00000000,ok:1,#,confirmed,evt(ch32l103.h)+rm(CH32L103RM.PDF)+rm-address(CH32L103RM.PDF)
CH32L103,ADC,ISQR,0x038,32,1,ADC_ISQR,0x00000000,ok:1,#,confirmed,evt(ch32l103.h)+rm(CH32L103RM.PDF)+rm-address(CH32L103RM.PDF)
CH32L103,ADC,IDATAR1,0x03c,32,1,,0x00000000,ok:1,#,confirmed,evt(ch32l103.h)+rm-address(CH32L103RM.PDF)
CH32L103,ADC,IDATAR2,0x040,32,1,,0x00000000,ok:1,#,confirmed,evt(ch32l103.h)+rm-address(CH32L103RM.PDF)
CH32L103,ADC,IDATAR3,0x044,32,1,,0x00000000,ok:1,#,confirmed,evt(ch32l103.h)+rm-address(CH32L103RM.PDF)
CH32L103,ADC,IDATAR4,0x048,32,1,,0x00000000,ok:1,#,confirmed,evt(ch32l103.h)+rm-address(CH32L103RM.PDF)
CH32L103,ADC,RDATAR,0x04c,32,1,ADC_RDATAR,0x00000000,ok:1,#,confirmed,evt(ch32l103.h)+rm(CH32L103RM.PDF)+rm-address(CH32L103RM.PDF)
CH32L103,ADC,CFG,0x050,32,1,ADC_CFG,0x00000000,ok:1,#,confirmed,evt(ch32l103.h)+rm(CH32L103RM.PDF)+rm-address(CH32L103RM.PDF)
CH32L103,AFIO,ECR,0x000,32,1,AFIO_ECR,0x00000000,ok:1,#,confirmed,evt(ch32l103.h)+rm(CH32L103RM.PDF)+rm-address(CH32L103RM.PDF)
CH32L103,AFIO,PCFR1,0x004,32,1,AFIO_PCFR1,0x00000000,ok:1,#,confirmed,evt(ch32l103.h)+rm(CH32L103RM.PDF)+rm-address(CH32L103RM.PDF)
CH32L103,AFIO,EXTICR,0x008,32,4,,0x00000000,ok:4,#,confirmed,evt(ch32l103.h)+rm-address(CH32L103RM.PDF)
CH32L103,AFIO,CR,0x018,32,1,AFIO_CR,0x00000000,ok:1,#,confirmed,evt(ch32l103.h)+rm(CH32L103RM.PDF)+rm-address(CH32L103RM.PDF)
CH32L103,AFIO,PCFR2,0x01c,32,1,AFIO_PCFR2,0x00000000,ok:1,#,confirmed,evt(ch32l103.h)+rm(CH32L103RM.PDF)+rm-address(CH32L103RM.PDF)
CH32L103,BKP,DATAR1,0x004,16,1,,0x0000,ok:1,#,confirmed,evt(ch32l103.h)+rm-address(CH32L103RM.PDF)
CH32L103,BKP,DATAR2,0x008,16,1,,0x0000,ok:1,#,confirmed,evt(ch32l103.h)+rm-address(CH32L103RM.PDF)
CH32L103,BKP,DATAR3,0x00c,16,1,,0x0000,ok:1,#,confirmed,evt(ch32l103.h)+rm-address(CH32L103RM.PDF)
CH32L103,BKP,DATAR4,0x010,16,1,,0x0000,ok:1,#,confirmed,evt(ch32l103.h)+rm-address(CH32L103RM.PDF)
CH32L103,BKP,DATAR5,0x014,16,1,,0x0000,ok:1,#,confirmed,evt(ch32l103.h)+rm-address(CH32L103RM.PDF)
CH32L103,BKP,DATAR6,0x018,16,1,,0x0000,ok:1,#,confirmed,evt(ch32l103.h)+rm-address(CH32L103RM.PDF)
CH32L103,BKP,DATAR7,0x01c,16,1,,0x0000,ok:1,#,confirmed,evt(ch32l103.h)+rm-address(CH32L103RM.PDF)
CH32L103,BKP,DATAR8,0x020,16,1,,0x0000,ok:1,#,confirmed,evt(ch32l103.h)+rm-address(CH32L103RM.PDF)
CH32L103,BKP,DATAR9,0x024,16,1,,0x0000,ok:1,#,confirmed,evt(ch32l103.h)+rm-address(CH32L103RM.PDF)
CH32L103,BKP,DATAR10,0x028,16,1,,0x0000,ok:1,#,confirmed,evt(ch32l103.h)+rm-address(CH32L103RM.PDF)
CH32L103,BKP,OCTLR,0x02c,16,1,BKP_OCTLR,0x0000,ok:1,#,confirmed,evt(ch32l103.h)+rm(CH32L103RM.PDF)+rm-address(CH32L103RM.PDF)
CH32L103,BKP,TPCTLR,0x030,16,1,BKP_TPCTLR,0x0000,ok:1,#,confirmed,evt(ch32l103.h)+rm(CH32L103RM.PDF)+rm-address(CH32L103RM.PDF)
CH32L103,BKP,TPCSR,0x034,16,1,BKP_TPCSR,0x0000,ok:1,#,confirmed,evt(ch32l103.h)+rm(CH32L103RM.PDF)+rm-address(CH32L103RM.PDF)
CH32L103,CAN,CTLR,0x000,32,1,CAN1_CTLR,0x00010002,ok:1,#,confirmed,evt(ch32l103.h)+rm(CH32L103RM.PDF)+rm-address(CH32L103RM.PDF)
CH32L103,CAN,STATR,0x004,32,1,CAN1_STATR,0x00000x02,ok:1,#,confirmed,evt(ch32l103.h)+rm(CH32L103RM.PDF)+rm-address(CH32L103RM.PDF)
CH32L103,CAN,TSTATR,0x008,32,1,CAN1_TSTATR,0x1C000000,ok:1,#,confirmed,evt(ch32l103.h)+rm(CH32L103RM.PDF)+rm-address(CH32L103RM.PDF)
CH32L103,CAN,RFIFO0,0x00c,32,1,CAN1_RFIFO0,0x00000000,ok:1,#,confirmed,evt(ch32l103.h)+rm(CH32L103RM.PDF)+rm-address(CH32L103RM.PDF)
CH32L103,CAN,INTENR,0x014,32,1,CAN1_INTENR,0x00000000,ok:1,#,confirmed,evt(ch32l103.h)+rm(CH32L103RM.PDF)+rm-address(CH32L103RM.PDF)
CH32L103,CAN,ERRSR,0x018,32,1,CAN1_ERRSR,0x00000000,ok:1,#,confirmed,evt(ch32l103.h)+rm(CH32L103RM.PDF)+rm-address(CH32L103RM.PDF)
CH32L103,CAN,BTIMR,0x01c,32,1,CAN1_BTIMR,0x01230000,ok:1,#,confirmed,evt(ch32l103.h)+rm(CH32L103RM.PDF)+rm-address(CH32L103RM.PDF)
CH32L103,CAN,TTCTLR,0x020,32,1,CAN1_TTCTLR,0x0000FFFF,ok:1,#,confirmed,evt(ch32l103.h)+rm(CH32L103RM.PDF)+rm-address(CH32L103RM.PDF)
CH32L103,CAN,TTCNT,0x024,32,1,CAN1_TTCNT,0x00000000,ok:1,#,confirmed,evt(ch32l103.h)+rm(CH32L103RM.PDF)+rm-address(CH32L103RM.PDF)
CH32L103,CAN,TERR_CNT,0x028,32,1,CAN1_TERR_CNT,0x00000000,ok:1,#,confirmed,evt(ch32l103.h)+rm(CH32L103RM.PDF)+rm-address(CH32L103RM.PDF)
CH32L103,CAN,CANFD_CR,0x02c,32,1,,,,#,reference,evt(ch32l103.h)
CH32L103,CAN,CANFD_BTR,0x030,32,1,,,,#,reference,evt(ch32l103.h)
CH32L103,CAN,CANFD_TDCT,0x034,32,1,,,,#,reference,evt(ch32l103.h)
CH32L103,CAN,CANFD_PSR,0x038,32,1,,,,#,reference,evt(ch32l103.h)
CH32L103,CAN,CANFD_DMA_T,0x03c,32,3,,,,#,reference,evt(ch32l103.h)
CH32L103,CAN,CANFD_DMA_R,0x048,32,1,,,,#,reference,evt(ch32l103.h)
CH32L103,CAN,sTxMailBox[0].TXMIR,0x180,32,1,,X,ok:1,#,confirmed,evt(ch32l103.h)+rm-address(CH32L103RM.PDF)
CH32L103,CAN,sTxMailBox[0].TXMDTR,0x184,32,1,,X,ok:1,#,confirmed,evt(ch32l103.h)+rm-address(CH32L103RM.PDF)
CH32L103,CAN,sTxMailBox[0].TXMDLR,0x188,32,1,,X,ok:1,#,confirmed,evt(ch32l103.h)+rm-address(CH32L103RM.PDF)
CH32L103,CAN,sTxMailBox[0].TXMDHR,0x18c,32,1,,X,ok:1,#,confirmed,evt(ch32l103.h)+rm-address(CH32L103RM.PDF)
CH32L103,CAN,sTxMailBox[1].TXMIR,0x190,32,1,,X,ok:1,#,confirmed,evt(ch32l103.h)+rm-address(CH32L103RM.PDF)
CH32L103,CAN,sTxMailBox[1].TXMDTR,0x194,32,1,,X,ok:1,#,confirmed,evt(ch32l103.h)+rm-address(CH32L103RM.PDF)
CH32L103,CAN,sTxMailBox[1].TXMDLR,0x198,32,1,,X,ok:1,#,confirmed,evt(ch32l103.h)+rm-address(CH32L103RM.PDF)
CH32L103,CAN,sTxMailBox[1].TXMDHR,0x19c,32,1,,X,ok:1,#,confirmed,evt(ch32l103.h)+rm-address(CH32L103RM.PDF)
CH32L103,CAN,sTxMailBox[2].TXMIR,0x1a0,32,1,,X,ok:1,#,confirmed,evt(ch32l103.h)+rm-address(CH32L103RM.PDF)
CH32L103,CAN,sTxMailBox[2].TXMDTR,0x1a4,32,1,,X,ok:1,#,confirmed,evt(ch32l103.h)+rm-address(CH32L103RM.PDF)
CH32L103,CAN,sTxMailBox[2].TXMDLR,0x1a8,32,1,,X,ok:1,#,confirmed,evt(ch32l103.h)+rm-address(CH32L103RM.PDF)
CH32L103,CAN,sTxMailBox[2].TXMDHR,0x1ac,32,1,,X,ok:1,#,confirmed,evt(ch32l103.h)+rm-address(CH32L103RM.PDF)
CH32L103,CAN,sFIFOMailBox.RXMIR,0x1b0,32,1,,,,#,reference,evt(ch32l103.h)
CH32L103,CAN,sFIFOMailBox.RXMDTR,0x1b4,32,1,,,,#,reference,evt(ch32l103.h)
CH32L103,CAN,sFIFOMailBox.RXMDLR,0x1b8,32,1,,,,#,reference,evt(ch32l103.h)
CH32L103,CAN,sFIFOMailBox.RXMDHR,0x1bc,32,1,,,,#,reference,evt(ch32l103.h)
CH32L103,CAN_FIFOMailBox,RXMIR,0x000,32,1,,,,#,reference,evt(ch32l103.h)
CH32L103,CAN_FIFOMailBox,RXMDTR,0x004,32,1,,,,#,reference,evt(ch32l103.h)
CH32L103,CAN_FIFOMailBox,RXMDLR,0x008,32,1,,,,#,reference,evt(ch32l103.h)
CH32L103,CAN_FIFOMailBox,RXMDHR,0x00c,32,1,,,,#,reference,evt(ch32l103.h)
CH32L103,CAN_TxMailBox,TXMIR,0x000,32,1,,,,#,reference,evt(ch32l103.h)
CH32L103,CAN_TxMailBox,TXMDTR,0x004,32,1,,,,#,reference,evt(ch32l103.h)
CH32L103,CAN_TxMailBox,TXMDLR,0x008,32,1,,,,#,reference,evt(ch32l103.h)
CH32L103,CAN_TxMailBox,TXMDHR,0x00c,32,1,,,,#,reference,evt(ch32l103.h)
CH32L103,CRC,DATAR,0x000,32,1,CRC_DATAR,0xFFFFFFFF,ok:1,#,confirmed,evt(ch32l103.h)+rm(CH32L103RM.PDF)+rm-address(CH32L103RM.PDF)
CH32L103,CRC,IDATAR,0x004,8,1,CRC_IDATAR,0x00,ok:1,#,confirmed,evt(ch32l103.h)+rm(CH32L103RM.PDF)+rm-address(CH32L103RM.PDF)
CH32L103,CRC,CTLR,0x008,32,1,CRC_CTLR,0x00000000,ok:1,#,confirmed,evt(ch32l103.h)+rm(CH32L103RM.PDF)+rm-address(CH32L103RM.PDF)
CH32L103,DMA,INTFR,0x000,32,1,,0x00000000,ok:1,#,confirmed,evt(ch32l103.h)+rm-address(CH32L103RM.PDF)
CH32L103,DMA,INTFCR,0x004,32,1,,0x00000000,ok:1,#,confirmed,evt(ch32l103.h)+rm-address(CH32L103RM.PDF)
CH32L103,DMA_Channel,CFGR,0x000,32,1,,0x00000000,ok:8,#,confirmed,evt(ch32l103.h)+rm-address(CH32L103RM.PDF)
CH32L103,DMA_Channel,CNTR,0x004,32,1,,0x00000000,ok:8,#,confirmed,evt(ch32l103.h)+rm-address(CH32L103RM.PDF)
CH32L103,DMA_Channel,PADDR,0x008,32,1,,0x00000000,ok:8,#,confirmed,evt(ch32l103.h)+rm-address(CH32L103RM.PDF)
CH32L103,DMA_Channel,MADDR,0x00c,32,1,,0x00000000,ok:8,#,confirmed,evt(ch32l103.h)+rm-address(CH32L103RM.PDF)
CH32L103,EXTEN,EXTEN_CTR,0x000,32,1,,0x00002440,ok:1,#,confirmed,evt(ch32l103.h)+rm-address(CH32L103RM.PDF)
CH32L103,EXTI,INTENR,0x000,32,1,EXTI_INTENR,0x00000000,ok:1,#,confirmed,evt(ch32l103.h)+rm(CH32L103RM.PDF)+rm-address(CH32L103RM.PDF)
CH32L103,EXTI,EVENR,0x004,32,1,EXTI_EVENR,0x00000000,ok:1,#,confirmed,evt(ch32l103.h)+rm(CH32L103RM.PDF)+rm-address(CH32L103RM.PDF)
CH32L103,EXTI,RTENR,0x008,32,1,EXTI_RTENR,0x00000000,ok:1,#,confirmed,evt(ch32l103.h)+rm(CH32L103RM.PDF)+rm-address(CH32L103RM.PDF)
CH32L103,EXTI,FTENR,0x00c,32,1,EXTI_FTENR,0x00000000,ok:1,#,confirmed,evt(ch32l103.h)+rm(CH32L103RM.PDF)+rm-address(CH32L103RM.PDF)
CH32L103,EXTI,SWIEVR,0x010,32,1,EXTI_SWIEVR,0x00000000,ok:1,#,confirmed,evt(ch32l103.h)+rm(CH32L103RM.PDF)+rm-address(CH32L103RM.PDF)
CH32L103,EXTI,INTFR,0x014,32,1,EXTI_INTFR,0x0000XXXX,ok:1,#,confirmed,evt(ch32l103.h)+rm(CH32L103RM.PDF)+rm-address(CH32L103RM.PDF)
CH32L103,FLASH,ACTLR,0x000,32,1,FLASH_ACTLR,0x00000000,ok:1,#,confirmed,evt(ch32l103.h)+rm(CH32L103RM.PDF)+rm-address(CH32L103RM.PDF)
CH32L103,FLASH,KEYR,0x004,32,1,FLASH_KEYR,0xXXXXXXXX,ok:1,#,confirmed,evt(ch32l103.h)+rm(CH32L103RM.PDF)+rm-address(CH32L103RM.PDF)
CH32L103,FLASH,OBKEYR,0x008,32,1,FLASH_OBKEYR,0xXXXXXXXX,ok:1,#,confirmed,evt(ch32l103.h)+rm(CH32L103RM.PDF)+rm-address(CH32L103RM.PDF)
CH32L103,FLASH,STATR,0x00c,32,1,FLASH_STATR,0x00000000,ok:1,#,confirmed,evt(ch32l103.h)+rm(CH32L103RM.PDF)+rm-address(CH32L103RM.PDF)
CH32L103,FLASH,CTLR,0x010,32,1,FLASH_CTLR,0x00008080,ok:1,#,confirmed,evt(ch32l103.h)+rm(CH32L103RM.PDF)+rm-address(CH32L103RM.PDF)
CH32L103,FLASH,ADDR,0x014,32,1,FLASH_ADDR,0x00000000,ok:1,#,confirmed,evt(ch32l103.h)+rm(CH32L103RM.PDF)+rm-address(CH32L103RM.PDF)
CH32L103,FLASH,OBR,0x01c,32,1,FLASH_OBR,0x0XXXXXFE,ok:1,#,confirmed,evt(ch32l103.h)+rm(CH32L103RM.PDF)+rm-address(CH32L103RM.PDF)
CH32L103,FLASH,WPR,0x020,32,1,FLASH_WPR,0xXXXXXXXX,ok:1,#,confirmed,evt(ch32l103.h)+rm(CH32L103RM.PDF)+rm-address(CH32L103RM.PDF)
CH32L103,FLASH,MODEKEYR,0x024,32,1,FLASH_MODEKEYR,0xXXXXXXXX,ok:1,#,confirmed,evt(ch32l103.h)+rm(CH32L103RM.PDF)+rm-address(CH32L103RM.PDF)
CH32L103,GPIO,CFGLR,0x000,32,1,,0x44444444,ok:4,#,confirmed,evt(ch32l103.h)+rm-address(CH32L103RM.PDF)
CH32L103,GPIO,CFGHR,0x004,32,1,,0x44444444,ok:4,#,confirmed,evt(ch32l103.h)+rm-address(CH32L103RM.PDF)
CH32L103,GPIO,INDR,0x008,32,1,GPIOx_INDR,0x0000XXXX,ok:4,#,confirmed,evt(ch32l103.h)+rm(CH32L103RM.PDF)+rm-address(CH32L103RM.PDF)
CH32L103,GPIO,OUTDR,0x00c,32,1,GPIOx_OUTDR,0x00000000,ok:4,#,confirmed,evt(ch32l103.h)+rm(CH32L103RM.PDF)+rm-address(CH32L103RM.PDF)
CH32L103,GPIO,BSHR,0x010,32,1,GPIOx_BSHR,0x00000000,ok:4,#,confirmed,evt(ch32l103.h)+rm(CH32L103RM.PDF)+rm-address(CH32L103RM.PDF)
CH32L103,GPIO,BCR,0x014,32,1,GPIOx_BCR,0x00000000,ok:4,#,confirmed,evt(ch32l103.h)+rm(CH32L103RM.PDF)+rm-address(CH32L103RM.PDF)
CH32L103,GPIO,LCKR,0x018,32,1,GPIOx_LCKR,0x00000000,ok:4,#,confirmed,evt(ch32l103.h)+rm(CH32L103RM.PDF)+rm-address(CH32L103RM.PDF)
CH32L103,I2C,CTLR1,0x000,16,1,I2Cx_CTLR1,0x0000,ok:2,#,confirmed,evt(ch32l103.h)+rm(CH32L103RM.PDF)+rm-address(CH32L103RM.PDF)
CH32L103,I2C,CTLR2,0x004,16,1,I2Cx_CTLR2,0x0000,ok:2,#,confirmed,evt(ch32l103.h)+rm(CH32L103RM.PDF)+rm-address(CH32L103RM.PDF)
CH32L103,I2C,OADDR1,0x008,16,1,I2Cx_OADDR1,0x0000,ok:2,#,confirmed,evt(ch32l103.h)+rm(CH32L103RM.PDF)+rm-address(CH32L103RM.PDF)
CH32L103,I2C,OADDR2,0x00c,16,1,I2Cx_OADDR2,0x0000,ok:2,#,confirmed,evt(ch32l103.h)+rm(CH32L103RM.PDF)+rm-address(CH32L103RM.PDF)
CH32L103,I2C,DATAR,0x010,16,1,I2Cx_DATAR,0x0000,ok:2,#,confirmed,evt(ch32l103.h)+rm(CH32L103RM.PDF)+rm-address(CH32L103RM.PDF)
CH32L103,I2C,STAR1,0x014,16,1,I2Cx_STAR1,0x0000,ok:2,#,confirmed,evt(ch32l103.h)+rm(CH32L103RM.PDF)+rm-address(CH32L103RM.PDF)
CH32L103,I2C,STAR2,0x018,16,1,I2Cx_STAR2,0x0000,ok:2,#,confirmed,evt(ch32l103.h)+rm(CH32L103RM.PDF)+rm-address(CH32L103RM.PDF)
CH32L103,I2C,CKCFGR,0x01c,16,1,I2Cx_CKCFGR,0x0000,ok:2,#,confirmed,evt(ch32l103.h)+rm(CH32L103RM.PDF)+rm-address(CH32L103RM.PDF)
CH32L103,I2C,RTR,0x020,16,1,I2Cx_RTR,0x0002,ok:2,#,confirmed,evt(ch32l103.h)+rm(CH32L103RM.PDF)+rm-address(CH32L103RM.PDF)
CH32L103,IWDG,CTLR,0x000,32,1,IWDG_CTLR,0x0000,ok:1,#,confirmed,evt(ch32l103.h)+rm(CH32L103RM.PDF)+rm-address(CH32L103RM.PDF)
CH32L103,IWDG,PSCR,0x004,32,1,IWDG_PSCR,0x0000,ok:1,#,confirmed,evt(ch32l103.h)+rm(CH32L103RM.PDF)+rm-address(CH32L103RM.PDF)
CH32L103,IWDG,RLDR,0x008,32,1,IWDG_RLDR,0x0FFF,ok:1,#,confirmed,evt(ch32l103.h)+rm(CH32L103RM.PDF)+rm-address(CH32L103RM.PDF)
CH32L103,IWDG,STATR,0x00c,32,1,IWDG_STATR,0x0000,ok:1,#,confirmed,evt(ch32l103.h)+rm(CH32L103RM.PDF)+rm-address(CH32L103RM.PDF)
CH32L103,LPTIM,ISR,0x000,32,1,LPTIM_ISR,0x00000000,ok:1,#,confirmed,evt(ch32l103.h)+rm(CH32L103RM.PDF)+rm-address(CH32L103RM.PDF)
CH32L103,LPTIM,ICR,0x004,32,1,LPTIM_ICR,0x00000000,ok:1,#,confirmed,evt(ch32l103.h)+rm(CH32L103RM.PDF)+rm-address(CH32L103RM.PDF)
CH32L103,LPTIM,IER,0x008,32,1,LPTIM_IER,0x00000000,ok:1,#,confirmed,evt(ch32l103.h)+rm(CH32L103RM.PDF)+rm-address(CH32L103RM.PDF)
CH32L103,LPTIM,CFGR,0x00c,32,1,LPTIM_CFGR,0x00000000,ok:1,#,confirmed,evt(ch32l103.h)+rm(CH32L103RM.PDF)+rm-address(CH32L103RM.PDF)
CH32L103,LPTIM,CR,0x010,32,1,LPTIM_CR,0x00000000,ok:1,#,confirmed,evt(ch32l103.h)+rm(CH32L103RM.PDF)+rm-address(CH32L103RM.PDF)
CH32L103,LPTIM,CMP,0x014,16,1,LPTIM_CMP,,,#,confirmed,evt(ch32l103.h)+rm(CH32L103RM.PDF)
CH32L103,LPTIM,ARR,0x018,16,1,LPTIM_ARR,0x0001,ok:1,#,confirmed,evt(ch32l103.h)+rm(CH32L103RM.PDF)+rm-address(CH32L103RM.PDF)
CH32L103,LPTIM,CNT,0x01c,16,1,LPTIM_CNT,0x0000,ok:1,#,confirmed,evt(ch32l103.h)+rm(CH32L103RM.PDF)+rm-address(CH32L103RM.PDF)
CH32L103,OB,RDPR,0x000,16,1,,,,#,reference,evt(ch32l103.h)
CH32L103,OB,USER,0x002,16,1,,,,#,reference,evt(ch32l103.h)
CH32L103,OB,Data0,0x004,16,1,,,,#,reference,evt(ch32l103.h)
CH32L103,OB,Data1,0x006,16,1,,,,#,reference,evt(ch32l103.h)
CH32L103,OB,WRPR0,0x008,16,1,,,,#,reference,evt(ch32l103.h)
CH32L103,OB,WRPR1,0x00a,16,1,,,,#,reference,evt(ch32l103.h)
CH32L103,OB,WRPR2,0x00c,16,1,,,,#,reference,evt(ch32l103.h)
CH32L103,OB,WRPR3,0x00e,16,1,,,,#,reference,evt(ch32l103.h)
CH32L103,OPA,CFGR1,0x000,16,1,OPA_CFGR1,0x0080,ok:1,#,confirmed,evt(ch32l103.h)+rm(CH32L103RM.PDF)+rm-address(CH32L103RM.PDF)
CH32L103,OPA,CFGR2,0x002,16,1,OPA_CFGR2,0x0000,ok:1,#,confirmed,evt(ch32l103.h)+rm(CH32L103RM.PDF)+rm-address(CH32L103RM.PDF)
CH32L103,OPA,CTLR1,0x004,32,1,OPA_CTLR1,0x01D801D8,ok:1,#,confirmed,evt(ch32l103.h)+rm(CH32L103RM.PDF)+rm-address(CH32L103RM.PDF)
CH32L103,OPA,CTLR2,0x008,32,1,OPA_CTLR2,0x00000000,ok:1,#,confirmed,evt(ch32l103.h)+rm(CH32L103RM.PDF)+rm-address(CH32L103RM.PDF)
CH32L103,OPA,OPCMKEY,0x014,32,1,,,,#,reference,evt(ch32l103.h)
CH32L103,PWR,CTLR,0x000,32,1,PWR_CTLR,0x00000400,ok:1,#,confirmed,evt(ch32l103.h)+rm(CH32L103RM.PDF)+rm-address(CH32L103RM.PDF)
CH32L103,PWR,CSR,0x004,32,1,PWR_CSR,0x00000000,ok:1,#,confirmed,evt(ch32l103.h)+rm(CH32L103RM.PDF)+rm-address(CH32L103RM.PDF)
CH32L103,RCC,CTLR,0x000,32,1,RCC_CTLR,0x0000xx83,ok:1,#,confirmed,evt(ch32l103.h)+rm(CH32L103RM.PDF)+rm-address(CH32L103RM.PDF)
CH32L103,RCC,CFGR0,0x004,32,1,RCC_CFGR0,0x00000000,ok:1,#,confirmed,evt(ch32l103.h)+rm(CH32L103RM.PDF)+rm-address(CH32L103RM.PDF)
CH32L103,RCC,INTR,0x008,32,1,RCC_INTR,0x00000000,ok:1,#,confirmed,evt(ch32l103.h)+rm(CH32L103RM.PDF)+rm-address(CH32L103RM.PDF)
CH32L103,RCC,PB2PRSTR,0x00c,32,1,RCC_PB2PRSTR,0x00000000,ok:1,#,confirmed,evt(ch32l103.h)+rm(CH32L103RM.PDF)+rm-address(CH32L103RM.PDF)
CH32L103,RCC,PB1PRSTR,0x010,32,1,RCC_PB1PRSTR,0x00000000,ok:1,#,confirmed,evt(ch32l103.h)+rm(CH32L103RM.PDF)+rm-address(CH32L103RM.PDF)
CH32L103,RCC,HBPCENR,0x014,32,1,RCC_HBPCENR,0x00000014,ok:1,#,confirmed,evt(ch32l103.h)+rm(CH32L103RM.PDF)+rm-address(CH32L103RM.PDF)
CH32L103,RCC,PB2PCENR,0x018,32,1,RCC_PB2PCENR,0x00000000,ok:1,#,confirmed,evt(ch32l103.h)+rm(CH32L103RM.PDF)+rm-address(CH32L103RM.PDF)
CH32L103,RCC,PB1PCENR,0x01c,32,1,RCC_PB1PCENR,0x00000000,ok:1,#,confirmed,evt(ch32l103.h)+rm(CH32L103RM.PDF)+rm-address(CH32L103RM.PDF)
CH32L103,RCC,BDCTLR,0x020,32,1,RCC_BDCTLR,0x00000000,ok:1,#,confirmed,evt(ch32l103.h)+rm(CH32L103RM.PDF)+rm-address(CH32L103RM.PDF)
CH32L103,RCC,RSTSCKR,0x024,32,1,RCC_RSTSCKR,0x0C000000,ok:1,#,confirmed,evt(ch32l103.h)+rm(CH32L103RM.PDF)+rm-address(CH32L103RM.PDF)
CH32L103,RCC,HBRSTR,0x028,32,1,RCC_HBRSTR,0x00000000,ok:1,#,confirmed,evt(ch32l103.h)+rm(CH32L103RM.PDF)+rm-address(CH32L103RM.PDF)
CH32L103,RTC,CTLRH,0x000,16,1,RTC_CTLRH,0x0000,ok:1,#,confirmed,evt(ch32l103.h)+rm(CH32L103RM.PDF)+rm-address(CH32L103RM.PDF)
CH32L103,RTC,CTLRL,0x004,16,1,RTC_CTLRL,0x0020,ok:1,#,confirmed,evt(ch32l103.h)+rm(CH32L103RM.PDF)+rm-address(CH32L103RM.PDF)
CH32L103,RTC,PSCRH,0x008,16,1,RTC_PSCRH,0x000X,ok:1,#,confirmed,evt(ch32l103.h)+rm(CH32L103RM.PDF)+rm-address(CH32L103RM.PDF)
CH32L103,RTC,PSCRL,0x00c,16,1,RTC_PSCRL,0xXXXX,ok:1,#,confirmed,evt(ch32l103.h)+rm(CH32L103RM.PDF)+rm-address(CH32L103RM.PDF)
CH32L103,RTC,DIVH,0x010,16,1,RTC_DIVH,0x000X,ok:1,#,confirmed,evt(ch32l103.h)+rm(CH32L103RM.PDF)+rm-address(CH32L103RM.PDF)
CH32L103,RTC,DIVL,0x014,16,1,RTC_DIVL,0xXXXX,ok:1,#,confirmed,evt(ch32l103.h)+rm(CH32L103RM.PDF)+rm-address(CH32L103RM.PDF)
CH32L103,RTC,CNTH,0x018,16,1,RTC_CNTH,0xXXXX,ok:1,#,confirmed,evt(ch32l103.h)+rm(CH32L103RM.PDF)+rm-address(CH32L103RM.PDF)
CH32L103,RTC,CNTL,0x01c,16,1,RTC_CNTL,0xXXXX,ok:1,#,confirmed,evt(ch32l103.h)+rm(CH32L103RM.PDF)+rm-address(CH32L103RM.PDF)
CH32L103,RTC,ALRMH,0x020,16,1,RTC_ALRMH,0xXXXX,ok:1,#,confirmed,evt(ch32l103.h)+rm(CH32L103RM.PDF)+rm-address(CH32L103RM.PDF)
CH32L103,RTC,ALRML,0x024,16,1,RTC_ALRML,0xXXXX,ok:1,#,confirmed,evt(ch32l103.h)+rm(CH32L103RM.PDF)+rm-address(CH32L103RM.PDF)
CH32L103,SPI,CTLR1,0x000,16,1,SPIx_CTLR1,0x0000,ok:2,#,confirmed,evt(ch32l103.h)+rm(CH32L103RM.PDF)+rm-address(CH32L103RM.PDF)
CH32L103,SPI,CTLR2,0x004,16,1,SPIx_CTLR2,0x0000,ok:2,#,confirmed,evt(ch32l103.h)+rm(CH32L103RM.PDF)+rm-address(CH32L103RM.PDF)
CH32L103,SPI,STATR,0x008,16,1,SPIx_STATR,0x0002,ok:2,#,confirmed,evt(ch32l103.h)+rm(CH32L103RM.PDF)+rm-address(CH32L103RM.PDF)
CH32L103,SPI,DATAR,0x00c,16,1,SPIx_DATAR,0x0000,ok:2,#,confirmed,evt(ch32l103.h)+rm(CH32L103RM.PDF)+rm-address(CH32L103RM.PDF)
CH32L103,SPI,CRCR,0x010,16,1,SPIx_CRCR,0x0007,ok:2,#,confirmed,evt(ch32l103.h)+rm(CH32L103RM.PDF)+rm-address(CH32L103RM.PDF)
CH32L103,SPI,RCRCR,0x014,16,1,SPIx_RCRCR,0x0000,ok:2,#,confirmed,evt(ch32l103.h)+rm(CH32L103RM.PDF)+rm-address(CH32L103RM.PDF)
CH32L103,SPI,TCRCR,0x018,16,1,SPIx_TCRCR,0x0000,ok:2,#,confirmed,evt(ch32l103.h)+rm(CH32L103RM.PDF)+rm-address(CH32L103RM.PDF)
CH32L103,SPI,HSCR,0x024,16,1,SPIx_HSCR,0x0000,ok:2,#,confirmed,evt(ch32l103.h)+rm(CH32L103RM.PDF)+rm-address(CH32L103RM.PDF)
CH32L103,TIM,CTLR1,0x000,16,1,TIMx_CTLR1,0x0000,ok:4,#,confirmed,evt(ch32l103.h)+rm(CH32L103RM.PDF)+rm-address(CH32L103RM.PDF)
CH32L103,TIM,CTLR2,0x004,16,1,TIMx_CTLR2,0x0000,ok:4,#,confirmed,evt(ch32l103.h)+rm(CH32L103RM.PDF)+rm-address(CH32L103RM.PDF)
CH32L103,TIM,SMCFGR,0x008,16,1,TIMx_SMCFGR,0x0000,ok:4,#,confirmed,evt(ch32l103.h)+rm(CH32L103RM.PDF)+rm-address(CH32L103RM.PDF)
CH32L103,TIM,DMAINTENR,0x00c,16,1,TIMx_DMAINTENR,0x0000,ok:4,#,confirmed,evt(ch32l103.h)+rm(CH32L103RM.PDF)+rm-address(CH32L103RM.PDF)
CH32L103,TIM,INTFR,0x010,16,1,TIM1_INTFR,0x0000,ok:4,#,confirmed,evt(ch32l103.h)+rm(CH32L103RM.PDF)+rm-address(CH32L103RM.PDF)
CH32L103,TIM,SWEVGR,0x014,16,1,TIMx_SWEVGR,0x0000,ok:4,#,confirmed,evt(ch32l103.h)+rm(CH32L103RM.PDF)+rm-address(CH32L103RM.PDF)
CH32L103,TIM,CHCTLR1,0x018,16,1,TIMx_CHCTLR1,0x0000,ok:4,#,confirmed,evt(ch32l103.h)+rm(CH32L103RM.PDF)+rm-address(CH32L103RM.PDF)
CH32L103,TIM,CHCTLR2,0x01c,16,1,TIMx_CHCTLR2,0x0000,ok:4,#,confirmed,evt(ch32l103.h)+rm(CH32L103RM.PDF)+rm-address(CH32L103RM.PDF)
CH32L103,TIM,CCER,0x020,16,1,TIMx_CCER,0x0000,ok:4,#,confirmed,evt(ch32l103.h)+rm(CH32L103RM.PDF)+rm-address(CH32L103RM.PDF)
CH32L103,TIM,CNT,0x024,16,1,TIM1_CNT,0x0000;0x00000000,ok:4,#,confirmed,evt(ch32l103.h)+rm(CH32L103RM.PDF)+rm-address(CH32L103RM.PDF)
CH32L103,TIM,CNT_TIM4,0x024,32,1,,,,#,reference,evt(ch32l103.h)
CH32L103,TIM,PSC,0x028,16,1,TIM1_PSC,0x0000,ok:4,#,confirmed,evt(ch32l103.h)+rm(CH32L103RM.PDF)+rm-address(CH32L103RM.PDF)
CH32L103,TIM,ATRLR,0x02c,16,1,TIM1_ATRLR,0xFFFF;0xFFFFFFFF,ok:4,#,confirmed,evt(ch32l103.h)+rm(CH32L103RM.PDF)+rm-address(CH32L103RM.PDF)
CH32L103,TIM,ATRLR_TIM4,0x02c,32,1,,,,#,reference,evt(ch32l103.h)
CH32L103,TIM,RPTCR,0x030,16,1,TIM1_RPTCR,0x0000,ok:1,#,confirmed,evt(ch32l103.h)+rm(CH32L103RM.PDF)+rm-address(CH32L103RM.PDF)
CH32L103,TIM,CH1CVR,0x034,32,1,TIMx_CH1CVR,0x00000000;0x000000000,ok:4,#,confirmed,evt(ch32l103.h)+rm(CH32L103RM.PDF)+rm-address(CH32L103RM.PDF)
CH32L103,TIM,CH1CVR_TIM4,0x034,32,1,,,,#,reference,evt(ch32l103.h)
CH32L103,TIM,CH2CVR,0x038,32,1,TIMx_CH2CVR,0x00000000,ok:4,#,confirmed,evt(ch32l103.h)+rm(CH32L103RM.PDF)+rm-address(CH32L103RM.PDF)
CH32L103,TIM,CH2CVR_TIM4,0x038,32,1,,,,#,reference,evt(ch32l103.h)
CH32L103,TIM,CH3CVR,0x03c,32,1,TIMx_CH3CVR,0x00000000,ok:4,#,confirmed,evt(ch32l103.h)+rm(CH32L103RM.PDF)+rm-address(CH32L103RM.PDF)
CH32L103,TIM,CH3CVR_TIM4,0x03c,32,1,,,,#,reference,evt(ch32l103.h)
CH32L103,TIM,CH4CVR,0x040,32,1,TIMx_CH4CVR,0x00000000,ok:4,#,confirmed,evt(ch32l103.h)+rm(CH32L103RM.PDF)+rm-address(CH32L103RM.PDF)
CH32L103,TIM,CH4CVR_TIM4,0x040,32,1,,,,#,reference,evt(ch32l103.h)
CH32L103,TIM,BDTR,0x044,16,1,TIM1_BDTR,0x0000,ok:1,#,confirmed,evt(ch32l103.h)+rm(CH32L103RM.PDF)+rm-address(CH32L103RM.PDF)
CH32L103,TIM,DMACFGR,0x048,16,1,TIM1_DMACFGR,0x0000,ok:4,#,confirmed,evt(ch32l103.h)+rm(CH32L103RM.PDF)+rm-address(CH32L103RM.PDF)
CH32L103,TIM,DMAADR,0x04c,32,1,TIM1_DMAADR,0x00000000,ok:4,#,confirmed,evt(ch32l103.h)+rm(CH32L103RM.PDF)+rm-address(CH32L103RM.PDF)
CH32L103,USART,STATR,0x000,16,1,USARTx_STATR,0x000000C0,ok:4,#,confirmed,evt(ch32l103.h)+rm(CH32L103RM.PDF)+rm-address(CH32L103RM.PDF)
CH32L103,USART,DATAR,0x004,16,1,USARTx_DATAR,0x000000XX,ok:4,#,confirmed,evt(ch32l103.h)+rm(CH32L103RM.PDF)+rm-address(CH32L103RM.PDF)
CH32L103,USART,BRR,0x008,16,1,USARTx_BRR,0x00000000,ok:4,#,confirmed,evt(ch32l103.h)+rm(CH32L103RM.PDF)+rm-address(CH32L103RM.PDF)
CH32L103,USART,CTLR1,0x00c,16,1,USARTx_CTLR1,0x00000000,ok:4,#,confirmed,evt(ch32l103.h)+rm(CH32L103RM.PDF)+rm-address(CH32L103RM.PDF)
CH32L103,USART,CTLR2,0x010,16,1,USARTx_CTLR2,0x00000000,ok:4,#,confirmed,evt(ch32l103.h)+rm(CH32L103RM.PDF)+rm-address(CH32L103RM.PDF)
CH32L103,USART,CTLR3,0x014,16,1,USARTx_CTLR3,0x00000000,ok:4,#,confirmed,evt(ch32l103.h)+rm(CH32L103RM.PDF)+rm-address(CH32L103RM.PDF)
CH32L103,USART,GPR,0x018,16,1,USARTx_GPR,0x00000000,ok:4,#,confirmed,evt(ch32l103.h)+rm(CH32L103RM.PDF)+rm-address(CH32L103RM.PDF)
CH32L103,USBFSD,BASE_CTRL,0x000,8,1,,,,#,reference,evt(ch32l103.h)
CH32L103,USBFSD,UDEV_CTRL,0x001,8,1,,,,#,reference,evt(ch32l103.h)
CH32L103,USBFSD,INT_EN,0x002,8,1,,,,#,reference,evt(ch32l103.h)
CH32L103,USBFSD,DEV_ADDR,0x003,8,1,,,,#,reference,evt(ch32l103.h)
CH32L103,USBFSD,Reserve0,0x004,8,1,,,,#,reference,evt(ch32l103.h)
CH32L103,USBFSD,MIS_ST,0x005,8,1,,,,#,reference,evt(ch32l103.h)
CH32L103,USBFSD,INT_FG,0x006,8,1,,,,#,reference,evt(ch32l103.h)
CH32L103,USBFSD,INT_ST,0x007,8,1,,,,#,reference,evt(ch32l103.h)
CH32L103,USBFSD,RX_LEN,0x008,32,1,,,,#,reference,evt(ch32l103.h)
CH32L103,USBFSD,UEP4_1_MOD,0x00c,8,1,,,,#,reference,evt(ch32l103.h)
CH32L103,USBFSD,UEP2_3_MOD,0x00d,8,1,,,,#,reference,evt(ch32l103.h)
CH32L103,USBFSD,UEP5_6_MOD,0x00e,8,1,,,,#,reference,evt(ch32l103.h)
CH32L103,USBFSD,UEP7_MOD,0x00f,8,1,,,,#,reference,evt(ch32l103.h)
CH32L103,USBFSD,UEP0_DMA,0x010,32,1,,,,#,reference,evt(ch32l103.h)
CH32L103,USBFSD,UEP1_DMA,0x014,32,1,,,,#,reference,evt(ch32l103.h)
CH32L103,USBFSD,UEP2_DMA,0x018,32,1,,,,#,reference,evt(ch32l103.h)
CH32L103,USBFSD,UEP3_DMA,0x01c,32,1,,,,#,reference,evt(ch32l103.h)
CH32L103,USBFSD,UEP4_DMA,0x020,32,1,,,,#,reference,evt(ch32l103.h)
CH32L103,USBFSD,UEP5_DMA,0x024,32,1,,,,#,reference,evt(ch32l103.h)
CH32L103,USBFSD,UEP6_DMA,0x028,32,1,,,,#,reference,evt(ch32l103.h)
CH32L103,USBFSD,UEP7_DMA,0x02c,32,1,,,,#,reference,evt(ch32l103.h)
CH32L103,USBFSD,UEP0_TX_LEN,0x030,16,1,,,,#,reference,evt(ch32l103.h)
CH32L103,USBFSD,UEP0_CTRL,0x032,16,1,,,,#,reference,evt(ch32l103.h)
CH32L103,USBFSD,UEP0_TX_CTRL,0x034,8,1,,,,#,reference,evt(ch32l103.h)
CH32L103,USBFSD,UEP0_RX_CTRL,0x035,8,1,,,,#,reference,evt(ch32l103.h)
CH32L103,USBFSD,UEP1_TX_LEN,0x036,16,1,,,,#,reference,evt(ch32l103.h)
CH32L103,USBFSD,UEP1_CTRL,0x038,16,1,,,,#,reference,evt(ch32l103.h)
CH32L103,USBFSD,UEP1_TX_CTRL,0x03a,8,1,,,,#,reference,evt(ch32l103.h)
CH32L103,USBFSD,UEP1_RX_CTRL,0x03b,8,1,,,,#,reference,evt(ch32l103.h)
CH32L103,USBFSD,UEP2_TX_LEN,0x03c,16,1,,,,#,reference,evt(ch32l103.h)
CH32L103,USBFSD,UEP2_CTRL,0x03e,16,1,,,,#,reference,evt(ch32l103.h)
CH32L103,USBFSD,UEP2_TX_CTRL,0x040,8,1,,,,#,reference,evt(ch32l103.h)
CH32L103,USBFSD,UEP2_RX_CTRL,0x041,8,1,,,,#,reference,evt(ch32l103.h)
CH32L103,USBFSD,UEP3_TX_LEN,0x042,16,1,,,,#,reference,evt(ch32l103.h)
CH32L103,USBFSD,UEP3_CTRL,0x044,16,1,,,,#,reference,evt(ch32l103.h)
CH32L103,USBFSD,UEP3_TX_CTRL,0x046,8,1,,,,#,reference,evt(ch32l103.h)
CH32L103,USBFSD,UEP3_RX_CTRL,0x047,8,1,,,,#,reference,evt(ch32l103.h)
CH32L103,USBFSD,UEP4_TX_LEN,0x048,16,1,,,,#,reference,evt(ch32l103.h)
CH32L103,USBFSD,UEP4_CTRL,0x04a,16,1,,,,#,reference,evt(ch32l103.h)
CH32L103,USBFSD,UEP4_TX_CTRL,0x04c,8,1,,,,#,reference,evt(ch32l103.h)
CH32L103,USBFSD,UEP4_RX_CTRL,0x04d,8,1,,,,#,reference,evt(ch32l103.h)
CH32L103,USBFSD,UEP5_TX_LEN,0x04e,16,1,,,,#,reference,evt(ch32l103.h)
CH32L103,USBFSD,UEP5_CTRL,0x050,16,1,,,,#,reference,evt(ch32l103.h)
CH32L103,USBFSD,UEP5_TX_CTRL,0x052,8,1,,,,#,reference,evt(ch32l103.h)
CH32L103,USBFSD,UEP5_RX_CTRL,0x053,8,1,,,,#,reference,evt(ch32l103.h)
CH32L103,USBFSD,UEP6_TX_LEN,0x054,16,1,,,,#,reference,evt(ch32l103.h)
CH32L103,USBFSD,UEP6_CTRL,0x056,16,1,,,,#,reference,evt(ch32l103.h)
CH32L103,USBFSD,UEP6_TX_CTRL,0x058,8,1,,,,#,reference,evt(ch32l103.h)
CH32L103,USBFSD,UEP6_RX_CTRL,0x059,8,1,,,,#,reference,evt(ch32l103.h)
CH32L103,USBFSD,UEP7_TX_LEN,0x05a,16,1,,,,#,reference,evt(ch32l103.h)
CH32L103,USBFSD,UEP7_CTRL,0x05c,16,1,,,,#,reference,evt(ch32l103.h)
CH32L103,USBFSD,UEP7_TX_CTRL,0x05e,8,1,,,,#,reference,evt(ch32l103.h)
CH32L103,USBFSD,UEP7_RX_CTRL,0x05f,8,1,,,,#,reference,evt(ch32l103.h)
CH32L103,USBFSD,Reserve1,0x060,32,1,,,,#,reference,evt(ch32l103.h)
CH32L103,USBFSD,OTG_CR,0x064,32,1,,,,#,reference,evt(ch32l103.h)
CH32L103,USBFSD,OTG_SR,0x068,32,1,,,,#,reference,evt(ch32l103.h)
CH32L103,USBFSH,BASE_CTRL,0x000,8,1,,,,#,reference,evt(ch32l103.h)
CH32L103,USBFSH,HOST_CTRL,0x001,8,1,,,,#,reference,evt(ch32l103.h)
CH32L103,USBFSH,INT_EN,0x002,8,1,,,,#,reference,evt(ch32l103.h)
CH32L103,USBFSH,DEV_ADDR,0x003,8,1,,,,#,reference,evt(ch32l103.h)
CH32L103,USBFSH,Reserve0,0x004,8,1,,,,#,reference,evt(ch32l103.h)
CH32L103,USBFSH,MIS_ST,0x005,8,1,,,,#,reference,evt(ch32l103.h)
CH32L103,USBFSH,INT_FG,0x006,8,1,,,,#,reference,evt(ch32l103.h)
CH32L103,USBFSH,INT_ST,0x007,8,1,,,,#,reference,evt(ch32l103.h)
CH32L103,USBFSH,RX_LEN,0x008,16,1,,,,#,reference,evt(ch32l103.h)
CH32L103,USBFSH,Reserve1,0x00a,16,1,,,,#,reference,evt(ch32l103.h)
CH32L103,USBFSH,Reserve2,0x00c,8,1,,,,#,reference,evt(ch32l103.h)
CH32L103,USBFSH,HOST_EP_MOD,0x00d,8,1,,,,#,reference,evt(ch32l103.h)
CH32L103,USBFSH,Reserve3,0x00e,16,1,,,,#,reference,evt(ch32l103.h)
CH32L103,USBFSH,Reserve4,0x010,32,1,,,,#,reference,evt(ch32l103.h)
CH32L103,USBFSH,Reserve5,0x014,32,1,,,,#,reference,evt(ch32l103.h)
CH32L103,USBFSH,HOST_RX_DMA,0x018,32,1,,,,#,reference,evt(ch32l103.h)
CH32L103,USBFSH,HOST_TX_DMA,0x01c,32,1,,,,#,reference,evt(ch32l103.h)
CH32L103,USBFSH,Reserve6,0x020,32,1,,,,#,reference,evt(ch32l103.h)
CH32L103,USBFSH,Reserve7,0x024,32,1,,,,#,reference,evt(ch32l103.h)
CH32L103,USBFSH,Reserve8,0x028,32,1,,,,#,reference,evt(ch32l103.h)
CH32L103,USBFSH,Reserve9,0x02c,32,1,,,,#,reference,evt(ch32l103.h)
CH32L103,USBFSH,Reserve10,0x030,32,1,,,,#,reference,evt(ch32l103.h)
CH32L103,USBFSH,Reserve11,0x034,16,1,,,,#,reference,evt(ch32l103.h)
CH32L103,USBFSH,HOST_SETUP,0x036,16,1,,,,#,reference,evt(ch32l103.h)
CH32L103,USBFSH,HOST_EP_PID,0x038,8,1,,,,#,reference,evt(ch32l103.h)
CH32L103,USBFSH,Reserve12,0x039,8,1,,,,#,reference,evt(ch32l103.h)
CH32L103,USBFSH,Reserve13,0x03a,8,1,,,,#,reference,evt(ch32l103.h)
CH32L103,USBFSH,HOST_RX_CTRL,0x03b,8,1,,,,#,reference,evt(ch32l103.h)
CH32L103,USBFSH,HOST_TX_LEN,0x03c,16,1,,,,#,reference,evt(ch32l103.h)
CH32L103,USBFSH,HOST_TX_CTRL,0x03e,8,1,,,,#,reference,evt(ch32l103.h)
CH32L103,USBFSH,Reserve14,0x03f,8,1,,,,#,reference,evt(ch32l103.h)
CH32L103,USBFSH,Reserve15,0x040,32,1,,,,#,reference,evt(ch32l103.h)
CH32L103,USBFSH,Reserve16,0x044,32,1,,,,#,reference,evt(ch32l103.h)
CH32L103,USBFSH,Reserve17,0x048,32,1,,,,#,reference,evt(ch32l103.h)
CH32L103,USBFSH,Reserve18,0x04c,32,1,,,,#,reference,evt(ch32l103.h)
CH32L103,USBFSH,Reserve19,0x050,32,1,,,,#,reference,evt(ch32l103.h)
CH32L103,USBFSH,OTG_CR,0x054,32,1,,,,#,reference,evt(ch32l103.h)
CH32L103,USBFSH,OTG_SR,0x058,32,1,,,,#,reference,evt(ch32l103.h)
CH32L103,USBPD,CONFIG,0x000,16,1,,0x00000X02,ok:1,#,confirmed,evt(ch32l103.h)+rm-address(CH32L103RM.PDF)
CH32L103,USBPD,USBPD_CONFIG,0x000,32,1,,,,#,reference,evt(ch32l103.h)
CH32L103,USBPD,BMC_CLK_CNT,0x002,16,1,,,,#,reference,evt(ch32l103.h)
CH32L103,USBPD,CONTROL,0x004,8,1,,0x00000000,ok:1,#,confirmed,evt(ch32l103.h)+rm-address(CH32L103RM.PDF)
CH32L103,USBPD,R16_CONTROL,0x004,16,1,,,,#,reference,evt(ch32l103.h)
CH32L103,USBPD,USBPD_CONTROL,0x004,32,1,,,,#,reference,evt(ch32l103.h)
CH32L103,USBPD,TX_SEL,0x005,8,1,,,,#,reference,evt(ch32l103.h)
CH32L103,USBPD,BMC_TX_SZ,0x006,16,1,,,,#,reference,evt(ch32l103.h)
CH32L103,USBPD,DATA_BUF,0x008,8,1,,,,#,reference,evt(ch32l103.h)
CH32L103,USBPD,R16_STATUS,0x008,16,1,,,,#,reference,evt(ch32l103.h)
CH32L103,USBPD,USBPD_STATUS,0x008,32,1,,0x000000XX,ok:1,#,confirmed,evt(ch32l103.h)+rm-address(CH32L103RM.PDF)
CH32L103,USBPD,STATUS,0x009,8,1,,,,#,reference,evt(ch32l103.h)
CH32L103,USBPD,BMC_BYTE_CNT,0x00a,16,1,,,,#,reference,evt(ch32l103.h)
CH32L103,USBPD,PORT_CC1,0x00c,16,1,,,,#,reference,evt(ch32l103.h)
CH32L103,USBPD,USBPD_PORT,0x00c,32,1,,0x00030003,ok:1,#,confirmed,evt(ch32l103.h)+rm-address(CH32L103RM.PDF)
CH32L103,USBPD,PORT_CC2,0x00e,16,1,,,,#,reference,evt(ch32l103.h)
CH32L103,USBPD,DMA,0x010,16,1,,0x0000XXXX,ok:1,#,confirmed,evt(ch32l103.h)+rm-address(CH32L103RM.PDF)
CH32L103,USBPD,USBPD_DMA,0x010,32,1,,,,#,reference,evt(ch32l103.h)
CH32L103,WWDG,CTLR,0x000,32,1,WWDG_CTLR,0x007F,ok:1,#,confirmed,evt(ch32l103.h)+rm(CH32L103RM.PDF)+rm-address(CH32L103RM.PDF)
CH32L103,WWDG,CFGR,0x004,32,1,WWDG_CFGR,0x007F,ok:1,#,confirmed,evt(ch32l103.h)+rm(CH32L103RM.PDF)+rm-address(CH32L103RM.PDF)
CH32L103,WWDG,STATR,0x008,32,1,WWDG_STATR,0x0000,ok:1,#,confirmed,evt(ch32l103.h)+rm(CH32L103RM.PDF)+rm-address(CH32L103RM.PDF)
CH32M030,ADC,STATR,0x000,32,1,ADC_STATR,0x00000000,ok:1,#,confirmed,evt(ch32m030.h)+rm(CH32M030RM.PDF)+rm-address(CH32M030RM.PDF)
CH32M030,ADC,CTLR1,0x004,32,1,ADC_CTLR1,0x00000000,ok:1,#,confirmed,evt(ch32m030.h)+rm(CH32M030RM.PDF)+rm-address(CH32M030RM.PDF)
CH32M030,ADC,CTLR2,0x008,32,1,ADC_CTLR2,0x00000000,ok:1,#,confirmed,evt(ch32m030.h)+rm(CH32M030RM.PDF)+rm-address(CH32M030RM.PDF)
CH32M030,ADC,SAMPTR1,0x00c,32,1,ADC_SAMPTR1,0x00000000,ok:1,#,confirmed,evt(ch32m030.h)+rm(CH32M030RM.PDF)+rm-address(CH32M030RM.PDF)
CH32M030,ADC,SAMPTR2,0x010,32,1,ADC_SAMPTR2,0x00000000,ok:1,#,confirmed,evt(ch32m030.h)+rm(CH32M030RM.PDF)+rm-address(CH32M030RM.PDF)
CH32M030,ADC,IOFR1,0x014,32,1,,0x00000000,ok:1,#,confirmed,evt(ch32m030.h)+rm-address(CH32M030RM.PDF)
CH32M030,ADC,IOFR2,0x018,32,1,,0x00000000,ok:1,#,confirmed,evt(ch32m030.h)+rm-address(CH32M030RM.PDF)
CH32M030,ADC,IOFR3,0x01c,32,1,,0x00000000,ok:1,#,confirmed,evt(ch32m030.h)+rm-address(CH32M030RM.PDF)
CH32M030,ADC,IOFR4,0x020,32,1,,0x00000000,ok:1,#,confirmed,evt(ch32m030.h)+rm-address(CH32M030RM.PDF)
CH32M030,ADC,WDHTR,0x024,32,1,ADC_WDHTR,0x00000FFF,ok:1,#,confirmed,evt(ch32m030.h)+rm(CH32M030RM.PDF)+rm-address(CH32M030RM.PDF)
CH32M030,ADC,WDLTR,0x028,32,1,ADC_WDLTR,0x00000000,ok:1,#,confirmed,evt(ch32m030.h)+rm(CH32M030RM.PDF)+rm-address(CH32M030RM.PDF)
CH32M030,ADC,RSQR1,0x02c,32,1,ADC_RSQR1,0x00000000,ok:1,#,confirmed,evt(ch32m030.h)+rm(CH32M030RM.PDF)+rm-address(CH32M030RM.PDF)
CH32M030,ADC,RSQR2,0x030,32,1,ADC_RSQR2,0x00000000,ok:1,#,confirmed,evt(ch32m030.h)+rm(CH32M030RM.PDF)+rm-address(CH32M030RM.PDF)
CH32M030,ADC,RSQR3,0x034,32,1,ADC_RSQR3,0x00000000,ok:1,#,confirmed,evt(ch32m030.h)+rm(CH32M030RM.PDF)+rm-address(CH32M030RM.PDF)
CH32M030,ADC,ISQR,0x038,32,1,ADC_ISQR,0x00000000,ok:1,#,confirmed,evt(ch32m030.h)+rm(CH32M030RM.PDF)+rm-address(CH32M030RM.PDF)
CH32M030,ADC,IDATAR1,0x03c,32,1,,0x00000000,ok:1,#,confirmed,evt(ch32m030.h)+rm-address(CH32M030RM.PDF)
CH32M030,ADC,IDATAR2,0x040,32,1,,0x00000000,ok:1,#,confirmed,evt(ch32m030.h)+rm-address(CH32M030RM.PDF)
CH32M030,ADC,IDATAR3,0x044,32,1,,0x00000000,ok:1,#,confirmed,evt(ch32m030.h)+rm-address(CH32M030RM.PDF)
CH32M030,ADC,IDATAR4,0x048,32,1,,0x00000000,ok:1,#,confirmed,evt(ch32m030.h)+rm-address(CH32M030RM.PDF)
CH32M030,ADC,RDATAR,0x04c,32,1,ADC_RDATAR,0x00000000,ok:1,#,confirmed,evt(ch32m030.h)+rm(CH32M030RM.PDF)+rm-address(CH32M030RM.PDF)
CH32M030,ADC,CTLR3,0x050,32,1,ADC_CTLR3,0x00000000,ok:1,#,confirmed,evt(ch32m030.h)+rm(CH32M030RM.PDF)+rm-address(CH32M030RM.PDF)
CH32M030,ADC,WDTR1,0x054,32,1,ADC_WDTR1,0x0FFF0000,ok:1,#,confirmed,evt(ch32m030.h)+rm(CH32M030RM.PDF)+rm-address(CH32M030RM.PDF)
CH32M030,ADC,WDTR2,0x058,32,1,ADC_WDTR2,0x0FFF0000,ok:1,#,confirmed,evt(ch32m030.h)+rm(CH32M030RM.PDF)+rm-address(CH32M030RM.PDF)
CH32M030,ADC,AVGTR,0x05c,32,1,,,,#,reference,evt(ch32m030.h)
CH32M030,ADC,DLYR,0x060,32,1,ADC_DLYR,0x00000000,ok:1,#,confirmed,evt(ch32m030.h)+rm(CH32M030RM.PDF)+rm-address(CH32M030RM.PDF)
CH32M030,ADC,AVGDR,0x064,32,1,,,,#,reference,evt(ch32m030.h)
CH32M030,ADC,RDATAR2,0x068,32,1,,0x00000000,ok:1,#,confirmed,evt(ch32m030.h)+rm-address(CH32M030RM.PDF)
CH32M030,ADC,RDATAR3,0x06c,32,1,,0x00000000,ok:1,#,confirmed,evt(ch32m030.h)+rm-address(CH32M030RM.PDF)
CH32M030,ADC,RDATAR4,0x070,32,1,,0x00000000,ok:1,#,confirmed,evt(ch32m030.h)+rm-address(CH32M030RM.PDF)
CH32M030,AFIO,PCFR1,0x004,32,1,AFIO_PCFR1,,,#,confirmed,evt(ch32m030.h)+rm(CH32M030RM.PDF)
CH32M030,AFIO,EXTICR,0x008,32,1,,,,#,reference,evt(ch32m030.h)
CH32M030,DBGMCU,CR1,0x000,32,1,DBGMCU_CR1,,,#,confirmed,evt(ch32m030.h)+rm(CH32M030RM.PDF)
CH32M030,DBGMCU,CR2,0x004,32,1,DBGMCU_CR2,,,#,confirmed,evt(ch32m030.h)+rm(CH32M030RM.PDF)
CH32M030,DMA,INTFR,0x000,32,1,,0x00000000,ok:1,#,confirmed,evt(ch32m030.h)+rm-address(CH32M030RM.PDF)
CH32M030,DMA,INTFCR,0x004,32,1,,0x00000000,ok:1,#,confirmed,evt(ch32m030.h)+rm-address(CH32M030RM.PDF)
CH32M030,DMA_Channel,CFGR,0x000,32,1,,0x00000000,ok:7,#,confirmed,evt(ch32m030.h)+rm-address(CH32M030RM.PDF)
CH32M030,DMA_Channel,CNTR,0x004,32,1,,0x00000000,ok:7,#,confirmed,evt(ch32m030.h)+rm-address(CH32M030RM.PDF)
CH32M030,DMA_Channel,PADDR,0x008,32,1,,0x00000000,ok:7,#,confirmed,evt(ch32m030.h)+rm-address(CH32M030RM.PDF)
CH32M030,DMA_Channel,MADDR,0x00c,32,1,,0x00000000,ok:7,#,confirmed,evt(ch32m030.h)+rm-address(CH32M030RM.PDF)
CH32M030,EXTEN,EXTEN_CTLR0,0x000,32,1,,0x00A38040,ok:1,#,confirmed,evt(ch32m030.h)+rm-address(CH32M030RM.PDF)
CH32M030,EXTEN,EXTEN_KEYR,0x004,32,1,,0xXXXXXXXX,ok:1,#,confirmed,evt(ch32m030.h)+rm-address(CH32M030RM.PDF)
CH32M030,EXTEN,EXTEN_CTLR1,0x008,32,1,,0xX000X000,ok:1,#,confirmed,evt(ch32m030.h)+rm-address(CH32M030RM.PDF)
CH32M030,EXTEN,EXTEN_CTLR2,0x00c,32,1,,0x00XX00XX,ok:1,#,confirmed,evt(ch32m030.h)+rm-address(CH32M030RM.PDF)
CH32M030,EXTEN,ISINK1_CFGR,0x00c,16,1,,,,#,reference,evt(ch32m030.h)
CH32M030,EXTEN,ISINK2_CFGR,0x00e,16,1,,,,#,reference,evt(ch32m030.h)
CH32M030,EXTI,INTENR,0x000,32,1,EXTI_INTENR,0x00000000,ok:1,#,confirmed,evt(ch32m030.h)+rm(CH32M030RM.PDF)+rm-address(CH32M030RM.PDF)
CH32M030,EXTI,EVENR,0x004,32,1,EXTI_EVENR,0x00000000,ok:1,#,confirmed,evt(ch32m030.h)+rm(CH32M030RM.PDF)+rm-address(CH32M030RM.PDF)
CH32M030,EXTI,RTENR,0x008,32,1,EXTI_RTENR,0x00000000,ok:1,#,confirmed,evt(ch32m030.h)+rm(CH32M030RM.PDF)+rm-address(CH32M030RM.PDF)
CH32M030,EXTI,FTENR,0x00c,32,1,EXTI_FTENR,0x00000000,ok:1,#,confirmed,evt(ch32m030.h)+rm(CH32M030RM.PDF)+rm-address(CH32M030RM.PDF)
CH32M030,EXTI,SWIEVR,0x010,32,1,EXTI_SWIEVR,0x00000000,ok:1,#,confirmed,evt(ch32m030.h)+rm(CH32M030RM.PDF)+rm-address(CH32M030RM.PDF)
CH32M030,EXTI,INTFR,0x014,32,1,EXTI_INTFR,0x0000XXXX,ok:1,#,confirmed,evt(ch32m030.h)+rm(CH32M030RM.PDF)+rm-address(CH32M030RM.PDF)
CH32M030,FLASH,ACTLR,0x000,32,1,FLASH_ACTLR,0x00000010,ok:1,#,confirmed,evt(ch32m030.h)+rm(CH32M030RM.PDF)+rm-address(CH32M030RM.PDF)
CH32M030,FLASH,KEYR,0x004,32,1,FLASH_KEYR,0xXXXXXXXX,ok:1,#,confirmed,evt(ch32m030.h)+rm(CH32M030RM.PDF)+rm-address(CH32M030RM.PDF)
CH32M030,FLASH,OBKEYR,0x008,32,1,FLASH_OBKEYR,0xXXXXXXXX,ok:1,#,confirmed,evt(ch32m030.h)+rm(CH32M030RM.PDF)+rm-address(CH32M030RM.PDF)
CH32M030,FLASH,STATR,0x00c,32,1,FLASH_STATR,0x00008000,ok:1,#,confirmed,evt(ch32m030.h)+rm(CH32M030RM.PDF)+rm-address(CH32M030RM.PDF)
CH32M030,FLASH,CTLR,0x010,32,1,FLASH_CTLR,0x00008080,ok:1,#,confirmed,evt(ch32m030.h)+rm(CH32M030RM.PDF)+rm-address(CH32M030RM.PDF)
CH32M030,FLASH,ADDR,0x014,32,1,FLASH_ADDR,0xXXXXXXXX,ok:1,#,confirmed,evt(ch32m030.h)+rm(CH32M030RM.PDF)+rm-address(CH32M030RM.PDF)
CH32M030,FLASH,OBR,0x01c,32,1,FLASH_OBR,0x00000XXX,ok:1,#,confirmed,evt(ch32m030.h)+rm(CH32M030RM.PDF)+rm-address(CH32M030RM.PDF)
CH32M030,FLASH,WPR,0x020,32,1,FLASH_WPR,0x0000XXXX,ok:1,#,confirmed,evt(ch32m030.h)+rm(CH32M030RM.PDF)+rm-address(CH32M030RM.PDF)
CH32M030,FLASH,MODEKEYR,0x024,32,1,FLASH_MODEKEYR,0xXXXXXXXX,ok:1,#,confirmed,evt(ch32m030.h)+rm(CH32M030RM.PDF)+rm-address(CH32M030RM.PDF)
CH32M030,FLASH,CTLR2,0x02f,8,1,FLASH_CTLR2,0xXX,ok:1,#,confirmed,evt(ch32m030.h)+rm(CH32M030RM.PDF)+rm-address(CH32M030RM.PDF)
CH32M030,GPIO,CFGLR,0x000,32,1,,0x00444444;0x44444444,ok:3,#,confirmed,evt(ch32m030.h)+rm-address(CH32M030RM.PDF)
CH32M030,GPIO,CFGHR,0x004,32,1,,0x44444444,ok:2,#,confirmed,evt(ch32m030.h)+rm-address(CH32M030RM.PDF)
CH32M030,GPIO,INDR,0x008,32,1,GPIOx_INDR,0x000000XX;0x0000XXXX,ok:3,#,confirmed,evt(ch32m030.h)+rm(CH32M030RM.PDF)+rm-address(CH32M030RM.PDF)
CH32M030,GPIO,OUTDR,0x00c,32,1,GPIOx_OUTDR,0x00000000,ok:3,#,confirmed,evt(ch32m030.h)+rm(CH32M030RM.PDF)+rm-address(CH32M030RM.PDF)
CH32M030,GPIO,BSHR,0x010,32,1,GPIOx_BSHR,0x00000000,ok:3,#,confirmed,evt(ch32m030.h)+rm(CH32M030RM.PDF)+rm-address(CH32M030RM.PDF)
CH32M030,GPIO,BCR,0x014,32,1,GPIOx_BCR,0x00000000,ok:3,#,confirmed,evt(ch32m030.h)+rm(CH32M030RM.PDF)+rm-address(CH32M030RM.PDF)
CH32M030,GPIO,LCKR,0x018,32,1,GPIOx_LCKR,0x00000000,ok:3,#,confirmed,evt(ch32m030.h)+rm(CH32M030RM.PDF)+rm-address(CH32M030RM.PDF)
CH32M030,I2C,CTLR1,0x000,16,1,I2C1_CTLR1,0x0000,ok:1,#,confirmed,evt(ch32m030.h)+rm(CH32M030RM.PDF)+rm-address(CH32M030RM.PDF)
CH32M030,I2C,CTLR2,0x004,16,1,I2C1_CTLR2,0x0000,ok:1,#,confirmed,evt(ch32m030.h)+rm(CH32M030RM.PDF)+rm-address(CH32M030RM.PDF)
CH32M030,I2C,OADDR1,0x008,16,1,I2C1_OADDR1,0x0000,ok:1,#,confirmed,evt(ch32m030.h)+rm(CH32M030RM.PDF)+rm-address(CH32M030RM.PDF)
CH32M030,I2C,OADDR2,0x00c,16,1,I2C1_OADDR2,0x0000,ok:1,#,confirmed,evt(ch32m030.h)+rm(CH32M030RM.PDF)+rm-address(CH32M030RM.PDF)
CH32M030,I2C,DATAR,0x010,16,1,,0x0000,ok:1,#,confirmed,evt(ch32m030.h)+rm-address(CH32M030RM.PDF)
CH32M030,I2C,STAR1,0x014,16,1,I2C1_STAR1,0x0000,ok:1,#,confirmed,evt(ch32m030.h)+rm(CH32M030RM.PDF)+rm-address(CH32M030RM.PDF)
CH32M030,I2C,STAR2,0x018,16,1,I2C1_STAR2,0x0000,ok:1,#,confirmed,evt(ch32m030.h)+rm(CH32M030RM.PDF)+rm-address(CH32M030RM.PDF)
CH32M030,I2C,CKCFGR,0x01c,16,1,I2C1_CKCFGR,0x0000,ok:1,#,confirmed,evt(ch32m030.h)+rm(CH32M030RM.PDF)+rm-address(CH32M030RM.PDF)
CH32M030,OB,RDPR,0x000,16,1,,,,#,reference,evt(ch32m030.h)
CH32M030,OB,USER,0x002,16,1,,,,#,reference,evt(ch32m030.h)
CH32M030,OB,Data0,0x004,16,1,,,,#,reference,evt(ch32m030.h)
CH32M030,OB,Data1,0x006,16,1,,,,#,reference,evt(ch32m030.h)
CH32M030,OB,WRPR0,0x008,16,1,,,,#,reference,evt(ch32m030.h)
CH32M030,OB,WRPR1,0x00a,16,1,,,,#,reference,evt(ch32m030.h)
CH32M030,OB,WRPR2,0x00c,16,1,,,,#,reference,evt(ch32m030.h)
CH32M030,OB,WRPR3,0x00e,16,1,,,,#,reference,evt(ch32m030.h)
CH32M030,OPA,QII_CFGR,0x000,32,1,,,,#,reference,evt(ch32m030.h)
CH32M030,OPA,ISP_CTLR,0x004,32,1,,,,#,reference,evt(ch32m030.h)
CH32M030,OPA,CMP_CTLR,0x008,32,1,,,,#,reference,evt(ch32m030.h)
CH32M030,OPA,CMP3_CFGR,0x00c,32,1,,,,#,reference,evt(ch32m030.h)
CH32M030,OPA,CMP3_SW,0x010,32,1,,,,#,reference,evt(ch32m030.h)
CH32M030,OPA,CMP_STATR,0x014,32,1,,,,#,reference,evt(ch32m030.h)
CH32M030,PWR,CTLR,0x000,32,1,,0x00004000,ok:1,#,confirmed,evt(ch32m030.h)+rm-address(CH32M030RM.PDF)
CH32M030,PWR,AWUCSR,0x008,32,1,PWR_AWUCSR,0x00000000,ok:1,#,confirmed,evt(ch32m030.h)+rm(CH32M030RM.PDF)+rm-address(CH32M030RM.PDF)
CH32M030,PWR,AWUWR,0x00c,32,1,PWR_AWUWR,0x00000000,ok:1,#,confirmed,evt(ch32m030.h)+rm(CH32M030RM.PDF)+rm-address(CH32M030RM.PDF)
CH32M030,RCC,CTLR,0x000,32,1,RCC_CTLR,0x0000xx83,ok:1,#,confirmed,evt(ch32m030.h)+rm(CH32M030RM.PDF)+rm-address(CH32M030RM.PDF)
CH32M030,RCC,CFGR0,0x004,32,1,RCC_CFGR0,0x00000000,ok:1,#,confirmed,evt(ch32m030.h)+rm(CH32M030RM.PDF)+rm-address(CH32M030RM.PDF)
CH32M030,RCC,INTR,0x008,32,1,RCC_INTR,0x00000000,ok:1,#,confirmed,evt(ch32m030.h)+rm(CH32M030RM.PDF)+rm-address(CH32M030RM.PDF)
CH32M030,RCC,PB2PRSTR,0x00c,32,1,RCC_PB2PRSTR,0x00000000,ok:1,#,confirmed,evt(ch32m030.h)+rm(CH32M030RM.PDF)+rm-address(CH32M030RM.PDF)
CH32M030,RCC,PB1PRSTR,0x010,32,1,RCC_PB1PRSTR,0x00000000,ok:1,#,confirmed,evt(ch32m030.h)+rm(CH32M030RM.PDF)+rm-address(CH32M030RM.PDF)
CH32M030,RCC,HBPCENR,0x014,32,1,RCC_HBPCENR,0x00000004,ok:1,#,confirmed,evt(ch32m030.h)+rm(CH32M030RM.PDF)+rm-address(CH32M030RM.PDF)
CH32M030,RCC,PB2PCENR,0x018,32,1,RCC_PB2PCENR,0x00000000,ok:1,#,confirmed,evt(ch32m030.h)+rm(CH32M030RM.PDF)+rm-address(CH32M030RM.PDF)
CH32M030,RCC,PB1PCENR,0x01c,32,1,RCC_PB1PCENR,0x00000000,ok:1,#,confirmed,evt(ch32m030.h)+rm(CH32M030RM.PDF)+rm-address(CH32M030RM.PDF)
CH32M030,RCC,RSTSCKR,0x024,32,1,RCC_RSTSCKR,0x08000000,ok:1,#,confirmed,evt(ch32m030.h)+rm(CH32M030RM.PDF)+rm-address(CH32M030RM.PDF)
CH32M030,RCC,HBPRSTR,0x028,32,1,RCC_HBPRSTR,0x00000000,ok:1,#,confirmed,evt(ch32m030.h)+rm(CH32M030RM.PDF)+rm-address(CH32M030RM.PDF)
CH32M030,SPI,CTLR1,0x000,16,1,SPI1_CTLR1,0x0000,ok:1,#,confirmed,evt(ch32m030.h)+rm(CH32M030RM.PDF)+rm-address(CH32M030RM.PDF)
CH32M030,SPI,CTLR2,0x004,16,1,SPI1_CTLR2,0x0000,ok:1,#,confirmed,evt(ch32m030.h)+rm(CH32M030RM.PDF)+rm-address(CH32M030RM.PDF)
CH32M030,SPI,STATR,0x008,16,1,SPI1_STATR,0x0002,ok:1,#,confirmed,evt(ch32m030.h)+rm(CH32M030RM.PDF)+rm-address(CH32M030RM.PDF)
CH32M030,SPI,DATAR,0x00c,16,1,SPI1_DATAR,0x0000,ok:1,#,confirmed,evt(ch32m030.h)+rm(CH32M030RM.PDF)+rm-address(CH32M030RM.PDF)
CH32M030,SPI,CRCR,0x010,16,1,SPI1_CRCR,0x0007,ok:1,#,confirmed,evt(ch32m030.h)+rm(CH32M030RM.PDF)+rm-address(CH32M030RM.PDF)
CH32M030,SPI,RCRCR,0x014,16,1,SPI1_RCRCR,0x0000,ok:1,#,confirmed,evt(ch32m030.h)+rm(CH32M030RM.PDF)+rm-address(CH32M030RM.PDF)
CH32M030,SPI,TCRCR,0x018,16,1,SPI1_TCRCR,0x0000,ok:1,#,confirmed,evt(ch32m030.h)+rm(CH32M030RM.PDF)+rm-address(CH32M030RM.PDF)
CH32M030,SPI,HSCR,0x024,16,1,SPI1_HSCR,0x0000,ok:1,#,confirmed,evt(ch32m030.h)+rm(CH32M030RM.PDF)+rm-address(CH32M030RM.PDF)
CH32M030,TIM,CTLR1,0x000,16,1,TIM3_CTLR1,0x0000,ok:3,#,confirmed,evt(ch32m030.h)+rm(CH32M030RM.PDF)+rm-address(CH32M030RM.PDF)
CH32M030,TIM,CTLR2,0x004,16,1,TIM2_CTLR2,0x0000,ok:2,#,confirmed,evt(ch32m030.h)+rm(CH32M030RM.PDF)+rm-address(CH32M030RM.PDF)
CH32M030,TIM,SMCFGR,0x008,16,1,TIM3_SMCFGR,0x0000,ok:3,#,confirmed,evt(ch32m030.h)+rm(CH32M030RM.PDF)+rm-address(CH32M030RM.PDF)
CH32M030,TIM,DMAINTENR,0x00c,16,1,TIM3_DMAINTENR,0x0000,ok:3,#,confirmed,evt(ch32m030.h)+rm(CH32M030RM.PDF)+rm-address(CH32M030RM.PDF)
CH32M030,TIM,INTFR,0x010,16,1,TIM3_INTFR,0x0000,ok:3,#,confirmed,evt(ch32m030.h)+rm(CH32M030RM.PDF)+rm-address(CH32M030RM.PDF)
CH32M030,TIM,SWEVGR,0x014,16,1,TIM3_SWEVGR,0x0000,ok:3,#,confirmed,evt(ch32m030.h)+rm(CH32M030RM.PDF)+rm-address(CH32M030RM.PDF)
CH32M030,TIM,CHCTLR1,0x018,16,1,TIM3_CHCTLR1,0x0000,ok:3,#,confirmed,evt(ch32m030.h)+rm(CH32M030RM.PDF)+rm-address(CH32M030RM.PDF)
CH32M030,TIM,CHCTLR2,0x01c,16,1,TIM2_CHCTLR2,0x0000,ok:2,#,confirmed,evt(ch32m030.h)+rm(CH32M030RM.PDF)+rm-address(CH32M030RM.PDF)
CH32M030,TIM,CCER,0x020,16,1,TIM3_CCER,0x0000,ok:3,#,confirmed,evt(ch32m030.h)+rm(CH32M030RM.PDF)+rm-address(CH32M030RM.PDF)
CH32M030,TIM,CNT,0x024,16,1,TIM3_CNT,0x0000,ok:3,#,confirmed,evt(ch32m030.h)+rm(CH32M030RM.PDF)+rm-address(CH32M030RM.PDF)
CH32M030,TIM,PSC,0x028,16,1,TIM3_PSC,0x0000,ok:3,#,confirmed,evt(ch32m030.h)+rm(CH32M030RM.PDF)+rm-address(CH32M030RM.PDF)
CH32M030,TIM,ATRLR,0x02c,16,1,TIM3_ATRLR,0xFFFF,ok:3,#,confirmed,evt(ch32m030.h)+rm(CH32M030RM.PDF)+rm-address(CH32M030RM.PDF)
CH32M030,TIM,RPTCR,0x030,16,1,TIM1_RPTCR,0x0000,ok:1,#,confirmed,evt(ch32m030.h)+rm(CH32M030RM.PDF)+rm-address(CH32M030RM.PDF)
CH32M030,TIM,CH1CVR,0x034,32,1,TIM3_CH1CVR,0x00000000,ok:3,#,confirmed,evt(ch32m030.h)+rm(CH32M030RM.PDF)+rm-address(CH32M030RM.PDF)
CH32M030,TIM,CH2CVR,0x038,32,1,TIM3_CH2CVR,0x00000000,ok:3,#,confirmed,evt(ch32m030.h)+rm(CH32M030RM.PDF)+rm-address(CH32M030RM.PDF)
CH32M030,TIM,CH3CVR,0x03c,32,1,TIM2_CH3CVR,0x00000000,ok:2,#,confirmed,evt(ch32m030.h)+rm(CH32M030RM.PDF)+rm-address(CH32M030RM.PDF)
CH32M030,TIM,CH4CVR,0x040,32,1,TIM2_CH4CVR,0x00000000,ok:2,#,confirmed,evt(ch32m030.h)+rm(CH32M030RM.PDF)+rm-address(CH32M030RM.PDF)
CH32M030,TIM,BDTR,0x044,16,1,TIM1_BDTR,0x0000,ok:1,#,confirmed,evt(ch32m030.h)+rm(CH32M030RM.PDF)+rm-address(CH32M030RM.PDF)
CH32M030,TIM,TIM2_DTCR,0x044,16,1,,0x0000,ok:1,#,confirmed,evt(ch32m030.h)+rm-address(CH32M030RM.PDF)
CH32M030,TIM,DMACFGR,0x048,16,1,TIM2_DMACFGR,0x0000,ok:2,#,confirmed,evt(ch32m030.h)+rm(CH32M030RM.PDF)+rm-address(CH32M030RM.PDF)
CH32M030,TIM,DMAADR,0x04c,16,1,TIM2_DMAADR,0x0000,ok:2,#,confirmed,evt(ch32m030.h)+rm(CH32M030RM.PDF)+rm-address(CH32M030RM.PDF)
CH32M030,TIM,TIM1_AUX1,0x050,16,1,,0x0000,ok:1,#,confirmed,evt(ch32m030.h)+rm-address(CH32M030RM.PDF)
CH32M030,TIM,TIM1_AUX2,0x054,16,1,,0x0000,ok:1,#,confirmed,evt(ch32m030.h)+rm-address(CH32M030RM.PDF)
CH32M030,TIM,TIM1_CH5CVR,0x058,16,1,,0x0000,ok:1,#,confirmed,evt(ch32m030.h)+rm-address(CH32M030RM.PDF)
CH32M030,TIM,TIM1_CH6CVR,0x05c,16,1,,0x0000,ok:1,#,confirmed,evt(ch32m030.h)+rm-address(CH32M030RM.PDF)
CH32M030,TIM,TIM1_CH7CVR,0x060,16,1,,0x0000,ok:1,#,confirmed,evt(ch32m030.h)+rm-address(CH32M030RM.PDF)
CH32M030,TIM,TIM1_CH8CVR,0x064,16,1,,0x0000,ok:1,#,confirmed,evt(ch32m030.h)+rm-address(CH32M030RM.PDF)
CH32M030,USART,STATR,0x000,16,1,,,,#,reference,evt(ch32m030.h)
CH32M030,USART,DATAR,0x004,16,1,,,,#,reference,evt(ch32m030.h)
CH32M030,USART,BRR,0x008,16,1,,,,#,reference,evt(ch32m030.h)
CH32M030,USART,CTLR1,0x00c,16,1,,,,#,reference,evt(ch32m030.h)
CH32M030,USART,CTLR2,0x010,16,1,,,,#,reference,evt(ch32m030.h)
CH32M030,USART,CTLR3,0x014,16,1,,,,#,reference,evt(ch32m030.h)
CH32M030,USART,GPR,0x018,16,1,,,,#,reference,evt(ch32m030.h)
CH32M030,USBFSD,BASE_CTRL,0x000,8,1,,,,#,reference,evt(ch32m030.h)
CH32M030,USBFSD,UDEV_CTRL,0x001,8,1,,,,#,reference,evt(ch32m030.h)
CH32M030,USBFSD,INT_EN,0x002,8,1,,,,#,reference,evt(ch32m030.h)
CH32M030,USBFSD,DEV_ADDR,0x003,8,1,,,,#,reference,evt(ch32m030.h)
CH32M030,USBFSD,Reserve0,0x004,8,1,,,,#,reference,evt(ch32m030.h)
CH32M030,USBFSD,MIS_ST,0x005,8,1,,,,#,reference,evt(ch32m030.h)
CH32M030,USBFSD,INT_FG,0x006,8,1,,,,#,reference,evt(ch32m030.h)
CH32M030,USBFSD,INT_ST,0x007,8,1,,,,#,reference,evt(ch32m030.h)
CH32M030,USBFSD,RX_LEN,0x008,32,1,,,,#,reference,evt(ch32m030.h)
CH32M030,USBFSD,UEP4_1_MOD,0x00c,8,1,,,,#,reference,evt(ch32m030.h)
CH32M030,USBFSD,UEP2_3_MOD,0x00d,8,1,,,,#,reference,evt(ch32m030.h)
CH32M030,USBFSD,UEP5_6_MOD,0x00e,8,1,,,,#,reference,evt(ch32m030.h)
CH32M030,USBFSD,UEP7_MOD,0x00f,8,1,,,,#,reference,evt(ch32m030.h)
CH32M030,USBFSD,UEP0_DMA,0x010,32,1,,,,#,reference,evt(ch32m030.h)
CH32M030,USBFSD,UEP1_DMA,0x014,32,1,,,,#,reference,evt(ch32m030.h)
CH32M030,USBFSD,UEP2_DMA,0x018,32,1,,,,#,reference,evt(ch32m030.h)
CH32M030,USBFSD,UEP3_DMA,0x01c,32,1,,,,#,reference,evt(ch32m030.h)
CH32M030,USBFSD,UEP4_DMA,0x020,32,1,,,,#,reference,evt(ch32m030.h)
CH32M030,USBFSD,UEP5_DMA,0x024,32,1,,,,#,reference,evt(ch32m030.h)
CH32M030,USBFSD,UEP6_DMA,0x028,32,1,,,,#,reference,evt(ch32m030.h)
CH32M030,USBFSD,UEP7_DMA,0x02c,32,1,,,,#,reference,evt(ch32m030.h)
CH32M030,USBFSD,UEP0_TX_LEN,0x030,16,1,,,,#,reference,evt(ch32m030.h)
CH32M030,USBFSD,UEP0_CTRL,0x032,16,1,,,,#,reference,evt(ch32m030.h)
CH32M030,USBFSD,UEP0_TX_CTRL,0x034,8,1,,,,#,reference,evt(ch32m030.h)
CH32M030,USBFSD,UEP0_RX_CTRL,0x035,8,1,,,,#,reference,evt(ch32m030.h)
CH32M030,USBFSD,UEP1_TX_LEN,0x036,16,1,,,,#,reference,evt(ch32m030.h)
CH32M030,USBFSD,UEP1_CTRL,0x038,16,1,,,,#,reference,evt(ch32m030.h)
CH32M030,USBFSD,UEP1_TX_CTRL,0x03a,8,1,,,,#,reference,evt(ch32m030.h)
CH32M030,USBFSD,UEP1_RX_CTRL,0x03b,8,1,,,,#,reference,evt(ch32m030.h)
CH32M030,USBFSD,UEP2_TX_LEN,0x03c,16,1,,,,#,reference,evt(ch32m030.h)
CH32M030,USBFSD,UEP2_CTRL,0x03e,16,1,,,,#,reference,evt(ch32m030.h)
CH32M030,USBFSD,UEP2_TX_CTRL,0x040,8,1,,,,#,reference,evt(ch32m030.h)
CH32M030,USBFSD,UEP2_RX_CTRL,0x041,8,1,,,,#,reference,evt(ch32m030.h)
CH32M030,USBFSD,UEP3_TX_LEN,0x042,16,1,,,,#,reference,evt(ch32m030.h)
CH32M030,USBFSD,UEP3_CTRL,0x044,16,1,,,,#,reference,evt(ch32m030.h)
CH32M030,USBFSD,UEP3_TX_CTRL,0x046,8,1,,,,#,reference,evt(ch32m030.h)
CH32M030,USBFSD,UEP3_RX_CTRL,0x047,8,1,,,,#,reference,evt(ch32m030.h)
CH32M030,USBFSD,UEP4_TX_LEN,0x048,16,1,,,,#,reference,evt(ch32m030.h)
CH32M030,USBFSD,UEP4_CTRL,0x04a,16,1,,,,#,reference,evt(ch32m030.h)
CH32M030,USBFSD,UEP4_TX_CTRL,0x04c,8,1,,,,#,reference,evt(ch32m030.h)
CH32M030,USBFSD,UEP4_RX_CTRL,0x04d,8,1,,,,#,reference,evt(ch32m030.h)
CH32M030,USBFSD,UEP5_TX_LEN,0x04e,16,1,,,,#,reference,evt(ch32m030.h)
CH32M030,USBFSD,UEP5_CTRL,0x050,16,1,,,,#,reference,evt(ch32m030.h)
CH32M030,USBFSD,UEP5_TX_CTRL,0x052,8,1,,,,#,reference,evt(ch32m030.h)
CH32M030,USBFSD,UEP5_RX_CTRL,0x053,8,1,,,,#,reference,evt(ch32m030.h)
CH32M030,USBFSD,UEP6_TX_LEN,0x054,16,1,,,,#,reference,evt(ch32m030.h)
CH32M030,USBFSD,UEP6_CTRL,0x056,16,1,,,,#,reference,evt(ch32m030.h)
CH32M030,USBFSD,UEP6_TX_CTRL,0x058,8,1,,,,#,reference,evt(ch32m030.h)
CH32M030,USBFSD,UEP6_RX_CTRL,0x059,8,1,,,,#,reference,evt(ch32m030.h)
CH32M030,USBFSD,UEP7_TX_LEN,0x05a,16,1,,,,#,reference,evt(ch32m030.h)
CH32M030,USBFSD,UEP7_CTRL,0x05c,16,1,,,,#,reference,evt(ch32m030.h)
CH32M030,USBFSD,UEP7_TX_CTRL,0x05e,8,1,,,,#,reference,evt(ch32m030.h)
CH32M030,USBFSD,UEP7_RX_CTRL,0x05f,8,1,,,,#,reference,evt(ch32m030.h)
CH32M030,USBFSD,Reserve1,0x060,32,1,,,,#,reference,evt(ch32m030.h)
CH32M030,USBFSD,OTG_CR,0x064,32,1,,,,#,reference,evt(ch32m030.h)
CH32M030,USBFSD,OTG_SR,0x068,32,1,,,,#,reference,evt(ch32m030.h)
CH32M030,USBFSH,BASE_CTRL,0x000,8,1,,,,#,reference,evt(ch32m030.h)
CH32M030,USBFSH,HOST_CTRL,0x001,8,1,,,,#,reference,evt(ch32m030.h)
CH32M030,USBFSH,INT_EN,0x002,8,1,,,,#,reference,evt(ch32m030.h)
CH32M030,USBFSH,DEV_ADDR,0x003,8,1,,,,#,reference,evt(ch32m030.h)
CH32M030,USBFSH,Reserve0,0x004,8,1,,,,#,reference,evt(ch32m030.h)
CH32M030,USBFSH,MIS_ST,0x005,8,1,,,,#,reference,evt(ch32m030.h)
CH32M030,USBFSH,INT_FG,0x006,8,1,,,,#,reference,evt(ch32m030.h)
CH32M030,USBFSH,INT_ST,0x007,8,1,,,,#,reference,evt(ch32m030.h)
CH32M030,USBFSH,RX_LEN,0x008,16,1,,,,#,reference,evt(ch32m030.h)
CH32M030,USBFSH,Reserve1,0x00a,16,1,,,,#,reference,evt(ch32m030.h)
CH32M030,USBFSH,Reserve2,0x00c,8,1,,,,#,reference,evt(ch32m030.h)
CH32M030,USBFSH,HOST_EP_MOD,0x00d,8,1,,,,#,reference,evt(ch32m030.h)
CH32M030,USBFSH,Reserve3,0x00e,16,1,,,,#,reference,evt(ch32m030.h)
CH32M030,USBFSH,Reserve4,0x010,32,1,,,,#,reference,evt(ch32m030.h)
CH32M030,USBFSH,Reserve5,0x014,32,1,,,,#,reference,evt(ch32m030.h)
CH32M030,USBFSH,HOST_RX_DMA,0x018,32,1,,,,#,reference,evt(ch32m030.h)
CH32M030,USBFSH,HOST_TX_DMA,0x01c,32,1,,,,#,reference,evt(ch32m030.h)
CH32M030,USBFSH,Reserve6,0x020,32,1,,,,#,reference,evt(ch32m030.h)
CH32M030,USBFSH,Reserve7,0x024,32,1,,,,#,reference,evt(ch32m030.h)
CH32M030,USBFSH,Reserve8,0x028,32,1,,,,#,reference,evt(ch32m030.h)
CH32M030,USBFSH,Reserve9,0x02c,32,1,,,,#,reference,evt(ch32m030.h)
CH32M030,USBFSH,Reserve10,0x030,32,1,,,,#,reference,evt(ch32m030.h)
CH32M030,USBFSH,Reserve11,0x034,16,1,,,,#,reference,evt(ch32m030.h)
CH32M030,USBFSH,HOST_SETUP,0x036,16,1,,,,#,reference,evt(ch32m030.h)
CH32M030,USBFSH,HOST_EP_PID,0x038,8,1,,,,#,reference,evt(ch32m030.h)
CH32M030,USBFSH,Reserve12,0x039,8,1,,,,#,reference,evt(ch32m030.h)
CH32M030,USBFSH,Reserve13,0x03a,8,1,,,,#,reference,evt(ch32m030.h)
CH32M030,USBFSH,HOST_RX_CTRL,0x03b,8,1,,,,#,reference,evt(ch32m030.h)
CH32M030,USBFSH,HOST_TX_LEN,0x03c,16,1,,,,#,reference,evt(ch32m030.h)
CH32M030,USBFSH,HOST_TX_CTRL,0x03e,8,1,,,,#,reference,evt(ch32m030.h)
CH32M030,USBFSH,Reserve14,0x03f,8,1,,,,#,reference,evt(ch32m030.h)
CH32M030,USBFSH,Reserve15,0x040,32,1,,,,#,reference,evt(ch32m030.h)
CH32M030,USBFSH,Reserve16,0x044,32,1,,,,#,reference,evt(ch32m030.h)
CH32M030,USBFSH,Reserve17,0x048,32,1,,,,#,reference,evt(ch32m030.h)
CH32M030,USBFSH,Reserve18,0x04c,32,1,,,,#,reference,evt(ch32m030.h)
CH32M030,USBFSH,Reserve19,0x050,32,1,,,,#,reference,evt(ch32m030.h)
CH32M030,USBFSH,OTG_CR,0x054,32,1,,,,#,reference,evt(ch32m030.h)
CH32M030,USBFSH,OTG_SR,0x058,32,1,,,,#,reference,evt(ch32m030.h)
CH32M030,USBPD,CONFIG,0x000,16,1,,0x0000000X,ok:2,#,confirmed,evt(ch32m030.h)+rm-address(CH32M030RM.PDF)
CH32M030,USBPD,USBPD_CONFIG,0x000,32,1,,,,#,reference,evt(ch32m030.h)
CH32M030,USBPD,BMC_CLK_CNT,0x002,16,1,,,,#,reference,evt(ch32m030.h)
CH32M030,USBPD,CONTROL,0x004,8,1,,0x00000000,ok:2,#,confirmed,evt(ch32m030.h)+rm-address(CH32M030RM.PDF)
CH32M030,USBPD,R16_CONTROL,0x004,16,1,,,,#,reference,evt(ch32m030.h)
CH32M030,USBPD,USBPD_CONTROL,0x004,32,1,,,,#,reference,evt(ch32m030.h)
CH32M030,USBPD,TX_SEL,0x005,8,1,,,,#,reference,evt(ch32m030.h)
CH32M030,USBPD,BMC_TX_SZ,0x006,16,1,,,,#,reference,evt(ch32m030.h)
CH32M030,USBPD,DATA_BUF,0x008,8,1,,,,#,reference,evt(ch32m030.h)
CH32M030,USBPD,R16_STATUS,0x008,16,1,,,,#,reference,evt(ch32m030.h)
CH32M030,USBPD,USBPD_STATUS,0x008,32,1,,0x000000XX,ok:2,#,confirmed,evt(ch32m030.h)+rm-address(CH32M030RM.PDF)
CH32M030,USBPD,STATUS,0x009,8,1,,,,#,reference,evt(ch32m030.h)
CH32M030,USBPD,BMC_BYTE_CNT,0x00a,16,1,,,,#,reference,evt(ch32m030.h)
CH32M030,USBPD,PORT_CC1,0x00c,8,1,,,,#,reference,evt(ch32m030.h)
CH32M030,USBPD,USBPD_PORT,0x00c,32,1,,0x00030003,ok:2,#,confirmed,evt(ch32m030.h)+rm-address(CH32M030RM.PDF)
CH32M030,USBPD,PORT_CC2,0x00e,8,1,,,,#,reference,evt(ch32m030.h)
CH32M030,USBPD,DMA,0x010,16,1,,0x0000XXXX,ok:2,#,confirmed,evt(ch32m030.h)+rm-address(CH32M030RM.PDF)
CH32M030,USBPD,USBPD_DMA,0x010,32,1,,,,#,reference,evt(ch32m030.h)
CH32M030,WWDG,CTLR,0x000,32,1,WWDG_CTLR,0x007F,ok:1,#,confirmed,evt(ch32m030.h)+rm(CH32M030RM.PDF)+rm-address(CH32M030RM.PDF)
CH32M030,WWDG,CFGR,0x004,32,1,WWDG_CFGR,0x007F,ok:1,#,confirmed,evt(ch32m030.h)+rm(CH32M030RM.PDF)+rm-address(CH32M030RM.PDF)
CH32M030,WWDG,STATR,0x008,32,1,WWDG_STATR,0x0000,ok:1,#,confirmed,evt(ch32m030.h)+rm(CH32M030RM.PDF)+rm-address(CH32M030RM.PDF)
CH32V003,ADC,STATR,0x000,32,1,ADC_STATR,0x00000000,ok:1,#,confirmed,evt(ch32v00x.h)+rm(CH32V003RM.PDF)+rm-address(CH32V003RM.PDF)
CH32V003,ADC,CTLR1,0x004,32,1,ADC_CTLR1,0x02000000,ok:1,#,confirmed,evt(ch32v00x.h)+rm(CH32V003RM.PDF)+rm-address(CH32V003RM.PDF)
CH32V003,ADC,CTLR2,0x008,32,1,ADC_CTLR2,0x00000000,ok:1,#,confirmed,evt(ch32v00x.h)+rm(CH32V003RM.PDF)+rm-address(CH32V003RM.PDF)
CH32V003,ADC,SAMPTR1,0x00c,32,1,ADC_SAMPTR1,0x00000000,ok:1,#,confirmed,evt(ch32v00x.h)+rm(CH32V003RM.PDF)+rm-address(CH32V003RM.PDF)
CH32V003,ADC,SAMPTR2,0x010,32,1,ADC_SAMPTR2,0x00000000,ok:1,#,confirmed,evt(ch32v00x.h)+rm(CH32V003RM.PDF)+rm-address(CH32V003RM.PDF)
CH32V003,ADC,IOFR1,0x014,32,1,,0x00000000,ok:1,#,confirmed,evt(ch32v00x.h)+rm-address(CH32V003RM.PDF)
CH32V003,ADC,IOFR2,0x018,32,1,,0x00000000,ok:1,#,confirmed,evt(ch32v00x.h)+rm-address(CH32V003RM.PDF)
CH32V003,ADC,IOFR3,0x01c,32,1,,0x00000000,ok:1,#,confirmed,evt(ch32v00x.h)+rm-address(CH32V003RM.PDF)
CH32V003,ADC,IOFR4,0x020,32,1,,0x00000000,ok:1,#,confirmed,evt(ch32v00x.h)+rm-address(CH32V003RM.PDF)
CH32V003,ADC,WDHTR,0x024,32,1,ADC_WDHTR,0x000003FF,ok:1,#,confirmed,evt(ch32v00x.h)+rm(CH32V003RM.PDF)+rm-address(CH32V003RM.PDF)
CH32V003,ADC,WDLTR,0x028,32,1,ADC_WDLTR,0x00000000,ok:1,#,confirmed,evt(ch32v00x.h)+rm(CH32V003RM.PDF)+rm-address(CH32V003RM.PDF)
CH32V003,ADC,RSQR1,0x02c,32,1,ADC_RSQR1,0x00000000,ok:1,#,confirmed,evt(ch32v00x.h)+rm(CH32V003RM.PDF)+rm-address(CH32V003RM.PDF)
CH32V003,ADC,RSQR2,0x030,32,1,ADC_RSQR2,0x00000000,ok:1,#,confirmed,evt(ch32v00x.h)+rm(CH32V003RM.PDF)+rm-address(CH32V003RM.PDF)
CH32V003,ADC,RSQR3,0x034,32,1,ADC_RSQR3,0x00000000,ok:1,#,confirmed,evt(ch32v00x.h)+rm(CH32V003RM.PDF)+rm-address(CH32V003RM.PDF)
CH32V003,ADC,ISQR,0x038,32,1,ADC_ISQR,0x00000000,ok:1,#,confirmed,evt(ch32v00x.h)+rm(CH32V003RM.PDF)+rm-address(CH32V003RM.PDF)
CH32V003,ADC,IDATAR1,0x03c,32,1,,0x00000000,ok:1,#,confirmed,evt(ch32v00x.h)+rm-address(CH32V003RM.PDF)
CH32V003,ADC,IDATAR2,0x040,32,1,,0x00000000,ok:1,#,confirmed,evt(ch32v00x.h)+rm-address(CH32V003RM.PDF)
CH32V003,ADC,IDATAR3,0x044,32,1,,0x00000000,ok:1,#,confirmed,evt(ch32v00x.h)+rm-address(CH32V003RM.PDF)
CH32V003,ADC,IDATAR4,0x048,32,1,,0x00000000,ok:1,#,confirmed,evt(ch32v00x.h)+rm-address(CH32V003RM.PDF)
CH32V003,ADC,RDATAR,0x04c,32,1,ADC_RDATAR,0x00000000,ok:1,#,confirmed,evt(ch32v00x.h)+rm(CH32V003RM.PDF)+rm-address(CH32V003RM.PDF)
CH32V003,ADC,DLYR,0x050,32,1,ADC_DLYR,0x00000000,ok:1,#,confirmed,evt(ch32v00x.h)+rm(CH32V003RM.PDF)+rm-address(CH32V003RM.PDF)
CH32V003,AFIO,PCFR1,0x004,32,1,AFIO_PCFR1,0x00000000,ok:1,#,confirmed,evt(ch32v00x.h)+rm(CH32V003RM.PDF)+rm-address(CH32V003RM.PDF)
CH32V003,AFIO,EXTICR,0x008,32,1,,0x00000000,ok:1,#,confirmed,evt(ch32v00x.h)+rm-address(CH32V003RM.PDF)
CH32V003,DBGMCU,CFGR0,0x000,32,1,,,,#,reference,evt(ch32v00x.h)
CH32V003,DBGMCU,CFGR1,0x004,32,1,,,,#,reference,evt(ch32v00x.h)
CH32V003,DMA,INTFR,0x000,32,1,,0x00000000,ok:1,#,confirmed,evt(ch32v00x.h)+rm-address(CH32V003RM.PDF)
CH32V003,DMA,INTFCR,0x004,32,1,,0x00000000,ok:1,#,confirmed,evt(ch32v00x.h)+rm-address(CH32V003RM.PDF)
CH32V003,DMA_Channel,CFGR,0x000,32,1,,0x00000000,ok:7,#,confirmed,evt(ch32v00x.h)+rm-address(CH32V003RM.PDF)
CH32V003,DMA_Channel,CNTR,0x004,32,1,,0x00000000,ok:7,#,confirmed,evt(ch32v00x.h)+rm-address(CH32V003RM.PDF)
CH32V003,DMA_Channel,PADDR,0x008,32,1,,0x00000000,ok:7,#,confirmed,evt(ch32v00x.h)+rm-address(CH32V003RM.PDF)
CH32V003,DMA_Channel,MADDR,0x00c,32,1,,0x00000000,ok:7,#,confirmed,evt(ch32v00x.h)+rm-address(CH32V003RM.PDF)
CH32V003,EXTEN,EXTEN_CTR,0x000,32,1,,0x00000400,ok:1,#,confirmed,evt(ch32v00x.h)+rm-address(CH32V003RM.PDF)
CH32V003,EXTI,INTENR,0x000,32,1,,0x00000000,ok:1,#,confirmed,evt(ch32v00x.h)+rm-address(CH32V003RM.PDF)
CH32V003,EXTI,EVENR,0x004,32,1,EXTI_EVENR,0x00000000,ok:1,#,confirmed,evt(ch32v00x.h)+rm(CH32V003RM.PDF)+rm-address(CH32V003RM.PDF)
CH32V003,EXTI,RTENR,0x008,32,1,EXTI_RTENR,0x00000000,ok:1,#,confirmed,evt(ch32v00x.h)+rm(CH32V003RM.PDF)+rm-address(CH32V003RM.PDF)
CH32V003,EXTI,FTENR,0x00c,32,1,EXTI_FTENR,0x00000000,ok:1,#,confirmed,evt(ch32v00x.h)+rm(CH32V003RM.PDF)+rm-address(CH32V003RM.PDF)
CH32V003,EXTI,SWIEVR,0x010,32,1,EXTI_SWIEVR,0x00000000,ok:1,#,confirmed,evt(ch32v00x.h)+rm(CH32V003RM.PDF)+rm-address(CH32V003RM.PDF)
CH32V003,EXTI,INTFR,0x014,32,1,EXTI_INTFR,0x0000XXXX,ok:1,#,confirmed,evt(ch32v00x.h)+rm(CH32V003RM.PDF)+rm-address(CH32V003RM.PDF)
CH32V003,FLASH,ACTLR,0x000,32,1,FLASH_ACTLR,0x00000000,ok:1,#,confirmed,evt(ch32v00x.h)+rm(CH32V003RM.PDF)+rm-address(CH32V003RM.PDF)
CH32V003,FLASH,KEYR,0x004,32,1,FLASH_KEYR,X,ok:1,#,confirmed,evt(ch32v00x.h)+rm(CH32V003RM.PDF)+rm-address(CH32V003RM.PDF)
CH32V003,FLASH,OBKEYR,0x008,32,1,FLASH_OBKEYR,X,ok:1,#,confirmed,evt(ch32v00x.h)+rm(CH32V003RM.PDF)+rm-address(CH32V003RM.PDF)
CH32V003,FLASH,STATR,0x00c,32,1,FLASH_STATR,0x00008000,ok:1,#,confirmed,evt(ch32v00x.h)+rm(CH32V003RM.PDF)+rm-address(CH32V003RM.PDF)
CH32V003,FLASH,CTLR,0x010,32,1,FLASH_CTLR,0x00008080,ok:1,#,confirmed,evt(ch32v00x.h)+rm(CH32V003RM.PDF)+rm-address(CH32V003RM.PDF)
CH32V003,FLASH,ADDR,0x014,32,1,,X,ok:1,#,confirmed,evt(ch32v00x.h)+rm-address(CH32V003RM.PDF)
CH32V003,FLASH,OBR,0x01c,32,1,FLASH_OBR,0x0XXXXXXX,ok:1,#,confirmed,evt(ch32v00x.h)+rm(CH32V003RM.PDF)+rm-address(CH32V003RM.PDF)
CH32V003,FLASH,WPR,0x020,32,1,FLASH_WPR,0xFFFFFFF,ok:1,#,confirmed,evt(ch32v00x.h)+rm(CH32V003RM.PDF)+rm-address(CH32V003RM.PDF)
CH32V003,FLASH,MODEKEYR,0x024,32,1,FLASH_MODEKEYR,X,ok:1,#,confirmed,evt(ch32v00x.h)+rm(CH32V003RM.PDF)+rm-address(CH32V003RM.PDF)
CH32V003,FLASH,BOOT_MODEKEYR,0x028,32,1,,X,ok:1,#,confirmed,evt(ch32v00x.h)+rm-address(CH32V003RM.PDF)
CH32V003,GPIO,CFGLR,0x000,32,1,,0x44444444,ok:3,#,confirmed,evt(ch32v00x.h)+rm-address(CH32V003RM.PDF)
CH32V003,GPIO,INDR,0x008,32,1,GPIOx_INDR,0x000000XX,ok:3,#,confirmed,evt(ch32v00x.h)+rm(CH32V003RM.PDF)+rm-address(CH32V003RM.PDF)
CH32V003,GPIO,OUTDR,0x00c,32,1,GPIOx_OUTDR,0x00000000,ok:3,#,confirmed,evt(ch32v00x.h)+rm(CH32V003RM.PDF)+rm-address(CH32V003RM.PDF)
CH32V003,GPIO,BSHR,0x010,32,1,GPIOx_BSHR,0x00000000,ok:3,#,confirmed,evt(ch32v00x.h)+rm(CH32V003RM.PDF)+rm-address(CH32V003RM.PDF)
CH32V003,GPIO,BCR,0x014,32,1,GPIOx_BCR,0x00000000,ok:3,#,confirmed,evt(ch32v00x.h)+rm(CH32V003RM.PDF)+rm-address(CH32V003RM.PDF)
CH32V003,GPIO,LCKR,0x018,32,1,GPIOx_LCKR,0x00000000,ok:3,#,confirmed,evt(ch32v00x.h)+rm(CH32V003RM.PDF)+rm-address(CH32V003RM.PDF)
CH32V003,I2C,CTLR1,0x000,16,1,I2C_CTLR1,0x0000,ok:1,#,confirmed,evt(ch32v00x.h)+rm(CH32V003RM.PDF)+rm-address(CH32V003RM.PDF)
CH32V003,I2C,CTLR2,0x004,16,1,I2C_CTLR2,0x0000,ok:1,#,confirmed,evt(ch32v00x.h)+rm(CH32V003RM.PDF)+rm-address(CH32V003RM.PDF)
CH32V003,I2C,OADDR1,0x008,16,1,I2C_OADDR1,0x0000,ok:1,#,confirmed,evt(ch32v00x.h)+rm(CH32V003RM.PDF)+rm-address(CH32V003RM.PDF)
CH32V003,I2C,OADDR2,0x00c,16,1,I2C_OADDR2,0x0000,ok:1,#,confirmed,evt(ch32v00x.h)+rm(CH32V003RM.PDF)+rm-address(CH32V003RM.PDF)
CH32V003,I2C,DATAR,0x010,16,1,,0x0000,ok:1,#,confirmed,evt(ch32v00x.h)+rm-address(CH32V003RM.PDF)
CH32V003,I2C,STAR1,0x014,16,1,I2C_STAR1,0x0000,ok:1,#,confirmed,evt(ch32v00x.h)+rm(CH32V003RM.PDF)+rm-address(CH32V003RM.PDF)
CH32V003,I2C,STAR2,0x018,16,1,I2C_STAR2,0x0000,ok:1,#,confirmed,evt(ch32v00x.h)+rm(CH32V003RM.PDF)+rm-address(CH32V003RM.PDF)
CH32V003,I2C,CKCFGR,0x01c,16,1,I2C_CKCFGR,0x0000,ok:1,#,confirmed,evt(ch32v00x.h)+rm(CH32V003RM.PDF)+rm-address(CH32V003RM.PDF)
CH32V003,IWDG,CTLR,0x000,32,1,IWDG_CTLR,0x0000,ok:1,#,confirmed,evt(ch32v00x.h)+rm(CH32V003RM.PDF)+rm-address(CH32V003RM.PDF)
CH32V003,IWDG,PSCR,0x004,32,1,IWDG_PSCR,0x0000,ok:1,#,confirmed,evt(ch32v00x.h)+rm(CH32V003RM.PDF)+rm-address(CH32V003RM.PDF)
CH32V003,IWDG,RLDR,0x008,32,1,IWDG_RLDR,0x0FFF,ok:1,#,confirmed,evt(ch32v00x.h)+rm(CH32V003RM.PDF)+rm-address(CH32V003RM.PDF)
CH32V003,IWDG,STATR,0x00c,32,1,IWDG_STATR,0x0000,ok:1,#,confirmed,evt(ch32v00x.h)+rm(CH32V003RM.PDF)+rm-address(CH32V003RM.PDF)
CH32V003,OB,RDPR,0x000,16,1,,,,#,reference,evt(ch32v00x.h)
CH32V003,OB,USER,0x002,16,1,,,,#,reference,evt(ch32v00x.h)
CH32V003,OB,Data0,0x004,16,1,,,,#,reference,evt(ch32v00x.h)
CH32V003,OB,Data1,0x006,16,1,,,,#,reference,evt(ch32v00x.h)
CH32V003,OB,WRPR0,0x008,16,1,,,,#,reference,evt(ch32v00x.h)
CH32V003,OB,WRPR1,0x00a,16,1,,,,#,reference,evt(ch32v00x.h)
CH32V003,PWR,CTLR,0x000,32,1,PWR_CTLR,0x00000000,ok:1,#,confirmed,evt(ch32v00x.h)+rm(CH32V003RM.PDF)+rm-address(CH32V003RM.PDF)
CH32V003,PWR,CSR,0x004,32,1,PWR_CSR,0x00000000,ok:1,#,confirmed,evt(ch32v00x.h)+rm(CH32V003RM.PDF)+rm-address(CH32V003RM.PDF)
CH32V003,PWR,AWUCSR,0x008,32,1,PWR_AWUCSR,0x00000000,ok:1,#,confirmed,evt(ch32v00x.h)+rm(CH32V003RM.PDF)+rm-address(CH32V003RM.PDF)
CH32V003,PWR,AWUWR,0x00c,32,1,PWR_AWUWR,0x0000003f,ok:1,#,confirmed,evt(ch32v00x.h)+rm(CH32V003RM.PDF)+rm-address(CH32V003RM.PDF)
CH32V003,PWR,AWUPSC,0x010,32,1,PWR_AWUPSC,0x00000000,ok:1,#,confirmed,evt(ch32v00x.h)+rm(CH32V003RM.PDF)+rm-address(CH32V003RM.PDF)
CH32V003,RCC,CTLR,0x000,32,1,RCC_CTLR,0x0000xx83,ok:1,#,confirmed,evt(ch32v00x.h)+rm(CH32V003RM.PDF)+rm-address(CH32V003RM.PDF)
CH32V003,RCC,CFGR0,0x004,32,1,RCC_CFGR0,0x00000020,ok:1,#,confirmed,evt(ch32v00x.h)+rm(CH32V003RM.PDF)+rm-address(CH32V003RM.PDF)
CH32V003,RCC,INTR,0x008,32,1,RCC_INTR,0x00000000,ok:1,#,confirmed,evt(ch32v00x.h)+rm(CH32V003RM.PDF)+rm-address(CH32V003RM.PDF)
CH32V003,RCC,APB2PRSTR,0x00c,32,1,RCC_APB2PRSTR,0x00000000,ok:1,#,confirmed,evt(ch32v00x.h)+rm(CH32V003RM.PDF)+rm-address(CH32V003RM.PDF)
CH32V003,RCC,APB1PRSTR,0x010,32,1,RCC_APB1PRSTR,0x00000000,ok:1,#,confirmed,evt(ch32v00x.h)+rm(CH32V003RM.PDF)+rm-address(CH32V003RM.PDF)
CH32V003,RCC,AHBPCENR,0x014,32,1,RCC_AHBPCENR,0x00000004,ok:1,#,confirmed,evt(ch32v00x.h)+rm(CH32V003RM.PDF)+rm-address(CH32V003RM.PDF)
CH32V003,RCC,APB2PCENR,0x018,32,1,RCC_APB2PCENR,0x00000000,ok:1,#,confirmed,evt(ch32v00x.h)+rm(CH32V003RM.PDF)+rm-address(CH32V003RM.PDF)
CH32V003,RCC,APB1PCENR,0x01c,32,1,RCC_APB1PCENR,0x00000000,ok:1,#,confirmed,evt(ch32v00x.h)+rm(CH32V003RM.PDF)+rm-address(CH32V003RM.PDF)
CH32V003,RCC,RSTSCKR,0x024,32,1,RCC_RSTSCKR,0x0C000000,ok:1,#,confirmed,evt(ch32v00x.h)+rm(CH32V003RM.PDF)+rm-address(CH32V003RM.PDF)
CH32V003,SPI,CTLR1,0x000,16,1,SPI_CTLR1,0x0000,ok:1,#,confirmed,evt(ch32v00x.h)+rm(CH32V003RM.PDF)+rm-address(CH32V003RM.PDF)
CH32V003,SPI,CTLR2,0x004,16,1,SPI_CTLR2,0x0000,ok:1,#,confirmed,evt(ch32v00x.h)+rm(CH32V003RM.PDF)+rm-address(CH32V003RM.PDF)
CH32V003,SPI,STATR,0x008,16,1,SPI_STATR,0x0002,ok:1,#,confirmed,evt(ch32v00x.h)+rm(CH32V003RM.PDF)+rm-address(CH32V003RM.PDF)
CH32V003,SPI,DATAR,0x00c,16,1,SPI_DATAR,0x0000,ok:1,#,confirmed,evt(ch32v00x.h)+rm(CH32V003RM.PDF)+rm-address(CH32V003RM.PDF)
CH32V003,SPI,CRCR,0x010,16,1,SPI_CRCR,0x0007,ok:1,#,confirmed,evt(ch32v00x.h)+rm(CH32V003RM.PDF)+rm-address(CH32V003RM.PDF)
CH32V003,SPI,RCRCR,0x014,16,1,SPI_RCRCR,0x0000,ok:1,#,confirmed,evt(ch32v00x.h)+rm(CH32V003RM.PDF)+rm-address(CH32V003RM.PDF)
CH32V003,SPI,TCRCR,0x018,16,1,SPI_TCRCR,0x0000,ok:1,#,confirmed,evt(ch32v00x.h)+rm(CH32V003RM.PDF)+rm-address(CH32V003RM.PDF)
CH32V003,SPI,HSCR,0x024,16,1,SPI_HSCR,0x0000,ok:1,#,confirmed,evt(ch32v00x.h)+rm(CH32V003RM.PDF)+rm-address(CH32V003RM.PDF)
CH32V003,TIM,CTLR1,0x000,16,1,TIM2_CTLR1,0x0000,ok:2,#,confirmed,evt(ch32v00x.h)+rm(CH32V003RM.PDF)+rm-address(CH32V003RM.PDF)
CH32V003,TIM,CTLR2,0x004,16,1,TIM2_CTLR2,0x0000,ok:2,#,confirmed,evt(ch32v00x.h)+rm(CH32V003RM.PDF)+rm-address(CH32V003RM.PDF)
CH32V003,TIM,SMCFGR,0x008,16,1,TIM2_SMCFGR,0x0000,ok:2,#,confirmed,evt(ch32v00x.h)+rm(CH32V003RM.PDF)+rm-address(CH32V003RM.PDF)
CH32V003,TIM,DMAINTENR,0x00c,16,1,TIM2_DMAINTENR,0x0000,ok:2,#,confirmed,evt(ch32v00x.h)+rm(CH32V003RM.PDF)+rm-address(CH32V003RM.PDF)
CH32V003,TIM,INTFR,0x010,16,1,TIM2_INTFR,0x0000,ok:2,#,confirmed,evt(ch32v00x.h)+rm(CH32V003RM.PDF)+rm-address(CH32V003RM.PDF)
CH32V003,TIM,SWEVGR,0x014,16,1,TIM2_SWEVGR,0x0000,ok:2,#,confirmed,evt(ch32v00x.h)+rm(CH32V003RM.PDF)+rm-address(CH32V003RM.PDF)
CH32V003,TIM,CHCTLR1,0x018,16,1,TIM2_CHCTLR1,0x0000,ok:2,#,confirmed,evt(ch32v00x.h)+rm(CH32V003RM.PDF)+rm-address(CH32V003RM.PDF)
CH32V003,TIM,CHCTLR2,0x01c,16,1,TIM2_CHCTLR2,0x0000,ok:2,#,confirmed,evt(ch32v00x.h)+rm(CH32V003RM.PDF)+rm-address(CH32V003RM.PDF)
CH32V003,TIM,CCER,0x020,16,1,TIM2_CCER,0x0000,ok:2,#,confirmed,evt(ch32v00x.h)+rm(CH32V003RM.PDF)+rm-address(CH32V003RM.PDF)
CH32V003,TIM,CNT,0x024,16,1,TIM2_CNT,0x0000,ok:2,#,confirmed,evt(ch32v00x.h)+rm(CH32V003RM.PDF)+rm-address(CH32V003RM.PDF)
CH32V003,TIM,PSC,0x028,16,1,TIM2_PSC,0x0000,ok:2,#,confirmed,evt(ch32v00x.h)+rm(CH32V003RM.PDF)+rm-address(CH32V003RM.PDF)
CH32V003,TIM,ATRLR,0x02c,16,1,TIM2_ATRLR,0xFFFF,ok:2,#,confirmed,evt(ch32v00x.h)+rm(CH32V003RM.PDF)+rm-address(CH32V003RM.PDF)
CH32V003,TIM,RPTCR,0x030,16,1,TIM1_RPTCR,0x0000,ok:1,#,confirmed,evt(ch32v00x.h)+rm(CH32V003RM.PDF)+rm-address(CH32V003RM.PDF)
CH32V003,TIM,CH1CVR,0x034,32,1,TIM2_CH1CVR,0x00000000,ok:2,#,confirmed,evt(ch32v00x.h)+rm(CH32V003RM.PDF)+rm-address(CH32V003RM.PDF)
CH32V003,TIM,CH2CVR,0x038,32,1,TIM2_CH2CVR,0x00000000,ok:2,#,confirmed,evt(ch32v00x.h)+rm(CH32V003RM.PDF)+rm-address(CH32V003RM.PDF)
CH32V003,TIM,CH3CVR,0x03c,32,1,TIM2_CH3CVR,0x00000000,ok:2,#,confirmed,evt(ch32v00x.h)+rm(CH32V003RM.PDF)+rm-address(CH32V003RM.PDF)
CH32V003,TIM,CH4CVR,0x040,32,1,TIM2_CH4CVR,0x00000000,ok:2,#,confirmed,evt(ch32v00x.h)+rm(CH32V003RM.PDF)+rm-address(CH32V003RM.PDF)
CH32V003,TIM,BDTR,0x044,16,1,TIM1_BDTR,0x0000,ok:1,#,confirmed,evt(ch32v00x.h)+rm(CH32V003RM.PDF)+rm-address(CH32V003RM.PDF)
CH32V003,TIM,DMACFGR,0x048,16,1,TIM2_DMACFGR,0x0000,ok:2,#,confirmed,evt(ch32v00x.h)+rm(CH32V003RM.PDF)+rm-address(CH32V003RM.PDF)
CH32V003,TIM,DMAADR,0x04c,16,1,TIM2_DMAADR,0x0000,ok:2,#,confirmed,evt(ch32v00x.h)+rm(CH32V003RM.PDF)+rm-address(CH32V003RM.PDF)
CH32V003,USART,STATR,0x000,16,1,USART_STATR,0x000000C0,ok:1,#,confirmed,evt(ch32v00x.h)+rm(CH32V003RM.PDF)+rm-address(CH32V003RM.PDF)
CH32V003,USART,DATAR,0x004,16,1,USART_DATAR,0x000000XX,ok:1,#,confirmed,evt(ch32v00x.h)+rm(CH32V003RM.PDF)+rm-address(CH32V003RM.PDF)
CH32V003,USART,BRR,0x008,16,1,USART_BRR,0x00000000,ok:1,#,confirmed,evt(ch32v00x.h)+rm(CH32V003RM.PDF)+rm-address(CH32V003RM.PDF)
CH32V003,USART,CTLR1,0x00c,16,1,USART_CTLR1,0x00000000,ok:1,#,confirmed,evt(ch32v00x.h)+rm(CH32V003RM.PDF)+rm-address(CH32V003RM.PDF)
CH32V003,USART,CTLR2,0x010,16,1,USART_CTLR2,0x00000000,ok:1,#,confirmed,evt(ch32v00x.h)+rm(CH32V003RM.PDF)+rm-address(CH32V003RM.PDF)
CH32V003,USART,CTLR3,0x014,16,1,USART_CTLR3,0x00000000,ok:1,#,confirmed,evt(ch32v00x.h)+rm(CH32V003RM.PDF)+rm-address(CH32V003RM.PDF)
CH32V003,USART,GPR,0x018,16,1,USART_GPR,0x00000000,ok:1,#,confirmed,evt(ch32v00x.h)+rm(CH32V003RM.PDF)+rm-address(CH32V003RM.PDF)
CH32V003,WWDG,CTLR,0x000,32,1,WWDG_CTLR,0x007F,ok:1,#,confirmed,evt(ch32v00x.h)+rm(CH32V003RM.PDF)+rm-address(CH32V003RM.PDF)
CH32V003,WWDG,CFGR,0x004,32,1,WWDG_CFGR,0x007F,ok:1,#,confirmed,evt(ch32v00x.h)+rm(CH32V003RM.PDF)+rm-address(CH32V003RM.PDF)
CH32V003,WWDG,STATR,0x008,32,1,WWDG_STATR,0x0000,ok:1,#,confirmed,evt(ch32v00x.h)+rm(CH32V003RM.PDF)+rm-address(CH32V003RM.PDF)
CH32V006,ADC,STATR,0x000,32,1,ADC_STATR,0xXXXXXXX0,ok:1,#,confirmed,evt(ch32v00X.h)+rm(CH32V00XRM.PDF)+rm-address(CH32V00XRM.PDF)
CH32V006,ADC,CTLR1,0x004,32,1,ADC_CTLR1,0x00000000,ok:1,#,confirmed,evt(ch32v00X.h)+rm(CH32V00XRM.PDF)+rm-address(CH32V00XRM.PDF)
CH32V006,ADC,CTLR2,0x008,32,1,ADC_CTLR2,0x00000000,ok:1,#,confirmed,evt(ch32v00X.h)+rm(CH32V00XRM.PDF)+rm-address(CH32V00XRM.PDF)
CH32V006,ADC,SAMPTR2,0x010,32,1,ADC_SAMPTR2,0x00000000,ok:1,#,confirmed,evt(ch32v00X.h)+rm(CH32V00XRM.PDF)+rm-address(CH32V00XRM.PDF)
CH32V006,ADC,IOFR1,0x014,32,1,,0x00000000,ok:1,#,confirmed,evt(ch32v00X.h)+rm-address(CH32V00XRM.PDF)
CH32V006,ADC,IOFR2,0x018,32,1,,0x00000000,ok:1,#,confirmed,evt(ch32v00X.h)+rm-address(CH32V00XRM.PDF)
CH32V006,ADC,IOFR3,0x01c,32,1,,0x00000000,ok:1,#,confirmed,evt(ch32v00X.h)+rm-address(CH32V00XRM.PDF)
CH32V006,ADC,IOFR4,0x020,32,1,,0x00000000,ok:1,#,confirmed,evt(ch32v00X.h)+rm-address(CH32V00XRM.PDF)
CH32V006,ADC,WDHTR,0x024,32,1,ADC_WDHTR,0x00000FFF,ok:1,#,confirmed,evt(ch32v00X.h)+rm(CH32V00XRM.PDF)+rm-address(CH32V00XRM.PDF)
CH32V006,ADC,WDLTR,0x028,32,1,ADC_WDLTR,0x00000000,ok:1,#,confirmed,evt(ch32v00X.h)+rm(CH32V00XRM.PDF)+rm-address(CH32V00XRM.PDF)
CH32V006,ADC,RSQR1,0x02c,32,1,ADC_RSQR1,0x00000000,ok:1,#,confirmed,evt(ch32v00X.h)+rm(CH32V00XRM.PDF)+rm-address(CH32V00XRM.PDF)
CH32V006,ADC,RSQR2,0x030,32,1,ADC_RSQR2,0x00000000,ok:1,#,confirmed,evt(ch32v00X.h)+rm(CH32V00XRM.PDF)+rm-address(CH32V00XRM.PDF)
CH32V006,ADC,RSQR3,0x034,32,1,ADC_RSQR3,0x00000000,ok:1,#,confirmed,evt(ch32v00X.h)+rm(CH32V00XRM.PDF)+rm-address(CH32V00XRM.PDF)
CH32V006,ADC,ISQR,0x038,32,1,ADC_ISQR,0x00000000,ok:1,#,confirmed,evt(ch32v00X.h)+rm(CH32V00XRM.PDF)+rm-address(CH32V00XRM.PDF)
CH32V006,ADC,IDATAR1,0x03c,32,1,,0x00000000,ok:1,#,confirmed,evt(ch32v00X.h)+rm-address(CH32V00XRM.PDF)
CH32V006,ADC,IDATAR2,0x040,32,1,,0x00000000,ok:1,#,confirmed,evt(ch32v00X.h)+rm-address(CH32V00XRM.PDF)
CH32V006,ADC,IDATAR3,0x044,32,1,,0x00000000,ok:1,#,confirmed,evt(ch32v00X.h)+rm-address(CH32V00XRM.PDF)
CH32V006,ADC,IDATAR4,0x048,32,1,,0x00000000,ok:1,#,confirmed,evt(ch32v00X.h)+rm-address(CH32V00XRM.PDF)
CH32V006,ADC,RDATAR,0x04c,32,1,ADC_RDATAR,,,#,confirmed,evt(ch32v00X.h)+rm(CH32V00XRM.PDF)
CH32V006,ADC,CTLR3,0x050,32,1,ADC_CTLR3,,,#,confirmed,evt(ch32v00X.h)+rm(CH32V00XRM.PDF)
CH32V006,ADC,WDTR1,0x054,32,1,ADC_WDTR1,,,#,confirmed,evt(ch32v00X.h)+rm(CH32V00XRM.PDF)
CH32V006,ADC,WDTR2,0x058,32,1,ADC_WDTR2,,,#,confirmed,evt(ch32v00X.h)+rm(CH32V00XRM.PDF)
CH32V006,AFIO,EXTICR,0x008,32,1,,,,#,reference,evt(ch32v00X.h)
CH32V006,AFIO,PCFR1,0x00c,32,1,AFIO_PCFR1,,,#,confirmed,evt(ch32v00X.h)+rm(CH32V00XRM.PDF)
CH32V006,DMA,INTFR,0x000,32,1,,0x00000000,ok:1,#,confirmed,evt(ch32v00X.h)+rm-address(CH32V00XRM.PDF)
CH32V006,DMA,INTFCR,0x004,32,1,,0x00000000,ok:1,#,confirmed,evt(ch32v00X.h)+rm-address(CH32V00XRM.PDF)
CH32V006,DMA_Channel,CFGR,0x000,32,1,,0x00000000,ok:7,#,confirmed,evt(ch32v00X.h)+rm-address(CH32V00XRM.PDF)
CH32V006,DMA_Channel,CNTR,0x004,32,1,,0x00000000,ok:7,#,confirmed,evt(ch32v00X.h)+rm-address(CH32V00XRM.PDF)
CH32V006,DMA_Channel,PADDR,0x008,32,1,,0x00000000,ok:7,#,confirmed,evt(ch32v00X.h)+rm-address(CH32V00XRM.PDF)
CH32V006,DMA_Channel,MADDR,0x00c,32,1,,0x00000000,ok:7,#,confirmed,evt(ch32v00X.h)+rm-address(CH32V00XRM.PDF)
CH32V006,EXTEN,EXTEN_CTR,0x000,32,1,,0x00000040,ok:1,#,confirmed,evt(ch32v00X.h)+rm-address(CH32V00XRM.PDF)
CH32V006,EXTI,INTENR,0x000,32,1,EXTI_INTENR,0x00000000,ok:1,#,confirmed,evt(ch32v00X.h)+rm(CH32V00XRM.PDF)+rm-address(CH32V00XRM.PDF)
CH32V006,EXTI,EVENR,0x004,32,1,EXTI_EVENR,0x00000000,ok:1,#,confirmed,evt(ch32v00X.h)+rm(CH32V00XRM.PDF)+rm-address(CH32V00XRM.PDF)
CH32V006,EXTI,RTENR,0x008,32,1,EXTI_RTENR,0x00000000,ok:1,#,confirmed,evt(ch32v00X.h)+rm(CH32V00XRM.PDF)+rm-address(CH32V00XRM.PDF)
CH32V006,EXTI,FTENR,0x00c,32,1,EXTI_FTENR,0x00000000,ok:1,#,confirmed,evt(ch32v00X.h)+rm(CH32V00XRM.PDF)+rm-address(CH32V00XRM.PDF)
CH32V006,EXTI,SWIEVR,0x010,32,1,EXTI_SWIEVR,,,#,confirmed,evt(ch32v00X.h)+rm(CH32V00XRM.PDF)
CH32V006,EXTI,INTFR,0x014,32,1,EXTI_INTFR,,,#,confirmed,evt(ch32v00X.h)+rm(CH32V00XRM.PDF)
CH32V006,FLASH,ACTLR,0x000,32,1,FLASH_ACTLR,0x00000000,ok:1,#,confirmed,evt(ch32v00X.h)+rm(CH32V00XRM.PDF)+rm-address(CH32V00XRM.PDF)
CH32V006,FLASH,KEYR,0x004,32,1,FLASH_KEYR,0xXXXXXXXX,ok:1,#,confirmed,evt(ch32v00X.h)+rm(CH32V00XRM.PDF)+rm-address(CH32V00XRM.PDF)
CH32V006,FLASH,OBKEYR,0x008,32,1,FLASH_OBKEYR,0xXXXXXXXX,ok:1,#,confirmed,evt(ch32v00X.h)+rm(CH32V00XRM.PDF)+rm-address(CH32V00XRM.PDF)
CH32V006,FLASH,STATR,0x00c,32,1,FLASH_STATR,0x0000B000,ok:1,#,confirmed,evt(ch32v00X.h)+rm(CH32V00XRM.PDF)+rm-address(CH32V00XRM.PDF)
CH32V006,FLASH,CTLR,0x010,32,1,FLASH_CTLR,0x0000X080,ok:1,#,confirmed,evt(ch32v00X.h)+rm(CH32V00XRM.PDF)+rm-address(CH32V00XRM.PDF)
CH32V006,FLASH,ADDR,0x014,32,1,FLASH_ADDR,0xXXXXXXXX,ok:1,#,confirmed,evt(ch32v00X.h)+rm(CH32V00XRM.PDF)+rm-address(CH32V00XRM.PDF)
CH32V006,FLASH,OBR,0x01c,32,1,FLASH_OBR,,,#,confirmed,evt(ch32v00X.h)+rm(CH32V00XRM.PDF)
CH32V006,FLASH,WPR,0x020,32,1,FLASH_WPR,,,#,confirmed,evt(ch32v00X.h)+rm(CH32V00XRM.PDF)
CH32V006,FLASH,MODEKEYR,0x024,32,1,FLASH_MODEKEYR,,,#,confirmed,evt(ch32v00X.h)+rm(CH32V00XRM.PDF)
CH32V006,FLASH,BOOT_MODEKEYR,0x028,32,1,,,,#,reference,evt(ch32v00X.h)
CH32V006,GPIO,CFGLR,0x000,32,1,,0x44444444,ok:4,#,confirmed,evt(ch32v00X.h)+rm-address(CH32V00XRM.PDF)
CH32V006,GPIO,INDR,0x008,32,1,GPIOx_INDR,0x000000XX,ok:4,#,confirmed,evt(ch32v00X.h)+rm(CH32V00XRM.PDF)+rm-address(CH32V00XRM.PDF)
CH32V006,GPIO,OUTDR,0x00c,32,1,GPIOx_OUTDR,0x00000000,ok:4,#,confirmed,evt(ch32v00X.h)+rm(CH32V00XRM.PDF)+rm-address(CH32V00XRM.PDF)
CH32V006,GPIO,BSHR,0x010,32,1,GPIOx_BSHR,0x00000000,ok:4,#,confirmed,evt(ch32v00X.h)+rm(CH32V00XRM.PDF)+rm-address(CH32V00XRM.PDF)
CH32V006,GPIO,BCR,0x014,32,1,GPIOx_BCR,0x00000000,ok:4,#,confirmed,evt(ch32v00X.h)+rm(CH32V00XRM.PDF)+rm-address(CH32V00XRM.PDF)
CH32V006,GPIO,LCKR,0x018,32,1,GPIOx_LCKR,0x00000000,ok:4,#,confirmed,evt(ch32v00X.h)+rm(CH32V00XRM.PDF)+rm-address(CH32V00XRM.PDF)
CH32V006,I2C,CTLR1,0x000,16,1,I2C1_CTLR1,0x0000,ok:1,#,confirmed,evt(ch32v00X.h)+rm(CH32V00XRM.PDF)+rm-address(CH32V00XRM.PDF)
CH32V006,I2C,CTLR2,0x004,16,1,I2C1_CTLR2,0x0000,ok:1,#,confirmed,evt(ch32v00X.h)+rm(CH32V00XRM.PDF)+rm-address(CH32V00XRM.PDF)
CH32V006,I2C,OADDR1,0x008,16,1,I2C1_OADDR1,0x0000,ok:1,#,confirmed,evt(ch32v00X.h)+rm(CH32V00XRM.PDF)+rm-address(CH32V00XRM.PDF)
CH32V006,I2C,OADDR2,0x00c,16,1,I2C1_OADDR2,0x0000,ok:1,#,confirmed,evt(ch32v00X.h)+rm(CH32V00XRM.PDF)+rm-address(CH32V00XRM.PDF)
CH32V006,I2C,DATAR,0x010,16,1,,0x0000,ok:1,#,confirmed,evt(ch32v00X.h)+rm-address(CH32V00XRM.PDF)
CH32V006,I2C,STAR1,0x014,16,1,I2C1_STAR1,0x0000,ok:1,#,confirmed,evt(ch32v00X.h)+rm(CH32V00XRM.PDF)+rm-address(CH32V00XRM.PDF)
CH32V006,I2C,STAR2,0x018,16,1,I2C1_STAR2,0x0000,ok:1,#,confirmed,evt(ch32v00X.h)+rm(CH32V00XRM.PDF)+rm-address(CH32V00XRM.PDF)
CH32V006,I2C,CKCFGR,0x01c,16,1,I2C1_CKCFGR,0x0000,ok:1,#,confirmed,evt(ch32v00X.h)+rm(CH32V00XRM.PDF)+rm-address(CH32V00XRM.PDF)
CH32V006,IWDG,CTLR,0x000,32,1,IWDG_CTLR,0x0000,ok:1,#,confirmed,evt(ch32v00X.h)+rm(CH32V00XRM.PDF)+rm-address(CH32V00XRM.PDF)
CH32V006,IWDG,PSCR,0x004,32,1,IWDG_PSCR,0x0000,ok:1,#,confirmed,evt(ch32v00X.h)+rm(CH32V00XRM.PDF)+rm-address(CH32V00XRM.PDF)
CH32V006,IWDG,RLDR,0x008,32,1,IWDG_RLDR,0x0FFF,ok:1,#,confirmed,evt(ch32v00X.h)+rm(CH32V00XRM.PDF)+rm-address(CH32V00XRM.PDF)
CH32V006,IWDG,STATR,0x00c,32,1,IWDG_STATR,0x0000,ok:1,#,confirmed,evt(ch32v00X.h)+rm(CH32V00XRM.PDF)+rm-address(CH32V00XRM.PDF)
CH32V006,OB,RDPR,0x000,16,1,,,,#,reference,evt(ch32v00X.h)
CH32V006,OB,USER,0x002,16,1,,,,#,reference,evt(ch32v00X.h)
CH32V006,OB,Data0,0x004,16,1,,,,#,reference,evt(ch32v00X.h)
CH32V006,OB,Data1,0x006,16,1,,,,#,reference,evt(ch32v00X.h)
CH32V006,OB,WRPR0,0x008,16,1,,,,#,reference,evt(ch32v00X.h)
CH32V006,OB,WRPR1,0x00a,16,1,,,,#,reference,evt(ch32v00X.h)
CH32V006,OB,WRPR2,0x00c,16,1,,,,#,reference,evt(ch32v00X.h)
CH32V006,OB,WRPR3,0x00e,16,1,,,,#,reference,evt(ch32v00X.h)
CH32V006,OPA,CFGR1,0x000,32,1,OPA_CFGR1,0x00000000,ok:1,#,confirmed,evt(ch32v00X.h)+rm(CH32V00XRM.PDF)+rm-address(CH32V00XRM.PDF)
CH32V006,OPA,CTLR1,0x004,32,1,OPA_CTLR1,0x800C0736,ok:1,#,confirmed,evt(ch32v00X.h)+rm(CH32V00XRM.PDF)+rm-address(CH32V00XRM.PDF)
CH32V006,OPA,CFGR2,0x008,32,1,OPA_CFGR2,0x00000000,ok:1,#,confirmed,evt(ch32v00X.h)+rm(CH32V00XRM.PDF)+rm-address(CH32V00XRM.PDF)
CH32V006,OPA,CTLR2,0x00c,32,1,OPA_CTLR2,0x80000078,ok:1,#,confirmed,evt(ch32v00X.h)+rm(CH32V00XRM.PDF)+rm-address(CH32V00XRM.PDF)
CH32V006,OPA,OPAKEY,0x010,32,1,,,,#,reference,evt(ch32v00X.h)
CH32V006,OPA,CMPKEY,0x014,32,1,,,,#,reference,evt(ch32v00X.h)
CH32V006,OPA,POLLKEY,0x018,32,1,,,,#,reference,evt(ch32v00X.h)
CH32V006,PWR,CTLR,0x000,32,1,PWR_CTLR,0x00000408,ok:1,#,confirmed,evt(ch32v00X.h)+rm(CH32V00XRM.PDF)+rm-address(CH32V00XRM.PDF)
CH32V006,PWR,CSR,0x004,32,1,PWR_CSR,0x00000000,ok:1,#,confirmed,evt(ch32v00X.h)+rm(CH32V00XRM.PDF)+rm-address(CH32V00XRM.PDF)
CH32V006,PWR,AWUCSR,0x008,32,1,PWR_AWUCSR,0x00000000,ok:1,#,confirmed,evt(ch32v00X.h)+rm(CH32V00XRM.PDF)+rm-address(CH32V00XRM.PDF)
CH32V006,PWR,AWUWR,0x00c,32,1,PWR_AWUWR,0x0000003F,ok:1,#,confirmed,evt(ch32v00X.h)+rm(CH32V00XRM.PDF)+rm-address(CH32V00XRM.PDF)
CH32V006,PWR,AWUPSC,0x010,32,1,PWR_AWUPSC,0x00000000,ok:1,#,confirmed,evt(ch32v00X.h)+rm(CH32V00XRM.PDF)+rm-address(CH32V00XRM.PDF)
CH32V006,RCC,CTLR,0x000,32,1,RCC_CTLR,0x0050XX83,ok:1,#,confirmed,evt(ch32v00X.h)+rm(CH32V00XRM.PDF)+rm-address(CH32V00XRM.PDF)
CH32V006,RCC,CFGR0,0x004,32,1,RCC_CFGR0,0x00000020,ok:1,#,confirmed,evt(ch32v00X.h)+rm(CH32V00XRM.PDF)+rm-address(CH32V00XRM.PDF)
CH32V006,RCC,INTR,0x008,32,1,RCC_INTR,0x00000000,ok:1,#,confirmed,evt(ch32v00X.h)+rm(CH32V00XRM.PDF)+rm-address(CH32V00XRM.PDF)
CH32V006,RCC,PB2PRSTR,0x00c,32,1,RCC_PB2PRSTR,0x00000000,ok:1,#,confirmed,evt(ch32v00X.h)+rm(CH32V00XRM.PDF)+rm-address(CH32V00XRM.PDF)
CH32V006,RCC,PB1PRSTR,0x010,32,1,RCC_PB1PRSTR,0x00000000,ok:1,#,confirmed,evt(ch32v00X.h)+rm(CH32V00XRM.PDF)+rm-address(CH32V00XRM.PDF)
CH32V006,RCC,HBPCENR,0x014,32,1,RCC_HBPCENR,0x00000004,ok:1,#,confirmed,evt(ch32v00X.h)+rm(CH32V00XRM.PDF)+rm-address(CH32V00XRM.PDF)
CH32V006,RCC,PB2PCENR,0x018,32,1,RCC_PB2PCENR,0x00000000,ok:1,#,confirmed,evt(ch32v00X.h)+rm(CH32V00XRM.PDF)+rm-address(CH32V00XRM.PDF)
CH32V006,RCC,PB1PCENR,0x01c,32,1,RCC_PB1PCENR,0x00000000,ok:1,#,confirmed,evt(ch32v00X.h)+rm(CH32V00XRM.PDF)+rm-address(CH32V00XRM.PDF)
CH32V006,RCC,RSTSCKR,0x024,32,1,RCC_RSTSCKR,0x08000000,ok:1,#,confirmed,evt(ch32v00X.h)+rm(CH32V00XRM.PDF)+rm-address(CH32V00XRM.PDF)
CH32V006,SPI,CTLR1,0x000,16,1,SPI1_CTLR1,0x0000,ok:1,#,confirmed,evt(ch32v00X.h)+rm(CH32V00XRM.PDF)+rm-address(CH32V00XRM.PDF)
CH32V006,SPI,CTLR2,0x004,16,1,SPI1_CTLR2,0x0000,ok:1,#,confirmed,evt(ch32v00X.h)+rm(CH32V00XRM.PDF)+rm-address(CH32V00XRM.PDF)
CH32V006,SPI,STATR,0x008,16,1,SPI1_STATR,0x0002,ok:1,#,confirmed,evt(ch32v00X.h)+rm(CH32V00XRM.PDF)+rm-address(CH32V00XRM.PDF)
CH32V006,SPI,DATAR,0x00c,16,1,SPI1_DATAR,0x0000,ok:1,#,confirmed,evt(ch32v00X.h)+rm(CH32V00XRM.PDF)+rm-address(CH32V00XRM.PDF)
CH32V006,SPI,CRCR,0x010,16,1,SPI1_CRCR,0x0007,ok:1,#,confirmed,evt(ch32v00X.h)+rm(CH32V00XRM.PDF)+rm-address(CH32V00XRM.PDF)
CH32V006,SPI,RCRCR,0x014,16,1,SPI1_RCRCR,0x0000,ok:1,#,confirmed,evt(ch32v00X.h)+rm(CH32V00XRM.PDF)+rm-address(CH32V00XRM.PDF)
CH32V006,SPI,TCRCR,0x018,16,1,SPI1_TCRCR,0x0000,ok:1,#,confirmed,evt(ch32v00X.h)+rm(CH32V00XRM.PDF)+rm-address(CH32V00XRM.PDF)
CH32V006,SPI,HSCR,0x024,16,1,SPI1_HSCR,0x0000,ok:1,#,confirmed,evt(ch32v00X.h)+rm(CH32V00XRM.PDF)+rm-address(CH32V00XRM.PDF)
CH32V006,TIM,CTLR1,0x000,16,1,TIM2_CTLR1,0x0000,ok:2,#,confirmed,evt(ch32v00X.h)+rm(CH32V00XRM.PDF)+rm-address(CH32V00XRM.PDF)
CH32V006,TIM,TIM3_CTLR,0x000,16,1,,0x0000,ok:1,#,confirmed,evt(ch32v00X.h)+rm-address(CH32V00XRM.PDF)
CH32V006,TIM,CTLR2,0x004,16,1,TIM2_CTLR2,0x0000,ok:2,#,confirmed,evt(ch32v00X.h)+rm(CH32V00XRM.PDF)+rm-address(CH32V00XRM.PDF)
CH32V006,TIM,TIM3_DMAINTENR,0x004,16,1,,0x0000,ok:1,#,confirmed,evt(ch32v00X.h)+rm-address(CH32V00XRM.PDF)
CH32V006,TIM,SMCFGR,0x008,16,1,TIM2_SMCFGR,0x0000,ok:2,#,confirmed,evt(ch32v00X.h)+rm(CH32V00XRM.PDF)+rm-address(CH32V00XRM.PDF)
CH32V006,TIM,TIM3_CNT,0x008,16,1,,0x0000,ok:1,#,confirmed,evt(ch32v00X.h)+rm-address(CH32V00XRM.PDF)
CH32V006,TIM,DMAINTENR,0x00c,16,1,TIM3_DMAINTENR,0x0000,ok:2,#,confirmed,evt(ch32v00X.h)+rm(CH32V00XRM.PDF)+rm-address(CH32V00XRM.PDF)
CH32V006,TIM,TIM3_ATRLR,0x00c,16,1,,0xFFFF,ok:1,#,confirmed,evt(ch32v00X.h)+rm-address(CH32V00XRM.PDF)
CH32V006,TIM,INTFR,0x010,16,1,TIM2_INTFR,0x0000,ok:2,#,confirmed,evt(ch32v00X.h)+rm(CH32V00XRM.PDF)+rm-address(CH32V00XRM.PDF)
CH32V006,TIM,TIM3_CH1CVR,0x010,16,1,,0x0000,ok:1,#,confirmed,evt(ch32v00X.h)+rm-address(CH32V00XRM.PDF)
CH32V006,TIM,SWEVGR,0x014,16,1,TIM2_SWEVGR,0x0000,ok:2,#,confirmed,evt(ch32v00X.h)+rm(CH32V00XRM.PDF)+rm-address(CH32V00XRM.PDF)
CH32V006,TIM,TIM3_CH2CVR,0x014,16,1,,0x0000,ok:1,#,confirmed,evt(ch32v00X.h)+rm-address(CH32V00XRM.PDF)
CH32V006,TIM,CHCTLR1,0x018,16,1,TIM2_CHCTLR1,0x0000,ok:2,#,confirmed,evt(ch32v00X.h)+rm(CH32V00XRM.PDF)+rm-address(CH32V00XRM.PDF)
CH32V006,TIM,TIM3_CH3CVR,0x018,16,1,,0x0000,ok:1,#,confirmed,evt(ch32v00X.h)+rm-address(CH32V00XRM.PDF)
CH32V006,TIM,CHCTLR2,0x01c,16,1,TIM2_CHCTLR2,0x0000,ok:2,#,confirmed,evt(ch32v00X.h)+rm(CH32V00XRM.PDF)+rm-address(CH32V00XRM.PDF)
CH32V006,TIM,TIM3_CH4CVR,0x01c,16,1,,0x0000,ok:1,#,confirmed,evt(ch32v00X.h)+rm-address(CH32V00XRM.PDF)
CH32V006,TIM,CCER,0x020,16,1,TIM2_CCER,0x0000,ok:2,#,confirmed,evt(ch32v00X.h)+rm(CH32V00XRM.PDF)+rm-address(CH32V00XRM.PDF)
CH32V006,TIM,CNT,0x024,16,1,TIM3_CNT,0x0000,ok:2,#,confirmed,evt(ch32v00X.h)+rm(CH32V00XRM.PDF)+rm-address(CH32V00XRM.PDF)
CH32V006,TIM,PSC,0x028,16,1,TIM2_PSC,0x0000,ok:2,#,confirmed,evt(ch32v00X.h)+rm(CH32V00XRM.PDF)+rm-address(CH32V00XRM.PDF)
CH32V006,TIM,ATRLR,0x02c,16,1,TIM3_ATRLR,0xFFFF,ok:2,#,confirmed,evt(ch32v00X.h)+rm(CH32V00XRM.PDF)+rm-address(CH32V00XRM.PDF)
CH32V006,TIM,RPTCR,0x030,16,1,TIM1_RPTCR,0x0000,ok:1,#,confirmed,evt(ch32v00X.h)+rm(CH32V00XRM.PDF)+rm-address(CH32V00XRM.PDF)
CH32V006,TIM,CH1CVR,0x034,32,1,TIM3_CH1CVR,0x00000000,ok:2,#,confirmed,evt(ch32v00X.h)+rm(CH32V00XRM.PDF)+rm-address(CH32V00XRM.PDF)
CH32V006,TIM,CH2CVR,0x038,32,1,TIM3_CH2CVR,0x00000000,ok:2,#,confirmed,evt(ch32v00X.h)+rm(CH32V00XRM.PDF)+rm-address(CH32V00XRM.PDF)
CH32V006,TIM,CH3CVR,0x03c,32,1,TIM3_CH3CVR,0x00000000,ok:2,#,confirmed,evt(ch32v00X.h)+rm(CH32V00XRM.PDF)+rm-address(CH32V00XRM.PDF)
CH32V006,TIM,CH4CVR,0x040,32,1,TIM3_CH4CVR,0x00000000,ok:2,#,confirmed,evt(ch32v00X.h)+rm(CH32V00XRM.PDF)+rm-address(CH32V00XRM.PDF)
CH32V006,TIM,BDTR,0x044,16,1,TIM1_BDTR,0x0000,ok:1,#,confirmed,evt(ch32v00X.h)+rm(CH32V00XRM.PDF)+rm-address(CH32V00XRM.PDF)
CH32V006,TIM,TIM2_DTCR,0x044,16,1,,0x0000,ok:1,#,confirmed,evt(ch32v00X.h)+rm-address(CH32V00XRM.PDF)
CH32V006,TIM,DMACFGR,0x048,16,1,TIM2_DMACFGR,0x0000,ok:2,#,confirmed,evt(ch32v00X.h)+rm(CH32V00XRM.PDF)+rm-address(CH32V00XRM.PDF)
CH32V006,TIM,DMAADR,0x04c,16,1,TIM2_DMAADR,0x0000,ok:2,#,confirmed,evt(ch32v00X.h)+rm(CH32V00XRM.PDF)+rm-address(CH32V00XRM.PDF)
CH32V006,USART,STATR,0x000,16,1,USARTx_STATR,0x000000C0,ok:2,#,confirmed,evt(ch32v00X.h)+rm(CH32V00XRM.PDF)+rm-address(CH32V00XRM.PDF)
CH32V006,USART,DATAR,0x004,16,1,USARTx_DATAR,0x00000XXX,ok:2,#,confirmed,evt(ch32v00X.h)+rm(CH32V00XRM.PDF)+rm-address(CH32V00XRM.PDF)
CH32V006,USART,BRR,0x008,16,1,USARTx_BRR,0x00000000,ok:2,#,confirmed,evt(ch32v00X.h)+rm(CH32V00XRM.PDF)+rm-address(CH32V00XRM.PDF)
CH32V006,USART,CTLR1,0x00c,16,1,USARTx_CTLR1,0x00000000,ok:2,#,confirmed,evt(ch32v00X.h)+rm(CH32V00XRM.PDF)+rm-address(CH32V00XRM.PDF)
CH32V006,USART,CTLR2,0x010,16,1,USARTx_CTLR2,0x00000000,ok:2,#,confirmed,evt(ch32v00X.h)+rm(CH32V00XRM.PDF)+rm-address(CH32V00XRM.PDF)
CH32V006,USART,CTLR3,0x014,16,1,USARTx_CTLR3,0x00000000,ok:2,#,confirmed,evt(ch32v00X.h)+rm(CH32V00XRM.PDF)+rm-address(CH32V00XRM.PDF)
CH32V006,USART,GPR,0x018,16,1,USARTx_GPR,0x00000000,ok:2,#,confirmed,evt(ch32v00X.h)+rm(CH32V00XRM.PDF)+rm-address(CH32V00XRM.PDF)
CH32V006,WWDG,CTLR,0x000,32,1,WWDG_CTLR,0x007F,ok:1,#,confirmed,evt(ch32v00X.h)+rm(CH32V00XRM.PDF)+rm-address(CH32V00XRM.PDF)
CH32V006,WWDG,CFGR,0x004,32,1,WWDG_CFGR,0x007F,ok:1,#,confirmed,evt(ch32v00X.h)+rm(CH32V00XRM.PDF)+rm-address(CH32V00XRM.PDF)
CH32V006,WWDG,STATR,0x008,32,1,WWDG_STATR,0x0000,ok:1,#,confirmed,evt(ch32v00X.h)+rm(CH32V00XRM.PDF)+rm-address(CH32V00XRM.PDF)
CH32V103,ADC,STATR,0x000,32,1,ADC_STATR,0x00000000,ok:1,#,confirmed,evt(ch32v10x.h)+rm(CH32xRM.PDF)+rm-address(CH32xRM.PDF)
CH32V103,ADC,CTLR1,0x004,32,1,ADC_CTLR1,0x00000000,ok:1,#,confirmed,evt(ch32v10x.h)+rm(CH32xRM.PDF)+rm-address(CH32xRM.PDF)
CH32V103,ADC,CTLR2,0x008,32,1,ADC_CTLR2,0x00000000,ok:1,#,confirmed,evt(ch32v10x.h)+rm(CH32xRM.PDF)+rm-address(CH32xRM.PDF)
CH32V103,ADC,SAMPTR1,0x00c,32,1,ADC_SAMPTR1,0x00000000,ok:1,#,confirmed,evt(ch32v10x.h)+rm(CH32xRM.PDF)+rm-address(CH32xRM.PDF)
CH32V103,ADC,SAMPTR2,0x010,32,1,ADC_SAMPTR2,0x00000000,ok:1,#,confirmed,evt(ch32v10x.h)+rm(CH32xRM.PDF)+rm-address(CH32xRM.PDF)
CH32V103,ADC,IOFR1,0x014,32,1,,0x00000000,ok:1,#,confirmed,evt(ch32v10x.h)+rm-address(CH32xRM.PDF)
CH32V103,ADC,IOFR2,0x018,32,1,,0x00000000,ok:1,#,confirmed,evt(ch32v10x.h)+rm-address(CH32xRM.PDF)
CH32V103,ADC,IOFR3,0x01c,32,1,,0x00000000,ok:1,#,confirmed,evt(ch32v10x.h)+rm-address(CH32xRM.PDF)
CH32V103,ADC,IOFR4,0x020,32,1,,0x00000000,ok:1,#,confirmed,evt(ch32v10x.h)+rm-address(CH32xRM.PDF)
CH32V103,ADC,WDHTR,0x024,32,1,ADC_WDHTR,0x00000FFF,ok:1,#,confirmed,evt(ch32v10x.h)+rm(CH32xRM.PDF)+rm-address(CH32xRM.PDF)
CH32V103,ADC,WDLTR,0x028,32,1,ADC_WDLTR,0x00000000,ok:1,#,confirmed,evt(ch32v10x.h)+rm(CH32xRM.PDF)+rm-address(CH32xRM.PDF)
CH32V103,ADC,RSQR1,0x02c,32,1,ADC_RSQR1,0x00000000,ok:1,#,confirmed,evt(ch32v10x.h)+rm(CH32xRM.PDF)+rm-address(CH32xRM.PDF)
CH32V103,ADC,RSQR2,0x030,32,1,ADC_RSQR2,0x00000000,ok:1,#,confirmed,evt(ch32v10x.h)+rm(CH32xRM.PDF)+rm-address(CH32xRM.PDF)
CH32V103,ADC,RSQR3,0x034,32,1,ADC_RSQR3,0x00000000,ok:1,#,confirmed,evt(ch32v10x.h)+rm(CH32xRM.PDF)+rm-address(CH32xRM.PDF)
CH32V103,ADC,ISQR,0x038,32,1,ADC_ISQR,0x00000000,ok:1,#,confirmed,evt(ch32v10x.h)+rm(CH32xRM.PDF)+rm-address(CH32xRM.PDF)
CH32V103,ADC,IDATAR1,0x03c,32,1,,0x00000000,ok:1,#,confirmed,evt(ch32v10x.h)+rm-address(CH32xRM.PDF)
CH32V103,ADC,IDATAR2,0x040,32,1,,0x00000000,ok:1,#,confirmed,evt(ch32v10x.h)+rm-address(CH32xRM.PDF)
CH32V103,ADC,IDATAR3,0x044,32,1,,0x00000000,ok:1,#,confirmed,evt(ch32v10x.h)+rm-address(CH32xRM.PDF)
CH32V103,ADC,IDATAR4,0x048,32,1,,0x00000000,ok:1,#,confirmed,evt(ch32v10x.h)+rm-address(CH32xRM.PDF)
CH32V103,ADC,RDATAR,0x04c,32,1,ADC_RDATAR,0x00000000,ok:1,#,confirmed,evt(ch32v10x.h)+rm(CH32xRM.PDF)+rm-address(CH32xRM.PDF)
CH32V103,AFIO,ECR,0x000,32,1,AFIO_ECR,0x00000000,ok:1,#,confirmed,evt(ch32v10x.h)+rm(CH32xRM.PDF)+rm-address(CH32xRM.PDF)
CH32V103,AFIO,PCFR1,0x004,32,1,,,,#,reference,evt(ch32v10x.h)
CH32V103,AFIO,EXTICR,0x008,32,4,,0x00000000,ok:4,#,confirmed,evt(ch32v10x.h)+rm-address(CH32xRM.PDF)
CH32V103,AFIO,PCFR2,0x01c,32,1,,,,#,reference,evt(ch32v10x.h)
CH32V103,BKP,DATAR1,0x004,16,1,,0x0000,ok:1,#,confirmed,evt(ch32v10x.h)+rm-address(CH32xRM.PDF)
CH32V103,BKP,DATAR2,0x008,16,1,,0x0000,ok:1,#,confirmed,evt(ch32v10x.h)+rm-address(CH32xRM.PDF)
CH32V103,BKP,DATAR3,0x00c,16,1,,0x0000,ok:1,#,confirmed,evt(ch32v10x.h)+rm-address(CH32xRM.PDF)
CH32V103,BKP,DATAR4,0x010,16,1,,0x0000,ok:1,#,confirmed,evt(ch32v10x.h)+rm-address(CH32xRM.PDF)
CH32V103,BKP,DATAR5,0x014,16,1,,0x0000,ok:1,#,confirmed,evt(ch32v10x.h)+rm-address(CH32xRM.PDF)
CH32V103,BKP,DATAR6,0x018,16,1,,0x0000,ok:1,#,confirmed,evt(ch32v10x.h)+rm-address(CH32xRM.PDF)
CH32V103,BKP,DATAR7,0x01c,16,1,,0x0000,ok:1,#,confirmed,evt(ch32v10x.h)+rm-address(CH32xRM.PDF)
CH32V103,BKP,DATAR8,0x020,16,1,,0x0000,ok:1,#,confirmed,evt(ch32v10x.h)+rm-address(CH32xRM.PDF)
CH32V103,BKP,DATAR9,0x024,16,1,,0x0000,ok:1,#,confirmed,evt(ch32v10x.h)+rm-address(CH32xRM.PDF)
CH32V103,BKP,DATAR10,0x028,16,1,,0x0000,ok:1,#,confirmed,evt(ch32v10x.h)+rm-address(CH32xRM.PDF)
CH32V103,BKP,OCTLR,0x02c,16,1,BKP_OCTLR,0x0000,ok:1,#,confirmed,evt(ch32v10x.h)+rm(CH32xRM.PDF)+rm-address(CH32xRM.PDF)
CH32V103,BKP,TPCTLR,0x030,16,1,BKP_TPCTLR,0x0000,ok:1,#,confirmed,evt(ch32v10x.h)+rm(CH32xRM.PDF)+rm-address(CH32xRM.PDF)
CH32V103,BKP,TPCSR,0x034,16,1,BKP_TPCSR,0x0000,ok:1,#,confirmed,evt(ch32v10x.h)+rm(CH32xRM.PDF)+rm-address(CH32xRM.PDF)
CH32V103,BKP,DATAR11,0x040,16,1,,,,#,reference,evt(ch32v10x.h)
CH32V103,BKP,DATAR12,0x044,16,1,,,,#,reference,evt(ch32v10x.h)
CH32V103,BKP,DATAR13,0x048,16,1,,,,#,reference,evt(ch32v10x.h)
CH32V103,BKP,DATAR14,0x04c,16,1,,,,#,reference,evt(ch32v10x.h)
CH32V103,BKP,DATAR15,0x050,16,1,,,,#,reference,evt(ch32v10x.h)
CH32V103,BKP,DATAR16,0x054,16,1,,,,#,reference,evt(ch32v10x.h)
CH32V103,BKP,DATAR17,0x058,16,1,,,,#,reference,evt(ch32v10x.h)
CH32V103,BKP,DATAR18,0x05c,16,1,,,,#,reference,evt(ch32v10x.h)
CH32V103,BKP,DATAR19,0x060,16,1,,,,#,reference,evt(ch32v10x.h)
CH32V103,BKP,DATAR20,0x064,16,1,,,,#,reference,evt(ch32v10x.h)
CH32V103,BKP,DATAR21,0x068,16,1,,,,#,reference,evt(ch32v10x.h)
CH32V103,BKP,DATAR22,0x06c,16,1,,,,#,reference,evt(ch32v10x.h)
CH32V103,BKP,DATAR23,0x070,16,1,,,,#,reference,evt(ch32v10x.h)
CH32V103,BKP,DATAR24,0x074,16,1,,,,#,reference,evt(ch32v10x.h)
CH32V103,BKP,DATAR25,0x078,16,1,,,,#,reference,evt(ch32v10x.h)
CH32V103,BKP,DATAR26,0x07c,16,1,,,,#,reference,evt(ch32v10x.h)
CH32V103,BKP,DATAR27,0x080,16,1,,,,#,reference,evt(ch32v10x.h)
CH32V103,BKP,DATAR28,0x084,16,1,,,,#,reference,evt(ch32v10x.h)
CH32V103,BKP,DATAR29,0x088,16,1,,,,#,reference,evt(ch32v10x.h)
CH32V103,BKP,DATAR30,0x08c,16,1,,,,#,reference,evt(ch32v10x.h)
CH32V103,BKP,DATAR31,0x090,16,1,,,,#,reference,evt(ch32v10x.h)
CH32V103,BKP,DATAR32,0x094,16,1,,,,#,reference,evt(ch32v10x.h)
CH32V103,BKP,DATAR33,0x098,16,1,,,,#,reference,evt(ch32v10x.h)
CH32V103,BKP,DATAR34,0x09c,16,1,,,,#,reference,evt(ch32v10x.h)
CH32V103,BKP,DATAR35,0x0a0,16,1,,,,#,reference,evt(ch32v10x.h)
CH32V103,BKP,DATAR36,0x0a4,16,1,,,,#,reference,evt(ch32v10x.h)
CH32V103,BKP,DATAR37,0x0a8,16,1,,,,#,reference,evt(ch32v10x.h)
CH32V103,BKP,DATAR38,0x0ac,16,1,,,,#,reference,evt(ch32v10x.h)
CH32V103,BKP,DATAR39,0x0b0,16,1,,,,#,reference,evt(ch32v10x.h)
CH32V103,BKP,DATAR40,0x0b4,16,1,,,,#,reference,evt(ch32v10x.h)
CH32V103,BKP,DATAR41,0x0b8,16,1,,,,#,reference,evt(ch32v10x.h)
CH32V103,BKP,DATAR42,0x0bc,16,1,,,,#,reference,evt(ch32v10x.h)
CH32V103,CRC,DATAR,0x000,32,1,CRC_DATAR,,,#,confirmed,evt(ch32v10x.h)+rm(CH32xRM.PDF)
CH32V103,CRC,IDATAR,0x004,8,1,CRC_IDATAR,,,#,confirmed,evt(ch32v10x.h)+rm(CH32xRM.PDF)
CH32V103,CRC,CTLR,0x008,32,1,CRC_CTLR,,,#,confirmed,evt(ch32v10x.h)+rm(CH32xRM.PDF)
CH32V103,DAC,CTLR,0x000,32,1,DAC_CTLR,0x00000000,ok:1,#,confirmed,evt(ch32v10x.h)+rm(CH32xRM.PDF)+rm-address(CH32xRM.PDF)
CH32V103,DAC,SWTR,0x004,32,1,DAC_SWTR,0x00000000,ok:1,#,confirmed,evt(ch32v10x.h)+rm(CH32xRM.PDF)+rm-address(CH32xRM.PDF)
CH32V103,DAC,R12BDHR1,0x008,32,1,DAC_R12BDHR1,0x00000000,ok:1,#,confirmed,evt(ch32v10x.h)+rm(CH32xRM.PDF)+rm-address(CH32xRM.PDF)
CH32V103,DAC,L12BDHR1,0x00c,32,1,DAC_L12BDHR1,0x00000000,ok:1,#,confirmed,evt(ch32v10x.h)+rm(CH32xRM.PDF)+rm-address(CH32xRM.PDF)
CH32V103,DAC,R8BDHR1,0x010,32,1,,,,#,reference,evt(ch32v10x.h)
CH32V103,DAC,R12BDHR2,0x014,32,1,DAC_R12BDHR2,0x00000000,ok:1,#,confirmed,evt(ch32v10x.h)+rm(CH32xRM.PDF)+rm-address(CH32xRM.PDF)
CH32V103,DAC,L12BDHR2,0x018,32,1,DAC_L12BDHR2,0x00000000,ok:1,#,confirmed,evt(ch32v10x.h)+rm(CH32xRM.PDF)+rm-address(CH32xRM.PDF)
CH32V103,DAC,R8BDHR2,0x01c,32,1,,,,#,reference,evt(ch32v10x.h)
CH32V103,DAC,RD12BDHR,0x020,32,1,,,,#,reference,evt(ch32v10x.h)
CH32V103,DAC,LD12BDHR,0x024,32,1,,,,#,reference,evt(ch32v10x.h)
CH32V103,DAC,RD8BDHR,0x028,32,1,,,,#,reference,evt(ch32v10x.h)
CH32V103,DAC,DOR1,0x02c,32,1,DAC_DOR1,0x00000000,ok:1,#,confirmed,evt(ch32v10x.h)+rm(CH32xRM.PDF)+rm-address(CH32xRM.PDF)
CH32V103,DAC,DOR2,0x030,32,1,DAC_DOR2,0x00000000,ok:1,#,confirmed,evt(ch32v10x.h)+rm(CH32xRM.PDF)+rm-address(CH32xRM.PDF)
CH32V103,DBGMCU,CFGR0,0x000,32,1,,,,#,reference,evt(ch32v10x.h)
CH32V103,DBGMCU,CFGR1,0x004,32,1,,,,#,reference,evt(ch32v10x.h)
CH32V103,DMA,INTFR,0x000,32,1,,0x00000000,ok:1,#,confirmed,evt(ch32v10x.h)+rm-address(CH32xRM.PDF)
CH32V103,DMA,INTFCR,0x004,32,1,,0x00000000,ok:1,#,confirmed,evt(ch32v10x.h)+rm-address(CH32xRM.PDF)
CH32V103,DMA_Channel,CFGR,0x000,32,1,,0x00000000,ok:7,#,confirmed,evt(ch32v10x.h)+rm-address(CH32xRM.PDF)
CH32V103,DMA_Channel,CNTR,0x004,32,1,,0x00000000,ok:7,#,confirmed,evt(ch32v10x.h)+rm-address(CH32xRM.PDF)
CH32V103,DMA_Channel,PADDR,0x008,32,1,,0x00000000,ok:7,#,confirmed,evt(ch32v10x.h)+rm-address(CH32xRM.PDF)
CH32V103,DMA_Channel,MADDR,0x00c,32,1,,0x00000000,ok:7,#,confirmed,evt(ch32v10x.h)+rm-address(CH32xRM.PDF)
CH32V103,EXTEN,EXTEN_CTR,0x000,32,1,,0x00000200,ok:1,#,confirmed,evt(ch32v10x.h)+rm-address(CH32xRM.PDF)
CH32V103,EXTI,INTENR,0x000,32,1,EXTI_INTENR,0x00000000,ok:1,#,confirmed,evt(ch32v10x.h)+rm(CH32xRM.PDF)+rm-address(CH32xRM.PDF)
CH32V103,EXTI,EVENR,0x004,32,1,EXTI_EVENR,0x00000000,ok:1,#,confirmed,evt(ch32v10x.h)+rm(CH32xRM.PDF)+rm-address(CH32xRM.PDF)
CH32V103,EXTI,RTENR,0x008,32,1,EXTI_RTENR,0x00000000,ok:1,#,confirmed,evt(ch32v10x.h)+rm(CH32xRM.PDF)+rm-address(CH32xRM.PDF)
CH32V103,EXTI,FTENR,0x00c,32,1,EXTI_FTENR,0x00000000,ok:1,#,confirmed,evt(ch32v10x.h)+rm(CH32xRM.PDF)+rm-address(CH32xRM.PDF)
CH32V103,EXTI,SWIEVR,0x010,32,1,EXTI_SWIEVR,0x00000000,ok:1,#,confirmed,evt(ch32v10x.h)+rm(CH32xRM.PDF)+rm-address(CH32xRM.PDF)
CH32V103,EXTI,INTFR,0x014,32,1,EXTI_INTFR,0x0000XXXX,ok:1,#,confirmed,evt(ch32v10x.h)+rm(CH32xRM.PDF)+rm-address(CH32xRM.PDF)
CH32V103,FLASH,ACTLR,0x000,32,1,FLASH_ACTLR,0x00000030,ok:1,#,confirmed,evt(ch32v10x.h)+rm(CH32xRM.PDF)+rm-address(CH32xRM.PDF)
CH32V103,FLASH,KEYR,0x004,32,1,FLASH_KEYR,X,ok:1,#,confirmed,evt(ch32v10x.h)+rm(CH32xRM.PDF)+rm-address(CH32xRM.PDF)
CH32V103,FLASH,OBKEYR,0x008,32,1,FLASH_OBKEYR,X,ok:1,#,confirmed,evt(ch32v10x.h)+rm(CH32xRM.PDF)+rm-address(CH32xRM.PDF)
CH32V103,FLASH,STATR,0x00c,32,1,FLASH_STATR,0x00000000,ok:1,#,confirmed,evt(ch32v10x.h)+rm(CH32xRM.PDF)+rm-address(CH32xRM.PDF)
CH32V103,FLASH,CTLR,0x010,32,1,FLASH_CTLR,0x00000080,ok:1,#,confirmed,evt(ch32v10x.h)+rm(CH32xRM.PDF)+rm-address(CH32xRM.PDF)
CH32V103,FLASH,ADDR,0x014,32,1,FLASH_ADDR,X,ok:1,#,confirmed,evt(ch32v10x.h)+rm(CH32xRM.PDF)+rm-address(CH32xRM.PDF)
CH32V103,FLASH,OBR,0x01c,32,1,FLASH_OBR,0x03FFFFFC,ok:1,#,confirmed,evt(ch32v10x.h)+rm(CH32xRM.PDF)+rm-address(CH32xRM.PDF)
CH32V103,FLASH,WPR,0x020,32,1,FLASH_WPR,0xFFFFFFF,ok:1,#,confirmed,evt(ch32v10x.h)+rm(CH32xRM.PDF)+rm-address(CH32xRM.PDF)
CH32V103,FLASH,MODEKEYR,0x024,32,1,FLASH_MODEKEYR,X,ok:1,#,confirmed,evt(ch32v10x.h)+rm(CH32xRM.PDF)+rm-address(CH32xRM.PDF)
CH32V103,GPIO,CFGLR,0x000,32,1,,0x44444444,ok:4,#,confirmed,evt(ch32v10x.h)+rm-address(CH32xRM.PDF)
CH32V103,GPIO,CFGHR,0x004,32,1,,0x44444444,ok:4,#,confirmed,evt(ch32v10x.h)+rm-address(CH32xRM.PDF)
CH32V103,GPIO,INDR,0x008,32,1,GPIOx_INDR,0x0000XXXX,ok:4,#,confirmed,evt(ch32v10x.h)+rm(CH32xRM.PDF)+rm-address(CH32xRM.PDF)
CH32V103,GPIO,OUTDR,0x00c,32,1,GPIOx_OUTDR,0x00000000,ok:4,#,confirmed,evt(ch32v10x.h)+rm(CH32xRM.PDF)+rm-address(CH32xRM.PDF)
CH32V103,GPIO,BSHR,0x010,32,1,GPIOx_BSHR,0x00000000,ok:4,#,confirmed,evt(ch32v10x.h)+rm(CH32xRM.PDF)+rm-address(CH32xRM.PDF)
CH32V103,GPIO,BCR,0x014,32,1,GPIOx_BCR,0x00000000,ok:4,#,confirmed,evt(ch32v10x.h)+rm(CH32xRM.PDF)+rm-address(CH32xRM.PDF)
CH32V103,GPIO,LCKR,0x018,32,1,GPIOx_LCKR,0x00000000,ok:4,#,confirmed,evt(ch32v10x.h)+rm(CH32xRM.PDF)+rm-address(CH32xRM.PDF)
CH32V103,I2C,CTLR1,0x000,16,1,I2Cx_CTLR1,0x0000,ok:2,#,confirmed,evt(ch32v10x.h)+rm(CH32xRM.PDF)+rm-address(CH32xRM.PDF)
CH32V103,I2C,CTLR2,0x004,16,1,I2Cx_CTLR2,0x0000,ok:2,#,confirmed,evt(ch32v10x.h)+rm(CH32xRM.PDF)+rm-address(CH32xRM.PDF)
CH32V103,I2C,OADDR1,0x008,16,1,I2Cx_OADDR1,0x0000,ok:2,#,confirmed,evt(ch32v10x.h)+rm(CH32xRM.PDF)+rm-address(CH32xRM.PDF)
CH32V103,I2C,OADDR2,0x00c,16,1,I2Cx_OADDR2,0x0000,ok:2,#,confirmed,evt(ch32v10x.h)+rm(CH32xRM.PDF)+rm-address(CH32xRM.PDF)
CH32V103,I2C,DATAR,0x010,16,1,,0x0000,ok:2,#,confirmed,evt(ch32v10x.h)+rm-address(CH32xRM.PDF)
CH32V103,I2C,STAR1,0x014,16,1,I2Cx_STAR1,0x0000,ok:2,#,confirmed,evt(ch32v10x.h)+rm(CH32xRM.PDF)+rm-address(CH32xRM.PDF)
CH32V103,I2C,STAR2,0x018,16,1,I2Cx_STAR2,0x0000,ok:2,#,confirmed,evt(ch32v10x.h)+rm(CH32xRM.PDF)+rm-address(CH32xRM.PDF)
CH32V103,I2C,CKCFGR,0x01c,16,1,I2Cx_CKCFGR,0x0000,ok:2,#,confirmed,evt(ch32v10x.h)+rm(CH32xRM.PDF)+rm-address(CH32xRM.PDF)
CH32V103,I2C,RTR,0x020,16,1,I2Cx_RTR,0x0002,ok:2,#,confirmed,evt(ch32v10x.h)+rm(CH32xRM.PDF)+rm-address(CH32xRM.PDF)
CH32V103,IWDG,CTLR,0x000,32,1,IWDG_CTLR,0x0000,ok:1,#,confirmed,evt(ch32v10x.h)+rm(CH32xRM.PDF)+rm-address(CH32xRM.PDF)
CH32V103,IWDG,PSCR,0x004,32,1,IWDG_PSCR,0x0000,ok:1,#,confirmed,evt(ch32v10x.h)+rm(CH32xRM.PDF)+rm-address(CH32xRM.PDF)
CH32V103,IWDG,RLDR,0x008,32,1,IWDG_RLDR,0x0FFF,ok:1,#,confirmed,evt(ch32v10x.h)+rm(CH32xRM.PDF)+rm-address(CH32xRM.PDF)
CH32V103,IWDG,STATR,0x00c,32,1,IWDG_STATR,0x0000,ok:1,#,confirmed,evt(ch32v10x.h)+rm(CH32xRM.PDF)+rm-address(CH32xRM.PDF)
CH32V103,OB,RDPR,0x000,16,1,,,,#,reference,evt(ch32v10x.h)
CH32V103,OB,USER,0x002,16,1,,,,#,reference,evt(ch32v10x.h)
CH32V103,OB,Data0,0x004,16,1,,,,#,reference,evt(ch32v10x.h)
CH32V103,OB,Data1,0x006,16,1,,,,#,reference,evt(ch32v10x.h)
CH32V103,OB,WRPR0,0x008,16,1,,,,#,reference,evt(ch32v10x.h)
CH32V103,OB,WRPR1,0x00a,16,1,,,,#,reference,evt(ch32v10x.h)
CH32V103,OB,WRPR2,0x00c,16,1,,,,#,reference,evt(ch32v10x.h)
CH32V103,OB,WRPR3,0x00e,16,1,,,,#,reference,evt(ch32v10x.h)
CH32V103,PWR,CTLR,0x000,32,1,PWR_CTLR,0x00000000,ok:1,#,confirmed,evt(ch32v10x.h)+rm(CH32xRM.PDF)+rm-address(CH32xRM.PDF)
CH32V103,PWR,CSR,0x004,32,1,PWR_CSR,0x00000000,ok:1,#,confirmed,evt(ch32v10x.h)+rm(CH32xRM.PDF)+rm-address(CH32xRM.PDF)
CH32V103,RCC,CTLR,0x000,32,1,RCC_CTLR,0x0000xx83,ok:1,#,confirmed,evt(ch32v10x.h)+rm(CH32xRM.PDF)+rm-address(CH32xRM.PDF)
CH32V103,RCC,CFGR0,0x004,32,1,RCC_CFGR0,0x00000000,ok:1,#,confirmed,evt(ch32v10x.h)+rm(CH32xRM.PDF)+rm-address(CH32xRM.PDF)
CH32V103,RCC,INTR,0x008,32,1,RCC_INTR,0x00000000,ok:1,#,confirmed,evt(ch32v10x.h)+rm(CH32xRM.PDF)+rm-address(CH32xRM.PDF)
CH32V103,RCC,APB2PRSTR,0x00c,32,1,RCC_APB2PRSTR,0x00000000,ok:1,#,confirmed,evt(ch32v10x.h)+rm(CH32xRM.PDF)+rm-address(CH32xRM.PDF)
CH32V103,RCC,APB1PRSTR,0x010,32,1,RCC_APB1PRSTR,0x00000000,ok:1,#,confirmed,evt(ch32v10x.h)+rm(CH32xRM.PDF)+rm-address(CH32xRM.PDF)
CH32V103,RCC,AHBPCENR,0x014,32,1,RCC_AHBPCENR,0x00000014,ok:1,#,confirmed,evt(ch32v10x.h)+rm(CH32xRM.PDF)+rm-address(CH32xRM.PDF)
CH32V103,RCC,APB2PCENR,0x018,32,1,RCC_APB2PCENR,0x00000000,ok:1,#,confirmed,evt(ch32v10x.h)+rm(CH32xRM.PDF)+rm-address(CH32xRM.PDF)
CH32V103,RCC,APB1PCENR,0x01c,32,1,RCC_APB1PCENR,0x00000000,ok:1,#,confirmed,evt(ch32v10x.h)+rm(CH32xRM.PDF)+rm-address(CH32xRM.PDF)
CH32V103,RCC,BDCTLR,0x020,32,1,RCC_BDCTLR,0x00000000,ok:1,#,confirmed,evt(ch32v10x.h)+rm(CH32xRM.PDF)+rm-address(CH32xRM.PDF)
CH32V103,RCC,RSTSCKR,0x024,32,1,RCC_RSTSCKR,0x0C000000,ok:1,#,confirmed,evt(ch32v10x.h)+rm(CH32xRM.PDF)+rm-address(CH32xRM.PDF)
CH32V103,RTC,CTLRH,0x000,16,1,RTC_CTLRH,0x0000,ok:1,#,confirmed,evt(ch32v10x.h)+rm(CH32xRM.PDF)+rm-address(CH32xRM.PDF)
CH32V103,RTC,CTLRL,0x004,16,1,RTC_CTLRL,0x0020,ok:1,#,confirmed,evt(ch32v10x.h)+rm(CH32xRM.PDF)+rm-address(CH32xRM.PDF)
CH32V103,RTC,PSCRH,0x008,16,1,RTC_PSCRH,0x000X,ok:1,#,confirmed,evt(ch32v10x.h)+rm(CH32xRM.PDF)+rm-address(CH32xRM.PDF)
CH32V103,RTC,PSCRL,0x00c,16,1,RTC_PSCRL,0xXXXX,ok:1,#,confirmed,evt(ch32v10x.h)+rm(CH32xRM.PDF)+rm-address(CH32xRM.PDF)
CH32V103,RTC,DIVH,0x010,16,1,RTC_DIVH,0x000X,ok:1,#,confirmed,evt(ch32v10x.h)+rm(CH32xRM.PDF)+rm-address(CH32xRM.PDF)
CH32V103,RTC,DIVL,0x014,16,1,RTC_DIVL,0xXXXX,ok:1,#,confirmed,evt(ch32v10x.h)+rm(CH32xRM.PDF)+rm-address(CH32xRM.PDF)
CH32V103,RTC,CNTH,0x018,16,1,RTC_CNTH,0xXXXX,ok:1,#,confirmed,evt(ch32v10x.h)+rm(CH32xRM.PDF)+rm-address(CH32xRM.PDF)
CH32V103,RTC,CNTL,0x01c,16,1,RTC_CNTL,0xXXXX,ok:1,#,confirmed,evt(ch32v10x.h)+rm(CH32xRM.PDF)+rm-address(CH32xRM.PDF)
CH32V103,RTC,ALRMH,0x020,16,1,RTC_ALRMH,0xXXXX,ok:1,#,confirmed,evt(ch32v10x.h)+rm(CH32xRM.PDF)+rm-address(CH32xRM.PDF)
CH32V103,RTC,ALRML,0x024,16,1,RTC_ALRML,0xXXXX,ok:1,#,confirmed,evt(ch32v10x.h)+rm(CH32xRM.PDF)+rm-address(CH32xRM.PDF)
CH32V103,SPI,CTLR1,0x000,16,1,SPIx_CTLR1,0x0000,ok:2,#,confirmed,evt(ch32v10x.h)+rm(CH32xRM.PDF)+rm-address(CH32xRM.PDF)
CH32V103,SPI,CTLR2,0x004,16,1,SPIx_CTLR2,0x0000,ok:2,#,confirmed,evt(ch32v10x.h)+rm(CH32xRM.PDF)+rm-address(CH32xRM.PDF)
CH32V103,SPI,STATR,0x008,16,1,SPIx_STATR,0x0002,ok:2,#,confirmed,evt(ch32v10x.h)+rm(CH32xRM.PDF)+rm-address(CH32xRM.PDF)
CH32V103,SPI,DATAR,0x00c,16,1,SPIx_DATAR,0x0000,ok:2,#,confirmed,evt(ch32v10x.h)+rm(CH32xRM.PDF)+rm-address(CH32xRM.PDF)
CH32V103,SPI,CRCR,0x010,16,1,SPIx_CRCR,0x0007,ok:2,#,confirmed,evt(ch32v10x.h)+rm(CH32xRM.PDF)+rm-address(CH32xRM.PDF)
CH32V103,SPI,RCRCR,0x014,16,1,SPIx_RCRCR,0x0000,ok:2,#,confirmed,evt(ch32v10x.h)+rm(CH32xRM.PDF)+rm-address(CH32xRM.PDF)
CH32V103,SPI,TCRCR,0x018,16,1,SPIx_TCRCR,0x0000,ok:2,#,confirmed,evt(ch32v10x.h)+rm(CH32xRM.PDF)+rm-address(CH32xRM.PDF)
CH32V103,SPI,HSCR,0x024,16,1,SPIx_HSCR,0x0000,ok:2,#,confirmed,evt(ch32v10x.h)+rm(CH32xRM.PDF)+rm-address(CH32xRM.PDF)
CH32V103,TIM,CTLR1,0x000,16,1,TIMx_CTLR1,0x0000,ok:4,#,confirmed,evt(ch32v10x.h)+rm(CH32xRM.PDF)+rm-address(CH32xRM.PDF)
CH32V103,TIM,CTLR2,0x004,16,1,TIMx_CTLR2,0x0000,ok:4,#,confirmed,evt(ch32v10x.h)+rm(CH32xRM.PDF)+rm-address(CH32xRM.PDF)
CH32V103,TIM,SMCFGR,0x008,16,1,TIMx_SMCFGR,0x0000,ok:4,#,confirmed,evt(ch32v10x.h)+rm(CH32xRM.PDF)+rm-address(CH32xRM.PDF)
CH32V103,TIM,DMAINTENR,0x00c,16,1,TIMx_DMAINTENR,0x0000,ok:4,#,confirmed,evt(ch32v10x.h)+rm(CH32xRM.PDF)+rm-address(CH32xRM.PDF)
CH32V103,TIM,INTFR,0x010,16,1,TIM1_INTFR,0x0000,ok:4,#,confirmed,evt(ch32v10x.h)+rm(CH32xRM.PDF)+rm-address(CH32xRM.PDF)
CH32V103,TIM,SWEVGR,0x014,16,1,TIMx_SWEVGR,0x0000,ok:4,#,confirmed,evt(ch32v10x.h)+rm(CH32xRM.PDF)+rm-address(CH32xRM.PDF)
CH32V103,TIM,CHCTLR1,0x018,16,1,TIMx_CHCTLR1,0x0000,ok:4,#,confirmed,evt(ch32v10x.h)+rm(CH32xRM.PDF)+rm-address(CH32xRM.PDF)
CH32V103,TIM,CHCTLR2,0x01c,16,1,TIMx_CHCTLR2,0x0000,ok:4,#,confirmed,evt(ch32v10x.h)+rm(CH32xRM.PDF)+rm-address(CH32xRM.PDF)
CH32V103,TIM,CCER,0x020,16,1,TIMx_CCER,0x0000,ok:4,#,confirmed,evt(ch32v10x.h)+rm(CH32xRM.PDF)+rm-address(CH32xRM.PDF)
CH32V103,TIM,CNT,0x024,16,1,TIMx_CNT,0x0000,ok:4,#,confirmed,evt(ch32v10x.h)+rm(CH32xRM.PDF)+rm-address(CH32xRM.PDF)
CH32V103,TIM,PSC,0x028,16,1,TIMx_PSC,0x0000,ok:4,#,confirmed,evt(ch32v10x.h)+rm(CH32xRM.PDF)+rm-address(CH32xRM.PDF)
CH32V103,TIM,ATRLR,0x02c,16,1,TIMx_ATRLR,0xFFFF,ok:4,#,confirmed,evt(ch32v10x.h)+rm(CH32xRM.PDF)+rm-address(CH32xRM.PDF)
CH32V103,TIM,RPTCR,0x030,16,1,TIM1_RPTCR,0x0000,ok:1,#,confirmed,evt(ch32v10x.h)+rm(CH32xRM.PDF)+rm-address(CH32xRM.PDF)
CH32V103,TIM,CH1CVR,0x034,16,1,TIMx_CH1CVR,0x0000,ok:4,#,confirmed,evt(ch32v10x.h)+rm(CH32xRM.PDF)+rm-address(CH32xRM.PDF)
CH32V103,TIM,CH2CVR,0x038,16,1,TIMx_CH2CVR,0x0000,ok:4,#,confirmed,evt(ch32v10x.h)+rm(CH32xRM.PDF)+rm-address(CH32xRM.PDF)
CH32V103,TIM,CH3CVR,0x03c,16,1,TIMx_CH3CVR,0x0000,ok:4,#,confirmed,evt(ch32v10x.h)+rm(CH32xRM.PDF)+rm-address(CH32xRM.PDF)
CH32V103,TIM,CH4CVR,0x040,16,1,TIMx_CH4CVR,0x0000,ok:4,#,confirmed,evt(ch32v10x.h)+rm(CH32xRM.PDF)+rm-address(CH32xRM.PDF)
CH32V103,TIM,BDTR,0x044,16,1,TIM1_BDTR,0x0000,ok:1,#,confirmed,evt(ch32v10x.h)+rm(CH32xRM.PDF)+rm-address(CH32xRM.PDF)
CH32V103,TIM,DMACFGR,0x048,16,1,TIMx_DMACFGR,0x0000,ok:4,#,confirmed,evt(ch32v10x.h)+rm(CH32xRM.PDF)+rm-address(CH32xRM.PDF)
CH32V103,TIM,DMAADR,0x04c,16,1,,0x0000,ok:4,#,confirmed,evt(ch32v10x.h)+rm-address(CH32xRM.PDF)
CH32V103,USART,STATR,0x000,16,1,,0x000000C0,ok:3,#,confirmed,evt(ch32v10x.h)+rm-address(CH32xRM.PDF)
CH32V103,USART,DATAR,0x004,16,1,USARTx_DATAR,0x000000XX,ok:3,#,confirmed,evt(ch32v10x.h)+rm(CH32xRM.PDF)+rm-address(CH32xRM.PDF)
CH32V103,USART,BRR,0x008,16,1,USARTx_BRR,0x00000000,ok:3,#,confirmed,evt(ch32v10x.h)+rm(CH32xRM.PDF)+rm-address(CH32xRM.PDF)
CH32V103,USART,CTLR1,0x00c,16,1,USARTx_CTLR1,0x00000000,ok:3,#,confirmed,evt(ch32v10x.h)+rm(CH32xRM.PDF)+rm-address(CH32xRM.PDF)
CH32V103,USART,CTLR2,0x010,16,1,USARTx_CTLR2,0x00000000,ok:3,#,confirmed,evt(ch32v10x.h)+rm(CH32xRM.PDF)+rm-address(CH32xRM.PDF)
CH32V103,USART,CTLR3,0x014,16,1,USARTx_CTLR3,0x00000000,ok:3,#,confirmed,evt(ch32v10x.h)+rm(CH32xRM.PDF)+rm-address(CH32xRM.PDF)
CH32V103,USART,GPR,0x018,16,1,USARTx_GPR,0x00000000,ok:2,#,confirmed,evt(ch32v10x.h)+rm(CH32xRM.PDF)+rm-address(CH32xRM.PDF)
CH32V103,WWDG,CTLR,0x000,32,1,WWDG_CTLR,0x007F,ok:1,#,confirmed,evt(ch32v10x.h)+rm(CH32xRM.PDF)+rm-address(CH32xRM.PDF)
CH32V103,WWDG,CFGR,0x004,32,1,WWDG_CFGR,0x007F,ok:1,#,confirmed,evt(ch32v10x.h)+rm(CH32xRM.PDF)+rm-address(CH32xRM.PDF)
CH32V103,WWDG,STATR,0x008,32,1,WWDG_STATR,0x0000,ok:1,#,confirmed,evt(ch32v10x.h)+rm(CH32xRM.PDF)+rm-address(CH32xRM.PDF)
CH32V205,ADC,STATR,0x000,32,1,ADC_STATR,0x00000000,ok:1,#,confirmed,evt(ch32v205.h)+rm(CH32V205RM.PDF)+rm-address(CH32V205RM.PDF)
CH32V205,ADC,CTLR1,0x004,32,1,ADC_CTLR1,0x00000000,ok:1,#,confirmed,evt(ch32v205.h)+rm(CH32V205RM.PDF)+rm-address(CH32V205RM.PDF)
CH32V205,ADC,CTLR2,0x008,32,1,ADC_CTLR2,0x00000000,ok:1,#,confirmed,evt(ch32v205.h)+rm(CH32V205RM.PDF)+rm-address(CH32V205RM.PDF)
CH32V205,ADC,SAMPTR1,0x00c,32,1,ADC_SAMPTR1,0x00000000,ok:1,#,confirmed,evt(ch32v205.h)+rm(CH32V205RM.PDF)+rm-address(CH32V205RM.PDF)
CH32V205,ADC,SAMPTR2,0x010,32,1,ADC_SAMPTR2,0x00000000,ok:1,#,confirmed,evt(ch32v205.h)+rm(CH32V205RM.PDF)+rm-address(CH32V205RM.PDF)
CH32V205,ADC,IOFR1,0x014,32,1,,0x00000000,ok:1,#,confirmed,evt(ch32v205.h)+rm-address(CH32V205RM.PDF)
CH32V205,ADC,IOFR2,0x018,32,1,,0x00000000,ok:1,#,confirmed,evt(ch32v205.h)+rm-address(CH32V205RM.PDF)
CH32V205,ADC,IOFR3,0x01c,32,1,,0x00000000,ok:1,#,confirmed,evt(ch32v205.h)+rm-address(CH32V205RM.PDF)
CH32V205,ADC,IOFR4,0x020,32,1,,0x00000000,ok:1,#,confirmed,evt(ch32v205.h)+rm-address(CH32V205RM.PDF)
CH32V205,ADC,WDHTR,0x024,32,1,ADC_WDHTR,0x00000FFF,ok:1,#,confirmed,evt(ch32v205.h)+rm(CH32V205RM.PDF)+rm-address(CH32V205RM.PDF)
CH32V205,ADC,WDLTR,0x028,32,1,ADC_WDLTR,0x00000000,ok:1,#,confirmed,evt(ch32v205.h)+rm(CH32V205RM.PDF)+rm-address(CH32V205RM.PDF)
CH32V205,ADC,RSQR1,0x02c,32,1,ADC_RSQR1,0x00000000,ok:1,#,confirmed,evt(ch32v205.h)+rm(CH32V205RM.PDF)+rm-address(CH32V205RM.PDF)
CH32V205,ADC,RSQR2,0x030,32,1,ADC_RSQR2,0x00000000,ok:1,#,confirmed,evt(ch32v205.h)+rm(CH32V205RM.PDF)+rm-address(CH32V205RM.PDF)
CH32V205,ADC,RSQR3,0x034,32,1,ADC_RSQR3,0x00000000,ok:1,#,confirmed,evt(ch32v205.h)+rm(CH32V205RM.PDF)+rm-address(CH32V205RM.PDF)
CH32V205,ADC,ISQR,0x038,32,1,ADC_ISQR,0x00000000,ok:1,#,confirmed,evt(ch32v205.h)+rm(CH32V205RM.PDF)+rm-address(CH32V205RM.PDF)
CH32V205,ADC,IDATAR1,0x03c,32,1,,0x00000000,ok:1,#,confirmed,evt(ch32v205.h)+rm-address(CH32V205RM.PDF)
CH32V205,ADC,IDATAR2,0x040,32,1,,0x00000000,ok:1,#,confirmed,evt(ch32v205.h)+rm-address(CH32V205RM.PDF)
CH32V205,ADC,IDATAR3,0x044,32,1,,0x00000000,ok:1,#,confirmed,evt(ch32v205.h)+rm-address(CH32V205RM.PDF)
CH32V205,ADC,IDATAR4,0x048,32,1,,0x00000000,ok:1,#,confirmed,evt(ch32v205.h)+rm-address(CH32V205RM.PDF)
CH32V205,ADC,RDATAR,0x04c,32,1,ADC_RDATAR,0x00000000,ok:1,#,confirmed,evt(ch32v205.h)+rm(CH32V205RM.PDF)+rm-address(CH32V205RM.PDF)
CH32V205,AFIO,ECR,0x000,32,1,AFIO_ECR,0x00000000,ok:1,#,confirmed,evt(ch32v205.h)+rm(CH32V205RM.PDF)+rm-address(CH32V205RM.PDF)
CH32V205,AFIO,PCFR1,0x004,32,1,AFIO_PCFR1,0x00000000,ok:1,#,confirmed,evt(ch32v205.h)+rm(CH32V205RM.PDF)+rm-address(CH32V205RM.PDF)
CH32V205,AFIO,EXTICR,0x008,32,4,,0x00000000,ok:4,#,confirmed,evt(ch32v205.h)+rm-address(CH32V205RM.PDF)
CH32V205,AFIO,CR,0x018,32,1,AFIO_CR,0x00000000,ok:1,#,confirmed,evt(ch32v205.h)+rm(CH32V205RM.PDF)+rm-address(CH32V205RM.PDF)
CH32V205,AFIO,GPIOA_AFLR,0x020,32,1,,0x00000000,ok:1,#,confirmed,evt(ch32v205.h)+rm-address(CH32V205RM.PDF)
CH32V205,AFIO,GPIOA_AFHR,0x024,32,1,,0x00000000,ok:1,#,confirmed,evt(ch32v205.h)+rm-address(CH32V205RM.PDF)
CH32V205,AFIO,GPIOB_AFLR,0x028,32,1,,0x00000000,ok:1,#,confirmed,evt(ch32v205.h)+rm-address(CH32V205RM.PDF)
CH32V205,AFIO,GPIOB_AFHR,0x02c,32,1,,0x00000000,ok:1,#,confirmed,evt(ch32v205.h)+rm-address(CH32V205RM.PDF)
CH32V205,AFIO,GPIOC_AFLR,0x030,32,1,,0x00000000,ok:1,#,confirmed,evt(ch32v205.h)+rm-address(CH32V205RM.PDF)
CH32V205,AFIO,GPIOC_AFHR,0x034,32,1,,0x00000000,ok:1,#,confirmed,evt(ch32v205.h)+rm-address(CH32V205RM.PDF)
CH32V205,AFIO,GPIOD_AFLR,0x038,32,1,,0x00000000,ok:1,#,confirmed,evt(ch32v205.h)+rm-address(CH32V205RM.PDF)
CH32V205,AFIO,GPIOD_AFHR,0x03c,32,1,,0x00000000,ok:1,#,confirmed,evt(ch32v205.h)+rm-address(CH32V205RM.PDF)
CH32V205,AFIO,GPIOE_AFLR,0x040,32,1,,0x00000000,ok:1,#,confirmed,evt(ch32v205.h)+rm-address(CH32V205RM.PDF)
CH32V205,AFIO,GPIOE_AFHR,0x044,32,1,,0x00000000,ok:1,#,confirmed,evt(ch32v205.h)+rm-address(CH32V205RM.PDF)
CH32V205,BKP,DATAR1,0x004,16,1,,0x0000,ok:1,#,confirmed,evt(ch32v205.h)+rm-address(CH32V205RM.PDF)
CH32V205,BKP,DATAR2,0x008,16,1,,0x0000,ok:1,#,confirmed,evt(ch32v205.h)+rm-address(CH32V205RM.PDF)
CH32V205,BKP,DATAR3,0x00c,16,1,,0x0000,ok:1,#,confirmed,evt(ch32v205.h)+rm-address(CH32V205RM.PDF)
CH32V205,BKP,DATAR4,0x010,16,1,,0x0000,ok:1,#,confirmed,evt(ch32v205.h)+rm-address(CH32V205RM.PDF)
CH32V205,BKP,DATAR5,0x014,16,1,,0x0000,ok:1,#,confirmed,evt(ch32v205.h)+rm-address(CH32V205RM.PDF)
CH32V205,BKP,DATAR6,0x018,16,1,,0x0000,ok:1,#,confirmed,evt(ch32v205.h)+rm-address(CH32V205RM.PDF)
CH32V205,BKP,DATAR7,0x01c,16,1,,0x0000,ok:1,#,confirmed,evt(ch32v205.h)+rm-address(CH32V205RM.PDF)
CH32V205,BKP,DATAR8,0x020,16,1,,0x0000,ok:1,#,confirmed,evt(ch32v205.h)+rm-address(CH32V205RM.PDF)
CH32V205,BKP,DATAR9,0x024,16,1,,0x0000,ok:1,#,confirmed,evt(ch32v205.h)+rm-address(CH32V205RM.PDF)
CH32V205,BKP,DATAR10,0x028,16,1,,0x0000,ok:1,#,confirmed,evt(ch32v205.h)+rm-address(CH32V205RM.PDF)
CH32V205,BKP,OCTLR,0x02c,16,1,BKP_OCTLR,0x0000,ok:1,#,confirmed,evt(ch32v205.h)+rm(CH32V205RM.PDF)+rm-address(CH32V205RM.PDF)
CH32V205,BKP,TPCTLR,0x030,16,1,BKP_TPCTLR,0x0000,ok:1,#,confirmed,evt(ch32v205.h)+rm(CH32V205RM.PDF)+rm-address(CH32V205RM.PDF)
CH32V205,BKP,TPCSR,0x034,16,1,BKP_TPCSR,0x0000,ok:1,#,confirmed,evt(ch32v205.h)+rm(CH32V205RM.PDF)+rm-address(CH32V205RM.PDF)
CH32V205,CAN,CTLR,0x000,32,1,CAN1_CTLR,0x00010002,ok:1,#,confirmed,evt(ch32v205.h)+rm(CH32V205RM.PDF)+rm-address(CH32V205RM.PDF)
CH32V205,CAN,STATR,0x004,32,1,CAN1_STATR,0x00000x02,ok:1,#,confirmed,evt(ch32v205.h)+rm(CH32V205RM.PDF)+rm-address(CH32V205RM.PDF)
CH32V205,CAN,TSTATR,0x008,32,1,CAN1_TSTATR,0x1C000000,ok:1,#,confirmed,evt(ch32v205.h)+rm(CH32V205RM.PDF)+rm-address(CH32V205RM.PDF)
CH32V205,CAN,RFIFO0,0x00c,32,1,CAN1_RFIFO0,0x00000000,ok:1,#,confirmed,evt(ch32v205.h)+rm(CH32V205RM.PDF)+rm-address(CH32V205RM.PDF)
CH32V205,CAN,RFIFO1,0x010,32,1,CAN1_RFIFO1,0x00000000,ok:1,#,confirmed,evt(ch32v205.h)+rm(CH32V205RM.PDF)+rm-address(CH32V205RM.PDF)
CH32V205,CAN,INTENR,0x014,32,1,CAN1_INTENR,0x00000000,ok:1,#,confirmed,evt(ch32v205.h)+rm(CH32V205RM.PDF)+rm-address(CH32V205RM.PDF)
CH32V205,CAN,ERRSR,0x018,32,1,CAN1_ERRSR,0x00000000,ok:1,#,confirmed,evt(ch32v205.h)+rm(CH32V205RM.PDF)+rm-address(CH32V205RM.PDF)
CH32V205,CAN,BTIMR,0x01c,32,1,CAN1_BTIMR,0x01230000,ok:1,#,confirmed,evt(ch32v205.h)+rm(CH32V205RM.PDF)+rm-address(CH32V205RM.PDF)
CH32V205,CAN,TTCTLR,0x020,32,1,CAN1_TTCTLR,0x0000FFFF,ok:1,#,confirmed,evt(ch32v205.h)+rm(CH32V205RM.PDF)+rm-address(CH32V205RM.PDF)
CH32V205,CAN,TTCNT,0x024,32,1,CAN1_TTCNT,0x00000000,ok:1,#,confirmed,evt(ch32v205.h)+rm(CH32V205RM.PDF)+rm-address(CH32V205RM.PDF)
CH32V205,CAN,TERR_CNT,0x028,32,1,CAN1_TERR_CNT,0x00000000,ok:1,#,confirmed,evt(ch32v205.h)+rm(CH32V205RM.PDF)+rm-address(CH32V205RM.PDF)
CH32V205,CAN,sTxMailBox[0].TXMIR,0x180,32,1,,X,ok:1,#,confirmed,evt(ch32v205.h)+rm-address(CH32V205RM.PDF)
CH32V205,CAN,sTxMailBox[0].TXMDTR,0x184,32,1,,X,ok:1,#,confirmed,evt(ch32v205.h)+rm-address(CH32V205RM.PDF)
CH32V205,CAN,sTxMailBox[0].TXMDLR,0x188,32,1,,X,ok:1,#,confirmed,evt(ch32v205.h)+rm-address(CH32V205RM.PDF)
CH32V205,CAN,sTxMailBox[0].TXMDHR,0x18c,32,1,,X,ok:1,#,confirmed,evt(ch32v205.h)+rm-address(CH32V205RM.PDF)
CH32V205,CAN,sTxMailBox[1].TXMIR,0x190,32,1,,X,ok:1,#,confirmed,evt(ch32v205.h)+rm-address(CH32V205RM.PDF)
CH32V205,CAN,sTxMailBox[1].TXMDTR,0x194,32,1,,X,ok:1,#,confirmed,evt(ch32v205.h)+rm-address(CH32V205RM.PDF)
CH32V205,CAN,sTxMailBox[1].TXMDLR,0x198,32,1,,X,ok:1,#,confirmed,evt(ch32v205.h)+rm-address(CH32V205RM.PDF)
CH32V205,CAN,sTxMailBox[1].TXMDHR,0x19c,32,1,,X,ok:1,#,confirmed,evt(ch32v205.h)+rm-address(CH32V205RM.PDF)
CH32V205,CAN,sTxMailBox[2].TXMIR,0x1a0,32,1,,X,ok:1,#,confirmed,evt(ch32v205.h)+rm-address(CH32V205RM.PDF)
CH32V205,CAN,sTxMailBox[2].TXMDTR,0x1a4,32,1,,X,ok:1,#,confirmed,evt(ch32v205.h)+rm-address(CH32V205RM.PDF)
CH32V205,CAN,sTxMailBox[2].TXMDLR,0x1a8,32,1,,X,ok:1,#,confirmed,evt(ch32v205.h)+rm-address(CH32V205RM.PDF)
CH32V205,CAN,sTxMailBox[2].TXMDHR,0x1ac,32,1,,X,ok:1,#,confirmed,evt(ch32v205.h)+rm-address(CH32V205RM.PDF)
CH32V205,CAN,sFIFOMailBox[0].RXMIR,0x1b0,32,1,,X,ok:1,#,confirmed,evt(ch32v205.h)+rm-address(CH32V205RM.PDF)
CH32V205,CAN,sFIFOMailBox[0].RXMDTR,0x1b4,32,1,,X,ok:1,#,confirmed,evt(ch32v205.h)+rm-address(CH32V205RM.PDF)
CH32V205,CAN,sFIFOMailBox[0].RXMDLR,0x1b8,32,1,,X,ok:1,#,confirmed,evt(ch32v205.h)+rm-address(CH32V205RM.PDF)
CH32V205,CAN,sFIFOMailBox[0].RXMDHR,0x1bc,32,1,,X,ok:1,#,confirmed,evt(ch32v205.h)+rm-address(CH32V205RM.PDF)
CH32V205,CAN,sFIFOMailBox[1].RXMIR,0x1c0,32,1,,X,ok:1,#,confirmed,evt(ch32v205.h)+rm-address(CH32V205RM.PDF)
CH32V205,CAN,sFIFOMailBox[1].RXMDTR,0x1c4,32,1,,X,ok:1,#,confirmed,evt(ch32v205.h)+rm-address(CH32V205RM.PDF)
CH32V205,CAN,sFIFOMailBox[1].RXMDLR,0x1c8,32,1,,X,ok:1,#,confirmed,evt(ch32v205.h)+rm-address(CH32V205RM.PDF)
CH32V205,CAN,sFIFOMailBox[1].RXMDHR,0x1cc,32,1,,X,ok:1,#,confirmed,evt(ch32v205.h)+rm-address(CH32V205RM.PDF)
CH32V205,CAN,FCTLR,0x200,32,1,CAN1_FCTLR,0x2A1C0E01,ok:1,#,confirmed,evt(ch32v205.h)+rm(CH32V205RM.PDF)+rm-address(CH32V205RM.PDF)
CH32V205,CAN,FMCFGR,0x204,32,1,CAN1_FMCFGR,0x00000000,ok:1,#,confirmed,evt(ch32v205.h)+rm(CH32V205RM.PDF)+rm-address(CH32V205RM.PDF)
CH32V205,CAN,FSCFGR,0x20c,32,1,CAN1_FSCFGR,0x00000000,ok:1,#,confirmed,evt(ch32v205.h)+rm(CH32V205RM.PDF)+rm-address(CH32V205RM.PDF)
CH32V205,CAN,FAFIFOR,0x214,32,1,CAN1_FAFIFOR,0x00000000,ok:1,#,confirmed,evt(ch32v205.h)+rm(CH32V205RM.PDF)+rm-address(CH32V205RM.PDF)
CH32V205,CAN,FWR,0x21c,32,1,CAN1_FWR,0x00000000,ok:1,#,confirmed,evt(ch32v205.h)+rm(CH32V205RM.PDF)+rm-address(CH32V205RM.PDF)
CH32V205,CAN,sFilterRegister[0].FR1,0x240,32,1,,X,ok:1,#,confirmed,evt(ch32v205.h)+rm-address(CH32V205RM.PDF)
CH32V205,CAN,sFilterRegister[0].FR2,0x244,32,1,,X,ok:1,#,confirmed,evt(ch32v205.h)+rm-address(CH32V205RM.PDF)
CH32V205,CAN,sFilterRegister[1].FR1,0x248,32,1,,X,ok:1,#,confirmed,evt(ch32v205.h)+rm-address(CH32V205RM.PDF)
CH32V205,CAN,sFilterRegister[1].FR2,0x24c,32,1,,X,ok:1,#,confirmed,evt(ch32v205.h)+rm-address(CH32V205RM.PDF)
CH32V205,CAN,sFilterRegister[2].FR1,0x250,32,1,,X,ok:1,#,confirmed,evt(ch32v205.h)+rm-address(CH32V205RM.PDF)
CH32V205,CAN,sFilterRegister[2].FR2,0x254,32,1,,X,ok:1,#,confirmed,evt(ch32v205.h)+rm-address(CH32V205RM.PDF)
CH32V205,CAN,sFilterRegister[3].FR1,0x258,32,1,,X,ok:1,#,confirmed,evt(ch32v205.h)+rm-address(CH32V205RM.PDF)
CH32V205,CAN,sFilterRegister[3].FR2,0x25c,32,1,,X,ok:1,#,confirmed,evt(ch32v205.h)+rm-address(CH32V205RM.PDF)
CH32V205,CAN,sFilterRegister[4].FR1,0x260,32,1,,X,ok:1,#,confirmed,evt(ch32v205.h)+rm-address(CH32V205RM.PDF)
CH32V205,CAN,sFilterRegister[4].FR2,0x264,32,1,,X,ok:1,#,confirmed,evt(ch32v205.h)+rm-address(CH32V205RM.PDF)
CH32V205,CAN,sFilterRegister[5].FR1,0x268,32,1,,X,ok:1,#,confirmed,evt(ch32v205.h)+rm-address(CH32V205RM.PDF)
CH32V205,CAN,sFilterRegister[5].FR2,0x26c,32,1,,X,ok:1,#,confirmed,evt(ch32v205.h)+rm-address(CH32V205RM.PDF)
CH32V205,CAN,sFilterRegister[6].FR1,0x270,32,1,,X,ok:1,#,confirmed,evt(ch32v205.h)+rm-address(CH32V205RM.PDF)
CH32V205,CAN,sFilterRegister[6].FR2,0x274,32,1,,X,ok:1,#,confirmed,evt(ch32v205.h)+rm-address(CH32V205RM.PDF)
CH32V205,CAN,sFilterRegister[7].FR1,0x278,32,1,,X,ok:1,#,confirmed,evt(ch32v205.h)+rm-address(CH32V205RM.PDF)
CH32V205,CAN,sFilterRegister[7].FR2,0x27c,32,1,,X,ok:1,#,confirmed,evt(ch32v205.h)+rm-address(CH32V205RM.PDF)
CH32V205,CAN,sFilterRegister[8].FR1,0x280,32,1,,X,ok:1,#,confirmed,evt(ch32v205.h)+rm-address(CH32V205RM.PDF)
CH32V205,CAN,sFilterRegister[8].FR2,0x284,32,1,,X,ok:1,#,confirmed,evt(ch32v205.h)+rm-address(CH32V205RM.PDF)
CH32V205,CAN,sFilterRegister[9].FR1,0x288,32,1,,X,ok:1,#,confirmed,evt(ch32v205.h)+rm-address(CH32V205RM.PDF)
CH32V205,CAN,sFilterRegister[9].FR2,0x28c,32,1,,X,ok:1,#,confirmed,evt(ch32v205.h)+rm-address(CH32V205RM.PDF)
CH32V205,CAN,sFilterRegister[10].FR1,0x290,32,1,,X,ok:1,#,confirmed,evt(ch32v205.h)+rm-address(CH32V205RM.PDF)
CH32V205,CAN,sFilterRegister[10].FR2,0x294,32,1,,X,ok:1,#,confirmed,evt(ch32v205.h)+rm-address(CH32V205RM.PDF)
CH32V205,CAN,sFilterRegister[11].FR1,0x298,32,1,,X,ok:1,#,confirmed,evt(ch32v205.h)+rm-address(CH32V205RM.PDF)
CH32V205,CAN,sFilterRegister[11].FR2,0x29c,32,1,,X,ok:1,#,confirmed,evt(ch32v205.h)+rm-address(CH32V205RM.PDF)
CH32V205,CAN,sFilterRegister[12].FR1,0x2a0,32,1,,X,ok:1,#,confirmed,evt(ch32v205.h)+rm-address(CH32V205RM.PDF)
CH32V205,CAN,sFilterRegister[12].FR2,0x2a4,32,1,,X,ok:1,#,confirmed,evt(ch32v205.h)+rm-address(CH32V205RM.PDF)
CH32V205,CAN,sFilterRegister[13].FR1,0x2a8,32,1,,X,ok:1,#,confirmed,evt(ch32v205.h)+rm-address(CH32V205RM.PDF)
CH32V205,CAN,sFilterRegister[13].FR2,0x2ac,32,1,,X,ok:1,#,confirmed,evt(ch32v205.h)+rm-address(CH32V205RM.PDF)
CH32V205,CAN_FIFOMailBox,RXMIR,0x000,32,1,,,,#,reference,evt(ch32v205.h)
CH32V205,CAN_FIFOMailBox,RXMDTR,0x004,32,1,,,,#,reference,evt(ch32v205.h)
CH32V205,CAN_FIFOMailBox,RXMDLR,0x008,32,1,,,,#,reference,evt(ch32v205.h)
CH32V205,CAN_FIFOMailBox,RXMDHR,0x00c,32,1,,,,#,reference,evt(ch32v205.h)
CH32V205,CAN_FilterRegister,FR1,0x000,32,1,,,,#,reference,evt(ch32v205.h)
CH32V205,CAN_FilterRegister,FR2,0x004,32,1,,,,#,reference,evt(ch32v205.h)
CH32V205,CAN_TxMailBox,TXMIR,0x000,32,1,,,,#,reference,evt(ch32v205.h)
CH32V205,CAN_TxMailBox,TXMDTR,0x004,32,1,,,,#,reference,evt(ch32v205.h)
CH32V205,CAN_TxMailBox,TXMDLR,0x008,32,1,,,,#,reference,evt(ch32v205.h)
CH32V205,CAN_TxMailBox,TXMDHR,0x00c,32,1,,,,#,reference,evt(ch32v205.h)
CH32V205,CRC,DATAR,0x000,32,1,CRC_DATAR,0xFFFFFFFF,ok:1,#,confirmed,evt(ch32v205.h)+rm(CH32V205RM.PDF)+rm-address(CH32V205RM.PDF)
CH32V205,CRC,IDATAR,0x004,8,1,CRC_IDATAR,0x00,ok:1,#,confirmed,evt(ch32v205.h)+rm(CH32V205RM.PDF)+rm-address(CH32V205RM.PDF)
CH32V205,CRC,CTLR,0x008,32,1,CRC_CTLR,0x00000000,ok:1,#,confirmed,evt(ch32v205.h)+rm(CH32V205RM.PDF)+rm-address(CH32V205RM.PDF)
CH32V205,DMA,INTFR,0x000,32,1,,0x00000000,ok:2,#,confirmed,evt(ch32v205.h)+rm-address(CH32V205RM.PDF)
CH32V205,DMA,INTFCR,0x004,32,1,,0x00000000,ok:2,#,confirmed,evt(ch32v205.h)+rm-address(CH32V205RM.PDF)
CH32V205,DMA_Channel,CFGR,0x000,32,1,,0x00000000,ok:16,#,confirmed,evt(ch32v205.h)+rm-address(CH32V205RM.PDF)
CH32V205,DMA_Channel,CNTR,0x004,32,1,,0x00000000,ok:16,#,confirmed,evt(ch32v205.h)+rm-address(CH32V205RM.PDF)
CH32V205,DMA_Channel,PADDR,0x008,32,1,,0x00000000,ok:16,#,confirmed,evt(ch32v205.h)+rm-address(CH32V205RM.PDF)
CH32V205,DMA_Channel,MADDR,0x00c,32,1,,0x00000000,ok:16,#,confirmed,evt(ch32v205.h)+rm-address(CH32V205RM.PDF)
CH32V205,DMA_Channel,M1ADDR,0x010,32,1,,,,#,reference,evt(ch32v205.h)
CH32V205,EXTEN,CTLR0,0x000,32,1,EXTEN_CTLR0,0x00002440,ok:1,#,confirmed,evt(ch32v205.h)+rm(CH32V205RM.PDF)+rm-address(CH32V205RM.PDF)
CH32V205,EXTEN,CTLR1,0x004,16,1,EXTEN_CTLR1,0x0000,ok:1,#,confirmed,evt(ch32v205.h)+rm(CH32V205RM.PDF)+rm-address(CH32V205RM.PDF)
CH32V205,EXTI,INTENR,0x000,32,1,EXTI_INTENR,0x00000000,ok:1,#,confirmed,evt(ch32v205.h)+rm(CH32V205RM.PDF)+rm-address(CH32V205RM.PDF)
CH32V205,EXTI,EVENR,0x004,32,1,EXTI_EVENR,0x00000000,ok:1,#,confirmed,evt(ch32v205.h)+rm(CH32V205RM.PDF)+rm-address(CH32V205RM.PDF)
CH32V205,EXTI,RTENR,0x008,32,1,EXTI_RTENR,0x00000000,ok:1,#,confirmed,evt(ch32v205.h)+rm(CH32V205RM.PDF)+rm-address(CH32V205RM.PDF)
CH32V205,EXTI,FTENR,0x00c,32,1,EXTI_FTENR,0x00000000,ok:1,#,confirmed,evt(ch32v205.h)+rm(CH32V205RM.PDF)+rm-address(CH32V205RM.PDF)
CH32V205,EXTI,SWIEVR,0x010,32,1,EXTI_SWIEVR,0x00000000,ok:1,#,confirmed,evt(ch32v205.h)+rm(CH32V205RM.PDF)+rm-address(CH32V205RM.PDF)
CH32V205,EXTI,INTFR,0x014,32,1,EXTI_INTFR,0x00000000,ok:1,#,confirmed,evt(ch32v205.h)+rm(CH32V205RM.PDF)+rm-address(CH32V205RM.PDF)
CH32V205,FLASH,ACTLR,0x000,32,1,FLASH_ACTLR,0x00000000,ok:1,#,confirmed,evt(ch32v205.h)+rm(CH32V205RM.PDF)+rm-address(CH32V205RM.PDF)
CH32V205,FLASH,KEYR,0x004,32,1,FLASH_KEYR,0xXXXXXXXX,ok:1,#,confirmed,evt(ch32v205.h)+rm(CH32V205RM.PDF)+rm-address(CH32V205RM.PDF)
CH32V205,FLASH,OBKEYR,0x008,32,1,FLASH_OBKEYR,0xXXXXXXXX,ok:1,#,confirmed,evt(ch32v205.h)+rm(CH32V205RM.PDF)+rm-address(CH32V205RM.PDF)
CH32V205,FLASH,STATR,0x00c,32,1,FLASH_STATR,0x00000000,ok:1,#,confirmed,evt(ch32v205.h)+rm(CH32V205RM.PDF)+rm-address(CH32V205RM.PDF)
CH32V205,FLASH,CTLR,0x010,32,1,FLASH_CTLR,0x00008080,ok:1,#,confirmed,evt(ch32v205.h)+rm(CH32V205RM.PDF)+rm-address(CH32V205RM.PDF)
CH32V205,FLASH,ADDR,0x014,32,1,FLASH_ADDR,0x00000000,ok:1,#,confirmed,evt(ch32v205.h)+rm(CH32V205RM.PDF)+rm-address(CH32V205RM.PDF)
CH32V205,FLASH,OBR,0x01c,32,1,FLASH_OBR,0x0XXXXXFE,ok:1,#,confirmed,evt(ch32v205.h)+rm(CH32V205RM.PDF)+rm-address(CH32V205RM.PDF)
CH32V205,FLASH,WPR,0x020,32,1,FLASH_WPR,0xXXXXXXXX,ok:1,#,confirmed,evt(ch32v205.h)+rm(CH32V205RM.PDF)+rm-address(CH32V205RM.PDF)
CH32V205,FLASH,MODEKEYR,0x024,32,1,FLASH_MODEKEYR,0xXXXXXXXX,ok:1,#,confirmed,evt(ch32v205.h)+rm(CH32V205RM.PDF)+rm-address(CH32V205RM.PDF)
CH32V205,FSMC_Bank1,BTCR,0x000,32,8,,,,#,reference,evt(ch32v205.h)
CH32V205,FSMC_Bank1E,BWTR,0x000,32,7,,,,#,reference,evt(ch32v205.h)
CH32V205,FSMC_Bank2,PCR2,0x000,32,1,,,,#,reference,evt(ch32v205.h)
CH32V205,FSMC_Bank2,SR2,0x004,32,1,,,,#,reference,evt(ch32v205.h)
CH32V205,FSMC_Bank2,PMEM2,0x008,32,1,,,,#,reference,evt(ch32v205.h)
CH32V205,FSMC_Bank2,PATT2,0x00c,32,1,,,,#,reference,evt(ch32v205.h)
CH32V205,FSMC_Bank2,ECCR2,0x014,32,1,,,,#,reference,evt(ch32v205.h)
CH32V205,GPIO,CFGLR,0x000,32,1,,0x44444444,ok:5,#,confirmed,evt(ch32v205.h)+rm-address(CH32V205RM.PDF)
CH32V205,GPIO,CFGHR,0x004,32,1,,0x44444444;0x48844444,ok:5,#,confirmed,evt(ch32v205.h)+rm-address(CH32V205RM.PDF)
CH32V205,GPIO,INDR,0x008,32,1,GPIOx_INDR,0x0000XXXX,ok:5,#,confirmed,evt(ch32v205.h)+rm(CH32V205RM.PDF)+rm-address(CH32V205RM.PDF)
CH32V205,GPIO,OUTDR,0x00c,32,1,GPIOx_OUTDR,0x00000000,ok:5,#,confirmed,evt(ch32v205.h)+rm(CH32V205RM.PDF)+rm-address(CH32V205RM.PDF)
CH32V205,GPIO,BSHR,0x010,32,1,GPIOx_BSHR,0x00000000,ok:5,#,confirmed,evt(ch32v205.h)+rm(CH32V205RM.PDF)+rm-address(CH32V205RM.PDF)
CH32V205,GPIO,BCR,0x014,32,1,GPIOx_BCR,0x00000000,ok:5,#,confirmed,evt(ch32v205.h)+rm(CH32V205RM.PDF)+rm-address(CH32V205RM.PDF)
CH32V205,GPIO,LCKR,0x018,32,1,GPIOx_LCKR,0x00000000,ok:5,#,confirmed,evt(ch32v205.h)+rm(CH32V205RM.PDF)+rm-address(CH32V205RM.PDF)
CH32V205,I2C,CTLR1,0x000,16,1,I2Cx_CTLR1,0x0000,ok:2,#,confirmed,evt(ch32v205.h)+rm(CH32V205RM.PDF)+rm-address(CH32V205RM.PDF)
CH32V205,I2C,CTLR2,0x004,16,1,I2Cx_CTLR2,0x0000,ok:2,#,confirmed,evt(ch32v205.h)+rm(CH32V205RM.PDF)+rm-address(CH32V205RM.PDF)
CH32V205,I2C,OADDR1,0x008,16,1,I2Cx_OADDR1,0x0000,ok:2,#,confirmed,evt(ch32v205.h)+rm(CH32V205RM.PDF)+rm-address(CH32V205RM.PDF)
CH32V205,I2C,OADDR2,0x00c,16,1,I2Cx_OADDR2,0x0000,ok:2,#,confirmed,evt(ch32v205.h)+rm(CH32V205RM.PDF)+rm-address(CH32V205RM.PDF)
CH32V205,I2C,DATAR,0x010,16,1,I2Cx_DATAR,0x0000,ok:2,#,confirmed,evt(ch32v205.h)+rm(CH32V205RM.PDF)+rm-address(CH32V205RM.PDF)
CH32V205,I2C,STAR1,0x014,16,1,I2Cx_STAR1,0x0000,ok:2,#,confirmed,evt(ch32v205.h)+rm(CH32V205RM.PDF)+rm-address(CH32V205RM.PDF)
CH32V205,I2C,STAR2,0x018,16,1,I2Cx_STAR2,0x0000,ok:2,#,confirmed,evt(ch32v205.h)+rm(CH32V205RM.PDF)+rm-address(CH32V205RM.PDF)
CH32V205,I2C,CKCFGR,0x01c,16,1,I2Cx_CKCFGR,0x0000,ok:2,#,confirmed,evt(ch32v205.h)+rm(CH32V205RM.PDF)+rm-address(CH32V205RM.PDF)
CH32V205,I2C,RTR,0x020,16,1,I2Cx_RTR,0x0002,ok:2,#,confirmed,evt(ch32v205.h)+rm(CH32V205RM.PDF)+rm-address(CH32V205RM.PDF)
CH32V205,IWDG,CTLR,0x000,32,1,IWDG_CTLR,0x0000,ok:1,#,confirmed,evt(ch32v205.h)+rm(CH32V205RM.PDF)+rm-address(CH32V205RM.PDF)
CH32V205,IWDG,PSCR,0x004,32,1,IWDG_PSCR,0x0000,ok:1,#,confirmed,evt(ch32v205.h)+rm(CH32V205RM.PDF)+rm-address(CH32V205RM.PDF)
CH32V205,IWDG,RLDR,0x008,32,1,IWDG_RLDR,0x0FFF,ok:1,#,confirmed,evt(ch32v205.h)+rm(CH32V205RM.PDF)+rm-address(CH32V205RM.PDF)
CH32V205,IWDG,STATR,0x00c,32,1,IWDG_STATR,0x0000,ok:1,#,confirmed,evt(ch32v205.h)+rm(CH32V205RM.PDF)+rm-address(CH32V205RM.PDF)
CH32V205,LVDS,BASE_CFG,0x000,16,1,,,,#,reference,evt(ch32v205.h)
CH32V205,LVDS,INT_EN,0x002,16,1,,,,#,reference,evt(ch32v205.h)
CH32V205,LVDS,SHST_CR,0x004,16,1,,,,#,reference,evt(ch32v205.h)
CH32V205,LVDS,LPM_CFG,0x006,8,1,,,,#,reference,evt(ch32v205.h)
CH32V205,LVDS,DEV_ADDR,0x007,8,1,,,,#,reference,evt(ch32v205.h)
CH32V205,LVDS,INT_FLAG,0x008,16,1,,,,#,reference,evt(ch32v205.h)
CH32V205,LVDS,INT_ST,0x00a,16,1,,,,#,reference,evt(ch32v205.h)
CH32V205,LVDS,LINK_CR,0x00c,32,1,,,,#,reference,evt(ch32v205.h)
CH32V205,LVDS,LINK_ST,0x010,32,1,,,,#,reference,evt(ch32v205.h)
CH32V205,LVDS,TXLPM_DAT,0x014,16,1,,,,#,reference,evt(ch32v205.h)
CH32V205,LVDS,RXLPM_DAT,0x016,16,1,,,,#,reference,evt(ch32v205.h)
CH32V205,LVDS,TX_LEN,0x018,32,1,,,,#,reference,evt(ch32v205.h)
CH32V205,LVDS,RX_LEN,0x01c,32,1,,,,#,reference,evt(ch32v205.h)
CH32V205,LVDS,MAX_LEN,0x020,32,1,,,,#,reference,evt(ch32v205.h)
CH32V205,LVDS,TX_DMA,0x024,32,1,,,,#,reference,evt(ch32v205.h)
CH32V205,LVDS,RX_DMA,0x028,32,1,,,,#,reference,evt(ch32v205.h)
CH32V205,LVDS,TX_CFG,0x02c,8,1,,,,#,reference,evt(ch32v205.h)
CH32V205,LVDS,RX_CFG,0x02d,8,1,,,,#,reference,evt(ch32v205.h)
CH32V205,LVDS,TX_CR,0x02e,8,1,,,,#,reference,evt(ch32v205.h)
CH32V205,LVDS,RX_CR,0x02f,8,1,,,,#,reference,evt(ch32v205.h)
CH32V205,OB,RDPR,0x000,16,1,,,,#,reference,evt(ch32v205.h)
CH32V205,OB,USER,0x002,16,1,,,,#,reference,evt(ch32v205.h)
CH32V205,OB,Data0,0x004,16,1,,,,#,reference,evt(ch32v205.h)
CH32V205,OB,Data1,0x006,16,1,,,,#,reference,evt(ch32v205.h)
CH32V205,OB,WRPR0,0x008,16,1,,,,#,reference,evt(ch32v205.h)
CH32V205,OB,WRPR1,0x00a,16,1,,,,#,reference,evt(ch32v205.h)
CH32V205,OB,WRPR2,0x00c,16,1,,,,#,reference,evt(ch32v205.h)
CH32V205,OB,WRPR3,0x00e,16,1,,,,#,reference,evt(ch32v205.h)
CH32V205,OPA,OPA_CFGR1,0x000,32,1,,0x80000000,ok:1,#,confirmed,evt(ch32v205.h)+rm-address(CH32V205RM.PDF)
CH32V205,OPA,OPA_CTLR1,0x004,32,1,,0x0000031E,ok:1,#,confirmed,evt(ch32v205.h)+rm-address(CH32V205RM.PDF)
CH32V205,OPA,OPA_CTLR2,0x008,32,1,,0x0000030E,ok:1,#,confirmed,evt(ch32v205.h)+rm-address(CH32V205RM.PDF)
CH32V205,OPA,CMP_CTLR,0x00c,32,1,,,,#,reference,evt(ch32v205.h)
CH32V205,OPA,CMP_FILT,0x010,32,1,,,,#,reference,evt(ch32v205.h)
CH32V205,OPA,OPA_KEY,0x014,32,1,,0xXXXXXXXX,ok:1,#,confirmed,evt(ch32v205.h)+rm-address(CH32V205RM.PDF)
CH32V205,OPA,CMP_KEY,0x018,32,1,,,,#,reference,evt(ch32v205.h)
CH32V205,OPA,OPCM_SR,0x01c,32,1,,,,#,reference,evt(ch32v205.h)
CH32V205,PWR,CTLR,0x000,32,1,PWR_CTLR,0x00000400,ok:1,#,confirmed,evt(ch32v205.h)+rm(CH32V205RM.PDF)+rm-address(CH32V205RM.PDF)
CH32V205,PWR,CSR,0x004,32,1,PWR_CSR,0x00000000,ok:1,#,confirmed,evt(ch32v205.h)+rm(CH32V205RM.PDF)+rm-address(CH32V205RM.PDF)
CH32V205,QSPI,CR,0x000,32,1,,0x00000000,ok:1,#,confirmed,evt(ch32v205.h)+rm-address(CH32V205RM.PDF)
CH32V205,QSPI,DCR,0x004,32,1,,0x00000000,ok:1,#,confirmed,evt(ch32v205.h)+rm-address(CH32V205RM.PDF)
CH32V205,QSPI,SR,0x008,32,1,,0x00000000,ok:1,#,confirmed,evt(ch32v205.h)+rm-address(CH32V205RM.PDF)
CH32V205,QSPI,FCR,0x00c,32,1,,0x00000000,ok:1,#,confirmed,evt(ch32v205.h)+rm-address(CH32V205RM.PDF)
CH32V205,QSPI,DLR,0x010,32,1,,0x00000000,ok:1,#,confirmed,evt(ch32v205.h)+rm-address(CH32V205RM.PDF)
CH32V205,QSPI,CCR,0x014,32,1,,0x00000000,ok:1,#,confirmed,evt(ch32v205.h)+rm-address(CH32V205RM.PDF)
CH32V205,QSPI,AR,0x018,32,1,,0x00000000,ok:1,#,confirmed,evt(ch32v205.h)+rm-address(CH32V205RM.PDF)
CH32V205,QSPI,ABR,0x01c,32,1,,0x00000000,ok:1,#,confirmed,evt(ch32v205.h)+rm-address(CH32V205RM.PDF)
CH32V205,QSPI,DR,0x020,32,1,,0x00000000,ok:1,#,confirmed,evt(ch32v205.h)+rm-address(CH32V205RM.PDF)
CH32V205,QSPI,PSMKR,0x024,32,1,,0x00000000,ok:1,#,confirmed,evt(ch32v205.h)+rm-address(CH32V205RM.PDF)
CH32V205,QSPI,PSMAR,0x028,32,1,,0x00000000,ok:1,#,confirmed,evt(ch32v205.h)+rm-address(CH32V205RM.PDF)
CH32V205,QSPI,PIR,0x02c,32,1,,0x00000000,ok:1,#,confirmed,evt(ch32v205.h)+rm-address(CH32V205RM.PDF)
CH32V205,QSPI,LPTR,0x030,32,1,,0x00000000,ok:1,#,confirmed,evt(ch32v205.h)+rm-address(CH32V205RM.PDF)
CH32V205,RCC,CTLR,0x000,32,1,RCC_CTLR,0x0000xx83,ok:1,#,confirmed,evt(ch32v205.h)+rm(CH32V205RM.PDF)+rm-address(CH32V205RM.PDF)
CH32V205,RCC,CFGR0,0x004,32,1,RCC_CFGR0,0x00000000,ok:1,#,confirmed,evt(ch32v205.h)+rm(CH32V205RM.PDF)+rm-address(CH32V205RM.PDF)
CH32V205,RCC,INTR,0x008,32,1,RCC_INTR,0x00000000,ok:1,#,confirmed,evt(ch32v205.h)+rm(CH32V205RM.PDF)+rm-address(CH32V205RM.PDF)
CH32V205,RCC,PB2PRSTR,0x00c,32,1,RCC_PB2PRSTR,0x00000000,ok:1,#,confirmed,evt(ch32v205.h)+rm(CH32V205RM.PDF)+rm-address(CH32V205RM.PDF)
CH32V205,RCC,PB1PRSTR,0x010,32,1,RCC_PB1PRSTR,0x00000000,ok:1,#,confirmed,evt(ch32v205.h)+rm(CH32V205RM.PDF)+rm-address(CH32V205RM.PDF)
CH32V205,RCC,HBPCENR,0x014,32,1,RCC_HBPCENR,0x00020004,ok:1,#,confirmed,evt(ch32v205.h)+rm(CH32V205RM.PDF)+rm-address(CH32V205RM.PDF)
CH32V205,RCC,PB2PCENR,0x018,32,1,RCC_PB2PCENR,0x00000000,ok:1,#,confirmed,evt(ch32v205.h)+rm(CH32V205RM.PDF)+rm-address(CH32V205RM.PDF)
CH32V205,RCC,PB1PCENR,0x01c,32,1,RCC_PB1PCENR,0x00000000,ok:1,#,confirmed,evt(ch32v205.h)+rm(CH32V205RM.PDF)+rm-address(CH32V205RM.PDF)
CH32V205,RCC,BDCTLR,0x020,32,1,RCC_BDCTLR,0x00000000,ok:1,#,confirmed,evt(ch32v205.h)+rm(CH32V205RM.PDF)+rm-address(CH32V205RM.PDF)
CH32V205,RCC,RSTSCKR,0x024,32,1,RCC_RSTSCKR,0x08000000,ok:1,#,confirmed,evt(ch32v205.h)+rm(CH32V205RM.PDF)+rm-address(CH32V205RM.PDF)
CH32V205,RCC,HBRSTR,0x028,32,1,RCC_HBRSTR,0x00000000,ok:1,#,confirmed,evt(ch32v205.h)+rm(CH32V205RM.PDF)+rm-address(CH32V205RM.PDF)
CH32V205,RCC,CFGR2,0x02c,32,1,RCC_CFGR2,0x00000000,ok:1,#,confirmed,evt(ch32v205.h)+rm(CH32V205RM.PDF)+rm-address(CH32V205RM.PDF)
CH32V205,RTC,CTLRH,0x000,16,1,RTC_CTLRH,0x0000,ok:1,#,confirmed,evt(ch32v205.h)+rm(CH32V205RM.PDF)+rm-address(CH32V205RM.PDF)
CH32V205,RTC,CTLRL,0x004,16,1,RTC_CTLRL,0x0020,ok:1,#,confirmed,evt(ch32v205.h)+rm(CH32V205RM.PDF)+rm-address(CH32V205RM.PDF)
CH32V205,RTC,PSCRH,0x008,16,1,RTC_PSCRH,0x000X,ok:1,#,confirmed,evt(ch32v205.h)+rm(CH32V205RM.PDF)+rm-address(CH32V205RM.PDF)
CH32V205,RTC,PSCRL,0x00c,16,1,RTC_PSCRL,0xXXXX,ok:1,#,confirmed,evt(ch32v205.h)+rm(CH32V205RM.PDF)+rm-address(CH32V205RM.PDF)
CH32V205,RTC,DIVH,0x010,16,1,RTC_DIVH,0x000X,ok:1,#,confirmed,evt(ch32v205.h)+rm(CH32V205RM.PDF)+rm-address(CH32V205RM.PDF)
CH32V205,RTC,DIVL,0x014,16,1,RTC_DIVL,0xXXXX,ok:1,#,confirmed,evt(ch32v205.h)+rm(CH32V205RM.PDF)+rm-address(CH32V205RM.PDF)
CH32V205,RTC,CNTH,0x018,16,1,RTC_CNTH,0xXXXX,ok:1,#,confirmed,evt(ch32v205.h)+rm(CH32V205RM.PDF)+rm-address(CH32V205RM.PDF)
CH32V205,RTC,CNTL,0x01c,16,1,RTC_CNTL,0xXXXX,ok:1,#,confirmed,evt(ch32v205.h)+rm(CH32V205RM.PDF)+rm-address(CH32V205RM.PDF)
CH32V205,RTC,ALRMH,0x020,16,1,RTC_ALRMH,0xXXXX,ok:1,#,confirmed,evt(ch32v205.h)+rm(CH32V205RM.PDF)+rm-address(CH32V205RM.PDF)
CH32V205,RTC,ALRML,0x024,16,1,RTC_ALRML,0xXXXX,ok:1,#,confirmed,evt(ch32v205.h)+rm(CH32V205RM.PDF)+rm-address(CH32V205RM.PDF)
CH32V205,SPI,CTLR1,0x000,16,1,SPIx_CTLR1,0x0000,ok:2,#,confirmed,evt(ch32v205.h)+rm(CH32V205RM.PDF)+rm-address(CH32V205RM.PDF)
CH32V205,SPI,CTLR2,0x004,16,1,SPIx_CTLR2,0x0000,ok:2,#,confirmed,evt(ch32v205.h)+rm(CH32V205RM.PDF)+rm-address(CH32V205RM.PDF)
CH32V205,SPI,STATR,0x008,16,1,SPIx_STATR,0x0002,ok:2,#,confirmed,evt(ch32v205.h)+rm(CH32V205RM.PDF)+rm-address(CH32V205RM.PDF)
CH32V205,SPI,DATAR,0x00c,16,1,SPIx_DATAR,0x0000,ok:2,#,confirmed,evt(ch32v205.h)+rm(CH32V205RM.PDF)+rm-address(CH32V205RM.PDF)
CH32V205,SPI,CRCR,0x010,16,1,SPIx_CRCR,0x0007,ok:2,#,confirmed,evt(ch32v205.h)+rm(CH32V205RM.PDF)+rm-address(CH32V205RM.PDF)
CH32V205,SPI,RCRCR,0x014,16,1,SPIx_RCRCR,0x0000,ok:2,#,confirmed,evt(ch32v205.h)+rm(CH32V205RM.PDF)+rm-address(CH32V205RM.PDF)
CH32V205,SPI,TCRCR,0x018,16,1,SPIx_TCRCR,0x0000,ok:2,#,confirmed,evt(ch32v205.h)+rm(CH32V205RM.PDF)+rm-address(CH32V205RM.PDF)
CH32V205,SPI,HSCR,0x024,16,1,SPIx_HSCR,0x0000,ok:2,#,confirmed,evt(ch32v205.h)+rm(CH32V205RM.PDF)+rm-address(CH32V205RM.PDF)
CH32V205,TIM,CTLR1,0x000,16,1,TIMx_CTLR1,0x0000,ok:4,#,confirmed,evt(ch32v205.h)+rm(CH32V205RM.PDF)+rm-address(CH32V205RM.PDF)
CH32V205,TIM,CTLR2,0x004,16,1,TIMx_CTLR2,0x0000,ok:4,#,confirmed,evt(ch32v205.h)+rm(CH32V205RM.PDF)+rm-address(CH32V205RM.PDF)
CH32V205,TIM,SMCFGR,0x008,16,1,TIMx_SMCFGR,0x0000,ok:4,#,confirmed,evt(ch32v205.h)+rm(CH32V205RM.PDF)+rm-address(CH32V205RM.PDF)
CH32V205,TIM,DMAINTENR,0x00c,16,1,TIMx_DMAINTENR,0x0000,ok:4,#,confirmed,evt(ch32v205.h)+rm(CH32V205RM.PDF)+rm-address(CH32V205RM.PDF)
CH32V205,TIM,INTFR,0x010,16,1,TIMx_INTFR,0x0000,ok:4,#,confirmed,evt(ch32v205.h)+rm(CH32V205RM.PDF)+rm-address(CH32V205RM.PDF)
CH32V205,TIM,SWEVGR,0x014,16,1,TIMx_SWEVGR,0x0000,ok:4,#,confirmed,evt(ch32v205.h)+rm(CH32V205RM.PDF)+rm-address(CH32V205RM.PDF)
CH32V205,TIM,CHCTLR1,0x018,16,1,TIMx_CHCTLR1,0x0000,ok:4,#,confirmed,evt(ch32v205.h)+rm(CH32V205RM.PDF)+rm-address(CH32V205RM.PDF)
CH32V205,TIM,CHCTLR2,0x01c,16,1,TIMx_CHCTLR2,0x0000,ok:4,#,confirmed,evt(ch32v205.h)+rm(CH32V205RM.PDF)+rm-address(CH32V205RM.PDF)
CH32V205,TIM,CCER,0x020,16,1,TIMx_CCER,0x0000,ok:4,#,confirmed,evt(ch32v205.h)+rm(CH32V205RM.PDF)+rm-address(CH32V205RM.PDF)
CH32V205,TIM,CNT,0x024,16,1,TIMx_CNT,0x0000;0x00000000,ok:4,#,confirmed,evt(ch32v205.h)+rm(CH32V205RM.PDF)+rm-address(CH32V205RM.PDF)
CH32V205,TIM,CNT_TIM4,0x024,32,1,,,,#,reference,evt(ch32v205.h)
CH32V205,TIM,PSC,0x028,16,1,TIM1_PSC,0x0000,ok:4,#,confirmed,evt(ch32v205.h)+rm(CH32V205RM.PDF)+rm-address(CH32V205RM.PDF)
CH32V205,TIM,ATRLR,0x02c,16,1,TIM1_ATRLR,0xFFFF;0xFFFFFFFF,ok:4,#,confirmed,evt(ch32v205.h)+rm(CH32V205RM.PDF)+rm-address(CH32V205RM.PDF)
CH32V205,TIM,ATRLR_TIM4,0x02c,32,1,,,,#,reference,evt(ch32v205.h)
CH32V205,TIM,RPTCR,0x030,16,1,TIM1_RPTCR,0x0000,ok:1,#,confirmed,evt(ch32v205.h)+rm(CH32V205RM.PDF)+rm-address(CH32V205RM.PDF)
CH32V205,TIM,CH1CVR,0x034,32,1,TIMx_CH1CVR,0x00000000;0x000000000,ok:4,#,confirmed,evt(ch32v205.h)+rm(CH32V205RM.PDF)+rm-address(CH32V205RM.PDF)
CH32V205,TIM,CH1CVR_TIM4,0x034,32,1,,,,#,reference,evt(ch32v205.h)
CH32V205,TIM,CH2CVR,0x038,32,1,TIMx_CH2CVR,0x00000000,ok:4,#,confirmed,evt(ch32v205.h)+rm(CH32V205RM.PDF)+rm-address(CH32V205RM.PDF)
CH32V205,TIM,CH2CVR_TIM4,0x038,32,1,,,,#,reference,evt(ch32v205.h)
CH32V205,TIM,CH3CVR,0x03c,32,1,TIMx_CH3CVR,0x00000000,ok:4,#,confirmed,evt(ch32v205.h)+rm(CH32V205RM.PDF)+rm-address(CH32V205RM.PDF)
CH32V205,TIM,CH3CVR_TIM4,0x03c,32,1,,,,#,reference,evt(ch32v205.h)
CH32V205,TIM,CH4CVR,0x040,32,1,TIM1_CH4CVR,0x00000000,ok:4,#,confirmed,evt(ch32v205.h)+rm(CH32V205RM.PDF)+rm-address(CH32V205RM.PDF)
CH32V205,TIM,CH4CVR_TIM4,0x040,32,1,,,,#,reference,evt(ch32v205.h)
CH32V205,TIM,BDTR,0x044,16,1,TIM1_BDTR,0x0000,ok:1,#,confirmed,evt(ch32v205.h)+rm(CH32V205RM.PDF)+rm-address(CH32V205RM.PDF)
CH32V205,TIM,DMACFGR,0x048,16,1,TIM1_DMACFGR,0x0000,ok:4,#,confirmed,evt(ch32v205.h)+rm(CH32V205RM.PDF)+rm-address(CH32V205RM.PDF)
CH32V205,TIM,DMAADR,0x04c,32,1,TIMx_DMAADR,0x00000000,ok:4,#,confirmed,evt(ch32v205.h)+rm(CH32V205RM.PDF)+rm-address(CH32V205RM.PDF)
CH32V205,TKEY,CTLR,0x000,32,1,,0x00000000,ok:1,#,confirmed,evt(ch32v205.h)+rm-address(CH32V205RM.PDF)
CH32V205,TKEY,TRANS_CFG,0x004,32,1,,0x00000000,ok:1,#,confirmed,evt(ch32v205.h)+rm-address(CH32V205RM.PDF)
CH32V205,TKEY,CAP_CFG,0x008,32,1,,,,#,reference,evt(ch32v205.h)
CH32V205,TKEY,DRV_CFG,0x00c,32,1,,,,#,reference,evt(ch32v205.h)
CH32V205,TKEY,CDCC,0x010,32,1,,0x00000000,ok:1,#,confirmed,evt(ch32v205.h)+rm-address(CH32V205RM.PDF)
CH32V205,TKEY,SR,0x014,32,1,,0x00000000,ok:1,#,confirmed,evt(ch32v205.h)+rm-address(CH32V205RM.PDF)
CH32V205,USART,STATR,0x000,16,1,USARTx_STATR,0x000000C0,ok:8,#,confirmed,evt(ch32v205.h)+rm(CH32V205RM.PDF)+rm-address(CH32V205RM.PDF)
CH32V205,USART,DATAR,0x004,16,1,USARTx_DATAR,0x00000000;0x000000XX,ok:8,#,confirmed,evt(ch32v205.h)+rm(CH32V205RM.PDF)+rm-address(CH32V205RM.PDF)
CH32V205,USART,BRR,0x008,16,1,USARTx_BRR,0x00000000,ok:8,#,confirmed,evt(ch32v205.h)+rm(CH32V205RM.PDF)+rm-address(CH32V205RM.PDF)
CH32V205,USART,CTLR1,0x00c,16,1,USARTx_CTLR1,0x00000000,ok:8,#,confirmed,evt(ch32v205.h)+rm(CH32V205RM.PDF)+rm-address(CH32V205RM.PDF)
CH32V205,USART,CTLR2,0x010,16,1,USARTx_CTLR2,0x00000000,ok:8,#,confirmed,evt(ch32v205.h)+rm(CH32V205RM.PDF)+rm-address(CH32V205RM.PDF)
CH32V205,USART,CTLR3,0x014,16,1,USARTx_CTLR3,0x00000000,ok:8,#,confirmed,evt(ch32v205.h)+rm(CH32V205RM.PDF)+rm-address(CH32V205RM.PDF)
CH32V205,USART,GPR,0x018,16,1,USARTx_GPR,0x00000000,ok:8,#,confirmed,evt(ch32v205.h)+rm(CH32V205RM.PDF)+rm-address(CH32V205RM.PDF)
CH32V205,USBFSD,BASE_CTRL,0x000,8,1,,,,#,reference,evt(ch32v205.h)
CH32V205,USBFSD,UDEV_CTRL,0x001,8,1,,,,#,reference,evt(ch32v205.h)
CH32V205,USBFSD,INT_EN,0x002,8,1,,,,#,reference,evt(ch32v205.h)
CH32V205,USBFSD,DEV_ADDR,0x003,8,1,,,,#,reference,evt(ch32v205.h)
CH32V205,USBFSD,Reserve0,0x004,8,1,,,,#,reference,evt(ch32v205.h)
CH32V205,USBFSD,MIS_ST,0x005,8,1,,,,#,reference,evt(ch32v205.h)
CH32V205,USBFSD,INT_FG,0x006,8,1,,,,#,reference,evt(ch32v205.h)
CH32V205,USBFSD,INT_ST,0x007,8,1,,,,#,reference,evt(ch32v205.h)
CH32V205,USBFSD,RX_LEN,0x008,32,1,,,,#,reference,evt(ch32v205.h)
CH32V205,USBFSD,UEP4_1_MOD,0x00c,8,1,,,,#,reference,evt(ch32v205.h)
CH32V205,USBFSD,UEP2_3_MOD,0x00d,8,1,,,,#,reference,evt(ch32v205.h)
CH32V205,USBFSD,UEP5_6_MOD,0x00e,8,1,,,,#,reference,evt(ch32v205.h)
CH32V205,USBFSD,UEP7_MOD,0x00f,8,1,,,,#,reference,evt(ch32v205.h)
CH32V205,USBFSD,UEP0_DMA,0x010,32,1,,,,#,reference,evt(ch32v205.h)
CH32V205,USBFSD,UEP1_DMA,0x014,32,1,,,,#,reference,evt(ch32v205.h)
CH32V205,USBFSD,UEP2_DMA,0x018,32,1,,,,#,reference,evt(ch32v205.h)
CH32V205,USBFSD,UEP3_DMA,0x01c,32,1,,,,#,reference,evt(ch32v205.h)
CH32V205,USBFSD,UEP4_DMA,0x020,32,1,,,,#,reference,evt(ch32v205.h)
CH32V205,USBFSD,UEP5_DMA,0x024,32,1,,,,#,reference,evt(ch32v205.h)
CH32V205,USBFSD,UEP6_DMA,0x028,32,1,,,,#,reference,evt(ch32v205.h)
CH32V205,USBFSD,UEP7_DMA,0x02c,32,1,,,,#,reference,evt(ch32v205.h)
CH32V205,USBFSD,UEP0_TX_LEN,0x030,16,1,,,,#,reference,evt(ch32v205.h)
CH32V205,USBFSD,UEP0_CTRL,0x032,16,1,,,,#,reference,evt(ch32v205.h)
CH32V205,USBFSD,UEP0_TX_CTRL,0x034,8,1,,,,#,reference,evt(ch32v205.h)
CH32V205,USBFSD,UEP0_RX_CTRL,0x035,8,1,,,,#,reference,evt(ch32v205.h)
CH32V205,USBFSD,UEP1_TX_LEN,0x036,16,1,,,,#,reference,evt(ch32v205.h)
CH32V205,USBFSD,UEP1_CTRL,0x038,16,1,,,,#,reference,evt(ch32v205.h)
CH32V205,USBFSD,UEP1_TX_CTRL,0x03a,8,1,,,,#,reference,evt(ch32v205.h)
CH32V205,USBFSD,UEP1_RX_CTRL,0x03b,8,1,,,,#,reference,evt(ch32v205.h)
CH32V205,USBFSD,UEP2_TX_LEN,0x03c,16,1,,,,#,reference,evt(ch32v205.h)
CH32V205,USBFSD,UEP2_CTRL,0x03e,16,1,,,,#,reference,evt(ch32v205.h)
CH32V205,USBFSD,UEP2_TX_CTRL,0x040,8,1,,,,#,reference,evt(ch32v205.h)
CH32V205,USBFSD,UEP2_RX_CTRL,0x041,8,1,,,,#,reference,evt(ch32v205.h)
CH32V205,USBFSD,UEP3_TX_LEN,0x042,16,1,,,,#,reference,evt(ch32v205.h)
CH32V205,USBFSD,UEP3_CTRL,0x044,16,1,,,,#,reference,evt(ch32v205.h)
CH32V205,USBFSD,UEP3_TX_CTRL,0x046,8,1,,,,#,reference,evt(ch32v205.h)
CH32V205,USBFSD,UEP3_RX_CTRL,0x047,8,1,,,,#,reference,evt(ch32v205.h)
CH32V205,USBFSD,UEP4_TX_LEN,0x048,16,1,,,,#,reference,evt(ch32v205.h)
CH32V205,USBFSD,UEP4_CTRL,0x04a,16,1,,,,#,reference,evt(ch32v205.h)
CH32V205,USBFSD,UEP4_TX_CTRL,0x04c,8,1,,,,#,reference,evt(ch32v205.h)
CH32V205,USBFSD,UEP4_RX_CTRL,0x04d,8,1,,,,#,reference,evt(ch32v205.h)
CH32V205,USBFSD,UEP5_TX_LEN,0x04e,16,1,,,,#,reference,evt(ch32v205.h)
CH32V205,USBFSD,UEP5_CTRL,0x050,16,1,,,,#,reference,evt(ch32v205.h)
CH32V205,USBFSD,UEP5_TX_CTRL,0x052,8,1,,,,#,reference,evt(ch32v205.h)
CH32V205,USBFSD,UEP5_RX_CTRL,0x053,8,1,,,,#,reference,evt(ch32v205.h)
CH32V205,USBFSD,UEP6_TX_LEN,0x054,16,1,,,,#,reference,evt(ch32v205.h)
CH32V205,USBFSD,UEP6_CTRL,0x056,16,1,,,,#,reference,evt(ch32v205.h)
CH32V205,USBFSD,UEP6_TX_CTRL,0x058,8,1,,,,#,reference,evt(ch32v205.h)
CH32V205,USBFSD,UEP6_RX_CTRL,0x059,8,1,,,,#,reference,evt(ch32v205.h)
CH32V205,USBFSD,UEP7_TX_LEN,0x05a,16,1,,,,#,reference,evt(ch32v205.h)
CH32V205,USBFSD,UEP7_CTRL,0x05c,16,1,,,,#,reference,evt(ch32v205.h)
CH32V205,USBFSD,UEP7_TX_CTRL,0x05e,8,1,,,,#,reference,evt(ch32v205.h)
CH32V205,USBFSD,UEP7_RX_CTRL,0x05f,8,1,,,,#,reference,evt(ch32v205.h)
CH32V205,USBFSD,Reserve1,0x060,32,1,,,,#,reference,evt(ch32v205.h)
CH32V205,USBFSD,OTG_CR,0x064,32,1,,,,#,reference,evt(ch32v205.h)
CH32V205,USBFSD,OTG_SR,0x068,32,1,,,,#,reference,evt(ch32v205.h)
CH32V205,USBFSH,BASE_CTRL,0x000,8,1,,,,#,reference,evt(ch32v205.h)
CH32V205,USBFSH,HOST_CTRL,0x001,8,1,,,,#,reference,evt(ch32v205.h)
CH32V205,USBFSH,INT_EN,0x002,8,1,,,,#,reference,evt(ch32v205.h)
CH32V205,USBFSH,DEV_ADDR,0x003,8,1,,,,#,reference,evt(ch32v205.h)
CH32V205,USBFSH,Reserve0,0x004,8,1,,,,#,reference,evt(ch32v205.h)
CH32V205,USBFSH,MIS_ST,0x005,8,1,,,,#,reference,evt(ch32v205.h)
CH32V205,USBFSH,INT_FG,0x006,8,1,,,,#,reference,evt(ch32v205.h)
CH32V205,USBFSH,INT_ST,0x007,8,1,,,,#,reference,evt(ch32v205.h)
CH32V205,USBFSH,RX_LEN,0x008,16,1,,,,#,reference,evt(ch32v205.h)
CH32V205,USBFSH,Reserve1,0x00a,16,1,,,,#,reference,evt(ch32v205.h)
CH32V205,USBFSH,Reserve2,0x00c,8,1,,,,#,reference,evt(ch32v205.h)
CH32V205,USBFSH,HOST_EP_MOD,0x00d,8,1,,,,#,reference,evt(ch32v205.h)
CH32V205,USBFSH,Reserve3,0x00e,16,1,,,,#,reference,evt(ch32v205.h)
CH32V205,USBFSH,Reserve4,0x010,32,1,,,,#,reference,evt(ch32v205.h)
CH32V205,USBFSH,Reserve5,0x014,32,1,,,,#,reference,evt(ch32v205.h)
CH32V205,USBFSH,HOST_RX_DMA,0x018,32,1,,,,#,reference,evt(ch32v205.h)
CH32V205,USBFSH,HOST_TX_DMA,0x01c,32,1,,,,#,reference,evt(ch32v205.h)
CH32V205,USBFSH,Reserve6,0x020,32,1,,,,#,reference,evt(ch32v205.h)
CH32V205,USBFSH,Reserve7,0x024,32,1,,,,#,reference,evt(ch32v205.h)
CH32V205,USBFSH,Reserve8,0x028,32,1,,,,#,reference,evt(ch32v205.h)
CH32V205,USBFSH,Reserve9,0x02c,32,1,,,,#,reference,evt(ch32v205.h)
CH32V205,USBFSH,Reserve10,0x030,32,1,,,,#,reference,evt(ch32v205.h)
CH32V205,USBFSH,Reserve11,0x034,16,1,,,,#,reference,evt(ch32v205.h)
CH32V205,USBFSH,HOST_SETUP,0x036,16,1,,,,#,reference,evt(ch32v205.h)
CH32V205,USBFSH,HOST_EP_PID,0x038,8,1,,,,#,reference,evt(ch32v205.h)
CH32V205,USBFSH,Reserve12,0x039,8,1,,,,#,reference,evt(ch32v205.h)
CH32V205,USBFSH,Reserve13,0x03a,8,1,,,,#,reference,evt(ch32v205.h)
CH32V205,USBFSH,HOST_RX_CTRL,0x03b,8,1,,,,#,reference,evt(ch32v205.h)
CH32V205,USBFSH,HOST_TX_LEN,0x03c,16,1,,,,#,reference,evt(ch32v205.h)
CH32V205,USBFSH,HOST_TX_CTRL,0x03e,8,1,,,,#,reference,evt(ch32v205.h)
CH32V205,USBFSH,Reserve14,0x03f,8,1,,,,#,reference,evt(ch32v205.h)
CH32V205,USBFSH,Reserve15,0x040,32,1,,,,#,reference,evt(ch32v205.h)
CH32V205,USBFSH,Reserve16,0x044,32,1,,,,#,reference,evt(ch32v205.h)
CH32V205,USBFSH,Reserve17,0x048,32,1,,,,#,reference,evt(ch32v205.h)
CH32V205,USBFSH,Reserve18,0x04c,32,1,,,,#,reference,evt(ch32v205.h)
CH32V205,USBFSH,Reserve19,0x050,32,1,,,,#,reference,evt(ch32v205.h)
CH32V205,USBFSH,OTG_CR,0x054,32,1,,,,#,reference,evt(ch32v205.h)
CH32V205,USBFSH,OTG_SR,0x058,32,1,,,,#,reference,evt(ch32v205.h)
CH32V205,USBHSD,CONTROL,0x000,8,1,,,,#,reference,evt(ch32v205.h)
CH32V205,USBHSD,BASE_MODE,0x001,8,1,,,,#,reference,evt(ch32v205.h)
CH32V205,USBHSD,INT_EN,0x002,8,1,,,,#,reference,evt(ch32v205.h)
CH32V205,USBHSD,DEV_AD,0x003,8,1,,,,#,reference,evt(ch32v205.h)
CH32V205,USBHSD,WAKE_CTRL,0x004,8,1,,,,#,reference,evt(ch32v205.h)
CH32V205,USBHSD,TEST_MODE,0x005,8,1,,,,#,reference,evt(ch32v205.h)
CH32V205,USBHSD,LPM_DATA,0x006,16,1,,,,#,reference,evt(ch32v205.h)
CH32V205,USBHSD,INT_FG,0x008,8,1,,,,#,reference,evt(ch32v205.h)
CH32V205,USBHSD,INT_ST,0x009,8,1,,,,#,reference,evt(ch32v205.h)
CH32V205,USBHSD,MIS_ST,0x00a,8,1,,,,#,reference,evt(ch32v205.h)
CH32V205,USBHSD,FRAME_NO,0x00c,16,1,,,,#,reference,evt(ch32v205.h)
CH32V205,USBHSD,BUS,0x00e,16,1,,,,#,reference,evt(ch32v205.h)
CH32V205,USBHSD,UEP_TX_EN,0x010,16,1,,,,#,reference,evt(ch32v205.h)
CH32V205,USBHSD,UEP_RX_EN,0x012,16,1,,,,#,reference,evt(ch32v205.h)
CH32V205,USBHSD,UEP_TX_TOG_AUTO,0x014,16,1,,,,#,reference,evt(ch32v205.h)
CH32V205,USBHSD,UEP_RX_TOG_AUTO,0x016,16,1,,,,#,reference,evt(ch32v205.h)
CH32V205,USBHSD,UEP_TX_BURST,0x018,8,1,,,,#,reference,evt(ch32v205.h)
CH32V205,USBHSD,UEP_TX_BURST_MODE,0x019,8,1,,,,#,reference,evt(ch32v205.h)
CH32V205,USBHSD,UEP_RX_BURST,0x01a,8,1,,,,#,reference,evt(ch32v205.h)
CH32V205,USBHSD,UEP_RX_RES_MODE,0x01b,8,1,,,,#,reference,evt(ch32v205.h)
CH32V205,USBHSD,UEP_AF_MODE,0x01c,32,1,,,,#,reference,evt(ch32v205.h)
CH32V205,USBHSD,UEP0_DMA,0x020,32,1,,,,#,reference,evt(ch32v205.h)
CH32V205,USBHSD,UEP1_RX_DMA,0x024,32,1,,,,#,reference,evt(ch32v205.h)
CH32V205,USBHSD,UEP2_RX_DMA,0x028,32,1,,,,#,reference,evt(ch32v205.h)
CH32V205,USBHSD,UEP3_RX_DMA,0x02c,32,1,,,,#,reference,evt(ch32v205.h)
CH32V205,USBHSD,UEP4_RX_DMA,0x030,32,1,,,,#,reference,evt(ch32v205.h)
CH32V205,USBHSD,UEP5_RX_DMA,0x034,32,1,,,,#,reference,evt(ch32v205.h)
CH32V205,USBHSD,UEP6_RX_DMA,0x038,32,1,,,,#,reference,evt(ch32v205.h)
CH32V205,USBHSD,UEP7_RX_DMA,0x03c,32,1,,,,#,reference,evt(ch32v205.h)
CH32V205,USBHSD,UEP1_TX_DMA,0x040,32,1,,,,#,reference,evt(ch32v205.h)
CH32V205,USBHSD,UEP2_TX_DMA,0x044,32,1,,,,#,reference,evt(ch32v205.h)
CH32V205,USBHSD,UEP3_TX_DMA,0x048,32,1,,,,#,reference,evt(ch32v205.h)
CH32V205,USBHSD,UEP4_TX_DMA,0x04c,32,1,,,,#,reference,evt(ch32v205.h)
CH32V205,USBHSD,UEP5_TX_DMA,0x050,32,1,,,,#,reference,evt(ch32v205.h)
CH32V205,USBHSD,UEP6_TX_DMA,0x054,32,1,,,,#,reference,evt(ch32v205.h)
CH32V205,USBHSD,UEP7_TX_DMA,0x058,32,1,,,,#,reference,evt(ch32v205.h)
CH32V205,USBHSD,UEP0_MAX_LEN,0x05c,32,1,,,,#,reference,evt(ch32v205.h)
CH32V205,USBHSD,UEP1_MAX_LEN,0x060,32,1,,,,#,reference,evt(ch32v205.h)
CH32V205,USBHSD,UEP2_MAX_LEN,0x064,32,1,,,,#,reference,evt(ch32v205.h)
CH32V205,USBHSD,UEP3_MAX_LEN,0x068,32,1,,,,#,reference,evt(ch32v205.h)
CH32V205,USBHSD,UEP4_MAX_LEN,0x06c,32,1,,,,#,reference,evt(ch32v205.h)
CH32V205,USBHSD,UEP5_MAX_LEN,0x070,32,1,,,,#,reference,evt(ch32v205.h)
CH32V205,USBHSD,UEP6_MAX_LEN,0x074,32,1,,,,#,reference,evt(ch32v205.h)
CH32V205,USBHSD,UEP7_MAX_LEN,0x078,32,1,,,,#,reference,evt(ch32v205.h)
CH32V205,USBHSD,UEP0_RX_LEN,0x07c,16,1,,,,#,reference,evt(ch32v205.h)
CH32V205,USBHSD,UEP1_RX_LEN,0x080,16,1,,,,#,reference,evt(ch32v205.h)
CH32V205,USBHSD,UEP1_RX_SIZE,0x082,16,1,,,,#,reference,evt(ch32v205.h)
CH32V205,USBHSD,UEP2_RX_LEN,0x084,16,1,,,,#,reference,evt(ch32v205.h)
CH32V205,USBHSD,UEP2_RX_SIZE,0x086,16,1,,,,#,reference,evt(ch32v205.h)
CH32V205,USBHSD,UEP3_RX_LEN,0x088,16,1,,,,#,reference,evt(ch32v205.h)
CH32V205,USBHSD,UEP3_RX_SIZE,0x08a,16,1,,,,#,reference,evt(ch32v205.h)
CH32V205,USBHSD,UEP4_RX_LEN,0x08c,16,1,,,,#,reference,evt(ch32v205.h)
CH32V205,USBHSD,UEP4_RX_SIZE,0x08e,16,1,,,,#,reference,evt(ch32v205.h)
CH32V205,USBHSD,UEP5_RX_LEN,0x090,16,1,,,,#,reference,evt(ch32v205.h)
CH32V205,USBHSD,UEP5_RX_SIZE,0x092,16,1,,,,#,reference,evt(ch32v205.h)
CH32V205,USBHSD,UEP6_RX_LEN,0x094,16,1,,,,#,reference,evt(ch32v205.h)
CH32V205,USBHSD,UEP6_RX_SIZE,0x096,16,1,,,,#,reference,evt(ch32v205.h)
CH32V205,USBHSD,UEP7_RX_LEN,0x098,16,1,,,,#,reference,evt(ch32v205.h)
CH32V205,USBHSD,UEP7_RX_SIZE,0x09a,16,1,,,,#,reference,evt(ch32v205.h)
CH32V205,USBHSD,UEP0_TX_LEN,0x09c,16,1,,,,#,reference,evt(ch32v205.h)
CH32V205,USBHSD,UEP0_TX_CTRL,0x09e,8,1,,,,#,reference,evt(ch32v205.h)
CH32V205,USBHSD,UEP0_RX_CTRL,0x09f,8,1,,,,#,reference,evt(ch32v205.h)
CH32V205,USBHSD,UEP1_TX_LEN,0x0a0,16,1,,,,#,reference,evt(ch32v205.h)
CH32V205,USBHSD,UEP1_TX_CTRL,0x0a2,8,1,,,,#,reference,evt(ch32v205.h)
CH32V205,USBHSD,UEP1_RX_CTRL,0x0a3,8,1,,,,#,reference,evt(ch32v205.h)
CH32V205,USBHSD,UEP2_TX_LEN,0x0a4,16,1,,,,#,reference,evt(ch32v205.h)
CH32V205,USBHSD,UEP2_TX_CTRL,0x0a6,8,1,,,,#,reference,evt(ch32v205.h)
CH32V205,USBHSD,UEP2_RX_CTRL,0x0a7,8,1,,,,#,reference,evt(ch32v205.h)
CH32V205,USBHSD,UEP3_TX_LEN,0x0a8,16,1,,,,#,reference,evt(ch32v205.h)
CH32V205,USBHSD,UEP3_TX_CTRL,0x0aa,8,1,,,,#,reference,evt(ch32v205.h)
CH32V205,USBHSD,UEP3_RX_CTRL,0x0ab,8,1,,,,#,reference,evt(ch32v205.h)
CH32V205,USBHSD,UEP4_TX_LEN,0x0ac,16,1,,,,#,reference,evt(ch32v205.h)
CH32V205,USBHSD,UEP4_TX_CTRL,0x0ae,8,1,,,,#,reference,evt(ch32v205.h)
CH32V205,USBHSD,UEP4_RX_CTRL,0x0af,8,1,,,,#,reference,evt(ch32v205.h)
CH32V205,USBHSD,UEP5_TX_LEN,0x0b0,16,1,,,,#,reference,evt(ch32v205.h)
CH32V205,USBHSD,UEP5_TX_CTRL,0x0b2,8,1,,,,#,reference,evt(ch32v205.h)
CH32V205,USBHSD,UEP5_RX_CTRL,0x0b3,8,1,,,,#,reference,evt(ch32v205.h)
CH32V205,USBHSD,UEP6_TX_LEN,0x0b4,16,1,,,,#,reference,evt(ch32v205.h)
CH32V205,USBHSD,UEP6_TX_CTRL,0x0b6,8,1,,,,#,reference,evt(ch32v205.h)
CH32V205,USBHSD,UEP6_RX_CTRL,0x0b7,8,1,,,,#,reference,evt(ch32v205.h)
CH32V205,USBHSD,UEP7_TX_LEN,0x0b8,16,1,,,,#,reference,evt(ch32v205.h)
CH32V205,USBHSD,UEP7_TX_CTRL,0x0ba,8,1,,,,#,reference,evt(ch32v205.h)
CH32V205,USBHSD,UEP7_RX_CTRL,0x0bb,8,1,,,,#,reference,evt(ch32v205.h)
CH32V205,USBHSD,UEP_TX_ISO,0x0bc,16,1,,,,#,reference,evt(ch32v205.h)
CH32V205,USBHSD,UEP_RX_ISO,0x0be,16,1,,,,#,reference,evt(ch32v205.h)
CH32V205,USBHSD,UEP1_RX_FIFO,0x0c0,32,1,,,,#,reference,evt(ch32v205.h)
CH32V205,USBHSD,UEP2_RX_FIFO,0x0c4,32,1,,,,#,reference,evt(ch32v205.h)
CH32V205,USBHSD,UEP3_RX_FIFO,0x0c8,32,1,,,,#,reference,evt(ch32v205.h)
CH32V205,USBHSD,UEP4_RX_FIFO,0x0cc,32,1,,,,#,reference,evt(ch32v205.h)
CH32V205,USBHSD,UEP5_RX_FIFO,0x0d0,32,1,,,,#,reference,evt(ch32v205.h)
CH32V205,USBHSD,UEP6_RX_FIFO,0x0d4,32,1,,,,#,reference,evt(ch32v205.h)
CH32V205,USBHSD,UEP7_RX_FIFO,0x0d8,32,1,,,,#,reference,evt(ch32v205.h)
CH32V205,USBHSD,UEP1_TX_FIFO,0x0dc,32,1,,,,#,reference,evt(ch32v205.h)
CH32V205,USBHSD,UEP2_TX_FIFO,0x0e0,32,1,,,,#,reference,evt(ch32v205.h)
CH32V205,USBHSD,UEP3_TX_FIFO,0x0e4,32,1,,,,#,reference,evt(ch32v205.h)
CH32V205,USBHSD,UEP4_TX_FIFO,0x0e8,32,1,,,,#,reference,evt(ch32v205.h)
CH32V205,USBHSD,UEP5_TX_FIFO,0x0ec,32,1,,,,#,reference,evt(ch32v205.h)
CH32V205,USBHSD,UEP6_TX_FIFO,0x0f0,32,1,,,,#,reference,evt(ch32v205.h)
CH32V205,USBHSD,UEP7_TX_FIFO,0x0f4,32,1,,,,#,reference,evt(ch32v205.h)
CH32V205,USBHSH,CFG,0x000,8,1,,,,#,reference,evt(ch32v205.h)
CH32V205,USBHSH,INT_EN,0x002,8,1,,,,#,reference,evt(ch32v205.h)
CH32V205,USBHSH,DEV_ADDR,0x003,8,1,,,,#,reference,evt(ch32v205.h)
CH32V205,USBHSH,CONTROL,0x004,32,1,,,,#,reference,evt(ch32v205.h)
CH32V205,USBHSH,INT_FLAG,0x008,8,1,,,,#,reference,evt(ch32v205.h)
CH32V205,USBHSH,INT_ST,0x009,8,1,,,,#,reference,evt(ch32v205.h)
CH32V205,USBHSH,MIS_ST,0x00a,8,1,,,,#,reference,evt(ch32v205.h)
CH32V205,USBHSH,LPM,0x00c,32,1,,,,#,reference,evt(ch32v205.h)
CH32V205,USBHSH,SPLIT,0x010,32,1,,,,#,reference,evt(ch32v205.h)
CH32V205,USBHSH,FRAME,0x014,32,1,,,,#,reference,evt(ch32v205.h)
CH32V205,USBHSH,TX_LEN,0x018,32,1,,,,#,reference,evt(ch32v205.h)
CH32V205,USBHSH,RX_LEN,0x01c,32,1,,,,#,reference,evt(ch32v205.h)
CH32V205,USBHSH,RX_MAX_LEN,0x020,32,1,,,,#,reference,evt(ch32v205.h)
CH32V205,USBHSH,RX_DMA,0x024,32,1,,,,#,reference,evt(ch32v205.h)
CH32V205,USBHSH,TX_DMA,0x028,32,1,,,,#,reference,evt(ch32v205.h)
CH32V205,USBHSH,PORT_CTRL,0x02c,32,1,,,,#,reference,evt(ch32v205.h)
CH32V205,USBHSH,PORT_CFG,0x030,8,1,,,,#,reference,evt(ch32v205.h)
CH32V205,USBHSH,PORT_INT_EN,0x032,8,1,,,,#,reference,evt(ch32v205.h)
CH32V205,USBHSH,PORT_TEST_CT,0x033,8,1,,,,#,reference,evt(ch32v205.h)
CH32V205,USBHSH,PORT_STATUS,0x034,16,1,,,,#,reference,evt(ch32v205.h)
CH32V205,USBHSH,PORT_STATUS_CHG,0x036,8,1,,,,#,reference,evt(ch32v205.h)
CH32V205,USBHSH,ROOT_BC_CTRL,0x03c,32,1,,,,#,reference,evt(ch32v205.h)
CH32V205,USBPD,CONFIG,0x000,16,1,,0x00000X02,ok:1,#,confirmed,evt(ch32v205.h)+rm-address(CH32V205RM.PDF)
CH32V205,USBPD,USBPD_CONFIG,0x000,32,1,,,,#,reference,evt(ch32v205.h)
CH32V205,USBPD,BMC_CLK_CNT,0x002,16,1,,,,#,reference,evt(ch32v205.h)
CH32V205,USBPD,CONTROL,0x004,8,1,,0x00000000,ok:1,#,confirmed,evt(ch32v205.h)+rm-address(CH32V205RM.PDF)
CH32V205,USBPD,R16_CONTROL,0x004,16,1,,,,#,reference,evt(ch32v205.h)
CH32V205,USBPD,USBPD_CONTROL,0x004,32,1,,,,#,reference,evt(ch32v205.h)
CH32V205,USBPD,TX_SEL,0x005,8,1,,,,#,reference,evt(ch32v205.h)
CH32V205,USBPD,BMC_TX_SZ,0x006,16,1,,,,#,reference,evt(ch32v205.h)
CH32V205,USBPD,DATA_BUF,0x008,8,1,,,,#,reference,evt(ch32v205.h)
CH32V205,USBPD,R16_STATUS,0x008,16,1,,,,#,reference,evt(ch32v205.h)
CH32V205,USBPD,USBPD_STATUS,0x008,32,1,,0x000000XX,ok:1,#,confirmed,evt(ch32v205.h)+rm-address(CH32V205RM.PDF)
CH32V205,USBPD,STATUS,0x009,8,1,,,,#,reference,evt(ch32v205.h)
CH32V205,USBPD,BMC_BYTE_CNT,0x00a,16,1,,,,#,reference,evt(ch32v205.h)
CH32V205,USBPD,PORT_CC1,0x00c,16,1,,,,#,reference,evt(ch32v205.h)
CH32V205,USBPD,USBPD_PORT,0x00c,32,1,,0x00030003,ok:1,#,confirmed,evt(ch32v205.h)+rm-address(CH32V205RM.PDF)
CH32V205,USBPD,PORT_CC2,0x00e,16,1,,,,#,reference,evt(ch32v205.h)
CH32V205,USBPD,DMA,0x010,16,1,,0x0000XXXX,ok:1,#,confirmed,evt(ch32v205.h)+rm-address(CH32V205RM.PDF)
CH32V205,USBPD,USBPD_DMA,0x010,32,1,,,,#,reference,evt(ch32v205.h)
CH32V205,WWDG,CTLR,0x000,32,1,WWDG_CTLR,0x007F,ok:1,#,confirmed,evt(ch32v205.h)+rm(CH32V205RM.PDF)+rm-address(CH32V205RM.PDF)
CH32V205,WWDG,CFGR,0x004,32,1,WWDG_CFGR,0x007F,ok:1,#,confirmed,evt(ch32v205.h)+rm(CH32V205RM.PDF)+rm-address(CH32V205RM.PDF)
CH32V205,WWDG,STATR,0x008,32,1,WWDG_STATR,0x0000,ok:1,#,confirmed,evt(ch32v205.h)+rm(CH32V205RM.PDF)+rm-address(CH32V205RM.PDF)
CH32V20x,ADC,STATR,0x000,32,1,ADCx_STATR,0x00000000,ok:2,#,confirmed,evt(ch32v20x.h)+rm(CH32FV2x_V3xRM.PDF)+rm-address(CH32FV2x_V3xRM.PDF)
CH32V20x,ADC,CTLR1,0x004,32,1,ADCx_CTLR1,0x00000000,ok:2,#,confirmed,evt(ch32v20x.h)+rm(CH32FV2x_V3xRM.PDF)+rm-address(CH32FV2x_V3xRM.PDF)
CH32V20x,ADC,CTLR2,0x008,32,1,ADCx_CTLR2,0x00000000,ok:2,#,confirmed,evt(ch32v20x.h)+rm(CH32FV2x_V3xRM.PDF)+rm-address(CH32FV2x_V3xRM.PDF)
CH32V20x,ADC,SAMPTR1,0x00c,32,1,ADCx_SAMPTR1,0x00000000,ok:2,#,confirmed,evt(ch32v20x.h)+rm(CH32FV2x_V3xRM.PDF)+rm-address(CH32FV2x_V3xRM.PDF)
CH32V20x,ADC,SAMPTR2,0x010,32,1,ADCx_SAMPTR2,0x00000000,ok:2,#,confirmed,evt(ch32v20x.h)+rm(CH32FV2x_V3xRM.PDF)+rm-address(CH32FV2x_V3xRM.PDF)
CH32V20x,ADC,IOFR1,0x014,32,1,,0x00000000,ok:2,#,confirmed,evt(ch32v20x.h)+rm-address(CH32FV2x_V3xRM.PDF)
CH32V20x,ADC,IOFR2,0x018,32,1,,0x00000000,ok:2,#,confirmed,evt(ch32v20x.h)+rm-address(CH32FV2x_V3xRM.PDF)
CH32V20x,ADC,IOFR3,0x01c,32,1,,0x00000000,ok:2,#,confirmed,evt(ch32v20x.h)+rm-address(CH32FV2x_V3xRM.PDF)
CH32V20x,ADC,IOFR4,0x020,32,1,,0x00000000,ok:2,#,confirmed,evt(ch32v20x.h)+rm-address(CH32FV2x_V3xRM.PDF)
CH32V20x,ADC,WDHTR,0x024,32,1,ADCx_WDHTR,0x00000FFF,ok:2,#,confirmed,evt(ch32v20x.h)+rm(CH32FV2x_V3xRM.PDF)+rm-address(CH32FV2x_V3xRM.PDF)
CH32V20x,ADC,WDLTR,0x028,32,1,ADCx_WDLTR,0x00000000,ok:2,#,confirmed,evt(ch32v20x.h)+rm(CH32FV2x_V3xRM.PDF)+rm-address(CH32FV2x_V3xRM.PDF)
CH32V20x,ADC,RSQR1,0x02c,32,1,ADCx_RSQR1,0x00000000,ok:2,#,confirmed,evt(ch32v20x.h)+rm(CH32FV2x_V3xRM.PDF)+rm-address(CH32FV2x_V3xRM.PDF)
CH32V20x,ADC,RSQR2,0x030,32,1,ADCx_RSQR2,0x00000000,ok:2,#,confirmed,evt(ch32v20x.h)+rm(CH32FV2x_V3xRM.PDF)+rm-address(CH32FV2x_V3xRM.PDF)
CH32V20x,ADC,RSQR3,0x034,32,1,ADCx_RSQR3,0x00000000,ok:2,#,confirmed,evt(ch32v20x.h)+rm(CH32FV2x_V3xRM.PDF)+rm-address(CH32FV2x_V3xRM.PDF)
CH32V20x,ADC,ISQR,0x038,32,1,ADCx_ISQR,0x00000000,ok:2,#,confirmed,evt(ch32v20x.h)+rm(CH32FV2x_V3xRM.PDF)+rm-address(CH32FV2x_V3xRM.PDF)
CH32V20x,ADC,IDATAR1,0x03c,32,1,,0x00000000,ok:2,#,confirmed,evt(ch32v20x.h)+rm-address(CH32FV2x_V3xRM.PDF)
CH32V20x,ADC,IDATAR2,0x040,32,1,,0x00000000,ok:2,#,confirmed,evt(ch32v20x.h)+rm-address(CH32FV2x_V3xRM.PDF)
CH32V20x,ADC,IDATAR3,0x044,32,1,,0x00000000,ok:2,#,confirmed,evt(ch32v20x.h)+rm-address(CH32FV2x_V3xRM.PDF)
CH32V20x,ADC,IDATAR4,0x048,32,1,,0x00000000,ok:2,#,confirmed,evt(ch32v20x.h)+rm-address(CH32FV2x_V3xRM.PDF)
CH32V20x,ADC,RDATAR,0x04c,32,1,ADCx_RDATAR,0x00000000,ok:2,#,confirmed,evt(ch32v20x.h)+rm(CH32FV2x_V3xRM.PDF)+rm-address(CH32FV2x_V3xRM.PDF)
CH32V20x,AFIO,ECR,0x000,32,1,AFIO_ECR,0x00000000,ok:1,#,confirmed,evt(ch32v20x.h)+rm(CH32FV2x_V3xRM.PDF)+rm-address(CH32FV2x_V3xRM.PDF)
CH32V20x,AFIO,PCFR1,0x004,32,1,AFIO_PCFR1,0x00000000,ok:1,#,confirmed,evt(ch32v20x.h)+rm(CH32FV2x_V3xRM.PDF)+rm-address(CH32FV2x_V3xRM.PDF)
CH32V20x,AFIO,EXTICR,0x008,32,4,,0x00000000,ok:4,#,confirmed,evt(ch32v20x.h)+rm-address(CH32FV2x_V3xRM.PDF)
CH32V20x,AFIO,PCFR2,0x01c,32,1,AFIO_PCFR2,0x00000000,ok:1,#,confirmed,evt(ch32v20x.h)+rm(CH32FV2x_V3xRM.PDF)+rm-address(CH32FV2x_V3xRM.PDF)
CH32V20x,BKP,DATAR1,0x004,16,1,,0x0000,ok:1,#,confirmed,evt(ch32v20x.h)+rm-address(CH32FV2x_V3xRM.PDF)
CH32V20x,BKP,DATAR2,0x008,16,1,,0x0000,ok:1,#,confirmed,evt(ch32v20x.h)+rm-address(CH32FV2x_V3xRM.PDF)
CH32V20x,BKP,DATAR3,0x00c,16,1,,0x0000,ok:1,#,confirmed,evt(ch32v20x.h)+rm-address(CH32FV2x_V3xRM.PDF)
CH32V20x,BKP,DATAR4,0x010,16,1,,0x0000,ok:1,#,confirmed,evt(ch32v20x.h)+rm-address(CH32FV2x_V3xRM.PDF)
CH32V20x,BKP,DATAR5,0x014,16,1,,0x0000,ok:1,#,confirmed,evt(ch32v20x.h)+rm-address(CH32FV2x_V3xRM.PDF)
CH32V20x,BKP,DATAR6,0x018,16,1,,0x0000,ok:1,#,confirmed,evt(ch32v20x.h)+rm-address(CH32FV2x_V3xRM.PDF)
CH32V20x,BKP,DATAR7,0x01c,16,1,,0x0000,ok:1,#,confirmed,evt(ch32v20x.h)+rm-address(CH32FV2x_V3xRM.PDF)
CH32V20x,BKP,DATAR8,0x020,16,1,,0x0000,ok:1,#,confirmed,evt(ch32v20x.h)+rm-address(CH32FV2x_V3xRM.PDF)
CH32V20x,BKP,DATAR9,0x024,16,1,,0x0000,ok:1,#,confirmed,evt(ch32v20x.h)+rm-address(CH32FV2x_V3xRM.PDF)
CH32V20x,BKP,DATAR10,0x028,16,1,,0x0000,ok:1,#,confirmed,evt(ch32v20x.h)+rm-address(CH32FV2x_V3xRM.PDF)
CH32V20x,BKP,OCTLR,0x02c,16,1,BKP_OCTLR,0x0000,ok:1,#,confirmed,evt(ch32v20x.h)+rm(CH32FV2x_V3xRM.PDF)+rm-address(CH32FV2x_V3xRM.PDF)
CH32V20x,BKP,TPCTLR,0x030,16,1,BKP_TPCTLR,0x0000,ok:1,#,confirmed,evt(ch32v20x.h)+rm(CH32FV2x_V3xRM.PDF)+rm-address(CH32FV2x_V3xRM.PDF)
CH32V20x,BKP,TPCSR,0x034,16,1,BKP_TPCSR,0x0000,ok:1,#,confirmed,evt(ch32v20x.h)+rm(CH32FV2x_V3xRM.PDF)+rm-address(CH32FV2x_V3xRM.PDF)
CH32V20x,BKP,DATAR11,0x040,16,1,,0x0000,ok:1,#,confirmed,evt(ch32v20x.h)+rm-address(CH32FV2x_V3xRM.PDF)
CH32V20x,BKP,DATAR12,0x044,16,1,,0x0000,ok:1,#,confirmed,evt(ch32v20x.h)+rm-address(CH32FV2x_V3xRM.PDF)
CH32V20x,BKP,DATAR13,0x048,16,1,,0x0000,ok:1,#,confirmed,evt(ch32v20x.h)+rm-address(CH32FV2x_V3xRM.PDF)
CH32V20x,BKP,DATAR14,0x04c,16,1,,0x0000,ok:1,#,confirmed,evt(ch32v20x.h)+rm-address(CH32FV2x_V3xRM.PDF)
CH32V20x,BKP,DATAR15,0x050,16,1,,0x0000,ok:1,#,confirmed,evt(ch32v20x.h)+rm-address(CH32FV2x_V3xRM.PDF)
CH32V20x,BKP,DATAR16,0x054,16,1,,0x0000,ok:1,#,confirmed,evt(ch32v20x.h)+rm-address(CH32FV2x_V3xRM.PDF)
CH32V20x,BKP,DATAR17,0x058,16,1,,0x0000,ok:1,#,confirmed,evt(ch32v20x.h)+rm-address(CH32FV2x_V3xRM.PDF)
CH32V20x,BKP,DATAR18,0x05c,16,1,,0x0000,ok:1,#,confirmed,evt(ch32v20x.h)+rm-address(CH32FV2x_V3xRM.PDF)
CH32V20x,BKP,DATAR19,0x060,16,1,,0x0000,ok:1,#,confirmed,evt(ch32v20x.h)+rm-address(CH32FV2x_V3xRM.PDF)
CH32V20x,BKP,DATAR20,0x064,16,1,,0x0000,ok:1,#,confirmed,evt(ch32v20x.h)+rm-address(CH32FV2x_V3xRM.PDF)
CH32V20x,BKP,DATAR21,0x068,16,1,,0x0000,ok:1,#,confirmed,evt(ch32v20x.h)+rm-address(CH32FV2x_V3xRM.PDF)
CH32V20x,BKP,DATAR22,0x06c,16,1,,0x0000,ok:1,#,confirmed,evt(ch32v20x.h)+rm-address(CH32FV2x_V3xRM.PDF)
CH32V20x,BKP,DATAR23,0x070,16,1,,0x0000,ok:1,#,confirmed,evt(ch32v20x.h)+rm-address(CH32FV2x_V3xRM.PDF)
CH32V20x,BKP,DATAR24,0x074,16,1,,0x0000,ok:1,#,confirmed,evt(ch32v20x.h)+rm-address(CH32FV2x_V3xRM.PDF)
CH32V20x,BKP,DATAR25,0x078,16,1,,0x0000,ok:1,#,confirmed,evt(ch32v20x.h)+rm-address(CH32FV2x_V3xRM.PDF)
CH32V20x,BKP,DATAR26,0x07c,16,1,,0x0000,ok:1,#,confirmed,evt(ch32v20x.h)+rm-address(CH32FV2x_V3xRM.PDF)
CH32V20x,BKP,DATAR27,0x080,16,1,,0x0000,ok:1,#,confirmed,evt(ch32v20x.h)+rm-address(CH32FV2x_V3xRM.PDF)
CH32V20x,BKP,DATAR28,0x084,16,1,,0x0000,ok:1,#,confirmed,evt(ch32v20x.h)+rm-address(CH32FV2x_V3xRM.PDF)
CH32V20x,BKP,DATAR29,0x088,16,1,,0x0000,ok:1,#,confirmed,evt(ch32v20x.h)+rm-address(CH32FV2x_V3xRM.PDF)
CH32V20x,BKP,DATAR30,0x08c,16,1,,0x0000,ok:1,#,confirmed,evt(ch32v20x.h)+rm-address(CH32FV2x_V3xRM.PDF)
CH32V20x,BKP,DATAR31,0x090,16,1,,0x0000,ok:1,#,confirmed,evt(ch32v20x.h)+rm-address(CH32FV2x_V3xRM.PDF)
CH32V20x,BKP,DATAR32,0x094,16,1,,0x0000,ok:1,#,confirmed,evt(ch32v20x.h)+rm-address(CH32FV2x_V3xRM.PDF)
CH32V20x,BKP,DATAR33,0x098,16,1,,0x0000,ok:1,#,confirmed,evt(ch32v20x.h)+rm-address(CH32FV2x_V3xRM.PDF)
CH32V20x,BKP,DATAR34,0x09c,16,1,,0x0000,ok:1,#,confirmed,evt(ch32v20x.h)+rm-address(CH32FV2x_V3xRM.PDF)
CH32V20x,BKP,DATAR35,0x0a0,16,1,,0x0000,ok:1,#,confirmed,evt(ch32v20x.h)+rm-address(CH32FV2x_V3xRM.PDF)
CH32V20x,BKP,DATAR36,0x0a4,16,1,,0x0000,ok:1,#,confirmed,evt(ch32v20x.h)+rm-address(CH32FV2x_V3xRM.PDF)
CH32V20x,BKP,DATAR37,0x0a8,16,1,,0x0000,ok:1,#,confirmed,evt(ch32v20x.h)+rm-address(CH32FV2x_V3xRM.PDF)
CH32V20x,BKP,DATAR38,0x0ac,16,1,,0x0000,ok:1,#,confirmed,evt(ch32v20x.h)+rm-address(CH32FV2x_V3xRM.PDF)
CH32V20x,BKP,DATAR39,0x0b0,16,1,,0x0000,ok:1,#,confirmed,evt(ch32v20x.h)+rm-address(CH32FV2x_V3xRM.PDF)
CH32V20x,BKP,DATAR40,0x0b4,16,1,,0x0000,ok:1,#,confirmed,evt(ch32v20x.h)+rm-address(CH32FV2x_V3xRM.PDF)
CH32V20x,BKP,DATAR41,0x0b8,16,1,,0x0000,ok:1,#,confirmed,evt(ch32v20x.h)+rm-address(CH32FV2x_V3xRM.PDF)
CH32V20x,BKP,DATAR42,0x0bc,16,1,,0x0000,ok:1,#,confirmed,evt(ch32v20x.h)+rm-address(CH32FV2x_V3xRM.PDF)
CH32V20x,CAN,CTLR,0x000,32,1,CANx_CTLR,0x00010002,ok:1,#,confirmed,evt(ch32v20x.h)+rm(CH32FV2x_V3xRM.PDF)+rm-address(CH32FV2x_V3xRM.PDF)
CH32V20x,CAN,STATR,0x004,32,1,CANx_STATR,0x00000X02,ok:1,#,confirmed,evt(ch32v20x.h)+rm(CH32FV2x_V3xRM.PDF)+rm-address(CH32FV2x_V3xRM.PDF)
CH32V20x,CAN,TSTATR,0x008,32,1,CANx_TSTATR,0x1C000000,ok:1,#,confirmed,evt(ch32v20x.h)+rm(CH32FV2x_V3xRM.PDF)+rm-address(CH32FV2x_V3xRM.PDF)
CH32V20x,CAN,RFIFO0,0x00c,32,1,CANx_RFIFO0,0x00000000,ok:1,#,confirmed,evt(ch32v20x.h)+rm(CH32FV2x_V3xRM.PDF)+rm-address(CH32FV2x_V3xRM.PDF)
CH32V20x,CAN,RFIFO1,0x010,32,1,CANx_RFIFO1,0x00000000,ok:1,#,confirmed,evt(ch32v20x.h)+rm(CH32FV2x_V3xRM.PDF)+rm-address(CH32FV2x_V3xRM.PDF)
CH32V20x,CAN,INTENR,0x014,32,1,CANx_INTENR,0x00000000,ok:1,#,confirmed,evt(ch32v20x.h)+rm(CH32FV2x_V3xRM.PDF)+rm-address(CH32FV2x_V3xRM.PDF)
CH32V20x,CAN,ERRSR,0x018,32,1,CANx_ERRSR,0x00000000,ok:1,#,confirmed,evt(ch32v20x.h)+rm(CH32FV2x_V3xRM.PDF)+rm-address(CH32FV2x_V3xRM.PDF)
CH32V20x,CAN,BTIMR,0x01c,32,1,CANx_BTIMR,0x01230000,ok:1,#,confirmed,evt(ch32v20x.h)+rm(CH32FV2x_V3xRM.PDF)+rm-address(CH32FV2x_V3xRM.PDF)
CH32V20x,CAN,sTxMailBox[0].TXMIR,0x180,32,1,,X,ok:1,#,confirmed,evt(ch32v20x.h)+rm-address(CH32FV2x_V3xRM.PDF)
CH32V20x,CAN,sTxMailBox[0].TXMDTR,0x184,32,1,,X,ok:1,#,confirmed,evt(ch32v20x.h)+rm-address(CH32FV2x_V3xRM.PDF)
CH32V20x,CAN,sTxMailBox[0].TXMDLR,0x188,32,1,,X,ok:1,#,confirmed,evt(ch32v20x.h)+rm-address(CH32FV2x_V3xRM.PDF)
CH32V20x,CAN,sTxMailBox[0].TXMDHR,0x18c,32,1,,X,ok:1,#,confirmed,evt(ch32v20x.h)+rm-address(CH32FV2x_V3xRM.PDF)
CH32V20x,CAN,sTxMailBox[1].TXMIR,0x190,32,1,,X,ok:1,#,confirmed,evt(ch32v20x.h)+rm-address(CH32FV2x_V3xRM.PDF)
CH32V20x,CAN,sTxMailBox[1].TXMDTR,0x194,32,1,,X,ok:1,#,confirmed,evt(ch32v20x.h)+rm-address(CH32FV2x_V3xRM.PDF)
CH32V20x,CAN,sTxMailBox[1].TXMDLR,0x198,32,1,,X,ok:1,#,confirmed,evt(ch32v20x.h)+rm-address(CH32FV2x_V3xRM.PDF)
CH32V20x,CAN,sTxMailBox[1].TXMDHR,0x19c,32,1,,X,ok:1,#,confirmed,evt(ch32v20x.h)+rm-address(CH32FV2x_V3xRM.PDF)
CH32V20x,CAN,sTxMailBox[2].TXMIR,0x1a0,32,1,,X,ok:1,#,confirmed,evt(ch32v20x.h)+rm-address(CH32FV2x_V3xRM.PDF)
CH32V20x,CAN,sTxMailBox[2].TXMDTR,0x1a4,32,1,,X,ok:1,#,confirmed,evt(ch32v20x.h)+rm-address(CH32FV2x_V3xRM.PDF)
CH32V20x,CAN,sTxMailBox[2].TXMDLR,0x1a8,32,1,,X,ok:1,#,confirmed,evt(ch32v20x.h)+rm-address(CH32FV2x_V3xRM.PDF)
CH32V20x,CAN,sTxMailBox[2].TXMDHR,0x1ac,32,1,,X,ok:1,#,confirmed,evt(ch32v20x.h)+rm-address(CH32FV2x_V3xRM.PDF)
CH32V20x,CAN,sFIFOMailBox[0].RXMIR,0x1b0,32,1,,X,ok:1,#,confirmed,evt(ch32v20x.h)+rm-address(CH32FV2x_V3xRM.PDF)
CH32V20x,CAN,sFIFOMailBox[0].RXMDTR,0x1b4,32,1,,X,ok:1,#,confirmed,evt(ch32v20x.h)+rm-address(CH32FV2x_V3xRM.PDF)
CH32V20x,CAN,sFIFOMailBox[0].RXMDLR,0x1b8,32,1,,X,ok:1,#,confirmed,evt(ch32v20x.h)+rm-address(CH32FV2x_V3xRM.PDF)
CH32V20x,CAN,sFIFOMailBox[0].RXMDHR,0x1bc,32,1,,X,ok:1,#,confirmed,evt(ch32v20x.h)+rm-address(CH32FV2x_V3xRM.PDF)
CH32V20x,CAN,sFIFOMailBox[1].RXMIR,0x1c0,32,1,,X,ok:1,#,confirmed,evt(ch32v20x.h)+rm-address(CH32FV2x_V3xRM.PDF)
CH32V20x,CAN,sFIFOMailBox[1].RXMDTR,0x1c4,32,1,,X,ok:1,#,confirmed,evt(ch32v20x.h)+rm-address(CH32FV2x_V3xRM.PDF)
CH32V20x,CAN,sFIFOMailBox[1].RXMDLR,0x1c8,32,1,,X,ok:1,#,confirmed,evt(ch32v20x.h)+rm-address(CH32FV2x_V3xRM.PDF)
CH32V20x,CAN,sFIFOMailBox[1].RXMDHR,0x1cc,32,1,,X,ok:1,#,confirmed,evt(ch32v20x.h)+rm-address(CH32FV2x_V3xRM.PDF)
CH32V20x,CAN,FCTLR,0x200,32,1,CANx_FCTLR,0x2A1C0E01,ok:1,#,confirmed,evt(ch32v20x.h)+rm(CH32FV2x_V3xRM.PDF)+rm-address(CH32FV2x_V3xRM.PDF)
CH32V20x,CAN,FMCFGR,0x204,32,1,CANx_FMCFGR,0x00000000,ok:1,#,confirmed,evt(ch32v20x.h)+rm(CH32FV2x_V3xRM.PDF)+rm-address(CH32FV2x_V3xRM.PDF)
CH32V20x,CAN,FSCFGR,0x20c,32,1,CANx_FSCFGR,0x00000000,ok:1,#,confirmed,evt(ch32v20x.h)+rm(CH32FV2x_V3xRM.PDF)+rm-address(CH32FV2x_V3xRM.PDF)
CH32V20x,CAN,FAFIFOR,0x214,32,1,CANx_FAFIFOR,0x00000000,ok:1,#,confirmed,evt(ch32v20x.h)+rm(CH32FV2x_V3xRM.PDF)+rm-address(CH32FV2x_V3xRM.PDF)
CH32V20x,CAN,FWR,0x21c,32,1,CANx_FWR,0x00000000,ok:1,#,confirmed,evt(ch32v20x.h)+rm(CH32FV2x_V3xRM.PDF)+rm-address(CH32FV2x_V3xRM.PDF)
CH32V20x,CAN,sFilterRegister[0].FR1,0x240,32,1,,X,ok:1,#,confirmed,evt(ch32v20x.h)+rm-address(CH32FV2x_V3xRM.PDF)
CH32V20x,CAN,sFilterRegister[0].FR2,0x244,32,1,,X,ok:1,#,confirmed,evt(ch32v20x.h)+rm-address(CH32FV2x_V3xRM.PDF)
CH32V20x,CAN,sFilterRegister[1].FR1,0x248,32,1,,X,ok:1,#,confirmed,evt(ch32v20x.h)+rm-address(CH32FV2x_V3xRM.PDF)
CH32V20x,CAN,sFilterRegister[1].FR2,0x24c,32,1,,X,ok:1,#,confirmed,evt(ch32v20x.h)+rm-address(CH32FV2x_V3xRM.PDF)
CH32V20x,CAN,sFilterRegister[2].FR1,0x250,32,1,,X,ok:1,#,confirmed,evt(ch32v20x.h)+rm-address(CH32FV2x_V3xRM.PDF)
CH32V20x,CAN,sFilterRegister[2].FR2,0x254,32,1,,X,ok:1,#,confirmed,evt(ch32v20x.h)+rm-address(CH32FV2x_V3xRM.PDF)
CH32V20x,CAN,sFilterRegister[3].FR1,0x258,32,1,,X,ok:1,#,confirmed,evt(ch32v20x.h)+rm-address(CH32FV2x_V3xRM.PDF)
CH32V20x,CAN,sFilterRegister[3].FR2,0x25c,32,1,,X,ok:1,#,confirmed,evt(ch32v20x.h)+rm-address(CH32FV2x_V3xRM.PDF)
CH32V20x,CAN,sFilterRegister[4].FR1,0x260,32,1,,X,ok:1,#,confirmed,evt(ch32v20x.h)+rm-address(CH32FV2x_V3xRM.PDF)
CH32V20x,CAN,sFilterRegister[4].FR2,0x264,32,1,,X,ok:1,#,confirmed,evt(ch32v20x.h)+rm-address(CH32FV2x_V3xRM.PDF)
CH32V20x,CAN,sFilterRegister[5].FR1,0x268,32,1,,X,ok:1,#,confirmed,evt(ch32v20x.h)+rm-address(CH32FV2x_V3xRM.PDF)
CH32V20x,CAN,sFilterRegister[5].FR2,0x26c,32,1,,X,ok:1,#,confirmed,evt(ch32v20x.h)+rm-address(CH32FV2x_V3xRM.PDF)
CH32V20x,CAN,sFilterRegister[6].FR1,0x270,32,1,,X,ok:1,#,confirmed,evt(ch32v20x.h)+rm-address(CH32FV2x_V3xRM.PDF)
CH32V20x,CAN,sFilterRegister[6].FR2,0x274,32,1,,X,ok:1,#,confirmed,evt(ch32v20x.h)+rm-address(CH32FV2x_V3xRM.PDF)
CH32V20x,CAN,sFilterRegister[7].FR1,0x278,32,1,,X,ok:1,#,confirmed,evt(ch32v20x.h)+rm-address(CH32FV2x_V3xRM.PDF)
CH32V20x,CAN,sFilterRegister[7].FR2,0x27c,32,1,,X,ok:1,#,confirmed,evt(ch32v20x.h)+rm-address(CH32FV2x_V3xRM.PDF)
CH32V20x,CAN,sFilterRegister[8].FR1,0x280,32,1,,X,ok:1,#,confirmed,evt(ch32v20x.h)+rm-address(CH32FV2x_V3xRM.PDF)
CH32V20x,CAN,sFilterRegister[8].FR2,0x284,32,1,,X,ok:1,#,confirmed,evt(ch32v20x.h)+rm-address(CH32FV2x_V3xRM.PDF)
CH32V20x,CAN,sFilterRegister[9].FR1,0x288,32,1,,X,ok:1,#,confirmed,evt(ch32v20x.h)+rm-address(CH32FV2x_V3xRM.PDF)
CH32V20x,CAN,sFilterRegister[9].FR2,0x28c,32,1,,X,ok:1,#,confirmed,evt(ch32v20x.h)+rm-address(CH32FV2x_V3xRM.PDF)
CH32V20x,CAN,sFilterRegister[10].FR1,0x290,32,1,,X,ok:1,#,confirmed,evt(ch32v20x.h)+rm-address(CH32FV2x_V3xRM.PDF)
CH32V20x,CAN,sFilterRegister[10].FR2,0x294,32,1,,X,ok:1,#,confirmed,evt(ch32v20x.h)+rm-address(CH32FV2x_V3xRM.PDF)
CH32V20x,CAN,sFilterRegister[11].FR1,0x298,32,1,,X,ok:1,#,confirmed,evt(ch32v20x.h)+rm-address(CH32FV2x_V3xRM.PDF)
CH32V20x,CAN,sFilterRegister[11].FR2,0x29c,32,1,,X,ok:1,#,confirmed,evt(ch32v20x.h)+rm-address(CH32FV2x_V3xRM.PDF)
CH32V20x,CAN,sFilterRegister[12].FR1,0x2a0,32,1,,X,ok:1,#,confirmed,evt(ch32v20x.h)+rm-address(CH32FV2x_V3xRM.PDF)
CH32V20x,CAN,sFilterRegister[12].FR2,0x2a4,32,1,,X,ok:1,#,confirmed,evt(ch32v20x.h)+rm-address(CH32FV2x_V3xRM.PDF)
CH32V20x,CAN,sFilterRegister[13].FR1,0x2a8,32,1,,X,ok:1,#,confirmed,evt(ch32v20x.h)+rm-address(CH32FV2x_V3xRM.PDF)
CH32V20x,CAN,sFilterRegister[13].FR2,0x2ac,32,1,,X,ok:1,#,confirmed,evt(ch32v20x.h)+rm-address(CH32FV2x_V3xRM.PDF)
CH32V20x,CAN,sFilterRegister[14].FR1,0x2b0,32,1,,X,ok:1,#,confirmed,evt(ch32v20x.h)+rm-address(CH32FV2x_V3xRM.PDF)
CH32V20x,CAN,sFilterRegister[14].FR2,0x2b4,32,1,,X,ok:1,#,confirmed,evt(ch32v20x.h)+rm-address(CH32FV2x_V3xRM.PDF)
CH32V20x,CAN,sFilterRegister[15].FR1,0x2b8,32,1,,X,ok:1,#,confirmed,evt(ch32v20x.h)+rm-address(CH32FV2x_V3xRM.PDF)
CH32V20x,CAN,sFilterRegister[15].FR2,0x2bc,32,1,,X,ok:1,#,confirmed,evt(ch32v20x.h)+rm-address(CH32FV2x_V3xRM.PDF)
CH32V20x,CAN,sFilterRegister[16].FR1,0x2c0,32,1,,X,ok:1,#,confirmed,evt(ch32v20x.h)+rm-address(CH32FV2x_V3xRM.PDF)
CH32V20x,CAN,sFilterRegister[16].FR2,0x2c4,32,1,,X,ok:1,#,confirmed,evt(ch32v20x.h)+rm-address(CH32FV2x_V3xRM.PDF)
CH32V20x,CAN,sFilterRegister[17].FR1,0x2c8,32,1,,X,ok:1,#,confirmed,evt(ch32v20x.h)+rm-address(CH32FV2x_V3xRM.PDF)
CH32V20x,CAN,sFilterRegister[17].FR2,0x2cc,32,1,,X,ok:1,#,confirmed,evt(ch32v20x.h)+rm-address(CH32FV2x_V3xRM.PDF)
CH32V20x,CAN,sFilterRegister[18].FR1,0x2d0,32,1,,X,ok:1,#,confirmed,evt(ch32v20x.h)+rm-address(CH32FV2x_V3xRM.PDF)
CH32V20x,CAN,sFilterRegister[18].FR2,0x2d4,32,1,,X,ok:1,#,confirmed,evt(ch32v20x.h)+rm-address(CH32FV2x_V3xRM.PDF)
CH32V20x,CAN,sFilterRegister[19].FR1,0x2d8,32,1,,X,ok:1,#,confirmed,evt(ch32v20x.h)+rm-address(CH32FV2x_V3xRM.PDF)
CH32V20x,CAN,sFilterRegister[19].FR2,0x2dc,32,1,,X,ok:1,#,confirmed,evt(ch32v20x.h)+rm-address(CH32FV2x_V3xRM.PDF)
CH32V20x,CAN,sFilterRegister[20].FR1,0x2e0,32,1,,X,ok:1,#,confirmed,evt(ch32v20x.h)+rm-address(CH32FV2x_V3xRM.PDF)
CH32V20x,CAN,sFilterRegister[20].FR2,0x2e4,32,1,,X,ok:1,#,confirmed,evt(ch32v20x.h)+rm-address(CH32FV2x_V3xRM.PDF)
CH32V20x,CAN,sFilterRegister[21].FR1,0x2e8,32,1,,X,ok:1,#,confirmed,evt(ch32v20x.h)+rm-address(CH32FV2x_V3xRM.PDF)
CH32V20x,CAN,sFilterRegister[21].FR2,0x2ec,32,1,,X,ok:1,#,confirmed,evt(ch32v20x.h)+rm-address(CH32FV2x_V3xRM.PDF)
CH32V20x,CAN,sFilterRegister[22].FR1,0x2f0,32,1,,X,ok:1,#,confirmed,evt(ch32v20x.h)+rm-address(CH32FV2x_V3xRM.PDF)
CH32V20x,CAN,sFilterRegister[22].FR2,0x2f4,32,1,,X,ok:1,#,confirmed,evt(ch32v20x.h)+rm-address(CH32FV2x_V3xRM.PDF)
CH32V20x,CAN,sFilterRegister[23].FR1,0x2f8,32,1,,X,ok:1,#,confirmed,evt(ch32v20x.h)+rm-address(CH32FV2x_V3xRM.PDF)
CH32V20x,CAN,sFilterRegister[23].FR2,0x2fc,32,1,,X,ok:1,#,confirmed,evt(ch32v20x.h)+rm-address(CH32FV2x_V3xRM.PDF)
CH32V20x,CAN,sFilterRegister[24].FR1,0x300,32,1,,X,ok:1,#,confirmed,evt(ch32v20x.h)+rm-address(CH32FV2x_V3xRM.PDF)
CH32V20x,CAN,sFilterRegister[24].FR2,0x304,32,1,,X,ok:1,#,confirmed,evt(ch32v20x.h)+rm-address(CH32FV2x_V3xRM.PDF)
CH32V20x,CAN,sFilterRegister[25].FR1,0x308,32,1,,X,ok:1,#,confirmed,evt(ch32v20x.h)+rm-address(CH32FV2x_V3xRM.PDF)
CH32V20x,CAN,sFilterRegister[25].FR2,0x30c,32,1,,X,ok:1,#,confirmed,evt(ch32v20x.h)+rm-address(CH32FV2x_V3xRM.PDF)
CH32V20x,CAN,sFilterRegister[26].FR1,0x310,32,1,,X,ok:1,#,confirmed,evt(ch32v20x.h)+rm-address(CH32FV2x_V3xRM.PDF)
CH32V20x,CAN,sFilterRegister[26].FR2,0x314,32,1,,X,ok:1,#,confirmed,evt(ch32v20x.h)+rm-address(CH32FV2x_V3xRM.PDF)
CH32V20x,CAN,sFilterRegister[27].FR1,0x318,32,1,,X,ok:1,#,confirmed,evt(ch32v20x.h)+rm-address(CH32FV2x_V3xRM.PDF)
CH32V20x,CAN,sFilterRegister[27].FR2,0x31c,32,1,,X,ok:1,#,confirmed,evt(ch32v20x.h)+rm-address(CH32FV2x_V3xRM.PDF)
CH32V20x,CAN_FIFOMailBox,RXMIR,0x000,32,1,,,,#,reference,evt(ch32v20x.h)
CH32V20x,CAN_FIFOMailBox,RXMDTR,0x004,32,1,,,,#,reference,evt(ch32v20x.h)
CH32V20x,CAN_FIFOMailBox,RXMDLR,0x008,32,1,,,,#,reference,evt(ch32v20x.h)
CH32V20x,CAN_FIFOMailBox,RXMDHR,0x00c,32,1,,,,#,reference,evt(ch32v20x.h)
CH32V20x,CAN_FilterRegister,FR1,0x000,32,1,,,,#,reference,evt(ch32v20x.h)
CH32V20x,CAN_FilterRegister,FR2,0x004,32,1,,,,#,reference,evt(ch32v20x.h)
CH32V20x,CAN_TxMailBox,TXMIR,0x000,32,1,,,,#,reference,evt(ch32v20x.h)
CH32V20x,CAN_TxMailBox,TXMDTR,0x004,32,1,,,,#,reference,evt(ch32v20x.h)
CH32V20x,CAN_TxMailBox,TXMDLR,0x008,32,1,,,,#,reference,evt(ch32v20x.h)
CH32V20x,CAN_TxMailBox,TXMDHR,0x00c,32,1,,,,#,reference,evt(ch32v20x.h)
CH32V20x,CRC,DATAR,0x000,32,1,CRC_DATAR,0xFFFFFFFF,ok:1,#,confirmed,evt(ch32v20x.h)+rm(CH32FV2x_V3xRM.PDF)+rm-address(CH32FV2x_V3xRM.PDF)
CH32V20x,CRC,IDATAR,0x004,8,1,CRC_IDATAR,,,#,confirmed,evt(ch32v20x.h)+rm(CH32FV2x_V3xRM.PDF)
CH32V20x,CRC,CTLR,0x008,32,1,CRC_CTLR,,,#,confirmed,evt(ch32v20x.h)+rm(CH32FV2x_V3xRM.PDF)
CH32V20x,DMA,INTFR,0x000,32,1,,0x00000000,ok:1,#,confirmed,evt(ch32v20x.h)+rm-address(CH32FV2x_V3xRM.PDF)
CH32V20x,DMA,INTFCR,0x004,32,1,,0x00000000,ok:1,#,confirmed,evt(ch32v20x.h)+rm-address(CH32FV2x_V3xRM.PDF)
CH32V20x,DMA_Channel,CFGR,0x000,32,1,,0x00000000,ok:8,#,confirmed,evt(ch32v20x.h)+rm-address(CH32FV2x_V3xRM.PDF)
CH32V20x,DMA_Channel,CNTR,0x004,32,1,,0x00000000,ok:8,#,confirmed,evt(ch32v20x.h)+rm-address(CH32FV2x_V3xRM.PDF)
CH32V20x,DMA_Channel,PADDR,0x008,32,1,,0x00000000,ok:8,#,confirmed,evt(ch32v20x.h)+rm-address(CH32FV2x_V3xRM.PDF)
CH32V20x,DMA_Channel,MADDR,0x00c,32,1,,0x00000000,ok:8,#,confirmed,evt(ch32v20x.h)+rm-address(CH32FV2x_V3xRM.PDF)
CH32V20x,ETH10M,EIE,0x003,8,1,,,,#,reference,evt(ch32v20x.h)
CH32V20x,ETH10M,EIR,0x004,8,1,,,,#,reference,evt(ch32v20x.h)
CH32V20x,ETH10M,ESTAT,0x005,8,1,,,,#,reference,evt(ch32v20x.h)
CH32V20x,ETH10M,ECON2,0x006,8,1,,,,#,reference,evt(ch32v20x.h)
CH32V20x,ETH10M,ECON1,0x007,8,1,,,,#,reference,evt(ch32v20x.h)
CH32V20x,ETH10M,ETXST,0x008,16,1,,,,#,reference,evt(ch32v20x.h)
CH32V20x,ETH10M,ETXLN,0x00a,16,1,,,,#,reference,evt(ch32v20x.h)
CH32V20x,ETH10M,ERXST,0x00c,16,1,,,,#,reference,evt(ch32v20x.h)
CH32V20x,ETH10M,ERXLN,0x00e,16,1,,,,#,reference,evt(ch32v20x.h)
CH32V20x,ETH10M,HTL,0x010,32,1,,,,#,reference,evt(ch32v20x.h)
CH32V20x,ETH10M,HTH,0x014,32,1,,,,#,reference,evt(ch32v20x.h)
CH32V20x,ETH10M,ERXFON,0x018,8,1,,,,#,reference,evt(ch32v20x.h)
CH32V20x,ETH10M,MACON1,0x019,8,1,,,,#,reference,evt(ch32v20x.h)
CH32V20x,ETH10M,MACON2,0x01a,8,1,,,,#,reference,evt(ch32v20x.h)
CH32V20x,ETH10M,MABBIPG,0x01b,8,1,,,,#,reference,evt(ch32v20x.h)
CH32V20x,ETH10M,EPAUS,0x01c,16,1,,,,#,reference,evt(ch32v20x.h)
CH32V20x,ETH10M,MAMXFL,0x01e,16,1,,,,#,reference,evt(ch32v20x.h)
CH32V20x,ETH10M,MIRD,0x020,16,1,,,,#,reference,evt(ch32v20x.h)
CH32V20x,ETH10M,MIERGADR,0x024,8,1,,,,#,reference,evt(ch32v20x.h)
CH32V20x,ETH10M,MISTAT,0x025,8,1,,,,#,reference,evt(ch32v20x.h)
CH32V20x,ETH10M,MIWR,0x026,16,1,,,,#,reference,evt(ch32v20x.h)
CH32V20x,ETH10M,MAADRL,0x028,32,1,,,,#,reference,evt(ch32v20x.h)
CH32V20x,ETH10M,MAADRH,0x02c,16,1,,,,#,reference,evt(ch32v20x.h)
CH32V20x,EXTEN,EXTEN_CTR,0x000,32,1,,0x00000A40,ok:1,#,confirmed,evt(ch32v20x.h)+rm-address(CH32FV2x_V3xRM.PDF)
CH32V20x,EXTI,INTENR,0x000,32,1,EXTI_INTENR,0x00000000,ok:1,#,confirmed,evt(ch32v20x.h)+rm(CH32FV2x_V3xRM.PDF)+rm-address(CH32FV2x_V3xRM.PDF)
CH32V20x,EXTI,EVENR,0x004,32,1,EXTI_EVENR,0x00000000,ok:1,#,confirmed,evt(ch32v20x.h)+rm(CH32FV2x_V3xRM.PDF)+rm-address(CH32FV2x_V3xRM.PDF)
CH32V20x,EXTI,RTENR,0x008,32,1,EXTI_RTENR,0x00000000,ok:1,#,confirmed,evt(ch32v20x.h)+rm(CH32FV2x_V3xRM.PDF)+rm-address(CH32FV2x_V3xRM.PDF)
CH32V20x,EXTI,FTENR,0x00c,32,1,EXTI_FTENR,0x00000000,ok:1,#,confirmed,evt(ch32v20x.h)+rm(CH32FV2x_V3xRM.PDF)+rm-address(CH32FV2x_V3xRM.PDF)
CH32V20x,EXTI,SWIEVR,0x010,32,1,EXTI_SWIEVR,0x00000000,ok:1,#,confirmed,evt(ch32v20x.h)+rm(CH32FV2x_V3xRM.PDF)+rm-address(CH32FV2x_V3xRM.PDF)
CH32V20x,EXTI,INTFR,0x014,32,1,EXTI_INTFR,,,#,confirmed,evt(ch32v20x.h)+rm(CH32FV2x_V3xRM.PDF)
CH32V20x,FLASH,ACTLR,0x000,32,1,,,,#,reference,evt(ch32v20x.h)
CH32V20x,FLASH,KEYR,0x004,32,1,FLASH_KEYR,0xXXXXXXXX,ok:1,#,confirmed,evt(ch32v20x.h)+rm(CH32FV2x_V3xRM.PDF)+rm-address(CH32FV2x_V3xRM.PDF)
CH32V20x,FLASH,OBKEYR,0x008,32,1,FLASH_OBKEYR,0xXXXXXXXX,ok:1,#,confirmed,evt(ch32v20x.h)+rm(CH32FV2x_V3xRM.PDF)+rm-address(CH32FV2x_V3xRM.PDF)
CH32V20x,FLASH,STATR,0x00c,32,1,FLASH_STATR,0x00000000,ok:1,#,confirmed,evt(ch32v20x.h)+rm(CH32FV2x_V3xRM.PDF)+rm-address(CH32FV2x_V3xRM.PDF)
CH32V20x,FLASH,CTLR,0x010,32,1,FLASH_CTLR,0x00008080,ok:1,#,confirmed,evt(ch32v20x.h)+rm(CH32FV2x_V3xRM.PDF)+rm-address(CH32FV2x_V3xRM.PDF)
CH32V20x,FLASH,ADDR,0x014,32,1,FLASH_ADDR,0x00000000,ok:1,#,confirmed,evt(ch32v20x.h)+rm(CH32FV2x_V3xRM.PDF)+rm-address(CH32FV2x_V3xRM.PDF)
CH32V20x,FLASH,OBR,0x01c,32,1,FLASH_OBR,0xXXXXXXXX,ok:1,#,confirmed,evt(ch32v20x.h)+rm(CH32FV2x_V3xRM.PDF)+rm-address(CH32FV2x_V3xRM.PDF)
CH32V20x,FLASH,WPR,0x020,32,1,FLASH_WPR,0xXXXXXXXX,ok:1,#,confirmed,evt(ch32v20x.h)+rm(CH32FV2x_V3xRM.PDF)+rm-address(CH32FV2x_V3xRM.PDF)
CH32V20x,FLASH,MODEKEYR,0x024,32,1,FLASH_MODEKEYR,0xXXXXXXXX,ok:1,#,confirmed,evt(ch32v20x.h)+rm(CH32FV2x_V3xRM.PDF)+rm-address(CH32FV2x_V3xRM.PDF)
CH32V20x,GPIO,CFGLR,0x000,32,1,,0x44444444,ok:4,#,confirmed,evt(ch32v20x.h)+rm-address(CH32FV2x_V3xRM.PDF)
CH32V20x,GPIO,CFGHR,0x004,32,1,,0x44444444,ok:4,#,confirmed,evt(ch32v20x.h)+rm-address(CH32FV2x_V3xRM.PDF)
CH32V20x,GPIO,INDR,0x008,32,1,GPIOx_INDR,0x0000XXXX,ok:4,#,confirmed,evt(ch32v20x.h)+rm(CH32FV2x_V3xRM.PDF)+rm-address(CH32FV2x_V3xRM.PDF)
CH32V20x,GPIO,OUTDR,0x00c,32,1,GPIOx_OUTDR,0x00000000,ok:4,#,confirmed,evt(ch32v20x.h)+rm(CH32FV2x_V3xRM.PDF)+rm-address(CH32FV2x_V3xRM.PDF)
CH32V20x,GPIO,BSHR,0x010,32,1,GPIOx_BSHR,0x00000000,ok:4,#,confirmed,evt(ch32v20x.h)+rm(CH32FV2x_V3xRM.PDF)+rm-address(CH32FV2x_V3xRM.PDF)
CH32V20x,GPIO,BCR,0x014,32,1,GPIOx_BCR,0x00000000,ok:4,#,confirmed,evt(ch32v20x.h)+rm(CH32FV2x_V3xRM.PDF)+rm-address(CH32FV2x_V3xRM.PDF)
CH32V20x,GPIO,LCKR,0x018,32,1,GPIOx_LCKR,0x00000000,ok:4,#,confirmed,evt(ch32v20x.h)+rm(CH32FV2x_V3xRM.PDF)+rm-address(CH32FV2x_V3xRM.PDF)
CH32V20x,I2C,CTLR1,0x000,16,1,I2Cx_CTLR1,0x0000,ok:2,#,confirmed,evt(ch32v20x.h)+rm(CH32FV2x_V3xRM.PDF)+rm-address(CH32FV2x_V3xRM.PDF)
CH32V20x,I2C,CTLR2,0x004,16,1,I2Cx_CTLR2,0x0000,ok:2,#,confirmed,evt(ch32v20x.h)+rm(CH32FV2x_V3xRM.PDF)+rm-address(CH32FV2x_V3xRM.PDF)
CH32V20x,I2C,OADDR1,0x008,16,1,I2Cx_OADDR1,0x0000,ok:2,#,confirmed,evt(ch32v20x.h)+rm(CH32FV2x_V3xRM.PDF)+rm-address(CH32FV2x_V3xRM.PDF)
CH32V20x,I2C,OADDR2,0x00c,16,1,I2Cx_OADDR2,0x0000,ok:2,#,confirmed,evt(ch32v20x.h)+rm(CH32FV2x_V3xRM.PDF)+rm-address(CH32FV2x_V3xRM.PDF)
CH32V20x,I2C,DATAR,0x010,16,1,I2Cx_DATAR,0x0000,ok:2,#,confirmed,evt(ch32v20x.h)+rm(CH32FV2x_V3xRM.PDF)+rm-address(CH32FV2x_V3xRM.PDF)
CH32V20x,I2C,STAR1,0x014,16,1,I2Cx_STAR1,0x0000,ok:2,#,confirmed,evt(ch32v20x.h)+rm(CH32FV2x_V3xRM.PDF)+rm-address(CH32FV2x_V3xRM.PDF)
CH32V20x,I2C,STAR2,0x018,16,1,I2Cx_STAR2,0x0000,ok:2,#,confirmed,evt(ch32v20x.h)+rm(CH32FV2x_V3xRM.PDF)+rm-address(CH32FV2x_V3xRM.PDF)
CH32V20x,I2C,CKCFGR,0x01c,16,1,I2Cx_CKCFGR,0x0000,ok:2,#,confirmed,evt(ch32v20x.h)+rm(CH32FV2x_V3xRM.PDF)+rm-address(CH32FV2x_V3xRM.PDF)
CH32V20x,I2C,RTR,0x020,16,1,I2Cx_RTR,0x0002,ok:2,#,confirmed,evt(ch32v20x.h)+rm(CH32FV2x_V3xRM.PDF)+rm-address(CH32FV2x_V3xRM.PDF)
CH32V20x,IWDG,CTLR,0x000,32,1,IWDG_CTLR,0x0000,ok:1,#,confirmed,evt(ch32v20x.h)+rm(CH32FV2x_V3xRM.PDF)+rm-address(CH32FV2x_V3xRM.PDF)
CH32V20x,IWDG,PSCR,0x004,32,1,IWDG_PSCR,0x0000,ok:1,#,confirmed,evt(ch32v20x.h)+rm(CH32FV2x_V3xRM.PDF)+rm-address(CH32FV2x_V3xRM.PDF)
CH32V20x,IWDG,RLDR,0x008,32,1,IWDG_RLDR,0x0FFF,ok:1,#,confirmed,evt(ch32v20x.h)+rm(CH32FV2x_V3xRM.PDF)+rm-address(CH32FV2x_V3xRM.PDF)
CH32V20x,IWDG,STATR,0x00c,32,1,IWDG_STATR,0x0000,ok:1,#,confirmed,evt(ch32v20x.h)+rm(CH32FV2x_V3xRM.PDF)+rm-address(CH32FV2x_V3xRM.PDF)
CH32V20x,OB,RDPR,0x000,16,1,,,,#,reference,evt(ch32v20x.h)
CH32V20x,OB,USER,0x002,16,1,,,,#,reference,evt(ch32v20x.h)
CH32V20x,OB,Data0,0x004,16,1,,,,#,reference,evt(ch32v20x.h)
CH32V20x,OB,Data1,0x006,16,1,,,,#,reference,evt(ch32v20x.h)
CH32V20x,OB,WRPR0,0x008,16,1,,,,#,reference,evt(ch32v20x.h)
CH32V20x,OB,WRPR1,0x00a,16,1,,,,#,reference,evt(ch32v20x.h)
CH32V20x,OB,WRPR2,0x00c,16,1,,,,#,reference,evt(ch32v20x.h)
CH32V20x,OB,WRPR3,0x00e,16,1,,,,#,reference,evt(ch32v20x.h)
CH32V20x,OPA,CR,0x000,32,1,,,,#,reference,evt(ch32v20x.h)
CH32V20x,OSC,HSE_CAL_CTRL,0x000,32,1,,,,#,reference,evt(ch32v20x.h)
CH32V20x,OSC,Reserve0,0x004,32,1,,,,#,reference,evt(ch32v20x.h)
CH32V20x,OSC,Reserve1,0x008,16,1,,,,#,reference,evt(ch32v20x.h)
CH32V20x,OSC,LSI32K_TUNE,0x00a,16,1,,,,#,reference,evt(ch32v20x.h)
CH32V20x,OSC,Reserve2,0x00c,32,1,,,,#,reference,evt(ch32v20x.h)
CH32V20x,OSC,Reserve3,0x010,32,1,,,,#,reference,evt(ch32v20x.h)
CH32V20x,OSC,Reserve4,0x014,32,1,,,,#,reference,evt(ch32v20x.h)
CH32V20x,OSC,Reserve5,0x018,32,1,,,,#,reference,evt(ch32v20x.h)
CH32V20x,OSC,Reserve6,0x01c,8,1,,,,#,reference,evt(ch32v20x.h)
CH32V20x,OSC,LSI32K_CAL_CFG,0x01d,8,1,,,,#,reference,evt(ch32v20x.h)
CH32V20x,OSC,Reserve7,0x01e,16,1,,,,#,reference,evt(ch32v20x.h)
CH32V20x,OSC,LSI32K_CAL_STATR,0x020,16,1,,,,#,reference,evt(ch32v20x.h)
CH32V20x,OSC,LSI32K_CAL_OV_CNT,0x022,8,1,,,,#,reference,evt(ch32v20x.h)
CH32V20x,OSC,LSI32K_CAL_CTRL,0x023,8,1,,,,#,reference,evt(ch32v20x.h)
CH32V20x,PWR,CTLR,0x000,32,1,PWR_CTLR,0x00000000,ok:1,#,confirmed,evt(ch32v20x.h)+rm(CH32FV2x_V3xRM.PDF)+rm-address(CH32FV2x_V3xRM.PDF)
CH32V20x,PWR,CSR,0x004,32,1,PWR_CSR,0x00000000,ok:1,#,confirmed,evt(ch32v20x.h)+rm(CH32FV2x_V3xRM.PDF)+rm-address(CH32FV2x_V3xRM.PDF)
CH32V20x,RCC,CTLR,0x000,32,1,RCC_CTLR,0x0000xx83,ok:1,#,confirmed,evt(ch32v20x.h)+rm(CH32FV2x_V3xRM.PDF)+rm-address(CH32FV2x_V3xRM.PDF)
CH32V20x,RCC,CFGR0,0x004,32,1,RCC_CFGR0,0x00000000,ok:1,#,confirmed,evt(ch32v20x.h)+rm(CH32FV2x_V3xRM.PDF)+rm-address(CH32FV2x_V3xRM.PDF)
CH32V20x,RCC,INTR,0x008,32,1,RCC_INTR,0x00000000,ok:1,#,confirmed,evt(ch32v20x.h)+rm(CH32FV2x_V3xRM.PDF)+rm-address(CH32FV2x_V3xRM.PDF)
CH32V20x,RCC,APB2PRSTR,0x00c,32,1,RCC_APB2PRSTR,0x00000000,ok:1,#,confirmed,evt(ch32v20x.h)+rm(CH32FV2x_V3xRM.PDF)+rm-address(CH32FV2x_V3xRM.PDF)
CH32V20x,RCC,APB1PRSTR,0x010,32,1,RCC_APB1PRSTR,0x00000000,ok:1,#,confirmed,evt(ch32v20x.h)+rm(CH32FV2x_V3xRM.PDF)+rm-address(CH32FV2x_V3xRM.PDF)
CH32V20x,RCC,AHBPCENR,0x014,32,1,RCC_AHBPCENR,0x00000014,ok:1,#,confirmed,evt(ch32v20x.h)+rm(CH32FV2x_V3xRM.PDF)+rm-address(CH32FV2x_V3xRM.PDF)
CH32V20x,RCC,APB2PCENR,0x018,32,1,RCC_APB2PCENR,0x00000000,ok:1,#,confirmed,evt(ch32v20x.h)+rm(CH32FV2x_V3xRM.PDF)+rm-address(CH32FV2x_V3xRM.PDF)
CH32V20x,RCC,APB1PCENR,0x01c,32,1,RCC_APB1PCENR,0x00000000,ok:1,#,confirmed,evt(ch32v20x.h)+rm(CH32FV2x_V3xRM.PDF)+rm-address(CH32FV2x_V3xRM.PDF)
CH32V20x,RCC,BDCTLR,0x020,32,1,RCC_BDCTLR,0x00000000,ok:1,#,confirmed,evt(ch32v20x.h)+rm(CH32FV2x_V3xRM.PDF)+rm-address(CH32FV2x_V3xRM.PDF)
CH32V20x,RCC,RSTSCKR,0x024,32,1,RCC_RSTSCKR,0x0C000000,ok:1,#,confirmed,evt(ch32v20x.h)+rm(CH32FV2x_V3xRM.PDF)+rm-address(CH32FV2x_V3xRM.PDF)
CH32V20x,RCC,AHBRSTR,0x028,32,1,RCC_AHBRSTR,0x00000000,ok:1,#,confirmed,evt(ch32v20x.h)+rm(CH32FV2x_V3xRM.PDF)+rm-address(CH32FV2x_V3xRM.PDF)
CH32V20x,RCC,CFGR2,0x02c,32,1,RCC_CFGR2,0x00000000,ok:1,#,confirmed,evt(ch32v20x.h)+rm(CH32FV2x_V3xRM.PDF)+rm-address(CH32FV2x_V3xRM.PDF)
CH32V20x,RTC,CTLRH,0x000,16,1,RTC_CTLRH,0x0000,ok:1,#,confirmed,evt(ch32v20x.h)+rm(CH32FV2x_V3xRM.PDF)+rm-address(CH32FV2x_V3xRM.PDF)
CH32V20x,RTC,CTLRL,0x004,16,1,RTC_CTLRL,0x0020,ok:1,#,confirmed,evt(ch32v20x.h)+rm(CH32FV2x_V3xRM.PDF)+rm-address(CH32FV2x_V3xRM.PDF)
CH32V20x,RTC,PSCRH,0x008,16,1,RTC_PSCRH,0x0000,ok:1,#,confirmed,evt(ch32v20x.h)+rm(CH32FV2x_V3xRM.PDF)+rm-address(CH32FV2x_V3xRM.PDF)
CH32V20x,RTC,PSCRL,0x00c,16,1,RTC_PSCRL,0xXXXX,ok:1,#,confirmed,evt(ch32v20x.h)+rm(CH32FV2x_V3xRM.PDF)+rm-address(CH32FV2x_V3xRM.PDF)
CH32V20x,RTC,DIVH,0x010,16,1,RTC_DIVH,0xXXXX,ok:1,#,confirmed,evt(ch32v20x.h)+rm(CH32FV2x_V3xRM.PDF)+rm-address(CH32FV2x_V3xRM.PDF)
CH32V20x,RTC,DIVL,0x014,16,1,RTC_DIVL,0xXXXX,ok:1,#,confirmed,evt(ch32v20x.h)+rm(CH32FV2x_V3xRM.PDF)+rm-address(CH32FV2x_V3xRM.PDF)
CH32V20x,RTC,CNTH,0x018,16,1,RTC_CNTH,0xXXXX,ok:1,#,confirmed,evt(ch32v20x.h)+rm(CH32FV2x_V3xRM.PDF)+rm-address(CH32FV2x_V3xRM.PDF)
CH32V20x,RTC,CNTL,0x01c,16,1,RTC_CNTL,0xXXXX,ok:1,#,confirmed,evt(ch32v20x.h)+rm(CH32FV2x_V3xRM.PDF)+rm-address(CH32FV2x_V3xRM.PDF)
CH32V20x,RTC,ALRMH,0x020,16,1,RTC_ALRMH,0xXXXX,ok:1,#,confirmed,evt(ch32v20x.h)+rm(CH32FV2x_V3xRM.PDF)+rm-address(CH32FV2x_V3xRM.PDF)
CH32V20x,RTC,ALRML,0x024,16,1,RTC_ALRML,0xXXXX,ok:1,#,confirmed,evt(ch32v20x.h)+rm(CH32FV2x_V3xRM.PDF)+rm-address(CH32FV2x_V3xRM.PDF)
CH32V20x,SPI,CTLR1,0x000,16,1,SPIx_CTLR1,0x0000,ok:2,#,confirmed,evt(ch32v20x.h)+rm(CH32FV2x_V3xRM.PDF)+rm-address(CH32FV2x_V3xRM.PDF)
CH32V20x,SPI,CTLR2,0x004,16,1,SPIx_CTLR2,0x0000,ok:2,#,confirmed,evt(ch32v20x.h)+rm(CH32FV2x_V3xRM.PDF)+rm-address(CH32FV2x_V3xRM.PDF)
CH32V20x,SPI,STATR,0x008,16,1,SPIx_STATR,0x0002,ok:2,#,confirmed,evt(ch32v20x.h)+rm(CH32FV2x_V3xRM.PDF)+rm-address(CH32FV2x_V3xRM.PDF)
CH32V20x,SPI,DATAR,0x00c,16,1,SPIx_DATAR,0x0000,ok:2,#,confirmed,evt(ch32v20x.h)+rm(CH32FV2x_V3xRM.PDF)+rm-address(CH32FV2x_V3xRM.PDF)
CH32V20x,SPI,CRCR,0x010,16,1,SPIx_CRCR,0x0007,ok:2,#,confirmed,evt(ch32v20x.h)+rm(CH32FV2x_V3xRM.PDF)+rm-address(CH32FV2x_V3xRM.PDF)
CH32V20x,SPI,RCRCR,0x014,16,1,SPIx_RCRCR,0x0000,ok:2,#,confirmed,evt(ch32v20x.h)+rm(CH32FV2x_V3xRM.PDF)+rm-address(CH32FV2x_V3xRM.PDF)
CH32V20x,SPI,TCRCR,0x018,16,1,SPIx_TCRCR,0x0000,ok:2,#,confirmed,evt(ch32v20x.h)+rm(CH32FV2x_V3xRM.PDF)+rm-address(CH32FV2x_V3xRM.PDF)
CH32V20x,SPI,I2SCFGR,0x01c,16,1,,,,#,reference,evt(ch32v20x.h)
CH32V20x,SPI,I2SPR,0x020,16,1,SPIx_I2SPR,0x0000,ok:1,#,confirmed,evt(ch32v20x.h)+rm(CH32FV2x_V3xRM.PDF)+rm-address(CH32FV2x_V3xRM.PDF)
CH32V20x,SPI,HSCR,0x024,16,1,SPIx_HSCR,0x0000,ok:2,#,confirmed,evt(ch32v20x.h)+rm(CH32FV2x_V3xRM.PDF)+rm-address(CH32FV2x_V3xRM.PDF)
CH32V20x,TIM,CTLR1,0x000,16,1,TIMx_CTLR1,0x0000,ok:5,#,confirmed,evt(ch32v20x.h)+rm(CH32FV2x_V3xRM.PDF)+rm-address(CH32FV2x_V3xRM.PDF)
CH32V20x,TIM,CTLR2,0x004,16,1,TIMx_CTLR2,0x0000,ok:5,#,confirmed,evt(ch32v20x.h)+rm(CH32FV2x_V3xRM.PDF)+rm-address(CH32FV2x_V3xRM.PDF)
CH32V20x,TIM,SMCFGR,0x008,16,1,TIMx_SMCFGR,0x0000,ok:5,#,confirmed,evt(ch32v20x.h)+rm(CH32FV2x_V3xRM.PDF)+rm-address(CH32FV2x_V3xRM.PDF)
CH32V20x,TIM,DMAINTENR,0x00c,16,1,TIMx_DMAINTENR,0x0000,ok:5,#,confirmed,evt(ch32v20x.h)+rm(CH32FV2x_V3xRM.PDF)+rm-address(CH32FV2x_V3xRM.PDF)
CH32V20x,TIM,INTFR,0x010,16,1,TIMx_INTFR,0x0000,ok:5,#,confirmed,evt(ch32v20x.h)+rm(CH32FV2x_V3xRM.PDF)+rm-address(CH32FV2x_V3xRM.PDF)
CH32V20x,TIM,SWEVGR,0x014,16,1,TIMx_SWEVGR,0x0000,ok:5,#,confirmed,evt(ch32v20x.h)+rm(CH32FV2x_V3xRM.PDF)+rm-address(CH32FV2x_V3xRM.PDF)
CH32V20x,TIM,CHCTLR1,0x018,16,1,TIMx_CHCTLR1,0x0000,ok:5,#,confirmed,evt(ch32v20x.h)+rm(CH32FV2x_V3xRM.PDF)+rm-address(CH32FV2x_V3xRM.PDF)
CH32V20x,TIM,CHCTLR2,0x01c,16,1,TIMx_CHCTLR2,0x0000,ok:5,#,confirmed,evt(ch32v20x.h)+rm(CH32FV2x_V3xRM.PDF)+rm-address(CH32FV2x_V3xRM.PDF)
CH32V20x,TIM,CCER,0x020,16,1,TIMx_CCER,0x0000,ok:5,#,confirmed,evt(ch32v20x.h)+rm(CH32FV2x_V3xRM.PDF)+rm-address(CH32FV2x_V3xRM.PDF)
CH32V20x,TIM,CNT,0x024,16,1,TIMx_CNT,0x0000,ok:5,#,confirmed,evt(ch32v20x.h)+rm(CH32FV2x_V3xRM.PDF)+rm-address(CH32FV2x_V3xRM.PDF)
CH32V20x,TIM,CNT_R32,0x024,32,1,,,,#,reference,evt(ch32v20x.h)
CH32V20x,TIM,PSC,0x028,16,1,TIMx_PSC,0x0000,ok:5,#,confirmed,evt(ch32v20x.h)+rm(CH32FV2x_V3xRM.PDF)+rm-address(CH32FV2x_V3xRM.PDF)
CH32V20x,TIM,ATRLR,0x02c,16,1,TIMx_ATRLR,0x0000FFFF;0xFFFF,ok:5,#,confirmed,evt(ch32v20x.h)+rm(CH32FV2x_V3xRM.PDF)+rm-address(CH32FV2x_V3xRM.PDF)
CH32V20x,TIM,ATRLR_R32,0x02c,32,1,,,,#,reference,evt(ch32v20x.h)
CH32V20x,TIM,RPTCR,0x030,16,1,TIMx_RPTCR,0x0000,ok:1,#,confirmed,evt(ch32v20x.h)+rm(CH32FV2x_V3xRM.PDF)+rm-address(CH32FV2x_V3xRM.PDF)
CH32V20x,TIM,CH1CVR,0x034,16,1,TIMx_CH1CVR,0x0000;0x00000000,ok:5,#,confirmed,evt(ch32v20x.h)+rm(CH32FV2x_V3xRM.PDF)+rm-address(CH32FV2x_V3xRM.PDF)
CH32V20x,TIM,CH1CVR_R32,0x034,32,1,,,,#,reference,evt(ch32v20x.h)
CH32V20x,TIM,CH2CVR,0x038,16,1,TIMx_CH2CVR,0x0000;0x00000000,ok:5,#,confirmed,evt(ch32v20x.h)+rm(CH32FV2x_V3xRM.PDF)+rm-address(CH32FV2x_V3xRM.PDF)
CH32V20x,TIM,CH2CVR_R32,0x038,32,1,,,,#,reference,evt(ch32v20x.h)
CH32V20x,TIM,CH3CVR,0x03c,16,1,TIMx_CH3CVR,0x0000;0x00000000,ok:5,#,confirmed,evt(ch32v20x.h)+rm(CH32FV2x_V3xRM.PDF)+rm-address(CH32FV2x_V3xRM.PDF)
CH32V20x,TIM,CH3CVR_R32,0x03c,32,1,,,,#,reference,evt(ch32v20x.h)
CH32V20x,TIM,CH4CVR,0x040,16,1,TIMx_CH4CVR,0x0000;0x00000000,ok:5,#,confirmed,evt(ch32v20x.h)+rm(CH32FV2x_V3xRM.PDF)+rm-address(CH32FV2x_V3xRM.PDF)
CH32V20x,TIM,CH4CVR_R32,0x040,32,1,,,,#,reference,evt(ch32v20x.h)
CH32V20x,TIM,BDTR,0x044,16,1,TIMx_BDTR,0x0000,ok:1,#,confirmed,evt(ch32v20x.h)+rm(CH32FV2x_V3xRM.PDF)+rm-address(CH32FV2x_V3xRM.PDF)
CH32V20x,TIM,DMACFGR,0x048,16,1,TIMx_DMACFGR,0x0000,ok:5,#,confirmed,evt(ch32v20x.h)+rm(CH32FV2x_V3xRM.PDF)+rm-address(CH32FV2x_V3xRM.PDF)
CH32V20x,TIM,DMAADR,0x04c,16,1,TIMx_DMAADR,0x0000,ok:5,#,confirmed,evt(ch32v20x.h)+rm(CH32FV2x_V3xRM.PDF)+rm-address(CH32FV2x_V3xRM.PDF)
CH32V20x,USART,STATR,0x000,16,1,USARTx_STATR,0x000000C0,ok:3,#,confirmed,evt(ch32v20x.h)+rm(CH32FV2x_V3xRM.PDF)+rm-address(CH32FV2x_V3xRM.PDF)
CH32V20x,USART,DATAR,0x004,16,1,USARTx_DATAR,0x00000000,ok:3,#,confirmed,evt(ch32v20x.h)+rm(CH32FV2x_V3xRM.PDF)+rm-address(CH32FV2x_V3xRM.PDF)
CH32V20x,USART,BRR,0x008,16,1,USARTx_BRR,0x00000000,ok:3,#,confirmed,evt(ch32v20x.h)+rm(CH32FV2x_V3xRM.PDF)+rm-address(CH32FV2x_V3xRM.PDF)
CH32V20x,USART,CTLR1,0x00c,16,1,USARTx_CTLR1,0x00000000,ok:3,#,confirmed,evt(ch32v20x.h)+rm(CH32FV2x_V3xRM.PDF)+rm-address(CH32FV2x_V3xRM.PDF)
CH32V20x,USART,CTLR2,0x010,16,1,USARTx_CTLR2,0x00000000,ok:3,#,confirmed,evt(ch32v20x.h)+rm(CH32FV2x_V3xRM.PDF)+rm-address(CH32FV2x_V3xRM.PDF)
CH32V20x,USART,CTLR3,0x014,16,1,USARTx_CTLR3,0x00000000,ok:3,#,confirmed,evt(ch32v20x.h)+rm(CH32FV2x_V3xRM.PDF)+rm-address(CH32FV2x_V3xRM.PDF)
CH32V20x,USART,GPR,0x018,16,1,USARTx_GPR,0x00000000,ok:3,#,confirmed,evt(ch32v20x.h)+rm(CH32FV2x_V3xRM.PDF)+rm-address(CH32FV2x_V3xRM.PDF)
CH32V20x,USBFSD,BASE_CTRL,0x000,8,1,,,,#,reference,evt(ch32v20x.h)
CH32V20x,USBFSD,UDEV_CTRL,0x001,8,1,,,,#,reference,evt(ch32v20x.h)
CH32V20x,USBFSD,INT_EN,0x002,8,1,,,,#,reference,evt(ch32v20x.h)
CH32V20x,USBFSD,DEV_ADDR,0x003,8,1,,,,#,reference,evt(ch32v20x.h)
CH32V20x,USBFSD,Reserve0,0x004,8,1,,,,#,reference,evt(ch32v20x.h)
CH32V20x,USBFSD,MIS_ST,0x005,8,1,,,,#,reference,evt(ch32v20x.h)
CH32V20x,USBFSD,INT_FG,0x006,8,1,,,,#,reference,evt(ch32v20x.h)
CH32V20x,USBFSD,INT_ST,0x007,8,1,,,,#,reference,evt(ch32v20x.h)
CH32V20x,USBFSD,RX_LEN,0x008,32,1,,,,#,reference,evt(ch32v20x.h)
CH32V20x,USBFSD,UEP4_1_MOD,0x00c,8,1,,,,#,reference,evt(ch32v20x.h)
CH32V20x,USBFSD,UEP2_3_MOD,0x00d,8,1,,,,#,reference,evt(ch32v20x.h)
CH32V20x,USBFSD,UEP5_6_MOD,0x00e,8,1,,,,#,reference,evt(ch32v20x.h)
CH32V20x,USBFSD,UEP7_MOD,0x00f,8,1,,,,#,reference,evt(ch32v20x.h)
CH32V20x,USBFSD,UEP0_DMA,0x010,32,1,,,,#,reference,evt(ch32v20x.h)
CH32V20x,USBFSD,UEP1_DMA,0x014,32,1,,,,#,reference,evt(ch32v20x.h)
CH32V20x,USBFSD,UEP2_DMA,0x018,32,1,,,,#,reference,evt(ch32v20x.h)
CH32V20x,USBFSD,UEP3_DMA,0x01c,32,1,,,,#,reference,evt(ch32v20x.h)
CH32V20x,USBFSD,UEP4_DMA,0x020,32,1,,,,#,reference,evt(ch32v20x.h)
CH32V20x,USBFSD,UEP5_DMA,0x024,32,1,,,,#,reference,evt(ch32v20x.h)
CH32V20x,USBFSD,UEP6_DMA,0x028,32,1,,,,#,reference,evt(ch32v20x.h)
CH32V20x,USBFSD,UEP7_DMA,0x02c,32,1,,,,#,reference,evt(ch32v20x.h)
CH32V20x,USBFSD,UEP0_TX_LEN,0x030,16,1,,,,#,reference,evt(ch32v20x.h)
CH32V20x,USBFSD,UEP0_TX_CTRL,0x032,8,1,,,,#,reference,evt(ch32v20x.h)
CH32V20x,USBFSD,UEP0_RX_CTRL,0x033,8,1,,,,#,reference,evt(ch32v20x.h)
CH32V20x,USBFSD,UEP1_TX_LEN,0x034,16,1,,,,#,reference,evt(ch32v20x.h)
CH32V20x,USBFSD,UEP1_TX_CTRL,0x036,8,1,,,,#,reference,evt(ch32v20x.h)
CH32V20x,USBFSD,UEP1_RX_CTRL,0x037,8,1,,,,#,reference,evt(ch32v20x.h)
CH32V20x,USBFSD,UEP2_TX_LEN,0x038,16,1,,,,#,reference,evt(ch32v20x.h)
CH32V20x,USBFSD,UEP2_TX_CTRL,0x03a,8,1,,,,#,reference,evt(ch32v20x.h)
CH32V20x,USBFSD,UEP2_RX_CTRL,0x03b,8,1,,,,#,reference,evt(ch32v20x.h)
CH32V20x,USBFSD,UEP3_TX_LEN,0x03c,16,1,,,,#,reference,evt(ch32v20x.h)
CH32V20x,USBFSD,UEP3_TX_CTRL,0x03e,8,1,,,,#,reference,evt(ch32v20x.h)
CH32V20x,USBFSD,UEP3_RX_CTRL,0x03f,8,1,,,,#,reference,evt(ch32v20x.h)
CH32V20x,USBFSD,UEP4_TX_LEN,0x040,16,1,,,,#,reference,evt(ch32v20x.h)
CH32V20x,USBFSD,UEP4_TX_CTRL,0x042,8,1,,,,#,reference,evt(ch32v20x.h)
CH32V20x,USBFSD,UEP4_RX_CTRL,0x043,8,1,,,,#,reference,evt(ch32v20x.h)
CH32V20x,USBFSD,UEP5_TX_LEN,0x044,16,1,,,,#,reference,evt(ch32v20x.h)
CH32V20x,USBFSD,UEP5_TX_CTRL,0x046,8,1,,,,#,reference,evt(ch32v20x.h)
CH32V20x,USBFSD,UEP5_RX_CTRL,0x047,8,1,,,,#,reference,evt(ch32v20x.h)
CH32V20x,USBFSD,UEP6_TX_LEN,0x048,16,1,,,,#,reference,evt(ch32v20x.h)
CH32V20x,USBFSD,UEP6_TX_CTRL,0x04a,8,1,,,,#,reference,evt(ch32v20x.h)
CH32V20x,USBFSD,UEP6_RX_CTRL,0x04b,8,1,,,,#,reference,evt(ch32v20x.h)
CH32V20x,USBFSD,UEP7_TX_LEN,0x04c,16,1,,,,#,reference,evt(ch32v20x.h)
CH32V20x,USBFSD,UEP7_TX_CTRL,0x04e,8,1,,,,#,reference,evt(ch32v20x.h)
CH32V20x,USBFSD,UEP7_RX_CTRL,0x04f,8,1,,,,#,reference,evt(ch32v20x.h)
CH32V20x,USBFSD,Reserve1,0x050,32,1,,,,#,reference,evt(ch32v20x.h)
CH32V20x,USBFSD,OTG_CR,0x054,32,1,,,,#,reference,evt(ch32v20x.h)
CH32V20x,USBFSD,OTG_SR,0x058,32,1,,,,#,reference,evt(ch32v20x.h)
CH32V20x,USBFSH,BASE_CTRL,0x000,8,1,,,,#,reference,evt(ch32v20x.h)
CH32V20x,USBFSH,HOST_CTRL,0x001,8,1,,,,#,reference,evt(ch32v20x.h)
CH32V20x,USBFSH,INT_EN,0x002,8,1,,,,#,reference,evt(ch32v20x.h)
CH32V20x,USBFSH,DEV_ADDR,0x003,8,1,,,,#,reference,evt(ch32v20x.h)
CH32V20x,USBFSH,Reserve0,0x004,8,1,,,,#,reference,evt(ch32v20x.h)
CH32V20x,USBFSH,MIS_ST,0x005,8,1,,,,#,reference,evt(ch32v20x.h)
CH32V20x,USBFSH,INT_FG,0x006,8,1,,,,#,reference,evt(ch32v20x.h)
CH32V20x,USBFSH,INT_ST,0x007,8,1,,,,#,reference,evt(ch32v20x.h)
CH32V20x,USBFSH,RX_LEN,0x008,16,1,,,,#,reference,evt(ch32v20x.h)
CH32V20x,USBFSH,Reserve1,0x00a,16,1,,,,#,reference,evt(ch32v20x.h)
CH32V20x,USBFSH,Reserve2,0x00c,8,1,,,,#,reference,evt(ch32v20x.h)
CH32V20x,USBFSH,HOST_EP_MOD,0x00d,8,1,,,,#,reference,evt(ch32v20x.h)
CH32V20x,USBFSH,Reserve3,0x00e,16,1,,,,#,reference,evt(ch32v20x.h)
CH32V20x,USBFSH,Reserve4,0x010,32,1,,,,#,reference,evt(ch32v20x.h)
CH32V20x,USBFSH,Reserve5,0x014,32,1,,,,#,reference,evt(ch32v20x.h)
CH32V20x,USBFSH,HOST_RX_DMA,0x018,32,1,,,,#,reference,evt(ch32v20x.h)
CH32V20x,USBFSH,HOST_TX_DMA,0x01c,32,1,,,,#,reference,evt(ch32v20x.h)
CH32V20x,USBFSH,Reserve6,0x020,32,1,,,,#,reference,evt(ch32v20x.h)
CH32V20x,USBFSH,Reserve7,0x024,32,1,,,,#,reference,evt(ch32v20x.h)
CH32V20x,USBFSH,Reserve8,0x028,32,1,,,,#,reference,evt(ch32v20x.h)
CH32V20x,USBFSH,Reserve9,0x02c,32,1,,,,#,reference,evt(ch32v20x.h)
CH32V20x,USBFSH,Reserve10,0x030,32,1,,,,#,reference,evt(ch32v20x.h)
CH32V20x,USBFSH,Reserve11,0x034,16,1,,,,#,reference,evt(ch32v20x.h)
CH32V20x,USBFSH,HOST_SETUP,0x036,16,1,,,,#,reference,evt(ch32v20x.h)
CH32V20x,USBFSH,HOST_EP_PID,0x038,8,1,,,,#,reference,evt(ch32v20x.h)
CH32V20x,USBFSH,Reserve12,0x039,8,1,,,,#,reference,evt(ch32v20x.h)
CH32V20x,USBFSH,Reserve13,0x03a,8,1,,,,#,reference,evt(ch32v20x.h)
CH32V20x,USBFSH,HOST_RX_CTRL,0x03b,8,1,,,,#,reference,evt(ch32v20x.h)
CH32V20x,USBFSH,HOST_TX_LEN,0x03c,16,1,,,,#,reference,evt(ch32v20x.h)
CH32V20x,USBFSH,HOST_TX_CTRL,0x03e,8,1,,,,#,reference,evt(ch32v20x.h)
CH32V20x,USBFSH,Reserve14,0x03f,8,1,,,,#,reference,evt(ch32v20x.h)
CH32V20x,USBFSH,Reserve15,0x040,32,1,,,,#,reference,evt(ch32v20x.h)
CH32V20x,USBFSH,Reserve16,0x044,32,1,,,,#,reference,evt(ch32v20x.h)
CH32V20x,USBFSH,Reserve17,0x048,32,1,,,,#,reference,evt(ch32v20x.h)
CH32V20x,USBFSH,Reserve18,0x04c,32,1,,,,#,reference,evt(ch32v20x.h)
CH32V20x,USBFSH,Reserve19,0x050,32,1,,,,#,reference,evt(ch32v20x.h)
CH32V20x,USBFSH,OTG_CR,0x054,32,1,,,,#,reference,evt(ch32v20x.h)
CH32V20x,USBFSH,OTG_SR,0x058,32,1,,,,#,reference,evt(ch32v20x.h)
CH32V20x,WWDG,CTLR,0x000,32,1,WWDG_CTLR,0x007F,ok:1,#,confirmed,evt(ch32v20x.h)+rm(CH32FV2x_V3xRM.PDF)+rm-address(CH32FV2x_V3xRM.PDF)
CH32V20x,WWDG,CFGR,0x004,32,1,WWDG_CFGR,0x007F,ok:1,#,confirmed,evt(ch32v20x.h)+rm(CH32FV2x_V3xRM.PDF)+rm-address(CH32FV2x_V3xRM.PDF)
CH32V20x,WWDG,STATR,0x008,32,1,WWDG_STATR,0x0000,ok:1,#,confirmed,evt(ch32v20x.h)+rm(CH32FV2x_V3xRM.PDF)+rm-address(CH32FV2x_V3xRM.PDF)
CH32V307,ADC,STATR,0x000,32,1,ADCx_STATR,0x00000000,ok:2,#,confirmed,evt(ch32v30x.h)+rm(CH32FV2x_V3xRM.PDF)+rm-address(CH32FV2x_V3xRM.PDF)
CH32V307,ADC,CTLR1,0x004,32,1,ADCx_CTLR1,0x00000000,ok:2,#,confirmed,evt(ch32v30x.h)+rm(CH32FV2x_V3xRM.PDF)+rm-address(CH32FV2x_V3xRM.PDF)
CH32V307,ADC,CTLR2,0x008,32,1,ADCx_CTLR2,0x00000000,ok:2,#,confirmed,evt(ch32v30x.h)+rm(CH32FV2x_V3xRM.PDF)+rm-address(CH32FV2x_V3xRM.PDF)
CH32V307,ADC,SAMPTR1,0x00c,32,1,ADCx_SAMPTR1,0x00000000,ok:2,#,confirmed,evt(ch32v30x.h)+rm(CH32FV2x_V3xRM.PDF)+rm-address(CH32FV2x_V3xRM.PDF)
CH32V307,ADC,SAMPTR2,0x010,32,1,ADCx_SAMPTR2,0x00000000,ok:2,#,confirmed,evt(ch32v30x.h)+rm(CH32FV2x_V3xRM.PDF)+rm-address(CH32FV2x_V3xRM.PDF)
CH32V307,ADC,IOFR1,0x014,32,1,,0x00000000,ok:2,#,confirmed,evt(ch32v30x.h)+rm-address(CH32FV2x_V3xRM.PDF)
CH32V307,ADC,IOFR2,0x018,32,1,,0x00000000,ok:2,#,confirmed,evt(ch32v30x.h)+rm-address(CH32FV2x_V3xRM.PDF)
CH32V307,ADC,IOFR3,0x01c,32,1,,0x00000000,ok:2,#,confirmed,evt(ch32v30x.h)+rm-address(CH32FV2x_V3xRM.PDF)
CH32V307,ADC,IOFR4,0x020,32,1,,0x00000000,ok:2,#,confirmed,evt(ch32v30x.h)+rm-address(CH32FV2x_V3xRM.PDF)
CH32V307,ADC,WDHTR,0x024,32,1,ADCx_WDHTR,0x00000FFF,ok:2,#,confirmed,evt(ch32v30x.h)+rm(CH32FV2x_V3xRM.PDF)+rm-address(CH32FV2x_V3xRM.PDF)
CH32V307,ADC,WDLTR,0x028,32,1,ADCx_WDLTR,0x00000000,ok:2,#,confirmed,evt(ch32v30x.h)+rm(CH32FV2x_V3xRM.PDF)+rm-address(CH32FV2x_V3xRM.PDF)
CH32V307,ADC,RSQR1,0x02c,32,1,ADCx_RSQR1,0x00000000,ok:2,#,confirmed,evt(ch32v30x.h)+rm(CH32FV2x_V3xRM.PDF)+rm-address(CH32FV2x_V3xRM.PDF)
CH32V307,ADC,RSQR2,0x030,32,1,ADCx_RSQR2,0x00000000,ok:2,#,confirmed,evt(ch32v30x.h)+rm(CH32FV2x_V3xRM.PDF)+rm-address(CH32FV2x_V3xRM.PDF)
CH32V307,ADC,RSQR3,0x034,32,1,ADCx_RSQR3,0x00000000,ok:2,#,confirmed,evt(ch32v30x.h)+rm(CH32FV2x_V3xRM.PDF)+rm-address(CH32FV2x_V3xRM.PDF)
CH32V307,ADC,ISQR,0x038,32,1,ADCx_ISQR,0x00000000,ok:2,#,confirmed,evt(ch32v30x.h)+rm(CH32FV2x_V3xRM.PDF)+rm-address(CH32FV2x_V3xRM.PDF)
CH32V307,ADC,IDATAR1,0x03c,32,1,,0x00000000,ok:2,#,confirmed,evt(ch32v30x.h)+rm-address(CH32FV2x_V3xRM.PDF)
CH32V307,ADC,IDATAR2,0x040,32,1,,0x00000000,ok:2,#,confirmed,evt(ch32v30x.h)+rm-address(CH32FV2x_V3xRM.PDF)
CH32V307,ADC,IDATAR3,0x044,32,1,,0x00000000,ok:2,#,confirmed,evt(ch32v30x.h)+rm-address(CH32FV2x_V3xRM.PDF)
CH32V307,ADC,IDATAR4,0x048,32,1,,0x00000000,ok:2,#,confirmed,evt(ch32v30x.h)+rm-address(CH32FV2x_V3xRM.PDF)
CH32V307,ADC,RDATAR,0x04c,32,1,ADCx_RDATAR,0x00000000,ok:2,#,confirmed,evt(ch32v30x.h)+rm(CH32FV2x_V3xRM.PDF)+rm-address(CH32FV2x_V3xRM.PDF)
CH32V307,ADC,AUX,0x054,32,1,ADCx_AUX,0x00000000,ok:2,#,confirmed,evt(ch32v30x.h)+rm(CH32FV2x_V3xRM.PDF)+rm-address(CH32FV2x_V3xRM.PDF)
CH32V307,AFIO,ECR,0x000,32,1,AFIO_ECR,0x00000000,ok:1,#,confirmed,evt(ch32v30x.h)+rm(CH32FV2x_V3xRM.PDF)+rm-address(CH32FV2x_V3xRM.PDF)
CH32V307,AFIO,PCFR1,0x004,32,1,AFIO_PCFR1,0x00000000,ok:1,#,confirmed,evt(ch32v30x.h)+rm(CH32FV2x_V3xRM.PDF)+rm-address(CH32FV2x_V3xRM.PDF)
CH32V307,AFIO,EXTICR,0x008,32,4,,0x00000000,ok:4,#,confirmed,evt(ch32v30x.h)+rm-address(CH32FV2x_V3xRM.PDF)
CH32V307,AFIO,PCFR2,0x01c,32,1,AFIO_PCFR2,0x00000000,ok:1,#,confirmed,evt(ch32v30x.h)+rm(CH32FV2x_V3xRM.PDF)+rm-address(CH32FV2x_V3xRM.PDF)
CH32V307,BKP,DATAR1,0x004,16,1,,0x0000,ok:1,#,confirmed,evt(ch32v30x.h)+rm-address(CH32FV2x_V3xRM.PDF)
CH32V307,BKP,DATAR2,0x008,16,1,,0x0000,ok:1,#,confirmed,evt(ch32v30x.h)+rm-address(CH32FV2x_V3xRM.PDF)
CH32V307,BKP,DATAR3,0x00c,16,1,,0x0000,ok:1,#,confirmed,evt(ch32v30x.h)+rm-address(CH32FV2x_V3xRM.PDF)
CH32V307,BKP,DATAR4,0x010,16,1,,0x0000,ok:1,#,confirmed,evt(ch32v30x.h)+rm-address(CH32FV2x_V3xRM.PDF)
CH32V307,BKP,DATAR5,0x014,16,1,,0x0000,ok:1,#,confirmed,evt(ch32v30x.h)+rm-address(CH32FV2x_V3xRM.PDF)
CH32V307,BKP,DATAR6,0x018,16,1,,0x0000,ok:1,#,confirmed,evt(ch32v30x.h)+rm-address(CH32FV2x_V3xRM.PDF)
CH32V307,BKP,DATAR7,0x01c,16,1,,0x0000,ok:1,#,confirmed,evt(ch32v30x.h)+rm-address(CH32FV2x_V3xRM.PDF)
CH32V307,BKP,DATAR8,0x020,16,1,,0x0000,ok:1,#,confirmed,evt(ch32v30x.h)+rm-address(CH32FV2x_V3xRM.PDF)
CH32V307,BKP,DATAR9,0x024,16,1,,0x0000,ok:1,#,confirmed,evt(ch32v30x.h)+rm-address(CH32FV2x_V3xRM.PDF)
CH32V307,BKP,DATAR10,0x028,16,1,,0x0000,ok:1,#,confirmed,evt(ch32v30x.h)+rm-address(CH32FV2x_V3xRM.PDF)
CH32V307,BKP,OCTLR,0x02c,16,1,BKP_OCTLR,0x0000,ok:1,#,confirmed,evt(ch32v30x.h)+rm(CH32FV2x_V3xRM.PDF)+rm-address(CH32FV2x_V3xRM.PDF)
CH32V307,BKP,TPCTLR,0x030,16,1,BKP_TPCTLR,0x0000,ok:1,#,confirmed,evt(ch32v30x.h)+rm(CH32FV2x_V3xRM.PDF)+rm-address(CH32FV2x_V3xRM.PDF)
CH32V307,BKP,TPCSR,0x034,16,1,BKP_TPCSR,0x0000,ok:1,#,confirmed,evt(ch32v30x.h)+rm(CH32FV2x_V3xRM.PDF)+rm-address(CH32FV2x_V3xRM.PDF)
CH32V307,BKP,DATAR11,0x040,16,1,,0x0000,ok:1,#,confirmed,evt(ch32v30x.h)+rm-address(CH32FV2x_V3xRM.PDF)
CH32V307,BKP,DATAR12,0x044,16,1,,0x0000,ok:1,#,confirmed,evt(ch32v30x.h)+rm-address(CH32FV2x_V3xRM.PDF)
CH32V307,BKP,DATAR13,0x048,16,1,,0x0000,ok:1,#,confirmed,evt(ch32v30x.h)+rm-address(CH32FV2x_V3xRM.PDF)
CH32V307,BKP,DATAR14,0x04c,16,1,,0x0000,ok:1,#,confirmed,evt(ch32v30x.h)+rm-address(CH32FV2x_V3xRM.PDF)
CH32V307,BKP,DATAR15,0x050,16,1,,0x0000,ok:1,#,confirmed,evt(ch32v30x.h)+rm-address(CH32FV2x_V3xRM.PDF)
CH32V307,BKP,DATAR16,0x054,16,1,,0x0000,ok:1,#,confirmed,evt(ch32v30x.h)+rm-address(CH32FV2x_V3xRM.PDF)
CH32V307,BKP,DATAR17,0x058,16,1,,0x0000,ok:1,#,confirmed,evt(ch32v30x.h)+rm-address(CH32FV2x_V3xRM.PDF)
CH32V307,BKP,DATAR18,0x05c,16,1,,0x0000,ok:1,#,confirmed,evt(ch32v30x.h)+rm-address(CH32FV2x_V3xRM.PDF)
CH32V307,BKP,DATAR19,0x060,16,1,,0x0000,ok:1,#,confirmed,evt(ch32v30x.h)+rm-address(CH32FV2x_V3xRM.PDF)
CH32V307,BKP,DATAR20,0x064,16,1,,0x0000,ok:1,#,confirmed,evt(ch32v30x.h)+rm-address(CH32FV2x_V3xRM.PDF)
CH32V307,BKP,DATAR21,0x068,16,1,,0x0000,ok:1,#,confirmed,evt(ch32v30x.h)+rm-address(CH32FV2x_V3xRM.PDF)
CH32V307,BKP,DATAR22,0x06c,16,1,,0x0000,ok:1,#,confirmed,evt(ch32v30x.h)+rm-address(CH32FV2x_V3xRM.PDF)
CH32V307,BKP,DATAR23,0x070,16,1,,0x0000,ok:1,#,confirmed,evt(ch32v30x.h)+rm-address(CH32FV2x_V3xRM.PDF)
CH32V307,BKP,DATAR24,0x074,16,1,,0x0000,ok:1,#,confirmed,evt(ch32v30x.h)+rm-address(CH32FV2x_V3xRM.PDF)
CH32V307,BKP,DATAR25,0x078,16,1,,0x0000,ok:1,#,confirmed,evt(ch32v30x.h)+rm-address(CH32FV2x_V3xRM.PDF)
CH32V307,BKP,DATAR26,0x07c,16,1,,0x0000,ok:1,#,confirmed,evt(ch32v30x.h)+rm-address(CH32FV2x_V3xRM.PDF)
CH32V307,BKP,DATAR27,0x080,16,1,,0x0000,ok:1,#,confirmed,evt(ch32v30x.h)+rm-address(CH32FV2x_V3xRM.PDF)
CH32V307,BKP,DATAR28,0x084,16,1,,0x0000,ok:1,#,confirmed,evt(ch32v30x.h)+rm-address(CH32FV2x_V3xRM.PDF)
CH32V307,BKP,DATAR29,0x088,16,1,,0x0000,ok:1,#,confirmed,evt(ch32v30x.h)+rm-address(CH32FV2x_V3xRM.PDF)
CH32V307,BKP,DATAR30,0x08c,16,1,,0x0000,ok:1,#,confirmed,evt(ch32v30x.h)+rm-address(CH32FV2x_V3xRM.PDF)
CH32V307,BKP,DATAR31,0x090,16,1,,0x0000,ok:1,#,confirmed,evt(ch32v30x.h)+rm-address(CH32FV2x_V3xRM.PDF)
CH32V307,BKP,DATAR32,0x094,16,1,,0x0000,ok:1,#,confirmed,evt(ch32v30x.h)+rm-address(CH32FV2x_V3xRM.PDF)
CH32V307,BKP,DATAR33,0x098,16,1,,0x0000,ok:1,#,confirmed,evt(ch32v30x.h)+rm-address(CH32FV2x_V3xRM.PDF)
CH32V307,BKP,DATAR34,0x09c,16,1,,0x0000,ok:1,#,confirmed,evt(ch32v30x.h)+rm-address(CH32FV2x_V3xRM.PDF)
CH32V307,BKP,DATAR35,0x0a0,16,1,,0x0000,ok:1,#,confirmed,evt(ch32v30x.h)+rm-address(CH32FV2x_V3xRM.PDF)
CH32V307,BKP,DATAR36,0x0a4,16,1,,0x0000,ok:1,#,confirmed,evt(ch32v30x.h)+rm-address(CH32FV2x_V3xRM.PDF)
CH32V307,BKP,DATAR37,0x0a8,16,1,,0x0000,ok:1,#,confirmed,evt(ch32v30x.h)+rm-address(CH32FV2x_V3xRM.PDF)
CH32V307,BKP,DATAR38,0x0ac,16,1,,0x0000,ok:1,#,confirmed,evt(ch32v30x.h)+rm-address(CH32FV2x_V3xRM.PDF)
CH32V307,BKP,DATAR39,0x0b0,16,1,,0x0000,ok:1,#,confirmed,evt(ch32v30x.h)+rm-address(CH32FV2x_V3xRM.PDF)
CH32V307,BKP,DATAR40,0x0b4,16,1,,0x0000,ok:1,#,confirmed,evt(ch32v30x.h)+rm-address(CH32FV2x_V3xRM.PDF)
CH32V307,BKP,DATAR41,0x0b8,16,1,,0x0000,ok:1,#,confirmed,evt(ch32v30x.h)+rm-address(CH32FV2x_V3xRM.PDF)
CH32V307,BKP,DATAR42,0x0bc,16,1,,0x0000,ok:1,#,confirmed,evt(ch32v30x.h)+rm-address(CH32FV2x_V3xRM.PDF)
CH32V307,CAN,CTLR,0x000,32,1,CANx_CTLR,0x00010002,ok:2,#,confirmed,evt(ch32v30x.h)+rm(CH32FV2x_V3xRM.PDF)+rm-address(CH32FV2x_V3xRM.PDF)
CH32V307,CAN,STATR,0x004,32,1,CANx_STATR,0x00000X02,ok:2,#,confirmed,evt(ch32v30x.h)+rm(CH32FV2x_V3xRM.PDF)+rm-address(CH32FV2x_V3xRM.PDF)
CH32V307,CAN,TSTATR,0x008,32,1,CANx_TSTATR,0x1C000000,ok:2,#,confirmed,evt(ch32v30x.h)+rm(CH32FV2x_V3xRM.PDF)+rm-address(CH32FV2x_V3xRM.PDF)
CH32V307,CAN,RFIFO0,0x00c,32,1,CANx_RFIFO0,0x00000000,ok:2,#,confirmed,evt(ch32v30x.h)+rm(CH32FV2x_V3xRM.PDF)+rm-address(CH32FV2x_V3xRM.PDF)
CH32V307,CAN,RFIFO1,0x010,32,1,CANx_RFIFO1,0x00000000,ok:2,#,confirmed,evt(ch32v30x.h)+rm(CH32FV2x_V3xRM.PDF)+rm-address(CH32FV2x_V3xRM.PDF)
CH32V307,CAN,INTENR,0x014,32,1,CANx_INTENR,0x00000000,ok:2,#,confirmed,evt(ch32v30x.h)+rm(CH32FV2x_V3xRM.PDF)+rm-address(CH32FV2x_V3xRM.PDF)
CH32V307,CAN,ERRSR,0x018,32,1,CANx_ERRSR,0x00000000,ok:2,#,confirmed,evt(ch32v30x.h)+rm(CH32FV2x_V3xRM.PDF)+rm-address(CH32FV2x_V3xRM.PDF)
CH32V307,CAN,BTIMR,0x01c,32,1,CANx_BTIMR,0x01230000,ok:2,#,confirmed,evt(ch32v30x.h)+rm(CH32FV2x_V3xRM.PDF)+rm-address(CH32FV2x_V3xRM.PDF)
CH32V307,CAN,sTxMailBox[0].TXMIR,0x180,32,1,,X,ok:2,#,confirmed,evt(ch32v30x.h)+rm-address(CH32FV2x_V3xRM.PDF)
CH32V307,CAN,sTxMailBox[0].TXMDTR,0x184,32,1,,X,ok:2,#,confirmed,evt(ch32v30x.h)+rm-address(CH32FV2x_V3xRM.PDF)
CH32V307,CAN,sTxMailBox[0].TXMDLR,0x188,32,1,,X,ok:2,#,confirmed,evt(ch32v30x.h)+rm-address(CH32FV2x_V3xRM.PDF)
CH32V307,CAN,sTxMailBox[0].TXMDHR,0x18c,32,1,,X,ok:2,#,confirmed,evt(ch32v30x.h)+rm-address(CH32FV2x_V3xRM.PDF)
CH32V307,CAN,sTxMailBox[1].TXMIR,0x190,32,1,,X,ok:2,#,confirmed,evt(ch32v30x.h)+rm-address(CH32FV2x_V3xRM.PDF)
CH32V307,CAN,sTxMailBox[1].TXMDTR,0x194,32,1,,X,ok:2,#,confirmed,evt(ch32v30x.h)+rm-address(CH32FV2x_V3xRM.PDF)
CH32V307,CAN,sTxMailBox[1].TXMDLR,0x198,32,1,,X,ok:2,#,confirmed,evt(ch32v30x.h)+rm-address(CH32FV2x_V3xRM.PDF)
CH32V307,CAN,sTxMailBox[1].TXMDHR,0x19c,32,1,,X,ok:2,#,confirmed,evt(ch32v30x.h)+rm-address(CH32FV2x_V3xRM.PDF)
CH32V307,CAN,sTxMailBox[2].TXMIR,0x1a0,32,1,,X,ok:2,#,confirmed,evt(ch32v30x.h)+rm-address(CH32FV2x_V3xRM.PDF)
CH32V307,CAN,sTxMailBox[2].TXMDTR,0x1a4,32,1,,X,ok:2,#,confirmed,evt(ch32v30x.h)+rm-address(CH32FV2x_V3xRM.PDF)
CH32V307,CAN,sTxMailBox[2].TXMDLR,0x1a8,32,1,,X,ok:2,#,confirmed,evt(ch32v30x.h)+rm-address(CH32FV2x_V3xRM.PDF)
CH32V307,CAN,sTxMailBox[2].TXMDHR,0x1ac,32,1,,X,ok:2,#,confirmed,evt(ch32v30x.h)+rm-address(CH32FV2x_V3xRM.PDF)
CH32V307,CAN,sFIFOMailBox[0].RXMIR,0x1b0,32,1,,X,ok:2,#,confirmed,evt(ch32v30x.h)+rm-address(CH32FV2x_V3xRM.PDF)
CH32V307,CAN,sFIFOMailBox[0].RXMDTR,0x1b4,32,1,,X,ok:2,#,confirmed,evt(ch32v30x.h)+rm-address(CH32FV2x_V3xRM.PDF)
CH32V307,CAN,sFIFOMailBox[0].RXMDLR,0x1b8,32,1,,X,ok:2,#,confirmed,evt(ch32v30x.h)+rm-address(CH32FV2x_V3xRM.PDF)
CH32V307,CAN,sFIFOMailBox[0].RXMDHR,0x1bc,32,1,,X,ok:2,#,confirmed,evt(ch32v30x.h)+rm-address(CH32FV2x_V3xRM.PDF)
CH32V307,CAN,sFIFOMailBox[1].RXMIR,0x1c0,32,1,,X,ok:2,#,confirmed,evt(ch32v30x.h)+rm-address(CH32FV2x_V3xRM.PDF)
CH32V307,CAN,sFIFOMailBox[1].RXMDTR,0x1c4,32,1,,X,ok:2,#,confirmed,evt(ch32v30x.h)+rm-address(CH32FV2x_V3xRM.PDF)
CH32V307,CAN,sFIFOMailBox[1].RXMDLR,0x1c8,32,1,,X,ok:2,#,confirmed,evt(ch32v30x.h)+rm-address(CH32FV2x_V3xRM.PDF)
CH32V307,CAN,sFIFOMailBox[1].RXMDHR,0x1cc,32,1,,X,ok:2,#,confirmed,evt(ch32v30x.h)+rm-address(CH32FV2x_V3xRM.PDF)
CH32V307,CAN,FCTLR,0x200,32,1,CANx_FCTLR,0x2A1C0E01,ok:1,#,confirmed,evt(ch32v30x.h)+rm(CH32FV2x_V3xRM.PDF)+rm-address(CH32FV2x_V3xRM.PDF)
CH32V307,CAN,FMCFGR,0x204,32,1,CANx_FMCFGR,0x00000000,ok:1,#,confirmed,evt(ch32v30x.h)+rm(CH32FV2x_V3xRM.PDF)+rm-address(CH32FV2x_V3xRM.PDF)
CH32V307,CAN,FSCFGR,0x20c,32,1,CANx_FSCFGR,0x00000000,ok:1,#,confirmed,evt(ch32v30x.h)+rm(CH32FV2x_V3xRM.PDF)+rm-address(CH32FV2x_V3xRM.PDF)
CH32V307,CAN,FAFIFOR,0x214,32,1,CANx_FAFIFOR,0x00000000,ok:1,#,confirmed,evt(ch32v30x.h)+rm(CH32FV2x_V3xRM.PDF)+rm-address(CH32FV2x_V3xRM.PDF)
CH32V307,CAN,FWR,0x21c,32,1,CANx_FWR,0x00000000,ok:1,#,confirmed,evt(ch32v30x.h)+rm(CH32FV2x_V3xRM.PDF)+rm-address(CH32FV2x_V3xRM.PDF)
CH32V307,CAN,sFilterRegister[0].FR1,0x240,32,1,,X,ok:1,#,confirmed,evt(ch32v30x.h)+rm-address(CH32FV2x_V3xRM.PDF)
CH32V307,CAN,sFilterRegister[0].FR2,0x244,32,1,,X,ok:1,#,confirmed,evt(ch32v30x.h)+rm-address(CH32FV2x_V3xRM.PDF)
CH32V307,CAN,sFilterRegister[1].FR1,0x248,32,1,,X,ok:1,#,confirmed,evt(ch32v30x.h)+rm-address(CH32FV2x_V3xRM.PDF)
CH32V307,CAN,sFilterRegister[1].FR2,0x24c,32,1,,X,ok:1,#,confirmed,evt(ch32v30x.h)+rm-address(CH32FV2x_V3xRM.PDF)
CH32V307,CAN,sFilterRegister[2].FR1,0x250,32,1,,X,ok:1,#,confirmed,evt(ch32v30x.h)+rm-address(CH32FV2x_V3xRM.PDF)
CH32V307,CAN,sFilterRegister[2].FR2,0x254,32,1,,X,ok:1,#,confirmed,evt(ch32v30x.h)+rm-address(CH32FV2x_V3xRM.PDF)
CH32V307,CAN,sFilterRegister[3].FR1,0x258,32,1,,X,ok:1,#,confirmed,evt(ch32v30x.h)+rm-address(CH32FV2x_V3xRM.PDF)
CH32V307,CAN,sFilterRegister[3].FR2,0x25c,32,1,,X,ok:1,#,confirmed,evt(ch32v30x.h)+rm-address(CH32FV2x_V3xRM.PDF)
CH32V307,CAN,sFilterRegister[4].FR1,0x260,32,1,,X,ok:1,#,confirmed,evt(ch32v30x.h)+rm-address(CH32FV2x_V3xRM.PDF)
CH32V307,CAN,sFilterRegister[4].FR2,0x264,32,1,,X,ok:1,#,confirmed,evt(ch32v30x.h)+rm-address(CH32FV2x_V3xRM.PDF)
CH32V307,CAN,sFilterRegister[5].FR1,0x268,32,1,,X,ok:1,#,confirmed,evt(ch32v30x.h)+rm-address(CH32FV2x_V3xRM.PDF)
CH32V307,CAN,sFilterRegister[5].FR2,0x26c,32,1,,X,ok:1,#,confirmed,evt(ch32v30x.h)+rm-address(CH32FV2x_V3xRM.PDF)
CH32V307,CAN,sFilterRegister[6].FR1,0x270,32,1,,X,ok:1,#,confirmed,evt(ch32v30x.h)+rm-address(CH32FV2x_V3xRM.PDF)
CH32V307,CAN,sFilterRegister[6].FR2,0x274,32,1,,X,ok:1,#,confirmed,evt(ch32v30x.h)+rm-address(CH32FV2x_V3xRM.PDF)
CH32V307,CAN,sFilterRegister[7].FR1,0x278,32,1,,X,ok:1,#,confirmed,evt(ch32v30x.h)+rm-address(CH32FV2x_V3xRM.PDF)
CH32V307,CAN,sFilterRegister[7].FR2,0x27c,32,1,,X,ok:1,#,confirmed,evt(ch32v30x.h)+rm-address(CH32FV2x_V3xRM.PDF)
CH32V307,CAN,sFilterRegister[8].FR1,0x280,32,1,,X,ok:1,#,confirmed,evt(ch32v30x.h)+rm-address(CH32FV2x_V3xRM.PDF)
CH32V307,CAN,sFilterRegister[8].FR2,0x284,32,1,,X,ok:1,#,confirmed,evt(ch32v30x.h)+rm-address(CH32FV2x_V3xRM.PDF)
CH32V307,CAN,sFilterRegister[9].FR1,0x288,32,1,,X,ok:1,#,confirmed,evt(ch32v30x.h)+rm-address(CH32FV2x_V3xRM.PDF)
CH32V307,CAN,sFilterRegister[9].FR2,0x28c,32,1,,X,ok:1,#,confirmed,evt(ch32v30x.h)+rm-address(CH32FV2x_V3xRM.PDF)
CH32V307,CAN,sFilterRegister[10].FR1,0x290,32,1,,X,ok:1,#,confirmed,evt(ch32v30x.h)+rm-address(CH32FV2x_V3xRM.PDF)
CH32V307,CAN,sFilterRegister[10].FR2,0x294,32,1,,X,ok:1,#,confirmed,evt(ch32v30x.h)+rm-address(CH32FV2x_V3xRM.PDF)
CH32V307,CAN,sFilterRegister[11].FR1,0x298,32,1,,X,ok:1,#,confirmed,evt(ch32v30x.h)+rm-address(CH32FV2x_V3xRM.PDF)
CH32V307,CAN,sFilterRegister[11].FR2,0x29c,32,1,,X,ok:1,#,confirmed,evt(ch32v30x.h)+rm-address(CH32FV2x_V3xRM.PDF)
CH32V307,CAN,sFilterRegister[12].FR1,0x2a0,32,1,,X,ok:1,#,confirmed,evt(ch32v30x.h)+rm-address(CH32FV2x_V3xRM.PDF)
CH32V307,CAN,sFilterRegister[12].FR2,0x2a4,32,1,,X,ok:1,#,confirmed,evt(ch32v30x.h)+rm-address(CH32FV2x_V3xRM.PDF)
CH32V307,CAN,sFilterRegister[13].FR1,0x2a8,32,1,,X,ok:1,#,confirmed,evt(ch32v30x.h)+rm-address(CH32FV2x_V3xRM.PDF)
CH32V307,CAN,sFilterRegister[13].FR2,0x2ac,32,1,,X,ok:1,#,confirmed,evt(ch32v30x.h)+rm-address(CH32FV2x_V3xRM.PDF)
CH32V307,CAN,sFilterRegister[14].FR1,0x2b0,32,1,,X,ok:1,#,confirmed,evt(ch32v30x.h)+rm-address(CH32FV2x_V3xRM.PDF)
CH32V307,CAN,sFilterRegister[14].FR2,0x2b4,32,1,,X,ok:1,#,confirmed,evt(ch32v30x.h)+rm-address(CH32FV2x_V3xRM.PDF)
CH32V307,CAN,sFilterRegister[15].FR1,0x2b8,32,1,,X,ok:1,#,confirmed,evt(ch32v30x.h)+rm-address(CH32FV2x_V3xRM.PDF)
CH32V307,CAN,sFilterRegister[15].FR2,0x2bc,32,1,,X,ok:1,#,confirmed,evt(ch32v30x.h)+rm-address(CH32FV2x_V3xRM.PDF)
CH32V307,CAN,sFilterRegister[16].FR1,0x2c0,32,1,,X,ok:1,#,confirmed,evt(ch32v30x.h)+rm-address(CH32FV2x_V3xRM.PDF)
CH32V307,CAN,sFilterRegister[16].FR2,0x2c4,32,1,,X,ok:1,#,confirmed,evt(ch32v30x.h)+rm-address(CH32FV2x_V3xRM.PDF)
CH32V307,CAN,sFilterRegister[17].FR1,0x2c8,32,1,,X,ok:1,#,confirmed,evt(ch32v30x.h)+rm-address(CH32FV2x_V3xRM.PDF)
CH32V307,CAN,sFilterRegister[17].FR2,0x2cc,32,1,,X,ok:1,#,confirmed,evt(ch32v30x.h)+rm-address(CH32FV2x_V3xRM.PDF)
CH32V307,CAN,sFilterRegister[18].FR1,0x2d0,32,1,,X,ok:1,#,confirmed,evt(ch32v30x.h)+rm-address(CH32FV2x_V3xRM.PDF)
CH32V307,CAN,sFilterRegister[18].FR2,0x2d4,32,1,,X,ok:1,#,confirmed,evt(ch32v30x.h)+rm-address(CH32FV2x_V3xRM.PDF)
CH32V307,CAN,sFilterRegister[19].FR1,0x2d8,32,1,,X,ok:1,#,confirmed,evt(ch32v30x.h)+rm-address(CH32FV2x_V3xRM.PDF)
CH32V307,CAN,sFilterRegister[19].FR2,0x2dc,32,1,,X,ok:1,#,confirmed,evt(ch32v30x.h)+rm-address(CH32FV2x_V3xRM.PDF)
CH32V307,CAN,sFilterRegister[20].FR1,0x2e0,32,1,,X,ok:1,#,confirmed,evt(ch32v30x.h)+rm-address(CH32FV2x_V3xRM.PDF)
CH32V307,CAN,sFilterRegister[20].FR2,0x2e4,32,1,,X,ok:1,#,confirmed,evt(ch32v30x.h)+rm-address(CH32FV2x_V3xRM.PDF)
CH32V307,CAN,sFilterRegister[21].FR1,0x2e8,32,1,,X,ok:1,#,confirmed,evt(ch32v30x.h)+rm-address(CH32FV2x_V3xRM.PDF)
CH32V307,CAN,sFilterRegister[21].FR2,0x2ec,32,1,,X,ok:1,#,confirmed,evt(ch32v30x.h)+rm-address(CH32FV2x_V3xRM.PDF)
CH32V307,CAN,sFilterRegister[22].FR1,0x2f0,32,1,,X,ok:1,#,confirmed,evt(ch32v30x.h)+rm-address(CH32FV2x_V3xRM.PDF)
CH32V307,CAN,sFilterRegister[22].FR2,0x2f4,32,1,,X,ok:1,#,confirmed,evt(ch32v30x.h)+rm-address(CH32FV2x_V3xRM.PDF)
CH32V307,CAN,sFilterRegister[23].FR1,0x2f8,32,1,,X,ok:1,#,confirmed,evt(ch32v30x.h)+rm-address(CH32FV2x_V3xRM.PDF)
CH32V307,CAN,sFilterRegister[23].FR2,0x2fc,32,1,,X,ok:1,#,confirmed,evt(ch32v30x.h)+rm-address(CH32FV2x_V3xRM.PDF)
CH32V307,CAN,sFilterRegister[24].FR1,0x300,32,1,,X,ok:1,#,confirmed,evt(ch32v30x.h)+rm-address(CH32FV2x_V3xRM.PDF)
CH32V307,CAN,sFilterRegister[24].FR2,0x304,32,1,,X,ok:1,#,confirmed,evt(ch32v30x.h)+rm-address(CH32FV2x_V3xRM.PDF)
CH32V307,CAN,sFilterRegister[25].FR1,0x308,32,1,,X,ok:1,#,confirmed,evt(ch32v30x.h)+rm-address(CH32FV2x_V3xRM.PDF)
CH32V307,CAN,sFilterRegister[25].FR2,0x30c,32,1,,X,ok:1,#,confirmed,evt(ch32v30x.h)+rm-address(CH32FV2x_V3xRM.PDF)
CH32V307,CAN,sFilterRegister[26].FR1,0x310,32,1,,X,ok:1,#,confirmed,evt(ch32v30x.h)+rm-address(CH32FV2x_V3xRM.PDF)
CH32V307,CAN,sFilterRegister[26].FR2,0x314,32,1,,X,ok:1,#,confirmed,evt(ch32v30x.h)+rm-address(CH32FV2x_V3xRM.PDF)
CH32V307,CAN,sFilterRegister[27].FR1,0x318,32,1,,X,ok:1,#,confirmed,evt(ch32v30x.h)+rm-address(CH32FV2x_V3xRM.PDF)
CH32V307,CAN,sFilterRegister[27].FR2,0x31c,32,1,,X,ok:1,#,confirmed,evt(ch32v30x.h)+rm-address(CH32FV2x_V3xRM.PDF)
CH32V307,CAN_FIFOMailBox,RXMIR,0x000,32,1,,,,#,reference,evt(ch32v30x.h)
CH32V307,CAN_FIFOMailBox,RXMDTR,0x004,32,1,,,,#,reference,evt(ch32v30x.h)
CH32V307,CAN_FIFOMailBox,RXMDLR,0x008,32,1,,,,#,reference,evt(ch32v30x.h)
CH32V307,CAN_FIFOMailBox,RXMDHR,0x00c,32,1,,,,#,reference,evt(ch32v30x.h)
CH32V307,CAN_FilterRegister,FR1,0x000,32,1,,,,#,reference,evt(ch32v30x.h)
CH32V307,CAN_FilterRegister,FR2,0x004,32,1,,,,#,reference,evt(ch32v30x.h)
CH32V307,CAN_TxMailBox,TXMIR,0x000,32,1,,,,#,reference,evt(ch32v30x.h)
CH32V307,CAN_TxMailBox,TXMDTR,0x004,32,1,,,,#,reference,evt(ch32v30x.h)
CH32V307,CAN_TxMailBox,TXMDLR,0x008,32,1,,,,#,reference,evt(ch32v30x.h)
CH32V307,CAN_TxMailBox,TXMDHR,0x00c,32,1,,,,#,reference,evt(ch32v30x.h)
CH32V307,CRC,DATAR,0x000,32,1,CRC_DATAR,0xFFFFFFFF,ok:1,#,confirmed,evt(ch32v30x.h)+rm(CH32FV2x_V3xRM.PDF)+rm-address(CH32FV2x_V3xRM.PDF)
CH32V307,CRC,IDATAR,0x004,8,1,CRC_IDATAR,,,#,confirmed,evt(ch32v30x.h)+rm(CH32FV2x_V3xRM.PDF)
CH32V307,CRC,CTLR,0x008,32,1,CRC_CTLR,,,#,confirmed,evt(ch32v30x.h)+rm(CH32FV2x_V3xRM.PDF)
CH32V307,DAC,CTLR,0x000,32,1,DAC_CTLR,0x00000000,ok:1,#,confirmed,evt(ch32v30x.h)+rm(CH32FV2x_V3xRM.PDF)+rm-address(CH32FV2x_V3xRM.PDF)
CH32V307,DAC,SWTR,0x004,32,1,DAC_SWTR,0x00000000,ok:1,#,confirmed,evt(ch32v30x.h)+rm(CH32FV2x_V3xRM.PDF)+rm-address(CH32FV2x_V3xRM.PDF)
CH32V307,DAC,R12BDHR1,0x008,32,1,DAC_R12BDHR1,0x00000000,ok:1,#,confirmed,evt(ch32v30x.h)+rm(CH32FV2x_V3xRM.PDF)+rm-address(CH32FV2x_V3xRM.PDF)
CH32V307,DAC,L12BDHR1,0x00c,32,1,DAC_L12BDHR1,0x00000000,ok:1,#,confirmed,evt(ch32v30x.h)+rm(CH32FV2x_V3xRM.PDF)+rm-address(CH32FV2x_V3xRM.PDF)
CH32V307,DAC,R8BDHR1,0x010,32,1,DAC_R8BDHR1,0x00000000,ok:1,#,confirmed,evt(ch32v30x.h)+rm(CH32FV2x_V3xRM.PDF)+rm-address(CH32FV2x_V3xRM.PDF)
CH32V307,DAC,R12BDHR2,0x014,32,1,DAC_R12BDHR2,0x00000000,ok:1,#,confirmed,evt(ch32v30x.h)+rm(CH32FV2x_V3xRM.PDF)+rm-address(CH32FV2x_V3xRM.PDF)
CH32V307,DAC,L12BDHR2,0x018,32,1,DAC_L12BDHR2,0x00000000,ok:1,#,confirmed,evt(ch32v30x.h)+rm(CH32FV2x_V3xRM.PDF)+rm-address(CH32FV2x_V3xRM.PDF)
CH32V307,DAC,R8BDHR2,0x01c,32,1,DAC_R8BDHR2,0x00000000,ok:1,#,confirmed,evt(ch32v30x.h)+rm(CH32FV2x_V3xRM.PDF)+rm-address(CH32FV2x_V3xRM.PDF)
CH32V307,DAC,RD12BDHR,0x020,32,1,DAC_RD12BDHR,0x00000000,ok:1,#,confirmed,evt(ch32v30x.h)+rm(CH32FV2x_V3xRM.PDF)+rm-address(CH32FV2x_V3xRM.PDF)
CH32V307,DAC,LD12BDHR,0x024,32,1,DAC_LD12BDHR,0x00000000,ok:1,#,confirmed,evt(ch32v30x.h)+rm(CH32FV2x_V3xRM.PDF)+rm-address(CH32FV2x_V3xRM.PDF)
CH32V307,DAC,RD8BDHR,0x028,32,1,DAC_RD8BDHR,0x00000000,ok:1,#,confirmed,evt(ch32v30x.h)+rm(CH32FV2x_V3xRM.PDF)+rm-address(CH32FV2x_V3xRM.PDF)
CH32V307,DAC,DOR1,0x02c,32,1,DAC_DOR1,0x00000000,ok:1,#,confirmed,evt(ch32v30x.h)+rm(CH32FV2x_V3xRM.PDF)+rm-address(CH32FV2x_V3xRM.PDF)
CH32V307,DAC,DOR2,0x030,32,1,DAC_DOR2,0x00000000,ok:1,#,confirmed,evt(ch32v30x.h)+rm(CH32FV2x_V3xRM.PDF)+rm-address(CH32FV2x_V3xRM.PDF)
CH32V307,DMA,INTFR,0x000,32,1,,0x00000000,ok:2,#,confirmed,evt(ch32v30x.h)+rm-address(CH32FV2x_V3xRM.PDF)
CH32V307,DMA,INTFCR,0x004,32,1,,0x00000000,ok:2,#,confirmed,evt(ch32v30x.h)+rm-address(CH32FV2x_V3xRM.PDF)
CH32V307,DMA_Channel,CFGR,0x000,32,1,,0x00000000,ok:18,#,confirmed,evt(ch32v30x.h)+rm-address(CH32FV2x_V3xRM.PDF)
CH32V307,DMA_Channel,CNTR,0x004,32,1,,0x00000000,ok:18,#,confirmed,evt(ch32v30x.h)+rm-address(CH32FV2x_V3xRM.PDF)
CH32V307,DMA_Channel,PADDR,0x008,32,1,,0x00000000,ok:18,#,confirmed,evt(ch32v30x.h)+rm-address(CH32FV2x_V3xRM.PDF)
CH32V307,DMA_Channel,MADDR,0x00c,32,1,,0x00000000,ok:18,#,confirmed,evt(ch32v30x.h)+rm-address(CH32FV2x_V3xRM.PDF)
CH32V307,DVP,CR0,0x000,8,1,,0x00,ok:1,#,confirmed,evt(ch32v30x.h)+rm-address(CH32FV2x_V3xRM.PDF)
CH32V307,DVP,CR1,0x001,8,1,,0x06,ok:1,#,confirmed,evt(ch32v30x.h)+rm-address(CH32FV2x_V3xRM.PDF)
CH32V307,DVP,IER,0x002,8,1,,0x00,ok:1,#,confirmed,evt(ch32v30x.h)+rm-address(CH32FV2x_V3xRM.PDF)
CH32V307,DVP,ROW_NUM,0x004,16,1,,0x0000,ok:1,#,confirmed,evt(ch32v30x.h)+rm-address(CH32FV2x_V3xRM.PDF)
CH32V307,DVP,COL_NUM,0x006,16,1,,0x0000,ok:1,#,confirmed,evt(ch32v30x.h)+rm-address(CH32FV2x_V3xRM.PDF)
CH32V307,DVP,DMA_BUF0,0x008,32,1,,0x00000000,ok:1,#,confirmed,evt(ch32v30x.h)+rm-address(CH32FV2x_V3xRM.PDF)
CH32V307,DVP,DMA_BUF1,0x00c,32,1,,0x00000000,ok:1,#,confirmed,evt(ch32v30x.h)+rm-address(CH32FV2x_V3xRM.PDF)
CH32V307,DVP,IFR,0x010,8,1,,0x00,ok:1,#,confirmed,evt(ch32v30x.h)+rm-address(CH32FV2x_V3xRM.PDF)
CH32V307,DVP,STATUS,0x011,8,1,,0x00,ok:1,#,confirmed,evt(ch32v30x.h)+rm-address(CH32FV2x_V3xRM.PDF)
CH32V307,DVP,ROW_CNT,0x014,16,1,,0x0000,ok:1,#,confirmed,evt(ch32v30x.h)+rm-address(CH32FV2x_V3xRM.PDF)
CH32V307,DVP,HOFFCNT,0x018,16,1,,0x0000,ok:1,#,confirmed,evt(ch32v30x.h)+rm-address(CH32FV2x_V3xRM.PDF)
CH32V307,DVP,VST,0x01a,16,1,,0x0000,ok:1,#,confirmed,evt(ch32v30x.h)+rm-address(CH32FV2x_V3xRM.PDF)
CH32V307,DVP,CAPCNT,0x01c,16,1,,0x0000,ok:1,#,confirmed,evt(ch32v30x.h)+rm-address(CH32FV2x_V3xRM.PDF)
CH32V307,DVP,VLINE,0x01e,16,1,,0x0000,ok:1,#,confirmed,evt(ch32v30x.h)+rm-address(CH32FV2x_V3xRM.PDF)
CH32V307,DVP,DR,0x020,32,1,,0x00000000,ok:1,#,confirmed,evt(ch32v30x.h)+rm-address(CH32FV2x_V3xRM.PDF)
CH32V307,ETH,MACCR,0x000,32,1,,0x00000000,ok:1,#,confirmed,evt(ch32v30x.h)+rm-address(CH32FV2x_V3xRM.PDF)
CH32V307,ETH,MACFFR,0x004,32,1,,0x00000000,ok:1,#,confirmed,evt(ch32v30x.h)+rm-address(CH32FV2x_V3xRM.PDF)
CH32V307,ETH,MACHTHR,0x008,32,1,,0x00000000,ok:1,#,confirmed,evt(ch32v30x.h)+rm-address(CH32FV2x_V3xRM.PDF)
CH32V307,ETH,MACHTLR,0x00c,32,1,,0x00000000,ok:1,#,confirmed,evt(ch32v30x.h)+rm-address(CH32FV2x_V3xRM.PDF)
CH32V307,ETH,MACMIIAR,0x010,32,1,,0x00000000,ok:1,#,confirmed,evt(ch32v30x.h)+rm-address(CH32FV2x_V3xRM.PDF)
CH32V307,ETH,MACMIIDR,0x014,32,1,,0x00000000,ok:1,#,confirmed,evt(ch32v30x.h)+rm-address(CH32FV2x_V3xRM.PDF)
CH32V307,ETH,MACFCR,0x018,32,1,,0x00000000,ok:1,#,confirmed,evt(ch32v30x.h)+rm-address(CH32FV2x_V3xRM.PDF)
CH32V307,ETH,MACVLANTR,0x01c,32,1,,,,#,reference,evt(ch32v30x.h)
CH32V307,ETH,MACRWUFFR,0x028,32,1,,0x00000000,ok:1,#,confirmed,evt(ch32v30x.h)+rm-address(CH32FV2x_V3xRM.PDF)
CH32V307,ETH,MACPMTCSR,0x02c,32,1,,0x00000000,ok:1,#,confirmed,evt(ch32v30x.h)+rm-address(CH32FV2x_V3xRM.PDF)
CH32V307,ETH,MACSR,0x038,32,1,,0x00000000,ok:1,#,confirmed,evt(ch32v30x.h)+rm-address(CH32FV2x_V3xRM.PDF)
CH32V307,ETH,MACIMR,0x03c,32,1,,0x00000000,ok:1,#,confirmed,evt(ch32v30x.h)+rm-address(CH32FV2x_V3xRM.PDF)
CH32V307,ETH,MACA0HR,0x040,32,1,,0x8000FFFF,ok:1,#,confirmed,evt(ch32v30x.h)+rm-address(CH32FV2x_V3xRM.PDF)
CH32V307,ETH,MACA0LR,0x044,32,1,,0xFFFFFFFF,ok:1,#,confirmed,evt(ch32v30x.h)+rm-address(CH32FV2x_V3xRM.PDF)
CH32V307,ETH,MACA1HR,0x048,32,1,,0x0000FFFF,ok:1,#,confirmed,evt(ch32v30x.h)+rm-address(CH32FV2x_V3xRM.PDF)
CH32V307,ETH,MACA1LR,0x04c,32,1,,0xFFFFFFFF,ok:1,#,confirmed,evt(ch32v30x.h)+rm-address(CH32FV2x_V3xRM.PDF)
CH32V307,ETH,MACA2HR,0x050,32,1,,0x0000FFFF,ok:1,#,confirmed,evt(ch32v30x.h)+rm-address(CH32FV2x_V3xRM.PDF)
CH32V307,ETH,MACA2LR,0x054,32,1,,0xFFFFFFFF,ok:1,#,confirmed,evt(ch32v30x.h)+rm-address(CH32FV2x_V3xRM.PDF)
CH32V307,ETH,MACA3HR,0x058,32,1,,0x0000FFFF,ok:1,#,confirmed,evt(ch32v30x.h)+rm-address(CH32FV2x_V3xRM.PDF)
CH32V307,ETH,MACA3LR,0x05c,32,1,,0xFFFFFFFF,ok:1,#,confirmed,evt(ch32v30x.h)+rm-address(CH32FV2x_V3xRM.PDF)
CH32V307,ETH,MACCFG0,0x098,32,1,,0x00000000,ok:1,#,confirmed,evt(ch32v30x.h)+rm-address(CH32FV2x_V3xRM.PDF)
CH32V307,ETH,MMCCR,0x100,32,1,,0x00000000,ok:1,#,confirmed,evt(ch32v30x.h)+rm-address(CH32FV2x_V3xRM.PDF)
CH32V307,ETH,MMCRIR,0x104,32,1,,0x00000000,ok:1,#,confirmed,evt(ch32v30x.h)+rm-address(CH32FV2x_V3xRM.PDF)
CH32V307,ETH,MMCTIR,0x108,32,1,,0x00000000,ok:1,#,confirmed,evt(ch32v30x.h)+rm-address(CH32FV2x_V3xRM.PDF)
CH32V307,ETH,MMCRIMR,0x10c,32,1,,0x00000000,ok:1,#,confirmed,evt(ch32v30x.h)+rm-address(CH32FV2x_V3xRM.PDF)
CH32V307,ETH,MMCTIMR,0x110,32,1,,0x00000000,ok:1,#,confirmed,evt(ch32v30x.h)+rm-address(CH32FV2x_V3xRM.PDF)
CH32V307,ETH,MMCTGFSCCR,0x14c,32,1,,0x00000000,ok:1,#,confirmed,evt(ch32v30x.h)+rm-address(CH32FV2x_V3xRM.PDF)
CH32V307,ETH,MMCTGFMSCCR,0x150,32,1,,0x00000000,ok:1,#,confirmed,evt(ch32v30x.h)+rm-address(CH32FV2x_V3xRM.PDF)
CH32V307,ETH,MMCTGFCR,0x168,32,1,,0x00000000,ok:1,#,confirmed,evt(ch32v30x.h)+rm-address(CH32FV2x_V3xRM.PDF)
CH32V307,ETH,MMCRFCECR,0x194,32,1,,0x00000000,ok:1,#,confirmed,evt(ch32v30x.h)+rm-address(CH32FV2x_V3xRM.PDF)
CH32V307,ETH,MMCRFAECR,0x198,32,1,,0x00000000,ok:1,#,confirmed,evt(ch32v30x.h)+rm-address(CH32FV2x_V3xRM.PDF)
CH32V307,ETH,MMCRGUFCR,0x1c4,32,1,,0x00000000,ok:1,#,confirmed,evt(ch32v30x.h)+rm-address(CH32FV2x_V3xRM.PDF)
CH32V307,ETH,PTPTSCR,0x700,32,1,,0x00000000,ok:1,#,confirmed,evt(ch32v30x.h)+rm-address(CH32FV2x_V3xRM.PDF)
CH32V307,ETH,PTPSSIR,0x704,32,1,,0x00000000,ok:1,#,confirmed,evt(ch32v30x.h)+rm-address(CH32FV2x_V3xRM.PDF)
CH32V307,ETH,PTPTSHR,0x708,32,1,,0x00000000,ok:1,#,confirmed,evt(ch32v30x.h)+rm-address(CH32FV2x_V3xRM.PDF)
CH32V307,ETH,PTPTSLR,0x70c,32,1,,0x00000000,ok:1,#,confirmed,evt(ch32v30x.h)+rm-address(CH32FV2x_V3xRM.PDF)
CH32V307,ETH,PTPTSHUR,0x710,32,1,,0x00000000,ok:1,#,confirmed,evt(ch32v30x.h)+rm-address(CH32FV2x_V3xRM.PDF)
CH32V307,ETH,PTPTSLUR,0x714,32,1,,0x00000000,ok:1,#,confirmed,evt(ch32v30x.h)+rm-address(CH32FV2x_V3xRM.PDF)
CH32V307,ETH,PTPTSAR,0x718,32,1,,0x00000000,ok:1,#,confirmed,evt(ch32v30x.h)+rm-address(CH32FV2x_V3xRM.PDF)
CH32V307,ETH,PTPTTHR,0x71c,32,1,,0x00000000,ok:1,#,confirmed,evt(ch32v30x.h)+rm-address(CH32FV2x_V3xRM.PDF)
CH32V307,ETH,PTPTTLR,0x720,32,1,,0x00000000,ok:1,#,confirmed,evt(ch32v30x.h)+rm-address(CH32FV2x_V3xRM.PDF)
CH32V307,ETH,DMABMR,0x1000,32,1,,0x00000001,ok:1,#,confirmed,evt(ch32v30x.h)+rm-address(CH32FV2x_V3xRM.PDF)
CH32V307,ETH,DMATPDR,0x1004,32,1,,0x00000000,ok:1,#,confirmed,evt(ch32v30x.h)+rm-address(CH32FV2x_V3xRM.PDF)
CH32V307,ETH,DMARPDR,0x1008,32,1,,0x00000000,ok:1,#,confirmed,evt(ch32v30x.h)+rm-address(CH32FV2x_V3xRM.PDF)
CH32V307,ETH,DMARDLAR,0x100c,32,1,,0x00000000,ok:1,#,confirmed,evt(ch32v30x.h)+rm-address(CH32FV2x_V3xRM.PDF)
CH32V307,ETH,DMATDLAR,0x1010,32,1,,0x00000000,ok:1,#,confirmed,evt(ch32v30x.h)+rm-address(CH32FV2x_V3xRM.PDF)
CH32V307,ETH,DMASR,0x1014,32,1,,0x00000000,ok:1,#,confirmed,evt(ch32v30x.h)+rm-address(CH32FV2x_V3xRM.PDF)
CH32V307,ETH,DMAOMR,0x1018,32,1,,0x00000000,ok:1,#,confirmed,evt(ch32v30x.h)+rm-address(CH32FV2x_V3xRM.PDF)
CH32V307,ETH,DMAIER,0x101c,32,1,,0x00000000,ok:1,#,confirmed,evt(ch32v30x.h)+rm-address(CH32FV2x_V3xRM.PDF)
CH32V307,ETH,DMAMFBOCR,0x1020,32,1,,0x00000000,ok:1,#,confirmed,evt(ch32v30x.h)+rm-address(CH32FV2x_V3xRM.PDF)
CH32V307,ETH,DMACHTDR,0x1048,32,1,,0x00000000,ok:1,#,confirmed,evt(ch32v30x.h)+rm-address(CH32FV2x_V3xRM.PDF)
CH32V307,ETH,DMACHRDR,0x104c,32,1,,0x00000000,ok:1,#,confirmed,evt(ch32v30x.h)+rm-address(CH32FV2x_V3xRM.PDF)
CH32V307,ETH,DMACHTBAR,0x1050,32,1,,0x00000000,ok:1,#,confirmed,evt(ch32v30x.h)+rm-address(CH32FV2x_V3xRM.PDF)
CH32V307,ETH,DMACHRBAR,0x1054,32,1,,0x00000000,ok:1,#,confirmed,evt(ch32v30x.h)+rm-address(CH32FV2x_V3xRM.PDF)
CH32V307,EXTEN,EXTEN_CTR,0x000,32,1,,0x00000A40,ok:1,#,confirmed,evt(ch32v30x.h)+rm-address(CH32FV2x_V3xRM.PDF)
CH32V307,EXTEN,EXTEN_CTR2,0x008,32,1,,0x00000000,ok:1,#,confirmed,evt(ch32v30x.h)+rm-address(CH32FV2x_V3xRM.PDF)
CH32V307,EXTI,INTENR,0x000,32,1,EXTI_INTENR,0x00000000,ok:1,#,confirmed,evt(ch32v30x.h)+rm(CH32FV2x_V3xRM.PDF)+rm-address(CH32FV2x_V3xRM.PDF)
CH32V307,EXTI,EVENR,0x004,32,1,EXTI_EVENR,0x00000000,ok:1,#,confirmed,evt(ch32v30x.h)+rm(CH32FV2x_V3xRM.PDF)+rm-address(CH32FV2x_V3xRM.PDF)
CH32V307,EXTI,RTENR,0x008,32,1,EXTI_RTENR,0x00000000,ok:1,#,confirmed,evt(ch32v30x.h)+rm(CH32FV2x_V3xRM.PDF)+rm-address(CH32FV2x_V3xRM.PDF)
CH32V307,EXTI,FTENR,0x00c,32,1,EXTI_FTENR,0x00000000,ok:1,#,confirmed,evt(ch32v30x.h)+rm(CH32FV2x_V3xRM.PDF)+rm-address(CH32FV2x_V3xRM.PDF)
CH32V307,EXTI,SWIEVR,0x010,32,1,EXTI_SWIEVR,0x00000000,ok:1,#,confirmed,evt(ch32v30x.h)+rm(CH32FV2x_V3xRM.PDF)+rm-address(CH32FV2x_V3xRM.PDF)
CH32V307,EXTI,INTFR,0x014,32,1,EXTI_INTFR,,,#,confirmed,evt(ch32v30x.h)+rm(CH32FV2x_V3xRM.PDF)
CH32V307,FLASH,ACTLR,0x000,32,1,,,,#,reference,evt(ch32v30x.h)
CH32V307,FLASH,KEYR,0x004,32,1,FLASH_KEYR,0xXXXXXXXX,ok:1,#,confirmed,evt(ch32v30x.h)+rm(CH32FV2x_V3xRM.PDF)+rm-address(CH32FV2x_V3xRM.PDF)
CH32V307,FLASH,OBKEYR,0x008,32,1,FLASH_OBKEYR,0xXXXXXXXX,ok:1,#,confirmed,evt(ch32v30x.h)+rm(CH32FV2x_V3xRM.PDF)+rm-address(CH32FV2x_V3xRM.PDF)
CH32V307,FLASH,STATR,0x00c,32,1,FLASH_STATR,0x00000000,ok:1,#,confirmed,evt(ch32v30x.h)+rm(CH32FV2x_V3xRM.PDF)+rm-address(CH32FV2x_V3xRM.PDF)
CH32V307,FLASH,CTLR,0x010,32,1,FLASH_CTLR,0x00008080,ok:1,#,confirmed,evt(ch32v30x.h)+rm(CH32FV2x_V3xRM.PDF)+rm-address(CH32FV2x_V3xRM.PDF)
CH32V307,FLASH,ADDR,0x014,32,1,FLASH_ADDR,0x00000000,ok:1,#,confirmed,evt(ch32v30x.h)+rm(CH32FV2x_V3xRM.PDF)+rm-address(CH32FV2x_V3xRM.PDF)
CH32V307,FLASH,OBR,0x01c,32,1,FLASH_OBR,0xXXXXXXXX,ok:1,#,confirmed,evt(ch32v30x.h)+rm(CH32FV2x_V3xRM.PDF)+rm-address(CH32FV2x_V3xRM.PDF)
CH32V307,FLASH,WPR,0x020,32,1,FLASH_WPR,0xXXXXXXXX,ok:1,#,confirmed,evt(ch32v30x.h)+rm(CH32FV2x_V3xRM.PDF)+rm-address(CH32FV2x_V3xRM.PDF)
CH32V307,FLASH,MODEKEYR,0x024,32,1,FLASH_MODEKEYR,0xXXXXXXXX,ok:1,#,confirmed,evt(ch32v30x.h)+rm(CH32FV2x_V3xRM.PDF)+rm-address(CH32FV2x_V3xRM.PDF)
CH32V307,FSMC_Bank1,BTCR,0x000,32,8,,,,#,reference,evt(ch32v30x.h)
CH32V307,FSMC_Bank1E,BWTR,0x000,32,7,,,,#,reference,evt(ch32v30x.h)
CH32V307,FSMC_Bank2,PCR2,0x000,32,1,,,,#,reference,evt(ch32v30x.h)
CH32V307,FSMC_Bank2,SR2,0x004,32,1,,,,#,reference,evt(ch32v30x.h)
CH32V307,FSMC_Bank2,PMEM2,0x008,32,1,,,,#,reference,evt(ch32v30x.h)
CH32V307,FSMC_Bank2,PATT2,0x00c,32,1,,,,#,reference,evt(ch32v30x.h)
CH32V307,FSMC_Bank2,ECCR2,0x014,32,1,,,,#,reference,evt(ch32v30x.h)
CH32V307,GPIO,CFGLR,0x000,32,1,,0x44444444,ok:5,#,confirmed,evt(ch32v30x.h)+rm-address(CH32FV2x_V3xRM.PDF)
CH32V307,GPIO,CFGHR,0x004,32,1,,0x44444444,ok:5,#,confirmed,evt(ch32v30x.h)+rm-address(CH32FV2x_V3xRM.PDF)
CH32V307,GPIO,INDR,0x008,32,1,GPIOx_INDR,0x0000XXXX,ok:5,#,confirmed,evt(ch32v30x.h)+rm(CH32FV2x_V3xRM.PDF)+rm-address(CH32FV2x_V3xRM.PDF)
CH32V307,GPIO,OUTDR,0x00c,32,1,GPIOx_OUTDR,0x00000000,ok:5,#,confirmed,evt(ch32v30x.h)+rm(CH32FV2x_V3xRM.PDF)+rm-address(CH32FV2x_V3xRM.PDF)
CH32V307,GPIO,BSHR,0x010,32,1,GPIOx_BSHR,0x00000000,ok:5,#,confirmed,evt(ch32v30x.h)+rm(CH32FV2x_V3xRM.PDF)+rm-address(CH32FV2x_V3xRM.PDF)
CH32V307,GPIO,BCR,0x014,32,1,GPIOx_BCR,0x00000000,ok:5,#,confirmed,evt(ch32v30x.h)+rm(CH32FV2x_V3xRM.PDF)+rm-address(CH32FV2x_V3xRM.PDF)
CH32V307,GPIO,LCKR,0x018,32,1,GPIOx_LCKR,0x00000000,ok:5,#,confirmed,evt(ch32v30x.h)+rm(CH32FV2x_V3xRM.PDF)+rm-address(CH32FV2x_V3xRM.PDF)
CH32V307,I2C,CTLR1,0x000,16,1,I2Cx_CTLR1,0x0000,ok:2,#,confirmed,evt(ch32v30x.h)+rm(CH32FV2x_V3xRM.PDF)+rm-address(CH32FV2x_V3xRM.PDF)
CH32V307,I2C,CTLR2,0x004,16,1,I2Cx_CTLR2,0x0000,ok:2,#,confirmed,evt(ch32v30x.h)+rm(CH32FV2x_V3xRM.PDF)+rm-address(CH32FV2x_V3xRM.PDF)
CH32V307,I2C,OADDR1,0x008,16,1,I2Cx_OADDR1,0x0000,ok:2,#,confirmed,evt(ch32v30x.h)+rm(CH32FV2x_V3xRM.PDF)+rm-address(CH32FV2x_V3xRM.PDF)
CH32V307,I2C,OADDR2,0x00c,16,1,I2Cx_OADDR2,0x0000,ok:2,#,confirmed,evt(ch32v30x.h)+rm(CH32FV2x_V3xRM.PDF)+rm-address(CH32FV2x_V3xRM.PDF)
CH32V307,I2C,DATAR,0x010,16,1,I2Cx_DATAR,0x0000,ok:2,#,confirmed,evt(ch32v30x.h)+rm(CH32FV2x_V3xRM.PDF)+rm-address(CH32FV2x_V3xRM.PDF)
CH32V307,I2C,STAR1,0x014,16,1,I2Cx_STAR1,0x0000,ok:2,#,confirmed,evt(ch32v30x.h)+rm(CH32FV2x_V3xRM.PDF)+rm-address(CH32FV2x_V3xRM.PDF)
CH32V307,I2C,STAR2,0x018,16,1,I2Cx_STAR2,0x0000,ok:2,#,confirmed,evt(ch32v30x.h)+rm(CH32FV2x_V3xRM.PDF)+rm-address(CH32FV2x_V3xRM.PDF)
CH32V307,I2C,CKCFGR,0x01c,16,1,I2Cx_CKCFGR,0x0000,ok:2,#,confirmed,evt(ch32v30x.h)+rm(CH32FV2x_V3xRM.PDF)+rm-address(CH32FV2x_V3xRM.PDF)
CH32V307,I2C,RTR,0x020,16,1,I2Cx_RTR,0x0002,ok:2,#,confirmed,evt(ch32v30x.h)+rm(CH32FV2x_V3xRM.PDF)+rm-address(CH32FV2x_V3xRM.PDF)
CH32V307,IWDG,CTLR,0x000,32,1,IWDG_CTLR,0x0000,ok:1,#,confirmed,evt(ch32v30x.h)+rm(CH32FV2x_V3xRM.PDF)+rm-address(CH32FV2x_V3xRM.PDF)
CH32V307,IWDG,PSCR,0x004,32,1,IWDG_PSCR,0x0000,ok:1,#,confirmed,evt(ch32v30x.h)+rm(CH32FV2x_V3xRM.PDF)+rm-address(CH32FV2x_V3xRM.PDF)
CH32V307,IWDG,RLDR,0x008,32,1,IWDG_RLDR,0x0FFF,ok:1,#,confirmed,evt(ch32v30x.h)+rm(CH32FV2x_V3xRM.PDF)+rm-address(CH32FV2x_V3xRM.PDF)
CH32V307,IWDG,STATR,0x00c,32,1,IWDG_STATR,0x0000,ok:1,#,confirmed,evt(ch32v30x.h)+rm(CH32FV2x_V3xRM.PDF)+rm-address(CH32FV2x_V3xRM.PDF)
CH32V307,OB,RDPR,0x000,16,1,,,,#,reference,evt(ch32v30x.h)
CH32V307,OB,USER,0x002,16,1,,,,#,reference,evt(ch32v30x.h)
CH32V307,OB,Data0,0x004,16,1,,,,#,reference,evt(ch32v30x.h)
CH32V307,OB,Data1,0x006,16,1,,,,#,reference,evt(ch32v30x.h)
CH32V307,OB,WRPR0,0x008,16,1,,,,#,reference,evt(ch32v30x.h)
CH32V307,OB,WRPR1,0x00a,16,1,,,,#,reference,evt(ch32v30x.h)
CH32V307,OB,WRPR2,0x00c,16,1,,,,#,reference,evt(ch32v30x.h)
CH32V307,OB,WRPR3,0x00e,16,1,,,,#,reference,evt(ch32v30x.h)
CH32V307,OPA,CR,0x000,32,1,,,,#,reference,evt(ch32v30x.h)
CH32V307,PWR,CTLR,0x000,32,1,PWR_CTLR,0x00000000,ok:1,#,confirmed,evt(ch32v30x.h)+rm(CH32FV2x_V3xRM.PDF)+rm-address(CH32FV2x_V3xRM.PDF)
CH32V307,PWR,CSR,0x004,32,1,PWR_CSR,0x00000000,ok:1,#,confirmed,evt(ch32v30x.h)+rm(CH32FV2x_V3xRM.PDF)+rm-address(CH32FV2x_V3xRM.PDF)
CH32V307,RCC,CTLR,0x000,32,1,RCC_CTLR,0x0000xx83,ok:1,#,confirmed,evt(ch32v30x.h)+rm(CH32FV2x_V3xRM.PDF)+rm-address(CH32FV2x_V3xRM.PDF)
CH32V307,RCC,CFGR0,0x004,32,1,RCC_CFGR0,0x00000000,ok:1,#,confirmed,evt(ch32v30x.h)+rm(CH32FV2x_V3xRM.PDF)+rm-address(CH32FV2x_V3xRM.PDF)
CH32V307,RCC,INTR,0x008,32,1,RCC_INTR,0x00000000,ok:1,#,confirmed,evt(ch32v30x.h)+rm(CH32FV2x_V3xRM.PDF)+rm-address(CH32FV2x_V3xRM.PDF)
CH32V307,RCC,APB2PRSTR,0x00c,32,1,RCC_APB2PRSTR,0x00000000,ok:1,#,confirmed,evt(ch32v30x.h)+rm(CH32FV2x_V3xRM.PDF)+rm-address(CH32FV2x_V3xRM.PDF)
CH32V307,RCC,APB1PRSTR,0x010,32,1,RCC_APB1PRSTR,0x00000000,ok:1,#,confirmed,evt(ch32v30x.h)+rm(CH32FV2x_V3xRM.PDF)+rm-address(CH32FV2x_V3xRM.PDF)
CH32V307,RCC,AHBPCENR,0x014,32,1,RCC_AHBPCENR,0x00000014,ok:1,#,confirmed,evt(ch32v30x.h)+rm(CH32FV2x_V3xRM.PDF)+rm-address(CH32FV2x_V3xRM.PDF)
CH32V307,RCC,APB2PCENR,0x018,32,1,RCC_APB2PCENR,0x00000000,ok:1,#,confirmed,evt(ch32v30x.h)+rm(CH32FV2x_V3xRM.PDF)+rm-address(CH32FV2x_V3xRM.PDF)
CH32V307,RCC,APB1PCENR,0x01c,32,1,RCC_APB1PCENR,0x00000000,ok:1,#,confirmed,evt(ch32v30x.h)+rm(CH32FV2x_V3xRM.PDF)+rm-address(CH32FV2x_V3xRM.PDF)
CH32V307,RCC,BDCTLR,0x020,32,1,RCC_BDCTLR,0x00000000,ok:1,#,confirmed,evt(ch32v30x.h)+rm(CH32FV2x_V3xRM.PDF)+rm-address(CH32FV2x_V3xRM.PDF)
CH32V307,RCC,RSTSCKR,0x024,32,1,RCC_RSTSCKR,0x0C000000,ok:1,#,confirmed,evt(ch32v30x.h)+rm(CH32FV2x_V3xRM.PDF)+rm-address(CH32FV2x_V3xRM.PDF)
CH32V307,RCC,AHBRSTR,0x028,32,1,RCC_AHBRSTR,0x00000000,ok:1,#,confirmed,evt(ch32v30x.h)+rm(CH32FV2x_V3xRM.PDF)+rm-address(CH32FV2x_V3xRM.PDF)
CH32V307,RCC,CFGR2,0x02c,32,1,RCC_CFGR2,0x00000000,ok:1,#,confirmed,evt(ch32v30x.h)+rm(CH32FV2x_V3xRM.PDF)+rm-address(CH32FV2x_V3xRM.PDF)
CH32V307,RNG,CR,0x000,32,1,RNG_CR,0x00000000,ok:1,#,confirmed,evt(ch32v30x.h)+rm(CH32FV2x_V3xRM.PDF)+rm-address(CH32FV2x_V3xRM.PDF)
CH32V307,RNG,SR,0x004,32,1,RNG_SR,0x00000000,ok:1,#,confirmed,evt(ch32v30x.h)+rm(CH32FV2x_V3xRM.PDF)+rm-address(CH32FV2x_V3xRM.PDF)
CH32V307,RNG,DR,0x008,32,1,RNG_DR,0x00000000,ok:1,#,confirmed,evt(ch32v30x.h)+rm(CH32FV2x_V3xRM.PDF)+rm-address(CH32FV2x_V3xRM.PDF)
CH32V307,RTC,CTLRH,0x000,16,1,RTC_CTLRH,0x0000,ok:1,#,confirmed,evt(ch32v30x.h)+rm(CH32FV2x_V3xRM.PDF)+rm-address(CH32FV2x_V3xRM.PDF)
CH32V307,RTC,CTLRL,0x004,16,1,RTC_CTLRL,0x0020,ok:1,#,confirmed,evt(ch32v30x.h)+rm(CH32FV2x_V3xRM.PDF)+rm-address(CH32FV2x_V3xRM.PDF)
CH32V307,RTC,PSCRH,0x008,16,1,RTC_PSCRH,0x0000,ok:1,#,confirmed,evt(ch32v30x.h)+rm(CH32FV2x_V3xRM.PDF)+rm-address(CH32FV2x_V3xRM.PDF)
CH32V307,RTC,PSCRL,0x00c,16,1,RTC_PSCRL,0xXXXX,ok:1,#,confirmed,evt(ch32v30x.h)+rm(CH32FV2x_V3xRM.PDF)+rm-address(CH32FV2x_V3xRM.PDF)
CH32V307,RTC,DIVH,0x010,16,1,RTC_DIVH,0xXXXX,ok:1,#,confirmed,evt(ch32v30x.h)+rm(CH32FV2x_V3xRM.PDF)+rm-address(CH32FV2x_V3xRM.PDF)
CH32V307,RTC,DIVL,0x014,16,1,RTC_DIVL,0xXXXX,ok:1,#,confirmed,evt(ch32v30x.h)+rm(CH32FV2x_V3xRM.PDF)+rm-address(CH32FV2x_V3xRM.PDF)
CH32V307,RTC,CNTH,0x018,16,1,RTC_CNTH,0xXXXX,ok:1,#,confirmed,evt(ch32v30x.h)+rm(CH32FV2x_V3xRM.PDF)+rm-address(CH32FV2x_V3xRM.PDF)
CH32V307,RTC,CNTL,0x01c,16,1,RTC_CNTL,0xXXXX,ok:1,#,confirmed,evt(ch32v30x.h)+rm(CH32FV2x_V3xRM.PDF)+rm-address(CH32FV2x_V3xRM.PDF)
CH32V307,RTC,ALRMH,0x020,16,1,RTC_ALRMH,0xXXXX,ok:1,#,confirmed,evt(ch32v30x.h)+rm(CH32FV2x_V3xRM.PDF)+rm-address(CH32FV2x_V3xRM.PDF)
CH32V307,RTC,ALRML,0x024,16,1,RTC_ALRML,0xXXXX,ok:1,#,confirmed,evt(ch32v30x.h)+rm(CH32FV2x_V3xRM.PDF)+rm-address(CH32FV2x_V3xRM.PDF)
CH32V307,SDIO,POWER,0x000,32,1,,0x00000000,ok:1,#,confirmed,evt(ch32v30x.h)+rm-address(CH32FV2x_V3xRM.PDF)
CH32V307,SDIO,CLKCR,0x004,32,1,,0x00000000,ok:1,#,confirmed,evt(ch32v30x.h)+rm-address(CH32FV2x_V3xRM.PDF)
CH32V307,SDIO,ARG,0x008,32,1,,0x00000000,ok:1,#,confirmed,evt(ch32v30x.h)+rm-address(CH32FV2x_V3xRM.PDF)
CH32V307,SDIO,CMD,0x00c,32,1,,0x00000000,ok:1,#,confirmed,evt(ch32v30x.h)+rm-address(CH32FV2x_V3xRM.PDF)
CH32V307,SDIO,RESPCMD,0x010,32,1,,0x00000000,ok:1,#,confirmed,evt(ch32v30x.h)+rm-address(CH32FV2x_V3xRM.PDF)
CH32V307,SDIO,RESP1,0x014,32,1,,,,#,reference,evt(ch32v30x.h)
CH32V307,SDIO,RESP2,0x018,32,1,,,,#,reference,evt(ch32v30x.h)
CH32V307,SDIO,RESP3,0x01c,32,1,,,,#,reference,evt(ch32v30x.h)
CH32V307,SDIO,RESP4,0x020,32,1,,,,#,reference,evt(ch32v30x.h)
CH32V307,SDIO,DTIMER,0x024,32,1,,0x00000000,ok:1,#,confirmed,evt(ch32v30x.h)+rm-address(CH32FV2x_V3xRM.PDF)
CH32V307,SDIO,DLEN,0x028,32,1,,0x00000000,ok:1,#,confirmed,evt(ch32v30x.h)+rm-address(CH32FV2x_V3xRM.PDF)
CH32V307,SDIO,DCTRL,0x02c,32,1,,,,#,reference,evt(ch32v30x.h)
CH32V307,SDIO,DCOUNT,0x030,32,1,,0x00000000,ok:1,#,confirmed,evt(ch32v30x.h)+rm-address(CH32FV2x_V3xRM.PDF)
CH32V307,SDIO,STA,0x034,32,1,,0x00000000,ok:1,#,confirmed,evt(ch32v30x.h)+rm-address(CH32FV2x_V3xRM.PDF)
CH32V307,SDIO,ICR,0x038,32,1,,0x00000000,ok:1,#,confirmed,evt(ch32v30x.h)+rm-address(CH32FV2x_V3xRM.PDF)
CH32V307,SDIO,MASK,0x03c,32,1,,0x00000000,ok:1,#,confirmed,evt(ch32v30x.h)+rm-address(CH32FV2x_V3xRM.PDF)
CH32V307,SDIO,FIFOCNT,0x048,32,1,,0x00000000,ok:1,#,confirmed,evt(ch32v30x.h)+rm-address(CH32FV2x_V3xRM.PDF)
CH32V307,SDIO,DCTRL2,0x060,32,1,,0x00000000,ok:1,#,confirmed,evt(ch32v30x.h)+rm-address(CH32FV2x_V3xRM.PDF)
CH32V307,SDIO,FIFO,0x080,32,1,,0x00000000,ok:1,#,confirmed,evt(ch32v30x.h)+rm-address(CH32FV2x_V3xRM.PDF)
CH32V307,SPI,CTLR1,0x000,16,1,SPIx_CTLR1,0x0000,ok:3,#,confirmed,evt(ch32v30x.h)+rm(CH32FV2x_V3xRM.PDF)+rm-address(CH32FV2x_V3xRM.PDF)
CH32V307,SPI,CTLR2,0x004,16,1,SPIx_CTLR2,0x0000,ok:3,#,confirmed,evt(ch32v30x.h)+rm(CH32FV2x_V3xRM.PDF)+rm-address(CH32FV2x_V3xRM.PDF)
CH32V307,SPI,STATR,0x008,16,1,SPIx_STATR,0x0002,ok:3,#,confirmed,evt(ch32v30x.h)+rm(CH32FV2x_V3xRM.PDF)+rm-address(CH32FV2x_V3xRM.PDF)
CH32V307,SPI,DATAR,0x00c,16,1,SPIx_DATAR,0x0000,ok:3,#,confirmed,evt(ch32v30x.h)+rm(CH32FV2x_V3xRM.PDF)+rm-address(CH32FV2x_V3xRM.PDF)
CH32V307,SPI,CRCR,0x010,16,1,SPIx_CRCR,0x0007,ok:3,#,confirmed,evt(ch32v30x.h)+rm(CH32FV2x_V3xRM.PDF)+rm-address(CH32FV2x_V3xRM.PDF)
CH32V307,SPI,RCRCR,0x014,16,1,SPIx_RCRCR,0x0000,ok:3,#,confirmed,evt(ch32v30x.h)+rm(CH32FV2x_V3xRM.PDF)+rm-address(CH32FV2x_V3xRM.PDF)
CH32V307,SPI,TCRCR,0x018,16,1,SPIx_TCRCR,0x0000,ok:3,#,confirmed,evt(ch32v30x.h)+rm(CH32FV2x_V3xRM.PDF)+rm-address(CH32FV2x_V3xRM.PDF)
CH32V307,SPI,I2SCFGR,0x01c,16,1,,,,#,reference,evt(ch32v30x.h)
CH32V307,SPI,I2SPR,0x020,16,1,SPIx_I2SPR,0x0000,ok:2,#,confirmed,evt(ch32v30x.h)+rm(CH32FV2x_V3xRM.PDF)+rm-address(CH32FV2x_V3xRM.PDF)
CH32V307,SPI,HSCR,0x024,16,1,SPIx_HSCR,0x0000,ok:3,#,confirmed,evt(ch32v30x.h)+rm(CH32FV2x_V3xRM.PDF)+rm-address(CH32FV2x_V3xRM.PDF)
CH32V307,TIM,CTLR1,0x000,16,1,TIMx_CTLR1,0x0000,ok:10,#,confirmed,evt(ch32v30x.h)+rm(CH32FV2x_V3xRM.PDF)+rm-address(CH32FV2x_V3xRM.PDF)
CH32V307,TIM,CTLR2,0x004,16,1,TIMx_CTLR2,0x0000,ok:10,#,confirmed,evt(ch32v30x.h)+rm(CH32FV2x_V3xRM.PDF)+rm-address(CH32FV2x_V3xRM.PDF)
CH32V307,TIM,SMCFGR,0x008,16,1,TIMx_SMCFGR,0x0000,ok:8,#,confirmed,evt(ch32v30x.h)+rm(CH32FV2x_V3xRM.PDF)+rm-address(CH32FV2x_V3xRM.PDF)
CH32V307,TIM,DMAINTENR,0x00c,16,1,TIMx_DMAINTENR,0x0000,ok:10,#,confirmed,evt(ch32v30x.h)+rm(CH32FV2x_V3xRM.PDF)+rm-address(CH32FV2x_V3xRM.PDF)
CH32V307,TIM,INTFR,0x010,16,1,TIMx_INTFR,0x0000,ok:10,#,confirmed,evt(ch32v30x.h)+rm(CH32FV2x_V3xRM.PDF)+rm-address(CH32FV2x_V3xRM.PDF)
CH32V307,TIM,SWEVGR,0x014,16,1,TIMx_SWEVGR,0x0000,ok:9,#,confirmed,evt(ch32v30x.h)+rm(CH32FV2x_V3xRM.PDF)+rm-address(CH32FV2x_V3xRM.PDF)
CH32V307,TIM,CHCTLR1,0x018,16,1,TIMx_CHCTLR1,0x0000,ok:8,#,confirmed,evt(ch32v30x.h)+rm(CH32FV2x_V3xRM.PDF)+rm-address(CH32FV2x_V3xRM.PDF)
CH32V307,TIM,CHCTLR2,0x01c,16,1,TIMx_CHCTLR2,0x0000,ok:8,#,confirmed,evt(ch32v30x.h)+rm(CH32FV2x_V3xRM.PDF)+rm-address(CH32FV2x_V3xRM.PDF)
CH32V307,TIM,CCER,0x020,16,1,TIMx_CCER,0x0000,ok:8,#,confirmed,evt(ch32v30x.h)+rm(CH32FV2x_V3xRM.PDF)+rm-address(CH32FV2x_V3xRM.PDF)
CH32V307,TIM,CNT,0x024,16,1,TIMx_CNT,0x0000,ok:10,#,confirmed,evt(ch32v30x.h)+rm(CH32FV2x_V3xRM.PDF)+rm-address(CH32FV2x_V3xRM.PDF)
CH32V307,TIM,PSC,0x028,16,1,TIMx_PSC,0x0000,ok:10,#,confirmed,evt(ch32v30x.h)+rm(CH32FV2x_V3xRM.PDF)+rm-address(CH32FV2x_V3xRM.PDF)
CH32V307,TIM,ATRLR,0x02c,16,1,TIMx_ATRLR,0x0000FFFF;0xFFFF,ok:10,#,confirmed,evt(ch32v30x.h)+rm(CH32FV2x_V3xRM.PDF)+rm-address(CH32FV2x_V3xRM.PDF)
CH32V307,TIM,RPTCR,0x030,16,1,TIMx_RPTCR,0x0000,ok:4,#,confirmed,evt(ch32v30x.h)+rm(CH32FV2x_V3xRM.PDF)+rm-address(CH32FV2x_V3xRM.PDF)
CH32V307,TIM,CH1CVR,0x034,16,1,TIMx_CH1CVR,0x0000;0x00000000,ok:8,#,confirmed,evt(ch32v30x.h)+rm(CH32FV2x_V3xRM.PDF)+rm-address(CH32FV2x_V3xRM.PDF)
CH32V307,TIM,CH2CVR,0x038,16,1,TIMx_CH2CVR,0x0000;0x00000000,ok:8,#,confirmed,evt(ch32v30x.h)+rm(CH32FV2x_V3xRM.PDF)+rm-address(CH32FV2x_V3xRM.PDF)
CH32V307,TIM,CH3CVR,0x03c,16,1,TIMx_CH3CVR,0x0000;0x00000000,ok:8,#,confirmed,evt(ch32v30x.h)+rm(CH32FV2x_V3xRM.PDF)+rm-address(CH32FV2x_V3xRM.PDF)
CH32V307,TIM,CH4CVR,0x040,16,1,TIMx_CH4CVR,0x0000;0x00000000,ok:8,#,confirmed,evt(ch32v30x.h)+rm(CH32FV2x_V3xRM.PDF)+rm-address(CH32FV2x_V3xRM.PDF)
CH32V307,TIM,BDTR,0x044,16,1,TIMx_BDTR,0x0000,ok:4,#,confirmed,evt(ch32v30x.h)+rm(CH32FV2x_V3xRM.PDF)+rm-address(CH32FV2x_V3xRM.PDF)
CH32V307,TIM,DMACFGR,0x048,16,1,TIMx_DMACFGR,0x0000,ok:8,#,confirmed,evt(ch32v30x.h)+rm(CH32FV2x_V3xRM.PDF)+rm-address(CH32FV2x_V3xRM.PDF)
CH32V307,TIM,DMAADR,0x04c,16,1,TIMx_DMAADR,0x0000,ok:8,#,confirmed,evt(ch32v30x.h)+rm(CH32FV2x_V3xRM.PDF)+rm-address(CH32FV2x_V3xRM.PDF)
CH32V307,TIM,AUX,0x050,16,1,TIMx_AUX,0x0000,ok:8,#,confirmed,evt(ch32v30x.h)+rm(CH32FV2x_V3xRM.PDF)+rm-address(CH32FV2x_V3xRM.PDF)
CH32V307,USART,STATR,0x000,16,1,USARTx_STATR,0x000000C0,ok:3,#,confirmed,evt(ch32v30x.h)+rm(CH32FV2x_V3xRM.PDF)+rm-address(CH32FV2x_V3xRM.PDF)
CH32V307,USART,DATAR,0x004,16,1,USARTx_DATAR,0x00000000,ok:3,#,confirmed,evt(ch32v30x.h)+rm(CH32FV2x_V3xRM.PDF)+rm-address(CH32FV2x_V3xRM.PDF)
CH32V307,USART,BRR,0x008,16,1,USARTx_BRR,0x00000000,ok:3,#,confirmed,evt(ch32v30x.h)+rm(CH32FV2x_V3xRM.PDF)+rm-address(CH32FV2x_V3xRM.PDF)
CH32V307,USART,CTLR1,0x00c,16,1,USARTx_CTLR1,0x00000000,ok:3,#,confirmed,evt(ch32v30x.h)+rm(CH32FV2x_V3xRM.PDF)+rm-address(CH32FV2x_V3xRM.PDF)
CH32V307,USART,CTLR2,0x010,16,1,USARTx_CTLR2,0x00000000,ok:3,#,confirmed,evt(ch32v30x.h)+rm(CH32FV2x_V3xRM.PDF)+rm-address(CH32FV2x_V3xRM.PDF)
CH32V307,USART,CTLR3,0x014,16,1,USARTx_CTLR3,0x00000000,ok:3,#,confirmed,evt(ch32v30x.h)+rm(CH32FV2x_V3xRM.PDF)+rm-address(CH32FV2x_V3xRM.PDF)
CH32V307,USART,GPR,0x018,16,1,USARTx_GPR,0x00000000,ok:3,#,confirmed,evt(ch32v30x.h)+rm(CH32FV2x_V3xRM.PDF)+rm-address(CH32FV2x_V3xRM.PDF)
CH32V307,USART,CTLR4,0x01c,16,1,USARTx_CTLR4,,,#,confirmed,evt(ch32v30x.h)+rm(CH32FV2x_V3xRM.PDF)
CH32V307,USBFSD,BASE_CTRL,0x000,8,1,,,,#,reference,evt(ch32v30x.h)
CH32V307,USBFSD,UDEV_CTRL,0x001,8,1,,,,#,reference,evt(ch32v30x.h)
CH32V307,USBFSD,INT_EN,0x002,8,1,,,,#,reference,evt(ch32v30x.h)
CH32V307,USBFSD,DEV_ADDR,0x003,8,1,,,,#,reference,evt(ch32v30x.h)
CH32V307,USBFSD,Reserve0,0x004,8,1,,,,#,reference,evt(ch32v30x.h)
CH32V307,USBFSD,MIS_ST,0x005,8,1,,,,#,reference,evt(ch32v30x.h)
CH32V307,USBFSD,INT_FG,0x006,8,1,,,,#,reference,evt(ch32v30x.h)
CH32V307,USBFSD,INT_ST,0x007,8,1,,,,#,reference,evt(ch32v30x.h)
CH32V307,USBFSD,RX_LEN,0x008,16,1,,,,#,reference,evt(ch32v30x.h)
CH32V307,USBFSD,Reserve1,0x00a,16,1,,,,#,reference,evt(ch32v30x.h)
CH32V307,USBFSD,UEP4_1_MOD,0x00c,8,1,,,,#,reference,evt(ch32v30x.h)
CH32V307,USBFSD,UEP2_3_MOD,0x00d,8,1,,,,#,reference,evt(ch32v30x.h)
CH32V307,USBFSD,UEP5_6_MOD,0x00e,8,1,,,,#,reference,evt(ch32v30x.h)
CH32V307,USBFSD,UEP7_MOD,0x00f,8,1,,,,#,reference,evt(ch32v30x.h)
CH32V307,USBFSD,UEP0_DMA,0x010,32,1,,,,#,reference,evt(ch32v30x.h)
CH32V307,USBFSD,UEP1_DMA,0x014,32,1,,,,#,reference,evt(ch32v30x.h)
CH32V307,USBFSD,UEP2_DMA,0x018,32,1,,,,#,reference,evt(ch32v30x.h)
CH32V307,USBFSD,UEP3_DMA,0x01c,32,1,,,,#,reference,evt(ch32v30x.h)
CH32V307,USBFSD,UEP4_DMA,0x020,32,1,,,,#,reference,evt(ch32v30x.h)
CH32V307,USBFSD,UEP5_DMA,0x024,32,1,,,,#,reference,evt(ch32v30x.h)
CH32V307,USBFSD,UEP6_DMA,0x028,32,1,,,,#,reference,evt(ch32v30x.h)
CH32V307,USBFSD,UEP7_DMA,0x02c,32,1,,,,#,reference,evt(ch32v30x.h)
CH32V307,USBFSD,UEP0_TX_LEN,0x030,16,1,,,,#,reference,evt(ch32v30x.h)
CH32V307,USBFSD,UEP0_TX_CTRL,0x032,8,1,,,,#,reference,evt(ch32v30x.h)
CH32V307,USBFSD,UEP0_RX_CTRL,0x033,8,1,,,,#,reference,evt(ch32v30x.h)
CH32V307,USBFSD,UEP1_TX_LEN,0x034,16,1,,,,#,reference,evt(ch32v30x.h)
CH32V307,USBFSD,UEP1_TX_CTRL,0x036,8,1,,,,#,reference,evt(ch32v30x.h)
CH32V307,USBFSD,UEP1_RX_CTRL,0x037,8,1,,,,#,reference,evt(ch32v30x.h)
CH32V307,USBFSD,UEP2_TX_LEN,0x038,16,1,,,,#,reference,evt(ch32v30x.h)
CH32V307,USBFSD,UEP2_TX_CTRL,0x03a,8,1,,,,#,reference,evt(ch32v30x.h)
CH32V307,USBFSD,UEP2_RX_CTRL,0x03b,8,1,,,,#,reference,evt(ch32v30x.h)
CH32V307,USBFSD,UEP3_TX_LEN,0x03c,16,1,,,,#,reference,evt(ch32v30x.h)
CH32V307,USBFSD,UEP3_TX_CTRL,0x03e,8,1,,,,#,reference,evt(ch32v30x.h)
CH32V307,USBFSD,UEP3_RX_CTRL,0x03f,8,1,,,,#,reference,evt(ch32v30x.h)
CH32V307,USBFSD,UEP4_TX_LEN,0x040,16,1,,,,#,reference,evt(ch32v30x.h)
CH32V307,USBFSD,UEP4_TX_CTRL,0x042,8,1,,,,#,reference,evt(ch32v30x.h)
CH32V307,USBFSD,UEP4_RX_CTRL,0x043,8,1,,,,#,reference,evt(ch32v30x.h)
CH32V307,USBFSD,UEP5_TX_LEN,0x044,16,1,,,,#,reference,evt(ch32v30x.h)
CH32V307,USBFSD,UEP5_TX_CTRL,0x046,8,1,,,,#,reference,evt(ch32v30x.h)
CH32V307,USBFSD,UEP5_RX_CTRL,0x047,8,1,,,,#,reference,evt(ch32v30x.h)
CH32V307,USBFSD,UEP6_TX_LEN,0x048,16,1,,,,#,reference,evt(ch32v30x.h)
CH32V307,USBFSD,UEP6_TX_CTRL,0x04a,8,1,,,,#,reference,evt(ch32v30x.h)
CH32V307,USBFSD,UEP6_RX_CTRL,0x04b,8,1,,,,#,reference,evt(ch32v30x.h)
CH32V307,USBFSD,UEP7_TX_LEN,0x04c,16,1,,,,#,reference,evt(ch32v30x.h)
CH32V307,USBFSD,UEP7_TX_CTRL,0x04e,8,1,,,,#,reference,evt(ch32v30x.h)
CH32V307,USBFSD,UEP7_RX_CTRL,0x04f,8,1,,,,#,reference,evt(ch32v30x.h)
CH32V307,USBFSD,Reserve2,0x050,32,1,,,,#,reference,evt(ch32v30x.h)
CH32V307,USBFSD,OTG_CR,0x054,32,1,,,,#,reference,evt(ch32v30x.h)
CH32V307,USBFSD,OTG_SR,0x058,32,1,,,,#,reference,evt(ch32v30x.h)
CH32V307,USBFSH,BASE_CTRL,0x000,8,1,,,,#,reference,evt(ch32v30x.h)
CH32V307,USBFSH,HOST_CTRL,0x001,8,1,,,,#,reference,evt(ch32v30x.h)
CH32V307,USBFSH,INT_EN,0x002,8,1,,,,#,reference,evt(ch32v30x.h)
CH32V307,USBFSH,DEV_ADDR,0x003,8,1,,,,#,reference,evt(ch32v30x.h)
CH32V307,USBFSH,Reserve0,0x004,8,1,,,,#,reference,evt(ch32v30x.h)
CH32V307,USBFSH,MIS_ST,0x005,8,1,,,,#,reference,evt(ch32v30x.h)
CH32V307,USBFSH,INT_FG,0x006,8,1,,,,#,reference,evt(ch32v30x.h)
CH32V307,USBFSH,INT_ST,0x007,8,1,,,,#,reference,evt(ch32v30x.h)
CH32V307,USBFSH,RX_LEN,0x008,16,1,,,,#,reference,evt(ch32v30x.h)
CH32V307,USBFSH,Reserve1,0x00a,16,1,,,,#,reference,evt(ch32v30x.h)
CH32V307,USBFSH,Reserve2,0x00c,8,1,,,,#,reference,evt(ch32v30x.h)
CH32V307,USBFSH,HOST_EP_MOD,0x00d,8,1,,,,#,reference,evt(ch32v30x.h)
CH32V307,USBFSH,Reserve3,0x00e,16,1,,,,#,reference,evt(ch32v30x.h)
CH32V307,USBFSH,Reserve4,0x010,32,1,,,,#,reference,evt(ch32v30x.h)
CH32V307,USBFSH,Reserve5,0x014,32,1,,,,#,reference,evt(ch32v30x.h)
CH32V307,USBFSH,HOST_RX_DMA,0x018,32,1,,,,#,reference,evt(ch32v30x.h)
CH32V307,USBFSH,HOST_TX_DMA,0x01c,32,1,,,,#,reference,evt(ch32v30x.h)
CH32V307,USBFSH,Reserve6,0x020,32,1,,,,#,reference,evt(ch32v30x.h)
CH32V307,USBFSH,Reserve7,0x024,32,1,,,,#,reference,evt(ch32v30x.h)
CH32V307,USBFSH,Reserve8,0x028,32,1,,,,#,reference,evt(ch32v30x.h)
CH32V307,USBFSH,Reserve9,0x02c,32,1,,,,#,reference,evt(ch32v30x.h)
CH32V307,USBFSH,Reserve10,0x030,32,1,,,,#,reference,evt(ch32v30x.h)
CH32V307,USBFSH,Reserve11,0x034,16,1,,,,#,reference,evt(ch32v30x.h)
CH32V307,USBFSH,HOST_SETUP,0x036,16,1,,,,#,reference,evt(ch32v30x.h)
CH32V307,USBFSH,HOST_EP_PID,0x038,8,1,,,,#,reference,evt(ch32v30x.h)
CH32V307,USBFSH,Reserve12,0x039,8,1,,,,#,reference,evt(ch32v30x.h)
CH32V307,USBFSH,Reserve13,0x03a,8,1,,,,#,reference,evt(ch32v30x.h)
CH32V307,USBFSH,HOST_RX_CTRL,0x03b,8,1,,,,#,reference,evt(ch32v30x.h)
CH32V307,USBFSH,HOST_TX_LEN,0x03c,16,1,,,,#,reference,evt(ch32v30x.h)
CH32V307,USBFSH,HOST_TX_CTRL,0x03e,8,1,,,,#,reference,evt(ch32v30x.h)
CH32V307,USBFSH,Reserve14,0x03f,8,1,,,,#,reference,evt(ch32v30x.h)
CH32V307,USBFSH,Reserve15,0x040,32,1,,,,#,reference,evt(ch32v30x.h)
CH32V307,USBFSH,Reserve16,0x044,32,1,,,,#,reference,evt(ch32v30x.h)
CH32V307,USBFSH,Reserve17,0x048,32,1,,,,#,reference,evt(ch32v30x.h)
CH32V307,USBFSH,Reserve18,0x04c,32,1,,,,#,reference,evt(ch32v30x.h)
CH32V307,USBFSH,Reserve19,0x050,32,1,,,,#,reference,evt(ch32v30x.h)
CH32V307,USBFSH,OTG_CR,0x054,32,1,,,,#,reference,evt(ch32v30x.h)
CH32V307,USBFSH,OTG_SR,0x058,32,1,,,,#,reference,evt(ch32v30x.h)
CH32V307,USBHSD,CONTROL,0x000,8,1,,,,#,reference,evt(ch32v30x.h)
CH32V307,USBHSD,HOST_CTRL,0x001,8,1,,,,#,reference,evt(ch32v30x.h)
CH32V307,USBHSD,INT_EN,0x002,8,1,,,,#,reference,evt(ch32v30x.h)
CH32V307,USBHSD,DEV_AD,0x003,8,1,,,,#,reference,evt(ch32v30x.h)
CH32V307,USBHSD,FRAME_NO,0x004,16,1,,,,#,reference,evt(ch32v30x.h)
CH32V307,USBHSD,SUSPEND,0x006,8,1,,,,#,reference,evt(ch32v30x.h)
CH32V307,USBHSD,SPEED_TYPE,0x008,8,1,,,,#,reference,evt(ch32v30x.h)
CH32V307,USBHSD,MIS_ST,0x009,8,1,,,,#,reference,evt(ch32v30x.h)
CH32V307,USBHSD,INT_FG,0x00a,8,1,,,,#,reference,evt(ch32v30x.h)
CH32V307,USBHSD,INT_ST,0x00b,8,1,,,,#,reference,evt(ch32v30x.h)
CH32V307,USBHSD,RX_LEN,0x00c,16,1,,,,#,reference,evt(ch32v30x.h)
CH32V307,USBHSD,ENDP_CONFIG,0x010,32,1,,,,#,reference,evt(ch32v30x.h)
CH32V307,USBHSD,ENDP_TYPE,0x014,32,1,,,,#,reference,evt(ch32v30x.h)
CH32V307,USBHSD,BUF_MODE,0x018,32,1,,,,#,reference,evt(ch32v30x.h)
CH32V307,USBHSD,UEP0_DMA,0x01c,32,1,,,,#,reference,evt(ch32v30x.h)
CH32V307,USBHSD,UEP1_RX_DMA,0x020,32,1,,,,#,reference,evt(ch32v30x.h)
CH32V307,USBHSD,UEP2_RX_DMA,0x024,32,1,,,,#,reference,evt(ch32v30x.h)
CH32V307,USBHSD,UEP3_RX_DMA,0x028,32,1,,,,#,reference,evt(ch32v30x.h)
CH32V307,USBHSD,UEP4_RX_DMA,0x02c,32,1,,,,#,reference,evt(ch32v30x.h)
CH32V307,USBHSD,UEP5_RX_DMA,0x030,32,1,,,,#,reference,evt(ch32v30x.h)
CH32V307,USBHSD,UEP6_RX_DMA,0x034,32,1,,,,#,reference,evt(ch32v30x.h)
CH32V307,USBHSD,UEP7_RX_DMA,0x038,32,1,,,,#,reference,evt(ch32v30x.h)
CH32V307,USBHSD,UEP8_RX_DMA,0x03c,32,1,,,,#,reference,evt(ch32v30x.h)
CH32V307,USBHSD,UEP9_RX_DMA,0x040,32,1,,,,#,reference,evt(ch32v30x.h)
CH32V307,USBHSD,UEP10_RX_DMA,0x044,32,1,,,,#,reference,evt(ch32v30x.h)
CH32V307,USBHSD,UEP11_RX_DMA,0x048,32,1,,,,#,reference,evt(ch32v30x.h)
CH32V307,USBHSD,UEP12_RX_DMA,0x04c,32,1,,,,#,reference,evt(ch32v30x.h)
CH32V307,USBHSD,UEP13_RX_DMA,0x050,32,1,,,,#,reference,evt(ch32v30x.h)
CH32V307,USBHSD,UEP14_RX_DMA,0x054,32,1,,,,#,reference,evt(ch32v30x.h)
CH32V307,USBHSD,UEP15_RX_DMA,0x058,32,1,,,,#,reference,evt(ch32v30x.h)
CH32V307,USBHSD,UEP1_TX_DMA,0x05c,32,1,,,,#,reference,evt(ch32v30x.h)
CH32V307,USBHSD,UEP2_TX_DMA,0x060,32,1,,,,#,reference,evt(ch32v30x.h)
CH32V307,USBHSD,UEP3_TX_DMA,0x064,32,1,,,,#,reference,evt(ch32v30x.h)
CH32V307,USBHSD,UEP4_TX_DMA,0x068,32,1,,,,#,reference,evt(ch32v30x.h)
CH32V307,USBHSD,UEP5_TX_DMA,0x06c,32,1,,,,#,reference,evt(ch32v30x.h)
CH32V307,USBHSD,UEP6_TX_DMA,0x070,32,1,,,,#,reference,evt(ch32v30x.h)
CH32V307,USBHSD,UEP7_TX_DMA,0x074,32,1,,,,#,reference,evt(ch32v30x.h)
CH32V307,USBHSD,UEP8_TX_DMA,0x078,32,1,,,,#,reference,evt(ch32v30x.h)
CH32V307,USBHSD,UEP9_TX_DMA,0x07c,32,1,,,,#,reference,evt(ch32v30x.h)
CH32V307,USBHSD,UEP10_TX_DMA,0x080,32,1,,,,#,reference,evt(ch32v30x.h)
CH32V307,USBHSD,UEP11_TX_DMA,0x084,32,1,,,,#,reference,evt(ch32v30x.h)
CH32V307,USBHSD,UEP12_TX_DMA,0x088,32,1,,,,#,reference,evt(ch32v30x.h)
CH32V307,USBHSD,UEP13_TX_DMA,0x08c,32,1,,,,#,reference,evt(ch32v30x.h)
CH32V307,USBHSD,UEP14_TX_DMA,0x090,32,1,,,,#,reference,evt(ch32v30x.h)
CH32V307,USBHSD,UEP15_TX_DMA,0x094,32,1,,,,#,reference,evt(ch32v30x.h)
CH32V307,USBHSD,UEP0_MAX_LEN,0x098,16,1,,,,#,reference,evt(ch32v30x.h)
CH32V307,USBHSD,UEP1_MAX_LEN,0x09c,16,1,,,,#,reference,evt(ch32v30x.h)
CH32V307,USBHSD,UEP2_MAX_LEN,0x0a0,16,1,,,,#,reference,evt(ch32v30x.h)
CH32V307,USBHSD,UEP3_MAX_LEN,0x0a4,16,1,,,,#,reference,evt(ch32v30x.h)
CH32V307,USBHSD,UEP4_MAX_LEN,0x0a8,16,1,,,,#,reference,evt(ch32v30x.h)
CH32V307,USBHSD,UEP5_MAX_LEN,0x0ac,16,1,,,,#,reference,evt(ch32v30x.h)
CH32V307,USBHSD,UEP6_MAX_LEN,0x0b0,16,1,,,,#,reference,evt(ch32v30x.h)
CH32V307,USBHSD,UEP7_MAX_LEN,0x0b4,16,1,,,,#,reference,evt(ch32v30x.h)
CH32V307,USBHSD,UEP8_MAX_LEN,0x0b8,16,1,,,,#,reference,evt(ch32v30x.h)
CH32V307,USBHSD,UEP9_MAX_LEN,0x0bc,16,1,,,,#,reference,evt(ch32v30x.h)
CH32V307,USBHSD,UEP10_MAX_LEN,0x0c0,16,1,,,,#,reference,evt(ch32v30x.h)
CH32V307,USBHSD,UEP11_MAX_LEN,0x0c4,16,1,,,,#,reference,evt(ch32v30x.h)
CH32V307,USBHSD,UEP12_MAX_LEN,0x0c8,16,1,,,,#,reference,evt(ch32v30x.h)
CH32V307,USBHSD,UEP13_MAX_LEN,0x0cc,16,1,,,,#,reference,evt(ch32v30x.h)
CH32V307,USBHSD,UEP14_MAX_LEN,0x0d0,16,1,,,,#,reference,evt(ch32v30x.h)
CH32V307,USBHSD,UEP15_MAX_LEN,0x0d4,16,1,,,,#,reference,evt(ch32v30x.h)
CH32V307,USBHSD,UEP0_TX_LEN,0x0d8,16,1,,,,#,reference,evt(ch32v30x.h)
CH32V307,USBHSD,UEP0_TX_CTRL,0x0da,8,1,,,,#,reference,evt(ch32v30x.h)
CH32V307,USBHSD,UEP0_RX_CTRL,0x0db,8,1,,,,#,reference,evt(ch32v30x.h)
CH32V307,USBHSD,UEP1_TX_LEN,0x0dc,16,1,,,,#,reference,evt(ch32v30x.h)
CH32V307,USBHSD,UEP1_TX_CTRL,0x0de,8,1,,,,#,reference,evt(ch32v30x.h)
CH32V307,USBHSD,UEP1_RX_CTRL,0x0df,8,1,,,,#,reference,evt(ch32v30x.h)
CH32V307,USBHSD,UEP2_TX_LEN,0x0e0,16,1,,,,#,reference,evt(ch32v30x.h)
CH32V307,USBHSD,UEP2_TX_CTRL,0x0e2,8,1,,,,#,reference,evt(ch32v30x.h)
CH32V307,USBHSD,UEP2_RX_CTRL,0x0e3,8,1,,,,#,reference,evt(ch32v30x.h)
CH32V307,USBHSD,UEP3_TX_LEN,0x0e4,16,1,,,,#,reference,evt(ch32v30x.h)
CH32V307,USBHSD,UEP3_TX_CTRL,0x0e6,8,1,,,,#,reference,evt(ch32v30x.h)
CH32V307,USBHSD,UEP3_RX_CTRL,0x0e7,8,1,,,,#,reference,evt(ch32v30x.h)
CH32V307,USBHSD,UEP4_TX_LEN,0x0e8,16,1,,,,#,reference,evt(ch32v30x.h)
CH32V307,USBHSD,UEP4_TX_CTRL,0x0ea,8,1,,,,#,reference,evt(ch32v30x.h)
CH32V307,USBHSD,UEP4_RX_CTRL,0x0eb,8,1,,,,#,reference,evt(ch32v30x.h)
CH32V307,USBHSD,UEP5_TX_LEN,0x0ec,16,1,,,,#,reference,evt(ch32v30x.h)
CH32V307,USBHSD,UEP5_TX_CTRL,0x0ee,8,1,,,,#,reference,evt(ch32v30x.h)
CH32V307,USBHSD,UEP5_RX_CTRL,0x0ef,8,1,,,,#,reference,evt(ch32v30x.h)
CH32V307,USBHSD,UEP6_TX_LEN,0x0f0,16,1,,,,#,reference,evt(ch32v30x.h)
CH32V307,USBHSD,UEP6_TX_CTRL,0x0f2,8,1,,,,#,reference,evt(ch32v30x.h)
CH32V307,USBHSD,UEP6_RX_CTRL,0x0f3,8,1,,,,#,reference,evt(ch32v30x.h)
CH32V307,USBHSD,UEP7_TX_LEN,0x0f4,16,1,,,,#,reference,evt(ch32v30x.h)
CH32V307,USBHSD,UEP7_TX_CTRL,0x0f6,8,1,,,,#,reference,evt(ch32v30x.h)
CH32V307,USBHSD,UEP7_RX_CTRL,0x0f7,8,1,,,,#,reference,evt(ch32v30x.h)
CH32V307,USBHSD,UEP8_TX_LEN,0x0f8,16,1,,,,#,reference,evt(ch32v30x.h)
CH32V307,USBHSD,UEP8_TX_CTRL,0x0fa,8,1,,,,#,reference,evt(ch32v30x.h)
CH32V307,USBHSD,UEP8_RX_CTRL,0x0fb,8,1,,,,#,reference,evt(ch32v30x.h)
CH32V307,USBHSD,UEP9_TX_LEN,0x0fc,16,1,,,,#,reference,evt(ch32v30x.h)
CH32V307,USBHSD,UEP9_TX_CTRL,0x0fe,8,1,,,,#,reference,evt(ch32v30x.h)
CH32V307,USBHSD,UEP9_RX_CTRL,0x0ff,8,1,,,,#,reference,evt(ch32v30x.h)
CH32V307,USBHSD,UEP10_TX_LEN,0x100,16,1,,,,#,reference,evt(ch32v30x.h)
CH32V307,USBHSD,UEP10_TX_CTRL,0x102,8,1,,,,#,reference,evt(ch32v30x.h)
CH32V307,USBHSD,UEP10_RX_CTRL,0x103,8,1,,,,#,reference,evt(ch32v30x.h)
CH32V307,USBHSD,UEP11_TX_LEN,0x104,16,1,,,,#,reference,evt(ch32v30x.h)
CH32V307,USBHSD,UEP11_TX_CTRL,0x106,8,1,,,,#,reference,evt(ch32v30x.h)
CH32V307,USBHSD,UEP11_RX_CTRL,0x107,8,1,,,,#,reference,evt(ch32v30x.h)
CH32V307,USBHSD,UEP12_TX_LEN,0x108,16,1,,,,#,reference,evt(ch32v30x.h)
CH32V307,USBHSD,UEP12_TX_CTRL,0x10a,8,1,,,,#,reference,evt(ch32v30x.h)
CH32V307,USBHSD,UEP12_RX_CTRL,0x10b,8,1,,,,#,reference,evt(ch32v30x.h)
CH32V307,USBHSD,UEP13_TX_LEN,0x10c,16,1,,,,#,reference,evt(ch32v30x.h)
CH32V307,USBHSD,UEP13_TX_CTRL,0x10e,8,1,,,,#,reference,evt(ch32v30x.h)
CH32V307,USBHSD,UEP13_RX_CTRL,0x10f,8,1,,,,#,reference,evt(ch32v30x.h)
CH32V307,USBHSD,UEP14_TX_LEN,0x110,16,1,,,,#,reference,evt(ch32v30x.h)
CH32V307,USBHSD,UEP14_TX_CTRL,0x112,8,1,,,,#,reference,evt(ch32v30x.h)
CH32V307,USBHSD,UEP14_RX_CTRL,0x113,8,1,,,,#,reference,evt(ch32v30x.h)
CH32V307,USBHSD,UEP15_TX_LEN,0x114,16,1,,,,#,reference,evt(ch32v30x.h)
CH32V307,USBHSD,UEP15_TX_CTRL,0x116,8,1,,,,#,reference,evt(ch32v30x.h)
CH32V307,USBHSD,UEP15_RX_CTRL,0x117,8,1,,,,#,reference,evt(ch32v30x.h)
CH32V307,USBHSH,CONTROL,0x000,8,1,,,,#,reference,evt(ch32v30x.h)
CH32V307,USBHSH,HOST_CTRL,0x001,8,1,,,,#,reference,evt(ch32v30x.h)
CH32V307,USBHSH,INT_EN,0x002,8,1,,,,#,reference,evt(ch32v30x.h)
CH32V307,USBHSH,DEV_AD,0x003,8,1,,,,#,reference,evt(ch32v30x.h)
CH32V307,USBHSH,FRAME_NO,0x004,16,1,,,,#,reference,evt(ch32v30x.h)
CH32V307,USBHSH,SUSPEND,0x006,8,1,,,,#,reference,evt(ch32v30x.h)
CH32V307,USBHSH,SPEED_TYPE,0x008,8,1,,,,#,reference,evt(ch32v30x.h)
CH32V307,USBHSH,MIS_ST,0x009,8,1,,,,#,reference,evt(ch32v30x.h)
CH32V307,USBHSH,INT_FG,0x00a,8,1,,,,#,reference,evt(ch32v30x.h)
CH32V307,USBHSH,INT_ST,0x00b,8,1,,,,#,reference,evt(ch32v30x.h)
CH32V307,USBHSH,RX_LEN,0x00c,16,1,,,,#,reference,evt(ch32v30x.h)
CH32V307,USBHSH,HOST_EP_CONFIG,0x010,32,1,,,,#,reference,evt(ch32v30x.h)
CH32V307,USBHSH,HOST_EP_TYPE,0x014,32,1,,,,#,reference,evt(ch32v30x.h)
CH32V307,USBHSH,HOST_RX_DMA,0x024,32,1,,,,#,reference,evt(ch32v30x.h)
CH32V307,USBHSH,HOST_TX_DMA,0x064,32,1,,,,#,reference,evt(ch32v30x.h)
CH32V307,USBHSH,HOST_RX_MAX_LEN,0x0a0,16,1,,,,#,reference,evt(ch32v30x.h)
CH32V307,USBHSH,HOST_EP_PID,0x0e0,8,1,,,,#,reference,evt(ch32v30x.h)
CH32V307,USBHSH,HOST_RX_CTRL,0x0e3,8,1,,,,#,reference,evt(ch32v30x.h)
CH32V307,USBHSH,HOST_TX_LEN,0x0e4,16,1,,,,#,reference,evt(ch32v30x.h)
CH32V307,USBHSH,HOST_TX_CTRL,0x0e6,8,1,,,,#,reference,evt(ch32v30x.h)
CH32V307,USBHSH,HOST_SPLIT_DATA,0x0e8,16,1,,,,#,reference,evt(ch32v30x.h)
CH32V307,WWDG,CTLR,0x000,32,1,WWDG_CTLR,0x007F,ok:1,#,confirmed,evt(ch32v30x.h)+rm(CH32FV2x_V3xRM.PDF)+rm-address(CH32FV2x_V3xRM.PDF)
CH32V307,WWDG,CFGR,0x004,32,1,WWDG_CFGR,0x007F,ok:1,#,confirmed,evt(ch32v30x.h)+rm(CH32FV2x_V3xRM.PDF)+rm-address(CH32FV2x_V3xRM.PDF)
CH32V307,WWDG,STATR,0x008,32,1,WWDG_STATR,0x0000,ok:1,#,confirmed,evt(ch32v30x.h)+rm(CH32FV2x_V3xRM.PDF)+rm-address(CH32FV2x_V3xRM.PDF)
CH32V407,ADC,STATR,0x000,32,1,ADCx_STATR,0x00000000,ok:2,#,confirmed,evt(ch32v4x7.h)+rm(CH32V407RM.PDF)+rm-address(CH32V407RM.PDF)
CH32V407,ADC,CTLR1,0x004,32,1,ADCx_CTLR1,0x00000000,ok:2,#,confirmed,evt(ch32v4x7.h)+rm(CH32V407RM.PDF)+rm-address(CH32V407RM.PDF)
CH32V407,ADC,CTLR2,0x008,32,1,ADCx_CTLR2,0x00000000,ok:2,#,confirmed,evt(ch32v4x7.h)+rm(CH32V407RM.PDF)+rm-address(CH32V407RM.PDF)
CH32V407,ADC,SAMPTR1,0x00c,32,1,ADCx_SAMPTR1,0x00000000,ok:2,#,confirmed,evt(ch32v4x7.h)+rm(CH32V407RM.PDF)+rm-address(CH32V407RM.PDF)
CH32V407,ADC,SAMPTR2,0x010,32,1,ADCx_SAMPTR2,0x00000000,ok:2,#,confirmed,evt(ch32v4x7.h)+rm(CH32V407RM.PDF)+rm-address(CH32V407RM.PDF)
CH32V407,ADC,IOFR1,0x014,32,1,,0x00000000,ok:2,#,confirmed,evt(ch32v4x7.h)+rm-address(CH32V407RM.PDF)
CH32V407,ADC,IOFR2,0x018,32,1,,0x00000000,ok:2,#,confirmed,evt(ch32v4x7.h)+rm-address(CH32V407RM.PDF)
CH32V407,ADC,IOFR3,0x01c,32,1,,0x00000000,ok:2,#,confirmed,evt(ch32v4x7.h)+rm-address(CH32V407RM.PDF)
CH32V407,ADC,IOFR4,0x020,32,1,,0x00000000,ok:2,#,confirmed,evt(ch32v4x7.h)+rm-address(CH32V407RM.PDF)
CH32V407,ADC,WDHTR,0x024,32,1,ADCx_WDHTR,0x00000FFF,ok:2,#,confirmed,evt(ch32v4x7.h)+rm(CH32V407RM.PDF)+rm-address(CH32V407RM.PDF)
CH32V407,ADC,WDLTR,0x028,32,1,ADCx_WDLTR,0x00000000,ok:2,#,confirmed,evt(ch32v4x7.h)+rm(CH32V407RM.PDF)+rm-address(CH32V407RM.PDF)
CH32V407,ADC,RSQR1,0x02c,32,1,ADCx_RSQR1,0x00000000,ok:2,#,confirmed,evt(ch32v4x7.h)+rm(CH32V407RM.PDF)+rm-address(CH32V407RM.PDF)
CH32V407,ADC,RSQR2,0x030,32,1,ADCx_RSQR2,0x00000000,ok:2,#,confirmed,evt(ch32v4x7.h)+rm(CH32V407RM.PDF)+rm-address(CH32V407RM.PDF)
CH32V407,ADC,RSQR3,0x034,32,1,ADCx_RSQR3,0x00000000,ok:2,#,confirmed,evt(ch32v4x7.h)+rm(CH32V407RM.PDF)+rm-address(CH32V407RM.PDF)
CH32V407,ADC,ISQR,0x038,32,1,ADCx_ISQR,0x00000000,ok:2,#,confirmed,evt(ch32v4x7.h)+rm(CH32V407RM.PDF)+rm-address(CH32V407RM.PDF)
CH32V407,ADC,IDATAR1,0x03c,32,1,,0x00000000,ok:2,#,confirmed,evt(ch32v4x7.h)+rm-address(CH32V407RM.PDF)
CH32V407,ADC,IDATAR2,0x040,32,1,,0x00000000,ok:2,#,confirmed,evt(ch32v4x7.h)+rm-address(CH32V407RM.PDF)
CH32V407,ADC,IDATAR3,0x044,32,1,,0x00000000,ok:2,#,confirmed,evt(ch32v4x7.h)+rm-address(CH32V407RM.PDF)
CH32V407,ADC,IDATAR4,0x048,32,1,,0x00000000,ok:2,#,confirmed,evt(ch32v4x7.h)+rm-address(CH32V407RM.PDF)
CH32V407,ADC,RDATAR,0x04c,32,1,ADCx_RDATAR,0x00000000,ok:2,#,confirmed,evt(ch32v4x7.h)+rm(CH32V407RM.PDF)+rm-address(CH32V407RM.PDF)
CH32V407,ADC,AUX,0x054,32,1,ADCx_AUX,0x00000000,ok:2,#,confirmed,evt(ch32v4x7.h)+rm(CH32V407RM.PDF)+rm-address(CH32V407RM.PDF)
CH32V407,AFIO,ECR,0x000,32,1,AFIO_ECR,0x00000000,ok:1,#,confirmed,evt(ch32v4x7.h)+rm(CH32V407RM.PDF)+rm-address(CH32V407RM.PDF)
CH32V407,AFIO,PCFR1,0x004,32,1,AFIO_PCFR1,0x00000000,ok:1,#,confirmed,evt(ch32v4x7.h)+rm(CH32V407RM.PDF)+rm-address(CH32V407RM.PDF)
CH32V407,AFIO,EXTICR,0x008,32,4,,0x00000000,ok:4,#,confirmed,evt(ch32v4x7.h)+rm-address(CH32V407RM.PDF)
CH32V407,AFIO,PCFR2,0x01c,32,1,AFIO_PCFR2,0x00000000,ok:1,#,confirmed,evt(ch32v4x7.h)+rm(CH32V407RM.PDF)+rm-address(CH32V407RM.PDF)
CH32V407,ARGB,CTLR,0x000,32,1,,0x00000000,ok:1,#,confirmed,evt(ch32v4x7.h)+rm-address(CH32V407RM.PDF)
CH32V407,ARGB,DAT_ARR,0x004,32,1,,0x000003FF,ok:1,#,confirmed,evt(ch32v4x7.h)+rm-address(CH32V407RM.PDF)
CH32V407,ARGB,RST_ARR,0x008,32,1,,0x0001FFFF,ok:1,#,confirmed,evt(ch32v4x7.h)+rm-address(CH32V407RM.PDF)
CH32V407,ARGB,CCRL,0x00c,32,1,,0x00000000,ok:1,#,confirmed,evt(ch32v4x7.h)+rm-address(CH32V407RM.PDF)
CH32V407,ARGB,CCRH,0x010,32,1,,0x00000000,ok:1,#,confirmed,evt(ch32v4x7.h)+rm-address(CH32V407RM.PDF)
CH32V407,ARGB,DAT_CYC,0x014,32,1,,0x00000000,ok:1,#,confirmed,evt(ch32v4x7.h)+rm-address(CH32V407RM.PDF)
CH32V407,ARGB,DATAR,0x018,32,1,,0x00000000,ok:1,#,confirmed,evt(ch32v4x7.h)+rm-address(CH32V407RM.PDF)
CH32V407,ARGB,STATR,0x01c,32,1,,0x00000020,ok:1,#,confirmed,evt(ch32v4x7.h)+rm-address(CH32V407RM.PDF)
CH32V407,ARGB,CNTR,0x020,32,1,,0x00000000,ok:1,#,confirmed,evt(ch32v4x7.h)+rm-address(CH32V407RM.PDF)
CH32V407,BKP,DATAR1,0x004,16,1,,0x0000,ok:1,#,confirmed,evt(ch32v4x7.h)+rm-address(CH32V407RM.PDF)
CH32V407,BKP,DATAR2,0x008,16,1,,0x0000,ok:1,#,confirmed,evt(ch32v4x7.h)+rm-address(CH32V407RM.PDF)
CH32V407,BKP,DATAR3,0x00c,16,1,,0x0000,ok:1,#,confirmed,evt(ch32v4x7.h)+rm-address(CH32V407RM.PDF)
CH32V407,BKP,DATAR4,0x010,16,1,,0x0000,ok:1,#,confirmed,evt(ch32v4x7.h)+rm-address(CH32V407RM.PDF)
CH32V407,BKP,DATAR5,0x014,16,1,,0x0000,ok:1,#,confirmed,evt(ch32v4x7.h)+rm-address(CH32V407RM.PDF)
CH32V407,BKP,DATAR6,0x018,16,1,,0x0000,ok:1,#,confirmed,evt(ch32v4x7.h)+rm-address(CH32V407RM.PDF)
CH32V407,BKP,DATAR7,0x01c,16,1,,0x0000,ok:1,#,confirmed,evt(ch32v4x7.h)+rm-address(CH32V407RM.PDF)
CH32V407,BKP,DATAR8,0x020,16,1,,0x0000,ok:1,#,confirmed,evt(ch32v4x7.h)+rm-address(CH32V407RM.PDF)
CH32V407,BKP,DATAR9,0x024,16,1,,0x0000,ok:1,#,confirmed,evt(ch32v4x7.h)+rm-address(CH32V407RM.PDF)
CH32V407,BKP,DATAR10,0x028,16,1,,0x0000,ok:1,#,confirmed,evt(ch32v4x7.h)+rm-address(CH32V407RM.PDF)
CH32V407,BKP,OCTLR,0x02c,16,1,BKP_OCTLR,0x0000,ok:1,#,confirmed,evt(ch32v4x7.h)+rm(CH32V407RM.PDF)+rm-address(CH32V407RM.PDF)
CH32V407,BKP,TPCTLR,0x030,16,1,BKP_TPCTLR,0x0000,ok:1,#,confirmed,evt(ch32v4x7.h)+rm(CH32V407RM.PDF)+rm-address(CH32V407RM.PDF)
CH32V407,BKP,TPCSR,0x034,16,1,BKP_TPCSR,0x0000,ok:1,#,confirmed,evt(ch32v4x7.h)+rm(CH32V407RM.PDF)+rm-address(CH32V407RM.PDF)
CH32V407,BKP,DATAR11,0x040,16,1,,0x0000,ok:1,#,confirmed,evt(ch32v4x7.h)+rm-address(CH32V407RM.PDF)
CH32V407,BKP,DATAR12,0x044,16,1,,0x0000,ok:1,#,confirmed,evt(ch32v4x7.h)+rm-address(CH32V407RM.PDF)
CH32V407,BKP,DATAR13,0x048,16,1,,0x0000,ok:1,#,confirmed,evt(ch32v4x7.h)+rm-address(CH32V407RM.PDF)
CH32V407,BKP,DATAR14,0x04c,16,1,,0x0000,ok:1,#,confirmed,evt(ch32v4x7.h)+rm-address(CH32V407RM.PDF)
CH32V407,BKP,DATAR15,0x050,16,1,,0x0000,ok:1,#,confirmed,evt(ch32v4x7.h)+rm-address(CH32V407RM.PDF)
CH32V407,BKP,DATAR16,0x054,16,1,,0x0000,ok:1,#,confirmed,evt(ch32v4x7.h)+rm-address(CH32V407RM.PDF)
CH32V407,BKP,DATAR17,0x058,16,1,,0x0000,ok:1,#,confirmed,evt(ch32v4x7.h)+rm-address(CH32V407RM.PDF)
CH32V407,BKP,DATAR18,0x05c,16,1,,0x0000,ok:1,#,confirmed,evt(ch32v4x7.h)+rm-address(CH32V407RM.PDF)
CH32V407,BKP,DATAR19,0x060,16,1,,0x0000,ok:1,#,confirmed,evt(ch32v4x7.h)+rm-address(CH32V407RM.PDF)
CH32V407,BKP,DATAR20,0x064,16,1,,0x0000,ok:1,#,confirmed,evt(ch32v4x7.h)+rm-address(CH32V407RM.PDF)
CH32V407,BKP,DATAR21,0x068,16,1,,0x0000,ok:1,#,confirmed,evt(ch32v4x7.h)+rm-address(CH32V407RM.PDF)
CH32V407,BKP,DATAR22,0x06c,16,1,,0x0000,ok:1,#,confirmed,evt(ch32v4x7.h)+rm-address(CH32V407RM.PDF)
CH32V407,BKP,DATAR23,0x070,16,1,,0x0000,ok:1,#,confirmed,evt(ch32v4x7.h)+rm-address(CH32V407RM.PDF)
CH32V407,BKP,DATAR24,0x074,16,1,,0x0000,ok:1,#,confirmed,evt(ch32v4x7.h)+rm-address(CH32V407RM.PDF)
CH32V407,BKP,DATAR25,0x078,16,1,,0x0000,ok:1,#,confirmed,evt(ch32v4x7.h)+rm-address(CH32V407RM.PDF)
CH32V407,BKP,DATAR26,0x07c,16,1,,0x0000,ok:1,#,confirmed,evt(ch32v4x7.h)+rm-address(CH32V407RM.PDF)
CH32V407,BKP,DATAR27,0x080,16,1,,0x0000,ok:1,#,confirmed,evt(ch32v4x7.h)+rm-address(CH32V407RM.PDF)
CH32V407,BKP,DATAR28,0x084,16,1,,0x0000,ok:1,#,confirmed,evt(ch32v4x7.h)+rm-address(CH32V407RM.PDF)
CH32V407,BKP,DATAR29,0x088,16,1,,0x0000,ok:1,#,confirmed,evt(ch32v4x7.h)+rm-address(CH32V407RM.PDF)
CH32V407,BKP,DATAR30,0x08c,16,1,,0x0000,ok:1,#,confirmed,evt(ch32v4x7.h)+rm-address(CH32V407RM.PDF)
CH32V407,BKP,DATAR31,0x090,16,1,,0x0000,ok:1,#,confirmed,evt(ch32v4x7.h)+rm-address(CH32V407RM.PDF)
CH32V407,BKP,DATAR32,0x094,16,1,,0x0000,ok:1,#,confirmed,evt(ch32v4x7.h)+rm-address(CH32V407RM.PDF)
CH32V407,BKP,DATAR33,0x098,16,1,,0x0000,ok:1,#,confirmed,evt(ch32v4x7.h)+rm-address(CH32V407RM.PDF)
CH32V407,BKP,DATAR34,0x09c,16,1,,0x0000,ok:1,#,confirmed,evt(ch32v4x7.h)+rm-address(CH32V407RM.PDF)
CH32V407,BKP,DATAR35,0x0a0,16,1,,0x0000,ok:1,#,confirmed,evt(ch32v4x7.h)+rm-address(CH32V407RM.PDF)
CH32V407,BKP,DATAR36,0x0a4,16,1,,0x0000,ok:1,#,confirmed,evt(ch32v4x7.h)+rm-address(CH32V407RM.PDF)
CH32V407,BKP,DATAR37,0x0a8,16,1,,0x0000,ok:1,#,confirmed,evt(ch32v4x7.h)+rm-address(CH32V407RM.PDF)
CH32V407,BKP,DATAR38,0x0ac,16,1,,0x0000,ok:1,#,confirmed,evt(ch32v4x7.h)+rm-address(CH32V407RM.PDF)
CH32V407,BKP,DATAR39,0x0b0,16,1,,0x0000,ok:1,#,confirmed,evt(ch32v4x7.h)+rm-address(CH32V407RM.PDF)
CH32V407,BKP,DATAR40,0x0b4,16,1,,0x0000,ok:1,#,confirmed,evt(ch32v4x7.h)+rm-address(CH32V407RM.PDF)
CH32V407,BKP,DATAR41,0x0b8,16,1,,0x0000,ok:1,#,confirmed,evt(ch32v4x7.h)+rm-address(CH32V407RM.PDF)
CH32V407,BKP,DATAR42,0x0bc,16,1,,0x0000,ok:1,#,confirmed,evt(ch32v4x7.h)+rm-address(CH32V407RM.PDF)
CH32V407,CAN,CTLR,0x000,32,1,CAN1_CTLR,0x00010002,ok:1,#,confirmed,evt(ch32v4x7.h)+rm(CH32V407RM.PDF)+rm-address(CH32V407RM.PDF)
CH32V407,CAN,STATR,0x004,32,1,CAN1_STATR,0x00000x02,ok:1,#,confirmed,evt(ch32v4x7.h)+rm(CH32V407RM.PDF)+rm-address(CH32V407RM.PDF)
CH32V407,CAN,TSTATR,0x008,32,1,CAN1_TSTATR,0x1C000000,ok:1,#,confirmed,evt(ch32v4x7.h)+rm(CH32V407RM.PDF)+rm-address(CH32V407RM.PDF)
CH32V407,CAN,RFIFO0,0x00c,32,1,CAN1_RFIFO0,0x00000000,ok:1,#,confirmed,evt(ch32v4x7.h)+rm(CH32V407RM.PDF)+rm-address(CH32V407RM.PDF)
CH32V407,CAN,RFIFO1,0x010,32,1,CAN1_RFIFO1,0x00000000,ok:1,#,confirmed,evt(ch32v4x7.h)+rm(CH32V407RM.PDF)+rm-address(CH32V407RM.PDF)
CH32V407,CAN,INTENR,0x014,32,1,CAN1_INTENR,0x00000000,ok:1,#,confirmed,evt(ch32v4x7.h)+rm(CH32V407RM.PDF)+rm-address(CH32V407RM.PDF)
CH32V407,CAN,ERRSR,0x018,32,1,CAN1_ERRSR,0x00000000,ok:1,#,confirmed,evt(ch32v4x7.h)+rm(CH32V407RM.PDF)+rm-address(CH32V407RM.PDF)
CH32V407,CAN,BTIMR,0x01c,32,1,CAN1_BTIMR,0x01230000,ok:1,#,confirmed,evt(ch32v4x7.h)+rm(CH32V407RM.PDF)+rm-address(CH32V407RM.PDF)
CH32V407,CAN,TTCTLR,0x020,32,1,CAN1_TTCTLR,0x0000FFFF,ok:1,#,confirmed,evt(ch32v4x7.h)+rm(CH32V407RM.PDF)+rm-address(CH32V407RM.PDF)
CH32V407,CAN,TTCNT,0x024,32,1,CAN1_TTCNT,0x00000000,ok:1,#,confirmed,evt(ch32v4x7.h)+rm(CH32V407RM.PDF)+rm-address(CH32V407RM.PDF)
CH32V407,CAN,TERR_CNT,0x028,32,1,CAN1_TERR_CNT,0x00000000,ok:1,#,confirmed,evt(ch32v4x7.h)+rm(CH32V407RM.PDF)+rm-address(CH32V407RM.PDF)
CH32V407,CAN,sTxMailBox[0].TXMIR,0x180,32,1,,X,ok:1,#,confirmed,evt(ch32v4x7.h)+rm-address(CH32V407RM.PDF)
CH32V407,CAN,sTxMailBox[0].TXMDTR,0x184,32,1,,X,ok:1,#,confirmed,evt(ch32v4x7.h)+rm-address(CH32V407RM.PDF)
CH32V407,CAN,sTxMailBox[0].TXMDLR,0x188,32,1,,X,ok:1,#,confirmed,evt(ch32v4x7.h)+rm-address(CH32V407RM.PDF)
CH32V407,CAN,sTxMailBox[0].TXMDHR,0x18c,32,1,,X,ok:1,#,confirmed,evt(ch32v4x7.h)+rm-address(CH32V407RM.PDF)
CH32V407,CAN,sTxMailBox[1].TXMIR,0x190,32,1,,X,ok:1,#,confirmed,evt(ch32v4x7.h)+rm-address(CH32V407RM.PDF)
CH32V407,CAN,sTxMailBox[1].TXMDTR,0x194,32,1,,X,ok:1,#,confirmed,evt(ch32v4x7.h)+rm-address(CH32V407RM.PDF)
CH32V407,CAN,sTxMailBox[1].TXMDLR,0x198,32,1,,X,ok:1,#,confirmed,evt(ch32v4x7.h)+rm-address(CH32V407RM.PDF)
CH32V407,CAN,sTxMailBox[1].TXMDHR,0x19c,32,1,,X,ok:1,#,confirmed,evt(ch32v4x7.h)+rm-address(CH32V407RM.PDF)
CH32V407,CAN,sTxMailBox[2].TXMIR,0x1a0,32,1,,X,ok:1,#,confirmed,evt(ch32v4x7.h)+rm-address(CH32V407RM.PDF)
CH32V407,CAN,sTxMailBox[2].TXMDTR,0x1a4,32,1,,X,ok:1,#,confirmed,evt(ch32v4x7.h)+rm-address(CH32V407RM.PDF)
CH32V407,CAN,sTxMailBox[2].TXMDLR,0x1a8,32,1,,X,ok:1,#,confirmed,evt(ch32v4x7.h)+rm-address(CH32V407RM.PDF)
CH32V407,CAN,sTxMailBox[2].TXMDHR,0x1ac,32,1,,X,ok:1,#,confirmed,evt(ch32v4x7.h)+rm-address(CH32V407RM.PDF)
CH32V407,CAN,sFIFOMailBox[0].RXMIR,0x1b0,32,1,,X,ok:1,#,confirmed,evt(ch32v4x7.h)+rm-address(CH32V407RM.PDF)
CH32V407,CAN,sFIFOMailBox[0].RXMDTR,0x1b4,32,1,,X,ok:1,#,confirmed,evt(ch32v4x7.h)+rm-address(CH32V407RM.PDF)
CH32V407,CAN,sFIFOMailBox[0].RXMDLR,0x1b8,32,1,,X,ok:1,#,confirmed,evt(ch32v4x7.h)+rm-address(CH32V407RM.PDF)
CH32V407,CAN,sFIFOMailBox[0].RXMDHR,0x1bc,32,1,,X,ok:1,#,confirmed,evt(ch32v4x7.h)+rm-address(CH32V407RM.PDF)
CH32V407,CAN,sFIFOMailBox[1].RXMIR,0x1c0,32,1,,X,ok:1,#,confirmed,evt(ch32v4x7.h)+rm-address(CH32V407RM.PDF)
CH32V407,CAN,sFIFOMailBox[1].RXMDTR,0x1c4,32,1,,X,ok:1,#,confirmed,evt(ch32v4x7.h)+rm-address(CH32V407RM.PDF)
CH32V407,CAN,sFIFOMailBox[1].RXMDLR,0x1c8,32,1,,X,ok:1,#,confirmed,evt(ch32v4x7.h)+rm-address(CH32V407RM.PDF)
CH32V407,CAN,sFIFOMailBox[1].RXMDHR,0x1cc,32,1,,X,ok:1,#,confirmed,evt(ch32v4x7.h)+rm-address(CH32V407RM.PDF)
CH32V407,CAN,FCTLR,0x200,32,1,CAN1_FCTLR,0x2A1C0E01,ok:1,#,confirmed,evt(ch32v4x7.h)+rm(CH32V407RM.PDF)+rm-address(CH32V407RM.PDF)
CH32V407,CAN,FMCFGR,0x204,32,1,CAN1_FMCFGR,0x00000000,ok:1,#,confirmed,evt(ch32v4x7.h)+rm(CH32V407RM.PDF)+rm-address(CH32V407RM.PDF)
CH32V407,CAN,FSCFGR,0x20c,32,1,CAN1_FSCFGR,0x00000000,ok:1,#,confirmed,evt(ch32v4x7.h)+rm(CH32V407RM.PDF)+rm-address(CH32V407RM.PDF)
CH32V407,CAN,FAFIFOR,0x214,32,1,CAN1_FAFIFOR,0x00000000,ok:1,#,confirmed,evt(ch32v4x7.h)+rm(CH32V407RM.PDF)+rm-address(CH32V407RM.PDF)
CH32V407,CAN,FWR,0x21c,32,1,CAN1_FWR,0x00000000,ok:1,#,confirmed,evt(ch32v4x7.h)+rm(CH32V407RM.PDF)+rm-address(CH32V407RM.PDF)
CH32V407,CAN,sFilterRegister[0].FR1,0x240,32,1,,X,ok:1,#,confirmed,evt(ch32v4x7.h)+rm-address(CH32V407RM.PDF)
CH32V407,CAN,sFilterRegister[0].FR2,0x244,32,1,,X,ok:1,#,confirmed,evt(ch32v4x7.h)+rm-address(CH32V407RM.PDF)
CH32V407,CAN,sFilterRegister[1].FR1,0x248,32,1,,X,ok:1,#,confirmed,evt(ch32v4x7.h)+rm-address(CH32V407RM.PDF)
CH32V407,CAN,sFilterRegister[1].FR2,0x24c,32,1,,X,ok:1,#,confirmed,evt(ch32v4x7.h)+rm-address(CH32V407RM.PDF)
CH32V407,CAN,sFilterRegister[2].FR1,0x250,32,1,,X,ok:1,#,confirmed,evt(ch32v4x7.h)+rm-address(CH32V407RM.PDF)
CH32V407,CAN,sFilterRegister[2].FR2,0x254,32,1,,X,ok:1,#,confirmed,evt(ch32v4x7.h)+rm-address(CH32V407RM.PDF)
CH32V407,CAN,sFilterRegister[3].FR1,0x258,32,1,,X,ok:1,#,confirmed,evt(ch32v4x7.h)+rm-address(CH32V407RM.PDF)
CH32V407,CAN,sFilterRegister[3].FR2,0x25c,32,1,,X,ok:1,#,confirmed,evt(ch32v4x7.h)+rm-address(CH32V407RM.PDF)
CH32V407,CAN,sFilterRegister[4].FR1,0x260,32,1,,X,ok:1,#,confirmed,evt(ch32v4x7.h)+rm-address(CH32V407RM.PDF)
CH32V407,CAN,sFilterRegister[4].FR2,0x264,32,1,,X,ok:1,#,confirmed,evt(ch32v4x7.h)+rm-address(CH32V407RM.PDF)
CH32V407,CAN,sFilterRegister[5].FR1,0x268,32,1,,X,ok:1,#,confirmed,evt(ch32v4x7.h)+rm-address(CH32V407RM.PDF)
CH32V407,CAN,sFilterRegister[5].FR2,0x26c,32,1,,X,ok:1,#,confirmed,evt(ch32v4x7.h)+rm-address(CH32V407RM.PDF)
CH32V407,CAN,sFilterRegister[6].FR1,0x270,32,1,,X,ok:1,#,confirmed,evt(ch32v4x7.h)+rm-address(CH32V407RM.PDF)
CH32V407,CAN,sFilterRegister[6].FR2,0x274,32,1,,X,ok:1,#,confirmed,evt(ch32v4x7.h)+rm-address(CH32V407RM.PDF)
CH32V407,CAN,sFilterRegister[7].FR1,0x278,32,1,,X,ok:1,#,confirmed,evt(ch32v4x7.h)+rm-address(CH32V407RM.PDF)
CH32V407,CAN,sFilterRegister[7].FR2,0x27c,32,1,,X,ok:1,#,confirmed,evt(ch32v4x7.h)+rm-address(CH32V407RM.PDF)
CH32V407,CAN,sFilterRegister[8].FR1,0x280,32,1,,X,ok:1,#,confirmed,evt(ch32v4x7.h)+rm-address(CH32V407RM.PDF)
CH32V407,CAN,sFilterRegister[8].FR2,0x284,32,1,,X,ok:1,#,confirmed,evt(ch32v4x7.h)+rm-address(CH32V407RM.PDF)
CH32V407,CAN,sFilterRegister[9].FR1,0x288,32,1,,X,ok:1,#,confirmed,evt(ch32v4x7.h)+rm-address(CH32V407RM.PDF)
CH32V407,CAN,sFilterRegister[9].FR2,0x28c,32,1,,X,ok:1,#,confirmed,evt(ch32v4x7.h)+rm-address(CH32V407RM.PDF)
CH32V407,CAN,sFilterRegister[10].FR1,0x290,32,1,,X,ok:1,#,confirmed,evt(ch32v4x7.h)+rm-address(CH32V407RM.PDF)
CH32V407,CAN,sFilterRegister[10].FR2,0x294,32,1,,X,ok:1,#,confirmed,evt(ch32v4x7.h)+rm-address(CH32V407RM.PDF)
CH32V407,CAN,sFilterRegister[11].FR1,0x298,32,1,,X,ok:1,#,confirmed,evt(ch32v4x7.h)+rm-address(CH32V407RM.PDF)
CH32V407,CAN,sFilterRegister[11].FR2,0x29c,32,1,,X,ok:1,#,confirmed,evt(ch32v4x7.h)+rm-address(CH32V407RM.PDF)
CH32V407,CAN,sFilterRegister[12].FR1,0x2a0,32,1,,X,ok:1,#,confirmed,evt(ch32v4x7.h)+rm-address(CH32V407RM.PDF)
CH32V407,CAN,sFilterRegister[12].FR2,0x2a4,32,1,,X,ok:1,#,confirmed,evt(ch32v4x7.h)+rm-address(CH32V407RM.PDF)
CH32V407,CAN,sFilterRegister[13].FR1,0x2a8,32,1,,X,ok:1,#,confirmed,evt(ch32v4x7.h)+rm-address(CH32V407RM.PDF)
CH32V407,CAN,sFilterRegister[13].FR2,0x2ac,32,1,,X,ok:1,#,confirmed,evt(ch32v4x7.h)+rm-address(CH32V407RM.PDF)
CH32V407,CAN_FIFOMailBox,RXMIR,0x000,32,1,,,,#,reference,evt(ch32v4x7.h)
CH32V407,CAN_FIFOMailBox,RXMDTR,0x004,32,1,,,,#,reference,evt(ch32v4x7.h)
CH32V407,CAN_FIFOMailBox,RXMDLR,0x008,32,1,,,,#,reference,evt(ch32v4x7.h)
CH32V407,CAN_FIFOMailBox,RXMDHR,0x00c,32,1,,,,#,reference,evt(ch32v4x7.h)
CH32V407,CAN_FilterRegister,FR1,0x000,32,1,,,,#,reference,evt(ch32v4x7.h)
CH32V407,CAN_FilterRegister,FR2,0x004,32,1,,,,#,reference,evt(ch32v4x7.h)
CH32V407,CAN_TxMailBox,TXMIR,0x000,32,1,,,,#,reference,evt(ch32v4x7.h)
CH32V407,CAN_TxMailBox,TXMDTR,0x004,32,1,,,,#,reference,evt(ch32v4x7.h)
CH32V407,CAN_TxMailBox,TXMDLR,0x008,32,1,,,,#,reference,evt(ch32v4x7.h)
CH32V407,CAN_TxMailBox,TXMDHR,0x00c,32,1,,,,#,reference,evt(ch32v4x7.h)
CH32V407,CRC,DATAR,0x000,32,1,CRC_DATAR,0xFFFFFFFF,ok:1,#,confirmed,evt(ch32v4x7.h)+rm(CH32V407RM.PDF)+rm-address(CH32V407RM.PDF)
CH32V407,CRC,IDATAR,0x004,8,1,CRC_IDATAR,0x00,ok:1,#,confirmed,evt(ch32v4x7.h)+rm(CH32V407RM.PDF)+rm-address(CH32V407RM.PDF)
CH32V407,CRC,CTLR,0x008,32,1,CRC_CTLR,0x00000000,ok:1,#,confirmed,evt(ch32v4x7.h)+rm(CH32V407RM.PDF)+rm-address(CH32V407RM.PDF)
CH32V407,DAC,CTLR,0x000,32,1,DAC_CTLR,0x00000000,ok:1,#,confirmed,evt(ch32v4x7.h)+rm(CH32V407RM.PDF)+rm-address(CH32V407RM.PDF)
CH32V407,DAC,SWTR,0x004,32,1,DAC_SWTR,0x00000000,ok:1,#,confirmed,evt(ch32v4x7.h)+rm(CH32V407RM.PDF)+rm-address(CH32V407RM.PDF)
CH32V407,DAC,R12BDHR1,0x008,32,1,DAC_R12BDHR1,0x00000000,ok:1,#,confirmed,evt(ch32v4x7.h)+rm(CH32V407RM.PDF)+rm-address(CH32V407RM.PDF)
CH32V407,DAC,L12BDHR1,0x00c,32,1,DAC_L12BDHR1,0x00000000,ok:1,#,confirmed,evt(ch32v4x7.h)+rm(CH32V407RM.PDF)+rm-address(CH32V407RM.PDF)
CH32V407,DAC,R8BDHR1,0x010,32,1,DAC_R8BDHR1,0x00000000,ok:1,#,confirmed,evt(ch32v4x7.h)+rm(CH32V407RM.PDF)+rm-address(CH32V407RM.PDF)
CH32V407,DAC,R12BDHR2,0x014,32,1,DAC_R12BDHR2,0x00000000,ok:1,#,confirmed,evt(ch32v4x7.h)+rm(CH32V407RM.PDF)+rm-address(CH32V407RM.PDF)
CH32V407,DAC,L12BDHR2,0x018,32,1,DAC_L12BDHR2,0x00000000,ok:1,#,confirmed,evt(ch32v4x7.h)+rm(CH32V407RM.PDF)+rm-address(CH32V407RM.PDF)
CH32V407,DAC,R8BDHR2,0x01c,32,1,DAC_R8BDHR2,0x00000000,ok:1,#,confirmed,evt(ch32v4x7.h)+rm(CH32V407RM.PDF)+rm-address(CH32V407RM.PDF)
CH32V407,DAC,RD12BDHR,0x020,32,1,DAC_RD12BDHR,0x00000000,ok:1,#,confirmed,evt(ch32v4x7.h)+rm(CH32V407RM.PDF)+rm-address(CH32V407RM.PDF)
CH32V407,DAC,LD12BDHR,0x024,32,1,DAC_LD12BDHR,0x00000000,ok:1,#,confirmed,evt(ch32v4x7.h)+rm(CH32V407RM.PDF)+rm-address(CH32V407RM.PDF)
CH32V407,DAC,RD8BDHR,0x028,32,1,DAC_RD8BDHR,0x00000000,ok:1,#,confirmed,evt(ch32v4x7.h)+rm(CH32V407RM.PDF)+rm-address(CH32V407RM.PDF)
CH32V407,DAC,DOR1,0x02c,32,1,DAC_DOR1,0x00000000,ok:1,#,confirmed,evt(ch32v4x7.h)+rm(CH32V407RM.PDF)+rm-address(CH32V407RM.PDF)
CH32V407,DAC,DOR2,0x030,32,1,DAC_DOR2,0x00000000,ok:1,#,confirmed,evt(ch32v4x7.h)+rm(CH32V407RM.PDF)+rm-address(CH32V407RM.PDF)
CH32V407,DMA,INTFR,0x000,32,1,,0x00000000,ok:2,#,confirmed,evt(ch32v4x7.h)+rm-address(CH32V407RM.PDF)
CH32V407,DMA,INTFCR,0x004,32,1,,0x00000000,ok:2,#,confirmed,evt(ch32v4x7.h)+rm-address(CH32V407RM.PDF)
CH32V407,DMA_Channel,CFGR,0x000,32,1,,0x00000000,ok:24,#,confirmed,evt(ch32v4x7.h)+rm-address(CH32V407RM.PDF)
CH32V407,DMA_Channel,CNTR,0x004,32,1,,0x00000000,ok:24,#,confirmed,evt(ch32v4x7.h)+rm-address(CH32V407RM.PDF)
CH32V407,DMA_Channel,PADDR,0x008,32,1,,0x00000000,ok:24,#,confirmed,evt(ch32v4x7.h)+rm-address(CH32V407RM.PDF)
CH32V407,DMA_Channel,MADDR,0x00c,32,1,,0x00000000,ok:24,#,confirmed,evt(ch32v4x7.h)+rm-address(CH32V407RM.PDF)
CH32V407,DVP,CR0,0x000,8,1,,0x00,ok:1,#,confirmed,evt(ch32v4x7.h)+rm-address(CH32V407RM.PDF)
CH32V407,DVP,CR1,0x001,8,1,,0x06,ok:1,#,confirmed,evt(ch32v4x7.h)+rm-address(CH32V407RM.PDF)
CH32V407,DVP,IER,0x002,8,1,,0x00,ok:1,#,confirmed,evt(ch32v4x7.h)+rm-address(CH32V407RM.PDF)
CH32V407,DVP,ROW_NUM,0x004,16,1,,0x0000,ok:1,#,confirmed,evt(ch32v4x7.h)+rm-address(CH32V407RM.PDF)
CH32V407,DVP,COL_NUM,0x006,16,1,,0x0000,ok:1,#,confirmed,evt(ch32v4x7.h)+rm-address(CH32V407RM.PDF)
CH32V407,DVP,DMA_BUF0,0x008,32,1,,0x00000000,ok:1,#,confirmed,evt(ch32v4x7.h)+rm-address(CH32V407RM.PDF)
CH32V407,DVP,DMA_BUF1,0x00c,32,1,,0x00000000,ok:1,#,confirmed,evt(ch32v4x7.h)+rm-address(CH32V407RM.PDF)
CH32V407,DVP,IFR,0x010,8,1,,0x00,ok:1,#,confirmed,evt(ch32v4x7.h)+rm-address(CH32V407RM.PDF)
CH32V407,DVP,STATUS,0x011,8,1,,0x00,ok:1,#,confirmed,evt(ch32v4x7.h)+rm-address(CH32V407RM.PDF)
CH32V407,DVP,ROW_CNT,0x014,16,1,,0x0000,ok:1,#,confirmed,evt(ch32v4x7.h)+rm-address(CH32V407RM.PDF)
CH32V407,DVP,HOFFCNT,0x018,16,1,,0x0000,ok:1,#,confirmed,evt(ch32v4x7.h)+rm-address(CH32V407RM.PDF)
CH32V407,DVP,VST,0x01a,16,1,,0x0000,ok:1,#,confirmed,evt(ch32v4x7.h)+rm-address(CH32V407RM.PDF)
CH32V407,DVP,CAPCNT,0x01c,16,1,,0x0000,ok:1,#,confirmed,evt(ch32v4x7.h)+rm-address(CH32V407RM.PDF)
CH32V407,DVP,VLINE,0x01e,16,1,,0x0000,ok:1,#,confirmed,evt(ch32v4x7.h)+rm-address(CH32V407RM.PDF)
CH32V407,DVP,DR,0x020,32,1,,0x00000000,ok:1,#,confirmed,evt(ch32v4x7.h)+rm-address(CH32V407RM.PDF)
CH32V407,ETH,MACCR,0x000,32,1,,0x00000000,ok:1,#,confirmed,evt(ch32v4x7.h)+rm-address(CH32V407RM.PDF)
CH32V407,ETH,MACFFR,0x004,32,1,,0x00000000,ok:1,#,confirmed,evt(ch32v4x7.h)+rm-address(CH32V407RM.PDF)
CH32V407,ETH,MACHTHR,0x008,32,1,,0x00000000,ok:1,#,confirmed,evt(ch32v4x7.h)+rm-address(CH32V407RM.PDF)
CH32V407,ETH,MACHTLR,0x00c,32,1,,0x00000000,ok:1,#,confirmed,evt(ch32v4x7.h)+rm-address(CH32V407RM.PDF)
CH32V407,ETH,MACMIIAR,0x010,32,1,,0x00000000,ok:1,#,confirmed,evt(ch32v4x7.h)+rm-address(CH32V407RM.PDF)
CH32V407,ETH,MACMIIDR,0x014,32,1,,0x00000000,ok:1,#,confirmed,evt(ch32v4x7.h)+rm-address(CH32V407RM.PDF)
CH32V407,ETH,MACFCR,0x018,32,1,,0x00000000,ok:1,#,confirmed,evt(ch32v4x7.h)+rm-address(CH32V407RM.PDF)
CH32V407,ETH,MACVLANTR,0x01c,32,1,,,,#,reference,evt(ch32v4x7.h)
CH32V407,ETH,MACRWUFFR,0x028,32,1,,0x00000000,ok:1,#,confirmed,evt(ch32v4x7.h)+rm-address(CH32V407RM.PDF)
CH32V407,ETH,MACPMTCSR,0x02c,32,1,,0x00000000,ok:1,#,confirmed,evt(ch32v4x7.h)+rm-address(CH32V407RM.PDF)
CH32V407,ETH,MACSR,0x038,32,1,,0x00000000,ok:1,#,confirmed,evt(ch32v4x7.h)+rm-address(CH32V407RM.PDF)
CH32V407,ETH,MACIMR,0x03c,32,1,,0x00000000,ok:1,#,confirmed,evt(ch32v4x7.h)+rm-address(CH32V407RM.PDF)
CH32V407,ETH,MACA0HR,0x040,32,1,,0x8000FFFF,ok:1,#,confirmed,evt(ch32v4x7.h)+rm-address(CH32V407RM.PDF)
CH32V407,ETH,MACA0LR,0x044,32,1,,0xFFFFFFFF,ok:1,#,confirmed,evt(ch32v4x7.h)+rm-address(CH32V407RM.PDF)
CH32V407,ETH,MACA1HR,0x048,32,1,,0x0000FFFF,ok:1,#,confirmed,evt(ch32v4x7.h)+rm-address(CH32V407RM.PDF)
CH32V407,ETH,MACA1LR,0x04c,32,1,,0xFFFFFFFF,ok:1,#,confirmed,evt(ch32v4x7.h)+rm-address(CH32V407RM.PDF)
CH32V407,ETH,MACA2HR,0x050,32,1,,0x0000FFFF,ok:1,#,confirmed,evt(ch32v4x7.h)+rm-address(CH32V407RM.PDF)
CH32V407,ETH,MACA2LR,0x054,32,1,,0xFFFFFFFF,ok:1,#,confirmed,evt(ch32v4x7.h)+rm-address(CH32V407RM.PDF)
CH32V407,ETH,MACA3HR,0x058,32,1,,0x0000FFFF,ok:1,#,confirmed,evt(ch32v4x7.h)+rm-address(CH32V407RM.PDF)
CH32V407,ETH,MACA3LR,0x05c,32,1,,0xFFFFFFFF,ok:1,#,confirmed,evt(ch32v4x7.h)+rm-address(CH32V407RM.PDF)
CH32V407,ETH,PHY_CR,0x080,32,1,,0x40000001,ok:1,#,confirmed,evt(ch32v4x7.h)+rm-address(CH32V407RM.PDF)
CH32V407,ETH,CHKSUM_CR,0x084,32,1,,,,#,reference,evt(ch32v4x7.h)
CH32V407,ETH,IP_PDR,0x088,32,1,,,,#,reference,evt(ch32v4x7.h)
CH32V407,ETH,CHKSUM_HR,0x08c,32,1,,,,#,reference,evt(ch32v4x7.h)
CH32V407,ETH,CHKSUM_PR,0x090,32,1,,,,#,reference,evt(ch32v4x7.h)
CH32V407,ETH,MMCCR,0x100,32,1,,0x00000000,ok:1,#,confirmed,evt(ch32v4x7.h)+rm-address(CH32V407RM.PDF)
CH32V407,ETH,MMCRIR,0x104,32,1,,0x00000000,ok:1,#,confirmed,evt(ch32v4x7.h)+rm-address(CH32V407RM.PDF)
CH32V407,ETH,MMCTIR,0x108,32,1,,0x00000000,ok:1,#,confirmed,evt(ch32v4x7.h)+rm-address(CH32V407RM.PDF)
CH32V407,ETH,MMCRIMR,0x10c,32,1,,0x00000000,ok:1,#,confirmed,evt(ch32v4x7.h)+rm-address(CH32V407RM.PDF)
CH32V407,ETH,MMCTIMR,0x110,32,1,,0x00000000,ok:1,#,confirmed,evt(ch32v4x7.h)+rm-address(CH32V407RM.PDF)
CH32V407,ETH,MMCTGFSCCR,0x14c,32,1,,0x00000000,ok:1,#,confirmed,evt(ch32v4x7.h)+rm-address(CH32V407RM.PDF)
CH32V407,ETH,MMCTGFMSCCR,0x150,32,1,,0x00000000,ok:1,#,confirmed,evt(ch32v4x7.h)+rm-address(CH32V407RM.PDF)
CH32V407,ETH,MMCTGFCR,0x168,32,1,,0x00000000,ok:1,#,confirmed,evt(ch32v4x7.h)+rm-address(CH32V407RM.PDF)
CH32V407,ETH,MMCRFCECR,0x194,32,1,,0x00000000,ok:1,#,confirmed,evt(ch32v4x7.h)+rm-address(CH32V407RM.PDF)
CH32V407,ETH,MMCRFAECR,0x198,32,1,,0x00000000,ok:1,#,confirmed,evt(ch32v4x7.h)+rm-address(CH32V407RM.PDF)
CH32V407,ETH,MMCRAFCR,0x19c,32,1,,,,#,reference,evt(ch32v4x7.h)
CH32V407,ETH,STATE,0x1a0,32,1,,0x00000000,ok:1,#,confirmed,evt(ch32v4x7.h)+rm-address(CH32V407RM.PDF)
CH32V407,ETH,MMCRGUFCR,0x1c4,32,1,,0x00000000,ok:1,#,confirmed,evt(ch32v4x7.h)+rm-address(CH32V407RM.PDF)
CH32V407,ETH,PTPTSCR,0x700,32,1,,0x00000000,ok:1,#,confirmed,evt(ch32v4x7.h)+rm-address(CH32V407RM.PDF)
CH32V407,ETH,PTPSSIR,0x704,32,1,,0x00000000,ok:1,#,confirmed,evt(ch32v4x7.h)+rm-address(CH32V407RM.PDF)
CH32V407,ETH,PTPTSHR,0x708,32,1,,0x00000000,ok:1,#,confirmed,evt(ch32v4x7.h)+rm-address(CH32V407RM.PDF)
CH32V407,ETH,PTPTSLR,0x70c,32,1,,0x00000000,ok:1,#,confirmed,evt(ch32v4x7.h)+rm-address(CH32V407RM.PDF)
CH32V407,ETH,PTPTSHUR,0x710,32,1,,0x00000000,ok:1,#,confirmed,evt(ch32v4x7.h)+rm-address(CH32V407RM.PDF)
CH32V407,ETH,PTPTSLUR,0x714,32,1,,0x00000000,ok:1,#,confirmed,evt(ch32v4x7.h)+rm-address(CH32V407RM.PDF)
CH32V407,ETH,PTPTSAR,0x718,32,1,,0x00000000,ok:1,#,confirmed,evt(ch32v4x7.h)+rm-address(CH32V407RM.PDF)
CH32V407,ETH,PTPTTHR,0x71c,32,1,,0x00000000,ok:1,#,confirmed,evt(ch32v4x7.h)+rm-address(CH32V407RM.PDF)
CH32V407,ETH,PTPTTLR,0x720,32,1,,0x00000000,ok:1,#,confirmed,evt(ch32v4x7.h)+rm-address(CH32V407RM.PDF)
CH32V407,ETH,DMABMR,0x1000,32,1,,0x00000001,ok:1,#,confirmed,evt(ch32v4x7.h)+rm-address(CH32V407RM.PDF)
CH32V407,ETH,DMATPDR,0x1004,32,1,,0x00000000,ok:1,#,confirmed,evt(ch32v4x7.h)+rm-address(CH32V407RM.PDF)
CH32V407,ETH,DMARPDR,0x1008,32,1,,0x00000000,ok:1,#,confirmed,evt(ch32v4x7.h)+rm-address(CH32V407RM.PDF)
CH32V407,ETH,DMARDLAR,0x100c,32,1,,0x00000000,ok:1,#,confirmed,evt(ch32v4x7.h)+rm-address(CH32V407RM.PDF)
CH32V407,ETH,DMATDLAR,0x1010,32,1,,0x00000000,ok:1,#,confirmed,evt(ch32v4x7.h)+rm-address(CH32V407RM.PDF)
CH32V407,ETH,DMASR,0x1014,32,1,,0x00000000,ok:1,#,confirmed,evt(ch32v4x7.h)+rm-address(CH32V407RM.PDF)
CH32V407,ETH,DMAOMR,0x1018,32,1,,0x00000000,ok:1,#,confirmed,evt(ch32v4x7.h)+rm-address(CH32V407RM.PDF)
CH32V407,ETH,DMAIER,0x101c,32,1,,0x00000000,ok:1,#,confirmed,evt(ch32v4x7.h)+rm-address(CH32V407RM.PDF)
CH32V407,ETH,DMAMFBOCR,0x1020,32,1,,0x00000000,ok:1,#,confirmed,evt(ch32v4x7.h)+rm-address(CH32V407RM.PDF)
CH32V407,ETH,DMACHTDR,0x1048,32,1,,0x00000000,ok:1,#,confirmed,evt(ch32v4x7.h)+rm-address(CH32V407RM.PDF)
CH32V407,ETH,DMACHRDR,0x104c,32,1,,0x00000000,ok:1,#,confirmed,evt(ch32v4x7.h)+rm-address(CH32V407RM.PDF)
CH32V407,ETH,DMACHTBAR,0x1050,32,1,,0x00000000,ok:1,#,confirmed,evt(ch32v4x7.h)+rm-address(CH32V407RM.PDF)
CH32V407,ETH,DMACHRBAR,0x1054,32,1,,0x00000000,ok:1,#,confirmed,evt(ch32v4x7.h)+rm-address(CH32V407RM.PDF)
CH32V407,EXTEN,EXTEN_CTR,0x000,32,1,,0x00000440,ok:1,#,confirmed,evt(ch32v4x7.h)+rm-address(CH32V407RM.PDF)
CH32V407,EXTI,INTENR,0x000,32,1,EXTI_INTENR,0x00000000,ok:1,#,confirmed,evt(ch32v4x7.h)+rm(CH32V407RM.PDF)+rm-address(CH32V407RM.PDF)
CH32V407,EXTI,EVENR,0x004,32,1,EXTI_EVENR,0x00000000,ok:1,#,confirmed,evt(ch32v4x7.h)+rm(CH32V407RM.PDF)+rm-address(CH32V407RM.PDF)
CH32V407,EXTI,RTENR,0x008,32,1,EXTI_RTENR,0x00000000,ok:1,#,confirmed,evt(ch32v4x7.h)+rm(CH32V407RM.PDF)+rm-address(CH32V407RM.PDF)
CH32V407,EXTI,FTENR,0x00c,32,1,EXTI_FTENR,0x00000000,ok:1,#,confirmed,evt(ch32v4x7.h)+rm(CH32V407RM.PDF)+rm-address(CH32V407RM.PDF)
CH32V407,EXTI,SWIEVR,0x010,32,1,EXTI_SWIEVR,0x00000000,ok:1,#,confirmed,evt(ch32v4x7.h)+rm(CH32V407RM.PDF)+rm-address(CH32V407RM.PDF)
CH32V407,EXTI,INTFR,0x014,32,1,EXTI_INTFR,0x0000XXXX,ok:1,#,confirmed,evt(ch32v4x7.h)+rm(CH32V407RM.PDF)+rm-address(CH32V407RM.PDF)
CH32V407,FLASH,ACTLR,0x000,32,1,,,,#,reference,evt(ch32v4x7.h)
CH32V407,FLASH,KEYR,0x004,32,1,FLASH_KEYR,0xXXXXXXXX,ok:1,#,confirmed,evt(ch32v4x7.h)+rm(CH32V407RM.PDF)+rm-address(CH32V407RM.PDF)
CH32V407,FLASH,OBKEYR,0x008,32,1,FLASH_OBKEYR,0xXXXXXXXX,ok:1,#,confirmed,evt(ch32v4x7.h)+rm(CH32V407RM.PDF)+rm-address(CH32V407RM.PDF)
CH32V407,FLASH,STATR,0x00c,32,1,FLASH_STATR,0x00000000,ok:1,#,confirmed,evt(ch32v4x7.h)+rm(CH32V407RM.PDF)+rm-address(CH32V407RM.PDF)
CH32V407,FLASH,CTLR,0x010,32,1,FLASH_CTLR,0x02008080,ok:1,#,confirmed,evt(ch32v4x7.h)+rm(CH32V407RM.PDF)+rm-address(CH32V407RM.PDF)
CH32V407,FLASH,ADDR,0x014,32,1,FLASH_ADDR,0x00000000,ok:1,#,confirmed,evt(ch32v4x7.h)+rm(CH32V407RM.PDF)+rm-address(CH32V407RM.PDF)
CH32V407,FLASH,OBR,0x01c,32,1,FLASH_OBR,0xXXXXXXXX,ok:1,#,confirmed,evt(ch32v4x7.h)+rm(CH32V407RM.PDF)+rm-address(CH32V407RM.PDF)
CH32V407,FLASH,WPR,0x020,32,1,FLASH_WPR,0xXXXXXXXX,ok:1,#,confirmed,evt(ch32v4x7.h)+rm(CH32V407RM.PDF)+rm-address(CH32V407RM.PDF)
CH32V407,FLASH,MODEKEYR,0x024,32,1,FLASH_MODEKEYR,0xXXXXXXXX,ok:1,#,confirmed,evt(ch32v4x7.h)+rm(CH32V407RM.PDF)+rm-address(CH32V407RM.PDF)
CH32V407,FSMC_Bank1,BTCR,0x000,32,8,,,,#,reference,evt(ch32v4x7.h)
CH32V407,FSMC_Bank1E,BWTR,0x000,32,7,,,,#,reference,evt(ch32v4x7.h)
CH32V407,FSMC_Bank2,PCR2,0x000,32,1,,,,#,reference,evt(ch32v4x7.h)
CH32V407,FSMC_Bank2,SR2,0x004,32,1,,,,#,reference,evt(ch32v4x7.h)
CH32V407,FSMC_Bank2,PMEM2,0x008,32,1,,,,#,reference,evt(ch32v4x7.h)
CH32V407,FSMC_Bank2,PATT2,0x00c,32,1,,,,#,reference,evt(ch32v4x7.h)
CH32V407,FSMC_Bank2,ECCR2,0x014,32,1,,,,#,reference,evt(ch32v4x7.h)
CH32V407,GPIO,CFGLR,0x000,32,1,,0x44444444,ok:5,#,confirmed,evt(ch32v4x7.h)+rm-address(CH32V407RM.PDF)
CH32V407,GPIO,CFGHR,0x004,32,1,,0x44444444,ok:5,#,confirmed,evt(ch32v4x7.h)+rm-address(CH32V407RM.PDF)
CH32V407,GPIO,INDR,0x008,32,1,GPIOx_INDR,0x0000XXXX,ok:5,#,confirmed,evt(ch32v4x7.h)+rm(CH32V407RM.PDF)+rm-address(CH32V407RM.PDF)
CH32V407,GPIO,OUTDR,0x00c,32,1,GPIOx_OUTDR,0x00000000,ok:5,#,confirmed,evt(ch32v4x7.h)+rm(CH32V407RM.PDF)+rm-address(CH32V407RM.PDF)
CH32V407,GPIO,BSHR,0x010,32,1,GPIOx_BSHR,0x00000000,ok:5,#,confirmed,evt(ch32v4x7.h)+rm(CH32V407RM.PDF)+rm-address(CH32V407RM.PDF)
CH32V407,GPIO,BCR,0x014,32,1,GPIOx_BCR,0x00000000,ok:5,#,confirmed,evt(ch32v4x7.h)+rm(CH32V407RM.PDF)+rm-address(CH32V407RM.PDF)
CH32V407,GPIO,LCKR,0x018,32,1,GPIOx_LCKR,0x00000000,ok:5,#,confirmed,evt(ch32v4x7.h)+rm(CH32V407RM.PDF)+rm-address(CH32V407RM.PDF)
CH32V407,I2C,CTLR1,0x000,16,1,I2C_CTLR1,0x0000,ok:1,#,confirmed,evt(ch32v4x7.h)+rm(CH32V407RM.PDF)+rm-address(CH32V407RM.PDF)
CH32V407,I2C,CTLR2,0x004,16,1,I2C_CTLR2,0x0000,ok:1,#,confirmed,evt(ch32v4x7.h)+rm(CH32V407RM.PDF)+rm-address(CH32V407RM.PDF)
CH32V407,I2C,OADDR1,0x008,16,1,I2C_OADDR1,0x0000,ok:1,#,confirmed,evt(ch32v4x7.h)+rm(CH32V407RM.PDF)+rm-address(CH32V407RM.PDF)
CH32V407,I2C,OADDR2,0x00c,16,1,I2C_OADDR2,0x0000,ok:1,#,confirmed,evt(ch32v4x7.h)+rm(CH32V407RM.PDF)+rm-address(CH32V407RM.PDF)
CH32V407,I2C,DATAR,0x010,16,1,I2C_DATAR,0x0000,ok:1,#,confirmed,evt(ch32v4x7.h)+rm(CH32V407RM.PDF)+rm-address(CH32V407RM.PDF)
CH32V407,I2C,STAR1,0x014,16,1,I2C_STAR1,0x0000,ok:1,#,confirmed,evt(ch32v4x7.h)+rm(CH32V407RM.PDF)+rm-address(CH32V407RM.PDF)
CH32V407,I2C,STAR2,0x018,16,1,I2C_STAR2,0x0000,ok:1,#,confirmed,evt(ch32v4x7.h)+rm(CH32V407RM.PDF)+rm-address(CH32V407RM.PDF)
CH32V407,I2C,CKCFGR,0x01c,16,1,I2C_CKCFGR,0x0000,ok:1,#,confirmed,evt(ch32v4x7.h)+rm(CH32V407RM.PDF)+rm-address(CH32V407RM.PDF)
CH32V407,I2C,RTR,0x020,16,1,I2C_RTR,0x0002,ok:1,#,confirmed,evt(ch32v4x7.h)+rm(CH32V407RM.PDF)+rm-address(CH32V407RM.PDF)
CH32V407,I3C,CTLR,0x000,32,1,,0x00000000,ok:1,#,confirmed,evt(ch32v4x7.h)+rm-address(CH32V407RM.PDF)
CH32V407,I3C,CFGR,0x004,32,1,,0x00000040,ok:1,#,confirmed,evt(ch32v4x7.h)+rm-address(CH32V407RM.PDF)
CH32V407,I3C,RDBR,0x010,32,1,,,,#,reference,evt(ch32v4x7.h)
CH32V407,I3C,TDBR,0x018,32,1,,,,#,reference,evt(ch32v4x7.h)
CH32V407,I3C,IBIDR,0x020,32,1,,0x00000000,ok:1,#,confirmed,evt(ch32v4x7.h)+rm-address(CH32V407RM.PDF)
CH32V407,I3C,RESET,0x02c,32,1,,0x03000000,ok:1,#,confirmed,evt(ch32v4x7.h)+rm-address(CH32V407RM.PDF)
CH32V407,I3C,STATR,0x030,32,1,,0x00000000,ok:1,#,confirmed,evt(ch32v4x7.h)+rm-address(CH32V407RM.PDF)
CH32V407,I3C,STATER,0x034,32,1,,0x00000000,ok:1,#,confirmed,evt(ch32v4x7.h)+rm-address(CH32V407RM.PDF)
CH32V407,I3C,RMR,0x040,32,1,,0x00000000,ok:1,#,confirmed,evt(ch32v4x7.h)+rm-address(CH32V407RM.PDF)
CH32V407,I3C,EVR,0x050,32,1,,0x00000003,ok:1,#,confirmed,evt(ch32v4x7.h)+rm-address(CH32V407RM.PDF)
CH32V407,I3C,INTENR,0x054,32,1,,0x00000000,ok:1,#,confirmed,evt(ch32v4x7.h)+rm-address(CH32V407RM.PDF)
CH32V407,I3C,CEVR,0x058,32,1,,0x00000000,ok:1,#,confirmed,evt(ch32v4x7.h)+rm-address(CH32V407RM.PDF)
CH32V407,I3C,DEVR0,0x060,32,1,,0x00000000,ok:1,#,confirmed,evt(ch32v4x7.h)+rm-address(CH32V407RM.PDF)
CH32V407,I3C,DEVR1,0x064,32,1,,0x00000000,ok:1,#,confirmed,evt(ch32v4x7.h)+rm-address(CH32V407RM.PDF)
CH32V407,I3C,DEVR2,0x068,32,1,,0x00000000,ok:1,#,confirmed,evt(ch32v4x7.h)+rm-address(CH32V407RM.PDF)
CH32V407,I3C,DEVR3,0x06c,32,1,,0x00000000,ok:1,#,confirmed,evt(ch32v4x7.h)+rm-address(CH32V407RM.PDF)
CH32V407,I3C,DEVR4,0x070,32,1,,0x00000000,ok:1,#,confirmed,evt(ch32v4x7.h)+rm-address(CH32V407RM.PDF)
CH32V407,I3C,TIMINGR0,0x0a0,32,1,,0x00000000,ok:1,#,confirmed,evt(ch32v4x7.h)+rm-address(CH32V407RM.PDF)
CH32V407,I3C,TIMINGR1,0x0a4,32,1,,0x00000000,ok:1,#,confirmed,evt(ch32v4x7.h)+rm-address(CH32V407RM.PDF)
CH32V407,I3C,TIMINGR2,0x0a8,32,1,,0x00000000,ok:1,#,confirmed,evt(ch32v4x7.h)+rm-address(CH32V407RM.PDF)
CH32V407,I3C,GETMDSR,0x0d0,32,1,,0x00000000,ok:1,#,confirmed,evt(ch32v4x7.h)+rm-address(CH32V407RM.PDF)
CH32V407,IWDG,CTLR,0x000,32,1,IWDG_CTLR,0x0000,ok:1,#,confirmed,evt(ch32v4x7.h)+rm(CH32V407RM.PDF)+rm-address(CH32V407RM.PDF)
CH32V407,IWDG,PSCR,0x004,32,1,IWDG_PSCR,0x0000,ok:1,#,confirmed,evt(ch32v4x7.h)+rm(CH32V407RM.PDF)+rm-address(CH32V407RM.PDF)
CH32V407,IWDG,RLDR,0x008,32,1,IWDG_RLDR,0x0FFF,ok:1,#,confirmed,evt(ch32v4x7.h)+rm(CH32V407RM.PDF)+rm-address(CH32V407RM.PDF)
CH32V407,IWDG,STATR,0x00c,32,1,IWDG_STATR,0x0000,ok:1,#,confirmed,evt(ch32v4x7.h)+rm(CH32V407RM.PDF)+rm-address(CH32V407RM.PDF)
CH32V407,LTDC,SSCR,0x000,32,1,,0x00000000,ok:1,#,confirmed,evt(ch32v4x7.h)+rm-address(CH32V407RM.PDF)
CH32V407,LTDC,BPCR,0x004,32,1,,0x00000000,ok:1,#,confirmed,evt(ch32v4x7.h)+rm-address(CH32V407RM.PDF)
CH32V407,LTDC,AWCR,0x008,32,1,,0x00000000,ok:1,#,confirmed,evt(ch32v4x7.h)+rm-address(CH32V407RM.PDF)
CH32V407,LTDC,TWCR,0x00c,32,1,,0x00000000,ok:1,#,confirmed,evt(ch32v4x7.h)+rm-address(CH32V407RM.PDF)
CH32V407,LTDC,GCR,0x010,32,1,,0x00002220,ok:1,#,confirmed,evt(ch32v4x7.h)+rm-address(CH32V407RM.PDF)
CH32V407,LTDC,SRCR,0x014,32,1,,0x00000000,ok:1,#,confirmed,evt(ch32v4x7.h)+rm-address(CH32V407RM.PDF)
CH32V407,LTDC,BCCR,0x018,32,1,,0x00000000,ok:1,#,confirmed,evt(ch32v4x7.h)+rm-address(CH32V407RM.PDF)
CH32V407,LTDC,IER,0x01c,32,1,,0x00000000,ok:1,#,confirmed,evt(ch32v4x7.h)+rm-address(CH32V407RM.PDF)
CH32V407,LTDC,ISR,0x020,32,1,,0x00000000,ok:1,#,confirmed,evt(ch32v4x7.h)+rm-address(CH32V407RM.PDF)
CH32V407,LTDC,ICR,0x024,32,1,,0x00000000,ok:1,#,confirmed,evt(ch32v4x7.h)+rm-address(CH32V407RM.PDF)
CH32V407,LTDC,LIPCR,0x028,32,1,,0x00000000,ok:1,#,confirmed,evt(ch32v4x7.h)+rm-address(CH32V407RM.PDF)
CH32V407,LTDC,CPSR,0x02c,32,1,,0x00000000,ok:1,#,confirmed,evt(ch32v4x7.h)+rm-address(CH32V407RM.PDF)
CH32V407,LTDC,CDSR,0x030,32,1,,0x0000000F,ok:1,#,confirmed,evt(ch32v4x7.h)+rm-address(CH32V407RM.PDF)
CH32V407,LTDC_Layer,CR,0x000,32,1,,,,#,reference,evt(ch32v4x7.h)
CH32V407,LTDC_Layer,WHPCR,0x004,32,1,,,,#,reference,evt(ch32v4x7.h)
CH32V407,LTDC_Layer,WVPCR,0x008,32,1,,,,#,reference,evt(ch32v4x7.h)
CH32V407,LTDC_Layer,CKCR,0x00c,32,1,,,,#,reference,evt(ch32v4x7.h)
CH32V407,LTDC_Layer,PFCR,0x010,32,1,,,,#,reference,evt(ch32v4x7.h)
CH32V407,LTDC_Layer,DCCR,0x018,32,1,,,,#,reference,evt(ch32v4x7.h)
CH32V407,LTDC_Layer,CFBAR,0x020,32,1,,,,#,reference,evt(ch32v4x7.h)
CH32V407,LTDC_Layer,CFBLR,0x024,32,1,,,,#,reference,evt(ch32v4x7.h)
CH32V407,LTDC_Layer,CFBLNR,0x028,32,1,,,,#,reference,evt(ch32v4x7.h)
CH32V407,LTDC_Layer,CLUTWR,0x02c,32,1,,,,#,reference,evt(ch32v4x7.h)
CH32V407,OB,RDPR,0x000,16,1,,,,#,reference,evt(ch32v4x7.h)
CH32V407,OB,USER,0x002,16,1,,,,#,reference,evt(ch32v4x7.h)
CH32V407,OB,Data0,0x004,16,1,,,,#,reference,evt(ch32v4x7.h)
CH32V407,OB,Data1,0x006,16,1,,,,#,reference,evt(ch32v4x7.h)
CH32V407,OB,WRPR0,0x008,16,1,,,,#,reference,evt(ch32v4x7.h)
CH32V407,OB,WRPR1,0x00a,16,1,,,,#,reference,evt(ch32v4x7.h)
CH32V407,OB,WRPR2,0x00c,16,1,,,,#,reference,evt(ch32v4x7.h)
CH32V407,OB,WRPR3,0x00e,16,1,,,,#,reference,evt(ch32v4x7.h)
CH32V407,OPA,CR,0x000,32,1,,,,#,reference,evt(ch32v4x7.h)
CH32V407,PSRAM,CTLR,0x000,32,1,,0x00000300,ok:1,#,confirmed,evt(ch32v4x7.h)+rm-address(CH32V407RM.PDF)
CH32V407,PSRAM,TIMING,0x004,32,1,,0x070C0014,ok:1,#,confirmed,evt(ch32v4x7.h)+rm-address(CH32V407RM.PDF)
CH32V407,PSRAM,DATA,0x008,32,1,,0x00000000,ok:1,#,confirmed,evt(ch32v4x7.h)+rm-address(CH32V407RM.PDF)
CH32V407,PSRAM,ADDR,0x00c,32,1,,0x00000000,ok:1,#,confirmed,evt(ch32v4x7.h)+rm-address(CH32V407RM.PDF)
CH32V407,PSRAM,CMD0_CFG,0x010,32,1,,0xA0208000,ok:1,#,confirmed,evt(ch32v4x7.h)+rm-address(CH32V407RM.PDF)
CH32V407,PSRAM,CMD1_CFG,0x014,32,1,,0xB0FFC040,ok:1,#,confirmed,evt(ch32v4x7.h)+rm-address(CH32V407RM.PDF)
CH32V407,PSRAM,DMACR,0x018,32,1,,0x00000000,ok:1,#,confirmed,evt(ch32v4x7.h)+rm-address(CH32V407RM.PDF)
CH32V407,PSRAM,DATA_NUM,0x01c,32,1,,0x00000000,ok:1,#,confirmed,evt(ch32v4x7.h)+rm-address(CH32V407RM.PDF)
CH32V407,PSRAM,DMA_MEM_ADDR,0x020,32,1,,,,#,reference,evt(ch32v4x7.h)
CH32V407,PSRAM,DMA_PSRAM_ADDR,0x024,32,1,,,,#,reference,evt(ch32v4x7.h)
CH32V407,PSRAM,ISR,0x028,32,1,,0x00000000,ok:1,#,confirmed,evt(ch32v4x7.h)+rm-address(CH32V407RM.PDF)
CH32V407,PSRAM,IER,0x02c,32,1,,0x00000000,ok:1,#,confirmed,evt(ch32v4x7.h)+rm-address(CH32V407RM.PDF)
CH32V407,PSRAM,STATUS,0x030,32,1,,0x00000000,ok:1,#,confirmed,evt(ch32v4x7.h)+rm-address(CH32V407RM.PDF)
CH32V407,PSRAM,CECFG,0x034,32,1,,0x000004B0,ok:1,#,confirmed,evt(ch32v4x7.h)+rm-address(CH32V407RM.PDF)
CH32V407,PSRAM,LATENCY,0x038,32,1,,0x00050505,ok:1,#,confirmed,evt(ch32v4x7.h)+rm-address(CH32V407RM.PDF)
CH32V407,PWR,CTLR,0x000,32,1,PWR_CTLR,0x1B000200,ok:1,#,confirmed,evt(ch32v4x7.h)+rm(CH32V407RM.PDF)+rm-address(CH32V407RM.PDF)
CH32V407,PWR,CSR,0x004,32,1,PWR_CSR,0x00000000,ok:1,#,confirmed,evt(ch32v4x7.h)+rm(CH32V407RM.PDF)+rm-address(CH32V407RM.PDF)
CH32V407,RCC,CTLR,0x000,32,1,RCC_CTLR,0x0000xx83,ok:1,#,confirmed,evt(ch32v4x7.h)+rm(CH32V407RM.PDF)+rm-address(CH32V407RM.PDF)
CH32V407,RCC,CFGR0,0x004,32,1,RCC_CFGR0,0x20000000,ok:1,#,confirmed,evt(ch32v4x7.h)+rm(CH32V407RM.PDF)+rm-address(CH32V407RM.PDF)
CH32V407,RCC,INTR,0x008,32,1,RCC_INTR,0x00000000,ok:1,#,confirmed,evt(ch32v4x7.h)+rm(CH32V407RM.PDF)+rm-address(CH32V407RM.PDF)
CH32V407,RCC,PB2PRSTR,0x00c,32,1,RCC_PB2PRSTR,0x00000000,ok:1,#,confirmed,evt(ch32v4x7.h)+rm(CH32V407RM.PDF)+rm-address(CH32V407RM.PDF)
CH32V407,RCC,PB1PRSTR,0x010,32,1,RCC_PB1PRSTR,0x00000000,ok:1,#,confirmed,evt(ch32v4x7.h)+rm(CH32V407RM.PDF)+rm-address(CH32V407RM.PDF)
CH32V407,RCC,HBPCENR,0x014,32,1,RCC_HBPCENR,0x00000004,ok:1,#,confirmed,evt(ch32v4x7.h)+rm(CH32V407RM.PDF)+rm-address(CH32V407RM.PDF)
CH32V407,RCC,PB2PCENR,0x018,32,1,RCC_PB2PCENR,0x00000000,ok:1,#,confirmed,evt(ch32v4x7.h)+rm(CH32V407RM.PDF)+rm-address(CH32V407RM.PDF)
CH32V407,RCC,PB1PCENR,0x01c,32,1,RCC_PB1PCENR,0x00000000,ok:1,#,confirmed,evt(ch32v4x7.h)+rm(CH32V407RM.PDF)+rm-address(CH32V407RM.PDF)
CH32V407,RCC,BDCTLR,0x020,32,1,RCC_BDCTLR,0x00000000,ok:1,#,confirmed,evt(ch32v4x7.h)+rm(CH32V407RM.PDF)+rm-address(CH32V407RM.PDF)
CH32V407,RCC,RSTSCKR,0x024,32,1,RCC_RSTSCKR,0x0C000000,ok:1,#,confirmed,evt(ch32v4x7.h)+rm(CH32V407RM.PDF)+rm-address(CH32V407RM.PDF)
CH32V407,RCC,HBRSTR,0x028,32,1,RCC_HBRSTR,0x00000000,ok:1,#,confirmed,evt(ch32v4x7.h)+rm(CH32V407RM.PDF)+rm-address(CH32V407RM.PDF)
CH32V407,RCC,CFGR2,0x02c,32,1,RCC_CFGR2,0x00000000,ok:1,#,confirmed,evt(ch32v4x7.h)+rm(CH32V407RM.PDF)+rm-address(CH32V407RM.PDF)
CH32V407,RCC,CFGR3,0x030,32,1,RCC_CFGR3,0x00000000,ok:1,#,confirmed,evt(ch32v4x7.h)+rm(CH32V407RM.PDF)+rm-address(CH32V407RM.PDF)
CH32V407,RNG,CR,0x000,32,1,RNG_CR,0x00000000,ok:1,#,confirmed,evt(ch32v4x7.h)+rm(CH32V407RM.PDF)+rm-address(CH32V407RM.PDF)
CH32V407,RNG,SR,0x004,32,1,RNG_SR,0x00000000,ok:1,#,confirmed,evt(ch32v4x7.h)+rm(CH32V407RM.PDF)+rm-address(CH32V407RM.PDF)
CH32V407,RNG,DR,0x008,32,1,RNG_DR,0x00000000,ok:1,#,confirmed,evt(ch32v4x7.h)+rm(CH32V407RM.PDF)+rm-address(CH32V407RM.PDF)
CH32V407,RTC,CTLRH,0x000,16,1,RTC_CTLRH,0x0000,ok:1,#,confirmed,evt(ch32v4x7.h)+rm(CH32V407RM.PDF)+rm-address(CH32V407RM.PDF)
CH32V407,RTC,CTLRL,0x004,16,1,RTC_CTLRL,0x0020,ok:1,#,confirmed,evt(ch32v4x7.h)+rm(CH32V407RM.PDF)+rm-address(CH32V407RM.PDF)
CH32V407,RTC,PSCRH,0x008,16,1,RTC_PSCRH,0x000X,ok:1,#,confirmed,evt(ch32v4x7.h)+rm(CH32V407RM.PDF)+rm-address(CH32V407RM.PDF)
CH32V407,RTC,PSCRL,0x00c,16,1,RTC_PSCRL,0xXXXX,ok:1,#,confirmed,evt(ch32v4x7.h)+rm(CH32V407RM.PDF)+rm-address(CH32V407RM.PDF)
CH32V407,RTC,DIVH,0x010,16,1,RTC_DIVH,0x000X,ok:1,#,confirmed,evt(ch32v4x7.h)+rm(CH32V407RM.PDF)+rm-address(CH32V407RM.PDF)
CH32V407,RTC,DIVL,0x014,16,1,RTC_DIVL,0xXXXX,ok:1,#,confirmed,evt(ch32v4x7.h)+rm(CH32V407RM.PDF)+rm-address(CH32V407RM.PDF)
CH32V407,RTC,CNTH,0x018,16,1,RTC_CNTH,0xXXXX,ok:1,#,confirmed,evt(ch32v4x7.h)+rm(CH32V407RM.PDF)+rm-address(CH32V407RM.PDF)
CH32V407,RTC,CNTL,0x01c,16,1,RTC_CNTL,0xXXXX,ok:1,#,confirmed,evt(ch32v4x7.h)+rm(CH32V407RM.PDF)+rm-address(CH32V407RM.PDF)
CH32V407,RTC,ALRMH,0x020,16,1,RTC_ALRMH,0xXXXX,ok:1,#,confirmed,evt(ch32v4x7.h)+rm(CH32V407RM.PDF)+rm-address(CH32V407RM.PDF)
CH32V407,RTC,ALRML,0x024,16,1,RTC_ALRML,0xXXXX,ok:1,#,confirmed,evt(ch32v4x7.h)+rm(CH32V407RM.PDF)+rm-address(CH32V407RM.PDF)
CH32V407,SDIO,POWER,0x000,32,1,,0x00000000,ok:1,#,confirmed,evt(ch32v4x7.h)+rm-address(CH32V407RM.PDF)
CH32V407,SDIO,CLKCR,0x004,32,1,,0x00000000,ok:1,#,confirmed,evt(ch32v4x7.h)+rm-address(CH32V407RM.PDF)
CH32V407,SDIO,ARG,0x008,32,1,,0x00000000,ok:1,#,confirmed,evt(ch32v4x7.h)+rm-address(CH32V407RM.PDF)
CH32V407,SDIO,CMD,0x00c,32,1,,0x00000000,ok:1,#,confirmed,evt(ch32v4x7.h)+rm-address(CH32V407RM.PDF)
CH32V407,SDIO,RESPCMD,0x010,32,1,,0x00000000,ok:1,#,confirmed,evt(ch32v4x7.h)+rm-address(CH32V407RM.PDF)
CH32V407,SDIO,RESP1,0x014,32,1,,,,#,reference,evt(ch32v4x7.h)
CH32V407,SDIO,RESP2,0x018,32,1,,,,#,reference,evt(ch32v4x7.h)
CH32V407,SDIO,RESP3,0x01c,32,1,,,,#,reference,evt(ch32v4x7.h)
CH32V407,SDIO,RESP4,0x020,32,1,,,,#,reference,evt(ch32v4x7.h)
CH32V407,SDIO,DTIMER,0x024,32,1,,0x00000000,ok:1,#,confirmed,evt(ch32v4x7.h)+rm-address(CH32V407RM.PDF)
CH32V407,SDIO,DLEN,0x028,32,1,,0x00000000,ok:1,#,confirmed,evt(ch32v4x7.h)+rm-address(CH32V407RM.PDF)
CH32V407,SDIO,DCTRL,0x02c,32,1,,,,#,reference,evt(ch32v4x7.h)
CH32V407,SDIO,DCOUNT,0x030,32,1,,0x00000000,ok:1,#,confirmed,evt(ch32v4x7.h)+rm-address(CH32V407RM.PDF)
CH32V407,SDIO,STA,0x034,32,1,,0x00000000,ok:1,#,confirmed,evt(ch32v4x7.h)+rm-address(CH32V407RM.PDF)
CH32V407,SDIO,ICR,0x038,32,1,,0x00000000,ok:1,#,confirmed,evt(ch32v4x7.h)+rm-address(CH32V407RM.PDF)
CH32V407,SDIO,MASK,0x03c,32,1,,0x00000000,ok:1,#,confirmed,evt(ch32v4x7.h)+rm-address(CH32V407RM.PDF)
CH32V407,SDIO,FIFOCNT,0x048,32,1,,0x00000000,ok:1,#,confirmed,evt(ch32v4x7.h)+rm-address(CH32V407RM.PDF)
CH32V407,SDIO,DCTRL2,0x060,32,1,,0x00000000,ok:1,#,confirmed,evt(ch32v4x7.h)+rm-address(CH32V407RM.PDF)
CH32V407,SDIO,FIFO,0x080,32,1,,0x00000000,ok:1,#,confirmed,evt(ch32v4x7.h)+rm-address(CH32V407RM.PDF)
CH32V407,SPI,CTLR1,0x000,16,1,SPIx_CTLR1,0x0000,ok:3,#,confirmed,evt(ch32v4x7.h)+rm(CH32V407RM.PDF)+rm-address(CH32V407RM.PDF)
CH32V407,SPI,CTLR2,0x004,16,1,SPIx_CTLR2,0x0000,ok:3,#,confirmed,evt(ch32v4x7.h)+rm(CH32V407RM.PDF)+rm-address(CH32V407RM.PDF)
CH32V407,SPI,STATR,0x008,16,1,SPIx_STATR,0x0002,ok:3,#,confirmed,evt(ch32v4x7.h)+rm(CH32V407RM.PDF)+rm-address(CH32V407RM.PDF)
CH32V407,SPI,DATAR,0x00c,16,1,SPIx_DATAR,0x0000,ok:3,#,confirmed,evt(ch32v4x7.h)+rm(CH32V407RM.PDF)+rm-address(CH32V407RM.PDF)
CH32V407,SPI,CRCR,0x010,16,1,SPIx_CRCR,0x0007,ok:3,#,confirmed,evt(ch32v4x7.h)+rm(CH32V407RM.PDF)+rm-address(CH32V407RM.PDF)
CH32V407,SPI,RCRCR,0x014,16,1,SPIx_RCRCR,0x0000,ok:3,#,confirmed,evt(ch32v4x7.h)+rm(CH32V407RM.PDF)+rm-address(CH32V407RM.PDF)
CH32V407,SPI,TCRCR,0x018,16,1,SPIx_TCRCR,0x0000,ok:3,#,confirmed,evt(ch32v4x7.h)+rm(CH32V407RM.PDF)+rm-address(CH32V407RM.PDF)
CH32V407,SPI,I2SCFGR,0x01c,16,1,,,,#,reference,evt(ch32v4x7.h)
CH32V407,SPI,I2SPR,0x020,16,1,SPIx_I2SPR,0x0000,ok:2,#,confirmed,evt(ch32v4x7.h)+rm(CH32V407RM.PDF)+rm-address(CH32V407RM.PDF)
CH32V407,SPI,HSCR,0x024,16,1,SPIx_HSCR,0x0000,ok:3,#,confirmed,evt(ch32v4x7.h)+rm(CH32V407RM.PDF)+rm-address(CH32V407RM.PDF)
CH32V407,TIM,CTLR1,0x000,16,1,TIMx_CTLR1,0x0000,ok:8,#,confirmed,evt(ch32v4x7.h)+rm(CH32V407RM.PDF)+rm-address(CH32V407RM.PDF)
CH32V407,TIM,CTLR2,0x004,16,1,TIMx_CTLR2,0x0000,ok:8,#,confirmed,evt(ch32v4x7.h)+rm(CH32V407RM.PDF)+rm-address(CH32V407RM.PDF)
CH32V407,TIM,SMCFGR,0x008,16,1,TIMx_SMCFGR,0x0000,ok:6,#,confirmed,evt(ch32v4x7.h)+rm(CH32V407RM.PDF)+rm-address(CH32V407RM.PDF)
CH32V407,TIM,DMAINTENR,0x00c,16,1,TIMx_DMAINTENR,0x0000,ok:8,#,confirmed,evt(ch32v4x7.h)+rm(CH32V407RM.PDF)+rm-address(CH32V407RM.PDF)
CH32V407,TIM,INTFR,0x010,16,1,TIMx_INTFR,0x0000,ok:8,#,confirmed,evt(ch32v4x7.h)+rm(CH32V407RM.PDF)+rm-address(CH32V407RM.PDF)
CH32V407,TIM,SWEVGR,0x014,16,1,TIMx_SWEVGR,0x0000,ok:7,#,confirmed,evt(ch32v4x7.h)+rm(CH32V407RM.PDF)+rm-address(CH32V407RM.PDF)
CH32V407,TIM,CHCTLR1,0x018,16,1,TIMx_CHCTLR1,0x0000,ok:6,#,confirmed,evt(ch32v4x7.h)+rm(CH32V407RM.PDF)+rm-address(CH32V407RM.PDF)
CH32V407,TIM,CHCTLR2,0x01c,16,1,TIMx_CHCTLR2,0x0000,ok:6,#,confirmed,evt(ch32v4x7.h)+rm(CH32V407RM.PDF)+rm-address(CH32V407RM.PDF)
CH32V407,TIM,CCER,0x020,16,1,TIMx_CCER,0x0000,ok:6,#,confirmed,evt(ch32v4x7.h)+rm(CH32V407RM.PDF)+rm-address(CH32V407RM.PDF)
CH32V407,TIM,CNT,0x024,16,1,TIMx_CNT,0x0000,ok:8,#,confirmed,evt(ch32v4x7.h)+rm(CH32V407RM.PDF)+rm-address(CH32V407RM.PDF)
CH32V407,TIM,PSC,0x028,16,1,TIMx_PSC,0x0000,ok:8,#,confirmed,evt(ch32v4x7.h)+rm(CH32V407RM.PDF)+rm-address(CH32V407RM.PDF)
CH32V407,TIM,ATRLR,0x02c,16,1,TIMx_ATRLR,0xFFFF,ok:8,#,confirmed,evt(ch32v4x7.h)+rm(CH32V407RM.PDF)+rm-address(CH32V407RM.PDF)
CH32V407,TIM,RPTCR,0x030,16,1,TIMx_RPTCR,0x0000,ok:2,#,confirmed,evt(ch32v4x7.h)+rm(CH32V407RM.PDF)+rm-address(CH32V407RM.PDF)
CH32V407,TIM,CH1CVR,0x034,16,1,TIMx_CH1CVR,0x0000,ok:6,#,confirmed,evt(ch32v4x7.h)+rm(CH32V407RM.PDF)+rm-address(CH32V407RM.PDF)
CH32V407,TIM,CH2CVR,0x038,16,1,TIMx_CH2CVR,0x0000,ok:6,#,confirmed,evt(ch32v4x7.h)+rm(CH32V407RM.PDF)+rm-address(CH32V407RM.PDF)
CH32V407,TIM,CH3CVR,0x03c,16,1,TIMx_CH3CVR,0x0000,ok:6,#,confirmed,evt(ch32v4x7.h)+rm(CH32V407RM.PDF)+rm-address(CH32V407RM.PDF)
CH32V407,TIM,CH4CVR,0x040,16,1,TIMx_CH4CVR,0x0000,ok:6,#,confirmed,evt(ch32v4x7.h)+rm(CH32V407RM.PDF)+rm-address(CH32V407RM.PDF)
CH32V407,TIM,BDTR,0x044,16,1,TIMx_BDTR,0x0000,ok:2,#,confirmed,evt(ch32v4x7.h)+rm(CH32V407RM.PDF)+rm-address(CH32V407RM.PDF)
CH32V407,TIM,DMACFGR,0x048,16,1,TIMx_DMACFGR,0x0000,ok:6,#,confirmed,evt(ch32v4x7.h)+rm(CH32V407RM.PDF)+rm-address(CH32V407RM.PDF)
CH32V407,TIM,DMAADR,0x04c,16,1,TIMx_DMAADR,0x0000,ok:6,#,confirmed,evt(ch32v4x7.h)+rm(CH32V407RM.PDF)+rm-address(CH32V407RM.PDF)
CH32V407,TIM,AUX,0x050,16,1,TIMx_AUX,0x0000,ok:6,#,confirmed,evt(ch32v4x7.h)+rm(CH32V407RM.PDF)+rm-address(CH32V407RM.PDF)
CH32V407,USART,STATR,0x000,16,1,USARTx_STATR,0x000000C0,ok:10,#,confirmed,evt(ch32v4x7.h)+rm(CH32V407RM.PDF)+rm-address(CH32V407RM.PDF)
CH32V407,USART,DATAR,0x004,16,1,USARTx_DATAR,0x00000000;0x000000XX,ok:10,#,confirmed,evt(ch32v4x7.h)+rm(CH32V407RM.PDF)+rm-address(CH32V407RM.PDF)
CH32V407,USART,BRR,0x008,16,1,USARTx_BRR,0x00000000,ok:10,#,confirmed,evt(ch32v4x7.h)+rm(CH32V407RM.PDF)+rm-address(CH32V407RM.PDF)
CH32V407,USART,CTLR1,0x00c,16,1,USARTx_CTLR1,0x00000000,ok:10,#,confirmed,evt(ch32v4x7.h)+rm(CH32V407RM.PDF)+rm-address(CH32V407RM.PDF)
CH32V407,USART,CTLR2,0x010,16,1,USARTx_CTLR2,0x00000000,ok:10,#,confirmed,evt(ch32v4x7.h)+rm(CH32V407RM.PDF)+rm-address(CH32V407RM.PDF)
CH32V407,USART,CTLR3,0x014,16,1,USARTx_CTLR3,0x00000000,ok:10,#,confirmed,evt(ch32v4x7.h)+rm(CH32V407RM.PDF)+rm-address(CH32V407RM.PDF)
CH32V407,USART,GPR,0x018,16,1,USARTx_GPR,0x00000000,ok:10,#,confirmed,evt(ch32v4x7.h)+rm(CH32V407RM.PDF)+rm-address(CH32V407RM.PDF)
CH32V407,USART,CTLR4,0x01c,16,1,USARTx_CTLR4,,,#,confirmed,evt(ch32v4x7.h)+rm(CH32V407RM.PDF)
CH32V407,USBHSD,CONTROL,0x000,8,1,,,,#,reference,evt(ch32v4x7.h)
CH32V407,USBHSD,BASE_MODE,0x001,8,1,,,,#,reference,evt(ch32v4x7.h)
CH32V407,USBHSD,INT_EN,0x002,8,1,,,,#,reference,evt(ch32v4x7.h)
CH32V407,USBHSD,DEV_AD,0x003,8,1,,,,#,reference,evt(ch32v4x7.h)
CH32V407,USBHSD,WAKE_CTRL,0x004,8,1,,,,#,reference,evt(ch32v4x7.h)
CH32V407,USBHSD,TEST_MODE,0x005,8,1,,,,#,reference,evt(ch32v4x7.h)
CH32V407,USBHSD,LPM_DATA,0x006,16,1,,,,#,reference,evt(ch32v4x7.h)
CH32V407,USBHSD,INT_FG,0x008,8,1,,,,#,reference,evt(ch32v4x7.h)
CH32V407,USBHSD,INT_ST,0x009,8,1,,,,#,reference,evt(ch32v4x7.h)
CH32V407,USBHSD,MIS_ST,0x00a,8,1,,,,#,reference,evt(ch32v4x7.h)
CH32V407,USBHSD,FRAME_NO,0x00c,16,1,,,,#,reference,evt(ch32v4x7.h)
CH32V407,USBHSD,BUS,0x00e,16,1,,,,#,reference,evt(ch32v4x7.h)
CH32V407,USBHSD,UEP_TX_EN,0x010,16,1,,,,#,reference,evt(ch32v4x7.h)
CH32V407,USBHSD,UEP_RX_EN,0x012,16,1,,,,#,reference,evt(ch32v4x7.h)
CH32V407,USBHSD,UEP_TX_TOG_AUTO,0x014,16,1,,,,#,reference,evt(ch32v4x7.h)
CH32V407,USBHSD,UEP_RX_TOG_AUTO,0x016,16,1,,,,#,reference,evt(ch32v4x7.h)
CH32V407,USBHSD,UEP_TX_BURST,0x018,8,1,,,,#,reference,evt(ch32v4x7.h)
CH32V407,USBHSD,UEP_TX_BURST_MODE,0x019,8,1,,,,#,reference,evt(ch32v4x7.h)
CH32V407,USBHSD,UEP_RX_BURST,0x01a,8,1,,,,#,reference,evt(ch32v4x7.h)
CH32V407,USBHSD,UEP_RX_RES_MODE,0x01b,8,1,,,,#,reference,evt(ch32v4x7.h)
CH32V407,USBHSD,UEP_AF_MODE,0x01c,32,1,,,,#,reference,evt(ch32v4x7.h)
CH32V407,USBHSD,UEP0_DMA,0x020,32,1,,,,#,reference,evt(ch32v4x7.h)
CH32V407,USBHSD,UEP1_RX_DMA,0x024,32,1,,,,#,reference,evt(ch32v4x7.h)
CH32V407,USBHSD,UEP2_RX_DMA,0x028,32,1,,,,#,reference,evt(ch32v4x7.h)
CH32V407,USBHSD,UEP3_RX_DMA,0x02c,32,1,,,,#,reference,evt(ch32v4x7.h)
CH32V407,USBHSD,UEP4_RX_DMA,0x030,32,1,,,,#,reference,evt(ch32v4x7.h)
CH32V407,USBHSD,UEP5_RX_DMA,0x034,32,1,,,,#,reference,evt(ch32v4x7.h)
CH32V407,USBHSD,UEP6_RX_DMA,0x038,32,1,,,,#,reference,evt(ch32v4x7.h)
CH32V407,USBHSD,UEP7_RX_DMA,0x03c,32,1,,,,#,reference,evt(ch32v4x7.h)
CH32V407,USBHSD,UEP1_TX_DMA,0x040,32,1,,,,#,reference,evt(ch32v4x7.h)
CH32V407,USBHSD,UEP2_TX_DMA,0x044,32,1,,,,#,reference,evt(ch32v4x7.h)
CH32V407,USBHSD,UEP3_TX_DMA,0x048,32,1,,,,#,reference,evt(ch32v4x7.h)
CH32V407,USBHSD,UEP4_TX_DMA,0x04c,32,1,,,,#,reference,evt(ch32v4x7.h)
CH32V407,USBHSD,UEP5_TX_DMA,0x050,32,1,,,,#,reference,evt(ch32v4x7.h)
CH32V407,USBHSD,UEP6_TX_DMA,0x054,32,1,,,,#,reference,evt(ch32v4x7.h)
CH32V407,USBHSD,UEP7_TX_DMA,0x058,32,1,,,,#,reference,evt(ch32v4x7.h)
CH32V407,USBHSD,UEP0_MAX_LEN,0x05c,32,1,,,,#,reference,evt(ch32v4x7.h)
CH32V407,USBHSD,UEP1_MAX_LEN,0x060,32,1,,,,#,reference,evt(ch32v4x7.h)
CH32V407,USBHSD,UEP2_MAX_LEN,0x064,32,1,,,,#,reference,evt(ch32v4x7.h)
CH32V407,USBHSD,UEP3_MAX_LEN,0x068,32,1,,,,#,reference,evt(ch32v4x7.h)
CH32V407,USBHSD,UEP4_MAX_LEN,0x06c,32,1,,,,#,reference,evt(ch32v4x7.h)
CH32V407,USBHSD,UEP5_MAX_LEN,0x070,32,1,,,,#,reference,evt(ch32v4x7.h)
CH32V407,USBHSD,UEP6_MAX_LEN,0x074,32,1,,,,#,reference,evt(ch32v4x7.h)
CH32V407,USBHSD,UEP7_MAX_LEN,0x078,32,1,,,,#,reference,evt(ch32v4x7.h)
CH32V407,USBHSD,UEP0_RX_LEN,0x07c,16,1,,,,#,reference,evt(ch32v4x7.h)
CH32V407,USBHSD,UEP1_RX_LEN,0x080,16,1,,,,#,reference,evt(ch32v4x7.h)
CH32V407,USBHSD,UEP1_RX_SIZE,0x082,16,1,,,,#,reference,evt(ch32v4x7.h)
CH32V407,USBHSD,UEP2_RX_LEN,0x084,16,1,,,,#,reference,evt(ch32v4x7.h)
CH32V407,USBHSD,UEP2_RX_SIZE,0x086,16,1,,,,#,reference,evt(ch32v4x7.h)
CH32V407,USBHSD,UEP3_RX_LEN,0x088,16,1,,,,#,reference,evt(ch32v4x7.h)
CH32V407,USBHSD,UEP3_RX_SIZE,0x08a,16,1,,,,#,reference,evt(ch32v4x7.h)
CH32V407,USBHSD,UEP4_RX_LEN,0x08c,16,1,,,,#,reference,evt(ch32v4x7.h)
CH32V407,USBHSD,UEP4_RX_SIZE,0x08e,16,1,,,,#,reference,evt(ch32v4x7.h)
CH32V407,USBHSD,UEP5_RX_LEN,0x090,16,1,,,,#,reference,evt(ch32v4x7.h)
CH32V407,USBHSD,UEP5_RX_SIZE,0x092,16,1,,,,#,reference,evt(ch32v4x7.h)
CH32V407,USBHSD,UEP6_RX_LEN,0x094,16,1,,,,#,reference,evt(ch32v4x7.h)
CH32V407,USBHSD,UEP6_RX_SIZE,0x096,16,1,,,,#,reference,evt(ch32v4x7.h)
CH32V407,USBHSD,UEP7_RX_LEN,0x098,16,1,,,,#,reference,evt(ch32v4x7.h)
CH32V407,USBHSD,UEP7_RX_SIZE,0x09a,16,1,,,,#,reference,evt(ch32v4x7.h)
CH32V407,USBHSD,UEP0_TX_LEN,0x09c,16,1,,,,#,reference,evt(ch32v4x7.h)
CH32V407,USBHSD,UEP0_TX_CTRL,0x09e,8,1,,,,#,reference,evt(ch32v4x7.h)
CH32V407,USBHSD,UEP0_RX_CTRL,0x09f,8,1,,,,#,reference,evt(ch32v4x7.h)
CH32V407,USBHSD,UEP1_TX_LEN,0x0a0,16,1,,,,#,reference,evt(ch32v4x7.h)
CH32V407,USBHSD,UEP1_TX_CTRL,0x0a2,8,1,,,,#,reference,evt(ch32v4x7.h)
CH32V407,USBHSD,UEP1_RX_CTRL,0x0a3,8,1,,,,#,reference,evt(ch32v4x7.h)
CH32V407,USBHSD,UEP2_TX_LEN,0x0a4,16,1,,,,#,reference,evt(ch32v4x7.h)
CH32V407,USBHSD,UEP2_TX_CTRL,0x0a6,8,1,,,,#,reference,evt(ch32v4x7.h)
CH32V407,USBHSD,UEP2_RX_CTRL,0x0a7,8,1,,,,#,reference,evt(ch32v4x7.h)
CH32V407,USBHSD,UEP3_TX_LEN,0x0a8,16,1,,,,#,reference,evt(ch32v4x7.h)
CH32V407,USBHSD,UEP3_TX_CTRL,0x0aa,8,1,,,,#,reference,evt(ch32v4x7.h)
CH32V407,USBHSD,UEP3_RX_CTRL,0x0ab,8,1,,,,#,reference,evt(ch32v4x7.h)
CH32V407,USBHSD,UEP4_TX_LEN,0x0ac,16,1,,,,#,reference,evt(ch32v4x7.h)
CH32V407,USBHSD,UEP4_TX_CTRL,0x0ae,8,1,,,,#,reference,evt(ch32v4x7.h)
CH32V407,USBHSD,UEP4_RX_CTRL,0x0af,8,1,,,,#,reference,evt(ch32v4x7.h)
CH32V407,USBHSD,UEP5_TX_LEN,0x0b0,16,1,,,,#,reference,evt(ch32v4x7.h)
CH32V407,USBHSD,UEP5_TX_CTRL,0x0b2,8,1,,,,#,reference,evt(ch32v4x7.h)
CH32V407,USBHSD,UEP5_RX_CTRL,0x0b3,8,1,,,,#,reference,evt(ch32v4x7.h)
CH32V407,USBHSD,UEP6_TX_LEN,0x0b4,16,1,,,,#,reference,evt(ch32v4x7.h)
CH32V407,USBHSD,UEP6_TX_CTRL,0x0b6,8,1,,,,#,reference,evt(ch32v4x7.h)
CH32V407,USBHSD,UEP6_RX_CTRL,0x0b7,8,1,,,,#,reference,evt(ch32v4x7.h)
CH32V407,USBHSD,UEP7_TX_LEN,0x0b8,16,1,,,,#,reference,evt(ch32v4x7.h)
CH32V407,USBHSD,UEP7_TX_CTRL,0x0ba,8,1,,,,#,reference,evt(ch32v4x7.h)
CH32V407,USBHSD,UEP7_RX_CTRL,0x0bb,8,1,,,,#,reference,evt(ch32v4x7.h)
CH32V407,USBHSD,UEP_TX_ISO,0x0bc,16,1,,,,#,reference,evt(ch32v4x7.h)
CH32V407,USBHSD,UEP_RX_ISO,0x0be,16,1,,,,#,reference,evt(ch32v4x7.h)
CH32V407,USBHSD,UEP1_RX_FIFO,0x0c0,32,1,,,,#,reference,evt(ch32v4x7.h)
CH32V407,USBHSD,UEP2_RX_FIFO,0x0c4,32,1,,,,#,reference,evt(ch32v4x7.h)
CH32V407,USBHSD,UEP3_RX_FIFO,0x0c8,32,1,,,,#,reference,evt(ch32v4x7.h)
CH32V407,USBHSD,UEP4_RX_FIFO,0x0cc,32,1,,,,#,reference,evt(ch32v4x7.h)
CH32V407,USBHSD,UEP5_RX_FIFO,0x0d0,32,1,,,,#,reference,evt(ch32v4x7.h)
CH32V407,USBHSD,UEP6_RX_FIFO,0x0d4,32,1,,,,#,reference,evt(ch32v4x7.h)
CH32V407,USBHSD,UEP7_RX_FIFO,0x0d8,32,1,,,,#,reference,evt(ch32v4x7.h)
CH32V407,USBHSD,UEP1_TX_FIFO,0x0dc,32,1,,,,#,reference,evt(ch32v4x7.h)
CH32V407,USBHSD,UEP2_TX_FIFO,0x0e0,32,1,,,,#,reference,evt(ch32v4x7.h)
CH32V407,USBHSD,UEP3_TX_FIFO,0x0e4,32,1,,,,#,reference,evt(ch32v4x7.h)
CH32V407,USBHSD,UEP4_TX_FIFO,0x0e8,32,1,,,,#,reference,evt(ch32v4x7.h)
CH32V407,USBHSD,UEP5_TX_FIFO,0x0ec,32,1,,,,#,reference,evt(ch32v4x7.h)
CH32V407,USBHSD,UEP6_TX_FIFO,0x0f0,32,1,,,,#,reference,evt(ch32v4x7.h)
CH32V407,USBHSD,UEP7_TX_FIFO,0x0f4,32,1,,,,#,reference,evt(ch32v4x7.h)
CH32V407,USBHSH,CFG,0x000,8,1,,,,#,reference,evt(ch32v4x7.h)
CH32V407,USBHSH,INT_EN,0x002,8,1,,,,#,reference,evt(ch32v4x7.h)
CH32V407,USBHSH,DEV_ADDR,0x003,8,1,,,,#,reference,evt(ch32v4x7.h)
CH32V407,USBHSH,CONTROL,0x004,32,1,,,,#,reference,evt(ch32v4x7.h)
CH32V407,USBHSH,INT_FLAG,0x008,8,1,,,,#,reference,evt(ch32v4x7.h)
CH32V407,USBHSH,INT_ST,0x009,8,1,,,,#,reference,evt(ch32v4x7.h)
CH32V407,USBHSH,MIS_ST,0x00a,8,1,,,,#,reference,evt(ch32v4x7.h)
CH32V407,USBHSH,LPM,0x00c,32,1,,,,#,reference,evt(ch32v4x7.h)
CH32V407,USBHSH,SPLIT,0x010,32,1,,,,#,reference,evt(ch32v4x7.h)
CH32V407,USBHSH,FRAME,0x014,32,1,,,,#,reference,evt(ch32v4x7.h)
CH32V407,USBHSH,TX_LEN,0x018,32,1,,,,#,reference,evt(ch32v4x7.h)
CH32V407,USBHSH,RX_LEN,0x01c,32,1,,,,#,reference,evt(ch32v4x7.h)
CH32V407,USBHSH,RX_MAX_LEN,0x020,32,1,,,,#,reference,evt(ch32v4x7.h)
CH32V407,USBHSH,RX_DMA,0x024,32,1,,,,#,reference,evt(ch32v4x7.h)
CH32V407,USBHSH,TX_DMA,0x028,32,1,,,,#,reference,evt(ch32v4x7.h)
CH32V407,USBHSH,PORT_CTRL,0x02c,32,1,,,,#,reference,evt(ch32v4x7.h)
CH32V407,USBHSH,PORT_CFG,0x030,8,1,,,,#,reference,evt(ch32v4x7.h)
CH32V407,USBHSH,PORT_INT_EN,0x032,8,1,,,,#,reference,evt(ch32v4x7.h)
CH32V407,USBHSH,PORT_TEST_CT,0x033,8,1,,,,#,reference,evt(ch32v4x7.h)
CH32V407,USBHSH,PORT_STATUS,0x034,16,1,,,,#,reference,evt(ch32v4x7.h)
CH32V407,USBHSH,PORT_STATUS_CHG,0x036,8,1,,,,#,reference,evt(ch32v4x7.h)
CH32V407,USBHSH,ROOT_BC_CTRL,0x03c,32,1,,,,#,reference,evt(ch32v4x7.h)
CH32V407,WWDG,CTLR,0x000,32,1,WWDG_CTLR,0x007F,ok:1,#,confirmed,evt(ch32v4x7.h)+rm(CH32V407RM.PDF)+rm-address(CH32V407RM.PDF)
CH32V407,WWDG,CFGR,0x004,32,1,WWDG_CFGR,0x007F,ok:1,#,confirmed,evt(ch32v4x7.h)+rm(CH32V407RM.PDF)+rm-address(CH32V407RM.PDF)
CH32V407,WWDG,STATR,0x008,32,1,WWDG_STATR,0x0000,ok:1,#,confirmed,evt(ch32v4x7.h)+rm(CH32V407RM.PDF)+rm-address(CH32V407RM.PDF)
CH32X035,ADC,STATR,0x000,32,1,ADC_STATR,0x00000000,ok:1,#,confirmed,evt(ch32x035.h)+rm(CH32X035RM.PDF)+rm-address(CH32X035RM.PDF)
CH32X035,ADC,CTLR1,0x004,32,1,ADC_CTLR1,0x00000000,ok:1,#,confirmed,evt(ch32x035.h)+rm(CH32X035RM.PDF)+rm-address(CH32X035RM.PDF)
CH32X035,ADC,CTLR2,0x008,32,1,ADC_CTLR2,0x00000000,ok:1,#,confirmed,evt(ch32x035.h)+rm(CH32X035RM.PDF)+rm-address(CH32X035RM.PDF)
CH32X035,ADC,SAMPTR1,0x00c,32,1,ADC_SAMPTR1,0x00000000,ok:1,#,confirmed,evt(ch32x035.h)+rm(CH32X035RM.PDF)+rm-address(CH32X035RM.PDF)
CH32X035,ADC,SAMPTR2,0x010,32,1,ADC_SAMPTR2,0x00000000,ok:1,#,confirmed,evt(ch32x035.h)+rm(CH32X035RM.PDF)+rm-address(CH32X035RM.PDF)
CH32X035,ADC,IOFR1,0x014,32,1,,0x00000000,ok:1,#,confirmed,evt(ch32x035.h)+rm-address(CH32X035RM.PDF)
CH32X035,ADC,IOFR2,0x018,32,1,,0x00000000,ok:1,#,confirmed,evt(ch32x035.h)+rm-address(CH32X035RM.PDF)
CH32X035,ADC,IOFR3,0x01c,32,1,,0x00000000,ok:1,#,confirmed,evt(ch32x035.h)+rm-address(CH32X035RM.PDF)
CH32X035,ADC,IOFR4,0x020,32,1,,0x00000000,ok:1,#,confirmed,evt(ch32x035.h)+rm-address(CH32X035RM.PDF)
CH32X035,ADC,WDHTR,0x024,32,1,ADC_WDHTR,0x00000FFF,ok:1,#,confirmed,evt(ch32x035.h)+rm(CH32X035RM.PDF)+rm-address(CH32X035RM.PDF)
CH32X035,ADC,WDLTR,0x028,32,1,ADC_WDLTR,0x00000000,ok:1,#,confirmed,evt(ch32x035.h)+rm(CH32X035RM.PDF)+rm-address(CH32X035RM.PDF)
CH32X035,ADC,RSQR1,0x02c,32,1,ADC_RSQR1,0x00000000,ok:1,#,confirmed,evt(ch32x035.h)+rm(CH32X035RM.PDF)+rm-address(CH32X035RM.PDF)
CH32X035,ADC,RSQR2,0x030,32,1,ADC_RSQR2,0x00000000,ok:1,#,confirmed,evt(ch32x035.h)+rm(CH32X035RM.PDF)+rm-address(CH32X035RM.PDF)
CH32X035,ADC,RSQR3,0x034,32,1,ADC_RSQR3,0x00000000,ok:1,#,confirmed,evt(ch32x035.h)+rm(CH32X035RM.PDF)+rm-address(CH32X035RM.PDF)
CH32X035,ADC,ISQR,0x038,32,1,ADC_ISQR,0x00000000,ok:1,#,confirmed,evt(ch32x035.h)+rm(CH32X035RM.PDF)+rm-address(CH32X035RM.PDF)
CH32X035,ADC,IDATAR1,0x03c,32,1,,0x00000000,ok:1,#,confirmed,evt(ch32x035.h)+rm-address(CH32X035RM.PDF)
CH32X035,ADC,IDATAR2,0x040,32,1,,0x00000000,ok:1,#,confirmed,evt(ch32x035.h)+rm-address(CH32X035RM.PDF)
CH32X035,ADC,IDATAR3,0x044,32,1,,0x00000000,ok:1,#,confirmed,evt(ch32x035.h)+rm-address(CH32X035RM.PDF)
CH32X035,ADC,IDATAR4,0x048,32,1,,0x00000000,ok:1,#,confirmed,evt(ch32x035.h)+rm-address(CH32X035RM.PDF)
CH32X035,ADC,RDATAR,0x04c,32,1,ADC_RDATAR,0x00000000,ok:1,#,confirmed,evt(ch32x035.h)+rm(CH32X035RM.PDF)+rm-address(CH32X035RM.PDF)
CH32X035,ADC,CTLR3,0x050,32,1,ADC_CTLR3,0x00000003,ok:1,#,confirmed,evt(ch32x035.h)+rm(CH32X035RM.PDF)+rm-address(CH32X035RM.PDF)
CH32X035,ADC,WDTR1,0x054,32,1,ADC_WDTR1,0x0FFF0000,ok:1,#,confirmed,evt(ch32x035.h)+rm(CH32X035RM.PDF)+rm-address(CH32X035RM.PDF)
CH32X035,ADC,WDTR2,0x058,32,1,ADC_WDTR2,0x0FFF0000,ok:1,#,confirmed,evt(ch32x035.h)+rm(CH32X035RM.PDF)+rm-address(CH32X035RM.PDF)
CH32X035,ADC,WDTR3,0x05c,32,1,ADC_WDTR3,0x0FFF0000,ok:1,#,confirmed,evt(ch32x035.h)+rm(CH32X035RM.PDF)+rm-address(CH32X035RM.PDF)
CH32X035,AFIO,PCFR1,0x004,32,1,AFIO_PCFR1,0x00000000,ok:1,#,confirmed,evt(ch32x035.h)+rm(CH32X035RM.PDF)+rm-address(CH32X035RM.PDF)
CH32X035,AFIO,EXTICR,0x008,32,2,,0x00000000,ok:2,#,confirmed,evt(ch32x035.h)+rm-address(CH32X035RM.PDF)
CH32X035,AFIO,CTLR,0x018,32,1,AFIO_CTLR,0x00000045,ok:1,#,confirmed,evt(ch32x035.h)+rm(CH32X035RM.PDF)+rm-address(CH32X035RM.PDF)
CH32X035,AWU,CSR,0x000,32,1,AWU_CSR,0x0000,ok:1,#,confirmed,evt(ch32x035.h)+rm(CH32X035RM.PDF)+rm-address(CH32X035RM.PDF)
CH32X035,AWU,WR,0x004,32,1,AWU_WR,0x003F,ok:1,#,confirmed,evt(ch32x035.h)+rm(CH32X035RM.PDF)+rm-address(CH32X035RM.PDF)
CH32X035,AWU,PSC,0x008,32,1,AWU_PSC,0x0000,ok:1,#,confirmed,evt(ch32x035.h)+rm(CH32X035RM.PDF)+rm-address(CH32X035RM.PDF)
CH32X035,DMA,INTFR,0x000,32,1,,0x00000000,ok:1,#,confirmed,evt(ch32x035.h)+rm-address(CH32X035RM.PDF)
CH32X035,DMA,INTFCR,0x004,32,1,,0x00000000,ok:1,#,confirmed,evt(ch32x035.h)+rm-address(CH32X035RM.PDF)
CH32X035,DMA_Channel,CFGR,0x000,32,1,,0x00000000,ok:8,#,confirmed,evt(ch32x035.h)+rm-address(CH32X035RM.PDF)
CH32X035,DMA_Channel,CNTR,0x004,32,1,,0x00000000,ok:8,#,confirmed,evt(ch32x035.h)+rm-address(CH32X035RM.PDF)
CH32X035,DMA_Channel,PADDR,0x008,32,1,,0x00000000,ok:8,#,confirmed,evt(ch32x035.h)+rm-address(CH32X035RM.PDF)
CH32X035,DMA_Channel,MADDR,0x00c,32,1,,0x00000000,ok:8,#,confirmed,evt(ch32x035.h)+rm-address(CH32X035RM.PDF)
CH32X035,EXTI,INTENR,0x000,32,1,EXTI_INTENR,0x00000000,ok:1,#,confirmed,evt(ch32x035.h)+rm(CH32X035RM.PDF)+rm-address(CH32X035RM.PDF)
CH32X035,EXTI,EVENR,0x004,32,1,EXTI_EVENR,0x00000000,ok:1,#,confirmed,evt(ch32x035.h)+rm(CH32X035RM.PDF)+rm-address(CH32X035RM.PDF)
CH32X035,EXTI,RTENR,0x008,32,1,EXTI_RTENR,0x00000000,ok:1,#,confirmed,evt(ch32x035.h)+rm(CH32X035RM.PDF)+rm-address(CH32X035RM.PDF)
CH32X035,EXTI,FTENR,0x00c,32,1,EXTI_FTENR,0x00000000,ok:1,#,confirmed,evt(ch32x035.h)+rm(CH32X035RM.PDF)+rm-address(CH32X035RM.PDF)
CH32X035,EXTI,SWIEVR,0x010,32,1,EXTI_SWIEVR,0x00000000,ok:1,#,confirmed,evt(ch32x035.h)+rm(CH32X035RM.PDF)+rm-address(CH32X035RM.PDF)
CH32X035,EXTI,INTFR,0x014,32,1,EXTI_INTFR,0x0000XXXX,ok:1,#,confirmed,evt(ch32x035.h)+rm(CH32X035RM.PDF)+rm-address(CH32X035RM.PDF)
CH32X035,FLASH,ACTLR,0x000,32,1,FLASH_ACTLR,0x00000000,ok:1,#,confirmed,evt(ch32x035.h)+rm(CH32X035RM.PDF)+rm-address(CH32X035RM.PDF)
CH32X035,FLASH,KEYR,0x004,32,1,FLASH_KEYR,0xXXXXXXXX,ok:1,#,confirmed,evt(ch32x035.h)+rm(CH32X035RM.PDF)+rm-address(CH32X035RM.PDF)
CH32X035,FLASH,OBKEYR,0x008,32,1,FLASH_OBKEYR,0xXXXXXXXX,ok:1,#,confirmed,evt(ch32x035.h)+rm(CH32X035RM.PDF)+rm-address(CH32X035RM.PDF)
CH32X035,FLASH,STATR,0x00c,32,1,FLASH_STATR,0x0000B000,ok:1,#,confirmed,evt(ch32x035.h)+rm(CH32X035RM.PDF)+rm-address(CH32X035RM.PDF)
CH32X035,FLASH,CTLR,0x010,32,1,FLASH_CTLR,0x00008080,ok:1,#,confirmed,evt(ch32x035.h)+rm(CH32X035RM.PDF)+rm-address(CH32X035RM.PDF)
CH32X035,FLASH,ADDR,0x014,32,1,FLASH_ADDR,0x00000000,ok:1,#,confirmed,evt(ch32x035.h)+rm(CH32X035RM.PDF)+rm-address(CH32X035RM.PDF)
CH32X035,FLASH,OBR,0x01c,32,1,FLASH_OBR,0x0XXXXXXX,ok:1,#,confirmed,evt(ch32x035.h)+rm(CH32X035RM.PDF)+rm-address(CH32X035RM.PDF)
CH32X035,FLASH,WPR,0x020,32,1,FLASH_WPR,0xXXXXXXXX,ok:1,#,confirmed,evt(ch32x035.h)+rm(CH32X035RM.PDF)+rm-address(CH32X035RM.PDF)
CH32X035,FLASH,MODEKEYR,0x024,32,1,FLASH_MODEKEYR,0xXXXXXXXX,ok:1,#,confirmed,evt(ch32x035.h)+rm(CH32X035RM.PDF)+rm-address(CH32X035RM.PDF)
CH32X035,FLASH,BOOT_MODEKEYR,0x028,32,1,,,,#,reference,evt(ch32x035.h)
CH32X035,GPIO,CFGLR,0x000,32,1,,0x44444444,ok:3,#,confirmed,evt(ch32x035.h)+rm-address(CH32X035RM.PDF)
CH32X035,GPIO,CFGHR,0x004,32,1,,0x44444444,ok:3,#,confirmed,evt(ch32x035.h)+rm-address(CH32X035RM.PDF)
CH32X035,GPIO,INDR,0x008,32,1,GPIOx_INDR,0x0000XXXX,ok:3,#,confirmed,evt(ch32x035.h)+rm(CH32X035RM.PDF)+rm-address(CH32X035RM.PDF)
CH32X035,GPIO,OUTDR,0x00c,32,1,GPIOx_OUTDR,0x00000000,ok:3,#,confirmed,evt(ch32x035.h)+rm(CH32X035RM.PDF)+rm-address(CH32X035RM.PDF)
CH32X035,GPIO,BSHR,0x010,32,1,GPIOx_BSHR,0x00000000,ok:3,#,confirmed,evt(ch32x035.h)+rm(CH32X035RM.PDF)+rm-address(CH32X035RM.PDF)
CH32X035,GPIO,BCR,0x014,32,1,GPIOx_BCR,0x00000000,ok:3,#,confirmed,evt(ch32x035.h)+rm(CH32X035RM.PDF)+rm-address(CH32X035RM.PDF)
CH32X035,GPIO,LCKR,0x018,32,1,GPIOx_LCKR,0x00000000,ok:3,#,confirmed,evt(ch32x035.h)+rm(CH32X035RM.PDF)+rm-address(CH32X035RM.PDF)
CH32X035,GPIO,CFGXR,0x01c,32,1,,0x44444444,ok:3,#,confirmed,evt(ch32x035.h)+rm-address(CH32X035RM.PDF)
CH32X035,GPIO,BSXR,0x020,32,1,GPIOx_BSXR,0x00000000,ok:3,#,confirmed,evt(ch32x035.h)+rm(CH32X035RM.PDF)+rm-address(CH32X035RM.PDF)
CH32X035,I2C,CTLR1,0x000,16,1,I2C1_CTLR1,0x0000,ok:1,#,confirmed,evt(ch32x035.h)+rm(CH32X035RM.PDF)+rm-address(CH32X035RM.PDF)
CH32X035,I2C,CTLR2,0x004,16,1,I2C1_CTLR2,0x0000,ok:1,#,confirmed,evt(ch32x035.h)+rm(CH32X035RM.PDF)+rm-address(CH32X035RM.PDF)
CH32X035,I2C,OADDR1,0x008,16,1,I2C1_OADDR1,0x0000,ok:1,#,confirmed,evt(ch32x035.h)+rm(CH32X035RM.PDF)+rm-address(CH32X035RM.PDF)
CH32X035,I2C,OADDR2,0x00c,16,1,I2C1_OADDR2,0x0000,ok:1,#,confirmed,evt(ch32x035.h)+rm(CH32X035RM.PDF)+rm-address(CH32X035RM.PDF)
CH32X035,I2C,DATAR,0x010,16,1,I2C1_DATAR,0x0000,ok:1,#,confirmed,evt(ch32x035.h)+rm(CH32X035RM.PDF)+rm-address(CH32X035RM.PDF)
CH32X035,I2C,STAR1,0x014,16,1,I2C1_STAR1,0x0000,ok:1,#,confirmed,evt(ch32x035.h)+rm(CH32X035RM.PDF)+rm-address(CH32X035RM.PDF)
CH32X035,I2C,STAR2,0x018,16,1,I2C1_STAR2,0x0000,ok:1,#,confirmed,evt(ch32x035.h)+rm(CH32X035RM.PDF)+rm-address(CH32X035RM.PDF)
CH32X035,I2C,CKCFGR,0x01c,16,1,I2C1_CKCFGR,0x0000,ok:1,#,confirmed,evt(ch32x035.h)+rm(CH32X035RM.PDF)+rm-address(CH32X035RM.PDF)
CH32X035,IWDG,CTLR,0x000,32,1,IWDG_CTLR,0x0000,ok:1,#,confirmed,evt(ch32x035.h)+rm(CH32X035RM.PDF)+rm-address(CH32X035RM.PDF)
CH32X035,IWDG,PSCR,0x004,32,1,IWDG_PSCR,0x0000,ok:1,#,confirmed,evt(ch32x035.h)+rm(CH32X035RM.PDF)+rm-address(CH32X035RM.PDF)
CH32X035,IWDG,RLDR,0x008,32,1,IWDG_RLDR,0x0FFF,ok:1,#,confirmed,evt(ch32x035.h)+rm(CH32X035RM.PDF)+rm-address(CH32X035RM.PDF)
CH32X035,IWDG,STATR,0x00c,32,1,IWDG_STATR,0x0000,ok:1,#,confirmed,evt(ch32x035.h)+rm(CH32X035RM.PDF)+rm-address(CH32X035RM.PDF)
CH32X035,OB,RDPR,0x000,16,1,,,,#,reference,evt(ch32x035.h)
CH32X035,OB,USER,0x002,16,1,,,,#,reference,evt(ch32x035.h)
CH32X035,OB,Data0,0x004,16,1,,,,#,reference,evt(ch32x035.h)
CH32X035,OB,Data1,0x006,16,1,,,,#,reference,evt(ch32x035.h)
CH32X035,OB,WRPR0,0x008,16,1,,,,#,reference,evt(ch32x035.h)
CH32X035,OB,WRPR1,0x00a,16,1,,,,#,reference,evt(ch32x035.h)
CH32X035,OB,WRPR2,0x00c,16,1,,,,#,reference,evt(ch32x035.h)
CH32X035,OB,WRPR3,0x00e,16,1,,,,#,reference,evt(ch32x035.h)
CH32X035,OPA,CFGR1,0x000,16,1,OPA_CFGR1,0x0080,ok:1,#,confirmed,evt(ch32x035.h)+rm(CH32X035RM.PDF)+rm-address(CH32X035RM.PDF)
CH32X035,OPA,CFGR2,0x002,16,1,OPA_CFGR2,0x0000,ok:1,#,confirmed,evt(ch32x035.h)+rm(CH32X035RM.PDF)+rm-address(CH32X035RM.PDF)
CH32X035,OPA,CTLR1,0x004,32,1,OPA_CTLR1,0x81D801D8,ok:1,#,confirmed,evt(ch32x035.h)+rm(CH32X035RM.PDF)+rm-address(CH32X035RM.PDF)
CH32X035,OPA,CTLR2,0x008,32,1,OPA_CTLR2,0x80000000,ok:1,#,confirmed,evt(ch32x035.h)+rm(CH32X035RM.PDF)+rm-address(CH32X035RM.PDF)
CH32X035,OPA,OPAKEY,0x00c,32,1,,,,#,reference,evt(ch32x035.h)
CH32X035,OPA,CMPKEY,0x010,32,1,,,,#,reference,evt(ch32x035.h)
CH32X035,OPA,POLLKEY,0x014,32,1,,,,#,reference,evt(ch32x035.h)
CH32X035,PWR,CTLR,0x000,32,1,PWR_CTLR,0x00000400,ok:1,#,confirmed,evt(ch32x035.h)+rm(CH32X035RM.PDF)+rm-address(CH32X035RM.PDF)
CH32X035,PWR,CSR,0x004,32,1,PWR_CSR,0x00000000,ok:1,#,confirmed,evt(ch32x035.h)+rm(CH32X035RM.PDF)+rm-address(CH32X035RM.PDF)
CH32X035,RCC,CTLR,0x000,32,1,RCC_CTLR,0x0000xx83,ok:1,#,confirmed,evt(ch32x035.h)+rm(CH32X035RM.PDF)+rm-address(CH32X035RM.PDF)
CH32X035,RCC,CFGR0,0x004,32,1,RCC_CFGR0,0x00000050,ok:1,#,confirmed,evt(ch32x035.h)+rm(CH32X035RM.PDF)+rm-address(CH32X035RM.PDF)
CH32X035,RCC,APB2PRSTR,0x00c,32,1,RCC_APB2PRSTR,0x00000000,ok:1,#,confirmed,evt(ch32x035.h)+rm(CH32X035RM.PDF)+rm-address(CH32X035RM.PDF)
CH32X035,RCC,APB1PRSTR,0x010,32,1,RCC_APB1PRSTR,0x00000000,ok:1,#,confirmed,evt(ch32x035.h)+rm(CH32X035RM.PDF)+rm-address(CH32X035RM.PDF)
CH32X035,RCC,AHBPCENR,0x014,32,1,RCC_AHBPCENR,0x00021004,ok:1,#,confirmed,evt(ch32x035.h)+rm(CH32X035RM.PDF)+rm-address(CH32X035RM.PDF)
CH32X035,RCC,APB2PCENR,0x018,32,1,RCC_APB2PCENR,0x00000000,ok:1,#,confirmed,evt(ch32x035.h)+rm(CH32X035RM.PDF)+rm-address(CH32X035RM.PDF)
CH32X035,RCC,APB1PCENR,0x01c,32,1,RCC_APB1PCENR,0x00000000,ok:1,#,confirmed,evt(ch32x035.h)+rm(CH32X035RM.PDF)+rm-address(CH32X035RM.PDF)
CH32X035,RCC,RSTSCKR,0x024,32,1,RCC_RSTSCKR,0x0C000000,ok:1,#,confirmed,evt(ch32x035.h)+rm(CH32X035RM.PDF)+rm-address(CH32X035RM.PDF)
CH32X035,RCC,AHBRSTR,0x028,32,1,RCC_AHBRSTR,0x00000000,ok:1,#,confirmed,evt(ch32x035.h)+rm(CH32X035RM.PDF)+rm-address(CH32X035RM.PDF)
CH32X035,SPI,CTLR1,0x000,16,1,SPI1_CTLR1,0x0000,ok:1,#,confirmed,evt(ch32x035.h)+rm(CH32X035RM.PDF)+rm-address(CH32X035RM.PDF)
CH32X035,SPI,CTLR2,0x004,16,1,SPI1_CTLR2,0x0000,ok:1,#,confirmed,evt(ch32x035.h)+rm(CH32X035RM.PDF)+rm-address(CH32X035RM.PDF)
CH32X035,SPI,STATR,0x008,16,1,SPI1_STATR,0x0002,ok:1,#,confirmed,evt(ch32x035.h)+rm(CH32X035RM.PDF)+rm-address(CH32X035RM.PDF)
CH32X035,SPI,DATAR,0x00c,16,1,SPI1_DATAR,0x0000,ok:1,#,confirmed,evt(ch32x035.h)+rm(CH32X035RM.PDF)+rm-address(CH32X035RM.PDF)
CH32X035,SPI,CRCR,0x010,16,1,SPI1_CRCR,0x0007,ok:1,#,confirmed,evt(ch32x035.h)+rm(CH32X035RM.PDF)+rm-address(CH32X035RM.PDF)
CH32X035,SPI,RCRCR,0x014,16,1,SPI1_RCRCR,0x0000,ok:1,#,confirmed,evt(ch32x035.h)+rm(CH32X035RM.PDF)+rm-address(CH32X035RM.PDF)
CH32X035,SPI,TCRCR,0x018,16,1,SPI1_TCRCR,0x0000,ok:1,#,confirmed,evt(ch32x035.h)+rm(CH32X035RM.PDF)+rm-address(CH32X035RM.PDF)
CH32X035,SPI,HSCR,0x024,16,1,SPI1_HSCR,0x0000,ok:1,#,confirmed,evt(ch32x035.h)+rm(CH32X035RM.PDF)+rm-address(CH32X035RM.PDF)
CH32X035,TIM,CTLR1,0x000,16,1,TIM3_CTLR1,0x0000;0x2000,ok:2,#,confirmed,evt(ch32x035.h)+rm(CH32X035RM.PDF)+rm-address(CH32X035RM.PDF)
CH32X035,TIM,CTLR2,0x004,16,1,TIMx_CTLR2,0x0000,ok:1,#,confirmed,evt(ch32x035.h)+rm(CH32X035RM.PDF)+rm-address(CH32X035RM.PDF)
CH32X035,TIM,SMCFGR,0x008,16,1,TIM3_SMCFGR,0x0000,ok:3,#,confirmed,evt(ch32x035.h)+rm(CH32X035RM.PDF)+rm-address(CH32X035RM.PDF)
CH32X035,TIM,DMAINTENR,0x00c,16,1,TIM3_DMAINTENR,0x0000,ok:3,#,confirmed,evt(ch32x035.h)+rm(CH32X035RM.PDF)+rm-address(CH32X035RM.PDF)
CH32X035,TIM,INTFR,0x010,16,1,TIM3_INTFR,0x0000,ok:3,#,confirmed,evt(ch32x035.h)+rm(CH32X035RM.PDF)+rm-address(CH32X035RM.PDF)
CH32X035,TIM,SWEVGR,0x014,16,1,TIM3_SWEVGR,0x0000,ok:3,#,confirmed,evt(ch32x035.h)+rm(CH32X035RM.PDF)+rm-address(CH32X035RM.PDF)
CH32X035,TIM,CHCTLR1,0x018,16,1,TIM3_CHCTLR1,0x0000,ok:3,#,confirmed,evt(ch32x035.h)+rm(CH32X035RM.PDF)+rm-address(CH32X035RM.PDF)
CH32X035,TIM,CHCTLR2,0x01c,16,1,TIMx_CHCTLR2,0x0000,ok:2,#,confirmed,evt(ch32x035.h)+rm(CH32X035RM.PDF)+rm-address(CH32X035RM.PDF)
CH32X035,TIM,CCER,0x020,16,1,TIM3_CCER,0x0000,ok:3,#,confirmed,evt(ch32x035.h)+rm(CH32X035RM.PDF)+rm-address(CH32X035RM.PDF)
CH32X035,TIM,CNT,0x024,16,1,TIM3_CNT,0x0000,ok:3,#,confirmed,evt(ch32x035.h)+rm(CH32X035RM.PDF)+rm-address(CH32X035RM.PDF)
CH32X035,TIM,PSC,0x028,16,1,TIM3_PSC,0x0000,ok:3,#,confirmed,evt(ch32x035.h)+rm(CH32X035RM.PDF)+rm-address(CH32X035RM.PDF)
CH32X035,TIM,ATRLR,0x02c,16,1,TIM3_ATRLR,0xFFFF,ok:3,#,confirmed,evt(ch32x035.h)+rm(CH32X035RM.PDF)+rm-address(CH32X035RM.PDF)
CH32X035,TIM,RPTCR,0x030,16,1,TIMx_RPTCR,0x0000,ok:2,#,confirmed,evt(ch32x035.h)+rm(CH32X035RM.PDF)+rm-address(CH32X035RM.PDF)
CH32X035,TIM,CH1CVR,0x034,16,1,TIM3_CH1CVR,0x00000000,ok:3,#,confirmed,evt(ch32x035.h)+rm(CH32X035RM.PDF)+rm-address(CH32X035RM.PDF)
CH32X035,TIM,CH1CVR_R32,0x034,32,1,,,,#,reference,evt(ch32x035.h)
CH32X035,TIM,CH2CVR,0x038,16,1,TIM3_CH2CVR,0x00000000,ok:3,#,confirmed,evt(ch32x035.h)+rm(CH32X035RM.PDF)+rm-address(CH32X035RM.PDF)
CH32X035,TIM,CH2CVR__R32,0x038,32,1,,,,#,reference,evt(ch32x035.h)
CH32X035,TIM,CH3CVR,0x03c,16,1,TIMx_CH3CVR,0x00000000,ok:2,#,confirmed,evt(ch32x035.h)+rm(CH32X035RM.PDF)+rm-address(CH32X035RM.PDF)
CH32X035,TIM,CH3CVR__R32,0x03c,32,1,,,,#,reference,evt(ch32x035.h)
CH32X035,TIM,CH4CVR,0x040,16,1,TIMx_CH4CVR,0x00000000,ok:2,#,confirmed,evt(ch32x035.h)+rm(CH32X035RM.PDF)+rm-address(CH32X035RM.PDF)
CH32X035,TIM,CH4CVR__R32,0x040,32,1,,,,#,reference,evt(ch32x035.h)
CH32X035,TIM,BDTR,0x044,16,1,TIMx_BDTR,0x0000,ok:1,#,confirmed,evt(ch32x035.h)+rm(CH32X035RM.PDF)+rm-address(CH32X035RM.PDF)
CH32X035,TIM,DMACFGR,0x048,16,1,TIMx_DMACFGR,0x0000,ok:1,#,confirmed,evt(ch32x035.h)+rm(CH32X035RM.PDF)+rm-address(CH32X035RM.PDF)
CH32X035,TIM,DMAADR,0x04c,16,1,TIMx_DMAADR,0x0000,ok:1,#,confirmed,evt(ch32x035.h)+rm(CH32X035RM.PDF)+rm-address(CH32X035RM.PDF)
CH32X035,TIM,SPEC,0x050,16,1,TIM3_SPEC,0x0000,ok:3,#,confirmed,evt(ch32x035.h)+rm(CH32X035RM.PDF)+rm-address(CH32X035RM.PDF)
CH32X035,USART,STATR,0x000,16,1,USARTx_STATR,0x000000C0,ok:4,#,confirmed,evt(ch32x035.h)+rm(CH32X035RM.PDF)+rm-address(CH32X035RM.PDF)
CH32X035,USART,DATAR,0x004,16,1,USARTx_DATAR,0x000000XX,ok:4,#,confirmed,evt(ch32x035.h)+rm(CH32X035RM.PDF)+rm-address(CH32X035RM.PDF)
CH32X035,USART,BRR,0x008,16,1,USARTx_BRR,0x00000000,ok:4,#,confirmed,evt(ch32x035.h)+rm(CH32X035RM.PDF)+rm-address(CH32X035RM.PDF)
CH32X035,USART,CTLR1,0x00c,16,1,USARTx_CTLR1,0x00000000,ok:4,#,confirmed,evt(ch32x035.h)+rm(CH32X035RM.PDF)+rm-address(CH32X035RM.PDF)
CH32X035,USART,CTLR2,0x010,16,1,USARTx_CTLR2,0x00000000,ok:4,#,confirmed,evt(ch32x035.h)+rm(CH32X035RM.PDF)+rm-address(CH32X035RM.PDF)
CH32X035,USART,CTLR3,0x014,16,1,USARTx_CTLR3,0x00000000,ok:4,#,confirmed,evt(ch32x035.h)+rm(CH32X035RM.PDF)+rm-address(CH32X035RM.PDF)
CH32X035,USART,GPR,0x018,16,1,USARTx_GPR,0x00000000,ok:4,#,confirmed,evt(ch32x035.h)+rm(CH32X035RM.PDF)+rm-address(CH32X035RM.PDF)
CH32X035,USBFSD,BASE_CTRL,0x000,8,1,,,,#,reference,evt(ch32x035.h)
CH32X035,USBFSD,UDEV_CTRL,0x001,8,1,,,,#,reference,evt(ch32x035.h)
CH32X035,USBFSD,INT_EN,0x002,8,1,,,,#,reference,evt(ch32x035.h)
CH32X035,USBFSD,DEV_ADDR,0x003,8,1,,,,#,reference,evt(ch32x035.h)
CH32X035,USBFSD,MIS_ST,0x005,8,1,,,,#,reference,evt(ch32x035.h)
CH32X035,USBFSD,INT_FG,0x006,8,1,,,,#,reference,evt(ch32x035.h)
CH32X035,USBFSD,INT_ST,0x007,8,1,,,,#,reference,evt(ch32x035.h)
CH32X035,USBFSD,RX_LEN,0x008,16,1,,,,#,reference,evt(ch32x035.h)
CH32X035,USBFSD,UEP4_1_MOD,0x00c,8,1,,,,#,reference,evt(ch32x035.h)
CH32X035,USBFSD,UEP2_3_MOD,0x00d,8,1,,,,#,reference,evt(ch32x035.h)
CH32X035,USBFSD,UEP567_MOD,0x00e,8,1,,,,#,reference,evt(ch32x035.h)
CH32X035,USBFSD,UEP0_DMA,0x010,32,1,,,,#,reference,evt(ch32x035.h)
CH32X035,USBFSD,UEP1_DMA,0x014,32,1,,,,#,reference,evt(ch32x035.h)
CH32X035,USBFSD,UEP2_DMA,0x018,32,1,,,,#,reference,evt(ch32x035.h)
CH32X035,USBFSD,UEP3_DMA,0x01c,32,1,,,,#,reference,evt(ch32x035.h)
CH32X035,USBFSD,UEP0_CTRL,0x020,32,1,,,,#,reference,evt(ch32x035.h)
CH32X035,USBFSD,UEP0_TX_LEN,0x024,16,1,,,,#,reference,evt(ch32x035.h)
CH32X035,USBFSD,UEP0_CTRL_H,0x026,16,1,,,,#,reference,evt(ch32x035.h)
CH32X035,USBFSD,UEP1_CTRL,0x028,32,1,,,,#,reference,evt(ch32x035.h)
CH32X035,USBFSD,UEP1_TX_LEN,0x02c,16,1,,,,#,reference,evt(ch32x035.h)
CH32X035,USBFSD,UEP1_CTRL_H,0x02e,16,1,,,,#,reference,evt(ch32x035.h)
CH32X035,USBFSD,UEP2_CTRL,0x030,32,1,,,,#,reference,evt(ch32x035.h)
CH32X035,USBFSD,UEP2_TX_LEN,0x034,16,1,,,,#,reference,evt(ch32x035.h)
CH32X035,USBFSD,UEP2_CTRL_H,0x036,16,1,,,,#,reference,evt(ch32x035.h)
CH32X035,USBFSD,UEP3_CTRL,0x038,32,1,,,,#,reference,evt(ch32x035.h)
CH32X035,USBFSD,UEP3_TX_LEN,0x03c,16,1,,,,#,reference,evt(ch32x035.h)
CH32X035,USBFSD,UEP3_CTRL_H,0x03e,16,1,,,,#,reference,evt(ch32x035.h)
CH32X035,USBFSD,UEP4_CTRL,0x040,32,1,,,,#,reference,evt(ch32x035.h)
CH32X035,USBFSD,UEP4_TX_LEN,0x044,16,1,,,,#,reference,evt(ch32x035.h)
CH32X035,USBFSD,UEP4_CTRL_H,0x046,16,1,,,,#,reference,evt(ch32x035.h)
CH32X035,USBFSD,UEP5_DMA,0x068,32,1,,,,#,reference,evt(ch32x035.h)
CH32X035,USBFSD,UEP6_DMA,0x06c,32,1,,,,#,reference,evt(ch32x035.h)
CH32X035,USBFSD,UEP7_DMA,0x070,32,1,,,,#,reference,evt(ch32x035.h)
CH32X035,USBFSD,UEP5_CTRL,0x078,32,1,,,,#,reference,evt(ch32x035.h)
CH32X035,USBFSD,UEP5_TX_LEN,0x07c,16,1,,,,#,reference,evt(ch32x035.h)
CH32X035,USBFSD,UEP5_CTRL_H,0x07e,16,1,,,,#,reference,evt(ch32x035.h)
CH32X035,USBFSD,UEP6_CTRL,0x080,32,1,,,,#,reference,evt(ch32x035.h)
CH32X035,USBFSD,UEP6_TX_LEN,0x084,16,1,,,,#,reference,evt(ch32x035.h)
CH32X035,USBFSD,UEP6_CTRL_H,0x086,16,1,,,,#,reference,evt(ch32x035.h)
CH32X035,USBFSD,UEP7_CTRL,0x088,32,1,,,,#,reference,evt(ch32x035.h)
CH32X035,USBFSD,UEP7_TX_LEN,0x08c,16,1,,,,#,reference,evt(ch32x035.h)
CH32X035,USBFSD,UEP7_CTRL_H,0x08e,16,1,,,,#,reference,evt(ch32x035.h)
CH32X035,USBFSD,UEPX_MOD,0x090,32,1,,,,#,reference,evt(ch32x035.h)
CH32X035,USBFSH,BASE_CTRL,0x000,8,1,,,,#,reference,evt(ch32x035.h)
CH32X035,USBFSH,HOST_CTRL,0x001,8,1,,,,#,reference,evt(ch32x035.h)
CH32X035,USBFSH,INT_EN,0x002,8,1,,,,#,reference,evt(ch32x035.h)
CH32X035,USBFSH,DEV_ADDR,0x003,8,1,,,,#,reference,evt(ch32x035.h)
CH32X035,USBFSH,MIS_ST,0x005,8,1,,,,#,reference,evt(ch32x035.h)
CH32X035,USBFSH,INT_FG,0x006,8,1,,,,#,reference,evt(ch32x035.h)
CH32X035,USBFSH,INT_ST,0x007,8,1,,,,#,reference,evt(ch32x035.h)
CH32X035,USBFSH,RX_LEN,0x008,16,1,,,,#,reference,evt(ch32x035.h)
CH32X035,USBFSH,HOST_EP_MOD,0x00d,8,1,,,,#,reference,evt(ch32x035.h)
CH32X035,USBFSH,HOST_RX_DMA,0x018,16,1,,,,#,reference,evt(ch32x035.h)
CH32X035,USBFSH,HOST_TX_DMA,0x01c,16,1,,,,#,reference,evt(ch32x035.h)
CH32X035,USBFSH,HOST_SETUP,0x026,8,1,,,,#,reference,evt(ch32x035.h)
CH32X035,USBFSH,HOST_EP_PID,0x028,8,1,,,,#,reference,evt(ch32x035.h)
CH32X035,USBFSH,HOST_RX_CTRL,0x02a,8,1,,,,#,reference,evt(ch32x035.h)
CH32X035,USBFSH,HOST_TX_LEN,0x02c,8,1,,,,#,reference,evt(ch32x035.h)
CH32X035,USBFSH,HOST_TX_CTRL,0x02e,8,1,,,,#,reference,evt(ch32x035.h)
CH32X035,USBPD,CONFIG,0x000,16,1,,0x00000002,ok:1,#,confirmed,evt(ch32x035.h)+rm-address(CH32X035RM.PDF)
CH32X035,USBPD,USBPD_CONFIG,0x000,32,1,,,,#,reference,evt(ch32x035.h)
CH32X035,USBPD,BMC_CLK_CNT,0x002,16,1,,,,#,reference,evt(ch32x035.h)
CH32X035,USBPD,CONTROL,0x004,8,1,,0x00000000,ok:1,#,confirmed,evt(ch32x035.h)+rm-address(CH32X035RM.PDF)
CH32X035,USBPD,R16_CONTROL,0x004,16,1,,,,#,reference,evt(ch32x035.h)
CH32X035,USBPD,USBPD_CONTROL,0x004,32,1,,,,#,reference,evt(ch32x035.h)
CH32X035,USBPD,TX_SEL,0x005,8,1,,,,#,reference,evt(ch32x035.h)
CH32X035,USBPD,BMC_TX_SZ,0x006,16,1,,,,#,reference,evt(ch32x035.h)
CH32X035,USBPD,DATA_BUF,0x008,8,1,,,,#,reference,evt(ch32x035.h)
CH32X035,USBPD,R16_STATUS,0x008,16,1,,,,#,reference,evt(ch32x035.h)
CH32X035,USBPD,USBPD_STATUS,0x008,32,1,,0x000000XX,ok:1,#,confirmed,evt(ch32x035.h)+rm-address(CH32X035RM.PDF)
CH32X035,USBPD,STATUS,0x009,8,1,,,,#,reference,evt(ch32x035.h)
CH32X035,USBPD,BMC_BYTE_CNT,0x00a,16,1,,,,#,reference,evt(ch32x035.h)
CH32X035,USBPD,PORT_CC1,0x00c,16,1,,,,#,reference,evt(ch32x035.h)
CH32X035,USBPD,USBPD_PORT,0x00c,32,1,,0x00030003,ok:1,#,confirmed,evt(ch32x035.h)+rm-address(CH32X035RM.PDF)
CH32X035,USBPD,PORT_CC2,0x00e,16,1,,,,#,reference,evt(ch32x035.h)
CH32X035,USBPD,DMA,0x010,16,1,,0x0000XXXX,ok:1,#,confirmed,evt(ch32x035.h)+rm-address(CH32X035RM.PDF)
CH32X035,USBPD,USBPD_DMA,0x010,32,1,,,,#,reference,evt(ch32x035.h)
CH32X035,WWDG,CTLR,0x000,32,1,WWDG_CTLR,0x007F,ok:1,#,confirmed,evt(ch32x035.h)+rm(CH32X035RM.PDF)+rm-address(CH32X035RM.PDF)
CH32X035,WWDG,CFGR,0x004,32,1,WWDG_CFGR,0x007F,ok:1,#,confirmed,evt(ch32x035.h)+rm(CH32X035RM.PDF)+rm-address(CH32X035RM.PDF)
CH32X035,WWDG,STATR,0x008,32,1,WWDG_STATR,0x0000,ok:1,#,confirmed,evt(ch32x035.h)+rm(CH32X035RM.PDF)+rm-address(CH32X035RM.PDF)
CH32X315,ADC,STATR,0x000,32,1,ADCx_STATR,0x00000000,ok:4,#,confirmed,evt(ch32x3x5.h)+rm(CH32X315RM.PDF)+rm-address(CH32X315RM.PDF)
CH32X315,ADC,CTLR1,0x004,32,1,ADCx_CTLR1,0x00000000,ok:4,#,confirmed,evt(ch32x3x5.h)+rm(CH32X315RM.PDF)+rm-address(CH32X315RM.PDF)
CH32X315,ADC,CTLR2,0x008,32,1,ADCx_CTLR2,0x00000020;0x000000D0,ok:4,#,confirmed,evt(ch32x3x5.h)+rm(CH32X315RM.PDF)+rm-address(CH32X315RM.PDF)
CH32X315,ADC,SAMPTR1,0x00c,32,1,ADCx_SAMPTR1,0x00000000,ok:4,#,confirmed,evt(ch32x3x5.h)+rm(CH32X315RM.PDF)+rm-address(CH32X315RM.PDF)
CH32X315,ADC,SAMPTR2,0x010,32,1,ADCx_SAMPTR2,0x00000000,ok:4,#,confirmed,evt(ch32x3x5.h)+rm(CH32X315RM.PDF)+rm-address(CH32X315RM.PDF)
CH32X315,ADC,IOFR1,0x014,32,1,,0x00000000,ok:4,#,confirmed,evt(ch32x3x5.h)+rm-address(CH32X315RM.PDF)
CH32X315,ADC,IOFR2,0x018,32,1,,0x00000000,ok:4,#,confirmed,evt(ch32x3x5.h)+rm-address(CH32X315RM.PDF)
CH32X315,ADC,IOFR3,0x01c,32,1,,0x00000000,ok:4,#,confirmed,evt(ch32x3x5.h)+rm-address(CH32X315RM.PDF)
CH32X315,ADC,IOFR4,0x020,32,1,,0x00000000,ok:4,#,confirmed,evt(ch32x3x5.h)+rm-address(CH32X315RM.PDF)
CH32X315,ADC,WDHTR,0x024,32,1,ADCx_WDHTR,0x00000FFF,ok:4,#,confirmed,evt(ch32x3x5.h)+rm(CH32X315RM.PDF)+rm-address(CH32X315RM.PDF)
CH32X315,ADC,WDLTR,0x028,32,1,ADCx_WDLTR,0x00000000,ok:4,#,confirmed,evt(ch32x3x5.h)+rm(CH32X315RM.PDF)+rm-address(CH32X315RM.PDF)
CH32X315,ADC,RSQR1,0x02c,32,1,ADCx_RSQR1,0x00000000,ok:4,#,confirmed,evt(ch32x3x5.h)+rm(CH32X315RM.PDF)+rm-address(CH32X315RM.PDF)
CH32X315,ADC,RSQR2,0x030,32,1,ADCx_RSQR2,0x00000000,ok:4,#,confirmed,evt(ch32x3x5.h)+rm(CH32X315RM.PDF)+rm-address(CH32X315RM.PDF)
CH32X315,ADC,RSQR3,0x034,32,1,ADCx_RSQR3,0x00000000,ok:4,#,confirmed,evt(ch32x3x5.h)+rm(CH32X315RM.PDF)+rm-address(CH32X315RM.PDF)
CH32X315,ADC,ISQR,0x038,32,1,ADCx_ISQR,0x00000000,ok:4,#,confirmed,evt(ch32x3x5.h)+rm(CH32X315RM.PDF)+rm-address(CH32X315RM.PDF)
CH32X315,ADC,IDATAR1,0x03c,32,1,,0x00000000,ok:4,#,confirmed,evt(ch32x3x5.h)+rm-address(CH32X315RM.PDF)
CH32X315,ADC,IDATAR2,0x040,32,1,,0x00000000,ok:4,#,confirmed,evt(ch32x3x5.h)+rm-address(CH32X315RM.PDF)
CH32X315,ADC,IDATAR3,0x044,32,1,,0x00000000,ok:4,#,confirmed,evt(ch32x3x5.h)+rm-address(CH32X315RM.PDF)
CH32X315,ADC,IDATAR4,0x048,32,1,,0x00000000,ok:4,#,confirmed,evt(ch32x3x5.h)+rm-address(CH32X315RM.PDF)
CH32X315,ADC,RDATAR,0x04c,32,1,ADCx_RDATAR,0x00000000,ok:4,#,confirmed,evt(ch32x3x5.h)+rm(CH32X315RM.PDF)+rm-address(CH32X315RM.PDF)
CH32X315,ADC,SMPMD,0x050,32,1,ADCx_SMPMD,0x00000000,ok:4,#,confirmed,evt(ch32x3x5.h)+rm(CH32X315RM.PDF)+rm-address(CH32X315RM.PDF)
CH32X315,ADC,UDP,0x054,32,1,ADCx_UDP,0x0000FF10,ok:4,#,confirmed,evt(ch32x3x5.h)+rm(CH32X315RM.PDF)+rm-address(CH32X315RM.PDF)
CH32X315,ADC,CONCFG,0x058,32,1,ADCx_CONCFG,0x00000000,ok:4,#,confirmed,evt(ch32x3x5.h)+rm(CH32X315RM.PDF)+rm-address(CH32X315RM.PDF)
CH32X315,ADC,SCANCNT,0x05c,32,1,ADCx_SCANCNT,0x00000000,ok:4,#,confirmed,evt(ch32x3x5.h)+rm(CH32X315RM.PDF)+rm-address(CH32X315RM.PDF)
CH32X315,AFIO,PCFR1,0x004,32,1,AFIO_PCFR1,0x00000000,ok:1,#,confirmed,evt(ch32x3x5.h)+rm(CH32X315RM.PDF)+rm-address(CH32X315RM.PDF)
CH32X315,AFIO,EXTICR,0x008,32,4,,0x00000000,ok:4,#,confirmed,evt(ch32x3x5.h)+rm-address(CH32X315RM.PDF)
CH32X315,AFIO,CR,0x018,32,1,AFIO_CR,0x00000000,ok:1,#,confirmed,evt(ch32x3x5.h)+rm(CH32X315RM.PDF)+rm-address(CH32X315RM.PDF)
CH32X315,AFIO,GPIOA_AFLR,0x020,32,1,,0x00000000,ok:1,#,confirmed,evt(ch32x3x5.h)+rm-address(CH32X315RM.PDF)
CH32X315,AFIO,GPIOA_AFHR,0x024,32,1,,0x00000000,ok:1,#,confirmed,evt(ch32x3x5.h)+rm-address(CH32X315RM.PDF)
CH32X315,AFIO,GPIOB_AFLR,0x028,32,1,,0x00000000,ok:1,#,confirmed,evt(ch32x3x5.h)+rm-address(CH32X315RM.PDF)
CH32X315,AFIO,GPIOB_AFHR,0x02c,32,1,,0x00000000,ok:1,#,confirmed,evt(ch32x3x5.h)+rm-address(CH32X315RM.PDF)
CH32X315,AFIO,GPIOC_AFLR,0x030,32,1,,0x00000000,ok:1,#,confirmed,evt(ch32x3x5.h)+rm-address(CH32X315RM.PDF)
CH32X315,AFIO,GPIOC_AFHR,0x034,32,1,,0x00000000,ok:1,#,confirmed,evt(ch32x3x5.h)+rm-address(CH32X315RM.PDF)
CH32X315,AFIO,GPIOD_AFLR,0x038,32,1,,0x00000000,ok:1,#,confirmed,evt(ch32x3x5.h)+rm-address(CH32X315RM.PDF)
CH32X315,AFIO,GPIOD_AFHR,0x03c,32,1,,0x00000000,ok:1,#,confirmed,evt(ch32x3x5.h)+rm-address(CH32X315RM.PDF)
CH32X315,ARGB,CTLR,0x000,32,1,,0x00000000,ok:1,#,confirmed,evt(ch32x3x5.h)+rm-address(CH32X315RM.PDF)
CH32X315,ARGB,DAT_ARR,0x004,32,1,,0x00000FFF,ok:1,#,confirmed,evt(ch32x3x5.h)+rm-address(CH32X315RM.PDF)
CH32X315,ARGB,RST_ARR,0x008,32,1,,0x0001FFFF,ok:1,#,confirmed,evt(ch32x3x5.h)+rm-address(CH32X315RM.PDF)
CH32X315,ARGB,CCRL,0x00c,32,1,,0x00000000,ok:1,#,confirmed,evt(ch32x3x5.h)+rm-address(CH32X315RM.PDF)
CH32X315,ARGB,CCRH,0x010,32,1,,0x00000000,ok:1,#,confirmed,evt(ch32x3x5.h)+rm-address(CH32X315RM.PDF)
CH32X315,ARGB,DAT_CYC,0x014,32,1,,0x00000000,ok:1,#,confirmed,evt(ch32x3x5.h)+rm-address(CH32X315RM.PDF)
CH32X315,ARGB,DATAR,0x018,32,1,,0x00000000,ok:1,#,confirmed,evt(ch32x3x5.h)+rm-address(CH32X315RM.PDF)
CH32X315,ARGB,STATR,0x01c,32,1,,0x00000000,ok:1,#,confirmed,evt(ch32x3x5.h)+rm-address(CH32X315RM.PDF)
CH32X315,ARGB,CNTR,0x020,32,1,,0x00000000,ok:1,#,confirmed,evt(ch32x3x5.h)+rm-address(CH32X315RM.PDF)
CH32X315,CRC,DATAR,0x000,32,1,CRC_DATAR,0xFFFFFFFF,ok:1,#,confirmed,evt(ch32x3x5.h)+rm(CH32X315RM.PDF)+rm-address(CH32X315RM.PDF)
CH32X315,CRC,IDATAR,0x004,8,1,CRC_IDATAR,0x00,ok:1,#,confirmed,evt(ch32x3x5.h)+rm(CH32X315RM.PDF)+rm-address(CH32X315RM.PDF)
CH32X315,CRC,CTLR,0x008,32,1,CRC_CTLR,0x00000000,ok:1,#,confirmed,evt(ch32x3x5.h)+rm(CH32X315RM.PDF)+rm-address(CH32X315RM.PDF)
CH32X315,DMA,INTFR,0x000,32,1,,0x00000000,ok:1,#,confirmed,evt(ch32x3x5.h)+rm-address(CH32X315RM.PDF)
CH32X315,DMA,INTFCR,0x004,32,1,,0x00000000,ok:1,#,confirmed,evt(ch32x3x5.h)+rm-address(CH32X315RM.PDF)
CH32X315,DMA_Channel,CFGR,0x000,32,1,,0x00000000,ok:11,#,confirmed,evt(ch32x3x5.h)+rm-address(CH32X315RM.PDF)
CH32X315,DMA_Channel,CNTR,0x004,32,1,,0x00000000,ok:11,#,confirmed,evt(ch32x3x5.h)+rm-address(CH32X315RM.PDF)
CH32X315,DMA_Channel,PADDR,0x008,32,1,,0x00000000,ok:11,#,confirmed,evt(ch32x3x5.h)+rm-address(CH32X315RM.PDF)
CH32X315,DMA_Channel,MADDR,0x00c,32,1,,0x00000000,ok:11,#,confirmed,evt(ch32x3x5.h)+rm-address(CH32X315RM.PDF)
CH32X315,DMA_Channel,M1ADDR,0x010,32,1,,,,#,reference,evt(ch32x3x5.h)
CH32X315,EXTEN,EXTEN_CTR,0x000,32,1,,0x00000000,ok:1,#,confirmed,evt(ch32x3x5.h)+rm-address(CH32X315RM.PDF)
CH32X315,EXTI,INTENR,0x000,32,1,EXTI_INTENR,0x00000000,ok:1,#,confirmed,evt(ch32x3x5.h)+rm(CH32X315RM.PDF)+rm-address(CH32X315RM.PDF)
CH32X315,EXTI,EVENR,0x004,32,1,EXTI_EVENR,0x00000000,ok:1,#,confirmed,evt(ch32x3x5.h)+rm(CH32X315RM.PDF)+rm-address(CH32X315RM.PDF)
CH32X315,EXTI,RTENR,0x008,32,1,EXTI_RTENR,0x00000000,ok:1,#,confirmed,evt(ch32x3x5.h)+rm(CH32X315RM.PDF)+rm-address(CH32X315RM.PDF)
CH32X315,EXTI,FTENR,0x00c,32,1,EXTI_FTENR,0x00000000,ok:1,#,confirmed,evt(ch32x3x5.h)+rm(CH32X315RM.PDF)+rm-address(CH32X315RM.PDF)
CH32X315,EXTI,SWIEVR,0x010,32,1,EXTI_SWIEVR,0x00000000,ok:1,#,confirmed,evt(ch32x3x5.h)+rm(CH32X315RM.PDF)+rm-address(CH32X315RM.PDF)
CH32X315,EXTI,INTFR,0x014,32,1,EXTI_INTFR,0x0000XXXX,ok:1,#,confirmed,evt(ch32x3x5.h)+rm(CH32X315RM.PDF)+rm-address(CH32X315RM.PDF)
CH32X315,FLASH,ACTLR,0x000,32,1,FLASH_ACTLR,0x0000X000,ok:1,#,confirmed,evt(ch32x3x5.h)+rm(CH32X315RM.PDF)+rm-address(CH32X315RM.PDF)
CH32X315,FLASH,KEYR,0x004,32,1,FLASH_KEYR,0xXXXXXXXX,ok:1,#,confirmed,evt(ch32x3x5.h)+rm(CH32X315RM.PDF)+rm-address(CH32X315RM.PDF)
CH32X315,FLASH,OBKEYR,0x008,32,1,FLASH_OBKEYR,0xXXXXXXXX,ok:1,#,confirmed,evt(ch32x3x5.h)+rm(CH32X315RM.PDF)+rm-address(CH32X315RM.PDF)
CH32X315,FLASH,STATR,0x00c,32,1,FLASH_STATR,0x00008000,ok:1,#,confirmed,evt(ch32x3x5.h)+rm(CH32X315RM.PDF)+rm-address(CH32X315RM.PDF)
CH32X315,FLASH,CTLR,0x010,32,1,FLASH_CTLR,0x00008080,ok:1,#,confirmed,evt(ch32x3x5.h)+rm(CH32X315RM.PDF)+rm-address(CH32X315RM.PDF)
CH32X315,FLASH,ADDR,0x014,32,1,FLASH_ADDR,0x00000000,ok:1,#,confirmed,evt(ch32x3x5.h)+rm(CH32X315RM.PDF)+rm-address(CH32X315RM.PDF)
CH32X315,FLASH,OBR,0x01c,32,1,FLASH_OBR,0x3FFFFFFE,ok:1,#,confirmed,evt(ch32x3x5.h)+rm(CH32X315RM.PDF)+rm-address(CH32X315RM.PDF)
CH32X315,FLASH,WPR,0x020,32,1,FLASH_WPR,0xXXXXXXXX,ok:1,#,confirmed,evt(ch32x3x5.h)+rm(CH32X315RM.PDF)+rm-address(CH32X315RM.PDF)
CH32X315,FLASH,MODEKEYR,0x024,32,1,FLASH_MODEKEYR,0xXXXXXXXX,ok:1,#,confirmed,evt(ch32x3x5.h)+rm(CH32X315RM.PDF)+rm-address(CH32X315RM.PDF)
CH32X315,FLASH,BOOT_MODEKEYR,0x028,32,1,,,,#,reference,evt(ch32x3x5.h)
CH32X315,GPIO,CFGLR,0x000,32,1,,0x44444444,ok:4,#,confirmed,evt(ch32x3x5.h)+rm-address(CH32X315RM.PDF)
CH32X315,GPIO,CFGHR,0x004,32,1,,0x44444444,ok:4,#,confirmed,evt(ch32x3x5.h)+rm-address(CH32X315RM.PDF)
CH32X315,GPIO,INDR,0x008,32,1,GPIOx_INDR,0x0000XXXX,ok:4,#,confirmed,evt(ch32x3x5.h)+rm(CH32X315RM.PDF)+rm-address(CH32X315RM.PDF)
CH32X315,GPIO,OUTDR,0x00c,32,1,GPIOx_OUTDR,0x00000000,ok:4,#,confirmed,evt(ch32x3x5.h)+rm(CH32X315RM.PDF)+rm-address(CH32X315RM.PDF)
CH32X315,GPIO,BSHR,0x010,32,1,GPIOx_BSHR,0x00000000,ok:4,#,confirmed,evt(ch32x3x5.h)+rm(CH32X315RM.PDF)+rm-address(CH32X315RM.PDF)
CH32X315,GPIO,BCR,0x014,32,1,GPIOx_BCR,0x00000000,ok:4,#,confirmed,evt(ch32x3x5.h)+rm(CH32X315RM.PDF)+rm-address(CH32X315RM.PDF)
CH32X315,GPIO,LCKR,0x018,32,1,GPIOx_LCKR,0x00000000,ok:4,#,confirmed,evt(ch32x3x5.h)+rm(CH32X315RM.PDF)+rm-address(CH32X315RM.PDF)
CH32X315,GPIO,SPEED,0x01c,32,1,GPIOx_SPEED,0x00000000,ok:4,#,confirmed,evt(ch32x3x5.h)+rm(CH32X315RM.PDF)+rm-address(CH32X315RM.PDF)
CH32X315,I2C,CTLR1,0x000,16,1,,0x0000,ok:2,#,confirmed,evt(ch32x3x5.h)+rm-address(CH32X315RM.PDF)
CH32X315,I2C,CTLR2,0x004,16,1,,0x0000,ok:2,#,confirmed,evt(ch32x3x5.h)+rm-address(CH32X315RM.PDF)
CH32X315,I2C,OADDR1,0x008,16,1,,0x0000,ok:2,#,confirmed,evt(ch32x3x5.h)+rm-address(CH32X315RM.PDF)
CH32X315,I2C,OADDR2,0x00c,16,1,,0x0000,ok:2,#,confirmed,evt(ch32x3x5.h)+rm-address(CH32X315RM.PDF)
CH32X315,I2C,DATAR,0x010,16,1,,0x0000,ok:2,#,confirmed,evt(ch32x3x5.h)+rm-address(CH32X315RM.PDF)
CH32X315,I2C,STAR1,0x014,16,1,,0x0000,ok:2,#,confirmed,evt(ch32x3x5.h)+rm-address(CH32X315RM.PDF)
CH32X315,I2C,STAR2,0x018,16,1,,0x0000,ok:2,#,confirmed,evt(ch32x3x5.h)+rm-address(CH32X315RM.PDF)
CH32X315,I2C,CKCFGR,0x01c,16,1,,0x0000,ok:2,#,confirmed,evt(ch32x3x5.h)+rm-address(CH32X315RM.PDF)
CH32X315,IWDG,CTLR,0x000,32,1,IWDG_CTLR,0x0000,ok:1,#,confirmed,evt(ch32x3x5.h)+rm(CH32X315RM.PDF)+rm-address(CH32X315RM.PDF)
CH32X315,IWDG,PSCR,0x004,32,1,IWDG_PSCR,0x0000,ok:1,#,confirmed,evt(ch32x3x5.h)+rm(CH32X315RM.PDF)+rm-address(CH32X315RM.PDF)
CH32X315,IWDG,RLDR,0x008,32,1,IWDG_RLDR,0x0FFF,ok:1,#,confirmed,evt(ch32x3x5.h)+rm(CH32X315RM.PDF)+rm-address(CH32X315RM.PDF)
CH32X315,IWDG,STATR,0x00c,32,1,IWDG_STATR,0x0000,ok:1,#,confirmed,evt(ch32x3x5.h)+rm(CH32X315RM.PDF)+rm-address(CH32X315RM.PDF)
CH32X315,OB,RDPR,0x000,16,1,,,,#,reference,evt(ch32x3x5.h)
CH32X315,OB,USER,0x002,16,1,,,,#,reference,evt(ch32x3x5.h)
CH32X315,OB,Data0,0x004,16,1,,,,#,reference,evt(ch32x3x5.h)
CH32X315,OB,Data1,0x006,16,1,,,,#,reference,evt(ch32x3x5.h)
CH32X315,OB,WRPR0,0x008,16,1,,,,#,reference,evt(ch32x3x5.h)
CH32X315,OB,WRPR1,0x00a,16,1,,,,#,reference,evt(ch32x3x5.h)
CH32X315,OB,WRPR2,0x00c,16,1,,,,#,reference,evt(ch32x3x5.h)
CH32X315,OB,WRPR3,0x00e,16,1,,,,#,reference,evt(ch32x3x5.h)
CH32X315,PWR,CTLR,0x000,32,1,PWR_CTLR,0x00002D00,ok:1,#,confirmed,evt(ch32x3x5.h)+rm(CH32X315RM.PDF)+rm-address(CH32X315RM.PDF)
CH32X315,PWR,CSR,0x004,32,1,PWR_CSR,0x00000000,ok:1,#,confirmed,evt(ch32x3x5.h)+rm(CH32X315RM.PDF)+rm-address(CH32X315RM.PDF)
CH32X315,RCC,CTLR,0x000,32,1,RCC_CTLR,0x00000003,ok:1,#,confirmed,evt(ch32x3x5.h)+rm(CH32X315RM.PDF)+rm-address(CH32X315RM.PDF)
CH32X315,RCC,CFGR0,0x004,32,1,RCC_CFGR0,0x00000000,ok:1,#,confirmed,evt(ch32x3x5.h)+rm(CH32X315RM.PDF)+rm-address(CH32X315RM.PDF)
CH32X315,RCC,INTR,0x008,32,1,RCC_INTR,0x00000000,ok:1,#,confirmed,evt(ch32x3x5.h)+rm(CH32X315RM.PDF)+rm-address(CH32X315RM.PDF)
CH32X315,RCC,HB2PRSTR,0x00c,32,1,RCC_HB2PRSTR,0x00000000,ok:1,#,confirmed,evt(ch32x3x5.h)+rm(CH32X315RM.PDF)+rm-address(CH32X315RM.PDF)
CH32X315,RCC,HB1PRSTR,0x010,32,1,RCC_HB1PRSTR,0x00000000,ok:1,#,confirmed,evt(ch32x3x5.h)+rm(CH32X315RM.PDF)+rm-address(CH32X315RM.PDF)
CH32X315,RCC,HBPCENR,0x014,32,1,RCC_HBPCENR,0x00000000,ok:1,#,confirmed,evt(ch32x3x5.h)+rm(CH32X315RM.PDF)+rm-address(CH32X315RM.PDF)
CH32X315,RCC,HB2PCENR,0x018,32,1,RCC_HB2PCENR,0x00000000,ok:1,#,confirmed,evt(ch32x3x5.h)+rm(CH32X315RM.PDF)+rm-address(CH32X315RM.PDF)
CH32X315,RCC,HB1PCENR,0x01c,32,1,RCC_HB1PCENR,0x00000000,ok:1,#,confirmed,evt(ch32x3x5.h)+rm(CH32X315RM.PDF)+rm-address(CH32X315RM.PDF)
CH32X315,RCC,RSTSCKR,0x024,32,1,RCC_RSTSCKR,0x08000000,ok:1,#,confirmed,evt(ch32x3x5.h)+rm(CH32X315RM.PDF)+rm-address(CH32X315RM.PDF)
CH32X315,RCC,HBRSTR,0x028,32,1,RCC_HBRSTR,0x00000000,ok:1,#,confirmed,evt(ch32x3x5.h)+rm(CH32X315RM.PDF)+rm-address(CH32X315RM.PDF)
CH32X315,RCC,CFGR2,0x02c,32,1,RCC_CFGR2,0x10000001,ok:1,#,confirmed,evt(ch32x3x5.h)+rm(CH32X315RM.PDF)+rm-address(CH32X315RM.PDF)
CH32X315,RTC,CTLRH,0x000,16,1,RTC_CTLRH,0x0000,ok:1,#,confirmed,evt(ch32x3x5.h)+rm(CH32X315RM.PDF)+rm-address(CH32X315RM.PDF)
CH32X315,RTC,CTLRL,0x004,32,1,RTC_CTLRL,0x0020,ok:1,#,confirmed,evt(ch32x3x5.h)+rm(CH32X315RM.PDF)+rm-address(CH32X315RM.PDF)
CH32X315,RTC,PSCRH,0x008,16,1,RTC_PSCRH,0x000X,ok:1,#,confirmed,evt(ch32x3x5.h)+rm(CH32X315RM.PDF)+rm-address(CH32X315RM.PDF)
CH32X315,RTC,PSCRL,0x00c,16,1,RTC_PSCRL,0xXXXX,ok:1,#,confirmed,evt(ch32x3x5.h)+rm(CH32X315RM.PDF)+rm-address(CH32X315RM.PDF)
CH32X315,RTC,DIVH,0x010,16,1,RTC_DIVH,0x000X,ok:1,#,confirmed,evt(ch32x3x5.h)+rm(CH32X315RM.PDF)+rm-address(CH32X315RM.PDF)
CH32X315,RTC,DIVL,0x014,16,1,RTC_DIVL,0xXXXX,ok:1,#,confirmed,evt(ch32x3x5.h)+rm(CH32X315RM.PDF)+rm-address(CH32X315RM.PDF)
CH32X315,RTC,CNTH,0x018,16,1,RTC_CNTH,0xXXXX,ok:1,#,confirmed,evt(ch32x3x5.h)+rm(CH32X315RM.PDF)+rm-address(CH32X315RM.PDF)
CH32X315,RTC,CNTL,0x01c,16,1,RTC_CNTL,0xXXXX,ok:1,#,confirmed,evt(ch32x3x5.h)+rm(CH32X315RM.PDF)+rm-address(CH32X315RM.PDF)
CH32X315,RTC,ALRMH,0x020,16,1,RTC_ALRMH,0xXXXX,ok:1,#,confirmed,evt(ch32x3x5.h)+rm(CH32X315RM.PDF)+rm-address(CH32X315RM.PDF)
CH32X315,RTC,ALRML,0x024,16,1,RTC_ALRML,0xXXXX,ok:1,#,confirmed,evt(ch32x3x5.h)+rm(CH32X315RM.PDF)+rm-address(CH32X315RM.PDF)
CH32X315,SPI,CTLR1,0x000,16,1,SPIx_CTLR1,0x0000,ok:3,#,confirmed,evt(ch32x3x5.h)+rm(CH32X315RM.PDF)+rm-address(CH32X315RM.PDF)
CH32X315,SPI,CTLR2,0x004,16,1,SPIx_CTLR2,0x0000,ok:3,#,confirmed,evt(ch32x3x5.h)+rm(CH32X315RM.PDF)+rm-address(CH32X315RM.PDF)
CH32X315,SPI,STATR,0x008,16,1,SPIx_STATR,0x0002,ok:3,#,confirmed,evt(ch32x3x5.h)+rm(CH32X315RM.PDF)+rm-address(CH32X315RM.PDF)
CH32X315,SPI,DATAR,0x00c,16,1,SPIx_DATAR,0x0000,ok:3,#,confirmed,evt(ch32x3x5.h)+rm(CH32X315RM.PDF)+rm-address(CH32X315RM.PDF)
CH32X315,SPI,CRCR,0x010,16,1,SPIx_CRCR,0x0007,ok:3,#,confirmed,evt(ch32x3x5.h)+rm(CH32X315RM.PDF)+rm-address(CH32X315RM.PDF)
CH32X315,SPI,RCRCR,0x014,16,1,SPIx_RCRCR,0x0000,ok:3,#,confirmed,evt(ch32x3x5.h)+rm(CH32X315RM.PDF)+rm-address(CH32X315RM.PDF)
CH32X315,SPI,TCRCR,0x018,16,1,SPIx_TCRCR,0x0000,ok:3,#,confirmed,evt(ch32x3x5.h)+rm(CH32X315RM.PDF)+rm-address(CH32X315RM.PDF)
CH32X315,SPI,HSCR,0x024,16,1,SPIx_HSCR,0x0000,ok:3,#,confirmed,evt(ch32x3x5.h)+rm(CH32X315RM.PDF)+rm-address(CH32X315RM.PDF)
CH32X315,TIM,CTLR1,0x000,16,1,TIMx_CTLR1,0x0000,ok:4,#,confirmed,evt(ch32x3x5.h)+rm(CH32X315RM.PDF)+rm-address(CH32X315RM.PDF)
CH32X315,TIM,CTLR2,0x004,16,1,TIMx_CTLR2,0x0000,ok:4,#,confirmed,evt(ch32x3x5.h)+rm(CH32X315RM.PDF)+rm-address(CH32X315RM.PDF)
CH32X315,TIM,SMCFGR,0x008,16,1,TIMx_SMCFGR,0x0000,ok:4,#,confirmed,evt(ch32x3x5.h)+rm(CH32X315RM.PDF)+rm-address(CH32X315RM.PDF)
CH32X315,TIM,DMAINTENR,0x00c,16,1,TIMx_DMAINTENR,0x0000,ok:4,#,confirmed,evt(ch32x3x5.h)+rm(CH32X315RM.PDF)+rm-address(CH32X315RM.PDF)
CH32X315,TIM,INTFR,0x010,16,1,TIMx_INTFR,0x0000,ok:4,#,confirmed,evt(ch32x3x5.h)+rm(CH32X315RM.PDF)+rm-address(CH32X315RM.PDF)
CH32X315,TIM,SWEVGR,0x014,16,1,TIMx_SWEVGR,0x0000,ok:4,#,confirmed,evt(ch32x3x5.h)+rm(CH32X315RM.PDF)+rm-address(CH32X315RM.PDF)
CH32X315,TIM,CHCTLR1,0x018,16,1,TIMx_CHCTLR1,0x0000,ok:4,#,confirmed,evt(ch32x3x5.h)+rm(CH32X315RM.PDF)+rm-address(CH32X315RM.PDF)
CH32X315,TIM,CHCTLR2,0x01c,16,1,TIMx_CHCTLR2,0x0000,ok:4,#,confirmed,evt(ch32x3x5.h)+rm(CH32X315RM.PDF)+rm-address(CH32X315RM.PDF)
CH32X315,TIM,CCER,0x020,16,1,TIMx_CCER,0x0000,ok:4,#,confirmed,evt(ch32x3x5.h)+rm(CH32X315RM.PDF)+rm-address(CH32X315RM.PDF)
CH32X315,TIM,CNT,0x024,16,1,TIMx_CNT,0x0000;0x00000000,ok:4,#,confirmed,evt(ch32x3x5.h)+rm(CH32X315RM.PDF)+rm-address(CH32X315RM.PDF)
CH32X315,TIM,CNT_TIM4,0x024,32,1,,,,#,reference,evt(ch32x3x5.h)
CH32X315,TIM,PSC,0x028,16,1,TIMx_PSC,0x0000,ok:4,#,confirmed,evt(ch32x3x5.h)+rm(CH32X315RM.PDF)+rm-address(CH32X315RM.PDF)
CH32X315,TIM,ATRLR,0x02c,16,1,TIMx_ATRLR,0xFFFF;0xFFFFFFFF,ok:4,#,confirmed,evt(ch32x3x5.h)+rm(CH32X315RM.PDF)+rm-address(CH32X315RM.PDF)
CH32X315,TIM,ATRLR_TIM4,0x02c,32,1,,,,#,reference,evt(ch32x3x5.h)
CH32X315,TIM,RPTCR,0x030,16,1,TIM1_RPTCR,0x0000,ok:1,#,confirmed,evt(ch32x3x5.h)+rm(CH32X315RM.PDF)+rm-address(CH32X315RM.PDF)
CH32X315,TIM,CH1CVR,0x034,32,1,TIMx_CH1CVR,0x00000000;0x000000000,ok:4,#,confirmed,evt(ch32x3x5.h)+rm(CH32X315RM.PDF)+rm-address(CH32X315RM.PDF)
CH32X315,TIM,CH1CVR_TIM4,0x034,32,1,,,,#,reference,evt(ch32x3x5.h)
CH32X315,TIM,CH2CVR,0x038,32,1,TIMx_CH2CVR,0x00000000,ok:4,#,confirmed,evt(ch32x3x5.h)+rm(CH32X315RM.PDF)+rm-address(CH32X315RM.PDF)
CH32X315,TIM,CH2CVR_TIM4,0x038,32,1,,,,#,reference,evt(ch32x3x5.h)
CH32X315,TIM,CH3CVR,0x03c,32,1,TIM1_CH3CVR,0x00000000,ok:4,#,confirmed,evt(ch32x3x5.h)+rm(CH32X315RM.PDF)+rm-address(CH32X315RM.PDF)
CH32X315,TIM,CH3CVR_TIM4,0x03c,32,1,,,,#,reference,evt(ch32x3x5.h)
CH32X315,TIM,CH4CVR,0x040,32,1,TIM1_CH4CVR,0x00000000,ok:4,#,confirmed,evt(ch32x3x5.h)+rm(CH32X315RM.PDF)+rm-address(CH32X315RM.PDF)
CH32X315,TIM,CH4CVR_TIM4,0x040,32,1,,,,#,reference,evt(ch32x3x5.h)
CH32X315,TIM,BDTR,0x044,16,1,TIM1_BDTR,0x0000,ok:1,#,confirmed,evt(ch32x3x5.h)+rm(CH32X315RM.PDF)+rm-address(CH32X315RM.PDF)
CH32X315,TIM,DMACFGR,0x048,16,1,TIMx_DMACFGR,0x0000,ok:4,#,confirmed,evt(ch32x3x5.h)+rm(CH32X315RM.PDF)+rm-address(CH32X315RM.PDF)
CH32X315,TIM,DMAADR,0x04c,16,1,TIMx_DMAADR,0x0000;0x00000000,ok:4,#,confirmed,evt(ch32x3x5.h)+rm(CH32X315RM.PDF)+rm-address(CH32X315RM.PDF)
CH32X315,TIM,DMAADR_R32,0x04c,32,1,,,,#,reference,evt(ch32x3x5.h)
CH32X315,USART,STATR,0x000,16,1,USARTx_STATR,0x000000C0,ok:4,#,confirmed,evt(ch32x3x5.h)+rm(CH32X315RM.PDF)+rm-address(CH32X315RM.PDF)
CH32X315,USART,DATAR,0x004,16,1,USARTx_DATAR,0x000000XX,ok:4,#,confirmed,evt(ch32x3x5.h)+rm(CH32X315RM.PDF)+rm-address(CH32X315RM.PDF)
CH32X315,USART,BRR,0x008,32,1,USARTx_BRR,0x00000000,ok:4,#,confirmed,evt(ch32x3x5.h)+rm(CH32X315RM.PDF)+rm-address(CH32X315RM.PDF)
CH32X315,USART,CTLR1,0x00c,16,1,USARTx_CTLR1,0x00000000,ok:4,#,confirmed,evt(ch32x3x5.h)+rm(CH32X315RM.PDF)+rm-address(CH32X315RM.PDF)
CH32X315,USART,CTLR2,0x010,16,1,USARTx_CTLR2,0x00000000,ok:4,#,confirmed,evt(ch32x3x5.h)+rm(CH32X315RM.PDF)+rm-address(CH32X315RM.PDF)
CH32X315,USART,CTLR3,0x014,16,1,USARTx_CTLR3,0x00000000,ok:4,#,confirmed,evt(ch32x3x5.h)+rm(CH32X315RM.PDF)+rm-address(CH32X315RM.PDF)
CH32X315,USART,GPR,0x018,16,1,USARTx_GPR,0x00000000,ok:4,#,confirmed,evt(ch32x3x5.h)+rm(CH32X315RM.PDF)+rm-address(CH32X315RM.PDF)
CH32X315,USART,CTLR4,0x01c,16,1,USARTx_CTLR4,0x00000000,ok:4,#,confirmed,evt(ch32x3x5.h)+rm(CH32X315RM.PDF)+rm-address(CH32X315RM.PDF)
CH32X315,USBHSD,CONTROL,0x000,8,1,,,,#,reference,evt(ch32x3x5.h)
CH32X315,USBHSD,BASE_MODE,0x001,8,1,,,,#,reference,evt(ch32x3x5.h)
CH32X315,USBHSD,INT_EN,0x002,8,1,,,,#,reference,evt(ch32x3x5.h)
CH32X315,USBHSD,DEV_AD,0x003,8,1,,,,#,reference,evt(ch32x3x5.h)
CH32X315,USBHSD,WAKE_CTRL,0x004,8,1,,,,#,reference,evt(ch32x3x5.h)
CH32X315,USBHSD,TEST_MODE,0x005,8,1,,,,#,reference,evt(ch32x3x5.h)
CH32X315,USBHSD,LPM_DATA,0x006,16,1,,,,#,reference,evt(ch32x3x5.h)
CH32X315,USBHSD,INT_FG,0x008,8,1,,,,#,reference,evt(ch32x3x5.h)
CH32X315,USBHSD,INT_ST,0x009,8,1,,,,#,reference,evt(ch32x3x5.h)
CH32X315,USBHSD,MIS_ST,0x00a,8,1,,,,#,reference,evt(ch32x3x5.h)
CH32X315,USBHSD,FRAME_NO,0x00c,16,1,,,,#,reference,evt(ch32x3x5.h)
CH32X315,USBHSD,BUS,0x00e,16,1,,,,#,reference,evt(ch32x3x5.h)
CH32X315,USBHSD,UEP_TX_EN,0x010,16,1,,,,#,reference,evt(ch32x3x5.h)
CH32X315,USBHSD,UEP_RX_EN,0x012,16,1,,,,#,reference,evt(ch32x3x5.h)
CH32X315,USBHSD,UEP_TX_TOG_AUTO,0x014,16,1,,,,#,reference,evt(ch32x3x5.h)
CH32X315,USBHSD,UEP_RX_TOG_AUTO,0x016,16,1,,,,#,reference,evt(ch32x3x5.h)
CH32X315,USBHSD,UEP_TX_BURST,0x018,8,1,,,,#,reference,evt(ch32x3x5.h)
CH32X315,USBHSD,UEP_TX_BURST_MODE,0x019,8,1,,,,#,reference,evt(ch32x3x5.h)
CH32X315,USBHSD,UEP_RX_BURST,0x01a,8,1,,,,#,reference,evt(ch32x3x5.h)
CH32X315,USBHSD,UEP_RX_RES_MODE,0x01b,8,1,,,,#,reference,evt(ch32x3x5.h)
CH32X315,USBHSD,UEP_AF_MODE,0x01c,32,1,,,,#,reference,evt(ch32x3x5.h)
CH32X315,USBHSD,UEP0_DMA,0x020,32,1,,,,#,reference,evt(ch32x3x5.h)
CH32X315,USBHSD,UEP1_RX_DMA,0x024,32,1,,,,#,reference,evt(ch32x3x5.h)
CH32X315,USBHSD,UEP2_RX_DMA,0x028,32,1,,,,#,reference,evt(ch32x3x5.h)
CH32X315,USBHSD,UEP3_RX_DMA,0x02c,32,1,,,,#,reference,evt(ch32x3x5.h)
CH32X315,USBHSD,UEP4_RX_DMA,0x030,32,1,,,,#,reference,evt(ch32x3x5.h)
CH32X315,USBHSD,UEP5_RX_DMA,0x034,32,1,,,,#,reference,evt(ch32x3x5.h)
CH32X315,USBHSD,UEP6_RX_DMA,0x038,32,1,,,,#,reference,evt(ch32x3x5.h)
CH32X315,USBHSD,UEP7_RX_DMA,0x03c,32,1,,,,#,reference,evt(ch32x3x5.h)
CH32X315,USBHSD,UEP1_TX_DMA,0x040,32,1,,,,#,reference,evt(ch32x3x5.h)
CH32X315,USBHSD,UEP2_TX_DMA,0x044,32,1,,,,#,reference,evt(ch32x3x5.h)
CH32X315,USBHSD,UEP3_TX_DMA,0x048,32,1,,,,#,reference,evt(ch32x3x5.h)
CH32X315,USBHSD,UEP4_TX_DMA,0x04c,32,1,,,,#,reference,evt(ch32x3x5.h)
CH32X315,USBHSD,UEP5_TX_DMA,0x050,32,1,,,,#,reference,evt(ch32x3x5.h)
CH32X315,USBHSD,UEP6_TX_DMA,0x054,32,1,,,,#,reference,evt(ch32x3x5.h)
CH32X315,USBHSD,UEP7_TX_DMA,0x058,32,1,,,,#,reference,evt(ch32x3x5.h)
CH32X315,USBHSD,UEP0_MAX_LEN,0x05c,32,1,,,,#,reference,evt(ch32x3x5.h)
CH32X315,USBHSD,UEP1_MAX_LEN,0x060,32,1,,,,#,reference,evt(ch32x3x5.h)
CH32X315,USBHSD,UEP2_MAX_LEN,0x064,32,1,,,,#,reference,evt(ch32x3x5.h)
CH32X315,USBHSD,UEP3_MAX_LEN,0x068,32,1,,,,#,reference,evt(ch32x3x5.h)
CH32X315,USBHSD,UEP4_MAX_LEN,0x06c,32,1,,,,#,reference,evt(ch32x3x5.h)
CH32X315,USBHSD,UEP5_MAX_LEN,0x070,32,1,,,,#,reference,evt(ch32x3x5.h)
CH32X315,USBHSD,UEP6_MAX_LEN,0x074,32,1,,,,#,reference,evt(ch32x3x5.h)
CH32X315,USBHSD,UEP7_MAX_LEN,0x078,32,1,,,,#,reference,evt(ch32x3x5.h)
CH32X315,USBHSD,UEP0_RX_LEN,0x07c,16,1,,,,#,reference,evt(ch32x3x5.h)
CH32X315,USBHSD,UEP1_RX_LEN,0x080,16,1,,,,#,reference,evt(ch32x3x5.h)
CH32X315,USBHSD,UEP1_RX_SIZE,0x082,16,1,,,,#,reference,evt(ch32x3x5.h)
CH32X315,USBHSD,UEP2_RX_LEN,0x084,16,1,,,,#,reference,evt(ch32x3x5.h)
CH32X315,USBHSD,UEP2_RX_SIZE,0x086,16,1,,,,#,reference,evt(ch32x3x5.h)
CH32X315,USBHSD,UEP3_RX_LEN,0x088,16,1,,,,#,reference,evt(ch32x3x5.h)
CH32X315,USBHSD,UEP3_RX_SIZE,0x08a,16,1,,,,#,reference,evt(ch32x3x5.h)
CH32X315,USBHSD,UEP4_RX_LEN,0x08c,16,1,,,,#,reference,evt(ch32x3x5.h)
CH32X315,USBHSD,UEP4_RX_SIZE,0x08e,16,1,,,,#,reference,evt(ch32x3x5.h)
CH32X315,USBHSD,UEP5_RX_LEN,0x090,16,1,,,,#,reference,evt(ch32x3x5.h)
CH32X315,USBHSD,UEP5_RX_SIZE,0x092,16,1,,,,#,reference,evt(ch32x3x5.h)
CH32X315,USBHSD,UEP6_RX_LEN,0x094,16,1,,,,#,reference,evt(ch32x3x5.h)
CH32X315,USBHSD,UEP6_RX_SIZE,0x096,16,1,,,,#,reference,evt(ch32x3x5.h)
CH32X315,USBHSD,UEP7_RX_LEN,0x098,16,1,,,,#,reference,evt(ch32x3x5.h)
CH32X315,USBHSD,UEP7_RX_SIZE,0x09a,16,1,,,,#,reference,evt(ch32x3x5.h)
CH32X315,USBHSD,UEP0_TX_LEN,0x09c,16,1,,,,#,reference,evt(ch32x3x5.h)
CH32X315,USBHSD,UEP0_TX_CTRL,0x09e,8,1,,,,#,reference,evt(ch32x3x5.h)
CH32X315,USBHSD,UEP0_RX_CTRL,0x09f,8,1,,,,#,reference,evt(ch32x3x5.h)
CH32X315,USBHSD,UEP1_TX_LEN,0x0a0,16,1,,,,#,reference,evt(ch32x3x5.h)
CH32X315,USBHSD,UEP1_TX_CTRL,0x0a2,8,1,,,,#,reference,evt(ch32x3x5.h)
CH32X315,USBHSD,UEP1_RX_CTRL,0x0a3,8,1,,,,#,reference,evt(ch32x3x5.h)
CH32X315,USBHSD,UEP2_TX_LEN,0x0a4,16,1,,,,#,reference,evt(ch32x3x5.h)
CH32X315,USBHSD,UEP2_TX_CTRL,0x0a6,8,1,,,,#,reference,evt(ch32x3x5.h)
CH32X315,USBHSD,UEP2_RX_CTRL,0x0a7,8,1,,,,#,reference,evt(ch32x3x5.h)
CH32X315,USBHSD,UEP3_TX_LEN,0x0a8,16,1,,,,#,reference,evt(ch32x3x5.h)
CH32X315,USBHSD,UEP3_TX_CTRL,0x0aa,8,1,,,,#,reference,evt(ch32x3x5.h)
CH32X315,USBHSD,UEP3_RX_CTRL,0x0ab,8,1,,,,#,reference,evt(ch32x3x5.h)
CH32X315,USBHSD,UEP4_TX_LEN,0x0ac,16,1,,,,#,reference,evt(ch32x3x5.h)
CH32X315,USBHSD,UEP4_TX_CTRL,0x0ae,8,1,,,,#,reference,evt(ch32x3x5.h)
CH32X315,USBHSD,UEP4_RX_CTRL,0x0af,8,1,,,,#,reference,evt(ch32x3x5.h)
CH32X315,USBHSD,UEP5_TX_LEN,0x0b0,16,1,,,,#,reference,evt(ch32x3x5.h)
CH32X315,USBHSD,UEP5_TX_CTRL,0x0b2,8,1,,,,#,reference,evt(ch32x3x5.h)
CH32X315,USBHSD,UEP5_RX_CTRL,0x0b3,8,1,,,,#,reference,evt(ch32x3x5.h)
CH32X315,USBHSD,UEP6_TX_LEN,0x0b4,16,1,,,,#,reference,evt(ch32x3x5.h)
CH32X315,USBHSD,UEP6_TX_CTRL,0x0b6,8,1,,,,#,reference,evt(ch32x3x5.h)
CH32X315,USBHSD,UEP6_RX_CTRL,0x0b7,8,1,,,,#,reference,evt(ch32x3x5.h)
CH32X315,USBHSD,UEP7_TX_LEN,0x0b8,16,1,,,,#,reference,evt(ch32x3x5.h)
CH32X315,USBHSD,UEP7_TX_CTRL,0x0ba,8,1,,,,#,reference,evt(ch32x3x5.h)
CH32X315,USBHSD,UEP7_RX_CTRL,0x0bb,8,1,,,,#,reference,evt(ch32x3x5.h)
CH32X315,USBHSD,UEP_TX_ISO,0x0bc,16,1,,,,#,reference,evt(ch32x3x5.h)
CH32X315,USBHSD,UEP_RX_ISO,0x0be,16,1,,,,#,reference,evt(ch32x3x5.h)
CH32X315,USBHSD,UEP1_RX_FIFO,0x0c0,32,1,,,,#,reference,evt(ch32x3x5.h)
CH32X315,USBHSD,UEP2_RX_FIFO,0x0c4,32,1,,,,#,reference,evt(ch32x3x5.h)
CH32X315,USBHSD,UEP3_RX_FIFO,0x0c8,32,1,,,,#,reference,evt(ch32x3x5.h)
CH32X315,USBHSD,UEP4_RX_FIFO,0x0cc,32,1,,,,#,reference,evt(ch32x3x5.h)
CH32X315,USBHSD,UEP5_RX_FIFO,0x0d0,32,1,,,,#,reference,evt(ch32x3x5.h)
CH32X315,USBHSD,UEP6_RX_FIFO,0x0d4,32,1,,,,#,reference,evt(ch32x3x5.h)
CH32X315,USBHSD,UEP7_RX_FIFO,0x0d8,32,1,,,,#,reference,evt(ch32x3x5.h)
CH32X315,USBHSD,UEP1_TX_FIFO,0x0dc,32,1,,,,#,reference,evt(ch32x3x5.h)
CH32X315,USBHSD,UEP2_TX_FIFO,0x0e0,32,1,,,,#,reference,evt(ch32x3x5.h)
CH32X315,USBHSD,UEP3_TX_FIFO,0x0e4,32,1,,,,#,reference,evt(ch32x3x5.h)
CH32X315,USBHSD,UEP4_TX_FIFO,0x0e8,32,1,,,,#,reference,evt(ch32x3x5.h)
CH32X315,USBHSD,UEP5_TX_FIFO,0x0ec,32,1,,,,#,reference,evt(ch32x3x5.h)
CH32X315,USBHSD,UEP6_TX_FIFO,0x0f0,32,1,,,,#,reference,evt(ch32x3x5.h)
CH32X315,USBHSD,UEP7_TX_FIFO,0x0f4,32,1,,,,#,reference,evt(ch32x3x5.h)
CH32X315,USBHSH,CFG,0x000,8,1,,,,#,reference,evt(ch32x3x5.h)
CH32X315,USBHSH,INT_EN,0x002,8,1,,,,#,reference,evt(ch32x3x5.h)
CH32X315,USBHSH,DEV_ADDR,0x003,8,1,,,,#,reference,evt(ch32x3x5.h)
CH32X315,USBHSH,CONTROL,0x004,32,1,,,,#,reference,evt(ch32x3x5.h)
CH32X315,USBHSH,INT_FLAG,0x008,8,1,,,,#,reference,evt(ch32x3x5.h)
CH32X315,USBHSH,INT_ST,0x009,8,1,,,,#,reference,evt(ch32x3x5.h)
CH32X315,USBHSH,MIS_ST,0x00a,8,1,,,,#,reference,evt(ch32x3x5.h)
CH32X315,USBHSH,LPM,0x00c,32,1,,,,#,reference,evt(ch32x3x5.h)
CH32X315,USBHSH,SPLIT,0x010,32,1,,,,#,reference,evt(ch32x3x5.h)
CH32X315,USBHSH,FRAME,0x014,32,1,,,,#,reference,evt(ch32x3x5.h)
CH32X315,USBHSH,TX_LEN,0x018,32,1,,,,#,reference,evt(ch32x3x5.h)
CH32X315,USBHSH,RX_LEN,0x01c,32,1,,,,#,reference,evt(ch32x3x5.h)
CH32X315,USBHSH,RX_MAX_LEN,0x020,32,1,,,,#,reference,evt(ch32x3x5.h)
CH32X315,USBHSH,RX_DMA,0x024,32,1,,,,#,reference,evt(ch32x3x5.h)
CH32X315,USBHSH,TX_DMA,0x028,32,1,,,,#,reference,evt(ch32x3x5.h)
CH32X315,USBHSH,PORT_CTRL,0x02c,32,1,,,,#,reference,evt(ch32x3x5.h)
CH32X315,USBHSH,PORT_CFG,0x030,8,1,,,,#,reference,evt(ch32x3x5.h)
CH32X315,USBHSH,PORT_INT_EN,0x032,8,1,,,,#,reference,evt(ch32x3x5.h)
CH32X315,USBHSH,PORT_TEST_CT,0x033,8,1,,,,#,reference,evt(ch32x3x5.h)
CH32X315,USBHSH,PORT_STATUS,0x034,16,1,,,,#,reference,evt(ch32x3x5.h)
CH32X315,USBHSH,PORT_STATUS_CHG,0x036,8,1,,,,#,reference,evt(ch32x3x5.h)
CH32X315,USBHSH,ROOT_BC_CTRL,0x03c,32,1,,,,#,reference,evt(ch32x3x5.h)
CH32X315,USBHSI,HSI_CAL_CR,0x000,32,1,,,,#,reference,evt(ch32x3x5.h)
CH32X315,USBPD,CONFIG,0x000,16,1,,0x00000002,ok:1,#,confirmed,evt(ch32x3x5.h)+rm-address(CH32X315RM.PDF)
CH32X315,USBPD,USBPD_CONFIG,0x000,32,1,,,,#,reference,evt(ch32x3x5.h)
CH32X315,USBPD,BMC_CLK_CNT,0x002,16,1,,,,#,reference,evt(ch32x3x5.h)
CH32X315,USBPD,CONTROL,0x004,8,1,,0x00000000,ok:1,#,confirmed,evt(ch32x3x5.h)+rm-address(CH32X315RM.PDF)
CH32X315,USBPD,R16_CONTROL,0x004,16,1,,,,#,reference,evt(ch32x3x5.h)
CH32X315,USBPD,USBPD_CONTROL,0x004,32,1,,,,#,reference,evt(ch32x3x5.h)
CH32X315,USBPD,TX_SEL,0x005,8,1,,,,#,reference,evt(ch32x3x5.h)
CH32X315,USBPD,BMC_TX_SZ,0x006,16,1,,,,#,reference,evt(ch32x3x5.h)
CH32X315,USBPD,DATA_BUF,0x008,8,1,,,,#,reference,evt(ch32x3x5.h)
CH32X315,USBPD,R16_STATUS,0x008,16,1,,,,#,reference,evt(ch32x3x5.h)
CH32X315,USBPD,USBPD_STATUS,0x008,32,1,,0x000000XX,ok:1,#,confirmed,evt(ch32x3x5.h)+rm-address(CH32X315RM.PDF)
CH32X315,USBPD,STATUS,0x009,8,1,,,,#,reference,evt(ch32x3x5.h)
CH32X315,USBPD,BMC_BYTE_CNT,0x00a,16,1,,,,#,reference,evt(ch32x3x5.h)
CH32X315,USBPD,PORT_CC1,0x00c,16,1,,,,#,reference,evt(ch32x3x5.h)
CH32X315,USBPD,USBPD_PORT,0x00c,32,1,,0x00030003,ok:1,#,confirmed,evt(ch32x3x5.h)+rm-address(CH32X315RM.PDF)
CH32X315,USBPD,PORT_CC2,0x00e,16,1,,,,#,reference,evt(ch32x3x5.h)
CH32X315,USBPD,USBPD_DMA,0x010,32,1,,0x00XXXXXX,ok:1,#,confirmed,evt(ch32x3x5.h)+rm-address(CH32X315RM.PDF)
CH32X315,USBSSD,LINK_CFG,0x000,32,1,,,,#,reference,evt(ch32x3x5.h)
CH32X315,USBSSD,LINK_CTRL,0x004,32,1,,,,#,reference,evt(ch32x3x5.h)
CH32X315,USBSSD,LINK_INT_CTRL,0x008,32,1,,,,#,reference,evt(ch32x3x5.h)
CH32X315,USBSSD,LINK_INT_FLAG,0x00c,32,1,,,,#,reference,evt(ch32x3x5.h)
CH32X315,USBSSD,LINK_STATUS,0x010,32,1,,,,#,reference,evt(ch32x3x5.h)
CH32X315,USBSSD,LINK_ITP_PRE,0x017,8,1,,,,#,reference,evt(ch32x3x5.h)
CH32X315,USBSSD,LINK_U2_INACT_TIMER,0x01d,8,1,,,,#,reference,evt(ch32x3x5.h)
CH32X315,USBSSD,LINK_U1_WKUP_FILTER,0x028,8,1,,,,#,reference,evt(ch32x3x5.h)
CH32X315,USBSSD,LINK_U1_WKUP_TMR,0x02a,16,1,,,,#,reference,evt(ch32x3x5.h)
CH32X315,USBSSD,LINK_U2_WKUP_FILTER,0x02c,8,1,,,,#,reference,evt(ch32x3x5.h)
CH32X315,USBSSD,LINK_U3_WKUP_FILTER,0x030,8,1,,,,#,reference,evt(ch32x3x5.h)
CH32X315,USBSSD,LINK_U3_WKUP_TMR,0x032,16,1,,,,#,reference,evt(ch32x3x5.h)
CH32X315,USBSSD,LINK_ISO_DLY,0x040,16,1,,,,#,reference,evt(ch32x3x5.h)
CH32X315,USBSSD,LINK_LPM_CR,0x050,16,1,,,,#,reference,evt(ch32x3x5.h)
CH32X315,USBSSD,LINK_LMP_PORT_CAP,0x054,32,1,,,,#,reference,evt(ch32x3x5.h)
CH32X315,USBSSD,LINK_LMP_RX_DATA0,0x058,32,1,,,,#,reference,evt(ch32x3x5.h)
CH32X315,USBSSD,LINK_LMP_RX_DATA1,0x05c,32,1,,,,#,reference,evt(ch32x3x5.h)
CH32X315,USBSSD,LINK_LMP_RX_DATA2,0x060,32,1,,,,#,reference,evt(ch32x3x5.h)
CH32X315,USBSSD,LINK_LMP_TX_DATA0,0x064,32,1,,,,#,reference,evt(ch32x3x5.h)
CH32X315,USBSSD,LINK_LMP_TX_DATA1,0x068,32,1,,,,#,reference,evt(ch32x3x5.h)
CH32X315,USBSSD,LINK_LMP_TX_DATA2,0x06c,32,1,,,,#,reference,evt(ch32x3x5.h)
CH32X315,USBSSD,USB_CONTROL,0x070,32,1,,,,#,reference,evt(ch32x3x5.h)
CH32X315,USBSSD,USB_STATUS,0x074,32,1,,,,#,reference,evt(ch32x3x5.h)
CH32X315,USBSSD,USB_ITP,0x078,32,1,,,,#,reference,evt(ch32x3x5.h)
CH32X315,USBSSD,USB_ITP_ADJ,0x07c,32,1,,,,#,reference,evt(ch32x3x5.h)
CH32X315,USBSSD,UEP_TX_EN,0x080,16,1,,,,#,reference,evt(ch32x3x5.h)
CH32X315,USBSSD,UEP_RX_EN,0x082,16,1,,,,#,reference,evt(ch32x3x5.h)
CH32X315,USBSSD,UEP0_TX_CTRL,0x084,32,1,,,,#,reference,evt(ch32x3x5.h)
CH32X315,USBSSD,UEP0_RX_CTRL,0x088,32,1,,,,#,reference,evt(ch32x3x5.h)
CH32X315,USBSSD,UEP0_TX_DMA,0x08c,32,1,,,,#,reference,evt(ch32x3x5.h)
CH32X315,USBSSD,UEP0_RX_DMA,0x090,32,1,,,,#,reference,evt(ch32x3x5.h)
CH32X315,USBSSD,UEP0_TX_DMA_OFS,0x094,32,1,,,,#,reference,evt(ch32x3x5.h)
CH32X315,USBSSD,UEP0_RX_DMA_OFS,0x098,32,1,,,,#,reference,evt(ch32x3x5.h)
CH32X315,USBSSD,EP1_TX.UEP_TX_CFG,0x0c0,8,1,,,,#,reference,evt(ch32x3x5.h)
CH32X315,USBSSD,EP1_TX.UEP_TX_CR,0x0c1,8,1,,,,#,reference,evt(ch32x3x5.h)
CH32X315,USBSSD,EP1_TX.UEP_TX_SEQ,0x0c2,8,1,,,,#,reference,evt(ch32x3x5.h)
CH32X315,USBSSD,EP1_TX.UEP_TX_ST,0x0c3,8,1,,,,#,reference,evt(ch32x3x5.h)
CH32X315,USBSSD,EP1_TX.UEP_TX_CHAIN_CR,0x0c4,8,1,,,,#,reference,evt(ch32x3x5.h)
CH32X315,USBSSD,EP1_TX.UEP_TX_CHAIN_ST,0x0c5,8,1,,,,#,reference,evt(ch32x3x5.h)
CH32X315,USBSSD,EP1_TX.UEP_TX_CHAIN_LEN,0x0c6,16,1,,,,#,reference,evt(ch32x3x5.h)
CH32X315,USBSSD,EP1_TX.UEP_TX_CHAIN_EXP_NUMP,0x0c8,8,1,,,,#,reference,evt(ch32x3x5.h)
CH32X315,USBSSD,EP1_TX.UEP_TX_CHAIN_NUMP,0x0c9,8,1,,,,#,reference,evt(ch32x3x5.h)
CH32X315,USBSSD,EP1_TX.UEP_TX_DMA_OFS,0x0ca,16,1,,,,#,reference,evt(ch32x3x5.h)
CH32X315,USBSSD,EP1_TX.UEP_TX_DMA,0x0cc,32,1,,,,#,reference,evt(ch32x3x5.h)
CH32X315,USBSSD,EP1_RX.UEP_RX_CFG,0x0d0,8,1,,,,#,reference,evt(ch32x3x5.h)
CH32X315,USBSSD,EP1_RX.UEP_RX_CR,0x0d1,8,1,,,,#,reference,evt(ch32x3x5.h)
CH32X315,USBSSD,EP1_RX.UEP_RX_SEQ,0x0d2,8,1,,,,#,reference,evt(ch32x3x5.h)
CH32X315,USBSSD,EP1_RX.UEP_RX_ST,0x0d3,8,1,,,,#,reference,evt(ch32x3x5.h)
CH32X315,USBSSD,EP1_RX.UEP_RX_CHAIN_CR,0x0d4,8,1,,,,#,reference,evt(ch32x3x5.h)
CH32X315,USBSSD,EP1_RX.UEP_RX_CHAIN_ST,0x0d5,8,1,,,,#,reference,evt(ch32x3x5.h)
CH32X315,USBSSD,EP1_RX.UEP_RX_CHAIN_LEN,0x0d6,16,1,,,,#,reference,evt(ch32x3x5.h)
CH32X315,USBSSD,EP1_RX.UEP_RX_CHAIN_MAX_NUMP,0x0d8,8,1,,,,#,reference,evt(ch32x3x5.h)
CH32X315,USBSSD,EP1_RX.UEP_RX_CHAIN_NUMP,0x0d9,8,1,,,,#,reference,evt(ch32x3x5.h)
CH32X315,USBSSD,EP1_RX.UEP_RX_DMA_OFS,0x0da,16,1,,,,#,reference,evt(ch32x3x5.h)
CH32X315,USBSSD,EP1_RX.UEP_RX_DMA,0x0dc,32,1,,,,#,reference,evt(ch32x3x5.h)
CH32X315,USBSSD,EP2_TX.UEP_TX_CFG,0x0e0,8,1,,,,#,reference,evt(ch32x3x5.h)
CH32X315,USBSSD,EP2_TX.UEP_TX_CR,0x0e1,8,1,,,,#,reference,evt(ch32x3x5.h)
CH32X315,USBSSD,EP2_TX.UEP_TX_SEQ,0x0e2,8,1,,,,#,reference,evt(ch32x3x5.h)
CH32X315,USBSSD,EP2_TX.UEP_TX_ST,0x0e3,8,1,,,,#,reference,evt(ch32x3x5.h)
CH32X315,USBSSD,EP2_TX.UEP_TX_CHAIN_CR,0x0e4,8,1,,,,#,reference,evt(ch32x3x5.h)
CH32X315,USBSSD,EP2_TX.UEP_TX_CHAIN_ST,0x0e5,8,1,,,,#,reference,evt(ch32x3x5.h)
CH32X315,USBSSD,EP2_TX.UEP_TX_CHAIN_LEN,0x0e6,16,1,,,,#,reference,evt(ch32x3x5.h)
CH32X315,USBSSD,EP2_TX.UEP_TX_CHAIN_EXP_NUMP,0x0e8,8,1,,,,#,reference,evt(ch32x3x5.h)
CH32X315,USBSSD,EP2_TX.UEP_TX_CHAIN_NUMP,0x0e9,8,1,,,,#,reference,evt(ch32x3x5.h)
CH32X315,USBSSD,EP2_TX.UEP_TX_DMA_OFS,0x0ea,16,1,,,,#,reference,evt(ch32x3x5.h)
CH32X315,USBSSD,EP2_TX.UEP_TX_DMA,0x0ec,32,1,,,,#,reference,evt(ch32x3x5.h)
CH32X315,USBSSD,EP2_RX.UEP_RX_CFG,0x0f0,8,1,,,,#,reference,evt(ch32x3x5.h)
CH32X315,USBSSD,EP2_RX.UEP_RX_CR,0x0f1,8,1,,,,#,reference,evt(ch32x3x5.h)
CH32X315,USBSSD,EP2_RX.UEP_RX_SEQ,0x0f2,8,1,,,,#,reference,evt(ch32x3x5.h)
CH32X315,USBSSD,EP2_RX.UEP_RX_ST,0x0f3,8,1,,,,#,reference,evt(ch32x3x5.h)
CH32X315,USBSSD,EP2_RX.UEP_RX_CHAIN_CR,0x0f4,8,1,,,,#,reference,evt(ch32x3x5.h)
CH32X315,USBSSD,EP2_RX.UEP_RX_CHAIN_ST,0x0f5,8,1,,,,#,reference,evt(ch32x3x5.h)
CH32X315,USBSSD,EP2_RX.UEP_RX_CHAIN_LEN,0x0f6,16,1,,,,#,reference,evt(ch32x3x5.h)
CH32X315,USBSSD,EP2_RX.UEP_RX_CHAIN_MAX_NUMP,0x0f8,8,1,,,,#,reference,evt(ch32x3x5.h)
CH32X315,USBSSD,EP2_RX.UEP_RX_CHAIN_NUMP,0x0f9,8,1,,,,#,reference,evt(ch32x3x5.h)
CH32X315,USBSSD,EP2_RX.UEP_RX_DMA_OFS,0x0fa,16,1,,,,#,reference,evt(ch32x3x5.h)
CH32X315,USBSSD,EP2_RX.UEP_RX_DMA,0x0fc,32,1,,,,#,reference,evt(ch32x3x5.h)
CH32X315,USBSSD,EP3_TX.UEP_TX_CFG,0x100,8,1,,,,#,reference,evt(ch32x3x5.h)
CH32X315,USBSSD,EP3_TX.UEP_TX_CR,0x101,8,1,,,,#,reference,evt(ch32x3x5.h)
CH32X315,USBSSD,EP3_TX.UEP_TX_SEQ,0x102,8,1,,,,#,reference,evt(ch32x3x5.h)
CH32X315,USBSSD,EP3_TX.UEP_TX_ST,0x103,8,1,,,,#,reference,evt(ch32x3x5.h)
CH32X315,USBSSD,EP3_TX.UEP_TX_CHAIN_CR,0x104,8,1,,,,#,reference,evt(ch32x3x5.h)
CH32X315,USBSSD,EP3_TX.UEP_TX_CHAIN_ST,0x105,8,1,,,,#,reference,evt(ch32x3x5.h)
CH32X315,USBSSD,EP3_TX.UEP_TX_CHAIN_LEN,0x106,16,1,,,,#,reference,evt(ch32x3x5.h)
CH32X315,USBSSD,EP3_TX.UEP_TX_CHAIN_EXP_NUMP,0x108,8,1,,,,#,reference,evt(ch32x3x5.h)
CH32X315,USBSSD,EP3_TX.UEP_TX_CHAIN_NUMP,0x109,8,1,,,,#,reference,evt(ch32x3x5.h)
CH32X315,USBSSD,EP3_TX.UEP_TX_DMA_OFS,0x10a,16,1,,,,#,reference,evt(ch32x3x5.h)
CH32X315,USBSSD,EP3_TX.UEP_TX_DMA,0x10c,32,1,,,,#,reference,evt(ch32x3x5.h)
CH32X315,USBSSD,EP3_RX.UEP_RX_CFG,0x110,8,1,,,,#,reference,evt(ch32x3x5.h)
CH32X315,USBSSD,EP3_RX.UEP_RX_CR,0x111,8,1,,,,#,reference,evt(ch32x3x5.h)
CH32X315,USBSSD,EP3_RX.UEP_RX_SEQ,0x112,8,1,,,,#,reference,evt(ch32x3x5.h)
CH32X315,USBSSD,EP3_RX.UEP_RX_ST,0x113,8,1,,,,#,reference,evt(ch32x3x5.h)
CH32X315,USBSSD,EP3_RX.UEP_RX_CHAIN_CR,0x114,8,1,,,,#,reference,evt(ch32x3x5.h)
CH32X315,USBSSD,EP3_RX.UEP_RX_CHAIN_ST,0x115,8,1,,,,#,reference,evt(ch32x3x5.h)
CH32X315,USBSSD,EP3_RX.UEP_RX_CHAIN_LEN,0x116,16,1,,,,#,reference,evt(ch32x3x5.h)
CH32X315,USBSSD,EP3_RX.UEP_RX_CHAIN_MAX_NUMP,0x118,8,1,,,,#,reference,evt(ch32x3x5.h)
CH32X315,USBSSD,EP3_RX.UEP_RX_CHAIN_NUMP,0x119,8,1,,,,#,reference,evt(ch32x3x5.h)
CH32X315,USBSSD,EP3_RX.UEP_RX_DMA_OFS,0x11a,16,1,,,,#,reference,evt(ch32x3x5.h)
CH32X315,USBSSD,EP3_RX.UEP_RX_DMA,0x11c,32,1,,,,#,reference,evt(ch32x3x5.h)
CH32X315,USBSSD,EP4_TX.UEP_TX_CFG,0x120,8,1,,,,#,reference,evt(ch32x3x5.h)
CH32X315,USBSSD,EP4_TX.UEP_TX_CR,0x121,8,1,,,,#,reference,evt(ch32x3x5.h)
CH32X315,USBSSD,EP4_TX.UEP_TX_SEQ,0x122,8,1,,,,#,reference,evt(ch32x3x5.h)
CH32X315,USBSSD,EP4_TX.UEP_TX_ST,0x123,8,1,,,,#,reference,evt(ch32x3x5.h)
CH32X315,USBSSD,EP4_TX.UEP_TX_CHAIN_CR,0x124,8,1,,,,#,reference,evt(ch32x3x5.h)
CH32X315,USBSSD,EP4_TX.UEP_TX_CHAIN_ST,0x125,8,1,,,,#,reference,evt(ch32x3x5.h)
CH32X315,USBSSD,EP4_TX.UEP_TX_CHAIN_LEN,0x126,16,1,,,,#,reference,evt(ch32x3x5.h)
CH32X315,USBSSD,EP4_TX.UEP_TX_CHAIN_EXP_NUMP,0x128,8,1,,,,#,reference,evt(ch32x3x5.h)
CH32X315,USBSSD,EP4_TX.UEP_TX_CHAIN_NUMP,0x129,8,1,,,,#,reference,evt(ch32x3x5.h)
CH32X315,USBSSD,EP4_TX.UEP_TX_DMA_OFS,0x12a,16,1,,,,#,reference,evt(ch32x3x5.h)
CH32X315,USBSSD,EP4_TX.UEP_TX_DMA,0x12c,32,1,,,,#,reference,evt(ch32x3x5.h)
CH32X315,USBSSD,EP4_RX.UEP_RX_CFG,0x130,8,1,,,,#,reference,evt(ch32x3x5.h)
CH32X315,USBSSD,EP4_RX.UEP_RX_CR,0x131,8,1,,,,#,reference,evt(ch32x3x5.h)
CH32X315,USBSSD,EP4_RX.UEP_RX_SEQ,0x132,8,1,,,,#,reference,evt(ch32x3x5.h)
CH32X315,USBSSD,EP4_RX.UEP_RX_ST,0x133,8,1,,,,#,reference,evt(ch32x3x5.h)
CH32X315,USBSSD,EP4_RX.UEP_RX_CHAIN_CR,0x134,8,1,,,,#,reference,evt(ch32x3x5.h)
CH32X315,USBSSD,EP4_RX.UEP_RX_CHAIN_ST,0x135,8,1,,,,#,reference,evt(ch32x3x5.h)
CH32X315,USBSSD,EP4_RX.UEP_RX_CHAIN_LEN,0x136,16,1,,,,#,reference,evt(ch32x3x5.h)
CH32X315,USBSSD,EP4_RX.UEP_RX_CHAIN_MAX_NUMP,0x138,8,1,,,,#,reference,evt(ch32x3x5.h)
CH32X315,USBSSD,EP4_RX.UEP_RX_CHAIN_NUMP,0x139,8,1,,,,#,reference,evt(ch32x3x5.h)
CH32X315,USBSSD,EP4_RX.UEP_RX_DMA_OFS,0x13a,16,1,,,,#,reference,evt(ch32x3x5.h)
CH32X315,USBSSD,EP4_RX.UEP_RX_DMA,0x13c,32,1,,,,#,reference,evt(ch32x3x5.h)
CH32X315,USBSSD,EP5_TX.UEP_TX_CFG,0x140,8,1,,,,#,reference,evt(ch32x3x5.h)
CH32X315,USBSSD,EP5_TX.UEP_TX_CR,0x141,8,1,,,,#,reference,evt(ch32x3x5.h)
CH32X315,USBSSD,EP5_TX.UEP_TX_SEQ,0x142,8,1,,,,#,reference,evt(ch32x3x5.h)
CH32X315,USBSSD,EP5_TX.UEP_TX_ST,0x143,8,1,,,,#,reference,evt(ch32x3x5.h)
CH32X315,USBSSD,EP5_TX.UEP_TX_CHAIN_CR,0x144,8,1,,,,#,reference,evt(ch32x3x5.h)
CH32X315,USBSSD,EP5_TX.UEP_TX_CHAIN_ST,0x145,8,1,,,,#,reference,evt(ch32x3x5.h)
CH32X315,USBSSD,EP5_TX.UEP_TX_CHAIN_LEN,0x146,16,1,,,,#,reference,evt(ch32x3x5.h)
CH32X315,USBSSD,EP5_TX.UEP_TX_CHAIN_EXP_NUMP,0x148,8,1,,,,#,reference,evt(ch32x3x5.h)
CH32X315,USBSSD,EP5_TX.UEP_TX_CHAIN_NUMP,0x149,8,1,,,,#,reference,evt(ch32x3x5.h)
CH32X315,USBSSD,EP5_TX.UEP_TX_DMA_OFS,0x14a,16,1,,,,#,reference,evt(ch32x3x5.h)
CH32X315,USBSSD,EP5_TX.UEP_TX_DMA,0x14c,32,1,,,,#,reference,evt(ch32x3x5.h)
CH32X315,USBSSD,EP5_RX.UEP_RX_CFG,0x150,8,1,,,,#,reference,evt(ch32x3x5.h)
CH32X315,USBSSD,EP5_RX.UEP_RX_CR,0x151,8,1,,,,#,reference,evt(ch32x3x5.h)
CH32X315,USBSSD,EP5_RX.UEP_RX_SEQ,0x152,8,1,,,,#,reference,evt(ch32x3x5.h)
CH32X315,USBSSD,EP5_RX.UEP_RX_ST,0x153,8,1,,,,#,reference,evt(ch32x3x5.h)
CH32X315,USBSSD,EP5_RX.UEP_RX_CHAIN_CR,0x154,8,1,,,,#,reference,evt(ch32x3x5.h)
CH32X315,USBSSD,EP5_RX.UEP_RX_CHAIN_ST,0x155,8,1,,,,#,reference,evt(ch32x3x5.h)
CH32X315,USBSSD,EP5_RX.UEP_RX_CHAIN_LEN,0x156,16,1,,,,#,reference,evt(ch32x3x5.h)
CH32X315,USBSSD,EP5_RX.UEP_RX_CHAIN_MAX_NUMP,0x158,8,1,,,,#,reference,evt(ch32x3x5.h)
CH32X315,USBSSD,EP5_RX.UEP_RX_CHAIN_NUMP,0x159,8,1,,,,#,reference,evt(ch32x3x5.h)
CH32X315,USBSSD,EP5_RX.UEP_RX_DMA_OFS,0x15a,16,1,,,,#,reference,evt(ch32x3x5.h)
CH32X315,USBSSD,EP5_RX.UEP_RX_DMA,0x15c,32,1,,,,#,reference,evt(ch32x3x5.h)
CH32X315,USBSSD,EP6_TX.UEP_TX_CFG,0x160,8,1,,,,#,reference,evt(ch32x3x5.h)
CH32X315,USBSSD,EP6_TX.UEP_TX_CR,0x161,8,1,,,,#,reference,evt(ch32x3x5.h)
CH32X315,USBSSD,EP6_TX.UEP_TX_SEQ,0x162,8,1,,,,#,reference,evt(ch32x3x5.h)
CH32X315,USBSSD,EP6_TX.UEP_TX_ST,0x163,8,1,,,,#,reference,evt(ch32x3x5.h)
CH32X315,USBSSD,EP6_TX.UEP_TX_CHAIN_CR,0x164,8,1,,,,#,reference,evt(ch32x3x5.h)
CH32X315,USBSSD,EP6_TX.UEP_TX_CHAIN_ST,0x165,8,1,,,,#,reference,evt(ch32x3x5.h)
CH32X315,USBSSD,EP6_TX.UEP_TX_CHAIN_LEN,0x166,16,1,,,,#,reference,evt(ch32x3x5.h)
CH32X315,USBSSD,EP6_TX.UEP_TX_CHAIN_EXP_NUMP,0x168,8,1,,,,#,reference,evt(ch32x3x5.h)
CH32X315,USBSSD,EP6_TX.UEP_TX_CHAIN_NUMP,0x169,8,1,,,,#,reference,evt(ch32x3x5.h)
CH32X315,USBSSD,EP6_TX.UEP_TX_DMA_OFS,0x16a,16,1,,,,#,reference,evt(ch32x3x5.h)
CH32X315,USBSSD,EP6_TX.UEP_TX_DMA,0x16c,32,1,,,,#,reference,evt(ch32x3x5.h)
CH32X315,USBSSD,EP6_RX.UEP_RX_CFG,0x170,8,1,,,,#,reference,evt(ch32x3x5.h)
CH32X315,USBSSD,EP6_RX.UEP_RX_CR,0x171,8,1,,,,#,reference,evt(ch32x3x5.h)
CH32X315,USBSSD,EP6_RX.UEP_RX_SEQ,0x172,8,1,,,,#,reference,evt(ch32x3x5.h)
CH32X315,USBSSD,EP6_RX.UEP_RX_ST,0x173,8,1,,,,#,reference,evt(ch32x3x5.h)
CH32X315,USBSSD,EP6_RX.UEP_RX_CHAIN_CR,0x174,8,1,,,,#,reference,evt(ch32x3x5.h)
CH32X315,USBSSD,EP6_RX.UEP_RX_CHAIN_ST,0x175,8,1,,,,#,reference,evt(ch32x3x5.h)
CH32X315,USBSSD,EP6_RX.UEP_RX_CHAIN_LEN,0x176,16,1,,,,#,reference,evt(ch32x3x5.h)
CH32X315,USBSSD,EP6_RX.UEP_RX_CHAIN_MAX_NUMP,0x178,8,1,,,,#,reference,evt(ch32x3x5.h)
CH32X315,USBSSD,EP6_RX.UEP_RX_CHAIN_NUMP,0x179,8,1,,,,#,reference,evt(ch32x3x5.h)
CH32X315,USBSSD,EP6_RX.UEP_RX_DMA_OFS,0x17a,16,1,,,,#,reference,evt(ch32x3x5.h)
CH32X315,USBSSD,EP6_RX.UEP_RX_DMA,0x17c,32,1,,,,#,reference,evt(ch32x3x5.h)
CH32X315,USBSSD,EP7_TX.UEP_TX_CFG,0x180,8,1,,,,#,reference,evt(ch32x3x5.h)
CH32X315,USBSSD,EP7_TX.UEP_TX_CR,0x181,8,1,,,,#,reference,evt(ch32x3x5.h)
CH32X315,USBSSD,EP7_TX.UEP_TX_SEQ,0x182,8,1,,,,#,reference,evt(ch32x3x5.h)
CH32X315,USBSSD,EP7_TX.UEP_TX_ST,0x183,8,1,,,,#,reference,evt(ch32x3x5.h)
CH32X315,USBSSD,EP7_TX.UEP_TX_CHAIN_CR,0x184,8,1,,,,#,reference,evt(ch32x3x5.h)
CH32X315,USBSSD,EP7_TX.UEP_TX_CHAIN_ST,0x185,8,1,,,,#,reference,evt(ch32x3x5.h)
CH32X315,USBSSD,EP7_TX.UEP_TX_CHAIN_LEN,0x186,16,1,,,,#,reference,evt(ch32x3x5.h)
CH32X315,USBSSD,EP7_TX.UEP_TX_CHAIN_EXP_NUMP,0x188,8,1,,,,#,reference,evt(ch32x3x5.h)
CH32X315,USBSSD,EP7_TX.UEP_TX_CHAIN_NUMP,0x189,8,1,,,,#,reference,evt(ch32x3x5.h)
CH32X315,USBSSD,EP7_TX.UEP_TX_DMA_OFS,0x18a,16,1,,,,#,reference,evt(ch32x3x5.h)
CH32X315,USBSSD,EP7_TX.UEP_TX_DMA,0x18c,32,1,,,,#,reference,evt(ch32x3x5.h)
CH32X315,USBSSD,EP7_RX.UEP_RX_CFG,0x190,8,1,,,,#,reference,evt(ch32x3x5.h)
CH32X315,USBSSD,EP7_RX.UEP_RX_CR,0x191,8,1,,,,#,reference,evt(ch32x3x5.h)
CH32X315,USBSSD,EP7_RX.UEP_RX_SEQ,0x192,8,1,,,,#,reference,evt(ch32x3x5.h)
CH32X315,USBSSD,EP7_RX.UEP_RX_ST,0x193,8,1,,,,#,reference,evt(ch32x3x5.h)
CH32X315,USBSSD,EP7_RX.UEP_RX_CHAIN_CR,0x194,8,1,,,,#,reference,evt(ch32x3x5.h)
CH32X315,USBSSD,EP7_RX.UEP_RX_CHAIN_ST,0x195,8,1,,,,#,reference,evt(ch32x3x5.h)
CH32X315,USBSSD,EP7_RX.UEP_RX_CHAIN_LEN,0x196,16,1,,,,#,reference,evt(ch32x3x5.h)
CH32X315,USBSSD,EP7_RX.UEP_RX_CHAIN_MAX_NUMP,0x198,8,1,,,,#,reference,evt(ch32x3x5.h)
CH32X315,USBSSD,EP7_RX.UEP_RX_CHAIN_NUMP,0x199,8,1,,,,#,reference,evt(ch32x3x5.h)
CH32X315,USBSSD,EP7_RX.UEP_RX_DMA_OFS,0x19a,16,1,,,,#,reference,evt(ch32x3x5.h)
CH32X315,USBSSD,EP7_RX.UEP_RX_DMA,0x19c,32,1,,,,#,reference,evt(ch32x3x5.h)
CH32X315,USBSS_EP_RX,UEP_RX_CFG,0x000,8,1,,,,#,reference,evt(ch32x3x5.h)
CH32X315,USBSS_EP_RX,UEP_RX_CR,0x001,8,1,,,,#,reference,evt(ch32x3x5.h)
CH32X315,USBSS_EP_RX,UEP_RX_SEQ,0x002,8,1,,,,#,reference,evt(ch32x3x5.h)
CH32X315,USBSS_EP_RX,UEP_RX_ST,0x003,8,1,,,,#,reference,evt(ch32x3x5.h)
CH32X315,USBSS_EP_RX,UEP_RX_CHAIN_CR,0x004,8,1,,,,#,reference,evt(ch32x3x5.h)
CH32X315,USBSS_EP_RX,UEP_RX_CHAIN_ST,0x005,8,1,,,,#,reference,evt(ch32x3x5.h)
CH32X315,USBSS_EP_RX,UEP_RX_CHAIN_LEN,0x006,16,1,,,,#,reference,evt(ch32x3x5.h)
CH32X315,USBSS_EP_RX,UEP_RX_CHAIN_MAX_NUMP,0x008,8,1,,,,#,reference,evt(ch32x3x5.h)
CH32X315,USBSS_EP_RX,UEP_RX_CHAIN_NUMP,0x009,8,1,,,,#,reference,evt(ch32x3x5.h)
CH32X315,USBSS_EP_RX,UEP_RX_DMA_OFS,0x00a,16,1,,,,#,reference,evt(ch32x3x5.h)
CH32X315,USBSS_EP_RX,UEP_RX_DMA,0x00c,32,1,,,,#,reference,evt(ch32x3x5.h)
CH32X315,USBSS_EP_TX,UEP_TX_CFG,0x000,8,1,,,,#,reference,evt(ch32x3x5.h)
CH32X315,USBSS_EP_TX,UEP_TX_CR,0x001,8,1,,,,#,reference,evt(ch32x3x5.h)
CH32X315,USBSS_EP_TX,UEP_TX_SEQ,0x002,8,1,,,,#,reference,evt(ch32x3x5.h)
CH32X315,USBSS_EP_TX,UEP_TX_ST,0x003,8,1,,,,#,reference,evt(ch32x3x5.h)
CH32X315,USBSS_EP_TX,UEP_TX_CHAIN_CR,0x004,8,1,,,,#,reference,evt(ch32x3x5.h)
CH32X315,USBSS_EP_TX,UEP_TX_CHAIN_ST,0x005,8,1,,,,#,reference,evt(ch32x3x5.h)
CH32X315,USBSS_EP_TX,UEP_TX_CHAIN_LEN,0x006,16,1,,,,#,reference,evt(ch32x3x5.h)
CH32X315,USBSS_EP_TX,UEP_TX_CHAIN_EXP_NUMP,0x008,8,1,,,,#,reference,evt(ch32x3x5.h)
CH32X315,USBSS_EP_TX,UEP_TX_CHAIN_NUMP,0x009,8,1,,,,#,reference,evt(ch32x3x5.h)
CH32X315,USBSS_EP_TX,UEP_TX_DMA_OFS,0x00a,16,1,,,,#,reference,evt(ch32x3x5.h)
CH32X315,USBSS_EP_TX,UEP_TX_DMA,0x00c,32,1,,,,#,reference,evt(ch32x3x5.h)
CH32X315,WWDG,CTLR,0x000,32,1,WWDG_CTLR,0x007F,ok:1,#,confirmed,evt(ch32x3x5.h)+rm(CH32X315RM.PDF)+rm-address(CH32X315RM.PDF)
CH32X315,WWDG,CFGR,0x004,32,1,WWDG_CFGR,0x007F,ok:1,#,confirmed,evt(ch32x3x5.h)+rm(CH32X315RM.PDF)+rm-address(CH32X315RM.PDF)
CH32X315,WWDG,STATR,0x008,32,1,WWDG_STATR,0x0000,ok:1,#,confirmed,evt(ch32x3x5.h)+rm(CH32X315RM.PDF)+rm-address(CH32X315RM.PDF)
