series,selector,value,signal,pad,#,confidence,basis
CH32H416,afio-sdmmc-remap,1,SDMMC_D1,PC9,#,reference,candidates(datasheet-pin-table+rm-remap-grid:en)
CH32H416,afio-sdmmc-remap,1,SDMMC_D4,PA14,#,reference,candidates(datasheet-pin-table+rm-remap-grid:en)
CH32H416,afio-sdmmc-remap,1,SDMMC_D5,PA15,#,reference,candidates(datasheet-pin-table+rm-remap-grid:en)
CH32H416,afio-sdmmc-remap,1,SDMMC_D6,PC6,#,reference,candidates(datasheet-pin-table+rm-remap-grid:en)
CH32H416,afio-sdmmc-remap,1,SDMMC_D7,PC7,#,reference,candidates(datasheet-pin-table+rm-remap-grid:en)
CH32H416,afio-sdmmc-remap,1,SDMMC_STR,PD10,#,reference,candidates(datasheet-pin-table+rm-remap-grid:en)
CH32H416,afio-sdmmc-remap,2,SDMMC_CMD,PC10,#,reference,candidates(datasheet-pin-table+rm-remap-grid:en)
CH32H416,afio-sdmmc-remap,2,SDMMC_D2,PD2,#,reference,candidates(datasheet-pin-table+rm-remap-grid:en)
CH32H416,afio-sdmmc-remap,2,SDMMC_D3,PD3,#,reference,candidates(datasheet-pin-table+rm-remap-grid:en)
CH32H416,afio-sdmmc-remap,2,SDMMC_SDCK,PC12,#,reference,candidates(datasheet-pin-table+rm-remap-grid:en)
CH32H416,afio-sdmmc-remap,2,SDMMC_SLVCK,PC12,#,reference,candidates(datasheet-pin-table+rm-remap-grid:en)
CH32H416,afio-sdmmc-remap,2,SDMMC_STR,PC11,#,reference,candidates(datasheet-pin-table+rm-remap-grid:en)
CH32H416,afio-sdmmc-remap,2,SDMMC_STS,PC10,#,reference,candidates(datasheet-pin-table+rm-remap-grid:en)
CH32H416,afio-sdmmc-remap,3,SDMMC_CMD,PC10,#,reference,candidates(datasheet-pin-table+rm-remap-grid:en)
CH32H416,afio-sdmmc-remap,3,SDMMC_D2,PD2,#,reference,candidates(datasheet-pin-table+rm-remap-grid:en)
CH32H416,afio-sdmmc-remap,3,SDMMC_D3,PD3,#,reference,candidates(datasheet-pin-table+rm-remap-grid:en)
CH32H416,afio-sdmmc-remap,3,SDMMC_SDCK,PC12,#,reference,candidates(datasheet-pin-table+rm-remap-grid:en)
CH32H416,afio-sdmmc-remap,3,SDMMC_SLVCK,PC12,#,reference,candidates(datasheet-pin-table+rm-remap-grid:en)
CH32H416,afio-sdmmc-remap,3,SDMMC_STR,PC11,#,reference,candidates(datasheet-pin-table+rm-remap-grid:en)
CH32H416,afio-sdmmc-remap,3,SDMMC_STS,PC10,#,reference,candidates(datasheet-pin-table+rm-remap-grid:en)
CH32H417,afio-sdmmc-remap,1,SDMMC_CMD,PD12,#,reference,candidates(datasheet-pin-table+rm-remap-grid:en)
CH32H417,afio-sdmmc-remap,1,SDMMC_D0,PB13,#,reference,candidates(datasheet-pin-table+rm-remap-grid:en)
CH32H417,afio-sdmmc-remap,1,SDMMC_D1,PC9,#,reference,candidates(datasheet-pin-table+rm-remap-grid:en)
CH32H417,afio-sdmmc-remap,1,SDMMC_D2,PB10,#,reference,candidates(datasheet-pin-table+rm-remap-grid:en)
CH32H417,afio-sdmmc-remap,1,SDMMC_D3,PB11,#,reference,candidates(datasheet-pin-table+rm-remap-grid:en)
CH32H417,afio-sdmmc-remap,1,SDMMC_D4,PA14,#,reference,candidates(datasheet-pin-table+rm-remap-grid:en)
CH32H417,afio-sdmmc-remap,1,SDMMC_D5,PA15,#,reference,candidates(datasheet-pin-table+rm-remap-grid:en)
CH32H417,afio-sdmmc-remap,1,SDMMC_D6,PC6,#,reference,candidates(datasheet-pin-table+rm-remap-grid:en)
CH32H417,afio-sdmmc-remap,1,SDMMC_D7,PC7,#,reference,candidates(datasheet-pin-table+rm-remap-grid:en)
CH32H417,afio-sdmmc-remap,1,SDMMC_SDCK,PD11,#,reference,candidates(datasheet-pin-table+rm-remap-grid:en)
CH32H417,afio-sdmmc-remap,1,SDMMC_SLVCK,PD11,#,reference,candidates(datasheet-pin-table+rm-remap-grid:en)
CH32H417,afio-sdmmc-remap,1,SDMMC_STR,PD10,#,reference,candidates(datasheet-pin-table+rm-remap-grid:en)
CH32H417,afio-sdmmc-remap,1,SDMMC_STS,PD12,#,reference,candidates(datasheet-pin-table+rm-remap-grid:en)
CH32H417,afio-sdmmc-remap,2,SDMMC_CMD,PC10,#,reference,candidates(datasheet-pin-table+rm-remap-grid:en)
CH32H417,afio-sdmmc-remap,2,SDMMC_D0,PD0,#,reference,candidates(datasheet-pin-table+rm-remap-grid:en)
CH32H417,afio-sdmmc-remap,2,SDMMC_D1,PD1,#,reference,candidates(datasheet-pin-table+rm-remap-grid:en)
CH32H417,afio-sdmmc-remap,2,SDMMC_D2,PD2,#,reference,candidates(datasheet-pin-table+rm-remap-grid:en)
CH32H417,afio-sdmmc-remap,2,SDMMC_D3,PD3,#,reference,candidates(datasheet-pin-table+rm-remap-grid:en)
CH32H417,afio-sdmmc-remap,2,SDMMC_D4,PD4,#,reference,candidates(datasheet-pin-table+rm-remap-grid:en)
CH32H417,afio-sdmmc-remap,2,SDMMC_D5,PD5,#,reference,candidates(datasheet-pin-table+rm-remap-grid:en)
CH32H417,afio-sdmmc-remap,2,SDMMC_D6,PD6,#,reference,candidates(datasheet-pin-table+rm-remap-grid:en)
CH32H417,afio-sdmmc-remap,2,SDMMC_D7,PD7,#,reference,candidates(datasheet-pin-table+rm-remap-grid:en)
CH32H417,afio-sdmmc-remap,2,SDMMC_SDCK,PC12,#,reference,candidates(datasheet-pin-table+rm-remap-grid:en)
CH32H417,afio-sdmmc-remap,2,SDMMC_SLVCK,PC12,#,reference,candidates(datasheet-pin-table+rm-remap-grid:en)
CH32H417,afio-sdmmc-remap,2,SDMMC_STR,PC11,#,reference,candidates(datasheet-pin-table+rm-remap-grid:en)
CH32H417,afio-sdmmc-remap,2,SDMMC_STS,PC10,#,reference,candidates(datasheet-pin-table+rm-remap-grid:en)
CH32H417,afio-sdmmc-remap,2,UHSIF_PORT33,PC11,#,reference,candidates(datasheet-pin-table+rm-remap-grid:en)
CH32H417,afio-sdmmc-remap,2,UHSIF_PORT35,PD0,#,reference,candidates(datasheet-pin-table+rm-remap-grid:en)
CH32H417,afio-sdmmc-remap,2,UHSIF_PORT36,PD1,#,reference,candidates(datasheet-pin-table+rm-remap-grid:en)
CH32H417,afio-sdmmc-remap,2,UHSIF_PORT37,PD2,#,reference,candidates(datasheet-pin-table+rm-remap-grid:en)
CH32H417,afio-sdmmc-remap,2,UHSIF_PORT38,PD3,#,reference,candidates(datasheet-pin-table+rm-remap-grid:en)
CH32H417,afio-sdmmc-remap,2,UHSIF_PORT39,PD4,#,reference,candidates(datasheet-pin-table+rm-remap-grid:en)
CH32H417,afio-sdmmc-remap,2,UHSIF_PORT40,PD5,#,reference,candidates(datasheet-pin-table+rm-remap-grid:en)
CH32H417,afio-sdmmc-remap,2,UHSIF_PORT41,PD6,#,reference,candidates(datasheet-pin-table+rm-remap-grid:en)
CH32H417,afio-sdmmc-remap,3,SDMMC_D0,PD0,#,reference,candidates(datasheet-pin-table+rm-remap-grid:en)
CH32H417,afio-sdmmc-remap,3,SDMMC_D1,PD1,#,reference,candidates(datasheet-pin-table+rm-remap-grid:en)
CH32H417,afio-sdmmc-remap,3,SDMMC_D2,PD2,#,reference,candidates(datasheet-pin-table+rm-remap-grid:en)
CH32H417,afio-sdmmc-remap,3,SDMMC_D3,PD3,#,reference,candidates(datasheet-pin-table+rm-remap-grid:en)
CH32H417,afio-sdmmc-remap,3,SDMMC_D4,PD4,#,reference,candidates(datasheet-pin-table+rm-remap-grid:en)
CH32H417,afio-sdmmc-remap,3,SDMMC_D5,PD5,#,reference,candidates(datasheet-pin-table+rm-remap-grid:en)
CH32H417,afio-sdmmc-remap,3,SDMMC_D6,PD6,#,reference,candidates(datasheet-pin-table+rm-remap-grid:en)
CH32H417,afio-sdmmc-remap,3,SDMMC_D7,PD7,#,reference,candidates(datasheet-pin-table+rm-remap-grid:en)
CH32H417,afio-sdmmc-remap,3,SDMMC_SDCK,PC12,#,reference,candidates(datasheet-pin-table+rm-remap-grid:en)
CH32H417,afio-sdmmc-remap,3,SDMMC_SLVCK,PC12,#,reference,candidates(datasheet-pin-table+rm-remap-grid:en)
CH32H417,afio-sdmmc-remap,3,SDMMC_STR,PC11,#,reference,candidates(datasheet-pin-table+rm-remap-grid:en)
CH32H417,afio-sdmmc-remap,3,SDMMC_STS,PC10,#,reference,candidates(datasheet-pin-table+rm-remap-grid:en)
CH32H417,afio-sdmmc-remap,3,UHSIF_PORT33,PC11,#,reference,candidates(datasheet-pin-table+rm-remap-grid:en)
CH32H417,afio-sdmmc-remap,3,UHSIF_PORT35,PD0,#,reference,candidates(datasheet-pin-table+rm-remap-grid:en)
CH32H417,afio-sdmmc-remap,3,UHSIF_PORT36,PD1,#,reference,candidates(datasheet-pin-table+rm-remap-grid:en)
CH32H417,afio-sdmmc-remap,3,UHSIF_PORT37,PD2,#,reference,candidates(datasheet-pin-table+rm-remap-grid:en)
CH32H417,afio-sdmmc-remap,3,UHSIF_PORT38,PD3,#,reference,candidates(datasheet-pin-table+rm-remap-grid:en)
CH32H417,afio-sdmmc-remap,3,UHSIF_PORT39,PD4,#,reference,candidates(datasheet-pin-table+rm-remap-grid:en)
CH32H417,afio-sdmmc-remap,3,UHSIF_PORT40,PD5,#,reference,candidates(datasheet-pin-table+rm-remap-grid:en)
CH32H417,afio-sdmmc-remap,3,UHSIF_PORT41,PD6,#,reference,candidates(datasheet-pin-table+rm-remap-grid:en)
CH32H417,afio-uhsif-clk-remap,1,UHSIF_CLK,PC0,#,reference,candidates(datasheet-pin-table+rm-remap-grid:en)
CH32H417,afio-uhsif-clk-remap,2,UHSIF_CLK,PF14,#,reference,candidates(datasheet-pin-table+rm-remap-grid:en)
CH32H417,afio-uhsif-clk-remap,3,UHSIF_CLK,PD9,#,reference,candidates(datasheet-pin-table+rm-remap-grid:en)
CH32H417,afio-uhsif-port-remap,1,UHSIF_PORT3,PC1,#,reference,candidates(datasheet-pin-table+rm-remap-grid:en)
CH32H417,afio-uhsif-port-remap,1,UHSIF_PORT4,PC2,#,reference,candidates(datasheet-pin-table+rm-remap-grid:en)
CH32H417,afio-uhsif-port-remap,1,UHSIF_PORT6,PB0,#,reference,candidates(datasheet-pin-table+rm-remap-grid:en)
CH32H417,afio-uhsif-port-remap,1,UHSIF_PORT7,PB1,#,reference,candidates(datasheet-pin-table+rm-remap-grid:en)
CH32H417,afio-uhsif-port-remap,2,UHSIF_PORT0,PC1,#,reference,candidates(datasheet-pin-table+rm-remap-grid:en)
CH32H417,afio-uhsif-port-remap,2,UHSIF_PORT1,PC2,#,reference,candidates(datasheet-pin-table+rm-remap-grid:en)
CH32H417,afio-uhsif-port-remap,2,UHSIF_PORT2,PC3,#,reference,candidates(datasheet-pin-table+rm-remap-grid:en)
CH32H417,afio-uhsif-port-remap,2,UHSIF_PORT3,PB0,#,reference,candidates(datasheet-pin-table+rm-remap-grid:en)
CH32H417,afio-uhsif-port-remap,2,UHSIF_PORT4,PB1,#,reference,candidates(datasheet-pin-table+rm-remap-grid:en)
CH32H417,afio-uhsif-port-remap,2,UHSIF_PORT5,PE10,#,reference,candidates(datasheet-pin-table+rm-remap-grid:en)
CH32H417,afio-uhsif-port-remap,2,UHSIF_PORT6,PE11,#,reference,candidates(datasheet-pin-table+rm-remap-grid:en)
CH32H417,afio-uhsif-port-remap,2,UHSIF_PORT7,PE12,#,reference,candidates(datasheet-pin-table+rm-remap-grid:en)
CH32H417,afio-uhsif-port-remap,3,UHSIF_PORT0,PC1,#,reference,candidates(datasheet-pin-table+rm-remap-grid:en)
CH32H417,afio-uhsif-port-remap,3,UHSIF_PORT1,PC2,#,reference,candidates(datasheet-pin-table+rm-remap-grid:en)
CH32H417,afio-uhsif-port-remap,3,UHSIF_PORT2,PC3,#,reference,candidates(datasheet-pin-table+rm-remap-grid:en)
CH32H417,afio-uhsif-port-remap,3,UHSIF_PORT3,PB0,#,reference,candidates(datasheet-pin-table+rm-remap-grid:en)
CH32H417,afio-uhsif-port-remap,3,UHSIF_PORT4,PB1,#,reference,candidates(datasheet-pin-table+rm-remap-grid:en)
CH32H417,afio-uhsif-port-remap,3,UHSIF_PORT5,PE10,#,reference,candidates(datasheet-pin-table+rm-remap-grid:en)
CH32H417,afio-uhsif-port-remap,3,UHSIF_PORT6,PE11,#,reference,candidates(datasheet-pin-table+rm-remap-grid:en)
CH32H417,afio-uhsif-port-remap,3,UHSIF_PORT7,PE12,#,reference,candidates(datasheet-pin-table+rm-remap-grid:en)
CH32L103,afio-can-rm,3,CAN1_RX,OSC_IN,#,reference,candidates(datasheet-pin-table+rm-remap-grid:en)
CH32L103,afio-can-rm,3,CAN1_TX,OSC_OUT,#,reference,candidates(datasheet-pin-table+rm-remap-grid:en)
CH32L103,afio-i2c1-rm,2,I2C1_SCL,PA13,#,reference,candidates(datasheet-pin-table+rm-remap-grid:en)
CH32L103,afio-i2c1-rm,2,I2C1_SDA,PA12,#,reference,candidates(datasheet-pin-table+rm-remap-grid:en)
CH32L103,afio-i2c1-rm,2,I2C1_SMBA,PB5,#,reference,candidates(datasheet-pin-table+rm-remap-grid:en)
CH32L103,afio-i2c1-rm,3,I2C1_SDA,PB11,#,reference,candidates(datasheet-pin-table+rm-remap-grid:en)
CH32L103,afio-i2c1-rm,3,I2C1_SMBA,PB5,#,reference,candidates(datasheet-pin-table+rm-remap-grid:en)
CH32L103,afio-spi1-rm,1,LPTIM_CH1,PB5,#,reference,candidates(datasheet-pin-table+rm-remap-grid:en)
CH32L103,afio-spi1-rm,1,SPI1_MISO,PB4,#,reference,candidates(datasheet-pin-table+rm-remap-grid:en)
CH32L103,afio-spi1-rm,1,SPI1_MOSI,PB5,#,reference,candidates(datasheet-pin-table+rm-remap-grid:en)
CH32L103,afio-spi1-rm,1,SPI1_NSS,PA15,#,reference,candidates(datasheet-pin-table+rm-remap-grid:en)
CH32L103,afio-spi1-rm,1,SPI1_SCK,PB3,#,reference,candidates(datasheet-pin-table+rm-remap-grid:en)
CH32L103,afio-spi1-rm,1,TIM2_CH1_ETR,PA15,#,reference,candidates(datasheet-pin-table+rm-remap-grid:en)
CH32L103,afio-spi1-rm,1,TIM2_CH2,PB3,#,reference,candidates(datasheet-pin-table+rm-remap-grid:en)
CH32L103,afio-spi1-rm,1,TIM3_CH1,PB4,#,reference,candidates(datasheet-pin-table+rm-remap-grid:en)
CH32L103,afio-spi1-rm,1,TIM3_CH2,PB5,#,reference,candidates(datasheet-pin-table+rm-remap-grid:en)
CH32L103,afio-spi1-rm,1,USART4_RTS,PA15,#,reference,candidates(datasheet-pin-table+rm-remap-grid:en)
CH32L103,afio-spi1-rm,1,USART4_RX,PB5,#,reference,candidates(datasheet-pin-table+rm-remap-grid:en)
CH32L103,afio-spi1-rm,2,CAN1_RX,PB8,#,reference,candidates(datasheet-pin-table+rm-remap-grid:en)
CH32L103,afio-spi1-rm,2,SPI1_MISO,PB8,#,reference,candidates(datasheet-pin-table+rm-remap-grid:en)
CH32L103,afio-spi1-rm,2,SPI1_MOSI,PB7,#,reference,candidates(datasheet-pin-table+rm-remap-grid:en)
CH32L103,afio-spi1-rm,2,SPI1_NSS,PA12,#,reference,candidates(datasheet-pin-table+rm-remap-grid:en)
CH32L103,afio-spi1-rm,2,SPI1_SCK,PB6,#,reference,candidates(datasheet-pin-table+rm-remap-grid:en)
CH32L103,afio-spi1-rm,2,TIM2_CH1_ETR,PA0-WKUP,#,reference,candidates(datasheet-pin-table+rm-remap-grid:en)
CH32L103,afio-spi1-rm,3,CAN1_RX,OSC_IN,#,reference,candidates(datasheet-pin-table+rm-remap-grid:en)
CH32L103,afio-spi1-rm,3,SPI1_MISO,PB8,#,reference,candidates(datasheet-pin-table+rm-remap-grid:en)
CH32L103,afio-spi1-rm,3,SPI1_MOSI,PB7,#,reference,candidates(datasheet-pin-table+rm-remap-grid:en)
CH32L103,afio-spi1-rm,3,SPI1_NSS,PB12,#,reference,candidates(datasheet-pin-table+rm-remap-grid:en)
CH32L103,afio-spi1-rm,3,SPI1_SCK,PB6,#,reference,candidates(datasheet-pin-table+rm-remap-grid:en)
CH32L103,afio-spi1-rm,3,TIM2_CH1_ETR,PA15,#,reference,candidates(datasheet-pin-table+rm-remap-grid:en)
CH32L103,afio-spi1-rm,4,TIM2_CH1_ETR,PA3,#,reference,candidates(datasheet-pin-table+rm-remap-grid:en)
CH32L103,afio-spi1-rm,5,TIM2_CH1_ETR,PA12,#,reference,candidates(datasheet-pin-table+rm-remap-grid:en)
CH32L103,afio-spi1-rm,7,TIM2_CH1_ETR,PA12,#,reference,candidates(datasheet-pin-table+rm-remap-grid:en)
CH32L103,afio-tim1-rm,1,TIM1_BKIN,PA6,#,reference,candidates(datasheet-pin-table+rm-remap-grid:en)
CH32L103,afio-tim1-rm,1,TIM1_CH1,PA8,#,reference,candidates(datasheet-pin-table+rm-remap-grid:en)
CH32L103,afio-tim1-rm,1,TIM1_CH1N,PA7,#,reference,candidates(datasheet-pin-table+rm-remap-grid:en)
CH32L103,afio-tim1-rm,1,TIM1_CH2,PA9,#,reference,candidates(datasheet-pin-table+rm-remap-grid:en)
CH32L103,afio-tim1-rm,1,TIM1_CH2N,PB0,#,reference,candidates(datasheet-pin-table+rm-remap-grid:en)
CH32L103,afio-tim1-rm,1,TIM1_CH3,PA10,#,reference,candidates(datasheet-pin-table+rm-remap-grid:en)
CH32L103,afio-tim1-rm,1,TIM1_CH3N,PB1,#,reference,candidates(datasheet-pin-table+rm-remap-grid:en)
CH32L103,afio-tim1-rm,1,TIM1_CH4,PA11,#,reference,candidates(datasheet-pin-table+rm-remap-grid:en)
CH32L103,afio-tim1-rm,1,TIM1_ETR,PA12,#,reference,candidates(datasheet-pin-table+rm-remap-grid:en)
CH32L103,afio-tim1-rm,1,TIM3_CH3,PB0,#,reference,candidates(datasheet-pin-table+rm-remap-grid:en)
CH32L103,afio-tim1-rm,1,USART4_CK,PA6,#,reference,candidates(datasheet-pin-table+rm-remap-grid:en)
CH32L103,afio-tim1-rm,1,USART4_CTS,PA7,#,reference,candidates(datasheet-pin-table+rm-remap-grid:en)
CH32L103,afio-tim1-rm,2,TIM1_BKIN,PA13,#,reference,candidates(datasheet-pin-table+rm-remap-grid:en)
CH32L103,afio-tim1-rm,2,TIM1_CH1,PA1,#,reference,candidates(datasheet-pin-table+rm-remap-grid:en)
CH32L103,afio-tim1-rm,2,TIM1_CH1N,PB11,#,reference,candidates(datasheet-pin-table+rm-remap-grid:en)
CH32L103,afio-tim1-rm,2,TIM1_CH2,PA7,#,reference,candidates(datasheet-pin-table+rm-remap-grid:en)
CH32L103,afio-tim1-rm,2,TIM1_CH2N,PB0,#,reference,candidates(datasheet-pin-table+rm-remap-grid:en)
CH32L103,afio-tim1-rm,2,TIM1_CH3,PA14,#,reference,candidates(datasheet-pin-table+rm-remap-grid:en)
CH32L103,afio-tim1-rm,2,TIM1_CH4,PB1,#,reference,candidates(datasheet-pin-table+rm-remap-grid:en)
CH32L103,afio-tim1-rm,2,TIM1_ETR,PB6,#,reference,candidates(datasheet-pin-table+rm-remap-grid:en)
CH32L103,afio-tim1-rm,2,TIM2_CH2,PA1,#,reference,candidates(datasheet-pin-table+rm-remap-grid:en)
CH32L103,afio-tim1-rm,2,TIM2_CH3,PB10,#,reference,candidates(datasheet-pin-table+rm-remap-grid:en)
CH32L103,afio-tim1-rm,2,TIM2_CH4,PB11,#,reference,candidates(datasheet-pin-table+rm-remap-grid:en)
CH32L103,afio-tim1-rm,2,USART2_RTS,PA1,#,reference,candidates(datasheet-pin-table+rm-remap-grid:en)
CH32L103,afio-tim1-rm,3,TIM1_BKIN,PA13,#,reference,candidates(datasheet-pin-table+rm-remap-grid:en)
CH32L103,afio-tim1-rm,3,TIM1_CH1,PA1,#,reference,candidates(datasheet-pin-table+rm-remap-grid:en)
CH32L103,afio-tim1-rm,3,TIM1_CH1N,PB11,#,reference,candidates(datasheet-pin-table+rm-remap-grid:en)
CH32L103,afio-tim1-rm,3,TIM1_CH2,PA7,#,reference,candidates(datasheet-pin-table+rm-remap-grid:en)
CH32L103,afio-tim1-rm,3,TIM1_CH2N,PB0,#,reference,candidates(datasheet-pin-table+rm-remap-grid:en)
CH32L103,afio-tim1-rm,3,TIM1_CH3,PA14,#,reference,candidates(datasheet-pin-table+rm-remap-grid:en)
CH32L103,afio-tim1-rm,3,TIM1_CH4,PB1,#,reference,candidates(datasheet-pin-table+rm-remap-grid:en)
CH32L103,afio-tim1-rm,3,TIM1_ETR,PA3,#,reference,candidates(datasheet-pin-table+rm-remap-grid:en)
CH32L103,afio-tim1-rm,3,TIM2_CH3,PB10,#,reference,candidates(datasheet-pin-table+rm-remap-grid:en)
CH32L103,afio-tim1-rm,3,USART2_RTS,PA1,#,reference,candidates(datasheet-pin-table+rm-remap-grid:en)
CH32L103,afio-tim1-rm,4,TIM1_BKIN,PA12,#,reference,candidates(datasheet-pin-table+rm-remap-grid:en)
CH32L103,afio-tim1-rm,4,TIM1_CH1,PB7,#,reference,candidates(datasheet-pin-table+rm-remap-grid:en)
CH32L103,afio-tim1-rm,4,TIM1_CH1N,PA14,#,reference,candidates(datasheet-pin-table+rm-remap-grid:en)
CH32L103,afio-tim1-rm,4,TIM1_CH2,PB8,#,reference,candidates(datasheet-pin-table+rm-remap-grid:en)
CH32L103,afio-tim1-rm,4,TIM1_CH2N,PB1,#,reference,candidates(datasheet-pin-table+rm-remap-grid:en)
CH32L103,afio-tim1-rm,4,TIM1_CH3,PB12,#,reference,candidates(datasheet-pin-table+rm-remap-grid:en)
CH32L103,afio-tim1-rm,4,TIM1_CH4,PA2,#,reference,candidates(datasheet-pin-table+rm-remap-grid:en)
CH32L103,afio-tim1-rm,4,TIM1_ETR,PB6,#,reference,candidates(datasheet-pin-table+rm-remap-grid:en)
CH32L103,afio-tim1-rm,4,TIM2_CH2,PA2,#,reference,candidates(datasheet-pin-table+rm-remap-grid:en)
CH32L103,afio-tim1-rm,4,TIM2_CH3,PB12,#,reference,candidates(datasheet-pin-table+rm-remap-grid:en)
CH32L103,afio-tim1-rm,5,TIM1_BKIN,PA12,#,reference,candidates(datasheet-pin-table+rm-remap-grid:en)
CH32L103,afio-tim1-rm,5,TIM1_CH1,PB1,#,reference,candidates(datasheet-pin-table+rm-remap-grid:en)
CH32L103,afio-tim1-rm,5,TIM1_CH1N,PA14,#,reference,candidates(datasheet-pin-table+rm-remap-grid:en)
CH32L103,afio-tim1-rm,5,TIM1_CH2,PB8,#,reference,candidates(datasheet-pin-table+rm-remap-grid:en)
CH32L103,afio-tim1-rm,5,TIM1_CH2N,PA1,#,reference,candidates(datasheet-pin-table+rm-remap-grid:en)
CH32L103,afio-tim1-rm,5,TIM1_CH3,PB6,#,reference,candidates(datasheet-pin-table+rm-remap-grid:en)
CH32L103,afio-tim1-rm,5,TIM1_CH3N,PB7,#,reference,candidates(datasheet-pin-table+rm-remap-grid:en)
CH32L103,afio-tim1-rm,5,TIM1_CH4,PA3,#,reference,candidates(datasheet-pin-table+rm-remap-grid:en)
CH32L103,afio-tim1-rm,5,TIM1_ETR,PA13,#,reference,candidates(datasheet-pin-table+rm-remap-grid:en)
CH32L103,afio-tim1-rm,5,TIM2_CH3,PB12,#,reference,candidates(datasheet-pin-table+rm-remap-grid:en)
CH32L103,afio-tim1-rm,7,TIM2_CH3,PA5,#,reference,candidates(datasheet-pin-table+rm-remap-grid:en)
CH32L103,afio-tim2-rm,1,TIM2_CH4,PA3,#,reference,candidates(datasheet-pin-table+rm-remap-grid:en)
CH32L103,afio-tim2-rm,2,TIM2_CH1_ETR,PA0-WKUP,#,reference,candidates(datasheet-pin-table+rm-remap-grid:en)
CH32L103,afio-tim2-rm,2,TIM2_CH3,PB10,#,reference,candidates(datasheet-pin-table+rm-remap-grid:en)
CH32L103,afio-tim2-rm,3,TIM2_CH2,PB3,#,reference,candidates(datasheet-pin-table+rm-remap-grid:en)
CH32L103,afio-tim2-rm,3,TIM2_CH3,PB10,#,reference,candidates(datasheet-pin-table+rm-remap-grid:en)
CH32L103,afio-tim2-rm,3,TIM2_CH4,PB11,#,reference,candidates(datasheet-pin-table+rm-remap-grid:en)
CH32L103,afio-tim2-rm,4,TIM2_CH1_ETR,PA3,#,reference,candidates(datasheet-pin-table+rm-remap-grid:en)
CH32L103,afio-tim2-rm,5,TIM2_CH1_ETR,PA12,#,reference,candidates(datasheet-pin-table+rm-remap-grid:en)
CH32L103,afio-tim2-rm,5,TIM2_CH4,PA6,#,reference,candidates(datasheet-pin-table+rm-remap-grid:en)
CH32L103,afio-tim2-rm,7,TIM2_CH1_ETR,PA12,#,reference,candidates(datasheet-pin-table+rm-remap-grid:en)
CH32L103,afio-tim2-rm,7,TIM2_CH2,PB8,#,reference,candidates(datasheet-pin-table+rm-remap-grid:en)
CH32L103,afio-tim2-rm,7,TIM2_CH3,PA5,#,reference,candidates(datasheet-pin-table+rm-remap-grid:en)
CH32L103,afio-tim2-rm,7,TIM2_CH4,PA4,#,reference,candidates(datasheet-pin-table+rm-remap-grid:en)
CH32L103,afio-tim3-rm,1,TIM3_CH4,PB1,#,reference,candidates(datasheet-pin-table+rm-remap-grid:en)
CH32L103,afio-tim4-rm,1,TIM4_CH1,PB10,#,reference,candidates(datasheet-pin-table+rm-remap-grid:en)
CH32L103,afio-tim4-rm,1,TIM4_CH2,PB11,#,reference,candidates(datasheet-pin-table+rm-remap-grid:en)
CH32L103,afio-tim4-rm,1,TIM4_CH3,PB8,#,reference,candidates(datasheet-pin-table+rm-remap-grid:en)
CH32L103,afio-tim4-rm,1,TIM4_CH4,PB9,#,reference,candidates(datasheet-pin-table+rm-remap-grid:en)
CH32L103,afio-usart1-rm,1,LPTIM_CH2,PB7,#,reference,candidates(datasheet-pin-table+rm-remap-grid:en)
CH32L103,afio-usart1-rm,1,LPTIM_ETR,PB6,#,reference,candidates(datasheet-pin-table+rm-remap-grid:en)
CH32L103,afio-usart1-rm,1,TIM2_CH4,PA3,#,reference,candidates(datasheet-pin-table+rm-remap-grid:en)
CH32L103,afio-usart1-rm,1,USART1_CK,PA8,#,reference,candidates(datasheet-pin-table+rm-remap-grid:en)
CH32L103,afio-usart1-rm,1,USART1_CTS,PA11,#,reference,candidates(datasheet-pin-table+rm-remap-grid:en)
CH32L103,afio-usart1-rm,1,USART1_RTS,PA12,#,reference,candidates(datasheet-pin-table+rm-remap-grid:en)
CH32L103,afio-usart1-rm,1,USART1_RX,PB7,#,reference,candidates(datasheet-pin-table+rm-remap-grid:en)
CH32L103,afio-usart1-rm,1,USART1_TX,PB6,#,reference,candidates(datasheet-pin-table+rm-remap-grid:en)
CH32L103,afio-usart1-rm,2,USART1_CK,PA3,#,reference,candidates(datasheet-pin-table+rm-remap-grid:en)
CH32L103,afio-usart1-rm,2,USART1_RTS,PA13,#,reference,candidates(datasheet-pin-table+rm-remap-grid:en)
CH32L103,afio-usart1-rm,2,USART1_RX,PA5,#,reference,candidates(datasheet-pin-table+rm-remap-grid:en)
CH32L103,afio-usart1-rm,2,USART1_TX,PA4,#,reference,candidates(datasheet-pin-table+rm-remap-grid:en)
CH32L103,afio-usart1-rm,2,USART2_CK,PA4,#,reference,candidates(datasheet-pin-table+rm-remap-grid:en)
CH32L103,afio-usart1-rm,3,USART1_CK,PA6,#,reference,candidates(datasheet-pin-table+rm-remap-grid:en)
CH32L103,afio-usart1-rm,3,USART1_CTS,PB7,#,reference,candidates(datasheet-pin-table+rm-remap-grid:en)
CH32L103,afio-usart1-rm,3,USART1_RTS,PB8,#,reference,candidates(datasheet-pin-table+rm-remap-grid:en)
CH32L103,afio-usart1-rm,3,USART1_RX,PA4,#,reference,candidates(datasheet-pin-table+rm-remap-grid:en)
CH32L103,afio-usart1-rm,3,USART1_TX,PA5,#,reference,candidates(datasheet-pin-table+rm-remap-grid:en)
CH32L103,afio-usart1-rm,3,USART2_CK,PA4,#,reference,candidates(datasheet-pin-table+rm-remap-grid:en)
CH32L103,afio-usart1-rm,4,TIM2_CH4,PA6,#,reference,candidates(datasheet-pin-table+rm-remap-grid:en)
CH32L103,afio-usart1-rm,4,USART1_CK,PA6,#,reference,candidates(datasheet-pin-table+rm-remap-grid:en)
CH32L103,afio-usart1-rm,4,USART1_CTS,PA14,#,reference,candidates(datasheet-pin-table+rm-remap-grid:en)
CH32L103,afio-usart1-rm,4,USART1_RTS,PA13,#,reference,candidates(datasheet-pin-table+rm-remap-grid:en)
CH32L103,afio-usart1-rm,4,USART1_RX,PB9,#,reference,candidates(datasheet-pin-table+rm-remap-grid:en)
CH32L103,afio-usart1-rm,4,USART1_TX,PB11,#,reference,candidates(datasheet-pin-table+rm-remap-grid:en)
CH32L103,afio-usart1-rm,5,TIM2_CH4,PA6,#,reference,candidates(datasheet-pin-table+rm-remap-grid:en)
CH32L103,afio-usart1-rm,5,USART1_CK,PB6,#,reference,candidates(datasheet-pin-table+rm-remap-grid:en)
CH32L103,afio-usart1-rm,5,USART1_CTS,PB7,#,reference,candidates(datasheet-pin-table+rm-remap-grid:en)
CH32L103,afio-usart1-rm,5,USART1_RTS,PB8,#,reference,candidates(datasheet-pin-table+rm-remap-grid:en)
CH32L103,afio-usart1-rm,5,USART1_RX,PA12,#,reference,candidates(datasheet-pin-table+rm-remap-grid:en)
CH32L103,afio-usart1-rm,5,USART1_TX,PB12,#,reference,candidates(datasheet-pin-table+rm-remap-grid:en)
CH32L103,afio-usart1-rm,7,TIM2_CH4,PA4,#,reference,candidates(datasheet-pin-table+rm-remap-grid:en)
CH32L103,afio-usart2-rm,2,USART2_CTS,PA0-WKUP,#,reference,candidates(datasheet-pin-table+rm-remap-grid:en)
CH32L103,afio-usart2-rm,2,USART2_RX,PA12,#,reference,candidates(datasheet-pin-table+rm-remap-grid:en)
CH32L103,afio-usart2-rm,2,USART2_TX,PA11,#,reference,candidates(datasheet-pin-table+rm-remap-grid:en)
CH32L103,afio-usart2-rm,3,USART2_CTS,PA0-WKUP,#,reference,candidates(datasheet-pin-table+rm-remap-grid:en)
CH32L103,afio-usart2-rm,3,USART2_RX,PA11,#,reference,candidates(datasheet-pin-table+rm-remap-grid:en)
CH32L103,afio-usart2-rm,3,USART2_TX,PA12,#,reference,candidates(datasheet-pin-table+rm-remap-grid:en)
CH32L103,afio-usart3-rm,2,USART3_CK,PB12,#,reference,candidates(datasheet-pin-table+rm-remap-grid:en)
CH32L103,afio-usart3-rm,2,USART3_CTS,PB13,#,reference,candidates(datasheet-pin-table+rm-remap-grid:en)
CH32L103,afio-usart3-rm,2,USART3_RTS,PB14,#,reference,candidates(datasheet-pin-table+rm-remap-grid:en)
CH32L103,afio-usart3-rm,2,USART3_RX,OSC_IN,#,reference,candidates(datasheet-pin-table+rm-remap-grid:en)
CH32L103,afio-usart3-rm,2,USART3_TX,OSC_OUT,#,reference,candidates(datasheet-pin-table+rm-remap-grid:en)
CH32L103,afio-usart3-rm,3,USART3_CK,PB12,#,reference,candidates(datasheet-pin-table+rm-remap-grid:en)
CH32L103,afio-usart3-rm,3,USART3_CTS,PB13,#,reference,candidates(datasheet-pin-table+rm-remap-grid:en)
CH32L103,afio-usart3-rm,3,USART3_RTS,PB14,#,reference,candidates(datasheet-pin-table+rm-remap-grid:en)
CH32L103,afio-usart3-rm,3,USART3_RX,OSC_OUT,#,reference,candidates(datasheet-pin-table+rm-remap-grid:en)
CH32L103,afio-usart3-rm,3,USART3_TX,OSC_IN,#,reference,candidates(datasheet-pin-table+rm-remap-grid:en)
CH32M007,afio-i2c1-remap,1,I2C_SCL,PD1,#,reference,candidates(datasheet-pin-table+rm-remap-grid:en)
CH32M007,afio-i2c1-remap,2,I2C_SCL,PC5,#,reference,candidates(datasheet-pin-table+rm-remap-grid:en)
CH32M007,afio-i2c1-remap,2,I2C_SDA,PC4,#,reference,candidates(datasheet-pin-table+rm-remap-grid:en)
CH32M007,afio-i2c1-remap,4,I2C_SCL,PB3,#,reference,candidates(datasheet-pin-table+rm-remap-grid:en)
CH32M007,afio-i2c1-remap,4,I2C_SDA,PD1,#,reference,candidates(datasheet-pin-table+rm-remap-grid:en)
CH32M007,afio-spi1-remap,1,SPI_MISO,PC7,#,reference,candidates(datasheet-pin-table+rm-remap-grid:en)
CH32M007,afio-spi1-remap,1,SPI_NSS,PC0,#,reference,candidates(datasheet-pin-table+rm-remap-grid:en)
CH32M007,afio-spi1-remap,1,SPI_SCK,PC5,#,reference,candidates(datasheet-pin-table+rm-remap-grid:en)
CH32M007,afio-spi1-remap,2,SPI_MISO,PB3,#,reference,candidates(datasheet-pin-table+rm-remap-grid:en)
CH32M007,afio-spi1-remap,2,SPI_MOSI,PD3,#,reference,candidates(datasheet-pin-table+rm-remap-grid:en)
CH32M007,afio-spi1-remap,2,SPI_SCK,PD2,#,reference,candidates(datasheet-pin-table+rm-remap-grid:en)
CH32M007,afio-spi1-remap,3,SPI_MOSI,PC0,#,reference,candidates(datasheet-pin-table+rm-remap-grid:en)
CH32M007,afio-spi1-remap,4,SPI_MOSI,PD6,#,reference,candidates(datasheet-pin-table+rm-remap-grid:en)
CH32M007,afio-spi1-remap,4,SPI_NSS,PD3,#,reference,candidates(datasheet-pin-table+rm-remap-grid:en)
CH32M007,afio-spi1-remap,4,SPI_SCK,PD4,#,reference,candidates(datasheet-pin-table+rm-remap-grid:en)
CH32M007,afio-spi1-remap,5,SPI_SCK,PA1,#,reference,candidates(datasheet-pin-table+rm-remap-grid:en)
CH32M007,afio-spi1-remap,6,SPI_MISO,PC7,#,reference,candidates(datasheet-pin-table+rm-remap-grid:en)
CH32M007,afio-tim1-remap,1,ADC_RETR,PC2,#,reference,candidates(datasheet-pin-table+rm-remap-grid:en)
CH32M007,afio-tim1-remap,1,TIM1_BKIN,PC2,#,reference,candidates(datasheet-pin-table+rm-remap-grid:en)
CH32M007,afio-tim1-remap,1,TIM1_CH1,PD2,#,reference,candidates(datasheet-pin-table+rm-remap-grid:en)
CH32M007,afio-tim1-remap,1,TIM1_CH2,PA1,#,reference,candidates(datasheet-pin-table+rm-remap-grid:en)
CH32M007,afio-tim1-remap,1,TIM1_CH3N,PD1,#,reference,candidates(datasheet-pin-table+rm-remap-grid:en)
CH32M007,afio-tim1-remap,1,TIM1_CH4,PC4,#,reference,candidates(datasheet-pin-table+rm-remap-grid:en)
CH32M007,afio-tim1-remap,1,TIM1_ETR,PD4,#,reference,candidates(datasheet-pin-table+rm-remap-grid:en)
CH32M007,afio-tim1-remap,2,TIM1_BKIN,PC1,#,reference,candidates(datasheet-pin-table+rm-remap-grid:en)
CH32M007,afio-tim1-remap,2,TIM1_CH2,PC7,#,reference,candidates(datasheet-pin-table+rm-remap-grid:en)
CH32M007,afio-tim1-remap,2,TIM1_CH2N,PC4,#,reference,candidates(datasheet-pin-table+rm-remap-grid:en)
CH32M007,afio-tim1-remap,2,TIM1_CH3,PC0,#,reference,candidates(datasheet-pin-table+rm-remap-grid:en)
CH32M007,afio-tim1-remap,2,TIM1_CH3N,PD1,#,reference,candidates(datasheet-pin-table+rm-remap-grid:en)
CH32M007,afio-tim1-remap,2,TIM1_CH4,PD3,#,reference,candidates(datasheet-pin-table+rm-remap-grid:en)
CH32M007,afio-tim1-remap,2,TIM1_ETR,PC5,#,reference,candidates(datasheet-pin-table+rm-remap-grid:en)
CH32M007,afio-tim1-remap,3,TIM1_BKIN,PC1,#,reference,candidates(datasheet-pin-table+rm-remap-grid:en)
CH32M007,afio-tim1-remap,3,TIM1_CH1,PC4,#,reference,candidates(datasheet-pin-table+rm-remap-grid:en)
CH32M007,afio-tim1-remap,3,TIM1_CH2,PC7,#,reference,candidates(datasheet-pin-table+rm-remap-grid:en)
CH32M007,afio-tim1-remap,3,TIM1_CH2N,PD2,#,reference,candidates(datasheet-pin-table+rm-remap-grid:en)
CH32M007,afio-tim1-remap,3,TIM1_CH3,PC5,#,reference,candidates(datasheet-pin-table+rm-remap-grid:en)
CH32M007,afio-tim1-remap,3,TIM1_CH4,PD4,#,reference,candidates(datasheet-pin-table+rm-remap-grid:en)
CH32M007,afio-tim1-remap,3,TIM1_ETR,PC2,#,reference,candidates(datasheet-pin-table+rm-remap-grid:en)
CH32M007,afio-tim1-remap,4,TIM1_BKIN,PB3,#,reference,candidates(datasheet-pin-table+rm-remap-grid:en)
CH32M007,afio-tim1-remap,4,TIM1_CH4,PD1,#,reference,candidates(datasheet-pin-table+rm-remap-grid:en)
CH32M007,afio-tim1-remap,4,TIM1_ETR,PD4,#,reference,candidates(datasheet-pin-table+rm-remap-grid:en)
CH32M007,afio-tim1-remap,5,TIM1_BKIN,PB3,#,reference,candidates(datasheet-pin-table+rm-remap-grid:en)
CH32M007,afio-tim1-remap,5,TIM1_CH4,PD1,#,reference,candidates(datasheet-pin-table+rm-remap-grid:en)
CH32M007,afio-tim1-remap,5,TIM1_ETR,PD4,#,reference,candidates(datasheet-pin-table+rm-remap-grid:en)
CH32M007,afio-tim1-remap,6,TIM1_ETR,PD4,#,reference,candidates(datasheet-pin-table+rm-remap-grid:en)
CH32M007,afio-tim1-remap,7,TIM1_CH1,PC4,#,reference,candidates(datasheet-pin-table+rm-remap-grid:en)
CH32M007,afio-tim1-remap,7,TIM1_CH1N,PC0,#,reference,candidates(datasheet-pin-table+rm-remap-grid:en)
CH32M007,afio-tim1-remap,7,TIM1_CH2,PC5,#,reference,candidates(datasheet-pin-table+rm-remap-grid:en)
CH32M007,afio-tim1-remap,7,TIM1_CH2N,PC1,#,reference,candidates(datasheet-pin-table+rm-remap-grid:en)
CH32M007,afio-tim1-remap,7,TIM1_CH3N,PC2,#,reference,candidates(datasheet-pin-table+rm-remap-grid:en)
CH32M007,afio-tim1-remap,7,TIM1_CH4,PC7,#,reference,candidates(datasheet-pin-table+rm-remap-grid:en)
CH32M007,afio-tim1-remap,8,TIM1_CH1,PC4,#,reference,candidates(datasheet-pin-table+rm-remap-grid:en)
CH32M007,afio-tim1-remap,8,TIM1_CH2,PC5,#,reference,candidates(datasheet-pin-table+rm-remap-grid:en)
CH32M007,afio-tim1-remap,8,TIM1_CH4,PC7,#,reference,candidates(datasheet-pin-table+rm-remap-grid:en)
CH32M007,afio-tim1-remap,9,TIM1_CH1N,PC0,#,reference,candidates(datasheet-pin-table+rm-remap-grid:en)
CH32M007,afio-tim1-remap,9,TIM1_CH2,PA1,#,reference,candidates(datasheet-pin-table+rm-remap-grid:en)
CH32M007,afio-tim1-remap,9,TIM1_CH2N,PC1,#,reference,candidates(datasheet-pin-table+rm-remap-grid:en)
CH32M007,afio-tim1-remap,9,TIM1_CH3N,PC2,#,reference,candidates(datasheet-pin-table+rm-remap-grid:en)
CH32M007,afio-tim2-remap,1,TIM2_CH2,PD3,#,reference,candidates(datasheet-pin-table+rm-remap-grid:en)
CH32M007,afio-tim2-remap,1,TIM2_CH3,PC0,#,reference,candidates(datasheet-pin-table+rm-remap-grid:en)
CH32M007,afio-tim2-remap,1,TIM2_CH4,PD7,#,reference,candidates(datasheet-pin-table+rm-remap-grid:en)
CH32M007,afio-tim2-remap,2,TIM2_CH2,PB3,#,reference,candidates(datasheet-pin-table+rm-remap-grid:en)
CH32M007,afio-tim2-remap,2,TIM2_CH3,PD2,#,reference,candidates(datasheet-pin-table+rm-remap-grid:en)
CH32M007,afio-tim2-remap,3,TIM2_CH2,PC7,#,reference,candidates(datasheet-pin-table+rm-remap-grid:en)
CH32M007,afio-tim2-remap,3,TIM2_CH3,PD6,#,reference,candidates(datasheet-pin-table+rm-remap-grid:en)
CH32M007,afio-tim2-remap,3,TIM2_CH4,PD5,#,reference,candidates(datasheet-pin-table+rm-remap-grid:en)
CH32M007,afio-tim2-remap,5,TIM2_CH2,PA1,#,reference,candidates(datasheet-pin-table+rm-remap-grid:en)
CH32M007,afio-tim2-remap,6,TIM2_CH2,PA1,#,reference,candidates(datasheet-pin-table+rm-remap-grid:en)
CH32M007,afio-tim2-remap,7,TIM2_CH2,PD4,#,reference,candidates(datasheet-pin-table+rm-remap-grid:en)
CH32M007,afio-usart1-remap,1,USART1_RTS,PC7,#,reference,candidates(datasheet-pin-table+rm-remap-grid:en)
CH32M007,afio-usart1-remap,1,USART1_RX,PD5,#,reference,candidates(datasheet-pin-table+rm-remap-grid:en)
CH32M007,afio-usart1-remap,1,USART1_TX,PD6,#,reference,candidates(datasheet-pin-table+rm-remap-grid:en)
CH32M007,afio-usart1-remap,2,USART1_RTS,PC2,#,reference,candidates(datasheet-pin-table+rm-remap-grid:en)
CH32M007,afio-usart1-remap,2,USART1_RX,PD1,#,reference,candidates(datasheet-pin-table+rm-remap-grid:en)
CH32M007,afio-usart1-remap,3,USART1_RTS,PC7,#,reference,candidates(datasheet-pin-table+rm-remap-grid:en)
CH32M007,afio-usart1-remap,3,USART1_TX,PC0,#,reference,candidates(datasheet-pin-table+rm-remap-grid:en)
CH32M007,afio-usart1-remap,4,USART1_CTS,PD7,#,reference,candidates(datasheet-pin-table+rm-remap-grid:en)
CH32M007,afio-usart1-remap,4,USART1_RTS,PA5,#,reference,candidates(datasheet-pin-table+rm-remap-grid:en)
CH32M007,afio-usart1-remap,4,USART1_RX,PB3,#,reference,candidates(datasheet-pin-table+rm-remap-grid:en)
CH32M007,afio-usart1-remap,4,USART1_TX,PD1,#,reference,candidates(datasheet-pin-table+rm-remap-grid:en)
CH32M007,afio-usart1-remap,5,USART1_CTS,PD7,#,reference,candidates(datasheet-pin-table+rm-remap-grid:en)
CH32M007,afio-usart1-remap,5,USART1_RTS,PA5,#,reference,candidates(datasheet-pin-table+rm-remap-grid:en)
CH32M007,afio-usart1-remap,5,USART1_RX,PD1,#,reference,candidates(datasheet-pin-table+rm-remap-grid:en)
CH32M007,afio-usart1-remap,5,USART1_TX,PB3,#,reference,candidates(datasheet-pin-table+rm-remap-grid:en)
CH32M007,afio-usart1-remap,6,USART1_CTS,PC7,#,reference,candidates(datasheet-pin-table+rm-remap-grid:en)
CH32M007,afio-usart1-remap,6,USART1_TX,PC5,#,reference,candidates(datasheet-pin-table+rm-remap-grid:en)
CH32M007,afio-usart1-remap,7,USART1_CTS,PC7,#,reference,candidates(datasheet-pin-table+rm-remap-grid:en)
CH32M007,afio-usart1-remap,8,USART1_CTS,PD2,#,reference,candidates(datasheet-pin-table+rm-remap-grid:en)
CH32M007,afio-usart1-remap,8,USART1_RTS,PD3,#,reference,candidates(datasheet-pin-table+rm-remap-grid:en)
CH32M007,afio-usart1-remap,8,USART1_RX,PA1,#,reference,candidates(datasheet-pin-table+rm-remap-grid:en)
CH32M007,afio-usart1-remap,9,USART1_RTS,PD4,#,reference,candidates(datasheet-pin-table+rm-remap-grid:en)
CH32M007,afio-usart1-remap,9,USART1_RX,PC4,#,reference,candidates(datasheet-pin-table+rm-remap-grid:en)
CH32M007,afio-usart2-remap,1,USART2_RTS,PB3,#,reference,candidates(datasheet-pin-table+rm-remap-grid:en)
CH32M007,afio-usart2-remap,1,USART2_RX,PA5,#,reference,candidates(datasheet-pin-table+rm-remap-grid:en)
CH32M007,afio-usart2-remap,1,USART2_TX,PA4,#,reference,candidates(datasheet-pin-table+rm-remap-grid:en)
CH32M007,afio-usart2-remap,2,USART2_RTS,PA1,#,reference,candidates(datasheet-pin-table+rm-remap-grid:en)
CH32M007,afio-usart2-remap,3,USART2_RTS,PA1,#,reference,candidates(datasheet-pin-table+rm-remap-grid:en)
CH32M007,afio-usart2-remap,3,USART2_RX,PD3,#,reference,candidates(datasheet-pin-table+rm-remap-grid:en)
CH32M007,afio-usart2-remap,3,USART2_TX,PD2,#,reference,candidates(datasheet-pin-table+rm-remap-grid:en)
CH32M007,afio-usart2-remap,4,USART2_RTS,PA1,#,reference,candidates(datasheet-pin-table+rm-remap-grid:en)
CH32M007,afio-usart2-remap,5,USART2_CTS,PA4,#,reference,candidates(datasheet-pin-table+rm-remap-grid:en)
CH32M007,afio-usart2-remap,5,USART2_RTS,PA1,#,reference,candidates(datasheet-pin-table+rm-remap-grid:en)
CH32M007,afio-usart2-remap,5,USART2_RX,PD1,#,reference,candidates(datasheet-pin-table+rm-remap-grid:en)
CH32M007,afio-usart2-remap,5,USART2_TX,PC4,#,reference,candidates(datasheet-pin-table+rm-remap-grid:en)
CH32M007,afio-usart2-remap,6,USART2_RTS,PB3,#,reference,candidates(datasheet-pin-table+rm-remap-grid:en)
CH32M007,afio-usart2-remap,6,USART2_RX,PA5,#,reference,candidates(datasheet-pin-table+rm-remap-grid:en)
CH32M030,afio-adc-etrgin-remap,1,ADC_ETR,PB6,#,reference,candidates(datasheet-pin-table+rm-remap-grid:en)
CH32M030,afio-i2c1-remap,1,I2C_SCL,PA2,#,reference,candidates(datasheet-pin-table+rm-remap-grid:en)
CH32M030,afio-i2c1-remap,1,I2C_SDA,PB6,#,reference,candidates(datasheet-pin-table+rm-remap-grid:en)
CH32M030,afio-i2c1-remap,2,I2C_SCL,PA15,#,reference,candidates(datasheet-pin-table+rm-remap-grid:en)
CH32M030,afio-i2c1-remap,2,I2C_SDA,PA14,#,reference,candidates(datasheet-pin-table+rm-remap-grid:en)
CH32M030,afio-i2c1-remap,3,I2C_SCL,PA2,#,reference,candidates(datasheet-pin-table+rm-remap-grid:en)
CH32M030,afio-i2c1-remap,3,I2C_SDA,PA3,#,reference,candidates(datasheet-pin-table+rm-remap-grid:en)
CH32M030,afio-spi1-remap,1,SPI_MISO,PA4,#,reference,candidates(datasheet-pin-table+rm-remap-grid:en)
CH32M030,afio-spi1-remap,1,SPI_MOSI,PB5,#,reference,candidates(datasheet-pin-table+rm-remap-grid:en)
CH32M030,afio-spi1-remap,1,SPI_NSS,PA2,#,reference,candidates(datasheet-pin-table+rm-remap-grid:en)
CH32M030,afio-spi1-remap,1,SPI_SCK,PB6,#,reference,candidates(datasheet-pin-table+rm-remap-grid:en)
CH32M030,afio-spi1-remap,2,SPI_MISO,PC4,#,reference,candidates(datasheet-pin-table+rm-remap-grid:en)
CH32M030,afio-spi1-remap,2,SPI_MOSI,PA11,#,reference,candidates(datasheet-pin-table+rm-remap-grid:en)
CH32M030,afio-spi1-remap,2,SPI_NSS,PA0,#,reference,candidates(datasheet-pin-table+rm-remap-grid:en)
CH32M030,afio-spi1-remap,2,SPI_SCK,PA1,#,reference,candidates(datasheet-pin-table+rm-remap-grid:en)
CH32M030,afio-spi1-remap,3,SPI_MISO,PA4,#,reference,candidates(datasheet-pin-table+rm-remap-grid:en)
CH32M030,afio-spi1-remap,3,SPI_MOSI,PA8,#,reference,candidates(datasheet-pin-table+rm-remap-grid:en)
CH32M030,afio-spi1-remap,3,SPI_NSS,PA2,#,reference,candidates(datasheet-pin-table+rm-remap-grid:en)
CH32M030,afio-spi1-remap,3,SPI_SCK,PA1,#,reference,candidates(datasheet-pin-table+rm-remap-grid:en)
CH32M030,afio-tim1-remap,1,TIM1_BKIN,PA13,#,reference,candidates(datasheet-pin-table+rm-remap-grid:en)
CH32M030,afio-tim1-remap,1,TIM1_CH1,PB9,#,reference,candidates(datasheet-pin-table+rm-remap-grid:en)
CH32M030,afio-tim1-remap,1,TIM1_CH1N,PB8,#,reference,candidates(datasheet-pin-table+rm-remap-grid:en)
CH32M030,afio-tim1-remap,1,TIM1_CH2,PB11,#,reference,candidates(datasheet-pin-table+rm-remap-grid:en)
CH32M030,afio-tim1-remap,1,TIM1_CH2N,PB10,#,reference,candidates(datasheet-pin-table+rm-remap-grid:en)
CH32M030,afio-tim1-remap,1,TIM1_CH3,PB13,#,reference,candidates(datasheet-pin-table+rm-remap-grid:en)
CH32M030,afio-tim1-remap,1,TIM1_CH3N,PB12,#,reference,candidates(datasheet-pin-table+rm-remap-grid:en)
CH32M030,afio-tim1-remap,1,TIM1_CH4,PB15,#,reference,candidates(datasheet-pin-table+rm-remap-grid:en)
CH32M030,afio-tim1-remap,1,TIM1_ETR,PC1,#,reference,candidates(datasheet-pin-table+rm-remap-grid:en)
CH32M030,afio-tim1-remap,2,TIM1_BKIN,PA15,#,reference,candidates(datasheet-pin-table+rm-remap-grid:en)
CH32M030,afio-tim1-remap,2,TIM1_CH1,PB9,#,reference,candidates(datasheet-pin-table+rm-remap-grid:en)
CH32M030,afio-tim1-remap,2,TIM1_CH1N,PB8,#,reference,candidates(datasheet-pin-table+rm-remap-grid:en)
CH32M030,afio-tim1-remap,2,TIM1_CH2,PB11,#,reference,candidates(datasheet-pin-table+rm-remap-grid:en)
CH32M030,afio-tim1-remap,2,TIM1_CH2N,PB10,#,reference,candidates(datasheet-pin-table+rm-remap-grid:en)
CH32M030,afio-tim1-remap,2,TIM1_CH3,PB15,#,reference,candidates(datasheet-pin-table+rm-remap-grid:en)
CH32M030,afio-tim1-remap,2,TIM1_CH3N,PB14,#,reference,candidates(datasheet-pin-table+rm-remap-grid:en)
CH32M030,afio-tim1-remap,2,TIM1_CH4,PC2,#,reference,candidates(datasheet-pin-table+rm-remap-grid:en)
CH32M030,afio-tim1-remap,2,TIM1_ETR,PA4,#,reference,candidates(datasheet-pin-table+rm-remap-grid:en)
CH32M030,afio-tim1-remap,3,TIM1_BKIN,PA15,#,reference,candidates(datasheet-pin-table+rm-remap-grid:en)
CH32M030,afio-tim1-remap,3,TIM1_CH1,PC3,#,reference,candidates(datasheet-pin-table+rm-remap-grid:en)
CH32M030,afio-tim1-remap,3,TIM1_CH1N,PC2,#,reference,candidates(datasheet-pin-table+rm-remap-grid:en)
CH32M030,afio-tim1-remap,3,TIM1_CH2,PC4,#,reference,candidates(datasheet-pin-table+rm-remap-grid:en)
CH32M030,afio-tim1-remap,3,TIM1_CH2N,PC1,#,reference,candidates(datasheet-pin-table+rm-remap-grid:en)
CH32M030,afio-tim1-remap,3,TIM1_CH3,PA0,#,reference,candidates(datasheet-pin-table+rm-remap-grid:en)
CH32M030,afio-tim1-remap,3,TIM1_CH3N,PC0,#,reference,candidates(datasheet-pin-table+rm-remap-grid:en)
CH32M030,afio-tim1-remap,3,TIM1_CH4,PC5,#,reference,candidates(datasheet-pin-table+rm-remap-grid:en)
CH32M030,afio-tim1-remap,3,TIM1_ETR,PA4,#,reference,candidates(datasheet-pin-table+rm-remap-grid:en)
CH32M030,afio-tim1-remap,4,TIM1_BKIN,PA15,#,reference,candidates(datasheet-pin-table+rm-remap-grid:en)
CH32M030,afio-tim1-remap,4,TIM1_CH1,PB9,#,reference,candidates(datasheet-pin-table+rm-remap-grid:en)
CH32M030,afio-tim1-remap,4,TIM1_CH1,PC3,#,reference,candidates(datasheet-pin-table+rm-remap-grid:en)
CH32M030,afio-tim1-remap,4,TIM1_CH1N,PB8,#,reference,candidates(datasheet-pin-table+rm-remap-grid:en)
CH32M030,afio-tim1-remap,4,TIM1_CH1N,PC2,#,reference,candidates(datasheet-pin-table+rm-remap-grid:en)
CH32M030,afio-tim1-remap,4,TIM1_CH2,PB11,#,reference,candidates(datasheet-pin-table+rm-remap-grid:en)
CH32M030,afio-tim1-remap,4,TIM1_CH2,PC4,#,reference,candidates(datasheet-pin-table+rm-remap-grid:en)
CH32M030,afio-tim1-remap,4,TIM1_CH2N,PB10,#,reference,candidates(datasheet-pin-table+rm-remap-grid:en)
CH32M030,afio-tim1-remap,4,TIM1_CH2N,PC1,#,reference,candidates(datasheet-pin-table+rm-remap-grid:en)
CH32M030,afio-tim1-remap,4,TIM1_CH3,PA0,#,reference,candidates(datasheet-pin-table+rm-remap-grid:en)
CH32M030,afio-tim1-remap,4,TIM1_CH3,PB13,#,reference,candidates(datasheet-pin-table+rm-remap-grid:en)
CH32M030,afio-tim1-remap,4,TIM1_CH3N,PB12,#,reference,candidates(datasheet-pin-table+rm-remap-grid:en)
CH32M030,afio-tim1-remap,4,TIM1_CH3N,PC0,#,reference,candidates(datasheet-pin-table+rm-remap-grid:en)
CH32M030,afio-tim1-remap,4,TIM1_CH4,PA1,#,reference,candidates(datasheet-pin-table+rm-remap-grid:en)
CH32M030,afio-tim1-remap,4,TIM1_ETR,PA4,#,reference,candidates(datasheet-pin-table+rm-remap-grid:en)
CH32M030,afio-tim2-remap,1,TIM2_CH1N,PB1,#,reference,candidates(datasheet-pin-table+rm-remap-grid:en)
CH32M030,afio-tim2-remap,1,TIM2_CH1_ETR,PA3,#,reference,candidates(datasheet-pin-table+rm-remap-grid:en)
CH32M030,afio-tim2-remap,1,TIM2_CH2,PB0,#,reference,candidates(datasheet-pin-table+rm-remap-grid:en)
CH32M030,afio-tim2-remap,1,TIM2_CH2N,PB2,#,reference,candidates(datasheet-pin-table+rm-remap-grid:en)
CH32M030,afio-tim2-remap,1,TIM2_CH3,PB1,#,reference,candidates(datasheet-pin-table+rm-remap-grid:en)
CH32M030,afio-tim2-remap,1,TIM2_CH4,PB2,#,reference,candidates(datasheet-pin-table+rm-remap-grid:en)
CH32M030,afio-tim2-remap,2,TIM2_CH1N,PB12,#,reference,candidates(datasheet-pin-table+rm-remap-grid:en)
CH32M030,afio-tim2-remap,2,TIM2_CH1_ETR,PB13,#,reference,candidates(datasheet-pin-table+rm-remap-grid:en)
CH32M030,afio-tim2-remap,2,TIM2_CH2,PB15,#,reference,candidates(datasheet-pin-table+rm-remap-grid:en)
CH32M030,afio-tim2-remap,2,TIM2_CH2,PC5,#,reference,candidates(datasheet-pin-table+rm-remap-grid:en)
CH32M030,afio-tim2-remap,2,TIM2_CH2N,PB14,#,reference,candidates(datasheet-pin-table+rm-remap-grid:en)
CH32M030,afio-tim2-remap,2,TIM2_CH3,PB12,#,reference,candidates(datasheet-pin-table+rm-remap-grid:en)
CH32M030,afio-tim2-remap,2,TIM2_CH4,PB14,#,reference,candidates(datasheet-pin-table+rm-remap-grid:en)
CH32M030,afio-tim2-remap,3,TIM2_CH1N,PB1,#,reference,candidates(datasheet-pin-table+rm-remap-grid:en)
CH32M030,afio-tim2-remap,3,TIM2_CH1_ETR,PB5,#,reference,candidates(datasheet-pin-table+rm-remap-grid:en)
CH32M030,afio-tim2-remap,3,TIM2_CH2,PB6,#,reference,candidates(datasheet-pin-table+rm-remap-grid:en)
CH32M030,afio-tim2-remap,3,TIM2_CH2N,PB2,#,reference,candidates(datasheet-pin-table+rm-remap-grid:en)
CH32M030,afio-tim2-remap,3,TIM2_CH3,PB1,#,reference,candidates(datasheet-pin-table+rm-remap-grid:en)
CH32M030,afio-tim2-remap,3,TIM2_CH4,PB2,#,reference,candidates(datasheet-pin-table+rm-remap-grid:en)
CH32M030,afio-tim3-remap,1,TIM3_CH1N,PC1,#,reference,candidates(datasheet-pin-table+rm-remap-grid:en)
CH32M030,afio-tim3-remap,1,TIM3_CH1_ETR,PC0,#,reference,candidates(datasheet-pin-table+rm-remap-grid:en)
CH32M030,afio-tim3-remap,1,TIM3_CH2,PB2,#,reference,candidates(datasheet-pin-table+rm-remap-grid:en)
CH32M030,afio-tim3-remap,1,TIM3_CH2N,PB3,#,reference,candidates(datasheet-pin-table+rm-remap-grid:en)
CH32M030,afio-tim3-remap,2,TIM3_CH1N,PB4,#,reference,candidates(datasheet-pin-table+rm-remap-grid:en)
CH32M030,afio-tim3-remap,2,TIM3_CH1_ETR,PB2,#,reference,candidates(datasheet-pin-table+rm-remap-grid:en)
CH32M030,afio-tim3-remap,2,TIM3_CH2,PB3,#,reference,candidates(datasheet-pin-table+rm-remap-grid:en)
CH32M030,afio-tim3-remap,2,TIM3_CH2N,PB5,#,reference,candidates(datasheet-pin-table+rm-remap-grid:en)
CH32M030,afio-tim3-remap,3,TIM3_CH1N,PA4,#,reference,candidates(datasheet-pin-table+rm-remap-grid:en)
CH32M030,afio-tim3-remap,3,TIM3_CH1_ETR,PA2,#,reference,candidates(datasheet-pin-table+rm-remap-grid:en)
CH32M030,afio-tim3-remap,3,TIM3_CH2,PB5,#,reference,candidates(datasheet-pin-table+rm-remap-grid:en)
CH32M030,afio-tim3-remap,3,TIM3_CH2N,PB6,#,reference,candidates(datasheet-pin-table+rm-remap-grid:en)
CH32M030,afio-tim3-remap,4,TIM3_CH1N,PB12,#,reference,candidates(datasheet-pin-table+rm-remap-grid:en)
CH32M030,afio-tim3-remap,4,TIM3_CH1_ETR,PB13,#,reference,candidates(datasheet-pin-table+rm-remap-grid:en)
CH32M030,afio-tim3-remap,4,TIM3_CH2,PB15,#,reference,candidates(datasheet-pin-table+rm-remap-grid:en)
CH32M030,afio-tim3-remap,4,TIM3_CH2N,PB14,#,reference,candidates(datasheet-pin-table+rm-remap-grid:en)
CH32M030,afio-uart1-remap,1,UART_CTS,PA14,#,reference,candidates(datasheet-pin-table+rm-remap-grid:en)
CH32M030,afio-uart1-remap,1,UART_RTS,PA15,#,reference,candidates(datasheet-pin-table+rm-remap-grid:en)
CH32M030,afio-uart1-remap,1,UART_RX,PC2,#,reference,candidates(datasheet-pin-table+rm-remap-grid:en)
CH32M030,afio-uart1-remap,1,UART_TX,PC1,#,reference,candidates(datasheet-pin-table+rm-remap-grid:en)
CH32M030,afio-uart1-remap,2,UART_CTS,PA2,#,reference,candidates(datasheet-pin-table+rm-remap-grid:en)
CH32M030,afio-uart1-remap,2,UART_RTS,PA4,#,reference,candidates(datasheet-pin-table+rm-remap-grid:en)
CH32M030,afio-uart1-remap,2,UART_RX,PB5,#,reference,candidates(datasheet-pin-table+rm-remap-grid:en)
CH32M030,afio-uart1-remap,2,UART_TX,PB6,#,reference,candidates(datasheet-pin-table+rm-remap-grid:en)
CH32M030,afio-uart1-remap,3,UART_CTS,PB2,#,reference,candidates(datasheet-pin-table+rm-remap-grid:en)
CH32M030,afio-uart1-remap,3,UART_RTS,PB3,#,reference,candidates(datasheet-pin-table+rm-remap-grid:en)
CH32M030,afio-uart1-remap,3,UART_RX,PB0,#,reference,candidates(datasheet-pin-table+rm-remap-grid:en)
CH32M030,afio-uart1-remap,3,UART_TX,PB1,#,reference,candidates(datasheet-pin-table+rm-remap-grid:en)
CH32M030,afio-uart1-remap,4,UART_CTS,PB2,#,reference,candidates(datasheet-pin-table+rm-remap-grid:en)
CH32M030,afio-uart1-remap,4,UART_RTS,PB3,#,reference,candidates(datasheet-pin-table+rm-remap-grid:en)
CH32M030,afio-uart1-remap,4,UART_RX,PA2,#,reference,candidates(datasheet-pin-table+rm-remap-grid:en)
CH32M030,afio-uart1-remap,4,UART_TX,PA3,#,reference,candidates(datasheet-pin-table+rm-remap-grid:en)
CH32M030,afio-uart1-remap,5,UART_CTS,PB2,#,reference,candidates(datasheet-pin-table+rm-remap-grid:en)
CH32M030,afio-uart1-remap,5,UART_RTS,PB3,#,reference,candidates(datasheet-pin-table+rm-remap-grid:en)
CH32M030,afio-uart1-remap,5,UART_RX,PA3,#,reference,candidates(datasheet-pin-table+rm-remap-grid:en)
CH32M030,afio-uart1-remap,5,UART_TX,PA2,#,reference,candidates(datasheet-pin-table+rm-remap-grid:en)
CH32M103,afio-i2c1-rm,2,I2C1_SDA,PA12,#,reference,candidates(datasheet-pin-table+rm-remap-grid:en)
CH32M103,afio-i2c1-rm,3,I2C1_SDA,PB11,#,reference,candidates(datasheet-pin-table+rm-remap-grid:en)
CH32M103,afio-spi1-rm,1,SPI1_SCK,PB3,#,reference,candidates(datasheet-pin-table+rm-remap-grid:en)
CH32M103,afio-spi1-rm,1,TIM2_CH2,PB3,#,reference,candidates(datasheet-pin-table+rm-remap-grid:en)
CH32M103,afio-spi1-rm,2,CAN1_RX,PB8,#,reference,candidates(datasheet-pin-table+rm-remap-grid:en)
CH32M103,afio-spi1-rm,2,SPI1_MISO,PB8,#,reference,candidates(datasheet-pin-table+rm-remap-grid:en)
CH32M103,afio-spi1-rm,2,SPI1_MOSI,PB7,#,reference,candidates(datasheet-pin-table+rm-remap-grid:en)
CH32M103,afio-spi1-rm,2,SPI1_NSS,PA12,#,reference,candidates(datasheet-pin-table+rm-remap-grid:en)
CH32M103,afio-spi1-rm,2,SPI1_SCK,PB6,#,reference,candidates(datasheet-pin-table+rm-remap-grid:en)
CH32M103,afio-spi1-rm,3,SPI1_MISO,PB8,#,reference,candidates(datasheet-pin-table+rm-remap-grid:en)
CH32M103,afio-spi1-rm,3,SPI1_SCK,PB6,#,reference,candidates(datasheet-pin-table+rm-remap-grid:en)
CH32M103,afio-tim1-rm,1,TIM1_BKIN,PA6,#,reference,candidates(datasheet-pin-table+rm-remap-grid:en)
CH32M103,afio-tim1-rm,1,TIM1_CH1N,PA7,#,reference,candidates(datasheet-pin-table+rm-remap-grid:en)
CH32M103,afio-tim1-rm,1,TIM1_CH2N,PB0,#,reference,candidates(datasheet-pin-table+rm-remap-grid:en)
CH32M103,afio-tim1-rm,1,TIM1_CH3N,PB1,#,reference,candidates(datasheet-pin-table+rm-remap-grid:en)
CH32M103,afio-tim1-rm,1,TIM1_CH4,PA11,#,reference,candidates(datasheet-pin-table+rm-remap-grid:en)
CH32M103,afio-tim1-rm,1,TIM1_ETR,PA12,#,reference,candidates(datasheet-pin-table+rm-remap-grid:en)
CH32M103,afio-tim1-rm,1,TIM3_CH3,PB0,#,reference,candidates(datasheet-pin-table+rm-remap-grid:en)
CH32M103,afio-tim1-rm,1,USART4_CK,PA6,#,reference,candidates(datasheet-pin-table+rm-remap-grid:en)
CH32M103,afio-tim1-rm,1,USART4_CTS,PA7,#,reference,candidates(datasheet-pin-table+rm-remap-grid:en)
CH32M103,afio-tim1-rm,2,TIM1_CH1,PA1,#,reference,candidates(datasheet-pin-table+rm-remap-grid:en)
CH32M103,afio-tim1-rm,2,TIM1_CH1N,PB11,#,reference,candidates(datasheet-pin-table+rm-remap-grid:en)
CH32M103,afio-tim1-rm,2,TIM1_CH2,PA7,#,reference,candidates(datasheet-pin-table+rm-remap-grid:en)
CH32M103,afio-tim1-rm,2,TIM1_CH2N,PB0,#,reference,candidates(datasheet-pin-table+rm-remap-grid:en)
CH32M103,afio-tim1-rm,2,TIM1_CH4,PB1,#,reference,candidates(datasheet-pin-table+rm-remap-grid:en)
CH32M103,afio-tim1-rm,2,TIM1_ETR,PB6,#,reference,candidates(datasheet-pin-table+rm-remap-grid:en)
CH32M103,afio-tim1-rm,2,TIM2_CH2,PA1,#,reference,candidates(datasheet-pin-table+rm-remap-grid:en)
CH32M103,afio-tim1-rm,2,TIM2_CH4,PB11,#,reference,candidates(datasheet-pin-table+rm-remap-grid:en)
CH32M103,afio-tim1-rm,2,USART2_RTS,PA1,#,reference,candidates(datasheet-pin-table+rm-remap-grid:en)
CH32M103,afio-tim1-rm,3,TIM1_CH1,PA1,#,reference,candidates(datasheet-pin-table+rm-remap-grid:en)
CH32M103,afio-tim1-rm,3,TIM1_CH1N,PB11,#,reference,candidates(datasheet-pin-table+rm-remap-grid:en)
CH32M103,afio-tim1-rm,3,TIM1_CH2,PA7,#,reference,candidates(datasheet-pin-table+rm-remap-grid:en)
CH32M103,afio-tim1-rm,3,TIM1_CH2N,PB0,#,reference,candidates(datasheet-pin-table+rm-remap-grid:en)
CH32M103,afio-tim1-rm,3,TIM1_CH4,PB1,#,reference,candidates(datasheet-pin-table+rm-remap-grid:en)
CH32M103,afio-tim1-rm,3,TIM1_ETR,PA3,#,reference,candidates(datasheet-pin-table+rm-remap-grid:en)
CH32M103,afio-tim1-rm,3,USART2_RTS,PA1,#,reference,candidates(datasheet-pin-table+rm-remap-grid:en)
CH32M103,afio-tim1-rm,4,TIM1_BKIN,PA12,#,reference,candidates(datasheet-pin-table+rm-remap-grid:en)
CH32M103,afio-tim1-rm,4,TIM1_CH2,PB8,#,reference,candidates(datasheet-pin-table+rm-remap-grid:en)
CH32M103,afio-tim1-rm,4,TIM1_CH2N,PB1,#,reference,candidates(datasheet-pin-table+rm-remap-grid:en)
CH32M103,afio-tim1-rm,4,TIM1_CH4,PA2,#,reference,candidates(datasheet-pin-table+rm-remap-grid:en)
CH32M103,afio-tim1-rm,4,TIM1_ETR,PB6,#,reference,candidates(datasheet-pin-table+rm-remap-grid:en)
CH32M103,afio-tim1-rm,4,TIM2_CH2,PA2,#,reference,candidates(datasheet-pin-table+rm-remap-grid:en)
CH32M103,afio-tim1-rm,5,TIM1_BKIN,PA12,#,reference,candidates(datasheet-pin-table+rm-remap-grid:en)
CH32M103,afio-tim1-rm,5,TIM1_CH1,PB1,#,reference,candidates(datasheet-pin-table+rm-remap-grid:en)
CH32M103,afio-tim1-rm,5,TIM1_CH2,PB8,#,reference,candidates(datasheet-pin-table+rm-remap-grid:en)
CH32M103,afio-tim1-rm,5,TIM1_CH2N,PA1,#,reference,candidates(datasheet-pin-table+rm-remap-grid:en)
CH32M103,afio-tim1-rm,5,TIM1_CH3,PB6,#,reference,candidates(datasheet-pin-table+rm-remap-grid:en)
CH32M103,afio-tim1-rm,5,TIM1_CH4,PA3,#,reference,candidates(datasheet-pin-table+rm-remap-grid:en)
CH32M103,afio-tim2-rm,1,TIM2_CH3,PA2,#,reference,candidates(datasheet-pin-table+rm-remap-grid:en)
CH32M103,afio-tim2-rm,2,TIM2_CH1_ETR,PA0-WKUP,#,reference,candidates(datasheet-pin-table+rm-remap-grid:en)
CH32M103,afio-tim2-rm,2,TIM2_CH3,PB10,#,reference,candidates(datasheet-pin-table+rm-remap-grid:en)
CH32M103,afio-tim2-rm,3,TIM2_CH2,PB3,#,reference,candidates(datasheet-pin-table+rm-remap-grid:en)
CH32M103,afio-tim2-rm,3,TIM2_CH3,PB10,#,reference,candidates(datasheet-pin-table+rm-remap-grid:en)
CH32M103,afio-tim2-rm,3,TIM2_CH4,PB11,#,reference,candidates(datasheet-pin-table+rm-remap-grid:en)
CH32M103,afio-tim2-rm,5,TIM2_CH1_ETR,PA12,#,reference,candidates(datasheet-pin-table+rm-remap-grid:en)
CH32M103,afio-tim2-rm,5,TIM2_CH2,PA2,#,reference,candidates(datasheet-pin-table+rm-remap-grid:en)
CH32M103,afio-tim2-rm,5,TIM2_CH4,PA6,#,reference,candidates(datasheet-pin-table+rm-remap-grid:en)
CH32M103,afio-tim2-rm,7,TIM2_CH1_ETR,PA12,#,reference,candidates(datasheet-pin-table+rm-remap-grid:en)
CH32M103,afio-tim2-rm,7,TIM2_CH2,PB8,#,reference,candidates(datasheet-pin-table+rm-remap-grid:en)
CH32M103,afio-tim2-rm,7,TIM2_CH3,PA5,#,reference,candidates(datasheet-pin-table+rm-remap-grid:en)
CH32M103,afio-tim2-rm,7,TIM2_CH4,PA4,#,reference,candidates(datasheet-pin-table+rm-remap-grid:en)
CH32M103,afio-tim3-rm,1,TIM3_CH4,PB1,#,reference,candidates(datasheet-pin-table+rm-remap-grid:en)
CH32M103,afio-tim4-rm,1,TIM4_CH1,PB10,#,reference,candidates(datasheet-pin-table+rm-remap-grid:en)
CH32M103,afio-tim4-rm,1,TIM4_CH2,PB11,#,reference,candidates(datasheet-pin-table+rm-remap-grid:en)
CH32M103,afio-tim4-rm,1,TIM4_CH3,PB8,#,reference,candidates(datasheet-pin-table+rm-remap-grid:en)
CH32M103,afio-usart1-rm,1,LPTIM_CH2,PB7,#,reference,candidates(datasheet-pin-table+rm-remap-grid:en)
CH32M103,afio-usart1-rm,1,LPTIM_ETR,PB6,#,reference,candidates(datasheet-pin-table+rm-remap-grid:en)
CH32M103,afio-usart1-rm,1,USART1_CTS,PA11,#,reference,candidates(datasheet-pin-table+rm-remap-grid:en)
CH32M103,afio-usart1-rm,1,USART1_RTS,PA12,#,reference,candidates(datasheet-pin-table+rm-remap-grid:en)
CH32M103,afio-usart1-rm,1,USART1_RX,PB7,#,reference,candidates(datasheet-pin-table+rm-remap-grid:en)
CH32M103,afio-usart1-rm,1,USART1_TX,PB6,#,reference,candidates(datasheet-pin-table+rm-remap-grid:en)
CH32M103,afio-usart1-rm,2,USART1_CTS,PA2,#,reference,candidates(datasheet-pin-table+rm-remap-grid:en)
CH32M103,afio-usart1-rm,2,USART1_RX,PA5,#,reference,candidates(datasheet-pin-table+rm-remap-grid:en)
CH32M103,afio-usart1-rm,2,USART1_TX,PA4,#,reference,candidates(datasheet-pin-table+rm-remap-grid:en)
CH32M103,afio-usart1-rm,2,USART2_CK,PA4,#,reference,candidates(datasheet-pin-table+rm-remap-grid:en)
CH32M103,afio-usart1-rm,3,USART1_CK,PA6,#,reference,candidates(datasheet-pin-table+rm-remap-grid:en)
CH32M103,afio-usart1-rm,3,USART1_CTS,PB7,#,reference,candidates(datasheet-pin-table+rm-remap-grid:en)
CH32M103,afio-usart1-rm,3,USART1_RTS,PB8,#,reference,candidates(datasheet-pin-table+rm-remap-grid:en)
CH32M103,afio-usart1-rm,3,USART1_RX,PA4,#,reference,candidates(datasheet-pin-table+rm-remap-grid:en)
CH32M103,afio-usart1-rm,3,USART1_TX,PA5,#,reference,candidates(datasheet-pin-table+rm-remap-grid:en)
CH32M103,afio-usart1-rm,3,USART2_CK,PA4,#,reference,candidates(datasheet-pin-table+rm-remap-grid:en)
CH32M103,afio-usart1-rm,4,TIM2_CH4,PA6,#,reference,candidates(datasheet-pin-table+rm-remap-grid:en)
CH32M103,afio-usart1-rm,4,USART1_CK,PA6,#,reference,candidates(datasheet-pin-table+rm-remap-grid:en)
CH32M103,afio-usart1-rm,4,USART1_TX,PB11,#,reference,candidates(datasheet-pin-table+rm-remap-grid:en)
CH32M103,afio-usart1-rm,5,USART1_CK,PB6,#,reference,candidates(datasheet-pin-table+rm-remap-grid:en)
CH32M103,afio-usart1-rm,5,USART1_CTS,PB7,#,reference,candidates(datasheet-pin-table+rm-remap-grid:en)
CH32M103,afio-usart1-rm,5,USART1_RTS,PB8,#,reference,candidates(datasheet-pin-table+rm-remap-grid:en)
CH32M103,afio-usart1-rm,5,USART1_RX,PA12,#,reference,candidates(datasheet-pin-table+rm-remap-grid:en)
CH32M103,afio-usart2-rm,2,USART2_CTS,PA0-WKUP,#,reference,candidates(datasheet-pin-table+rm-remap-grid:en)
CH32M103,afio-usart2-rm,2,USART2_RX,PA12,#,reference,candidates(datasheet-pin-table+rm-remap-grid:en)
CH32M103,afio-usart2-rm,2,USART2_TX,PA11,#,reference,candidates(datasheet-pin-table+rm-remap-grid:en)
CH32M103,afio-usart2-rm,3,USART2_CTS,PA0-WKUP,#,reference,candidates(datasheet-pin-table+rm-remap-grid:en)
CH32M103,afio-usart2-rm,3,USART2_RX,PA11,#,reference,candidates(datasheet-pin-table+rm-remap-grid:en)
CH32M103,afio-usart2-rm,3,USART2_TX,PA12,#,reference,candidates(datasheet-pin-table+rm-remap-grid:en)
CH32V002,afio-i2c1-remap,1,I2C_SCL,PD1,#,reference,candidates(datasheet-pin-table+rm-remap-grid:en)
CH32V002,afio-i2c1-remap,1,I2C_SDA,PD0,#,reference,candidates(datasheet-pin-table+rm-remap-grid:en)
CH32V002,afio-i2c1-remap,2,I2C_SCL,PC5,#,reference,candidates(datasheet-pin-table+rm-remap-grid:en)
CH32V002,afio-i2c1-remap,2,I2C_SDA,PC6,#,reference,candidates(datasheet-pin-table+rm-remap-grid:en)
CH32V002,afio-i2c1-remap,4,I2C_SDA,PD1,#,reference,candidates(datasheet-pin-table+rm-remap-grid:en)
CH32V002,afio-spi1-remap,1,SPI_MISO,PC7,#,reference,candidates(datasheet-pin-table+rm-remap-grid:en)
CH32V002,afio-spi1-remap,1,SPI_MOSI,PC6,#,reference,candidates(datasheet-pin-table+rm-remap-grid:en)
CH32V002,afio-spi1-remap,1,SPI_NSS,PC0,#,reference,candidates(datasheet-pin-table+rm-remap-grid:en)
CH32V002,afio-spi1-remap,1,SPI_SCK,PC5,#,reference,candidates(datasheet-pin-table+rm-remap-grid:en)
CH32V002,afio-spi1-remap,2,SPI_MOSI,PD3,#,reference,candidates(datasheet-pin-table+rm-remap-grid:en)
CH32V002,afio-spi1-remap,2,SPI_NSS,PC4,#,reference,candidates(datasheet-pin-table+rm-remap-grid:en)
CH32V002,afio-spi1-remap,2,SPI_SCK,PD2,#,reference,candidates(datasheet-pin-table+rm-remap-grid:en)
CH32V002,afio-spi1-remap,3,SPI_MOSI,PC0,#,reference,candidates(datasheet-pin-table+rm-remap-grid:en)
CH32V002,afio-spi1-remap,4,SPI_MISO,PD5,#,reference,candidates(datasheet-pin-table+rm-remap-grid:en)
CH32V002,afio-spi1-remap,4,SPI_MOSI,PD6,#,reference,candidates(datasheet-pin-table+rm-remap-grid:en)
CH32V002,afio-spi1-remap,4,SPI_NSS,PD3,#,reference,candidates(datasheet-pin-table+rm-remap-grid:en)
CH32V002,afio-spi1-remap,4,SPI_SCK,PD4,#,reference,candidates(datasheet-pin-table+rm-remap-grid:en)
CH32V002,afio-spi1-remap,5,SPI_MOSI,PA2,#,reference,candidates(datasheet-pin-table+rm-remap-grid:en)
CH32V002,afio-spi1-remap,5,SPI_NSS,PC1,#,reference,candidates(datasheet-pin-table+rm-remap-grid:en)
CH32V002,afio-spi1-remap,5,SPI_SCK,PA1,#,reference,candidates(datasheet-pin-table+rm-remap-grid:en)
CH32V002,afio-spi1-remap,6,SPI_MISO,PC7,#,reference,candidates(datasheet-pin-table+rm-remap-grid:en)
CH32V002,afio-spi1-remap,6,SPI_NSS,PC4,#,reference,candidates(datasheet-pin-table+rm-remap-grid:en)
CH32V002,afio-tim1-remap,1,ADC_IETR,PA2,#,reference,candidates(datasheet-pin-table+rm-remap-grid:en)
CH32V002,afio-tim1-remap,1,ADC_RETR,PC2,#,reference,candidates(datasheet-pin-table+rm-remap-grid:en)
CH32V002,afio-tim1-remap,1,TIM1_BKIN,PC2,#,reference,candidates(datasheet-pin-table+rm-remap-grid:en)
CH32V002,afio-tim1-remap,1,TIM1_CH1,PD2,#,reference,candidates(datasheet-pin-table+rm-remap-grid:en)
CH32V002,afio-tim1-remap,1,TIM1_CH1N,PD0,#,reference,candidates(datasheet-pin-table+rm-remap-grid:en)
CH32V002,afio-tim1-remap,1,TIM1_CH2,PA1,#,reference,candidates(datasheet-pin-table+rm-remap-grid:en)
CH32V002,afio-tim1-remap,1,TIM1_CH2N,PA2,#,reference,candidates(datasheet-pin-table+rm-remap-grid:en)
CH32V002,afio-tim1-remap,1,TIM1_CH3,PC3,#,reference,candidates(datasheet-pin-table+rm-remap-grid:en)
CH32V002,afio-tim1-remap,1,TIM1_CH3N,PD1,#,reference,candidates(datasheet-pin-table+rm-remap-grid:en)
CH32V002,afio-tim1-remap,1,TIM1_CH4,PC4,#,reference,candidates(datasheet-pin-table+rm-remap-grid:en)
CH32V002,afio-tim1-remap,1,TIM1_ETR,PD4,#,reference,candidates(datasheet-pin-table+rm-remap-grid:en)
CH32V002,afio-tim1-remap,2,TIM1_BKIN,PC1,#,reference,candidates(datasheet-pin-table+rm-remap-grid:en)
CH32V002,afio-tim1-remap,2,TIM1_CH1,PC6,#,reference,candidates(datasheet-pin-table+rm-remap-grid:en)
CH32V002,afio-tim1-remap,2,TIM1_CH1N,PC3,#,reference,candidates(datasheet-pin-table+rm-remap-grid:en)
CH32V002,afio-tim1-remap,2,TIM1_CH2,PC7,#,reference,candidates(datasheet-pin-table+rm-remap-grid:en)
CH32V002,afio-tim1-remap,2,TIM1_CH2N,PC4,#,reference,candidates(datasheet-pin-table+rm-remap-grid:en)
CH32V002,afio-tim1-remap,2,TIM1_CH3,PC0,#,reference,candidates(datasheet-pin-table+rm-remap-grid:en)
CH32V002,afio-tim1-remap,2,TIM1_CH3N,PD1,#,reference,candidates(datasheet-pin-table+rm-remap-grid:en)
CH32V002,afio-tim1-remap,2,TIM1_CH4,PD3,#,reference,candidates(datasheet-pin-table+rm-remap-grid:en)
CH32V002,afio-tim1-remap,2,TIM1_ETR,PC5,#,reference,candidates(datasheet-pin-table+rm-remap-grid:en)
CH32V002,afio-tim1-remap,3,TIM1_BKIN,PC1,#,reference,candidates(datasheet-pin-table+rm-remap-grid:en)
CH32V002,afio-tim1-remap,3,TIM1_CH1,PC4,#,reference,candidates(datasheet-pin-table+rm-remap-grid:en)
CH32V002,afio-tim1-remap,3,TIM1_CH1N,PC3,#,reference,candidates(datasheet-pin-table+rm-remap-grid:en)
CH32V002,afio-tim1-remap,3,TIM1_CH2,PC7,#,reference,candidates(datasheet-pin-table+rm-remap-grid:en)
CH32V002,afio-tim1-remap,3,TIM1_CH2N,PD2,#,reference,candidates(datasheet-pin-table+rm-remap-grid:en)
CH32V002,afio-tim1-remap,3,TIM1_CH3,PC5,#,reference,candidates(datasheet-pin-table+rm-remap-grid:en)
CH32V002,afio-tim1-remap,3,TIM1_CH3N,PC6,#,reference,candidates(datasheet-pin-table+rm-remap-grid:en)
CH32V002,afio-tim1-remap,3,TIM1_CH4,PD4,#,reference,candidates(datasheet-pin-table+rm-remap-grid:en)
CH32V002,afio-tim1-remap,3,TIM1_ETR,PC2,#,reference,candidates(datasheet-pin-table+rm-remap-grid:en)
CH32V002,afio-tim1-remap,4,TIM1_CH2N,PA2,#,reference,candidates(datasheet-pin-table+rm-remap-grid:en)
CH32V002,afio-tim1-remap,4,TIM1_CH3N,PD0,#,reference,candidates(datasheet-pin-table+rm-remap-grid:en)
CH32V002,afio-tim1-remap,4,TIM1_CH4,PD1,#,reference,candidates(datasheet-pin-table+rm-remap-grid:en)
CH32V002,afio-tim1-remap,4,TIM1_ETR,PD4,#,reference,candidates(datasheet-pin-table+rm-remap-grid:en)
CH32V002,afio-tim1-remap,5,TIM1_CH2N,PA2,#,reference,candidates(datasheet-pin-table+rm-remap-grid:en)
CH32V002,afio-tim1-remap,5,TIM1_CH3,PC3,#,reference,candidates(datasheet-pin-table+rm-remap-grid:en)
CH32V002,afio-tim1-remap,5,TIM1_CH3N,PD0,#,reference,candidates(datasheet-pin-table+rm-remap-grid:en)
CH32V002,afio-tim1-remap,5,TIM1_CH4,PD1,#,reference,candidates(datasheet-pin-table+rm-remap-grid:en)
CH32V002,afio-tim1-remap,5,TIM1_ETR,PD4,#,reference,candidates(datasheet-pin-table+rm-remap-grid:en)
CH32V002,afio-tim1-remap,6,TIM1_CH2N,PA2,#,reference,candidates(datasheet-pin-table+rm-remap-grid:en)
CH32V002,afio-tim1-remap,6,TIM1_CH3N,PD0,#,reference,candidates(datasheet-pin-table+rm-remap-grid:en)
CH32V002,afio-tim1-remap,6,TIM1_ETR,PD4,#,reference,candidates(datasheet-pin-table+rm-remap-grid:en)
CH32V002,afio-tim1-remap,7,TIM1_CH1,PC4,#,reference,candidates(datasheet-pin-table+rm-remap-grid:en)
CH32V002,afio-tim1-remap,7,TIM1_CH1N,PC0,#,reference,candidates(datasheet-pin-table+rm-remap-grid:en)
CH32V002,afio-tim1-remap,7,TIM1_CH2,PC5,#,reference,candidates(datasheet-pin-table+rm-remap-grid:en)
CH32V002,afio-tim1-remap,7,TIM1_CH2N,PC1,#,reference,candidates(datasheet-pin-table+rm-remap-grid:en)
CH32V002,afio-tim1-remap,7,TIM1_CH3,PC6,#,reference,candidates(datasheet-pin-table+rm-remap-grid:en)
CH32V002,afio-tim1-remap,7,TIM1_CH3N,PC2,#,reference,candidates(datasheet-pin-table+rm-remap-grid:en)
CH32V002,afio-tim1-remap,7,TIM1_CH4,PC7,#,reference,candidates(datasheet-pin-table+rm-remap-grid:en)
CH32V002,afio-tim1-remap,8,TIM1_CH1,PC4,#,reference,candidates(datasheet-pin-table+rm-remap-grid:en)
CH32V002,afio-tim1-remap,8,TIM1_CH2,PC5,#,reference,candidates(datasheet-pin-table+rm-remap-grid:en)
CH32V002,afio-tim1-remap,8,TIM1_CH3,PC6,#,reference,candidates(datasheet-pin-table+rm-remap-grid:en)
CH32V002,afio-tim1-remap,8,TIM1_CH4,PC7,#,reference,candidates(datasheet-pin-table+rm-remap-grid:en)
CH32V002,afio-tim1-remap,9,TIM1_CH1N,PC0,#,reference,candidates(datasheet-pin-table+rm-remap-grid:en)
CH32V002,afio-tim1-remap,9,TIM1_CH2,PA1,#,reference,candidates(datasheet-pin-table+rm-remap-grid:en)
CH32V002,afio-tim1-remap,9,TIM1_CH2N,PC1,#,reference,candidates(datasheet-pin-table+rm-remap-grid:en)
CH32V002,afio-tim1-remap,9,TIM1_CH3,PA2,#,reference,candidates(datasheet-pin-table+rm-remap-grid:en)
CH32V002,afio-tim1-remap,9,TIM1_CH3N,PC2,#,reference,candidates(datasheet-pin-table+rm-remap-grid:en)
CH32V002,afio-tim2-remap,1,TIM2_CH2,PD3,#,reference,candidates(datasheet-pin-table+rm-remap-grid:en)
CH32V002,afio-tim2-remap,1,TIM2_CH3,PC0,#,reference,candidates(datasheet-pin-table+rm-remap-grid:en)
CH32V002,afio-tim2-remap,1,TIM2_CH4,PD7,#,reference,candidates(datasheet-pin-table+rm-remap-grid:en)
CH32V002,afio-tim2-remap,2,TIM2_CH2,PC2,#,reference,candidates(datasheet-pin-table+rm-remap-grid:en)
CH32V002,afio-tim2-remap,2,TIM2_CH3,PD2,#,reference,candidates(datasheet-pin-table+rm-remap-grid:en)
CH32V002,afio-tim2-remap,2,TIM2_CH4,PC1,#,reference,candidates(datasheet-pin-table+rm-remap-grid:en)
CH32V002,afio-tim2-remap,3,TIM2_CH2,PC7,#,reference,candidates(datasheet-pin-table+rm-remap-grid:en)
CH32V002,afio-tim2-remap,3,TIM2_CH3,PD6,#,reference,candidates(datasheet-pin-table+rm-remap-grid:en)
CH32V002,afio-tim2-remap,3,TIM2_CH4,PD5,#,reference,candidates(datasheet-pin-table+rm-remap-grid:en)
CH32V002,afio-tim2-remap,4,TIM2_CH2,PC1,#,reference,candidates(datasheet-pin-table+rm-remap-grid:en)
CH32V002,afio-tim2-remap,4,TIM2_CH3,PC3,#,reference,candidates(datasheet-pin-table+rm-remap-grid:en)
CH32V002,afio-tim2-remap,5,TIM2_CH2,PA1,#,reference,candidates(datasheet-pin-table+rm-remap-grid:en)
CH32V002,afio-tim2-remap,5,TIM2_CH3,PA2,#,reference,candidates(datasheet-pin-table+rm-remap-grid:en)
CH32V002,afio-tim2-remap,6,TIM2_CH2,PA1,#,reference,candidates(datasheet-pin-table+rm-remap-grid:en)
CH32V002,afio-tim2-remap,6,TIM2_CH3,PA2,#,reference,candidates(datasheet-pin-table+rm-remap-grid:en)
CH32V002,afio-tim2-remap,7,TIM2_CH2,PD4,#,reference,candidates(datasheet-pin-table+rm-remap-grid:en)
CH32V002,afio-tim2-remap,7,TIM2_CH3,PA2,#,reference,candidates(datasheet-pin-table+rm-remap-grid:en)
CH32V002,afio-usart1-remap,1,USART1_CTS,PC6,#,reference,candidates(datasheet-pin-table+rm-remap-grid:en)
CH32V002,afio-usart1-remap,1,USART1_RTS,PC7,#,reference,candidates(datasheet-pin-table+rm-remap-grid:en)
CH32V002,afio-usart1-remap,1,USART1_RX,PD5,#,reference,candidates(datasheet-pin-table+rm-remap-grid:en)
CH32V002,afio-usart1-remap,1,USART1_TX,PD6,#,reference,candidates(datasheet-pin-table+rm-remap-grid:en)
CH32V002,afio-usart1-remap,2,USART1_CTS,PC3,#,reference,candidates(datasheet-pin-table+rm-remap-grid:en)
CH32V002,afio-usart1-remap,2,USART1_RTS,PC2,#,reference,candidates(datasheet-pin-table+rm-remap-grid:en)
CH32V002,afio-usart1-remap,2,USART1_RX,PD1,#,reference,candidates(datasheet-pin-table+rm-remap-grid:en)
CH32V002,afio-usart1-remap,2,USART1_TX,PD0,#,reference,candidates(datasheet-pin-table+rm-remap-grid:en)
CH32V002,afio-usart1-remap,3,USART1_CTS,PC6,#,reference,candidates(datasheet-pin-table+rm-remap-grid:en)
CH32V002,afio-usart1-remap,3,USART1_RTS,PC7,#,reference,candidates(datasheet-pin-table+rm-remap-grid:en)
CH32V002,afio-usart1-remap,3,USART1_RX,PC1,#,reference,candidates(datasheet-pin-table+rm-remap-grid:en)
CH32V002,afio-usart1-remap,3,USART1_TX,PC0,#,reference,candidates(datasheet-pin-table+rm-remap-grid:en)
CH32V002,afio-usart1-remap,4,USART1_CTS,PD7,#,reference,candidates(datasheet-pin-table+rm-remap-grid:en)
CH32V002,afio-usart1-remap,4,USART1_TX,PD1,#,reference,candidates(datasheet-pin-table+rm-remap-grid:en)
CH32V002,afio-usart1-remap,5,USART1_CTS,PD7,#,reference,candidates(datasheet-pin-table+rm-remap-grid:en)
CH32V002,afio-usart1-remap,5,USART1_RX,PD1,#,reference,candidates(datasheet-pin-table+rm-remap-grid:en)
CH32V002,afio-usart1-remap,6,USART1_CTS,PC7,#,reference,candidates(datasheet-pin-table+rm-remap-grid:en)
CH32V002,afio-usart1-remap,6,USART1_RX,PC6,#,reference,candidates(datasheet-pin-table+rm-remap-grid:en)
CH32V002,afio-usart1-remap,6,USART1_TX,PC5,#,reference,candidates(datasheet-pin-table+rm-remap-grid:en)
CH32V002,afio-usart1-remap,7,USART1_CTS,PC7,#,reference,candidates(datasheet-pin-table+rm-remap-grid:en)
CH32V002,afio-usart1-remap,8,USART1_CTS,PD2,#,reference,candidates(datasheet-pin-table+rm-remap-grid:en)
CH32V002,afio-usart1-remap,8,USART1_RTS,PD3,#,reference,candidates(datasheet-pin-table+rm-remap-grid:en)
CH32V002,afio-usart1-remap,8,USART1_RX,PA1,#,reference,candidates(datasheet-pin-table+rm-remap-grid:en)
CH32V002,afio-usart1-remap,9,USART1_CTS,PD5,#,reference,candidates(datasheet-pin-table+rm-remap-grid:en)
CH32V002,afio-usart1-remap,9,USART1_RTS,PD4,#,reference,candidates(datasheet-pin-table+rm-remap-grid:en)
CH32V002,afio-usart1-remap,9,USART1_RX,PC4,#,reference,candidates(datasheet-pin-table+rm-remap-grid:en)
CH32V003,afio-adc1-etrginj-remap,1,AETR2,PA2,#,reference,candidates(datasheet-pin-table+rm-remap-grid:en)
CH32V003,afio-i2c1-remap,1,SCL,PD1,#,reference,candidates(datasheet-pin-table+rm-remap-grid:en)
CH32V003,afio-i2c1-remap,2,SCL,PC5,#,reference,candidates(datasheet-pin-table+rm-remap-grid:en)
CH32V003,afio-i2c1-remap,3,SCL,PC5,#,reference,candidates(datasheet-pin-table+rm-remap-grid:en)
CH32V003,afio-tim1-remap,1,T1BKIN,PC1,#,reference,candidates(datasheet-pin-table+rm-remap-grid:en)
CH32V003,afio-tim1-remap,1,T1CH1,PC6,#,reference,candidates(datasheet-pin-table+rm-remap-grid:en)
CH32V003,afio-tim1-remap,1,T1CH1N,PC3,#,reference,candidates(datasheet-pin-table+rm-remap-grid:en)
CH32V003,afio-tim1-remap,1,T1CH2,PC7,#,reference,candidates(datasheet-pin-table+rm-remap-grid:en)
CH32V003,afio-tim1-remap,1,T1CH2N,PC4,#,reference,candidates(datasheet-pin-table+rm-remap-grid:en)
CH32V003,afio-tim1-remap,1,T1CH3,PC0,#,reference,candidates(datasheet-pin-table+rm-remap-grid:en)
CH32V003,afio-tim1-remap,1,T1CH3N,PD1,#,reference,candidates(datasheet-pin-table+rm-remap-grid:en)
CH32V003,afio-tim1-remap,1,T1CH4,PD3,#,reference,candidates(datasheet-pin-table+rm-remap-grid:en)
CH32V003,afio-tim1-remap,1,T1ETR,PC5,#,reference,candidates(datasheet-pin-table+rm-remap-grid:en)
CH32V003,afio-tim1-remap,2,T1BKIN,PC2,#,reference,candidates(datasheet-pin-table+rm-remap-grid:en)
CH32V003,afio-tim1-remap,2,T1CH1,PD2,#,reference,candidates(datasheet-pin-table+rm-remap-grid:en)
CH32V003,afio-tim1-remap,2,T1CH1N,PD0,#,reference,candidates(datasheet-pin-table+rm-remap-grid:en)
CH32V003,afio-tim1-remap,2,T1CH2,PA1,#,reference,candidates(datasheet-pin-table+rm-remap-grid:en)
CH32V003,afio-tim1-remap,2,T1CH2N,PA2,#,reference,candidates(datasheet-pin-table+rm-remap-grid:en)
CH32V003,afio-tim1-remap,2,T1CH3,PC3,#,reference,candidates(datasheet-pin-table+rm-remap-grid:en)
CH32V003,afio-tim1-remap,2,T1CH3N,PD1,#,reference,candidates(datasheet-pin-table+rm-remap-grid:en)
CH32V003,afio-tim1-remap,2,T1CH4,PC4,#,reference,candidates(datasheet-pin-table+rm-remap-grid:en)
CH32V003,afio-tim1-remap,2,TIETR,PD4,#,reference,candidates(datasheet-pin-table+rm-remap-grid:en)
CH32V003,afio-tim1-remap,3,T1BKIN,PC1,#,reference,candidates(datasheet-pin-table+rm-remap-grid:en)
CH32V003,afio-tim1-remap,3,T1CH1,PC4,#,reference,candidates(datasheet-pin-table+rm-remap-grid:en)
CH32V003,afio-tim1-remap,3,T1CH1N,PC3,#,reference,candidates(datasheet-pin-table+rm-remap-grid:en)
CH32V003,afio-tim1-remap,3,T1CH2,PC7,#,reference,candidates(datasheet-pin-table+rm-remap-grid:en)
CH32V003,afio-tim1-remap,3,T1CH2N,PD2,#,reference,candidates(datasheet-pin-table+rm-remap-grid:en)
CH32V003,afio-tim1-remap,3,T1CH3,PC5,#,reference,candidates(datasheet-pin-table+rm-remap-grid:en)
CH32V003,afio-tim1-remap,3,T1CH3N,PC6,#,reference,candidates(datasheet-pin-table+rm-remap-grid:en)
CH32V003,afio-tim1-remap,3,T1CH4,PD4,#,reference,candidates(datasheet-pin-table+rm-remap-grid:en)
CH32V003,afio-tim1-remap,3,T1ETR,PC2,#,reference,candidates(datasheet-pin-table+rm-remap-grid:en)
CH32V003,afio-tim2-remap,1,T2CH2,PC2,#,reference,candidates(datasheet-pin-table+rm-remap-grid:en)
CH32V003,afio-tim2-remap,1,T2CH3,PD2,#,reference,candidates(datasheet-pin-table+rm-remap-grid:en)
CH32V003,afio-tim2-remap,1,T2CH4,PC1,#,reference,candidates(datasheet-pin-table+rm-remap-grid:en)
CH32V003,afio-tim2-remap,2,T2CH2,PD3,#,reference,candidates(datasheet-pin-table+rm-remap-grid:en)
CH32V003,afio-tim2-remap,2,T2CH3,PC0,#,reference,candidates(datasheet-pin-table+rm-remap-grid:en)
CH32V003,afio-tim2-remap,2,T2CH4,PD7,#,reference,candidates(datasheet-pin-table+rm-remap-grid:en)
CH32V003,afio-tim2-remap,3,T2CH2,PC7,#,reference,candidates(datasheet-pin-table+rm-remap-grid:en)
CH32V003,afio-tim2-remap,3,T2CH3,PD6,#,reference,candidates(datasheet-pin-table+rm-remap-grid:en)
CH32V003,afio-tim2-remap,3,T2CH4,PD5,#,reference,candidates(datasheet-pin-table+rm-remap-grid:en)
CH32V003,afio-usart1-remap,1,UCK,PD7,#,reference,candidates(datasheet-pin-table+rm-remap-grid:en)
CH32V003,afio-usart1-remap,1,URTS,PC2,#,reference,candidates(datasheet-pin-table+rm-remap-grid:en)
CH32V003,afio-usart1-remap,1,URX,PD1,#,reference,candidates(datasheet-pin-table+rm-remap-grid:en)
CH32V003,afio-usart1-remap,1,UTX,PD0,#,reference,candidates(datasheet-pin-table+rm-remap-grid:en)
CH32V003,afio-usart1-remap,2,UCK,PD7,#,reference,candidates(datasheet-pin-table+rm-remap-grid:en)
CH32V003,afio-usart1-remap,2,URTS,PC7,#,reference,candidates(datasheet-pin-table+rm-remap-grid:en)
CH32V003,afio-usart1-remap,2,URX,PD5,#,reference,candidates(datasheet-pin-table+rm-remap-grid:en)
CH32V003,afio-usart1-remap,2,UTX,PD6,#,reference,candidates(datasheet-pin-table+rm-remap-grid:en)
CH32V003,afio-usart1-remap,3,UCK,PC5,#,reference,candidates(datasheet-pin-table+rm-remap-grid:en)
CH32V003,afio-usart1-remap,3,URTS,PC7,#,reference,candidates(datasheet-pin-table+rm-remap-grid:en)
CH32V003,afio-usart1-remap,3,URX,PC1,#,reference,candidates(datasheet-pin-table+rm-remap-grid:en)
CH32V003,afio-usart1-remap,3,UTX,PC0,#,reference,candidates(datasheet-pin-table+rm-remap-grid:en)
CH32V004,afio-i2c1-remap,1,I2C_SCL,PD1,#,reference,candidates(datasheet-pin-table+rm-remap-grid:en)
CH32V004,afio-i2c1-remap,1,I2C_SDA,PD0,#,reference,candidates(datasheet-pin-table+rm-remap-grid:en)
CH32V004,afio-i2c1-remap,2,I2C_SCL,PC5,#,reference,candidates(datasheet-pin-table+rm-remap-grid:en)
CH32V004,afio-i2c1-remap,2,I2C_SDA,PC6,#,reference,candidates(datasheet-pin-table+rm-remap-grid:en)
CH32V004,afio-i2c1-remap,4,I2C_SDA,PD1,#,reference,candidates(datasheet-pin-table+rm-remap-grid:en)
CH32V004,afio-spi1-remap,1,SPI_MISO,PC7,#,reference,candidates(datasheet-pin-table+rm-remap-grid:en)
CH32V004,afio-spi1-remap,1,SPI_MOSI,PC6,#,reference,candidates(datasheet-pin-table+rm-remap-grid:en)
CH32V004,afio-spi1-remap,1,SPI_NSS,PC0,#,reference,candidates(datasheet-pin-table+rm-remap-grid:en)
CH32V004,afio-spi1-remap,1,SPI_SCK,PC5,#,reference,candidates(datasheet-pin-table+rm-remap-grid:en)
CH32V004,afio-spi1-remap,2,SPI_NSS,PC4,#,reference,candidates(datasheet-pin-table+rm-remap-grid:en)
CH32V004,afio-spi1-remap,2,SPI_SCK,PD2,#,reference,candidates(datasheet-pin-table+rm-remap-grid:en)
CH32V004,afio-spi1-remap,3,SPI_MOSI,PC0,#,reference,candidates(datasheet-pin-table+rm-remap-grid:en)
CH32V004,afio-spi1-remap,4,SPI_MISO,PD5,#,reference,candidates(datasheet-pin-table+rm-remap-grid:en)
CH32V004,afio-spi1-remap,4,SPI_MOSI,PD6,#,reference,candidates(datasheet-pin-table+rm-remap-grid:en)
CH32V004,afio-spi1-remap,4,SPI_SCK,PD4,#,reference,candidates(datasheet-pin-table+rm-remap-grid:en)
CH32V004,afio-spi1-remap,5,SPI_MOSI,PA2,#,reference,candidates(datasheet-pin-table+rm-remap-grid:en)
CH32V004,afio-spi1-remap,5,SPI_NSS,PC1,#,reference,candidates(datasheet-pin-table+rm-remap-grid:en)
CH32V004,afio-spi1-remap,5,SPI_SCK,PA1,#,reference,candidates(datasheet-pin-table+rm-remap-grid:en)
CH32V004,afio-spi1-remap,6,SPI_MISO,PC7,#,reference,candidates(datasheet-pin-table+rm-remap-grid:en)
CH32V004,afio-spi1-remap,6,SPI_NSS,PC4,#,reference,candidates(datasheet-pin-table+rm-remap-grid:en)
CH32V004,afio-tim1-remap,1,ADC_IETR,PA2,#,reference,candidates(datasheet-pin-table+rm-remap-grid:en)
CH32V004,afio-tim1-remap,1,ADC_RETR,PC2,#,reference,candidates(datasheet-pin-table+rm-remap-grid:en)
CH32V004,afio-tim1-remap,1,TIM1_BKIN,PC2,#,reference,candidates(datasheet-pin-table+rm-remap-grid:en)
CH32V004,afio-tim1-remap,1,TIM1_CH1,PD2,#,reference,candidates(datasheet-pin-table+rm-remap-grid:en)
CH32V004,afio-tim1-remap,1,TIM1_CH1N,PD0,#,reference,candidates(datasheet-pin-table+rm-remap-grid:en)
CH32V004,afio-tim1-remap,1,TIM1_CH2,PA1,#,reference,candidates(datasheet-pin-table+rm-remap-grid:en)
CH32V004,afio-tim1-remap,1,TIM1_CH2N,PA2,#,reference,candidates(datasheet-pin-table+rm-remap-grid:en)
CH32V004,afio-tim1-remap,1,TIM1_CH3,PC3,#,reference,candidates(datasheet-pin-table+rm-remap-grid:en)
CH32V004,afio-tim1-remap,1,TIM1_CH3N,PD1,#,reference,candidates(datasheet-pin-table+rm-remap-grid:en)
CH32V004,afio-tim1-remap,1,TIM1_CH4,PC4,#,reference,candidates(datasheet-pin-table+rm-remap-grid:en)
CH32V004,afio-tim1-remap,1,TIM1_ETR,PD4,#,reference,candidates(datasheet-pin-table+rm-remap-grid:en)
CH32V004,afio-tim1-remap,2,TIM1_BKIN,PC1,#,reference,candidates(datasheet-pin-table+rm-remap-grid:en)
CH32V004,afio-tim1-remap,2,TIM1_CH1,PC6,#,reference,candidates(datasheet-pin-table+rm-remap-grid:en)
CH32V004,afio-tim1-remap,2,TIM1_CH1N,PC3,#,reference,candidates(datasheet-pin-table+rm-remap-grid:en)
CH32V004,afio-tim1-remap,2,TIM1_CH2,PC7,#,reference,candidates(datasheet-pin-table+rm-remap-grid:en)
CH32V004,afio-tim1-remap,2,TIM1_CH2N,PC4,#,reference,candidates(datasheet-pin-table+rm-remap-grid:en)
CH32V004,afio-tim1-remap,2,TIM1_CH3,PC0,#,reference,candidates(datasheet-pin-table+rm-remap-grid:en)
CH32V004,afio-tim1-remap,2,TIM1_CH3N,PD1,#,reference,candidates(datasheet-pin-table+rm-remap-grid:en)
CH32V004,afio-tim1-remap,2,TIM1_CH4,PD3,#,reference,candidates(datasheet-pin-table+rm-remap-grid:en)
CH32V004,afio-tim1-remap,2,TIM1_ETR,PC5,#,reference,candidates(datasheet-pin-table+rm-remap-grid:en)
CH32V004,afio-tim1-remap,3,TIM1_BKIN,PC1,#,reference,candidates(datasheet-pin-table+rm-remap-grid:en)
CH32V004,afio-tim1-remap,3,TIM1_CH1,PC4,#,reference,candidates(datasheet-pin-table+rm-remap-grid:en)
CH32V004,afio-tim1-remap,3,TIM1_CH1N,PC3,#,reference,candidates(datasheet-pin-table+rm-remap-grid:en)
CH32V004,afio-tim1-remap,3,TIM1_CH2,PC7,#,reference,candidates(datasheet-pin-table+rm-remap-grid:en)
CH32V004,afio-tim1-remap,3,TIM1_CH2N,PD2,#,reference,candidates(datasheet-pin-table+rm-remap-grid:en)
CH32V004,afio-tim1-remap,3,TIM1_CH3,PC5,#,reference,candidates(datasheet-pin-table+rm-remap-grid:en)
CH32V004,afio-tim1-remap,3,TIM1_CH3N,PC6,#,reference,candidates(datasheet-pin-table+rm-remap-grid:en)
CH32V004,afio-tim1-remap,3,TIM1_CH4,PD4,#,reference,candidates(datasheet-pin-table+rm-remap-grid:en)
CH32V004,afio-tim1-remap,3,TIM1_ETR,PC2,#,reference,candidates(datasheet-pin-table+rm-remap-grid:en)
CH32V004,afio-tim1-remap,4,TIM1_CH2N,PA2,#,reference,candidates(datasheet-pin-table+rm-remap-grid:en)
CH32V004,afio-tim1-remap,4,TIM1_CH3N,PD0,#,reference,candidates(datasheet-pin-table+rm-remap-grid:en)
CH32V004,afio-tim1-remap,4,TIM1_CH4,PD1,#,reference,candidates(datasheet-pin-table+rm-remap-grid:en)
CH32V004,afio-tim1-remap,4,TIM1_ETR,PD4,#,reference,candidates(datasheet-pin-table+rm-remap-grid:en)
CH32V004,afio-tim1-remap,5,TIM1_CH2N,PA2,#,reference,candidates(datasheet-pin-table+rm-remap-grid:en)
CH32V004,afio-tim1-remap,5,TIM1_CH3,PC3,#,reference,candidates(datasheet-pin-table+rm-remap-grid:en)
CH32V004,afio-tim1-remap,5,TIM1_CH3N,PD0,#,reference,candidates(datasheet-pin-table+rm-remap-grid:en)
CH32V004,afio-tim1-remap,5,TIM1_CH4,PD1,#,reference,candidates(datasheet-pin-table+rm-remap-grid:en)
CH32V004,afio-tim1-remap,5,TIM1_ETR,PD4,#,reference,candidates(datasheet-pin-table+rm-remap-grid:en)
CH32V004,afio-tim1-remap,6,TIM1_CH2N,PA2,#,reference,candidates(datasheet-pin-table+rm-remap-grid:en)
CH32V004,afio-tim1-remap,6,TIM1_CH3N,PD0,#,reference,candidates(datasheet-pin-table+rm-remap-grid:en)
CH32V004,afio-tim1-remap,6,TIM1_ETR,PD4,#,reference,candidates(datasheet-pin-table+rm-remap-grid:en)
CH32V004,afio-tim1-remap,7,TIM1_CH1,PC4,#,reference,candidates(datasheet-pin-table+rm-remap-grid:en)
CH32V004,afio-tim1-remap,7,TIM1_CH1N,PC0,#,reference,candidates(datasheet-pin-table+rm-remap-grid:en)
CH32V004,afio-tim1-remap,7,TIM1_CH2,PC5,#,reference,candidates(datasheet-pin-table+rm-remap-grid:en)
CH32V004,afio-tim1-remap,7,TIM1_CH2N,PC1,#,reference,candidates(datasheet-pin-table+rm-remap-grid:en)
CH32V004,afio-tim1-remap,7,TIM1_CH3,PC6,#,reference,candidates(datasheet-pin-table+rm-remap-grid:en)
CH32V004,afio-tim1-remap,7,TIM1_CH3N,PC2,#,reference,candidates(datasheet-pin-table+rm-remap-grid:en)
CH32V004,afio-tim1-remap,7,TIM1_CH4,PC7,#,reference,candidates(datasheet-pin-table+rm-remap-grid:en)
CH32V004,afio-tim1-remap,8,TIM1_CH1,PC4,#,reference,candidates(datasheet-pin-table+rm-remap-grid:en)
CH32V004,afio-tim1-remap,8,TIM1_CH2,PC5,#,reference,candidates(datasheet-pin-table+rm-remap-grid:en)
CH32V004,afio-tim1-remap,8,TIM1_CH3,PC6,#,reference,candidates(datasheet-pin-table+rm-remap-grid:en)
CH32V004,afio-tim1-remap,8,TIM1_CH4,PC7,#,reference,candidates(datasheet-pin-table+rm-remap-grid:en)
CH32V004,afio-tim1-remap,9,TIM1_CH1N,PC0,#,reference,candidates(datasheet-pin-table+rm-remap-grid:en)
CH32V004,afio-tim1-remap,9,TIM1_CH2,PA1,#,reference,candidates(datasheet-pin-table+rm-remap-grid:en)
CH32V004,afio-tim1-remap,9,TIM1_CH2N,PC1,#,reference,candidates(datasheet-pin-table+rm-remap-grid:en)
CH32V004,afio-tim1-remap,9,TIM1_CH3,PA2,#,reference,candidates(datasheet-pin-table+rm-remap-grid:en)
CH32V004,afio-tim1-remap,9,TIM1_CH3N,PC2,#,reference,candidates(datasheet-pin-table+rm-remap-grid:en)
CH32V004,afio-tim2-remap,1,TIM2_CH2,PD3,#,reference,candidates(datasheet-pin-table+rm-remap-grid:en)
CH32V004,afio-tim2-remap,1,TIM2_CH3,PC0,#,reference,candidates(datasheet-pin-table+rm-remap-grid:en)
CH32V004,afio-tim2-remap,1,TIM2_CH4,PD7,#,reference,candidates(datasheet-pin-table+rm-remap-grid:en)
CH32V004,afio-tim2-remap,2,TIM2_CH2,PC2,#,reference,candidates(datasheet-pin-table+rm-remap-grid:en)
CH32V004,afio-tim2-remap,2,TIM2_CH3,PD2,#,reference,candidates(datasheet-pin-table+rm-remap-grid:en)
CH32V004,afio-tim2-remap,2,TIM2_CH4,PC1,#,reference,candidates(datasheet-pin-table+rm-remap-grid:en)
CH32V004,afio-tim2-remap,3,TIM2_CH2,PC7,#,reference,candidates(datasheet-pin-table+rm-remap-grid:en)
CH32V004,afio-tim2-remap,3,TIM2_CH3,PD6,#,reference,candidates(datasheet-pin-table+rm-remap-grid:en)
CH32V004,afio-tim2-remap,3,TIM2_CH4,PD5,#,reference,candidates(datasheet-pin-table+rm-remap-grid:en)
CH32V004,afio-tim2-remap,4,TIM2_CH2,PC1,#,reference,candidates(datasheet-pin-table+rm-remap-grid:en)
CH32V004,afio-tim2-remap,4,TIM2_CH3,PC3,#,reference,candidates(datasheet-pin-table+rm-remap-grid:en)
CH32V004,afio-tim2-remap,5,TIM2_CH2,PA1,#,reference,candidates(datasheet-pin-table+rm-remap-grid:en)
CH32V004,afio-tim2-remap,5,TIM2_CH3,PA2,#,reference,candidates(datasheet-pin-table+rm-remap-grid:en)
CH32V004,afio-tim2-remap,6,TIM2_CH2,PA1,#,reference,candidates(datasheet-pin-table+rm-remap-grid:en)
CH32V004,afio-tim2-remap,6,TIM2_CH3,PA2,#,reference,candidates(datasheet-pin-table+rm-remap-grid:en)
CH32V004,afio-tim2-remap,7,TIM2_CH2,PD4,#,reference,candidates(datasheet-pin-table+rm-remap-grid:en)
CH32V004,afio-tim2-remap,7,TIM2_CH3,PA2,#,reference,candidates(datasheet-pin-table+rm-remap-grid:en)
CH32V004,afio-usart1-remap,1,USART1_CTS,PC6,#,reference,candidates(datasheet-pin-table+rm-remap-grid:en)
CH32V004,afio-usart1-remap,1,USART1_RTS,PC7,#,reference,candidates(datasheet-pin-table+rm-remap-grid:en)
CH32V004,afio-usart1-remap,1,USART1_RX,PD5,#,reference,candidates(datasheet-pin-table+rm-remap-grid:en)
CH32V004,afio-usart1-remap,1,USART1_TX,PD6,#,reference,candidates(datasheet-pin-table+rm-remap-grid:en)
CH32V004,afio-usart1-remap,2,USART1_CTS,PC3,#,reference,candidates(datasheet-pin-table+rm-remap-grid:en)
CH32V004,afio-usart1-remap,2,USART1_RTS,PC2,#,reference,candidates(datasheet-pin-table+rm-remap-grid:en)
CH32V004,afio-usart1-remap,2,USART1_RX,PD1,#,reference,candidates(datasheet-pin-table+rm-remap-grid:en)
CH32V004,afio-usart1-remap,2,USART1_TX,PD0,#,reference,candidates(datasheet-pin-table+rm-remap-grid:en)
CH32V004,afio-usart1-remap,3,USART1_CTS,PC6,#,reference,candidates(datasheet-pin-table+rm-remap-grid:en)
CH32V004,afio-usart1-remap,3,USART1_RTS,PC7,#,reference,candidates(datasheet-pin-table+rm-remap-grid:en)
CH32V004,afio-usart1-remap,3,USART1_RX,PC1,#,reference,candidates(datasheet-pin-table+rm-remap-grid:en)
CH32V004,afio-usart1-remap,3,USART1_TX,PC0,#,reference,candidates(datasheet-pin-table+rm-remap-grid:en)
CH32V004,afio-usart1-remap,4,USART1_CTS,PD7,#,reference,candidates(datasheet-pin-table+rm-remap-grid:en)
CH32V004,afio-usart1-remap,4,USART1_TX,PD1,#,reference,candidates(datasheet-pin-table+rm-remap-grid:en)
CH32V004,afio-usart1-remap,5,USART1_CTS,PD7,#,reference,candidates(datasheet-pin-table+rm-remap-grid:en)
CH32V004,afio-usart1-remap,5,USART1_RX,PD1,#,reference,candidates(datasheet-pin-table+rm-remap-grid:en)
CH32V004,afio-usart1-remap,6,USART1_CTS,PC7,#,reference,candidates(datasheet-pin-table+rm-remap-grid:en)
CH32V004,afio-usart1-remap,6,USART1_RX,PC6,#,reference,candidates(datasheet-pin-table+rm-remap-grid:en)
CH32V004,afio-usart1-remap,6,USART1_TX,PC5,#,reference,candidates(datasheet-pin-table+rm-remap-grid:en)
CH32V004,afio-usart1-remap,7,USART1_CTS,PC7,#,reference,candidates(datasheet-pin-table+rm-remap-grid:en)
CH32V004,afio-usart1-remap,8,USART1_CTS,PD2,#,reference,candidates(datasheet-pin-table+rm-remap-grid:en)
CH32V004,afio-usart1-remap,8,USART1_RTS,PD3,#,reference,candidates(datasheet-pin-table+rm-remap-grid:en)
CH32V004,afio-usart1-remap,8,USART1_RX,PA1,#,reference,candidates(datasheet-pin-table+rm-remap-grid:en)
CH32V004,afio-usart1-remap,9,USART1_CTS,PD5,#,reference,candidates(datasheet-pin-table+rm-remap-grid:en)
CH32V004,afio-usart1-remap,9,USART1_RTS,PD4,#,reference,candidates(datasheet-pin-table+rm-remap-grid:en)
CH32V004,afio-usart1-remap,9,USART1_RX,PC4,#,reference,candidates(datasheet-pin-table+rm-remap-grid:en)
CH32V005,afio-i2c1-remap,1,I2C_SCL,PD1,#,reference,candidates(datasheet-pin-table+rm-remap-grid:en)
CH32V005,afio-i2c1-remap,1,I2C_SDA,PD0,#,reference,candidates(datasheet-pin-table+rm-remap-grid:en)
CH32V005,afio-i2c1-remap,2,I2C_SCL,PC5,#,reference,candidates(datasheet-pin-table+rm-remap-grid:en)
CH32V005,afio-i2c1-remap,2,I2C_SDA,PC6,#,reference,candidates(datasheet-pin-table+rm-remap-grid:en)
CH32V005,afio-i2c1-remap,4,I2C_SCL,PB3,#,reference,candidates(datasheet-pin-table+rm-remap-grid:en)
CH32V005,afio-i2c1-remap,4,I2C_SDA,PD1,#,reference,candidates(datasheet-pin-table+rm-remap-grid:en)
CH32V005,afio-spi1-remap,1,SPI_MISO,PC7,#,reference,candidates(datasheet-pin-table+rm-remap-grid:en)
CH32V005,afio-spi1-remap,1,SPI_MOSI,PC6,#,reference,candidates(datasheet-pin-table+rm-remap-grid:en)
CH32V005,afio-spi1-remap,1,SPI_NSS,PC0,#,reference,candidates(datasheet-pin-table+rm-remap-grid:en)
CH32V005,afio-spi1-remap,1,SPI_SCK,PC5,#,reference,candidates(datasheet-pin-table+rm-remap-grid:en)
CH32V005,afio-spi1-remap,2,SPI_MISO,PB3,#,reference,candidates(datasheet-pin-table+rm-remap-grid:en)
CH32V005,afio-spi1-remap,2,SPI_NSS,PC4,#,reference,candidates(datasheet-pin-table+rm-remap-grid:en)
CH32V005,afio-spi1-remap,2,SPI_SCK,PD2,#,reference,candidates(datasheet-pin-table+rm-remap-grid:en)
CH32V005,afio-spi1-remap,3,SPI_MOSI,PC0,#,reference,candidates(datasheet-pin-table+rm-remap-grid:en)
CH32V005,afio-spi1-remap,3,SPI_NSS,PB0,#,reference,candidates(datasheet-pin-table+rm-remap-grid:en)
CH32V005,afio-spi1-remap,4,SPI_MISO,PD5,#,reference,candidates(datasheet-pin-table+rm-remap-grid:en)
CH32V005,afio-spi1-remap,4,SPI_MOSI,PD6,#,reference,candidates(datasheet-pin-table+rm-remap-grid:en)
CH32V005,afio-spi1-remap,4,SPI_SCK,PD4,#,reference,candidates(datasheet-pin-table+rm-remap-grid:en)
CH32V005,afio-spi1-remap,5,SPI_MOSI,PA2,#,reference,candidates(datasheet-pin-table+rm-remap-grid:en)
CH32V005,afio-spi1-remap,5,SPI_NSS,PC1,#,reference,candidates(datasheet-pin-table+rm-remap-grid:en)
CH32V005,afio-spi1-remap,5,SPI_SCK,PA1,#,reference,candidates(datasheet-pin-table+rm-remap-grid:en)
CH32V005,afio-spi1-remap,6,SPI_MISO,PC7,#,reference,candidates(datasheet-pin-table+rm-remap-grid:en)
CH32V005,afio-spi1-remap,6,SPI_NSS,PC4,#,reference,candidates(datasheet-pin-table+rm-remap-grid:en)
CH32V005,afio-tim1-remap,1,ADC_IETR,PA2,#,reference,candidates(datasheet-pin-table+rm-remap-grid:en)
CH32V005,afio-tim1-remap,1,ADC_RETR,PC2,#,reference,candidates(datasheet-pin-table+rm-remap-grid:en)
CH32V005,afio-tim1-remap,1,TIM1_BKIN,PC2,#,reference,candidates(datasheet-pin-table+rm-remap-grid:en)
CH32V005,afio-tim1-remap,1,TIM1_CH1,PD2,#,reference,candidates(datasheet-pin-table+rm-remap-grid:en)
CH32V005,afio-tim1-remap,1,TIM1_CH1N,PD0,#,reference,candidates(datasheet-pin-table+rm-remap-grid:en)
CH32V005,afio-tim1-remap,1,TIM1_CH2,PA1,#,reference,candidates(datasheet-pin-table+rm-remap-grid:en)
CH32V005,afio-tim1-remap,1,TIM1_CH2N,PA2,#,reference,candidates(datasheet-pin-table+rm-remap-grid:en)
CH32V005,afio-tim1-remap,1,TIM1_CH3,PC3,#,reference,candidates(datasheet-pin-table+rm-remap-grid:en)
CH32V005,afio-tim1-remap,1,TIM1_CH3N,PD1,#,reference,candidates(datasheet-pin-table+rm-remap-grid:en)
CH32V005,afio-tim1-remap,1,TIM1_CH4,PC4,#,reference,candidates(datasheet-pin-table+rm-remap-grid:en)
CH32V005,afio-tim1-remap,1,TIM1_ETR,PD4,#,reference,candidates(datasheet-pin-table+rm-remap-grid:en)
CH32V005,afio-tim1-remap,2,TIM1_BKIN,PC1,#,reference,candidates(datasheet-pin-table+rm-remap-grid:en)
CH32V005,afio-tim1-remap,2,TIM1_CH1,PC6,#,reference,candidates(datasheet-pin-table+rm-remap-grid:en)
CH32V005,afio-tim1-remap,2,TIM1_CH1N,PC3,#,reference,candidates(datasheet-pin-table+rm-remap-grid:en)
CH32V005,afio-tim1-remap,2,TIM1_CH2,PC7,#,reference,candidates(datasheet-pin-table+rm-remap-grid:en)
CH32V005,afio-tim1-remap,2,TIM1_CH2N,PC4,#,reference,candidates(datasheet-pin-table+rm-remap-grid:en)
CH32V005,afio-tim1-remap,2,TIM1_CH3,PC0,#,reference,candidates(datasheet-pin-table+rm-remap-grid:en)
CH32V005,afio-tim1-remap,2,TIM1_CH3N,PD1,#,reference,candidates(datasheet-pin-table+rm-remap-grid:en)
CH32V005,afio-tim1-remap,2,TIM1_CH4,PD3,#,reference,candidates(datasheet-pin-table+rm-remap-grid:en)
CH32V005,afio-tim1-remap,2,TIM1_ETR,PC5,#,reference,candidates(datasheet-pin-table+rm-remap-grid:en)
CH32V005,afio-tim1-remap,3,TIM1_BKIN,PC1,#,reference,candidates(datasheet-pin-table+rm-remap-grid:en)
CH32V005,afio-tim1-remap,3,TIM1_CH1,PC4,#,reference,candidates(datasheet-pin-table+rm-remap-grid:en)
CH32V005,afio-tim1-remap,3,TIM1_CH1N,PC3,#,reference,candidates(datasheet-pin-table+rm-remap-grid:en)
CH32V005,afio-tim1-remap,3,TIM1_CH2,PC7,#,reference,candidates(datasheet-pin-table+rm-remap-grid:en)
CH32V005,afio-tim1-remap,3,TIM1_CH2N,PD2,#,reference,candidates(datasheet-pin-table+rm-remap-grid:en)
CH32V005,afio-tim1-remap,3,TIM1_CH3,PC5,#,reference,candidates(datasheet-pin-table+rm-remap-grid:en)
CH32V005,afio-tim1-remap,3,TIM1_CH3N,PC6,#,reference,candidates(datasheet-pin-table+rm-remap-grid:en)
CH32V005,afio-tim1-remap,3,TIM1_CH4,PD4,#,reference,candidates(datasheet-pin-table+rm-remap-grid:en)
CH32V005,afio-tim1-remap,3,TIM1_ETR,PC2,#,reference,candidates(datasheet-pin-table+rm-remap-grid:en)
CH32V005,afio-tim1-remap,4,TIM1_BKIN,PB3,#,reference,candidates(datasheet-pin-table+rm-remap-grid:en)
CH32V005,afio-tim1-remap,4,TIM1_CH1,PA3,#,reference,candidates(datasheet-pin-table+rm-remap-grid:en)
CH32V005,afio-tim1-remap,4,TIM1_CH1N,PA0,#,reference,candidates(datasheet-pin-table+rm-remap-grid:en)
CH32V005,afio-tim1-remap,4,TIM1_CH2,PB0,#,reference,candidates(datasheet-pin-table+rm-remap-grid:en)
CH32V005,afio-tim1-remap,4,TIM1_CH2N,PA2,#,reference,candidates(datasheet-pin-table+rm-remap-grid:en)
CH32V005,afio-tim1-remap,4,TIM1_CH3,PB1,#,reference,candidates(datasheet-pin-table+rm-remap-grid:en)
CH32V005,afio-tim1-remap,4,TIM1_CH3N,PD0,#,reference,candidates(datasheet-pin-table+rm-remap-grid:en)
CH32V005,afio-tim1-remap,4,TIM1_CH4,PD1,#,reference,candidates(datasheet-pin-table+rm-remap-grid:en)
CH32V005,afio-tim1-remap,4,TIM1_ETR,PD4,#,reference,candidates(datasheet-pin-table+rm-remap-grid:en)
CH32V005,afio-tim1-remap,5,TIM1_BKIN,PB3,#,reference,candidates(datasheet-pin-table+rm-remap-grid:en)
CH32V005,afio-tim1-remap,5,TIM1_CH1,PA3,#,reference,candidates(datasheet-pin-table+rm-remap-grid:en)
CH32V005,afio-tim1-remap,5,TIM1_CH1N,PA0,#,reference,candidates(datasheet-pin-table+rm-remap-grid:en)
CH32V005,afio-tim1-remap,5,TIM1_CH2,PB0,#,reference,candidates(datasheet-pin-table+rm-remap-grid:en)
CH32V005,afio-tim1-remap,5,TIM1_CH2N,PA2,#,reference,candidates(datasheet-pin-table+rm-remap-grid:en)
CH32V005,afio-tim1-remap,5,TIM1_CH3,PC3,#,reference,candidates(datasheet-pin-table+rm-remap-grid:en)
CH32V005,afio-tim1-remap,5,TIM1_CH3N,PD0,#,reference,candidates(datasheet-pin-table+rm-remap-grid:en)
CH32V005,afio-tim1-remap,5,TIM1_CH4,PD1,#,reference,candidates(datasheet-pin-table+rm-remap-grid:en)
CH32V005,afio-tim1-remap,5,TIM1_ETR,PD4,#,reference,candidates(datasheet-pin-table+rm-remap-grid:en)
CH32V005,afio-tim1-remap,6,TIM1_CH1,PA3,#,reference,candidates(datasheet-pin-table+rm-remap-grid:en)
CH32V005,afio-tim1-remap,6,TIM1_CH1N,PA0,#,reference,candidates(datasheet-pin-table+rm-remap-grid:en)
CH32V005,afio-tim1-remap,6,TIM1_CH2,PB0,#,reference,candidates(datasheet-pin-table+rm-remap-grid:en)
CH32V005,afio-tim1-remap,6,TIM1_CH2N,PA2,#,reference,candidates(datasheet-pin-table+rm-remap-grid:en)
CH32V005,afio-tim1-remap,6,TIM1_CH3,PB1,#,reference,candidates(datasheet-pin-table+rm-remap-grid:en)
CH32V005,afio-tim1-remap,6,TIM1_CH3N,PD0,#,reference,candidates(datasheet-pin-table+rm-remap-grid:en)
CH32V005,afio-tim1-remap,6,TIM1_ETR,PD4,#,reference,candidates(datasheet-pin-table+rm-remap-grid:en)
CH32V005,afio-tim1-remap,7,TIM1_CH1,PC4,#,reference,candidates(datasheet-pin-table+rm-remap-grid:en)
CH32V005,afio-tim1-remap,7,TIM1_CH1N,PC0,#,reference,candidates(datasheet-pin-table+rm-remap-grid:en)
CH32V005,afio-tim1-remap,7,TIM1_CH2,PC5,#,reference,candidates(datasheet-pin-table+rm-remap-grid:en)
CH32V005,afio-tim1-remap,7,TIM1_CH2N,PC1,#,reference,candidates(datasheet-pin-table+rm-remap-grid:en)
CH32V005,afio-tim1-remap,7,TIM1_CH3,PC6,#,reference,candidates(datasheet-pin-table+rm-remap-grid:en)
CH32V005,afio-tim1-remap,7,TIM1_CH3N,PC2,#,reference,candidates(datasheet-pin-table+rm-remap-grid:en)
CH32V005,afio-tim1-remap,7,TIM1_CH4,PC7,#,reference,candidates(datasheet-pin-table+rm-remap-grid:en)
CH32V005,afio-tim1-remap,8,TIM1_CH1,PC4,#,reference,candidates(datasheet-pin-table+rm-remap-grid:en)
CH32V005,afio-tim1-remap,8,TIM1_CH1N,PA3,#,reference,candidates(datasheet-pin-table+rm-remap-grid:en)
CH32V005,afio-tim1-remap,8,TIM1_CH2,PC5,#,reference,candidates(datasheet-pin-table+rm-remap-grid:en)
CH32V005,afio-tim1-remap,8,TIM1_CH2N,PB0,#,reference,candidates(datasheet-pin-table+rm-remap-grid:en)
CH32V005,afio-tim1-remap,8,TIM1_CH3,PC6,#,reference,candidates(datasheet-pin-table+rm-remap-grid:en)
CH32V005,afio-tim1-remap,8,TIM1_CH4,PC7,#,reference,candidates(datasheet-pin-table+rm-remap-grid:en)
CH32V005,afio-tim1-remap,9,TIM1_CH1,PA0,#,reference,candidates(datasheet-pin-table+rm-remap-grid:en)
CH32V005,afio-tim1-remap,9,TIM1_CH1N,PC0,#,reference,candidates(datasheet-pin-table+rm-remap-grid:en)
CH32V005,afio-tim1-remap,9,TIM1_CH2,PA1,#,reference,candidates(datasheet-pin-table+rm-remap-grid:en)
CH32V005,afio-tim1-remap,9,TIM1_CH2N,PC1,#,reference,candidates(datasheet-pin-table+rm-remap-grid:en)
CH32V005,afio-tim1-remap,9,TIM1_CH3,PA2,#,reference,candidates(datasheet-pin-table+rm-remap-grid:en)
CH32V005,afio-tim1-remap,9,TIM1_CH3N,PC2,#,reference,candidates(datasheet-pin-table+rm-remap-grid:en)
CH32V005,afio-tim1-remap,9,TIM1_CH4,PA3,#,reference,candidates(datasheet-pin-table+rm-remap-grid:en)
CH32V005,afio-tim2-remap,1,TIM2_CH2,PD3,#,reference,candidates(datasheet-pin-table+rm-remap-grid:en)
CH32V005,afio-tim2-remap,1,TIM2_CH3,PC0,#,reference,candidates(datasheet-pin-table+rm-remap-grid:en)
CH32V005,afio-tim2-remap,1,TIM2_CH4,PD7,#,reference,candidates(datasheet-pin-table+rm-remap-grid:en)
CH32V005,afio-tim2-remap,2,TIM2_CH2,PC2,#,reference,candidates(datasheet-pin-table+rm-remap-grid:en)
CH32V005,afio-tim2-remap,2,TIM2_CH3,PD2,#,reference,candidates(datasheet-pin-table+rm-remap-grid:en)
CH32V005,afio-tim2-remap,2,TIM2_CH4,PC1,#,reference,candidates(datasheet-pin-table+rm-remap-grid:en)
CH32V005,afio-tim2-remap,3,TIM2_CH2,PC7,#,reference,candidates(datasheet-pin-table+rm-remap-grid:en)
CH32V005,afio-tim2-remap,3,TIM2_CH3,PD6,#,reference,candidates(datasheet-pin-table+rm-remap-grid:en)
CH32V005,afio-tim2-remap,3,TIM2_CH4,PD5,#,reference,candidates(datasheet-pin-table+rm-remap-grid:en)
CH32V005,afio-tim2-remap,4,TIM2_CH2,PC1,#,reference,candidates(datasheet-pin-table+rm-remap-grid:en)
CH32V005,afio-tim2-remap,4,TIM2_CH3,PC3,#,reference,candidates(datasheet-pin-table+rm-remap-grid:en)
CH32V005,afio-tim2-remap,5,TIM2_CH2,PA1,#,reference,candidates(datasheet-pin-table+rm-remap-grid:en)
CH32V005,afio-tim2-remap,5,TIM2_CH3,PA2,#,reference,candidates(datasheet-pin-table+rm-remap-grid:en)
CH32V005,afio-tim2-remap,5,TIM2_CH4,PA3,#,reference,candidates(datasheet-pin-table+rm-remap-grid:en)
CH32V005,afio-tim2-remap,6,TIM2_CH2,PA1,#,reference,candidates(datasheet-pin-table+rm-remap-grid:en)
CH32V005,afio-tim2-remap,6,TIM2_CH3,PA2,#,reference,candidates(datasheet-pin-table+rm-remap-grid:en)
CH32V005,afio-tim2-remap,6,TIM2_CH4,PA3,#,reference,candidates(datasheet-pin-table+rm-remap-grid:en)
CH32V005,afio-tim2-remap,7,TIM2_CH2,PD4,#,reference,candidates(datasheet-pin-table+rm-remap-grid:en)
CH32V005,afio-tim2-remap,7,TIM2_CH3,PA2,#,reference,candidates(datasheet-pin-table+rm-remap-grid:en)
CH32V005,afio-tim2-remap,7,TIM2_CH4,PA3,#,reference,candidates(datasheet-pin-table+rm-remap-grid:en)
CH32V005,afio-usart1-remap,1,USART1_CTS,PC6,#,reference,candidates(datasheet-pin-table+rm-remap-grid:en)
CH32V005,afio-usart1-remap,1,USART1_RTS,PC7,#,reference,candidates(datasheet-pin-table+rm-remap-grid:en)
CH32V005,afio-usart1-remap,1,USART1_RX,PD5,#,reference,candidates(datasheet-pin-table+rm-remap-grid:en)
CH32V005,afio-usart1-remap,1,USART1_TX,PD6,#,reference,candidates(datasheet-pin-table+rm-remap-grid:en)
CH32V005,afio-usart1-remap,2,USART1_CTS,PC3,#,reference,candidates(datasheet-pin-table+rm-remap-grid:en)
CH32V005,afio-usart1-remap,2,USART1_RTS,PC2,#,reference,candidates(datasheet-pin-table+rm-remap-grid:en)
CH32V005,afio-usart1-remap,2,USART1_RX,PD1,#,reference,candidates(datasheet-pin-table+rm-remap-grid:en)
CH32V005,afio-usart1-remap,2,USART1_TX,PD0,#,reference,candidates(datasheet-pin-table+rm-remap-grid:en)
CH32V005,afio-usart1-remap,3,USART1_CTS,PC6,#,reference,candidates(datasheet-pin-table+rm-remap-grid:en)
CH32V005,afio-usart1-remap,3,USART1_RTS,PC7,#,reference,candidates(datasheet-pin-table+rm-remap-grid:en)
CH32V005,afio-usart1-remap,3,USART1_RX,PC1,#,reference,candidates(datasheet-pin-table+rm-remap-grid:en)
CH32V005,afio-usart1-remap,3,USART1_TX,PC0,#,reference,candidates(datasheet-pin-table+rm-remap-grid:en)
CH32V005,afio-usart1-remap,4,USART1_CTS,PD7,#,reference,candidates(datasheet-pin-table+rm-remap-grid:en)
CH32V005,afio-usart1-remap,4,USART1_RTS,PA5,#,reference,candidates(datasheet-pin-table+rm-remap-grid:en)
CH32V005,afio-usart1-remap,4,USART1_RX,PB3,#,reference,candidates(datasheet-pin-table+rm-remap-grid:en)
CH32V005,afio-usart1-remap,4,USART1_TX,PD1,#,reference,candidates(datasheet-pin-table+rm-remap-grid:en)
CH32V005,afio-usart1-remap,5,USART1_CTS,PD7,#,reference,candidates(datasheet-pin-table+rm-remap-grid:en)
CH32V005,afio-usart1-remap,5,USART1_RTS,PA5,#,reference,candidates(datasheet-pin-table+rm-remap-grid:en)
CH32V005,afio-usart1-remap,5,USART1_RX,PD1,#,reference,candidates(datasheet-pin-table+rm-remap-grid:en)
CH32V005,afio-usart1-remap,5,USART1_TX,PB3,#,reference,candidates(datasheet-pin-table+rm-remap-grid:en)
CH32V005,afio-usart1-remap,6,USART1_CTS,PC7,#,reference,candidates(datasheet-pin-table+rm-remap-grid:en)
CH32V005,afio-usart1-remap,6,USART1_RX,PC6,#,reference,candidates(datasheet-pin-table+rm-remap-grid:en)
CH32V005,afio-usart1-remap,6,USART1_TX,PC5,#,reference,candidates(datasheet-pin-table+rm-remap-grid:en)
CH32V005,afio-usart1-remap,7,USART1_CTS,PC7,#,reference,candidates(datasheet-pin-table+rm-remap-grid:en)
CH32V005,afio-usart1-remap,8,USART1_CTS,PD2,#,reference,candidates(datasheet-pin-table+rm-remap-grid:en)
CH32V005,afio-usart1-remap,8,USART1_RTS,PD3,#,reference,candidates(datasheet-pin-table+rm-remap-grid:en)
CH32V005,afio-usart1-remap,8,USART1_RX,PA1,#,reference,candidates(datasheet-pin-table+rm-remap-grid:en)
CH32V005,afio-usart1-remap,8,USART1_TX,PA0,#,reference,candidates(datasheet-pin-table+rm-remap-grid:en)
CH32V005,afio-usart1-remap,9,USART1_CTS,PD5,#,reference,candidates(datasheet-pin-table+rm-remap-grid:en)
CH32V005,afio-usart1-remap,9,USART1_RTS,PD4,#,reference,candidates(datasheet-pin-table+rm-remap-grid:en)
CH32V005,afio-usart1-remap,9,USART1_RX,PC4,#,reference,candidates(datasheet-pin-table+rm-remap-grid:en)
CH32V005,afio-usart2-remap,1,USART2_RTS,PB3,#,reference,candidates(datasheet-pin-table+rm-remap-grid:en)
CH32V005,afio-usart2-remap,1,USART2_RX,PA5,#,reference,candidates(datasheet-pin-table+rm-remap-grid:en)
CH32V005,afio-usart2-remap,1,USART2_TX,PA4,#,reference,candidates(datasheet-pin-table+rm-remap-grid:en)
CH32V005,afio-usart2-remap,2,USART2_RTS,PA1,#,reference,candidates(datasheet-pin-table+rm-remap-grid:en)
CH32V005,afio-usart2-remap,2,USART2_RX,PA3,#,reference,candidates(datasheet-pin-table+rm-remap-grid:en)
CH32V005,afio-usart2-remap,2,USART2_TX,PA2,#,reference,candidates(datasheet-pin-table+rm-remap-grid:en)
CH32V005,afio-usart2-remap,3,USART2_RTS,PA1,#,reference,candidates(datasheet-pin-table+rm-remap-grid:en)
CH32V005,afio-usart2-remap,3,USART2_TX,PD2,#,reference,candidates(datasheet-pin-table+rm-remap-grid:en)
CH32V005,afio-usart2-remap,4,USART2_RTS,PA1,#,reference,candidates(datasheet-pin-table+rm-remap-grid:en)
CH32V005,afio-usart2-remap,4,USART2_TX,PB0,#,reference,candidates(datasheet-pin-table+rm-remap-grid:en)
CH32V005,afio-usart2-remap,5,USART2_CTS,PA4,#,reference,candidates(datasheet-pin-table+rm-remap-grid:en)
CH32V005,afio-usart2-remap,5,USART2_RTS,PA1,#,reference,candidates(datasheet-pin-table+rm-remap-grid:en)
CH32V005,afio-usart2-remap,5,USART2_RX,PD1,#,reference,candidates(datasheet-pin-table+rm-remap-grid:en)
CH32V005,afio-usart2-remap,5,USART2_TX,PC4,#,reference,candidates(datasheet-pin-table+rm-remap-grid:en)
CH32V005,afio-usart2-remap,6,USART2_RTS,PB3,#,reference,candidates(datasheet-pin-table+rm-remap-grid:en)
CH32V005,afio-usart2-remap,6,USART2_RX,PA5,#,reference,candidates(datasheet-pin-table+rm-remap-grid:en)
CH32V005,afio-usart2-remap,6,USART2_TX,PA6,#,reference,candidates(datasheet-pin-table+rm-remap-grid:en)
CH32V006,afio-i2c1-remap,1,I2C_SCL,PD1,#,reference,candidates(datasheet-pin-table+rm-remap-grid:en)
CH32V006,afio-i2c1-remap,1,I2C_SDA,PD0,#,reference,candidates(datasheet-pin-table+rm-remap-grid:en)
CH32V006,afio-i2c1-remap,2,I2C_SCL,PC5,#,reference,candidates(datasheet-pin-table+rm-remap-grid:en)
CH32V006,afio-i2c1-remap,2,I2C_SDA,PC6,#,reference,candidates(datasheet-pin-table+rm-remap-grid:en)
CH32V006,afio-i2c1-remap,3,I2C_SCL,PB5,#,reference,candidates(datasheet-pin-table+rm-remap-grid:en)
CH32V006,afio-i2c1-remap,4,I2C_SCL,PB3,#,reference,candidates(datasheet-pin-table+rm-remap-grid:en)
CH32V006,afio-i2c1-remap,4,I2C_SDA,PD1,#,reference,candidates(datasheet-pin-table+rm-remap-grid:en)
CH32V006,afio-spi1-remap,1,SPI_MISO,PC7,#,reference,candidates(datasheet-pin-table+rm-remap-grid:en)
CH32V006,afio-spi1-remap,1,SPI_MOSI,PC6,#,reference,candidates(datasheet-pin-table+rm-remap-grid:en)
CH32V006,afio-spi1-remap,1,SPI_NSS,PC0,#,reference,candidates(datasheet-pin-table+rm-remap-grid:en)
CH32V006,afio-spi1-remap,1,SPI_SCK,PC5,#,reference,candidates(datasheet-pin-table+rm-remap-grid:en)
CH32V006,afio-spi1-remap,2,SPI_MISO,PB3,#,reference,candidates(datasheet-pin-table+rm-remap-grid:en)
CH32V006,afio-spi1-remap,2,SPI_MOSI,PD3,#,reference,candidates(datasheet-pin-table+rm-remap-grid:en)
CH32V006,afio-spi1-remap,2,SPI_NSS,PC4,#,reference,candidates(datasheet-pin-table+rm-remap-grid:en)
CH32V006,afio-spi1-remap,2,SPI_SCK,PD2,#,reference,candidates(datasheet-pin-table+rm-remap-grid:en)
CH32V006,afio-spi1-remap,3,SPI_MISO,PB2,#,reference,candidates(datasheet-pin-table+rm-remap-grid:en)
CH32V006,afio-spi1-remap,3,SPI_MOSI,PC0,#,reference,candidates(datasheet-pin-table+rm-remap-grid:en)
CH32V006,afio-spi1-remap,3,SPI_NSS,PB0,#,reference,candidates(datasheet-pin-table+rm-remap-grid:en)
CH32V006,afio-spi1-remap,4,SPI_MISO,PD5,#,reference,candidates(datasheet-pin-table+rm-remap-grid:en)
CH32V006,afio-spi1-remap,4,SPI_MOSI,PD6,#,reference,candidates(datasheet-pin-table+rm-remap-grid:en)
CH32V006,afio-spi1-remap,4,SPI_NSS,PD3,#,reference,candidates(datasheet-pin-table+rm-remap-grid:en)
CH32V006,afio-spi1-remap,4,SPI_SCK,PD4,#,reference,candidates(datasheet-pin-table+rm-remap-grid:en)
CH32V006,afio-spi1-remap,5,SPI_MISO,PB5,#,reference,candidates(datasheet-pin-table+rm-remap-grid:en)
CH32V006,afio-spi1-remap,5,SPI_MOSI,PA2,#,reference,candidates(datasheet-pin-table+rm-remap-grid:en)
CH32V006,afio-spi1-remap,5,SPI_NSS,PC1,#,reference,candidates(datasheet-pin-table+rm-remap-grid:en)
CH32V006,afio-spi1-remap,6,SPI_MISO,PC7,#,reference,candidates(datasheet-pin-table+rm-remap-grid:en)
CH32V006,afio-spi1-remap,6,SPI_NSS,PC4,#,reference,candidates(datasheet-pin-table+rm-remap-grid:en)
CH32V006,afio-spi1-remap,6,SPI_SCK,PB5,#,reference,candidates(datasheet-pin-table+rm-remap-grid:en)
CH32V006,afio-tim1-remap,1,ADC_IETR,PA2,#,reference,candidates(datasheet-pin-table+rm-remap-grid:en)
CH32V006,afio-tim1-remap,1,ADC_RETR,PC2,#,reference,candidates(datasheet-pin-table+rm-remap-grid:en)
CH32V006,afio-tim1-remap,1,TIM1_BKIN,PC2,#,reference,candidates(datasheet-pin-table+rm-remap-grid:en)
CH32V006,afio-tim1-remap,1,TIM1_CH1,PD2,#,reference,candidates(datasheet-pin-table+rm-remap-grid:en)
CH32V006,afio-tim1-remap,1,TIM1_CH1N,PD0,#,reference,candidates(datasheet-pin-table+rm-remap-grid:en)
CH32V006,afio-tim1-remap,1,TIM1_CH2,PA1,#,reference,candidates(datasheet-pin-table+rm-remap-grid:en)
CH32V006,afio-tim1-remap,1,TIM1_CH2N,PA2,#,reference,candidates(datasheet-pin-table+rm-remap-grid:en)
CH32V006,afio-tim1-remap,1,TIM1_CH3,PC3,#,reference,candidates(datasheet-pin-table+rm-remap-grid:en)
CH32V006,afio-tim1-remap,1,TIM1_CH3N,PD1,#,reference,candidates(datasheet-pin-table+rm-remap-grid:en)
CH32V006,afio-tim1-remap,1,TIM1_CH4,PC4,#,reference,candidates(datasheet-pin-table+rm-remap-grid:en)
CH32V006,afio-tim1-remap,1,TIM1_ETR,PD4,#,reference,candidates(datasheet-pin-table+rm-remap-grid:en)
CH32V006,afio-tim1-remap,2,TIM1_BKIN,PC1,#,reference,candidates(datasheet-pin-table+rm-remap-grid:en)
CH32V006,afio-tim1-remap,2,TIM1_CH1,PC6,#,reference,candidates(datasheet-pin-table+rm-remap-grid:en)
CH32V006,afio-tim1-remap,2,TIM1_CH1N,PC3,#,reference,candidates(datasheet-pin-table+rm-remap-grid:en)
CH32V006,afio-tim1-remap,2,TIM1_CH2,PC7,#,reference,candidates(datasheet-pin-table+rm-remap-grid:en)
CH32V006,afio-tim1-remap,2,TIM1_CH2N,PC4,#,reference,candidates(datasheet-pin-table+rm-remap-grid:en)
CH32V006,afio-tim1-remap,2,TIM1_CH3,PC0,#,reference,candidates(datasheet-pin-table+rm-remap-grid:en)
CH32V006,afio-tim1-remap,2,TIM1_CH3N,PD1,#,reference,candidates(datasheet-pin-table+rm-remap-grid:en)
CH32V006,afio-tim1-remap,2,TIM1_CH4,PD3,#,reference,candidates(datasheet-pin-table+rm-remap-grid:en)
CH32V006,afio-tim1-remap,2,TIM1_ETR,PC5,#,reference,candidates(datasheet-pin-table+rm-remap-grid:en)
CH32V006,afio-tim1-remap,3,TIM1_BKIN,PC1,#,reference,candidates(datasheet-pin-table+rm-remap-grid:en)
CH32V006,afio-tim1-remap,3,TIM1_CH1,PC4,#,reference,candidates(datasheet-pin-table+rm-remap-grid:en)
CH32V006,afio-tim1-remap,3,TIM1_CH1N,PC3,#,reference,candidates(datasheet-pin-table+rm-remap-grid:en)
CH32V006,afio-tim1-remap,3,TIM1_CH2,PC7,#,reference,candidates(datasheet-pin-table+rm-remap-grid:en)
CH32V006,afio-tim1-remap,3,TIM1_CH2N,PD2,#,reference,candidates(datasheet-pin-table+rm-remap-grid:en)
CH32V006,afio-tim1-remap,3,TIM1_CH3,PC5,#,reference,candidates(datasheet-pin-table+rm-remap-grid:en)
CH32V006,afio-tim1-remap,3,TIM1_CH3N,PC6,#,reference,candidates(datasheet-pin-table+rm-remap-grid:en)
CH32V006,afio-tim1-remap,3,TIM1_CH4,PD4,#,reference,candidates(datasheet-pin-table+rm-remap-grid:en)
CH32V006,afio-tim1-remap,3,TIM1_ETR,PC2,#,reference,candidates(datasheet-pin-table+rm-remap-grid:en)
CH32V006,afio-tim1-remap,4,TIM1_BKIN,PB3,#,reference,candidates(datasheet-pin-table+rm-remap-grid:en)
CH32V006,afio-tim1-remap,4,TIM1_CH1,PA3,#,reference,candidates(datasheet-pin-table+rm-remap-grid:en)
CH32V006,afio-tim1-remap,4,TIM1_CH1N,PA0,#,reference,candidates(datasheet-pin-table+rm-remap-grid:en)
CH32V006,afio-tim1-remap,4,TIM1_CH2,PB0,#,reference,candidates(datasheet-pin-table+rm-remap-grid:en)
CH32V006,afio-tim1-remap,4,TIM1_CH2N,PA2,#,reference,candidates(datasheet-pin-table+rm-remap-grid:en)
CH32V006,afio-tim1-remap,4,TIM1_CH3,PB1,#,reference,candidates(datasheet-pin-table+rm-remap-grid:en)
CH32V006,afio-tim1-remap,4,TIM1_CH3N,PD0,#,reference,candidates(datasheet-pin-table+rm-remap-grid:en)
CH32V006,afio-tim1-remap,4,TIM1_CH4,PD1,#,reference,candidates(datasheet-pin-table+rm-remap-grid:en)
CH32V006,afio-tim1-remap,4,TIM1_ETR,PD4,#,reference,candidates(datasheet-pin-table+rm-remap-grid:en)
CH32V006,afio-tim1-remap,5,TIM1_BKIN,PB3,#,reference,candidates(datasheet-pin-table+rm-remap-grid:en)
CH32V006,afio-tim1-remap,5,TIM1_CH1,PA3,#,reference,candidates(datasheet-pin-table+rm-remap-grid:en)
CH32V006,afio-tim1-remap,5,TIM1_CH1N,PA0,#,reference,candidates(datasheet-pin-table+rm-remap-grid:en)
CH32V006,afio-tim1-remap,5,TIM1_CH2,PB0,#,reference,candidates(datasheet-pin-table+rm-remap-grid:en)
CH32V006,afio-tim1-remap,5,TIM1_CH2N,PA2,#,reference,candidates(datasheet-pin-table+rm-remap-grid:en)
CH32V006,afio-tim1-remap,5,TIM1_CH3,PC3,#,reference,candidates(datasheet-pin-table+rm-remap-grid:en)
CH32V006,afio-tim1-remap,5,TIM1_CH3N,PD0,#,reference,candidates(datasheet-pin-table+rm-remap-grid:en)
CH32V006,afio-tim1-remap,5,TIM1_CH4,PD1,#,reference,candidates(datasheet-pin-table+rm-remap-grid:en)
CH32V006,afio-tim1-remap,5,TIM1_ETR,PD4,#,reference,candidates(datasheet-pin-table+rm-remap-grid:en)
CH32V006,afio-tim1-remap,6,TIM1_BKIN,PA7,#,reference,candidates(datasheet-pin-table+rm-remap-grid:en)
CH32V006,afio-tim1-remap,6,TIM1_CH1,PA3,#,reference,candidates(datasheet-pin-table+rm-remap-grid:en)
CH32V006,afio-tim1-remap,6,TIM1_CH1N,PA0,#,reference,candidates(datasheet-pin-table+rm-remap-grid:en)
CH32V006,afio-tim1-remap,6,TIM1_CH2,PB0,#,reference,candidates(datasheet-pin-table+rm-remap-grid:en)
CH32V006,afio-tim1-remap,6,TIM1_CH2N,PA2,#,reference,candidates(datasheet-pin-table+rm-remap-grid:en)
CH32V006,afio-tim1-remap,6,TIM1_CH3,PB1,#,reference,candidates(datasheet-pin-table+rm-remap-grid:en)
CH32V006,afio-tim1-remap,6,TIM1_CH3N,PD0,#,reference,candidates(datasheet-pin-table+rm-remap-grid:en)
CH32V006,afio-tim1-remap,6,TIM1_CH4,PB2,#,reference,candidates(datasheet-pin-table+rm-remap-grid:en)
CH32V006,afio-tim1-remap,6,TIM1_ETR,PD4,#,reference,candidates(datasheet-pin-table+rm-remap-grid:en)
CH32V006,afio-tim1-remap,7,TIM1_BKIN,PB2,#,reference,candidates(datasheet-pin-table+rm-remap-grid:en)
CH32V006,afio-tim1-remap,7,TIM1_CH1,PC4,#,reference,candidates(datasheet-pin-table+rm-remap-grid:en)
CH32V006,afio-tim1-remap,7,TIM1_CH1N,PC0,#,reference,candidates(datasheet-pin-table+rm-remap-grid:en)
CH32V006,afio-tim1-remap,7,TIM1_CH2,PC5,#,reference,candidates(datasheet-pin-table+rm-remap-grid:en)
CH32V006,afio-tim1-remap,7,TIM1_CH2N,PC1,#,reference,candidates(datasheet-pin-table+rm-remap-grid:en)
CH32V006,afio-tim1-remap,7,TIM1_CH3,PC6,#,reference,candidates(datasheet-pin-table+rm-remap-grid:en)
CH32V006,afio-tim1-remap,7,TIM1_CH3N,PC2,#,reference,candidates(datasheet-pin-table+rm-remap-grid:en)
CH32V006,afio-tim1-remap,7,TIM1_CH4,PC7,#,reference,candidates(datasheet-pin-table+rm-remap-grid:en)
CH32V006,afio-tim1-remap,7,TIM1_ETR,PB4,#,reference,candidates(datasheet-pin-table+rm-remap-grid:en)
CH32V006,afio-tim1-remap,8,TIM1_BKIN,PB2,#,reference,candidates(datasheet-pin-table+rm-remap-grid:en)
CH32V006,afio-tim1-remap,8,TIM1_CH1,PC4,#,reference,candidates(datasheet-pin-table+rm-remap-grid:en)
CH32V006,afio-tim1-remap,8,TIM1_CH1N,PA3,#,reference,candidates(datasheet-pin-table+rm-remap-grid:en)
CH32V006,afio-tim1-remap,8,TIM1_CH2,PC5,#,reference,candidates(datasheet-pin-table+rm-remap-grid:en)
CH32V006,afio-tim1-remap,8,TIM1_CH2N,PB0,#,reference,candidates(datasheet-pin-table+rm-remap-grid:en)
CH32V006,afio-tim1-remap,8,TIM1_CH3,PC6,#,reference,candidates(datasheet-pin-table+rm-remap-grid:en)
CH32V006,afio-tim1-remap,8,TIM1_CH4,PC7,#,reference,candidates(datasheet-pin-table+rm-remap-grid:en)
CH32V006,afio-tim1-remap,8,TIM1_ETR,PB4,#,reference,candidates(datasheet-pin-table+rm-remap-grid:en)
CH32V006,afio-tim1-remap,9,TIM1_BKIN,PB2,#,reference,candidates(datasheet-pin-table+rm-remap-grid:en)
CH32V006,afio-tim1-remap,9,TIM1_CH1,PA0,#,reference,candidates(datasheet-pin-table+rm-remap-grid:en)
CH32V006,afio-tim1-remap,9,TIM1_CH1N,PC0,#,reference,candidates(datasheet-pin-table+rm-remap-grid:en)
CH32V006,afio-tim1-remap,9,TIM1_CH2,PA1,#,reference,candidates(datasheet-pin-table+rm-remap-grid:en)
CH32V006,afio-tim1-remap,9,TIM1_CH2N,PC1,#,reference,candidates(datasheet-pin-table+rm-remap-grid:en)
CH32V006,afio-tim1-remap,9,TIM1_CH3,PA2,#,reference,candidates(datasheet-pin-table+rm-remap-grid:en)
CH32V006,afio-tim1-remap,9,TIM1_CH3N,PC2,#,reference,candidates(datasheet-pin-table+rm-remap-grid:en)
CH32V006,afio-tim1-remap,9,TIM1_CH4,PA3,#,reference,candidates(datasheet-pin-table+rm-remap-grid:en)
CH32V006,afio-tim1-remap,9,TIM1_ETR,PB4,#,reference,candidates(datasheet-pin-table+rm-remap-grid:en)
CH32V006,afio-tim2-remap,1,TIM2_CH2,PD3,#,reference,candidates(datasheet-pin-table+rm-remap-grid:en)
CH32V006,afio-tim2-remap,1,TIM2_CH3,PC0,#,reference,candidates(datasheet-pin-table+rm-remap-grid:en)
CH32V006,afio-tim2-remap,1,TIM2_CH4,PD7,#,reference,candidates(datasheet-pin-table+rm-remap-grid:en)
CH32V006,afio-tim2-remap,2,TIM2_CH2,PC2,#,reference,candidates(datasheet-pin-table+rm-remap-grid:en)
CH32V006,afio-tim2-remap,2,TIM2_CH3,PD2,#,reference,candidates(datasheet-pin-table+rm-remap-grid:en)
CH32V006,afio-tim2-remap,2,TIM2_CH4,PC1,#,reference,candidates(datasheet-pin-table+rm-remap-grid:en)
CH32V006,afio-tim2-remap,3,TIM2_CH2,PC7,#,reference,candidates(datasheet-pin-table+rm-remap-grid:en)
CH32V006,afio-tim2-remap,3,TIM2_CH3,PD6,#,reference,candidates(datasheet-pin-table+rm-remap-grid:en)
CH32V006,afio-tim2-remap,3,TIM2_CH4,PD5,#,reference,candidates(datasheet-pin-table+rm-remap-grid:en)
CH32V006,afio-tim2-remap,4,TIM2_CH2,PC1,#,reference,candidates(datasheet-pin-table+rm-remap-grid:en)
CH32V006,afio-tim2-remap,4,TIM2_CH3,PC3,#,reference,candidates(datasheet-pin-table+rm-remap-grid:en)
CH32V006,afio-tim2-remap,4,TIM2_CH4,PB6,#,reference,candidates(datasheet-pin-table+rm-remap-grid:en)
CH32V006,afio-tim2-remap,5,TIM2_CH3,PA2,#,reference,candidates(datasheet-pin-table+rm-remap-grid:en)
CH32V006,afio-tim2-remap,5,TIM2_CH4,PA3,#,reference,candidates(datasheet-pin-table+rm-remap-grid:en)
CH32V006,afio-tim2-remap,6,TIM2_CH3,PA2,#,reference,candidates(datasheet-pin-table+rm-remap-grid:en)
CH32V006,afio-tim2-remap,6,TIM2_CH4,PA3,#,reference,candidates(datasheet-pin-table+rm-remap-grid:en)
CH32V006,afio-tim2-remap,7,TIM2_CH2,PD4,#,reference,candidates(datasheet-pin-table+rm-remap-grid:en)
CH32V006,afio-tim2-remap,7,TIM2_CH3,PA2,#,reference,candidates(datasheet-pin-table+rm-remap-grid:en)
CH32V006,afio-tim2-remap,7,TIM2_CH4,PA3,#,reference,candidates(datasheet-pin-table+rm-remap-grid:en)
CH32V006,afio-usart1-remap,1,USART1_CTS,PC6,#,reference,candidates(datasheet-pin-table+rm-remap-grid:en)
CH32V006,afio-usart1-remap,1,USART1_RTS,PC7,#,reference,candidates(datasheet-pin-table+rm-remap-grid:en)
CH32V006,afio-usart1-remap,1,USART1_RX,PD5,#,reference,candidates(datasheet-pin-table+rm-remap-grid:en)
CH32V006,afio-usart1-remap,1,USART1_TX,PD6,#,reference,candidates(datasheet-pin-table+rm-remap-grid:en)
CH32V006,afio-usart1-remap,2,USART1_CTS,PC3,#,reference,candidates(datasheet-pin-table+rm-remap-grid:en)
CH32V006,afio-usart1-remap,2,USART1_RTS,PC2,#,reference,candidates(datasheet-pin-table+rm-remap-grid:en)
CH32V006,afio-usart1-remap,2,USART1_RX,PD1,#,reference,candidates(datasheet-pin-table+rm-remap-grid:en)
CH32V006,afio-usart1-remap,2,USART1_TX,PD0,#,reference,candidates(datasheet-pin-table+rm-remap-grid:en)
CH32V006,afio-usart1-remap,3,USART1_CTS,PC6,#,reference,candidates(datasheet-pin-table+rm-remap-grid:en)
CH32V006,afio-usart1-remap,3,USART1_RTS,PC7,#,reference,candidates(datasheet-pin-table+rm-remap-grid:en)
CH32V006,afio-usart1-remap,3,USART1_RX,PC1,#,reference,candidates(datasheet-pin-table+rm-remap-grid:en)
CH32V006,afio-usart1-remap,3,USART1_TX,PC0,#,reference,candidates(datasheet-pin-table+rm-remap-grid:en)
CH32V006,afio-usart1-remap,4,USART1_CTS,PD7,#,reference,candidates(datasheet-pin-table+rm-remap-grid:en)
CH32V006,afio-usart1-remap,4,USART1_RTS,PA5,#,reference,candidates(datasheet-pin-table+rm-remap-grid:en)
CH32V006,afio-usart1-remap,4,USART1_RX,PB3,#,reference,candidates(datasheet-pin-table+rm-remap-grid:en)
CH32V006,afio-usart1-remap,4,USART1_TX,PD1,#,reference,candidates(datasheet-pin-table+rm-remap-grid:en)
CH32V006,afio-usart1-remap,5,USART1_CTS,PD7,#,reference,candidates(datasheet-pin-table+rm-remap-grid:en)
CH32V006,afio-usart1-remap,5,USART1_RTS,PA5,#,reference,candidates(datasheet-pin-table+rm-remap-grid:en)
CH32V006,afio-usart1-remap,5,USART1_RX,PD1,#,reference,candidates(datasheet-pin-table+rm-remap-grid:en)
CH32V006,afio-usart1-remap,5,USART1_TX,PB3,#,reference,candidates(datasheet-pin-table+rm-remap-grid:en)
CH32V006,afio-usart1-remap,6,USART1_CTS,PC7,#,reference,candidates(datasheet-pin-table+rm-remap-grid:en)
CH32V006,afio-usart1-remap,6,USART1_RTS,PB4,#,reference,candidates(datasheet-pin-table+rm-remap-grid:en)
CH32V006,afio-usart1-remap,6,USART1_RX,PC6,#,reference,candidates(datasheet-pin-table+rm-remap-grid:en)
CH32V006,afio-usart1-remap,6,USART1_TX,PC5,#,reference,candidates(datasheet-pin-table+rm-remap-grid:en)
CH32V006,afio-usart1-remap,7,USART1_CTS,PC7,#,reference,candidates(datasheet-pin-table+rm-remap-grid:en)
CH32V006,afio-usart1-remap,7,USART1_RX,PB6,#,reference,candidates(datasheet-pin-table+rm-remap-grid:en)
CH32V006,afio-usart1-remap,7,USART1_TX,PB5,#,reference,candidates(datasheet-pin-table+rm-remap-grid:en)
CH32V006,afio-usart1-remap,8,USART1_CTS,PD2,#,reference,candidates(datasheet-pin-table+rm-remap-grid:en)
CH32V006,afio-usart1-remap,8,USART1_RTS,PD3,#,reference,candidates(datasheet-pin-table+rm-remap-grid:en)
CH32V006,afio-usart1-remap,8,USART1_TX,PA0,#,reference,candidates(datasheet-pin-table+rm-remap-grid:en)
CH32V006,afio-usart1-remap,9,USART1_CTS,PD5,#,reference,candidates(datasheet-pin-table+rm-remap-grid:en)
CH32V006,afio-usart1-remap,9,USART1_RTS,PD4,#,reference,candidates(datasheet-pin-table+rm-remap-grid:en)
CH32V006,afio-usart1-remap,9,USART1_RX,PC4,#,reference,candidates(datasheet-pin-table+rm-remap-grid:en)
CH32V006,afio-usart1-remap,9,USART1_TX,PA0,#,reference,candidates(datasheet-pin-table+rm-remap-grid:en)
CH32V006,afio-usart2-remap,1,USART2_CTS,PA7,#,reference,candidates(datasheet-pin-table+rm-remap-grid:en)
CH32V006,afio-usart2-remap,1,USART2_RTS,PB3,#,reference,candidates(datasheet-pin-table+rm-remap-grid:en)
CH32V006,afio-usart2-remap,1,USART2_RX,PA5,#,reference,candidates(datasheet-pin-table+rm-remap-grid:en)
CH32V006,afio-usart2-remap,1,USART2_TX,PA4,#,reference,candidates(datasheet-pin-table+rm-remap-grid:en)
CH32V006,afio-usart2-remap,2,USART2_CTS,PA0,#,reference,candidates(datasheet-pin-table+rm-remap-grid:en)
CH32V006,afio-usart2-remap,2,USART2_RX,PA3,#,reference,candidates(datasheet-pin-table+rm-remap-grid:en)
CH32V006,afio-usart2-remap,2,USART2_TX,PA2,#,reference,candidates(datasheet-pin-table+rm-remap-grid:en)
CH32V006,afio-usart2-remap,3,USART2_CTS,PA0,#,reference,candidates(datasheet-pin-table+rm-remap-grid:en)
CH32V006,afio-usart2-remap,3,USART2_RX,PD3,#,reference,candidates(datasheet-pin-table+rm-remap-grid:en)
CH32V006,afio-usart2-remap,3,USART2_TX,PD2,#,reference,candidates(datasheet-pin-table+rm-remap-grid:en)
CH32V006,afio-usart2-remap,4,USART2_TX,PB0,#,reference,candidates(datasheet-pin-table+rm-remap-grid:en)
CH32V006,afio-usart2-remap,5,USART2_CTS,PA4,#,reference,candidates(datasheet-pin-table+rm-remap-grid:en)
CH32V006,afio-usart2-remap,5,USART2_RX,PD1,#,reference,candidates(datasheet-pin-table+rm-remap-grid:en)
CH32V006,afio-usart2-remap,5,USART2_TX,PC4,#,reference,candidates(datasheet-pin-table+rm-remap-grid:en)
CH32V006,afio-usart2-remap,6,USART2_CTS,PA7,#,reference,candidates(datasheet-pin-table+rm-remap-grid:en)
CH32V006,afio-usart2-remap,6,USART2_RTS,PB3,#,reference,candidates(datasheet-pin-table+rm-remap-grid:en)
CH32V006,afio-usart2-remap,6,USART2_RX,PA5,#,reference,candidates(datasheet-pin-table+rm-remap-grid:en)
CH32V006,afio-usart2-remap,6,USART2_TX,PA6,#,reference,candidates(datasheet-pin-table+rm-remap-grid:en)
CH32V007,afio-i2c1-remap,1,I2C_SCL,PD1,#,reference,candidates(datasheet-pin-table+rm-remap-grid:en)
CH32V007,afio-i2c1-remap,1,I2C_SDA,PD0,#,reference,candidates(datasheet-pin-table+rm-remap-grid:en)
CH32V007,afio-i2c1-remap,2,I2C_SCL,PC5,#,reference,candidates(datasheet-pin-table+rm-remap-grid:en)
CH32V007,afio-i2c1-remap,2,I2C_SDA,PC4,#,reference,candidates(datasheet-pin-table+rm-remap-grid:en)
CH32V007,afio-i2c1-remap,3,I2C_SCL,PB5,#,reference,candidates(datasheet-pin-table+rm-remap-grid:en)
CH32V007,afio-i2c1-remap,4,I2C_SCL,PB3,#,reference,candidates(datasheet-pin-table+rm-remap-grid:en)
CH32V007,afio-i2c1-remap,4,I2C_SDA,PD1,#,reference,candidates(datasheet-pin-table+rm-remap-grid:en)
CH32V007,afio-spi1-remap,1,SPI_MISO,PC7,#,reference,candidates(datasheet-pin-table+rm-remap-grid:en)
CH32V007,afio-spi1-remap,1,SPI_MOSI,PC6,#,reference,candidates(datasheet-pin-table+rm-remap-grid:en)
CH32V007,afio-spi1-remap,1,SPI_NSS,PC0,#,reference,candidates(datasheet-pin-table+rm-remap-grid:en)
CH32V007,afio-spi1-remap,1,SPI_SCK,PC5,#,reference,candidates(datasheet-pin-table+rm-remap-grid:en)
CH32V007,afio-spi1-remap,2,SPI_MISO,PB3,#,reference,candidates(datasheet-pin-table+rm-remap-grid:en)
CH32V007,afio-spi1-remap,2,SPI_MOSI,PD3,#,reference,candidates(datasheet-pin-table+rm-remap-grid:en)
CH32V007,afio-spi1-remap,2,SPI_NSS,PC4,#,reference,candidates(datasheet-pin-table+rm-remap-grid:en)
CH32V007,afio-spi1-remap,2,SPI_SCK,PD2,#,reference,candidates(datasheet-pin-table+rm-remap-grid:en)
CH32V007,afio-spi1-remap,3,SPI_MISO,PB2,#,reference,candidates(datasheet-pin-table+rm-remap-grid:en)
CH32V007,afio-spi1-remap,3,SPI_MOSI,PC0,#,reference,candidates(datasheet-pin-table+rm-remap-grid:en)
CH32V007,afio-spi1-remap,3,SPI_NSS,PB0,#,reference,candidates(datasheet-pin-table+rm-remap-grid:en)
CH32V007,afio-spi1-remap,3,SPI_SCK,PB1,#,reference,candidates(datasheet-pin-table+rm-remap-grid:en)
CH32V007,afio-spi1-remap,4,SPI_MISO,PD5,#,reference,candidates(datasheet-pin-table+rm-remap-grid:en)
CH32V007,afio-spi1-remap,4,SPI_MOSI,PD6,#,reference,candidates(datasheet-pin-table+rm-remap-grid:en)
CH32V007,afio-spi1-remap,4,SPI_NSS,PD3,#,reference,candidates(datasheet-pin-table+rm-remap-grid:en)
CH32V007,afio-spi1-remap,4,SPI_SCK,PD4,#,reference,candidates(datasheet-pin-table+rm-remap-grid:en)
CH32V007,afio-spi1-remap,5,SPI_MISO,PB5,#,reference,candidates(datasheet-pin-table+rm-remap-grid:en)
CH32V007,afio-spi1-remap,5,SPI_MOSI,PA2,#,reference,candidates(datasheet-pin-table+rm-remap-grid:en)
CH32V007,afio-spi1-remap,5,SPI_NSS,PC1,#,reference,candidates(datasheet-pin-table+rm-remap-grid:en)
CH32V007,afio-spi1-remap,5,SPI_SCK,PA1,#,reference,candidates(datasheet-pin-table+rm-remap-grid:en)
CH32V007,afio-spi1-remap,6,SPI_MISO,PC7,#,reference,candidates(datasheet-pin-table+rm-remap-grid:en)
CH32V007,afio-spi1-remap,6,SPI_NSS,PC4,#,reference,candidates(datasheet-pin-table+rm-remap-grid:en)
CH32V007,afio-spi1-remap,6,SPI_SCK,PB5,#,reference,candidates(datasheet-pin-table+rm-remap-grid:en)
CH32V007,afio-tim1-remap,1,ADC_IETR,PA2,#,reference,candidates(datasheet-pin-table+rm-remap-grid:en)
CH32V007,afio-tim1-remap,1,ADC_RETR,PC2,#,reference,candidates(datasheet-pin-table+rm-remap-grid:en)
CH32V007,afio-tim1-remap,1,TIM1_BKIN,PC2,#,reference,candidates(datasheet-pin-table+rm-remap-grid:en)
CH32V007,afio-tim1-remap,1,TIM1_CH1,PD2,#,reference,candidates(datasheet-pin-table+rm-remap-grid:en)
CH32V007,afio-tim1-remap,1,TIM1_CH1N,PD0,#,reference,candidates(datasheet-pin-table+rm-remap-grid:en)
CH32V007,afio-tim1-remap,1,TIM1_CH2,PA1,#,reference,candidates(datasheet-pin-table+rm-remap-grid:en)
CH32V007,afio-tim1-remap,1,TIM1_CH2N,PA2,#,reference,candidates(datasheet-pin-table+rm-remap-grid:en)
CH32V007,afio-tim1-remap,1,TIM1_CH3,PC3,#,reference,candidates(datasheet-pin-table+rm-remap-grid:en)
CH32V007,afio-tim1-remap,1,TIM1_CH3N,PD1,#,reference,candidates(datasheet-pin-table+rm-remap-grid:en)
CH32V007,afio-tim1-remap,1,TIM1_CH4,PC4,#,reference,candidates(datasheet-pin-table+rm-remap-grid:en)
CH32V007,afio-tim1-remap,1,TIM1_ETR,PD4,#,reference,candidates(datasheet-pin-table+rm-remap-grid:en)
CH32V007,afio-tim1-remap,2,TIM1_BKIN,PC1,#,reference,candidates(datasheet-pin-table+rm-remap-grid:en)
CH32V007,afio-tim1-remap,2,TIM1_CH1,PC6,#,reference,candidates(datasheet-pin-table+rm-remap-grid:en)
CH32V007,afio-tim1-remap,2,TIM1_CH1N,PC3,#,reference,candidates(datasheet-pin-table+rm-remap-grid:en)
CH32V007,afio-tim1-remap,2,TIM1_CH2,PC7,#,reference,candidates(datasheet-pin-table+rm-remap-grid:en)
CH32V007,afio-tim1-remap,2,TIM1_CH2N,PC4,#,reference,candidates(datasheet-pin-table+rm-remap-grid:en)
CH32V007,afio-tim1-remap,2,TIM1_CH3,PC0,#,reference,candidates(datasheet-pin-table+rm-remap-grid:en)
CH32V007,afio-tim1-remap,2,TIM1_CH3N,PD1,#,reference,candidates(datasheet-pin-table+rm-remap-grid:en)
CH32V007,afio-tim1-remap,2,TIM1_CH4,PD3,#,reference,candidates(datasheet-pin-table+rm-remap-grid:en)
CH32V007,afio-tim1-remap,2,TIM1_ETR,PC5,#,reference,candidates(datasheet-pin-table+rm-remap-grid:en)
CH32V007,afio-tim1-remap,3,TIM1_BKIN,PC1,#,reference,candidates(datasheet-pin-table+rm-remap-grid:en)
CH32V007,afio-tim1-remap,3,TIM1_CH1,PC4,#,reference,candidates(datasheet-pin-table+rm-remap-grid:en)
CH32V007,afio-tim1-remap,3,TIM1_CH1N,PC3,#,reference,candidates(datasheet-pin-table+rm-remap-grid:en)
CH32V007,afio-tim1-remap,3,TIM1_CH2,PC7,#,reference,candidates(datasheet-pin-table+rm-remap-grid:en)
CH32V007,afio-tim1-remap,3,TIM1_CH2N,PD2,#,reference,candidates(datasheet-pin-table+rm-remap-grid:en)
CH32V007,afio-tim1-remap,3,TIM1_CH3,PC5,#,reference,candidates(datasheet-pin-table+rm-remap-grid:en)
CH32V007,afio-tim1-remap,3,TIM1_CH3N,PC6,#,reference,candidates(datasheet-pin-table+rm-remap-grid:en)
CH32V007,afio-tim1-remap,3,TIM1_CH4,PD4,#,reference,candidates(datasheet-pin-table+rm-remap-grid:en)
CH32V007,afio-tim1-remap,3,TIM1_ETR,PC2,#,reference,candidates(datasheet-pin-table+rm-remap-grid:en)
CH32V007,afio-tim1-remap,4,TIM1_BKIN,PB3,#,reference,candidates(datasheet-pin-table+rm-remap-grid:en)
CH32V007,afio-tim1-remap,4,TIM1_CH1,PA3,#,reference,candidates(datasheet-pin-table+rm-remap-grid:en)
CH32V007,afio-tim1-remap,4,TIM1_CH1N,PA0,#,reference,candidates(datasheet-pin-table+rm-remap-grid:en)
CH32V007,afio-tim1-remap,4,TIM1_CH2,PB0,#,reference,candidates(datasheet-pin-table+rm-remap-grid:en)
CH32V007,afio-tim1-remap,4,TIM1_CH2N,PA2,#,reference,candidates(datasheet-pin-table+rm-remap-grid:en)
CH32V007,afio-tim1-remap,4,TIM1_CH3,PB1,#,reference,candidates(datasheet-pin-table+rm-remap-grid:en)
CH32V007,afio-tim1-remap,4,TIM1_CH3N,PD0,#,reference,candidates(datasheet-pin-table+rm-remap-grid:en)
CH32V007,afio-tim1-remap,4,TIM1_CH4,PD1,#,reference,candidates(datasheet-pin-table+rm-remap-grid:en)
CH32V007,afio-tim1-remap,4,TIM1_ETR,PD4,#,reference,candidates(datasheet-pin-table+rm-remap-grid:en)
CH32V007,afio-tim1-remap,5,TIM1_BKIN,PB3,#,reference,candidates(datasheet-pin-table+rm-remap-grid:en)
CH32V007,afio-tim1-remap,5,TIM1_CH1,PA3,#,reference,candidates(datasheet-pin-table+rm-remap-grid:en)
CH32V007,afio-tim1-remap,5,TIM1_CH1N,PA0,#,reference,candidates(datasheet-pin-table+rm-remap-grid:en)
CH32V007,afio-tim1-remap,5,TIM1_CH2,PB0,#,reference,candidates(datasheet-pin-table+rm-remap-grid:en)
CH32V007,afio-tim1-remap,5,TIM1_CH2N,PA2,#,reference,candidates(datasheet-pin-table+rm-remap-grid:en)
CH32V007,afio-tim1-remap,5,TIM1_CH3,PC3,#,reference,candidates(datasheet-pin-table+rm-remap-grid:en)
CH32V007,afio-tim1-remap,5,TIM1_CH3N,PD0,#,reference,candidates(datasheet-pin-table+rm-remap-grid:en)
CH32V007,afio-tim1-remap,5,TIM1_CH4,PD1,#,reference,candidates(datasheet-pin-table+rm-remap-grid:en)
CH32V007,afio-tim1-remap,5,TIM1_ETR,PD4,#,reference,candidates(datasheet-pin-table+rm-remap-grid:en)
CH32V007,afio-tim1-remap,6,TIM1_BKIN,PA7,#,reference,candidates(datasheet-pin-table+rm-remap-grid:en)
CH32V007,afio-tim1-remap,6,TIM1_CH1,PA3,#,reference,candidates(datasheet-pin-table+rm-remap-grid:en)
CH32V007,afio-tim1-remap,6,TIM1_CH1N,PA0,#,reference,candidates(datasheet-pin-table+rm-remap-grid:en)
CH32V007,afio-tim1-remap,6,TIM1_CH2,PB0,#,reference,candidates(datasheet-pin-table+rm-remap-grid:en)
CH32V007,afio-tim1-remap,6,TIM1_CH2N,PA2,#,reference,candidates(datasheet-pin-table+rm-remap-grid:en)
CH32V007,afio-tim1-remap,6,TIM1_CH3,PB1,#,reference,candidates(datasheet-pin-table+rm-remap-grid:en)
CH32V007,afio-tim1-remap,6,TIM1_CH3N,PD0,#,reference,candidates(datasheet-pin-table+rm-remap-grid:en)
CH32V007,afio-tim1-remap,6,TIM1_CH4,PB2,#,reference,candidates(datasheet-pin-table+rm-remap-grid:en)
CH32V007,afio-tim1-remap,6,TIM1_ETR,PD4,#,reference,candidates(datasheet-pin-table+rm-remap-grid:en)
CH32V007,afio-tim1-remap,7,TIM1_BKIN,PB2,#,reference,candidates(datasheet-pin-table+rm-remap-grid:en)
CH32V007,afio-tim1-remap,7,TIM1_CH1,PC4,#,reference,candidates(datasheet-pin-table+rm-remap-grid:en)
CH32V007,afio-tim1-remap,7,TIM1_CH1N,PC0,#,reference,candidates(datasheet-pin-table+rm-remap-grid:en)
CH32V007,afio-tim1-remap,7,TIM1_CH2,PC5,#,reference,candidates(datasheet-pin-table+rm-remap-grid:en)
CH32V007,afio-tim1-remap,7,TIM1_CH2N,PC1,#,reference,candidates(datasheet-pin-table+rm-remap-grid:en)
CH32V007,afio-tim1-remap,7,TIM1_CH3,PC6,#,reference,candidates(datasheet-pin-table+rm-remap-grid:en)
CH32V007,afio-tim1-remap,7,TIM1_CH3N,PC2,#,reference,candidates(datasheet-pin-table+rm-remap-grid:en)
CH32V007,afio-tim1-remap,7,TIM1_CH4,PC7,#,reference,candidates(datasheet-pin-table+rm-remap-grid:en)
CH32V007,afio-tim1-remap,7,TIM1_ETR,PB4,#,reference,candidates(datasheet-pin-table+rm-remap-grid:en)
CH32V007,afio-tim1-remap,8,TIM1_BKIN,PB2,#,reference,candidates(datasheet-pin-table+rm-remap-grid:en)
CH32V007,afio-tim1-remap,8,TIM1_CH1,PC4,#,reference,candidates(datasheet-pin-table+rm-remap-grid:en)
CH32V007,afio-tim1-remap,8,TIM1_CH1N,PA3,#,reference,candidates(datasheet-pin-table+rm-remap-grid:en)
CH32V007,afio-tim1-remap,8,TIM1_CH2,PC5,#,reference,candidates(datasheet-pin-table+rm-remap-grid:en)
CH32V007,afio-tim1-remap,8,TIM1_CH2N,PB0,#,reference,candidates(datasheet-pin-table+rm-remap-grid:en)
CH32V007,afio-tim1-remap,8,TIM1_CH3,PC6,#,reference,candidates(datasheet-pin-table+rm-remap-grid:en)
CH32V007,afio-tim1-remap,8,TIM1_CH3N,PB1,#,reference,candidates(datasheet-pin-table+rm-remap-grid:en)
CH32V007,afio-tim1-remap,8,TIM1_CH4,PC7,#,reference,candidates(datasheet-pin-table+rm-remap-grid:en)
CH32V007,afio-tim1-remap,8,TIM1_ETR,PB4,#,reference,candidates(datasheet-pin-table+rm-remap-grid:en)
CH32V007,afio-tim1-remap,9,TIM1_BKIN,PB2,#,reference,candidates(datasheet-pin-table+rm-remap-grid:en)
CH32V007,afio-tim1-remap,9,TIM1_CH1,PA0,#,reference,candidates(datasheet-pin-table+rm-remap-grid:en)
CH32V007,afio-tim1-remap,9,TIM1_CH1N,PC0,#,reference,candidates(datasheet-pin-table+rm-remap-grid:en)
CH32V007,afio-tim1-remap,9,TIM1_CH2,PA1,#,reference,candidates(datasheet-pin-table+rm-remap-grid:en)
CH32V007,afio-tim1-remap,9,TIM1_CH2N,PC1,#,reference,candidates(datasheet-pin-table+rm-remap-grid:en)
CH32V007,afio-tim1-remap,9,TIM1_CH3,PA2,#,reference,candidates(datasheet-pin-table+rm-remap-grid:en)
CH32V007,afio-tim1-remap,9,TIM1_CH3N,PC2,#,reference,candidates(datasheet-pin-table+rm-remap-grid:en)
CH32V007,afio-tim1-remap,9,TIM1_CH4,PA3,#,reference,candidates(datasheet-pin-table+rm-remap-grid:en)
CH32V007,afio-tim1-remap,9,TIM1_ETR,PB4,#,reference,candidates(datasheet-pin-table+rm-remap-grid:en)
CH32V007,afio-tim2-remap,1,TIM2_CH2,PD3,#,reference,candidates(datasheet-pin-table+rm-remap-grid:en)
CH32V007,afio-tim2-remap,1,TIM2_CH3,PC0,#,reference,candidates(datasheet-pin-table+rm-remap-grid:en)
CH32V007,afio-tim2-remap,1,TIM2_CH4,PD7,#,reference,candidates(datasheet-pin-table+rm-remap-grid:en)
CH32V007,afio-tim2-remap,2,TIM2_CH2,PB3,#,reference,candidates(datasheet-pin-table+rm-remap-grid:en)
CH32V007,afio-tim2-remap,2,TIM2_CH3,PD2,#,reference,candidates(datasheet-pin-table+rm-remap-grid:en)
CH32V007,afio-tim2-remap,2,TIM2_CH4,PC1,#,reference,candidates(datasheet-pin-table+rm-remap-grid:en)
CH32V007,afio-tim2-remap,3,TIM2_CH2,PC7,#,reference,candidates(datasheet-pin-table+rm-remap-grid:en)
CH32V007,afio-tim2-remap,3,TIM2_CH3,PD6,#,reference,candidates(datasheet-pin-table+rm-remap-grid:en)
CH32V007,afio-tim2-remap,3,TIM2_CH4,PD5,#,reference,candidates(datasheet-pin-table+rm-remap-grid:en)
CH32V007,afio-tim2-remap,4,TIM2_CH2,PC1,#,reference,candidates(datasheet-pin-table+rm-remap-grid:en)
CH32V007,afio-tim2-remap,4,TIM2_CH3,PC3,#,reference,candidates(datasheet-pin-table+rm-remap-grid:en)
CH32V007,afio-tim2-remap,4,TIM2_CH4,PB6,#,reference,candidates(datasheet-pin-table+rm-remap-grid:en)
CH32V007,afio-tim2-remap,5,TIM2_CH2,PA1,#,reference,candidates(datasheet-pin-table+rm-remap-grid:en)
CH32V007,afio-tim2-remap,5,TIM2_CH3,PA2,#,reference,candidates(datasheet-pin-table+rm-remap-grid:en)
CH32V007,afio-tim2-remap,5,TIM2_CH4,PA3,#,reference,candidates(datasheet-pin-table+rm-remap-grid:en)
CH32V007,afio-tim2-remap,6,TIM2_CH2,PA1,#,reference,candidates(datasheet-pin-table+rm-remap-grid:en)
CH32V007,afio-tim2-remap,6,TIM2_CH3,PA2,#,reference,candidates(datasheet-pin-table+rm-remap-grid:en)
CH32V007,afio-tim2-remap,6,TIM2_CH4,PA3,#,reference,candidates(datasheet-pin-table+rm-remap-grid:en)
CH32V007,afio-tim2-remap,7,TIM2_CH2,PD4,#,reference,candidates(datasheet-pin-table+rm-remap-grid:en)
CH32V007,afio-tim2-remap,7,TIM2_CH3,PA2,#,reference,candidates(datasheet-pin-table+rm-remap-grid:en)
CH32V007,afio-tim2-remap,7,TIM2_CH4,PA3,#,reference,candidates(datasheet-pin-table+rm-remap-grid:en)
CH32V007,afio-usart1-remap,1,USART1_CTS,PC6,#,reference,candidates(datasheet-pin-table+rm-remap-grid:en)
CH32V007,afio-usart1-remap,1,USART1_RTS,PC7,#,reference,candidates(datasheet-pin-table+rm-remap-grid:en)
CH32V007,afio-usart1-remap,1,USART1_RX,PD5,#,reference,candidates(datasheet-pin-table+rm-remap-grid:en)
CH32V007,afio-usart1-remap,1,USART1_TX,PD6,#,reference,candidates(datasheet-pin-table+rm-remap-grid:en)
CH32V007,afio-usart1-remap,2,USART1_CTS,PC3,#,reference,candidates(datasheet-pin-table+rm-remap-grid:en)
CH32V007,afio-usart1-remap,2,USART1_RTS,PC2,#,reference,candidates(datasheet-pin-table+rm-remap-grid:en)
CH32V007,afio-usart1-remap,2,USART1_RX,PD1,#,reference,candidates(datasheet-pin-table+rm-remap-grid:en)
CH32V007,afio-usart1-remap,2,USART1_TX,PD0,#,reference,candidates(datasheet-pin-table+rm-remap-grid:en)
CH32V007,afio-usart1-remap,3,USART1_CTS,PC6,#,reference,candidates(datasheet-pin-table+rm-remap-grid:en)
CH32V007,afio-usart1-remap,3,USART1_RTS,PC7,#,reference,candidates(datasheet-pin-table+rm-remap-grid:en)
CH32V007,afio-usart1-remap,3,USART1_RX,PC1,#,reference,candidates(datasheet-pin-table+rm-remap-grid:en)
CH32V007,afio-usart1-remap,3,USART1_TX,PC0,#,reference,candidates(datasheet-pin-table+rm-remap-grid:en)
CH32V007,afio-usart1-remap,4,USART1_CTS,PD7,#,reference,candidates(datasheet-pin-table+rm-remap-grid:en)
CH32V007,afio-usart1-remap,4,USART1_RTS,PA5,#,reference,candidates(datasheet-pin-table+rm-remap-grid:en)
CH32V007,afio-usart1-remap,4,USART1_RX,PB3,#,reference,candidates(datasheet-pin-table+rm-remap-grid:en)
CH32V007,afio-usart1-remap,4,USART1_TX,PD1,#,reference,candidates(datasheet-pin-table+rm-remap-grid:en)
CH32V007,afio-usart1-remap,5,USART1_CTS,PD7,#,reference,candidates(datasheet-pin-table+rm-remap-grid:en)
CH32V007,afio-usart1-remap,5,USART1_RTS,PA5,#,reference,candidates(datasheet-pin-table+rm-remap-grid:en)
CH32V007,afio-usart1-remap,5,USART1_RX,PD1,#,reference,candidates(datasheet-pin-table+rm-remap-grid:en)
CH32V007,afio-usart1-remap,5,USART1_TX,PB3,#,reference,candidates(datasheet-pin-table+rm-remap-grid:en)
CH32V007,afio-usart1-remap,6,USART1_CTS,PC7,#,reference,candidates(datasheet-pin-table+rm-remap-grid:en)
CH32V007,afio-usart1-remap,6,USART1_RTS,PB4,#,reference,candidates(datasheet-pin-table+rm-remap-grid:en)
CH32V007,afio-usart1-remap,6,USART1_RX,PC6,#,reference,candidates(datasheet-pin-table+rm-remap-grid:en)
CH32V007,afio-usart1-remap,6,X,PC5,#,reference,candidates(datasheet-pin-table+rm-remap-grid:en)
CH32V007,afio-usart1-remap,7,USART1_CTS,PC7,#,reference,candidates(datasheet-pin-table+rm-remap-grid:en)
CH32V007,afio-usart1-remap,7,USART1_RX,PB6,#,reference,candidates(datasheet-pin-table+rm-remap-grid:en)
CH32V007,afio-usart1-remap,7,USART1_TX,PB5,#,reference,candidates(datasheet-pin-table+rm-remap-grid:en)
CH32V007,afio-usart1-remap,8,USART1_CTS,PD2,#,reference,candidates(datasheet-pin-table+rm-remap-grid:en)
CH32V007,afio-usart1-remap,8,USART1_RTS,PD3,#,reference,candidates(datasheet-pin-table+rm-remap-grid:en)
CH32V007,afio-usart1-remap,8,USART1_RX,PA1,#,reference,candidates(datasheet-pin-table+rm-remap-grid:en)
CH32V007,afio-usart1-remap,8,X,PA0,#,reference,candidates(datasheet-pin-table+rm-remap-grid:en)
CH32V007,afio-usart1-remap,9,USART1_CTS,PD5,#,reference,candidates(datasheet-pin-table+rm-remap-grid:en)
CH32V007,afio-usart1-remap,9,USART1_RTS,PD4,#,reference,candidates(datasheet-pin-table+rm-remap-grid:en)
CH32V007,afio-usart1-remap,9,USART1_RX,PC4,#,reference,candidates(datasheet-pin-table+rm-remap-grid:en)
CH32V007,afio-usart1-remap,9,USART1_TX,PA0,#,reference,candidates(datasheet-pin-table+rm-remap-grid:en)
CH32V007,afio-usart2-remap,1,USART2_CTS,PA7,#,reference,candidates(datasheet-pin-table+rm-remap-grid:en)
CH32V007,afio-usart2-remap,1,USART2_RTS,PB3,#,reference,candidates(datasheet-pin-table+rm-remap-grid:en)
CH32V007,afio-usart2-remap,1,USART2_RX,PA5,#,reference,candidates(datasheet-pin-table+rm-remap-grid:en)
CH32V007,afio-usart2-remap,1,USART2_TX,PA4,#,reference,candidates(datasheet-pin-table+rm-remap-grid:en)
CH32V007,afio-usart2-remap,2,USART2_CTS,PA0,#,reference,candidates(datasheet-pin-table+rm-remap-grid:en)
CH32V007,afio-usart2-remap,2,USART2_RTS,PA1,#,reference,candidates(datasheet-pin-table+rm-remap-grid:en)
CH32V007,afio-usart2-remap,2,USART2_RX,PA3,#,reference,candidates(datasheet-pin-table+rm-remap-grid:en)
CH32V007,afio-usart2-remap,2,USART2_TX,PA2,#,reference,candidates(datasheet-pin-table+rm-remap-grid:en)
CH32V007,afio-usart2-remap,3,USART2_CTS,PA0,#,reference,candidates(datasheet-pin-table+rm-remap-grid:en)
CH32V007,afio-usart2-remap,3,USART2_RTS,PA1,#,reference,candidates(datasheet-pin-table+rm-remap-grid:en)
CH32V007,afio-usart2-remap,3,USART2_RX,PD3,#,reference,candidates(datasheet-pin-table+rm-remap-grid:en)
CH32V007,afio-usart2-remap,3,USART2_TX,PD2,#,reference,candidates(datasheet-pin-table+rm-remap-grid:en)
CH32V007,afio-usart2-remap,4,USART2_RTS,PA1,#,reference,candidates(datasheet-pin-table+rm-remap-grid:en)
CH32V007,afio-usart2-remap,4,USART2_RX,PB1,#,reference,candidates(datasheet-pin-table+rm-remap-grid:en)
CH32V007,afio-usart2-remap,4,USART2_TX,PB0,#,reference,candidates(datasheet-pin-table+rm-remap-grid:en)
CH32V007,afio-usart2-remap,5,USART2_CTS,PA4,#,reference,candidates(datasheet-pin-table+rm-remap-grid:en)
CH32V007,afio-usart2-remap,5,USART2_RTS,PA1,#,reference,candidates(datasheet-pin-table+rm-remap-grid:en)
CH32V007,afio-usart2-remap,5,USART2_RX,PD1,#,reference,candidates(datasheet-pin-table+rm-remap-grid:en)
CH32V007,afio-usart2-remap,5,USART2_TX,PC4,#,reference,candidates(datasheet-pin-table+rm-remap-grid:en)
CH32V007,afio-usart2-remap,6,USART2_CTS,PA7,#,reference,candidates(datasheet-pin-table+rm-remap-grid:en)
CH32V007,afio-usart2-remap,6,USART2_RTS,PB3,#,reference,candidates(datasheet-pin-table+rm-remap-grid:en)
CH32V007,afio-usart2-remap,6,USART2_RX,PA5,#,reference,candidates(datasheet-pin-table+rm-remap-grid:en)
CH32V007,afio-usart2-remap,6,USART2_TX,PA6,#,reference,candidates(datasheet-pin-table+rm-remap-grid:en)
CH32V103,afio-i2c1-remap,1,I2C1_SCL,PB8,#,reference,candidates(datasheet-pin-table+rm-remap-grid:en)
CH32V103,afio-i2c1-remap,1,I2C1_SDA,PB9,#,reference,candidates(datasheet-pin-table+rm-remap-grid:en)
CH32V103,afio-spi1-remap,1,SPI1_MISO,PB4,#,reference,candidates(datasheet-pin-table+rm-remap-grid:en)
CH32V103,afio-spi1-remap,1,SPI1_MOSI,PB5,#,reference,candidates(datasheet-pin-table+rm-remap-grid:en)
CH32V103,afio-spi1-remap,1,SPI1_NSS,PA15,#,reference,candidates(datasheet-pin-table+rm-remap-grid:en)
CH32V103,afio-spi1-remap,1,SPI1_SCK,PB3,#,reference,candidates(datasheet-pin-table+rm-remap-grid:en)
CH32V103,afio-spi1-remap,1,TIM3_CH1,PB4,#,reference,candidates(datasheet-pin-table+rm-remap-grid:en)
CH32V103,afio-spi1-remap,1,TIM3_CH1,PC6,#,reference,candidates(datasheet-pin-table+rm-remap-grid:en)
CH32V103,afio-spi1-remap,1,TIM3_CH2,PB5,#,reference,candidates(datasheet-pin-table+rm-remap-grid:en)
CH32V103,afio-spi1-remap,1,TIM3_CH2,PC7,#,reference,candidates(datasheet-pin-table+rm-remap-grid:en)
CH32V103,afio-tim1-remap,1,TIM1_BKIN,PA6,#,reference,candidates(datasheet-pin-table+rm-remap-grid:en)
CH32V103,afio-tim1-remap,1,TIM1_CH1N,PA7,#,reference,candidates(datasheet-pin-table+rm-remap-grid:en)
CH32V103,afio-tim1-remap,1,TIM1_CH2N,PB0,#,reference,candidates(datasheet-pin-table+rm-remap-grid:en)
CH32V103,afio-tim1-remap,1,TIM1_CH3N,PB1,#,reference,candidates(datasheet-pin-table+rm-remap-grid:en)
CH32V103,afio-tim2-remap,1,TIM2_CH1,PA15,#,reference,candidates(datasheet-pin-table+rm-remap-grid:en)
CH32V103,afio-tim2-remap,1,TIM2_CH2,PB3,#,reference,candidates(datasheet-pin-table+rm-remap-grid:en)
CH32V103,afio-tim2-remap,1,TIM2_CH3,PB10,#,reference,candidates(datasheet-pin-table+rm-remap-grid:en)
CH32V103,afio-tim2-remap,1,TIM2_CH4,PB11,#,reference,candidates(datasheet-pin-table+rm-remap-grid:en)
CH32V103,afio-tim2-remap,1,TIM2_ETR,PA15,#,reference,candidates(datasheet-pin-table+rm-remap-grid:en)
CH32V103,afio-tim3-remap,1,TIM3_CH3,PC8,#,reference,candidates(datasheet-pin-table+rm-remap-grid:en)
CH32V103,afio-tim3-remap,1,TIM3_CH4,PC9,#,reference,candidates(datasheet-pin-table+rm-remap-grid:en)
CH32V103,afio-usart1-remap,1,USART1_RX,PB7,#,reference,candidates(datasheet-pin-table+rm-remap-grid:en)
CH32V103,afio-usart1-remap,1,USART1_TX,PB6,#,reference,candidates(datasheet-pin-table+rm-remap-grid:en)
CH32V103,afio-usart3-remap,1,USART3_CK,PC12,#,reference,candidates(datasheet-pin-table+rm-remap-grid:en)
CH32V103,afio-usart3-remap,1,USART3_RX,PC11,#,reference,candidates(datasheet-pin-table+rm-remap-grid:en)
CH32V103,afio-usart3-remap,1,USART3_TX,PC10,#,reference,candidates(datasheet-pin-table+rm-remap-grid:en)
CH32V203,afio-can-remap,2,CAN1_RX,PB8,#,reference,candidates(datasheet-pin-table+rm-remap-grid:en)
CH32V203,afio-can-remap,2,CAN1_TX,PB9,#,reference,candidates(datasheet-pin-table+rm-remap-grid:en)
CH32V203,afio-i2c1-remap,1,I2C1_SCL,PB8,#,reference,candidates(datasheet-pin-table+rm-remap-grid:en)
CH32V203,afio-i2c1-remap,1,I2C1_SDA,PB9,#,reference,candidates(datasheet-pin-table+rm-remap-grid:en)
CH32V203,afio-spi1-remap,1,SPI1_MISO,PB4,#,reference,candidates(datasheet-pin-table+rm-remap-grid:en)
CH32V203,afio-spi1-remap,1,SPI1_MOSI,PB5,#,reference,candidates(datasheet-pin-table+rm-remap-grid:en)
CH32V203,afio-spi1-remap,1,SPI1_NSS,PA15,#,reference,candidates(datasheet-pin-table+rm-remap-grid:en)
CH32V203,afio-spi1-remap,1,SPI1_SCK,PB3,#,reference,candidates(datasheet-pin-table+rm-remap-grid:en)
CH32V203,afio-tim1-remap,1,TIM1_BKIN,PA6,#,reference,candidates(datasheet-pin-table+rm-remap-grid:en)
CH32V203,afio-tim1-remap,1,TIM1_CH1,PA8,#,reference,candidates(datasheet-pin-table+rm-remap-grid:en)
CH32V203,afio-tim1-remap,1,TIM1_CH1N,PA7,#,reference,candidates(datasheet-pin-table+rm-remap-grid:en)
CH32V203,afio-tim1-remap,1,TIM1_CH2,PA9,#,reference,candidates(datasheet-pin-table+rm-remap-grid:en)
CH32V203,afio-tim1-remap,1,TIM1_CH2N,PB0,#,reference,candidates(datasheet-pin-table+rm-remap-grid:en)
CH32V203,afio-tim1-remap,1,TIM1_CH3,PA10,#,reference,candidates(datasheet-pin-table+rm-remap-grid:en)
CH32V203,afio-tim1-remap,1,TIM1_CH3N,PB1,#,reference,candidates(datasheet-pin-table+rm-remap-grid:en)
CH32V203,afio-tim1-remap,1,TIM1_CH4,PA11,#,reference,candidates(datasheet-pin-table+rm-remap-grid:en)
CH32V203,afio-tim1-remap,1,TIM1_ETR,PA12,#,reference,candidates(datasheet-pin-table+rm-remap-grid:en)
CH32V203,afio-tim2-remap,1,TIM2_CH1,PA15,#,reference,candidates(datasheet-pin-table+rm-remap-grid:en)
CH32V203,afio-tim2-remap,1,TIM2_CH2,PB3,#,reference,candidates(datasheet-pin-table+rm-remap-grid:en)
CH32V203,afio-tim2-remap,1,TIM2_CH3,PA2,#,reference,candidates(datasheet-pin-table+rm-remap-grid:en)
CH32V203,afio-tim2-remap,1,TIM2_CH4,PA3,#,reference,candidates(datasheet-pin-table+rm-remap-grid:en)
CH32V203,afio-tim2-remap,1,TIM2_ETR,PA15,#,reference,candidates(datasheet-pin-table+rm-remap-grid:en)
CH32V203,afio-tim2-remap,2,TIM2_CH1,PA0-WKUP,#,reference,candidates(datasheet-pin-table+rm-remap-grid:en)
CH32V203,afio-tim2-remap,2,TIM2_CH2,PA1,#,reference,candidates(datasheet-pin-table+rm-remap-grid:en)
CH32V203,afio-tim2-remap,2,TIM2_CH3,PB10,#,reference,candidates(datasheet-pin-table+rm-remap-grid:en)
CH32V203,afio-tim2-remap,2,TIM2_CH4,PB11,#,reference,candidates(datasheet-pin-table+rm-remap-grid:en)
CH32V203,afio-tim2-remap,2,TIM2_ETR,PA0-WKUP,#,reference,candidates(datasheet-pin-table+rm-remap-grid:en)
CH32V203,afio-tim2-remap,3,TIM2_CH1,PA15,#,reference,candidates(datasheet-pin-table+rm-remap-grid:en)
CH32V203,afio-tim2-remap,3,TIM2_CH2,PB3,#,reference,candidates(datasheet-pin-table+rm-remap-grid:en)
CH32V203,afio-tim2-remap,3,TIM2_CH3,PB10,#,reference,candidates(datasheet-pin-table+rm-remap-grid:en)
CH32V203,afio-tim2-remap,3,TIM2_CH4,PB11,#,reference,candidates(datasheet-pin-table+rm-remap-grid:en)
CH32V203,afio-tim2-remap,3,TIM2_ETR,PA15,#,reference,candidates(datasheet-pin-table+rm-remap-grid:en)
CH32V203,afio-tim3-remap,2,TIM3_CH1,PB4,#,reference,candidates(datasheet-pin-table+rm-remap-grid:en)
CH32V203,afio-tim3-remap,2,TIM3_CH2,PB5,#,reference,candidates(datasheet-pin-table+rm-remap-grid:en)
CH32V203,afio-tim3-remap,2,TIM3_CH3,PB0,#,reference,candidates(datasheet-pin-table+rm-remap-grid:en)
CH32V203,afio-tim3-remap,2,TIM3_CH4,PB1,#,reference,candidates(datasheet-pin-table+rm-remap-grid:en)
CH32V203,afio-tim3-remap,2,TIM3_ETR,PD2,#,reference,candidates(datasheet-pin-table+rm-remap-grid:en)
CH32V203,afio-tim3-remap,3,TIM3_CH1,PC6,#,reference,candidates(datasheet-pin-table+rm-remap-grid:en)
CH32V203,afio-tim3-remap,3,TIM3_CH2,PC7,#,reference,candidates(datasheet-pin-table+rm-remap-grid:en)
CH32V203,afio-tim3-remap,3,TIM3_CH3,PC8,#,reference,candidates(datasheet-pin-table+rm-remap-grid:en)
CH32V203,afio-tim3-remap,3,TIM3_CH4,PC9,#,reference,candidates(datasheet-pin-table+rm-remap-grid:en)
CH32V203,afio-tim3-remap,3,TIM3_ETR,PD2,#,reference,candidates(datasheet-pin-table+rm-remap-grid:en)
CH32V203,afio-usart1-remap,1,USART1_CK,PA8,#,reference,candidates(datasheet-pin-table+rm-remap-grid:en)
CH32V203,afio-usart1-remap,1,USART1_CTS,PA11,#,reference,candidates(datasheet-pin-table+rm-remap-grid:en)
CH32V203,afio-usart1-remap,1,USART1_RTS,PA12,#,reference,candidates(datasheet-pin-table+rm-remap-grid:en)
CH32V203,afio-usart1-remap,1,USART1_RX,PB7,#,reference,candidates(datasheet-pin-table+rm-remap-grid:en)
CH32V203,afio-usart1-remap,1,USART1_TX,PB6,#,reference,candidates(datasheet-pin-table+rm-remap-grid:en)
CH32V203,afio-usart1-remap,1,USART4_TX,PA5,#,reference,candidates(datasheet-pin-table+rm-remap-grid:en)
CH32V203,afio-usart3-remap,1,USART3_CK,PC12,#,reference,candidates(datasheet-pin-table+rm-remap-grid:en)
CH32V203,afio-usart3-remap,1,USART3_CTS,PB13,#,reference,candidates(datasheet-pin-table+rm-remap-grid:en)
CH32V203,afio-usart3-remap,1,USART3_RTS,PB14,#,reference,candidates(datasheet-pin-table+rm-remap-grid:en)
CH32V203,afio-usart3-remap,1,USART3_RX,PC11,#,reference,candidates(datasheet-pin-table+rm-remap-grid:en)
CH32V203,afio-usart3-remap,1,USART3_TX,PC10,#,reference,candidates(datasheet-pin-table+rm-remap-grid:en)
CH32V208,afio-can-remap,2,CAN1_RX,PB8,#,reference,candidates(datasheet-pin-table+rm-remap-grid:en)
CH32V208,afio-can-remap,2,CAN1_TX,PB9,#,reference,candidates(datasheet-pin-table+rm-remap-grid:en)
CH32V208,afio-i2c1-remap,1,I2C1_SCL,PB8,#,reference,candidates(datasheet-pin-table+rm-remap-grid:en)
CH32V208,afio-i2c1-remap,1,I2C1_SDA,PB9,#,reference,candidates(datasheet-pin-table+rm-remap-grid:en)
CH32V208,afio-spi1-remap,1,SPI1_MISO,PB4,#,reference,candidates(datasheet-pin-table+rm-remap-grid:en)
CH32V208,afio-spi1-remap,1,SPI1_MOSI,PB5,#,reference,candidates(datasheet-pin-table+rm-remap-grid:en)
CH32V208,afio-spi1-remap,1,SPI1_NSS,PA15,#,reference,candidates(datasheet-pin-table+rm-remap-grid:en)
CH32V208,afio-spi1-remap,1,SPI1_SCK,PB3,#,reference,candidates(datasheet-pin-table+rm-remap-grid:en)
CH32V208,afio-tim1-remap,1,TIM1_BKIN,PA6,#,reference,candidates(datasheet-pin-table+rm-remap-grid:en)
CH32V208,afio-tim1-remap,1,TIM1_CH1,PA8,#,reference,candidates(datasheet-pin-table+rm-remap-grid:en)
CH32V208,afio-tim1-remap,1,TIM1_CH1N,PA7,#,reference,candidates(datasheet-pin-table+rm-remap-grid:en)
CH32V208,afio-tim1-remap,1,TIM1_CH2,PA9,#,reference,candidates(datasheet-pin-table+rm-remap-grid:en)
CH32V208,afio-tim1-remap,1,TIM1_CH2N,PB0,#,reference,candidates(datasheet-pin-table+rm-remap-grid:en)
CH32V208,afio-tim1-remap,1,TIM1_CH3,PA10,#,reference,candidates(datasheet-pin-table+rm-remap-grid:en)
CH32V208,afio-tim1-remap,1,TIM1_CH3N,PB1,#,reference,candidates(datasheet-pin-table+rm-remap-grid:en)
CH32V208,afio-tim1-remap,1,TIM1_CH4,PA11,#,reference,candidates(datasheet-pin-table+rm-remap-grid:en)
CH32V208,afio-tim1-remap,1,TIM1_ETR,PA12,#,reference,candidates(datasheet-pin-table+rm-remap-grid:en)
CH32V208,afio-tim2-remap,1,TIM2_CH1,PA15,#,reference,candidates(datasheet-pin-table+rm-remap-grid:en)
CH32V208,afio-tim2-remap,1,TIM2_CH2,PB3,#,reference,candidates(datasheet-pin-table+rm-remap-grid:en)
CH32V208,afio-tim2-remap,1,TIM2_CH3,PA2,#,reference,candidates(datasheet-pin-table+rm-remap-grid:en)
CH32V208,afio-tim2-remap,1,TIM2_CH4,PA3,#,reference,candidates(datasheet-pin-table+rm-remap-grid:en)
CH32V208,afio-tim2-remap,1,TIM2_ETR,PA15,#,reference,candidates(datasheet-pin-table+rm-remap-grid:en)
CH32V208,afio-tim2-remap,2,TIM2_CH1,PA0-WKUP,#,reference,candidates(datasheet-pin-table+rm-remap-grid:en)
CH32V208,afio-tim2-remap,2,TIM2_CH2,PA1,#,reference,candidates(datasheet-pin-table+rm-remap-grid:en)
CH32V208,afio-tim2-remap,2,TIM2_CH3,PB10,#,reference,candidates(datasheet-pin-table+rm-remap-grid:en)
CH32V208,afio-tim2-remap,2,TIM2_CH4,PB11,#,reference,candidates(datasheet-pin-table+rm-remap-grid:en)
CH32V208,afio-tim2-remap,2,TIM2_ETR,PA0-WKUP,#,reference,candidates(datasheet-pin-table+rm-remap-grid:en)
CH32V208,afio-tim2-remap,3,TIM2_CH1,PA15,#,reference,candidates(datasheet-pin-table+rm-remap-grid:en)
CH32V208,afio-tim2-remap,3,TIM2_CH2,PB3,#,reference,candidates(datasheet-pin-table+rm-remap-grid:en)
CH32V208,afio-tim2-remap,3,TIM2_CH3,PB10,#,reference,candidates(datasheet-pin-table+rm-remap-grid:en)
CH32V208,afio-tim2-remap,3,TIM2_CH4,PB11,#,reference,candidates(datasheet-pin-table+rm-remap-grid:en)
CH32V208,afio-tim2-remap,3,TIM2_ETR,PA15,#,reference,candidates(datasheet-pin-table+rm-remap-grid:en)
CH32V208,afio-tim3-remap,2,TIM3_CH1,PB4,#,reference,candidates(datasheet-pin-table+rm-remap-grid:en)
CH32V208,afio-tim3-remap,2,TIM3_CH2,PB5,#,reference,candidates(datasheet-pin-table+rm-remap-grid:en)
CH32V208,afio-tim3-remap,2,TIM3_CH3,PB0,#,reference,candidates(datasheet-pin-table+rm-remap-grid:en)
CH32V208,afio-tim3-remap,2,TIM3_CH4,PB1,#,reference,candidates(datasheet-pin-table+rm-remap-grid:en)
CH32V208,afio-tim3-remap,2,TIM3_ETR,PD2,#,reference,candidates(datasheet-pin-table+rm-remap-grid:en)
CH32V208,afio-tim3-remap,3,TIM3_CH1,PC6,#,reference,candidates(datasheet-pin-table+rm-remap-grid:en)
CH32V208,afio-tim3-remap,3,TIM3_CH2,PC7,#,reference,candidates(datasheet-pin-table+rm-remap-grid:en)
CH32V208,afio-tim3-remap,3,TIM3_CH3,PC8,#,reference,candidates(datasheet-pin-table+rm-remap-grid:en)
CH32V208,afio-tim3-remap,3,TIM3_CH4,PC9,#,reference,candidates(datasheet-pin-table+rm-remap-grid:en)
CH32V208,afio-tim3-remap,3,TIM3_ETR,PD2,#,reference,candidates(datasheet-pin-table+rm-remap-grid:en)
CH32V208,afio-usart1-remap,1,USART1_CK,PA8,#,reference,candidates(datasheet-pin-table+rm-remap-grid:en)
CH32V208,afio-usart1-remap,1,USART1_CTS,PA11,#,reference,candidates(datasheet-pin-table+rm-remap-grid:en)
CH32V208,afio-usart1-remap,1,USART1_RTS,PA12,#,reference,candidates(datasheet-pin-table+rm-remap-grid:en)
CH32V208,afio-usart1-remap,1,USART1_RX,PB7,#,reference,candidates(datasheet-pin-table+rm-remap-grid:en)
CH32V208,afio-usart1-remap,1,USART1_TX,PB6,#,reference,candidates(datasheet-pin-table+rm-remap-grid:en)
CH32V208,afio-usart3-remap,1,USART3_CK,PC12,#,reference,candidates(datasheet-pin-table+rm-remap-grid:en)
CH32V208,afio-usart3-remap,1,USART3_CTS,PB13,#,reference,candidates(datasheet-pin-table+rm-remap-grid:en)
CH32V208,afio-usart3-remap,1,USART3_RTS,PB14,#,reference,candidates(datasheet-pin-table+rm-remap-grid:en)
CH32V208,afio-usart3-remap,1,USART3_RX,PC11,#,reference,candidates(datasheet-pin-table+rm-remap-grid:en)
CH32V208,afio-usart3-remap,1,USART3_TX,PC10,#,reference,candidates(datasheet-pin-table+rm-remap-grid:en)
CH32V303,afio-can-remap,2,CAN1_RX,PB8,#,reference,candidates(datasheet-pin-table+rm-remap-grid:en)
CH32V303,afio-can-remap,2,CAN1_TX,PB9,#,reference,candidates(datasheet-pin-table+rm-remap-grid:en)
CH32V303,afio-can-remap,3,CAN1_RX,PD0,#,reference,candidates(datasheet-pin-table+rm-remap-grid:en)
CH32V303,afio-can-remap,3,CAN1_TX,PD1,#,reference,candidates(datasheet-pin-table+rm-remap-grid:en)
CH32V303,afio-can-remap,3,TIM10_CH1,PD1,#,reference,candidates(datasheet-pin-table+rm-remap-grid:en)
CH32V303,afio-can-remap,3,TIM10_ETR,PD0,#,reference,candidates(datasheet-pin-table+rm-remap-grid:en)
CH32V303,afio-can2-remap,1,CAN2_RX,PB5,#,reference,candidates(datasheet-pin-table+rm-remap-grid:en)
CH32V303,afio-can2-remap,1,CAN2_TX,PB6,#,reference,candidates(datasheet-pin-table+rm-remap-grid:en)
CH32V303,afio-eth-remap,1,ETH_MII_RXD0,PD9,#,reference,candidates(datasheet-pin-table+rm-remap-grid:en)
CH32V303,afio-eth-remap,1,ETH_MII_RXD1,PD10,#,reference,candidates(datasheet-pin-table+rm-remap-grid:en)
CH32V303,afio-eth-remap,1,ETH_MII_RXD2,PD11,#,reference,candidates(datasheet-pin-table+rm-remap-grid:en)
CH32V303,afio-eth-remap,1,ETH_RMII_RXD1,PD10,#,reference,candidates(datasheet-pin-table+rm-remap-grid:en)
CH32V303,afio-i2c1-remap,1,I2C1_SCL,PB8,#,reference,candidates(datasheet-pin-table+rm-remap-grid:en)
CH32V303,afio-i2c1-remap,1,I2C1_SDA,PB9,#,reference,candidates(datasheet-pin-table+rm-remap-grid:en)
CH32V303,afio-spi1-remap,1,SPI1_MISO,PB4,#,reference,candidates(datasheet-pin-table+rm-remap-grid:en)
CH32V303,afio-spi1-remap,1,SPI1_MOSI,PB5,#,reference,candidates(datasheet-pin-table+rm-remap-grid:en)
CH32V303,afio-spi1-remap,1,SPI1_NSS,PA15,#,reference,candidates(datasheet-pin-table+rm-remap-grid:en)
CH32V303,afio-spi1-remap,1,SPI1_SCK,PB3,#,reference,candidates(datasheet-pin-table+rm-remap-grid:en)
CH32V303,afio-spi3-remap,1,I2S3_WS,PA4,#,reference,candidates(datasheet-pin-table+rm-remap-grid:en)
CH32V303,afio-spi3-remap,1,SPI3_MISO,PC11,#,reference,candidates(datasheet-pin-table+rm-remap-grid:en)
CH32V303,afio-spi3-remap,1,SPI3_MOSI,PC12,#,reference,candidates(datasheet-pin-table+rm-remap-grid:en)
CH32V303,afio-spi3-remap,1,SPI3_NSS,PA4,#,reference,candidates(datasheet-pin-table+rm-remap-grid:en)
CH32V303,afio-spi3-remap,1,SPI3_SCK,PC10,#,reference,candidates(datasheet-pin-table+rm-remap-grid:en)
CH32V303,afio-spi3-remap,1,TIM9_CH3,PA4,#,reference,candidates(datasheet-pin-table+rm-remap-grid:en)
CH32V303,afio-tim1-remap,1,TIM1_BKIN,PA6,#,reference,candidates(datasheet-pin-table+rm-remap-grid:en)
CH32V303,afio-tim1-remap,1,TIM1_CH1,PA8,#,reference,candidates(datasheet-pin-table+rm-remap-grid:en)
CH32V303,afio-tim1-remap,1,TIM1_CH1N,PA7,#,reference,candidates(datasheet-pin-table+rm-remap-grid:en)
CH32V303,afio-tim1-remap,1,TIM1_CH2,PA9,#,reference,candidates(datasheet-pin-table+rm-remap-grid:en)
CH32V303,afio-tim1-remap,1,TIM1_CH2N,PB0,#,reference,candidates(datasheet-pin-table+rm-remap-grid:en)
CH32V303,afio-tim1-remap,1,TIM1_CH3,PA10,#,reference,candidates(datasheet-pin-table+rm-remap-grid:en)
CH32V303,afio-tim1-remap,1,TIM1_CH3N,PB1,#,reference,candidates(datasheet-pin-table+rm-remap-grid:en)
CH32V303,afio-tim1-remap,1,TIM1_CH4,PA11,#,reference,candidates(datasheet-pin-table+rm-remap-grid:en)
CH32V303,afio-tim1-remap,1,TIM1_ETR,PA12,#,reference,candidates(datasheet-pin-table+rm-remap-grid:en)
CH32V303,afio-tim1-remap,1,UART5_RX,PB5,#,reference,candidates(datasheet-pin-table+rm-remap-grid:en)
CH32V303,afio-tim1-remap,1,UART5_TX,PB4,#,reference,candidates(datasheet-pin-table+rm-remap-grid:en)
CH32V303,afio-tim1-remap,1,UART6_TX,PB8,#,reference,candidates(datasheet-pin-table+rm-remap-grid:en)
CH32V303,afio-tim1-remap,1,UART7_RX,PA7,#,reference,candidates(datasheet-pin-table+rm-remap-grid:en)
CH32V303,afio-tim1-remap,1,UART7_TX,PA6,#,reference,candidates(datasheet-pin-table+rm-remap-grid:en)
CH32V303,afio-tim1-remap,1,UART8_RX,PA15,#,reference,candidates(datasheet-pin-table+rm-remap-grid:en)
CH32V303,afio-tim1-remap,1,UART8_TX,PA14,#,reference,candidates(datasheet-pin-table+rm-remap-grid:en)
CH32V303,afio-tim1-remap,2,UART5_RX,PE9,#,reference,candidates(datasheet-pin-table+rm-remap-grid:en)
CH32V303,afio-tim1-remap,2,UART5_TX,PE8,#,reference,candidates(datasheet-pin-table+rm-remap-grid:en)
CH32V303,afio-tim1-remap,2,UART6_TX,PE10,#,reference,candidates(datasheet-pin-table+rm-remap-grid:en)
CH32V303,afio-tim1-remap,2,UART7_RX,PE13,#,reference,candidates(datasheet-pin-table+rm-remap-grid:en)
CH32V303,afio-tim1-remap,2,UART7_TX,PE12,#,reference,candidates(datasheet-pin-table+rm-remap-grid:en)
CH32V303,afio-tim1-remap,2,UART8_RX,PE15,#,reference,candidates(datasheet-pin-table+rm-remap-grid:en)
CH32V303,afio-tim1-remap,2,UART8_TX,PE14,#,reference,candidates(datasheet-pin-table+rm-remap-grid:en)
CH32V303,afio-tim1-remap,3,TIM1_BKIN,PE15,#,reference,candidates(datasheet-pin-table+rm-remap-grid:en)
CH32V303,afio-tim1-remap,3,TIM1_CH1,PE9,#,reference,candidates(datasheet-pin-table+rm-remap-grid:en)
CH32V303,afio-tim1-remap,3,TIM1_CH1N,PE8,#,reference,candidates(datasheet-pin-table+rm-remap-grid:en)
CH32V303,afio-tim1-remap,3,TIM1_CH2,PE11,#,reference,candidates(datasheet-pin-table+rm-remap-grid:en)
CH32V303,afio-tim1-remap,3,TIM1_CH2N,PE10,#,reference,candidates(datasheet-pin-table+rm-remap-grid:en)
CH32V303,afio-tim1-remap,3,TIM1_CH3,PE13,#,reference,candidates(datasheet-pin-table+rm-remap-grid:en)
CH32V303,afio-tim1-remap,3,TIM1_CH3N,PE12,#,reference,candidates(datasheet-pin-table+rm-remap-grid:en)
CH32V303,afio-tim1-remap,3,TIM1_CH4,PE14,#,reference,candidates(datasheet-pin-table+rm-remap-grid:en)
CH32V303,afio-tim1-remap,3,TIM1_ETR,PE7,#,reference,candidates(datasheet-pin-table+rm-remap-grid:en)
CH32V303,afio-tim1-remap,3,UART5_RX,PE9,#,reference,candidates(datasheet-pin-table+rm-remap-grid:en)
CH32V303,afio-tim1-remap,3,UART5_TX,PE8,#,reference,candidates(datasheet-pin-table+rm-remap-grid:en)
CH32V303,afio-tim1-remap,3,UART6_TX,PE10,#,reference,candidates(datasheet-pin-table+rm-remap-grid:en)
CH32V303,afio-tim1-remap,3,UART7_RX,PE13,#,reference,candidates(datasheet-pin-table+rm-remap-grid:en)
CH32V303,afio-tim1-remap,3,UART7_TX,PE12,#,reference,candidates(datasheet-pin-table+rm-remap-grid:en)
CH32V303,afio-tim1-remap,3,UART8_RX,PE15,#,reference,candidates(datasheet-pin-table+rm-remap-grid:en)
CH32V303,afio-tim1-remap,3,UART8_TX,PE14,#,reference,candidates(datasheet-pin-table+rm-remap-grid:en)
CH32V303,afio-tim2-remap,1,TIM2_CH1,PA15,#,reference,candidates(datasheet-pin-table+rm-remap-grid:en)
CH32V303,afio-tim2-remap,1,TIM2_CH2,PB3,#,reference,candidates(datasheet-pin-table+rm-remap-grid:en)
CH32V303,afio-tim2-remap,1,TIM2_CH3,PA2,#,reference,candidates(datasheet-pin-table+rm-remap-grid:en)
CH32V303,afio-tim2-remap,1,TIM2_CH4,PA3,#,reference,candidates(datasheet-pin-table+rm-remap-grid:en)
CH32V303,afio-tim2-remap,1,TIM2_ETR,PA15,#,reference,candidates(datasheet-pin-table+rm-remap-grid:en)
CH32V303,afio-tim2-remap,1,TIM9_CH1,PA2,#,reference,candidates(datasheet-pin-table+rm-remap-grid:en)
CH32V303,afio-tim2-remap,1,TIM9_CH2,PA3,#,reference,candidates(datasheet-pin-table+rm-remap-grid:en)
CH32V303,afio-tim2-remap,1,TIM9_ETR,PA2,#,reference,candidates(datasheet-pin-table+rm-remap-grid:en)
CH32V303,afio-tim2-remap,2,TIM2_CH1,PA0-WKUP,#,reference,candidates(datasheet-pin-table+rm-remap-grid:en)
CH32V303,afio-tim2-remap,2,TIM2_CH2,PA1,#,reference,candidates(datasheet-pin-table+rm-remap-grid:en)
CH32V303,afio-tim2-remap,2,TIM2_CH3,PB10,#,reference,candidates(datasheet-pin-table+rm-remap-grid:en)
CH32V303,afio-tim2-remap,2,TIM2_CH4,PB11,#,reference,candidates(datasheet-pin-table+rm-remap-grid:en)
CH32V303,afio-tim2-remap,2,TIM2_ETR,PA0-WKUP,#,reference,candidates(datasheet-pin-table+rm-remap-grid:en)
CH32V303,afio-tim2-remap,3,TIM2_CH1,PA15,#,reference,candidates(datasheet-pin-table+rm-remap-grid:en)
CH32V303,afio-tim2-remap,3,TIM2_CH2,PB3,#,reference,candidates(datasheet-pin-table+rm-remap-grid:en)
CH32V303,afio-tim2-remap,3,TIM2_CH3,PB10,#,reference,candidates(datasheet-pin-table+rm-remap-grid:en)
CH32V303,afio-tim2-remap,3,TIM2_CH4,PB11,#,reference,candidates(datasheet-pin-table+rm-remap-grid:en)
CH32V303,afio-tim2-remap,3,TIM2_ETR,PA15,#,reference,candidates(datasheet-pin-table+rm-remap-grid:en)
CH32V303,afio-tim3-remap,2,TIM3_CH1,PB4,#,reference,candidates(datasheet-pin-table+rm-remap-grid:en)
CH32V303,afio-tim3-remap,2,TIM3_CH2,PB5,#,reference,candidates(datasheet-pin-table+rm-remap-grid:en)
CH32V303,afio-tim3-remap,2,TIM3_CH3,PB0,#,reference,candidates(datasheet-pin-table+rm-remap-grid:en)
CH32V303,afio-tim3-remap,2,TIM3_CH4,PB1,#,reference,candidates(datasheet-pin-table+rm-remap-grid:en)
CH32V303,afio-tim3-remap,2,TIM3_ETR,PD2,#,reference,candidates(datasheet-pin-table+rm-remap-grid:en)
CH32V303,afio-tim3-remap,3,TIM3_CH1,PC6,#,reference,candidates(datasheet-pin-table+rm-remap-grid:en)
CH32V303,afio-tim3-remap,3,TIM3_CH2,PC7,#,reference,candidates(datasheet-pin-table+rm-remap-grid:en)
CH32V303,afio-tim3-remap,3,TIM3_CH3,PC8,#,reference,candidates(datasheet-pin-table+rm-remap-grid:en)
CH32V303,afio-tim3-remap,3,TIM3_ETR,PD2,#,reference,candidates(datasheet-pin-table+rm-remap-grid:en)
CH32V303,afio-tim4-remap,1,TIM4_CH1,PD12,#,reference,candidates(datasheet-pin-table+rm-remap-grid:en)
CH32V303,afio-tim4-remap,1,TIM4_CH2,PD13,#,reference,candidates(datasheet-pin-table+rm-remap-grid:en)
CH32V303,afio-tim4-remap,1,TIM4_CH3,PD14,#,reference,candidates(datasheet-pin-table+rm-remap-grid:en)
CH32V303,afio-tim4-remap,1,TIM4_CH4,PD15,#,reference,candidates(datasheet-pin-table+rm-remap-grid:en)
CH32V303,afio-tim4-remap,1,TIM4_ETR,PE0,#,reference,candidates(datasheet-pin-table+rm-remap-grid:en)
CH32V303,afio-usart1-remap,1,TIM8_CH2,PB7,#,reference,candidates(datasheet-pin-table+rm-remap-grid:en)
CH32V303,afio-usart1-remap,1,USART1_CK,PA8,#,reference,candidates(datasheet-pin-table+rm-remap-grid:en)
CH32V303,afio-usart1-remap,1,USART1_CTS,PA11,#,reference,candidates(datasheet-pin-table+rm-remap-grid:en)
CH32V303,afio-usart1-remap,1,USART1_RTS,PA12,#,reference,candidates(datasheet-pin-table+rm-remap-grid:en)
CH32V303,afio-usart1-remap,1,USART1_RX,PB7,#,reference,candidates(datasheet-pin-table+rm-remap-grid:en)
CH32V303,afio-usart1-remap,1,USART1_TX,PB6,#,reference,candidates(datasheet-pin-table+rm-remap-grid:en)
CH32V303,afio-usart1-remap,2,USART1_CK,PA10,#,reference,candidates(datasheet-pin-table+rm-remap-grid:en)
CH32V303,afio-usart1-remap,2,USART1_RTS,PA9,#,reference,candidates(datasheet-pin-table+rm-remap-grid:en)
CH32V303,afio-usart1-remap,2,USART1_RX,PA8,#,reference,candidates(datasheet-pin-table+rm-remap-grid:en)
CH32V303,afio-usart1-remap,2,USART1_TX,PB15,#,reference,candidates(datasheet-pin-table+rm-remap-grid:en)
CH32V303,afio-usart1-remap,3,USART1_CTS,PC4,#,reference,candidates(datasheet-pin-table+rm-remap-grid:en)
CH32V303,afio-usart1-remap,3,USART1_RTS,PC5,#,reference,candidates(datasheet-pin-table+rm-remap-grid:en)
CH32V303,afio-usart1-remap,3,USART1_RX,PA7,#,reference,candidates(datasheet-pin-table+rm-remap-grid:en)
CH32V303,afio-usart1-remap,3,USART1_TX,PA6,#,reference,candidates(datasheet-pin-table+rm-remap-grid:en)
CH32V303,afio-usart2-remap,1,USART2_CK,PD7,#,reference,candidates(datasheet-pin-table+rm-remap-grid:en)
CH32V303,afio-usart2-remap,1,USART2_CTS,PD3,#,reference,candidates(datasheet-pin-table+rm-remap-grid:en)
CH32V303,afio-usart2-remap,1,USART2_RTS,PD4,#,reference,candidates(datasheet-pin-table+rm-remap-grid:en)
CH32V303,afio-usart2-remap,1,USART2_RX,PD6,#,reference,candidates(datasheet-pin-table+rm-remap-grid:en)
CH32V303,afio-usart2-remap,1,USART2_TX,PD5,#,reference,candidates(datasheet-pin-table+rm-remap-grid:en)
CH32V303,afio-usart3-remap,1,USART3_CK,PC12,#,reference,candidates(datasheet-pin-table+rm-remap-grid:en)
CH32V303,afio-usart3-remap,1,USART3_CTS,PB13,#,reference,candidates(datasheet-pin-table+rm-remap-grid:en)
CH32V303,afio-usart3-remap,1,USART3_RTS,PB14,#,reference,candidates(datasheet-pin-table+rm-remap-grid:en)
CH32V303,afio-usart3-remap,1,USART3_RX,PC11,#,reference,candidates(datasheet-pin-table+rm-remap-grid:en)
CH32V303,afio-usart3-remap,1,USART3_TX,PC10,#,reference,candidates(datasheet-pin-table+rm-remap-grid:en)
CH32V303,afio-usart3-remap,2,TIM9_CH2,PD11,#,reference,candidates(datasheet-pin-table+rm-remap-grid:en)
CH32V303,afio-usart3-remap,2,TIM9_CH2N,PD10,#,reference,candidates(datasheet-pin-table+rm-remap-grid:en)
CH32V303,afio-usart3-remap,2,TIM9_CH3N,PD12,#,reference,candidates(datasheet-pin-table+rm-remap-grid:en)
CH32V303,afio-usart3-remap,2,USART3_CK,PD10,#,reference,candidates(datasheet-pin-table+rm-remap-grid:en)
CH32V303,afio-usart3-remap,2,USART3_CTS,PD11,#,reference,candidates(datasheet-pin-table+rm-remap-grid:en)
CH32V303,afio-usart3-remap,2,USART3_RTS,PD12,#,reference,candidates(datasheet-pin-table+rm-remap-grid:en)
CH32V303,afio-usart3-remap,2,USART3_RX,PA14,#,reference,candidates(datasheet-pin-table+rm-remap-grid:en)
CH32V303,afio-usart3-remap,2,USART3_TX,PA13,#,reference,candidates(datasheet-pin-table+rm-remap-grid:en)
CH32V303,afio-usart3-remap,3,TIM9_CH1,PD9,#,reference,candidates(datasheet-pin-table+rm-remap-grid:en)
CH32V303,afio-usart3-remap,3,TIM9_CH1N,PD8,#,reference,candidates(datasheet-pin-table+rm-remap-grid:en)
CH32V303,afio-usart3-remap,3,TIM9_CH2,PD11,#,reference,candidates(datasheet-pin-table+rm-remap-grid:en)
CH32V303,afio-usart3-remap,3,TIM9_CH2N,PD10,#,reference,candidates(datasheet-pin-table+rm-remap-grid:en)
CH32V303,afio-usart3-remap,3,TIM9_CH3N,PD12,#,reference,candidates(datasheet-pin-table+rm-remap-grid:en)
CH32V303,afio-usart3-remap,3,TIM9_ETR,PD9,#,reference,candidates(datasheet-pin-table+rm-remap-grid:en)
CH32V303,afio-usart3-remap,3,USART3_CK,PD10,#,reference,candidates(datasheet-pin-table+rm-remap-grid:en)
CH32V303,afio-usart3-remap,3,USART3_CTS,PD11,#,reference,candidates(datasheet-pin-table+rm-remap-grid:en)
CH32V303,afio-usart3-remap,3,USART3_RTS,PD12,#,reference,candidates(datasheet-pin-table+rm-remap-grid:en)
CH32V303,afio-usart3-remap,3,USART3_RX,PD9,#,reference,candidates(datasheet-pin-table+rm-remap-grid:en)
CH32V303,afio-usart3-remap,3,USART3_TX,PD8,#,reference,candidates(datasheet-pin-table+rm-remap-grid:en)
CH32V305,afio-can-remap,2,CAN1_RX,PB8,#,reference,candidates(datasheet-pin-table+rm-remap-grid:en)
CH32V305,afio-can-remap,2,CAN1_TX,PB9,#,reference,candidates(datasheet-pin-table+rm-remap-grid:en)
CH32V305,afio-can2-remap,1,CAN2_RX,PB5,#,reference,candidates(datasheet-pin-table+rm-remap-grid:en)
CH32V305,afio-can2-remap,1,CAN2_TX,PB6,#,reference,candidates(datasheet-pin-table+rm-remap-grid:en)
CH32V305,afio-i2c1-remap,1,I2C1_SCL,PB8,#,reference,candidates(datasheet-pin-table+rm-remap-grid:en)
CH32V305,afio-i2c1-remap,1,I2C1_SDA,PB9,#,reference,candidates(datasheet-pin-table+rm-remap-grid:en)
CH32V305,afio-spi1-remap,1,SPI1_MISO,PB4,#,reference,candidates(datasheet-pin-table+rm-remap-grid:en)
CH32V305,afio-spi1-remap,1,SPI1_MOSI,PB5,#,reference,candidates(datasheet-pin-table+rm-remap-grid:en)
CH32V305,afio-spi1-remap,1,SPI1_NSS,PA15,#,reference,candidates(datasheet-pin-table+rm-remap-grid:en)
CH32V305,afio-spi1-remap,1,SPI1_SCK,PB3,#,reference,candidates(datasheet-pin-table+rm-remap-grid:en)
CH32V305,afio-spi3-remap,1,I2S3_WS,PA4,#,reference,candidates(datasheet-pin-table+rm-remap-grid:en)
CH32V305,afio-spi3-remap,1,SPI3_MISO,PC11,#,reference,candidates(datasheet-pin-table+rm-remap-grid:en)
CH32V305,afio-spi3-remap,1,SPI3_MOSI,PC12,#,reference,candidates(datasheet-pin-table+rm-remap-grid:en)
CH32V305,afio-spi3-remap,1,SPI3_NSS,PA4,#,reference,candidates(datasheet-pin-table+rm-remap-grid:en)
CH32V305,afio-spi3-remap,1,SPI3_SCK,PC10,#,reference,candidates(datasheet-pin-table+rm-remap-grid:en)
CH32V305,afio-spi3-remap,1,TIM9_CH3,PA4,#,reference,candidates(datasheet-pin-table+rm-remap-grid:en)
CH32V305,afio-tim1-remap,1,TIM1_BKIN,PA6,#,reference,candidates(datasheet-pin-table+rm-remap-grid:en)
CH32V305,afio-tim1-remap,1,TIM1_CH1,PA8,#,reference,candidates(datasheet-pin-table+rm-remap-grid:en)
CH32V305,afio-tim1-remap,1,TIM1_CH1N,PA7,#,reference,candidates(datasheet-pin-table+rm-remap-grid:en)
CH32V305,afio-tim1-remap,1,TIM1_CH2,PA9,#,reference,candidates(datasheet-pin-table+rm-remap-grid:en)
CH32V305,afio-tim1-remap,1,TIM1_CH2N,PB0,#,reference,candidates(datasheet-pin-table+rm-remap-grid:en)
CH32V305,afio-tim1-remap,1,TIM1_CH3,PA10,#,reference,candidates(datasheet-pin-table+rm-remap-grid:en)
CH32V305,afio-tim1-remap,1,TIM1_CH3N,PB1,#,reference,candidates(datasheet-pin-table+rm-remap-grid:en)
CH32V305,afio-tim1-remap,1,TIM1_CH4,PA11,#,reference,candidates(datasheet-pin-table+rm-remap-grid:en)
CH32V305,afio-tim1-remap,1,TIM1_ETR,PA12,#,reference,candidates(datasheet-pin-table+rm-remap-grid:en)
CH32V305,afio-tim2-remap,1,TIM2_CH1,PA15,#,reference,candidates(datasheet-pin-table+rm-remap-grid:en)
CH32V305,afio-tim2-remap,1,TIM2_CH2,PB3,#,reference,candidates(datasheet-pin-table+rm-remap-grid:en)
CH32V305,afio-tim2-remap,1,TIM2_CH3,PA2,#,reference,candidates(datasheet-pin-table+rm-remap-grid:en)
CH32V305,afio-tim2-remap,1,TIM2_CH4,PA3,#,reference,candidates(datasheet-pin-table+rm-remap-grid:en)
CH32V305,afio-tim2-remap,1,TIM2_ETR,PA15,#,reference,candidates(datasheet-pin-table+rm-remap-grid:en)
CH32V305,afio-tim2-remap,1,TIM9_CH1,PA2,#,reference,candidates(datasheet-pin-table+rm-remap-grid:en)
CH32V305,afio-tim2-remap,1,TIM9_CH2,PA3,#,reference,candidates(datasheet-pin-table+rm-remap-grid:en)
CH32V305,afio-tim2-remap,1,TIM9_ETR,PA2,#,reference,candidates(datasheet-pin-table+rm-remap-grid:en)
CH32V305,afio-tim2-remap,2,TIM2_CH1,PA0-WKUP,#,reference,candidates(datasheet-pin-table+rm-remap-grid:en)
CH32V305,afio-tim2-remap,2,TIM2_CH2,PA1,#,reference,candidates(datasheet-pin-table+rm-remap-grid:en)
CH32V305,afio-tim2-remap,2,TIM2_CH3,PB10,#,reference,candidates(datasheet-pin-table+rm-remap-grid:en)
CH32V305,afio-tim2-remap,2,TIM2_CH4,PB11,#,reference,candidates(datasheet-pin-table+rm-remap-grid:en)
CH32V305,afio-tim2-remap,2,TIM2_ETR,PA0-WKUP,#,reference,candidates(datasheet-pin-table+rm-remap-grid:en)
CH32V305,afio-tim2-remap,3,TIM2_CH1,PA15,#,reference,candidates(datasheet-pin-table+rm-remap-grid:en)
CH32V305,afio-tim2-remap,3,TIM2_CH2,PB3,#,reference,candidates(datasheet-pin-table+rm-remap-grid:en)
CH32V305,afio-tim2-remap,3,TIM2_CH3,PB10,#,reference,candidates(datasheet-pin-table+rm-remap-grid:en)
CH32V305,afio-tim2-remap,3,TIM2_CH4,PB11,#,reference,candidates(datasheet-pin-table+rm-remap-grid:en)
CH32V305,afio-tim2-remap,3,TIM2_ETR,PA15,#,reference,candidates(datasheet-pin-table+rm-remap-grid:en)
CH32V305,afio-tim3-remap,2,TIM3_CH1,PB4,#,reference,candidates(datasheet-pin-table+rm-remap-grid:en)
CH32V305,afio-tim3-remap,2,TIM3_CH2,PB5,#,reference,candidates(datasheet-pin-table+rm-remap-grid:en)
CH32V305,afio-tim3-remap,2,TIM3_CH3,PB0,#,reference,candidates(datasheet-pin-table+rm-remap-grid:en)
CH32V305,afio-tim3-remap,2,TIM3_CH4,PB1,#,reference,candidates(datasheet-pin-table+rm-remap-grid:en)
CH32V305,afio-tim3-remap,2,TIM3_ETR,PD2,#,reference,candidates(datasheet-pin-table+rm-remap-grid:en)
CH32V305,afio-tim3-remap,3,TIM3_CH1,PC6,#,reference,candidates(datasheet-pin-table+rm-remap-grid:en)
CH32V305,afio-tim3-remap,3,TIM3_CH2,PC7,#,reference,candidates(datasheet-pin-table+rm-remap-grid:en)
CH32V305,afio-tim3-remap,3,TIM3_CH3,PC8,#,reference,candidates(datasheet-pin-table+rm-remap-grid:en)
CH32V305,afio-tim3-remap,3,TIM3_ETR,PD2,#,reference,candidates(datasheet-pin-table+rm-remap-grid:en)
CH32V305,afio-usart1-remap,1,TIM8_CH2,PB7,#,reference,candidates(datasheet-pin-table+rm-remap-grid:en)
CH32V305,afio-usart1-remap,1,USART1_CK,PA8,#,reference,candidates(datasheet-pin-table+rm-remap-grid:en)
CH32V305,afio-usart1-remap,1,USART1_CTS,PA11,#,reference,candidates(datasheet-pin-table+rm-remap-grid:en)
CH32V305,afio-usart1-remap,1,USART1_RTS,PA12,#,reference,candidates(datasheet-pin-table+rm-remap-grid:en)
CH32V305,afio-usart1-remap,1,USART1_RX,PB7,#,reference,candidates(datasheet-pin-table+rm-remap-grid:en)
CH32V305,afio-usart1-remap,1,USART1_TX,PB6,#,reference,candidates(datasheet-pin-table+rm-remap-grid:en)
CH32V305,afio-usart1-remap,2,USART1_CK,PA10,#,reference,candidates(datasheet-pin-table+rm-remap-grid:en)
CH32V305,afio-usart1-remap,2,USART1_RTS,PA9,#,reference,candidates(datasheet-pin-table+rm-remap-grid:en)
CH32V305,afio-usart1-remap,2,USART1_RX,PA8,#,reference,candidates(datasheet-pin-table+rm-remap-grid:en)
CH32V305,afio-usart1-remap,2,USART1_TX,PB15,#,reference,candidates(datasheet-pin-table+rm-remap-grid:en)
CH32V305,afio-usart1-remap,3,USART1_CTS,PC4,#,reference,candidates(datasheet-pin-table+rm-remap-grid:en)
CH32V305,afio-usart1-remap,3,USART1_RTS,PC5,#,reference,candidates(datasheet-pin-table+rm-remap-grid:en)
CH32V305,afio-usart1-remap,3,USART1_RX,PA7,#,reference,candidates(datasheet-pin-table+rm-remap-grid:en)
CH32V305,afio-usart1-remap,3,USART1_TX,PA6,#,reference,candidates(datasheet-pin-table+rm-remap-grid:en)
CH32V305,afio-usart3-remap,1,USART3_CK,PC12,#,reference,candidates(datasheet-pin-table+rm-remap-grid:en)
CH32V305,afio-usart3-remap,1,USART3_CTS,PB13,#,reference,candidates(datasheet-pin-table+rm-remap-grid:en)
CH32V305,afio-usart3-remap,1,USART3_RTS,PB14,#,reference,candidates(datasheet-pin-table+rm-remap-grid:en)
CH32V305,afio-usart3-remap,1,USART3_RX,PC11,#,reference,candidates(datasheet-pin-table+rm-remap-grid:en)
CH32V305,afio-usart3-remap,1,USART3_TX,PC10,#,reference,candidates(datasheet-pin-table+rm-remap-grid:en)
CH32V305,afio-usart3-remap,2,USART3_RX,PA14,#,reference,candidates(datasheet-pin-table+rm-remap-grid:en)
CH32V305,afio-usart3-remap,2,USART3_TX,PA13,#,reference,candidates(datasheet-pin-table+rm-remap-grid:en)
CH32V307,afio-can-remap,2,CAN1_RX,PB8,#,reference,candidates(datasheet-pin-table+rm-remap-grid:en)
CH32V307,afio-can-remap,2,CAN1_TX,PB9,#,reference,candidates(datasheet-pin-table+rm-remap-grid:en)
CH32V307,afio-can-remap,3,CAN1_RX,PD0,#,reference,candidates(datasheet-pin-table+rm-remap-grid:en)
CH32V307,afio-can-remap,3,CAN1_TX,PD1,#,reference,candidates(datasheet-pin-table+rm-remap-grid:en)
CH32V307,afio-can-remap,3,TIM10_CH1,PD1,#,reference,candidates(datasheet-pin-table+rm-remap-grid:en)
CH32V307,afio-can-remap,3,TIM10_ETR,PD0,#,reference,candidates(datasheet-pin-table+rm-remap-grid:en)
CH32V307,afio-can2-remap,1,CAN2_RX,PB5,#,reference,candidates(datasheet-pin-table+rm-remap-grid:en)
CH32V307,afio-can2-remap,1,CAN2_TX,PB6,#,reference,candidates(datasheet-pin-table+rm-remap-grid:en)
CH32V307,afio-eth-remap,1,ETH_MII_RXD0,PD9,#,reference,candidates(datasheet-pin-table+rm-remap-grid:en)
CH32V307,afio-eth-remap,1,ETH_MII_RXD1,PD10,#,reference,candidates(datasheet-pin-table+rm-remap-grid:en)
CH32V307,afio-eth-remap,1,ETH_MII_RXD2,PD11,#,reference,candidates(datasheet-pin-table+rm-remap-grid:en)
CH32V307,afio-eth-remap,1,ETH_RMII_RXD1,PD10,#,reference,candidates(datasheet-pin-table+rm-remap-grid:en)
CH32V307,afio-i2c1-remap,1,I2C1_SCL,PB8,#,reference,candidates(datasheet-pin-table+rm-remap-grid:en)
CH32V307,afio-i2c1-remap,1,I2C1_SDA,PB9,#,reference,candidates(datasheet-pin-table+rm-remap-grid:en)
CH32V307,afio-spi1-remap,1,SPI1_MISO,PB4,#,reference,candidates(datasheet-pin-table+rm-remap-grid:en)
CH32V307,afio-spi1-remap,1,SPI1_MOSI,PB5,#,reference,candidates(datasheet-pin-table+rm-remap-grid:en)
CH32V307,afio-spi1-remap,1,SPI1_NSS,PA15,#,reference,candidates(datasheet-pin-table+rm-remap-grid:en)
CH32V307,afio-spi1-remap,1,SPI1_SCK,PB3,#,reference,candidates(datasheet-pin-table+rm-remap-grid:en)
CH32V307,afio-spi3-remap,1,I2S3_WS,PA4,#,reference,candidates(datasheet-pin-table+rm-remap-grid:en)
CH32V307,afio-spi3-remap,1,SPI3_MISO,PC11,#,reference,candidates(datasheet-pin-table+rm-remap-grid:en)
CH32V307,afio-spi3-remap,1,SPI3_MOSI,PC12,#,reference,candidates(datasheet-pin-table+rm-remap-grid:en)
CH32V307,afio-spi3-remap,1,SPI3_NSS,PA4,#,reference,candidates(datasheet-pin-table+rm-remap-grid:en)
CH32V307,afio-spi3-remap,1,SPI3_SCK,PC10,#,reference,candidates(datasheet-pin-table+rm-remap-grid:en)
CH32V307,afio-spi3-remap,1,TIM9_CH3,PA4,#,reference,candidates(datasheet-pin-table+rm-remap-grid:en)
CH32V307,afio-tim1-remap,1,TIM1_BKIN,PA6,#,reference,candidates(datasheet-pin-table+rm-remap-grid:en)
CH32V307,afio-tim1-remap,1,TIM1_CH1,PA8,#,reference,candidates(datasheet-pin-table+rm-remap-grid:en)
CH32V307,afio-tim1-remap,1,TIM1_CH1N,PA7,#,reference,candidates(datasheet-pin-table+rm-remap-grid:en)
CH32V307,afio-tim1-remap,1,TIM1_CH2,PA9,#,reference,candidates(datasheet-pin-table+rm-remap-grid:en)
CH32V307,afio-tim1-remap,1,TIM1_CH2N,PB0,#,reference,candidates(datasheet-pin-table+rm-remap-grid:en)
CH32V307,afio-tim1-remap,1,TIM1_CH3,PA10,#,reference,candidates(datasheet-pin-table+rm-remap-grid:en)
CH32V307,afio-tim1-remap,1,TIM1_CH3N,PB1,#,reference,candidates(datasheet-pin-table+rm-remap-grid:en)
CH32V307,afio-tim1-remap,1,TIM1_CH4,PA11,#,reference,candidates(datasheet-pin-table+rm-remap-grid:en)
CH32V307,afio-tim1-remap,1,TIM1_ETR,PA12,#,reference,candidates(datasheet-pin-table+rm-remap-grid:en)
CH32V307,afio-tim1-remap,1,UART5_RX,PB5,#,reference,candidates(datasheet-pin-table+rm-remap-grid:en)
CH32V307,afio-tim1-remap,1,UART5_TX,PB4,#,reference,candidates(datasheet-pin-table+rm-remap-grid:en)
CH32V307,afio-tim1-remap,1,UART6_TX,PB8,#,reference,candidates(datasheet-pin-table+rm-remap-grid:en)
CH32V307,afio-tim1-remap,1,UART7_RX,PA7,#,reference,candidates(datasheet-pin-table+rm-remap-grid:en)
CH32V307,afio-tim1-remap,1,UART7_TX,PA6,#,reference,candidates(datasheet-pin-table+rm-remap-grid:en)
CH32V307,afio-tim1-remap,1,UART8_RX,PA15,#,reference,candidates(datasheet-pin-table+rm-remap-grid:en)
CH32V307,afio-tim1-remap,1,UART8_TX,PA14,#,reference,candidates(datasheet-pin-table+rm-remap-grid:en)
CH32V307,afio-tim1-remap,2,UART5_RX,PE9,#,reference,candidates(datasheet-pin-table+rm-remap-grid:en)
CH32V307,afio-tim1-remap,2,UART5_TX,PE8,#,reference,candidates(datasheet-pin-table+rm-remap-grid:en)
CH32V307,afio-tim1-remap,2,UART6_TX,PE10,#,reference,candidates(datasheet-pin-table+rm-remap-grid:en)
CH32V307,afio-tim1-remap,2,UART7_RX,PE13,#,reference,candidates(datasheet-pin-table+rm-remap-grid:en)
CH32V307,afio-tim1-remap,2,UART7_TX,PE12,#,reference,candidates(datasheet-pin-table+rm-remap-grid:en)
CH32V307,afio-tim1-remap,2,UART8_RX,PE15,#,reference,candidates(datasheet-pin-table+rm-remap-grid:en)
CH32V307,afio-tim1-remap,2,UART8_TX,PE14,#,reference,candidates(datasheet-pin-table+rm-remap-grid:en)
CH32V307,afio-tim1-remap,3,TIM1_BKIN,PE15,#,reference,candidates(datasheet-pin-table+rm-remap-grid:en)
CH32V307,afio-tim1-remap,3,TIM1_CH1,PE9,#,reference,candidates(datasheet-pin-table+rm-remap-grid:en)
CH32V307,afio-tim1-remap,3,TIM1_CH1N,PE8,#,reference,candidates(datasheet-pin-table+rm-remap-grid:en)
CH32V307,afio-tim1-remap,3,TIM1_CH2,PE11,#,reference,candidates(datasheet-pin-table+rm-remap-grid:en)
CH32V307,afio-tim1-remap,3,TIM1_CH2N,PE10,#,reference,candidates(datasheet-pin-table+rm-remap-grid:en)
CH32V307,afio-tim1-remap,3,TIM1_CH3,PE13,#,reference,candidates(datasheet-pin-table+rm-remap-grid:en)
CH32V307,afio-tim1-remap,3,TIM1_CH3N,PE12,#,reference,candidates(datasheet-pin-table+rm-remap-grid:en)
CH32V307,afio-tim1-remap,3,TIM1_CH4,PE14,#,reference,candidates(datasheet-pin-table+rm-remap-grid:en)
CH32V307,afio-tim1-remap,3,TIM1_ETR,PE7,#,reference,candidates(datasheet-pin-table+rm-remap-grid:en)
CH32V307,afio-tim1-remap,3,UART5_RX,PE9,#,reference,candidates(datasheet-pin-table+rm-remap-grid:en)
CH32V307,afio-tim1-remap,3,UART5_TX,PE8,#,reference,candidates(datasheet-pin-table+rm-remap-grid:en)
CH32V307,afio-tim1-remap,3,UART6_TX,PE10,#,reference,candidates(datasheet-pin-table+rm-remap-grid:en)
CH32V307,afio-tim1-remap,3,UART7_RX,PE13,#,reference,candidates(datasheet-pin-table+rm-remap-grid:en)
CH32V307,afio-tim1-remap,3,UART7_TX,PE12,#,reference,candidates(datasheet-pin-table+rm-remap-grid:en)
CH32V307,afio-tim1-remap,3,UART8_RX,PE15,#,reference,candidates(datasheet-pin-table+rm-remap-grid:en)
CH32V307,afio-tim1-remap,3,UART8_TX,PE14,#,reference,candidates(datasheet-pin-table+rm-remap-grid:en)
CH32V307,afio-tim2-remap,1,TIM2_CH1,PA15,#,reference,candidates(datasheet-pin-table+rm-remap-grid:en)
CH32V307,afio-tim2-remap,1,TIM2_CH2,PB3,#,reference,candidates(datasheet-pin-table+rm-remap-grid:en)
CH32V307,afio-tim2-remap,1,TIM2_CH3,PA2,#,reference,candidates(datasheet-pin-table+rm-remap-grid:en)
CH32V307,afio-tim2-remap,1,TIM2_CH4,PA3,#,reference,candidates(datasheet-pin-table+rm-remap-grid:en)
CH32V307,afio-tim2-remap,1,TIM2_ETR,PA15,#,reference,candidates(datasheet-pin-table+rm-remap-grid:en)
CH32V307,afio-tim2-remap,1,TIM9_CH1,PA2,#,reference,candidates(datasheet-pin-table+rm-remap-grid:en)
CH32V307,afio-tim2-remap,1,TIM9_CH2,PA3,#,reference,candidates(datasheet-pin-table+rm-remap-grid:en)
CH32V307,afio-tim2-remap,1,TIM9_ETR,PA2,#,reference,candidates(datasheet-pin-table+rm-remap-grid:en)
CH32V307,afio-tim2-remap,2,TIM2_CH1,PA0-WKUP,#,reference,candidates(datasheet-pin-table+rm-remap-grid:en)
CH32V307,afio-tim2-remap,2,TIM2_CH2,PA1,#,reference,candidates(datasheet-pin-table+rm-remap-grid:en)
CH32V307,afio-tim2-remap,2,TIM2_CH3,PB10,#,reference,candidates(datasheet-pin-table+rm-remap-grid:en)
CH32V307,afio-tim2-remap,2,TIM2_CH4,PB11,#,reference,candidates(datasheet-pin-table+rm-remap-grid:en)
CH32V307,afio-tim2-remap,2,TIM2_ETR,PA0-WKUP,#,reference,candidates(datasheet-pin-table+rm-remap-grid:en)
CH32V307,afio-tim2-remap,3,TIM2_CH1,PA15,#,reference,candidates(datasheet-pin-table+rm-remap-grid:en)
CH32V307,afio-tim2-remap,3,TIM2_CH2,PB3,#,reference,candidates(datasheet-pin-table+rm-remap-grid:en)
CH32V307,afio-tim2-remap,3,TIM2_CH3,PB10,#,reference,candidates(datasheet-pin-table+rm-remap-grid:en)
CH32V307,afio-tim2-remap,3,TIM2_CH4,PB11,#,reference,candidates(datasheet-pin-table+rm-remap-grid:en)
CH32V307,afio-tim2-remap,3,TIM2_ETR,PA15,#,reference,candidates(datasheet-pin-table+rm-remap-grid:en)
CH32V307,afio-tim3-remap,2,TIM3_CH1,PB4,#,reference,candidates(datasheet-pin-table+rm-remap-grid:en)
CH32V307,afio-tim3-remap,2,TIM3_CH2,PB5,#,reference,candidates(datasheet-pin-table+rm-remap-grid:en)
CH32V307,afio-tim3-remap,2,TIM3_CH3,PB0,#,reference,candidates(datasheet-pin-table+rm-remap-grid:en)
CH32V307,afio-tim3-remap,2,TIM3_CH4,PB1,#,reference,candidates(datasheet-pin-table+rm-remap-grid:en)
CH32V307,afio-tim3-remap,2,TIM3_ETR,PD2,#,reference,candidates(datasheet-pin-table+rm-remap-grid:en)
CH32V307,afio-tim3-remap,3,TIM3_CH1,PC6,#,reference,candidates(datasheet-pin-table+rm-remap-grid:en)
CH32V307,afio-tim3-remap,3,TIM3_CH2,PC7,#,reference,candidates(datasheet-pin-table+rm-remap-grid:en)
CH32V307,afio-tim3-remap,3,TIM3_CH3,PC8,#,reference,candidates(datasheet-pin-table+rm-remap-grid:en)
CH32V307,afio-tim3-remap,3,TIM3_ETR,PD2,#,reference,candidates(datasheet-pin-table+rm-remap-grid:en)
CH32V307,afio-tim4-remap,1,TIM4_CH1,PD12,#,reference,candidates(datasheet-pin-table+rm-remap-grid:en)
CH32V307,afio-tim4-remap,1,TIM4_CH2,PD13,#,reference,candidates(datasheet-pin-table+rm-remap-grid:en)
CH32V307,afio-tim4-remap,1,TIM4_CH3,PD14,#,reference,candidates(datasheet-pin-table+rm-remap-grid:en)
CH32V307,afio-tim4-remap,1,TIM4_CH4,PD15,#,reference,candidates(datasheet-pin-table+rm-remap-grid:en)
CH32V307,afio-tim4-remap,1,TIM4_ETR,PE0,#,reference,candidates(datasheet-pin-table+rm-remap-grid:en)
CH32V307,afio-usart1-remap,1,TIM8_CH2,PB7,#,reference,candidates(datasheet-pin-table+rm-remap-grid:en)
CH32V307,afio-usart1-remap,1,USART1_CK,PA8,#,reference,candidates(datasheet-pin-table+rm-remap-grid:en)
CH32V307,afio-usart1-remap,1,USART1_CTS,PA11,#,reference,candidates(datasheet-pin-table+rm-remap-grid:en)
CH32V307,afio-usart1-remap,1,USART1_RTS,PA12,#,reference,candidates(datasheet-pin-table+rm-remap-grid:en)
CH32V307,afio-usart1-remap,1,USART1_RX,PB7,#,reference,candidates(datasheet-pin-table+rm-remap-grid:en)
CH32V307,afio-usart1-remap,1,USART1_TX,PB6,#,reference,candidates(datasheet-pin-table+rm-remap-grid:en)
CH32V307,afio-usart1-remap,2,USART1_CK,PA10,#,reference,candidates(datasheet-pin-table+rm-remap-grid:en)
CH32V307,afio-usart1-remap,2,USART1_RTS,PA9,#,reference,candidates(datasheet-pin-table+rm-remap-grid:en)
CH32V307,afio-usart1-remap,2,USART1_RX,PA8,#,reference,candidates(datasheet-pin-table+rm-remap-grid:en)
CH32V307,afio-usart1-remap,2,USART1_TX,PB15,#,reference,candidates(datasheet-pin-table+rm-remap-grid:en)
CH32V307,afio-usart1-remap,3,USART1_CTS,PC4,#,reference,candidates(datasheet-pin-table+rm-remap-grid:en)
CH32V307,afio-usart1-remap,3,USART1_RTS,PC5,#,reference,candidates(datasheet-pin-table+rm-remap-grid:en)
CH32V307,afio-usart1-remap,3,USART1_RX,PA7,#,reference,candidates(datasheet-pin-table+rm-remap-grid:en)
CH32V307,afio-usart1-remap,3,USART1_TX,PA6,#,reference,candidates(datasheet-pin-table+rm-remap-grid:en)
CH32V307,afio-usart2-remap,1,USART2_CK,PD7,#,reference,candidates(datasheet-pin-table+rm-remap-grid:en)
CH32V307,afio-usart2-remap,1,USART2_CTS,PD3,#,reference,candidates(datasheet-pin-table+rm-remap-grid:en)
CH32V307,afio-usart2-remap,1,USART2_RTS,PD4,#,reference,candidates(datasheet-pin-table+rm-remap-grid:en)
CH32V307,afio-usart2-remap,1,USART2_RX,PD6,#,reference,candidates(datasheet-pin-table+rm-remap-grid:en)
CH32V307,afio-usart2-remap,1,USART2_TX,PD5,#,reference,candidates(datasheet-pin-table+rm-remap-grid:en)
CH32V307,afio-usart3-remap,1,USART3_CK,PC12,#,reference,candidates(datasheet-pin-table+rm-remap-grid:en)
CH32V307,afio-usart3-remap,1,USART3_CTS,PB13,#,reference,candidates(datasheet-pin-table+rm-remap-grid:en)
CH32V307,afio-usart3-remap,1,USART3_RTS,PB14,#,reference,candidates(datasheet-pin-table+rm-remap-grid:en)
CH32V307,afio-usart3-remap,1,USART3_RX,PC11,#,reference,candidates(datasheet-pin-table+rm-remap-grid:en)
CH32V307,afio-usart3-remap,1,USART3_TX,PC10,#,reference,candidates(datasheet-pin-table+rm-remap-grid:en)
CH32V307,afio-usart3-remap,2,TIM9_CH2,PD11,#,reference,candidates(datasheet-pin-table+rm-remap-grid:en)
CH32V307,afio-usart3-remap,2,TIM9_CH2N,PD10,#,reference,candidates(datasheet-pin-table+rm-remap-grid:en)
CH32V307,afio-usart3-remap,2,TIM9_CH3N,PD12,#,reference,candidates(datasheet-pin-table+rm-remap-grid:en)
CH32V307,afio-usart3-remap,2,USART3_CK,PD10,#,reference,candidates(datasheet-pin-table+rm-remap-grid:en)
CH32V307,afio-usart3-remap,2,USART3_CTS,PD11,#,reference,candidates(datasheet-pin-table+rm-remap-grid:en)
CH32V307,afio-usart3-remap,2,USART3_RTS,PD12,#,reference,candidates(datasheet-pin-table+rm-remap-grid:en)
CH32V307,afio-usart3-remap,2,USART3_RX,PA14,#,reference,candidates(datasheet-pin-table+rm-remap-grid:en)
CH32V307,afio-usart3-remap,2,USART3_TX,PA13,#,reference,candidates(datasheet-pin-table+rm-remap-grid:en)
CH32V307,afio-usart3-remap,3,TIM9_CH1,PD9,#,reference,candidates(datasheet-pin-table+rm-remap-grid:en)
CH32V307,afio-usart3-remap,3,TIM9_CH1N,PD8,#,reference,candidates(datasheet-pin-table+rm-remap-grid:en)
CH32V307,afio-usart3-remap,3,TIM9_CH2,PD11,#,reference,candidates(datasheet-pin-table+rm-remap-grid:en)
CH32V307,afio-usart3-remap,3,TIM9_CH2N,PD10,#,reference,candidates(datasheet-pin-table+rm-remap-grid:en)
CH32V307,afio-usart3-remap,3,TIM9_CH3N,PD12,#,reference,candidates(datasheet-pin-table+rm-remap-grid:en)
CH32V307,afio-usart3-remap,3,TIM9_ETR,PD9,#,reference,candidates(datasheet-pin-table+rm-remap-grid:en)
CH32V307,afio-usart3-remap,3,USART3_CK,PD10,#,reference,candidates(datasheet-pin-table+rm-remap-grid:en)
CH32V307,afio-usart3-remap,3,USART3_CTS,PD11,#,reference,candidates(datasheet-pin-table+rm-remap-grid:en)
CH32V307,afio-usart3-remap,3,USART3_RTS,PD12,#,reference,candidates(datasheet-pin-table+rm-remap-grid:en)
CH32V307,afio-usart3-remap,3,USART3_RX,PD9,#,reference,candidates(datasheet-pin-table+rm-remap-grid:en)
CH32V307,afio-usart3-remap,3,USART3_TX,PD8,#,reference,candidates(datasheet-pin-table+rm-remap-grid:en)
CH32V317,afio-can-remap,2,CAN1_RX,PB8,#,reference,candidates(datasheet-pin-table+rm-remap-grid:en)
CH32V317,afio-can-remap,2,CAN1_TX,PB9,#,reference,candidates(datasheet-pin-table+rm-remap-grid:en)
CH32V317,afio-can-remap,3,CAN1_RX,PD0,#,reference,candidates(datasheet-pin-table+rm-remap-grid:en)
CH32V317,afio-can-remap,3,CAN1_TX,PD1,#,reference,candidates(datasheet-pin-table+rm-remap-grid:en)
CH32V317,afio-can-remap,3,TIM10_CH1,PD1,#,reference,candidates(datasheet-pin-table+rm-remap-grid:en)
CH32V317,afio-can-remap,3,TIM10_ETR,PD0,#,reference,candidates(datasheet-pin-table+rm-remap-grid:en)
CH32V317,afio-can2-remap,1,CAN2_RX,PB5,#,reference,candidates(datasheet-pin-table+rm-remap-grid:en)
CH32V317,afio-can2-remap,1,CAN2_TX,PB6,#,reference,candidates(datasheet-pin-table+rm-remap-grid:en)
CH32V317,afio-eth-remap,1,ETH_MII_RXD0,PD9,#,reference,candidates(datasheet-pin-table+rm-remap-grid:en)
CH32V317,afio-eth-remap,1,ETH_MII_RXD1,PD10,#,reference,candidates(datasheet-pin-table+rm-remap-grid:en)
CH32V317,afio-eth-remap,1,ETH_MII_RXD2,PD11,#,reference,candidates(datasheet-pin-table+rm-remap-grid:en)
CH32V317,afio-eth-remap,1,ETH_RMII_RXD1,PD10,#,reference,candidates(datasheet-pin-table+rm-remap-grid:en)
CH32V317,afio-i2c1-remap,1,I2C1_SCL,PB8,#,reference,candidates(datasheet-pin-table+rm-remap-grid:en)
CH32V317,afio-i2c1-remap,1,I2C1_SDA,PB9,#,reference,candidates(datasheet-pin-table+rm-remap-grid:en)
CH32V317,afio-spi1-remap,1,SPI1_MISO,PB4,#,reference,candidates(datasheet-pin-table+rm-remap-grid:en)
CH32V317,afio-spi1-remap,1,SPI1_MOSI,PB5,#,reference,candidates(datasheet-pin-table+rm-remap-grid:en)
CH32V317,afio-spi1-remap,1,SPI1_NSS,PA15,#,reference,candidates(datasheet-pin-table+rm-remap-grid:en)
CH32V317,afio-spi1-remap,1,SPI1_SCK,PB3,#,reference,candidates(datasheet-pin-table+rm-remap-grid:en)
CH32V317,afio-spi3-remap,1,I2S3_WS,PA4,#,reference,candidates(datasheet-pin-table+rm-remap-grid:en)
CH32V317,afio-spi3-remap,1,SPI3_MISO,PC11,#,reference,candidates(datasheet-pin-table+rm-remap-grid:en)
CH32V317,afio-spi3-remap,1,SPI3_MOSI,PC12,#,reference,candidates(datasheet-pin-table+rm-remap-grid:en)
CH32V317,afio-spi3-remap,1,SPI3_NSS,PA4,#,reference,candidates(datasheet-pin-table+rm-remap-grid:en)
CH32V317,afio-spi3-remap,1,SPI3_SCK,PC10,#,reference,candidates(datasheet-pin-table+rm-remap-grid:en)
CH32V317,afio-spi3-remap,1,TIM9_CH3,PA4,#,reference,candidates(datasheet-pin-table+rm-remap-grid:en)
CH32V317,afio-tim1-remap,1,TIM1_BKIN,PA6,#,reference,candidates(datasheet-pin-table+rm-remap-grid:en)
CH32V317,afio-tim1-remap,1,TIM1_CH1,PA8,#,reference,candidates(datasheet-pin-table+rm-remap-grid:en)
CH32V317,afio-tim1-remap,1,TIM1_CH1N,PA7,#,reference,candidates(datasheet-pin-table+rm-remap-grid:en)
CH32V317,afio-tim1-remap,1,TIM1_CH2,PA9,#,reference,candidates(datasheet-pin-table+rm-remap-grid:en)
CH32V317,afio-tim1-remap,1,TIM1_CH2N,PB0,#,reference,candidates(datasheet-pin-table+rm-remap-grid:en)
CH32V317,afio-tim1-remap,1,TIM1_CH3,PA10,#,reference,candidates(datasheet-pin-table+rm-remap-grid:en)
CH32V317,afio-tim1-remap,1,TIM1_CH3N,PB1,#,reference,candidates(datasheet-pin-table+rm-remap-grid:en)
CH32V317,afio-tim1-remap,1,TIM1_CH4,PA11,#,reference,candidates(datasheet-pin-table+rm-remap-grid:en)
CH32V317,afio-tim1-remap,1,TIM1_ETR,PA12,#,reference,candidates(datasheet-pin-table+rm-remap-grid:en)
CH32V317,afio-tim1-remap,1,UART5_RX,PB5,#,reference,candidates(datasheet-pin-table+rm-remap-grid:en)
CH32V317,afio-tim1-remap,1,UART5_TX,PB4,#,reference,candidates(datasheet-pin-table+rm-remap-grid:en)
CH32V317,afio-tim1-remap,1,UART6_TX,PB8,#,reference,candidates(datasheet-pin-table+rm-remap-grid:en)
CH32V317,afio-tim1-remap,1,UART7_RX,PA7,#,reference,candidates(datasheet-pin-table+rm-remap-grid:en)
CH32V317,afio-tim1-remap,1,UART7_TX,PA6,#,reference,candidates(datasheet-pin-table+rm-remap-grid:en)
CH32V317,afio-tim1-remap,1,UART8_RX,PA15,#,reference,candidates(datasheet-pin-table+rm-remap-grid:en)
CH32V317,afio-tim1-remap,1,UART8_TX,PA14,#,reference,candidates(datasheet-pin-table+rm-remap-grid:en)
CH32V317,afio-tim1-remap,2,UART5_RX,PE9,#,reference,candidates(datasheet-pin-table+rm-remap-grid:en)
CH32V317,afio-tim1-remap,2,UART5_TX,PE8,#,reference,candidates(datasheet-pin-table+rm-remap-grid:en)
CH32V317,afio-tim1-remap,2,UART6_TX,PE10,#,reference,candidates(datasheet-pin-table+rm-remap-grid:en)
CH32V317,afio-tim1-remap,2,UART7_RX,PE13,#,reference,candidates(datasheet-pin-table+rm-remap-grid:en)
CH32V317,afio-tim1-remap,2,UART7_TX,PE12,#,reference,candidates(datasheet-pin-table+rm-remap-grid:en)
CH32V317,afio-tim1-remap,2,UART8_RX,PE15,#,reference,candidates(datasheet-pin-table+rm-remap-grid:en)
CH32V317,afio-tim1-remap,2,UART8_TX,PE14,#,reference,candidates(datasheet-pin-table+rm-remap-grid:en)
CH32V317,afio-tim1-remap,3,TIM1_BKIN,PE15,#,reference,candidates(datasheet-pin-table+rm-remap-grid:en)
CH32V317,afio-tim1-remap,3,TIM1_CH1,PE9,#,reference,candidates(datasheet-pin-table+rm-remap-grid:en)
CH32V317,afio-tim1-remap,3,TIM1_CH1N,PE8,#,reference,candidates(datasheet-pin-table+rm-remap-grid:en)
CH32V317,afio-tim1-remap,3,TIM1_CH2,PE11,#,reference,candidates(datasheet-pin-table+rm-remap-grid:en)
CH32V317,afio-tim1-remap,3,TIM1_CH2N,PE10,#,reference,candidates(datasheet-pin-table+rm-remap-grid:en)
CH32V317,afio-tim1-remap,3,TIM1_CH3,PE13,#,reference,candidates(datasheet-pin-table+rm-remap-grid:en)
CH32V317,afio-tim1-remap,3,TIM1_CH3N,PE12,#,reference,candidates(datasheet-pin-table+rm-remap-grid:en)
CH32V317,afio-tim1-remap,3,TIM1_CH4,PE14,#,reference,candidates(datasheet-pin-table+rm-remap-grid:en)
CH32V317,afio-tim1-remap,3,TIM1_ETR,PE7,#,reference,candidates(datasheet-pin-table+rm-remap-grid:en)
CH32V317,afio-tim1-remap,3,UART5_RX,PE9,#,reference,candidates(datasheet-pin-table+rm-remap-grid:en)
CH32V317,afio-tim1-remap,3,UART5_TX,PE8,#,reference,candidates(datasheet-pin-table+rm-remap-grid:en)
CH32V317,afio-tim1-remap,3,UART6_TX,PE10,#,reference,candidates(datasheet-pin-table+rm-remap-grid:en)
CH32V317,afio-tim1-remap,3,UART7_RX,PE13,#,reference,candidates(datasheet-pin-table+rm-remap-grid:en)
CH32V317,afio-tim1-remap,3,UART7_TX,PE12,#,reference,candidates(datasheet-pin-table+rm-remap-grid:en)
CH32V317,afio-tim1-remap,3,UART8_RX,PE15,#,reference,candidates(datasheet-pin-table+rm-remap-grid:en)
CH32V317,afio-tim1-remap,3,UART8_TX,PE14,#,reference,candidates(datasheet-pin-table+rm-remap-grid:en)
CH32V317,afio-tim2-remap,1,TIM2_CH1,PA15,#,reference,candidates(datasheet-pin-table+rm-remap-grid:en)
CH32V317,afio-tim2-remap,1,TIM2_CH2,PB3,#,reference,candidates(datasheet-pin-table+rm-remap-grid:en)
CH32V317,afio-tim2-remap,1,TIM2_CH3,PA2,#,reference,candidates(datasheet-pin-table+rm-remap-grid:en)
CH32V317,afio-tim2-remap,1,TIM2_CH4,PA3,#,reference,candidates(datasheet-pin-table+rm-remap-grid:en)
CH32V317,afio-tim2-remap,1,TIM2_ETR,PA15,#,reference,candidates(datasheet-pin-table+rm-remap-grid:en)
CH32V317,afio-tim2-remap,1,TIM9_CH1,PA2,#,reference,candidates(datasheet-pin-table+rm-remap-grid:en)
CH32V317,afio-tim2-remap,1,TIM9_CH2,PA3,#,reference,candidates(datasheet-pin-table+rm-remap-grid:en)
CH32V317,afio-tim2-remap,1,TIM9_ETR,PA2,#,reference,candidates(datasheet-pin-table+rm-remap-grid:en)
CH32V317,afio-tim2-remap,2,TIM2_CH1,PA0-WKUP,#,reference,candidates(datasheet-pin-table+rm-remap-grid:en)
CH32V317,afio-tim2-remap,2,TIM2_CH2,PA1,#,reference,candidates(datasheet-pin-table+rm-remap-grid:en)
CH32V317,afio-tim2-remap,2,TIM2_CH3,PB10,#,reference,candidates(datasheet-pin-table+rm-remap-grid:en)
CH32V317,afio-tim2-remap,2,TIM2_CH4,PB11,#,reference,candidates(datasheet-pin-table+rm-remap-grid:en)
CH32V317,afio-tim2-remap,2,TIM2_ETR,PA0-WKUP,#,reference,candidates(datasheet-pin-table+rm-remap-grid:en)
CH32V317,afio-tim2-remap,3,TIM2_CH1,PA15,#,reference,candidates(datasheet-pin-table+rm-remap-grid:en)
CH32V317,afio-tim2-remap,3,TIM2_CH2,PB3,#,reference,candidates(datasheet-pin-table+rm-remap-grid:en)
CH32V317,afio-tim2-remap,3,TIM2_CH3,PB10,#,reference,candidates(datasheet-pin-table+rm-remap-grid:en)
CH32V317,afio-tim2-remap,3,TIM2_CH4,PB11,#,reference,candidates(datasheet-pin-table+rm-remap-grid:en)
CH32V317,afio-tim2-remap,3,TIM2_ETR,PA15,#,reference,candidates(datasheet-pin-table+rm-remap-grid:en)
CH32V317,afio-tim3-remap,2,TIM3_CH1,PB4,#,reference,candidates(datasheet-pin-table+rm-remap-grid:en)
CH32V317,afio-tim3-remap,2,TIM3_CH2,PB5,#,reference,candidates(datasheet-pin-table+rm-remap-grid:en)
CH32V317,afio-tim3-remap,2,TIM3_CH3,PB0,#,reference,candidates(datasheet-pin-table+rm-remap-grid:en)
CH32V317,afio-tim3-remap,2,TIM3_CH4,PB1,#,reference,candidates(datasheet-pin-table+rm-remap-grid:en)
CH32V317,afio-tim3-remap,2,TIM3_ETR,PD2,#,reference,candidates(datasheet-pin-table+rm-remap-grid:en)
CH32V317,afio-tim3-remap,3,TIM3_CH1,PC6,#,reference,candidates(datasheet-pin-table+rm-remap-grid:en)
CH32V317,afio-tim3-remap,3,TIM3_CH2,PC7,#,reference,candidates(datasheet-pin-table+rm-remap-grid:en)
CH32V317,afio-tim3-remap,3,TIM3_CH3,PC8,#,reference,candidates(datasheet-pin-table+rm-remap-grid:en)
CH32V317,afio-tim3-remap,3,TIM3_ETR,PD2,#,reference,candidates(datasheet-pin-table+rm-remap-grid:en)
CH32V317,afio-tim4-remap,1,TIM4_CH1,PD12,#,reference,candidates(datasheet-pin-table+rm-remap-grid:en)
CH32V317,afio-tim4-remap,1,TIM4_CH2,PD13,#,reference,candidates(datasheet-pin-table+rm-remap-grid:en)
CH32V317,afio-tim4-remap,1,TIM4_CH3,PD14,#,reference,candidates(datasheet-pin-table+rm-remap-grid:en)
CH32V317,afio-tim4-remap,1,TIM4_CH4,PD15,#,reference,candidates(datasheet-pin-table+rm-remap-grid:en)
CH32V317,afio-tim4-remap,1,TIM4_ETR,PE0,#,reference,candidates(datasheet-pin-table+rm-remap-grid:en)
CH32V317,afio-usart1-remap,1,TIM8_CH2,PB7,#,reference,candidates(datasheet-pin-table+rm-remap-grid:en)
CH32V317,afio-usart1-remap,1,USART1_CK,PA8,#,reference,candidates(datasheet-pin-table+rm-remap-grid:en)
CH32V317,afio-usart1-remap,1,USART1_CTS,PA11,#,reference,candidates(datasheet-pin-table+rm-remap-grid:en)
CH32V317,afio-usart1-remap,1,USART1_RTS,PA12,#,reference,candidates(datasheet-pin-table+rm-remap-grid:en)
CH32V317,afio-usart1-remap,1,USART1_RX,PB7,#,reference,candidates(datasheet-pin-table+rm-remap-grid:en)
CH32V317,afio-usart1-remap,1,USART1_TX,PB6,#,reference,candidates(datasheet-pin-table+rm-remap-grid:en)
CH32V317,afio-usart1-remap,2,USART1_CK,PA10,#,reference,candidates(datasheet-pin-table+rm-remap-grid:en)
CH32V317,afio-usart1-remap,2,USART1_RTS,PA9,#,reference,candidates(datasheet-pin-table+rm-remap-grid:en)
CH32V317,afio-usart1-remap,2,USART1_RX,PA8,#,reference,candidates(datasheet-pin-table+rm-remap-grid:en)
CH32V317,afio-usart1-remap,2,USART1_TX,PB15,#,reference,candidates(datasheet-pin-table+rm-remap-grid:en)
CH32V317,afio-usart1-remap,3,USART1_CTS,PC4,#,reference,candidates(datasheet-pin-table+rm-remap-grid:en)
CH32V317,afio-usart1-remap,3,USART1_RTS,PC5,#,reference,candidates(datasheet-pin-table+rm-remap-grid:en)
CH32V317,afio-usart1-remap,3,USART1_RX,PA7,#,reference,candidates(datasheet-pin-table+rm-remap-grid:en)
CH32V317,afio-usart1-remap,3,USART1_TX,PA6,#,reference,candidates(datasheet-pin-table+rm-remap-grid:en)
CH32V317,afio-usart2-remap,1,USART2_CK,PD7,#,reference,candidates(datasheet-pin-table+rm-remap-grid:en)
CH32V317,afio-usart2-remap,1,USART2_CTS,PD3,#,reference,candidates(datasheet-pin-table+rm-remap-grid:en)
CH32V317,afio-usart2-remap,1,USART2_RTS,PD4,#,reference,candidates(datasheet-pin-table+rm-remap-grid:en)
CH32V317,afio-usart2-remap,1,USART2_RX,PD6,#,reference,candidates(datasheet-pin-table+rm-remap-grid:en)
CH32V317,afio-usart2-remap,1,USART2_TX,PD5,#,reference,candidates(datasheet-pin-table+rm-remap-grid:en)
CH32V317,afio-usart3-remap,1,USART3_CK,PC12,#,reference,candidates(datasheet-pin-table+rm-remap-grid:en)
CH32V317,afio-usart3-remap,1,USART3_CTS,PB13,#,reference,candidates(datasheet-pin-table+rm-remap-grid:en)
CH32V317,afio-usart3-remap,1,USART3_RTS,PB14,#,reference,candidates(datasheet-pin-table+rm-remap-grid:en)
CH32V317,afio-usart3-remap,1,USART3_RX,PC11,#,reference,candidates(datasheet-pin-table+rm-remap-grid:en)
CH32V317,afio-usart3-remap,1,USART3_TX,PC10,#,reference,candidates(datasheet-pin-table+rm-remap-grid:en)
CH32V317,afio-usart3-remap,2,TIM9_CH2,PD11,#,reference,candidates(datasheet-pin-table+rm-remap-grid:en)
CH32V317,afio-usart3-remap,2,TIM9_CH2N,PD10,#,reference,candidates(datasheet-pin-table+rm-remap-grid:en)
CH32V317,afio-usart3-remap,2,TIM9_CH3N,PD12,#,reference,candidates(datasheet-pin-table+rm-remap-grid:en)
CH32V317,afio-usart3-remap,2,USART3_CK,PD10,#,reference,candidates(datasheet-pin-table+rm-remap-grid:en)
CH32V317,afio-usart3-remap,2,USART3_CTS,PD11,#,reference,candidates(datasheet-pin-table+rm-remap-grid:en)
CH32V317,afio-usart3-remap,2,USART3_RTS,PD12,#,reference,candidates(datasheet-pin-table+rm-remap-grid:en)
CH32V317,afio-usart3-remap,2,USART3_RX,PA14,#,reference,candidates(datasheet-pin-table+rm-remap-grid:en)
CH32V317,afio-usart3-remap,2,USART3_TX,PA13,#,reference,candidates(datasheet-pin-table+rm-remap-grid:en)
CH32V317,afio-usart3-remap,3,TIM9_CH1,PD9,#,reference,candidates(datasheet-pin-table+rm-remap-grid:en)
CH32V317,afio-usart3-remap,3,TIM9_CH1N,PD8,#,reference,candidates(datasheet-pin-table+rm-remap-grid:en)
CH32V317,afio-usart3-remap,3,TIM9_CH2,PD11,#,reference,candidates(datasheet-pin-table+rm-remap-grid:en)
CH32V317,afio-usart3-remap,3,TIM9_CH2N,PD10,#,reference,candidates(datasheet-pin-table+rm-remap-grid:en)
CH32V317,afio-usart3-remap,3,TIM9_CH3N,PD12,#,reference,candidates(datasheet-pin-table+rm-remap-grid:en)
CH32V317,afio-usart3-remap,3,TIM9_ETR,PD9,#,reference,candidates(datasheet-pin-table+rm-remap-grid:en)
CH32V317,afio-usart3-remap,3,USART3_CK,PD10,#,reference,candidates(datasheet-pin-table+rm-remap-grid:en)
CH32V317,afio-usart3-remap,3,USART3_CTS,PD11,#,reference,candidates(datasheet-pin-table+rm-remap-grid:en)
CH32V317,afio-usart3-remap,3,USART3_RTS,PD12,#,reference,candidates(datasheet-pin-table+rm-remap-grid:en)
CH32V317,afio-usart3-remap,3,USART3_RX,PD9,#,reference,candidates(datasheet-pin-table+rm-remap-grid:en)
CH32V317,afio-usart3-remap,3,USART3_TX,PD8,#,reference,candidates(datasheet-pin-table+rm-remap-grid:en)
CH32X033,afio-i2c1-remap,2,RX4,PC17,#,reference,candidates(datasheet-pin-table+rm-remap-grid:en)
CH32X033,afio-i2c1-remap,2,SCL,PC16,#,reference,candidates(datasheet-pin-table+rm-remap-grid:en)
CH32X033,afio-i2c1-remap,2,SDA,PC17,#,reference,candidates(datasheet-pin-table+rm-remap-grid:en)
CH32X033,afio-i2c1-remap,2,TX4,PC16,#,reference,candidates(datasheet-pin-table+rm-remap-grid:en)
CH32X033,afio-i2c1-remap,3,SCL,PC19,#,reference,candidates(datasheet-pin-table+rm-remap-grid:en)
CH32X033,afio-i2c1-remap,3,SDA,PC18,#,reference,candidates(datasheet-pin-table+rm-remap-grid:en)
CH32X033,afio-i2c1-remap,3,T1ET,PC18,#,reference,candidates(datasheet-pin-table+rm-remap-grid:en)
CH32X033,afio-i2c1-remap,4,SCL,PC17,#,reference,candidates(datasheet-pin-table+rm-remap-grid:en)
CH32X033,afio-i2c1-remap,4,SDA,PC16,#,reference,candidates(datasheet-pin-table+rm-remap-grid:en)
CH32X033,afio-i2c1-remap,5,SCL,PC18,#,reference,candidates(datasheet-pin-table+rm-remap-grid:en)
CH32X033,afio-i2c1-remap,5,SDA,PC19,#,reference,candidates(datasheet-pin-table+rm-remap-grid:en)
CH32X033,afio-pioc-remap,1,RX3,PC19,#,reference,candidates(datasheet-pin-table+rm-remap-grid:en)
CH32X033,afio-tim2-remap,1,T2C3,PA2,#,reference,candidates(datasheet-pin-table+rm-remap-grid:en)
CH32X033,afio-tim2-remap,1,T2C4,PA3,#,reference,candidates(datasheet-pin-table+rm-remap-grid:en)
CH32X033,afio-tim2-remap,2,T2C1,PA0,#,reference,candidates(datasheet-pin-table+rm-remap-grid:en)
CH32X033,afio-tim2-remap,2,T2C2,PA1,#,reference,candidates(datasheet-pin-table+rm-remap-grid:en)
CH32X033,afio-tim2-remap,4,T2C1N,PC1,#,reference,candidates(datasheet-pin-table+rm-remap-grid:en)
CH32X033,afio-tim2-remap,5,T2C1,PC19,#,reference,candidates(datasheet-pin-table+rm-remap-grid:en)
CH32X033,afio-tim2-remap,5,T2C1N,PC18,#,reference,candidates(datasheet-pin-table+rm-remap-grid:en)
CH32X033,afio-tim2-remap,5,T2C2N,PB12,#,reference,candidates(datasheet-pin-table+rm-remap-grid:en)
CH32X033,afio-tim2-remap,5,T2ET,PA2,#,reference,candidates(datasheet-pin-table+rm-remap-grid:en)
CH32X033,afio-tim2-remap,6,T2C1,PC19,#,reference,candidates(datasheet-pin-table+rm-remap-grid:en)
CH32X033,afio-tim2-remap,6,T2C2,PC14,#,reference,candidates(datasheet-pin-table+rm-remap-grid:en)
CH32X033,afio-tim2-remap,6,T2C2N,PB12,#,reference,candidates(datasheet-pin-table+rm-remap-grid:en)
CH32X033,afio-tim2-remap,6,T2C3,PC15,#,reference,candidates(datasheet-pin-table+rm-remap-grid:en)
CH32X033,afio-tim2-remap,6,T2ET,PA2,#,reference,candidates(datasheet-pin-table+rm-remap-grid:en)
CH32X033,afio-tim3-remap,2,T1ET,PC18,#,reference,candidates(datasheet-pin-table+rm-remap-grid:en)
CH32X033,afio-tim3-remap,2,T3C1,PC19,#,reference,candidates(datasheet-pin-table+rm-remap-grid:en)
CH32X033,afio-tim3-remap,2,T3C2,PC18,#,reference,candidates(datasheet-pin-table+rm-remap-grid:en)
CH32X033,afio-tim3-remap,3,T3C1,PA3,#,reference,candidates(datasheet-pin-table+rm-remap-grid:en)
CH32X033,afio-tim3-remap,3,T3C2,PA4,#,reference,candidates(datasheet-pin-table+rm-remap-grid:en)
CH32X033,afio-usart2-remap,1,CTS2,PA1,#,reference,candidates(datasheet-pin-table+rm-remap-grid:en)
CH32X033,afio-usart2-remap,3,RX2,PC1,#,reference,candidates(datasheet-pin-table+rm-remap-grid:en)
CH32X033,afio-usart2-remap,3,T1C2,PC1,#,reference,candidates(datasheet-pin-table+rm-remap-grid:en)
CH32X033,afio-usart4-remap,1,CK4,PA6,#,reference,candidates(datasheet-pin-table+rm-remap-grid:en)
CH32X033,afio-usart4-remap,1,CTS4,PA7,#,reference,candidates(datasheet-pin-table+rm-remap-grid:en)
CH32X033,afio-usart4-remap,1,T1BK,PA6,#,reference,candidates(datasheet-pin-table+rm-remap-grid:en)
CH32X033,afio-usart4-remap,1,T1C1N,PA7,#,reference,candidates(datasheet-pin-table+rm-remap-grid:en)
CH32X033,afio-usart4-remap,1,TX4,PA5,#,reference,candidates(datasheet-pin-table+rm-remap-grid:en)
CH32X033,afio-usart4-remap,4,CTS4,PA5,#,reference,candidates(datasheet-pin-table+rm-remap-grid:en)
CH32X033,afio-usart4-remap,4,RTS4,PA6,#,reference,candidates(datasheet-pin-table+rm-remap-grid:en)
CH32X033,afio-usart4-remap,4,RX4,PC19,#,reference,candidates(datasheet-pin-table+rm-remap-grid:en)
CH32X033,afio-usart4-remap,5,RX4,PC16,#,reference,candidates(datasheet-pin-table+rm-remap-grid:en)
CH32X033,afio-usart4-remap,5,TX4,PC17,#,reference,candidates(datasheet-pin-table+rm-remap-grid:en)
CH32X035,afio-i2c1-remap,1,SCL,PA13,#,reference,candidates(datasheet-pin-table+rm-remap-grid:en)
CH32X035,afio-i2c1-remap,1,SDA,PA14,#,reference,candidates(datasheet-pin-table+rm-remap-grid:en)
CH32X035,afio-i2c1-remap,2,RX4,PC17,#,reference,candidates(datasheet-pin-table+rm-remap-grid:en)
CH32X035,afio-i2c1-remap,2,SCL,PC16,#,reference,candidates(datasheet-pin-table+rm-remap-grid:en)
CH32X035,afio-i2c1-remap,2,SDA,PC17,#,reference,candidates(datasheet-pin-table+rm-remap-grid:en)
CH32X035,afio-i2c1-remap,2,TX4,PC16,#,reference,candidates(datasheet-pin-table+rm-remap-grid:en)
CH32X035,afio-i2c1-remap,3,SCL,PC19,#,reference,candidates(datasheet-pin-table+rm-remap-grid:en)
CH32X035,afio-i2c1-remap,3,SDA,PC18,#,reference,candidates(datasheet-pin-table+rm-remap-grid:en)
CH32X035,afio-i2c1-remap,3,T1ET,PC18,#,reference,candidates(datasheet-pin-table+rm-remap-grid:en)
CH32X035,afio-i2c1-remap,4,SCL,PC17,#,reference,candidates(datasheet-pin-table+rm-remap-grid:en)
CH32X035,afio-i2c1-remap,4,SDA,PC16,#,reference,candidates(datasheet-pin-table+rm-remap-grid:en)
CH32X035,afio-i2c1-remap,5,SCL,PC18,#,reference,candidates(datasheet-pin-table+rm-remap-grid:en)
CH32X035,afio-i2c1-remap,5,SDA,PC19,#,reference,candidates(datasheet-pin-table+rm-remap-grid:en)
CH32X035,afio-pioc-remap,1,PIOC_IO0,PC7,#,reference,candidates(datasheet-pin-table+rm-remap-grid:en)
CH32X035,afio-pioc-remap,1,RX3,PC19,#,reference,candidates(datasheet-pin-table+rm-remap-grid:en)
CH32X035,afio-spi1-remap,1,CS,PB21,#,reference,candidates(datasheet-pin-table+rm-remap-grid:en)
CH32X035,afio-spi1-remap,1,MISO,PA8,#,reference,candidates(datasheet-pin-table+rm-remap-grid:en)
CH32X035,afio-spi1-remap,1,MOSI,PA9,#,reference,candidates(datasheet-pin-table+rm-remap-grid:en)
CH32X035,afio-spi1-remap,1,SCK,PB15,#,reference,candidates(datasheet-pin-table+rm-remap-grid:en)
CH32X035,afio-spi1-remap,1,T1C2N,PB0,#,reference,candidates(datasheet-pin-table+rm-remap-grid:en)
CH32X035,afio-spi1-remap,1,T1C3N,PB1,#,reference,candidates(datasheet-pin-table+rm-remap-grid:en)
CH32X035,afio-spi1-remap,2,CS,PA12,#,reference,candidates(datasheet-pin-table+rm-remap-grid:en)
CH32X035,afio-spi1-remap,2,MISO,PA9,#,reference,candidates(datasheet-pin-table+rm-remap-grid:en)
CH32X035,afio-spi1-remap,2,MOSI,PA10,#,reference,candidates(datasheet-pin-table+rm-remap-grid:en)
CH32X035,afio-spi1-remap,2,SCK,PA11,#,reference,candidates(datasheet-pin-table+rm-remap-grid:en)
CH32X035,afio-spi1-remap,2,T1C2N,PB7,#,reference,candidates(datasheet-pin-table+rm-remap-grid:en)
CH32X035,afio-spi1-remap,2,T1C3N,PB8,#,reference,candidates(datasheet-pin-table+rm-remap-grid:en)
CH32X035,afio-spi1-remap,3,CS,PC4,#,reference,candidates(datasheet-pin-table+rm-remap-grid:en)
CH32X035,afio-spi1-remap,3,MISO,PC6,#,reference,candidates(datasheet-pin-table+rm-remap-grid:en)
CH32X035,afio-spi1-remap,3,MOSI,PC7,#,reference,candidates(datasheet-pin-table+rm-remap-grid:en)
CH32X035,afio-spi1-remap,3,SCK,PC5,#,reference,candidates(datasheet-pin-table+rm-remap-grid:en)
CH32X035,afio-spi1-remap,3,T1BK,PC4,#,reference,candidates(datasheet-pin-table+rm-remap-grid:en)
CH32X035,afio-spi1-remap,3,T1C1N,PC5,#,reference,candidates(datasheet-pin-table+rm-remap-grid:en)
CH32X035,afio-spi1-remap,3,T1C2N,PC6,#,reference,candidates(datasheet-pin-table+rm-remap-grid:en)
CH32X035,afio-spi1-remap,3,T1C3N,PC7,#,reference,candidates(datasheet-pin-table+rm-remap-grid:en)
CH32X035,afio-tim2-remap,1,T2BK,PA9,#,reference,candidates(datasheet-pin-table+rm-remap-grid:en)
CH32X035,afio-tim2-remap,1,T2C1,PB21,#,reference,candidates(datasheet-pin-table+rm-remap-grid:en)
CH32X035,afio-tim2-remap,1,T2C1N,PA12,#,reference,candidates(datasheet-pin-table+rm-remap-grid:en)
CH32X035,afio-tim2-remap,1,T2C2,PB15,#,reference,candidates(datasheet-pin-table+rm-remap-grid:en)
CH32X035,afio-tim2-remap,1,T2C2N,PA13,#,reference,candidates(datasheet-pin-table+rm-remap-grid:en)
CH32X035,afio-tim2-remap,1,T2C3,PA2,#,reference,candidates(datasheet-pin-table+rm-remap-grid:en)
CH32X035,afio-tim2-remap,1,T2C3N,PA14,#,reference,candidates(datasheet-pin-table+rm-remap-grid:en)
CH32X035,afio-tim2-remap,1,T2C4,PA3,#,reference,candidates(datasheet-pin-table+rm-remap-grid:en)
CH32X035,afio-tim2-remap,1,T2ET,PA18,#,reference,candidates(datasheet-pin-table+rm-remap-grid:en)
CH32X035,afio-tim2-remap,2,T2BK,PA20,#,reference,candidates(datasheet-pin-table+rm-remap-grid:en)
CH32X035,afio-tim2-remap,2,T2C1,PA0,#,reference,candidates(datasheet-pin-table+rm-remap-grid:en)
CH32X035,afio-tim2-remap,2,T2C1N,PC3,#,reference,candidates(datasheet-pin-table+rm-remap-grid:en)
CH32X035,afio-tim2-remap,2,T2C2,PA1,#,reference,candidates(datasheet-pin-table+rm-remap-grid:en)
CH32X035,afio-tim2-remap,2,T2C2N,PA22,#,reference,candidates(datasheet-pin-table+rm-remap-grid:en)
CH32X035,afio-tim2-remap,2,T2C3,PB3,#,reference,candidates(datasheet-pin-table+rm-remap-grid:en)
CH32X035,afio-tim2-remap,2,T2C3N,PA23,#,reference,candidates(datasheet-pin-table+rm-remap-grid:en)
CH32X035,afio-tim2-remap,2,T2C4,PB4,#,reference,candidates(datasheet-pin-table+rm-remap-grid:en)
CH32X035,afio-tim2-remap,2,T2ET,PA19,#,reference,candidates(datasheet-pin-table+rm-remap-grid:en)
CH32X035,afio-tim2-remap,3,T2BK,PA9,#,reference,candidates(datasheet-pin-table+rm-remap-grid:en)
CH32X035,afio-tim2-remap,3,T2C1,PB21,#,reference,candidates(datasheet-pin-table+rm-remap-grid:en)
CH32X035,afio-tim2-remap,3,T2C1N,PA12,#,reference,candidates(datasheet-pin-table+rm-remap-grid:en)
CH32X035,afio-tim2-remap,3,T2C2,PB15,#,reference,candidates(datasheet-pin-table+rm-remap-grid:en)
CH32X035,afio-tim2-remap,3,T2C2N,PA13,#,reference,candidates(datasheet-pin-table+rm-remap-grid:en)
CH32X035,afio-tim2-remap,3,T2C3,PB3,#,reference,candidates(datasheet-pin-table+rm-remap-grid:en)
CH32X035,afio-tim2-remap,3,T2C3N,PA14,#,reference,candidates(datasheet-pin-table+rm-remap-grid:en)
CH32X035,afio-tim2-remap,3,T2C4,PB4,#,reference,candidates(datasheet-pin-table+rm-remap-grid:en)
CH32X035,afio-tim2-remap,3,T2ET,PA18,#,reference,candidates(datasheet-pin-table+rm-remap-grid:en)
CH32X035,afio-tim2-remap,4,T2BK,PC0,#,reference,candidates(datasheet-pin-table+rm-remap-grid:en)
CH32X035,afio-tim2-remap,4,T2C1,PB16,#,reference,candidates(datasheet-pin-table+rm-remap-grid:en)
CH32X035,afio-tim2-remap,4,T2C1N,PC1,#,reference,candidates(datasheet-pin-table+rm-remap-grid:en)
CH32X035,afio-tim2-remap,4,T2C2,PB17,#,reference,candidates(datasheet-pin-table+rm-remap-grid:en)
CH32X035,afio-tim2-remap,4,T2C2N,PC2,#,reference,candidates(datasheet-pin-table+rm-remap-grid:en)
CH32X035,afio-tim2-remap,4,T2C3,PB18,#,reference,candidates(datasheet-pin-table+rm-remap-grid:en)
CH32X035,afio-tim2-remap,4,T2C3N,PC3,#,reference,candidates(datasheet-pin-table+rm-remap-grid:en)
CH32X035,afio-tim2-remap,4,T2C4,PB19,#,reference,candidates(datasheet-pin-table+rm-remap-grid:en)
CH32X035,afio-tim2-remap,4,T2ET,PC4,#,reference,candidates(datasheet-pin-table+rm-remap-grid:en)
CH32X035,afio-tim2-remap,5,T2BK,PB4,#,reference,candidates(datasheet-pin-table+rm-remap-grid:en)
CH32X035,afio-tim2-remap,5,T2C1,PC19,#,reference,candidates(datasheet-pin-table+rm-remap-grid:en)
CH32X035,afio-tim2-remap,5,T2C1N,PC18,#,reference,candidates(datasheet-pin-table+rm-remap-grid:en)
CH32X035,afio-tim2-remap,5,T2C2,PA12,#,reference,candidates(datasheet-pin-table+rm-remap-grid:en)
CH32X035,afio-tim2-remap,5,T2C2N,PB12,#,reference,candidates(datasheet-pin-table+rm-remap-grid:en)
CH32X035,afio-tim2-remap,5,T2C3,PA13,#,reference,candidates(datasheet-pin-table+rm-remap-grid:en)
CH32X035,afio-tim2-remap,5,T2C3N,PB3,#,reference,candidates(datasheet-pin-table+rm-remap-grid:en)
CH32X035,afio-tim2-remap,5,T2C4,PC0,#,reference,candidates(datasheet-pin-table+rm-remap-grid:en)
CH32X035,afio-tim2-remap,5,T2ET,PA2,#,reference,candidates(datasheet-pin-table+rm-remap-grid:en)
CH32X035,afio-tim2-remap,6,T2BK,PB4,#,reference,candidates(datasheet-pin-table+rm-remap-grid:en)
CH32X035,afio-tim2-remap,6,T2C1,PC19,#,reference,candidates(datasheet-pin-table+rm-remap-grid:en)
CH32X035,afio-tim2-remap,6,T2C1N,PB11,#,reference,candidates(datasheet-pin-table+rm-remap-grid:en)
CH32X035,afio-tim2-remap,6,T2C2,PC14,#,reference,candidates(datasheet-pin-table+rm-remap-grid:en)
CH32X035,afio-tim2-remap,6,T2C2N,PB12,#,reference,candidates(datasheet-pin-table+rm-remap-grid:en)
CH32X035,afio-tim2-remap,6,T2C3,PC15,#,reference,candidates(datasheet-pin-table+rm-remap-grid:en)
CH32X035,afio-tim2-remap,6,T2C3N,PB3,#,reference,candidates(datasheet-pin-table+rm-remap-grid:en)
CH32X035,afio-tim2-remap,6,T2C4,PC0,#,reference,candidates(datasheet-pin-table+rm-remap-grid:en)
CH32X035,afio-tim2-remap,6,T2ET,PA2,#,reference,candidates(datasheet-pin-table+rm-remap-grid:en)
CH32X035,afio-tim3-remap,1,CK3,PB5,#,reference,candidates(datasheet-pin-table+rm-remap-grid:en)
CH32X035,afio-tim3-remap,1,T3C1,PB4,#,reference,candidates(datasheet-pin-table+rm-remap-grid:en)
CH32X035,afio-tim3-remap,1,T3C2,PB5,#,reference,candidates(datasheet-pin-table+rm-remap-grid:en)
CH32X035,afio-tim3-remap,2,CK3,PB8,#,reference,candidates(datasheet-pin-table+rm-remap-grid:en)
CH32X035,afio-tim3-remap,2,T1ET,PC18,#,reference,candidates(datasheet-pin-table+rm-remap-grid:en)
CH32X035,afio-tim3-remap,2,T3C1,PC19,#,reference,candidates(datasheet-pin-table+rm-remap-grid:en)
CH32X035,afio-tim3-remap,2,T3C2,PC18,#,reference,candidates(datasheet-pin-table+rm-remap-grid:en)
CH32X035,afio-tim3-remap,3,T3C1,PA3,#,reference,candidates(datasheet-pin-table+rm-remap-grid:en)
CH32X035,afio-tim3-remap,3,T3C2,PA4,#,reference,candidates(datasheet-pin-table+rm-remap-grid:en)
CH32X035,afio-usart2-remap,1,CK2,PA23,#,reference,candidates(datasheet-pin-table+rm-remap-grid:en)
CH32X035,afio-usart2-remap,1,CTS2,PA1,#,reference,candidates(datasheet-pin-table+rm-remap-grid:en)
CH32X035,afio-usart2-remap,1,RTS2,PA2,#,reference,candidates(datasheet-pin-table+rm-remap-grid:en)
CH32X035,afio-usart2-remap,1,RX2,PA19,#,reference,candidates(datasheet-pin-table+rm-remap-grid:en)
CH32X035,afio-usart2-remap,1,T1C1,PB9,#,reference,candidates(datasheet-pin-table+rm-remap-grid:en)
CH32X035,afio-usart2-remap,1,T1C2,PB10,#,reference,candidates(datasheet-pin-table+rm-remap-grid:en)
CH32X035,afio-usart2-remap,1,T1C3,PB11,#,reference,candidates(datasheet-pin-table+rm-remap-grid:en)
CH32X035,afio-usart2-remap,1,T1C4,PC16,#,reference,candidates(datasheet-pin-table+rm-remap-grid:en)
CH32X035,afio-usart2-remap,1,TX2,PA20,#,reference,candidates(datasheet-pin-table+rm-remap-grid:en)
CH32X035,afio-usart2-remap,2,CK2,PA22,#,reference,candidates(datasheet-pin-table+rm-remap-grid:en)
CH32X035,afio-usart2-remap,2,CTS2,PA17,#,reference,candidates(datasheet-pin-table+rm-remap-grid:en)
CH32X035,afio-usart2-remap,2,RTS2,PA21,#,reference,candidates(datasheet-pin-table+rm-remap-grid:en)
CH32X035,afio-usart2-remap,2,RX2,PA16,#,reference,candidates(datasheet-pin-table+rm-remap-grid:en)
CH32X035,afio-usart2-remap,2,T1C1,PB9,#,reference,candidates(datasheet-pin-table+rm-remap-grid:en)
CH32X035,afio-usart2-remap,2,T1C2,PB10,#,reference,candidates(datasheet-pin-table+rm-remap-grid:en)
CH32X035,afio-usart2-remap,2,T1C3,PB11,#,reference,candidates(datasheet-pin-table+rm-remap-grid:en)
CH32X035,afio-usart2-remap,2,T1C4,PB12,#,reference,candidates(datasheet-pin-table+rm-remap-grid:en)
CH32X035,afio-usart2-remap,2,TX2,PA15,#,reference,candidates(datasheet-pin-table+rm-remap-grid:en)
CH32X035,afio-usart2-remap,3,CK2,PB20,#,reference,candidates(datasheet-pin-table+rm-remap-grid:en)
CH32X035,afio-usart2-remap,3,CTS2,PC2,#,reference,candidates(datasheet-pin-table+rm-remap-grid:en)
CH32X035,afio-usart2-remap,3,RTS2,PC3,#,reference,candidates(datasheet-pin-table+rm-remap-grid:en)
CH32X035,afio-usart2-remap,3,RX2,PC1,#,reference,candidates(datasheet-pin-table+rm-remap-grid:en)
CH32X035,afio-usart2-remap,3,T1C1,PC0,#,reference,candidates(datasheet-pin-table+rm-remap-grid:en)
CH32X035,afio-usart2-remap,3,T1C2,PC1,#,reference,candidates(datasheet-pin-table+rm-remap-grid:en)
CH32X035,afio-usart2-remap,3,T1C3,PC2,#,reference,candidates(datasheet-pin-table+rm-remap-grid:en)
CH32X035,afio-usart2-remap,3,T1C4,PC3,#,reference,candidates(datasheet-pin-table+rm-remap-grid:en)
CH32X035,afio-usart2-remap,3,TX2,PC0,#,reference,candidates(datasheet-pin-table+rm-remap-grid:en)
CH32X035,afio-usart2-remap,4,CK2,PA22,#,reference,candidates(datasheet-pin-table+rm-remap-grid:en)
CH32X035,afio-usart2-remap,4,CTS2,PA17,#,reference,candidates(datasheet-pin-table+rm-remap-grid:en)
CH32X035,afio-usart2-remap,4,RTS2,PC3,#,reference,candidates(datasheet-pin-table+rm-remap-grid:en)
CH32X035,afio-usart2-remap,4,RX2,PA16,#,reference,candidates(datasheet-pin-table+rm-remap-grid:en)
CH32X035,afio-usart2-remap,4,T1C3,PC14,#,reference,candidates(datasheet-pin-table+rm-remap-grid:en)
CH32X035,afio-usart2-remap,4,TX2,PA15,#,reference,candidates(datasheet-pin-table+rm-remap-grid:en)
CH32X035,afio-usart3-remap,1,CTS3,PB6,#,reference,candidates(datasheet-pin-table+rm-remap-grid:en)
CH32X035,afio-usart3-remap,1,RTS3,PB7,#,reference,candidates(datasheet-pin-table+rm-remap-grid:en)
CH32X035,afio-usart3-remap,1,TX3,PC18,#,reference,candidates(datasheet-pin-table+rm-remap-grid:en)
CH32X035,afio-usart3-remap,2,CTS3,PA3,#,reference,candidates(datasheet-pin-table+rm-remap-grid:en)
CH32X035,afio-usart3-remap,2,RTS3,PA4,#,reference,candidates(datasheet-pin-table+rm-remap-grid:en)
CH32X035,afio-usart3-remap,2,TX3,PA18,#,reference,candidates(datasheet-pin-table+rm-remap-grid:en)
CH32X035,afio-usart3-remap,3,CTS3,PB18,#,reference,candidates(datasheet-pin-table+rm-remap-grid:en)
CH32X035,afio-usart3-remap,3,RTS3,PB19,#,reference,candidates(datasheet-pin-table+rm-remap-grid:en)
CH32X035,afio-usart3-remap,3,RX3,PB17,#,reference,candidates(datasheet-pin-table+rm-remap-grid:en)
CH32X035,afio-usart3-remap,3,TX3,PB16,#,reference,candidates(datasheet-pin-table+rm-remap-grid:en)
CH32X035,afio-usart4-remap,1,CK4,PA6,#,reference,candidates(datasheet-pin-table+rm-remap-grid:en)
CH32X035,afio-usart4-remap,1,CTS4,PA7,#,reference,candidates(datasheet-pin-table+rm-remap-grid:en)
CH32X035,afio-usart4-remap,1,RTS4,PB21,#,reference,candidates(datasheet-pin-table+rm-remap-grid:en)
CH32X035,afio-usart4-remap,1,T1BK,PA6,#,reference,candidates(datasheet-pin-table+rm-remap-grid:en)
CH32X035,afio-usart4-remap,1,T1C1N,PA7,#,reference,candidates(datasheet-pin-table+rm-remap-grid:en)
CH32X035,afio-usart4-remap,1,TX4,PA5,#,reference,candidates(datasheet-pin-table+rm-remap-grid:en)
CH32X035,afio-usart4-remap,2,CK4,PB2,#,reference,candidates(datasheet-pin-table+rm-remap-grid:en)
CH32X035,afio-usart4-remap,2,CTS4,PB15,#,reference,candidates(datasheet-pin-table+rm-remap-grid:en)
CH32X035,afio-usart4-remap,2,RTS4,PA8,#,reference,candidates(datasheet-pin-table+rm-remap-grid:en)
CH32X035,afio-usart4-remap,2,T1BK,PB5,#,reference,candidates(datasheet-pin-table+rm-remap-grid:en)
CH32X035,afio-usart4-remap,2,T1C1N,PB6,#,reference,candidates(datasheet-pin-table+rm-remap-grid:en)
CH32X035,afio-usart4-remap,3,CK4,PB8,#,reference,candidates(datasheet-pin-table+rm-remap-grid:en)
CH32X035,afio-usart4-remap,3,CTS4,PA14,#,reference,candidates(datasheet-pin-table+rm-remap-grid:en)
CH32X035,afio-usart4-remap,3,RTS4,PA13,#,reference,candidates(datasheet-pin-table+rm-remap-grid:en)
CH32X035,afio-usart4-remap,3,RX4,PA10,#,reference,candidates(datasheet-pin-table+rm-remap-grid:en)
CH32X035,afio-usart4-remap,3,TX4,PB9,#,reference,candidates(datasheet-pin-table+rm-remap-grid:en)
CH32X035,afio-usart4-remap,4,CK4,PA8,#,reference,candidates(datasheet-pin-table+rm-remap-grid:en)
CH32X035,afio-usart4-remap,4,CTS4,PA5,#,reference,candidates(datasheet-pin-table+rm-remap-grid:en)
CH32X035,afio-usart4-remap,4,RTS4,PA6,#,reference,candidates(datasheet-pin-table+rm-remap-grid:en)
CH32X035,afio-usart4-remap,4,RX4,PC19,#,reference,candidates(datasheet-pin-table+rm-remap-grid:en)
CH32X035,afio-usart4-remap,4,TX4,PB13,#,reference,candidates(datasheet-pin-table+rm-remap-grid:en)
CH32X035,afio-usart4-remap,5,CK4,PB2,#,reference,candidates(datasheet-pin-table+rm-remap-grid:en)
CH32X035,afio-usart4-remap,5,CTS4,PB15,#,reference,candidates(datasheet-pin-table+rm-remap-grid:en)
CH32X035,afio-usart4-remap,5,RTS4,PA8,#,reference,candidates(datasheet-pin-table+rm-remap-grid:en)
CH32X035,afio-usart4-remap,5,RX4,PC16,#,reference,candidates(datasheet-pin-table+rm-remap-grid:en)
CH32X035,afio-usart4-remap,5,TX4,PC17,#,reference,candidates(datasheet-pin-table+rm-remap-grid:en)
