series,selector,value,signal,pad,#,confidence,basis
CH32H416,afio-sdmmc-remap,0,SDMMC_CMD,PD2,#,reference,candidates(datasheet-pin-table-default:en)
CH32H416,afio-sdmmc-remap,0,SDMMC_D0,PC8,#,reference,candidates(datasheet-pin-table-default:en)
CH32H416,afio-sdmmc-remap,0,SDMMC_D1,PC9,#,reference,candidates(datasheet-pin-table-default:en)
CH32H416,afio-sdmmc-remap,0,SDMMC_D2,PC10,#,reference,candidates(datasheet-pin-table-default:en)
CH32H416,afio-sdmmc-remap,0,SDMMC_D3,PC11,#,reference,candidates(datasheet-pin-table-default:en)
CH32H416,afio-sdmmc-remap,0,SDMMC_D4,PA14,#,reference,candidates(datasheet-pin-table-default:en)
CH32H416,afio-sdmmc-remap,0,SDMMC_D5,PA15,#,reference,candidates(datasheet-pin-table-default:en)
CH32H416,afio-sdmmc-remap,0,SDMMC_D6,PC6,#,reference,candidates(datasheet-pin-table-default:en)
CH32H416,afio-sdmmc-remap,0,SDMMC_D7,PC7,#,reference,candidates(datasheet-pin-table-default:en)
CH32H416,afio-sdmmc-remap,0,SDMMC_SDCK,PC12,#,reference,candidates(datasheet-pin-table-default:en)
CH32H416,afio-sdmmc-remap,0,SDMMC_SLVCK,PC12,#,reference,candidates(datasheet-pin-table-default:en)
CH32H416,afio-sdmmc-remap,0,SDMMC_STR,PD3,#,reference,candidates(datasheet-pin-table-default:en)
CH32H416,afio-sdmmc-remap,0,SDMMC_STS,PD2,#,reference,candidates(datasheet-pin-table-default:en)
CH32H416,afio-sdmmc-remap,1,SDMMC_D1,PC9,#,reference,candidates(datasheet-pin-table+rm-remap-grid:en)
CH32H416,afio-sdmmc-remap,1,SDMMC_D4,PA14,#,reference,candidates(datasheet-pin-table+rm-remap-grid:en)
CH32H416,afio-sdmmc-remap,1,SDMMC_D5,PA15,#,reference,candidates(datasheet-pin-table+rm-remap-grid:en)
CH32H416,afio-sdmmc-remap,1,SDMMC_D6,PC6,#,reference,candidates(datasheet-pin-table+rm-remap-grid:en)
CH32H416,afio-sdmmc-remap,1,SDMMC_D7,PC7,#,reference,candidates(datasheet-pin-table+rm-remap-grid:en)
CH32H416,afio-sdmmc-remap,1,SDMMC_STR,PD10,#,reference,candidates(datasheet-pin-table+rm-remap-grid:en)
CH32H416,afio-sdmmc-remap,2,SDMMC_CMD,PC10,#,reference,candidates(datasheet-pin-table+rm-remap-grid:en)
CH32H416,afio-sdmmc-remap,2,SDMMC_D2,PD2,#,reference,candidates(datasheet-pin-table+rm-remap-grid:en)
CH32H416,afio-sdmmc-remap,2,SDMMC_D3,PD3,#,reference,candidates(datasheet-pin-table+rm-remap-grid:en)
CH32H416,afio-sdmmc-remap,2,SDMMC_SDCK,PC12,#,reference,candidates(datasheet-pin-table+rm-remap-grid:en)
CH32H416,afio-sdmmc-remap,2,SDMMC_SLVCK,PC12,#,reference,candidates(datasheet-pin-table+rm-remap-grid:en)
CH32H416,afio-sdmmc-remap,2,SDMMC_STR,PC11,#,reference,candidates(datasheet-pin-table+rm-remap-grid:en)
CH32H416,afio-sdmmc-remap,2,SDMMC_STS,PC10,#,reference,candidates(datasheet-pin-table+rm-remap-grid:en)
CH32H416,afio-sdmmc-remap,3,SDMMC_CMD,PC10,#,reference,candidates(datasheet-pin-table+rm-remap-grid:en)
CH32H416,afio-sdmmc-remap,3,SDMMC_D2,PD2,#,reference,candidates(datasheet-pin-table+rm-remap-grid:en)
CH32H416,afio-sdmmc-remap,3,SDMMC_D3,PD3,#,reference,candidates(datasheet-pin-table+rm-remap-grid:en)
CH32H416,afio-sdmmc-remap,3,SDMMC_SDCK,PC12,#,reference,candidates(datasheet-pin-table+rm-remap-grid:en)
CH32H416,afio-sdmmc-remap,3,SDMMC_SLVCK,PC12,#,reference,candidates(datasheet-pin-table+rm-remap-grid:en)
CH32H416,afio-sdmmc-remap,3,SDMMC_STR,PC11,#,reference,candidates(datasheet-pin-table+rm-remap-grid:en)
CH32H416,afio-sdmmc-remap,3,SDMMC_STS,PC10,#,reference,candidates(datasheet-pin-table+rm-remap-grid:en)
CH32H417,afio-sdmmc-remap,0,SDMMC_CMD,PD2,#,reference,candidates(datasheet-pin-table-default:en)
CH32H417,afio-sdmmc-remap,0,SDMMC_D0,PC8,#,reference,candidates(datasheet-pin-table-default:en)
CH32H417,afio-sdmmc-remap,0,SDMMC_D1,PC9,#,reference,candidates(datasheet-pin-table-default:en)
CH32H417,afio-sdmmc-remap,0,SDMMC_D2,PC10,#,reference,candidates(datasheet-pin-table-default:en)
CH32H417,afio-sdmmc-remap,0,SDMMC_D3,PC11,#,reference,candidates(datasheet-pin-table-default:en)
CH32H417,afio-sdmmc-remap,0,SDMMC_D4,PA14,#,reference,candidates(datasheet-pin-table-default:en)
CH32H417,afio-sdmmc-remap,0,SDMMC_D5,PA15,#,reference,candidates(datasheet-pin-table-default:en)
CH32H417,afio-sdmmc-remap,0,SDMMC_D6,PC6,#,reference,candidates(datasheet-pin-table-default:en)
CH32H417,afio-sdmmc-remap,0,SDMMC_D7,PC7,#,reference,candidates(datasheet-pin-table-default:en)
CH32H417,afio-sdmmc-remap,0,SDMMC_SDCK,PC12,#,reference,candidates(datasheet-pin-table-default:en)
CH32H417,afio-sdmmc-remap,0,SDMMC_SLVCK,PC12,#,reference,candidates(datasheet-pin-table-default:en)
CH32H417,afio-sdmmc-remap,0,SDMMC_STR,PD3,#,reference,candidates(datasheet-pin-table-default:en)
CH32H417,afio-sdmmc-remap,0,SDMMC_STS,PD2,#,reference,candidates(datasheet-pin-table-default:en)
CH32H417,afio-sdmmc-remap,1,SDMMC_CMD,PD12,#,reference,candidates(datasheet-pin-table+rm-remap-grid:en)
CH32H417,afio-sdmmc-remap,1,SDMMC_D0,PB13,#,reference,candidates(datasheet-pin-table+rm-remap-grid:en)
CH32H417,afio-sdmmc-remap,1,SDMMC_D1,PC9,#,reference,candidates(datasheet-pin-table+rm-remap-grid:en)
CH32H417,afio-sdmmc-remap,1,SDMMC_D2,PB10,#,reference,candidates(datasheet-pin-table+rm-remap-grid:en)
CH32H417,afio-sdmmc-remap,1,SDMMC_D3,PB11,#,reference,candidates(datasheet-pin-table+rm-remap-grid:en)
CH32H417,afio-sdmmc-remap,1,SDMMC_D4,PA14,#,reference,candidates(datasheet-pin-table+rm-remap-grid:en)
CH32H417,afio-sdmmc-remap,1,SDMMC_D5,PA15,#,reference,candidates(datasheet-pin-table+rm-remap-grid:en)
CH32H417,afio-sdmmc-remap,1,SDMMC_D6,PC6,#,reference,candidates(datasheet-pin-table+rm-remap-grid:en)
CH32H417,afio-sdmmc-remap,1,SDMMC_D7,PC7,#,reference,candidates(datasheet-pin-table+rm-remap-grid:en)
CH32H417,afio-sdmmc-remap,1,SDMMC_SDCK,PD11,#,reference,candidates(datasheet-pin-table+rm-remap-grid:en)
CH32H417,afio-sdmmc-remap,1,SDMMC_SLVCK,PD11,#,reference,candidates(datasheet-pin-table+rm-remap-grid:en)
CH32H417,afio-sdmmc-remap,1,SDMMC_STR,PD10,#,reference,candidates(datasheet-pin-table+rm-remap-grid:en)
CH32H417,afio-sdmmc-remap,1,SDMMC_STS,PD12,#,reference,candidates(datasheet-pin-table+rm-remap-grid:en)
CH32H417,afio-sdmmc-remap,2,SDMMC_CMD,PC10,#,reference,candidates(datasheet-pin-table+rm-remap-grid:en)
CH32H417,afio-sdmmc-remap,2,SDMMC_D0,PD0,#,reference,candidates(datasheet-pin-table+rm-remap-grid:en)
CH32H417,afio-sdmmc-remap,2,SDMMC_D1,PD1,#,reference,candidates(datasheet-pin-table+rm-remap-grid:en)
CH32H417,afio-sdmmc-remap,2,SDMMC_D2,PD2,#,reference,candidates(datasheet-pin-table+rm-remap-grid:en)
CH32H417,afio-sdmmc-remap,2,SDMMC_D3,PD3,#,reference,candidates(datasheet-pin-table+rm-remap-grid:en)
CH32H417,afio-sdmmc-remap,2,SDMMC_D4,PD4,#,reference,candidates(datasheet-pin-table+rm-remap-grid:en)
CH32H417,afio-sdmmc-remap,2,SDMMC_D5,PD5,#,reference,candidates(datasheet-pin-table+rm-remap-grid:en)
CH32H417,afio-sdmmc-remap,2,SDMMC_D6,PD6,#,reference,candidates(datasheet-pin-table+rm-remap-grid:en)
CH32H417,afio-sdmmc-remap,2,SDMMC_D7,PD7,#,reference,candidates(datasheet-pin-table+rm-remap-grid:en)
CH32H417,afio-sdmmc-remap,2,SDMMC_SDCK,PC12,#,reference,candidates(datasheet-pin-table+rm-remap-grid:en)
CH32H417,afio-sdmmc-remap,2,SDMMC_SLVCK,PC12,#,reference,candidates(datasheet-pin-table+rm-remap-grid:en)
CH32H417,afio-sdmmc-remap,2,SDMMC_STR,PC11,#,reference,candidates(datasheet-pin-table+rm-remap-grid:en)
CH32H417,afio-sdmmc-remap,2,SDMMC_STS,PC10,#,reference,candidates(datasheet-pin-table+rm-remap-grid:en)
CH32H417,afio-sdmmc-remap,3,SDMMC_CMD,PC10,#,reference,candidates(datasheet-pin-table+rm-remap-grid:en)
CH32H417,afio-sdmmc-remap,3,SDMMC_D0,PD0,#,reference,candidates(datasheet-pin-table+rm-remap-grid:en)
CH32H417,afio-sdmmc-remap,3,SDMMC_D1,PD1,#,reference,candidates(datasheet-pin-table+rm-remap-grid:en)
CH32H417,afio-sdmmc-remap,3,SDMMC_D2,PD2,#,reference,candidates(datasheet-pin-table+rm-remap-grid:en)
CH32H417,afio-sdmmc-remap,3,SDMMC_D3,PD3,#,reference,candidates(datasheet-pin-table+rm-remap-grid:en)
CH32H417,afio-sdmmc-remap,3,SDMMC_D4,PD4,#,reference,candidates(datasheet-pin-table+rm-remap-grid:en)
CH32H417,afio-sdmmc-remap,3,SDMMC_D5,PD5,#,reference,candidates(datasheet-pin-table+rm-remap-grid:en)
CH32H417,afio-sdmmc-remap,3,SDMMC_D6,PD6,#,reference,candidates(datasheet-pin-table+rm-remap-grid:en)
CH32H417,afio-sdmmc-remap,3,SDMMC_D7,PD7,#,reference,candidates(datasheet-pin-table+rm-remap-grid:en)
CH32H417,afio-sdmmc-remap,3,SDMMC_SDCK,PC12,#,reference,candidates(datasheet-pin-table+rm-remap-grid:en)
CH32H417,afio-sdmmc-remap,3,SDMMC_SLVCK,PC12,#,reference,candidates(datasheet-pin-table+rm-remap-grid:en)
CH32H417,afio-sdmmc-remap,3,SDMMC_STR,PC11,#,reference,candidates(datasheet-pin-table+rm-remap-grid:en)
CH32H417,afio-sdmmc-remap,3,SDMMC_STS,PC10,#,reference,candidates(datasheet-pin-table+rm-remap-grid:en)
CH32H417,afio-uhsif-clk-remap,0,UHSIF_CLK,PF11,#,reference,candidates(datasheet-pin-table-default:en)
CH32H417,afio-uhsif-clk-remap,1,UHSIF_CLK,PC0,#,reference,candidates(datasheet-pin-table+rm-remap-grid:en)
CH32H417,afio-uhsif-clk-remap,2,UHSIF_CLK,PF14,#,reference,candidates(datasheet-pin-table+rm-remap-grid:en)
CH32H417,afio-uhsif-clk-remap,3,UHSIF_CLK,PD9,#,reference,candidates(datasheet-pin-table+rm-remap-grid:en)
CH32H417,afio-uhsif-port-remap,0,UHSIF_PORT0,PF12,#,reference,candidates(datasheet-pin-table-default:en)
CH32H417,afio-uhsif-port-remap,0,UHSIF_PORT1,PF13,#,reference,candidates(datasheet-pin-table-default:en)
CH32H417,afio-uhsif-port-remap,0,UHSIF_PORT10,PE15,#,reference,candidates(datasheet-pin-table-default:en)
CH32H417,afio-uhsif-port-remap,0,UHSIF_PORT11,PB10,#,reference,candidates(datasheet-pin-table-default:en)
CH32H417,afio-uhsif-port-remap,0,UHSIF_PORT12,PB11,#,reference,candidates(datasheet-pin-table-default:en)
CH32H417,afio-uhsif-port-remap,0,UHSIF_PORT13,PB12,#,reference,candidates(datasheet-pin-table-default:en)
CH32H417,afio-uhsif-port-remap,0,UHSIF_PORT14,PB13,#,reference,candidates(datasheet-pin-table-default:en)
CH32H417,afio-uhsif-port-remap,0,UHSIF_PORT15,PB14,#,reference,candidates(datasheet-pin-table-default:en)
CH32H417,afio-uhsif-port-remap,0,UHSIF_PORT16,PD10,#,reference,candidates(datasheet-pin-table-default:en)
CH32H417,afio-uhsif-port-remap,0,UHSIF_PORT17,PD11,#,reference,candidates(datasheet-pin-table-default:en)
CH32H417,afio-uhsif-port-remap,0,UHSIF_PORT18,PD12,#,reference,candidates(datasheet-pin-table-default:en)
CH32H417,afio-uhsif-port-remap,0,UHSIF_PORT19,PD13,#,reference,candidates(datasheet-pin-table-default:en)
CH32H417,afio-uhsif-port-remap,0,UHSIF_PORT2,PE7,#,reference,candidates(datasheet-pin-table-default:en)
CH32H417,afio-uhsif-port-remap,0,UHSIF_PORT20,PD14,#,reference,candidates(datasheet-pin-table-default:en)
CH32H417,afio-uhsif-port-remap,0,UHSIF_PORT21,PD15,#,reference,candidates(datasheet-pin-table-default:en)
CH32H417,afio-uhsif-port-remap,0,UHSIF_PORT22,PF0,#,reference,candidates(datasheet-pin-table-default:en)
CH32H417,afio-uhsif-port-remap,0,UHSIF_PORT23,PF1,#,reference,candidates(datasheet-pin-table-default:en)
CH32H417,afio-uhsif-port-remap,0,UHSIF_PORT24,PF2,#,reference,candidates(datasheet-pin-table-default:en)
CH32H417,afio-uhsif-port-remap,0,UHSIF_PORT25,PC6,#,reference,candidates(datasheet-pin-table-default:en)
CH32H417,afio-uhsif-port-remap,0,UHSIF_PORT26,PC7,#,reference,candidates(datasheet-pin-table-default:en)
CH32H417,afio-uhsif-port-remap,0,UHSIF_PORT27,PC8,#,reference,candidates(datasheet-pin-table-default:en)
CH32H417,afio-uhsif-port-remap,0,UHSIF_PORT28,PC9,#,reference,candidates(datasheet-pin-table-default:en)
CH32H417,afio-uhsif-port-remap,0,UHSIF_PORT29,PA13,#,reference,candidates(datasheet-pin-table-default:en)
CH32H417,afio-uhsif-port-remap,0,UHSIF_PORT3,PE8,#,reference,candidates(datasheet-pin-table-default:en)
CH32H417,afio-uhsif-port-remap,0,UHSIF_PORT30,PA14,#,reference,candidates(datasheet-pin-table-default:en)
CH32H417,afio-uhsif-port-remap,0,UHSIF_PORT31,PA15,#,reference,candidates(datasheet-pin-table-default:en)
CH32H417,afio-uhsif-port-remap,0,UHSIF_PORT32,PC10,#,reference,candidates(datasheet-pin-table-default:en)
CH32H417,afio-uhsif-port-remap,0,UHSIF_PORT33,PC11,#,reference,candidates(datasheet-pin-table-default:en)
CH32H417,afio-uhsif-port-remap,0,UHSIF_PORT34,PC12,#,reference,candidates(datasheet-pin-table-default:en)
CH32H417,afio-uhsif-port-remap,0,UHSIF_PORT35,PD0,#,reference,candidates(datasheet-pin-table-default:en)
CH32H417,afio-uhsif-port-remap,0,UHSIF_PORT36,PD1,#,reference,candidates(datasheet-pin-table-default:en)
CH32H417,afio-uhsif-port-remap,0,UHSIF_PORT37,PD2,#,reference,candidates(datasheet-pin-table-default:en)
CH32H417,afio-uhsif-port-remap,0,UHSIF_PORT38,PD3,#,reference,candidates(datasheet-pin-table-default:en)
CH32H417,afio-uhsif-port-remap,0,UHSIF_PORT39,PD4,#,reference,candidates(datasheet-pin-table-default:en)
CH32H417,afio-uhsif-port-remap,0,UHSIF_PORT4,PE9,#,reference,candidates(datasheet-pin-table-default:en)
CH32H417,afio-uhsif-port-remap,0,UHSIF_PORT40,PD5,#,reference,candidates(datasheet-pin-table-default:en)
CH32H417,afio-uhsif-port-remap,0,UHSIF_PORT41,PD6,#,reference,candidates(datasheet-pin-table-default:en)
CH32H417,afio-uhsif-port-remap,0,UHSIF_PORT42,PD7,#,reference,candidates(datasheet-pin-table-default:en)
CH32H417,afio-uhsif-port-remap,0,UHSIF_PORT43,PF3,#,reference,candidates(datasheet-pin-table-default:en)
CH32H417,afio-uhsif-port-remap,0,UHSIF_PORT44,PF4,#,reference,candidates(datasheet-pin-table-default:en)
CH32H417,afio-uhsif-port-remap,0,UHSIF_PORT45,PF5,#,reference,candidates(datasheet-pin-table-default:en)
CH32H417,afio-uhsif-port-remap,0,UHSIF_PORT46,PE0,#,reference,candidates(datasheet-pin-table-default:en)
CH32H417,afio-uhsif-port-remap,0,UHSIF_PORT47,PE1,#,reference,candidates(datasheet-pin-table-default:en)
CH32H417,afio-uhsif-port-remap,0,UHSIF_PORT5,PE10,#,reference,candidates(datasheet-pin-table-default:en)
CH32H417,afio-uhsif-port-remap,0,UHSIF_PORT6,PE11,#,reference,candidates(datasheet-pin-table-default:en)
CH32H417,afio-uhsif-port-remap,0,UHSIF_PORT7,PE12,#,reference,candidates(datasheet-pin-table-default:en)
CH32H417,afio-uhsif-port-remap,0,UHSIF_PORT8,PE13,#,reference,candidates(datasheet-pin-table-default:en)
CH32H417,afio-uhsif-port-remap,0,UHSIF_PORT9,PE14,#,reference,candidates(datasheet-pin-table-default:en)
CH32H417,afio-uhsif-port-remap,1,UHSIF_PORT3,PC1,#,reference,candidates(datasheet-pin-table+rm-remap-grid:en)
CH32H417,afio-uhsif-port-remap,1,UHSIF_PORT4,PC2,#,reference,candidates(datasheet-pin-table+rm-remap-grid:en)
CH32H417,afio-uhsif-port-remap,1,UHSIF_PORT5,PC3,#,reference,candidates(datasheet-pin-table+rm-remap-grid:en)
CH32H417,afio-uhsif-port-remap,1,UHSIF_PORT6,PB0,#,reference,candidates(datasheet-pin-table+rm-remap-grid:en)
CH32H417,afio-uhsif-port-remap,1,UHSIF_PORT7,PB1,#,reference,candidates(datasheet-pin-table+rm-remap-grid:en)
CH32H417,afio-uhsif-port-remap,2,UHSIF_PORT0,PC1,#,reference,candidates(datasheet-pin-table+rm-remap-grid:en)
CH32H417,afio-uhsif-port-remap,2,UHSIF_PORT1,PC2,#,reference,candidates(datasheet-pin-table+rm-remap-grid:en)
CH32H417,afio-uhsif-port-remap,2,UHSIF_PORT2,PC3,#,reference,candidates(datasheet-pin-table+rm-remap-grid:en)
CH32H417,afio-uhsif-port-remap,2,UHSIF_PORT3,PB0,#,reference,candidates(datasheet-pin-table+rm-remap-grid:en)
CH32H417,afio-uhsif-port-remap,2,UHSIF_PORT32,PC10,#,reference,candidates(datasheet-pin-table+rm-remap-grid:en)
CH32H417,afio-uhsif-port-remap,2,UHSIF_PORT33,PC11,#,reference,candidates(datasheet-pin-table+rm-remap-grid:en)
CH32H417,afio-uhsif-port-remap,2,UHSIF_PORT34,PC12,#,reference,candidates(datasheet-pin-table+rm-remap-grid:en)
CH32H417,afio-uhsif-port-remap,2,UHSIF_PORT35,PD0,#,reference,candidates(datasheet-pin-table+rm-remap-grid:en)
CH32H417,afio-uhsif-port-remap,2,UHSIF_PORT36,PD1,#,reference,candidates(datasheet-pin-table+rm-remap-grid:en)
CH32H417,afio-uhsif-port-remap,2,UHSIF_PORT37,PD2,#,reference,candidates(datasheet-pin-table+rm-remap-grid:en)
CH32H417,afio-uhsif-port-remap,2,UHSIF_PORT38,PD3,#,reference,candidates(datasheet-pin-table+rm-remap-grid:en)
CH32H417,afio-uhsif-port-remap,2,UHSIF_PORT39,PD4,#,reference,candidates(datasheet-pin-table+rm-remap-grid:en)
CH32H417,afio-uhsif-port-remap,2,UHSIF_PORT4,PB1,#,reference,candidates(datasheet-pin-table+rm-remap-grid:en)
CH32H417,afio-uhsif-port-remap,2,UHSIF_PORT40,PD5,#,reference,candidates(datasheet-pin-table+rm-remap-grid:en)
CH32H417,afio-uhsif-port-remap,2,UHSIF_PORT41,PD6,#,reference,candidates(datasheet-pin-table+rm-remap-grid:en)
CH32H417,afio-uhsif-port-remap,2,UHSIF_PORT42,PD7,#,reference,candidates(datasheet-pin-table+rm-remap-grid:en)
CH32H417,afio-uhsif-port-remap,2,UHSIF_PORT43,PF3,#,reference,candidates(datasheet-pin-table+rm-remap-grid:en)
CH32H417,afio-uhsif-port-remap,2,UHSIF_PORT44,PF4,#,reference,candidates(datasheet-pin-table+rm-remap-grid:en)
CH32H417,afio-uhsif-port-remap,2,UHSIF_PORT45,PF5,#,reference,candidates(datasheet-pin-table+rm-remap-grid:en)
CH32H417,afio-uhsif-port-remap,2,UHSIF_PORT46,PE0,#,reference,candidates(datasheet-pin-table+rm-remap-grid:en)
CH32H417,afio-uhsif-port-remap,2,UHSIF_PORT47,PE1,#,reference,candidates(datasheet-pin-table+rm-remap-grid:en)
CH32H417,afio-uhsif-port-remap,2,UHSIF_PORT5,PE10,#,reference,candidates(datasheet-pin-table+rm-remap-grid:en)
CH32H417,afio-uhsif-port-remap,2,UHSIF_PORT6,PE11,#,reference,candidates(datasheet-pin-table+rm-remap-grid:en)
CH32H417,afio-uhsif-port-remap,2,UHSIF_PORT7,PE12,#,reference,candidates(datasheet-pin-table+rm-remap-grid:en)
CH32H417,afio-uhsif-port-remap,3,UHSIF_PORT0,PC1,#,reference,candidates(datasheet-pin-table+rm-remap-grid:en)
CH32H417,afio-uhsif-port-remap,3,UHSIF_PORT1,PC2,#,reference,candidates(datasheet-pin-table+rm-remap-grid:en)
CH32H417,afio-uhsif-port-remap,3,UHSIF_PORT2,PC3,#,reference,candidates(datasheet-pin-table+rm-remap-grid:en)
CH32H417,afio-uhsif-port-remap,3,UHSIF_PORT3,PB0,#,reference,candidates(datasheet-pin-table+rm-remap-grid:en)
CH32H417,afio-uhsif-port-remap,3,UHSIF_PORT32,PC10,#,reference,candidates(datasheet-pin-table+rm-remap-grid:en)
CH32H417,afio-uhsif-port-remap,3,UHSIF_PORT33,PC11,#,reference,candidates(datasheet-pin-table+rm-remap-grid:en)
CH32H417,afio-uhsif-port-remap,3,UHSIF_PORT34,PC12,#,reference,candidates(datasheet-pin-table+rm-remap-grid:en)
CH32H417,afio-uhsif-port-remap,3,UHSIF_PORT35,PD0,#,reference,candidates(datasheet-pin-table+rm-remap-grid:en)
CH32H417,afio-uhsif-port-remap,3,UHSIF_PORT36,PD1,#,reference,candidates(datasheet-pin-table+rm-remap-grid:en)
CH32H417,afio-uhsif-port-remap,3,UHSIF_PORT37,PD2,#,reference,candidates(datasheet-pin-table+rm-remap-grid:en)
CH32H417,afio-uhsif-port-remap,3,UHSIF_PORT38,PD3,#,reference,candidates(datasheet-pin-table+rm-remap-grid:en)
CH32H417,afio-uhsif-port-remap,3,UHSIF_PORT39,PD4,#,reference,candidates(datasheet-pin-table+rm-remap-grid:en)
CH32H417,afio-uhsif-port-remap,3,UHSIF_PORT4,PB1,#,reference,candidates(datasheet-pin-table+rm-remap-grid:en)
CH32H417,afio-uhsif-port-remap,3,UHSIF_PORT40,PD5,#,reference,candidates(datasheet-pin-table+rm-remap-grid:en)
CH32H417,afio-uhsif-port-remap,3,UHSIF_PORT41,PD6,#,reference,candidates(datasheet-pin-table+rm-remap-grid:en)
CH32H417,afio-uhsif-port-remap,3,UHSIF_PORT42,PD7,#,reference,candidates(datasheet-pin-table+rm-remap-grid:en)
CH32H417,afio-uhsif-port-remap,3,UHSIF_PORT43,PF3,#,reference,candidates(datasheet-pin-table+rm-remap-grid:en)
CH32H417,afio-uhsif-port-remap,3,UHSIF_PORT44,PF4,#,reference,candidates(datasheet-pin-table+rm-remap-grid:en)
CH32H417,afio-uhsif-port-remap,3,UHSIF_PORT45,PF5,#,reference,candidates(datasheet-pin-table+rm-remap-grid:en)
CH32H417,afio-uhsif-port-remap,3,UHSIF_PORT46,PE0,#,reference,candidates(datasheet-pin-table+rm-remap-grid:en)
CH32H417,afio-uhsif-port-remap,3,UHSIF_PORT47,PE1,#,reference,candidates(datasheet-pin-table+rm-remap-grid:en)
CH32H417,afio-uhsif-port-remap,3,UHSIF_PORT5,PE10,#,reference,candidates(datasheet-pin-table+rm-remap-grid:en)
CH32H417,afio-uhsif-port-remap,3,UHSIF_PORT6,PE11,#,reference,candidates(datasheet-pin-table+rm-remap-grid:en)
CH32H417,afio-uhsif-port-remap,3,UHSIF_PORT7,PE12,#,reference,candidates(datasheet-pin-table+rm-remap-grid:en)
CH32L103,afio-can-rm,0,CAN1_RX,PA11,#,reference,candidates(datasheet-pin-table-default:en)
CH32L103,afio-can-rm,0,CAN1_TX,PA12,#,reference,candidates(datasheet-pin-table-default:en)
CH32L103,afio-can-rm,2,CAN1_RX,PB8,#,reference,candidates(datasheet-pin-table+rm-remap-grid:en)
CH32L103,afio-can-rm,2,CAN1_TX,PB9,#,reference,candidates(datasheet-pin-table+rm-remap-grid:en)
CH32L103,afio-can-rm,3,CAN1_RX,OSC_IN,#,reference,candidates(datasheet-pin-table+rm-remap-grid:en)
CH32L103,afio-can-rm,3,CAN1_TX,OSC_OUT,#,reference,candidates(datasheet-pin-table+rm-remap-grid:en)
CH32L103,afio-i2c1-rm,0,I2C1_SCL,PB6,#,reference,candidates(datasheet-pin-table-default:en)
CH32L103,afio-i2c1-rm,0,I2C1_SDA,PB7,#,reference,candidates(datasheet-pin-table-default:en)
CH32L103,afio-i2c1-rm,0,I2C1_SMBA,PB5,#,reference,candidates(datasheet-pin-table-default:en)
CH32L103,afio-i2c1-rm,2,I2C1_SCL,PA13,#,reference,candidates(datasheet-pin-table+rm-remap-grid:en)
CH32L103,afio-i2c1-rm,2,I2C1_SDA,PA12,#,reference,candidates(datasheet-pin-table+rm-remap-grid:en)
CH32L103,afio-i2c1-rm,2,I2C1_SMBA,PB5,#,reference,candidates(datasheet-pin-table+rm-remap-grid:en)
CH32L103,afio-i2c1-rm,3,I2C1_SCL,PB9,#,reference,candidates(datasheet-pin-table+rm-remap-grid:en)
CH32L103,afio-i2c1-rm,3,I2C1_SDA,PB11,#,reference,candidates(datasheet-pin-table+rm-remap-grid:en)
CH32L103,afio-i2c1-rm,3,I2C1_SMBA,PB5,#,reference,candidates(datasheet-pin-table+rm-remap-grid:en)
CH32L103,afio-lptim-rm,0,LPTIM_CH1,PB12,#,reference,candidates(datasheet-pin-table-default:en)
CH32L103,afio-lptim-rm,0,LPTIM_CH2,PB13,#,reference,candidates(datasheet-pin-table-default:en)
CH32L103,afio-lptim-rm,0,LPTIM_ETR,PB14,#,reference,candidates(datasheet-pin-table-default:en)
CH32L103,afio-lptim-rm,0,LPTIM_OUT,PB15,#,reference,candidates(datasheet-pin-table-default:en)
CH32L103,afio-lptim-rm,1,LPTIM_CH1,PB5,#,reference,candidates(datasheet-pin-table+rm-remap-grid:en)
CH32L103,afio-lptim-rm,1,LPTIM_CH2,PB7,#,reference,candidates(datasheet-pin-table+rm-remap-grid:en)
CH32L103,afio-lptim-rm,1,LPTIM_ETR,PB6,#,reference,candidates(datasheet-pin-table+rm-remap-grid:en)
CH32L103,afio-lptim-rm,1,LPT_OUT,PB2,#,reference,candidates(datasheet-pin-table+rm-remap-grid:en)
CH32L103,afio-spi1-rm,0,SPI1_MISO,PA6,#,reference,candidates(datasheet-pin-table-default:en)
CH32L103,afio-spi1-rm,0,SPI1_MOSI,PA7,#,reference,candidates(datasheet-pin-table-default:en)
CH32L103,afio-spi1-rm,0,SPI1_NSS,PA4,#,reference,candidates(datasheet-pin-table-default:en)
CH32L103,afio-spi1-rm,0,SPI1_SCK,PA5,#,reference,candidates(datasheet-pin-table-default:en)
CH32L103,afio-spi1-rm,1,SPI1_MISO,PB4,#,reference,candidates(datasheet-pin-table+rm-remap-grid:en)
CH32L103,afio-spi1-rm,1,SPI1_MOSI,PB5,#,reference,candidates(datasheet-pin-table+rm-remap-grid:en)
CH32L103,afio-spi1-rm,1,SPI1_NSS,PA15,#,reference,candidates(datasheet-pin-table+rm-remap-grid:en)
CH32L103,afio-spi1-rm,1,SPI1_SCK,PB3,#,reference,candidates(datasheet-pin-table+rm-remap-grid:en)
CH32L103,afio-spi1-rm,2,SPI1_MISO,PB8,#,reference,candidates(datasheet-pin-table+rm-remap-grid:en)
CH32L103,afio-spi1-rm,2,SPI1_MOSI,PB7,#,reference,candidates(datasheet-pin-table+rm-remap-grid:en)
CH32L103,afio-spi1-rm,2,SPI1_NSS,PA12,#,reference,candidates(datasheet-pin-table+rm-remap-grid:en)
CH32L103,afio-spi1-rm,2,SPI1_SCK,PB6,#,reference,candidates(datasheet-pin-table+rm-remap-grid:en)
CH32L103,afio-spi1-rm,3,SPI1_MISO,PB8,#,reference,candidates(datasheet-pin-table+rm-remap-grid:en)
CH32L103,afio-spi1-rm,3,SPI1_MOSI,PB7,#,reference,candidates(datasheet-pin-table+rm-remap-grid:en)
CH32L103,afio-spi1-rm,3,SPI1_NSS,PB12,#,reference,candidates(datasheet-pin-table+rm-remap-grid:en)
CH32L103,afio-spi1-rm,3,SPI1_SCK,PB6,#,reference,candidates(datasheet-pin-table+rm-remap-grid:en)
CH32L103,afio-tim1-rm,0,TIM1_BKIN,PB12,#,reference,candidates(datasheet-pin-table-default:en)
CH32L103,afio-tim1-rm,0,TIM1_CH1,PA8,#,reference,candidates(datasheet-pin-table-default:en)
CH32L103,afio-tim1-rm,0,TIM1_CH1N,PB13,#,reference,candidates(datasheet-pin-table-default:en)
CH32L103,afio-tim1-rm,0,TIM1_CH2,PA9,#,reference,candidates(datasheet-pin-table-default:en)
CH32L103,afio-tim1-rm,0,TIM1_CH2N,PB14,#,reference,candidates(datasheet-pin-table-default:en)
CH32L103,afio-tim1-rm,0,TIM1_CH3,PA10,#,reference,candidates(datasheet-pin-table-default:en)
CH32L103,afio-tim1-rm,0,TIM1_CH3N,PB15,#,reference,candidates(datasheet-pin-table-default:en)
CH32L103,afio-tim1-rm,0,TIM1_CH4,PA11,#,reference,candidates(datasheet-pin-table-default:en)
CH32L103,afio-tim1-rm,0,TIM1_ETR,PA12,#,reference,candidates(datasheet-pin-table-default:en)
CH32L103,afio-tim1-rm,1,TIM1_BKIN,PA6,#,reference,candidates(datasheet-pin-table+rm-remap-grid:en)
CH32L103,afio-tim1-rm,1,TIM1_CH1,PA8,#,reference,candidates(datasheet-pin-table+rm-remap-grid:en)
CH32L103,afio-tim1-rm,1,TIM1_CH1N,PA7,#,reference,candidates(datasheet-pin-table+rm-remap-grid:en)
CH32L103,afio-tim1-rm,1,TIM1_CH2,PA9,#,reference,candidates(datasheet-pin-table+rm-remap-grid:en)
CH32L103,afio-tim1-rm,1,TIM1_CH2N,PB0,#,reference,candidates(datasheet-pin-table+rm-remap-grid:en)
CH32L103,afio-tim1-rm,1,TIM1_CH3,PA10,#,reference,candidates(datasheet-pin-table+rm-remap-grid:en)
CH32L103,afio-tim1-rm,1,TIM1_CH3N,PB1,#,reference,candidates(datasheet-pin-table+rm-remap-grid:en)
CH32L103,afio-tim1-rm,1,TIM1_CH4,PA11,#,reference,candidates(datasheet-pin-table+rm-remap-grid:en)
CH32L103,afio-tim1-rm,1,TIM1_ETR,PA12,#,reference,candidates(datasheet-pin-table+rm-remap-grid:en)
CH32L103,afio-tim1-rm,2,TIM1_BKIN,PA13,#,reference,candidates(datasheet-pin-table+rm-remap-grid:en)
CH32L103,afio-tim1-rm,2,TIM1_CH1,PA1,#,reference,candidates(datasheet-pin-table+rm-remap-grid:en)
CH32L103,afio-tim1-rm,2,TIM1_CH1N,PB11,#,reference,candidates(datasheet-pin-table+rm-remap-grid:en)
CH32L103,afio-tim1-rm,2,TIM1_CH2,PA7,#,reference,candidates(datasheet-pin-table+rm-remap-grid:en)
CH32L103,afio-tim1-rm,2,TIM1_CH2N,PB0,#,reference,candidates(datasheet-pin-table+rm-remap-grid:en)
CH32L103,afio-tim1-rm,2,TIM1_CH3,PA14,#,reference,candidates(datasheet-pin-table+rm-remap-grid:en)
CH32L103,afio-tim1-rm,2,TIM1_CH3N,PB9,#,reference,candidates(datasheet-pin-table+rm-remap-grid:en)
CH32L103,afio-tim1-rm,2,TIM1_CH4,PB1,#,reference,candidates(datasheet-pin-table+rm-remap-grid:en)
CH32L103,afio-tim1-rm,2,TIM1_ETR,PB6,#,reference,candidates(datasheet-pin-table+rm-remap-grid:en)
CH32L103,afio-tim1-rm,3,TIM1_BKIN,PA13,#,reference,candidates(datasheet-pin-table+rm-remap-grid:en)
CH32L103,afio-tim1-rm,3,TIM1_CH1,PA1,#,reference,candidates(datasheet-pin-table+rm-remap-grid:en)
CH32L103,afio-tim1-rm,3,TIM1_CH1N,PB11,#,reference,candidates(datasheet-pin-table+rm-remap-grid:en)
CH32L103,afio-tim1-rm,3,TIM1_CH2,PA7,#,reference,candidates(datasheet-pin-table+rm-remap-grid:en)
CH32L103,afio-tim1-rm,3,TIM1_CH2N,PB0,#,reference,candidates(datasheet-pin-table+rm-remap-grid:en)
CH32L103,afio-tim1-rm,3,TIM1_CH3,PA14,#,reference,candidates(datasheet-pin-table+rm-remap-grid:en)
CH32L103,afio-tim1-rm,3,TIM1_CH3N,PB9,#,reference,candidates(datasheet-pin-table+rm-remap-grid:en)
CH32L103,afio-tim1-rm,3,TIM1_CH4,PB1,#,reference,candidates(datasheet-pin-table+rm-remap-grid:en)
CH32L103,afio-tim1-rm,3,TIM1_ETR,PA3,#,reference,candidates(datasheet-pin-table+rm-remap-grid:en)
CH32L103,afio-tim1-rm,4,TIM1_BKIN,PA12,#,reference,candidates(datasheet-pin-table+rm-remap-grid:en)
CH32L103,afio-tim1-rm,4,TIM1_CH1,PB7,#,reference,candidates(datasheet-pin-table+rm-remap-grid:en)
CH32L103,afio-tim1-rm,4,TIM1_CH1N,PA14,#,reference,candidates(datasheet-pin-table+rm-remap-grid:en)
CH32L103,afio-tim1-rm,4,TIM1_CH2,PB8,#,reference,candidates(datasheet-pin-table+rm-remap-grid:en)
CH32L103,afio-tim1-rm,4,TIM1_CH2N,PB1,#,reference,candidates(datasheet-pin-table+rm-remap-grid:en)
CH32L103,afio-tim1-rm,4,TIM1_CH3,PB12,#,reference,candidates(datasheet-pin-table+rm-remap-grid:en)
CH32L103,afio-tim1-rm,4,TIM1_CH3N,PB9,#,reference,candidates(datasheet-pin-table+rm-remap-grid:en)
CH32L103,afio-tim1-rm,4,TIM1_CH4,PA2,#,reference,candidates(datasheet-pin-table+rm-remap-grid:en)
CH32L103,afio-tim1-rm,4,TIM1_ETR,PB6,#,reference,candidates(datasheet-pin-table+rm-remap-grid:en)
CH32L103,afio-tim1-rm,5,TIM1_BKIN,PA12,#,reference,candidates(datasheet-pin-table+rm-remap-grid:en)
CH32L103,afio-tim1-rm,5,TIM1_CH1,PB1,#,reference,candidates(datasheet-pin-table+rm-remap-grid:en)
CH32L103,afio-tim1-rm,5,TIM1_CH1N,PA14,#,reference,candidates(datasheet-pin-table+rm-remap-grid:en)
CH32L103,afio-tim1-rm,5,TIM1_CH2,PB8,#,reference,candidates(datasheet-pin-table+rm-remap-grid:en)
CH32L103,afio-tim1-rm,5,TIM1_CH2N,PA1,#,reference,candidates(datasheet-pin-table+rm-remap-grid:en)
CH32L103,afio-tim1-rm,5,TIM1_CH3,PB6,#,reference,candidates(datasheet-pin-table+rm-remap-grid:en)
CH32L103,afio-tim1-rm,5,TIM1_CH3N,PB7,#,reference,candidates(datasheet-pin-table+rm-remap-grid:en)
CH32L103,afio-tim1-rm,5,TIM1_CH4,PA3,#,reference,candidates(datasheet-pin-table+rm-remap-grid:en)
CH32L103,afio-tim1-rm,5,TIM1_ETR,PA13,#,reference,candidates(datasheet-pin-table+rm-remap-grid:en)
CH32L103,afio-tim2-rm,0,TIM2_CH1_ETR,PA0-WKUP,#,reference,candidates(datasheet-pin-table-default:en)
CH32L103,afio-tim2-rm,0,TIM2_CH2,PA1,#,reference,candidates(datasheet-pin-table-default:en)
CH32L103,afio-tim2-rm,0,TIM2_CH3,PA2,#,reference,candidates(datasheet-pin-table-default:en)
CH32L103,afio-tim2-rm,0,TIM2_CH4,PA3,#,reference,candidates(datasheet-pin-table-default:en)
CH32L103,afio-tim2-rm,1,TIM2_CH1_ETR,PA15,#,reference,candidates(datasheet-pin-table+rm-remap-grid:en)
CH32L103,afio-tim2-rm,1,TIM2_CH2,PB3,#,reference,candidates(datasheet-pin-table+rm-remap-grid:en)
CH32L103,afio-tim2-rm,1,TIM2_CH3,PA2,#,reference,candidates(datasheet-pin-table+rm-remap-grid:en)
CH32L103,afio-tim2-rm,1,TIM2_CH4,PA3,#,reference,candidates(datasheet-pin-table+rm-remap-grid:en)
CH32L103,afio-tim2-rm,2,TIM2_CH1_ETR,PA0-WKUP,#,reference,candidates(datasheet-pin-table+rm-remap-grid:en)
CH32L103,afio-tim2-rm,2,TIM2_CH2,PA1,#,reference,candidates(datasheet-pin-table+rm-remap-grid:en)
CH32L103,afio-tim2-rm,2,TIM2_CH3,PB10,#,reference,candidates(datasheet-pin-table+rm-remap-grid:en)
CH32L103,afio-tim2-rm,2,TIM2_CH4,PB11,#,reference,candidates(datasheet-pin-table+rm-remap-grid:en)
CH32L103,afio-tim2-rm,3,TIM2_CH1_ETR,PA15,#,reference,candidates(datasheet-pin-table+rm-remap-grid:en)
CH32L103,afio-tim2-rm,3,TIM2_CH2,PB3,#,reference,candidates(datasheet-pin-table+rm-remap-grid:en)
CH32L103,afio-tim2-rm,3,TIM2_CH3,PB10,#,reference,candidates(datasheet-pin-table+rm-remap-grid:en)
CH32L103,afio-tim2-rm,3,TIM2_CH4,PB11,#,reference,candidates(datasheet-pin-table+rm-remap-grid:en)
CH32L103,afio-tim2-rm,4,TIM2_CH1_ETR,PA3,#,reference,candidates(datasheet-pin-table+rm-remap-grid:en)
CH32L103,afio-tim2-rm,4,TIM2_CH2,PA2,#,reference,candidates(datasheet-pin-table+rm-remap-grid:en)
CH32L103,afio-tim2-rm,4,TIM2_CH3,PB12,#,reference,candidates(datasheet-pin-table+rm-remap-grid:en)
CH32L103,afio-tim2-rm,4,TIM2_CH4,PA6,#,reference,candidates(datasheet-pin-table+rm-remap-grid:en)
CH32L103,afio-tim2-rm,5,TIM2_CH1_ETR,PA12,#,reference,candidates(datasheet-pin-table+rm-remap-grid:en)
CH32L103,afio-tim2-rm,5,TIM2_CH2,PA2,#,reference,candidates(datasheet-pin-table+rm-remap-grid:en)
CH32L103,afio-tim2-rm,5,TIM2_CH3,PB12,#,reference,candidates(datasheet-pin-table+rm-remap-grid:en)
CH32L103,afio-tim2-rm,5,TIM2_CH4,PA6,#,reference,candidates(datasheet-pin-table+rm-remap-grid:en)
CH32L103,afio-tim2-rm,7,TIM2_CH1_ETR,PA12,#,reference,candidates(datasheet-pin-table+rm-remap-grid:en)
CH32L103,afio-tim2-rm,7,TIM2_CH2,PB8,#,reference,candidates(datasheet-pin-table+rm-remap-grid:en)
CH32L103,afio-tim2-rm,7,TIM2_CH3,PA5,#,reference,candidates(datasheet-pin-table+rm-remap-grid:en)
CH32L103,afio-tim2-rm,7,TIM2_CH4,PA4,#,reference,candidates(datasheet-pin-table+rm-remap-grid:en)
CH32L103,afio-tim3-rm,0,TIM3_CH1,PA6,#,reference,candidates(datasheet-pin-table-default:en)
CH32L103,afio-tim3-rm,0,TIM3_CH2,PA7,#,reference,candidates(datasheet-pin-table-default:en)
CH32L103,afio-tim3-rm,0,TIM3_CH3,PB0,#,reference,candidates(datasheet-pin-table-default:en)
CH32L103,afio-tim3-rm,0,TIM3_CH4,PB1,#,reference,candidates(datasheet-pin-table-default:en)
CH32L103,afio-tim3-rm,1,TIM3_CH1,PB4,#,reference,candidates(datasheet-pin-table+rm-remap-grid:en)
CH32L103,afio-tim3-rm,1,TIM3_CH2,PB5,#,reference,candidates(datasheet-pin-table+rm-remap-grid:en)
CH32L103,afio-tim3-rm,1,TIM3_CH3,PB0,#,reference,candidates(datasheet-pin-table+rm-remap-grid:en)
CH32L103,afio-tim3-rm,1,TIM3_CH4,PB1,#,reference,candidates(datasheet-pin-table+rm-remap-grid:en)
CH32L103,afio-tim4-rm,0,TIM4_CH1,PB6,#,reference,candidates(datasheet-pin-table-default:en)
CH32L103,afio-tim4-rm,0,TIM4_CH2,PB7,#,reference,candidates(datasheet-pin-table-default:en)
CH32L103,afio-tim4-rm,0,TIM4_CH3,PB8,#,reference,candidates(datasheet-pin-table-default:en)
CH32L103,afio-tim4-rm,0,TIM4_CH4,PB9,#,reference,candidates(datasheet-pin-table-default:en)
CH32L103,afio-tim4-rm,1,TIM4_CH1,PB10,#,reference,candidates(datasheet-pin-table+rm-remap-grid:en)
CH32L103,afio-tim4-rm,1,TIM4_CH2,PB11,#,reference,candidates(datasheet-pin-table+rm-remap-grid:en)
CH32L103,afio-tim4-rm,1,TIM4_CH3,PB8,#,reference,candidates(datasheet-pin-table+rm-remap-grid:en)
CH32L103,afio-tim4-rm,1,TIM4_CH4,PB9,#,reference,candidates(datasheet-pin-table+rm-remap-grid:en)
CH32L103,afio-usart1-rm,0,USART1_CK,PA8,#,reference,candidates(datasheet-pin-table-default:en)
CH32L103,afio-usart1-rm,0,USART1_CTS,PA11,#,reference,candidates(datasheet-pin-table-default:en)
CH32L103,afio-usart1-rm,0,USART1_RTS,PA12,#,reference,candidates(datasheet-pin-table-default:en)
CH32L103,afio-usart1-rm,0,USART1_RX,PA10,#,reference,candidates(datasheet-pin-table-default:en)
CH32L103,afio-usart1-rm,0,USART1_TX,PA9,#,reference,candidates(datasheet-pin-table-default:en)
CH32L103,afio-usart1-rm,1,USART1_CK,PA8,#,reference,candidates(datasheet-pin-table+rm-remap-grid:en)
CH32L103,afio-usart1-rm,1,USART1_CTS,PA11,#,reference,candidates(datasheet-pin-table+rm-remap-grid:en)
CH32L103,afio-usart1-rm,1,USART1_RTS,PA12,#,reference,candidates(datasheet-pin-table+rm-remap-grid:en)
CH32L103,afio-usart1-rm,1,USART1_RX,PB7,#,reference,candidates(datasheet-pin-table+rm-remap-grid:en)
CH32L103,afio-usart1-rm,1,USART1_TX,PB6,#,reference,candidates(datasheet-pin-table+rm-remap-grid:en)
CH32L103,afio-usart1-rm,2,USART1_CK,PA3,#,reference,candidates(datasheet-pin-table+rm-remap-grid:en)
CH32L103,afio-usart1-rm,2,USART1_CTS,PA2,#,reference,candidates(datasheet-pin-table+rm-remap-grid:en)
CH32L103,afio-usart1-rm,2,USART1_RTS,PA13,#,reference,candidates(datasheet-pin-table+rm-remap-grid:en)
CH32L103,afio-usart1-rm,2,USART1_RX,PA5,#,reference,candidates(datasheet-pin-table+rm-remap-grid:en)
CH32L103,afio-usart1-rm,2,USART1_TX,PA4,#,reference,candidates(datasheet-pin-table+rm-remap-grid:en)
CH32L103,afio-usart1-rm,3,USART1_CK,PA6,#,reference,candidates(datasheet-pin-table+rm-remap-grid:en)
CH32L103,afio-usart1-rm,3,USART1_CTS,PB7,#,reference,candidates(datasheet-pin-table+rm-remap-grid:en)
CH32L103,afio-usart1-rm,3,USART1_RTS,PB8,#,reference,candidates(datasheet-pin-table+rm-remap-grid:en)
CH32L103,afio-usart1-rm,3,USART1_RX,PA4,#,reference,candidates(datasheet-pin-table+rm-remap-grid:en)
CH32L103,afio-usart1-rm,3,USART1_TX,PA5,#,reference,candidates(datasheet-pin-table+rm-remap-grid:en)
CH32L103,afio-usart1-rm,4,USART1_CK,PA6,#,reference,candidates(datasheet-pin-table+rm-remap-grid:en)
CH32L103,afio-usart1-rm,4,USART1_CTS,PA14,#,reference,candidates(datasheet-pin-table+rm-remap-grid:en)
CH32L103,afio-usart1-rm,4,USART1_RTS,PA13,#,reference,candidates(datasheet-pin-table+rm-remap-grid:en)
CH32L103,afio-usart1-rm,4,USART1_RX,PB9,#,reference,candidates(datasheet-pin-table+rm-remap-grid:en)
CH32L103,afio-usart1-rm,4,USART1_TX,PB11,#,reference,candidates(datasheet-pin-table+rm-remap-grid:en)
CH32L103,afio-usart1-rm,5,USART1_CK,PB6,#,reference,candidates(datasheet-pin-table+rm-remap-grid:en)
CH32L103,afio-usart1-rm,5,USART1_CTS,PB7,#,reference,candidates(datasheet-pin-table+rm-remap-grid:en)
CH32L103,afio-usart1-rm,5,USART1_RTS,PB8,#,reference,candidates(datasheet-pin-table+rm-remap-grid:en)
CH32L103,afio-usart1-rm,5,USART1_RX,PA12,#,reference,candidates(datasheet-pin-table+rm-remap-grid:en)
CH32L103,afio-usart1-rm,5,USART1_TX,PB12,#,reference,candidates(datasheet-pin-table+rm-remap-grid:en)
CH32L103,afio-usart2-rm,0,USART2_CK,PA4,#,reference,candidates(datasheet-pin-table-default:en)
CH32L103,afio-usart2-rm,0,USART2_CTS,PA0-WKUP,#,reference,candidates(datasheet-pin-table-default:en)
CH32L103,afio-usart2-rm,0,USART2_RTS,PA1,#,reference,candidates(datasheet-pin-table-default:en)
CH32L103,afio-usart2-rm,0,USART2_RX,PA3,#,reference,candidates(datasheet-pin-table-default:en)
CH32L103,afio-usart2-rm,0,USART2_TX,PA2,#,reference,candidates(datasheet-pin-table-default:en)
CH32L103,afio-usart2-rm,2,USART2_CK,PA4,#,reference,candidates(datasheet-pin-table+rm-remap-grid:en)
CH32L103,afio-usart2-rm,2,USART2_CTS,PA0-WKUP,#,reference,candidates(datasheet-pin-table+rm-remap-grid:en)
CH32L103,afio-usart2-rm,2,USART2_RTS,PA1,#,reference,candidates(datasheet-pin-table+rm-remap-grid:en)
CH32L103,afio-usart2-rm,2,USART2_RX,PA12,#,reference,candidates(datasheet-pin-table+rm-remap-grid:en)
CH32L103,afio-usart2-rm,2,USART2_TX,PA11,#,reference,candidates(datasheet-pin-table+rm-remap-grid:en)
CH32L103,afio-usart2-rm,3,USART2_CK,PA4,#,reference,candidates(datasheet-pin-table+rm-remap-grid:en)
CH32L103,afio-usart2-rm,3,USART2_CTS,PA0-WKUP,#,reference,candidates(datasheet-pin-table+rm-remap-grid:en)
CH32L103,afio-usart2-rm,3,USART2_RTS,PA1,#,reference,candidates(datasheet-pin-table+rm-remap-grid:en)
CH32L103,afio-usart2-rm,3,USART2_RX,PA11,#,reference,candidates(datasheet-pin-table+rm-remap-grid:en)
CH32L103,afio-usart2-rm,3,USART2_TX,PA12,#,reference,candidates(datasheet-pin-table+rm-remap-grid:en)
CH32L103,afio-usart3-rm,0,USART3_CK,PB12,#,reference,candidates(datasheet-pin-table-default:en)
CH32L103,afio-usart3-rm,0,USART3_CTS,PB13,#,reference,candidates(datasheet-pin-table-default:en)
CH32L103,afio-usart3-rm,0,USART3_RTS,PB14,#,reference,candidates(datasheet-pin-table-default:en)
CH32L103,afio-usart3-rm,0,USART3_RX,PB11,#,reference,candidates(datasheet-pin-table-default:en)
CH32L103,afio-usart3-rm,0,USART3_TX,PB10,#,reference,candidates(datasheet-pin-table-default:en)
CH32L103,afio-usart3-rm,2,USART3_CK,PB12,#,reference,candidates(datasheet-pin-table+rm-remap-grid:en)
CH32L103,afio-usart3-rm,2,USART3_CTS,PB13,#,reference,candidates(datasheet-pin-table+rm-remap-grid:en)
CH32L103,afio-usart3-rm,2,USART3_RTS,PB14,#,reference,candidates(datasheet-pin-table+rm-remap-grid:en)
CH32L103,afio-usart3-rm,2,USART3_RX,OSC_IN,#,reference,candidates(datasheet-pin-table+rm-remap-grid:en)
CH32L103,afio-usart3-rm,2,USART3_TX,OSC_OUT,#,reference,candidates(datasheet-pin-table+rm-remap-grid:en)
CH32L103,afio-usart3-rm,3,USART3_CK,PB12,#,reference,candidates(datasheet-pin-table+rm-remap-grid:en)
CH32L103,afio-usart3-rm,3,USART3_CTS,PB13,#,reference,candidates(datasheet-pin-table+rm-remap-grid:en)
CH32L103,afio-usart3-rm,3,USART3_RTS,PB14,#,reference,candidates(datasheet-pin-table+rm-remap-grid:en)
CH32L103,afio-usart3-rm,3,USART3_RX,OSC_OUT,#,reference,candidates(datasheet-pin-table+rm-remap-grid:en)
CH32L103,afio-usart3-rm,3,USART3_TX,OSC_IN,#,reference,candidates(datasheet-pin-table+rm-remap-grid:en)
CH32L103,afio-usart4-rm,0,USART4_CK,PB2,#,reference,candidates(datasheet-pin-table-default:en)
CH32L103,afio-usart4-rm,0,USART4_CTS,PB3,#,reference,candidates(datasheet-pin-table-default:en)
CH32L103,afio-usart4-rm,0,USART4_RTS,PB4,#,reference,candidates(datasheet-pin-table-default:en)
CH32L103,afio-usart4-rm,0,USART4_RX,PB1,#,reference,candidates(datasheet-pin-table-default:en)
CH32L103,afio-usart4-rm,0,USART4_TX,PB0,#,reference,candidates(datasheet-pin-table-default:en)
CH32L103,afio-usart4-rm,1,USART4_CK,PA6,#,reference,candidates(datasheet-pin-table+rm-remap-grid:en)
CH32L103,afio-usart4-rm,1,USART4_CTS,PA7,#,reference,candidates(datasheet-pin-table+rm-remap-grid:en)
CH32L103,afio-usart4-rm,1,USART4_RTS,PA15,#,reference,candidates(datasheet-pin-table+rm-remap-grid:en)
CH32L103,afio-usart4-rm,1,USART4_RX,PB5,#,reference,candidates(datasheet-pin-table+rm-remap-grid:en)
CH32L103,afio-usart4-rm,1,USART4_TX,PA5,#,reference,candidates(datasheet-pin-table+rm-remap-grid:en)
CH32M007,afio-adc-etrginj-remap,0,ADC_IETR,PD1,#,reference,candidates(datasheet-pin-table-default:en)
CH32M007,afio-adc-etrgreg-remap,0,ADC_IN4,PD3,#,reference,candidates(datasheet-pin-table-default:en)
CH32M007,afio-adc-etrgreg-remap,0,ADC_RETR,PD3,#,reference,candidates(datasheet-pin-table-default:en)
CH32M007,afio-adc-etrgreg-remap,1,ADC_RETR,PC2,#,reference,candidates(datasheet-pin-table+rm-remap-grid:en)
CH32M007,afio-i2c1-remap,0,I2C_SCL,PC2,#,reference,candidates(datasheet-pin-table-default:en)
CH32M007,afio-i2c1-remap,0,I2C_SDA,PC1,#,reference,candidates(datasheet-pin-table-default:en)
CH32M007,afio-i2c1-remap,1,I2C_SCL,PD1,#,reference,candidates(datasheet-pin-table+rm-remap-grid:en)
CH32M007,afio-i2c1-remap,2,I2C_SCL,PC5,#,reference,candidates(datasheet-pin-table+rm-remap-grid:en)
CH32M007,afio-i2c1-remap,2,I2C_SDA,PC4,#,reference,candidates(datasheet-pin-table+rm-remap-grid:en)
CH32M007,afio-i2c1-remap,4,I2C_SCL,PB3,#,reference,candidates(datasheet-pin-table+rm-remap-grid:en)
CH32M007,afio-i2c1-remap,4,I2C_SDA,PD1,#,reference,candidates(datasheet-pin-table+rm-remap-grid:en)
CH32M007,afio-spi1-remap,0,SPI_MISO,PC7,#,reference,candidates(datasheet-pin-table-default:en)
CH32M007,afio-spi1-remap,0,SPI_NSS,PC1,#,reference,candidates(datasheet-pin-table-default:en)
CH32M007,afio-spi1-remap,0,SPI_SCK,PC5,#,reference,candidates(datasheet-pin-table-default:en)
CH32M007,afio-spi1-remap,1,SPI_MISO,PC7,#,reference,candidates(datasheet-pin-table+rm-remap-grid:en)
CH32M007,afio-spi1-remap,1,SPI_NSS,PC0,#,reference,candidates(datasheet-pin-table+rm-remap-grid:en)
CH32M007,afio-spi1-remap,1,SPI_SCK,PC5,#,reference,candidates(datasheet-pin-table+rm-remap-grid:en)
CH32M007,afio-spi1-remap,2,SPI_MISO,PB3,#,reference,candidates(datasheet-pin-table+rm-remap-grid:en)
CH32M007,afio-spi1-remap,2,SPI_MOSI,PD3,#,reference,candidates(datasheet-pin-table+rm-remap-grid:en)
CH32M007,afio-spi1-remap,2,SPI_NSS,PC4,#,reference,candidates(datasheet-pin-table+rm-remap-grid:en)
CH32M007,afio-spi1-remap,2,SPI_SCK,PD2,#,reference,candidates(datasheet-pin-table+rm-remap-grid:en)
CH32M007,afio-spi1-remap,3,SPI_MOSI,PC0,#,reference,candidates(datasheet-pin-table+rm-remap-grid:en)
CH32M007,afio-spi1-remap,4,SPI_MISO,PD5,#,reference,candidates(datasheet-pin-table+rm-remap-grid:en)
CH32M007,afio-spi1-remap,4,SPI_MOSI,PD6,#,reference,candidates(datasheet-pin-table+rm-remap-grid:en)
CH32M007,afio-spi1-remap,4,SPI_NSS,PD3,#,reference,candidates(datasheet-pin-table+rm-remap-grid:en)
CH32M007,afio-spi1-remap,4,SPI_SCK,PD4,#,reference,candidates(datasheet-pin-table+rm-remap-grid:en)
CH32M007,afio-spi1-remap,5,SPI_NSS,PC1,#,reference,candidates(datasheet-pin-table+rm-remap-grid:en)
CH32M007,afio-spi1-remap,5,SPI_SCK,PA1,#,reference,candidates(datasheet-pin-table+rm-remap-grid:en)
CH32M007,afio-spi1-remap,6,SPI_MISO,PC7,#,reference,candidates(datasheet-pin-table+rm-remap-grid:en)
CH32M007,afio-spi1-remap,6,SPI_NSS,PC4,#,reference,candidates(datasheet-pin-table+rm-remap-grid:en)
CH32M007,afio-tim1-remap,0,TIM1_BKIN,PC2,#,reference,candidates(datasheet-pin-table-default:en)
CH32M007,afio-tim1-remap,0,TIM1_CH1,PD2,#,reference,candidates(datasheet-pin-table-default:en)
CH32M007,afio-tim1-remap,0,TIM1_CH2,PA1,#,reference,candidates(datasheet-pin-table-default:en)
CH32M007,afio-tim1-remap,0,TIM1_CH3N,PD1,#,reference,candidates(datasheet-pin-table-default:en)
CH32M007,afio-tim1-remap,0,TIM1_CH4,PC4,#,reference,candidates(datasheet-pin-table-default:en)
CH32M007,afio-tim1-remap,0,TIM1_ETR,PC5,#,reference,candidates(datasheet-pin-table-default:en)
CH32M007,afio-tim1-remap,1,TIM1_BKIN,PC2,#,reference,candidates(datasheet-pin-table+rm-remap-grid:en)
CH32M007,afio-tim1-remap,1,TIM1_CH1,PD2,#,reference,candidates(datasheet-pin-table+rm-remap-grid:en)
CH32M007,afio-tim1-remap,1,TIM1_CH2,PA1,#,reference,candidates(datasheet-pin-table+rm-remap-grid:en)
CH32M007,afio-tim1-remap,1,TIM1_CH3N,PD1,#,reference,candidates(datasheet-pin-table+rm-remap-grid:en)
CH32M007,afio-tim1-remap,1,TIM1_CH4,PC4,#,reference,candidates(datasheet-pin-table+rm-remap-grid:en)
CH32M007,afio-tim1-remap,1,TIM1_ETR,PD4,#,reference,candidates(datasheet-pin-table+rm-remap-grid:en)
CH32M007,afio-tim1-remap,2,TIM1_BKIN,PC1,#,reference,candidates(datasheet-pin-table+rm-remap-grid:en)
CH32M007,afio-tim1-remap,2,TIM1_CH2,PC7,#,reference,candidates(datasheet-pin-table+rm-remap-grid:en)
CH32M007,afio-tim1-remap,2,TIM1_CH2N,PC4,#,reference,candidates(datasheet-pin-table+rm-remap-grid:en)
CH32M007,afio-tim1-remap,2,TIM1_CH3,PC0,#,reference,candidates(datasheet-pin-table+rm-remap-grid:en)
CH32M007,afio-tim1-remap,2,TIM1_CH3N,PD1,#,reference,candidates(datasheet-pin-table+rm-remap-grid:en)
CH32M007,afio-tim1-remap,2,TIM1_CH4,PD3,#,reference,candidates(datasheet-pin-table+rm-remap-grid:en)
CH32M007,afio-tim1-remap,2,TIM1_ETR,PC5,#,reference,candidates(datasheet-pin-table+rm-remap-grid:en)
CH32M007,afio-tim1-remap,3,TIM1_BKIN,PC1,#,reference,candidates(datasheet-pin-table+rm-remap-grid:en)
CH32M007,afio-tim1-remap,3,TIM1_CH1,PC4,#,reference,candidates(datasheet-pin-table+rm-remap-grid:en)
CH32M007,afio-tim1-remap,3,TIM1_CH2,PC7,#,reference,candidates(datasheet-pin-table+rm-remap-grid:en)
CH32M007,afio-tim1-remap,3,TIM1_CH2N,PD2,#,reference,candidates(datasheet-pin-table+rm-remap-grid:en)
CH32M007,afio-tim1-remap,3,TIM1_CH3,PC5,#,reference,candidates(datasheet-pin-table+rm-remap-grid:en)
CH32M007,afio-tim1-remap,3,TIM1_CH4,PD4,#,reference,candidates(datasheet-pin-table+rm-remap-grid:en)
CH32M007,afio-tim1-remap,3,TIM1_ETR,PC2,#,reference,candidates(datasheet-pin-table+rm-remap-grid:en)
CH32M007,afio-tim1-remap,4,TIM1_BKIN,PB3,#,reference,candidates(datasheet-pin-table+rm-remap-grid:en)
CH32M007,afio-tim1-remap,4,TIM1_CH4,PD1,#,reference,candidates(datasheet-pin-table+rm-remap-grid:en)
CH32M007,afio-tim1-remap,4,TIM1_ETR,PD4,#,reference,candidates(datasheet-pin-table+rm-remap-grid:en)
CH32M007,afio-tim1-remap,5,TIM1_BKIN,PB3,#,reference,candidates(datasheet-pin-table+rm-remap-grid:en)
CH32M007,afio-tim1-remap,5,TIM1_CH4,PD1,#,reference,candidates(datasheet-pin-table+rm-remap-grid:en)
CH32M007,afio-tim1-remap,5,TIM1_ETR,PD4,#,reference,candidates(datasheet-pin-table+rm-remap-grid:en)
CH32M007,afio-tim1-remap,6,TIM1_ETR,PD4,#,reference,candidates(datasheet-pin-table+rm-remap-grid:en)
CH32M007,afio-tim1-remap,7,TIM1_CH1,PC4,#,reference,candidates(datasheet-pin-table+rm-remap-grid:en)
CH32M007,afio-tim1-remap,7,TIM1_CH1N,PC0,#,reference,candidates(datasheet-pin-table+rm-remap-grid:en)
CH32M007,afio-tim1-remap,7,TIM1_CH2,PC5,#,reference,candidates(datasheet-pin-table+rm-remap-grid:en)
CH32M007,afio-tim1-remap,7,TIM1_CH2N,PC1,#,reference,candidates(datasheet-pin-table+rm-remap-grid:en)
CH32M007,afio-tim1-remap,7,TIM1_CH3N,PC2,#,reference,candidates(datasheet-pin-table+rm-remap-grid:en)
CH32M007,afio-tim1-remap,7,TIM1_CH4,PC7,#,reference,candidates(datasheet-pin-table+rm-remap-grid:en)
CH32M007,afio-tim1-remap,8,TIM1_CH1,PC4,#,reference,candidates(datasheet-pin-table+rm-remap-grid:en)
CH32M007,afio-tim1-remap,8,TIM1_CH2,PC5,#,reference,candidates(datasheet-pin-table+rm-remap-grid:en)
CH32M007,afio-tim1-remap,8,TIM1_CH4,PC7,#,reference,candidates(datasheet-pin-table+rm-remap-grid:en)
CH32M007,afio-tim1-remap,9,TIM1_CH1N,PC0,#,reference,candidates(datasheet-pin-table+rm-remap-grid:en)
CH32M007,afio-tim1-remap,9,TIM1_CH2,PA1,#,reference,candidates(datasheet-pin-table+rm-remap-grid:en)
CH32M007,afio-tim1-remap,9,TIM1_CH2N,PC1,#,reference,candidates(datasheet-pin-table+rm-remap-grid:en)
CH32M007,afio-tim1-remap,9,TIM1_CH3N,PC2,#,reference,candidates(datasheet-pin-table+rm-remap-grid:en)
CH32M007,afio-tim2-remap,0,TIM2_CH1_ETR,PD4,#,reference,candidates(datasheet-pin-table-default:en)
CH32M007,afio-tim2-remap,0,TIM2_CH2,PD3,#,reference,candidates(datasheet-pin-table-default:en)
CH32M007,afio-tim2-remap,0,TIM2_CH3,PC0,#,reference,candidates(datasheet-pin-table-default:en)
CH32M007,afio-tim2-remap,0,TIM2_CH4,PD7,#,reference,candidates(datasheet-pin-table-default:en)
CH32M007,afio-tim2-remap,1,TIM2_CH1_ETR,PC1,#,reference,candidates(datasheet-pin-table+rm-remap-grid:en)
CH32M007,afio-tim2-remap,1,TIM2_CH2,PD3,#,reference,candidates(datasheet-pin-table+rm-remap-grid:en)
CH32M007,afio-tim2-remap,1,TIM2_CH3,PC0,#,reference,candidates(datasheet-pin-table+rm-remap-grid:en)
CH32M007,afio-tim2-remap,1,TIM2_CH4,PD7,#,reference,candidates(datasheet-pin-table+rm-remap-grid:en)
CH32M007,afio-tim2-remap,2,TIM2_CH1_ETR,PC5,#,reference,candidates(datasheet-pin-table+rm-remap-grid:en)
CH32M007,afio-tim2-remap,2,TIM2_CH2,PB3,#,reference,candidates(datasheet-pin-table+rm-remap-grid:en)
CH32M007,afio-tim2-remap,2,TIM2_CH3,PD2,#,reference,candidates(datasheet-pin-table+rm-remap-grid:en)
CH32M007,afio-tim2-remap,2,TIM2_CH4,PC1,#,reference,candidates(datasheet-pin-table+rm-remap-grid:en)
CH32M007,afio-tim2-remap,3,TIM2_CH1_ETR,PC1,#,reference,candidates(datasheet-pin-table+rm-remap-grid:en)
CH32M007,afio-tim2-remap,3,TIM2_CH2,PC7,#,reference,candidates(datasheet-pin-table+rm-remap-grid:en)
CH32M007,afio-tim2-remap,3,TIM2_CH3,PD6,#,reference,candidates(datasheet-pin-table+rm-remap-grid:en)
CH32M007,afio-tim2-remap,3,TIM2_CH4,PD5,#,reference,candidates(datasheet-pin-table+rm-remap-grid:en)
CH32M007,afio-tim2-remap,4,TIM2_CH1_ETR,PC0,#,reference,candidates(datasheet-pin-table+rm-remap-grid:en)
CH32M007,afio-tim2-remap,4,TIM2_CH2,PC1,#,reference,candidates(datasheet-pin-table+rm-remap-grid:en)
CH32M007,afio-tim2-remap,5,TIM2_CH2,PA1,#,reference,candidates(datasheet-pin-table+rm-remap-grid:en)
CH32M007,afio-tim2-remap,6,TIM2_CH2,PA1,#,reference,candidates(datasheet-pin-table+rm-remap-grid:en)
CH32M007,afio-tim2-remap,7,TIM2_CH1_ETR,PD3,#,reference,candidates(datasheet-pin-table+rm-remap-grid:en)
CH32M007,afio-tim2-remap,7,TIM2_CH2,PD4,#,reference,candidates(datasheet-pin-table+rm-remap-grid:en)
CH32M007,afio-usart1-remap,0,USART1_CTS,PD3,#,reference,candidates(datasheet-pin-table-default:en)
CH32M007,afio-usart1-remap,0,USART1_RTS,PC2,#,reference,candidates(datasheet-pin-table-default:en)
CH32M007,afio-usart1-remap,0,USART1_RX,PD6,#,reference,candidates(datasheet-pin-table-default:en)
CH32M007,afio-usart1-remap,0,USART1_TX,PD5,#,reference,candidates(datasheet-pin-table-default:en)
CH32M007,afio-usart1-remap,1,USART1_RTS,PC7,#,reference,candidates(datasheet-pin-table+rm-remap-grid:en)
CH32M007,afio-usart1-remap,1,USART1_RX,PD5,#,reference,candidates(datasheet-pin-table+rm-remap-grid:en)
CH32M007,afio-usart1-remap,1,USART1_TX,PD6,#,reference,candidates(datasheet-pin-table+rm-remap-grid:en)
CH32M007,afio-usart1-remap,2,USART1_RTS,PC2,#,reference,candidates(datasheet-pin-table+rm-remap-grid:en)
CH32M007,afio-usart1-remap,2,USART1_RX,PD1,#,reference,candidates(datasheet-pin-table+rm-remap-grid:en)
CH32M007,afio-usart1-remap,3,USART1_RTS,PC7,#,reference,candidates(datasheet-pin-table+rm-remap-grid:en)
CH32M007,afio-usart1-remap,3,USART1_RX,PC1,#,reference,candidates(datasheet-pin-table+rm-remap-grid:en)
CH32M007,afio-usart1-remap,3,USART1_TX,PC0,#,reference,candidates(datasheet-pin-table+rm-remap-grid:en)
CH32M007,afio-usart1-remap,4,USART1_CTS,PD7,#,reference,candidates(datasheet-pin-table+rm-remap-grid:en)
CH32M007,afio-usart1-remap,4,USART1_RTS,PA5,#,reference,candidates(datasheet-pin-table+rm-remap-grid:en)
CH32M007,afio-usart1-remap,4,USART1_RX,PB3,#,reference,candidates(datasheet-pin-table+rm-remap-grid:en)
CH32M007,afio-usart1-remap,4,USART1_TX,PD1,#,reference,candidates(datasheet-pin-table+rm-remap-grid:en)
CH32M007,afio-usart1-remap,5,USART1_CTS,PD7,#,reference,candidates(datasheet-pin-table+rm-remap-grid:en)
CH32M007,afio-usart1-remap,5,USART1_RTS,PA5,#,reference,candidates(datasheet-pin-table+rm-remap-grid:en)
CH32M007,afio-usart1-remap,5,USART1_RX,PD1,#,reference,candidates(datasheet-pin-table+rm-remap-grid:en)
CH32M007,afio-usart1-remap,5,USART1_TX,PB3,#,reference,candidates(datasheet-pin-table+rm-remap-grid:en)
CH32M007,afio-usart1-remap,6,USART1_CTS,PC7,#,reference,candidates(datasheet-pin-table+rm-remap-grid:en)
CH32M007,afio-usart1-remap,6,USART1_TX,PC5,#,reference,candidates(datasheet-pin-table+rm-remap-grid:en)
CH32M007,afio-usart1-remap,7,USART1_CTS,PC7,#,reference,candidates(datasheet-pin-table+rm-remap-grid:en)
CH32M007,afio-usart1-remap,8,USART1_CTS,PD2,#,reference,candidates(datasheet-pin-table+rm-remap-grid:en)
CH32M007,afio-usart1-remap,8,USART1_RTS,PD3,#,reference,candidates(datasheet-pin-table+rm-remap-grid:en)
CH32M007,afio-usart1-remap,8,USART1_RX,PA1,#,reference,candidates(datasheet-pin-table+rm-remap-grid:en)
CH32M007,afio-usart1-remap,9,USART1_CTS,PD5,#,reference,candidates(datasheet-pin-table+rm-remap-grid:en)
CH32M007,afio-usart1-remap,9,USART1_RTS,PD4,#,reference,candidates(datasheet-pin-table+rm-remap-grid:en)
CH32M007,afio-usart1-remap,9,USART1_RX,PC4,#,reference,candidates(datasheet-pin-table+rm-remap-grid:en)
CH32M007,afio-usart2-remap,0,USART2_CTS,PA4,#,reference,candidates(datasheet-pin-table-default:en)
CH32M007,afio-usart2-remap,0,USART2_RTS,PA5,#,reference,candidates(datasheet-pin-table-default:en)
CH32M007,afio-usart2-remap,0,USART2_RX,PB3,#,reference,candidates(datasheet-pin-table-default:en)
CH32M007,afio-usart2-remap,1,USART2_RTS,PB3,#,reference,candidates(datasheet-pin-table+rm-remap-grid:en)
CH32M007,afio-usart2-remap,1,USART2_RX,PA5,#,reference,candidates(datasheet-pin-table+rm-remap-grid:en)
CH32M007,afio-usart2-remap,1,USART2_TX,PA4,#,reference,candidates(datasheet-pin-table+rm-remap-grid:en)
CH32M007,afio-usart2-remap,2,USART2_RTS,PA1,#,reference,candidates(datasheet-pin-table+rm-remap-grid:en)
CH32M007,afio-usart2-remap,3,USART2_RTS,PA1,#,reference,candidates(datasheet-pin-table+rm-remap-grid:en)
CH32M007,afio-usart2-remap,3,USART2_RX,PD3,#,reference,candidates(datasheet-pin-table+rm-remap-grid:en)
CH32M007,afio-usart2-remap,3,USART2_TX,PD2,#,reference,candidates(datasheet-pin-table+rm-remap-grid:en)
CH32M007,afio-usart2-remap,4,USART2_RTS,PA1,#,reference,candidates(datasheet-pin-table+rm-remap-grid:en)
CH32M007,afio-usart2-remap,5,USART2_CTS,PA4,#,reference,candidates(datasheet-pin-table+rm-remap-grid:en)
CH32M007,afio-usart2-remap,5,USART2_RTS,PA1,#,reference,candidates(datasheet-pin-table+rm-remap-grid:en)
CH32M007,afio-usart2-remap,5,USART2_RX,PD1,#,reference,candidates(datasheet-pin-table+rm-remap-grid:en)
CH32M007,afio-usart2-remap,5,USART2_TX,PC4,#,reference,candidates(datasheet-pin-table+rm-remap-grid:en)
CH32M007,afio-usart2-remap,6,USART2_RTS,PB3,#,reference,candidates(datasheet-pin-table+rm-remap-grid:en)
CH32M007,afio-usart2-remap,6,USART2_RX,PA5,#,reference,candidates(datasheet-pin-table+rm-remap-grid:en)
CH32M030,afio-adc-etrgin-remap,0,ADC_ETR,PA14,#,reference,candidates(datasheet-pin-table-default:en)
CH32M030,afio-adc-etrgin-remap,0,ADC_IN0,PB2,#,reference,candidates(datasheet-pin-table-default:en)
CH32M030,afio-adc-etrgin-remap,0,ADC_IN1,PB3,#,reference,candidates(datasheet-pin-table-default:en)
CH32M030,afio-adc-etrgin-remap,0,ADC_IN10,PA15,#,reference,candidates(datasheet-pin-table-default:en)
CH32M030,afio-adc-etrgin-remap,0,ADC_IN11,PB0,#,reference,candidates(datasheet-pin-table-default:en)
CH32M030,afio-adc-etrgin-remap,0,ADC_IN12,PB1,#,reference,candidates(datasheet-pin-table-default:en)
CH32M030,afio-adc-etrgin-remap,0,ADC_IN13,PA0,#,reference,candidates(datasheet-pin-table-default:en)
CH32M030,afio-adc-etrgin-remap,0,ADC_IN14,PA1,#,reference,candidates(datasheet-pin-table-default:en)
CH32M030,afio-adc-etrgin-remap,0,ADC_IN15,PA2,#,reference,candidates(datasheet-pin-table-default:en)
CH32M030,afio-adc-etrgin-remap,0,ADC_IN16,PA3,#,reference,candidates(datasheet-pin-table-default:en)
CH32M030,afio-adc-etrgin-remap,0,ADC_IN17,PB4,#,reference,candidates(datasheet-pin-table-default:en)
CH32M030,afio-adc-etrgin-remap,0,ADC_IN18,PA13,#,reference,candidates(datasheet-pin-table-default:en)
CH32M030,afio-adc-etrgin-remap,0,ADC_IN19,PA12,#,reference,candidates(datasheet-pin-table-default:en)
CH32M030,afio-adc-etrgin-remap,0,ADC_IN2,PA7,#,reference,candidates(datasheet-pin-table-default:en)
CH32M030,afio-adc-etrgin-remap,0,ADC_IN3,PB5,#,reference,candidates(datasheet-pin-table-default:en)
CH32M030,afio-adc-etrgin-remap,0,ADC_IN4,PB6,#,reference,candidates(datasheet-pin-table-default:en)
CH32M030,afio-adc-etrgin-remap,0,ADC_IN5,PA4,#,reference,candidates(datasheet-pin-table-default:en)
CH32M030,afio-adc-etrgin-remap,0,ADC_IN6,PA5,#,reference,candidates(datasheet-pin-table-default:en)
CH32M030,afio-adc-etrgin-remap,0,ADC_IN7,PA8,#,reference,candidates(datasheet-pin-table-default:en)
CH32M030,afio-adc-etrgin-remap,0,ADC_IN8,PA11,#,reference,candidates(datasheet-pin-table-default:en)
CH32M030,afio-adc-etrgin-remap,0,ADC_IN9,PA14,#,reference,candidates(datasheet-pin-table-default:en)
CH32M030,afio-adc-etrgin-remap,1,ADC_ETR,PB6,#,reference,candidates(datasheet-pin-table+rm-remap-grid:en)
CH32M030,afio-i2c1-remap,0,I2C_SCL,PB3,#,reference,candidates(datasheet-pin-table-default:en)
CH32M030,afio-i2c1-remap,0,I2C_SDA,PB2,#,reference,candidates(datasheet-pin-table-default:en)
CH32M030,afio-i2c1-remap,1,I2C_SCL,PA2,#,reference,candidates(datasheet-pin-table+rm-remap-grid:en)
CH32M030,afio-i2c1-remap,1,I2C_SDA,PB6,#,reference,candidates(datasheet-pin-table+rm-remap-grid:en)
CH32M030,afio-i2c1-remap,2,I2C_SCL,PA15,#,reference,candidates(datasheet-pin-table+rm-remap-grid:en)
CH32M030,afio-i2c1-remap,2,I2C_SDA,PA14,#,reference,candidates(datasheet-pin-table+rm-remap-grid:en)
CH32M030,afio-i2c1-remap,3,I2C_SCL,PA2,#,reference,candidates(datasheet-pin-table+rm-remap-grid:en)
CH32M030,afio-i2c1-remap,3,I2C_SDA,PA3,#,reference,candidates(datasheet-pin-table+rm-remap-grid:en)
CH32M030,afio-spi1-remap,0,SPI_MISO,PC4,#,reference,candidates(datasheet-pin-table-default:en)
CH32M030,afio-spi1-remap,0,SPI_MOSI,PC3,#,reference,candidates(datasheet-pin-table-default:en)
CH32M030,afio-spi1-remap,0,SPI_NSS,PA0,#,reference,candidates(datasheet-pin-table-default:en)
CH32M030,afio-spi1-remap,0,SPI_SCK,PA1,#,reference,candidates(datasheet-pin-table-default:en)
CH32M030,afio-spi1-remap,1,SPI_MISO,PA4,#,reference,candidates(datasheet-pin-table+rm-remap-grid:en)
CH32M030,afio-spi1-remap,1,SPI_MOSI,PB5,#,reference,candidates(datasheet-pin-table+rm-remap-grid:en)
CH32M030,afio-spi1-remap,1,SPI_NSS,PA2,#,reference,candidates(datasheet-pin-table+rm-remap-grid:en)
CH32M030,afio-spi1-remap,1,SPI_SCK,PB6,#,reference,candidates(datasheet-pin-table+rm-remap-grid:en)
CH32M030,afio-spi1-remap,2,SPI_MISO,PC4,#,reference,candidates(datasheet-pin-table+rm-remap-grid:en)
CH32M030,afio-spi1-remap,2,SPI_MOSI,PA11,#,reference,candidates(datasheet-pin-table+rm-remap-grid:en)
CH32M030,afio-spi1-remap,2,SPI_NSS,PA0,#,reference,candidates(datasheet-pin-table+rm-remap-grid:en)
CH32M030,afio-spi1-remap,2,SPI_SCK,PA1,#,reference,candidates(datasheet-pin-table+rm-remap-grid:en)
CH32M030,afio-spi1-remap,3,SPI_MISO,PA4,#,reference,candidates(datasheet-pin-table+rm-remap-grid:en)
CH32M030,afio-spi1-remap,3,SPI_MOSI,PA8,#,reference,candidates(datasheet-pin-table+rm-remap-grid:en)
CH32M030,afio-spi1-remap,3,SPI_NSS,PA2,#,reference,candidates(datasheet-pin-table+rm-remap-grid:en)
CH32M030,afio-spi1-remap,3,SPI_SCK,PA1,#,reference,candidates(datasheet-pin-table+rm-remap-grid:en)
CH32M030,afio-tim1-remap,0,TIM1_BKIN,PA15,#,reference,candidates(datasheet-pin-table-default:en)
CH32M030,afio-tim1-remap,0,TIM1_CH1,PB9,#,reference,candidates(datasheet-pin-table-default:en)
CH32M030,afio-tim1-remap,0,TIM1_CH1N,PB8,#,reference,candidates(datasheet-pin-table-default:en)
CH32M030,afio-tim1-remap,0,TIM1_CH2,PB11,#,reference,candidates(datasheet-pin-table-default:en)
CH32M030,afio-tim1-remap,0,TIM1_CH2N,PB10,#,reference,candidates(datasheet-pin-table-default:en)
CH32M030,afio-tim1-remap,0,TIM1_CH3,PB13,#,reference,candidates(datasheet-pin-table-default:en)
CH32M030,afio-tim1-remap,0,TIM1_CH3N,PB12,#,reference,candidates(datasheet-pin-table-default:en)
CH32M030,afio-tim1-remap,0,TIM1_CH4,PC0,#,reference,candidates(datasheet-pin-table-default:en)
CH32M030,afio-tim1-remap,0,TIM1_ETR,PC1,#,reference,candidates(datasheet-pin-table-default:en)
CH32M030,afio-tim1-remap,1,TIM1_BKIN,PA13,#,reference,candidates(datasheet-pin-table+rm-remap-grid:en)
CH32M030,afio-tim1-remap,1,TIM1_CH1,PB9,#,reference,candidates(datasheet-pin-table+rm-remap-grid:en)
CH32M030,afio-tim1-remap,1,TIM1_CH1N,PB8,#,reference,candidates(datasheet-pin-table+rm-remap-grid:en)
CH32M030,afio-tim1-remap,1,TIM1_CH2,PB11,#,reference,candidates(datasheet-pin-table+rm-remap-grid:en)
CH32M030,afio-tim1-remap,1,TIM1_CH2N,PB10,#,reference,candidates(datasheet-pin-table+rm-remap-grid:en)
CH32M030,afio-tim1-remap,1,TIM1_CH3,PB13,#,reference,candidates(datasheet-pin-table+rm-remap-grid:en)
CH32M030,afio-tim1-remap,1,TIM1_CH3N,PB12,#,reference,candidates(datasheet-pin-table+rm-remap-grid:en)
CH32M030,afio-tim1-remap,1,TIM1_CH4,PB15,#,reference,candidates(datasheet-pin-table+rm-remap-grid:en)
CH32M030,afio-tim1-remap,1,TIM1_ETR,PC1,#,reference,candidates(datasheet-pin-table+rm-remap-grid:en)
CH32M030,afio-tim1-remap,2,TIM1_BKIN,PA15,#,reference,candidates(datasheet-pin-table+rm-remap-grid:en)
CH32M030,afio-tim1-remap,2,TIM1_CH1,PB9,#,reference,candidates(datasheet-pin-table+rm-remap-grid:en)
CH32M030,afio-tim1-remap,2,TIM1_CH1N,PB8,#,reference,candidates(datasheet-pin-table+rm-remap-grid:en)
CH32M030,afio-tim1-remap,2,TIM1_CH2,PB11,#,reference,candidates(datasheet-pin-table+rm-remap-grid:en)
CH32M030,afio-tim1-remap,2,TIM1_CH2N,PB10,#,reference,candidates(datasheet-pin-table+rm-remap-grid:en)
CH32M030,afio-tim1-remap,2,TIM1_CH3,PB15,#,reference,candidates(datasheet-pin-table+rm-remap-grid:en)
CH32M030,afio-tim1-remap,2,TIM1_CH3N,PB14,#,reference,candidates(datasheet-pin-table+rm-remap-grid:en)
CH32M030,afio-tim1-remap,2,TIM1_CH4,PC2,#,reference,candidates(datasheet-pin-table+rm-remap-grid:en)
CH32M030,afio-tim1-remap,2,TIM1_ETR,PA4,#,reference,candidates(datasheet-pin-table+rm-remap-grid:en)
CH32M030,afio-tim1-remap,3,TIM1_BKIN,PA15,#,reference,candidates(datasheet-pin-table+rm-remap-grid:en)
CH32M030,afio-tim1-remap,3,TIM1_CH1,PC3,#,reference,candidates(datasheet-pin-table+rm-remap-grid:en)
CH32M030,afio-tim1-remap,3,TIM1_CH1N,PC2,#,reference,candidates(datasheet-pin-table+rm-remap-grid:en)
CH32M030,afio-tim1-remap,3,TIM1_CH2,PC4,#,reference,candidates(datasheet-pin-table+rm-remap-grid:en)
CH32M030,afio-tim1-remap,3,TIM1_CH2N,PC1,#,reference,candidates(datasheet-pin-table+rm-remap-grid:en)
CH32M030,afio-tim1-remap,3,TIM1_CH3,PA0,#,reference,candidates(datasheet-pin-table+rm-remap-grid:en)
CH32M030,afio-tim1-remap,3,TIM1_CH3N,PC0,#,reference,candidates(datasheet-pin-table+rm-remap-grid:en)
CH32M030,afio-tim1-remap,3,TIM1_CH4,PC5,#,reference,candidates(datasheet-pin-table+rm-remap-grid:en)
CH32M030,afio-tim1-remap,3,TIM1_ETR,PA4,#,reference,candidates(datasheet-pin-table+rm-remap-grid:en)
CH32M030,afio-tim1-remap,4,TIM1_BKIN,PA15,#,reference,candidates(datasheet-pin-table+rm-remap-grid:en)
CH32M030,afio-tim1-remap,4,TIM1_CH1,PB9,#,reference,candidates(datasheet-pin-table+rm-remap-grid:en)
CH32M030,afio-tim1-remap,4,TIM1_CH1,PC3,#,reference,candidates(datasheet-pin-table+rm-remap-grid:en)
CH32M030,afio-tim1-remap,4,TIM1_CH1N,PB8,#,reference,candidates(datasheet-pin-table+rm-remap-grid:en)
CH32M030,afio-tim1-remap,4,TIM1_CH1N,PC2,#,reference,candidates(datasheet-pin-table+rm-remap-grid:en)
CH32M030,afio-tim1-remap,4,TIM1_CH2,PB11,#,reference,candidates(datasheet-pin-table+rm-remap-grid:en)
CH32M030,afio-tim1-remap,4,TIM1_CH2,PC4,#,reference,candidates(datasheet-pin-table+rm-remap-grid:en)
CH32M030,afio-tim1-remap,4,TIM1_CH2N,PB10,#,reference,candidates(datasheet-pin-table+rm-remap-grid:en)
CH32M030,afio-tim1-remap,4,TIM1_CH2N,PC1,#,reference,candidates(datasheet-pin-table+rm-remap-grid:en)
CH32M030,afio-tim1-remap,4,TIM1_CH3,PA0,#,reference,candidates(datasheet-pin-table+rm-remap-grid:en)
CH32M030,afio-tim1-remap,4,TIM1_CH3,PB13,#,reference,candidates(datasheet-pin-table+rm-remap-grid:en)
CH32M030,afio-tim1-remap,4,TIM1_CH3N,PB12,#,reference,candidates(datasheet-pin-table+rm-remap-grid:en)
CH32M030,afio-tim1-remap,4,TIM1_CH3N,PC0,#,reference,candidates(datasheet-pin-table+rm-remap-grid:en)
CH32M030,afio-tim1-remap,4,TIM1_CH4,PA1,#,reference,candidates(datasheet-pin-table+rm-remap-grid:en)
CH32M030,afio-tim1-remap,4,TIM1_ETR,PA4,#,reference,candidates(datasheet-pin-table+rm-remap-grid:en)
CH32M030,afio-tim2-remap,0,TIM2_CH1N,PA7,#,reference,candidates(datasheet-pin-table-default:en)
CH32M030,afio-tim2-remap,0,TIM2_CH1_ETR,PA5,#,reference,candidates(datasheet-pin-table-default:en)
CH32M030,afio-tim2-remap,0,TIM2_CH2,PA6,#,reference,candidates(datasheet-pin-table-default:en)
CH32M030,afio-tim2-remap,0,TIM2_CH2N,PA4,#,reference,candidates(datasheet-pin-table-default:en)
CH32M030,afio-tim2-remap,0,TIM2_CH3,PA7,#,reference,candidates(datasheet-pin-table-default:en)
CH32M030,afio-tim2-remap,0,TIM2_CH4,PA4,#,reference,candidates(datasheet-pin-table-default:en)
CH32M030,afio-tim2-remap,1,TIM2_CH1N,PB1,#,reference,candidates(datasheet-pin-table+rm-remap-grid:en)
CH32M030,afio-tim2-remap,1,TIM2_CH1_ETR,PA3,#,reference,candidates(datasheet-pin-table+rm-remap-grid:en)
CH32M030,afio-tim2-remap,1,TIM2_CH2,PB0,#,reference,candidates(datasheet-pin-table+rm-remap-grid:en)
CH32M030,afio-tim2-remap,1,TIM2_CH2N,PB2,#,reference,candidates(datasheet-pin-table+rm-remap-grid:en)
CH32M030,afio-tim2-remap,1,TIM2_CH3,PB1,#,reference,candidates(datasheet-pin-table+rm-remap-grid:en)
CH32M030,afio-tim2-remap,1,TIM2_CH4,PB2,#,reference,candidates(datasheet-pin-table+rm-remap-grid:en)
CH32M030,afio-tim2-remap,2,TIM2_CH1N,PB12,#,reference,candidates(datasheet-pin-table+rm-remap-grid:en)
CH32M030,afio-tim2-remap,2,TIM2_CH1_ETR,PB13,#,reference,candidates(datasheet-pin-table+rm-remap-grid:en)
CH32M030,afio-tim2-remap,2,TIM2_CH2,PB15,#,reference,candidates(datasheet-pin-table+rm-remap-grid:en)
CH32M030,afio-tim2-remap,2,TIM2_CH2,PC5,#,reference,candidates(datasheet-pin-table+rm-remap-grid:en)
CH32M030,afio-tim2-remap,2,TIM2_CH2N,PB14,#,reference,candidates(datasheet-pin-table+rm-remap-grid:en)
CH32M030,afio-tim2-remap,2,TIM2_CH3,PB12,#,reference,candidates(datasheet-pin-table+rm-remap-grid:en)
CH32M030,afio-tim2-remap,2,TIM2_CH4,PB14,#,reference,candidates(datasheet-pin-table+rm-remap-grid:en)
CH32M030,afio-tim2-remap,3,TIM2_CH1N,PB1,#,reference,candidates(datasheet-pin-table+rm-remap-grid:en)
CH32M030,afio-tim2-remap,3,TIM2_CH1_ETR,PB5,#,reference,candidates(datasheet-pin-table+rm-remap-grid:en)
CH32M030,afio-tim2-remap,3,TIM2_CH2,PB6,#,reference,candidates(datasheet-pin-table+rm-remap-grid:en)
CH32M030,afio-tim2-remap,3,TIM2_CH2N,PB2,#,reference,candidates(datasheet-pin-table+rm-remap-grid:en)
CH32M030,afio-tim2-remap,3,TIM2_CH3,PB1,#,reference,candidates(datasheet-pin-table+rm-remap-grid:en)
CH32M030,afio-tim2-remap,3,TIM2_CH4,PB2,#,reference,candidates(datasheet-pin-table+rm-remap-grid:en)
CH32M030,afio-tim3-remap,0,TIM3_CH1N,PB2,#,reference,candidates(datasheet-pin-table-default:en)
CH32M030,afio-tim3-remap,0,TIM3_CH1_ETR,PC0,#,reference,candidates(datasheet-pin-table-default:en)
CH32M030,afio-tim3-remap,0,TIM3_CH2,PC1,#,reference,candidates(datasheet-pin-table-default:en)
CH32M030,afio-tim3-remap,0,TIM3_CH2N,PB3,#,reference,candidates(datasheet-pin-table-default:en)
CH32M030,afio-tim3-remap,1,TIM3_CH1N,PC1,#,reference,candidates(datasheet-pin-table+rm-remap-grid:en)
CH32M030,afio-tim3-remap,1,TIM3_CH1_ETR,PC0,#,reference,candidates(datasheet-pin-table+rm-remap-grid:en)
CH32M030,afio-tim3-remap,1,TIM3_CH2,PB2,#,reference,candidates(datasheet-pin-table+rm-remap-grid:en)
CH32M030,afio-tim3-remap,1,TIM3_CH2N,PB3,#,reference,candidates(datasheet-pin-table+rm-remap-grid:en)
CH32M030,afio-tim3-remap,2,TIM3_CH1N,PB4,#,reference,candidates(datasheet-pin-table+rm-remap-grid:en)
CH32M030,afio-tim3-remap,2,TIM3_CH1_ETR,PB2,#,reference,candidates(datasheet-pin-table+rm-remap-grid:en)
CH32M030,afio-tim3-remap,2,TIM3_CH2,PB3,#,reference,candidates(datasheet-pin-table+rm-remap-grid:en)
CH32M030,afio-tim3-remap,2,TIM3_CH2N,PB5,#,reference,candidates(datasheet-pin-table+rm-remap-grid:en)
CH32M030,afio-tim3-remap,3,TIM3_CH1N,PA4,#,reference,candidates(datasheet-pin-table+rm-remap-grid:en)
CH32M030,afio-tim3-remap,3,TIM3_CH1_ETR,PA2,#,reference,candidates(datasheet-pin-table+rm-remap-grid:en)
CH32M030,afio-tim3-remap,3,TIM3_CH2,PB5,#,reference,candidates(datasheet-pin-table+rm-remap-grid:en)
CH32M030,afio-tim3-remap,3,TIM3_CH2N,PB6,#,reference,candidates(datasheet-pin-table+rm-remap-grid:en)
CH32M030,afio-tim3-remap,4,TIM3_CH1N,PB12,#,reference,candidates(datasheet-pin-table+rm-remap-grid:en)
CH32M030,afio-tim3-remap,4,TIM3_CH1_ETR,PB13,#,reference,candidates(datasheet-pin-table+rm-remap-grid:en)
CH32M030,afio-tim3-remap,4,TIM3_CH2,PB15,#,reference,candidates(datasheet-pin-table+rm-remap-grid:en)
CH32M030,afio-tim3-remap,4,TIM3_CH2N,PB14,#,reference,candidates(datasheet-pin-table+rm-remap-grid:en)
CH32M030,afio-uart1-remap,0,UART_CTS,PA14,#,reference,candidates(datasheet-pin-table-default:en)
CH32M030,afio-uart1-remap,0,UART_RTS,PA15,#,reference,candidates(datasheet-pin-table-default:en)
CH32M030,afio-uart1-remap,0,UART_RX,PC0,#,reference,candidates(datasheet-pin-table-default:en)
CH32M030,afio-uart1-remap,0,UART_TX,PC1,#,reference,candidates(datasheet-pin-table-default:en)
CH32M030,afio-uart1-remap,1,UART_CTS,PA14,#,reference,candidates(datasheet-pin-table+rm-remap-grid:en)
CH32M030,afio-uart1-remap,1,UART_RTS,PA15,#,reference,candidates(datasheet-pin-table+rm-remap-grid:en)
CH32M030,afio-uart1-remap,1,UART_RX,PC2,#,reference,candidates(datasheet-pin-table+rm-remap-grid:en)
CH32M030,afio-uart1-remap,1,UART_TX,PC1,#,reference,candidates(datasheet-pin-table+rm-remap-grid:en)
CH32M030,afio-uart1-remap,2,UART_CTS,PA2,#,reference,candidates(datasheet-pin-table+rm-remap-grid:en)
CH32M030,afio-uart1-remap,2,UART_RTS,PA4,#,reference,candidates(datasheet-pin-table+rm-remap-grid:en)
CH32M030,afio-uart1-remap,2,UART_RX,PB5,#,reference,candidates(datasheet-pin-table+rm-remap-grid:en)
CH32M030,afio-uart1-remap,2,UART_TX,PB6,#,reference,candidates(datasheet-pin-table+rm-remap-grid:en)
CH32M030,afio-uart1-remap,3,UART_CTS,PB2,#,reference,candidates(datasheet-pin-table+rm-remap-grid:en)
CH32M030,afio-uart1-remap,3,UART_RTS,PB3,#,reference,candidates(datasheet-pin-table+rm-remap-grid:en)
CH32M030,afio-uart1-remap,3,UART_RX,PB0,#,reference,candidates(datasheet-pin-table+rm-remap-grid:en)
CH32M030,afio-uart1-remap,3,UART_TX,PB1,#,reference,candidates(datasheet-pin-table+rm-remap-grid:en)
CH32M030,afio-uart1-remap,4,UART_CTS,PB2,#,reference,candidates(datasheet-pin-table+rm-remap-grid:en)
CH32M030,afio-uart1-remap,4,UART_RTS,PB3,#,reference,candidates(datasheet-pin-table+rm-remap-grid:en)
CH32M030,afio-uart1-remap,4,UART_RX,PA2,#,reference,candidates(datasheet-pin-table+rm-remap-grid:en)
CH32M030,afio-uart1-remap,4,UART_TX,PA3,#,reference,candidates(datasheet-pin-table+rm-remap-grid:en)
CH32M030,afio-uart1-remap,5,UART_CTS,PB2,#,reference,candidates(datasheet-pin-table+rm-remap-grid:en)
CH32M030,afio-uart1-remap,5,UART_RTS,PB3,#,reference,candidates(datasheet-pin-table+rm-remap-grid:en)
CH32M030,afio-uart1-remap,5,UART_RX,PA3,#,reference,candidates(datasheet-pin-table+rm-remap-grid:en)
CH32M030,afio-uart1-remap,5,UART_TX,PA2,#,reference,candidates(datasheet-pin-table+rm-remap-grid:en)
CH32M030,extend-isink1-adj,0,ISINK1,PA6,#,reference,candidates(datasheet-pin-table-default:en)
CH32M030,extend-isink2-adj,0,ISINK2,PA7,#,reference,candidates(datasheet-pin-table-default:en)
CH32M103,afio-can-rm,0,CAN1_RX,PA11,#,reference,candidates(datasheet-pin-table-default:en)
CH32M103,afio-can-rm,0,CAN1_TX,PA12,#,reference,candidates(datasheet-pin-table-default:en)
CH32M103,afio-can-rm,2,CAN1_RX,PB8,#,reference,candidates(datasheet-pin-table+rm-remap-grid:en)
CH32M103,afio-i2c1-rm,0,I2C1_SCL,PB6,#,reference,candidates(datasheet-pin-table-default:en)
CH32M103,afio-i2c1-rm,0,I2C1_SDA,PB7,#,reference,candidates(datasheet-pin-table-default:en)
CH32M103,afio-i2c1-rm,0,I2C1_SMBA,PB5,#,reference,candidates(datasheet-pin-table-default:en)
CH32M103,afio-i2c1-rm,2,I2C1_SCL,PA13,#,reference,candidates(datasheet-pin-table+rm-remap-grid:en)
CH32M103,afio-i2c1-rm,2,I2C1_SDA,PA12,#,reference,candidates(datasheet-pin-table+rm-remap-grid:en)
CH32M103,afio-i2c1-rm,2,I2C1_SMBA,PB5,#,reference,candidates(datasheet-pin-table+rm-remap-grid:en)
CH32M103,afio-i2c1-rm,3,I2C1_SDA,PB11,#,reference,candidates(datasheet-pin-table+rm-remap-grid:en)
CH32M103,afio-i2c1-rm,3,I2C1_SMBA,PB5,#,reference,candidates(datasheet-pin-table+rm-remap-grid:en)
CH32M103,afio-lptim-rm,1,LPTIM_CH1,PB5,#,reference,candidates(datasheet-pin-table+rm-remap-grid:en)
CH32M103,afio-lptim-rm,1,LPTIM_CH2,PB7,#,reference,candidates(datasheet-pin-table+rm-remap-grid:en)
CH32M103,afio-lptim-rm,1,LPTIM_ETR,PB6,#,reference,candidates(datasheet-pin-table+rm-remap-grid:en)
CH32M103,afio-spi1-rm,0,SPI1_MISO,PA6,#,reference,candidates(datasheet-pin-table-default:en)
CH32M103,afio-spi1-rm,0,SPI1_MOSI,PA7,#,reference,candidates(datasheet-pin-table-default:en)
CH32M103,afio-spi1-rm,0,SPI1_NSS,PA4,#,reference,candidates(datasheet-pin-table-default:en)
CH32M103,afio-spi1-rm,0,SPI1_SCK,PA5,#,reference,candidates(datasheet-pin-table-default:en)
CH32M103,afio-spi1-rm,1,SPI1_MOSI,PB5,#,reference,candidates(datasheet-pin-table+rm-remap-grid:en)
CH32M103,afio-spi1-rm,1,SPI1_SCK,PB3,#,reference,candidates(datasheet-pin-table+rm-remap-grid:en)
CH32M103,afio-spi1-rm,2,SPI1_MISO,PB8,#,reference,candidates(datasheet-pin-table+rm-remap-grid:en)
CH32M103,afio-spi1-rm,2,SPI1_MOSI,PB7,#,reference,candidates(datasheet-pin-table+rm-remap-grid:en)
CH32M103,afio-spi1-rm,2,SPI1_NSS,PA12,#,reference,candidates(datasheet-pin-table+rm-remap-grid:en)
CH32M103,afio-spi1-rm,2,SPI1_SCK,PB6,#,reference,candidates(datasheet-pin-table+rm-remap-grid:en)
CH32M103,afio-spi1-rm,3,SPI1_MISO,PB8,#,reference,candidates(datasheet-pin-table+rm-remap-grid:en)
CH32M103,afio-spi1-rm,3,SPI1_MOSI,PB7,#,reference,candidates(datasheet-pin-table+rm-remap-grid:en)
CH32M103,afio-spi1-rm,3,SPI1_SCK,PB6,#,reference,candidates(datasheet-pin-table+rm-remap-grid:en)
CH32M103,afio-tim1-rm,0,TIM1_CH4,PA11,#,reference,candidates(datasheet-pin-table-default:en)
CH32M103,afio-tim1-rm,0,TIM1_ETR,PA12,#,reference,candidates(datasheet-pin-table-default:en)
CH32M103,afio-tim1-rm,1,TIM1_BKIN,PA6,#,reference,candidates(datasheet-pin-table+rm-remap-grid:en)
CH32M103,afio-tim1-rm,1,TIM1_CH1N,PA7,#,reference,candidates(datasheet-pin-table+rm-remap-grid:en)
CH32M103,afio-tim1-rm,1,TIM1_CH2N,PB0,#,reference,candidates(datasheet-pin-table+rm-remap-grid:en)
CH32M103,afio-tim1-rm,1,TIM1_CH3N,PB1,#,reference,candidates(datasheet-pin-table+rm-remap-grid:en)
CH32M103,afio-tim1-rm,1,TIM1_CH4,PA11,#,reference,candidates(datasheet-pin-table+rm-remap-grid:en)
CH32M103,afio-tim1-rm,1,TIM1_ETR,PA12,#,reference,candidates(datasheet-pin-table+rm-remap-grid:en)
CH32M103,afio-tim1-rm,2,TIM1_BKIN,PA13,#,reference,candidates(datasheet-pin-table+rm-remap-grid:en)
CH32M103,afio-tim1-rm,2,TIM1_CH1,PA1,#,reference,candidates(datasheet-pin-table+rm-remap-grid:en)
CH32M103,afio-tim1-rm,2,TIM1_CH1N,PB11,#,reference,candidates(datasheet-pin-table+rm-remap-grid:en)
CH32M103,afio-tim1-rm,2,TIM1_CH2,PA7,#,reference,candidates(datasheet-pin-table+rm-remap-grid:en)
CH32M103,afio-tim1-rm,2,TIM1_CH2N,PB0,#,reference,candidates(datasheet-pin-table+rm-remap-grid:en)
CH32M103,afio-tim1-rm,2,TIM1_CH3,PA14,#,reference,candidates(datasheet-pin-table+rm-remap-grid:en)
CH32M103,afio-tim1-rm,2,TIM1_CH4,PB1,#,reference,candidates(datasheet-pin-table+rm-remap-grid:en)
CH32M103,afio-tim1-rm,2,TIM1_ETR,PB6,#,reference,candidates(datasheet-pin-table+rm-remap-grid:en)
CH32M103,afio-tim1-rm,3,TIM1_BKIN,PA13,#,reference,candidates(datasheet-pin-table+rm-remap-grid:en)
CH32M103,afio-tim1-rm,3,TIM1_CH1,PA1,#,reference,candidates(datasheet-pin-table+rm-remap-grid:en)
CH32M103,afio-tim1-rm,3,TIM1_CH1N,PB11,#,reference,candidates(datasheet-pin-table+rm-remap-grid:en)
CH32M103,afio-tim1-rm,3,TIM1_CH2,PA7,#,reference,candidates(datasheet-pin-table+rm-remap-grid:en)
CH32M103,afio-tim1-rm,3,TIM1_CH2N,PB0,#,reference,candidates(datasheet-pin-table+rm-remap-grid:en)
CH32M103,afio-tim1-rm,3,TIM1_CH3,PA14,#,reference,candidates(datasheet-pin-table+rm-remap-grid:en)
CH32M103,afio-tim1-rm,3,TIM1_CH4,PB1,#,reference,candidates(datasheet-pin-table+rm-remap-grid:en)
CH32M103,afio-tim1-rm,3,TIM1_ETR,PA3,#,reference,candidates(datasheet-pin-table+rm-remap-grid:en)
CH32M103,afio-tim1-rm,4,TIM1_BKIN,PA12,#,reference,candidates(datasheet-pin-table+rm-remap-grid:en)
CH32M103,afio-tim1-rm,4,TIM1_CH1,PB7,#,reference,candidates(datasheet-pin-table+rm-remap-grid:en)
CH32M103,afio-tim1-rm,4,TIM1_CH1N,PA14,#,reference,candidates(datasheet-pin-table+rm-remap-grid:en)
CH32M103,afio-tim1-rm,4,TIM1_CH2,PB8,#,reference,candidates(datasheet-pin-table+rm-remap-grid:en)
CH32M103,afio-tim1-rm,4,TIM1_CH2N,PB1,#,reference,candidates(datasheet-pin-table+rm-remap-grid:en)
CH32M103,afio-tim1-rm,4,TIM1_CH4,PA2,#,reference,candidates(datasheet-pin-table+rm-remap-grid:en)
CH32M103,afio-tim1-rm,4,TIM1_ETR,PB6,#,reference,candidates(datasheet-pin-table+rm-remap-grid:en)
CH32M103,afio-tim1-rm,5,TIM1_BKIN,PA12,#,reference,candidates(datasheet-pin-table+rm-remap-grid:en)
CH32M103,afio-tim1-rm,5,TIM1_CH1,PB1,#,reference,candidates(datasheet-pin-table+rm-remap-grid:en)
CH32M103,afio-tim1-rm,5,TIM1_CH1N,PA14,#,reference,candidates(datasheet-pin-table+rm-remap-grid:en)
CH32M103,afio-tim1-rm,5,TIM1_CH2,PB8,#,reference,candidates(datasheet-pin-table+rm-remap-grid:en)
CH32M103,afio-tim1-rm,5,TIM1_CH2N,PA1,#,reference,candidates(datasheet-pin-table+rm-remap-grid:en)
CH32M103,afio-tim1-rm,5,TIM1_CH3,PB6,#,reference,candidates(datasheet-pin-table+rm-remap-grid:en)
CH32M103,afio-tim1-rm,5,TIM1_CH3N,PB7,#,reference,candidates(datasheet-pin-table+rm-remap-grid:en)
CH32M103,afio-tim1-rm,5,TIM1_CH4,PA3,#,reference,candidates(datasheet-pin-table+rm-remap-grid:en)
CH32M103,afio-tim1-rm,5,TIM1_ETR,PA13,#,reference,candidates(datasheet-pin-table+rm-remap-grid:en)
CH32M103,afio-tim2-rm,0,TIM2_CH1_ETR,PA0-WKUP,#,reference,candidates(datasheet-pin-table-default:en)
CH32M103,afio-tim2-rm,0,TIM2_CH2,PA1,#,reference,candidates(datasheet-pin-table-default:en)
CH32M103,afio-tim2-rm,0,TIM2_CH3,PA2,#,reference,candidates(datasheet-pin-table-default:en)
CH32M103,afio-tim2-rm,0,TIM2_CH4,PA3,#,reference,candidates(datasheet-pin-table-default:en)
CH32M103,afio-tim2-rm,1,TIM2_CH2,PB3,#,reference,candidates(datasheet-pin-table+rm-remap-grid:en)
CH32M103,afio-tim2-rm,1,TIM2_CH3,PA2,#,reference,candidates(datasheet-pin-table+rm-remap-grid:en)
CH32M103,afio-tim2-rm,1,TIM2_CH4,PA3,#,reference,candidates(datasheet-pin-table+rm-remap-grid:en)
CH32M103,afio-tim2-rm,2,TIM2_CH1_ETR,PA0-WKUP,#,reference,candidates(datasheet-pin-table+rm-remap-grid:en)
CH32M103,afio-tim2-rm,2,TIM2_CH2,PA1,#,reference,candidates(datasheet-pin-table+rm-remap-grid:en)
CH32M103,afio-tim2-rm,2,TIM2_CH3,PB10,#,reference,candidates(datasheet-pin-table+rm-remap-grid:en)
CH32M103,afio-tim2-rm,2,TIM2_CH4,PB11,#,reference,candidates(datasheet-pin-table+rm-remap-grid:en)
CH32M103,afio-tim2-rm,3,TIM2_CH2,PB3,#,reference,candidates(datasheet-pin-table+rm-remap-grid:en)
CH32M103,afio-tim2-rm,3,TIM2_CH3,PB10,#,reference,candidates(datasheet-pin-table+rm-remap-grid:en)
CH32M103,afio-tim2-rm,3,TIM2_CH4,PB11,#,reference,candidates(datasheet-pin-table+rm-remap-grid:en)
CH32M103,afio-tim2-rm,4,TIM2_CH1_ETR,PA3,#,reference,candidates(datasheet-pin-table+rm-remap-grid:en)
CH32M103,afio-tim2-rm,4,TIM2_CH2,PA2,#,reference,candidates(datasheet-pin-table+rm-remap-grid:en)
CH32M103,afio-tim2-rm,4,TIM2_CH4,PA6,#,reference,candidates(datasheet-pin-table+rm-remap-grid:en)
CH32M103,afio-tim2-rm,5,TIM2_CH1_ETR,PA12,#,reference,candidates(datasheet-pin-table+rm-remap-grid:en)
CH32M103,afio-tim2-rm,5,TIM2_CH2,PA2,#,reference,candidates(datasheet-pin-table+rm-remap-grid:en)
CH32M103,afio-tim2-rm,5,TIM2_CH4,PA6,#,reference,candidates(datasheet-pin-table+rm-remap-grid:en)
CH32M103,afio-tim2-rm,7,TIM2_CH1_ETR,PA12,#,reference,candidates(datasheet-pin-table+rm-remap-grid:en)
CH32M103,afio-tim2-rm,7,TIM2_CH2,PB8,#,reference,candidates(datasheet-pin-table+rm-remap-grid:en)
CH32M103,afio-tim2-rm,7,TIM2_CH3,PA5,#,reference,candidates(datasheet-pin-table+rm-remap-grid:en)
CH32M103,afio-tim2-rm,7,TIM2_CH4,PA4,#,reference,candidates(datasheet-pin-table+rm-remap-grid:en)
CH32M103,afio-tim3-rm,0,TIM3_CH1,PA6,#,reference,candidates(datasheet-pin-table-default:en)
CH32M103,afio-tim3-rm,0,TIM3_CH2,PA7,#,reference,candidates(datasheet-pin-table-default:en)
CH32M103,afio-tim3-rm,0,TIM3_CH3,PB0,#,reference,candidates(datasheet-pin-table-default:en)
CH32M103,afio-tim3-rm,0,TIM3_CH4,PB1,#,reference,candidates(datasheet-pin-table-default:en)
CH32M103,afio-tim3-rm,1,TIM3_CH2,PB5,#,reference,candidates(datasheet-pin-table+rm-remap-grid:en)
CH32M103,afio-tim3-rm,1,TIM3_CH3,PB0,#,reference,candidates(datasheet-pin-table+rm-remap-grid:en)
CH32M103,afio-tim3-rm,1,TIM3_CH4,PB1,#,reference,candidates(datasheet-pin-table+rm-remap-grid:en)
CH32M103,afio-tim4-rm,0,TIM4_CH1,PB6,#,reference,candidates(datasheet-pin-table-default:en)
CH32M103,afio-tim4-rm,0,TIM4_CH2,PB7,#,reference,candidates(datasheet-pin-table-default:en)
CH32M103,afio-tim4-rm,0,TIM4_CH3,PB8,#,reference,candidates(datasheet-pin-table-default:en)
CH32M103,afio-tim4-rm,1,TIM4_CH1,PB10,#,reference,candidates(datasheet-pin-table+rm-remap-grid:en)
CH32M103,afio-tim4-rm,1,TIM4_CH2,PB11,#,reference,candidates(datasheet-pin-table+rm-remap-grid:en)
CH32M103,afio-tim4-rm,1,TIM4_CH3,PB8,#,reference,candidates(datasheet-pin-table+rm-remap-grid:en)
CH32M103,afio-usart1-rm,0,USART1_CTS,PA11,#,reference,candidates(datasheet-pin-table-default:en)
CH32M103,afio-usart1-rm,0,USART1_RTS,PA12,#,reference,candidates(datasheet-pin-table-default:en)
CH32M103,afio-usart1-rm,1,USART1_CTS,PA11,#,reference,candidates(datasheet-pin-table+rm-remap-grid:en)
CH32M103,afio-usart1-rm,1,USART1_RTS,PA12,#,reference,candidates(datasheet-pin-table+rm-remap-grid:en)
CH32M103,afio-usart1-rm,1,USART1_RX,PB7,#,reference,candidates(datasheet-pin-table+rm-remap-grid:en)
CH32M103,afio-usart1-rm,1,USART1_TX,PB6,#,reference,candidates(datasheet-pin-table+rm-remap-grid:en)
CH32M103,afio-usart1-rm,2,USART1_CK,PA3,#,reference,candidates(datasheet-pin-table+rm-remap-grid:en)
CH32M103,afio-usart1-rm,2,USART1_CTS,PA2,#,reference,candidates(datasheet-pin-table+rm-remap-grid:en)
CH32M103,afio-usart1-rm,2,USART1_RTS,PA13,#,reference,candidates(datasheet-pin-table+rm-remap-grid:en)
CH32M103,afio-usart1-rm,2,USART1_RX,PA5,#,reference,candidates(datasheet-pin-table+rm-remap-grid:en)
CH32M103,afio-usart1-rm,2,USART1_TX,PA4,#,reference,candidates(datasheet-pin-table+rm-remap-grid:en)
CH32M103,afio-usart1-rm,3,USART1_CK,PA6,#,reference,candidates(datasheet-pin-table+rm-remap-grid:en)
CH32M103,afio-usart1-rm,3,USART1_CTS,PB7,#,reference,candidates(datasheet-pin-table+rm-remap-grid:en)
CH32M103,afio-usart1-rm,3,USART1_RTS,PB8,#,reference,candidates(datasheet-pin-table+rm-remap-grid:en)
CH32M103,afio-usart1-rm,3,USART1_RX,PA4,#,reference,candidates(datasheet-pin-table+rm-remap-grid:en)
CH32M103,afio-usart1-rm,3,USART1_TX,PA5,#,reference,candidates(datasheet-pin-table+rm-remap-grid:en)
CH32M103,afio-usart1-rm,4,USART1_CK,PA6,#,reference,candidates(datasheet-pin-table+rm-remap-grid:en)
CH32M103,afio-usart1-rm,4,USART1_CTS,PA14,#,reference,candidates(datasheet-pin-table+rm-remap-grid:en)
CH32M103,afio-usart1-rm,4,USART1_RTS,PA13,#,reference,candidates(datasheet-pin-table+rm-remap-grid:en)
CH32M103,afio-usart1-rm,4,USART1_TX,PB11,#,reference,candidates(datasheet-pin-table+rm-remap-grid:en)
CH32M103,afio-usart1-rm,5,USART1_CK,PB6,#,reference,candidates(datasheet-pin-table+rm-remap-grid:en)
CH32M103,afio-usart1-rm,5,USART1_CTS,PB7,#,reference,candidates(datasheet-pin-table+rm-remap-grid:en)
CH32M103,afio-usart1-rm,5,USART1_RTS,PB8,#,reference,candidates(datasheet-pin-table+rm-remap-grid:en)
CH32M103,afio-usart1-rm,5,USART1_RX,PA12,#,reference,candidates(datasheet-pin-table+rm-remap-grid:en)
CH32M103,afio-usart2-rm,0,USART2_CK,PA4,#,reference,candidates(datasheet-pin-table-default:en)
CH32M103,afio-usart2-rm,0,USART2_CTS,PA0-WKUP,#,reference,candidates(datasheet-pin-table-default:en)
CH32M103,afio-usart2-rm,0,USART2_RTS,PA1,#,reference,candidates(datasheet-pin-table-default:en)
CH32M103,afio-usart2-rm,0,USART2_RX,PA3,#,reference,candidates(datasheet-pin-table-default:en)
CH32M103,afio-usart2-rm,0,USART2_TX,PA2,#,reference,candidates(datasheet-pin-table-default:en)
CH32M103,afio-usart2-rm,2,USART2_CK,PA4,#,reference,candidates(datasheet-pin-table+rm-remap-grid:en)
CH32M103,afio-usart2-rm,2,USART2_CTS,PA0-WKUP,#,reference,candidates(datasheet-pin-table+rm-remap-grid:en)
CH32M103,afio-usart2-rm,2,USART2_RTS,PA1,#,reference,candidates(datasheet-pin-table+rm-remap-grid:en)
CH32M103,afio-usart2-rm,2,USART2_RX,PA12,#,reference,candidates(datasheet-pin-table+rm-remap-grid:en)
CH32M103,afio-usart2-rm,2,USART2_TX,PA11,#,reference,candidates(datasheet-pin-table+rm-remap-grid:en)
CH32M103,afio-usart2-rm,3,USART2_CK,PA4,#,reference,candidates(datasheet-pin-table+rm-remap-grid:en)
CH32M103,afio-usart2-rm,3,USART2_CTS,PA0-WKUP,#,reference,candidates(datasheet-pin-table+rm-remap-grid:en)
CH32M103,afio-usart2-rm,3,USART2_RTS,PA1,#,reference,candidates(datasheet-pin-table+rm-remap-grid:en)
CH32M103,afio-usart2-rm,3,USART2_RX,PA11,#,reference,candidates(datasheet-pin-table+rm-remap-grid:en)
CH32M103,afio-usart2-rm,3,USART2_TX,PA12,#,reference,candidates(datasheet-pin-table+rm-remap-grid:en)
CH32M103,afio-usart3-rm,0,USART3_RX,PB11,#,reference,candidates(datasheet-pin-table-default:en)
CH32M103,afio-usart3-rm,0,USART3_TX,PB10,#,reference,candidates(datasheet-pin-table-default:en)
CH32M103,afio-usart4-rm,0,USART4_CTS,PB3,#,reference,candidates(datasheet-pin-table-default:en)
CH32M103,afio-usart4-rm,0,USART4_RX,PB1,#,reference,candidates(datasheet-pin-table-default:en)
CH32M103,afio-usart4-rm,0,USART4_TX,PB0,#,reference,candidates(datasheet-pin-table-default:en)
CH32M103,afio-usart4-rm,1,USART4_CK,PA6,#,reference,candidates(datasheet-pin-table+rm-remap-grid:en)
CH32M103,afio-usart4-rm,1,USART4_CTS,PA7,#,reference,candidates(datasheet-pin-table+rm-remap-grid:en)
CH32M103,afio-usart4-rm,1,USART4_RX,PB5,#,reference,candidates(datasheet-pin-table+rm-remap-grid:en)
CH32M103,afio-usart4-rm,1,USART4_TX,PA5,#,reference,candidates(datasheet-pin-table+rm-remap-grid:en)
CH32V002,afio-adc-etrginj-remap,0,ADC_IETR,PD1,#,reference,candidates(datasheet-pin-table-default:en)
CH32V002,afio-adc-etrginj-remap,1,ADC_IETR,PA2,#,reference,candidates(datasheet-pin-table+rm-remap-grid:en)
CH32V002,afio-adc-etrgreg-remap,0,ADC_IN4,PD3,#,reference,candidates(datasheet-pin-table-default:en)
CH32V002,afio-adc-etrgreg-remap,0,ADC_RETR,PD3,#,reference,candidates(datasheet-pin-table-default:en)
CH32V002,afio-adc-etrgreg-remap,1,ADC_RETR,PC2,#,reference,candidates(datasheet-pin-table+rm-remap-grid:en)
CH32V002,afio-i2c1-remap,0,I2C_SCL,PC2,#,reference,candidates(datasheet-pin-table-default:en)
CH32V002,afio-i2c1-remap,0,I2C_SDA,PC1,#,reference,candidates(datasheet-pin-table-default:en)
CH32V002,afio-i2c1-remap,1,I2C_SCL,PD1,#,reference,candidates(datasheet-pin-table+rm-remap-grid:en)
CH32V002,afio-i2c1-remap,1,I2C_SDA,PD0,#,reference,candidates(datasheet-pin-table+rm-remap-grid:en)
CH32V002,afio-i2c1-remap,2,I2C_SCL,PC5,#,reference,candidates(datasheet-pin-table+rm-remap-grid:en)
CH32V002,afio-i2c1-remap,2,I2C_SDA,PC6,#,reference,candidates(datasheet-pin-table+rm-remap-grid:en)
CH32V002,afio-i2c1-remap,4,I2C_SDA,PD1,#,reference,candidates(datasheet-pin-table+rm-remap-grid:en)
CH32V002,afio-spi1-remap,0,SPI_MISO,PC7,#,reference,candidates(datasheet-pin-table-default:en)
CH32V002,afio-spi1-remap,0,SPI_MOSI,PC6,#,reference,candidates(datasheet-pin-table-default:en)
CH32V002,afio-spi1-remap,0,SPI_NSS,PC1,#,reference,candidates(datasheet-pin-table-default:en)
CH32V002,afio-spi1-remap,0,SPI_SCK,PC5,#,reference,candidates(datasheet-pin-table-default:en)
CH32V002,afio-spi1-remap,1,SPI_MISO,PC7,#,reference,candidates(datasheet-pin-table+rm-remap-grid:en)
CH32V002,afio-spi1-remap,1,SPI_MOSI,PC6,#,reference,candidates(datasheet-pin-table+rm-remap-grid:en)
CH32V002,afio-spi1-remap,1,SPI_NSS,PC0,#,reference,candidates(datasheet-pin-table+rm-remap-grid:en)
CH32V002,afio-spi1-remap,1,SPI_SCK,PC5,#,reference,candidates(datasheet-pin-table+rm-remap-grid:en)
CH32V002,afio-spi1-remap,2,SPI_MOSI,PD3,#,reference,candidates(datasheet-pin-table+rm-remap-grid:en)
CH32V002,afio-spi1-remap,2,SPI_NSS,PC4,#,reference,candidates(datasheet-pin-table+rm-remap-grid:en)
CH32V002,afio-spi1-remap,2,SPI_SCK,PD2,#,reference,candidates(datasheet-pin-table+rm-remap-grid:en)
CH32V002,afio-spi1-remap,3,SPI_MOSI,PC0,#,reference,candidates(datasheet-pin-table+rm-remap-grid:en)
CH32V002,afio-spi1-remap,4,SPI_MISO,PD5,#,reference,candidates(datasheet-pin-table+rm-remap-grid:en)
CH32V002,afio-spi1-remap,4,SPI_MOSI,PD6,#,reference,candidates(datasheet-pin-table+rm-remap-grid:en)
CH32V002,afio-spi1-remap,4,SPI_NSS,PD3,#,reference,candidates(datasheet-pin-table+rm-remap-grid:en)
CH32V002,afio-spi1-remap,4,SPI_SCK,PD4,#,reference,candidates(datasheet-pin-table+rm-remap-grid:en)
CH32V002,afio-spi1-remap,5,SPI_MOSI,PA2,#,reference,candidates(datasheet-pin-table+rm-remap-grid:en)
CH32V002,afio-spi1-remap,5,SPI_NSS,PC1,#,reference,candidates(datasheet-pin-table+rm-remap-grid:en)
CH32V002,afio-spi1-remap,5,SPI_SCK,PA1,#,reference,candidates(datasheet-pin-table+rm-remap-grid:en)
CH32V002,afio-spi1-remap,6,SPI_MISO,PC7,#,reference,candidates(datasheet-pin-table+rm-remap-grid:en)
CH32V002,afio-spi1-remap,6,SPI_NSS,PC4,#,reference,candidates(datasheet-pin-table+rm-remap-grid:en)
CH32V002,afio-tim1-remap,0,TIM1_BKIN,PC2,#,reference,candidates(datasheet-pin-table-default:en)
CH32V002,afio-tim1-remap,0,TIM1_CH1,PD2,#,reference,candidates(datasheet-pin-table-default:en)
CH32V002,afio-tim1-remap,0,TIM1_CH1N,PD0,#,reference,candidates(datasheet-pin-table-default:en)
CH32V002,afio-tim1-remap,0,TIM1_CH2,PA1,#,reference,candidates(datasheet-pin-table-default:en)
CH32V002,afio-tim1-remap,0,TIM1_CH2N,PA2,#,reference,candidates(datasheet-pin-table-default:en)
CH32V002,afio-tim1-remap,0,TIM1_CH3,PC3,#,reference,candidates(datasheet-pin-table-default:en)
CH32V002,afio-tim1-remap,0,TIM1_CH3N,PD1,#,reference,candidates(datasheet-pin-table-default:en)
CH32V002,afio-tim1-remap,0,TIM1_CH4,PC4,#,reference,candidates(datasheet-pin-table-default:en)
CH32V002,afio-tim1-remap,0,TIM1_ETR,PC5,#,reference,candidates(datasheet-pin-table-default:en)
CH32V002,afio-tim1-remap,1,TIM1_BKIN,PC2,#,reference,candidates(datasheet-pin-table+rm-remap-grid:en)
CH32V002,afio-tim1-remap,1,TIM1_CH1,PD2,#,reference,candidates(datasheet-pin-table+rm-remap-grid:en)
CH32V002,afio-tim1-remap,1,TIM1_CH1N,PD0,#,reference,candidates(datasheet-pin-table+rm-remap-grid:en)
CH32V002,afio-tim1-remap,1,TIM1_CH2,PA1,#,reference,candidates(datasheet-pin-table+rm-remap-grid:en)
CH32V002,afio-tim1-remap,1,TIM1_CH2N,PA2,#,reference,candidates(datasheet-pin-table+rm-remap-grid:en)
CH32V002,afio-tim1-remap,1,TIM1_CH3,PC3,#,reference,candidates(datasheet-pin-table+rm-remap-grid:en)
CH32V002,afio-tim1-remap,1,TIM1_CH3N,PD1,#,reference,candidates(datasheet-pin-table+rm-remap-grid:en)
CH32V002,afio-tim1-remap,1,TIM1_CH4,PC4,#,reference,candidates(datasheet-pin-table+rm-remap-grid:en)
CH32V002,afio-tim1-remap,1,TIM1_ETR,PD4,#,reference,candidates(datasheet-pin-table+rm-remap-grid:en)
CH32V002,afio-tim1-remap,2,TIM1_BKIN,PC1,#,reference,candidates(datasheet-pin-table+rm-remap-grid:en)
CH32V002,afio-tim1-remap,2,TIM1_CH1,PC6,#,reference,candidates(datasheet-pin-table+rm-remap-grid:en)
CH32V002,afio-tim1-remap,2,TIM1_CH1N,PC3,#,reference,candidates(datasheet-pin-table+rm-remap-grid:en)
CH32V002,afio-tim1-remap,2,TIM1_CH2,PC7,#,reference,candidates(datasheet-pin-table+rm-remap-grid:en)
CH32V002,afio-tim1-remap,2,TIM1_CH2N,PC4,#,reference,candidates(datasheet-pin-table+rm-remap-grid:en)
CH32V002,afio-tim1-remap,2,TIM1_CH3,PC0,#,reference,candidates(datasheet-pin-table+rm-remap-grid:en)
CH32V002,afio-tim1-remap,2,TIM1_CH3N,PD1,#,reference,candidates(datasheet-pin-table+rm-remap-grid:en)
CH32V002,afio-tim1-remap,2,TIM1_CH4,PD3,#,reference,candidates(datasheet-pin-table+rm-remap-grid:en)
CH32V002,afio-tim1-remap,2,TIM1_ETR,PC5,#,reference,candidates(datasheet-pin-table+rm-remap-grid:en)
CH32V002,afio-tim1-remap,3,TIM1_BKIN,PC1,#,reference,candidates(datasheet-pin-table+rm-remap-grid:en)
CH32V002,afio-tim1-remap,3,TIM1_CH1,PC4,#,reference,candidates(datasheet-pin-table+rm-remap-grid:en)
CH32V002,afio-tim1-remap,3,TIM1_CH1N,PC3,#,reference,candidates(datasheet-pin-table+rm-remap-grid:en)
CH32V002,afio-tim1-remap,3,TIM1_CH2,PC7,#,reference,candidates(datasheet-pin-table+rm-remap-grid:en)
CH32V002,afio-tim1-remap,3,TIM1_CH2N,PD2,#,reference,candidates(datasheet-pin-table+rm-remap-grid:en)
CH32V002,afio-tim1-remap,3,TIM1_CH3,PC5,#,reference,candidates(datasheet-pin-table+rm-remap-grid:en)
CH32V002,afio-tim1-remap,3,TIM1_CH3N,PC6,#,reference,candidates(datasheet-pin-table+rm-remap-grid:en)
CH32V002,afio-tim1-remap,3,TIM1_CH4,PD4,#,reference,candidates(datasheet-pin-table+rm-remap-grid:en)
CH32V002,afio-tim1-remap,3,TIM1_ETR,PC2,#,reference,candidates(datasheet-pin-table+rm-remap-grid:en)
CH32V002,afio-tim1-remap,4,TIM1_CH2N,PA2,#,reference,candidates(datasheet-pin-table+rm-remap-grid:en)
CH32V002,afio-tim1-remap,4,TIM1_CH3N,PD0,#,reference,candidates(datasheet-pin-table+rm-remap-grid:en)
CH32V002,afio-tim1-remap,4,TIM1_CH4,PD1,#,reference,candidates(datasheet-pin-table+rm-remap-grid:en)
CH32V002,afio-tim1-remap,4,TIM1_ETR,PD4,#,reference,candidates(datasheet-pin-table+rm-remap-grid:en)
CH32V002,afio-tim1-remap,5,TIM1_CH2N,PA2,#,reference,candidates(datasheet-pin-table+rm-remap-grid:en)
CH32V002,afio-tim1-remap,5,TIM1_CH3,PC3,#,reference,candidates(datasheet-pin-table+rm-remap-grid:en)
CH32V002,afio-tim1-remap,5,TIM1_CH3N,PD0,#,reference,candidates(datasheet-pin-table+rm-remap-grid:en)
CH32V002,afio-tim1-remap,5,TIM1_CH4,PD1,#,reference,candidates(datasheet-pin-table+rm-remap-grid:en)
CH32V002,afio-tim1-remap,5,TIM1_ETR,PD4,#,reference,candidates(datasheet-pin-table+rm-remap-grid:en)
CH32V002,afio-tim1-remap,6,TIM1_CH2N,PA2,#,reference,candidates(datasheet-pin-table+rm-remap-grid:en)
CH32V002,afio-tim1-remap,6,TIM1_CH3N,PD0,#,reference,candidates(datasheet-pin-table+rm-remap-grid:en)
CH32V002,afio-tim1-remap,6,TIM1_ETR,PD4,#,reference,candidates(datasheet-pin-table+rm-remap-grid:en)
CH32V002,afio-tim1-remap,7,TIM1_CH1,PC4,#,reference,candidates(datasheet-pin-table+rm-remap-grid:en)
CH32V002,afio-tim1-remap,7,TIM1_CH1N,PC0,#,reference,candidates(datasheet-pin-table+rm-remap-grid:en)
CH32V002,afio-tim1-remap,7,TIM1_CH2,PC5,#,reference,candidates(datasheet-pin-table+rm-remap-grid:en)
CH32V002,afio-tim1-remap,7,TIM1_CH2N,PC1,#,reference,candidates(datasheet-pin-table+rm-remap-grid:en)
CH32V002,afio-tim1-remap,7,TIM1_CH3,PC6,#,reference,candidates(datasheet-pin-table+rm-remap-grid:en)
CH32V002,afio-tim1-remap,7,TIM1_CH3N,PC2,#,reference,candidates(datasheet-pin-table+rm-remap-grid:en)
CH32V002,afio-tim1-remap,7,TIM1_CH4,PC7,#,reference,candidates(datasheet-pin-table+rm-remap-grid:en)
CH32V002,afio-tim1-remap,8,TIM1_CH1,PC4,#,reference,candidates(datasheet-pin-table+rm-remap-grid:en)
CH32V002,afio-tim1-remap,8,TIM1_CH2,PC5,#,reference,candidates(datasheet-pin-table+rm-remap-grid:en)
CH32V002,afio-tim1-remap,8,TIM1_CH3,PC6,#,reference,candidates(datasheet-pin-table+rm-remap-grid:en)
CH32V002,afio-tim1-remap,8,TIM1_CH4,PC7,#,reference,candidates(datasheet-pin-table+rm-remap-grid:en)
CH32V002,afio-tim1-remap,9,TIM1_CH1N,PC0,#,reference,candidates(datasheet-pin-table+rm-remap-grid:en)
CH32V002,afio-tim1-remap,9,TIM1_CH2,PA1,#,reference,candidates(datasheet-pin-table+rm-remap-grid:en)
CH32V002,afio-tim1-remap,9,TIM1_CH2N,PC1,#,reference,candidates(datasheet-pin-table+rm-remap-grid:en)
CH32V002,afio-tim1-remap,9,TIM1_CH3,PA2,#,reference,candidates(datasheet-pin-table+rm-remap-grid:en)
CH32V002,afio-tim1-remap,9,TIM1_CH3N,PC2,#,reference,candidates(datasheet-pin-table+rm-remap-grid:en)
CH32V002,afio-tim2-remap,0,TIM2_CH1_ETR,PD4,#,reference,candidates(datasheet-pin-table-default:en)
CH32V002,afio-tim2-remap,0,TIM2_CH2,PD3,#,reference,candidates(datasheet-pin-table-default:en)
CH32V002,afio-tim2-remap,0,TIM2_CH3,PC0,#,reference,candidates(datasheet-pin-table-default:en)
CH32V002,afio-tim2-remap,0,TIM2_CH4,PD7,#,reference,candidates(datasheet-pin-table-default:en)
CH32V002,afio-tim2-remap,1,TIM2_CH1_ETR,PC1,#,reference,candidates(datasheet-pin-table+rm-remap-grid:en)
CH32V002,afio-tim2-remap,1,TIM2_CH2,PD3,#,reference,candidates(datasheet-pin-table+rm-remap-grid:en)
CH32V002,afio-tim2-remap,1,TIM2_CH3,PC0,#,reference,candidates(datasheet-pin-table+rm-remap-grid:en)
CH32V002,afio-tim2-remap,1,TIM2_CH4,PD7,#,reference,candidates(datasheet-pin-table+rm-remap-grid:en)
CH32V002,afio-tim2-remap,2,TIM2_CH1_ETR,PC5,#,reference,candidates(datasheet-pin-table+rm-remap-grid:en)
CH32V002,afio-tim2-remap,2,TIM2_CH2,PC2,#,reference,candidates(datasheet-pin-table+rm-remap-grid:en)
CH32V002,afio-tim2-remap,2,TIM2_CH3,PD2,#,reference,candidates(datasheet-pin-table+rm-remap-grid:en)
CH32V002,afio-tim2-remap,2,TIM2_CH4,PC1,#,reference,candidates(datasheet-pin-table+rm-remap-grid:en)
CH32V002,afio-tim2-remap,3,TIM2_CH1_ETR,PC1,#,reference,candidates(datasheet-pin-table+rm-remap-grid:en)
CH32V002,afio-tim2-remap,3,TIM2_CH2,PC7,#,reference,candidates(datasheet-pin-table+rm-remap-grid:en)
CH32V002,afio-tim2-remap,3,TIM2_CH3,PD6,#,reference,candidates(datasheet-pin-table+rm-remap-grid:en)
CH32V002,afio-tim2-remap,3,TIM2_CH4,PD5,#,reference,candidates(datasheet-pin-table+rm-remap-grid:en)
CH32V002,afio-tim2-remap,4,TIM2_CH1_ETR,PC0,#,reference,candidates(datasheet-pin-table+rm-remap-grid:en)
CH32V002,afio-tim2-remap,4,TIM2_CH2,PC1,#,reference,candidates(datasheet-pin-table+rm-remap-grid:en)
CH32V002,afio-tim2-remap,4,TIM2_CH3,PC3,#,reference,candidates(datasheet-pin-table+rm-remap-grid:en)
CH32V002,afio-tim2-remap,5,TIM2_CH2,PA1,#,reference,candidates(datasheet-pin-table+rm-remap-grid:en)
CH32V002,afio-tim2-remap,5,TIM2_CH3,PA2,#,reference,candidates(datasheet-pin-table+rm-remap-grid:en)
CH32V002,afio-tim2-remap,6,TIM2_CH2,PA1,#,reference,candidates(datasheet-pin-table+rm-remap-grid:en)
CH32V002,afio-tim2-remap,6,TIM2_CH3,PA2,#,reference,candidates(datasheet-pin-table+rm-remap-grid:en)
CH32V002,afio-tim2-remap,7,TIM2_CH1_ETR,PD3,#,reference,candidates(datasheet-pin-table+rm-remap-grid:en)
CH32V002,afio-tim2-remap,7,TIM2_CH2,PD4,#,reference,candidates(datasheet-pin-table+rm-remap-grid:en)
CH32V002,afio-tim2-remap,7,TIM2_CH3,PA2,#,reference,candidates(datasheet-pin-table+rm-remap-grid:en)
CH32V002,afio-usart1-remap,0,USART1_CTS,PD3,#,reference,candidates(datasheet-pin-table-default:en)
CH32V002,afio-usart1-remap,0,USART1_RTS,PC2,#,reference,candidates(datasheet-pin-table-default:en)
CH32V002,afio-usart1-remap,0,USART1_RX,PD6,#,reference,candidates(datasheet-pin-table-default:en)
CH32V002,afio-usart1-remap,0,USART1_TX,PD5,#,reference,candidates(datasheet-pin-table-default:en)
CH32V002,afio-usart1-remap,1,USART1_CTS,PC6,#,reference,candidates(datasheet-pin-table+rm-remap-grid:en)
CH32V002,afio-usart1-remap,1,USART1_RTS,PC7,#,reference,candidates(datasheet-pin-table+rm-remap-grid:en)
CH32V002,afio-usart1-remap,1,USART1_RX,PD5,#,reference,candidates(datasheet-pin-table+rm-remap-grid:en)
CH32V002,afio-usart1-remap,1,USART1_TX,PD6,#,reference,candidates(datasheet-pin-table+rm-remap-grid:en)
CH32V002,afio-usart1-remap,2,USART1_CTS,PC3,#,reference,candidates(datasheet-pin-table+rm-remap-grid:en)
CH32V002,afio-usart1-remap,2,USART1_RTS,PC2,#,reference,candidates(datasheet-pin-table+rm-remap-grid:en)
CH32V002,afio-usart1-remap,2,USART1_RX,PD1,#,reference,candidates(datasheet-pin-table+rm-remap-grid:en)
CH32V002,afio-usart1-remap,2,USART1_TX,PD0,#,reference,candidates(datasheet-pin-table+rm-remap-grid:en)
CH32V002,afio-usart1-remap,3,USART1_CTS,PC6,#,reference,candidates(datasheet-pin-table+rm-remap-grid:en)
CH32V002,afio-usart1-remap,3,USART1_RTS,PC7,#,reference,candidates(datasheet-pin-table+rm-remap-grid:en)
CH32V002,afio-usart1-remap,3,USART1_RX,PC1,#,reference,candidates(datasheet-pin-table+rm-remap-grid:en)
CH32V002,afio-usart1-remap,3,USART1_TX,PC0,#,reference,candidates(datasheet-pin-table+rm-remap-grid:en)
CH32V002,afio-usart1-remap,4,USART1_CTS,PD7,#,reference,candidates(datasheet-pin-table+rm-remap-grid:en)
CH32V002,afio-usart1-remap,4,USART1_TX,PD1,#,reference,candidates(datasheet-pin-table+rm-remap-grid:en)
CH32V002,afio-usart1-remap,5,USART1_CTS,PD7,#,reference,candidates(datasheet-pin-table+rm-remap-grid:en)
CH32V002,afio-usart1-remap,5,USART1_RX,PD1,#,reference,candidates(datasheet-pin-table+rm-remap-grid:en)
CH32V002,afio-usart1-remap,6,USART1_CTS,PC7,#,reference,candidates(datasheet-pin-table+rm-remap-grid:en)
CH32V002,afio-usart1-remap,6,USART1_RX,PC6,#,reference,candidates(datasheet-pin-table+rm-remap-grid:en)
CH32V002,afio-usart1-remap,6,USART1_TX,PC5,#,reference,candidates(datasheet-pin-table+rm-remap-grid:en)
CH32V002,afio-usart1-remap,7,USART1_CTS,PC7,#,reference,candidates(datasheet-pin-table+rm-remap-grid:en)
CH32V002,afio-usart1-remap,8,USART1_CTS,PD2,#,reference,candidates(datasheet-pin-table+rm-remap-grid:en)
CH32V002,afio-usart1-remap,8,USART1_RTS,PD3,#,reference,candidates(datasheet-pin-table+rm-remap-grid:en)
CH32V002,afio-usart1-remap,8,USART1_RX,PA1,#,reference,candidates(datasheet-pin-table+rm-remap-grid:en)
CH32V002,afio-usart1-remap,9,USART1_CTS,PD5,#,reference,candidates(datasheet-pin-table+rm-remap-grid:en)
CH32V002,afio-usart1-remap,9,USART1_RTS,PD4,#,reference,candidates(datasheet-pin-table+rm-remap-grid:en)
CH32V002,afio-usart1-remap,9,USART1_RX,PC4,#,reference,candidates(datasheet-pin-table+rm-remap-grid:en)
CH32V003,afio-adc1-etrginj-remap,0,AETR2,PD1,#,reference,candidates(datasheet-pin-table-default:en)
CH32V003,afio-adc1-etrginj-remap,1,AETR2,PA2,#,reference,candidates(datasheet-pin-table+rm-remap-grid:en)
CH32V003,afio-adc1-etrgreg-remap,0,A4,PD3,#,reference,candidates(datasheet-pin-table-default:en)
CH32V003,afio-adc1-etrgreg-remap,0,AETR,PD3,#,reference,candidates(datasheet-pin-table-default:en)
CH32V003,afio-adc1-etrgreg-remap,1,AETR,PC2,#,reference,candidates(datasheet-pin-table+rm-remap-grid:en)
CH32V003,afio-i2c1-remap,0,SCL,PC2,#,reference,candidates(datasheet-pin-table-default:en)
CH32V003,afio-i2c1-remap,0,SDA,PC1,#,reference,candidates(datasheet-pin-table-default:en)
CH32V003,afio-i2c1-remap,1,SCL,PD1,#,reference,candidates(datasheet-pin-table+rm-remap-grid:en)
CH32V003,afio-i2c1-remap,1,SDA,PD0,#,reference,candidates(datasheet-pin-table+rm-remap-grid:en)
CH32V003,afio-i2c1-remap,2,SCL,PC5,#,reference,candidates(datasheet-pin-table+rm-remap-grid:en)
CH32V003,afio-i2c1-remap,2,SDA,PC6,#,reference,candidates(datasheet-pin-table+rm-remap-grid:en)
CH32V003,afio-i2c1-remap,3,SCL,PC5,#,reference,candidates(datasheet-pin-table+rm-remap-grid:en)
CH32V003,afio-i2c1-remap,3,SDA,PC6,#,reference,candidates(datasheet-pin-table+rm-remap-grid:en)
CH32V003,afio-spi1-remap,0,MISO,PC7,#,reference,candidates(datasheet-pin-table-default:en)
CH32V003,afio-spi1-remap,0,MOSI,PC6,#,reference,candidates(datasheet-pin-table-default:en)
CH32V003,afio-spi1-remap,0,NSS,PC1,#,reference,candidates(datasheet-pin-table-default:en)
CH32V003,afio-spi1-remap,0,SCK,PC5,#,reference,candidates(datasheet-pin-table-default:en)
CH32V003,afio-spi1-remap,1,MISO,PC7,#,reference,candidates(datasheet-pin-table+rm-remap-grid:en)
CH32V003,afio-spi1-remap,1,MOSI,PC6,#,reference,candidates(datasheet-pin-table+rm-remap-grid:en)
CH32V003,afio-spi1-remap,1,NSS,PC0,#,reference,candidates(datasheet-pin-table+rm-remap-grid:en)
CH32V003,afio-spi1-remap,1,SCK,PC5,#,reference,candidates(datasheet-pin-table+rm-remap-grid:en)
CH32V003,afio-tim1-remap,0,T1BKIN,PC2,#,reference,candidates(datasheet-pin-table-default:en)
CH32V003,afio-tim1-remap,0,T1CH1,PD2,#,reference,candidates(datasheet-pin-table-default:en)
CH32V003,afio-tim1-remap,0,T1CH1N,PD0,#,reference,candidates(datasheet-pin-table-default:en)
CH32V003,afio-tim1-remap,0,T1CH2,PA1,#,reference,candidates(datasheet-pin-table-default:en)
CH32V003,afio-tim1-remap,0,T1CH2N,PA2,#,reference,candidates(datasheet-pin-table-default:en)
CH32V003,afio-tim1-remap,0,T1CH3,PC3,#,reference,candidates(datasheet-pin-table-default:en)
CH32V003,afio-tim1-remap,0,T1CH3N,PD1,#,reference,candidates(datasheet-pin-table-default:en)
CH32V003,afio-tim1-remap,0,T1CH4,PC4,#,reference,candidates(datasheet-pin-table-default:en)
CH32V003,afio-tim1-remap,0,T1ETR,PC5,#,reference,candidates(datasheet-pin-table-default:en)
CH32V003,afio-tim1-remap,1,T1BKIN,PC1,#,reference,candidates(datasheet-pin-table+rm-remap-grid:en)
CH32V003,afio-tim1-remap,1,T1CH1,PC6,#,reference,candidates(datasheet-pin-table+rm-remap-grid:en)
CH32V003,afio-tim1-remap,1,T1CH1N,PC3,#,reference,candidates(datasheet-pin-table+rm-remap-grid:en)
CH32V003,afio-tim1-remap,1,T1CH2,PC7,#,reference,candidates(datasheet-pin-table+rm-remap-grid:en)
CH32V003,afio-tim1-remap,1,T1CH2N,PC4,#,reference,candidates(datasheet-pin-table+rm-remap-grid:en)
CH32V003,afio-tim1-remap,1,T1CH3,PC0,#,reference,candidates(datasheet-pin-table+rm-remap-grid:en)
CH32V003,afio-tim1-remap,1,T1CH3N,PD1,#,reference,candidates(datasheet-pin-table+rm-remap-grid:en)
CH32V003,afio-tim1-remap,1,T1CH4,PD3,#,reference,candidates(datasheet-pin-table+rm-remap-grid:en)
CH32V003,afio-tim1-remap,1,T1ETR,PC5,#,reference,candidates(datasheet-pin-table+rm-remap-grid:en)
CH32V003,afio-tim1-remap,2,T1BKIN,PC2,#,reference,candidates(datasheet-pin-table+rm-remap-grid:en)
CH32V003,afio-tim1-remap,2,T1CH1,PD2,#,reference,candidates(datasheet-pin-table+rm-remap-grid:en)
CH32V003,afio-tim1-remap,2,T1CH1N,PD0,#,reference,candidates(datasheet-pin-table+rm-remap-grid:en)
CH32V003,afio-tim1-remap,2,T1CH2,PA1,#,reference,candidates(datasheet-pin-table+rm-remap-grid:en)
CH32V003,afio-tim1-remap,2,T1CH2N,PA2,#,reference,candidates(datasheet-pin-table+rm-remap-grid:en)
CH32V003,afio-tim1-remap,2,T1CH3,PC3,#,reference,candidates(datasheet-pin-table+rm-remap-grid:en)
CH32V003,afio-tim1-remap,2,T1CH3N,PD1,#,reference,candidates(datasheet-pin-table+rm-remap-grid:en)
CH32V003,afio-tim1-remap,2,T1CH4,PC4,#,reference,candidates(datasheet-pin-table+rm-remap-grid:en)
CH32V003,afio-tim1-remap,2,TIETR,PD4,#,reference,candidates(datasheet-pin-table+rm-remap-grid:en)
CH32V003,afio-tim1-remap,3,T1BKIN,PC1,#,reference,candidates(datasheet-pin-table+rm-remap-grid:en)
CH32V003,afio-tim1-remap,3,T1CH1,PC4,#,reference,candidates(datasheet-pin-table+rm-remap-grid:en)
CH32V003,afio-tim1-remap,3,T1CH1N,PC3,#,reference,candidates(datasheet-pin-table+rm-remap-grid:en)
CH32V003,afio-tim1-remap,3,T1CH2,PC7,#,reference,candidates(datasheet-pin-table+rm-remap-grid:en)
CH32V003,afio-tim1-remap,3,T1CH2N,PD2,#,reference,candidates(datasheet-pin-table+rm-remap-grid:en)
CH32V003,afio-tim1-remap,3,T1CH3,PC5,#,reference,candidates(datasheet-pin-table+rm-remap-grid:en)
CH32V003,afio-tim1-remap,3,T1CH3N,PC6,#,reference,candidates(datasheet-pin-table+rm-remap-grid:en)
CH32V003,afio-tim1-remap,3,T1CH4,PD4,#,reference,candidates(datasheet-pin-table+rm-remap-grid:en)
CH32V003,afio-tim1-remap,3,T1ETR,PC2,#,reference,candidates(datasheet-pin-table+rm-remap-grid:en)
CH32V003,afio-tim2-remap,0,T2CH1ETR,PD4,#,reference,candidates(datasheet-pin-table-default:en)
CH32V003,afio-tim2-remap,0,T2CH2,PD3,#,reference,candidates(datasheet-pin-table-default:en)
CH32V003,afio-tim2-remap,0,T2CH3,PC0,#,reference,candidates(datasheet-pin-table-default:en)
CH32V003,afio-tim2-remap,0,T2CH4,PD7,#,reference,candidates(datasheet-pin-table-default:en)
CH32V003,afio-tim2-remap,1,T2CH1ETR,PC5,#,reference,candidates(datasheet-pin-table+rm-remap-grid:en)
CH32V003,afio-tim2-remap,1,T2CH2,PC2,#,reference,candidates(datasheet-pin-table+rm-remap-grid:en)
CH32V003,afio-tim2-remap,1,T2CH3,PD2,#,reference,candidates(datasheet-pin-table+rm-remap-grid:en)
CH32V003,afio-tim2-remap,1,T2CH4,PC1,#,reference,candidates(datasheet-pin-table+rm-remap-grid:en)
CH32V003,afio-tim2-remap,2,T2CH1ETR,PC1,#,reference,candidates(datasheet-pin-table+rm-remap-grid:en)
CH32V003,afio-tim2-remap,2,T2CH2,PD3,#,reference,candidates(datasheet-pin-table+rm-remap-grid:en)
CH32V003,afio-tim2-remap,2,T2CH3,PC0,#,reference,candidates(datasheet-pin-table+rm-remap-grid:en)
CH32V003,afio-tim2-remap,2,T2CH4,PD7,#,reference,candidates(datasheet-pin-table+rm-remap-grid:en)
CH32V003,afio-tim2-remap,3,T2CH1ETR,PC1,#,reference,candidates(datasheet-pin-table+rm-remap-grid:en)
CH32V003,afio-tim2-remap,3,T2CH2,PC7,#,reference,candidates(datasheet-pin-table+rm-remap-grid:en)
CH32V003,afio-tim2-remap,3,T2CH3,PD6,#,reference,candidates(datasheet-pin-table+rm-remap-grid:en)
CH32V003,afio-tim2-remap,3,T2CH4,PD5,#,reference,candidates(datasheet-pin-table+rm-remap-grid:en)
CH32V003,afio-usart1-remap,0,UCK,PD4,#,reference,candidates(datasheet-pin-table-default:en)
CH32V003,afio-usart1-remap,0,UCTS,PD3,#,reference,candidates(datasheet-pin-table-default:en)
CH32V003,afio-usart1-remap,0,URTS,PC2,#,reference,candidates(datasheet-pin-table-default:en)
CH32V003,afio-usart1-remap,0,URX,PD6,#,reference,candidates(datasheet-pin-table-default:en)
CH32V003,afio-usart1-remap,0,UTX,PD5,#,reference,candidates(datasheet-pin-table-default:en)
CH32V003,afio-usart1-remap,1,UCK,PD7,#,reference,candidates(datasheet-pin-table+rm-remap-grid:en)
CH32V003,afio-usart1-remap,1,UCTS,PC3,#,reference,candidates(datasheet-pin-table+rm-remap-grid:en)
CH32V003,afio-usart1-remap,1,URTS,PC2,#,reference,candidates(datasheet-pin-table+rm-remap-grid:en)
CH32V003,afio-usart1-remap,1,URX,PD1,#,reference,candidates(datasheet-pin-table+rm-remap-grid:en)
CH32V003,afio-usart1-remap,1,UTX,PD0,#,reference,candidates(datasheet-pin-table+rm-remap-grid:en)
CH32V003,afio-usart1-remap,2,UCK,PD7,#,reference,candidates(datasheet-pin-table+rm-remap-grid:en)
CH32V003,afio-usart1-remap,2,UCTS,PC6,#,reference,candidates(datasheet-pin-table+rm-remap-grid:en)
CH32V003,afio-usart1-remap,2,URTS,PC7,#,reference,candidates(datasheet-pin-table+rm-remap-grid:en)
CH32V003,afio-usart1-remap,2,URX,PD5,#,reference,candidates(datasheet-pin-table+rm-remap-grid:en)
CH32V003,afio-usart1-remap,2,UTX,PD6,#,reference,candidates(datasheet-pin-table+rm-remap-grid:en)
CH32V003,afio-usart1-remap,3,UCK,PC5,#,reference,candidates(datasheet-pin-table+rm-remap-grid:en)
CH32V003,afio-usart1-remap,3,UCTS,PC6,#,reference,candidates(datasheet-pin-table+rm-remap-grid:en)
CH32V003,afio-usart1-remap,3,URTS,PC7,#,reference,candidates(datasheet-pin-table+rm-remap-grid:en)
CH32V003,afio-usart1-remap,3,URX,PC1,#,reference,candidates(datasheet-pin-table+rm-remap-grid:en)
CH32V003,afio-usart1-remap,3,UTX,PC0,#,reference,candidates(datasheet-pin-table+rm-remap-grid:en)
CH32V004,afio-adc-etrginj-remap,0,ADC_IETR,PD1,#,reference,candidates(datasheet-pin-table-default:en)
CH32V004,afio-adc-etrginj-remap,1,ADC_IETR,PA2,#,reference,candidates(datasheet-pin-table+rm-remap-grid:en)
CH32V004,afio-adc-etrgreg-remap,0,ADC_IN4,PD3,#,reference,candidates(datasheet-pin-table-default:en)
CH32V004,afio-adc-etrgreg-remap,0,ADC_RETR,PD3,#,reference,candidates(datasheet-pin-table-default:en)
CH32V004,afio-adc-etrgreg-remap,1,ADC_RETR,PC2,#,reference,candidates(datasheet-pin-table+rm-remap-grid:en)
CH32V004,afio-i2c1-remap,0,I2C_SCL,PC2,#,reference,candidates(datasheet-pin-table-default:en)
CH32V004,afio-i2c1-remap,0,I2C_SDA,PC1,#,reference,candidates(datasheet-pin-table-default:en)
CH32V004,afio-i2c1-remap,1,I2C_SCL,PD1,#,reference,candidates(datasheet-pin-table+rm-remap-grid:en)
CH32V004,afio-i2c1-remap,1,I2C_SDA,PD0,#,reference,candidates(datasheet-pin-table+rm-remap-grid:en)
CH32V004,afio-i2c1-remap,2,I2C_SCL,PC5,#,reference,candidates(datasheet-pin-table+rm-remap-grid:en)
CH32V004,afio-i2c1-remap,2,I2C_SDA,PC6,#,reference,candidates(datasheet-pin-table+rm-remap-grid:en)
CH32V004,afio-i2c1-remap,4,I2C_SDA,PD1,#,reference,candidates(datasheet-pin-table+rm-remap-grid:en)
CH32V004,afio-spi1-remap,0,SPI_MISO,PC7,#,reference,candidates(datasheet-pin-table-default:en)
CH32V004,afio-spi1-remap,0,SPI_MOSI,PC6,#,reference,candidates(datasheet-pin-table-default:en)
CH32V004,afio-spi1-remap,0,SPI_NSS,PC1,#,reference,candidates(datasheet-pin-table-default:en)
CH32V004,afio-spi1-remap,0,SPI_SCK,PC5,#,reference,candidates(datasheet-pin-table-default:en)
CH32V004,afio-spi1-remap,1,SPI_MISO,PC7,#,reference,candidates(datasheet-pin-table+rm-remap-grid:en)
CH32V004,afio-spi1-remap,1,SPI_MOSI,PC6,#,reference,candidates(datasheet-pin-table+rm-remap-grid:en)
CH32V004,afio-spi1-remap,1,SPI_NSS,PC0,#,reference,candidates(datasheet-pin-table+rm-remap-grid:en)
CH32V004,afio-spi1-remap,1,SPI_SCK,PC5,#,reference,candidates(datasheet-pin-table+rm-remap-grid:en)
CH32V004,afio-spi1-remap,2,SPI_MOSI,PD3,#,reference,candidates(datasheet-pin-table+rm-remap-grid:en)
CH32V004,afio-spi1-remap,2,SPI_NSS,PC4,#,reference,candidates(datasheet-pin-table+rm-remap-grid:en)
CH32V004,afio-spi1-remap,2,SPI_SCK,PD2,#,reference,candidates(datasheet-pin-table+rm-remap-grid:en)
CH32V004,afio-spi1-remap,3,SPI_MOSI,PC0,#,reference,candidates(datasheet-pin-table+rm-remap-grid:en)
CH32V004,afio-spi1-remap,4,SPI_MISO,PD5,#,reference,candidates(datasheet-pin-table+rm-remap-grid:en)
CH32V004,afio-spi1-remap,4,SPI_MOSI,PD6,#,reference,candidates(datasheet-pin-table+rm-remap-grid:en)
CH32V004,afio-spi1-remap,4,SPI_NSS,PD3,#,reference,candidates(datasheet-pin-table+rm-remap-grid:en)
CH32V004,afio-spi1-remap,4,SPI_SCK,PD4,#,reference,candidates(datasheet-pin-table+rm-remap-grid:en)
CH32V004,afio-spi1-remap,5,SPI_MOSI,PA2,#,reference,candidates(datasheet-pin-table+rm-remap-grid:en)
CH32V004,afio-spi1-remap,5,SPI_NSS,PC1,#,reference,candidates(datasheet-pin-table+rm-remap-grid:en)
CH32V004,afio-spi1-remap,5,SPI_SCK,PA1,#,reference,candidates(datasheet-pin-table+rm-remap-grid:en)
CH32V004,afio-spi1-remap,6,SPI_MISO,PC7,#,reference,candidates(datasheet-pin-table+rm-remap-grid:en)
CH32V004,afio-spi1-remap,6,SPI_NSS,PC4,#,reference,candidates(datasheet-pin-table+rm-remap-grid:en)
CH32V004,afio-tim1-remap,0,TIM1_BKIN,PC2,#,reference,candidates(datasheet-pin-table-default:en)
CH32V004,afio-tim1-remap,0,TIM1_CH1,PD2,#,reference,candidates(datasheet-pin-table-default:en)
CH32V004,afio-tim1-remap,0,TIM1_CH1N,PD0,#,reference,candidates(datasheet-pin-table-default:en)
CH32V004,afio-tim1-remap,0,TIM1_CH2,PA1,#,reference,candidates(datasheet-pin-table-default:en)
CH32V004,afio-tim1-remap,0,TIM1_CH2N,PA2,#,reference,candidates(datasheet-pin-table-default:en)
CH32V004,afio-tim1-remap,0,TIM1_CH3,PC3,#,reference,candidates(datasheet-pin-table-default:en)
CH32V004,afio-tim1-remap,0,TIM1_CH3N,PD1,#,reference,candidates(datasheet-pin-table-default:en)
CH32V004,afio-tim1-remap,0,TIM1_CH4,PC4,#,reference,candidates(datasheet-pin-table-default:en)
CH32V004,afio-tim1-remap,0,TIM1_ETR,PC5,#,reference,candidates(datasheet-pin-table-default:en)
CH32V004,afio-tim1-remap,1,TIM1_BKIN,PC2,#,reference,candidates(datasheet-pin-table+rm-remap-grid:en)
CH32V004,afio-tim1-remap,1,TIM1_CH1,PD2,#,reference,candidates(datasheet-pin-table+rm-remap-grid:en)
CH32V004,afio-tim1-remap,1,TIM1_CH1N,PD0,#,reference,candidates(datasheet-pin-table+rm-remap-grid:en)
CH32V004,afio-tim1-remap,1,TIM1_CH2,PA1,#,reference,candidates(datasheet-pin-table+rm-remap-grid:en)
CH32V004,afio-tim1-remap,1,TIM1_CH2N,PA2,#,reference,candidates(datasheet-pin-table+rm-remap-grid:en)
CH32V004,afio-tim1-remap,1,TIM1_CH3,PC3,#,reference,candidates(datasheet-pin-table+rm-remap-grid:en)
CH32V004,afio-tim1-remap,1,TIM1_CH3N,PD1,#,reference,candidates(datasheet-pin-table+rm-remap-grid:en)
CH32V004,afio-tim1-remap,1,TIM1_CH4,PC4,#,reference,candidates(datasheet-pin-table+rm-remap-grid:en)
CH32V004,afio-tim1-remap,1,TIM1_ETR,PD4,#,reference,candidates(datasheet-pin-table+rm-remap-grid:en)
CH32V004,afio-tim1-remap,2,TIM1_BKIN,PC1,#,reference,candidates(datasheet-pin-table+rm-remap-grid:en)
CH32V004,afio-tim1-remap,2,TIM1_CH1,PC6,#,reference,candidates(datasheet-pin-table+rm-remap-grid:en)
CH32V004,afio-tim1-remap,2,TIM1_CH1N,PC3,#,reference,candidates(datasheet-pin-table+rm-remap-grid:en)
CH32V004,afio-tim1-remap,2,TIM1_CH2,PC7,#,reference,candidates(datasheet-pin-table+rm-remap-grid:en)
CH32V004,afio-tim1-remap,2,TIM1_CH2N,PC4,#,reference,candidates(datasheet-pin-table+rm-remap-grid:en)
CH32V004,afio-tim1-remap,2,TIM1_CH3,PC0,#,reference,candidates(datasheet-pin-table+rm-remap-grid:en)
CH32V004,afio-tim1-remap,2,TIM1_CH3N,PD1,#,reference,candidates(datasheet-pin-table+rm-remap-grid:en)
CH32V004,afio-tim1-remap,2,TIM1_CH4,PD3,#,reference,candidates(datasheet-pin-table+rm-remap-grid:en)
CH32V004,afio-tim1-remap,2,TIM1_ETR,PC5,#,reference,candidates(datasheet-pin-table+rm-remap-grid:en)
CH32V004,afio-tim1-remap,3,TIM1_BKIN,PC1,#,reference,candidates(datasheet-pin-table+rm-remap-grid:en)
CH32V004,afio-tim1-remap,3,TIM1_CH1,PC4,#,reference,candidates(datasheet-pin-table+rm-remap-grid:en)
CH32V004,afio-tim1-remap,3,TIM1_CH1N,PC3,#,reference,candidates(datasheet-pin-table+rm-remap-grid:en)
CH32V004,afio-tim1-remap,3,TIM1_CH2,PC7,#,reference,candidates(datasheet-pin-table+rm-remap-grid:en)
CH32V004,afio-tim1-remap,3,TIM1_CH2N,PD2,#,reference,candidates(datasheet-pin-table+rm-remap-grid:en)
CH32V004,afio-tim1-remap,3,TIM1_CH3,PC5,#,reference,candidates(datasheet-pin-table+rm-remap-grid:en)
CH32V004,afio-tim1-remap,3,TIM1_CH3N,PC6,#,reference,candidates(datasheet-pin-table+rm-remap-grid:en)
CH32V004,afio-tim1-remap,3,TIM1_CH4,PD4,#,reference,candidates(datasheet-pin-table+rm-remap-grid:en)
CH32V004,afio-tim1-remap,3,TIM1_ETR,PC2,#,reference,candidates(datasheet-pin-table+rm-remap-grid:en)
CH32V004,afio-tim1-remap,4,TIM1_CH2N,PA2,#,reference,candidates(datasheet-pin-table+rm-remap-grid:en)
CH32V004,afio-tim1-remap,4,TIM1_CH3N,PD0,#,reference,candidates(datasheet-pin-table+rm-remap-grid:en)
CH32V004,afio-tim1-remap,4,TIM1_CH4,PD1,#,reference,candidates(datasheet-pin-table+rm-remap-grid:en)
CH32V004,afio-tim1-remap,4,TIM1_ETR,PD4,#,reference,candidates(datasheet-pin-table+rm-remap-grid:en)
CH32V004,afio-tim1-remap,5,TIM1_CH2N,PA2,#,reference,candidates(datasheet-pin-table+rm-remap-grid:en)
CH32V004,afio-tim1-remap,5,TIM1_CH3,PC3,#,reference,candidates(datasheet-pin-table+rm-remap-grid:en)
CH32V004,afio-tim1-remap,5,TIM1_CH3N,PD0,#,reference,candidates(datasheet-pin-table+rm-remap-grid:en)
CH32V004,afio-tim1-remap,5,TIM1_CH4,PD1,#,reference,candidates(datasheet-pin-table+rm-remap-grid:en)
CH32V004,afio-tim1-remap,5,TIM1_ETR,PD4,#,reference,candidates(datasheet-pin-table+rm-remap-grid:en)
CH32V004,afio-tim1-remap,6,TIM1_CH2N,PA2,#,reference,candidates(datasheet-pin-table+rm-remap-grid:en)
CH32V004,afio-tim1-remap,6,TIM1_CH3N,PD0,#,reference,candidates(datasheet-pin-table+rm-remap-grid:en)
CH32V004,afio-tim1-remap,6,TIM1_ETR,PD4,#,reference,candidates(datasheet-pin-table+rm-remap-grid:en)
CH32V004,afio-tim1-remap,7,TIM1_CH1,PC4,#,reference,candidates(datasheet-pin-table+rm-remap-grid:en)
CH32V004,afio-tim1-remap,7,TIM1_CH1N,PC0,#,reference,candidates(datasheet-pin-table+rm-remap-grid:en)
CH32V004,afio-tim1-remap,7,TIM1_CH2,PC5,#,reference,candidates(datasheet-pin-table+rm-remap-grid:en)
CH32V004,afio-tim1-remap,7,TIM1_CH2N,PC1,#,reference,candidates(datasheet-pin-table+rm-remap-grid:en)
CH32V004,afio-tim1-remap,7,TIM1_CH3,PC6,#,reference,candidates(datasheet-pin-table+rm-remap-grid:en)
CH32V004,afio-tim1-remap,7,TIM1_CH3N,PC2,#,reference,candidates(datasheet-pin-table+rm-remap-grid:en)
CH32V004,afio-tim1-remap,7,TIM1_CH4,PC7,#,reference,candidates(datasheet-pin-table+rm-remap-grid:en)
CH32V004,afio-tim1-remap,8,TIM1_CH1,PC4,#,reference,candidates(datasheet-pin-table+rm-remap-grid:en)
CH32V004,afio-tim1-remap,8,TIM1_CH2,PC5,#,reference,candidates(datasheet-pin-table+rm-remap-grid:en)
CH32V004,afio-tim1-remap,8,TIM1_CH3,PC6,#,reference,candidates(datasheet-pin-table+rm-remap-grid:en)
CH32V004,afio-tim1-remap,8,TIM1_CH4,PC7,#,reference,candidates(datasheet-pin-table+rm-remap-grid:en)
CH32V004,afio-tim1-remap,9,TIM1_CH1N,PC0,#,reference,candidates(datasheet-pin-table+rm-remap-grid:en)
CH32V004,afio-tim1-remap,9,TIM1_CH2,PA1,#,reference,candidates(datasheet-pin-table+rm-remap-grid:en)
CH32V004,afio-tim1-remap,9,TIM1_CH2N,PC1,#,reference,candidates(datasheet-pin-table+rm-remap-grid:en)
CH32V004,afio-tim1-remap,9,TIM1_CH3,PA2,#,reference,candidates(datasheet-pin-table+rm-remap-grid:en)
CH32V004,afio-tim1-remap,9,TIM1_CH3N,PC2,#,reference,candidates(datasheet-pin-table+rm-remap-grid:en)
CH32V004,afio-tim2-remap,0,TIM2_CH1_ETR,PD4,#,reference,candidates(datasheet-pin-table-default:en)
CH32V004,afio-tim2-remap,0,TIM2_CH2,PD3,#,reference,candidates(datasheet-pin-table-default:en)
CH32V004,afio-tim2-remap,0,TIM2_CH3,PC0,#,reference,candidates(datasheet-pin-table-default:en)
CH32V004,afio-tim2-remap,0,TIM2_CH4,PD7,#,reference,candidates(datasheet-pin-table-default:en)
CH32V004,afio-tim2-remap,1,TIM2_CH1_ETR,PC1,#,reference,candidates(datasheet-pin-table+rm-remap-grid:en)
CH32V004,afio-tim2-remap,1,TIM2_CH2,PD3,#,reference,candidates(datasheet-pin-table+rm-remap-grid:en)
CH32V004,afio-tim2-remap,1,TIM2_CH3,PC0,#,reference,candidates(datasheet-pin-table+rm-remap-grid:en)
CH32V004,afio-tim2-remap,1,TIM2_CH4,PD7,#,reference,candidates(datasheet-pin-table+rm-remap-grid:en)
CH32V004,afio-tim2-remap,2,TIM2_CH1_ETR,PC5,#,reference,candidates(datasheet-pin-table+rm-remap-grid:en)
CH32V004,afio-tim2-remap,2,TIM2_CH2,PC2,#,reference,candidates(datasheet-pin-table+rm-remap-grid:en)
CH32V004,afio-tim2-remap,2,TIM2_CH3,PD2,#,reference,candidates(datasheet-pin-table+rm-remap-grid:en)
CH32V004,afio-tim2-remap,2,TIM2_CH4,PC1,#,reference,candidates(datasheet-pin-table+rm-remap-grid:en)
CH32V004,afio-tim2-remap,3,TIM2_CH1_ETR,PC1,#,reference,candidates(datasheet-pin-table+rm-remap-grid:en)
CH32V004,afio-tim2-remap,3,TIM2_CH2,PC7,#,reference,candidates(datasheet-pin-table+rm-remap-grid:en)
CH32V004,afio-tim2-remap,3,TIM2_CH3,PD6,#,reference,candidates(datasheet-pin-table+rm-remap-grid:en)
CH32V004,afio-tim2-remap,3,TIM2_CH4,PD5,#,reference,candidates(datasheet-pin-table+rm-remap-grid:en)
CH32V004,afio-tim2-remap,4,TIM2_CH1_ETR,PC0,#,reference,candidates(datasheet-pin-table+rm-remap-grid:en)
CH32V004,afio-tim2-remap,4,TIM2_CH2,PC1,#,reference,candidates(datasheet-pin-table+rm-remap-grid:en)
CH32V004,afio-tim2-remap,4,TIM2_CH3,PC3,#,reference,candidates(datasheet-pin-table+rm-remap-grid:en)
CH32V004,afio-tim2-remap,5,TIM2_CH2,PA1,#,reference,candidates(datasheet-pin-table+rm-remap-grid:en)
CH32V004,afio-tim2-remap,5,TIM2_CH3,PA2,#,reference,candidates(datasheet-pin-table+rm-remap-grid:en)
CH32V004,afio-tim2-remap,6,TIM2_CH2,PA1,#,reference,candidates(datasheet-pin-table+rm-remap-grid:en)
CH32V004,afio-tim2-remap,6,TIM2_CH3,PA2,#,reference,candidates(datasheet-pin-table+rm-remap-grid:en)
CH32V004,afio-tim2-remap,7,TIM2_CH1_ETR,PD3,#,reference,candidates(datasheet-pin-table+rm-remap-grid:en)
CH32V004,afio-tim2-remap,7,TIM2_CH2,PD4,#,reference,candidates(datasheet-pin-table+rm-remap-grid:en)
CH32V004,afio-tim2-remap,7,TIM2_CH3,PA2,#,reference,candidates(datasheet-pin-table+rm-remap-grid:en)
CH32V004,afio-usart1-remap,0,USART1_CTS,PD3,#,reference,candidates(datasheet-pin-table-default:en)
CH32V004,afio-usart1-remap,0,USART1_RTS,PC2,#,reference,candidates(datasheet-pin-table-default:en)
CH32V004,afio-usart1-remap,0,USART1_RX,PD6,#,reference,candidates(datasheet-pin-table-default:en)
CH32V004,afio-usart1-remap,0,USART1_TX,PD5,#,reference,candidates(datasheet-pin-table-default:en)
CH32V004,afio-usart1-remap,1,USART1_CTS,PC6,#,reference,candidates(datasheet-pin-table+rm-remap-grid:en)
CH32V004,afio-usart1-remap,1,USART1_RTS,PC7,#,reference,candidates(datasheet-pin-table+rm-remap-grid:en)
CH32V004,afio-usart1-remap,1,USART1_RX,PD5,#,reference,candidates(datasheet-pin-table+rm-remap-grid:en)
CH32V004,afio-usart1-remap,1,USART1_TX,PD6,#,reference,candidates(datasheet-pin-table+rm-remap-grid:en)
CH32V004,afio-usart1-remap,2,USART1_CTS,PC3,#,reference,candidates(datasheet-pin-table+rm-remap-grid:en)
CH32V004,afio-usart1-remap,2,USART1_RTS,PC2,#,reference,candidates(datasheet-pin-table+rm-remap-grid:en)
CH32V004,afio-usart1-remap,2,USART1_RX,PD1,#,reference,candidates(datasheet-pin-table+rm-remap-grid:en)
CH32V004,afio-usart1-remap,2,USART1_TX,PD0,#,reference,candidates(datasheet-pin-table+rm-remap-grid:en)
CH32V004,afio-usart1-remap,3,USART1_CTS,PC6,#,reference,candidates(datasheet-pin-table+rm-remap-grid:en)
CH32V004,afio-usart1-remap,3,USART1_RTS,PC7,#,reference,candidates(datasheet-pin-table+rm-remap-grid:en)
CH32V004,afio-usart1-remap,3,USART1_RX,PC1,#,reference,candidates(datasheet-pin-table+rm-remap-grid:en)
CH32V004,afio-usart1-remap,3,USART1_TX,PC0,#,reference,candidates(datasheet-pin-table+rm-remap-grid:en)
CH32V004,afio-usart1-remap,4,USART1_CTS,PD7,#,reference,candidates(datasheet-pin-table+rm-remap-grid:en)
CH32V004,afio-usart1-remap,4,USART1_TX,PD1,#,reference,candidates(datasheet-pin-table+rm-remap-grid:en)
CH32V004,afio-usart1-remap,5,USART1_CTS,PD7,#,reference,candidates(datasheet-pin-table+rm-remap-grid:en)
CH32V004,afio-usart1-remap,5,USART1_RX,PD1,#,reference,candidates(datasheet-pin-table+rm-remap-grid:en)
CH32V004,afio-usart1-remap,6,USART1_CTS,PC7,#,reference,candidates(datasheet-pin-table+rm-remap-grid:en)
CH32V004,afio-usart1-remap,6,USART1_RX,PC6,#,reference,candidates(datasheet-pin-table+rm-remap-grid:en)
CH32V004,afio-usart1-remap,6,USART1_TX,PC5,#,reference,candidates(datasheet-pin-table+rm-remap-grid:en)
CH32V004,afio-usart1-remap,7,USART1_CTS,PC7,#,reference,candidates(datasheet-pin-table+rm-remap-grid:en)
CH32V004,afio-usart1-remap,8,USART1_CTS,PD2,#,reference,candidates(datasheet-pin-table+rm-remap-grid:en)
CH32V004,afio-usart1-remap,8,USART1_RTS,PD3,#,reference,candidates(datasheet-pin-table+rm-remap-grid:en)
CH32V004,afio-usart1-remap,8,USART1_RX,PA1,#,reference,candidates(datasheet-pin-table+rm-remap-grid:en)
CH32V004,afio-usart1-remap,9,USART1_CTS,PD5,#,reference,candidates(datasheet-pin-table+rm-remap-grid:en)
CH32V004,afio-usart1-remap,9,USART1_RTS,PD4,#,reference,candidates(datasheet-pin-table+rm-remap-grid:en)
CH32V004,afio-usart1-remap,9,USART1_RX,PC4,#,reference,candidates(datasheet-pin-table+rm-remap-grid:en)
CH32V005,afio-adc-etrginj-remap,0,ADC_IETR,PD1,#,reference,candidates(datasheet-pin-table-default:en)
CH32V005,afio-adc-etrginj-remap,1,ADC_IETR,PA2,#,reference,candidates(datasheet-pin-table+rm-remap-grid:en)
CH32V005,afio-adc-etrgreg-remap,0,ADC_IN4,PD3,#,reference,candidates(datasheet-pin-table-default:en)
CH32V005,afio-adc-etrgreg-remap,0,ADC_RETR,PD3,#,reference,candidates(datasheet-pin-table-default:en)
CH32V005,afio-adc-etrgreg-remap,1,ADC_RETR,PC2,#,reference,candidates(datasheet-pin-table+rm-remap-grid:en)
CH32V005,afio-i2c1-remap,0,I2C_SCL,PC2,#,reference,candidates(datasheet-pin-table-default:en)
CH32V005,afio-i2c1-remap,0,I2C_SDA,PC1,#,reference,candidates(datasheet-pin-table-default:en)
CH32V005,afio-i2c1-remap,1,I2C_SCL,PD1,#,reference,candidates(datasheet-pin-table+rm-remap-grid:en)
CH32V005,afio-i2c1-remap,1,I2C_SDA,PD0,#,reference,candidates(datasheet-pin-table+rm-remap-grid:en)
CH32V005,afio-i2c1-remap,2,I2C_SCL,PC5,#,reference,candidates(datasheet-pin-table+rm-remap-grid:en)
CH32V005,afio-i2c1-remap,2,I2C_SDA,PC6,#,reference,candidates(datasheet-pin-table+rm-remap-grid:en)
CH32V005,afio-i2c1-remap,4,I2C_SCL,PB3,#,reference,candidates(datasheet-pin-table+rm-remap-grid:en)
CH32V005,afio-i2c1-remap,4,I2C_SDA,PD1,#,reference,candidates(datasheet-pin-table+rm-remap-grid:en)
CH32V005,afio-spi1-remap,0,SPI_MISO,PC7,#,reference,candidates(datasheet-pin-table-default:en)
CH32V005,afio-spi1-remap,0,SPI_MOSI,PC6,#,reference,candidates(datasheet-pin-table-default:en)
CH32V005,afio-spi1-remap,0,SPI_NSS,PC1,#,reference,candidates(datasheet-pin-table-default:en)
CH32V005,afio-spi1-remap,0,SPI_SCK,PC5,#,reference,candidates(datasheet-pin-table-default:en)
CH32V005,afio-spi1-remap,1,SPI_MISO,PC7,#,reference,candidates(datasheet-pin-table+rm-remap-grid:en)
CH32V005,afio-spi1-remap,1,SPI_MOSI,PC6,#,reference,candidates(datasheet-pin-table+rm-remap-grid:en)
CH32V005,afio-spi1-remap,1,SPI_NSS,PC0,#,reference,candidates(datasheet-pin-table+rm-remap-grid:en)
CH32V005,afio-spi1-remap,1,SPI_SCK,PC5,#,reference,candidates(datasheet-pin-table+rm-remap-grid:en)
CH32V005,afio-spi1-remap,2,SPI_MISO,PB3,#,reference,candidates(datasheet-pin-table+rm-remap-grid:en)
CH32V005,afio-spi1-remap,2,SPI_MOSI,PD3,#,reference,candidates(datasheet-pin-table+rm-remap-grid:en)
CH32V005,afio-spi1-remap,2,SPI_NSS,PC4,#,reference,candidates(datasheet-pin-table+rm-remap-grid:en)
CH32V005,afio-spi1-remap,2,SPI_SCK,PD2,#,reference,candidates(datasheet-pin-table+rm-remap-grid:en)
CH32V005,afio-spi1-remap,3,SPI_MOSI,PC0,#,reference,candidates(datasheet-pin-table+rm-remap-grid:en)
CH32V005,afio-spi1-remap,3,SPI_NSS,PB0,#,reference,candidates(datasheet-pin-table+rm-remap-grid:en)
CH32V005,afio-spi1-remap,3,SPI_SCK,PB1,#,reference,candidates(datasheet-pin-table+rm-remap-grid:en)
CH32V005,afio-spi1-remap,4,SPI_MISO,PD5,#,reference,candidates(datasheet-pin-table+rm-remap-grid:en)
CH32V005,afio-spi1-remap,4,SPI_MOSI,PD6,#,reference,candidates(datasheet-pin-table+rm-remap-grid:en)
CH32V005,afio-spi1-remap,4,SPI_NSS,PD3,#,reference,candidates(datasheet-pin-table+rm-remap-grid:en)
CH32V005,afio-spi1-remap,4,SPI_SCK,PD4,#,reference,candidates(datasheet-pin-table+rm-remap-grid:en)
CH32V005,afio-spi1-remap,5,SPI_MOSI,PA2,#,reference,candidates(datasheet-pin-table+rm-remap-grid:en)
CH32V005,afio-spi1-remap,5,SPI_NSS,PC1,#,reference,candidates(datasheet-pin-table+rm-remap-grid:en)
CH32V005,afio-spi1-remap,5,SPI_SCK,PA1,#,reference,candidates(datasheet-pin-table+rm-remap-grid:en)
CH32V005,afio-spi1-remap,6,SPI_MISO,PC7,#,reference,candidates(datasheet-pin-table+rm-remap-grid:en)
CH32V005,afio-spi1-remap,6,SPI_NSS,PC4,#,reference,candidates(datasheet-pin-table+rm-remap-grid:en)
CH32V005,afio-tim1-remap,0,TIM1_BKIN,PC2,#,reference,candidates(datasheet-pin-table-default:en)
CH32V005,afio-tim1-remap,0,TIM1_CH1,PD2,#,reference,candidates(datasheet-pin-table-default:en)
CH32V005,afio-tim1-remap,0,TIM1_CH1N,PD0,#,reference,candidates(datasheet-pin-table-default:en)
CH32V005,afio-tim1-remap,0,TIM1_CH2,PA1,#,reference,candidates(datasheet-pin-table-default:en)
CH32V005,afio-tim1-remap,0,TIM1_CH2N,PA2,#,reference,candidates(datasheet-pin-table-default:en)
CH32V005,afio-tim1-remap,0,TIM1_CH3,PC3,#,reference,candidates(datasheet-pin-table-default:en)
CH32V005,afio-tim1-remap,0,TIM1_CH3N,PD1,#,reference,candidates(datasheet-pin-table-default:en)
CH32V005,afio-tim1-remap,0,TIM1_CH4,PC4,#,reference,candidates(datasheet-pin-table-default:en)
CH32V005,afio-tim1-remap,0,TIM1_ETR,PC5,#,reference,candidates(datasheet-pin-table-default:en)
CH32V005,afio-tim1-remap,1,TIM1_BKIN,PC2,#,reference,candidates(datasheet-pin-table+rm-remap-grid:en)
CH32V005,afio-tim1-remap,1,TIM1_CH1,PD2,#,reference,candidates(datasheet-pin-table+rm-remap-grid:en)
CH32V005,afio-tim1-remap,1,TIM1_CH1N,PD0,#,reference,candidates(datasheet-pin-table+rm-remap-grid:en)
CH32V005,afio-tim1-remap,1,TIM1_CH2,PA1,#,reference,candidates(datasheet-pin-table+rm-remap-grid:en)
CH32V005,afio-tim1-remap,1,TIM1_CH2N,PA2,#,reference,candidates(datasheet-pin-table+rm-remap-grid:en)
CH32V005,afio-tim1-remap,1,TIM1_CH3,PC3,#,reference,candidates(datasheet-pin-table+rm-remap-grid:en)
CH32V005,afio-tim1-remap,1,TIM1_CH3N,PD1,#,reference,candidates(datasheet-pin-table+rm-remap-grid:en)
CH32V005,afio-tim1-remap,1,TIM1_CH4,PC4,#,reference,candidates(datasheet-pin-table+rm-remap-grid:en)
CH32V005,afio-tim1-remap,1,TIM1_ETR,PD4,#,reference,candidates(datasheet-pin-table+rm-remap-grid:en)
CH32V005,afio-tim1-remap,2,TIM1_BKIN,PC1,#,reference,candidates(datasheet-pin-table+rm-remap-grid:en)
CH32V005,afio-tim1-remap,2,TIM1_CH1,PC6,#,reference,candidates(datasheet-pin-table+rm-remap-grid:en)
CH32V005,afio-tim1-remap,2,TIM1_CH1N,PC3,#,reference,candidates(datasheet-pin-table+rm-remap-grid:en)
CH32V005,afio-tim1-remap,2,TIM1_CH2,PC7,#,reference,candidates(datasheet-pin-table+rm-remap-grid:en)
CH32V005,afio-tim1-remap,2,TIM1_CH2N,PC4,#,reference,candidates(datasheet-pin-table+rm-remap-grid:en)
CH32V005,afio-tim1-remap,2,TIM1_CH3,PC0,#,reference,candidates(datasheet-pin-table+rm-remap-grid:en)
CH32V005,afio-tim1-remap,2,TIM1_CH3N,PD1,#,reference,candidates(datasheet-pin-table+rm-remap-grid:en)
CH32V005,afio-tim1-remap,2,TIM1_CH4,PD3,#,reference,candidates(datasheet-pin-table+rm-remap-grid:en)
CH32V005,afio-tim1-remap,2,TIM1_ETR,PC5,#,reference,candidates(datasheet-pin-table+rm-remap-grid:en)
CH32V005,afio-tim1-remap,3,TIM1_BKIN,PC1,#,reference,candidates(datasheet-pin-table+rm-remap-grid:en)
CH32V005,afio-tim1-remap,3,TIM1_CH1,PC4,#,reference,candidates(datasheet-pin-table+rm-remap-grid:en)
CH32V005,afio-tim1-remap,3,TIM1_CH1N,PC3,#,reference,candidates(datasheet-pin-table+rm-remap-grid:en)
CH32V005,afio-tim1-remap,3,TIM1_CH2,PC7,#,reference,candidates(datasheet-pin-table+rm-remap-grid:en)
CH32V005,afio-tim1-remap,3,TIM1_CH2N,PD2,#,reference,candidates(datasheet-pin-table+rm-remap-grid:en)
CH32V005,afio-tim1-remap,3,TIM1_CH3,PC5,#,reference,candidates(datasheet-pin-table+rm-remap-grid:en)
CH32V005,afio-tim1-remap,3,TIM1_CH3N,PC6,#,reference,candidates(datasheet-pin-table+rm-remap-grid:en)
CH32V005,afio-tim1-remap,3,TIM1_CH4,PD4,#,reference,candidates(datasheet-pin-table+rm-remap-grid:en)
CH32V005,afio-tim1-remap,3,TIM1_ETR,PC2,#,reference,candidates(datasheet-pin-table+rm-remap-grid:en)
CH32V005,afio-tim1-remap,4,TIM1_BKIN,PB3,#,reference,candidates(datasheet-pin-table+rm-remap-grid:en)
CH32V005,afio-tim1-remap,4,TIM1_CH1,PA3,#,reference,candidates(datasheet-pin-table+rm-remap-grid:en)
CH32V005,afio-tim1-remap,4,TIM1_CH1N,PA0,#,reference,candidates(datasheet-pin-table+rm-remap-grid:en)
CH32V005,afio-tim1-remap,4,TIM1_CH2,PB0,#,reference,candidates(datasheet-pin-table+rm-remap-grid:en)
CH32V005,afio-tim1-remap,4,TIM1_CH2N,PA2,#,reference,candidates(datasheet-pin-table+rm-remap-grid:en)
CH32V005,afio-tim1-remap,4,TIM1_CH3,PB1,#,reference,candidates(datasheet-pin-table+rm-remap-grid:en)
CH32V005,afio-tim1-remap,4,TIM1_CH3N,PD0,#,reference,candidates(datasheet-pin-table+rm-remap-grid:en)
CH32V005,afio-tim1-remap,4,TIM1_CH4,PD1,#,reference,candidates(datasheet-pin-table+rm-remap-grid:en)
CH32V005,afio-tim1-remap,4,TIM1_ETR,PD4,#,reference,candidates(datasheet-pin-table+rm-remap-grid:en)
CH32V005,afio-tim1-remap,5,TIM1_BKIN,PB3,#,reference,candidates(datasheet-pin-table+rm-remap-grid:en)
CH32V005,afio-tim1-remap,5,TIM1_CH1,PA3,#,reference,candidates(datasheet-pin-table+rm-remap-grid:en)
CH32V005,afio-tim1-remap,5,TIM1_CH1N,PA0,#,reference,candidates(datasheet-pin-table+rm-remap-grid:en)
CH32V005,afio-tim1-remap,5,TIM1_CH2,PB0,#,reference,candidates(datasheet-pin-table+rm-remap-grid:en)
CH32V005,afio-tim1-remap,5,TIM1_CH2N,PA2,#,reference,candidates(datasheet-pin-table+rm-remap-grid:en)
CH32V005,afio-tim1-remap,5,TIM1_CH3,PC3,#,reference,candidates(datasheet-pin-table+rm-remap-grid:en)
CH32V005,afio-tim1-remap,5,TIM1_CH3N,PD0,#,reference,candidates(datasheet-pin-table+rm-remap-grid:en)
CH32V005,afio-tim1-remap,5,TIM1_CH4,PD1,#,reference,candidates(datasheet-pin-table+rm-remap-grid:en)
CH32V005,afio-tim1-remap,5,TIM1_ETR,PD4,#,reference,candidates(datasheet-pin-table+rm-remap-grid:en)
CH32V005,afio-tim1-remap,6,TIM1_CH1,PA3,#,reference,candidates(datasheet-pin-table+rm-remap-grid:en)
CH32V005,afio-tim1-remap,6,TIM1_CH1N,PA0,#,reference,candidates(datasheet-pin-table+rm-remap-grid:en)
CH32V005,afio-tim1-remap,6,TIM1_CH2,PB0,#,reference,candidates(datasheet-pin-table+rm-remap-grid:en)
CH32V005,afio-tim1-remap,6,TIM1_CH2N,PA2,#,reference,candidates(datasheet-pin-table+rm-remap-grid:en)
CH32V005,afio-tim1-remap,6,TIM1_CH3,PB1,#,reference,candidates(datasheet-pin-table+rm-remap-grid:en)
CH32V005,afio-tim1-remap,6,TIM1_CH3N,PD0,#,reference,candidates(datasheet-pin-table+rm-remap-grid:en)
CH32V005,afio-tim1-remap,6,TIM1_ETR,PD4,#,reference,candidates(datasheet-pin-table+rm-remap-grid:en)
CH32V005,afio-tim1-remap,7,TIM1_CH1,PC4,#,reference,candidates(datasheet-pin-table+rm-remap-grid:en)
CH32V005,afio-tim1-remap,7,TIM1_CH1N,PC0,#,reference,candidates(datasheet-pin-table+rm-remap-grid:en)
CH32V005,afio-tim1-remap,7,TIM1_CH2,PC5,#,reference,candidates(datasheet-pin-table+rm-remap-grid:en)
CH32V005,afio-tim1-remap,7,TIM1_CH2N,PC1,#,reference,candidates(datasheet-pin-table+rm-remap-grid:en)
CH32V005,afio-tim1-remap,7,TIM1_CH3,PC6,#,reference,candidates(datasheet-pin-table+rm-remap-grid:en)
CH32V005,afio-tim1-remap,7,TIM1_CH3N,PC2,#,reference,candidates(datasheet-pin-table+rm-remap-grid:en)
CH32V005,afio-tim1-remap,7,TIM1_CH4,PC7,#,reference,candidates(datasheet-pin-table+rm-remap-grid:en)
CH32V005,afio-tim1-remap,8,TIM1_CH1,PC4,#,reference,candidates(datasheet-pin-table+rm-remap-grid:en)
CH32V005,afio-tim1-remap,8,TIM1_CH1N,PA3,#,reference,candidates(datasheet-pin-table+rm-remap-grid:en)
CH32V005,afio-tim1-remap,8,TIM1_CH2,PC5,#,reference,candidates(datasheet-pin-table+rm-remap-grid:en)
CH32V005,afio-tim1-remap,8,TIM1_CH2N,PB0,#,reference,candidates(datasheet-pin-table+rm-remap-grid:en)
CH32V005,afio-tim1-remap,8,TIM1_CH3,PC6,#,reference,candidates(datasheet-pin-table+rm-remap-grid:en)
CH32V005,afio-tim1-remap,8,TIM1_CH3N,PB1,#,reference,candidates(datasheet-pin-table+rm-remap-grid:en)
CH32V005,afio-tim1-remap,8,TIM1_CH4,PC7,#,reference,candidates(datasheet-pin-table+rm-remap-grid:en)
CH32V005,afio-tim1-remap,9,TIM1_CH1,PA0,#,reference,candidates(datasheet-pin-table+rm-remap-grid:en)
CH32V005,afio-tim1-remap,9,TIM1_CH1N,PC0,#,reference,candidates(datasheet-pin-table+rm-remap-grid:en)
CH32V005,afio-tim1-remap,9,TIM1_CH2,PA1,#,reference,candidates(datasheet-pin-table+rm-remap-grid:en)
CH32V005,afio-tim1-remap,9,TIM1_CH2N,PC1,#,reference,candidates(datasheet-pin-table+rm-remap-grid:en)
CH32V005,afio-tim1-remap,9,TIM1_CH3,PA2,#,reference,candidates(datasheet-pin-table+rm-remap-grid:en)
CH32V005,afio-tim1-remap,9,TIM1_CH3N,PC2,#,reference,candidates(datasheet-pin-table+rm-remap-grid:en)
CH32V005,afio-tim1-remap,9,TIM1_CH4,PA3,#,reference,candidates(datasheet-pin-table+rm-remap-grid:en)
CH32V005,afio-tim2-remap,0,TIM2_CH1_ETR,PD4,#,reference,candidates(datasheet-pin-table-default:en)
CH32V005,afio-tim2-remap,0,TIM2_CH2,PD3,#,reference,candidates(datasheet-pin-table-default:en)
CH32V005,afio-tim2-remap,0,TIM2_CH3,PC0,#,reference,candidates(datasheet-pin-table-default:en)
CH32V005,afio-tim2-remap,0,TIM2_CH4,PD7,#,reference,candidates(datasheet-pin-table-default:en)
CH32V005,afio-tim2-remap,1,TIM2_CH1_ETR,PC1,#,reference,candidates(datasheet-pin-table+rm-remap-grid:en)
CH32V005,afio-tim2-remap,1,TIM2_CH2,PD3,#,reference,candidates(datasheet-pin-table+rm-remap-grid:en)
CH32V005,afio-tim2-remap,1,TIM2_CH3,PC0,#,reference,candidates(datasheet-pin-table+rm-remap-grid:en)
CH32V005,afio-tim2-remap,1,TIM2_CH4,PD7,#,reference,candidates(datasheet-pin-table+rm-remap-grid:en)
CH32V005,afio-tim2-remap,2,TIM2_CH1_ETR,PC5,#,reference,candidates(datasheet-pin-table+rm-remap-grid:en)
CH32V005,afio-tim2-remap,2,TIM2_CH2,PC2,#,reference,candidates(datasheet-pin-table+rm-remap-grid:en)
CH32V005,afio-tim2-remap,2,TIM2_CH3,PD2,#,reference,candidates(datasheet-pin-table+rm-remap-grid:en)
CH32V005,afio-tim2-remap,2,TIM2_CH4,PC1,#,reference,candidates(datasheet-pin-table+rm-remap-grid:en)
CH32V005,afio-tim2-remap,3,TIM2_CH1_ETR,PC1,#,reference,candidates(datasheet-pin-table+rm-remap-grid:en)
CH32V005,afio-tim2-remap,3,TIM2_CH2,PC7,#,reference,candidates(datasheet-pin-table+rm-remap-grid:en)
CH32V005,afio-tim2-remap,3,TIM2_CH3,PD6,#,reference,candidates(datasheet-pin-table+rm-remap-grid:en)
CH32V005,afio-tim2-remap,3,TIM2_CH4,PD5,#,reference,candidates(datasheet-pin-table+rm-remap-grid:en)
CH32V005,afio-tim2-remap,4,TIM2_CH1_ETR,PC0,#,reference,candidates(datasheet-pin-table+rm-remap-grid:en)
CH32V005,afio-tim2-remap,4,TIM2_CH2,PC1,#,reference,candidates(datasheet-pin-table+rm-remap-grid:en)
CH32V005,afio-tim2-remap,4,TIM2_CH3,PC3,#,reference,candidates(datasheet-pin-table+rm-remap-grid:en)
CH32V005,afio-tim2-remap,5,TIM2_CH1_ETR,PA0,#,reference,candidates(datasheet-pin-table+rm-remap-grid:en)
CH32V005,afio-tim2-remap,5,TIM2_CH2,PA1,#,reference,candidates(datasheet-pin-table+rm-remap-grid:en)
CH32V005,afio-tim2-remap,5,TIM2_CH3,PA2,#,reference,candidates(datasheet-pin-table+rm-remap-grid:en)
CH32V005,afio-tim2-remap,5,TIM2_CH4,PA3,#,reference,candidates(datasheet-pin-table+rm-remap-grid:en)
CH32V005,afio-tim2-remap,6,TIM2_CH1_ETR,PB1,#,reference,candidates(datasheet-pin-table+rm-remap-grid:en)
CH32V005,afio-tim2-remap,6,TIM2_CH2,PA1,#,reference,candidates(datasheet-pin-table+rm-remap-grid:en)
CH32V005,afio-tim2-remap,6,TIM2_CH3,PA2,#,reference,candidates(datasheet-pin-table+rm-remap-grid:en)
CH32V005,afio-tim2-remap,6,TIM2_CH4,PA3,#,reference,candidates(datasheet-pin-table+rm-remap-grid:en)
CH32V005,afio-tim2-remap,7,TIM2_CH1_ETR,PD3,#,reference,candidates(datasheet-pin-table+rm-remap-grid:en)
CH32V005,afio-tim2-remap,7,TIM2_CH2,PD4,#,reference,candidates(datasheet-pin-table+rm-remap-grid:en)
CH32V005,afio-tim2-remap,7,TIM2_CH3,PA2,#,reference,candidates(datasheet-pin-table+rm-remap-grid:en)
CH32V005,afio-tim2-remap,7,TIM2_CH4,PA3,#,reference,candidates(datasheet-pin-table+rm-remap-grid:en)
CH32V005,afio-usart1-remap,0,USART1_CTS,PD3,#,reference,candidates(datasheet-pin-table-default:en)
CH32V005,afio-usart1-remap,0,USART1_RTS,PC2,#,reference,candidates(datasheet-pin-table-default:en)
CH32V005,afio-usart1-remap,0,USART1_RX,PD6,#,reference,candidates(datasheet-pin-table-default:en)
CH32V005,afio-usart1-remap,0,USART1_TX,PD5,#,reference,candidates(datasheet-pin-table-default:en)
CH32V005,afio-usart1-remap,1,USART1_CTS,PC6,#,reference,candidates(datasheet-pin-table+rm-remap-grid:en)
CH32V005,afio-usart1-remap,1,USART1_RTS,PC7,#,reference,candidates(datasheet-pin-table+rm-remap-grid:en)
CH32V005,afio-usart1-remap,1,USART1_RX,PD5,#,reference,candidates(datasheet-pin-table+rm-remap-grid:en)
CH32V005,afio-usart1-remap,1,USART1_TX,PD6,#,reference,candidates(datasheet-pin-table+rm-remap-grid:en)
CH32V005,afio-usart1-remap,2,USART1_CTS,PC3,#,reference,candidates(datasheet-pin-table+rm-remap-grid:en)
CH32V005,afio-usart1-remap,2,USART1_RTS,PC2,#,reference,candidates(datasheet-pin-table+rm-remap-grid:en)
CH32V005,afio-usart1-remap,2,USART1_RX,PD1,#,reference,candidates(datasheet-pin-table+rm-remap-grid:en)
CH32V005,afio-usart1-remap,2,USART1_TX,PD0,#,reference,candidates(datasheet-pin-table+rm-remap-grid:en)
CH32V005,afio-usart1-remap,3,USART1_CTS,PC6,#,reference,candidates(datasheet-pin-table+rm-remap-grid:en)
CH32V005,afio-usart1-remap,3,USART1_RTS,PC7,#,reference,candidates(datasheet-pin-table+rm-remap-grid:en)
CH32V005,afio-usart1-remap,3,USART1_RX,PC1,#,reference,candidates(datasheet-pin-table+rm-remap-grid:en)
CH32V005,afio-usart1-remap,3,USART1_TX,PC0,#,reference,candidates(datasheet-pin-table+rm-remap-grid:en)
CH32V005,afio-usart1-remap,4,USART1_CTS,PD7,#,reference,candidates(datasheet-pin-table+rm-remap-grid:en)
CH32V005,afio-usart1-remap,4,USART1_RTS,PA5,#,reference,candidates(datasheet-pin-table+rm-remap-grid:en)
CH32V005,afio-usart1-remap,4,USART1_RX,PB3,#,reference,candidates(datasheet-pin-table+rm-remap-grid:en)
CH32V005,afio-usart1-remap,4,USART1_TX,PD1,#,reference,candidates(datasheet-pin-table+rm-remap-grid:en)
CH32V005,afio-usart1-remap,5,USART1_CTS,PD7,#,reference,candidates(datasheet-pin-table+rm-remap-grid:en)
CH32V005,afio-usart1-remap,5,USART1_RTS,PA5,#,reference,candidates(datasheet-pin-table+rm-remap-grid:en)
CH32V005,afio-usart1-remap,5,USART1_RX,PD1,#,reference,candidates(datasheet-pin-table+rm-remap-grid:en)
CH32V005,afio-usart1-remap,5,USART1_TX,PB3,#,reference,candidates(datasheet-pin-table+rm-remap-grid:en)
CH32V005,afio-usart1-remap,6,USART1_CTS,PC7,#,reference,candidates(datasheet-pin-table+rm-remap-grid:en)
CH32V005,afio-usart1-remap,6,USART1_RX,PC6,#,reference,candidates(datasheet-pin-table+rm-remap-grid:en)
CH32V005,afio-usart1-remap,6,USART1_TX,PC5,#,reference,candidates(datasheet-pin-table+rm-remap-grid:en)
CH32V005,afio-usart1-remap,7,USART1_CTS,PC7,#,reference,candidates(datasheet-pin-table+rm-remap-grid:en)
CH32V005,afio-usart1-remap,8,USART1_CTS,PD2,#,reference,candidates(datasheet-pin-table+rm-remap-grid:en)
CH32V005,afio-usart1-remap,8,USART1_RTS,PD3,#,reference,candidates(datasheet-pin-table+rm-remap-grid:en)
CH32V005,afio-usart1-remap,8,USART1_RX,PA1,#,reference,candidates(datasheet-pin-table+rm-remap-grid:en)
CH32V005,afio-usart1-remap,8,USART1_TX,PA0,#,reference,candidates(datasheet-pin-table+rm-remap-grid:en)
CH32V005,afio-usart1-remap,9,USART1_CTS,PD5,#,reference,candidates(datasheet-pin-table+rm-remap-grid:en)
CH32V005,afio-usart1-remap,9,USART1_RTS,PD4,#,reference,candidates(datasheet-pin-table+rm-remap-grid:en)
CH32V005,afio-usart1-remap,9,USART1_RX,PC4,#,reference,candidates(datasheet-pin-table+rm-remap-grid:en)
CH32V005,afio-usart1-remap,9,USART1_TX,PA0,#,reference,candidates(datasheet-pin-table+rm-remap-grid:en)
CH32V005,afio-usart2-remap,0,USART2_CTS,PA4,#,reference,candidates(datasheet-pin-table-default:en)
CH32V005,afio-usart2-remap,0,USART2_RTS,PA5,#,reference,candidates(datasheet-pin-table-default:en)
CH32V005,afio-usart2-remap,0,USART2_RX,PB3,#,reference,candidates(datasheet-pin-table-default:en)
CH32V005,afio-usart2-remap,1,USART2_RTS,PB3,#,reference,candidates(datasheet-pin-table+rm-remap-grid:en)
CH32V005,afio-usart2-remap,1,USART2_RX,PA5,#,reference,candidates(datasheet-pin-table+rm-remap-grid:en)
CH32V005,afio-usart2-remap,1,USART2_TX,PA4,#,reference,candidates(datasheet-pin-table+rm-remap-grid:en)
CH32V005,afio-usart2-remap,2,USART2_CTS,PA0,#,reference,candidates(datasheet-pin-table+rm-remap-grid:en)
CH32V005,afio-usart2-remap,2,USART2_RTS,PA1,#,reference,candidates(datasheet-pin-table+rm-remap-grid:en)
CH32V005,afio-usart2-remap,2,USART2_RX,PA3,#,reference,candidates(datasheet-pin-table+rm-remap-grid:en)
CH32V005,afio-usart2-remap,2,USART2_TX,PA2,#,reference,candidates(datasheet-pin-table+rm-remap-grid:en)
CH32V005,afio-usart2-remap,3,USART2_CTS,PA0,#,reference,candidates(datasheet-pin-table+rm-remap-grid:en)
CH32V005,afio-usart2-remap,3,USART2_RTS,PA1,#,reference,candidates(datasheet-pin-table+rm-remap-grid:en)
CH32V005,afio-usart2-remap,3,USART2_RX,PD3,#,reference,candidates(datasheet-pin-table+rm-remap-grid:en)
CH32V005,afio-usart2-remap,3,USART2_TX,PD2,#,reference,candidates(datasheet-pin-table+rm-remap-grid:en)
CH32V005,afio-usart2-remap,4,USART2_RTS,PA1,#,reference,candidates(datasheet-pin-table+rm-remap-grid:en)
CH32V005,afio-usart2-remap,4,USART2_RX,PB1,#,reference,candidates(datasheet-pin-table+rm-remap-grid:en)
CH32V005,afio-usart2-remap,4,USART2_TX,PB0,#,reference,candidates(datasheet-pin-table+rm-remap-grid:en)
CH32V005,afio-usart2-remap,5,USART2_CTS,PA4,#,reference,candidates(datasheet-pin-table+rm-remap-grid:en)
CH32V005,afio-usart2-remap,5,USART2_RTS,PA1,#,reference,candidates(datasheet-pin-table+rm-remap-grid:en)
CH32V005,afio-usart2-remap,5,USART2_RX,PD1,#,reference,candidates(datasheet-pin-table+rm-remap-grid:en)
CH32V005,afio-usart2-remap,5,USART2_TX,PC4,#,reference,candidates(datasheet-pin-table+rm-remap-grid:en)
CH32V005,afio-usart2-remap,6,USART2_RTS,PB3,#,reference,candidates(datasheet-pin-table+rm-remap-grid:en)
CH32V005,afio-usart2-remap,6,USART2_RX,PA5,#,reference,candidates(datasheet-pin-table+rm-remap-grid:en)
CH32V005,afio-usart2-remap,6,USART2_TX,PA6,#,reference,candidates(datasheet-pin-table+rm-remap-grid:en)
CH32V006,afio-adc-etrginj-remap,0,ADC_IETR,PD1,#,reference,candidates(datasheet-pin-table-default:en)
CH32V006,afio-adc-etrginj-remap,1,ADC_IETR,PA2,#,reference,candidates(datasheet-pin-table+rm-remap-grid:en)
CH32V006,afio-adc-etrgreg-remap,0,ADC_IN4,PD3,#,reference,candidates(datasheet-pin-table-default:en)
CH32V006,afio-adc-etrgreg-remap,0,ADC_RETR,PD3,#,reference,candidates(datasheet-pin-table-default:en)
CH32V006,afio-adc-etrgreg-remap,1,ADC_RETR,PC2,#,reference,candidates(datasheet-pin-table+rm-remap-grid:en)
CH32V006,afio-i2c1-remap,0,I2C_SCL,PC2,#,reference,candidates(datasheet-pin-table-default:en)
CH32V006,afio-i2c1-remap,0,I2C_SDA,PC1,#,reference,candidates(datasheet-pin-table-default:en)
CH32V006,afio-i2c1-remap,1,I2C_SCL,PD1,#,reference,candidates(datasheet-pin-table+rm-remap-grid:en)
CH32V006,afio-i2c1-remap,1,I2C_SDA,PD0,#,reference,candidates(datasheet-pin-table+rm-remap-grid:en)
CH32V006,afio-i2c1-remap,2,I2C_SCL,PC5,#,reference,candidates(datasheet-pin-table+rm-remap-grid:en)
CH32V006,afio-i2c1-remap,2,I2C_SDA,PC6,#,reference,candidates(datasheet-pin-table+rm-remap-grid:en)
CH32V006,afio-i2c1-remap,3,I2C_SCL,PB5,#,reference,candidates(datasheet-pin-table+rm-remap-grid:en)
CH32V006,afio-i2c1-remap,3,I2C_SDA,PB6,#,reference,candidates(datasheet-pin-table+rm-remap-grid:en)
CH32V006,afio-i2c1-remap,4,I2C_SCL,PB3,#,reference,candidates(datasheet-pin-table+rm-remap-grid:en)
CH32V006,afio-i2c1-remap,4,I2C_SDA,PD1,#,reference,candidates(datasheet-pin-table+rm-remap-grid:en)
CH32V006,afio-spi1-remap,0,SPI_MISO,PC7,#,reference,candidates(datasheet-pin-table-default:en)
CH32V006,afio-spi1-remap,0,SPI_MOSI,PC6,#,reference,candidates(datasheet-pin-table-default:en)
CH32V006,afio-spi1-remap,0,SPI_NSS,PC1,#,reference,candidates(datasheet-pin-table-default:en)
CH32V006,afio-spi1-remap,0,SPI_SCK,PC5,#,reference,candidates(datasheet-pin-table-default:en)
CH32V006,afio-spi1-remap,1,SPI_MISO,PC7,#,reference,candidates(datasheet-pin-table+rm-remap-grid:en)
CH32V006,afio-spi1-remap,1,SPI_MOSI,PC6,#,reference,candidates(datasheet-pin-table+rm-remap-grid:en)
CH32V006,afio-spi1-remap,1,SPI_NSS,PC0,#,reference,candidates(datasheet-pin-table+rm-remap-grid:en)
CH32V006,afio-spi1-remap,1,SPI_SCK,PC5,#,reference,candidates(datasheet-pin-table+rm-remap-grid:en)
CH32V006,afio-spi1-remap,2,SPI_MISO,PB3,#,reference,candidates(datasheet-pin-table+rm-remap-grid:en)
CH32V006,afio-spi1-remap,2,SPI_MOSI,PD3,#,reference,candidates(datasheet-pin-table+rm-remap-grid:en)
CH32V006,afio-spi1-remap,2,SPI_NSS,PC4,#,reference,candidates(datasheet-pin-table+rm-remap-grid:en)
CH32V006,afio-spi1-remap,2,SPI_SCK,PD2,#,reference,candidates(datasheet-pin-table+rm-remap-grid:en)
CH32V006,afio-spi1-remap,3,SPI_MISO,PB2,#,reference,candidates(datasheet-pin-table+rm-remap-grid:en)
CH32V006,afio-spi1-remap,3,SPI_MOSI,PC0,#,reference,candidates(datasheet-pin-table+rm-remap-grid:en)
CH32V006,afio-spi1-remap,3,SPI_NSS,PB0,#,reference,candidates(datasheet-pin-table+rm-remap-grid:en)
CH32V006,afio-spi1-remap,3,SPI_SCK,PB1,#,reference,candidates(datasheet-pin-table+rm-remap-grid:en)
CH32V006,afio-spi1-remap,4,SPI_MISO,PD5,#,reference,candidates(datasheet-pin-table+rm-remap-grid:en)
CH32V006,afio-spi1-remap,4,SPI_MOSI,PD6,#,reference,candidates(datasheet-pin-table+rm-remap-grid:en)
CH32V006,afio-spi1-remap,4,SPI_NSS,PD3,#,reference,candidates(datasheet-pin-table+rm-remap-grid:en)
CH32V006,afio-spi1-remap,4,SPI_SCK,PD4,#,reference,candidates(datasheet-pin-table+rm-remap-grid:en)
CH32V006,afio-spi1-remap,5,SPI_MISO,PB5,#,reference,candidates(datasheet-pin-table+rm-remap-grid:en)
CH32V006,afio-spi1-remap,5,SPI_MOSI,PA2,#,reference,candidates(datasheet-pin-table+rm-remap-grid:en)
CH32V006,afio-spi1-remap,5,SPI_NSS,PC1,#,reference,candidates(datasheet-pin-table+rm-remap-grid:en)
CH32V006,afio-spi1-remap,5,SPI_SCK,PA1,#,reference,candidates(datasheet-pin-table+rm-remap-grid:en)
CH32V006,afio-spi1-remap,6,SPI_MISO,PC7,#,reference,candidates(datasheet-pin-table+rm-remap-grid:en)
CH32V006,afio-spi1-remap,6,SPI_MOSI,PB4,#,reference,candidates(datasheet-pin-table+rm-remap-grid:en)
CH32V006,afio-spi1-remap,6,SPI_NSS,PC4,#,reference,candidates(datasheet-pin-table+rm-remap-grid:en)
CH32V006,afio-spi1-remap,6,SPI_SCK,PB5,#,reference,candidates(datasheet-pin-table+rm-remap-grid:en)
CH32V006,afio-tim1-remap,0,TIM1_BKIN,PC2,#,reference,candidates(datasheet-pin-table-default:en)
CH32V006,afio-tim1-remap,0,TIM1_CH1,PD2,#,reference,candidates(datasheet-pin-table-default:en)
CH32V006,afio-tim1-remap,0,TIM1_CH1N,PD0,#,reference,candidates(datasheet-pin-table-default:en)
CH32V006,afio-tim1-remap,0,TIM1_CH2,PA1,#,reference,candidates(datasheet-pin-table-default:en)
CH32V006,afio-tim1-remap,0,TIM1_CH2N,PA2,#,reference,candidates(datasheet-pin-table-default:en)
CH32V006,afio-tim1-remap,0,TIM1_CH3,PC3,#,reference,candidates(datasheet-pin-table-default:en)
CH32V006,afio-tim1-remap,0,TIM1_CH3N,PD1,#,reference,candidates(datasheet-pin-table-default:en)
CH32V006,afio-tim1-remap,0,TIM1_CH4,PC4,#,reference,candidates(datasheet-pin-table-default:en)
CH32V006,afio-tim1-remap,0,TIM1_ETR,PC5,#,reference,candidates(datasheet-pin-table-default:en)
CH32V006,afio-tim1-remap,1,TIM1_BKIN,PC2,#,reference,candidates(datasheet-pin-table+rm-remap-grid:en)
CH32V006,afio-tim1-remap,1,TIM1_CH1,PD2,#,reference,candidates(datasheet-pin-table+rm-remap-grid:en)
CH32V006,afio-tim1-remap,1,TIM1_CH1N,PD0,#,reference,candidates(datasheet-pin-table+rm-remap-grid:en)
CH32V006,afio-tim1-remap,1,TIM1_CH2,PA1,#,reference,candidates(datasheet-pin-table+rm-remap-grid:en)
CH32V006,afio-tim1-remap,1,TIM1_CH2N,PA2,#,reference,candidates(datasheet-pin-table+rm-remap-grid:en)
CH32V006,afio-tim1-remap,1,TIM1_CH3,PC3,#,reference,candidates(datasheet-pin-table+rm-remap-grid:en)
CH32V006,afio-tim1-remap,1,TIM1_CH3N,PD1,#,reference,candidates(datasheet-pin-table+rm-remap-grid:en)
CH32V006,afio-tim1-remap,1,TIM1_CH4,PC4,#,reference,candidates(datasheet-pin-table+rm-remap-grid:en)
CH32V006,afio-tim1-remap,1,TIM1_ETR,PD4,#,reference,candidates(datasheet-pin-table+rm-remap-grid:en)
CH32V006,afio-tim1-remap,2,TIM1_BKIN,PC1,#,reference,candidates(datasheet-pin-table+rm-remap-grid:en)
CH32V006,afio-tim1-remap,2,TIM1_CH1,PC6,#,reference,candidates(datasheet-pin-table+rm-remap-grid:en)
CH32V006,afio-tim1-remap,2,TIM1_CH1N,PC3,#,reference,candidates(datasheet-pin-table+rm-remap-grid:en)
CH32V006,afio-tim1-remap,2,TIM1_CH2,PC7,#,reference,candidates(datasheet-pin-table+rm-remap-grid:en)
CH32V006,afio-tim1-remap,2,TIM1_CH2N,PC4,#,reference,candidates(datasheet-pin-table+rm-remap-grid:en)
CH32V006,afio-tim1-remap,2,TIM1_CH3,PC0,#,reference,candidates(datasheet-pin-table+rm-remap-grid:en)
CH32V006,afio-tim1-remap,2,TIM1_CH3N,PD1,#,reference,candidates(datasheet-pin-table+rm-remap-grid:en)
CH32V006,afio-tim1-remap,2,TIM1_CH4,PD3,#,reference,candidates(datasheet-pin-table+rm-remap-grid:en)
CH32V006,afio-tim1-remap,2,TIM1_ETR,PC5,#,reference,candidates(datasheet-pin-table+rm-remap-grid:en)
CH32V006,afio-tim1-remap,3,TIM1_BKIN,PC1,#,reference,candidates(datasheet-pin-table+rm-remap-grid:en)
CH32V006,afio-tim1-remap,3,TIM1_CH1,PC4,#,reference,candidates(datasheet-pin-table+rm-remap-grid:en)
CH32V006,afio-tim1-remap,3,TIM1_CH1N,PC3,#,reference,candidates(datasheet-pin-table+rm-remap-grid:en)
CH32V006,afio-tim1-remap,3,TIM1_CH2,PC7,#,reference,candidates(datasheet-pin-table+rm-remap-grid:en)
CH32V006,afio-tim1-remap,3,TIM1_CH2N,PD2,#,reference,candidates(datasheet-pin-table+rm-remap-grid:en)
CH32V006,afio-tim1-remap,3,TIM1_CH3,PC5,#,reference,candidates(datasheet-pin-table+rm-remap-grid:en)
CH32V006,afio-tim1-remap,3,TIM1_CH3N,PC6,#,reference,candidates(datasheet-pin-table+rm-remap-grid:en)
CH32V006,afio-tim1-remap,3,TIM1_CH4,PD4,#,reference,candidates(datasheet-pin-table+rm-remap-grid:en)
CH32V006,afio-tim1-remap,3,TIM1_ETR,PC2,#,reference,candidates(datasheet-pin-table+rm-remap-grid:en)
CH32V006,afio-tim1-remap,4,TIM1_BKIN,PB3,#,reference,candidates(datasheet-pin-table+rm-remap-grid:en)
CH32V006,afio-tim1-remap,4,TIM1_CH1,PA3,#,reference,candidates(datasheet-pin-table+rm-remap-grid:en)
CH32V006,afio-tim1-remap,4,TIM1_CH1N,PA0,#,reference,candidates(datasheet-pin-table+rm-remap-grid:en)
CH32V006,afio-tim1-remap,4,TIM1_CH2,PB0,#,reference,candidates(datasheet-pin-table+rm-remap-grid:en)
CH32V006,afio-tim1-remap,4,TIM1_CH2N,PA2,#,reference,candidates(datasheet-pin-table+rm-remap-grid:en)
CH32V006,afio-tim1-remap,4,TIM1_CH3,PB1,#,reference,candidates(datasheet-pin-table+rm-remap-grid:en)
CH32V006,afio-tim1-remap,4,TIM1_CH3N,PD0,#,reference,candidates(datasheet-pin-table+rm-remap-grid:en)
CH32V006,afio-tim1-remap,4,TIM1_CH4,PD1,#,reference,candidates(datasheet-pin-table+rm-remap-grid:en)
CH32V006,afio-tim1-remap,4,TIM1_ETR,PD4,#,reference,candidates(datasheet-pin-table+rm-remap-grid:en)
CH32V006,afio-tim1-remap,5,TIM1_BKIN,PB3,#,reference,candidates(datasheet-pin-table+rm-remap-grid:en)
CH32V006,afio-tim1-remap,5,TIM1_CH1,PA3,#,reference,candidates(datasheet-pin-table+rm-remap-grid:en)
CH32V006,afio-tim1-remap,5,TIM1_CH1N,PA0,#,reference,candidates(datasheet-pin-table+rm-remap-grid:en)
CH32V006,afio-tim1-remap,5,TIM1_CH2,PB0,#,reference,candidates(datasheet-pin-table+rm-remap-grid:en)
CH32V006,afio-tim1-remap,5,TIM1_CH2N,PA2,#,reference,candidates(datasheet-pin-table+rm-remap-grid:en)
CH32V006,afio-tim1-remap,5,TIM1_CH3,PC3,#,reference,candidates(datasheet-pin-table+rm-remap-grid:en)
CH32V006,afio-tim1-remap,5,TIM1_CH3N,PD0,#,reference,candidates(datasheet-pin-table+rm-remap-grid:en)
CH32V006,afio-tim1-remap,5,TIM1_CH4,PD1,#,reference,candidates(datasheet-pin-table+rm-remap-grid:en)
CH32V006,afio-tim1-remap,5,TIM1_ETR,PD4,#,reference,candidates(datasheet-pin-table+rm-remap-grid:en)
CH32V006,afio-tim1-remap,6,TIM1_BKIN,PA7,#,reference,candidates(datasheet-pin-table+rm-remap-grid:en)
CH32V006,afio-tim1-remap,6,TIM1_CH1,PA3,#,reference,candidates(datasheet-pin-table+rm-remap-grid:en)
CH32V006,afio-tim1-remap,6,TIM1_CH1N,PA0,#,reference,candidates(datasheet-pin-table+rm-remap-grid:en)
CH32V006,afio-tim1-remap,6,TIM1_CH2,PB0,#,reference,candidates(datasheet-pin-table+rm-remap-grid:en)
CH32V006,afio-tim1-remap,6,TIM1_CH2N,PA2,#,reference,candidates(datasheet-pin-table+rm-remap-grid:en)
CH32V006,afio-tim1-remap,6,TIM1_CH3,PB1,#,reference,candidates(datasheet-pin-table+rm-remap-grid:en)
CH32V006,afio-tim1-remap,6,TIM1_CH3N,PD0,#,reference,candidates(datasheet-pin-table+rm-remap-grid:en)
CH32V006,afio-tim1-remap,6,TIM1_CH4,PB2,#,reference,candidates(datasheet-pin-table+rm-remap-grid:en)
CH32V006,afio-tim1-remap,6,TIM1_ETR,PD4,#,reference,candidates(datasheet-pin-table+rm-remap-grid:en)
CH32V006,afio-tim1-remap,7,TIM1_BKIN,PB2,#,reference,candidates(datasheet-pin-table+rm-remap-grid:en)
CH32V006,afio-tim1-remap,7,TIM1_CH1,PC4,#,reference,candidates(datasheet-pin-table+rm-remap-grid:en)
CH32V006,afio-tim1-remap,7,TIM1_CH1N,PC0,#,reference,candidates(datasheet-pin-table+rm-remap-grid:en)
CH32V006,afio-tim1-remap,7,TIM1_CH2,PC5,#,reference,candidates(datasheet-pin-table+rm-remap-grid:en)
CH32V006,afio-tim1-remap,7,TIM1_CH2N,PC1,#,reference,candidates(datasheet-pin-table+rm-remap-grid:en)
CH32V006,afio-tim1-remap,7,TIM1_CH3,PC6,#,reference,candidates(datasheet-pin-table+rm-remap-grid:en)
CH32V006,afio-tim1-remap,7,TIM1_CH3N,PC2,#,reference,candidates(datasheet-pin-table+rm-remap-grid:en)
CH32V006,afio-tim1-remap,7,TIM1_CH4,PC7,#,reference,candidates(datasheet-pin-table+rm-remap-grid:en)
CH32V006,afio-tim1-remap,7,TIM1_ETR,PB4,#,reference,candidates(datasheet-pin-table+rm-remap-grid:en)
CH32V006,afio-tim1-remap,8,TIM1_BKIN,PB2,#,reference,candidates(datasheet-pin-table+rm-remap-grid:en)
CH32V006,afio-tim1-remap,8,TIM1_CH1,PC4,#,reference,candidates(datasheet-pin-table+rm-remap-grid:en)
CH32V006,afio-tim1-remap,8,TIM1_CH1N,PA3,#,reference,candidates(datasheet-pin-table+rm-remap-grid:en)
CH32V006,afio-tim1-remap,8,TIM1_CH2,PC5,#,reference,candidates(datasheet-pin-table+rm-remap-grid:en)
CH32V006,afio-tim1-remap,8,TIM1_CH2N,PB0,#,reference,candidates(datasheet-pin-table+rm-remap-grid:en)
CH32V006,afio-tim1-remap,8,TIM1_CH3,PC6,#,reference,candidates(datasheet-pin-table+rm-remap-grid:en)
CH32V006,afio-tim1-remap,8,TIM1_CH3N,PB1,#,reference,candidates(datasheet-pin-table+rm-remap-grid:en)
CH32V006,afio-tim1-remap,8,TIM1_CH4,PC7,#,reference,candidates(datasheet-pin-table+rm-remap-grid:en)
CH32V006,afio-tim1-remap,8,TIM1_ETR,PB4,#,reference,candidates(datasheet-pin-table+rm-remap-grid:en)
CH32V006,afio-tim1-remap,9,TIM1_BKIN,PB2,#,reference,candidates(datasheet-pin-table+rm-remap-grid:en)
CH32V006,afio-tim1-remap,9,TIM1_CH1,PA0,#,reference,candidates(datasheet-pin-table+rm-remap-grid:en)
CH32V006,afio-tim1-remap,9,TIM1_CH1N,PC0,#,reference,candidates(datasheet-pin-table+rm-remap-grid:en)
CH32V006,afio-tim1-remap,9,TIM1_CH2,PA1,#,reference,candidates(datasheet-pin-table+rm-remap-grid:en)
CH32V006,afio-tim1-remap,9,TIM1_CH2N,PC1,#,reference,candidates(datasheet-pin-table+rm-remap-grid:en)
CH32V006,afio-tim1-remap,9,TIM1_CH3,PA2,#,reference,candidates(datasheet-pin-table+rm-remap-grid:en)
CH32V006,afio-tim1-remap,9,TIM1_CH3N,PC2,#,reference,candidates(datasheet-pin-table+rm-remap-grid:en)
CH32V006,afio-tim1-remap,9,TIM1_CH4,PA3,#,reference,candidates(datasheet-pin-table+rm-remap-grid:en)
CH32V006,afio-tim1-remap,9,TIM1_ETR,PB4,#,reference,candidates(datasheet-pin-table+rm-remap-grid:en)
CH32V006,afio-tim2-remap,0,TIM2_CH1_ETR,PD4,#,reference,candidates(datasheet-pin-table-default:en)
CH32V006,afio-tim2-remap,0,TIM2_CH2,PD3,#,reference,candidates(datasheet-pin-table-default:en)
CH32V006,afio-tim2-remap,0,TIM2_CH3,PC0,#,reference,candidates(datasheet-pin-table-default:en)
CH32V006,afio-tim2-remap,0,TIM2_CH4,PD7,#,reference,candidates(datasheet-pin-table-default:en)
CH32V006,afio-tim2-remap,1,TIM2_CH1_ETR,PC1,#,reference,candidates(datasheet-pin-table+rm-remap-grid:en)
CH32V006,afio-tim2-remap,1,TIM2_CH2,PD3,#,reference,candidates(datasheet-pin-table+rm-remap-grid:en)
CH32V006,afio-tim2-remap,1,TIM2_CH3,PC0,#,reference,candidates(datasheet-pin-table+rm-remap-grid:en)
CH32V006,afio-tim2-remap,1,TIM2_CH4,PD7,#,reference,candidates(datasheet-pin-table+rm-remap-grid:en)
CH32V006,afio-tim2-remap,2,TIM2_CH1_ETR,PC5,#,reference,candidates(datasheet-pin-table+rm-remap-grid:en)
CH32V006,afio-tim2-remap,2,TIM2_CH2,PC2,#,reference,candidates(datasheet-pin-table+rm-remap-grid:en)
CH32V006,afio-tim2-remap,2,TIM2_CH3,PD2,#,reference,candidates(datasheet-pin-table+rm-remap-grid:en)
CH32V006,afio-tim2-remap,2,TIM2_CH4,PC1,#,reference,candidates(datasheet-pin-table+rm-remap-grid:en)
CH32V006,afio-tim2-remap,3,TIM2_CH1_ETR,PC1,#,reference,candidates(datasheet-pin-table+rm-remap-grid:en)
CH32V006,afio-tim2-remap,3,TIM2_CH2,PC7,#,reference,candidates(datasheet-pin-table+rm-remap-grid:en)
CH32V006,afio-tim2-remap,3,TIM2_CH3,PD6,#,reference,candidates(datasheet-pin-table+rm-remap-grid:en)
CH32V006,afio-tim2-remap,3,TIM2_CH4,PD5,#,reference,candidates(datasheet-pin-table+rm-remap-grid:en)
CH32V006,afio-tim2-remap,4,TIM2_CH1_ETR,PC0,#,reference,candidates(datasheet-pin-table+rm-remap-grid:en)
CH32V006,afio-tim2-remap,4,TIM2_CH2,PC1,#,reference,candidates(datasheet-pin-table+rm-remap-grid:en)
CH32V006,afio-tim2-remap,4,TIM2_CH3,PC3,#,reference,candidates(datasheet-pin-table+rm-remap-grid:en)
CH32V006,afio-tim2-remap,4,TIM2_CH4,PB6,#,reference,candidates(datasheet-pin-table+rm-remap-grid:en)
CH32V006,afio-tim2-remap,5,TIM2_CH1_ETR,PA0,#,reference,candidates(datasheet-pin-table+rm-remap-grid:en)
CH32V006,afio-tim2-remap,5,TIM2_CH2,PA1,#,reference,candidates(datasheet-pin-table+rm-remap-grid:en)
CH32V006,afio-tim2-remap,5,TIM2_CH3,PA2,#,reference,candidates(datasheet-pin-table+rm-remap-grid:en)
CH32V006,afio-tim2-remap,5,TIM2_CH4,PA3,#,reference,candidates(datasheet-pin-table+rm-remap-grid:en)
CH32V006,afio-tim2-remap,6,TIM2_CH1_ETR,PB1,#,reference,candidates(datasheet-pin-table+rm-remap-grid:en)
CH32V006,afio-tim2-remap,6,TIM2_CH2,PA1,#,reference,candidates(datasheet-pin-table+rm-remap-grid:en)
CH32V006,afio-tim2-remap,6,TIM2_CH3,PA2,#,reference,candidates(datasheet-pin-table+rm-remap-grid:en)
CH32V006,afio-tim2-remap,6,TIM2_CH4,PA3,#,reference,candidates(datasheet-pin-table+rm-remap-grid:en)
CH32V006,afio-tim2-remap,7,TIM2_CH1_ETR,PD3,#,reference,candidates(datasheet-pin-table+rm-remap-grid:en)
CH32V006,afio-tim2-remap,7,TIM2_CH2,PD4,#,reference,candidates(datasheet-pin-table+rm-remap-grid:en)
CH32V006,afio-tim2-remap,7,TIM2_CH3,PA2,#,reference,candidates(datasheet-pin-table+rm-remap-grid:en)
CH32V006,afio-tim2-remap,7,TIM2_CH4,PA3,#,reference,candidates(datasheet-pin-table+rm-remap-grid:en)
CH32V006,afio-usart1-remap,0,USART1_CTS,PD3,#,reference,candidates(datasheet-pin-table-default:en)
CH32V006,afio-usart1-remap,0,USART1_RTS,PC2,#,reference,candidates(datasheet-pin-table-default:en)
CH32V006,afio-usart1-remap,0,USART1_RX,PD6,#,reference,candidates(datasheet-pin-table-default:en)
CH32V006,afio-usart1-remap,0,USART1_TX,PD5,#,reference,candidates(datasheet-pin-table-default:en)
CH32V006,afio-usart1-remap,1,USART1_CTS,PC6,#,reference,candidates(datasheet-pin-table+rm-remap-grid:en)
CH32V006,afio-usart1-remap,1,USART1_RTS,PC7,#,reference,candidates(datasheet-pin-table+rm-remap-grid:en)
CH32V006,afio-usart1-remap,1,USART1_RX,PD5,#,reference,candidates(datasheet-pin-table+rm-remap-grid:en)
CH32V006,afio-usart1-remap,1,USART1_TX,PD6,#,reference,candidates(datasheet-pin-table+rm-remap-grid:en)
CH32V006,afio-usart1-remap,2,USART1_CTS,PC3,#,reference,candidates(datasheet-pin-table+rm-remap-grid:en)
CH32V006,afio-usart1-remap,2,USART1_RTS,PC2,#,reference,candidates(datasheet-pin-table+rm-remap-grid:en)
CH32V006,afio-usart1-remap,2,USART1_RX,PD1,#,reference,candidates(datasheet-pin-table+rm-remap-grid:en)
CH32V006,afio-usart1-remap,2,USART1_TX,PD0,#,reference,candidates(datasheet-pin-table+rm-remap-grid:en)
CH32V006,afio-usart1-remap,3,USART1_CTS,PC6,#,reference,candidates(datasheet-pin-table+rm-remap-grid:en)
CH32V006,afio-usart1-remap,3,USART1_RTS,PC7,#,reference,candidates(datasheet-pin-table+rm-remap-grid:en)
CH32V006,afio-usart1-remap,3,USART1_RX,PC1,#,reference,candidates(datasheet-pin-table+rm-remap-grid:en)
CH32V006,afio-usart1-remap,3,USART1_TX,PC0,#,reference,candidates(datasheet-pin-table+rm-remap-grid:en)
CH32V006,afio-usart1-remap,4,USART1_CTS,PD7,#,reference,candidates(datasheet-pin-table+rm-remap-grid:en)
CH32V006,afio-usart1-remap,4,USART1_RTS,PA5,#,reference,candidates(datasheet-pin-table+rm-remap-grid:en)
CH32V006,afio-usart1-remap,4,USART1_RX,PB3,#,reference,candidates(datasheet-pin-table+rm-remap-grid:en)
CH32V006,afio-usart1-remap,4,USART1_TX,PD1,#,reference,candidates(datasheet-pin-table+rm-remap-grid:en)
CH32V006,afio-usart1-remap,5,USART1_CTS,PD7,#,reference,candidates(datasheet-pin-table+rm-remap-grid:en)
CH32V006,afio-usart1-remap,5,USART1_RTS,PA5,#,reference,candidates(datasheet-pin-table+rm-remap-grid:en)
CH32V006,afio-usart1-remap,5,USART1_RX,PD1,#,reference,candidates(datasheet-pin-table+rm-remap-grid:en)
CH32V006,afio-usart1-remap,5,USART1_TX,PB3,#,reference,candidates(datasheet-pin-table+rm-remap-grid:en)
CH32V006,afio-usart1-remap,6,USART1_CTS,PC7,#,reference,candidates(datasheet-pin-table+rm-remap-grid:en)
CH32V006,afio-usart1-remap,6,USART1_RTS,PB4,#,reference,candidates(datasheet-pin-table+rm-remap-grid:en)
CH32V006,afio-usart1-remap,6,USART1_RX,PC6,#,reference,candidates(datasheet-pin-table+rm-remap-grid:en)
CH32V006,afio-usart1-remap,6,USART1_TX,PC5,#,reference,candidates(datasheet-pin-table+rm-remap-grid:en)
CH32V006,afio-usart1-remap,7,USART1_CTS,PC7,#,reference,candidates(datasheet-pin-table+rm-remap-grid:en)
CH32V006,afio-usart1-remap,7,USART1_RTS,PB4,#,reference,candidates(datasheet-pin-table+rm-remap-grid:en)
CH32V006,afio-usart1-remap,7,USART1_RX,PB6,#,reference,candidates(datasheet-pin-table+rm-remap-grid:en)
CH32V006,afio-usart1-remap,7,USART1_TX,PB5,#,reference,candidates(datasheet-pin-table+rm-remap-grid:en)
CH32V006,afio-usart1-remap,8,USART1_CTS,PD2,#,reference,candidates(datasheet-pin-table+rm-remap-grid:en)
CH32V006,afio-usart1-remap,8,USART1_RTS,PD3,#,reference,candidates(datasheet-pin-table+rm-remap-grid:en)
CH32V006,afio-usart1-remap,8,USART1_RX,PA1,#,reference,candidates(datasheet-pin-table+rm-remap-grid:en)
CH32V006,afio-usart1-remap,8,USART1_TX,PA0,#,reference,candidates(datasheet-pin-table+rm-remap-grid:en)
CH32V006,afio-usart1-remap,9,USART1_CTS,PD5,#,reference,candidates(datasheet-pin-table+rm-remap-grid:en)
CH32V006,afio-usart1-remap,9,USART1_RTS,PD4,#,reference,candidates(datasheet-pin-table+rm-remap-grid:en)
CH32V006,afio-usart1-remap,9,USART1_RX,PC4,#,reference,candidates(datasheet-pin-table+rm-remap-grid:en)
CH32V006,afio-usart1-remap,9,USART1_TX,PA0,#,reference,candidates(datasheet-pin-table+rm-remap-grid:en)
CH32V006,afio-usart2-remap,0,USART2_CTS,PA4,#,reference,candidates(datasheet-pin-table-default:en)
CH32V006,afio-usart2-remap,0,USART2_RTS,PA5,#,reference,candidates(datasheet-pin-table-default:en)
CH32V006,afio-usart2-remap,0,USART2_RX,PB3,#,reference,candidates(datasheet-pin-table-default:en)
CH32V006,afio-usart2-remap,0,USART2_TX,PA7,#,reference,candidates(datasheet-pin-table-default:en)
CH32V006,afio-usart2-remap,1,USART2_CTS,PA7,#,reference,candidates(datasheet-pin-table+rm-remap-grid:en)
CH32V006,afio-usart2-remap,1,USART2_RTS,PB3,#,reference,candidates(datasheet-pin-table+rm-remap-grid:en)
CH32V006,afio-usart2-remap,1,USART2_RX,PA5,#,reference,candidates(datasheet-pin-table+rm-remap-grid:en)
CH32V006,afio-usart2-remap,1,USART2_TX,PA4,#,reference,candidates(datasheet-pin-table+rm-remap-grid:en)
CH32V006,afio-usart2-remap,2,USART2_CTS,PA0,#,reference,candidates(datasheet-pin-table+rm-remap-grid:en)
CH32V006,afio-usart2-remap,2,USART2_RTS,PA1,#,reference,candidates(datasheet-pin-table+rm-remap-grid:en)
CH32V006,afio-usart2-remap,2,USART2_RX,PA3,#,reference,candidates(datasheet-pin-table+rm-remap-grid:en)
CH32V006,afio-usart2-remap,2,USART2_TX,PA2,#,reference,candidates(datasheet-pin-table+rm-remap-grid:en)
CH32V006,afio-usart2-remap,3,USART2_CTS,PA0,#,reference,candidates(datasheet-pin-table+rm-remap-grid:en)
CH32V006,afio-usart2-remap,3,USART2_RTS,PA1,#,reference,candidates(datasheet-pin-table+rm-remap-grid:en)
CH32V006,afio-usart2-remap,3,USART2_RX,PD3,#,reference,candidates(datasheet-pin-table+rm-remap-grid:en)
CH32V006,afio-usart2-remap,3,USART2_TX,PD2,#,reference,candidates(datasheet-pin-table+rm-remap-grid:en)
CH32V006,afio-usart2-remap,4,USART2_CTS,PB6,#,reference,candidates(datasheet-pin-table+rm-remap-grid:en)
CH32V006,afio-usart2-remap,4,USART2_RTS,PA1,#,reference,candidates(datasheet-pin-table+rm-remap-grid:en)
CH32V006,afio-usart2-remap,4,USART2_RX,PB1,#,reference,candidates(datasheet-pin-table+rm-remap-grid:en)
CH32V006,afio-usart2-remap,4,USART2_TX,PB0,#,reference,candidates(datasheet-pin-table+rm-remap-grid:en)
CH32V006,afio-usart2-remap,5,USART2_CTS,PA4,#,reference,candidates(datasheet-pin-table+rm-remap-grid:en)
CH32V006,afio-usart2-remap,5,USART2_RTS,PA1,#,reference,candidates(datasheet-pin-table+rm-remap-grid:en)
CH32V006,afio-usart2-remap,5,USART2_RX,PD1,#,reference,candidates(datasheet-pin-table+rm-remap-grid:en)
CH32V006,afio-usart2-remap,5,USART2_TX,PC4,#,reference,candidates(datasheet-pin-table+rm-remap-grid:en)
CH32V006,afio-usart2-remap,6,USART2_CTS,PA7,#,reference,candidates(datasheet-pin-table+rm-remap-grid:en)
CH32V006,afio-usart2-remap,6,USART2_RTS,PB3,#,reference,candidates(datasheet-pin-table+rm-remap-grid:en)
CH32V006,afio-usart2-remap,6,USART2_RX,PA5,#,reference,candidates(datasheet-pin-table+rm-remap-grid:en)
CH32V006,afio-usart2-remap,6,USART2_TX,PA6,#,reference,candidates(datasheet-pin-table+rm-remap-grid:en)
CH32V007,afio-adc-etrginj-remap,0,ADC_IETR,PD1,#,reference,candidates(datasheet-pin-table-default:en)
CH32V007,afio-adc-etrginj-remap,1,ADC_IETR,PA2,#,reference,candidates(datasheet-pin-table+rm-remap-grid:en)
CH32V007,afio-adc-etrgreg-remap,0,ADC_IN4,PD3,#,reference,candidates(datasheet-pin-table-default:en)
CH32V007,afio-adc-etrgreg-remap,0,ADC_RETR,PD3,#,reference,candidates(datasheet-pin-table-default:en)
CH32V007,afio-adc-etrgreg-remap,1,ADC_RETR,PC2,#,reference,candidates(datasheet-pin-table+rm-remap-grid:en)
CH32V007,afio-i2c1-remap,0,I2C_SCL,PC2,#,reference,candidates(datasheet-pin-table-default:en)
CH32V007,afio-i2c1-remap,0,I2C_SDA,PC1,#,reference,candidates(datasheet-pin-table-default:en)
CH32V007,afio-i2c1-remap,1,I2C_SCL,PD1,#,reference,candidates(datasheet-pin-table+rm-remap-grid:en)
CH32V007,afio-i2c1-remap,1,I2C_SDA,PD0,#,reference,candidates(datasheet-pin-table+rm-remap-grid:en)
CH32V007,afio-i2c1-remap,2,I2C_SCL,PC5,#,reference,candidates(datasheet-pin-table+rm-remap-grid:en)
CH32V007,afio-i2c1-remap,2,I2C_SDA,PC4,#,reference,candidates(datasheet-pin-table+rm-remap-grid:en)
CH32V007,afio-i2c1-remap,3,I2C_SCL,PB5,#,reference,candidates(datasheet-pin-table+rm-remap-grid:en)
CH32V007,afio-i2c1-remap,3,I2C_SDA,PB6,#,reference,candidates(datasheet-pin-table+rm-remap-grid:en)
CH32V007,afio-i2c1-remap,4,I2C_SCL,PB3,#,reference,candidates(datasheet-pin-table+rm-remap-grid:en)
CH32V007,afio-i2c1-remap,4,I2C_SDA,PD1,#,reference,candidates(datasheet-pin-table+rm-remap-grid:en)
CH32V007,afio-spi1-remap,0,SPI_MISO,PC7,#,reference,candidates(datasheet-pin-table-default:en)
CH32V007,afio-spi1-remap,0,SPI_MOSI,PC6,#,reference,candidates(datasheet-pin-table-default:en)
CH32V007,afio-spi1-remap,0,SPI_NSS,PC1,#,reference,candidates(datasheet-pin-table-default:en)
CH32V007,afio-spi1-remap,0,SPI_SCK,PC5,#,reference,candidates(datasheet-pin-table-default:en)
CH32V007,afio-spi1-remap,1,SPI_MISO,PC7,#,reference,candidates(datasheet-pin-table+rm-remap-grid:en)
CH32V007,afio-spi1-remap,1,SPI_MOSI,PC6,#,reference,candidates(datasheet-pin-table+rm-remap-grid:en)
CH32V007,afio-spi1-remap,1,SPI_NSS,PC0,#,reference,candidates(datasheet-pin-table+rm-remap-grid:en)
CH32V007,afio-spi1-remap,1,SPI_SCK,PC5,#,reference,candidates(datasheet-pin-table+rm-remap-grid:en)
CH32V007,afio-spi1-remap,2,SPI_MISO,PB3,#,reference,candidates(datasheet-pin-table+rm-remap-grid:en)
CH32V007,afio-spi1-remap,2,SPI_MOSI,PD3,#,reference,candidates(datasheet-pin-table+rm-remap-grid:en)
CH32V007,afio-spi1-remap,2,SPI_NSS,PC4,#,reference,candidates(datasheet-pin-table+rm-remap-grid:en)
CH32V007,afio-spi1-remap,2,SPI_SCK,PD2,#,reference,candidates(datasheet-pin-table+rm-remap-grid:en)
CH32V007,afio-spi1-remap,3,SPI_MISO,PB2,#,reference,candidates(datasheet-pin-table+rm-remap-grid:en)
CH32V007,afio-spi1-remap,3,SPI_MOSI,PC0,#,reference,candidates(datasheet-pin-table+rm-remap-grid:en)
CH32V007,afio-spi1-remap,3,SPI_NSS,PB0,#,reference,candidates(datasheet-pin-table+rm-remap-grid:en)
CH32V007,afio-spi1-remap,3,SPI_SCK,PB1,#,reference,candidates(datasheet-pin-table+rm-remap-grid:en)
CH32V007,afio-spi1-remap,4,SPI_MISO,PD5,#,reference,candidates(datasheet-pin-table+rm-remap-grid:en)
CH32V007,afio-spi1-remap,4,SPI_MOSI,PD6,#,reference,candidates(datasheet-pin-table+rm-remap-grid:en)
CH32V007,afio-spi1-remap,4,SPI_NSS,PD3,#,reference,candidates(datasheet-pin-table+rm-remap-grid:en)
CH32V007,afio-spi1-remap,4,SPI_SCK,PD4,#,reference,candidates(datasheet-pin-table+rm-remap-grid:en)
CH32V007,afio-spi1-remap,5,SPI_MISO,PB5,#,reference,candidates(datasheet-pin-table+rm-remap-grid:en)
CH32V007,afio-spi1-remap,5,SPI_MOSI,PA2,#,reference,candidates(datasheet-pin-table+rm-remap-grid:en)
CH32V007,afio-spi1-remap,5,SPI_NSS,PC1,#,reference,candidates(datasheet-pin-table+rm-remap-grid:en)
CH32V007,afio-spi1-remap,5,SPI_SCK,PA1,#,reference,candidates(datasheet-pin-table+rm-remap-grid:en)
CH32V007,afio-spi1-remap,6,SPI_MISO,PC7,#,reference,candidates(datasheet-pin-table+rm-remap-grid:en)
CH32V007,afio-spi1-remap,6,SPI_MOSI,PB4,#,reference,candidates(datasheet-pin-table+rm-remap-grid:en)
CH32V007,afio-spi1-remap,6,SPI_NSS,PC4,#,reference,candidates(datasheet-pin-table+rm-remap-grid:en)
CH32V007,afio-spi1-remap,6,SPI_SCK,PB5,#,reference,candidates(datasheet-pin-table+rm-remap-grid:en)
CH32V007,afio-tim1-remap,0,TIM1_BKIN,PC2,#,reference,candidates(datasheet-pin-table-default:en)
CH32V007,afio-tim1-remap,0,TIM1_CH1,PD2,#,reference,candidates(datasheet-pin-table-default:en)
CH32V007,afio-tim1-remap,0,TIM1_CH1N,PD0,#,reference,candidates(datasheet-pin-table-default:en)
CH32V007,afio-tim1-remap,0,TIM1_CH2,PA1,#,reference,candidates(datasheet-pin-table-default:en)
CH32V007,afio-tim1-remap,0,TIM1_CH2N,PA2,#,reference,candidates(datasheet-pin-table-default:en)
CH32V007,afio-tim1-remap,0,TIM1_CH3,PC3,#,reference,candidates(datasheet-pin-table-default:en)
CH32V007,afio-tim1-remap,0,TIM1_CH3N,PD1,#,reference,candidates(datasheet-pin-table-default:en)
CH32V007,afio-tim1-remap,0,TIM1_CH4,PC4,#,reference,candidates(datasheet-pin-table-default:en)
CH32V007,afio-tim1-remap,0,TIM1_ETR,PC5,#,reference,candidates(datasheet-pin-table-default:en)
CH32V007,afio-tim1-remap,1,TIM1_BKIN,PC2,#,reference,candidates(datasheet-pin-table+rm-remap-grid:en)
CH32V007,afio-tim1-remap,1,TIM1_CH1,PD2,#,reference,candidates(datasheet-pin-table+rm-remap-grid:en)
CH32V007,afio-tim1-remap,1,TIM1_CH1N,PD0,#,reference,candidates(datasheet-pin-table+rm-remap-grid:en)
CH32V007,afio-tim1-remap,1,TIM1_CH2,PA1,#,reference,candidates(datasheet-pin-table+rm-remap-grid:en)
CH32V007,afio-tim1-remap,1,TIM1_CH2N,PA2,#,reference,candidates(datasheet-pin-table+rm-remap-grid:en)
CH32V007,afio-tim1-remap,1,TIM1_CH3,PC3,#,reference,candidates(datasheet-pin-table+rm-remap-grid:en)
CH32V007,afio-tim1-remap,1,TIM1_CH3N,PD1,#,reference,candidates(datasheet-pin-table+rm-remap-grid:en)
CH32V007,afio-tim1-remap,1,TIM1_CH4,PC4,#,reference,candidates(datasheet-pin-table+rm-remap-grid:en)
CH32V007,afio-tim1-remap,1,TIM1_ETR,PD4,#,reference,candidates(datasheet-pin-table+rm-remap-grid:en)
CH32V007,afio-tim1-remap,2,TIM1_BKIN,PC1,#,reference,candidates(datasheet-pin-table+rm-remap-grid:en)
CH32V007,afio-tim1-remap,2,TIM1_CH1,PC6,#,reference,candidates(datasheet-pin-table+rm-remap-grid:en)
CH32V007,afio-tim1-remap,2,TIM1_CH1N,PC3,#,reference,candidates(datasheet-pin-table+rm-remap-grid:en)
CH32V007,afio-tim1-remap,2,TIM1_CH2,PC7,#,reference,candidates(datasheet-pin-table+rm-remap-grid:en)
CH32V007,afio-tim1-remap,2,TIM1_CH2N,PC4,#,reference,candidates(datasheet-pin-table+rm-remap-grid:en)
CH32V007,afio-tim1-remap,2,TIM1_CH3,PC0,#,reference,candidates(datasheet-pin-table+rm-remap-grid:en)
CH32V007,afio-tim1-remap,2,TIM1_CH3N,PD1,#,reference,candidates(datasheet-pin-table+rm-remap-grid:en)
CH32V007,afio-tim1-remap,2,TIM1_CH4,PD3,#,reference,candidates(datasheet-pin-table+rm-remap-grid:en)
CH32V007,afio-tim1-remap,2,TIM1_ETR,PC5,#,reference,candidates(datasheet-pin-table+rm-remap-grid:en)
CH32V007,afio-tim1-remap,3,TIM1_BKIN,PC1,#,reference,candidates(datasheet-pin-table+rm-remap-grid:en)
CH32V007,afio-tim1-remap,3,TIM1_CH1,PC4,#,reference,candidates(datasheet-pin-table+rm-remap-grid:en)
CH32V007,afio-tim1-remap,3,TIM1_CH1N,PC3,#,reference,candidates(datasheet-pin-table+rm-remap-grid:en)
CH32V007,afio-tim1-remap,3,TIM1_CH2,PC7,#,reference,candidates(datasheet-pin-table+rm-remap-grid:en)
CH32V007,afio-tim1-remap,3,TIM1_CH2N,PD2,#,reference,candidates(datasheet-pin-table+rm-remap-grid:en)
CH32V007,afio-tim1-remap,3,TIM1_CH3,PC5,#,reference,candidates(datasheet-pin-table+rm-remap-grid:en)
CH32V007,afio-tim1-remap,3,TIM1_CH3N,PC6,#,reference,candidates(datasheet-pin-table+rm-remap-grid:en)
CH32V007,afio-tim1-remap,3,TIM1_CH4,PD4,#,reference,candidates(datasheet-pin-table+rm-remap-grid:en)
CH32V007,afio-tim1-remap,3,TIM1_ETR,PC2,#,reference,candidates(datasheet-pin-table+rm-remap-grid:en)
CH32V007,afio-tim1-remap,4,TIM1_BKIN,PB3,#,reference,candidates(datasheet-pin-table+rm-remap-grid:en)
CH32V007,afio-tim1-remap,4,TIM1_CH1,PA3,#,reference,candidates(datasheet-pin-table+rm-remap-grid:en)
CH32V007,afio-tim1-remap,4,TIM1_CH1N,PA0,#,reference,candidates(datasheet-pin-table+rm-remap-grid:en)
CH32V007,afio-tim1-remap,4,TIM1_CH2,PB0,#,reference,candidates(datasheet-pin-table+rm-remap-grid:en)
CH32V007,afio-tim1-remap,4,TIM1_CH2N,PA2,#,reference,candidates(datasheet-pin-table+rm-remap-grid:en)
CH32V007,afio-tim1-remap,4,TIM1_CH3,PB1,#,reference,candidates(datasheet-pin-table+rm-remap-grid:en)
CH32V007,afio-tim1-remap,4,TIM1_CH3N,PD0,#,reference,candidates(datasheet-pin-table+rm-remap-grid:en)
CH32V007,afio-tim1-remap,4,TIM1_CH4,PD1,#,reference,candidates(datasheet-pin-table+rm-remap-grid:en)
CH32V007,afio-tim1-remap,4,TIM1_ETR,PD4,#,reference,candidates(datasheet-pin-table+rm-remap-grid:en)
CH32V007,afio-tim1-remap,5,TIM1_BKIN,PB3,#,reference,candidates(datasheet-pin-table+rm-remap-grid:en)
CH32V007,afio-tim1-remap,5,TIM1_CH1,PA3,#,reference,candidates(datasheet-pin-table+rm-remap-grid:en)
CH32V007,afio-tim1-remap,5,TIM1_CH1N,PA0,#,reference,candidates(datasheet-pin-table+rm-remap-grid:en)
CH32V007,afio-tim1-remap,5,TIM1_CH2,PB0,#,reference,candidates(datasheet-pin-table+rm-remap-grid:en)
CH32V007,afio-tim1-remap,5,TIM1_CH2N,PA2,#,reference,candidates(datasheet-pin-table+rm-remap-grid:en)
CH32V007,afio-tim1-remap,5,TIM1_CH3,PC3,#,reference,candidates(datasheet-pin-table+rm-remap-grid:en)
CH32V007,afio-tim1-remap,5,TIM1_CH3N,PD0,#,reference,candidates(datasheet-pin-table+rm-remap-grid:en)
CH32V007,afio-tim1-remap,5,TIM1_CH4,PD1,#,reference,candidates(datasheet-pin-table+rm-remap-grid:en)
CH32V007,afio-tim1-remap,5,TIM1_ETR,PD4,#,reference,candidates(datasheet-pin-table+rm-remap-grid:en)
CH32V007,afio-tim1-remap,6,TIM1_BKIN,PA7,#,reference,candidates(datasheet-pin-table+rm-remap-grid:en)
CH32V007,afio-tim1-remap,6,TIM1_CH1,PA3,#,reference,candidates(datasheet-pin-table+rm-remap-grid:en)
CH32V007,afio-tim1-remap,6,TIM1_CH1N,PA0,#,reference,candidates(datasheet-pin-table+rm-remap-grid:en)
CH32V007,afio-tim1-remap,6,TIM1_CH2,PB0,#,reference,candidates(datasheet-pin-table+rm-remap-grid:en)
CH32V007,afio-tim1-remap,6,TIM1_CH2N,PA2,#,reference,candidates(datasheet-pin-table+rm-remap-grid:en)
CH32V007,afio-tim1-remap,6,TIM1_CH3,PB1,#,reference,candidates(datasheet-pin-table+rm-remap-grid:en)
CH32V007,afio-tim1-remap,6,TIM1_CH3N,PD0,#,reference,candidates(datasheet-pin-table+rm-remap-grid:en)
CH32V007,afio-tim1-remap,6,TIM1_CH4,PB2,#,reference,candidates(datasheet-pin-table+rm-remap-grid:en)
CH32V007,afio-tim1-remap,6,TIM1_ETR,PD4,#,reference,candidates(datasheet-pin-table+rm-remap-grid:en)
CH32V007,afio-tim1-remap,7,TIM1_BKIN,PB2,#,reference,candidates(datasheet-pin-table+rm-remap-grid:en)
CH32V007,afio-tim1-remap,7,TIM1_CH1,PC4,#,reference,candidates(datasheet-pin-table+rm-remap-grid:en)
CH32V007,afio-tim1-remap,7,TIM1_CH1N,PC0,#,reference,candidates(datasheet-pin-table+rm-remap-grid:en)
CH32V007,afio-tim1-remap,7,TIM1_CH2,PC5,#,reference,candidates(datasheet-pin-table+rm-remap-grid:en)
CH32V007,afio-tim1-remap,7,TIM1_CH2N,PC1,#,reference,candidates(datasheet-pin-table+rm-remap-grid:en)
CH32V007,afio-tim1-remap,7,TIM1_CH3,PC6,#,reference,candidates(datasheet-pin-table+rm-remap-grid:en)
CH32V007,afio-tim1-remap,7,TIM1_CH3N,PC2,#,reference,candidates(datasheet-pin-table+rm-remap-grid:en)
CH32V007,afio-tim1-remap,7,TIM1_CH4,PC7,#,reference,candidates(datasheet-pin-table+rm-remap-grid:en)
CH32V007,afio-tim1-remap,7,TIM1_ETR,PB4,#,reference,candidates(datasheet-pin-table+rm-remap-grid:en)
CH32V007,afio-tim1-remap,8,TIM1_BKIN,PB2,#,reference,candidates(datasheet-pin-table+rm-remap-grid:en)
CH32V007,afio-tim1-remap,8,TIM1_CH1,PC4,#,reference,candidates(datasheet-pin-table+rm-remap-grid:en)
CH32V007,afio-tim1-remap,8,TIM1_CH1N,PA3,#,reference,candidates(datasheet-pin-table+rm-remap-grid:en)
CH32V007,afio-tim1-remap,8,TIM1_CH2,PC5,#,reference,candidates(datasheet-pin-table+rm-remap-grid:en)
CH32V007,afio-tim1-remap,8,TIM1_CH2N,PB0,#,reference,candidates(datasheet-pin-table+rm-remap-grid:en)
CH32V007,afio-tim1-remap,8,TIM1_CH3,PC6,#,reference,candidates(datasheet-pin-table+rm-remap-grid:en)
CH32V007,afio-tim1-remap,8,TIM1_CH3N,PB1,#,reference,candidates(datasheet-pin-table+rm-remap-grid:en)
CH32V007,afio-tim1-remap,8,TIM1_CH4,PC7,#,reference,candidates(datasheet-pin-table+rm-remap-grid:en)
CH32V007,afio-tim1-remap,8,TIM1_ETR,PB4,#,reference,candidates(datasheet-pin-table+rm-remap-grid:en)
CH32V007,afio-tim1-remap,9,TIM1_BKIN,PB2,#,reference,candidates(datasheet-pin-table+rm-remap-grid:en)
CH32V007,afio-tim1-remap,9,TIM1_CH1,PA0,#,reference,candidates(datasheet-pin-table+rm-remap-grid:en)
CH32V007,afio-tim1-remap,9,TIM1_CH1N,PC0,#,reference,candidates(datasheet-pin-table+rm-remap-grid:en)
CH32V007,afio-tim1-remap,9,TIM1_CH2,PA1,#,reference,candidates(datasheet-pin-table+rm-remap-grid:en)
CH32V007,afio-tim1-remap,9,TIM1_CH2N,PC1,#,reference,candidates(datasheet-pin-table+rm-remap-grid:en)
CH32V007,afio-tim1-remap,9,TIM1_CH3,PA2,#,reference,candidates(datasheet-pin-table+rm-remap-grid:en)
CH32V007,afio-tim1-remap,9,TIM1_CH3N,PC2,#,reference,candidates(datasheet-pin-table+rm-remap-grid:en)
CH32V007,afio-tim1-remap,9,TIM1_CH4,PA3,#,reference,candidates(datasheet-pin-table+rm-remap-grid:en)
CH32V007,afio-tim1-remap,9,TIM1_ETR,PB4,#,reference,candidates(datasheet-pin-table+rm-remap-grid:en)
CH32V007,afio-tim2-remap,0,TIM2_CH1_ETR,PD4,#,reference,candidates(datasheet-pin-table-default:en)
CH32V007,afio-tim2-remap,0,TIM2_CH2,PD3,#,reference,candidates(datasheet-pin-table-default:en)
CH32V007,afio-tim2-remap,0,TIM2_CH3,PC0,#,reference,candidates(datasheet-pin-table-default:en)
CH32V007,afio-tim2-remap,0,TIM2_CH4,PD7,#,reference,candidates(datasheet-pin-table-default:en)
CH32V007,afio-tim2-remap,1,TIM2_CH1_ETR,PC1,#,reference,candidates(datasheet-pin-table+rm-remap-grid:en)
CH32V007,afio-tim2-remap,1,TIM2_CH2,PD3,#,reference,candidates(datasheet-pin-table+rm-remap-grid:en)
CH32V007,afio-tim2-remap,1,TIM2_CH3,PC0,#,reference,candidates(datasheet-pin-table+rm-remap-grid:en)
CH32V007,afio-tim2-remap,1,TIM2_CH4,PD7,#,reference,candidates(datasheet-pin-table+rm-remap-grid:en)
CH32V007,afio-tim2-remap,2,TIM2_CH1_ETR,PC5,#,reference,candidates(datasheet-pin-table+rm-remap-grid:en)
CH32V007,afio-tim2-remap,2,TIM2_CH2,PB3,#,reference,candidates(datasheet-pin-table+rm-remap-grid:en)
CH32V007,afio-tim2-remap,2,TIM2_CH3,PD2,#,reference,candidates(datasheet-pin-table+rm-remap-grid:en)
CH32V007,afio-tim2-remap,2,TIM2_CH4,PC1,#,reference,candidates(datasheet-pin-table+rm-remap-grid:en)
CH32V007,afio-tim2-remap,3,TIM2_CH1_ETR,PC1,#,reference,candidates(datasheet-pin-table+rm-remap-grid:en)
CH32V007,afio-tim2-remap,3,TIM2_CH2,PC7,#,reference,candidates(datasheet-pin-table+rm-remap-grid:en)
CH32V007,afio-tim2-remap,3,TIM2_CH3,PD6,#,reference,candidates(datasheet-pin-table+rm-remap-grid:en)
CH32V007,afio-tim2-remap,3,TIM2_CH4,PD5,#,reference,candidates(datasheet-pin-table+rm-remap-grid:en)
CH32V007,afio-tim2-remap,4,TIM2_CH1_ETR,PC0,#,reference,candidates(datasheet-pin-table+rm-remap-grid:en)
CH32V007,afio-tim2-remap,4,TIM2_CH2,PC1,#,reference,candidates(datasheet-pin-table+rm-remap-grid:en)
CH32V007,afio-tim2-remap,4,TIM2_CH3,PC3,#,reference,candidates(datasheet-pin-table+rm-remap-grid:en)
CH32V007,afio-tim2-remap,4,TIM2_CH4,PB6,#,reference,candidates(datasheet-pin-table+rm-remap-grid:en)
CH32V007,afio-tim2-remap,5,TIM2_CH1_ETR,PA0,#,reference,candidates(datasheet-pin-table+rm-remap-grid:en)
CH32V007,afio-tim2-remap,5,TIM2_CH2,PA1,#,reference,candidates(datasheet-pin-table+rm-remap-grid:en)
CH32V007,afio-tim2-remap,5,TIM2_CH3,PA2,#,reference,candidates(datasheet-pin-table+rm-remap-grid:en)
CH32V007,afio-tim2-remap,5,TIM2_CH4,PA3,#,reference,candidates(datasheet-pin-table+rm-remap-grid:en)
CH32V007,afio-tim2-remap,6,TIM2_CH1_ETR,PB1,#,reference,candidates(datasheet-pin-table+rm-remap-grid:en)
CH32V007,afio-tim2-remap,6,TIM2_CH2,PA1,#,reference,candidates(datasheet-pin-table+rm-remap-grid:en)
CH32V007,afio-tim2-remap,6,TIM2_CH3,PA2,#,reference,candidates(datasheet-pin-table+rm-remap-grid:en)
CH32V007,afio-tim2-remap,6,TIM2_CH4,PA3,#,reference,candidates(datasheet-pin-table+rm-remap-grid:en)
CH32V007,afio-tim2-remap,7,TIM2_CH1_ETR,PD3,#,reference,candidates(datasheet-pin-table+rm-remap-grid:en)
CH32V007,afio-tim2-remap,7,TIM2_CH2,PD4,#,reference,candidates(datasheet-pin-table+rm-remap-grid:en)
CH32V007,afio-tim2-remap,7,TIM2_CH3,PA2,#,reference,candidates(datasheet-pin-table+rm-remap-grid:en)
CH32V007,afio-tim2-remap,7,TIM2_CH4,PA3,#,reference,candidates(datasheet-pin-table+rm-remap-grid:en)
CH32V007,afio-usart1-remap,0,USART1_CTS,PD3,#,reference,candidates(datasheet-pin-table-default:en)
CH32V007,afio-usart1-remap,0,USART1_RTS,PC2,#,reference,candidates(datasheet-pin-table-default:en)
CH32V007,afio-usart1-remap,0,USART1_RX,PD6,#,reference,candidates(datasheet-pin-table-default:en)
CH32V007,afio-usart1-remap,0,USART1_TX,PD5,#,reference,candidates(datasheet-pin-table-default:en)
CH32V007,afio-usart1-remap,1,USART1_CTS,PC6,#,reference,candidates(datasheet-pin-table+rm-remap-grid:en)
CH32V007,afio-usart1-remap,1,USART1_RTS,PC7,#,reference,candidates(datasheet-pin-table+rm-remap-grid:en)
CH32V007,afio-usart1-remap,1,USART1_RX,PD5,#,reference,candidates(datasheet-pin-table+rm-remap-grid:en)
CH32V007,afio-usart1-remap,1,USART1_TX,PD6,#,reference,candidates(datasheet-pin-table+rm-remap-grid:en)
CH32V007,afio-usart1-remap,2,USART1_CTS,PC3,#,reference,candidates(datasheet-pin-table+rm-remap-grid:en)
CH32V007,afio-usart1-remap,2,USART1_RTS,PC2,#,reference,candidates(datasheet-pin-table+rm-remap-grid:en)
CH32V007,afio-usart1-remap,2,USART1_RX,PD1,#,reference,candidates(datasheet-pin-table+rm-remap-grid:en)
CH32V007,afio-usart1-remap,2,USART1_TX,PD0,#,reference,candidates(datasheet-pin-table+rm-remap-grid:en)
CH32V007,afio-usart1-remap,3,USART1_CTS,PC6,#,reference,candidates(datasheet-pin-table+rm-remap-grid:en)
CH32V007,afio-usart1-remap,3,USART1_RTS,PC7,#,reference,candidates(datasheet-pin-table+rm-remap-grid:en)
CH32V007,afio-usart1-remap,3,USART1_RX,PC1,#,reference,candidates(datasheet-pin-table+rm-remap-grid:en)
CH32V007,afio-usart1-remap,3,USART1_TX,PC0,#,reference,candidates(datasheet-pin-table+rm-remap-grid:en)
CH32V007,afio-usart1-remap,4,USART1_CTS,PD7,#,reference,candidates(datasheet-pin-table+rm-remap-grid:en)
CH32V007,afio-usart1-remap,4,USART1_RTS,PA5,#,reference,candidates(datasheet-pin-table+rm-remap-grid:en)
CH32V007,afio-usart1-remap,4,USART1_RX,PB3,#,reference,candidates(datasheet-pin-table+rm-remap-grid:en)
CH32V007,afio-usart1-remap,4,USART1_TX,PD1,#,reference,candidates(datasheet-pin-table+rm-remap-grid:en)
CH32V007,afio-usart1-remap,5,USART1_CTS,PD7,#,reference,candidates(datasheet-pin-table+rm-remap-grid:en)
CH32V007,afio-usart1-remap,5,USART1_RTS,PA5,#,reference,candidates(datasheet-pin-table+rm-remap-grid:en)
CH32V007,afio-usart1-remap,5,USART1_RX,PD1,#,reference,candidates(datasheet-pin-table+rm-remap-grid:en)
CH32V007,afio-usart1-remap,5,USART1_TX,PB3,#,reference,candidates(datasheet-pin-table+rm-remap-grid:en)
CH32V007,afio-usart1-remap,6,USART1_CTS,PC7,#,reference,candidates(datasheet-pin-table+rm-remap-grid:en)
CH32V007,afio-usart1-remap,6,USART1_RTS,PB4,#,reference,candidates(datasheet-pin-table+rm-remap-grid:en)
CH32V007,afio-usart1-remap,6,USART1_RX,PC6,#,reference,candidates(datasheet-pin-table+rm-remap-grid:en)
CH32V007,afio-usart1-remap,6,USART1_TX,PC5,#,reference,candidates(datasheet-pin-table+rm-remap-grid:en)
CH32V007,afio-usart1-remap,7,USART1_CTS,PC7,#,reference,candidates(datasheet-pin-table+rm-remap-grid:en)
CH32V007,afio-usart1-remap,7,USART1_RTS,PB4,#,reference,candidates(datasheet-pin-table+rm-remap-grid:en)
CH32V007,afio-usart1-remap,7,USART1_RX,PB6,#,reference,candidates(datasheet-pin-table+rm-remap-grid:en)
CH32V007,afio-usart1-remap,7,USART1_TX,PB5,#,reference,candidates(datasheet-pin-table+rm-remap-grid:en)
CH32V007,afio-usart1-remap,8,USART1_CTS,PD2,#,reference,candidates(datasheet-pin-table+rm-remap-grid:en)
CH32V007,afio-usart1-remap,8,USART1_RTS,PD3,#,reference,candidates(datasheet-pin-table+rm-remap-grid:en)
CH32V007,afio-usart1-remap,8,USART1_RX,PA1,#,reference,candidates(datasheet-pin-table+rm-remap-grid:en)
CH32V007,afio-usart1-remap,8,USART1_TX,PA0,#,reference,candidates(datasheet-pin-table+rm-remap-grid:en)
CH32V007,afio-usart1-remap,9,USART1_CTS,PD5,#,reference,candidates(datasheet-pin-table+rm-remap-grid:en)
CH32V007,afio-usart1-remap,9,USART1_RTS,PD4,#,reference,candidates(datasheet-pin-table+rm-remap-grid:en)
CH32V007,afio-usart1-remap,9,USART1_RX,PC4,#,reference,candidates(datasheet-pin-table+rm-remap-grid:en)
CH32V007,afio-usart1-remap,9,USART1_TX,PA0,#,reference,candidates(datasheet-pin-table+rm-remap-grid:en)
CH32V007,afio-usart2-remap,0,USART2_CTS,PA4,#,reference,candidates(datasheet-pin-table-default:en)
CH32V007,afio-usart2-remap,0,USART2_RTS,PA5,#,reference,candidates(datasheet-pin-table-default:en)
CH32V007,afio-usart2-remap,0,USART2_RX,PB3,#,reference,candidates(datasheet-pin-table-default:en)
CH32V007,afio-usart2-remap,0,USART2_TX,PA7,#,reference,candidates(datasheet-pin-table-default:en)
CH32V007,afio-usart2-remap,1,USART2_CTS,PA7,#,reference,candidates(datasheet-pin-table+rm-remap-grid:en)
CH32V007,afio-usart2-remap,1,USART2_RTS,PB3,#,reference,candidates(datasheet-pin-table+rm-remap-grid:en)
CH32V007,afio-usart2-remap,1,USART2_RX,PA5,#,reference,candidates(datasheet-pin-table+rm-remap-grid:en)
CH32V007,afio-usart2-remap,1,USART2_TX,PA4,#,reference,candidates(datasheet-pin-table+rm-remap-grid:en)
CH32V007,afio-usart2-remap,2,USART2_CTS,PA0,#,reference,candidates(datasheet-pin-table+rm-remap-grid:en)
CH32V007,afio-usart2-remap,2,USART2_RTS,PA1,#,reference,candidates(datasheet-pin-table+rm-remap-grid:en)
CH32V007,afio-usart2-remap,2,USART2_RX,PA3,#,reference,candidates(datasheet-pin-table+rm-remap-grid:en)
CH32V007,afio-usart2-remap,2,USART2_TX,PA2,#,reference,candidates(datasheet-pin-table+rm-remap-grid:en)
CH32V007,afio-usart2-remap,3,USART2_CTS,PA0,#,reference,candidates(datasheet-pin-table+rm-remap-grid:en)
CH32V007,afio-usart2-remap,3,USART2_RTS,PA1,#,reference,candidates(datasheet-pin-table+rm-remap-grid:en)
CH32V007,afio-usart2-remap,3,USART2_RX,PD3,#,reference,candidates(datasheet-pin-table+rm-remap-grid:en)
CH32V007,afio-usart2-remap,3,USART2_TX,PD2,#,reference,candidates(datasheet-pin-table+rm-remap-grid:en)
CH32V007,afio-usart2-remap,4,USART2_CTS,PB6,#,reference,candidates(datasheet-pin-table+rm-remap-grid:en)
CH32V007,afio-usart2-remap,4,USART2_RTS,PA1,#,reference,candidates(datasheet-pin-table+rm-remap-grid:en)
CH32V007,afio-usart2-remap,4,USART2_RX,PB1,#,reference,candidates(datasheet-pin-table+rm-remap-grid:en)
CH32V007,afio-usart2-remap,4,USART2_TX,PB0,#,reference,candidates(datasheet-pin-table+rm-remap-grid:en)
CH32V007,afio-usart2-remap,5,USART2_CTS,PA4,#,reference,candidates(datasheet-pin-table+rm-remap-grid:en)
CH32V007,afio-usart2-remap,5,USART2_RTS,PA1,#,reference,candidates(datasheet-pin-table+rm-remap-grid:en)
CH32V007,afio-usart2-remap,5,USART2_RX,PD1,#,reference,candidates(datasheet-pin-table+rm-remap-grid:en)
CH32V007,afio-usart2-remap,5,USART2_TX,PC4,#,reference,candidates(datasheet-pin-table+rm-remap-grid:en)
CH32V007,afio-usart2-remap,6,USART2_CTS,PA7,#,reference,candidates(datasheet-pin-table+rm-remap-grid:en)
CH32V007,afio-usart2-remap,6,USART2_RTS,PB3,#,reference,candidates(datasheet-pin-table+rm-remap-grid:en)
CH32V007,afio-usart2-remap,6,USART2_RX,PA5,#,reference,candidates(datasheet-pin-table+rm-remap-grid:en)
CH32V007,afio-usart2-remap,6,USART2_TX,PA6,#,reference,candidates(datasheet-pin-table+rm-remap-grid:en)
CH32V103,afio-i2c1-remap,0,I2C1_SCL,PB6,#,reference,candidates(datasheet-pin-table-default:en)
CH32V103,afio-i2c1-remap,0,I2C1_SDA,PB7,#,reference,candidates(datasheet-pin-table-default:en)
CH32V103,afio-i2c1-remap,0,I2C1_SMBAI,PB5,#,reference,candidates(datasheet-pin-table-default:en)
CH32V103,afio-i2c1-remap,1,I2C1_SCL,PB8,#,reference,candidates(datasheet-pin-table+rm-remap-grid:en)
CH32V103,afio-i2c1-remap,1,I2C1_SDA,PB9,#,reference,candidates(datasheet-pin-table+rm-remap-grid:en)
CH32V103,afio-spi1-remap,0,SPI1_MISO,PA6,#,reference,candidates(datasheet-pin-table-default:en)
CH32V103,afio-spi1-remap,0,SPI1_MOSI,PA7,#,reference,candidates(datasheet-pin-table-default:en)
CH32V103,afio-spi1-remap,0,SPI1_NSS,PA4,#,reference,candidates(datasheet-pin-table-default:en)
CH32V103,afio-spi1-remap,0,SPI1_SCK,PA5,#,reference,candidates(datasheet-pin-table-default:en)
CH32V103,afio-spi1-remap,1,SPI1_MISO,PB4,#,reference,candidates(datasheet-pin-table+rm-remap-grid:en)
CH32V103,afio-spi1-remap,1,SPI1_MOSI,PB5,#,reference,candidates(datasheet-pin-table+rm-remap-grid:en)
CH32V103,afio-spi1-remap,1,SPI1_NSS,PA15,#,reference,candidates(datasheet-pin-table+rm-remap-grid:en)
CH32V103,afio-spi1-remap,1,SPI1_SCK,PB3,#,reference,candidates(datasheet-pin-table+rm-remap-grid:en)
CH32V103,afio-tim1-remap,0,TIM1_BKIN,PB12,#,reference,candidates(datasheet-pin-table-default:en)
CH32V103,afio-tim1-remap,0,TIM1_CH1,PA8,#,reference,candidates(datasheet-pin-table-default:en)
CH32V103,afio-tim1-remap,0,TIM1_CH1N,PB13,#,reference,candidates(datasheet-pin-table-default:en)
CH32V103,afio-tim1-remap,0,TIM1_CH2,PA9,#,reference,candidates(datasheet-pin-table-default:en)
CH32V103,afio-tim1-remap,0,TIM1_CH2N,PB14,#,reference,candidates(datasheet-pin-table-default:en)
CH32V103,afio-tim1-remap,0,TIM1_CH3,PA10,#,reference,candidates(datasheet-pin-table-default:en)
CH32V103,afio-tim1-remap,0,TIM1_CH3N,PB15,#,reference,candidates(datasheet-pin-table-default:en)
CH32V103,afio-tim1-remap,0,TIM1_CH4,PA11,#,reference,candidates(datasheet-pin-table-default:en)
CH32V103,afio-tim1-remap,0,TIM1_ETR,PA12,#,reference,candidates(datasheet-pin-table-default:en)
CH32V103,afio-tim1-remap,1,TIM1_BKIN,PA6,#,reference,candidates(datasheet-pin-table+rm-remap-grid:en)
CH32V103,afio-tim1-remap,1,TIM1_CH1N,PA7,#,reference,candidates(datasheet-pin-table+rm-remap-grid:en)
CH32V103,afio-tim1-remap,1,TIM1_CH2N,PB0,#,reference,candidates(datasheet-pin-table+rm-remap-grid:en)
CH32V103,afio-tim1-remap,1,TIM1_CH3N,PB1,#,reference,candidates(datasheet-pin-table+rm-remap-grid:en)
CH32V103,afio-tim2-remap,0,TIM2_CH1,PA0-WKUP,#,reference,candidates(datasheet-pin-table-default:en)
CH32V103,afio-tim2-remap,0,TIM2_CH2,PA1,#,reference,candidates(datasheet-pin-table-default:en)
CH32V103,afio-tim2-remap,0,TIM2_CH3,PA2,#,reference,candidates(datasheet-pin-table-default:en)
CH32V103,afio-tim2-remap,0,TIM2_CH4,PA3,#,reference,candidates(datasheet-pin-table-default:en)
CH32V103,afio-tim2-remap,0,TIM2_ETR,PA0-WKUP,#,reference,candidates(datasheet-pin-table-default:en)
CH32V103,afio-tim2-remap,1,TIM2_CH1,PA15,#,reference,candidates(datasheet-pin-table+rm-remap-grid:en)
CH32V103,afio-tim2-remap,1,TIM2_CH2,PB3,#,reference,candidates(datasheet-pin-table+rm-remap-grid:en)
CH32V103,afio-tim2-remap,1,TIM2_CH3,PB10,#,reference,candidates(datasheet-pin-table+rm-remap-grid:en)
CH32V103,afio-tim2-remap,1,TIM2_CH4,PB11,#,reference,candidates(datasheet-pin-table+rm-remap-grid:en)
CH32V103,afio-tim2-remap,1,TIM2_ETR,PA15,#,reference,candidates(datasheet-pin-table+rm-remap-grid:en)
CH32V103,afio-tim3-remap,0,TIM3_CH1,PA6,#,reference,candidates(datasheet-pin-table-default:en)
CH32V103,afio-tim3-remap,0,TIM3_CH2,PA7,#,reference,candidates(datasheet-pin-table-default:en)
CH32V103,afio-tim3-remap,0,TIM3_CH3,PB0,#,reference,candidates(datasheet-pin-table-default:en)
CH32V103,afio-tim3-remap,0,TIM3_CH4,PB1,#,reference,candidates(datasheet-pin-table-default:en)
CH32V103,afio-tim3-remap,0,TIM3_ETR,PD2,#,reference,candidates(datasheet-pin-table-default:en)
CH32V103,afio-tim3-remap,2,TIM3_CH1,PB4,#,reference,candidates(datasheet-pin-table+rm-remap-grid:en)
CH32V103,afio-tim3-remap,2,TIM3_CH2,PB5,#,reference,candidates(datasheet-pin-table+rm-remap-grid:en)
CH32V103,afio-tim3-remap,3,TIM3_CH1,PC6,#,reference,candidates(datasheet-pin-table+rm-remap-grid:en)
CH32V103,afio-tim3-remap,3,TIM3_CH2,PC7,#,reference,candidates(datasheet-pin-table+rm-remap-grid:en)
CH32V103,afio-tim3-remap,3,TIM3_CH3,PC8,#,reference,candidates(datasheet-pin-table+rm-remap-grid:en)
CH32V103,afio-tim3-remap,3,TIM3_CH4,PC9,#,reference,candidates(datasheet-pin-table+rm-remap-grid:en)
CH32V103,afio-tim4-remap,0,TIM4_CH1,PB6,#,reference,candidates(datasheet-pin-table-default:en)
CH32V103,afio-tim4-remap,0,TIM4_CH2,PB7,#,reference,candidates(datasheet-pin-table-default:en)
CH32V103,afio-tim4-remap,0,TIM4_CH3,PB8,#,reference,candidates(datasheet-pin-table-default:en)
CH32V103,afio-tim4-remap,0,TIM4_CH4,PB9,#,reference,candidates(datasheet-pin-table-default:en)
CH32V103,afio-usart1-remap,0,USART1_CK,PA8,#,reference,candidates(datasheet-pin-table-default:en)
CH32V103,afio-usart1-remap,0,USART1_CTS,PA11,#,reference,candidates(datasheet-pin-table-default:en)
CH32V103,afio-usart1-remap,0,USART1_RTS,PA12,#,reference,candidates(datasheet-pin-table-default:en)
CH32V103,afio-usart1-remap,0,USART1_RX,PA10,#,reference,candidates(datasheet-pin-table-default:en)
CH32V103,afio-usart1-remap,0,USART1_TX,PA9,#,reference,candidates(datasheet-pin-table-default:en)
CH32V103,afio-usart1-remap,1,USART1_RX,PB7,#,reference,candidates(datasheet-pin-table+rm-remap-grid:en)
CH32V103,afio-usart1-remap,1,USART1_TX,PB6,#,reference,candidates(datasheet-pin-table+rm-remap-grid:en)
CH32V103,afio-usart2-remap,0,USART2_CK,PA4,#,reference,candidates(datasheet-pin-table-default:en)
CH32V103,afio-usart2-remap,0,USART2_CTS,PA0-WKUP,#,reference,candidates(datasheet-pin-table-default:en)
CH32V103,afio-usart2-remap,0,USART2_RTS,PA1,#,reference,candidates(datasheet-pin-table-default:en)
CH32V103,afio-usart2-remap,0,USART2_RX,PA3,#,reference,candidates(datasheet-pin-table-default:en)
CH32V103,afio-usart2-remap,0,USART2_TX,PA2,#,reference,candidates(datasheet-pin-table-default:en)
CH32V103,afio-usart3-remap,0,USART3_CK,PB12,#,reference,candidates(datasheet-pin-table-default:en)
CH32V103,afio-usart3-remap,0,USART3_CTS,PB13,#,reference,candidates(datasheet-pin-table-default:en)
CH32V103,afio-usart3-remap,0,USART3_RTS,PB14,#,reference,candidates(datasheet-pin-table-default:en)
CH32V103,afio-usart3-remap,0,USART3_RX,PB11,#,reference,candidates(datasheet-pin-table-default:en)
CH32V103,afio-usart3-remap,0,USART3_TX,PB10,#,reference,candidates(datasheet-pin-table-default:en)
CH32V103,afio-usart3-remap,1,USART3_CK,PC12,#,reference,candidates(datasheet-pin-table+rm-remap-grid:en)
CH32V103,afio-usart3-remap,1,USART3_RX,PC11,#,reference,candidates(datasheet-pin-table+rm-remap-grid:en)
CH32V103,afio-usart3-remap,1,USART3_TX,PC10,#,reference,candidates(datasheet-pin-table+rm-remap-grid:en)
CH32V203,afio-can-remap,0,CAN1_RX,PA11,#,reference,candidates(datasheet-pin-table-default:en)
CH32V203,afio-can-remap,0,CAN1_TX,PA12,#,reference,candidates(datasheet-pin-table-default:en)
CH32V203,afio-can-remap,2,CAN1_RX,PB8,#,reference,candidates(datasheet-pin-table+rm-remap-grid:en)
CH32V203,afio-can-remap,2,CAN1_TX,PB9,#,reference,candidates(datasheet-pin-table+rm-remap-grid:en)
CH32V203,afio-i2c1-remap,0,I2C1_SCL,PB6,#,reference,candidates(datasheet-pin-table-default:en)
CH32V203,afio-i2c1-remap,0,I2C1_SDA,PB7,#,reference,candidates(datasheet-pin-table-default:en)
CH32V203,afio-i2c1-remap,0,I2C1_SMBA,PB5,#,reference,candidates(datasheet-pin-table-default:en)
CH32V203,afio-i2c1-remap,1,I2C1_SCL,PB8,#,reference,candidates(datasheet-pin-table+rm-remap-grid:en)
CH32V203,afio-i2c1-remap,1,I2C1_SDA,PB9,#,reference,candidates(datasheet-pin-table+rm-remap-grid:en)
CH32V203,afio-spi1-remap,0,SPI1_MISO,PA6,#,reference,candidates(datasheet-pin-table-default:en)
CH32V203,afio-spi1-remap,0,SPI1_MOSI,PA7,#,reference,candidates(datasheet-pin-table-default:en)
CH32V203,afio-spi1-remap,0,SPI1_NSS,PA4,#,reference,candidates(datasheet-pin-table-default:en)
CH32V203,afio-spi1-remap,0,SPI1_SCK,PA5,#,reference,candidates(datasheet-pin-table-default:en)
CH32V203,afio-spi1-remap,1,SPI1_MISO,PB4,#,reference,candidates(datasheet-pin-table+rm-remap-grid:en)
CH32V203,afio-spi1-remap,1,SPI1_MOSI,PB5,#,reference,candidates(datasheet-pin-table+rm-remap-grid:en)
CH32V203,afio-spi1-remap,1,SPI1_NSS,PA15,#,reference,candidates(datasheet-pin-table+rm-remap-grid:en)
CH32V203,afio-spi1-remap,1,SPI1_SCK,PB3,#,reference,candidates(datasheet-pin-table+rm-remap-grid:en)
CH32V203,afio-tim1-remap,0,TIM1_BKIN,PB12,#,reference,candidates(datasheet-pin-table-default:en)
CH32V203,afio-tim1-remap,0,TIM1_CH1,PA8,#,reference,candidates(datasheet-pin-table-default:en)
CH32V203,afio-tim1-remap,0,TIM1_CH1N,PB13,#,reference,candidates(datasheet-pin-table-default:en)
CH32V203,afio-tim1-remap,0,TIM1_CH2,PA9,#,reference,candidates(datasheet-pin-table-default:en)
CH32V203,afio-tim1-remap,0,TIM1_CH2N,PB14,#,reference,candidates(datasheet-pin-table-default:en)
CH32V203,afio-tim1-remap,0,TIM1_CH3,PA10,#,reference,candidates(datasheet-pin-table-default:en)
CH32V203,afio-tim1-remap,0,TIM1_CH3N,PB15,#,reference,candidates(datasheet-pin-table-default:en)
CH32V203,afio-tim1-remap,0,TIM1_CH4,PA11,#,reference,candidates(datasheet-pin-table-default:en)
CH32V203,afio-tim1-remap,0,TIM1_ETR,PA12,#,reference,candidates(datasheet-pin-table-default:en)
CH32V203,afio-tim1-remap,1,TIM1_BKIN,PA6,#,reference,candidates(datasheet-pin-table+rm-remap-grid:en)
CH32V203,afio-tim1-remap,1,TIM1_CH1,PA8,#,reference,candidates(datasheet-pin-table+rm-remap-grid:en)
CH32V203,afio-tim1-remap,1,TIM1_CH1N,PA7,#,reference,candidates(datasheet-pin-table+rm-remap-grid:en)
CH32V203,afio-tim1-remap,1,TIM1_CH2,PA9,#,reference,candidates(datasheet-pin-table+rm-remap-grid:en)
CH32V203,afio-tim1-remap,1,TIM1_CH2N,PB0,#,reference,candidates(datasheet-pin-table+rm-remap-grid:en)
CH32V203,afio-tim1-remap,1,TIM1_CH3,PA10,#,reference,candidates(datasheet-pin-table+rm-remap-grid:en)
CH32V203,afio-tim1-remap,1,TIM1_CH3N,PB1,#,reference,candidates(datasheet-pin-table+rm-remap-grid:en)
CH32V203,afio-tim1-remap,1,TIM1_CH4,PA11,#,reference,candidates(datasheet-pin-table+rm-remap-grid:en)
CH32V203,afio-tim1-remap,1,TIM1_ETR,PA12,#,reference,candidates(datasheet-pin-table+rm-remap-grid:en)
CH32V203,afio-tim2-remap,0,TIM2_CH1,PA0-WKUP,#,reference,candidates(datasheet-pin-table-default:en)
CH32V203,afio-tim2-remap,0,TIM2_CH2,PA1,#,reference,candidates(datasheet-pin-table-default:en)
CH32V203,afio-tim2-remap,0,TIM2_CH3,PA2,#,reference,candidates(datasheet-pin-table-default:en)
CH32V203,afio-tim2-remap,0,TIM2_CH4,PA3,#,reference,candidates(datasheet-pin-table-default:en)
CH32V203,afio-tim2-remap,0,TIM2_ETR,PA0-WKUP,#,reference,candidates(datasheet-pin-table-default:en)
CH32V203,afio-tim2-remap,1,TIM2_CH1,PA15,#,reference,candidates(datasheet-pin-table+rm-remap-grid:en)
CH32V203,afio-tim2-remap,1,TIM2_CH2,PB3,#,reference,candidates(datasheet-pin-table+rm-remap-grid:en)
CH32V203,afio-tim2-remap,1,TIM2_CH3,PA2,#,reference,candidates(datasheet-pin-table+rm-remap-grid:en)
CH32V203,afio-tim2-remap,1,TIM2_CH4,PA3,#,reference,candidates(datasheet-pin-table+rm-remap-grid:en)
CH32V203,afio-tim2-remap,1,TIM2_ETR,PA15,#,reference,candidates(datasheet-pin-table+rm-remap-grid:en)
CH32V203,afio-tim2-remap,2,TIM2_CH1,PA0-WKUP,#,reference,candidates(datasheet-pin-table+rm-remap-grid:en)
CH32V203,afio-tim2-remap,2,TIM2_CH2,PA1,#,reference,candidates(datasheet-pin-table+rm-remap-grid:en)
CH32V203,afio-tim2-remap,2,TIM2_CH3,PB10,#,reference,candidates(datasheet-pin-table+rm-remap-grid:en)
CH32V203,afio-tim2-remap,2,TIM2_CH4,PB11,#,reference,candidates(datasheet-pin-table+rm-remap-grid:en)
CH32V203,afio-tim2-remap,2,TIM2_ETR,PA0-WKUP,#,reference,candidates(datasheet-pin-table+rm-remap-grid:en)
CH32V203,afio-tim2-remap,3,TIM2_CH1,PA15,#,reference,candidates(datasheet-pin-table+rm-remap-grid:en)
CH32V203,afio-tim2-remap,3,TIM2_CH2,PB3,#,reference,candidates(datasheet-pin-table+rm-remap-grid:en)
CH32V203,afio-tim2-remap,3,TIM2_CH3,PB10,#,reference,candidates(datasheet-pin-table+rm-remap-grid:en)
CH32V203,afio-tim2-remap,3,TIM2_CH4,PB11,#,reference,candidates(datasheet-pin-table+rm-remap-grid:en)
CH32V203,afio-tim2-remap,3,TIM2_ETR,PA15,#,reference,candidates(datasheet-pin-table+rm-remap-grid:en)
CH32V203,afio-tim3-remap,0,TIM3_CH1,PA6,#,reference,candidates(datasheet-pin-table-default:en)
CH32V203,afio-tim3-remap,0,TIM3_CH2,PA7,#,reference,candidates(datasheet-pin-table-default:en)
CH32V203,afio-tim3-remap,0,TIM3_CH3,PB0,#,reference,candidates(datasheet-pin-table-default:en)
CH32V203,afio-tim3-remap,0,TIM3_CH4,PB1,#,reference,candidates(datasheet-pin-table-default:en)
CH32V203,afio-tim3-remap,0,TIM3_ETR,PD2,#,reference,candidates(datasheet-pin-table-default:en)
CH32V203,afio-tim3-remap,2,TIM3_CH1,PB4,#,reference,candidates(datasheet-pin-table+rm-remap-grid:en)
CH32V203,afio-tim3-remap,2,TIM3_CH2,PB5,#,reference,candidates(datasheet-pin-table+rm-remap-grid:en)
CH32V203,afio-tim3-remap,2,TIM3_CH3,PB0,#,reference,candidates(datasheet-pin-table+rm-remap-grid:en)
CH32V203,afio-tim3-remap,2,TIM3_CH4,PB1,#,reference,candidates(datasheet-pin-table+rm-remap-grid:en)
CH32V203,afio-tim3-remap,2,TIM3_ETR,PD2,#,reference,candidates(datasheet-pin-table+rm-remap-grid:en)
CH32V203,afio-tim3-remap,3,TIM3_CH1,PC6,#,reference,candidates(datasheet-pin-table+rm-remap-grid:en)
CH32V203,afio-tim3-remap,3,TIM3_CH2,PC7,#,reference,candidates(datasheet-pin-table+rm-remap-grid:en)
CH32V203,afio-tim3-remap,3,TIM3_CH3,PC8,#,reference,candidates(datasheet-pin-table+rm-remap-grid:en)
CH32V203,afio-tim3-remap,3,TIM3_CH4,PC9,#,reference,candidates(datasheet-pin-table+rm-remap-grid:en)
CH32V203,afio-tim3-remap,3,TIM3_ETR,PD2,#,reference,candidates(datasheet-pin-table+rm-remap-grid:en)
CH32V203,afio-tim4-remap,0,TIM4_CH1,PB6,#,reference,candidates(datasheet-pin-table-default:en)
CH32V203,afio-tim4-remap,0,TIM4_CH2,PB7,#,reference,candidates(datasheet-pin-table-default:en)
CH32V203,afio-tim4-remap,0,TIM4_CH3,PB8,#,reference,candidates(datasheet-pin-table-default:en)
CH32V203,afio-tim4-remap,0,TIM4_CH4,PB9,#,reference,candidates(datasheet-pin-table-default:en)
CH32V203,afio-tim5ch4-rm,0,TIM5_CH4,PA3,#,reference,candidates(datasheet-pin-table-default:en)
CH32V203,afio-usart1-remap,0,USART1_CK,PA8,#,reference,candidates(datasheet-pin-table-default:en)
CH32V203,afio-usart1-remap,0,USART1_CTS,PA11,#,reference,candidates(datasheet-pin-table-default:en)
CH32V203,afio-usart1-remap,0,USART1_RTS,PA12,#,reference,candidates(datasheet-pin-table-default:en)
CH32V203,afio-usart1-remap,0,USART1_RX,PA10,#,reference,candidates(datasheet-pin-table-default:en)
CH32V203,afio-usart1-remap,0,USART1_TX,PA9,#,reference,candidates(datasheet-pin-table-default:en)
CH32V203,afio-usart1-remap,1,USART1_CK,PA8,#,reference,candidates(datasheet-pin-table+rm-remap-grid:en)
CH32V203,afio-usart1-remap,1,USART1_CTS,PA11,#,reference,candidates(datasheet-pin-table+rm-remap-grid:en)
CH32V203,afio-usart1-remap,1,USART1_RTS,PA12,#,reference,candidates(datasheet-pin-table+rm-remap-grid:en)
CH32V203,afio-usart1-remap,1,USART1_RX,PB7,#,reference,candidates(datasheet-pin-table+rm-remap-grid:en)
CH32V203,afio-usart1-remap,1,USART1_TX,PB6,#,reference,candidates(datasheet-pin-table+rm-remap-grid:en)
CH32V203,afio-usart2-remap,0,USART2_CK,PA4,#,reference,candidates(datasheet-pin-table-default:en)
CH32V203,afio-usart2-remap,0,USART2_CTS,PA0-WKUP,#,reference,candidates(datasheet-pin-table-default:en)
CH32V203,afio-usart2-remap,0,USART2_RTS,PA1,#,reference,candidates(datasheet-pin-table-default:en)
CH32V203,afio-usart2-remap,0,USART2_RX,PA3,#,reference,candidates(datasheet-pin-table-default:en)
CH32V203,afio-usart2-remap,0,USART2_TX,PA2,#,reference,candidates(datasheet-pin-table-default:en)
CH32V203,afio-usart3-remap,0,USART3_CK,PB12,#,reference,candidates(datasheet-pin-table-default:en)
CH32V203,afio-usart3-remap,0,USART3_CTS,PB13,#,reference,candidates(datasheet-pin-table-default:en)
CH32V203,afio-usart3-remap,0,USART3_RTS,PB14,#,reference,candidates(datasheet-pin-table-default:en)
CH32V203,afio-usart3-remap,0,USART3_RX,PB11,#,reference,candidates(datasheet-pin-table-default:en)
CH32V203,afio-usart3-remap,0,USART3_TX,PB10,#,reference,candidates(datasheet-pin-table-default:en)
CH32V203,afio-usart3-remap,1,USART3_CK,PC12,#,reference,candidates(datasheet-pin-table+rm-remap-grid:en)
CH32V203,afio-usart3-remap,1,USART3_CTS,PB13,#,reference,candidates(datasheet-pin-table+rm-remap-grid:en)
CH32V203,afio-usart3-remap,1,USART3_RTS,PB14,#,reference,candidates(datasheet-pin-table+rm-remap-grid:en)
CH32V203,afio-usart3-remap,1,USART3_RX,PC11,#,reference,candidates(datasheet-pin-table+rm-remap-grid:en)
CH32V203,afio-usart3-remap,1,USART3_TX,PC10,#,reference,candidates(datasheet-pin-table+rm-remap-grid:en)
CH32V203,afio-usart4-rm,0,UART4_RX,PC11,#,reference,candidates(datasheet-pin-table-default:en)
CH32V203,afio-usart4-rm,0,UART4_TX,PC10,#,reference,candidates(datasheet-pin-table-default:en)
CH32V203,afio-usart4-rm,0,USART4_CK,PB2,#,reference,candidates(datasheet-pin-table-default:en)
CH32V203,afio-usart4-rm,0,USART4_CTS,PB3,#,reference,candidates(datasheet-pin-table-default:en)
CH32V203,afio-usart4-rm,0,USART4_RTS,PB4,#,reference,candidates(datasheet-pin-table-default:en)
CH32V203,afio-usart4-rm,0,USART4_RX,PB1,#,reference,candidates(datasheet-pin-table-default:en)
CH32V203,afio-usart4-rm,0,USART4_TX,PB0,#,reference,candidates(datasheet-pin-table-default:en)
CH32V203,afio-usart4-rm,1,UART4_RX,PB1,#,reference,candidates(datasheet-pin-table+rm-remap-grid:en)
CH32V203,afio-usart4-rm,1,UART4_TX,PB0,#,reference,candidates(datasheet-pin-table+rm-remap-grid:en)
CH32V203,afio-usart4-rm,1,USART4_CK,PA6,#,reference,candidates(datasheet-pin-table+rm-remap-grid:en)
CH32V203,afio-usart4-rm,1,USART4_CTS,PA7,#,reference,candidates(datasheet-pin-table+rm-remap-grid:en)
CH32V203,afio-usart4-rm,1,USART4_RTS,PA15,#,reference,candidates(datasheet-pin-table+rm-remap-grid:en)
CH32V203,afio-usart4-rm,1,USART4_RX,PB5,#,reference,candidates(datasheet-pin-table+rm-remap-grid:en)
CH32V203,afio-usart4-rm,1,USART4_TX,PA5,#,reference,candidates(datasheet-pin-table+rm-remap-grid:en)
CH32V203,extend-eth-10m-en,0,ETH_RXN,PC7,#,reference,candidates(datasheet-pin-table-default:en)
CH32V203,extend-eth-10m-en,0,ETH_RXP,PC6,#,reference,candidates(datasheet-pin-table-default:en)
CH32V203,extend-eth-10m-en,0,ETH_TXN,PC9,#,reference,candidates(datasheet-pin-table-default:en)
CH32V203,extend-eth-10m-en,0,ETH_TXP,PC8,#,reference,candidates(datasheet-pin-table-default:en)
CH32V208,afio-can-remap,0,CAN1_RX,PA11,#,reference,candidates(datasheet-pin-table-default:en)
CH32V208,afio-can-remap,0,CAN1_TX,PA12,#,reference,candidates(datasheet-pin-table-default:en)
CH32V208,afio-can-remap,2,CAN1_RX,PB8,#,reference,candidates(datasheet-pin-table+rm-remap-grid:en)
CH32V208,afio-can-remap,2,CAN1_TX,PB9,#,reference,candidates(datasheet-pin-table+rm-remap-grid:en)
CH32V208,afio-i2c1-remap,0,I2C1_SCL,PB6,#,reference,candidates(datasheet-pin-table-default:en)
CH32V208,afio-i2c1-remap,0,I2C1_SDA,PB7,#,reference,candidates(datasheet-pin-table-default:en)
CH32V208,afio-i2c1-remap,0,I2C1_SMBA,PB5,#,reference,candidates(datasheet-pin-table-default:en)
CH32V208,afio-i2c1-remap,1,I2C1_SCL,PB8,#,reference,candidates(datasheet-pin-table+rm-remap-grid:en)
CH32V208,afio-i2c1-remap,1,I2C1_SDA,PB9,#,reference,candidates(datasheet-pin-table+rm-remap-grid:en)
CH32V208,afio-spi1-remap,0,SPI1_MISO,PA6,#,reference,candidates(datasheet-pin-table-default:en)
CH32V208,afio-spi1-remap,0,SPI1_MOSI,PA7,#,reference,candidates(datasheet-pin-table-default:en)
CH32V208,afio-spi1-remap,0,SPI1_NSS,PA4,#,reference,candidates(datasheet-pin-table-default:en)
CH32V208,afio-spi1-remap,0,SPI1_SCK,PA5,#,reference,candidates(datasheet-pin-table-default:en)
CH32V208,afio-spi1-remap,1,SPI1_MISO,PB4,#,reference,candidates(datasheet-pin-table+rm-remap-grid:en)
CH32V208,afio-spi1-remap,1,SPI1_MOSI,PB5,#,reference,candidates(datasheet-pin-table+rm-remap-grid:en)
CH32V208,afio-spi1-remap,1,SPI1_NSS,PA15,#,reference,candidates(datasheet-pin-table+rm-remap-grid:en)
CH32V208,afio-spi1-remap,1,SPI1_SCK,PB3,#,reference,candidates(datasheet-pin-table+rm-remap-grid:en)
CH32V208,afio-tim1-remap,0,TIM1_BKIN,PB12,#,reference,candidates(datasheet-pin-table-default:en)
CH32V208,afio-tim1-remap,0,TIM1_CH1,PA8,#,reference,candidates(datasheet-pin-table-default:en)
CH32V208,afio-tim1-remap,0,TIM1_CH1N,PB13,#,reference,candidates(datasheet-pin-table-default:en)
CH32V208,afio-tim1-remap,0,TIM1_CH2,PA9,#,reference,candidates(datasheet-pin-table-default:en)
CH32V208,afio-tim1-remap,0,TIM1_CH2N,PB14,#,reference,candidates(datasheet-pin-table-default:en)
CH32V208,afio-tim1-remap,0,TIM1_CH3,PA10,#,reference,candidates(datasheet-pin-table-default:en)
CH32V208,afio-tim1-remap,0,TIM1_CH3N,PB15,#,reference,candidates(datasheet-pin-table-default:en)
CH32V208,afio-tim1-remap,0,TIM1_CH4,PA11,#,reference,candidates(datasheet-pin-table-default:en)
CH32V208,afio-tim1-remap,0,TIM1_ETR,PA12,#,reference,candidates(datasheet-pin-table-default:en)
CH32V208,afio-tim1-remap,1,TIM1_BKIN,PA6,#,reference,candidates(datasheet-pin-table+rm-remap-grid:en)
CH32V208,afio-tim1-remap,1,TIM1_CH1,PA8,#,reference,candidates(datasheet-pin-table+rm-remap-grid:en)
CH32V208,afio-tim1-remap,1,TIM1_CH1N,PA7,#,reference,candidates(datasheet-pin-table+rm-remap-grid:en)
CH32V208,afio-tim1-remap,1,TIM1_CH2,PA9,#,reference,candidates(datasheet-pin-table+rm-remap-grid:en)
CH32V208,afio-tim1-remap,1,TIM1_CH2N,PB0,#,reference,candidates(datasheet-pin-table+rm-remap-grid:en)
CH32V208,afio-tim1-remap,1,TIM1_CH3,PA10,#,reference,candidates(datasheet-pin-table+rm-remap-grid:en)
CH32V208,afio-tim1-remap,1,TIM1_CH3N,PB1,#,reference,candidates(datasheet-pin-table+rm-remap-grid:en)
CH32V208,afio-tim1-remap,1,TIM1_CH4,PA11,#,reference,candidates(datasheet-pin-table+rm-remap-grid:en)
CH32V208,afio-tim1-remap,1,TIM1_ETR,PA12,#,reference,candidates(datasheet-pin-table+rm-remap-grid:en)
CH32V208,afio-tim2-remap,0,TIM2_CH1,PA0-WKUP,#,reference,candidates(datasheet-pin-table-default:en)
CH32V208,afio-tim2-remap,0,TIM2_CH2,PA1,#,reference,candidates(datasheet-pin-table-default:en)
CH32V208,afio-tim2-remap,0,TIM2_CH3,PA2,#,reference,candidates(datasheet-pin-table-default:en)
CH32V208,afio-tim2-remap,0,TIM2_CH4,PA3,#,reference,candidates(datasheet-pin-table-default:en)
CH32V208,afio-tim2-remap,0,TIM2_ETR,PA0-WKUP,#,reference,candidates(datasheet-pin-table-default:en)
CH32V208,afio-tim2-remap,1,TIM2_CH1,PA15,#,reference,candidates(datasheet-pin-table+rm-remap-grid:en)
CH32V208,afio-tim2-remap,1,TIM2_CH2,PB3,#,reference,candidates(datasheet-pin-table+rm-remap-grid:en)
CH32V208,afio-tim2-remap,1,TIM2_CH3,PA2,#,reference,candidates(datasheet-pin-table+rm-remap-grid:en)
CH32V208,afio-tim2-remap,1,TIM2_CH4,PA3,#,reference,candidates(datasheet-pin-table+rm-remap-grid:en)
CH32V208,afio-tim2-remap,1,TIM2_ETR,PA15,#,reference,candidates(datasheet-pin-table+rm-remap-grid:en)
CH32V208,afio-tim2-remap,2,TIM2_CH1,PA0-WKUP,#,reference,candidates(datasheet-pin-table+rm-remap-grid:en)
CH32V208,afio-tim2-remap,2,TIM2_CH2,PA1,#,reference,candidates(datasheet-pin-table+rm-remap-grid:en)
CH32V208,afio-tim2-remap,2,TIM2_CH3,PB10,#,reference,candidates(datasheet-pin-table+rm-remap-grid:en)
CH32V208,afio-tim2-remap,2,TIM2_CH4,PB11,#,reference,candidates(datasheet-pin-table+rm-remap-grid:en)
CH32V208,afio-tim2-remap,2,TIM2_ETR,PA0-WKUP,#,reference,candidates(datasheet-pin-table+rm-remap-grid:en)
CH32V208,afio-tim2-remap,3,TIM2_CH1,PA15,#,reference,candidates(datasheet-pin-table+rm-remap-grid:en)
CH32V208,afio-tim2-remap,3,TIM2_CH2,PB3,#,reference,candidates(datasheet-pin-table+rm-remap-grid:en)
CH32V208,afio-tim2-remap,3,TIM2_CH3,PB10,#,reference,candidates(datasheet-pin-table+rm-remap-grid:en)
CH32V208,afio-tim2-remap,3,TIM2_CH4,PB11,#,reference,candidates(datasheet-pin-table+rm-remap-grid:en)
CH32V208,afio-tim2-remap,3,TIM2_ETR,PA15,#,reference,candidates(datasheet-pin-table+rm-remap-grid:en)
CH32V208,afio-tim3-remap,0,TIM3_CH1,PA6,#,reference,candidates(datasheet-pin-table-default:en)
CH32V208,afio-tim3-remap,0,TIM3_CH2,PA7,#,reference,candidates(datasheet-pin-table-default:en)
CH32V208,afio-tim3-remap,0,TIM3_CH3,PB0,#,reference,candidates(datasheet-pin-table-default:en)
CH32V208,afio-tim3-remap,0,TIM3_CH4,PB1,#,reference,candidates(datasheet-pin-table-default:en)
CH32V208,afio-tim3-remap,0,TIM3_ETR,PD2,#,reference,candidates(datasheet-pin-table-default:en)
CH32V208,afio-tim3-remap,2,TIM3_CH1,PB4,#,reference,candidates(datasheet-pin-table+rm-remap-grid:en)
CH32V208,afio-tim3-remap,2,TIM3_CH2,PB5,#,reference,candidates(datasheet-pin-table+rm-remap-grid:en)
CH32V208,afio-tim3-remap,2,TIM3_CH3,PB0,#,reference,candidates(datasheet-pin-table+rm-remap-grid:en)
CH32V208,afio-tim3-remap,2,TIM3_CH4,PB1,#,reference,candidates(datasheet-pin-table+rm-remap-grid:en)
CH32V208,afio-tim3-remap,2,TIM3_ETR,PD2,#,reference,candidates(datasheet-pin-table+rm-remap-grid:en)
CH32V208,afio-tim3-remap,3,TIM3_CH1,PC6,#,reference,candidates(datasheet-pin-table+rm-remap-grid:en)
CH32V208,afio-tim3-remap,3,TIM3_CH2,PC7,#,reference,candidates(datasheet-pin-table+rm-remap-grid:en)
CH32V208,afio-tim3-remap,3,TIM3_CH3,PC8,#,reference,candidates(datasheet-pin-table+rm-remap-grid:en)
CH32V208,afio-tim3-remap,3,TIM3_CH4,PC9,#,reference,candidates(datasheet-pin-table+rm-remap-grid:en)
CH32V208,afio-tim3-remap,3,TIM3_ETR,PD2,#,reference,candidates(datasheet-pin-table+rm-remap-grid:en)
CH32V208,afio-tim4-remap,0,TIM4_CH1,PB6,#,reference,candidates(datasheet-pin-table-default:en)
CH32V208,afio-tim4-remap,0,TIM4_CH2,PB7,#,reference,candidates(datasheet-pin-table-default:en)
CH32V208,afio-tim4-remap,0,TIM4_CH3,PB8,#,reference,candidates(datasheet-pin-table-default:en)
CH32V208,afio-tim4-remap,0,TIM4_CH4,PB9,#,reference,candidates(datasheet-pin-table-default:en)
CH32V208,afio-tim5ch4-rm,0,TIM5_CH4,PA3,#,reference,candidates(datasheet-pin-table-default:en)
CH32V208,afio-usart1-remap,0,USART1_CK,PA8,#,reference,candidates(datasheet-pin-table-default:en)
CH32V208,afio-usart1-remap,0,USART1_CTS,PA11,#,reference,candidates(datasheet-pin-table-default:en)
CH32V208,afio-usart1-remap,0,USART1_RTS,PA12,#,reference,candidates(datasheet-pin-table-default:en)
CH32V208,afio-usart1-remap,0,USART1_RX,PA10,#,reference,candidates(datasheet-pin-table-default:en)
CH32V208,afio-usart1-remap,0,USART1_TX,PA9,#,reference,candidates(datasheet-pin-table-default:en)
CH32V208,afio-usart1-remap,1,USART1_CK,PA8,#,reference,candidates(datasheet-pin-table+rm-remap-grid:en)
CH32V208,afio-usart1-remap,1,USART1_CTS,PA11,#,reference,candidates(datasheet-pin-table+rm-remap-grid:en)
CH32V208,afio-usart1-remap,1,USART1_RTS,PA12,#,reference,candidates(datasheet-pin-table+rm-remap-grid:en)
CH32V208,afio-usart1-remap,1,USART1_RX,PB7,#,reference,candidates(datasheet-pin-table+rm-remap-grid:en)
CH32V208,afio-usart1-remap,1,USART1_TX,PB6,#,reference,candidates(datasheet-pin-table+rm-remap-grid:en)
CH32V208,afio-usart2-remap,0,USART2_CK,PA4,#,reference,candidates(datasheet-pin-table-default:en)
CH32V208,afio-usart2-remap,0,USART2_CTS,PA0-WKUP,#,reference,candidates(datasheet-pin-table-default:en)
CH32V208,afio-usart2-remap,0,USART2_RTS,PA1,#,reference,candidates(datasheet-pin-table-default:en)
CH32V208,afio-usart2-remap,0,USART2_RX,PA3,#,reference,candidates(datasheet-pin-table-default:en)
CH32V208,afio-usart2-remap,0,USART2_TX,PA2,#,reference,candidates(datasheet-pin-table-default:en)
CH32V208,afio-usart3-remap,0,USART3_CK,PB12,#,reference,candidates(datasheet-pin-table-default:en)
CH32V208,afio-usart3-remap,0,USART3_CTS,PB13,#,reference,candidates(datasheet-pin-table-default:en)
CH32V208,afio-usart3-remap,0,USART3_RTS,PB14,#,reference,candidates(datasheet-pin-table-default:en)
CH32V208,afio-usart3-remap,0,USART3_RX,PB11,#,reference,candidates(datasheet-pin-table-default:en)
CH32V208,afio-usart3-remap,0,USART3_TX,PB10,#,reference,candidates(datasheet-pin-table-default:en)
CH32V208,afio-usart3-remap,1,USART3_CK,PC12,#,reference,candidates(datasheet-pin-table+rm-remap-grid:en)
CH32V208,afio-usart3-remap,1,USART3_CTS,PB13,#,reference,candidates(datasheet-pin-table+rm-remap-grid:en)
CH32V208,afio-usart3-remap,1,USART3_RTS,PB14,#,reference,candidates(datasheet-pin-table+rm-remap-grid:en)
CH32V208,afio-usart3-remap,1,USART3_RX,PC11,#,reference,candidates(datasheet-pin-table+rm-remap-grid:en)
CH32V208,afio-usart3-remap,1,USART3_TX,PC10,#,reference,candidates(datasheet-pin-table+rm-remap-grid:en)
CH32V208,afio-usart4-rm,0,UART4_RX,PC11,#,reference,candidates(datasheet-pin-table-default:en)
CH32V208,afio-usart4-rm,0,UART4_TX,PC10,#,reference,candidates(datasheet-pin-table-default:en)
CH32V208,afio-usart4-rm,1,UART4_RX,PB1,#,reference,candidates(datasheet-pin-table+rm-remap-grid:en)
CH32V208,afio-usart4-rm,1,UART4_TX,PB0,#,reference,candidates(datasheet-pin-table+rm-remap-grid:en)
CH32V208,extend-eth-10m-en,0,ETH_RXN,PC7,#,reference,candidates(datasheet-pin-table-default:en)
CH32V208,extend-eth-10m-en,0,ETH_RXP,PC6,#,reference,candidates(datasheet-pin-table-default:en)
CH32V208,extend-eth-10m-en,0,ETH_TXN,PC9,#,reference,candidates(datasheet-pin-table-default:en)
CH32V208,extend-eth-10m-en,0,ETH_TXP,PC8,#,reference,candidates(datasheet-pin-table-default:en)
CH32V303,afio-can-remap,0,CAN1_RX,PA11,#,reference,candidates(datasheet-pin-table-default:en)
CH32V303,afio-can-remap,0,CAN1_TX,PA12,#,reference,candidates(datasheet-pin-table-default:en)
CH32V303,afio-can-remap,2,CAN1_RX,PB8,#,reference,candidates(datasheet-pin-table+rm-remap-grid:en)
CH32V303,afio-can-remap,2,CAN1_TX,PB9,#,reference,candidates(datasheet-pin-table+rm-remap-grid:en)
CH32V303,afio-can-remap,3,CAN1_RX,PD0,#,reference,candidates(datasheet-pin-table+rm-remap-grid:en)
CH32V303,afio-can-remap,3,CAN1_TX,PD1,#,reference,candidates(datasheet-pin-table+rm-remap-grid:en)
CH32V303,afio-can2-remap,0,CAN2_RX,PB12,#,reference,candidates(datasheet-pin-table-default:en)
CH32V303,afio-can2-remap,0,CAN2_TX,PB13,#,reference,candidates(datasheet-pin-table-default:en)
CH32V303,afio-can2-remap,1,CAN2_RX,PB5,#,reference,candidates(datasheet-pin-table+rm-remap-grid:en)
CH32V303,afio-can2-remap,1,CAN2_TX,PB6,#,reference,candidates(datasheet-pin-table+rm-remap-grid:en)
CH32V303,afio-eth-remap,0,ETH_MII_COL,PA3,#,reference,candidates(datasheet-pin-table-default:en)
CH32V303,afio-eth-remap,0,ETH_MII_CRS,PA0-WKUP,#,reference,candidates(datasheet-pin-table-default:en)
CH32V303,afio-eth-remap,0,ETH_MII_MDC,PC1,#,reference,candidates(datasheet-pin-table-default:en)
CH32V303,afio-eth-remap,0,ETH_MII_MDIO,PA2,#,reference,candidates(datasheet-pin-table-default:en)
CH32V303,afio-eth-remap,0,ETH_MII_PPS_OUT,PB5,#,reference,candidates(datasheet-pin-table-default:en)
CH32V303,afio-eth-remap,0,ETH_MII_RXD0,PC4,#,reference,candidates(datasheet-pin-table-default:en)
CH32V303,afio-eth-remap,0,ETH_MII_RXD1,PC5,#,reference,candidates(datasheet-pin-table-default:en)
CH32V303,afio-eth-remap,0,ETH_MII_RXD2,PB0,#,reference,candidates(datasheet-pin-table-default:en)
CH32V303,afio-eth-remap,0,ETH_MII_RXD3,PB1,#,reference,candidates(datasheet-pin-table-default:en)
CH32V303,afio-eth-remap,0,ETH_MII_RX_CLK,PA1,#,reference,candidates(datasheet-pin-table-default:en)
CH32V303,afio-eth-remap,0,ETH_MII_RX_DV,PA7,#,reference,candidates(datasheet-pin-table-default:en)
CH32V303,afio-eth-remap,0,ETH_MII_RX_ER,PB10,#,reference,candidates(datasheet-pin-table-default:en)
CH32V303,afio-eth-remap,0,ETH_MII_TXD0,PB12,#,reference,candidates(datasheet-pin-table-default:en)
CH32V303,afio-eth-remap,0,ETH_MII_TXD1,PB13,#,reference,candidates(datasheet-pin-table-default:en)
CH32V303,afio-eth-remap,0,ETH_MII_TXD2,PC2,#,reference,candidates(datasheet-pin-table-default:en)
CH32V303,afio-eth-remap,0,ETH_MII_TXD3,PB8,#,reference,candidates(datasheet-pin-table-default:en)
CH32V303,afio-eth-remap,0,ETH_MII_TX_CLK,PC3,#,reference,candidates(datasheet-pin-table-default:en)
CH32V303,afio-eth-remap,0,ETH_MII_TX_EN,PB11,#,reference,candidates(datasheet-pin-table-default:en)
CH32V303,afio-eth-remap,0,ETH_RGMII_125IN,PB1,#,reference,candidates(datasheet-pin-table-default:en)
CH32V303,afio-eth-remap,0,ETH_RGMII_GTXC,PA2,#,reference,candidates(datasheet-pin-table-default:en)
CH32V303,afio-eth-remap,0,ETH_RGMII_MDC,PB12,#,reference,candidates(datasheet-pin-table-default:en)
CH32V303,afio-eth-remap,0,ETH_RGMII_MDIO,PB13,#,reference,candidates(datasheet-pin-table-default:en)
CH32V303,afio-eth-remap,0,ETH_RGMII_RXC,PC0,#,reference,candidates(datasheet-pin-table-default:en)
CH32V303,afio-eth-remap,0,ETH_RGMII_RXCTL,PC1,#,reference,candidates(datasheet-pin-table-default:en)
CH32V303,afio-eth-remap,0,ETH_RGMII_RXD0,PC2,#,reference,candidates(datasheet-pin-table-default:en)
CH32V303,afio-eth-remap,0,ETH_RGMII_RXD1,PC3,#,reference,candidates(datasheet-pin-table-default:en)
CH32V303,afio-eth-remap,0,ETH_RGMII_RXD2,PA0-WKUP,#,reference,candidates(datasheet-pin-table-default:en)
CH32V303,afio-eth-remap,0,ETH_RGMII_RXD3,PA1,#,reference,candidates(datasheet-pin-table-default:en)
CH32V303,afio-eth-remap,0,ETH_RGMII_TXD0,PA7,#,reference,candidates(datasheet-pin-table-default:en)
CH32V303,afio-eth-remap,0,ETH_RGMII_TXD1,PC4,#,reference,candidates(datasheet-pin-table-default:en)
CH32V303,afio-eth-remap,0,ETH_RGMII_TXD2,PC5,#,reference,candidates(datasheet-pin-table-default:en)
CH32V303,afio-eth-remap,0,ETH_RGMII_TXD3,PB0,#,reference,candidates(datasheet-pin-table-default:en)
CH32V303,afio-eth-remap,0,ETH_RGMII_TXEN,PA3,#,reference,candidates(datasheet-pin-table-default:en)
CH32V303,afio-eth-remap,0,ETH_RMII_CRS_DV,PA7,#,reference,candidates(datasheet-pin-table-default:en)
CH32V303,afio-eth-remap,0,ETH_RMII_MDC,PC1,#,reference,candidates(datasheet-pin-table-default:en)
CH32V303,afio-eth-remap,0,ETH_RMII_MDIO,PA2,#,reference,candidates(datasheet-pin-table-default:en)
CH32V303,afio-eth-remap,0,ETH_RMII_PPS_OUT,PB5,#,reference,candidates(datasheet-pin-table-default:en)
CH32V303,afio-eth-remap,0,ETH_RMII_REF_CLK,PA1,#,reference,candidates(datasheet-pin-table-default:en)
CH32V303,afio-eth-remap,0,ETH_RMII_RXD0,PC4,#,reference,candidates(datasheet-pin-table-default:en)
CH32V303,afio-eth-remap,0,ETH_RMII_RXD1,PC5,#,reference,candidates(datasheet-pin-table-default:en)
CH32V303,afio-eth-remap,0,ETH_RMII_TXD0,PB12,#,reference,candidates(datasheet-pin-table-default:en)
CH32V303,afio-eth-remap,0,ETH_RMII_TXD1,PB13,#,reference,candidates(datasheet-pin-table-default:en)
CH32V303,afio-eth-remap,0,ETH_RMII_TX_EN,PB11,#,reference,candidates(datasheet-pin-table-default:en)
CH32V303,afio-eth-remap,0,ETH_RXN,PC7,#,reference,candidates(datasheet-pin-table-default:en)
CH32V303,afio-eth-remap,0,ETH_RXP,PC6,#,reference,candidates(datasheet-pin-table-default:en)
CH32V303,afio-eth-remap,0,ETH_TXN,PC9,#,reference,candidates(datasheet-pin-table-default:en)
CH32V303,afio-eth-remap,0,ETH_TXP,PC8,#,reference,candidates(datasheet-pin-table-default:en)
CH32V303,afio-eth-remap,1,ETH_MII_RXD0,PD9,#,reference,candidates(datasheet-pin-table+rm-remap-grid:en)
CH32V303,afio-eth-remap,1,ETH_MII_RXD1,PD10,#,reference,candidates(datasheet-pin-table+rm-remap-grid:en)
CH32V303,afio-eth-remap,1,ETH_MII_RXD2,PD11,#,reference,candidates(datasheet-pin-table+rm-remap-grid:en)
CH32V303,afio-eth-remap,1,ETH_MII_RX_DV,PD8,#,reference,candidates(datasheet-pin-table+rm-remap-grid:en)
CH32V303,afio-eth-remap,1,ETH_RMII_CRS_DV,PD8,#,reference,candidates(datasheet-pin-table+rm-remap-grid:en)
CH32V303,afio-eth-remap,1,ETH_RMII_RXD0,PD9,#,reference,candidates(datasheet-pin-table+rm-remap-grid:en)
CH32V303,afio-eth-remap,1,ETH_RMII_RXD1,PD10,#,reference,candidates(datasheet-pin-table+rm-remap-grid:en)
CH32V303,afio-fsmc-nadv-remap,0,FSMC_A16,PD11,#,reference,candidates(datasheet-pin-table-default:en)
CH32V303,afio-fsmc-nadv-remap,0,FSMC_A17,PD12,#,reference,candidates(datasheet-pin-table-default:en)
CH32V303,afio-fsmc-nadv-remap,0,FSMC_A18,PD13,#,reference,candidates(datasheet-pin-table-default:en)
CH32V303,afio-fsmc-nadv-remap,0,FSMC_A19,PE3,#,reference,candidates(datasheet-pin-table-default:en)
CH32V303,afio-fsmc-nadv-remap,0,FSMC_A20,PE4,#,reference,candidates(datasheet-pin-table-default:en)
CH32V303,afio-fsmc-nadv-remap,0,FSMC_A21,PE5,#,reference,candidates(datasheet-pin-table-default:en)
CH32V303,afio-fsmc-nadv-remap,0,FSMC_A22,PE6,#,reference,candidates(datasheet-pin-table-default:en)
CH32V303,afio-fsmc-nadv-remap,0,FSMC_A23,PE2,#,reference,candidates(datasheet-pin-table-default:en)
CH32V303,afio-fsmc-nadv-remap,0,FSMC_CLK,PD3,#,reference,candidates(datasheet-pin-table-default:en)
CH32V303,afio-fsmc-nadv-remap,0,FSMC_D0,PD14,#,reference,candidates(datasheet-pin-table-default:en)
CH32V303,afio-fsmc-nadv-remap,0,FSMC_D1,PD15,#,reference,candidates(datasheet-pin-table-default:en)
CH32V303,afio-fsmc-nadv-remap,0,FSMC_D10,PE13,#,reference,candidates(datasheet-pin-table-default:en)
CH32V303,afio-fsmc-nadv-remap,0,FSMC_D11,PE14,#,reference,candidates(datasheet-pin-table-default:en)
CH32V303,afio-fsmc-nadv-remap,0,FSMC_D12,PE15,#,reference,candidates(datasheet-pin-table-default:en)
CH32V303,afio-fsmc-nadv-remap,0,FSMC_D13,PD8,#,reference,candidates(datasheet-pin-table-default:en)
CH32V303,afio-fsmc-nadv-remap,0,FSMC_D14,PD9,#,reference,candidates(datasheet-pin-table-default:en)
CH32V303,afio-fsmc-nadv-remap,0,FSMC_D15,PD10,#,reference,candidates(datasheet-pin-table-default:en)
CH32V303,afio-fsmc-nadv-remap,0,FSMC_D2,PD0,#,reference,candidates(datasheet-pin-table-default:en)
CH32V303,afio-fsmc-nadv-remap,0,FSMC_D3,PD1,#,reference,candidates(datasheet-pin-table-default:en)
CH32V303,afio-fsmc-nadv-remap,0,FSMC_D4,PE7,#,reference,candidates(datasheet-pin-table-default:en)
CH32V303,afio-fsmc-nadv-remap,0,FSMC_D5,PE8,#,reference,candidates(datasheet-pin-table-default:en)
CH32V303,afio-fsmc-nadv-remap,0,FSMC_D6,PE9,#,reference,candidates(datasheet-pin-table-default:en)
CH32V303,afio-fsmc-nadv-remap,0,FSMC_D7,PE10,#,reference,candidates(datasheet-pin-table-default:en)
CH32V303,afio-fsmc-nadv-remap,0,FSMC_D8,PE11,#,reference,candidates(datasheet-pin-table-default:en)
CH32V303,afio-fsmc-nadv-remap,0,FSMC_D9,PE12,#,reference,candidates(datasheet-pin-table-default:en)
CH32V303,afio-fsmc-nadv-remap,0,FSMC_NADV,PB7,#,reference,candidates(datasheet-pin-table-default:en)
CH32V303,afio-fsmc-nadv-remap,0,FSMC_NADV,PD2,#,reference,candidates(datasheet-pin-table-default:en)
CH32V303,afio-fsmc-nadv-remap,0,FSMC_NBL0,PE0,#,reference,candidates(datasheet-pin-table-default:en)
CH32V303,afio-fsmc-nadv-remap,0,FSMC_NBL1,PE1,#,reference,candidates(datasheet-pin-table-default:en)
CH32V303,afio-fsmc-nadv-remap,0,FSMC_NCE2,PD7,#,reference,candidates(datasheet-pin-table-default:en)
CH32V303,afio-fsmc-nadv-remap,0,FSMC_NE1,PD7,#,reference,candidates(datasheet-pin-table-default:en)
CH32V303,afio-fsmc-nadv-remap,0,FSMC_NOE,PD4,#,reference,candidates(datasheet-pin-table-default:en)
CH32V303,afio-fsmc-nadv-remap,0,FSMC_NWAIT,PD6,#,reference,candidates(datasheet-pin-table-default:en)
CH32V303,afio-fsmc-nadv-remap,0,FSMC_NWE,PD5,#,reference,candidates(datasheet-pin-table-default:en)
CH32V303,afio-i2c1-remap,0,I2C1_SCL,PB6,#,reference,candidates(datasheet-pin-table-default:en)
CH32V303,afio-i2c1-remap,0,I2C1_SDA,PB7,#,reference,candidates(datasheet-pin-table-default:en)
CH32V303,afio-i2c1-remap,0,I2C1_SMBA,PB5,#,reference,candidates(datasheet-pin-table-default:en)
CH32V303,afio-i2c1-remap,1,I2C1_SCL,PB8,#,reference,candidates(datasheet-pin-table+rm-remap-grid:en)
CH32V303,afio-i2c1-remap,1,I2C1_SDA,PB9,#,reference,candidates(datasheet-pin-table+rm-remap-grid:en)
CH32V303,afio-spi1-remap,0,SPI1_MISO,PA6,#,reference,candidates(datasheet-pin-table-default:en)
CH32V303,afio-spi1-remap,0,SPI1_MOSI,PA7,#,reference,candidates(datasheet-pin-table-default:en)
CH32V303,afio-spi1-remap,0,SPI1_NSS,PA4,#,reference,candidates(datasheet-pin-table-default:en)
CH32V303,afio-spi1-remap,0,SPI1_SCK,PA5,#,reference,candidates(datasheet-pin-table-default:en)
CH32V303,afio-spi1-remap,1,SPI1_MISO,PB4,#,reference,candidates(datasheet-pin-table+rm-remap-grid:en)
CH32V303,afio-spi1-remap,1,SPI1_MOSI,PB5,#,reference,candidates(datasheet-pin-table+rm-remap-grid:en)
CH32V303,afio-spi1-remap,1,SPI1_NSS,PA15,#,reference,candidates(datasheet-pin-table+rm-remap-grid:en)
CH32V303,afio-spi1-remap,1,SPI1_SCK,PB3,#,reference,candidates(datasheet-pin-table+rm-remap-grid:en)
CH32V303,afio-spi3-remap,0,SPI3_MISO,PB4,#,reference,candidates(datasheet-pin-table-default:en)
CH32V303,afio-spi3-remap,0,SPI3_MOSI,PA15,#,reference,candidates(datasheet-pin-table-default:en)
CH32V303,afio-spi3-remap,0,SPI3_MOSI,PB5,#,reference,candidates(datasheet-pin-table-default:en)
CH32V303,afio-spi3-remap,0,SPI3_NSS,PA15,#,reference,candidates(datasheet-pin-table-default:en)
CH32V303,afio-spi3-remap,0,SPI3_SCK,PB3,#,reference,candidates(datasheet-pin-table-default:en)
CH32V303,afio-spi3-remap,1,SPI3_MISO,PC11,#,reference,candidates(datasheet-pin-table+rm-remap-grid:en)
CH32V303,afio-spi3-remap,1,SPI3_MOSI,PC12,#,reference,candidates(datasheet-pin-table+rm-remap-grid:en)
CH32V303,afio-spi3-remap,1,SPI3_NSS,PA4,#,reference,candidates(datasheet-pin-table+rm-remap-grid:en)
CH32V303,afio-spi3-remap,1,SPI3_SCK,PC10,#,reference,candidates(datasheet-pin-table+rm-remap-grid:en)
CH32V303,afio-tim1-remap,0,TIM1_BKIN,PB12,#,reference,candidates(datasheet-pin-table-default:en)
CH32V303,afio-tim1-remap,0,TIM1_CH1,PA8,#,reference,candidates(datasheet-pin-table-default:en)
CH32V303,afio-tim1-remap,0,TIM1_CH1N,PB13,#,reference,candidates(datasheet-pin-table-default:en)
CH32V303,afio-tim1-remap,0,TIM1_CH2,PA9,#,reference,candidates(datasheet-pin-table-default:en)
CH32V303,afio-tim1-remap,0,TIM1_CH2N,PB14,#,reference,candidates(datasheet-pin-table-default:en)
CH32V303,afio-tim1-remap,0,TIM1_CH3,PA10,#,reference,candidates(datasheet-pin-table-default:en)
CH32V303,afio-tim1-remap,0,TIM1_CH3N,PB15,#,reference,candidates(datasheet-pin-table-default:en)
CH32V303,afio-tim1-remap,0,TIM1_CH4,PA11,#,reference,candidates(datasheet-pin-table-default:en)
CH32V303,afio-tim1-remap,0,TIM1_ETR,PA12,#,reference,candidates(datasheet-pin-table-default:en)
CH32V303,afio-tim1-remap,1,TIM1_BKIN,PA6,#,reference,candidates(datasheet-pin-table+rm-remap-grid:en)
CH32V303,afio-tim1-remap,1,TIM1_CH1,PA8,#,reference,candidates(datasheet-pin-table+rm-remap-grid:en)
CH32V303,afio-tim1-remap,1,TIM1_CH1N,PA7,#,reference,candidates(datasheet-pin-table+rm-remap-grid:en)
CH32V303,afio-tim1-remap,1,TIM1_CH2,PA9,#,reference,candidates(datasheet-pin-table+rm-remap-grid:en)
CH32V303,afio-tim1-remap,1,TIM1_CH2N,PB0,#,reference,candidates(datasheet-pin-table+rm-remap-grid:en)
CH32V303,afio-tim1-remap,1,TIM1_CH3,PA10,#,reference,candidates(datasheet-pin-table+rm-remap-grid:en)
CH32V303,afio-tim1-remap,1,TIM1_CH3N,PB1,#,reference,candidates(datasheet-pin-table+rm-remap-grid:en)
CH32V303,afio-tim1-remap,1,TIM1_CH4,PA11,#,reference,candidates(datasheet-pin-table+rm-remap-grid:en)
CH32V303,afio-tim1-remap,1,TIM1_ETR,PA12,#,reference,candidates(datasheet-pin-table+rm-remap-grid:en)
CH32V303,afio-tim1-remap,3,TIM1_BKIN,PE15,#,reference,candidates(datasheet-pin-table+rm-remap-grid:en)
CH32V303,afio-tim1-remap,3,TIM1_CH1,PE9,#,reference,candidates(datasheet-pin-table+rm-remap-grid:en)
CH32V303,afio-tim1-remap,3,TIM1_CH1N,PE8,#,reference,candidates(datasheet-pin-table+rm-remap-grid:en)
CH32V303,afio-tim1-remap,3,TIM1_CH2,PE11,#,reference,candidates(datasheet-pin-table+rm-remap-grid:en)
CH32V303,afio-tim1-remap,3,TIM1_CH2N,PE10,#,reference,candidates(datasheet-pin-table+rm-remap-grid:en)
CH32V303,afio-tim1-remap,3,TIM1_CH3,PE13,#,reference,candidates(datasheet-pin-table+rm-remap-grid:en)
CH32V303,afio-tim1-remap,3,TIM1_CH3N,PE12,#,reference,candidates(datasheet-pin-table+rm-remap-grid:en)
CH32V303,afio-tim1-remap,3,TIM1_CH4,PE14,#,reference,candidates(datasheet-pin-table+rm-remap-grid:en)
CH32V303,afio-tim1-remap,3,TIM1_ETR,PE7,#,reference,candidates(datasheet-pin-table+rm-remap-grid:en)
CH32V303,afio-tim10-remap,0,TIM10_BKIN,PC12,#,reference,candidates(datasheet-pin-table-default:en)
CH32V303,afio-tim10-remap,0,TIM10_CH1,PB8,#,reference,candidates(datasheet-pin-table-default:en)
CH32V303,afio-tim10-remap,0,TIM10_CH1N,PA12,#,reference,candidates(datasheet-pin-table-default:en)
CH32V303,afio-tim10-remap,0,TIM10_CH2,PB9,#,reference,candidates(datasheet-pin-table-default:en)
CH32V303,afio-tim10-remap,0,TIM10_CH2N,PA13,#,reference,candidates(datasheet-pin-table-default:en)
CH32V303,afio-tim10-remap,0,TIM10_CH3,PC3,#,reference,candidates(datasheet-pin-table-default:en)
CH32V303,afio-tim10-remap,0,TIM10_CH3N,PA14,#,reference,candidates(datasheet-pin-table-default:en)
CH32V303,afio-tim10-remap,0,TIM10_CH4,PC11,#,reference,candidates(datasheet-pin-table-default:en)
CH32V303,afio-tim10-remap,0,TIM10_ETR,PC10,#,reference,candidates(datasheet-pin-table-default:en)
CH32V303,afio-tim10-remap,1,TIM10_BKIN,PB10,#,reference,candidates(datasheet-pin-table+rm-remap-grid:en)
CH32V303,afio-tim10-remap,1,TIM10_CH1,PB3,#,reference,candidates(datasheet-pin-table+rm-remap-grid:en)
CH32V303,afio-tim10-remap,1,TIM10_CH1N,PA5,#,reference,candidates(datasheet-pin-table+rm-remap-grid:en)
CH32V303,afio-tim10-remap,1,TIM10_CH2,PB4,#,reference,candidates(datasheet-pin-table+rm-remap-grid:en)
CH32V303,afio-tim10-remap,1,TIM10_CH2N,PA6,#,reference,candidates(datasheet-pin-table+rm-remap-grid:en)
CH32V303,afio-tim10-remap,1,TIM10_CH3,PB5,#,reference,candidates(datasheet-pin-table+rm-remap-grid:en)
CH32V303,afio-tim10-remap,1,TIM10_CH3N,PA7,#,reference,candidates(datasheet-pin-table+rm-remap-grid:en)
CH32V303,afio-tim10-remap,1,TIM10_CH4,PC15-OSC32_OUT,#,reference,candidates(datasheet-pin-table+rm-remap-grid:en)
CH32V303,afio-tim10-remap,1,TIM10_ETR,PB11,#,reference,candidates(datasheet-pin-table+rm-remap-grid:en)
CH32V303,afio-tim10-remap,2,TIM10_BKIN,PE2,#,reference,candidates(datasheet-pin-table+rm-remap-grid:en)
CH32V303,afio-tim10-remap,2,TIM10_CH1,PD1,#,reference,candidates(datasheet-pin-table+rm-remap-grid:en)
CH32V303,afio-tim10-remap,2,TIM10_CH1N,PE3,#,reference,candidates(datasheet-pin-table+rm-remap-grid:en)
CH32V303,afio-tim10-remap,2,TIM10_CH2,PD3,#,reference,candidates(datasheet-pin-table+rm-remap-grid:en)
CH32V303,afio-tim10-remap,2,TIM10_CH2N,PE4,#,reference,candidates(datasheet-pin-table+rm-remap-grid:en)
CH32V303,afio-tim10-remap,2,TIM10_CH3,PD5,#,reference,candidates(datasheet-pin-table+rm-remap-grid:en)
CH32V303,afio-tim10-remap,2,TIM10_CH3N,PE5,#,reference,candidates(datasheet-pin-table+rm-remap-grid:en)
CH32V303,afio-tim10-remap,2,TIM10_CH4,PD7,#,reference,candidates(datasheet-pin-table+rm-remap-grid:en)
CH32V303,afio-tim10-remap,2,TIM10_ETR,PD0,#,reference,candidates(datasheet-pin-table+rm-remap-grid:en)
CH32V303,afio-tim10-remap,3,TIM10_BKIN,PE2,#,reference,candidates(datasheet-pin-table+rm-remap-grid:en)
CH32V303,afio-tim10-remap,3,TIM10_CH1,PD1,#,reference,candidates(datasheet-pin-table+rm-remap-grid:en)
CH32V303,afio-tim10-remap,3,TIM10_CH1N,PE3,#,reference,candidates(datasheet-pin-table+rm-remap-grid:en)
CH32V303,afio-tim10-remap,3,TIM10_CH2,PD3,#,reference,candidates(datasheet-pin-table+rm-remap-grid:en)
CH32V303,afio-tim10-remap,3,TIM10_CH2N,PE4,#,reference,candidates(datasheet-pin-table+rm-remap-grid:en)
CH32V303,afio-tim10-remap,3,TIM10_CH3,PD5,#,reference,candidates(datasheet-pin-table+rm-remap-grid:en)
CH32V303,afio-tim10-remap,3,TIM10_CH3N,PE5,#,reference,candidates(datasheet-pin-table+rm-remap-grid:en)
CH32V303,afio-tim10-remap,3,TIM10_CH4,PD7,#,reference,candidates(datasheet-pin-table+rm-remap-grid:en)
CH32V303,afio-tim10-remap,3,TIM10_ETR,PD0,#,reference,candidates(datasheet-pin-table+rm-remap-grid:en)
CH32V303,afio-tim2-remap,0,TIM2_CH1,PA0-WKUP,#,reference,candidates(datasheet-pin-table-default:en)
CH32V303,afio-tim2-remap,0,TIM2_CH2,PA1,#,reference,candidates(datasheet-pin-table-default:en)
CH32V303,afio-tim2-remap,0,TIM2_CH3,PA2,#,reference,candidates(datasheet-pin-table-default:en)
CH32V303,afio-tim2-remap,0,TIM2_CH4,PA3,#,reference,candidates(datasheet-pin-table-default:en)
CH32V303,afio-tim2-remap,0,TIM2_ETR,PA0-WKUP,#,reference,candidates(datasheet-pin-table-default:en)
CH32V303,afio-tim2-remap,1,TIM2_CH1,PA15,#,reference,candidates(datasheet-pin-table+rm-remap-grid:en)
CH32V303,afio-tim2-remap,1,TIM2_CH2,PB3,#,reference,candidates(datasheet-pin-table+rm-remap-grid:en)
CH32V303,afio-tim2-remap,1,TIM2_CH3,PA2,#,reference,candidates(datasheet-pin-table+rm-remap-grid:en)
CH32V303,afio-tim2-remap,1,TIM2_CH4,PA3,#,reference,candidates(datasheet-pin-table+rm-remap-grid:en)
CH32V303,afio-tim2-remap,1,TIM2_ETR,PA15,#,reference,candidates(datasheet-pin-table+rm-remap-grid:en)
CH32V303,afio-tim2-remap,2,TIM2_CH1,PA0-WKUP,#,reference,candidates(datasheet-pin-table+rm-remap-grid:en)
CH32V303,afio-tim2-remap,2,TIM2_CH2,PA1,#,reference,candidates(datasheet-pin-table+rm-remap-grid:en)
CH32V303,afio-tim2-remap,2,TIM2_CH3,PB10,#,reference,candidates(datasheet-pin-table+rm-remap-grid:en)
CH32V303,afio-tim2-remap,2,TIM2_CH4,PB11,#,reference,candidates(datasheet-pin-table+rm-remap-grid:en)
CH32V303,afio-tim2-remap,2,TIM2_ETR,PA0-WKUP,#,reference,candidates(datasheet-pin-table+rm-remap-grid:en)
CH32V303,afio-tim2-remap,3,TIM2_CH1,PA15,#,reference,candidates(datasheet-pin-table+rm-remap-grid:en)
CH32V303,afio-tim2-remap,3,TIM2_CH2,PB3,#,reference,candidates(datasheet-pin-table+rm-remap-grid:en)
CH32V303,afio-tim2-remap,3,TIM2_CH3,PB10,#,reference,candidates(datasheet-pin-table+rm-remap-grid:en)
CH32V303,afio-tim2-remap,3,TIM2_CH4,PB11,#,reference,candidates(datasheet-pin-table+rm-remap-grid:en)
CH32V303,afio-tim2-remap,3,TIM2_ETR,PA15,#,reference,candidates(datasheet-pin-table+rm-remap-grid:en)
CH32V303,afio-tim3-remap,0,TIM3_CH1,PA6,#,reference,candidates(datasheet-pin-table-default:en)
CH32V303,afio-tim3-remap,0,TIM3_CH2,PA7,#,reference,candidates(datasheet-pin-table-default:en)
CH32V303,afio-tim3-remap,0,TIM3_CH3,PB0,#,reference,candidates(datasheet-pin-table-default:en)
CH32V303,afio-tim3-remap,0,TIM3_CH4,PB1,#,reference,candidates(datasheet-pin-table-default:en)
CH32V303,afio-tim3-remap,0,TIM3_ETR,PD2,#,reference,candidates(datasheet-pin-table-default:en)
CH32V303,afio-tim3-remap,2,TIM3_CH1,PB4,#,reference,candidates(datasheet-pin-table+rm-remap-grid:en)
CH32V303,afio-tim3-remap,2,TIM3_CH2,PB5,#,reference,candidates(datasheet-pin-table+rm-remap-grid:en)
CH32V303,afio-tim3-remap,2,TIM3_CH3,PB0,#,reference,candidates(datasheet-pin-table+rm-remap-grid:en)
CH32V303,afio-tim3-remap,2,TIM3_CH4,PB1,#,reference,candidates(datasheet-pin-table+rm-remap-grid:en)
CH32V303,afio-tim3-remap,2,TIM3_ETR,PD2,#,reference,candidates(datasheet-pin-table+rm-remap-grid:en)
CH32V303,afio-tim3-remap,3,TIM3_CH1,PC6,#,reference,candidates(datasheet-pin-table+rm-remap-grid:en)
CH32V303,afio-tim3-remap,3,TIM3_CH2,PC7,#,reference,candidates(datasheet-pin-table+rm-remap-grid:en)
CH32V303,afio-tim3-remap,3,TIM3_CH3,PC8,#,reference,candidates(datasheet-pin-table+rm-remap-grid:en)
CH32V303,afio-tim3-remap,3,TIM3_CH4,PC9,#,reference,candidates(datasheet-pin-table+rm-remap-grid:en)
CH32V303,afio-tim3-remap,3,TIM3_ETR,PD2,#,reference,candidates(datasheet-pin-table+rm-remap-grid:en)
CH32V303,afio-tim4-remap,0,TIM4_CH1,PB6,#,reference,candidates(datasheet-pin-table-default:en)
CH32V303,afio-tim4-remap,0,TIM4_CH2,PB7,#,reference,candidates(datasheet-pin-table-default:en)
CH32V303,afio-tim4-remap,0,TIM4_CH3,PB8,#,reference,candidates(datasheet-pin-table-default:en)
CH32V303,afio-tim4-remap,0,TIM4_CH4,PB9,#,reference,candidates(datasheet-pin-table-default:en)
CH32V303,afio-tim4-remap,0,TIM4_ETR,PE0,#,reference,candidates(datasheet-pin-table-default:en)
CH32V303,afio-tim4-remap,1,TIM4_CH1,PD12,#,reference,candidates(datasheet-pin-table+rm-remap-grid:en)
CH32V303,afio-tim4-remap,1,TIM4_CH2,PD13,#,reference,candidates(datasheet-pin-table+rm-remap-grid:en)
CH32V303,afio-tim4-remap,1,TIM4_CH3,PD14,#,reference,candidates(datasheet-pin-table+rm-remap-grid:en)
CH32V303,afio-tim4-remap,1,TIM4_CH4,PD15,#,reference,candidates(datasheet-pin-table+rm-remap-grid:en)
CH32V303,afio-tim4-remap,1,TIM4_ETR,PE0,#,reference,candidates(datasheet-pin-table+rm-remap-grid:en)
CH32V303,afio-tim5ch4-rm,0,TIM5_CH4,PA3,#,reference,candidates(datasheet-pin-table-default:en)
CH32V303,afio-tim8-remap,0,TIM8_BKIN,PA6,#,reference,candidates(datasheet-pin-table-default:en)
CH32V303,afio-tim8-remap,0,TIM8_CH1,PC6,#,reference,candidates(datasheet-pin-table-default:en)
CH32V303,afio-tim8-remap,0,TIM8_CH1N,PA7,#,reference,candidates(datasheet-pin-table-default:en)
CH32V303,afio-tim8-remap,0,TIM8_CH2,PC7,#,reference,candidates(datasheet-pin-table-default:en)
CH32V303,afio-tim8-remap,0,TIM8_CH2N,PB0,#,reference,candidates(datasheet-pin-table-default:en)
CH32V303,afio-tim8-remap,0,TIM8_CH3,PC8,#,reference,candidates(datasheet-pin-table-default:en)
CH32V303,afio-tim8-remap,0,TIM8_CH3N,PB1,#,reference,candidates(datasheet-pin-table-default:en)
CH32V303,afio-tim8-remap,0,TIM8_CH4,PC9,#,reference,candidates(datasheet-pin-table-default:en)
CH32V303,afio-tim8-remap,0,TIM8_ETR,PA0-WKUP,#,reference,candidates(datasheet-pin-table-default:en)
CH32V303,afio-tim8-remap,1,TIM8_BKIN,PB9,#,reference,candidates(datasheet-pin-table+rm-remap-grid:en)
CH32V303,afio-tim8-remap,1,TIM8_CH1,PB6,#,reference,candidates(datasheet-pin-table+rm-remap-grid:en)
CH32V303,afio-tim8-remap,1,TIM8_CH1N,PA13,#,reference,candidates(datasheet-pin-table+rm-remap-grid:en)
CH32V303,afio-tim8-remap,1,TIM8_CH2,PB7,#,reference,candidates(datasheet-pin-table+rm-remap-grid:en)
CH32V303,afio-tim8-remap,1,TIM8_CH2N,PA14,#,reference,candidates(datasheet-pin-table+rm-remap-grid:en)
CH32V303,afio-tim8-remap,1,TIM8_CH3,PB8,#,reference,candidates(datasheet-pin-table+rm-remap-grid:en)
CH32V303,afio-tim8-remap,1,TIM8_CH3N,PA15,#,reference,candidates(datasheet-pin-table+rm-remap-grid:en)
CH32V303,afio-tim8-remap,1,TIM8_CH4,PC13-TAMPER-RTC,#,reference,candidates(datasheet-pin-table+rm-remap-grid:en)
CH32V303,afio-tim8-remap,1,TIM8_ETR,PA0-WKUP,#,reference,candidates(datasheet-pin-table+rm-remap-grid:en)
CH32V303,afio-tim9-remap,0,TIM9_BKIN,PC5,#,reference,candidates(datasheet-pin-table-default:en)
CH32V303,afio-tim9-remap,0,TIM9_CH1,PA2,#,reference,candidates(datasheet-pin-table-default:en)
CH32V303,afio-tim9-remap,0,TIM9_CH1N,PC0,#,reference,candidates(datasheet-pin-table-default:en)
CH32V303,afio-tim9-remap,0,TIM9_CH2,PA3,#,reference,candidates(datasheet-pin-table-default:en)
CH32V303,afio-tim9-remap,0,TIM9_CH2N,PC1,#,reference,candidates(datasheet-pin-table-default:en)
CH32V303,afio-tim9-remap,0,TIM9_CH3,PA4,#,reference,candidates(datasheet-pin-table-default:en)
CH32V303,afio-tim9-remap,0,TIM9_CH3N,PC2,#,reference,candidates(datasheet-pin-table-default:en)
CH32V303,afio-tim9-remap,0,TIM9_CH4,PC4,#,reference,candidates(datasheet-pin-table-default:en)
CH32V303,afio-tim9-remap,0,TIM9_ETR,PA2,#,reference,candidates(datasheet-pin-table-default:en)
CH32V303,afio-tim9-remap,1,TIM9_BKIN,PA1,#,reference,candidates(datasheet-pin-table+rm-remap-grid:en)
CH32V303,afio-tim9-remap,1,TIM9_CH1,PA2,#,reference,candidates(datasheet-pin-table+rm-remap-grid:en)
CH32V303,afio-tim9-remap,1,TIM9_CH1N,PB0,#,reference,candidates(datasheet-pin-table+rm-remap-grid:en)
CH32V303,afio-tim9-remap,1,TIM9_CH2,PA3,#,reference,candidates(datasheet-pin-table+rm-remap-grid:en)
CH32V303,afio-tim9-remap,1,TIM9_CH2N,PB1,#,reference,candidates(datasheet-pin-table+rm-remap-grid:en)
CH32V303,afio-tim9-remap,1,TIM9_CH3,PA4,#,reference,candidates(datasheet-pin-table+rm-remap-grid:en)
CH32V303,afio-tim9-remap,1,TIM9_CH3N,PB2,#,reference,candidates(datasheet-pin-table+rm-remap-grid:en)
CH32V303,afio-tim9-remap,1,TIM9_CH4,PC14-OSC32_IN,#,reference,candidates(datasheet-pin-table+rm-remap-grid:en)
CH32V303,afio-tim9-remap,1,TIM9_ETR,PA2,#,reference,candidates(datasheet-pin-table+rm-remap-grid:en)
CH32V303,afio-tim9-remap,2,TIM9_BKIN,PD14,#,reference,candidates(datasheet-pin-table+rm-remap-grid:en)
CH32V303,afio-tim9-remap,2,TIM9_CH1,PD9,#,reference,candidates(datasheet-pin-table+rm-remap-grid:en)
CH32V303,afio-tim9-remap,2,TIM9_CH1N,PD8,#,reference,candidates(datasheet-pin-table+rm-remap-grid:en)
CH32V303,afio-tim9-remap,2,TIM9_CH2,PD11,#,reference,candidates(datasheet-pin-table+rm-remap-grid:en)
CH32V303,afio-tim9-remap,2,TIM9_CH2N,PD10,#,reference,candidates(datasheet-pin-table+rm-remap-grid:en)
CH32V303,afio-tim9-remap,2,TIM9_CH3,PD13,#,reference,candidates(datasheet-pin-table+rm-remap-grid:en)
CH32V303,afio-tim9-remap,2,TIM9_CH3N,PD12,#,reference,candidates(datasheet-pin-table+rm-remap-grid:en)
CH32V303,afio-tim9-remap,2,TIM9_CH4,PD15,#,reference,candidates(datasheet-pin-table+rm-remap-grid:en)
CH32V303,afio-tim9-remap,2,TIM9_ETR,PD9,#,reference,candidates(datasheet-pin-table+rm-remap-grid:en)
CH32V303,afio-tim9-remap,3,TIM9_BKIN,PD14,#,reference,candidates(datasheet-pin-table+rm-remap-grid:en)
CH32V303,afio-tim9-remap,3,TIM9_CH1,PD9,#,reference,candidates(datasheet-pin-table+rm-remap-grid:en)
CH32V303,afio-tim9-remap,3,TIM9_CH1N,PD8,#,reference,candidates(datasheet-pin-table+rm-remap-grid:en)
CH32V303,afio-tim9-remap,3,TIM9_CH2,PD11,#,reference,candidates(datasheet-pin-table+rm-remap-grid:en)
CH32V303,afio-tim9-remap,3,TIM9_CH2N,PD10,#,reference,candidates(datasheet-pin-table+rm-remap-grid:en)
CH32V303,afio-tim9-remap,3,TIM9_CH3,PD13,#,reference,candidates(datasheet-pin-table+rm-remap-grid:en)
CH32V303,afio-tim9-remap,3,TIM9_CH3N,PD12,#,reference,candidates(datasheet-pin-table+rm-remap-grid:en)
CH32V303,afio-tim9-remap,3,TIM9_CH4,PD15,#,reference,candidates(datasheet-pin-table+rm-remap-grid:en)
CH32V303,afio-tim9-remap,3,TIM9_ETR,PD9,#,reference,candidates(datasheet-pin-table+rm-remap-grid:en)
CH32V303,afio-usart1-remap,0,USART1_CK,PA8,#,reference,candidates(datasheet-pin-table-default:en)
CH32V303,afio-usart1-remap,0,USART1_CTS,PA11,#,reference,candidates(datasheet-pin-table-default:en)
CH32V303,afio-usart1-remap,0,USART1_RTS,PA12,#,reference,candidates(datasheet-pin-table-default:en)
CH32V303,afio-usart1-remap,0,USART1_RX,PA10,#,reference,candidates(datasheet-pin-table-default:en)
CH32V303,afio-usart1-remap,0,USART1_TX,PA9,#,reference,candidates(datasheet-pin-table-default:en)
CH32V303,afio-usart1-remap,1,USART1_CK,PA8,#,reference,candidates(datasheet-pin-table+rm-remap-grid:en)
CH32V303,afio-usart1-remap,1,USART1_CTS,PA11,#,reference,candidates(datasheet-pin-table+rm-remap-grid:en)
CH32V303,afio-usart1-remap,1,USART1_RTS,PA12,#,reference,candidates(datasheet-pin-table+rm-remap-grid:en)
CH32V303,afio-usart1-remap,1,USART1_RX,PB7,#,reference,candidates(datasheet-pin-table+rm-remap-grid:en)
CH32V303,afio-usart1-remap,1,USART1_TX,PB6,#,reference,candidates(datasheet-pin-table+rm-remap-grid:en)
CH32V303,afio-usart1-remap,2,USART1_CK,PA10,#,reference,candidates(datasheet-pin-table+rm-remap-grid:en)
CH32V303,afio-usart1-remap,2,USART1_CTS,PA5,#,reference,candidates(datasheet-pin-table+rm-remap-grid:en)
CH32V303,afio-usart1-remap,2,USART1_RTS,PA9,#,reference,candidates(datasheet-pin-table+rm-remap-grid:en)
CH32V303,afio-usart1-remap,2,USART1_RX,PA8,#,reference,candidates(datasheet-pin-table+rm-remap-grid:en)
CH32V303,afio-usart1-remap,2,USART1_TX,PB15,#,reference,candidates(datasheet-pin-table+rm-remap-grid:en)
CH32V303,afio-usart1-remap,3,USART1_CK,PA5,#,reference,candidates(datasheet-pin-table+rm-remap-grid:en)
CH32V303,afio-usart1-remap,3,USART1_CTS,PC4,#,reference,candidates(datasheet-pin-table+rm-remap-grid:en)
CH32V303,afio-usart1-remap,3,USART1_RTS,PC5,#,reference,candidates(datasheet-pin-table+rm-remap-grid:en)
CH32V303,afio-usart1-remap,3,USART1_RX,PA7,#,reference,candidates(datasheet-pin-table+rm-remap-grid:en)
CH32V303,afio-usart1-remap,3,USART1_TX,PA6,#,reference,candidates(datasheet-pin-table+rm-remap-grid:en)
CH32V303,afio-usart2-remap,0,USART2_CK,PA4,#,reference,candidates(datasheet-pin-table-default:en)
CH32V303,afio-usart2-remap,0,USART2_CTS,PA0-WKUP,#,reference,candidates(datasheet-pin-table-default:en)
CH32V303,afio-usart2-remap,0,USART2_RTS,PA1,#,reference,candidates(datasheet-pin-table-default:en)
CH32V303,afio-usart2-remap,0,USART2_RX,PA3,#,reference,candidates(datasheet-pin-table-default:en)
CH32V303,afio-usart2-remap,0,USART2_TX,PA2,#,reference,candidates(datasheet-pin-table-default:en)
CH32V303,afio-usart2-remap,1,USART2_CK,PD7,#,reference,candidates(datasheet-pin-table+rm-remap-grid:en)
CH32V303,afio-usart2-remap,1,USART2_CTS,PD3,#,reference,candidates(datasheet-pin-table+rm-remap-grid:en)
CH32V303,afio-usart2-remap,1,USART2_RTS,PD4,#,reference,candidates(datasheet-pin-table+rm-remap-grid:en)
CH32V303,afio-usart2-remap,1,USART2_RX,PD6,#,reference,candidates(datasheet-pin-table+rm-remap-grid:en)
CH32V303,afio-usart2-remap,1,USART2_TX,PD5,#,reference,candidates(datasheet-pin-table+rm-remap-grid:en)
CH32V303,afio-usart3-remap,0,USART3_CK,PB12,#,reference,candidates(datasheet-pin-table-default:en)
CH32V303,afio-usart3-remap,0,USART3_CTS,PB13,#,reference,candidates(datasheet-pin-table-default:en)
CH32V303,afio-usart3-remap,0,USART3_RTS,PB14,#,reference,candidates(datasheet-pin-table-default:en)
CH32V303,afio-usart3-remap,0,USART3_RX,PB11,#,reference,candidates(datasheet-pin-table-default:en)
CH32V303,afio-usart3-remap,0,USART3_TX,PB10,#,reference,candidates(datasheet-pin-table-default:en)
CH32V303,afio-usart3-remap,1,USART3_CK,PC12,#,reference,candidates(datasheet-pin-table+rm-remap-grid:en)
CH32V303,afio-usart3-remap,1,USART3_CTS,PB13,#,reference,candidates(datasheet-pin-table+rm-remap-grid:en)
CH32V303,afio-usart3-remap,1,USART3_RTS,PB14,#,reference,candidates(datasheet-pin-table+rm-remap-grid:en)
CH32V303,afio-usart3-remap,1,USART3_RX,PC11,#,reference,candidates(datasheet-pin-table+rm-remap-grid:en)
CH32V303,afio-usart3-remap,1,USART3_TX,PC10,#,reference,candidates(datasheet-pin-table+rm-remap-grid:en)
CH32V303,afio-usart3-remap,2,USART3_CK,PD10,#,reference,candidates(datasheet-pin-table+rm-remap-grid:en)
CH32V303,afio-usart3-remap,2,USART3_CTS,PD11,#,reference,candidates(datasheet-pin-table+rm-remap-grid:en)
CH32V303,afio-usart3-remap,2,USART3_RTS,PD12,#,reference,candidates(datasheet-pin-table+rm-remap-grid:en)
CH32V303,afio-usart3-remap,2,USART3_RX,PA14,#,reference,candidates(datasheet-pin-table+rm-remap-grid:en)
CH32V303,afio-usart3-remap,2,USART3_TX,PA13,#,reference,candidates(datasheet-pin-table+rm-remap-grid:en)
CH32V303,afio-usart3-remap,3,USART3_CK,PD10,#,reference,candidates(datasheet-pin-table+rm-remap-grid:en)
CH32V303,afio-usart3-remap,3,USART3_CTS,PD11,#,reference,candidates(datasheet-pin-table+rm-remap-grid:en)
CH32V303,afio-usart3-remap,3,USART3_RTS,PD12,#,reference,candidates(datasheet-pin-table+rm-remap-grid:en)
CH32V303,afio-usart3-remap,3,USART3_RX,PD9,#,reference,candidates(datasheet-pin-table+rm-remap-grid:en)
CH32V303,afio-usart3-remap,3,USART3_TX,PD8,#,reference,candidates(datasheet-pin-table+rm-remap-grid:en)
CH32V303,afio-usart4-remap,0,UART4_RX,PC11,#,reference,candidates(datasheet-pin-table-default:en)
CH32V303,afio-usart4-remap,0,UART4_TX,PC10,#,reference,candidates(datasheet-pin-table-default:en)
CH32V303,afio-usart4-remap,1,UART4_RX,PB1,#,reference,candidates(datasheet-pin-table+rm-remap-grid:en)
CH32V303,afio-usart4-remap,1,UART4_TX,PB0,#,reference,candidates(datasheet-pin-table+rm-remap-grid:en)
CH32V303,afio-usart4-remap,2,UART4_RX,PE1,#,reference,candidates(datasheet-pin-table+rm-remap-grid:en)
CH32V303,afio-usart4-remap,2,UART4_TX,PE0,#,reference,candidates(datasheet-pin-table+rm-remap-grid:en)
CH32V303,afio-usart4-remap,3,UART4_RX,PE1,#,reference,candidates(datasheet-pin-table+rm-remap-grid:en)
CH32V303,afio-usart4-remap,3,UART4_TX,PE0,#,reference,candidates(datasheet-pin-table+rm-remap-grid:en)
CH32V303,afio-usart5-remap,0,UART5_RX,PD2,#,reference,candidates(datasheet-pin-table-default:en)
CH32V303,afio-usart5-remap,0,UART5_TX,PC12,#,reference,candidates(datasheet-pin-table-default:en)
CH32V303,afio-usart5-remap,1,UART5_RX,PB5,#,reference,candidates(datasheet-pin-table+rm-remap-grid:en)
CH32V303,afio-usart5-remap,1,UART5_TX,PB4,#,reference,candidates(datasheet-pin-table+rm-remap-grid:en)
CH32V303,afio-usart5-remap,2,UART5_RX,PE9,#,reference,candidates(datasheet-pin-table+rm-remap-grid:en)
CH32V303,afio-usart5-remap,2,UART5_TX,PE8,#,reference,candidates(datasheet-pin-table+rm-remap-grid:en)
CH32V303,afio-usart5-remap,3,UART5_RX,PE9,#,reference,candidates(datasheet-pin-table+rm-remap-grid:en)
CH32V303,afio-usart5-remap,3,UART5_TX,PE8,#,reference,candidates(datasheet-pin-table+rm-remap-grid:en)
CH32V303,afio-usart6-remap,0,UART6_RX,PC1,#,reference,candidates(datasheet-pin-table-default:en)
CH32V303,afio-usart6-remap,0,UART6_TX,PC0,#,reference,candidates(datasheet-pin-table-default:en)
CH32V303,afio-usart6-remap,1,UART6_RX,PB9,#,reference,candidates(datasheet-pin-table+rm-remap-grid:en)
CH32V303,afio-usart6-remap,1,UART6_TX,PB8,#,reference,candidates(datasheet-pin-table+rm-remap-grid:en)
CH32V303,afio-usart6-remap,2,UART6_RX,PE11,#,reference,candidates(datasheet-pin-table+rm-remap-grid:en)
CH32V303,afio-usart6-remap,2,UART6_TX,PE10,#,reference,candidates(datasheet-pin-table+rm-remap-grid:en)
CH32V303,afio-usart6-remap,3,UART6_RX,PE11,#,reference,candidates(datasheet-pin-table+rm-remap-grid:en)
CH32V303,afio-usart6-remap,3,UART6_TX,PE10,#,reference,candidates(datasheet-pin-table+rm-remap-grid:en)
CH32V303,afio-usart7-remap,0,UART7_RX,PC3,#,reference,candidates(datasheet-pin-table-default:en)
CH32V303,afio-usart7-remap,0,UART7_TX,PC2,#,reference,candidates(datasheet-pin-table-default:en)
CH32V303,afio-usart7-remap,1,UART7_RX,PA7,#,reference,candidates(datasheet-pin-table+rm-remap-grid:en)
CH32V303,afio-usart7-remap,1,UART7_TX,PA6,#,reference,candidates(datasheet-pin-table+rm-remap-grid:en)
CH32V303,afio-usart7-remap,2,UART7_RX,PE13,#,reference,candidates(datasheet-pin-table+rm-remap-grid:en)
CH32V303,afio-usart7-remap,2,UART7_TX,PE12,#,reference,candidates(datasheet-pin-table+rm-remap-grid:en)
CH32V303,afio-usart7-remap,3,UART7_RX,PE13,#,reference,candidates(datasheet-pin-table+rm-remap-grid:en)
CH32V303,afio-usart7-remap,3,UART7_TX,PE12,#,reference,candidates(datasheet-pin-table+rm-remap-grid:en)
CH32V303,afio-usart8-remap,0,UART8_RX,PC5,#,reference,candidates(datasheet-pin-table-default:en)
CH32V303,afio-usart8-remap,0,UART8_TX,PC4,#,reference,candidates(datasheet-pin-table-default:en)
CH32V303,afio-usart8-remap,1,UART8_RX,PA15,#,reference,candidates(datasheet-pin-table+rm-remap-grid:en)
CH32V303,afio-usart8-remap,1,UART8_TX,PA14,#,reference,candidates(datasheet-pin-table+rm-remap-grid:en)
CH32V303,afio-usart8-remap,2,UART8_RX,PE15,#,reference,candidates(datasheet-pin-table+rm-remap-grid:en)
CH32V303,afio-usart8-remap,2,UART8_TX,PE14,#,reference,candidates(datasheet-pin-table+rm-remap-grid:en)
CH32V303,afio-usart8-remap,3,UART8_RX,PE15,#,reference,candidates(datasheet-pin-table+rm-remap-grid:en)
CH32V303,afio-usart8-remap,3,UART8_TX,PE14,#,reference,candidates(datasheet-pin-table+rm-remap-grid:en)
CH32V305,afio-can-remap,0,CAN1_RX,PA11,#,reference,candidates(datasheet-pin-table-default:en)
CH32V305,afio-can-remap,0,CAN1_TX,PA12,#,reference,candidates(datasheet-pin-table-default:en)
CH32V305,afio-can-remap,2,CAN1_RX,PB8,#,reference,candidates(datasheet-pin-table+rm-remap-grid:en)
CH32V305,afio-can-remap,2,CAN1_TX,PB9,#,reference,candidates(datasheet-pin-table+rm-remap-grid:en)
CH32V305,afio-can2-remap,0,CAN2_RX,PB12,#,reference,candidates(datasheet-pin-table-default:en)
CH32V305,afio-can2-remap,0,CAN2_TX,PB13,#,reference,candidates(datasheet-pin-table-default:en)
CH32V305,afio-can2-remap,1,CAN2_RX,PB5,#,reference,candidates(datasheet-pin-table+rm-remap-grid:en)
CH32V305,afio-can2-remap,1,CAN2_TX,PB6,#,reference,candidates(datasheet-pin-table+rm-remap-grid:en)
CH32V305,afio-eth-remap,0,ETH_MII_COL,PA3,#,reference,candidates(datasheet-pin-table-default:en)
CH32V305,afio-eth-remap,0,ETH_MII_CRS,PA0-WKUP,#,reference,candidates(datasheet-pin-table-default:en)
CH32V305,afio-eth-remap,0,ETH_MII_MDC,PC1,#,reference,candidates(datasheet-pin-table-default:en)
CH32V305,afio-eth-remap,0,ETH_MII_MDIO,PA2,#,reference,candidates(datasheet-pin-table-default:en)
CH32V305,afio-eth-remap,0,ETH_MII_PPS_OUT,PB5,#,reference,candidates(datasheet-pin-table-default:en)
CH32V305,afio-eth-remap,0,ETH_MII_RXD0,PC4,#,reference,candidates(datasheet-pin-table-default:en)
CH32V305,afio-eth-remap,0,ETH_MII_RXD1,PC5,#,reference,candidates(datasheet-pin-table-default:en)
CH32V305,afio-eth-remap,0,ETH_MII_RXD2,PB0,#,reference,candidates(datasheet-pin-table-default:en)
CH32V305,afio-eth-remap,0,ETH_MII_RXD3,PB1,#,reference,candidates(datasheet-pin-table-default:en)
CH32V305,afio-eth-remap,0,ETH_MII_RX_CLK,PA1,#,reference,candidates(datasheet-pin-table-default:en)
CH32V305,afio-eth-remap,0,ETH_MII_RX_DV,PA7,#,reference,candidates(datasheet-pin-table-default:en)
CH32V305,afio-eth-remap,0,ETH_MII_RX_ER,PB10,#,reference,candidates(datasheet-pin-table-default:en)
CH32V305,afio-eth-remap,0,ETH_MII_TXD0,PB12,#,reference,candidates(datasheet-pin-table-default:en)
CH32V305,afio-eth-remap,0,ETH_MII_TXD1,PB13,#,reference,candidates(datasheet-pin-table-default:en)
CH32V305,afio-eth-remap,0,ETH_MII_TXD2,PC2,#,reference,candidates(datasheet-pin-table-default:en)
CH32V305,afio-eth-remap,0,ETH_MII_TXD3,PB8,#,reference,candidates(datasheet-pin-table-default:en)
CH32V305,afio-eth-remap,0,ETH_MII_TX_CLK,PC3,#,reference,candidates(datasheet-pin-table-default:en)
CH32V305,afio-eth-remap,0,ETH_MII_TX_EN,PB11,#,reference,candidates(datasheet-pin-table-default:en)
CH32V305,afio-eth-remap,0,ETH_RGMII_125IN,PB1,#,reference,candidates(datasheet-pin-table-default:en)
CH32V305,afio-eth-remap,0,ETH_RGMII_GTXC,PA2,#,reference,candidates(datasheet-pin-table-default:en)
CH32V305,afio-eth-remap,0,ETH_RGMII_MDC,PB12,#,reference,candidates(datasheet-pin-table-default:en)
CH32V305,afio-eth-remap,0,ETH_RGMII_MDIO,PB13,#,reference,candidates(datasheet-pin-table-default:en)
CH32V305,afio-eth-remap,0,ETH_RGMII_RXC,PC0,#,reference,candidates(datasheet-pin-table-default:en)
CH32V305,afio-eth-remap,0,ETH_RGMII_RXCTL,PC1,#,reference,candidates(datasheet-pin-table-default:en)
CH32V305,afio-eth-remap,0,ETH_RGMII_RXD0,PC2,#,reference,candidates(datasheet-pin-table-default:en)
CH32V305,afio-eth-remap,0,ETH_RGMII_RXD1,PC3,#,reference,candidates(datasheet-pin-table-default:en)
CH32V305,afio-eth-remap,0,ETH_RGMII_RXD2,PA0-WKUP,#,reference,candidates(datasheet-pin-table-default:en)
CH32V305,afio-eth-remap,0,ETH_RGMII_RXD3,PA1,#,reference,candidates(datasheet-pin-table-default:en)
CH32V305,afio-eth-remap,0,ETH_RGMII_TXD0,PA7,#,reference,candidates(datasheet-pin-table-default:en)
CH32V305,afio-eth-remap,0,ETH_RGMII_TXD1,PC4,#,reference,candidates(datasheet-pin-table-default:en)
CH32V305,afio-eth-remap,0,ETH_RGMII_TXD2,PC5,#,reference,candidates(datasheet-pin-table-default:en)
CH32V305,afio-eth-remap,0,ETH_RGMII_TXD3,PB0,#,reference,candidates(datasheet-pin-table-default:en)
CH32V305,afio-eth-remap,0,ETH_RGMII_TXEN,PA3,#,reference,candidates(datasheet-pin-table-default:en)
CH32V305,afio-eth-remap,0,ETH_RMII_CRS_DV,PA7,#,reference,candidates(datasheet-pin-table-default:en)
CH32V305,afio-eth-remap,0,ETH_RMII_MDC,PC1,#,reference,candidates(datasheet-pin-table-default:en)
CH32V305,afio-eth-remap,0,ETH_RMII_MDIO,PA2,#,reference,candidates(datasheet-pin-table-default:en)
CH32V305,afio-eth-remap,0,ETH_RMII_PPS_OUT,PB5,#,reference,candidates(datasheet-pin-table-default:en)
CH32V305,afio-eth-remap,0,ETH_RMII_REF_CLK,PA1,#,reference,candidates(datasheet-pin-table-default:en)
CH32V305,afio-eth-remap,0,ETH_RMII_RXD0,PC4,#,reference,candidates(datasheet-pin-table-default:en)
CH32V305,afio-eth-remap,0,ETH_RMII_RXD1,PC5,#,reference,candidates(datasheet-pin-table-default:en)
CH32V305,afio-eth-remap,0,ETH_RMII_TXD0,PB12,#,reference,candidates(datasheet-pin-table-default:en)
CH32V305,afio-eth-remap,0,ETH_RMII_TXD1,PB13,#,reference,candidates(datasheet-pin-table-default:en)
CH32V305,afio-eth-remap,0,ETH_RMII_TX_EN,PB11,#,reference,candidates(datasheet-pin-table-default:en)
CH32V305,afio-eth-remap,0,ETH_RXN,PC7,#,reference,candidates(datasheet-pin-table-default:en)
CH32V305,afio-eth-remap,0,ETH_RXP,PC6,#,reference,candidates(datasheet-pin-table-default:en)
CH32V305,afio-eth-remap,0,ETH_TXN,PC9,#,reference,candidates(datasheet-pin-table-default:en)
CH32V305,afio-eth-remap,0,ETH_TXP,PC8,#,reference,candidates(datasheet-pin-table-default:en)
CH32V305,afio-fsmc-nadv-remap,0,FSMC_NADV,PB7,#,reference,candidates(datasheet-pin-table-default:en)
CH32V305,afio-fsmc-nadv-remap,0,FSMC_NADV,PD2,#,reference,candidates(datasheet-pin-table-default:en)
CH32V305,afio-i2c1-remap,0,I2C1_SCL,PB6,#,reference,candidates(datasheet-pin-table-default:en)
CH32V305,afio-i2c1-remap,0,I2C1_SDA,PB7,#,reference,candidates(datasheet-pin-table-default:en)
CH32V305,afio-i2c1-remap,0,I2C1_SMBA,PB5,#,reference,candidates(datasheet-pin-table-default:en)
CH32V305,afio-i2c1-remap,1,I2C1_SCL,PB8,#,reference,candidates(datasheet-pin-table+rm-remap-grid:en)
CH32V305,afio-i2c1-remap,1,I2C1_SDA,PB9,#,reference,candidates(datasheet-pin-table+rm-remap-grid:en)
CH32V305,afio-spi1-remap,0,SPI1_MISO,PA6,#,reference,candidates(datasheet-pin-table-default:en)
CH32V305,afio-spi1-remap,0,SPI1_MOSI,PA7,#,reference,candidates(datasheet-pin-table-default:en)
CH32V305,afio-spi1-remap,0,SPI1_NSS,PA4,#,reference,candidates(datasheet-pin-table-default:en)
CH32V305,afio-spi1-remap,0,SPI1_SCK,PA5,#,reference,candidates(datasheet-pin-table-default:en)
CH32V305,afio-spi1-remap,1,SPI1_MISO,PB4,#,reference,candidates(datasheet-pin-table+rm-remap-grid:en)
CH32V305,afio-spi1-remap,1,SPI1_MOSI,PB5,#,reference,candidates(datasheet-pin-table+rm-remap-grid:en)
CH32V305,afio-spi1-remap,1,SPI1_NSS,PA15,#,reference,candidates(datasheet-pin-table+rm-remap-grid:en)
CH32V305,afio-spi1-remap,1,SPI1_SCK,PB3,#,reference,candidates(datasheet-pin-table+rm-remap-grid:en)
CH32V305,afio-spi3-remap,0,SPI3_MISO,PB4,#,reference,candidates(datasheet-pin-table-default:en)
CH32V305,afio-spi3-remap,0,SPI3_MOSI,PA15,#,reference,candidates(datasheet-pin-table-default:en)
CH32V305,afio-spi3-remap,0,SPI3_MOSI,PB5,#,reference,candidates(datasheet-pin-table-default:en)
CH32V305,afio-spi3-remap,0,SPI3_NSS,PA15,#,reference,candidates(datasheet-pin-table-default:en)
CH32V305,afio-spi3-remap,0,SPI3_SCK,PB3,#,reference,candidates(datasheet-pin-table-default:en)
CH32V305,afio-spi3-remap,1,SPI3_MISO,PC11,#,reference,candidates(datasheet-pin-table+rm-remap-grid:en)
CH32V305,afio-spi3-remap,1,SPI3_MOSI,PC12,#,reference,candidates(datasheet-pin-table+rm-remap-grid:en)
CH32V305,afio-spi3-remap,1,SPI3_NSS,PA4,#,reference,candidates(datasheet-pin-table+rm-remap-grid:en)
CH32V305,afio-spi3-remap,1,SPI3_SCK,PC10,#,reference,candidates(datasheet-pin-table+rm-remap-grid:en)
CH32V305,afio-tim1-remap,0,TIM1_BKIN,PB12,#,reference,candidates(datasheet-pin-table-default:en)
CH32V305,afio-tim1-remap,0,TIM1_CH1,PA8,#,reference,candidates(datasheet-pin-table-default:en)
CH32V305,afio-tim1-remap,0,TIM1_CH1N,PB13,#,reference,candidates(datasheet-pin-table-default:en)
CH32V305,afio-tim1-remap,0,TIM1_CH2,PA9,#,reference,candidates(datasheet-pin-table-default:en)
CH32V305,afio-tim1-remap,0,TIM1_CH2N,PB14,#,reference,candidates(datasheet-pin-table-default:en)
CH32V305,afio-tim1-remap,0,TIM1_CH3,PA10,#,reference,candidates(datasheet-pin-table-default:en)
CH32V305,afio-tim1-remap,0,TIM1_CH3N,PB15,#,reference,candidates(datasheet-pin-table-default:en)
CH32V305,afio-tim1-remap,0,TIM1_CH4,PA11,#,reference,candidates(datasheet-pin-table-default:en)
CH32V305,afio-tim1-remap,0,TIM1_ETR,PA12,#,reference,candidates(datasheet-pin-table-default:en)
CH32V305,afio-tim1-remap,1,TIM1_BKIN,PA6,#,reference,candidates(datasheet-pin-table+rm-remap-grid:en)
CH32V305,afio-tim1-remap,1,TIM1_CH1,PA8,#,reference,candidates(datasheet-pin-table+rm-remap-grid:en)
CH32V305,afio-tim1-remap,1,TIM1_CH1N,PA7,#,reference,candidates(datasheet-pin-table+rm-remap-grid:en)
CH32V305,afio-tim1-remap,1,TIM1_CH2,PA9,#,reference,candidates(datasheet-pin-table+rm-remap-grid:en)
CH32V305,afio-tim1-remap,1,TIM1_CH2N,PB0,#,reference,candidates(datasheet-pin-table+rm-remap-grid:en)
CH32V305,afio-tim1-remap,1,TIM1_CH3,PA10,#,reference,candidates(datasheet-pin-table+rm-remap-grid:en)
CH32V305,afio-tim1-remap,1,TIM1_CH3N,PB1,#,reference,candidates(datasheet-pin-table+rm-remap-grid:en)
CH32V305,afio-tim1-remap,1,TIM1_CH4,PA11,#,reference,candidates(datasheet-pin-table+rm-remap-grid:en)
CH32V305,afio-tim1-remap,1,TIM1_ETR,PA12,#,reference,candidates(datasheet-pin-table+rm-remap-grid:en)
CH32V305,afio-tim10-remap,0,TIM10_BKIN,PC12,#,reference,candidates(datasheet-pin-table-default:en)
CH32V305,afio-tim10-remap,0,TIM10_CH1,PB8,#,reference,candidates(datasheet-pin-table-default:en)
CH32V305,afio-tim10-remap,0,TIM10_CH1N,PA12,#,reference,candidates(datasheet-pin-table-default:en)
CH32V305,afio-tim10-remap,0,TIM10_CH2,PB9,#,reference,candidates(datasheet-pin-table-default:en)
CH32V305,afio-tim10-remap,0,TIM10_CH2N,PA13,#,reference,candidates(datasheet-pin-table-default:en)
CH32V305,afio-tim10-remap,0,TIM10_CH3,PC3,#,reference,candidates(datasheet-pin-table-default:en)
CH32V305,afio-tim10-remap,0,TIM10_CH3N,PA14,#,reference,candidates(datasheet-pin-table-default:en)
CH32V305,afio-tim10-remap,0,TIM10_CH4,PC11,#,reference,candidates(datasheet-pin-table-default:en)
CH32V305,afio-tim10-remap,0,TIM10_ETR,PC10,#,reference,candidates(datasheet-pin-table-default:en)
CH32V305,afio-tim10-remap,1,TIM10_BKIN,PB10,#,reference,candidates(datasheet-pin-table+rm-remap-grid:en)
CH32V305,afio-tim10-remap,1,TIM10_CH1,PB3,#,reference,candidates(datasheet-pin-table+rm-remap-grid:en)
CH32V305,afio-tim10-remap,1,TIM10_CH1N,PA5,#,reference,candidates(datasheet-pin-table+rm-remap-grid:en)
CH32V305,afio-tim10-remap,1,TIM10_CH2,PB4,#,reference,candidates(datasheet-pin-table+rm-remap-grid:en)
CH32V305,afio-tim10-remap,1,TIM10_CH2N,PA6,#,reference,candidates(datasheet-pin-table+rm-remap-grid:en)
CH32V305,afio-tim10-remap,1,TIM10_CH3,PB5,#,reference,candidates(datasheet-pin-table+rm-remap-grid:en)
CH32V305,afio-tim10-remap,1,TIM10_CH3N,PA7,#,reference,candidates(datasheet-pin-table+rm-remap-grid:en)
CH32V305,afio-tim10-remap,1,TIM10_CH4,PC15-OSC32_OUT,#,reference,candidates(datasheet-pin-table+rm-remap-grid:en)
CH32V305,afio-tim10-remap,1,TIM10_ETR,PB11,#,reference,candidates(datasheet-pin-table+rm-remap-grid:en)
CH32V305,afio-tim2-remap,0,TIM2_CH1,PA0-WKUP,#,reference,candidates(datasheet-pin-table-default:en)
CH32V305,afio-tim2-remap,0,TIM2_CH2,PA1,#,reference,candidates(datasheet-pin-table-default:en)
CH32V305,afio-tim2-remap,0,TIM2_CH3,PA2,#,reference,candidates(datasheet-pin-table-default:en)
CH32V305,afio-tim2-remap,0,TIM2_CH4,PA3,#,reference,candidates(datasheet-pin-table-default:en)
CH32V305,afio-tim2-remap,0,TIM2_ETR,PA0-WKUP,#,reference,candidates(datasheet-pin-table-default:en)
CH32V305,afio-tim2-remap,1,TIM2_CH1,PA15,#,reference,candidates(datasheet-pin-table+rm-remap-grid:en)
CH32V305,afio-tim2-remap,1,TIM2_CH2,PB3,#,reference,candidates(datasheet-pin-table+rm-remap-grid:en)
CH32V305,afio-tim2-remap,1,TIM2_CH3,PA2,#,reference,candidates(datasheet-pin-table+rm-remap-grid:en)
CH32V305,afio-tim2-remap,1,TIM2_CH4,PA3,#,reference,candidates(datasheet-pin-table+rm-remap-grid:en)
CH32V305,afio-tim2-remap,1,TIM2_ETR,PA15,#,reference,candidates(datasheet-pin-table+rm-remap-grid:en)
CH32V305,afio-tim2-remap,2,TIM2_CH1,PA0-WKUP,#,reference,candidates(datasheet-pin-table+rm-remap-grid:en)
CH32V305,afio-tim2-remap,2,TIM2_CH2,PA1,#,reference,candidates(datasheet-pin-table+rm-remap-grid:en)
CH32V305,afio-tim2-remap,2,TIM2_CH3,PB10,#,reference,candidates(datasheet-pin-table+rm-remap-grid:en)
CH32V305,afio-tim2-remap,2,TIM2_CH4,PB11,#,reference,candidates(datasheet-pin-table+rm-remap-grid:en)
CH32V305,afio-tim2-remap,2,TIM2_ETR,PA0-WKUP,#,reference,candidates(datasheet-pin-table+rm-remap-grid:en)
CH32V305,afio-tim2-remap,3,TIM2_CH1,PA15,#,reference,candidates(datasheet-pin-table+rm-remap-grid:en)
CH32V305,afio-tim2-remap,3,TIM2_CH2,PB3,#,reference,candidates(datasheet-pin-table+rm-remap-grid:en)
CH32V305,afio-tim2-remap,3,TIM2_CH3,PB10,#,reference,candidates(datasheet-pin-table+rm-remap-grid:en)
CH32V305,afio-tim2-remap,3,TIM2_CH4,PB11,#,reference,candidates(datasheet-pin-table+rm-remap-grid:en)
CH32V305,afio-tim2-remap,3,TIM2_ETR,PA15,#,reference,candidates(datasheet-pin-table+rm-remap-grid:en)
CH32V305,afio-tim3-remap,0,TIM3_CH1,PA6,#,reference,candidates(datasheet-pin-table-default:en)
CH32V305,afio-tim3-remap,0,TIM3_CH2,PA7,#,reference,candidates(datasheet-pin-table-default:en)
CH32V305,afio-tim3-remap,0,TIM3_CH3,PB0,#,reference,candidates(datasheet-pin-table-default:en)
CH32V305,afio-tim3-remap,0,TIM3_CH4,PB1,#,reference,candidates(datasheet-pin-table-default:en)
CH32V305,afio-tim3-remap,0,TIM3_ETR,PD2,#,reference,candidates(datasheet-pin-table-default:en)
CH32V305,afio-tim3-remap,2,TIM3_CH1,PB4,#,reference,candidates(datasheet-pin-table+rm-remap-grid:en)
CH32V305,afio-tim3-remap,2,TIM3_CH2,PB5,#,reference,candidates(datasheet-pin-table+rm-remap-grid:en)
CH32V305,afio-tim3-remap,2,TIM3_CH3,PB0,#,reference,candidates(datasheet-pin-table+rm-remap-grid:en)
CH32V305,afio-tim3-remap,2,TIM3_CH4,PB1,#,reference,candidates(datasheet-pin-table+rm-remap-grid:en)
CH32V305,afio-tim3-remap,2,TIM3_ETR,PD2,#,reference,candidates(datasheet-pin-table+rm-remap-grid:en)
CH32V305,afio-tim3-remap,3,TIM3_CH1,PC6,#,reference,candidates(datasheet-pin-table+rm-remap-grid:en)
CH32V305,afio-tim3-remap,3,TIM3_CH2,PC7,#,reference,candidates(datasheet-pin-table+rm-remap-grid:en)
CH32V305,afio-tim3-remap,3,TIM3_CH3,PC8,#,reference,candidates(datasheet-pin-table+rm-remap-grid:en)
CH32V305,afio-tim3-remap,3,TIM3_CH4,PC9,#,reference,candidates(datasheet-pin-table+rm-remap-grid:en)
CH32V305,afio-tim3-remap,3,TIM3_ETR,PD2,#,reference,candidates(datasheet-pin-table+rm-remap-grid:en)
CH32V305,afio-tim4-remap,0,TIM4_CH1,PB6,#,reference,candidates(datasheet-pin-table-default:en)
CH32V305,afio-tim4-remap,0,TIM4_CH2,PB7,#,reference,candidates(datasheet-pin-table-default:en)
CH32V305,afio-tim4-remap,0,TIM4_CH3,PB8,#,reference,candidates(datasheet-pin-table-default:en)
CH32V305,afio-tim4-remap,0,TIM4_CH4,PB9,#,reference,candidates(datasheet-pin-table-default:en)
CH32V305,afio-tim5ch4-rm,0,TIM5_CH4,PA3,#,reference,candidates(datasheet-pin-table-default:en)
CH32V305,afio-tim8-remap,0,TIM8_BKIN,PA6,#,reference,candidates(datasheet-pin-table-default:en)
CH32V305,afio-tim8-remap,0,TIM8_CH1,PC6,#,reference,candidates(datasheet-pin-table-default:en)
CH32V305,afio-tim8-remap,0,TIM8_CH1N,PA7,#,reference,candidates(datasheet-pin-table-default:en)
CH32V305,afio-tim8-remap,0,TIM8_CH2,PC7,#,reference,candidates(datasheet-pin-table-default:en)
CH32V305,afio-tim8-remap,0,TIM8_CH2N,PB0,#,reference,candidates(datasheet-pin-table-default:en)
CH32V305,afio-tim8-remap,0,TIM8_CH3,PC8,#,reference,candidates(datasheet-pin-table-default:en)
CH32V305,afio-tim8-remap,0,TIM8_CH3N,PB1,#,reference,candidates(datasheet-pin-table-default:en)
CH32V305,afio-tim8-remap,0,TIM8_CH4,PC9,#,reference,candidates(datasheet-pin-table-default:en)
CH32V305,afio-tim8-remap,0,TIM8_ETR,PA0-WKUP,#,reference,candidates(datasheet-pin-table-default:en)
CH32V305,afio-tim8-remap,1,TIM8_BKIN,PB9,#,reference,candidates(datasheet-pin-table+rm-remap-grid:en)
CH32V305,afio-tim8-remap,1,TIM8_CH1,PB6,#,reference,candidates(datasheet-pin-table+rm-remap-grid:en)
CH32V305,afio-tim8-remap,1,TIM8_CH1N,PA13,#,reference,candidates(datasheet-pin-table+rm-remap-grid:en)
CH32V305,afio-tim8-remap,1,TIM8_CH2,PB7,#,reference,candidates(datasheet-pin-table+rm-remap-grid:en)
CH32V305,afio-tim8-remap,1,TIM8_CH2N,PA14,#,reference,candidates(datasheet-pin-table+rm-remap-grid:en)
CH32V305,afio-tim8-remap,1,TIM8_CH3,PB8,#,reference,candidates(datasheet-pin-table+rm-remap-grid:en)
CH32V305,afio-tim8-remap,1,TIM8_CH3N,PA15,#,reference,candidates(datasheet-pin-table+rm-remap-grid:en)
CH32V305,afio-tim8-remap,1,TIM8_CH4,PC13-TAMPER-RTC,#,reference,candidates(datasheet-pin-table+rm-remap-grid:en)
CH32V305,afio-tim8-remap,1,TIM8_ETR,PA0-WKUP,#,reference,candidates(datasheet-pin-table+rm-remap-grid:en)
CH32V305,afio-tim9-remap,0,TIM9_BKIN,PC5,#,reference,candidates(datasheet-pin-table-default:en)
CH32V305,afio-tim9-remap,0,TIM9_CH1,PA2,#,reference,candidates(datasheet-pin-table-default:en)
CH32V305,afio-tim9-remap,0,TIM9_CH1N,PC0,#,reference,candidates(datasheet-pin-table-default:en)
CH32V305,afio-tim9-remap,0,TIM9_CH2,PA3,#,reference,candidates(datasheet-pin-table-default:en)
CH32V305,afio-tim9-remap,0,TIM9_CH2N,PC1,#,reference,candidates(datasheet-pin-table-default:en)
CH32V305,afio-tim9-remap,0,TIM9_CH3,PA4,#,reference,candidates(datasheet-pin-table-default:en)
CH32V305,afio-tim9-remap,0,TIM9_CH3N,PC2,#,reference,candidates(datasheet-pin-table-default:en)
CH32V305,afio-tim9-remap,0,TIM9_CH4,PC4,#,reference,candidates(datasheet-pin-table-default:en)
CH32V305,afio-tim9-remap,0,TIM9_ETR,PA2,#,reference,candidates(datasheet-pin-table-default:en)
CH32V305,afio-tim9-remap,1,TIM9_BKIN,PA1,#,reference,candidates(datasheet-pin-table+rm-remap-grid:en)
CH32V305,afio-tim9-remap,1,TIM9_CH1,PA2,#,reference,candidates(datasheet-pin-table+rm-remap-grid:en)
CH32V305,afio-tim9-remap,1,TIM9_CH1N,PB0,#,reference,candidates(datasheet-pin-table+rm-remap-grid:en)
CH32V305,afio-tim9-remap,1,TIM9_CH2,PA3,#,reference,candidates(datasheet-pin-table+rm-remap-grid:en)
CH32V305,afio-tim9-remap,1,TIM9_CH2N,PB1,#,reference,candidates(datasheet-pin-table+rm-remap-grid:en)
CH32V305,afio-tim9-remap,1,TIM9_CH3,PA4,#,reference,candidates(datasheet-pin-table+rm-remap-grid:en)
CH32V305,afio-tim9-remap,1,TIM9_CH3N,PB2,#,reference,candidates(datasheet-pin-table+rm-remap-grid:en)
CH32V305,afio-tim9-remap,1,TIM9_CH4,PC14-OSC32_IN,#,reference,candidates(datasheet-pin-table+rm-remap-grid:en)
CH32V305,afio-tim9-remap,1,TIM9_ETR,PA2,#,reference,candidates(datasheet-pin-table+rm-remap-grid:en)
CH32V305,afio-usart1-remap,0,USART1_CK,PA8,#,reference,candidates(datasheet-pin-table-default:en)
CH32V305,afio-usart1-remap,0,USART1_CTS,PA11,#,reference,candidates(datasheet-pin-table-default:en)
CH32V305,afio-usart1-remap,0,USART1_RTS,PA12,#,reference,candidates(datasheet-pin-table-default:en)
CH32V305,afio-usart1-remap,0,USART1_RX,PA10,#,reference,candidates(datasheet-pin-table-default:en)
CH32V305,afio-usart1-remap,0,USART1_TX,PA9,#,reference,candidates(datasheet-pin-table-default:en)
CH32V305,afio-usart1-remap,1,USART1_CK,PA8,#,reference,candidates(datasheet-pin-table+rm-remap-grid:en)
CH32V305,afio-usart1-remap,1,USART1_CTS,PA11,#,reference,candidates(datasheet-pin-table+rm-remap-grid:en)
CH32V305,afio-usart1-remap,1,USART1_RTS,PA12,#,reference,candidates(datasheet-pin-table+rm-remap-grid:en)
CH32V305,afio-usart1-remap,1,USART1_RX,PB7,#,reference,candidates(datasheet-pin-table+rm-remap-grid:en)
CH32V305,afio-usart1-remap,1,USART1_TX,PB6,#,reference,candidates(datasheet-pin-table+rm-remap-grid:en)
CH32V305,afio-usart1-remap,2,USART1_CK,PA10,#,reference,candidates(datasheet-pin-table+rm-remap-grid:en)
CH32V305,afio-usart1-remap,2,USART1_CTS,PA5,#,reference,candidates(datasheet-pin-table+rm-remap-grid:en)
CH32V305,afio-usart1-remap,2,USART1_RTS,PA9,#,reference,candidates(datasheet-pin-table+rm-remap-grid:en)
CH32V305,afio-usart1-remap,2,USART1_RX,PA8,#,reference,candidates(datasheet-pin-table+rm-remap-grid:en)
CH32V305,afio-usart1-remap,2,USART1_TX,PB15,#,reference,candidates(datasheet-pin-table+rm-remap-grid:en)
CH32V305,afio-usart1-remap,3,USART1_CK,PA5,#,reference,candidates(datasheet-pin-table+rm-remap-grid:en)
CH32V305,afio-usart1-remap,3,USART1_CTS,PC4,#,reference,candidates(datasheet-pin-table+rm-remap-grid:en)
CH32V305,afio-usart1-remap,3,USART1_RTS,PC5,#,reference,candidates(datasheet-pin-table+rm-remap-grid:en)
CH32V305,afio-usart1-remap,3,USART1_RX,PA7,#,reference,candidates(datasheet-pin-table+rm-remap-grid:en)
CH32V305,afio-usart1-remap,3,USART1_TX,PA6,#,reference,candidates(datasheet-pin-table+rm-remap-grid:en)
CH32V305,afio-usart2-remap,0,USART2_CK,PA4,#,reference,candidates(datasheet-pin-table-default:en)
CH32V305,afio-usart2-remap,0,USART2_CTS,PA0-WKUP,#,reference,candidates(datasheet-pin-table-default:en)
CH32V305,afio-usart2-remap,0,USART2_RTS,PA1,#,reference,candidates(datasheet-pin-table-default:en)
CH32V305,afio-usart2-remap,0,USART2_RX,PA3,#,reference,candidates(datasheet-pin-table-default:en)
CH32V305,afio-usart2-remap,0,USART2_TX,PA2,#,reference,candidates(datasheet-pin-table-default:en)
CH32V305,afio-usart3-remap,0,USART3_CK,PB12,#,reference,candidates(datasheet-pin-table-default:en)
CH32V305,afio-usart3-remap,0,USART3_CTS,PB13,#,reference,candidates(datasheet-pin-table-default:en)
CH32V305,afio-usart3-remap,0,USART3_RTS,PB14,#,reference,candidates(datasheet-pin-table-default:en)
CH32V305,afio-usart3-remap,0,USART3_RX,PB11,#,reference,candidates(datasheet-pin-table-default:en)
CH32V305,afio-usart3-remap,0,USART3_TX,PB10,#,reference,candidates(datasheet-pin-table-default:en)
CH32V305,afio-usart3-remap,1,USART3_CK,PC12,#,reference,candidates(datasheet-pin-table+rm-remap-grid:en)
CH32V305,afio-usart3-remap,1,USART3_CTS,PB13,#,reference,candidates(datasheet-pin-table+rm-remap-grid:en)
CH32V305,afio-usart3-remap,1,USART3_RTS,PB14,#,reference,candidates(datasheet-pin-table+rm-remap-grid:en)
CH32V305,afio-usart3-remap,1,USART3_RX,PC11,#,reference,candidates(datasheet-pin-table+rm-remap-grid:en)
CH32V305,afio-usart3-remap,1,USART3_TX,PC10,#,reference,candidates(datasheet-pin-table+rm-remap-grid:en)
CH32V305,afio-usart3-remap,2,USART3_RX,PA14,#,reference,candidates(datasheet-pin-table+rm-remap-grid:en)
CH32V305,afio-usart3-remap,2,USART3_TX,PA13,#,reference,candidates(datasheet-pin-table+rm-remap-grid:en)
CH32V305,afio-usart4-remap,0,UART4_RX,PC11,#,reference,candidates(datasheet-pin-table-default:en)
CH32V305,afio-usart4-remap,0,UART4_TX,PC10,#,reference,candidates(datasheet-pin-table-default:en)
CH32V305,afio-usart4-remap,1,UART4_RX,PB1,#,reference,candidates(datasheet-pin-table+rm-remap-grid:en)
CH32V305,afio-usart4-remap,1,UART4_TX,PB0,#,reference,candidates(datasheet-pin-table+rm-remap-grid:en)
CH32V305,afio-usart5-remap,0,UART5_RX,PD2,#,reference,candidates(datasheet-pin-table-default:en)
CH32V305,afio-usart5-remap,0,UART5_TX,PC12,#,reference,candidates(datasheet-pin-table-default:en)
CH32V305,afio-usart5-remap,1,UART5_RX,PB5,#,reference,candidates(datasheet-pin-table+rm-remap-grid:en)
CH32V305,afio-usart5-remap,1,UART5_TX,PB4,#,reference,candidates(datasheet-pin-table+rm-remap-grid:en)
CH32V305,afio-usart6-remap,0,UART6_RX,PC1,#,reference,candidates(datasheet-pin-table-default:en)
CH32V305,afio-usart6-remap,0,UART6_TX,PC0,#,reference,candidates(datasheet-pin-table-default:en)
CH32V305,afio-usart6-remap,1,UART6_RX,PB9,#,reference,candidates(datasheet-pin-table+rm-remap-grid:en)
CH32V305,afio-usart6-remap,1,UART6_TX,PB8,#,reference,candidates(datasheet-pin-table+rm-remap-grid:en)
CH32V305,afio-usart7-remap,0,UART7_RX,PC3,#,reference,candidates(datasheet-pin-table-default:en)
CH32V305,afio-usart7-remap,0,UART7_TX,PC2,#,reference,candidates(datasheet-pin-table-default:en)
CH32V305,afio-usart7-remap,1,UART7_RX,PA7,#,reference,candidates(datasheet-pin-table+rm-remap-grid:en)
CH32V305,afio-usart7-remap,1,UART7_TX,PA6,#,reference,candidates(datasheet-pin-table+rm-remap-grid:en)
CH32V305,afio-usart8-remap,0,UART8_RX,PC5,#,reference,candidates(datasheet-pin-table-default:en)
CH32V305,afio-usart8-remap,0,UART8_TX,PC4,#,reference,candidates(datasheet-pin-table-default:en)
CH32V305,afio-usart8-remap,1,UART8_RX,PA15,#,reference,candidates(datasheet-pin-table+rm-remap-grid:en)
CH32V305,afio-usart8-remap,1,UART8_TX,PA14,#,reference,candidates(datasheet-pin-table+rm-remap-grid:en)
CH32V307,afio-can-remap,0,CAN1_RX,PA11,#,reference,candidates(datasheet-pin-table-default:en)
CH32V307,afio-can-remap,0,CAN1_TX,PA12,#,reference,candidates(datasheet-pin-table-default:en)
CH32V307,afio-can-remap,2,CAN1_RX,PB8,#,reference,candidates(datasheet-pin-table+rm-remap-grid:en)
CH32V307,afio-can-remap,2,CAN1_TX,PB9,#,reference,candidates(datasheet-pin-table+rm-remap-grid:en)
CH32V307,afio-can-remap,3,CAN1_RX,PD0,#,reference,candidates(datasheet-pin-table+rm-remap-grid:en)
CH32V307,afio-can-remap,3,CAN1_TX,PD1,#,reference,candidates(datasheet-pin-table+rm-remap-grid:en)
CH32V307,afio-can2-remap,0,CAN2_RX,PB12,#,reference,candidates(datasheet-pin-table-default:en)
CH32V307,afio-can2-remap,0,CAN2_TX,PB13,#,reference,candidates(datasheet-pin-table-default:en)
CH32V307,afio-can2-remap,1,CAN2_RX,PB5,#,reference,candidates(datasheet-pin-table+rm-remap-grid:en)
CH32V307,afio-can2-remap,1,CAN2_TX,PB6,#,reference,candidates(datasheet-pin-table+rm-remap-grid:en)
CH32V307,afio-eth-remap,0,ETH_MII_COL,PA3,#,reference,candidates(datasheet-pin-table-default:en)
CH32V307,afio-eth-remap,0,ETH_MII_CRS,PA0-WKUP,#,reference,candidates(datasheet-pin-table-default:en)
CH32V307,afio-eth-remap,0,ETH_MII_MDC,PC1,#,reference,candidates(datasheet-pin-table-default:en)
CH32V307,afio-eth-remap,0,ETH_MII_MDIO,PA2,#,reference,candidates(datasheet-pin-table-default:en)
CH32V307,afio-eth-remap,0,ETH_MII_PPS_OUT,PB5,#,reference,candidates(datasheet-pin-table-default:en)
CH32V307,afio-eth-remap,0,ETH_MII_RXD0,PC4,#,reference,candidates(datasheet-pin-table-default:en)
CH32V307,afio-eth-remap,0,ETH_MII_RXD1,PC5,#,reference,candidates(datasheet-pin-table-default:en)
CH32V307,afio-eth-remap,0,ETH_MII_RXD2,PB0,#,reference,candidates(datasheet-pin-table-default:en)
CH32V307,afio-eth-remap,0,ETH_MII_RXD3,PB1,#,reference,candidates(datasheet-pin-table-default:en)
CH32V307,afio-eth-remap,0,ETH_MII_RX_CLK,PA1,#,reference,candidates(datasheet-pin-table-default:en)
CH32V307,afio-eth-remap,0,ETH_MII_RX_DV,PA7,#,reference,candidates(datasheet-pin-table-default:en)
CH32V307,afio-eth-remap,0,ETH_MII_RX_ER,PB10,#,reference,candidates(datasheet-pin-table-default:en)
CH32V307,afio-eth-remap,0,ETH_MII_TXD0,PB12,#,reference,candidates(datasheet-pin-table-default:en)
CH32V307,afio-eth-remap,0,ETH_MII_TXD1,PB13,#,reference,candidates(datasheet-pin-table-default:en)
CH32V307,afio-eth-remap,0,ETH_MII_TXD2,PC2,#,reference,candidates(datasheet-pin-table-default:en)
CH32V307,afio-eth-remap,0,ETH_MII_TXD3,PB8,#,reference,candidates(datasheet-pin-table-default:en)
CH32V307,afio-eth-remap,0,ETH_MII_TX_CLK,PC3,#,reference,candidates(datasheet-pin-table-default:en)
CH32V307,afio-eth-remap,0,ETH_MII_TX_EN,PB11,#,reference,candidates(datasheet-pin-table-default:en)
CH32V307,afio-eth-remap,0,ETH_RGMII_125IN,PB1,#,reference,candidates(datasheet-pin-table-default:en)
CH32V307,afio-eth-remap,0,ETH_RGMII_GTXC,PA2,#,reference,candidates(datasheet-pin-table-default:en)
CH32V307,afio-eth-remap,0,ETH_RGMII_MDC,PB12,#,reference,candidates(datasheet-pin-table-default:en)
CH32V307,afio-eth-remap,0,ETH_RGMII_MDIO,PB13,#,reference,candidates(datasheet-pin-table-default:en)
CH32V307,afio-eth-remap,0,ETH_RGMII_RXC,PC0,#,reference,candidates(datasheet-pin-table-default:en)
CH32V307,afio-eth-remap,0,ETH_RGMII_RXCTL,PC1,#,reference,candidates(datasheet-pin-table-default:en)
CH32V307,afio-eth-remap,0,ETH_RGMII_RXD0,PC2,#,reference,candidates(datasheet-pin-table-default:en)
CH32V307,afio-eth-remap,0,ETH_RGMII_RXD1,PC3,#,reference,candidates(datasheet-pin-table-default:en)
CH32V307,afio-eth-remap,0,ETH_RGMII_RXD2,PA0-WKUP,#,reference,candidates(datasheet-pin-table-default:en)
CH32V307,afio-eth-remap,0,ETH_RGMII_RXD3,PA1,#,reference,candidates(datasheet-pin-table-default:en)
CH32V307,afio-eth-remap,0,ETH_RGMII_TXD0,PA7,#,reference,candidates(datasheet-pin-table-default:en)
CH32V307,afio-eth-remap,0,ETH_RGMII_TXD1,PC4,#,reference,candidates(datasheet-pin-table-default:en)
CH32V307,afio-eth-remap,0,ETH_RGMII_TXD2,PC5,#,reference,candidates(datasheet-pin-table-default:en)
CH32V307,afio-eth-remap,0,ETH_RGMII_TXD3,PB0,#,reference,candidates(datasheet-pin-table-default:en)
CH32V307,afio-eth-remap,0,ETH_RGMII_TXEN,PA3,#,reference,candidates(datasheet-pin-table-default:en)
CH32V307,afio-eth-remap,0,ETH_RMII_CRS_DV,PA7,#,reference,candidates(datasheet-pin-table-default:en)
CH32V307,afio-eth-remap,0,ETH_RMII_MDC,PC1,#,reference,candidates(datasheet-pin-table-default:en)
CH32V307,afio-eth-remap,0,ETH_RMII_MDIO,PA2,#,reference,candidates(datasheet-pin-table-default:en)
CH32V307,afio-eth-remap,0,ETH_RMII_PPS_OUT,PB5,#,reference,candidates(datasheet-pin-table-default:en)
CH32V307,afio-eth-remap,0,ETH_RMII_REF_CLK,PA1,#,reference,candidates(datasheet-pin-table-default:en)
CH32V307,afio-eth-remap,0,ETH_RMII_RXD0,PC4,#,reference,candidates(datasheet-pin-table-default:en)
CH32V307,afio-eth-remap,0,ETH_RMII_RXD1,PC5,#,reference,candidates(datasheet-pin-table-default:en)
CH32V307,afio-eth-remap,0,ETH_RMII_TXD0,PB12,#,reference,candidates(datasheet-pin-table-default:en)
CH32V307,afio-eth-remap,0,ETH_RMII_TXD1,PB13,#,reference,candidates(datasheet-pin-table-default:en)
CH32V307,afio-eth-remap,0,ETH_RMII_TX_EN,PB11,#,reference,candidates(datasheet-pin-table-default:en)
CH32V307,afio-eth-remap,0,ETH_RXN,PC7,#,reference,candidates(datasheet-pin-table-default:en)
CH32V307,afio-eth-remap,0,ETH_RXP,PC6,#,reference,candidates(datasheet-pin-table-default:en)
CH32V307,afio-eth-remap,0,ETH_TXN,PC9,#,reference,candidates(datasheet-pin-table-default:en)
CH32V307,afio-eth-remap,0,ETH_TXP,PC8,#,reference,candidates(datasheet-pin-table-default:en)
CH32V307,afio-eth-remap,1,ETH_MII_RXD0,PD9,#,reference,candidates(datasheet-pin-table+rm-remap-grid:en)
CH32V307,afio-eth-remap,1,ETH_MII_RXD1,PD10,#,reference,candidates(datasheet-pin-table+rm-remap-grid:en)
CH32V307,afio-eth-remap,1,ETH_MII_RXD2,PD11,#,reference,candidates(datasheet-pin-table+rm-remap-grid:en)
CH32V307,afio-eth-remap,1,ETH_MII_RX_DV,PD8,#,reference,candidates(datasheet-pin-table+rm-remap-grid:en)
CH32V307,afio-eth-remap,1,ETH_RMII_CRS_DV,PD8,#,reference,candidates(datasheet-pin-table+rm-remap-grid:en)
CH32V307,afio-eth-remap,1,ETH_RMII_RXD0,PD9,#,reference,candidates(datasheet-pin-table+rm-remap-grid:en)
CH32V307,afio-eth-remap,1,ETH_RMII_RXD1,PD10,#,reference,candidates(datasheet-pin-table+rm-remap-grid:en)
CH32V307,afio-fsmc-nadv-remap,0,FSMC_A16,PD11,#,reference,candidates(datasheet-pin-table-default:en)
CH32V307,afio-fsmc-nadv-remap,0,FSMC_A17,PD12,#,reference,candidates(datasheet-pin-table-default:en)
CH32V307,afio-fsmc-nadv-remap,0,FSMC_A18,PD13,#,reference,candidates(datasheet-pin-table-default:en)
CH32V307,afio-fsmc-nadv-remap,0,FSMC_A19,PE3,#,reference,candidates(datasheet-pin-table-default:en)
CH32V307,afio-fsmc-nadv-remap,0,FSMC_A20,PE4,#,reference,candidates(datasheet-pin-table-default:en)
CH32V307,afio-fsmc-nadv-remap,0,FSMC_A21,PE5,#,reference,candidates(datasheet-pin-table-default:en)
CH32V307,afio-fsmc-nadv-remap,0,FSMC_A22,PE6,#,reference,candidates(datasheet-pin-table-default:en)
CH32V307,afio-fsmc-nadv-remap,0,FSMC_A23,PE2,#,reference,candidates(datasheet-pin-table-default:en)
CH32V307,afio-fsmc-nadv-remap,0,FSMC_CLK,PD3,#,reference,candidates(datasheet-pin-table-default:en)
CH32V307,afio-fsmc-nadv-remap,0,FSMC_D0,PD14,#,reference,candidates(datasheet-pin-table-default:en)
CH32V307,afio-fsmc-nadv-remap,0,FSMC_D1,PD15,#,reference,candidates(datasheet-pin-table-default:en)
CH32V307,afio-fsmc-nadv-remap,0,FSMC_D10,PE13,#,reference,candidates(datasheet-pin-table-default:en)
CH32V307,afio-fsmc-nadv-remap,0,FSMC_D11,PE14,#,reference,candidates(datasheet-pin-table-default:en)
CH32V307,afio-fsmc-nadv-remap,0,FSMC_D12,PE15,#,reference,candidates(datasheet-pin-table-default:en)
CH32V307,afio-fsmc-nadv-remap,0,FSMC_D13,PD8,#,reference,candidates(datasheet-pin-table-default:en)
CH32V307,afio-fsmc-nadv-remap,0,FSMC_D14,PD9,#,reference,candidates(datasheet-pin-table-default:en)
CH32V307,afio-fsmc-nadv-remap,0,FSMC_D15,PD10,#,reference,candidates(datasheet-pin-table-default:en)
CH32V307,afio-fsmc-nadv-remap,0,FSMC_D2,PD0,#,reference,candidates(datasheet-pin-table-default:en)
CH32V307,afio-fsmc-nadv-remap,0,FSMC_D3,PD1,#,reference,candidates(datasheet-pin-table-default:en)
CH32V307,afio-fsmc-nadv-remap,0,FSMC_D4,PE7,#,reference,candidates(datasheet-pin-table-default:en)
CH32V307,afio-fsmc-nadv-remap,0,FSMC_D5,PE8,#,reference,candidates(datasheet-pin-table-default:en)
CH32V307,afio-fsmc-nadv-remap,0,FSMC_D6,PE9,#,reference,candidates(datasheet-pin-table-default:en)
CH32V307,afio-fsmc-nadv-remap,0,FSMC_D7,PE10,#,reference,candidates(datasheet-pin-table-default:en)
CH32V307,afio-fsmc-nadv-remap,0,FSMC_D8,PE11,#,reference,candidates(datasheet-pin-table-default:en)
CH32V307,afio-fsmc-nadv-remap,0,FSMC_D9,PE12,#,reference,candidates(datasheet-pin-table-default:en)
CH32V307,afio-fsmc-nadv-remap,0,FSMC_NADV,PB7,#,reference,candidates(datasheet-pin-table-default:en)
CH32V307,afio-fsmc-nadv-remap,0,FSMC_NADV,PD2,#,reference,candidates(datasheet-pin-table-default:en)
CH32V307,afio-fsmc-nadv-remap,0,FSMC_NBL0,PE0,#,reference,candidates(datasheet-pin-table-default:en)
CH32V307,afio-fsmc-nadv-remap,0,FSMC_NBL1,PE1,#,reference,candidates(datasheet-pin-table-default:en)
CH32V307,afio-fsmc-nadv-remap,0,FSMC_NCE2,PD7,#,reference,candidates(datasheet-pin-table-default:en)
CH32V307,afio-fsmc-nadv-remap,0,FSMC_NE1,PD7,#,reference,candidates(datasheet-pin-table-default:en)
CH32V307,afio-fsmc-nadv-remap,0,FSMC_NOE,PD4,#,reference,candidates(datasheet-pin-table-default:en)
CH32V307,afio-fsmc-nadv-remap,0,FSMC_NWAIT,PD6,#,reference,candidates(datasheet-pin-table-default:en)
CH32V307,afio-fsmc-nadv-remap,0,FSMC_NWE,PD5,#,reference,candidates(datasheet-pin-table-default:en)
CH32V307,afio-i2c1-remap,0,I2C1_SCL,PB6,#,reference,candidates(datasheet-pin-table-default:en)
CH32V307,afio-i2c1-remap,0,I2C1_SDA,PB7,#,reference,candidates(datasheet-pin-table-default:en)
CH32V307,afio-i2c1-remap,0,I2C1_SMBA,PB5,#,reference,candidates(datasheet-pin-table-default:en)
CH32V307,afio-i2c1-remap,1,I2C1_SCL,PB8,#,reference,candidates(datasheet-pin-table+rm-remap-grid:en)
CH32V307,afio-i2c1-remap,1,I2C1_SDA,PB9,#,reference,candidates(datasheet-pin-table+rm-remap-grid:en)
CH32V307,afio-spi1-remap,0,SPI1_MISO,PA6,#,reference,candidates(datasheet-pin-table-default:en)
CH32V307,afio-spi1-remap,0,SPI1_MOSI,PA7,#,reference,candidates(datasheet-pin-table-default:en)
CH32V307,afio-spi1-remap,0,SPI1_NSS,PA4,#,reference,candidates(datasheet-pin-table-default:en)
CH32V307,afio-spi1-remap,0,SPI1_SCK,PA5,#,reference,candidates(datasheet-pin-table-default:en)
CH32V307,afio-spi1-remap,1,SPI1_MISO,PB4,#,reference,candidates(datasheet-pin-table+rm-remap-grid:en)
CH32V307,afio-spi1-remap,1,SPI1_MOSI,PB5,#,reference,candidates(datasheet-pin-table+rm-remap-grid:en)
CH32V307,afio-spi1-remap,1,SPI1_NSS,PA15,#,reference,candidates(datasheet-pin-table+rm-remap-grid:en)
CH32V307,afio-spi1-remap,1,SPI1_SCK,PB3,#,reference,candidates(datasheet-pin-table+rm-remap-grid:en)
CH32V307,afio-spi3-remap,0,SPI3_MISO,PB4,#,reference,candidates(datasheet-pin-table-default:en)
CH32V307,afio-spi3-remap,0,SPI3_MOSI,PA15,#,reference,candidates(datasheet-pin-table-default:en)
CH32V307,afio-spi3-remap,0,SPI3_MOSI,PB5,#,reference,candidates(datasheet-pin-table-default:en)
CH32V307,afio-spi3-remap,0,SPI3_NSS,PA15,#,reference,candidates(datasheet-pin-table-default:en)
CH32V307,afio-spi3-remap,0,SPI3_SCK,PB3,#,reference,candidates(datasheet-pin-table-default:en)
CH32V307,afio-spi3-remap,1,SPI3_MISO,PC11,#,reference,candidates(datasheet-pin-table+rm-remap-grid:en)
CH32V307,afio-spi3-remap,1,SPI3_MOSI,PC12,#,reference,candidates(datasheet-pin-table+rm-remap-grid:en)
CH32V307,afio-spi3-remap,1,SPI3_NSS,PA4,#,reference,candidates(datasheet-pin-table+rm-remap-grid:en)
CH32V307,afio-spi3-remap,1,SPI3_SCK,PC10,#,reference,candidates(datasheet-pin-table+rm-remap-grid:en)
CH32V307,afio-tim1-remap,0,TIM1_BKIN,PB12,#,reference,candidates(datasheet-pin-table-default:en)
CH32V307,afio-tim1-remap,0,TIM1_CH1,PA8,#,reference,candidates(datasheet-pin-table-default:en)
CH32V307,afio-tim1-remap,0,TIM1_CH1N,PB13,#,reference,candidates(datasheet-pin-table-default:en)
CH32V307,afio-tim1-remap,0,TIM1_CH2,PA9,#,reference,candidates(datasheet-pin-table-default:en)
CH32V307,afio-tim1-remap,0,TIM1_CH2N,PB14,#,reference,candidates(datasheet-pin-table-default:en)
CH32V307,afio-tim1-remap,0,TIM1_CH3,PA10,#,reference,candidates(datasheet-pin-table-default:en)
CH32V307,afio-tim1-remap,0,TIM1_CH3N,PB15,#,reference,candidates(datasheet-pin-table-default:en)
CH32V307,afio-tim1-remap,0,TIM1_CH4,PA11,#,reference,candidates(datasheet-pin-table-default:en)
CH32V307,afio-tim1-remap,0,TIM1_ETR,PA12,#,reference,candidates(datasheet-pin-table-default:en)
CH32V307,afio-tim1-remap,1,TIM1_BKIN,PA6,#,reference,candidates(datasheet-pin-table+rm-remap-grid:en)
CH32V307,afio-tim1-remap,1,TIM1_CH1,PA8,#,reference,candidates(datasheet-pin-table+rm-remap-grid:en)
CH32V307,afio-tim1-remap,1,TIM1_CH1N,PA7,#,reference,candidates(datasheet-pin-table+rm-remap-grid:en)
CH32V307,afio-tim1-remap,1,TIM1_CH2,PA9,#,reference,candidates(datasheet-pin-table+rm-remap-grid:en)
CH32V307,afio-tim1-remap,1,TIM1_CH2N,PB0,#,reference,candidates(datasheet-pin-table+rm-remap-grid:en)
CH32V307,afio-tim1-remap,1,TIM1_CH3,PA10,#,reference,candidates(datasheet-pin-table+rm-remap-grid:en)
CH32V307,afio-tim1-remap,1,TIM1_CH3N,PB1,#,reference,candidates(datasheet-pin-table+rm-remap-grid:en)
CH32V307,afio-tim1-remap,1,TIM1_CH4,PA11,#,reference,candidates(datasheet-pin-table+rm-remap-grid:en)
CH32V307,afio-tim1-remap,1,TIM1_ETR,PA12,#,reference,candidates(datasheet-pin-table+rm-remap-grid:en)
CH32V307,afio-tim1-remap,3,TIM1_BKIN,PE15,#,reference,candidates(datasheet-pin-table+rm-remap-grid:en)
CH32V307,afio-tim1-remap,3,TIM1_CH1,PE9,#,reference,candidates(datasheet-pin-table+rm-remap-grid:en)
CH32V307,afio-tim1-remap,3,TIM1_CH1N,PE8,#,reference,candidates(datasheet-pin-table+rm-remap-grid:en)
CH32V307,afio-tim1-remap,3,TIM1_CH2,PE11,#,reference,candidates(datasheet-pin-table+rm-remap-grid:en)
CH32V307,afio-tim1-remap,3,TIM1_CH2N,PE10,#,reference,candidates(datasheet-pin-table+rm-remap-grid:en)
CH32V307,afio-tim1-remap,3,TIM1_CH3,PE13,#,reference,candidates(datasheet-pin-table+rm-remap-grid:en)
CH32V307,afio-tim1-remap,3,TIM1_CH3N,PE12,#,reference,candidates(datasheet-pin-table+rm-remap-grid:en)
CH32V307,afio-tim1-remap,3,TIM1_CH4,PE14,#,reference,candidates(datasheet-pin-table+rm-remap-grid:en)
CH32V307,afio-tim1-remap,3,TIM1_ETR,PE7,#,reference,candidates(datasheet-pin-table+rm-remap-grid:en)
CH32V307,afio-tim10-remap,0,TIM10_BKIN,PC12,#,reference,candidates(datasheet-pin-table-default:en)
CH32V307,afio-tim10-remap,0,TIM10_CH1,PB8,#,reference,candidates(datasheet-pin-table-default:en)
CH32V307,afio-tim10-remap,0,TIM10_CH1N,PA12,#,reference,candidates(datasheet-pin-table-default:en)
CH32V307,afio-tim10-remap,0,TIM10_CH2,PB9,#,reference,candidates(datasheet-pin-table-default:en)
CH32V307,afio-tim10-remap,0,TIM10_CH2N,PA13,#,reference,candidates(datasheet-pin-table-default:en)
CH32V307,afio-tim10-remap,0,TIM10_CH3,PC3,#,reference,candidates(datasheet-pin-table-default:en)
CH32V307,afio-tim10-remap,0,TIM10_CH3N,PA14,#,reference,candidates(datasheet-pin-table-default:en)
CH32V307,afio-tim10-remap,0,TIM10_CH4,PC11,#,reference,candidates(datasheet-pin-table-default:en)
CH32V307,afio-tim10-remap,0,TIM10_ETR,PC10,#,reference,candidates(datasheet-pin-table-default:en)
CH32V307,afio-tim10-remap,1,TIM10_BKIN,PB10,#,reference,candidates(datasheet-pin-table+rm-remap-grid:en)
CH32V307,afio-tim10-remap,1,TIM10_CH1,PB3,#,reference,candidates(datasheet-pin-table+rm-remap-grid:en)
CH32V307,afio-tim10-remap,1,TIM10_CH1N,PA5,#,reference,candidates(datasheet-pin-table+rm-remap-grid:en)
CH32V307,afio-tim10-remap,1,TIM10_CH2,PB4,#,reference,candidates(datasheet-pin-table+rm-remap-grid:en)
CH32V307,afio-tim10-remap,1,TIM10_CH2N,PA6,#,reference,candidates(datasheet-pin-table+rm-remap-grid:en)
CH32V307,afio-tim10-remap,1,TIM10_CH3,PB5,#,reference,candidates(datasheet-pin-table+rm-remap-grid:en)
CH32V307,afio-tim10-remap,1,TIM10_CH3N,PA7,#,reference,candidates(datasheet-pin-table+rm-remap-grid:en)
CH32V307,afio-tim10-remap,1,TIM10_CH4,PC15-OSC32_OUT,#,reference,candidates(datasheet-pin-table+rm-remap-grid:en)
CH32V307,afio-tim10-remap,1,TIM10_ETR,PB11,#,reference,candidates(datasheet-pin-table+rm-remap-grid:en)
CH32V307,afio-tim10-remap,2,TIM10_BKIN,PE2,#,reference,candidates(datasheet-pin-table+rm-remap-grid:en)
CH32V307,afio-tim10-remap,2,TIM10_CH1,PD1,#,reference,candidates(datasheet-pin-table+rm-remap-grid:en)
CH32V307,afio-tim10-remap,2,TIM10_CH1N,PE3,#,reference,candidates(datasheet-pin-table+rm-remap-grid:en)
CH32V307,afio-tim10-remap,2,TIM10_CH2,PD3,#,reference,candidates(datasheet-pin-table+rm-remap-grid:en)
CH32V307,afio-tim10-remap,2,TIM10_CH2N,PE4,#,reference,candidates(datasheet-pin-table+rm-remap-grid:en)
CH32V307,afio-tim10-remap,2,TIM10_CH3,PD5,#,reference,candidates(datasheet-pin-table+rm-remap-grid:en)
CH32V307,afio-tim10-remap,2,TIM10_CH3N,PE5,#,reference,candidates(datasheet-pin-table+rm-remap-grid:en)
CH32V307,afio-tim10-remap,2,TIM10_CH4,PD7,#,reference,candidates(datasheet-pin-table+rm-remap-grid:en)
CH32V307,afio-tim10-remap,2,TIM10_ETR,PD0,#,reference,candidates(datasheet-pin-table+rm-remap-grid:en)
CH32V307,afio-tim10-remap,3,TIM10_BKIN,PE2,#,reference,candidates(datasheet-pin-table+rm-remap-grid:en)
CH32V307,afio-tim10-remap,3,TIM10_CH1,PD1,#,reference,candidates(datasheet-pin-table+rm-remap-grid:en)
CH32V307,afio-tim10-remap,3,TIM10_CH1N,PE3,#,reference,candidates(datasheet-pin-table+rm-remap-grid:en)
CH32V307,afio-tim10-remap,3,TIM10_CH2,PD3,#,reference,candidates(datasheet-pin-table+rm-remap-grid:en)
CH32V307,afio-tim10-remap,3,TIM10_CH2N,PE4,#,reference,candidates(datasheet-pin-table+rm-remap-grid:en)
CH32V307,afio-tim10-remap,3,TIM10_CH3,PD5,#,reference,candidates(datasheet-pin-table+rm-remap-grid:en)
CH32V307,afio-tim10-remap,3,TIM10_CH3N,PE5,#,reference,candidates(datasheet-pin-table+rm-remap-grid:en)
CH32V307,afio-tim10-remap,3,TIM10_CH4,PD7,#,reference,candidates(datasheet-pin-table+rm-remap-grid:en)
CH32V307,afio-tim10-remap,3,TIM10_ETR,PD0,#,reference,candidates(datasheet-pin-table+rm-remap-grid:en)
CH32V307,afio-tim2-remap,0,TIM2_CH1,PA0-WKUP,#,reference,candidates(datasheet-pin-table-default:en)
CH32V307,afio-tim2-remap,0,TIM2_CH2,PA1,#,reference,candidates(datasheet-pin-table-default:en)
CH32V307,afio-tim2-remap,0,TIM2_CH3,PA2,#,reference,candidates(datasheet-pin-table-default:en)
CH32V307,afio-tim2-remap,0,TIM2_CH4,PA3,#,reference,candidates(datasheet-pin-table-default:en)
CH32V307,afio-tim2-remap,0,TIM2_ETR,PA0-WKUP,#,reference,candidates(datasheet-pin-table-default:en)
CH32V307,afio-tim2-remap,1,TIM2_CH1,PA15,#,reference,candidates(datasheet-pin-table+rm-remap-grid:en)
CH32V307,afio-tim2-remap,1,TIM2_CH2,PB3,#,reference,candidates(datasheet-pin-table+rm-remap-grid:en)
CH32V307,afio-tim2-remap,1,TIM2_CH3,PA2,#,reference,candidates(datasheet-pin-table+rm-remap-grid:en)
CH32V307,afio-tim2-remap,1,TIM2_CH4,PA3,#,reference,candidates(datasheet-pin-table+rm-remap-grid:en)
CH32V307,afio-tim2-remap,1,TIM2_ETR,PA15,#,reference,candidates(datasheet-pin-table+rm-remap-grid:en)
CH32V307,afio-tim2-remap,2,TIM2_CH1,PA0-WKUP,#,reference,candidates(datasheet-pin-table+rm-remap-grid:en)
CH32V307,afio-tim2-remap,2,TIM2_CH2,PA1,#,reference,candidates(datasheet-pin-table+rm-remap-grid:en)
CH32V307,afio-tim2-remap,2,TIM2_CH3,PB10,#,reference,candidates(datasheet-pin-table+rm-remap-grid:en)
CH32V307,afio-tim2-remap,2,TIM2_CH4,PB11,#,reference,candidates(datasheet-pin-table+rm-remap-grid:en)
CH32V307,afio-tim2-remap,2,TIM2_ETR,PA0-WKUP,#,reference,candidates(datasheet-pin-table+rm-remap-grid:en)
CH32V307,afio-tim2-remap,3,TIM2_CH1,PA15,#,reference,candidates(datasheet-pin-table+rm-remap-grid:en)
CH32V307,afio-tim2-remap,3,TIM2_CH2,PB3,#,reference,candidates(datasheet-pin-table+rm-remap-grid:en)
CH32V307,afio-tim2-remap,3,TIM2_CH3,PB10,#,reference,candidates(datasheet-pin-table+rm-remap-grid:en)
CH32V307,afio-tim2-remap,3,TIM2_CH4,PB11,#,reference,candidates(datasheet-pin-table+rm-remap-grid:en)
CH32V307,afio-tim2-remap,3,TIM2_ETR,PA15,#,reference,candidates(datasheet-pin-table+rm-remap-grid:en)
CH32V307,afio-tim3-remap,0,TIM3_CH1,PA6,#,reference,candidates(datasheet-pin-table-default:en)
CH32V307,afio-tim3-remap,0,TIM3_CH2,PA7,#,reference,candidates(datasheet-pin-table-default:en)
CH32V307,afio-tim3-remap,0,TIM3_CH3,PB0,#,reference,candidates(datasheet-pin-table-default:en)
CH32V307,afio-tim3-remap,0,TIM3_CH4,PB1,#,reference,candidates(datasheet-pin-table-default:en)
CH32V307,afio-tim3-remap,0,TIM3_ETR,PD2,#,reference,candidates(datasheet-pin-table-default:en)
CH32V307,afio-tim3-remap,2,TIM3_CH1,PB4,#,reference,candidates(datasheet-pin-table+rm-remap-grid:en)
CH32V307,afio-tim3-remap,2,TIM3_CH2,PB5,#,reference,candidates(datasheet-pin-table+rm-remap-grid:en)
CH32V307,afio-tim3-remap,2,TIM3_CH3,PB0,#,reference,candidates(datasheet-pin-table+rm-remap-grid:en)
CH32V307,afio-tim3-remap,2,TIM3_CH4,PB1,#,reference,candidates(datasheet-pin-table+rm-remap-grid:en)
CH32V307,afio-tim3-remap,2,TIM3_ETR,PD2,#,reference,candidates(datasheet-pin-table+rm-remap-grid:en)
CH32V307,afio-tim3-remap,3,TIM3_CH1,PC6,#,reference,candidates(datasheet-pin-table+rm-remap-grid:en)
CH32V307,afio-tim3-remap,3,TIM3_CH2,PC7,#,reference,candidates(datasheet-pin-table+rm-remap-grid:en)
CH32V307,afio-tim3-remap,3,TIM3_CH3,PC8,#,reference,candidates(datasheet-pin-table+rm-remap-grid:en)
CH32V307,afio-tim3-remap,3,TIM3_CH4,PC9,#,reference,candidates(datasheet-pin-table+rm-remap-grid:en)
CH32V307,afio-tim3-remap,3,TIM3_ETR,PD2,#,reference,candidates(datasheet-pin-table+rm-remap-grid:en)
CH32V307,afio-tim4-remap,0,TIM4_CH1,PB6,#,reference,candidates(datasheet-pin-table-default:en)
CH32V307,afio-tim4-remap,0,TIM4_CH2,PB7,#,reference,candidates(datasheet-pin-table-default:en)
CH32V307,afio-tim4-remap,0,TIM4_CH3,PB8,#,reference,candidates(datasheet-pin-table-default:en)
CH32V307,afio-tim4-remap,0,TIM4_CH4,PB9,#,reference,candidates(datasheet-pin-table-default:en)
CH32V307,afio-tim4-remap,0,TIM4_ETR,PE0,#,reference,candidates(datasheet-pin-table-default:en)
CH32V307,afio-tim4-remap,1,TIM4_CH1,PD12,#,reference,candidates(datasheet-pin-table+rm-remap-grid:en)
CH32V307,afio-tim4-remap,1,TIM4_CH2,PD13,#,reference,candidates(datasheet-pin-table+rm-remap-grid:en)
CH32V307,afio-tim4-remap,1,TIM4_CH3,PD14,#,reference,candidates(datasheet-pin-table+rm-remap-grid:en)
CH32V307,afio-tim4-remap,1,TIM4_CH4,PD15,#,reference,candidates(datasheet-pin-table+rm-remap-grid:en)
CH32V307,afio-tim4-remap,1,TIM4_ETR,PE0,#,reference,candidates(datasheet-pin-table+rm-remap-grid:en)
CH32V307,afio-tim5ch4-rm,0,TIM5_CH4,PA3,#,reference,candidates(datasheet-pin-table-default:en)
CH32V307,afio-tim8-remap,0,TIM8_BKIN,PA6,#,reference,candidates(datasheet-pin-table-default:en)
CH32V307,afio-tim8-remap,0,TIM8_CH1,PC6,#,reference,candidates(datasheet-pin-table-default:en)
CH32V307,afio-tim8-remap,0,TIM8_CH1N,PA7,#,reference,candidates(datasheet-pin-table-default:en)
CH32V307,afio-tim8-remap,0,TIM8_CH2,PC7,#,reference,candidates(datasheet-pin-table-default:en)
CH32V307,afio-tim8-remap,0,TIM8_CH2N,PB0,#,reference,candidates(datasheet-pin-table-default:en)
CH32V307,afio-tim8-remap,0,TIM8_CH3,PC8,#,reference,candidates(datasheet-pin-table-default:en)
CH32V307,afio-tim8-remap,0,TIM8_CH3N,PB1,#,reference,candidates(datasheet-pin-table-default:en)
CH32V307,afio-tim8-remap,0,TIM8_CH4,PC9,#,reference,candidates(datasheet-pin-table-default:en)
CH32V307,afio-tim8-remap,0,TIM8_ETR,PA0-WKUP,#,reference,candidates(datasheet-pin-table-default:en)
CH32V307,afio-tim8-remap,1,TIM8_BKIN,PB9,#,reference,candidates(datasheet-pin-table+rm-remap-grid:en)
CH32V307,afio-tim8-remap,1,TIM8_CH1,PB6,#,reference,candidates(datasheet-pin-table+rm-remap-grid:en)
CH32V307,afio-tim8-remap,1,TIM8_CH1N,PA13,#,reference,candidates(datasheet-pin-table+rm-remap-grid:en)
CH32V307,afio-tim8-remap,1,TIM8_CH2,PB7,#,reference,candidates(datasheet-pin-table+rm-remap-grid:en)
CH32V307,afio-tim8-remap,1,TIM8_CH2N,PA14,#,reference,candidates(datasheet-pin-table+rm-remap-grid:en)
CH32V307,afio-tim8-remap,1,TIM8_CH3,PB8,#,reference,candidates(datasheet-pin-table+rm-remap-grid:en)
CH32V307,afio-tim8-remap,1,TIM8_CH3N,PA15,#,reference,candidates(datasheet-pin-table+rm-remap-grid:en)
CH32V307,afio-tim8-remap,1,TIM8_CH4,PC13-TAMPER-RTC,#,reference,candidates(datasheet-pin-table+rm-remap-grid:en)
CH32V307,afio-tim8-remap,1,TIM8_ETR,PA0-WKUP,#,reference,candidates(datasheet-pin-table+rm-remap-grid:en)
CH32V307,afio-tim9-remap,0,TIM9_BKIN,PC5,#,reference,candidates(datasheet-pin-table-default:en)
CH32V307,afio-tim9-remap,0,TIM9_CH1,PA2,#,reference,candidates(datasheet-pin-table-default:en)
CH32V307,afio-tim9-remap,0,TIM9_CH1N,PC0,#,reference,candidates(datasheet-pin-table-default:en)
CH32V307,afio-tim9-remap,0,TIM9_CH2,PA3,#,reference,candidates(datasheet-pin-table-default:en)
CH32V307,afio-tim9-remap,0,TIM9_CH2N,PC1,#,reference,candidates(datasheet-pin-table-default:en)
CH32V307,afio-tim9-remap,0,TIM9_CH3,PA4,#,reference,candidates(datasheet-pin-table-default:en)
CH32V307,afio-tim9-remap,0,TIM9_CH3N,PC2,#,reference,candidates(datasheet-pin-table-default:en)
CH32V307,afio-tim9-remap,0,TIM9_CH4,PC4,#,reference,candidates(datasheet-pin-table-default:en)
CH32V307,afio-tim9-remap,0,TIM9_ETR,PA2,#,reference,candidates(datasheet-pin-table-default:en)
CH32V307,afio-tim9-remap,1,TIM9_BKIN,PA1,#,reference,candidates(datasheet-pin-table+rm-remap-grid:en)
CH32V307,afio-tim9-remap,1,TIM9_CH1,PA2,#,reference,candidates(datasheet-pin-table+rm-remap-grid:en)
CH32V307,afio-tim9-remap,1,TIM9_CH1N,PB0,#,reference,candidates(datasheet-pin-table+rm-remap-grid:en)
CH32V307,afio-tim9-remap,1,TIM9_CH2,PA3,#,reference,candidates(datasheet-pin-table+rm-remap-grid:en)
CH32V307,afio-tim9-remap,1,TIM9_CH2N,PB1,#,reference,candidates(datasheet-pin-table+rm-remap-grid:en)
CH32V307,afio-tim9-remap,1,TIM9_CH3,PA4,#,reference,candidates(datasheet-pin-table+rm-remap-grid:en)
CH32V307,afio-tim9-remap,1,TIM9_CH3N,PB2,#,reference,candidates(datasheet-pin-table+rm-remap-grid:en)
CH32V307,afio-tim9-remap,1,TIM9_CH4,PC14-OSC32_IN,#,reference,candidates(datasheet-pin-table+rm-remap-grid:en)
CH32V307,afio-tim9-remap,1,TIM9_ETR,PA2,#,reference,candidates(datasheet-pin-table+rm-remap-grid:en)
CH32V307,afio-tim9-remap,2,TIM9_BKIN,PD14,#,reference,candidates(datasheet-pin-table+rm-remap-grid:en)
CH32V307,afio-tim9-remap,2,TIM9_CH1,PD9,#,reference,candidates(datasheet-pin-table+rm-remap-grid:en)
CH32V307,afio-tim9-remap,2,TIM9_CH1N,PD8,#,reference,candidates(datasheet-pin-table+rm-remap-grid:en)
CH32V307,afio-tim9-remap,2,TIM9_CH2,PD11,#,reference,candidates(datasheet-pin-table+rm-remap-grid:en)
CH32V307,afio-tim9-remap,2,TIM9_CH2N,PD10,#,reference,candidates(datasheet-pin-table+rm-remap-grid:en)
CH32V307,afio-tim9-remap,2,TIM9_CH3,PD13,#,reference,candidates(datasheet-pin-table+rm-remap-grid:en)
CH32V307,afio-tim9-remap,2,TIM9_CH3N,PD12,#,reference,candidates(datasheet-pin-table+rm-remap-grid:en)
CH32V307,afio-tim9-remap,2,TIM9_CH4,PD15,#,reference,candidates(datasheet-pin-table+rm-remap-grid:en)
CH32V307,afio-tim9-remap,2,TIM9_ETR,PD9,#,reference,candidates(datasheet-pin-table+rm-remap-grid:en)
CH32V307,afio-tim9-remap,3,TIM9_BKIN,PD14,#,reference,candidates(datasheet-pin-table+rm-remap-grid:en)
CH32V307,afio-tim9-remap,3,TIM9_CH1,PD9,#,reference,candidates(datasheet-pin-table+rm-remap-grid:en)
CH32V307,afio-tim9-remap,3,TIM9_CH1N,PD8,#,reference,candidates(datasheet-pin-table+rm-remap-grid:en)
CH32V307,afio-tim9-remap,3,TIM9_CH2,PD11,#,reference,candidates(datasheet-pin-table+rm-remap-grid:en)
CH32V307,afio-tim9-remap,3,TIM9_CH2N,PD10,#,reference,candidates(datasheet-pin-table+rm-remap-grid:en)
CH32V307,afio-tim9-remap,3,TIM9_CH3,PD13,#,reference,candidates(datasheet-pin-table+rm-remap-grid:en)
CH32V307,afio-tim9-remap,3,TIM9_CH3N,PD12,#,reference,candidates(datasheet-pin-table+rm-remap-grid:en)
CH32V307,afio-tim9-remap,3,TIM9_CH4,PD15,#,reference,candidates(datasheet-pin-table+rm-remap-grid:en)
CH32V307,afio-tim9-remap,3,TIM9_ETR,PD9,#,reference,candidates(datasheet-pin-table+rm-remap-grid:en)
CH32V307,afio-usart1-remap,0,USART1_CK,PA8,#,reference,candidates(datasheet-pin-table-default:en)
CH32V307,afio-usart1-remap,0,USART1_CTS,PA11,#,reference,candidates(datasheet-pin-table-default:en)
CH32V307,afio-usart1-remap,0,USART1_RTS,PA12,#,reference,candidates(datasheet-pin-table-default:en)
CH32V307,afio-usart1-remap,0,USART1_RX,PA10,#,reference,candidates(datasheet-pin-table-default:en)
CH32V307,afio-usart1-remap,0,USART1_TX,PA9,#,reference,candidates(datasheet-pin-table-default:en)
CH32V307,afio-usart1-remap,1,USART1_CK,PA8,#,reference,candidates(datasheet-pin-table+rm-remap-grid:en)
CH32V307,afio-usart1-remap,1,USART1_CTS,PA11,#,reference,candidates(datasheet-pin-table+rm-remap-grid:en)
CH32V307,afio-usart1-remap,1,USART1_RTS,PA12,#,reference,candidates(datasheet-pin-table+rm-remap-grid:en)
CH32V307,afio-usart1-remap,1,USART1_RX,PB7,#,reference,candidates(datasheet-pin-table+rm-remap-grid:en)
CH32V307,afio-usart1-remap,1,USART1_TX,PB6,#,reference,candidates(datasheet-pin-table+rm-remap-grid:en)
CH32V307,afio-usart1-remap,2,USART1_CK,PA10,#,reference,candidates(datasheet-pin-table+rm-remap-grid:en)
CH32V307,afio-usart1-remap,2,USART1_CTS,PA5,#,reference,candidates(datasheet-pin-table+rm-remap-grid:en)
CH32V307,afio-usart1-remap,2,USART1_RTS,PA9,#,reference,candidates(datasheet-pin-table+rm-remap-grid:en)
CH32V307,afio-usart1-remap,2,USART1_RX,PA8,#,reference,candidates(datasheet-pin-table+rm-remap-grid:en)
CH32V307,afio-usart1-remap,2,USART1_TX,PB15,#,reference,candidates(datasheet-pin-table+rm-remap-grid:en)
CH32V307,afio-usart1-remap,3,USART1_CK,PA5,#,reference,candidates(datasheet-pin-table+rm-remap-grid:en)
CH32V307,afio-usart1-remap,3,USART1_CTS,PC4,#,reference,candidates(datasheet-pin-table+rm-remap-grid:en)
CH32V307,afio-usart1-remap,3,USART1_RTS,PC5,#,reference,candidates(datasheet-pin-table+rm-remap-grid:en)
CH32V307,afio-usart1-remap,3,USART1_RX,PA7,#,reference,candidates(datasheet-pin-table+rm-remap-grid:en)
CH32V307,afio-usart1-remap,3,USART1_TX,PA6,#,reference,candidates(datasheet-pin-table+rm-remap-grid:en)
CH32V307,afio-usart2-remap,0,USART2_CK,PA4,#,reference,candidates(datasheet-pin-table-default:en)
CH32V307,afio-usart2-remap,0,USART2_CTS,PA0-WKUP,#,reference,candidates(datasheet-pin-table-default:en)
CH32V307,afio-usart2-remap,0,USART2_RTS,PA1,#,reference,candidates(datasheet-pin-table-default:en)
CH32V307,afio-usart2-remap,0,USART2_RX,PA3,#,reference,candidates(datasheet-pin-table-default:en)
CH32V307,afio-usart2-remap,0,USART2_TX,PA2,#,reference,candidates(datasheet-pin-table-default:en)
CH32V307,afio-usart2-remap,1,USART2_CK,PD7,#,reference,candidates(datasheet-pin-table+rm-remap-grid:en)
CH32V307,afio-usart2-remap,1,USART2_CTS,PD3,#,reference,candidates(datasheet-pin-table+rm-remap-grid:en)
CH32V307,afio-usart2-remap,1,USART2_RTS,PD4,#,reference,candidates(datasheet-pin-table+rm-remap-grid:en)
CH32V307,afio-usart2-remap,1,USART2_RX,PD6,#,reference,candidates(datasheet-pin-table+rm-remap-grid:en)
CH32V307,afio-usart2-remap,1,USART2_TX,PD5,#,reference,candidates(datasheet-pin-table+rm-remap-grid:en)
CH32V307,afio-usart3-remap,0,USART3_CK,PB12,#,reference,candidates(datasheet-pin-table-default:en)
CH32V307,afio-usart3-remap,0,USART3_CTS,PB13,#,reference,candidates(datasheet-pin-table-default:en)
CH32V307,afio-usart3-remap,0,USART3_RTS,PB14,#,reference,candidates(datasheet-pin-table-default:en)
CH32V307,afio-usart3-remap,0,USART3_RX,PB11,#,reference,candidates(datasheet-pin-table-default:en)
CH32V307,afio-usart3-remap,0,USART3_TX,PB10,#,reference,candidates(datasheet-pin-table-default:en)
CH32V307,afio-usart3-remap,1,USART3_CK,PC12,#,reference,candidates(datasheet-pin-table+rm-remap-grid:en)
CH32V307,afio-usart3-remap,1,USART3_CTS,PB13,#,reference,candidates(datasheet-pin-table+rm-remap-grid:en)
CH32V307,afio-usart3-remap,1,USART3_RTS,PB14,#,reference,candidates(datasheet-pin-table+rm-remap-grid:en)
CH32V307,afio-usart3-remap,1,USART3_RX,PC11,#,reference,candidates(datasheet-pin-table+rm-remap-grid:en)
CH32V307,afio-usart3-remap,1,USART3_TX,PC10,#,reference,candidates(datasheet-pin-table+rm-remap-grid:en)
CH32V307,afio-usart3-remap,2,USART3_CK,PD10,#,reference,candidates(datasheet-pin-table+rm-remap-grid:en)
CH32V307,afio-usart3-remap,2,USART3_CTS,PD11,#,reference,candidates(datasheet-pin-table+rm-remap-grid:en)
CH32V307,afio-usart3-remap,2,USART3_RTS,PD12,#,reference,candidates(datasheet-pin-table+rm-remap-grid:en)
CH32V307,afio-usart3-remap,2,USART3_RX,PA14,#,reference,candidates(datasheet-pin-table+rm-remap-grid:en)
CH32V307,afio-usart3-remap,2,USART3_TX,PA13,#,reference,candidates(datasheet-pin-table+rm-remap-grid:en)
CH32V307,afio-usart3-remap,3,USART3_CK,PD10,#,reference,candidates(datasheet-pin-table+rm-remap-grid:en)
CH32V307,afio-usart3-remap,3,USART3_CTS,PD11,#,reference,candidates(datasheet-pin-table+rm-remap-grid:en)
CH32V307,afio-usart3-remap,3,USART3_RTS,PD12,#,reference,candidates(datasheet-pin-table+rm-remap-grid:en)
CH32V307,afio-usart3-remap,3,USART3_RX,PD9,#,reference,candidates(datasheet-pin-table+rm-remap-grid:en)
CH32V307,afio-usart3-remap,3,USART3_TX,PD8,#,reference,candidates(datasheet-pin-table+rm-remap-grid:en)
CH32V307,afio-usart4-remap,0,UART4_RX,PC11,#,reference,candidates(datasheet-pin-table-default:en)
CH32V307,afio-usart4-remap,0,UART4_TX,PC10,#,reference,candidates(datasheet-pin-table-default:en)
CH32V307,afio-usart4-remap,1,UART4_RX,PB1,#,reference,candidates(datasheet-pin-table+rm-remap-grid:en)
CH32V307,afio-usart4-remap,1,UART4_TX,PB0,#,reference,candidates(datasheet-pin-table+rm-remap-grid:en)
CH32V307,afio-usart4-remap,2,UART4_RX,PE1,#,reference,candidates(datasheet-pin-table+rm-remap-grid:en)
CH32V307,afio-usart4-remap,2,UART4_TX,PE0,#,reference,candidates(datasheet-pin-table+rm-remap-grid:en)
CH32V307,afio-usart4-remap,3,UART4_RX,PE1,#,reference,candidates(datasheet-pin-table+rm-remap-grid:en)
CH32V307,afio-usart4-remap,3,UART4_TX,PE0,#,reference,candidates(datasheet-pin-table+rm-remap-grid:en)
CH32V307,afio-usart5-remap,0,UART5_RX,PD2,#,reference,candidates(datasheet-pin-table-default:en)
CH32V307,afio-usart5-remap,0,UART5_TX,PC12,#,reference,candidates(datasheet-pin-table-default:en)
CH32V307,afio-usart5-remap,1,UART5_RX,PB5,#,reference,candidates(datasheet-pin-table+rm-remap-grid:en)
CH32V307,afio-usart5-remap,1,UART5_TX,PB4,#,reference,candidates(datasheet-pin-table+rm-remap-grid:en)
CH32V307,afio-usart5-remap,2,UART5_RX,PE9,#,reference,candidates(datasheet-pin-table+rm-remap-grid:en)
CH32V307,afio-usart5-remap,2,UART5_TX,PE8,#,reference,candidates(datasheet-pin-table+rm-remap-grid:en)
CH32V307,afio-usart5-remap,3,UART5_RX,PE9,#,reference,candidates(datasheet-pin-table+rm-remap-grid:en)
CH32V307,afio-usart5-remap,3,UART5_TX,PE8,#,reference,candidates(datasheet-pin-table+rm-remap-grid:en)
CH32V307,afio-usart6-remap,0,UART6_RX,PC1,#,reference,candidates(datasheet-pin-table-default:en)
CH32V307,afio-usart6-remap,0,UART6_TX,PC0,#,reference,candidates(datasheet-pin-table-default:en)
CH32V307,afio-usart6-remap,1,UART6_RX,PB9,#,reference,candidates(datasheet-pin-table+rm-remap-grid:en)
CH32V307,afio-usart6-remap,1,UART6_TX,PB8,#,reference,candidates(datasheet-pin-table+rm-remap-grid:en)
CH32V307,afio-usart6-remap,2,UART6_RX,PE11,#,reference,candidates(datasheet-pin-table+rm-remap-grid:en)
CH32V307,afio-usart6-remap,2,UART6_TX,PE10,#,reference,candidates(datasheet-pin-table+rm-remap-grid:en)
CH32V307,afio-usart6-remap,3,UART6_RX,PE11,#,reference,candidates(datasheet-pin-table+rm-remap-grid:en)
CH32V307,afio-usart6-remap,3,UART6_TX,PE10,#,reference,candidates(datasheet-pin-table+rm-remap-grid:en)
CH32V307,afio-usart7-remap,0,UART7_RX,PC3,#,reference,candidates(datasheet-pin-table-default:en)
CH32V307,afio-usart7-remap,0,UART7_TX,PC2,#,reference,candidates(datasheet-pin-table-default:en)
CH32V307,afio-usart7-remap,1,UART7_RX,PA7,#,reference,candidates(datasheet-pin-table+rm-remap-grid:en)
CH32V307,afio-usart7-remap,1,UART7_TX,PA6,#,reference,candidates(datasheet-pin-table+rm-remap-grid:en)
CH32V307,afio-usart7-remap,2,UART7_RX,PE13,#,reference,candidates(datasheet-pin-table+rm-remap-grid:en)
CH32V307,afio-usart7-remap,2,UART7_TX,PE12,#,reference,candidates(datasheet-pin-table+rm-remap-grid:en)
CH32V307,afio-usart7-remap,3,UART7_RX,PE13,#,reference,candidates(datasheet-pin-table+rm-remap-grid:en)
CH32V307,afio-usart7-remap,3,UART7_TX,PE12,#,reference,candidates(datasheet-pin-table+rm-remap-grid:en)
CH32V307,afio-usart8-remap,0,UART8_RX,PC5,#,reference,candidates(datasheet-pin-table-default:en)
CH32V307,afio-usart8-remap,0,UART8_TX,PC4,#,reference,candidates(datasheet-pin-table-default:en)
CH32V307,afio-usart8-remap,1,UART8_RX,PA15,#,reference,candidates(datasheet-pin-table+rm-remap-grid:en)
CH32V307,afio-usart8-remap,1,UART8_TX,PA14,#,reference,candidates(datasheet-pin-table+rm-remap-grid:en)
CH32V307,afio-usart8-remap,2,UART8_RX,PE15,#,reference,candidates(datasheet-pin-table+rm-remap-grid:en)
CH32V307,afio-usart8-remap,2,UART8_TX,PE14,#,reference,candidates(datasheet-pin-table+rm-remap-grid:en)
CH32V307,afio-usart8-remap,3,UART8_RX,PE15,#,reference,candidates(datasheet-pin-table+rm-remap-grid:en)
CH32V307,afio-usart8-remap,3,UART8_TX,PE14,#,reference,candidates(datasheet-pin-table+rm-remap-grid:en)
CH32V317,afio-can-remap,0,CAN1_RX,PA11,#,reference,candidates(datasheet-pin-table-default:en)
CH32V317,afio-can-remap,0,CAN1_TX,PA12,#,reference,candidates(datasheet-pin-table-default:en)
CH32V317,afio-can-remap,2,CAN1_RX,PB8,#,reference,candidates(datasheet-pin-table+rm-remap-grid:en)
CH32V317,afio-can-remap,2,CAN1_TX,PB9,#,reference,candidates(datasheet-pin-table+rm-remap-grid:en)
CH32V317,afio-can-remap,3,CAN1_RX,PD0,#,reference,candidates(datasheet-pin-table+rm-remap-grid:en)
CH32V317,afio-can-remap,3,CAN1_TX,PD1,#,reference,candidates(datasheet-pin-table+rm-remap-grid:en)
CH32V317,afio-can2-remap,0,CAN2_RX,PB12,#,reference,candidates(datasheet-pin-table-default:en)
CH32V317,afio-can2-remap,0,CAN2_TX,PB13,#,reference,candidates(datasheet-pin-table-default:en)
CH32V317,afio-can2-remap,1,CAN2_RX,PB5,#,reference,candidates(datasheet-pin-table+rm-remap-grid:en)
CH32V317,afio-can2-remap,1,CAN2_TX,PB6,#,reference,candidates(datasheet-pin-table+rm-remap-grid:en)
CH32V317,afio-i2c1-remap,0,I2C1_SCL,PB6,#,reference,candidates(datasheet-pin-table-default:en)
CH32V317,afio-i2c1-remap,0,I2C1_SDA,PB7,#,reference,candidates(datasheet-pin-table-default:en)
CH32V317,afio-i2c1-remap,0,I2C1_SMBA,PB5,#,reference,candidates(datasheet-pin-table-default:en)
CH32V317,afio-i2c1-remap,1,I2C1_SCL,PB8,#,reference,candidates(datasheet-pin-table+rm-remap-grid:en)
CH32V317,afio-i2c1-remap,1,I2C1_SDA,PB9,#,reference,candidates(datasheet-pin-table+rm-remap-grid:en)
CH32V317,afio-spi1-remap,0,SPI1_MISO,PA6,#,reference,candidates(datasheet-pin-table-default:en)
CH32V317,afio-spi1-remap,0,SPI1_MOSI,PA7,#,reference,candidates(datasheet-pin-table-default:en)
CH32V317,afio-spi1-remap,0,SPI1_NSS,PA4,#,reference,candidates(datasheet-pin-table-default:en)
CH32V317,afio-spi1-remap,0,SPI1_SCK,PA5,#,reference,candidates(datasheet-pin-table-default:en)
CH32V317,afio-spi1-remap,1,SPI1_MISO,PB4,#,reference,candidates(datasheet-pin-table+rm-remap-grid:en)
CH32V317,afio-spi1-remap,1,SPI1_MOSI,PB5,#,reference,candidates(datasheet-pin-table+rm-remap-grid:en)
CH32V317,afio-spi1-remap,1,SPI1_NSS,PA15,#,reference,candidates(datasheet-pin-table+rm-remap-grid:en)
CH32V317,afio-spi1-remap,1,SPI1_SCK,PB3,#,reference,candidates(datasheet-pin-table+rm-remap-grid:en)
CH32V317,afio-spi3-remap,0,SPI3_MISO,PB4,#,reference,candidates(datasheet-pin-table-default:en)
CH32V317,afio-spi3-remap,0,SPI3_MOSI,PB5,#,reference,candidates(datasheet-pin-table-default:en)
CH32V317,afio-spi3-remap,0,SPI3_NSS,PA15,#,reference,candidates(datasheet-pin-table-default:en)
CH32V317,afio-spi3-remap,0,SPI3_SCK,PB3,#,reference,candidates(datasheet-pin-table-default:en)
CH32V317,afio-spi3-remap,1,SPI3_MISO,PC11,#,reference,candidates(datasheet-pin-table+rm-remap-grid:en)
CH32V317,afio-spi3-remap,1,SPI3_MOSI,PC12,#,reference,candidates(datasheet-pin-table+rm-remap-grid:en)
CH32V317,afio-spi3-remap,1,SPI3_NSS,PA4,#,reference,candidates(datasheet-pin-table+rm-remap-grid:en)
CH32V317,afio-spi3-remap,1,SPI3_SCK,PC10,#,reference,candidates(datasheet-pin-table+rm-remap-grid:en)
CH32V317,afio-tim1-remap,0,TIM1_BKIN,PB12,#,reference,candidates(datasheet-pin-table-default:en)
CH32V317,afio-tim1-remap,0,TIM1_CH1,PA8,#,reference,candidates(datasheet-pin-table-default:en)
CH32V317,afio-tim1-remap,0,TIM1_CH1N,PB13,#,reference,candidates(datasheet-pin-table-default:en)
CH32V317,afio-tim1-remap,0,TIM1_CH2,PA9,#,reference,candidates(datasheet-pin-table-default:en)
CH32V317,afio-tim1-remap,0,TIM1_CH2N,PB14,#,reference,candidates(datasheet-pin-table-default:en)
CH32V317,afio-tim1-remap,0,TIM1_CH3,PA10,#,reference,candidates(datasheet-pin-table-default:en)
CH32V317,afio-tim1-remap,0,TIM1_CH3N,PB15,#,reference,candidates(datasheet-pin-table-default:en)
CH32V317,afio-tim1-remap,0,TIM1_CH4,PA11,#,reference,candidates(datasheet-pin-table-default:en)
CH32V317,afio-tim1-remap,0,TIM1_ETR,PA12,#,reference,candidates(datasheet-pin-table-default:en)
CH32V317,afio-tim1-remap,1,TIM1_BKIN,PA6,#,reference,candidates(datasheet-pin-table+rm-remap-grid:en)
CH32V317,afio-tim1-remap,1,TIM1_CH1,PA8,#,reference,candidates(datasheet-pin-table+rm-remap-grid:en)
CH32V317,afio-tim1-remap,1,TIM1_CH1N,PA7,#,reference,candidates(datasheet-pin-table+rm-remap-grid:en)
CH32V317,afio-tim1-remap,1,TIM1_CH2,PA9,#,reference,candidates(datasheet-pin-table+rm-remap-grid:en)
CH32V317,afio-tim1-remap,1,TIM1_CH2N,PB0,#,reference,candidates(datasheet-pin-table+rm-remap-grid:en)
CH32V317,afio-tim1-remap,1,TIM1_CH3,PA10,#,reference,candidates(datasheet-pin-table+rm-remap-grid:en)
CH32V317,afio-tim1-remap,1,TIM1_CH3N,PB1,#,reference,candidates(datasheet-pin-table+rm-remap-grid:en)
CH32V317,afio-tim1-remap,1,TIM1_CH4,PA11,#,reference,candidates(datasheet-pin-table+rm-remap-grid:en)
CH32V317,afio-tim1-remap,1,TIM1_ETR,PA12,#,reference,candidates(datasheet-pin-table+rm-remap-grid:en)
CH32V317,afio-tim10-remap,0,TIM10_BKIN,PC12,#,reference,candidates(datasheet-pin-table-default:en)
CH32V317,afio-tim10-remap,0,TIM10_CH1,PB8,#,reference,candidates(datasheet-pin-table-default:en)
CH32V317,afio-tim10-remap,0,TIM10_CH1N,PA12,#,reference,candidates(datasheet-pin-table-default:en)
CH32V317,afio-tim10-remap,0,TIM10_CH2,PB9,#,reference,candidates(datasheet-pin-table-default:en)
CH32V317,afio-tim10-remap,0,TIM10_CH2N,PA13,#,reference,candidates(datasheet-pin-table-default:en)
CH32V317,afio-tim10-remap,0,TIM10_CH3,PC3,#,reference,candidates(datasheet-pin-table-default:en)
CH32V317,afio-tim10-remap,0,TIM10_CH3N,PA14,#,reference,candidates(datasheet-pin-table-default:en)
CH32V317,afio-tim10-remap,0,TIM10_CH4,PC11,#,reference,candidates(datasheet-pin-table-default:en)
CH32V317,afio-tim10-remap,0,TIM10_ETR,PC10,#,reference,candidates(datasheet-pin-table-default:en)
CH32V317,afio-tim10-remap,1,TIM10_BKIN,PB10,#,reference,candidates(datasheet-pin-table+rm-remap-grid:en)
CH32V317,afio-tim10-remap,1,TIM10_CH1,PB3,#,reference,candidates(datasheet-pin-table+rm-remap-grid:en)
CH32V317,afio-tim10-remap,1,TIM10_CH1N,PA5,#,reference,candidates(datasheet-pin-table+rm-remap-grid:en)
CH32V317,afio-tim10-remap,1,TIM10_CH2,PB4,#,reference,candidates(datasheet-pin-table+rm-remap-grid:en)
CH32V317,afio-tim10-remap,1,TIM10_CH2N,PA6,#,reference,candidates(datasheet-pin-table+rm-remap-grid:en)
CH32V317,afio-tim10-remap,1,TIM10_CH3,PB5,#,reference,candidates(datasheet-pin-table+rm-remap-grid:en)
CH32V317,afio-tim10-remap,1,TIM10_CH3N,PA7,#,reference,candidates(datasheet-pin-table+rm-remap-grid:en)
CH32V317,afio-tim10-remap,1,TIM10_CH4,PC15-OSC32_OUT,#,reference,candidates(datasheet-pin-table+rm-remap-grid:en)
CH32V317,afio-tim10-remap,1,TIM10_ETR,PB11,#,reference,candidates(datasheet-pin-table+rm-remap-grid:en)
CH32V317,afio-tim10-remap,2,TIM10_BKIN,PE2,#,reference,candidates(datasheet-pin-table+rm-remap-grid:en)
CH32V317,afio-tim10-remap,2,TIM10_CH1,PD1,#,reference,candidates(datasheet-pin-table+rm-remap-grid:en)
CH32V317,afio-tim10-remap,2,TIM10_CH1N,PE3,#,reference,candidates(datasheet-pin-table+rm-remap-grid:en)
CH32V317,afio-tim10-remap,2,TIM10_CH2,PD3,#,reference,candidates(datasheet-pin-table+rm-remap-grid:en)
CH32V317,afio-tim10-remap,2,TIM10_CH2N,PE4,#,reference,candidates(datasheet-pin-table+rm-remap-grid:en)
CH32V317,afio-tim10-remap,2,TIM10_CH3,PD5,#,reference,candidates(datasheet-pin-table+rm-remap-grid:en)
CH32V317,afio-tim10-remap,2,TIM10_CH3N,PE5,#,reference,candidates(datasheet-pin-table+rm-remap-grid:en)
CH32V317,afio-tim10-remap,2,TIM10_CH4,PD7,#,reference,candidates(datasheet-pin-table+rm-remap-grid:en)
CH32V317,afio-tim10-remap,2,TIM10_ETR,PD0,#,reference,candidates(datasheet-pin-table+rm-remap-grid:en)
CH32V317,afio-tim10-remap,3,TIM10_BKIN,PE2,#,reference,candidates(datasheet-pin-table+rm-remap-grid:en)
CH32V317,afio-tim10-remap,3,TIM10_CH1,PD1,#,reference,candidates(datasheet-pin-table+rm-remap-grid:en)
CH32V317,afio-tim10-remap,3,TIM10_CH1N,PE3,#,reference,candidates(datasheet-pin-table+rm-remap-grid:en)
CH32V317,afio-tim10-remap,3,TIM10_CH2,PD3,#,reference,candidates(datasheet-pin-table+rm-remap-grid:en)
CH32V317,afio-tim10-remap,3,TIM10_CH2N,PE4,#,reference,candidates(datasheet-pin-table+rm-remap-grid:en)
CH32V317,afio-tim10-remap,3,TIM10_CH3,PD5,#,reference,candidates(datasheet-pin-table+rm-remap-grid:en)
CH32V317,afio-tim10-remap,3,TIM10_CH3N,PE5,#,reference,candidates(datasheet-pin-table+rm-remap-grid:en)
CH32V317,afio-tim10-remap,3,TIM10_CH4,PD7,#,reference,candidates(datasheet-pin-table+rm-remap-grid:en)
CH32V317,afio-tim10-remap,3,TIM10_ETR,PD0,#,reference,candidates(datasheet-pin-table+rm-remap-grid:en)
CH32V317,afio-tim2-remap,0,TIM2_CH1,PA0-WKUP,#,reference,candidates(datasheet-pin-table-default:en)
CH32V317,afio-tim2-remap,0,TIM2_CH2,PA1,#,reference,candidates(datasheet-pin-table-default:en)
CH32V317,afio-tim2-remap,0,TIM2_CH3,PA2,#,reference,candidates(datasheet-pin-table-default:en)
CH32V317,afio-tim2-remap,0,TIM2_CH4,PA3,#,reference,candidates(datasheet-pin-table-default:en)
CH32V317,afio-tim2-remap,0,TIM2_ETR,PA0-WKUP,#,reference,candidates(datasheet-pin-table-default:en)
CH32V317,afio-tim2-remap,1,TIM2_CH1,PA15,#,reference,candidates(datasheet-pin-table+rm-remap-grid:en)
CH32V317,afio-tim2-remap,1,TIM2_CH2,PB3,#,reference,candidates(datasheet-pin-table+rm-remap-grid:en)
CH32V317,afio-tim2-remap,1,TIM2_CH3,PA2,#,reference,candidates(datasheet-pin-table+rm-remap-grid:en)
CH32V317,afio-tim2-remap,1,TIM2_CH4,PA3,#,reference,candidates(datasheet-pin-table+rm-remap-grid:en)
CH32V317,afio-tim2-remap,1,TIM2_ETR,PA15,#,reference,candidates(datasheet-pin-table+rm-remap-grid:en)
CH32V317,afio-tim2-remap,2,TIM2_CH1,PA0-WKUP,#,reference,candidates(datasheet-pin-table+rm-remap-grid:en)
CH32V317,afio-tim2-remap,2,TIM2_CH2,PA1,#,reference,candidates(datasheet-pin-table+rm-remap-grid:en)
CH32V317,afio-tim2-remap,2,TIM2_CH3,PB10,#,reference,candidates(datasheet-pin-table+rm-remap-grid:en)
CH32V317,afio-tim2-remap,2,TIM2_CH4,PB11,#,reference,candidates(datasheet-pin-table+rm-remap-grid:en)
CH32V317,afio-tim2-remap,2,TIM2_ETR,PA0-WKUP,#,reference,candidates(datasheet-pin-table+rm-remap-grid:en)
CH32V317,afio-tim2-remap,3,TIM2_CH1,PA15,#,reference,candidates(datasheet-pin-table+rm-remap-grid:en)
CH32V317,afio-tim2-remap,3,TIM2_CH2,PB3,#,reference,candidates(datasheet-pin-table+rm-remap-grid:en)
CH32V317,afio-tim2-remap,3,TIM2_CH3,PB10,#,reference,candidates(datasheet-pin-table+rm-remap-grid:en)
CH32V317,afio-tim2-remap,3,TIM2_CH4,PB11,#,reference,candidates(datasheet-pin-table+rm-remap-grid:en)
CH32V317,afio-tim2-remap,3,TIM2_ETR,PA15,#,reference,candidates(datasheet-pin-table+rm-remap-grid:en)
CH32V317,afio-tim3-remap,0,TIM3_CH1,PA6,#,reference,candidates(datasheet-pin-table-default:en)
CH32V317,afio-tim3-remap,0,TIM3_CH2,PA7,#,reference,candidates(datasheet-pin-table-default:en)
CH32V317,afio-tim3-remap,0,TIM3_CH3,PB0,#,reference,candidates(datasheet-pin-table-default:en)
CH32V317,afio-tim3-remap,0,TIM3_CH4,PB1,#,reference,candidates(datasheet-pin-table-default:en)
CH32V317,afio-tim3-remap,0,TIM3_ETR,PD2,#,reference,candidates(datasheet-pin-table-default:en)
CH32V317,afio-tim3-remap,2,TIM3_CH1,PB4,#,reference,candidates(datasheet-pin-table+rm-remap-grid:en)
CH32V317,afio-tim3-remap,2,TIM3_CH2,PB5,#,reference,candidates(datasheet-pin-table+rm-remap-grid:en)
CH32V317,afio-tim3-remap,2,TIM3_CH3,PB0,#,reference,candidates(datasheet-pin-table+rm-remap-grid:en)
CH32V317,afio-tim3-remap,2,TIM3_CH4,PB1,#,reference,candidates(datasheet-pin-table+rm-remap-grid:en)
CH32V317,afio-tim3-remap,2,TIM3_ETR,PD2,#,reference,candidates(datasheet-pin-table+rm-remap-grid:en)
CH32V317,afio-tim3-remap,3,TIM3_CH1,PC6,#,reference,candidates(datasheet-pin-table+rm-remap-grid:en)
CH32V317,afio-tim3-remap,3,TIM3_CH2,PC7,#,reference,candidates(datasheet-pin-table+rm-remap-grid:en)
CH32V317,afio-tim3-remap,3,TIM3_CH3,PC8,#,reference,candidates(datasheet-pin-table+rm-remap-grid:en)
CH32V317,afio-tim3-remap,3,TIM3_CH4,PC9,#,reference,candidates(datasheet-pin-table+rm-remap-grid:en)
CH32V317,afio-tim3-remap,3,TIM3_ETR,PD2,#,reference,candidates(datasheet-pin-table+rm-remap-grid:en)
CH32V317,afio-tim4-remap,0,TIM4_CH1,PB6,#,reference,candidates(datasheet-pin-table-default:en)
CH32V317,afio-tim4-remap,0,TIM4_CH2,PB7,#,reference,candidates(datasheet-pin-table-default:en)
CH32V317,afio-tim4-remap,0,TIM4_CH3,PB8,#,reference,candidates(datasheet-pin-table-default:en)
CH32V317,afio-tim4-remap,0,TIM4_CH4,PB9,#,reference,candidates(datasheet-pin-table-default:en)
CH32V317,afio-tim4-remap,0,TIM4_ETR,PE0,#,reference,candidates(datasheet-pin-table-default:en)
CH32V317,afio-tim4-remap,1,TIM4_CH1,PD12,#,reference,candidates(datasheet-pin-table+rm-remap-grid:en)
CH32V317,afio-tim4-remap,1,TIM4_CH2,PD13,#,reference,candidates(datasheet-pin-table+rm-remap-grid:en)
CH32V317,afio-tim4-remap,1,TIM4_CH3,PD14,#,reference,candidates(datasheet-pin-table+rm-remap-grid:en)
CH32V317,afio-tim4-remap,1,TIM4_CH4,PD15,#,reference,candidates(datasheet-pin-table+rm-remap-grid:en)
CH32V317,afio-tim4-remap,1,TIM4_ETR,PE0,#,reference,candidates(datasheet-pin-table+rm-remap-grid:en)
CH32V317,afio-tim5ch4-rm,0,TIM5_CH4,PA3,#,reference,candidates(datasheet-pin-table-default:en)
CH32V317,afio-tim8-remap,0,TIM8_BKIN,PA6,#,reference,candidates(datasheet-pin-table-default:en)
CH32V317,afio-tim8-remap,0,TIM8_CH1,PC6,#,reference,candidates(datasheet-pin-table-default:en)
CH32V317,afio-tim8-remap,0,TIM8_CH1N,PA7,#,reference,candidates(datasheet-pin-table-default:en)
CH32V317,afio-tim8-remap,0,TIM8_CH2,PC7,#,reference,candidates(datasheet-pin-table-default:en)
CH32V317,afio-tim8-remap,0,TIM8_CH2N,PB0,#,reference,candidates(datasheet-pin-table-default:en)
CH32V317,afio-tim8-remap,0,TIM8_CH3,PC8,#,reference,candidates(datasheet-pin-table-default:en)
CH32V317,afio-tim8-remap,0,TIM8_CH3N,PB1,#,reference,candidates(datasheet-pin-table-default:en)
CH32V317,afio-tim8-remap,0,TIM8_CH4,PC9,#,reference,candidates(datasheet-pin-table-default:en)
CH32V317,afio-tim8-remap,0,TIM8_ETR,PA0-WKUP,#,reference,candidates(datasheet-pin-table-default:en)
CH32V317,afio-tim8-remap,1,TIM8_BKIN,PB9,#,reference,candidates(datasheet-pin-table+rm-remap-grid:en)
CH32V317,afio-tim8-remap,1,TIM8_CH1,PB6,#,reference,candidates(datasheet-pin-table+rm-remap-grid:en)
CH32V317,afio-tim8-remap,1,TIM8_CH1N,PA13,#,reference,candidates(datasheet-pin-table+rm-remap-grid:en)
CH32V317,afio-tim8-remap,1,TIM8_CH2,PB7,#,reference,candidates(datasheet-pin-table+rm-remap-grid:en)
CH32V317,afio-tim8-remap,1,TIM8_CH2N,PA14,#,reference,candidates(datasheet-pin-table+rm-remap-grid:en)
CH32V317,afio-tim8-remap,1,TIM8_CH3,PB8,#,reference,candidates(datasheet-pin-table+rm-remap-grid:en)
CH32V317,afio-tim8-remap,1,TIM8_CH3N,PA15,#,reference,candidates(datasheet-pin-table+rm-remap-grid:en)
CH32V317,afio-tim8-remap,1,TIM8_CH4,PC13-TAMPER-RTC,#,reference,candidates(datasheet-pin-table+rm-remap-grid:en)
CH32V317,afio-tim8-remap,1,TIM8_ETR,PA0-WKUP,#,reference,candidates(datasheet-pin-table+rm-remap-grid:en)
CH32V317,afio-tim9-remap,0,TIM9_BKIN,PC5,#,reference,candidates(datasheet-pin-table-default:en)
CH32V317,afio-tim9-remap,0,TIM9_CH1,PA2,#,reference,candidates(datasheet-pin-table-default:en)
CH32V317,afio-tim9-remap,0,TIM9_CH1N,PC0,#,reference,candidates(datasheet-pin-table-default:en)
CH32V317,afio-tim9-remap,0,TIM9_CH2,PA3,#,reference,candidates(datasheet-pin-table-default:en)
CH32V317,afio-tim9-remap,0,TIM9_CH2N,PC1,#,reference,candidates(datasheet-pin-table-default:en)
CH32V317,afio-tim9-remap,0,TIM9_CH3,PA4,#,reference,candidates(datasheet-pin-table-default:en)
CH32V317,afio-tim9-remap,0,TIM9_CH3N,PC2,#,reference,candidates(datasheet-pin-table-default:en)
CH32V317,afio-tim9-remap,0,TIM9_CH4,PC4,#,reference,candidates(datasheet-pin-table-default:en)
CH32V317,afio-tim9-remap,0,TIM9_ETR,PA2,#,reference,candidates(datasheet-pin-table-default:en)
CH32V317,afio-tim9-remap,1,TIM9_BKIN,PA1,#,reference,candidates(datasheet-pin-table+rm-remap-grid:en)
CH32V317,afio-tim9-remap,1,TIM9_CH1,PA2,#,reference,candidates(datasheet-pin-table+rm-remap-grid:en)
CH32V317,afio-tim9-remap,1,TIM9_CH1N,PB0,#,reference,candidates(datasheet-pin-table+rm-remap-grid:en)
CH32V317,afio-tim9-remap,1,TIM9_CH2,PA3,#,reference,candidates(datasheet-pin-table+rm-remap-grid:en)
CH32V317,afio-tim9-remap,1,TIM9_CH2N,PB1,#,reference,candidates(datasheet-pin-table+rm-remap-grid:en)
CH32V317,afio-tim9-remap,1,TIM9_CH3,PA4,#,reference,candidates(datasheet-pin-table+rm-remap-grid:en)
CH32V317,afio-tim9-remap,1,TIM9_CH3N,PB2,#,reference,candidates(datasheet-pin-table+rm-remap-grid:en)
CH32V317,afio-tim9-remap,1,TIM9_CH4,PC14-OSC32_IN,#,reference,candidates(datasheet-pin-table+rm-remap-grid:en)
CH32V317,afio-tim9-remap,1,TIM9_ETR,PA2,#,reference,candidates(datasheet-pin-table+rm-remap-grid:en)
CH32V317,afio-tim9-remap,2,TIM9_BKIN,PD14,#,reference,candidates(datasheet-pin-table+rm-remap-grid:en)
CH32V317,afio-tim9-remap,2,TIM9_CH1,PD9,#,reference,candidates(datasheet-pin-table+rm-remap-grid:en)
CH32V317,afio-tim9-remap,2,TIM9_CH2,PD11,#,reference,candidates(datasheet-pin-table+rm-remap-grid:en)
CH32V317,afio-tim9-remap,2,TIM9_CH2N,PD10,#,reference,candidates(datasheet-pin-table+rm-remap-grid:en)
CH32V317,afio-tim9-remap,2,TIM9_CH3,PD13,#,reference,candidates(datasheet-pin-table+rm-remap-grid:en)
CH32V317,afio-tim9-remap,2,TIM9_CH3N,PD12,#,reference,candidates(datasheet-pin-table+rm-remap-grid:en)
CH32V317,afio-tim9-remap,2,TIM9_CH4,PD15,#,reference,candidates(datasheet-pin-table+rm-remap-grid:en)
CH32V317,afio-tim9-remap,2,TIM9_ETR,PD9,#,reference,candidates(datasheet-pin-table+rm-remap-grid:en)
CH32V317,afio-tim9-remap,3,TIM9_BKIN,PD14,#,reference,candidates(datasheet-pin-table+rm-remap-grid:en)
CH32V317,afio-tim9-remap,3,TIM9_CH1,PD9,#,reference,candidates(datasheet-pin-table+rm-remap-grid:en)
CH32V317,afio-tim9-remap,3,TIM9_CH2,PD11,#,reference,candidates(datasheet-pin-table+rm-remap-grid:en)
CH32V317,afio-tim9-remap,3,TIM9_CH2N,PD10,#,reference,candidates(datasheet-pin-table+rm-remap-grid:en)
CH32V317,afio-tim9-remap,3,TIM9_CH3,PD13,#,reference,candidates(datasheet-pin-table+rm-remap-grid:en)
CH32V317,afio-tim9-remap,3,TIM9_CH3N,PD12,#,reference,candidates(datasheet-pin-table+rm-remap-grid:en)
CH32V317,afio-tim9-remap,3,TIM9_CH4,PD15,#,reference,candidates(datasheet-pin-table+rm-remap-grid:en)
CH32V317,afio-tim9-remap,3,TIM9_ETR,PD9,#,reference,candidates(datasheet-pin-table+rm-remap-grid:en)
CH32V317,afio-usart1-remap,0,USART1_CK,PA8,#,reference,candidates(datasheet-pin-table-default:en)
CH32V317,afio-usart1-remap,0,USART1_CTS,PA11,#,reference,candidates(datasheet-pin-table-default:en)
CH32V317,afio-usart1-remap,0,USART1_RTS,PA12,#,reference,candidates(datasheet-pin-table-default:en)
CH32V317,afio-usart1-remap,0,USART1_RX,PA10,#,reference,candidates(datasheet-pin-table-default:en)
CH32V317,afio-usart1-remap,0,USART1_TX,PA9,#,reference,candidates(datasheet-pin-table-default:en)
CH32V317,afio-usart1-remap,1,USART1_CK,PA8,#,reference,candidates(datasheet-pin-table+rm-remap-grid:en)
CH32V317,afio-usart1-remap,1,USART1_CTS,PA11,#,reference,candidates(datasheet-pin-table+rm-remap-grid:en)
CH32V317,afio-usart1-remap,1,USART1_RTS,PA12,#,reference,candidates(datasheet-pin-table+rm-remap-grid:en)
CH32V317,afio-usart1-remap,1,USART1_RX,PB7,#,reference,candidates(datasheet-pin-table+rm-remap-grid:en)
CH32V317,afio-usart1-remap,1,USART1_TX,PB6,#,reference,candidates(datasheet-pin-table+rm-remap-grid:en)
CH32V317,afio-usart1-remap,2,USART1_CK,PA10,#,reference,candidates(datasheet-pin-table+rm-remap-grid:en)
CH32V317,afio-usart1-remap,2,USART1_CTS,PA5,#,reference,candidates(datasheet-pin-table+rm-remap-grid:en)
CH32V317,afio-usart1-remap,2,USART1_RTS,PA9,#,reference,candidates(datasheet-pin-table+rm-remap-grid:en)
CH32V317,afio-usart1-remap,2,USART1_RX,PA8,#,reference,candidates(datasheet-pin-table+rm-remap-grid:en)
CH32V317,afio-usart1-remap,2,USART1_TX,PB15,#,reference,candidates(datasheet-pin-table+rm-remap-grid:en)
CH32V317,afio-usart1-remap,3,USART1_CK,PA5,#,reference,candidates(datasheet-pin-table+rm-remap-grid:en)
CH32V317,afio-usart1-remap,3,USART1_CTS,PC4,#,reference,candidates(datasheet-pin-table+rm-remap-grid:en)
CH32V317,afio-usart1-remap,3,USART1_RTS,PC5,#,reference,candidates(datasheet-pin-table+rm-remap-grid:en)
CH32V317,afio-usart1-remap,3,USART1_RX,PA7,#,reference,candidates(datasheet-pin-table+rm-remap-grid:en)
CH32V317,afio-usart1-remap,3,USART1_TX,PA6,#,reference,candidates(datasheet-pin-table+rm-remap-grid:en)
CH32V317,afio-usart2-remap,0,USART2_CK,PA4,#,reference,candidates(datasheet-pin-table-default:en)
CH32V317,afio-usart2-remap,0,USART2_CTS,PA0-WKUP,#,reference,candidates(datasheet-pin-table-default:en)
CH32V317,afio-usart2-remap,0,USART2_RTS,PA1,#,reference,candidates(datasheet-pin-table-default:en)
CH32V317,afio-usart2-remap,0,USART2_RX,PA3,#,reference,candidates(datasheet-pin-table-default:en)
CH32V317,afio-usart2-remap,0,USART2_TX,PA2,#,reference,candidates(datasheet-pin-table-default:en)
CH32V317,afio-usart2-remap,1,USART2_CK,PD7,#,reference,candidates(datasheet-pin-table+rm-remap-grid:en)
CH32V317,afio-usart2-remap,1,USART2_CTS,PD3,#,reference,candidates(datasheet-pin-table+rm-remap-grid:en)
CH32V317,afio-usart2-remap,1,USART2_RTS,PD4,#,reference,candidates(datasheet-pin-table+rm-remap-grid:en)
CH32V317,afio-usart2-remap,1,USART2_RX,PD6,#,reference,candidates(datasheet-pin-table+rm-remap-grid:en)
CH32V317,afio-usart2-remap,1,USART2_TX,PD5,#,reference,candidates(datasheet-pin-table+rm-remap-grid:en)
CH32V317,afio-usart3-remap,0,USART3_CK,PB12,#,reference,candidates(datasheet-pin-table-default:en)
CH32V317,afio-usart3-remap,0,USART3_CTS,PB13,#,reference,candidates(datasheet-pin-table-default:en)
CH32V317,afio-usart3-remap,0,USART3_RTS,PB14,#,reference,candidates(datasheet-pin-table-default:en)
CH32V317,afio-usart3-remap,0,USART3_RX,PB11,#,reference,candidates(datasheet-pin-table-default:en)
CH32V317,afio-usart3-remap,0,USART3_TX,PB10,#,reference,candidates(datasheet-pin-table-default:en)
CH32V317,afio-usart3-remap,1,USART3_CK,PC12,#,reference,candidates(datasheet-pin-table+rm-remap-grid:en)
CH32V317,afio-usart3-remap,1,USART3_CTS,PB13,#,reference,candidates(datasheet-pin-table+rm-remap-grid:en)
CH32V317,afio-usart3-remap,1,USART3_RTS,PB14,#,reference,candidates(datasheet-pin-table+rm-remap-grid:en)
CH32V317,afio-usart3-remap,1,USART3_RX,PC11,#,reference,candidates(datasheet-pin-table+rm-remap-grid:en)
CH32V317,afio-usart3-remap,1,USART3_TX,PC10,#,reference,candidates(datasheet-pin-table+rm-remap-grid:en)
CH32V317,afio-usart3-remap,2,USART3_CK,PD10,#,reference,candidates(datasheet-pin-table+rm-remap-grid:en)
CH32V317,afio-usart3-remap,2,USART3_CTS,PD11,#,reference,candidates(datasheet-pin-table+rm-remap-grid:en)
CH32V317,afio-usart3-remap,2,USART3_RTS,PD12,#,reference,candidates(datasheet-pin-table+rm-remap-grid:en)
CH32V317,afio-usart3-remap,2,USART3_RX,PA14,#,reference,candidates(datasheet-pin-table+rm-remap-grid:en)
CH32V317,afio-usart3-remap,2,USART3_TX,PA13,#,reference,candidates(datasheet-pin-table+rm-remap-grid:en)
CH32V317,afio-usart3-remap,3,USART3_CK,PD10,#,reference,candidates(datasheet-pin-table+rm-remap-grid:en)
CH32V317,afio-usart3-remap,3,USART3_CTS,PD11,#,reference,candidates(datasheet-pin-table+rm-remap-grid:en)
CH32V317,afio-usart3-remap,3,USART3_RTS,PD12,#,reference,candidates(datasheet-pin-table+rm-remap-grid:en)
CH32V317,afio-usart3-remap,3,USART3_RX,PD9,#,reference,candidates(datasheet-pin-table+rm-remap-grid:en)
CH32V317,afio-usart4-remap,0,UART4_RX,PC11,#,reference,candidates(datasheet-pin-table-default:en)
CH32V317,afio-usart4-remap,0,UART4_TX,PC10,#,reference,candidates(datasheet-pin-table-default:en)
CH32V317,afio-usart4-remap,1,UART4_RX,PB1,#,reference,candidates(datasheet-pin-table+rm-remap-grid:en)
CH32V317,afio-usart4-remap,1,UART4_TX,PB0,#,reference,candidates(datasheet-pin-table+rm-remap-grid:en)
CH32V317,afio-usart4-remap,2,UART4_RX,PE1,#,reference,candidates(datasheet-pin-table+rm-remap-grid:en)
CH32V317,afio-usart4-remap,2,UART4_TX,PE0,#,reference,candidates(datasheet-pin-table+rm-remap-grid:en)
CH32V317,afio-usart4-remap,3,UART4_RX,PE1,#,reference,candidates(datasheet-pin-table+rm-remap-grid:en)
CH32V317,afio-usart4-remap,3,UART4_TX,PE0,#,reference,candidates(datasheet-pin-table+rm-remap-grid:en)
CH32V317,afio-usart5-remap,0,UART5_RX,PD2,#,reference,candidates(datasheet-pin-table-default:en)
CH32V317,afio-usart5-remap,0,UART5_TX,PC12,#,reference,candidates(datasheet-pin-table-default:en)
CH32V317,afio-usart5-remap,1,UART5_RX,PB5,#,reference,candidates(datasheet-pin-table+rm-remap-grid:en)
CH32V317,afio-usart5-remap,1,UART5_TX,PB4,#,reference,candidates(datasheet-pin-table+rm-remap-grid:en)
CH32V317,afio-usart6-remap,0,UART6_RX,PC1,#,reference,candidates(datasheet-pin-table-default:en)
CH32V317,afio-usart6-remap,0,UART6_TX,PC0,#,reference,candidates(datasheet-pin-table-default:en)
CH32V317,afio-usart6-remap,1,UART6_RX,PB9,#,reference,candidates(datasheet-pin-table+rm-remap-grid:en)
CH32V317,afio-usart6-remap,1,UART6_TX,PB8,#,reference,candidates(datasheet-pin-table+rm-remap-grid:en)
CH32V317,afio-usart7-remap,0,UART7_RX,PC3,#,reference,candidates(datasheet-pin-table-default:en)
CH32V317,afio-usart7-remap,0,UART7_TX,PC2,#,reference,candidates(datasheet-pin-table-default:en)
CH32V317,afio-usart7-remap,1,UART7_RX,PA7,#,reference,candidates(datasheet-pin-table+rm-remap-grid:en)
CH32V317,afio-usart7-remap,1,UART7_TX,PA6,#,reference,candidates(datasheet-pin-table+rm-remap-grid:en)
CH32V317,afio-usart8-remap,0,UART8_RX,PC5,#,reference,candidates(datasheet-pin-table-default:en)
CH32V317,afio-usart8-remap,0,UART8_TX,PC4,#,reference,candidates(datasheet-pin-table-default:en)
CH32V317,afio-usart8-remap,1,UART8_RX,PA15,#,reference,candidates(datasheet-pin-table+rm-remap-grid:en)
CH32V317,afio-usart8-remap,1,UART8_TX,PA14,#,reference,candidates(datasheet-pin-table+rm-remap-grid:en)
CH32V407,afio-can-remap,0,CAN_RX,PA11,#,reference,candidates(datasheet-pin-table-default:en)
CH32V407,afio-can-remap,0,CAN_TX,PA12,#,reference,candidates(datasheet-pin-table-default:en)
CH32V407,afio-can-remap,2,CAN_RX,PB8,#,reference,candidates(datasheet-pin-table+rm-remap-grid:en)
CH32V407,afio-can-remap,2,CAN_TX,PB9,#,reference,candidates(datasheet-pin-table+rm-remap-grid:en)
CH32V407,afio-can-remap,3,CAN_RX,PD0,#,reference,candidates(datasheet-pin-table+rm-remap-grid:en)
CH32V407,afio-can-remap,3,CAN_TX,PD1,#,reference,candidates(datasheet-pin-table+rm-remap-grid:en)
CH32V407,afio-dvp-remap,0,DVP_D0,PA9,#,reference,candidates(datasheet-pin-table-default:en)
CH32V407,afio-dvp-remap,0,DVP_D1,PA10,#,reference,candidates(datasheet-pin-table-default:en)
CH32V407,afio-dvp-remap,0,DVP_D10,PD6,#,reference,candidates(datasheet-pin-table-default:en)
CH32V407,afio-dvp-remap,0,DVP_D11,PD2,#,reference,candidates(datasheet-pin-table-default:en)
CH32V407,afio-dvp-remap,0,DVP_D2,PC8,#,reference,candidates(datasheet-pin-table-default:en)
CH32V407,afio-dvp-remap,0,DVP_D3,PC9,#,reference,candidates(datasheet-pin-table-default:en)
CH32V407,afio-dvp-remap,0,DVP_D4,PC11,#,reference,candidates(datasheet-pin-table-default:en)
CH32V407,afio-dvp-remap,0,DVP_D5,PB3,#,reference,candidates(datasheet-pin-table-default:en)
CH32V407,afio-dvp-remap,0,DVP_D5,PB6,#,reference,candidates(datasheet-pin-table-default:en)
CH32V407,afio-dvp-remap,0,DVP_D6,PB8,#,reference,candidates(datasheet-pin-table-default:en)
CH32V407,afio-dvp-remap,0,DVP_D7,PB9,#,reference,candidates(datasheet-pin-table-default:en)
CH32V407,afio-dvp-remap,0,DVP_D8,PC10,#,reference,candidates(datasheet-pin-table-default:en)
CH32V407,afio-dvp-remap,0,DVP_D9,PC12,#,reference,candidates(datasheet-pin-table-default:en)
CH32V407,afio-dvp-remap,0,DVP_HSYNC,PA4,#,reference,candidates(datasheet-pin-table-default:en)
CH32V407,afio-dvp-remap,0,DVP_PCLK,PA6,#,reference,candidates(datasheet-pin-table-default:en)
CH32V407,afio-dvp-remap,0,DVP_VSYNC,PA5,#,reference,candidates(datasheet-pin-table-default:en)
CH32V407,afio-dvp-remap,1,DVP_D0,PA9,#,reference,candidates(datasheet-pin-table+rm-remap-grid:en)
CH32V407,afio-dvp-remap,1,DVP_D1,PA10,#,reference,candidates(datasheet-pin-table+rm-remap-grid:en)
CH32V407,afio-dvp-remap,1,DVP_D10,PB5,#,reference,candidates(datasheet-pin-table+rm-remap-grid:en)
CH32V407,afio-dvp-remap,1,DVP_D11,PD2,#,reference,candidates(datasheet-pin-table+rm-remap-grid:en)
CH32V407,afio-dvp-remap,1,DVP_D2,PA8,#,reference,candidates(datasheet-pin-table+rm-remap-grid:en)
CH32V407,afio-dvp-remap,1,DVP_D3,PB4,#,reference,candidates(datasheet-pin-table+rm-remap-grid:en)
CH32V407,afio-dvp-remap,1,DVP_D4,PC11,#,reference,candidates(datasheet-pin-table+rm-remap-grid:en)
CH32V407,afio-dvp-remap,1,DVP_D5,PB3,#,reference,candidates(datasheet-pin-table+rm-remap-grid:en)
CH32V407,afio-dvp-remap,1,DVP_D6,PB8,#,reference,candidates(datasheet-pin-table+rm-remap-grid:en)
CH32V407,afio-dvp-remap,1,DVP_D7,PB9,#,reference,candidates(datasheet-pin-table+rm-remap-grid:en)
CH32V407,afio-dvp-remap,1,DVP_D8,PC10,#,reference,candidates(datasheet-pin-table+rm-remap-grid:en)
CH32V407,afio-dvp-remap,1,DVP_D9,PC12,#,reference,candidates(datasheet-pin-table+rm-remap-grid:en)
CH32V407,afio-dvp-remap,1,DVP_HSYNC,PA4,#,reference,candidates(datasheet-pin-table+rm-remap-grid:en)
CH32V407,afio-dvp-remap,1,DVP_PCLK,PA6,#,reference,candidates(datasheet-pin-table+rm-remap-grid:en)
CH32V407,afio-dvp-remap,1,DVP_VSYNC,PA5,#,reference,candidates(datasheet-pin-table+rm-remap-grid:en)
CH32V407,afio-ethphy-led-remap,0,LED0,PE8,#,reference,candidates(datasheet-pin-table-default:en)
CH32V407,afio-ethphy-led-remap,0,LED1,PE9,#,reference,candidates(datasheet-pin-table-default:en)
CH32V407,afio-ethphy-led-remap,1,LED0,PD14,#,reference,candidates(datasheet-pin-table+rm-remap-grid:en)
CH32V407,afio-ethphy-led-remap,1,LED1,PD15,#,reference,candidates(datasheet-pin-table+rm-remap-grid:en)
CH32V407,afio-fsmc-remap,0,FSMC_A16,PD11,#,reference,candidates(datasheet-pin-table-default:en)
CH32V407,afio-fsmc-remap,0,FSMC_A17,PD12,#,reference,candidates(datasheet-pin-table-default:en)
CH32V407,afio-fsmc-remap,0,FSMC_A18,PD13,#,reference,candidates(datasheet-pin-table-default:en)
CH32V407,afio-fsmc-remap,0,FSMC_A19,PE3,#,reference,candidates(datasheet-pin-table-default:en)
CH32V407,afio-fsmc-remap,0,FSMC_A20,PE4,#,reference,candidates(datasheet-pin-table-default:en)
CH32V407,afio-fsmc-remap,0,FSMC_A21,PE5,#,reference,candidates(datasheet-pin-table-default:en)
CH32V407,afio-fsmc-remap,0,FSMC_A22,PE6,#,reference,candidates(datasheet-pin-table-default:en)
CH32V407,afio-fsmc-remap,0,FSMC_A23,PE2,#,reference,candidates(datasheet-pin-table-default:en)
CH32V407,afio-fsmc-remap,0,FSMC_CLK,PD3,#,reference,candidates(datasheet-pin-table-default:en)
CH32V407,afio-fsmc-remap,0,FSMC_D0,PD14,#,reference,candidates(datasheet-pin-table-default:en)
CH32V407,afio-fsmc-remap,0,FSMC_D1,PD15,#,reference,candidates(datasheet-pin-table-default:en)
CH32V407,afio-fsmc-remap,0,FSMC_D10,PB12,#,reference,candidates(datasheet-pin-table-default:en)
CH32V407,afio-fsmc-remap,0,FSMC_D11,PB13,#,reference,candidates(datasheet-pin-table-default:en)
CH32V407,afio-fsmc-remap,0,FSMC_D12,PB14,#,reference,candidates(datasheet-pin-table-default:en)
CH32V407,afio-fsmc-remap,0,FSMC_D13,PD8,#,reference,candidates(datasheet-pin-table-default:en)
CH32V407,afio-fsmc-remap,0,FSMC_D14,PD9,#,reference,candidates(datasheet-pin-table-default:en)
CH32V407,afio-fsmc-remap,0,FSMC_D15,PD10,#,reference,candidates(datasheet-pin-table-default:en)
CH32V407,afio-fsmc-remap,0,FSMC_D2,PD0,#,reference,candidates(datasheet-pin-table-default:en)
CH32V407,afio-fsmc-remap,0,FSMC_D3,PD1,#,reference,candidates(datasheet-pin-table-default:en)
CH32V407,afio-fsmc-remap,0,FSMC_D4,PE7,#,reference,candidates(datasheet-pin-table-default:en)
CH32V407,afio-fsmc-remap,0,FSMC_D5,PE8,#,reference,candidates(datasheet-pin-table-default:en)
CH32V407,afio-fsmc-remap,0,FSMC_D6,PE9,#,reference,candidates(datasheet-pin-table-default:en)
CH32V407,afio-fsmc-remap,0,FSMC_D7,PE10,#,reference,candidates(datasheet-pin-table-default:en)
CH32V407,afio-fsmc-remap,0,FSMC_D8,PE11,#,reference,candidates(datasheet-pin-table-default:en)
CH32V407,afio-fsmc-remap,0,FSMC_D9,PB11,#,reference,candidates(datasheet-pin-table-default:en)
CH32V407,afio-fsmc-remap,0,FSMC_NADV,PB7,#,reference,candidates(datasheet-pin-table-default:en)
CH32V407,afio-fsmc-remap,0,FSMC_NADV,PD2,#,reference,candidates(datasheet-pin-table-default:en)
CH32V407,afio-fsmc-remap,0,FSMC_NBL0,PE0,#,reference,candidates(datasheet-pin-table-default:en)
CH32V407,afio-fsmc-remap,0,FSMC_NBL1,PE1,#,reference,candidates(datasheet-pin-table-default:en)
CH32V407,afio-fsmc-remap,0,FSMC_NCE2,PD7,#,reference,candidates(datasheet-pin-table-default:en)
CH32V407,afio-fsmc-remap,0,FSMC_NE1,PD7,#,reference,candidates(datasheet-pin-table-default:en)
CH32V407,afio-fsmc-remap,0,FSMC_NOE,PD4,#,reference,candidates(datasheet-pin-table-default:en)
CH32V407,afio-fsmc-remap,0,FSMC_NWAIT,PD6,#,reference,candidates(datasheet-pin-table-default:en)
CH32V407,afio-fsmc-remap,0,FSMC_NWE,PD5,#,reference,candidates(datasheet-pin-table-default:en)
CH32V407,afio-fsmc-remap,1,FSMC_A16,PD11,#,reference,candidates(datasheet-pin-table+rm-remap-grid:en)
CH32V407,afio-fsmc-remap,1,FSMC_A17,PD12,#,reference,candidates(datasheet-pin-table+rm-remap-grid:en)
CH32V407,afio-fsmc-remap,1,FSMC_A18,PD13,#,reference,candidates(datasheet-pin-table+rm-remap-grid:en)
CH32V407,afio-fsmc-remap,1,FSMC_A19,PE3,#,reference,candidates(datasheet-pin-table+rm-remap-grid:en)
CH32V407,afio-fsmc-remap,1,FSMC_A20,PE4,#,reference,candidates(datasheet-pin-table+rm-remap-grid:en)
CH32V407,afio-fsmc-remap,1,FSMC_A21,PE5,#,reference,candidates(datasheet-pin-table+rm-remap-grid:en)
CH32V407,afio-fsmc-remap,1,FSMC_A22,PE6,#,reference,candidates(datasheet-pin-table+rm-remap-grid:en)
CH32V407,afio-fsmc-remap,1,FSMC_A23,PE2,#,reference,candidates(datasheet-pin-table+rm-remap-grid:en)
CH32V407,afio-fsmc-remap,1,FSMC_CLK,PD3,#,reference,candidates(datasheet-pin-table+rm-remap-grid:en)
CH32V407,afio-fsmc-remap,1,FSMC_D0,PD14,#,reference,candidates(datasheet-pin-table+rm-remap-grid:en)
CH32V407,afio-fsmc-remap,1,FSMC_D10,PB12,#,reference,candidates(datasheet-pin-table+rm-remap-grid:en)
CH32V407,afio-fsmc-remap,1,FSMC_D11,PB13,#,reference,candidates(datasheet-pin-table+rm-remap-grid:en)
CH32V407,afio-fsmc-remap,1,FSMC_D12,PB14,#,reference,candidates(datasheet-pin-table+rm-remap-grid:en)
CH32V407,afio-fsmc-remap,1,FSMC_D13,PD8,#,reference,candidates(datasheet-pin-table+rm-remap-grid:en)
CH32V407,afio-fsmc-remap,1,FSMC_D14,PD9,#,reference,candidates(datasheet-pin-table+rm-remap-grid:en)
CH32V407,afio-fsmc-remap,1,FSMC_D15,PD10,#,reference,candidates(datasheet-pin-table+rm-remap-grid:en)
CH32V407,afio-fsmc-remap,1,FSMC_D2,PD0,#,reference,candidates(datasheet-pin-table+rm-remap-grid:en)
CH32V407,afio-fsmc-remap,1,FSMC_D3,PD1,#,reference,candidates(datasheet-pin-table+rm-remap-grid:en)
CH32V407,afio-fsmc-remap,1,FSMC_D4,PC4,#,reference,candidates(datasheet-pin-table+rm-remap-grid:en)
CH32V407,afio-fsmc-remap,1,FSMC_D5,PE8,#,reference,candidates(datasheet-pin-table+rm-remap-grid:en)
CH32V407,afio-fsmc-remap,1,FSMC_D6,PE9,#,reference,candidates(datasheet-pin-table+rm-remap-grid:en)
CH32V407,afio-fsmc-remap,1,FSMC_D7,PE10,#,reference,candidates(datasheet-pin-table+rm-remap-grid:en)
CH32V407,afio-fsmc-remap,1,FSMC_D8,PE11,#,reference,candidates(datasheet-pin-table+rm-remap-grid:en)
CH32V407,afio-fsmc-remap,1,FSMC_D9,PB11,#,reference,candidates(datasheet-pin-table+rm-remap-grid:en)
CH32V407,afio-fsmc-remap,1,FSMC_NADV,PB7,#,reference,candidates(datasheet-pin-table+rm-remap-grid:en)
CH32V407,afio-fsmc-remap,1,FSMC_NBL0,PE0,#,reference,candidates(datasheet-pin-table+rm-remap-grid:en)
CH32V407,afio-fsmc-remap,1,FSMC_NBL1,PE1,#,reference,candidates(datasheet-pin-table+rm-remap-grid:en)
CH32V407,afio-fsmc-remap,1,FSMC_NCE2,PD7,#,reference,candidates(datasheet-pin-table+rm-remap-grid:en)
CH32V407,afio-fsmc-remap,1,FSMC_NE1,PD7,#,reference,candidates(datasheet-pin-table+rm-remap-grid:en)
CH32V407,afio-fsmc-remap,1,FSMC_NOE,PD4,#,reference,candidates(datasheet-pin-table+rm-remap-grid:en)
CH32V407,afio-fsmc-remap,1,FSMC_NWAIT,PD6,#,reference,candidates(datasheet-pin-table+rm-remap-grid:en)
CH32V407,afio-fsmc-remap,1,FSMC_NWE,PD5,#,reference,candidates(datasheet-pin-table+rm-remap-grid:en)
CH32V407,afio-i2c1-remap,0,I2C_SCL,PB6,#,reference,candidates(datasheet-pin-table-default:en)
CH32V407,afio-i2c1-remap,0,I2C_SDA,PB7,#,reference,candidates(datasheet-pin-table-default:en)
CH32V407,afio-i2c1-remap,0,I2C_SMBA,PB5,#,reference,candidates(datasheet-pin-table-default:en)
CH32V407,afio-i2c1-remap,1,I2C_SCL,PB8,#,reference,candidates(datasheet-pin-table+rm-remap-grid:en)
CH32V407,afio-i2c1-remap,1,I2C_SDA,PB9,#,reference,candidates(datasheet-pin-table+rm-remap-grid:en)
CH32V407,afio-i3c-remap,0,I3C_SCL,PB10,#,reference,candidates(datasheet-pin-table-default:en)
CH32V407,afio-i3c-remap,0,I3C_SDA,PB11,#,reference,candidates(datasheet-pin-table-default:en)
CH32V407,afio-i3c-remap,1,I3C_SCL,PB4,#,reference,candidates(datasheet-pin-table+rm-remap-grid:en)
CH32V407,afio-i3c-remap,1,I3C_SDA,PB5,#,reference,candidates(datasheet-pin-table+rm-remap-grid:en)
CH32V407,afio-ltdc-remap,0,LTDC_B0,PB14,#,reference,candidates(datasheet-pin-table-default:en)
CH32V407,afio-ltdc-remap,0,LTDC_B1,PB15,#,reference,candidates(datasheet-pin-table-default:en)
CH32V407,afio-ltdc-remap,0,LTDC_B2,PB11,#,reference,candidates(datasheet-pin-table-default:en)
CH32V407,afio-ltdc-remap,0,LTDC_B3,PB10,#,reference,candidates(datasheet-pin-table-default:en)
CH32V407,afio-ltdc-remap,0,LTDC_B4,PA8,#,reference,candidates(datasheet-pin-table-default:en)
CH32V407,afio-ltdc-remap,0,LTDC_B5,PA13,#,reference,candidates(datasheet-pin-table-default:en)
CH32V407,afio-ltdc-remap,0,LTDC_B6,PA14,#,reference,candidates(datasheet-pin-table-default:en)
CH32V407,afio-ltdc-remap,0,LTDC_B7,PA15,#,reference,candidates(datasheet-pin-table-default:en)
CH32V407,afio-ltdc-remap,0,LTDC_CLK,PE1,#,reference,candidates(datasheet-pin-table-default:en)
CH32V407,afio-ltdc-remap,0,LTDC_DE,PE0,#,reference,candidates(datasheet-pin-table-default:en)
CH32V407,afio-ltdc-remap,0,LTDC_G0,PC4,#,reference,candidates(datasheet-pin-table-default:en)
CH32V407,afio-ltdc-remap,0,LTDC_G1,PC5,#,reference,candidates(datasheet-pin-table-default:en)
CH32V407,afio-ltdc-remap,0,LTDC_G2,PB0,#,reference,candidates(datasheet-pin-table-default:en)
CH32V407,afio-ltdc-remap,0,LTDC_G3,PB1,#,reference,candidates(datasheet-pin-table-default:en)
CH32V407,afio-ltdc-remap,0,LTDC_G4,PB2,#,reference,candidates(datasheet-pin-table-default:en)
CH32V407,afio-ltdc-remap,0,LTDC_G5,PD8,#,reference,candidates(datasheet-pin-table-default:en)
CH32V407,afio-ltdc-remap,0,LTDC_G6,PB12,#,reference,candidates(datasheet-pin-table-default:en)
CH32V407,afio-ltdc-remap,0,LTDC_G7,PB13,#,reference,candidates(datasheet-pin-table-default:en)
CH32V407,afio-ltdc-remap,0,LTDC_HSYNC,PB4,#,reference,candidates(datasheet-pin-table-default:en)
CH32V407,afio-ltdc-remap,0,LTDC_R0,PC0,#,reference,candidates(datasheet-pin-table-default:en)
CH32V407,afio-ltdc-remap,0,LTDC_R1,PC1,#,reference,candidates(datasheet-pin-table-default:en)
CH32V407,afio-ltdc-remap,0,LTDC_R2,PC2,#,reference,candidates(datasheet-pin-table-default:en)
CH32V407,afio-ltdc-remap,0,LTDC_R3,PC3,#,reference,candidates(datasheet-pin-table-default:en)
CH32V407,afio-ltdc-remap,0,LTDC_R4,PA1,#,reference,candidates(datasheet-pin-table-default:en)
CH32V407,afio-ltdc-remap,0,LTDC_R5,PA2,#,reference,candidates(datasheet-pin-table-default:en)
CH32V407,afio-ltdc-remap,0,LTDC_R6,PA3,#,reference,candidates(datasheet-pin-table-default:en)
CH32V407,afio-ltdc-remap,0,LTDC_R7,PA7,#,reference,candidates(datasheet-pin-table-default:en)
CH32V407,afio-ltdc-remap,0,LTDC_VSYNC,PB5,#,reference,candidates(datasheet-pin-table-default:en)
CH32V407,afio-ltdc-remap,1,LTDC_B0,PB14,#,reference,candidates(datasheet-pin-table+rm-remap-grid:en)
CH32V407,afio-ltdc-remap,1,LTDC_B1,PB15,#,reference,candidates(datasheet-pin-table+rm-remap-grid:en)
CH32V407,afio-ltdc-remap,1,LTDC_B2,PB11,#,reference,candidates(datasheet-pin-table+rm-remap-grid:en)
CH32V407,afio-ltdc-remap,1,LTDC_B3,PB10,#,reference,candidates(datasheet-pin-table+rm-remap-grid:en)
CH32V407,afio-ltdc-remap,1,LTDC_B4,PA8,#,reference,candidates(datasheet-pin-table+rm-remap-grid:en)
CH32V407,afio-ltdc-remap,1,LTDC_B5,PA13,#,reference,candidates(datasheet-pin-table+rm-remap-grid:en)
CH32V407,afio-ltdc-remap,1,LTDC_B6,PA14,#,reference,candidates(datasheet-pin-table+rm-remap-grid:en)
CH32V407,afio-ltdc-remap,1,LTDC_B7,PA15,#,reference,candidates(datasheet-pin-table+rm-remap-grid:en)
CH32V407,afio-ltdc-remap,1,LTDC_CLK,PA10,#,reference,candidates(datasheet-pin-table+rm-remap-grid:en)
CH32V407,afio-ltdc-remap,1,LTDC_DE,PA9,#,reference,candidates(datasheet-pin-table+rm-remap-grid:en)
CH32V407,afio-ltdc-remap,1,LTDC_G0,PC4,#,reference,candidates(datasheet-pin-table+rm-remap-grid:en)
CH32V407,afio-ltdc-remap,1,LTDC_G1,PC5,#,reference,candidates(datasheet-pin-table+rm-remap-grid:en)
CH32V407,afio-ltdc-remap,1,LTDC_G2,PB0,#,reference,candidates(datasheet-pin-table+rm-remap-grid:en)
CH32V407,afio-ltdc-remap,1,LTDC_G3,PB1,#,reference,candidates(datasheet-pin-table+rm-remap-grid:en)
CH32V407,afio-ltdc-remap,1,LTDC_G4,PB3,#,reference,candidates(datasheet-pin-table+rm-remap-grid:en)
CH32V407,afio-ltdc-remap,1,LTDC_G5,PA4,#,reference,candidates(datasheet-pin-table+rm-remap-grid:en)
CH32V407,afio-ltdc-remap,1,LTDC_G6,PB12,#,reference,candidates(datasheet-pin-table+rm-remap-grid:en)
CH32V407,afio-ltdc-remap,1,LTDC_G7,PB13,#,reference,candidates(datasheet-pin-table+rm-remap-grid:en)
CH32V407,afio-ltdc-remap,1,LTDC_HSYNC,PB8,#,reference,candidates(datasheet-pin-table+rm-remap-grid:en)
CH32V407,afio-ltdc-remap,1,LTDC_R0,PC0,#,reference,candidates(datasheet-pin-table+rm-remap-grid:en)
CH32V407,afio-ltdc-remap,1,LTDC_R1,PC1,#,reference,candidates(datasheet-pin-table+rm-remap-grid:en)
CH32V407,afio-ltdc-remap,1,LTDC_R2,PC2,#,reference,candidates(datasheet-pin-table+rm-remap-grid:en)
CH32V407,afio-ltdc-remap,1,LTDC_R3,PC3,#,reference,candidates(datasheet-pin-table+rm-remap-grid:en)
CH32V407,afio-ltdc-remap,1,LTDC_R4,PA1,#,reference,candidates(datasheet-pin-table+rm-remap-grid:en)
CH32V407,afio-ltdc-remap,1,LTDC_R5,PA2,#,reference,candidates(datasheet-pin-table+rm-remap-grid:en)
CH32V407,afio-ltdc-remap,1,LTDC_R6,PA3,#,reference,candidates(datasheet-pin-table+rm-remap-grid:en)
CH32V407,afio-ltdc-remap,1,LTDC_R7,PA7,#,reference,candidates(datasheet-pin-table+rm-remap-grid:en)
CH32V407,afio-ltdc-remap,1,LTDC_VSYNC,PB9,#,reference,candidates(datasheet-pin-table+rm-remap-grid:en)
CH32V407,afio-sdio-remap,0,SDIO_CK,PC12,#,reference,candidates(datasheet-pin-table-default:en)
CH32V407,afio-sdio-remap,0,SDIO_CMD,PD2,#,reference,candidates(datasheet-pin-table-default:en)
CH32V407,afio-sdio-remap,0,SDIO_D0,PB14,#,reference,candidates(datasheet-pin-table-default:en)
CH32V407,afio-sdio-remap,0,SDIO_D0,PC8,#,reference,candidates(datasheet-pin-table-default:en)
CH32V407,afio-sdio-remap,0,SDIO_D1,PB15,#,reference,candidates(datasheet-pin-table-default:en)
CH32V407,afio-sdio-remap,0,SDIO_D1,PC9,#,reference,candidates(datasheet-pin-table-default:en)
CH32V407,afio-sdio-remap,0,SDIO_D2,PC10,#,reference,candidates(datasheet-pin-table-default:en)
CH32V407,afio-sdio-remap,0,SDIO_D3,PC11,#,reference,candidates(datasheet-pin-table-default:en)
CH32V407,afio-sdio-remap,0,SDIO_D4,PB8,#,reference,candidates(datasheet-pin-table-default:en)
CH32V407,afio-sdio-remap,0,SDIO_D5,PB9,#,reference,candidates(datasheet-pin-table-default:en)
CH32V407,afio-sdio-remap,0,SDIO_D6,PC6,#,reference,candidates(datasheet-pin-table-default:en)
CH32V407,afio-sdio-remap,0,SDIO_D7,PC7,#,reference,candidates(datasheet-pin-table-default:en)
CH32V407,afio-sdio-remap,1,SDIO_CK,PC12,#,reference,candidates(datasheet-pin-table+rm-remap-grid:en)
CH32V407,afio-sdio-remap,1,SDIO_CMD,PD2,#,reference,candidates(datasheet-pin-table+rm-remap-grid:en)
CH32V407,afio-sdio-remap,1,SDIO_D0,PB14,#,reference,candidates(datasheet-pin-table+rm-remap-grid:en)
CH32V407,afio-sdio-remap,1,SDIO_D1,PB15,#,reference,candidates(datasheet-pin-table+rm-remap-grid:en)
CH32V407,afio-sdio-remap,1,SDIO_D2,PC10,#,reference,candidates(datasheet-pin-table+rm-remap-grid:en)
CH32V407,afio-sdio-remap,1,SDIO_D3,PC11,#,reference,candidates(datasheet-pin-table+rm-remap-grid:en)
CH32V407,afio-sdio-remap,1,SDIO_D4,PB8,#,reference,candidates(datasheet-pin-table+rm-remap-grid:en)
CH32V407,afio-sdio-remap,1,SDIO_D5,PB9,#,reference,candidates(datasheet-pin-table+rm-remap-grid:en)
CH32V407,afio-sdio-remap,1,SDIO_D6,PA9,#,reference,candidates(datasheet-pin-table+rm-remap-grid:en)
CH32V407,afio-sdio-remap,1,SDIO_D7,PA10,#,reference,candidates(datasheet-pin-table+rm-remap-grid:en)
CH32V407,afio-spi1-remap,0,SPI1_MISO,PA6,#,reference,candidates(datasheet-pin-table-default:en)
CH32V407,afio-spi1-remap,0,SPI1_MOSI,PA7,#,reference,candidates(datasheet-pin-table-default:en)
CH32V407,afio-spi1-remap,0,SPI1_NSS,PA4,#,reference,candidates(datasheet-pin-table-default:en)
CH32V407,afio-spi1-remap,0,SPI1_SCK,PA5,#,reference,candidates(datasheet-pin-table-default:en)
CH32V407,afio-spi1-remap,1,SPI1_MISO,PB4,#,reference,candidates(datasheet-pin-table+rm-remap-grid:en)
CH32V407,afio-spi1-remap,1,SPI1_MOSI,PB5,#,reference,candidates(datasheet-pin-table+rm-remap-grid:en)
CH32V407,afio-spi1-remap,1,SPI1_NSS,PA15,#,reference,candidates(datasheet-pin-table+rm-remap-grid:en)
CH32V407,afio-spi1-remap,1,SPI1_SCK,PB3,#,reference,candidates(datasheet-pin-table+rm-remap-grid:en)
CH32V407,afio-spi3-remap,0,I2S3_CK,PB3,#,reference,candidates(datasheet-pin-table-default:en)
CH32V407,afio-spi3-remap,0,I2S3_MCK,PC7,#,reference,candidates(datasheet-pin-table-default:en)
CH32V407,afio-spi3-remap,0,I2S3_SD,PB5,#,reference,candidates(datasheet-pin-table-default:en)
CH32V407,afio-spi3-remap,0,I2S3_WS,PA15,#,reference,candidates(datasheet-pin-table-default:en)
CH32V407,afio-spi3-remap,0,SPI3_MISO,PB4,#,reference,candidates(datasheet-pin-table-default:en)
CH32V407,afio-spi3-remap,0,SPI3_MOSI,PB5,#,reference,candidates(datasheet-pin-table-default:en)
CH32V407,afio-spi3-remap,0,SPI3_NSS,PA15,#,reference,candidates(datasheet-pin-table-default:en)
CH32V407,afio-spi3-remap,0,SPI3_SCK,PB3,#,reference,candidates(datasheet-pin-table-default:en)
CH32V407,afio-spi3-remap,1,I2S3_CK,PC10,#,reference,candidates(datasheet-pin-table+rm-remap-grid:en)
CH32V407,afio-spi3-remap,1,I2S3_SD,PC12,#,reference,candidates(datasheet-pin-table+rm-remap-grid:en)
CH32V407,afio-spi3-remap,1,I2S3_WS,PA4,#,reference,candidates(datasheet-pin-table+rm-remap-grid:en)
CH32V407,afio-spi3-remap,1,SPI3_MISO,PC11,#,reference,candidates(datasheet-pin-table+rm-remap-grid:en)
CH32V407,afio-spi3-remap,1,SPI3_MOSI,PC12,#,reference,candidates(datasheet-pin-table+rm-remap-grid:en)
CH32V407,afio-spi3-remap,1,SPI3_NSS,PA4,#,reference,candidates(datasheet-pin-table+rm-remap-grid:en)
CH32V407,afio-spi3-remap,1,SPI3_SCK,PC10,#,reference,candidates(datasheet-pin-table+rm-remap-grid:en)
CH32V407,afio-tim1-remap,0,TIM1_BKIN,PB12,#,reference,candidates(datasheet-pin-table-default:en)
CH32V407,afio-tim1-remap,0,TIM1_CH1,PA8,#,reference,candidates(datasheet-pin-table-default:en)
CH32V407,afio-tim1-remap,0,TIM1_CH1N,PB13,#,reference,candidates(datasheet-pin-table-default:en)
CH32V407,afio-tim1-remap,0,TIM1_CH1_3,PE9,#,reference,candidates(datasheet-pin-table-default:en)
CH32V407,afio-tim1-remap,0,TIM1_CH2,PA9,#,reference,candidates(datasheet-pin-table-default:en)
CH32V407,afio-tim1-remap,0,TIM1_CH2N,PB14,#,reference,candidates(datasheet-pin-table-default:en)
CH32V407,afio-tim1-remap,0,TIM1_CH3,PA10,#,reference,candidates(datasheet-pin-table-default:en)
CH32V407,afio-tim1-remap,0,TIM1_CH3N,PB15,#,reference,candidates(datasheet-pin-table-default:en)
CH32V407,afio-tim1-remap,0,TIM1_CH4,PA11,#,reference,candidates(datasheet-pin-table-default:en)
CH32V407,afio-tim1-remap,0,TIM1_ETR,PA12,#,reference,candidates(datasheet-pin-table-default:en)
CH32V407,afio-tim1-remap,1,TIM1_BKIN,PA6,#,reference,candidates(datasheet-pin-table+rm-remap-grid:en)
CH32V407,afio-tim1-remap,1,TIM1_CH1,PA8,#,reference,candidates(datasheet-pin-table+rm-remap-grid:en)
CH32V407,afio-tim1-remap,1,TIM1_CH1N,PA7,#,reference,candidates(datasheet-pin-table+rm-remap-grid:en)
CH32V407,afio-tim1-remap,1,TIM1_CH2,PA9,#,reference,candidates(datasheet-pin-table+rm-remap-grid:en)
CH32V407,afio-tim1-remap,1,TIM1_CH2N,PB0,#,reference,candidates(datasheet-pin-table+rm-remap-grid:en)
CH32V407,afio-tim1-remap,1,TIM1_CH3,PA10,#,reference,candidates(datasheet-pin-table+rm-remap-grid:en)
CH32V407,afio-tim1-remap,1,TIM1_CH3N,PB1,#,reference,candidates(datasheet-pin-table+rm-remap-grid:en)
CH32V407,afio-tim1-remap,1,TIM1_CH4,PA11,#,reference,candidates(datasheet-pin-table+rm-remap-grid:en)
CH32V407,afio-tim1-remap,1,TIM1_ETR,PA12,#,reference,candidates(datasheet-pin-table+rm-remap-grid:en)
CH32V407,afio-tim1-remap,3,TIM1_BKIN,PB10,#,reference,candidates(datasheet-pin-table+rm-remap-grid:en)
CH32V407,afio-tim1-remap,3,TIM1_CH1N,PE8,#,reference,candidates(datasheet-pin-table+rm-remap-grid:en)
CH32V407,afio-tim1-remap,3,TIM1_CH2,PE11,#,reference,candidates(datasheet-pin-table+rm-remap-grid:en)
CH32V407,afio-tim1-remap,3,TIM1_CH2N,PE10,#,reference,candidates(datasheet-pin-table+rm-remap-grid:en)
CH32V407,afio-tim1-remap,3,TIM1_CH3,PB8,#,reference,candidates(datasheet-pin-table+rm-remap-grid:en)
CH32V407,afio-tim1-remap,3,TIM1_CH4,PA7,#,reference,candidates(datasheet-pin-table+rm-remap-grid:en)
CH32V407,afio-tim1-remap,3,TIM1_ETR,PE7,#,reference,candidates(datasheet-pin-table+rm-remap-grid:en)
CH32V407,afio-tim2-remap,0,TIM2_CH1,PA0-WKUP,#,reference,candidates(datasheet-pin-table-default:en)
CH32V407,afio-tim2-remap,0,TIM2_CH2,PA1,#,reference,candidates(datasheet-pin-table-default:en)
CH32V407,afio-tim2-remap,0,TIM2_CH3,PA2,#,reference,candidates(datasheet-pin-table-default:en)
CH32V407,afio-tim2-remap,0,TIM2_CH4,PA3,#,reference,candidates(datasheet-pin-table-default:en)
CH32V407,afio-tim2-remap,0,TIM2_ETR,PA0-WKUP,#,reference,candidates(datasheet-pin-table-default:en)
CH32V407,afio-tim2-remap,1,TIM2_CH1,PA15,#,reference,candidates(datasheet-pin-table+rm-remap-grid:en)
CH32V407,afio-tim2-remap,1,TIM2_CH2,PB3,#,reference,candidates(datasheet-pin-table+rm-remap-grid:en)
CH32V407,afio-tim2-remap,1,TIM2_CH3,PA2,#,reference,candidates(datasheet-pin-table+rm-remap-grid:en)
CH32V407,afio-tim2-remap,1,TIM2_CH4,PA3,#,reference,candidates(datasheet-pin-table+rm-remap-grid:en)
CH32V407,afio-tim2-remap,1,TIM2_ETR,PA15,#,reference,candidates(datasheet-pin-table+rm-remap-grid:en)
CH32V407,afio-tim2-remap,2,TIM2_CH1,PA0-WKUP,#,reference,candidates(datasheet-pin-table+rm-remap-grid:en)
CH32V407,afio-tim2-remap,2,TIM2_CH2,PA1,#,reference,candidates(datasheet-pin-table+rm-remap-grid:en)
CH32V407,afio-tim2-remap,2,TIM2_CH3,PB10,#,reference,candidates(datasheet-pin-table+rm-remap-grid:en)
CH32V407,afio-tim2-remap,2,TIM2_CH4,PB11,#,reference,candidates(datasheet-pin-table+rm-remap-grid:en)
CH32V407,afio-tim2-remap,2,TIM2_ETR,PA0-WKUP,#,reference,candidates(datasheet-pin-table+rm-remap-grid:en)
CH32V407,afio-tim2-remap,3,TIM2_CH1,PA15,#,reference,candidates(datasheet-pin-table+rm-remap-grid:en)
CH32V407,afio-tim2-remap,3,TIM2_CH2,PB3,#,reference,candidates(datasheet-pin-table+rm-remap-grid:en)
CH32V407,afio-tim2-remap,3,TIM2_CH3,PB10,#,reference,candidates(datasheet-pin-table+rm-remap-grid:en)
CH32V407,afio-tim2-remap,3,TIM2_CH4,PB11,#,reference,candidates(datasheet-pin-table+rm-remap-grid:en)
CH32V407,afio-tim2-remap,3,TIM2_ETR,PA15,#,reference,candidates(datasheet-pin-table+rm-remap-grid:en)
CH32V407,afio-tim3-remap,0,TIM3_CH1,PA6,#,reference,candidates(datasheet-pin-table-default:en)
CH32V407,afio-tim3-remap,0,TIM3_CH2,PA7,#,reference,candidates(datasheet-pin-table-default:en)
CH32V407,afio-tim3-remap,0,TIM3_CH3,PB0,#,reference,candidates(datasheet-pin-table-default:en)
CH32V407,afio-tim3-remap,0,TIM3_CH4,PB1,#,reference,candidates(datasheet-pin-table-default:en)
CH32V407,afio-tim3-remap,0,TIM3_ETR,PD2,#,reference,candidates(datasheet-pin-table-default:en)
CH32V407,afio-tim3-remap,1,TIM3_ETR,PD2,#,reference,candidates(datasheet-pin-table+rm-remap-grid:en)
CH32V407,afio-tim3-remap,2,TIM3_CH1,PB4,#,reference,candidates(datasheet-pin-table+rm-remap-grid:en)
CH32V407,afio-tim3-remap,2,TIM3_CH2,PB5,#,reference,candidates(datasheet-pin-table+rm-remap-grid:en)
CH32V407,afio-tim3-remap,2,TIM3_CH3,PB0,#,reference,candidates(datasheet-pin-table+rm-remap-grid:en)
CH32V407,afio-tim3-remap,2,TIM3_CH4,PB1,#,reference,candidates(datasheet-pin-table+rm-remap-grid:en)
CH32V407,afio-tim3-remap,2,TIM3_ETR,PD2,#,reference,candidates(datasheet-pin-table+rm-remap-grid:en)
CH32V407,afio-tim3-remap,3,TIM3_CH1,PC6,#,reference,candidates(datasheet-pin-table+rm-remap-grid:en)
CH32V407,afio-tim3-remap,3,TIM3_CH2,PC7,#,reference,candidates(datasheet-pin-table+rm-remap-grid:en)
CH32V407,afio-tim3-remap,3,TIM3_CH3,PC8,#,reference,candidates(datasheet-pin-table+rm-remap-grid:en)
CH32V407,afio-tim3-remap,3,TIM3_CH4,PC9,#,reference,candidates(datasheet-pin-table+rm-remap-grid:en)
CH32V407,afio-tim4-remap,0,TIM4_CH1,PB6,#,reference,candidates(datasheet-pin-table-default:en)
CH32V407,afio-tim4-remap,0,TIM4_CH2,PB7,#,reference,candidates(datasheet-pin-table-default:en)
CH32V407,afio-tim4-remap,0,TIM4_CH3,PB8,#,reference,candidates(datasheet-pin-table-default:en)
CH32V407,afio-tim4-remap,0,TIM4_CH4,PB9,#,reference,candidates(datasheet-pin-table-default:en)
CH32V407,afio-tim4-remap,0,TIM4_ETR,PE0,#,reference,candidates(datasheet-pin-table-default:en)
CH32V407,afio-tim4-remap,1,TIM4_CH1,PD12,#,reference,candidates(datasheet-pin-table+rm-remap-grid:en)
CH32V407,afio-tim4-remap,1,TIM4_CH2,PD13,#,reference,candidates(datasheet-pin-table+rm-remap-grid:en)
CH32V407,afio-tim4-remap,1,TIM4_CH3,PD14,#,reference,candidates(datasheet-pin-table+rm-remap-grid:en)
CH32V407,afio-tim4-remap,1,TIM4_CH4,PD15,#,reference,candidates(datasheet-pin-table+rm-remap-grid:en)
CH32V407,afio-tim4-remap,1,TIM4_ETR,PE0,#,reference,candidates(datasheet-pin-table+rm-remap-grid:en)
CH32V407,afio-tim8-remap,0,TIM8_BKIN,PA6,#,reference,candidates(datasheet-pin-table-default:en)
CH32V407,afio-tim8-remap,0,TIM8_CH1,PC6,#,reference,candidates(datasheet-pin-table-default:en)
CH32V407,afio-tim8-remap,0,TIM8_CH1N,PA7,#,reference,candidates(datasheet-pin-table-default:en)
CH32V407,afio-tim8-remap,0,TIM8_CH2,PC7,#,reference,candidates(datasheet-pin-table-default:en)
CH32V407,afio-tim8-remap,0,TIM8_CH2N,PB0,#,reference,candidates(datasheet-pin-table-default:en)
CH32V407,afio-tim8-remap,0,TIM8_CH3,PC8,#,reference,candidates(datasheet-pin-table-default:en)
CH32V407,afio-tim8-remap,0,TIM8_CH3N,PB1,#,reference,candidates(datasheet-pin-table-default:en)
CH32V407,afio-tim8-remap,0,TIM8_CH4,PC9,#,reference,candidates(datasheet-pin-table-default:en)
CH32V407,afio-tim8-remap,0,TIM8_ETR,PA0-WKUP,#,reference,candidates(datasheet-pin-table-default:en)
CH32V407,afio-tim8-remap,1,TIM8_BKIN,PB9,#,reference,candidates(datasheet-pin-table+rm-remap-grid:en)
CH32V407,afio-tim8-remap,1,TIM8_CH1,PB6,#,reference,candidates(datasheet-pin-table+rm-remap-grid:en)
CH32V407,afio-tim8-remap,1,TIM8_CH1N,PA13,#,reference,candidates(datasheet-pin-table+rm-remap-grid:en)
CH32V407,afio-tim8-remap,1,TIM8_CH2,PB7,#,reference,candidates(datasheet-pin-table+rm-remap-grid:en)
CH32V407,afio-tim8-remap,1,TIM8_CH2N,PA14,#,reference,candidates(datasheet-pin-table+rm-remap-grid:en)
CH32V407,afio-tim8-remap,1,TIM8_CH3,PB8,#,reference,candidates(datasheet-pin-table+rm-remap-grid:en)
CH32V407,afio-tim8-remap,1,TIM8_CH3N,PA15,#,reference,candidates(datasheet-pin-table+rm-remap-grid:en)
CH32V407,afio-tim8-remap,1,TIM8_CH4,PC13-TAMPER-RTC,#,reference,candidates(datasheet-pin-table+rm-remap-grid:en)
CH32V407,afio-tim8-remap,1,TIM8_ETR,PA0-WKUP,#,reference,candidates(datasheet-pin-table+rm-remap-grid:en)
CH32V407,afio-usart1-remap,0,USART1_CK,PA8,#,reference,candidates(datasheet-pin-table-default:en)
CH32V407,afio-usart1-remap,0,USART1_CTS,PA11,#,reference,candidates(datasheet-pin-table-default:en)
CH32V407,afio-usart1-remap,0,USART1_RTS,PA12,#,reference,candidates(datasheet-pin-table-default:en)
CH32V407,afio-usart1-remap,0,USART1_RX,PA10,#,reference,candidates(datasheet-pin-table-default:en)
CH32V407,afio-usart1-remap,0,USART1_TX,PA9,#,reference,candidates(datasheet-pin-table-default:en)
CH32V407,afio-usart1-remap,1,USART1_CK,PA8,#,reference,candidates(datasheet-pin-table+rm-remap-grid:en)
CH32V407,afio-usart1-remap,1,USART1_CTS,PA11,#,reference,candidates(datasheet-pin-table+rm-remap-grid:en)
CH32V407,afio-usart1-remap,1,USART1_RTS,PA12,#,reference,candidates(datasheet-pin-table+rm-remap-grid:en)
CH32V407,afio-usart1-remap,1,USART1_RX,PB7,#,reference,candidates(datasheet-pin-table+rm-remap-grid:en)
CH32V407,afio-usart1-remap,1,USART1_TX,PB6,#,reference,candidates(datasheet-pin-table+rm-remap-grid:en)
CH32V407,afio-usart1-remap,2,USART1_CK,PA10,#,reference,candidates(datasheet-pin-table+rm-remap-grid:en)
CH32V407,afio-usart1-remap,2,USART1_CTS,PA5,#,reference,candidates(datasheet-pin-table+rm-remap-grid:en)
CH32V407,afio-usart1-remap,2,USART1_RTS,PA9,#,reference,candidates(datasheet-pin-table+rm-remap-grid:en)
CH32V407,afio-usart1-remap,2,USART1_RX,PA8,#,reference,candidates(datasheet-pin-table+rm-remap-grid:en)
CH32V407,afio-usart1-remap,2,USART1_TX,PB15,#,reference,candidates(datasheet-pin-table+rm-remap-grid:en)
CH32V407,afio-usart1-remap,3,USART1_CK,PA5,#,reference,candidates(datasheet-pin-table+rm-remap-grid:en)
CH32V407,afio-usart1-remap,3,USART1_CTS,PC4,#,reference,candidates(datasheet-pin-table+rm-remap-grid:en)
CH32V407,afio-usart1-remap,3,USART1_RTS,PC5,#,reference,candidates(datasheet-pin-table+rm-remap-grid:en)
CH32V407,afio-usart1-remap,3,USART1_RX,PA7,#,reference,candidates(datasheet-pin-table+rm-remap-grid:en)
CH32V407,afio-usart1-remap,3,USART1_TX,PA6,#,reference,candidates(datasheet-pin-table+rm-remap-grid:en)
CH32V407,afio-usart10-remap,0,USART10_CK,PE12,#,reference,candidates(datasheet-pin-table-default:en)
CH32V407,afio-usart10-remap,0,USART10_CTS,PC14-OSC32_IN,#,reference,candidates(datasheet-pin-table-default:en)
CH32V407,afio-usart10-remap,0,USART10_RTS,PC15-OSC32_OUT,#,reference,candidates(datasheet-pin-table-default:en)
CH32V407,afio-usart10-remap,0,USART10_RX,PE1,#,reference,candidates(datasheet-pin-table-default:en)
CH32V407,afio-usart10-remap,0,USART10_TX,PE0,#,reference,candidates(datasheet-pin-table-default:en)
CH32V407,afio-usart10-remap,1,USART10_CK,PE12,#,reference,candidates(datasheet-pin-table+rm-remap-grid:en)
CH32V407,afio-usart10-remap,1,USART10_CTS,PC14-OSC32_IN,#,reference,candidates(datasheet-pin-table+rm-remap-grid:en)
CH32V407,afio-usart10-remap,1,USART10_RTS,PC15-OSC32_OUT,#,reference,candidates(datasheet-pin-table+rm-remap-grid:en)
CH32V407,afio-usart10-remap,1,USART10_RX,PB9,#,reference,candidates(datasheet-pin-table+rm-remap-grid:en)
CH32V407,afio-usart10-remap,1,USART10_TX,PB8,#,reference,candidates(datasheet-pin-table+rm-remap-grid:en)
CH32V407,afio-usart10-remap,2,USART10_CK,PD10,#,reference,candidates(datasheet-pin-table+rm-remap-grid:en)
CH32V407,afio-usart10-remap,2,USART10_CTS,PD13,#,reference,candidates(datasheet-pin-table+rm-remap-grid:en)
CH32V407,afio-usart10-remap,2,USART10_RTS,PD14,#,reference,candidates(datasheet-pin-table+rm-remap-grid:en)
CH32V407,afio-usart10-remap,2,USART10_RX,PD12,#,reference,candidates(datasheet-pin-table+rm-remap-grid:en)
CH32V407,afio-usart10-remap,2,USART10_TX,PD11,#,reference,candidates(datasheet-pin-table+rm-remap-grid:en)
CH32V407,afio-usart10-remap,3,USART10_CK,PD10,#,reference,candidates(datasheet-pin-table+rm-remap-grid:en)
CH32V407,afio-usart10-remap,3,USART10_CTS,PD13,#,reference,candidates(datasheet-pin-table+rm-remap-grid:en)
CH32V407,afio-usart10-remap,3,USART10_RTS,PD14,#,reference,candidates(datasheet-pin-table+rm-remap-grid:en)
CH32V407,afio-usart10-remap,3,USART10_RX,PD12,#,reference,candidates(datasheet-pin-table+rm-remap-grid:en)
CH32V407,afio-usart10-remap,3,USART10_TX,PD11,#,reference,candidates(datasheet-pin-table+rm-remap-grid:en)
CH32V407,afio-usart2-remap,0,USART2_CK,PA4,#,reference,candidates(datasheet-pin-table-default:en)
CH32V407,afio-usart2-remap,0,USART2_CTS,PA0-WKUP,#,reference,candidates(datasheet-pin-table-default:en)
CH32V407,afio-usart2-remap,0,USART2_RTS,PA1,#,reference,candidates(datasheet-pin-table-default:en)
CH32V407,afio-usart2-remap,0,USART2_RX,PA3,#,reference,candidates(datasheet-pin-table-default:en)
CH32V407,afio-usart2-remap,0,USART2_TX,PA2,#,reference,candidates(datasheet-pin-table-default:en)
CH32V407,afio-usart2-remap,1,USART2_CK,PD7,#,reference,candidates(datasheet-pin-table+rm-remap-grid:en)
CH32V407,afio-usart2-remap,1,USART2_CTS,PD3,#,reference,candidates(datasheet-pin-table+rm-remap-grid:en)
CH32V407,afio-usart2-remap,1,USART2_RTS,PD4,#,reference,candidates(datasheet-pin-table+rm-remap-grid:en)
CH32V407,afio-usart2-remap,1,USART2_RX,PD6,#,reference,candidates(datasheet-pin-table+rm-remap-grid:en)
CH32V407,afio-usart2-remap,1,USART2_TX,PD5,#,reference,candidates(datasheet-pin-table+rm-remap-grid:en)
CH32V407,afio-usart3-remap,0,USART3_CK,PB12,#,reference,candidates(datasheet-pin-table-default:en)
CH32V407,afio-usart3-remap,0,USART3_CTS,PB13,#,reference,candidates(datasheet-pin-table-default:en)
CH32V407,afio-usart3-remap,0,USART3_RTS,PB14,#,reference,candidates(datasheet-pin-table-default:en)
CH32V407,afio-usart3-remap,0,USART3_RX,PB11,#,reference,candidates(datasheet-pin-table-default:en)
CH32V407,afio-usart3-remap,0,USART3_TX,PB10,#,reference,candidates(datasheet-pin-table-default:en)
CH32V407,afio-usart3-remap,1,USART3_CK,PC12,#,reference,candidates(datasheet-pin-table+rm-remap-grid:en)
CH32V407,afio-usart3-remap,1,USART3_CTS,PB13,#,reference,candidates(datasheet-pin-table+rm-remap-grid:en)
CH32V407,afio-usart3-remap,1,USART3_RTS,PB14,#,reference,candidates(datasheet-pin-table+rm-remap-grid:en)
CH32V407,afio-usart3-remap,1,USART3_RX,PC11,#,reference,candidates(datasheet-pin-table+rm-remap-grid:en)
CH32V407,afio-usart3-remap,1,USART3_TX,PC10,#,reference,candidates(datasheet-pin-table+rm-remap-grid:en)
CH32V407,afio-usart3-remap,2,USART3_CK,PD10,#,reference,candidates(datasheet-pin-table+rm-remap-grid:en)
CH32V407,afio-usart3-remap,2,USART3_CTS,PD11,#,reference,candidates(datasheet-pin-table+rm-remap-grid:en)
CH32V407,afio-usart3-remap,2,USART3_RTS,PD12,#,reference,candidates(datasheet-pin-table+rm-remap-grid:en)
CH32V407,afio-usart3-remap,2,USART3_RX,PA14,#,reference,candidates(datasheet-pin-table+rm-remap-grid:en)
CH32V407,afio-usart3-remap,2,USART3_TX,PA13,#,reference,candidates(datasheet-pin-table+rm-remap-grid:en)
CH32V407,afio-usart3-remap,3,USART3_CK,PD10,#,reference,candidates(datasheet-pin-table+rm-remap-grid:en)
CH32V407,afio-usart3-remap,3,USART3_CTS,PD11,#,reference,candidates(datasheet-pin-table+rm-remap-grid:en)
CH32V407,afio-usart3-remap,3,USART3_RTS,PD12,#,reference,candidates(datasheet-pin-table+rm-remap-grid:en)
CH32V407,afio-usart3-remap,3,USART3_RX,PD9,#,reference,candidates(datasheet-pin-table+rm-remap-grid:en)
CH32V407,afio-usart3-remap,3,USART3_TX,PD8,#,reference,candidates(datasheet-pin-table+rm-remap-grid:en)
CH32V407,afio-usart4-remap,0,USART4_CK,PC12,#,reference,candidates(datasheet-pin-table-default:en)
CH32V407,afio-usart4-remap,0,USART4_CTS,PA13,#,reference,candidates(datasheet-pin-table-default:en)
CH32V407,afio-usart4-remap,0,USART4_RTS,PD2,#,reference,candidates(datasheet-pin-table-default:en)
CH32V407,afio-usart4-remap,0,USART4_RX,PC11,#,reference,candidates(datasheet-pin-table-default:en)
CH32V407,afio-usart4-remap,0,USART4_TX,PC10,#,reference,candidates(datasheet-pin-table-default:en)
CH32V407,afio-usart4-remap,1,USART4_CK,PB2,#,reference,candidates(datasheet-pin-table+rm-remap-grid:en)
CH32V407,afio-usart4-remap,1,USART4_CTS,PC4,#,reference,candidates(datasheet-pin-table+rm-remap-grid:en)
CH32V407,afio-usart4-remap,1,USART4_RTS,PC5,#,reference,candidates(datasheet-pin-table+rm-remap-grid:en)
CH32V407,afio-usart4-remap,1,USART4_RX,PB1,#,reference,candidates(datasheet-pin-table+rm-remap-grid:en)
CH32V407,afio-usart4-remap,1,USART4_TX,PB0,#,reference,candidates(datasheet-pin-table+rm-remap-grid:en)
CH32V407,afio-usart4-remap,2,USART4_CK,PE12,#,reference,candidates(datasheet-pin-table+rm-remap-grid:en)
CH32V407,afio-usart4-remap,2,USART4_CTS,PB8,#,reference,candidates(datasheet-pin-table+rm-remap-grid:en)
CH32V407,afio-usart4-remap,2,USART4_RTS,PB9,#,reference,candidates(datasheet-pin-table+rm-remap-grid:en)
CH32V407,afio-usart4-remap,2,USART4_RX,PE1,#,reference,candidates(datasheet-pin-table+rm-remap-grid:en)
CH32V407,afio-usart4-remap,2,USART4_TX,PE0,#,reference,candidates(datasheet-pin-table+rm-remap-grid:en)
CH32V407,afio-usart4-remap,3,USART4_CK,PE12,#,reference,candidates(datasheet-pin-table+rm-remap-grid:en)
CH32V407,afio-usart4-remap,3,USART4_CTS,PB8,#,reference,candidates(datasheet-pin-table+rm-remap-grid:en)
CH32V407,afio-usart4-remap,3,USART4_RTS,PB9,#,reference,candidates(datasheet-pin-table+rm-remap-grid:en)
CH32V407,afio-usart4-remap,3,USART4_RX,PE1,#,reference,candidates(datasheet-pin-table+rm-remap-grid:en)
CH32V407,afio-usart4-remap,3,USART4_TX,PE0,#,reference,candidates(datasheet-pin-table+rm-remap-grid:en)
CH32V407,afio-usart5-remap,0,USART5_CK,PB5,#,reference,candidates(datasheet-pin-table-default:en)
CH32V407,afio-usart5-remap,0,USART5_CTS,PB3,#,reference,candidates(datasheet-pin-table-default:en)
CH32V407,afio-usart5-remap,0,USART5_RTS,PB4,#,reference,candidates(datasheet-pin-table-default:en)
CH32V407,afio-usart5-remap,0,USART5_RX,PD2,#,reference,candidates(datasheet-pin-table-default:en)
CH32V407,afio-usart5-remap,0,USART5_TX,PC12,#,reference,candidates(datasheet-pin-table-default:en)
CH32V407,afio-usart5-remap,1,USART5_CK,PB3,#,reference,candidates(datasheet-pin-table+rm-remap-grid:en)
CH32V407,afio-usart5-remap,1,USART5_CTS,PB8,#,reference,candidates(datasheet-pin-table+rm-remap-grid:en)
CH32V407,afio-usart5-remap,1,USART5_RTS,PB9,#,reference,candidates(datasheet-pin-table+rm-remap-grid:en)
CH32V407,afio-usart5-remap,1,USART5_RX,PB5,#,reference,candidates(datasheet-pin-table+rm-remap-grid:en)
CH32V407,afio-usart5-remap,1,USART5_TX,PB4,#,reference,candidates(datasheet-pin-table+rm-remap-grid:en)
CH32V407,afio-usart5-remap,2,USART5_CK,PB2,#,reference,candidates(datasheet-pin-table+rm-remap-grid:en)
CH32V407,afio-usart5-remap,2,USART5_CTS,PB0,#,reference,candidates(datasheet-pin-table+rm-remap-grid:en)
CH32V407,afio-usart5-remap,2,USART5_RTS,PB1,#,reference,candidates(datasheet-pin-table+rm-remap-grid:en)
CH32V407,afio-usart5-remap,2,USART5_RX,PE9,#,reference,candidates(datasheet-pin-table+rm-remap-grid:en)
CH32V407,afio-usart5-remap,2,USART5_TX,PE8,#,reference,candidates(datasheet-pin-table+rm-remap-grid:en)
CH32V407,afio-usart5-remap,3,USART5_CK,PB2,#,reference,candidates(datasheet-pin-table+rm-remap-grid:en)
CH32V407,afio-usart5-remap,3,USART5_CTS,PB0,#,reference,candidates(datasheet-pin-table+rm-remap-grid:en)
CH32V407,afio-usart5-remap,3,USART5_RTS,PB1,#,reference,candidates(datasheet-pin-table+rm-remap-grid:en)
CH32V407,afio-usart5-remap,3,USART5_RX,PE9,#,reference,candidates(datasheet-pin-table+rm-remap-grid:en)
CH32V407,afio-usart5-remap,3,USART5_TX,PE8,#,reference,candidates(datasheet-pin-table+rm-remap-grid:en)
CH32V407,afio-usart6-remap,0,USART6_CK,PB0,#,reference,candidates(datasheet-pin-table-default:en)
CH32V407,afio-usart6-remap,0,USART6_CTS,PC2,#,reference,candidates(datasheet-pin-table-default:en)
CH32V407,afio-usart6-remap,0,USART6_RTS,PC3,#,reference,candidates(datasheet-pin-table-default:en)
CH32V407,afio-usart6-remap,0,USART6_RX,PC1,#,reference,candidates(datasheet-pin-table-default:en)
CH32V407,afio-usart6-remap,0,USART6_TX,PC0,#,reference,candidates(datasheet-pin-table-default:en)
CH32V407,afio-usart6-remap,1,USART6_CK,PB5,#,reference,candidates(datasheet-pin-table+rm-remap-grid:en)
CH32V407,afio-usart6-remap,1,USART6_CTS,PE0,#,reference,candidates(datasheet-pin-table+rm-remap-grid:en)
CH32V407,afio-usart6-remap,1,USART6_RTS,PE1,#,reference,candidates(datasheet-pin-table+rm-remap-grid:en)
CH32V407,afio-usart6-remap,1,USART6_RX,PB9,#,reference,candidates(datasheet-pin-table+rm-remap-grid:en)
CH32V407,afio-usart6-remap,1,USART6_TX,PB8,#,reference,candidates(datasheet-pin-table+rm-remap-grid:en)
CH32V407,afio-usart6-remap,2,USART6_CK,PA13,#,reference,candidates(datasheet-pin-table+rm-remap-grid:en)
CH32V407,afio-usart6-remap,2,USART6_CTS,PA14,#,reference,candidates(datasheet-pin-table+rm-remap-grid:en)
CH32V407,afio-usart6-remap,2,USART6_RTS,PA15,#,reference,candidates(datasheet-pin-table+rm-remap-grid:en)
CH32V407,afio-usart6-remap,2,USART6_RX,PE11,#,reference,candidates(datasheet-pin-table+rm-remap-grid:en)
CH32V407,afio-usart6-remap,2,USART6_TX,PE10,#,reference,candidates(datasheet-pin-table+rm-remap-grid:en)
CH32V407,afio-usart6-remap,3,USART6_CK,PA5,#,reference,candidates(datasheet-pin-table+rm-remap-grid:en)
CH32V407,afio-usart6-remap,3,USART6_CTS,PC2,#,reference,candidates(datasheet-pin-table+rm-remap-grid:en)
CH32V407,afio-usart6-remap,3,USART6_RTS,PC3,#,reference,candidates(datasheet-pin-table+rm-remap-grid:en)
CH32V407,afio-usart6-remap,3,USART6_RX,PC1,#,reference,candidates(datasheet-pin-table+rm-remap-grid:en)
CH32V407,afio-usart6-remap,3,USART6_TX,PC0,#,reference,candidates(datasheet-pin-table+rm-remap-grid:en)
CH32V407,afio-usart7-remap,0,USART7_CK,PC1,#,reference,candidates(datasheet-pin-table-default:en)
CH32V407,afio-usart7-remap,0,USART7_CTS,PC4,#,reference,candidates(datasheet-pin-table-default:en)
CH32V407,afio-usart7-remap,0,USART7_RTS,PC5,#,reference,candidates(datasheet-pin-table-default:en)
CH32V407,afio-usart7-remap,0,USART7_RX,PC3,#,reference,candidates(datasheet-pin-table-default:en)
CH32V407,afio-usart7-remap,0,USART7_TX,PC2,#,reference,candidates(datasheet-pin-table-default:en)
CH32V407,afio-usart7-remap,1,USART7_CK,PB0,#,reference,candidates(datasheet-pin-table+rm-remap-grid:en)
CH32V407,afio-usart7-remap,1,USART7_CTS,PC4,#,reference,candidates(datasheet-pin-table+rm-remap-grid:en)
CH32V407,afio-usart7-remap,1,USART7_RTS,PC5,#,reference,candidates(datasheet-pin-table+rm-remap-grid:en)
CH32V407,afio-usart7-remap,1,USART7_RX,PA7,#,reference,candidates(datasheet-pin-table+rm-remap-grid:en)
CH32V407,afio-usart7-remap,1,USART7_TX,PA6,#,reference,candidates(datasheet-pin-table+rm-remap-grid:en)
CH32V407,afio-usart7-remap,2,USART7_CK,PA8,#,reference,candidates(datasheet-pin-table+rm-remap-grid:en)
CH32V407,afio-usart7-remap,2,USART7_CTS,PB6,#,reference,candidates(datasheet-pin-table+rm-remap-grid:en)
CH32V407,afio-usart7-remap,2,USART7_RTS,PB7,#,reference,candidates(datasheet-pin-table+rm-remap-grid:en)
CH32V407,afio-usart7-remap,2,USART7_RX,PA10,#,reference,candidates(datasheet-pin-table+rm-remap-grid:en)
CH32V407,afio-usart7-remap,2,USART7_TX,PA9,#,reference,candidates(datasheet-pin-table+rm-remap-grid:en)
CH32V407,afio-usart7-remap,3,USART7_CK,PA8,#,reference,candidates(datasheet-pin-table+rm-remap-grid:en)
CH32V407,afio-usart7-remap,3,USART7_CTS,PC8,#,reference,candidates(datasheet-pin-table+rm-remap-grid:en)
CH32V407,afio-usart7-remap,3,USART7_RTS,PC9,#,reference,candidates(datasheet-pin-table+rm-remap-grid:en)
CH32V407,afio-usart7-remap,3,USART7_RX,PA10,#,reference,candidates(datasheet-pin-table+rm-remap-grid:en)
CH32V407,afio-usart7-remap,3,USART7_TX,PA9,#,reference,candidates(datasheet-pin-table+rm-remap-grid:en)
CH32V407,afio-usart8-remap,0,USART8_CK,PA7,#,reference,candidates(datasheet-pin-table-default:en)
CH32V407,afio-usart8-remap,0,USART8_CTS,PB0,#,reference,candidates(datasheet-pin-table-default:en)
CH32V407,afio-usart8-remap,0,USART8_RTS,PB1,#,reference,candidates(datasheet-pin-table-default:en)
CH32V407,afio-usart8-remap,0,USART8_RX,PC5,#,reference,candidates(datasheet-pin-table-default:en)
CH32V407,afio-usart8-remap,0,USART8_TX,PC4,#,reference,candidates(datasheet-pin-table-default:en)
CH32V407,afio-usart8-remap,1,USART8_CK,PB15,#,reference,candidates(datasheet-pin-table+rm-remap-grid:en)
CH32V407,afio-usart8-remap,1,USART8_CTS,PE10,#,reference,candidates(datasheet-pin-table+rm-remap-grid:en)
CH32V407,afio-usart8-remap,1,USART8_RTS,PE11,#,reference,candidates(datasheet-pin-table+rm-remap-grid:en)
CH32V407,afio-usart8-remap,1,USART8_RX,PA15,#,reference,candidates(datasheet-pin-table+rm-remap-grid:en)
CH32V407,afio-usart8-remap,1,USART8_TX,PA14,#,reference,candidates(datasheet-pin-table+rm-remap-grid:en)
CH32V407,afio-usart8-remap,2,USART8_CK,PB11,#,reference,candidates(datasheet-pin-table+rm-remap-grid:en)
CH32V407,afio-usart8-remap,2,USART8_CTS,PB13,#,reference,candidates(datasheet-pin-table+rm-remap-grid:en)
CH32V407,afio-usart8-remap,2,USART8_RTS,PB12,#,reference,candidates(datasheet-pin-table+rm-remap-grid:en)
CH32V407,afio-usart8-remap,2,USART8_RX,PB14,#,reference,candidates(datasheet-pin-table+rm-remap-grid:en)
CH32V407,afio-usart8-remap,2,USART8_TX,PB15,#,reference,candidates(datasheet-pin-table+rm-remap-grid:en)
CH32V407,afio-usart8-remap,3,USART8_CK,PB11,#,reference,candidates(datasheet-pin-table+rm-remap-grid:en)
CH32V407,afio-usart8-remap,3,USART8_CTS,PB13,#,reference,candidates(datasheet-pin-table+rm-remap-grid:en)
CH32V407,afio-usart8-remap,3,USART8_RTS,PB12,#,reference,candidates(datasheet-pin-table+rm-remap-grid:en)
CH32V407,afio-usart8-remap,3,USART8_RX,PB14,#,reference,candidates(datasheet-pin-table+rm-remap-grid:en)
CH32V407,afio-usart8-remap,3,USART8_TX,PB15,#,reference,candidates(datasheet-pin-table+rm-remap-grid:en)
CH32V407,afio-usart9-remap,0,USART9_CK,PD8,#,reference,candidates(datasheet-pin-table-default:en)
CH32V407,afio-usart9-remap,0,USART9_CTS,PE8,#,reference,candidates(datasheet-pin-table-default:en)
CH32V407,afio-usart9-remap,0,USART9_RTS,PE9,#,reference,candidates(datasheet-pin-table-default:en)
CH32V407,afio-usart9-remap,0,USART9_RX,PB2,#,reference,candidates(datasheet-pin-table-default:en)
CH32V407,afio-usart9-remap,0,USART9_TX,PB1,#,reference,candidates(datasheet-pin-table-default:en)
CH32V407,afio-usart9-remap,1,USART9_CK,PD8,#,reference,candidates(datasheet-pin-table+rm-remap-grid:en)
CH32V407,afio-usart9-remap,1,USART9_CTS,PE8,#,reference,candidates(datasheet-pin-table+rm-remap-grid:en)
CH32V407,afio-usart9-remap,1,USART9_RTS,PE9,#,reference,candidates(datasheet-pin-table+rm-remap-grid:en)
CH32V407,afio-usart9-remap,1,USART9_RX,PA5,#,reference,candidates(datasheet-pin-table+rm-remap-grid:en)
CH32V407,afio-usart9-remap,1,USART9_TX,PA4,#,reference,candidates(datasheet-pin-table+rm-remap-grid:en)
CH32V407,afio-usart9-remap,2,USART9_CK,PE2,#,reference,candidates(datasheet-pin-table+rm-remap-grid:en)
CH32V407,afio-usart9-remap,2,USART9_CTS,PE5,#,reference,candidates(datasheet-pin-table+rm-remap-grid:en)
CH32V407,afio-usart9-remap,2,USART9_RTS,PE6,#,reference,candidates(datasheet-pin-table+rm-remap-grid:en)
CH32V407,afio-usart9-remap,2,USART9_RX,PE4,#,reference,candidates(datasheet-pin-table+rm-remap-grid:en)
CH32V407,afio-usart9-remap,2,USART9_TX,PE3,#,reference,candidates(datasheet-pin-table+rm-remap-grid:en)
CH32V407,afio-usart9-remap,3,USART9_CK,PE2,#,reference,candidates(datasheet-pin-table+rm-remap-grid:en)
CH32V407,afio-usart9-remap,3,USART9_CTS,PE5,#,reference,candidates(datasheet-pin-table+rm-remap-grid:en)
CH32V407,afio-usart9-remap,3,USART9_RTS,PE6,#,reference,candidates(datasheet-pin-table+rm-remap-grid:en)
CH32V407,afio-usart9-remap,3,USART9_RX,PE4,#,reference,candidates(datasheet-pin-table+rm-remap-grid:en)
CH32V407,afio-usart9-remap,3,USART9_TX,PE3,#,reference,candidates(datasheet-pin-table+rm-remap-grid:en)
CH32V467,afio-can-remap,0,CAN_RX,PA11,#,reference,candidates(datasheet-pin-table-default:en)
CH32V467,afio-can-remap,0,CAN_TX,PA12,#,reference,candidates(datasheet-pin-table-default:en)
CH32V467,afio-can-remap,2,CAN_RX,PB8,#,reference,candidates(datasheet-pin-table+rm-remap-grid:en)
CH32V467,afio-can-remap,2,CAN_TX,PB9,#,reference,candidates(datasheet-pin-table+rm-remap-grid:en)
CH32V467,afio-can-remap,3,CAN_RX,PD0,#,reference,candidates(datasheet-pin-table+rm-remap-grid:en)
CH32V467,afio-can-remap,3,CAN_TX,PD1,#,reference,candidates(datasheet-pin-table+rm-remap-grid:en)
CH32V467,afio-dvp-remap,0,DVP_D0,PA9,#,reference,candidates(datasheet-pin-table-default:en)
CH32V467,afio-dvp-remap,0,DVP_D1,PA10,#,reference,candidates(datasheet-pin-table-default:en)
CH32V467,afio-dvp-remap,0,DVP_D10,PD6,#,reference,candidates(datasheet-pin-table-default:en)
CH32V467,afio-dvp-remap,0,DVP_D11,PD2,#,reference,candidates(datasheet-pin-table-default:en)
CH32V467,afio-dvp-remap,0,DVP_D2,PC8,#,reference,candidates(datasheet-pin-table-default:en)
CH32V467,afio-dvp-remap,0,DVP_D3,PC9,#,reference,candidates(datasheet-pin-table-default:en)
CH32V467,afio-dvp-remap,0,DVP_D4,PC11,#,reference,candidates(datasheet-pin-table-default:en)
CH32V467,afio-dvp-remap,0,DVP_D5,PB3,#,reference,candidates(datasheet-pin-table-default:en)
CH32V467,afio-dvp-remap,0,DVP_D5,PB6,#,reference,candidates(datasheet-pin-table-default:en)
CH32V467,afio-dvp-remap,0,DVP_D6,PB8,#,reference,candidates(datasheet-pin-table-default:en)
CH32V467,afio-dvp-remap,0,DVP_D7,PB9,#,reference,candidates(datasheet-pin-table-default:en)
CH32V467,afio-dvp-remap,0,DVP_D8,PC10,#,reference,candidates(datasheet-pin-table-default:en)
CH32V467,afio-dvp-remap,0,DVP_D9,PC12,#,reference,candidates(datasheet-pin-table-default:en)
CH32V467,afio-dvp-remap,0,DVP_HSYNC,PA4,#,reference,candidates(datasheet-pin-table-default:en)
CH32V467,afio-dvp-remap,0,DVP_PCLK,PA6,#,reference,candidates(datasheet-pin-table-default:en)
CH32V467,afio-dvp-remap,0,DVP_VSYNC,PA5,#,reference,candidates(datasheet-pin-table-default:en)
CH32V467,afio-dvp-remap,1,DVP_D0,PA9,#,reference,candidates(datasheet-pin-table+rm-remap-grid:en)
CH32V467,afio-dvp-remap,1,DVP_D1,PA10,#,reference,candidates(datasheet-pin-table+rm-remap-grid:en)
CH32V467,afio-dvp-remap,1,DVP_D10,PB5,#,reference,candidates(datasheet-pin-table+rm-remap-grid:en)
CH32V467,afio-dvp-remap,1,DVP_D11,PD2,#,reference,candidates(datasheet-pin-table+rm-remap-grid:en)
CH32V467,afio-dvp-remap,1,DVP_D2,PA8,#,reference,candidates(datasheet-pin-table+rm-remap-grid:en)
CH32V467,afio-dvp-remap,1,DVP_D3,PB4,#,reference,candidates(datasheet-pin-table+rm-remap-grid:en)
CH32V467,afio-dvp-remap,1,DVP_D4,PC11,#,reference,candidates(datasheet-pin-table+rm-remap-grid:en)
CH32V467,afio-dvp-remap,1,DVP_D5,PB3,#,reference,candidates(datasheet-pin-table+rm-remap-grid:en)
CH32V467,afio-dvp-remap,1,DVP_D6,PB8,#,reference,candidates(datasheet-pin-table+rm-remap-grid:en)
CH32V467,afio-dvp-remap,1,DVP_D7,PB9,#,reference,candidates(datasheet-pin-table+rm-remap-grid:en)
CH32V467,afio-dvp-remap,1,DVP_D8,PC10,#,reference,candidates(datasheet-pin-table+rm-remap-grid:en)
CH32V467,afio-dvp-remap,1,DVP_D9,PC12,#,reference,candidates(datasheet-pin-table+rm-remap-grid:en)
CH32V467,afio-dvp-remap,1,DVP_HSYNC,PA4,#,reference,candidates(datasheet-pin-table+rm-remap-grid:en)
CH32V467,afio-dvp-remap,1,DVP_PCLK,PA6,#,reference,candidates(datasheet-pin-table+rm-remap-grid:en)
CH32V467,afio-dvp-remap,1,DVP_VSYNC,PA5,#,reference,candidates(datasheet-pin-table+rm-remap-grid:en)
CH32V467,afio-ethphy-led-remap,0,LED0,PE8,#,reference,candidates(datasheet-pin-table-default:en)
CH32V467,afio-ethphy-led-remap,0,LED1,PE9,#,reference,candidates(datasheet-pin-table-default:en)
CH32V467,afio-ethphy-led-remap,1,LED0,PD14,#,reference,candidates(datasheet-pin-table+rm-remap-grid:en)
CH32V467,afio-ethphy-led-remap,1,LED1,PD15,#,reference,candidates(datasheet-pin-table+rm-remap-grid:en)
CH32V467,afio-fsmc-remap,0,FSMC_A16,PD11,#,reference,candidates(datasheet-pin-table-default:en)
CH32V467,afio-fsmc-remap,0,FSMC_A17,PD12,#,reference,candidates(datasheet-pin-table-default:en)
CH32V467,afio-fsmc-remap,0,FSMC_A18,PD13,#,reference,candidates(datasheet-pin-table-default:en)
CH32V467,afio-fsmc-remap,0,FSMC_A19,PE3,#,reference,candidates(datasheet-pin-table-default:en)
CH32V467,afio-fsmc-remap,0,FSMC_A20,PE4,#,reference,candidates(datasheet-pin-table-default:en)
CH32V467,afio-fsmc-remap,0,FSMC_A21,PE5,#,reference,candidates(datasheet-pin-table-default:en)
CH32V467,afio-fsmc-remap,0,FSMC_A22,PE6,#,reference,candidates(datasheet-pin-table-default:en)
CH32V467,afio-fsmc-remap,0,FSMC_A23,PE2,#,reference,candidates(datasheet-pin-table-default:en)
CH32V467,afio-fsmc-remap,0,FSMC_CLK,PD3,#,reference,candidates(datasheet-pin-table-default:en)
CH32V467,afio-fsmc-remap,0,FSMC_D0,PD14,#,reference,candidates(datasheet-pin-table-default:en)
CH32V467,afio-fsmc-remap,0,FSMC_D1,PD15,#,reference,candidates(datasheet-pin-table-default:en)
CH32V467,afio-fsmc-remap,0,FSMC_D10,PB12,#,reference,candidates(datasheet-pin-table-default:en)
CH32V467,afio-fsmc-remap,0,FSMC_D11,PB13,#,reference,candidates(datasheet-pin-table-default:en)
CH32V467,afio-fsmc-remap,0,FSMC_D12,PB14,#,reference,candidates(datasheet-pin-table-default:en)
CH32V467,afio-fsmc-remap,0,FSMC_D13,PD8,#,reference,candidates(datasheet-pin-table-default:en)
CH32V467,afio-fsmc-remap,0,FSMC_D14,PD9,#,reference,candidates(datasheet-pin-table-default:en)
CH32V467,afio-fsmc-remap,0,FSMC_D15,PD10,#,reference,candidates(datasheet-pin-table-default:en)
CH32V467,afio-fsmc-remap,0,FSMC_D2,PD0,#,reference,candidates(datasheet-pin-table-default:en)
CH32V467,afio-fsmc-remap,0,FSMC_D3,PD1,#,reference,candidates(datasheet-pin-table-default:en)
CH32V467,afio-fsmc-remap,0,FSMC_D5,PE8,#,reference,candidates(datasheet-pin-table-default:en)
CH32V467,afio-fsmc-remap,0,FSMC_D6,PE9,#,reference,candidates(datasheet-pin-table-default:en)
CH32V467,afio-fsmc-remap,0,FSMC_D7,PE10,#,reference,candidates(datasheet-pin-table-default:en)
CH32V467,afio-fsmc-remap,0,FSMC_D8,PE11,#,reference,candidates(datasheet-pin-table-default:en)
CH32V467,afio-fsmc-remap,0,FSMC_D9,PB11,#,reference,candidates(datasheet-pin-table-default:en)
CH32V467,afio-fsmc-remap,0,FSMC_NADV,PB7,#,reference,candidates(datasheet-pin-table-default:en)
CH32V467,afio-fsmc-remap,0,FSMC_NADV,PD2,#,reference,candidates(datasheet-pin-table-default:en)
CH32V467,afio-fsmc-remap,0,FSMC_NBL0,PE0,#,reference,candidates(datasheet-pin-table-default:en)
CH32V467,afio-fsmc-remap,0,FSMC_NBL1,PE1,#,reference,candidates(datasheet-pin-table-default:en)
CH32V467,afio-fsmc-remap,0,FSMC_NCE2,PD7,#,reference,candidates(datasheet-pin-table-default:en)
CH32V467,afio-fsmc-remap,0,FSMC_NE1,PD7,#,reference,candidates(datasheet-pin-table-default:en)
CH32V467,afio-fsmc-remap,0,FSMC_NOE,PD4,#,reference,candidates(datasheet-pin-table-default:en)
CH32V467,afio-fsmc-remap,0,FSMC_NWAIT,PD6,#,reference,candidates(datasheet-pin-table-default:en)
CH32V467,afio-fsmc-remap,0,FSMC_NWE,PD5,#,reference,candidates(datasheet-pin-table-default:en)
CH32V467,afio-fsmc-remap,1,FSMC_A16,PD11,#,reference,candidates(datasheet-pin-table+rm-remap-grid:en)
CH32V467,afio-fsmc-remap,1,FSMC_A17,PD12,#,reference,candidates(datasheet-pin-table+rm-remap-grid:en)
CH32V467,afio-fsmc-remap,1,FSMC_A18,PD13,#,reference,candidates(datasheet-pin-table+rm-remap-grid:en)
CH32V467,afio-fsmc-remap,1,FSMC_A19,PE3,#,reference,candidates(datasheet-pin-table+rm-remap-grid:en)
CH32V467,afio-fsmc-remap,1,FSMC_A20,PE4,#,reference,candidates(datasheet-pin-table+rm-remap-grid:en)
CH32V467,afio-fsmc-remap,1,FSMC_A21,PE5,#,reference,candidates(datasheet-pin-table+rm-remap-grid:en)
CH32V467,afio-fsmc-remap,1,FSMC_A22,PE6,#,reference,candidates(datasheet-pin-table+rm-remap-grid:en)
CH32V467,afio-fsmc-remap,1,FSMC_A23,PE2,#,reference,candidates(datasheet-pin-table+rm-remap-grid:en)
CH32V467,afio-fsmc-remap,1,FSMC_CLK,PD3,#,reference,candidates(datasheet-pin-table+rm-remap-grid:en)
CH32V467,afio-fsmc-remap,1,FSMC_D0,PD14,#,reference,candidates(datasheet-pin-table+rm-remap-grid:en)
CH32V467,afio-fsmc-remap,1,FSMC_D10,PB12,#,reference,candidates(datasheet-pin-table+rm-remap-grid:en)
CH32V467,afio-fsmc-remap,1,FSMC_D11,PB13,#,reference,candidates(datasheet-pin-table+rm-remap-grid:en)
CH32V467,afio-fsmc-remap,1,FSMC_D12,PB14,#,reference,candidates(datasheet-pin-table+rm-remap-grid:en)
CH32V467,afio-fsmc-remap,1,FSMC_D13,PD8,#,reference,candidates(datasheet-pin-table+rm-remap-grid:en)
CH32V467,afio-fsmc-remap,1,FSMC_D14,PD9,#,reference,candidates(datasheet-pin-table+rm-remap-grid:en)
CH32V467,afio-fsmc-remap,1,FSMC_D15,PD10,#,reference,candidates(datasheet-pin-table+rm-remap-grid:en)
CH32V467,afio-fsmc-remap,1,FSMC_D2,PD0,#,reference,candidates(datasheet-pin-table+rm-remap-grid:en)
CH32V467,afio-fsmc-remap,1,FSMC_D3,PD1,#,reference,candidates(datasheet-pin-table+rm-remap-grid:en)
CH32V467,afio-fsmc-remap,1,FSMC_D4,PC4,#,reference,candidates(datasheet-pin-table+rm-remap-grid:en)
CH32V467,afio-fsmc-remap,1,FSMC_D5,PE8,#,reference,candidates(datasheet-pin-table+rm-remap-grid:en)
CH32V467,afio-fsmc-remap,1,FSMC_D6,PE9,#,reference,candidates(datasheet-pin-table+rm-remap-grid:en)
CH32V467,afio-fsmc-remap,1,FSMC_D7,PE10,#,reference,candidates(datasheet-pin-table+rm-remap-grid:en)
CH32V467,afio-fsmc-remap,1,FSMC_D8,PE11,#,reference,candidates(datasheet-pin-table+rm-remap-grid:en)
CH32V467,afio-fsmc-remap,1,FSMC_D9,PB11,#,reference,candidates(datasheet-pin-table+rm-remap-grid:en)
CH32V467,afio-fsmc-remap,1,FSMC_NADV,PB7,#,reference,candidates(datasheet-pin-table+rm-remap-grid:en)
CH32V467,afio-fsmc-remap,1,FSMC_NBL0,PE0,#,reference,candidates(datasheet-pin-table+rm-remap-grid:en)
CH32V467,afio-fsmc-remap,1,FSMC_NBL1,PE1,#,reference,candidates(datasheet-pin-table+rm-remap-grid:en)
CH32V467,afio-fsmc-remap,1,FSMC_NCE2,PD7,#,reference,candidates(datasheet-pin-table+rm-remap-grid:en)
CH32V467,afio-fsmc-remap,1,FSMC_NE1,PD7,#,reference,candidates(datasheet-pin-table+rm-remap-grid:en)
CH32V467,afio-fsmc-remap,1,FSMC_NOE,PD4,#,reference,candidates(datasheet-pin-table+rm-remap-grid:en)
CH32V467,afio-fsmc-remap,1,FSMC_NWAIT,PD6,#,reference,candidates(datasheet-pin-table+rm-remap-grid:en)
CH32V467,afio-fsmc-remap,1,FSMC_NWE,PD5,#,reference,candidates(datasheet-pin-table+rm-remap-grid:en)
CH32V467,afio-i2c1-remap,0,I2C_SCL,PB6,#,reference,candidates(datasheet-pin-table-default:en)
CH32V467,afio-i2c1-remap,0,I2C_SDA,PB7,#,reference,candidates(datasheet-pin-table-default:en)
CH32V467,afio-i2c1-remap,0,I2C_SMBA,PB5,#,reference,candidates(datasheet-pin-table-default:en)
CH32V467,afio-i2c1-remap,1,I2C_SCL,PB8,#,reference,candidates(datasheet-pin-table+rm-remap-grid:en)
CH32V467,afio-i2c1-remap,1,I2C_SDA,PB9,#,reference,candidates(datasheet-pin-table+rm-remap-grid:en)
CH32V467,afio-i3c-remap,0,I3C_SCL,PB10,#,reference,candidates(datasheet-pin-table-default:en)
CH32V467,afio-i3c-remap,0,I3C_SDA,PB11,#,reference,candidates(datasheet-pin-table-default:en)
CH32V467,afio-i3c-remap,1,I3C_SCL,PB4,#,reference,candidates(datasheet-pin-table+rm-remap-grid:en)
CH32V467,afio-i3c-remap,1,I3C_SDA,PB5,#,reference,candidates(datasheet-pin-table+rm-remap-grid:en)
CH32V467,afio-ltdc-remap,0,LTDC_B0,PB14,#,reference,candidates(datasheet-pin-table-default:en)
CH32V467,afio-ltdc-remap,0,LTDC_B1,PB15,#,reference,candidates(datasheet-pin-table-default:en)
CH32V467,afio-ltdc-remap,0,LTDC_B2,PB11,#,reference,candidates(datasheet-pin-table-default:en)
CH32V467,afio-ltdc-remap,0,LTDC_B3,PB10,#,reference,candidates(datasheet-pin-table-default:en)
CH32V467,afio-ltdc-remap,0,LTDC_B4,PA8,#,reference,candidates(datasheet-pin-table-default:en)
CH32V467,afio-ltdc-remap,0,LTDC_B5,PA13,#,reference,candidates(datasheet-pin-table-default:en)
CH32V467,afio-ltdc-remap,0,LTDC_B6,PA14,#,reference,candidates(datasheet-pin-table-default:en)
CH32V467,afio-ltdc-remap,0,LTDC_B7,PA15,#,reference,candidates(datasheet-pin-table-default:en)
CH32V467,afio-ltdc-remap,0,LTDC_CLK,PE1,#,reference,candidates(datasheet-pin-table-default:en)
CH32V467,afio-ltdc-remap,0,LTDC_DE,PE0,#,reference,candidates(datasheet-pin-table-default:en)
CH32V467,afio-ltdc-remap,0,LTDC_G0,PC4,#,reference,candidates(datasheet-pin-table-default:en)
CH32V467,afio-ltdc-remap,0,LTDC_G1,PC5,#,reference,candidates(datasheet-pin-table-default:en)
CH32V467,afio-ltdc-remap,0,LTDC_G2,PB0,#,reference,candidates(datasheet-pin-table-default:en)
CH32V467,afio-ltdc-remap,0,LTDC_G3,PB1,#,reference,candidates(datasheet-pin-table-default:en)
CH32V467,afio-ltdc-remap,0,LTDC_G4,PB2,#,reference,candidates(datasheet-pin-table-default:en)
CH32V467,afio-ltdc-remap,0,LTDC_G5,PD8,#,reference,candidates(datasheet-pin-table-default:en)
CH32V467,afio-ltdc-remap,0,LTDC_G6,PB12,#,reference,candidates(datasheet-pin-table-default:en)
CH32V467,afio-ltdc-remap,0,LTDC_G7,PB13,#,reference,candidates(datasheet-pin-table-default:en)
CH32V467,afio-ltdc-remap,0,LTDC_HSYNC,PB4,#,reference,candidates(datasheet-pin-table-default:en)
CH32V467,afio-ltdc-remap,0,LTDC_R0,PC0,#,reference,candidates(datasheet-pin-table-default:en)
CH32V467,afio-ltdc-remap,0,LTDC_R1,PC1,#,reference,candidates(datasheet-pin-table-default:en)
CH32V467,afio-ltdc-remap,0,LTDC_R2,PC2,#,reference,candidates(datasheet-pin-table-default:en)
CH32V467,afio-ltdc-remap,0,LTDC_R3,PC3,#,reference,candidates(datasheet-pin-table-default:en)
CH32V467,afio-ltdc-remap,0,LTDC_R4,PA1,#,reference,candidates(datasheet-pin-table-default:en)
CH32V467,afio-ltdc-remap,0,LTDC_R5,PA2,#,reference,candidates(datasheet-pin-table-default:en)
CH32V467,afio-ltdc-remap,0,LTDC_R6,PA3,#,reference,candidates(datasheet-pin-table-default:en)
CH32V467,afio-ltdc-remap,0,LTDC_R7,PA7,#,reference,candidates(datasheet-pin-table-default:en)
CH32V467,afio-ltdc-remap,0,LTDC_VSYNC,PB5,#,reference,candidates(datasheet-pin-table-default:en)
CH32V467,afio-ltdc-remap,1,LTDC_B0,PB14,#,reference,candidates(datasheet-pin-table+rm-remap-grid:en)
CH32V467,afio-ltdc-remap,1,LTDC_B1,PB15,#,reference,candidates(datasheet-pin-table+rm-remap-grid:en)
CH32V467,afio-ltdc-remap,1,LTDC_B2,PB11,#,reference,candidates(datasheet-pin-table+rm-remap-grid:en)
CH32V467,afio-ltdc-remap,1,LTDC_B3,PB10,#,reference,candidates(datasheet-pin-table+rm-remap-grid:en)
CH32V467,afio-ltdc-remap,1,LTDC_B4,PA8,#,reference,candidates(datasheet-pin-table+rm-remap-grid:en)
CH32V467,afio-ltdc-remap,1,LTDC_B5,PA13,#,reference,candidates(datasheet-pin-table+rm-remap-grid:en)
CH32V467,afio-ltdc-remap,1,LTDC_B6,PA14,#,reference,candidates(datasheet-pin-table+rm-remap-grid:en)
CH32V467,afio-ltdc-remap,1,LTDC_B7,PA15,#,reference,candidates(datasheet-pin-table+rm-remap-grid:en)
CH32V467,afio-ltdc-remap,1,LTDC_CLK,PA10,#,reference,candidates(datasheet-pin-table+rm-remap-grid:en)
CH32V467,afio-ltdc-remap,1,LTDC_DE,PA9,#,reference,candidates(datasheet-pin-table+rm-remap-grid:en)
CH32V467,afio-ltdc-remap,1,LTDC_G0,PC4,#,reference,candidates(datasheet-pin-table+rm-remap-grid:en)
CH32V467,afio-ltdc-remap,1,LTDC_G1,PC5,#,reference,candidates(datasheet-pin-table+rm-remap-grid:en)
CH32V467,afio-ltdc-remap,1,LTDC_G2,PB0,#,reference,candidates(datasheet-pin-table+rm-remap-grid:en)
CH32V467,afio-ltdc-remap,1,LTDC_G3,PB1,#,reference,candidates(datasheet-pin-table+rm-remap-grid:en)
CH32V467,afio-ltdc-remap,1,LTDC_G4,PB3,#,reference,candidates(datasheet-pin-table+rm-remap-grid:en)
CH32V467,afio-ltdc-remap,1,LTDC_G5,PA4,#,reference,candidates(datasheet-pin-table+rm-remap-grid:en)
CH32V467,afio-ltdc-remap,1,LTDC_G6,PB12,#,reference,candidates(datasheet-pin-table+rm-remap-grid:en)
CH32V467,afio-ltdc-remap,1,LTDC_G7,PB13,#,reference,candidates(datasheet-pin-table+rm-remap-grid:en)
CH32V467,afio-ltdc-remap,1,LTDC_HSYNC,PB8,#,reference,candidates(datasheet-pin-table+rm-remap-grid:en)
CH32V467,afio-ltdc-remap,1,LTDC_R0,PC0,#,reference,candidates(datasheet-pin-table+rm-remap-grid:en)
CH32V467,afio-ltdc-remap,1,LTDC_R1,PC1,#,reference,candidates(datasheet-pin-table+rm-remap-grid:en)
CH32V467,afio-ltdc-remap,1,LTDC_R2,PC2,#,reference,candidates(datasheet-pin-table+rm-remap-grid:en)
CH32V467,afio-ltdc-remap,1,LTDC_R3,PC3,#,reference,candidates(datasheet-pin-table+rm-remap-grid:en)
CH32V467,afio-ltdc-remap,1,LTDC_R4,PA1,#,reference,candidates(datasheet-pin-table+rm-remap-grid:en)
CH32V467,afio-ltdc-remap,1,LTDC_R5,PA2,#,reference,candidates(datasheet-pin-table+rm-remap-grid:en)
CH32V467,afio-ltdc-remap,1,LTDC_R6,PA3,#,reference,candidates(datasheet-pin-table+rm-remap-grid:en)
CH32V467,afio-ltdc-remap,1,LTDC_R7,PA7,#,reference,candidates(datasheet-pin-table+rm-remap-grid:en)
CH32V467,afio-ltdc-remap,1,LTDC_VSYNC,PB9,#,reference,candidates(datasheet-pin-table+rm-remap-grid:en)
CH32V467,afio-sdio-remap,0,SDIO_CK,PC12,#,reference,candidates(datasheet-pin-table-default:en)
CH32V467,afio-sdio-remap,0,SDIO_CMD,PD2,#,reference,candidates(datasheet-pin-table-default:en)
CH32V467,afio-sdio-remap,0,SDIO_D0,PB14,#,reference,candidates(datasheet-pin-table-default:en)
CH32V467,afio-sdio-remap,0,SDIO_D0,PC8,#,reference,candidates(datasheet-pin-table-default:en)
CH32V467,afio-sdio-remap,0,SDIO_D1,PB15,#,reference,candidates(datasheet-pin-table-default:en)
CH32V467,afio-sdio-remap,0,SDIO_D1,PC9,#,reference,candidates(datasheet-pin-table-default:en)
CH32V467,afio-sdio-remap,0,SDIO_D2,PC10,#,reference,candidates(datasheet-pin-table-default:en)
CH32V467,afio-sdio-remap,0,SDIO_D3,PC11,#,reference,candidates(datasheet-pin-table-default:en)
CH32V467,afio-sdio-remap,0,SDIO_D4,PB8,#,reference,candidates(datasheet-pin-table-default:en)
CH32V467,afio-sdio-remap,0,SDIO_D5,PB9,#,reference,candidates(datasheet-pin-table-default:en)
CH32V467,afio-sdio-remap,0,SDIO_D6,PC6,#,reference,candidates(datasheet-pin-table-default:en)
CH32V467,afio-sdio-remap,0,SDIO_D7,PC7,#,reference,candidates(datasheet-pin-table-default:en)
CH32V467,afio-sdio-remap,1,SDIO_CK,PC12,#,reference,candidates(datasheet-pin-table+rm-remap-grid:en)
CH32V467,afio-sdio-remap,1,SDIO_CMD,PD2,#,reference,candidates(datasheet-pin-table+rm-remap-grid:en)
CH32V467,afio-sdio-remap,1,SDIO_D0,PB14,#,reference,candidates(datasheet-pin-table+rm-remap-grid:en)
CH32V467,afio-sdio-remap,1,SDIO_D1,PB15,#,reference,candidates(datasheet-pin-table+rm-remap-grid:en)
CH32V467,afio-sdio-remap,1,SDIO_D2,PC10,#,reference,candidates(datasheet-pin-table+rm-remap-grid:en)
CH32V467,afio-sdio-remap,1,SDIO_D3,PC11,#,reference,candidates(datasheet-pin-table+rm-remap-grid:en)
CH32V467,afio-sdio-remap,1,SDIO_D4,PB8,#,reference,candidates(datasheet-pin-table+rm-remap-grid:en)
CH32V467,afio-sdio-remap,1,SDIO_D5,PB9,#,reference,candidates(datasheet-pin-table+rm-remap-grid:en)
CH32V467,afio-sdio-remap,1,SDIO_D6,PA9,#,reference,candidates(datasheet-pin-table+rm-remap-grid:en)
CH32V467,afio-sdio-remap,1,SDIO_D7,PA10,#,reference,candidates(datasheet-pin-table+rm-remap-grid:en)
CH32V467,afio-spi1-remap,0,SPI1_MISO,PA6,#,reference,candidates(datasheet-pin-table-default:en)
CH32V467,afio-spi1-remap,0,SPI1_MOSI,PA7,#,reference,candidates(datasheet-pin-table-default:en)
CH32V467,afio-spi1-remap,0,SPI1_NSS,PA4,#,reference,candidates(datasheet-pin-table-default:en)
CH32V467,afio-spi1-remap,0,SPI1_SCK,PA5,#,reference,candidates(datasheet-pin-table-default:en)
CH32V467,afio-spi1-remap,1,SPI1_MISO,PB4,#,reference,candidates(datasheet-pin-table+rm-remap-grid:en)
CH32V467,afio-spi1-remap,1,SPI1_MOSI,PB5,#,reference,candidates(datasheet-pin-table+rm-remap-grid:en)
CH32V467,afio-spi1-remap,1,SPI1_NSS,PA15,#,reference,candidates(datasheet-pin-table+rm-remap-grid:en)
CH32V467,afio-spi1-remap,1,SPI1_SCK,PB3,#,reference,candidates(datasheet-pin-table+rm-remap-grid:en)
CH32V467,afio-spi3-remap,0,I2S3_CK,PB3,#,reference,candidates(datasheet-pin-table-default:en)
CH32V467,afio-spi3-remap,0,I2S3_MCK,PC7,#,reference,candidates(datasheet-pin-table-default:en)
CH32V467,afio-spi3-remap,0,I2S3_SD,PB5,#,reference,candidates(datasheet-pin-table-default:en)
CH32V467,afio-spi3-remap,0,I2S3_WS,PA15,#,reference,candidates(datasheet-pin-table-default:en)
CH32V467,afio-spi3-remap,0,SPI3_MISO,PB4,#,reference,candidates(datasheet-pin-table-default:en)
CH32V467,afio-spi3-remap,0,SPI3_MOSI,PB5,#,reference,candidates(datasheet-pin-table-default:en)
CH32V467,afio-spi3-remap,0,SPI3_NSS,PA15,#,reference,candidates(datasheet-pin-table-default:en)
CH32V467,afio-spi3-remap,0,SPI3_SCK,PB3,#,reference,candidates(datasheet-pin-table-default:en)
CH32V467,afio-spi3-remap,1,I2S3_CK,PC10,#,reference,candidates(datasheet-pin-table+rm-remap-grid:en)
CH32V467,afio-spi3-remap,1,I2S3_SD,PC12,#,reference,candidates(datasheet-pin-table+rm-remap-grid:en)
CH32V467,afio-spi3-remap,1,I2S3_WS,PA4,#,reference,candidates(datasheet-pin-table+rm-remap-grid:en)
CH32V467,afio-spi3-remap,1,SPI3_MISO,PC11,#,reference,candidates(datasheet-pin-table+rm-remap-grid:en)
CH32V467,afio-spi3-remap,1,SPI3_MOSI,PC12,#,reference,candidates(datasheet-pin-table+rm-remap-grid:en)
CH32V467,afio-spi3-remap,1,SPI3_NSS,PA4,#,reference,candidates(datasheet-pin-table+rm-remap-grid:en)
CH32V467,afio-spi3-remap,1,SPI3_SCK,PC10,#,reference,candidates(datasheet-pin-table+rm-remap-grid:en)
CH32V467,afio-tim1-remap,0,TIM1_BKIN,PB12,#,reference,candidates(datasheet-pin-table-default:en)
CH32V467,afio-tim1-remap,0,TIM1_CH1,PA8,#,reference,candidates(datasheet-pin-table-default:en)
CH32V467,afio-tim1-remap,0,TIM1_CH1N,PB13,#,reference,candidates(datasheet-pin-table-default:en)
CH32V467,afio-tim1-remap,0,TIM1_CH1_3,PE9,#,reference,candidates(datasheet-pin-table-default:en)
CH32V467,afio-tim1-remap,0,TIM1_CH2,PA9,#,reference,candidates(datasheet-pin-table-default:en)
CH32V467,afio-tim1-remap,0,TIM1_CH2N,PB14,#,reference,candidates(datasheet-pin-table-default:en)
CH32V467,afio-tim1-remap,0,TIM1_CH3,PA10,#,reference,candidates(datasheet-pin-table-default:en)
CH32V467,afio-tim1-remap,0,TIM1_CH3N,PB15,#,reference,candidates(datasheet-pin-table-default:en)
CH32V467,afio-tim1-remap,0,TIM1_CH4,PA11,#,reference,candidates(datasheet-pin-table-default:en)
CH32V467,afio-tim1-remap,0,TIM1_ETR,PA12,#,reference,candidates(datasheet-pin-table-default:en)
CH32V467,afio-tim1-remap,1,TIM1_BKIN,PA6,#,reference,candidates(datasheet-pin-table+rm-remap-grid:en)
CH32V467,afio-tim1-remap,1,TIM1_CH1,PA8,#,reference,candidates(datasheet-pin-table+rm-remap-grid:en)
CH32V467,afio-tim1-remap,1,TIM1_CH1N,PA7,#,reference,candidates(datasheet-pin-table+rm-remap-grid:en)
CH32V467,afio-tim1-remap,1,TIM1_CH2,PA9,#,reference,candidates(datasheet-pin-table+rm-remap-grid:en)
CH32V467,afio-tim1-remap,1,TIM1_CH2N,PB0,#,reference,candidates(datasheet-pin-table+rm-remap-grid:en)
CH32V467,afio-tim1-remap,1,TIM1_CH3,PA10,#,reference,candidates(datasheet-pin-table+rm-remap-grid:en)
CH32V467,afio-tim1-remap,1,TIM1_CH3N,PB1,#,reference,candidates(datasheet-pin-table+rm-remap-grid:en)
CH32V467,afio-tim1-remap,1,TIM1_CH4,PA11,#,reference,candidates(datasheet-pin-table+rm-remap-grid:en)
CH32V467,afio-tim1-remap,1,TIM1_ETR,PA12,#,reference,candidates(datasheet-pin-table+rm-remap-grid:en)
CH32V467,afio-tim1-remap,3,TIM1_BKIN,PB10,#,reference,candidates(datasheet-pin-table+rm-remap-grid:en)
CH32V467,afio-tim1-remap,3,TIM1_CH1N,PE8,#,reference,candidates(datasheet-pin-table+rm-remap-grid:en)
CH32V467,afio-tim1-remap,3,TIM1_CH2,PE11,#,reference,candidates(datasheet-pin-table+rm-remap-grid:en)
CH32V467,afio-tim1-remap,3,TIM1_CH2N,PE10,#,reference,candidates(datasheet-pin-table+rm-remap-grid:en)
CH32V467,afio-tim1-remap,3,TIM1_CH3,PB8,#,reference,candidates(datasheet-pin-table+rm-remap-grid:en)
CH32V467,afio-tim1-remap,3,TIM1_CH4,PA7,#,reference,candidates(datasheet-pin-table+rm-remap-grid:en)
CH32V467,afio-tim2-remap,0,TIM2_CH1,PA0-WKUP,#,reference,candidates(datasheet-pin-table-default:en)
CH32V467,afio-tim2-remap,0,TIM2_CH2,PA1,#,reference,candidates(datasheet-pin-table-default:en)
CH32V467,afio-tim2-remap,0,TIM2_CH3,PA2,#,reference,candidates(datasheet-pin-table-default:en)
CH32V467,afio-tim2-remap,0,TIM2_CH4,PA3,#,reference,candidates(datasheet-pin-table-default:en)
CH32V467,afio-tim2-remap,0,TIM2_ETR,PA0-WKUP,#,reference,candidates(datasheet-pin-table-default:en)
CH32V467,afio-tim2-remap,1,TIM2_CH1,PA15,#,reference,candidates(datasheet-pin-table+rm-remap-grid:en)
CH32V467,afio-tim2-remap,1,TIM2_CH2,PB3,#,reference,candidates(datasheet-pin-table+rm-remap-grid:en)
CH32V467,afio-tim2-remap,1,TIM2_CH3,PA2,#,reference,candidates(datasheet-pin-table+rm-remap-grid:en)
CH32V467,afio-tim2-remap,1,TIM2_CH4,PA3,#,reference,candidates(datasheet-pin-table+rm-remap-grid:en)
CH32V467,afio-tim2-remap,1,TIM2_ETR,PA15,#,reference,candidates(datasheet-pin-table+rm-remap-grid:en)
CH32V467,afio-tim2-remap,2,TIM2_CH1,PA0-WKUP,#,reference,candidates(datasheet-pin-table+rm-remap-grid:en)
CH32V467,afio-tim2-remap,2,TIM2_CH2,PA1,#,reference,candidates(datasheet-pin-table+rm-remap-grid:en)
CH32V467,afio-tim2-remap,2,TIM2_CH3,PB10,#,reference,candidates(datasheet-pin-table+rm-remap-grid:en)
CH32V467,afio-tim2-remap,2,TIM2_CH4,PB11,#,reference,candidates(datasheet-pin-table+rm-remap-grid:en)
CH32V467,afio-tim2-remap,2,TIM2_ETR,PA0-WKUP,#,reference,candidates(datasheet-pin-table+rm-remap-grid:en)
CH32V467,afio-tim2-remap,3,TIM2_CH1,PA15,#,reference,candidates(datasheet-pin-table+rm-remap-grid:en)
CH32V467,afio-tim2-remap,3,TIM2_CH2,PB3,#,reference,candidates(datasheet-pin-table+rm-remap-grid:en)
CH32V467,afio-tim2-remap,3,TIM2_CH3,PB10,#,reference,candidates(datasheet-pin-table+rm-remap-grid:en)
CH32V467,afio-tim2-remap,3,TIM2_CH4,PB11,#,reference,candidates(datasheet-pin-table+rm-remap-grid:en)
CH32V467,afio-tim2-remap,3,TIM2_ETR,PA15,#,reference,candidates(datasheet-pin-table+rm-remap-grid:en)
CH32V467,afio-tim3-remap,0,TIM3_CH1,PA6,#,reference,candidates(datasheet-pin-table-default:en)
CH32V467,afio-tim3-remap,0,TIM3_CH2,PA7,#,reference,candidates(datasheet-pin-table-default:en)
CH32V467,afio-tim3-remap,0,TIM3_CH3,PB0,#,reference,candidates(datasheet-pin-table-default:en)
CH32V467,afio-tim3-remap,0,TIM3_CH4,PB1,#,reference,candidates(datasheet-pin-table-default:en)
CH32V467,afio-tim3-remap,0,TIM3_ETR,PD2,#,reference,candidates(datasheet-pin-table-default:en)
CH32V467,afio-tim3-remap,1,TIM3_ETR,PD2,#,reference,candidates(datasheet-pin-table+rm-remap-grid:en)
CH32V467,afio-tim3-remap,2,TIM3_CH1,PB4,#,reference,candidates(datasheet-pin-table+rm-remap-grid:en)
CH32V467,afio-tim3-remap,2,TIM3_CH2,PB5,#,reference,candidates(datasheet-pin-table+rm-remap-grid:en)
CH32V467,afio-tim3-remap,2,TIM3_CH3,PB0,#,reference,candidates(datasheet-pin-table+rm-remap-grid:en)
CH32V467,afio-tim3-remap,2,TIM3_CH4,PB1,#,reference,candidates(datasheet-pin-table+rm-remap-grid:en)
CH32V467,afio-tim3-remap,2,TIM3_ETR,PD2,#,reference,candidates(datasheet-pin-table+rm-remap-grid:en)
CH32V467,afio-tim3-remap,3,TIM3_CH1,PC6,#,reference,candidates(datasheet-pin-table+rm-remap-grid:en)
CH32V467,afio-tim3-remap,3,TIM3_CH2,PC7,#,reference,candidates(datasheet-pin-table+rm-remap-grid:en)
CH32V467,afio-tim3-remap,3,TIM3_CH3,PC8,#,reference,candidates(datasheet-pin-table+rm-remap-grid:en)
CH32V467,afio-tim3-remap,3,TIM3_CH4,PC9,#,reference,candidates(datasheet-pin-table+rm-remap-grid:en)
CH32V467,afio-tim4-remap,0,TIM4_CH1,PB6,#,reference,candidates(datasheet-pin-table-default:en)
CH32V467,afio-tim4-remap,0,TIM4_CH2,PB7,#,reference,candidates(datasheet-pin-table-default:en)
CH32V467,afio-tim4-remap,0,TIM4_CH3,PB8,#,reference,candidates(datasheet-pin-table-default:en)
CH32V467,afio-tim4-remap,0,TIM4_CH4,PB9,#,reference,candidates(datasheet-pin-table-default:en)
CH32V467,afio-tim4-remap,0,TIM4_ETR,PE0,#,reference,candidates(datasheet-pin-table-default:en)
CH32V467,afio-tim4-remap,1,TIM4_CH1,PD12,#,reference,candidates(datasheet-pin-table+rm-remap-grid:en)
CH32V467,afio-tim4-remap,1,TIM4_CH2,PD13,#,reference,candidates(datasheet-pin-table+rm-remap-grid:en)
CH32V467,afio-tim4-remap,1,TIM4_CH3,PD14,#,reference,candidates(datasheet-pin-table+rm-remap-grid:en)
CH32V467,afio-tim4-remap,1,TIM4_CH4,PD15,#,reference,candidates(datasheet-pin-table+rm-remap-grid:en)
CH32V467,afio-tim4-remap,1,TIM4_ETR,PE0,#,reference,candidates(datasheet-pin-table+rm-remap-grid:en)
CH32V467,afio-tim8-remap,0,TIM8_BKIN,PA6,#,reference,candidates(datasheet-pin-table-default:en)
CH32V467,afio-tim8-remap,0,TIM8_CH1,PC6,#,reference,candidates(datasheet-pin-table-default:en)
CH32V467,afio-tim8-remap,0,TIM8_CH1N,PA7,#,reference,candidates(datasheet-pin-table-default:en)
CH32V467,afio-tim8-remap,0,TIM8_CH2,PC7,#,reference,candidates(datasheet-pin-table-default:en)
CH32V467,afio-tim8-remap,0,TIM8_CH2N,PB0,#,reference,candidates(datasheet-pin-table-default:en)
CH32V467,afio-tim8-remap,0,TIM8_CH3,PC8,#,reference,candidates(datasheet-pin-table-default:en)
CH32V467,afio-tim8-remap,0,TIM8_CH3N,PB1,#,reference,candidates(datasheet-pin-table-default:en)
CH32V467,afio-tim8-remap,0,TIM8_CH4,PC9,#,reference,candidates(datasheet-pin-table-default:en)
CH32V467,afio-tim8-remap,0,TIM8_ETR,PA0-WKUP,#,reference,candidates(datasheet-pin-table-default:en)
CH32V467,afio-tim8-remap,1,TIM8_BKIN,PB9,#,reference,candidates(datasheet-pin-table+rm-remap-grid:en)
CH32V467,afio-tim8-remap,1,TIM8_CH1,PB6,#,reference,candidates(datasheet-pin-table+rm-remap-grid:en)
CH32V467,afio-tim8-remap,1,TIM8_CH1N,PA13,#,reference,candidates(datasheet-pin-table+rm-remap-grid:en)
CH32V467,afio-tim8-remap,1,TIM8_CH2,PB7,#,reference,candidates(datasheet-pin-table+rm-remap-grid:en)
CH32V467,afio-tim8-remap,1,TIM8_CH2N,PA14,#,reference,candidates(datasheet-pin-table+rm-remap-grid:en)
CH32V467,afio-tim8-remap,1,TIM8_CH3,PB8,#,reference,candidates(datasheet-pin-table+rm-remap-grid:en)
CH32V467,afio-tim8-remap,1,TIM8_CH3N,PA15,#,reference,candidates(datasheet-pin-table+rm-remap-grid:en)
CH32V467,afio-tim8-remap,1,TIM8_CH4,PC13-TAMPER-RTC,#,reference,candidates(datasheet-pin-table+rm-remap-grid:en)
CH32V467,afio-tim8-remap,1,TIM8_ETR,PA0-WKUP,#,reference,candidates(datasheet-pin-table+rm-remap-grid:en)
CH32V467,afio-usart1-remap,0,USART1_CK,PA8,#,reference,candidates(datasheet-pin-table-default:en)
CH32V467,afio-usart1-remap,0,USART1_CTS,PA11,#,reference,candidates(datasheet-pin-table-default:en)
CH32V467,afio-usart1-remap,0,USART1_RTS,PA12,#,reference,candidates(datasheet-pin-table-default:en)
CH32V467,afio-usart1-remap,0,USART1_RX,PA10,#,reference,candidates(datasheet-pin-table-default:en)
CH32V467,afio-usart1-remap,0,USART1_TX,PA9,#,reference,candidates(datasheet-pin-table-default:en)
CH32V467,afio-usart1-remap,1,USART1_CK,PA8,#,reference,candidates(datasheet-pin-table+rm-remap-grid:en)
CH32V467,afio-usart1-remap,1,USART1_CTS,PA11,#,reference,candidates(datasheet-pin-table+rm-remap-grid:en)
CH32V467,afio-usart1-remap,1,USART1_RTS,PA12,#,reference,candidates(datasheet-pin-table+rm-remap-grid:en)
CH32V467,afio-usart1-remap,1,USART1_RX,PB7,#,reference,candidates(datasheet-pin-table+rm-remap-grid:en)
CH32V467,afio-usart1-remap,1,USART1_TX,PB6,#,reference,candidates(datasheet-pin-table+rm-remap-grid:en)
CH32V467,afio-usart1-remap,2,USART1_CK,PA10,#,reference,candidates(datasheet-pin-table+rm-remap-grid:en)
CH32V467,afio-usart1-remap,2,USART1_CTS,PA5,#,reference,candidates(datasheet-pin-table+rm-remap-grid:en)
CH32V467,afio-usart1-remap,2,USART1_RTS,PA9,#,reference,candidates(datasheet-pin-table+rm-remap-grid:en)
CH32V467,afio-usart1-remap,2,USART1_RX,PA8,#,reference,candidates(datasheet-pin-table+rm-remap-grid:en)
CH32V467,afio-usart1-remap,2,USART1_TX,PB15,#,reference,candidates(datasheet-pin-table+rm-remap-grid:en)
CH32V467,afio-usart1-remap,3,USART1_CK,PA5,#,reference,candidates(datasheet-pin-table+rm-remap-grid:en)
CH32V467,afio-usart1-remap,3,USART1_CTS,PC4,#,reference,candidates(datasheet-pin-table+rm-remap-grid:en)
CH32V467,afio-usart1-remap,3,USART1_RTS,PC5,#,reference,candidates(datasheet-pin-table+rm-remap-grid:en)
CH32V467,afio-usart1-remap,3,USART1_RX,PA7,#,reference,candidates(datasheet-pin-table+rm-remap-grid:en)
CH32V467,afio-usart1-remap,3,USART1_TX,PA6,#,reference,candidates(datasheet-pin-table+rm-remap-grid:en)
CH32V467,afio-usart10-remap,0,USART10_CK,PE12,#,reference,candidates(datasheet-pin-table-default:en)
CH32V467,afio-usart10-remap,0,USART10_CTS,PC14-OSC32_IN,#,reference,candidates(datasheet-pin-table-default:en)
CH32V467,afio-usart10-remap,0,USART10_RTS,PC15-OSC32_OUT,#,reference,candidates(datasheet-pin-table-default:en)
CH32V467,afio-usart10-remap,0,USART10_RX,PE1,#,reference,candidates(datasheet-pin-table-default:en)
CH32V467,afio-usart10-remap,0,USART10_TX,PE0,#,reference,candidates(datasheet-pin-table-default:en)
CH32V467,afio-usart10-remap,1,USART10_CK,PE12,#,reference,candidates(datasheet-pin-table+rm-remap-grid:en)
CH32V467,afio-usart10-remap,1,USART10_CTS,PC14-OSC32_IN,#,reference,candidates(datasheet-pin-table+rm-remap-grid:en)
CH32V467,afio-usart10-remap,1,USART10_RTS,PC15-OSC32_OUT,#,reference,candidates(datasheet-pin-table+rm-remap-grid:en)
CH32V467,afio-usart10-remap,1,USART10_RX,PB9,#,reference,candidates(datasheet-pin-table+rm-remap-grid:en)
CH32V467,afio-usart10-remap,1,USART10_TX,PB8,#,reference,candidates(datasheet-pin-table+rm-remap-grid:en)
CH32V467,afio-usart10-remap,2,USART10_CK,PD10,#,reference,candidates(datasheet-pin-table+rm-remap-grid:en)
CH32V467,afio-usart10-remap,2,USART10_CTS,PD13,#,reference,candidates(datasheet-pin-table+rm-remap-grid:en)
CH32V467,afio-usart10-remap,2,USART10_RTS,PD14,#,reference,candidates(datasheet-pin-table+rm-remap-grid:en)
CH32V467,afio-usart10-remap,2,USART10_RX,PD12,#,reference,candidates(datasheet-pin-table+rm-remap-grid:en)
CH32V467,afio-usart10-remap,2,USART10_TX,PD11,#,reference,candidates(datasheet-pin-table+rm-remap-grid:en)
CH32V467,afio-usart10-remap,3,USART10_CK,PD10,#,reference,candidates(datasheet-pin-table+rm-remap-grid:en)
CH32V467,afio-usart10-remap,3,USART10_CTS,PD13,#,reference,candidates(datasheet-pin-table+rm-remap-grid:en)
CH32V467,afio-usart10-remap,3,USART10_RTS,PD14,#,reference,candidates(datasheet-pin-table+rm-remap-grid:en)
CH32V467,afio-usart10-remap,3,USART10_RX,PD12,#,reference,candidates(datasheet-pin-table+rm-remap-grid:en)
CH32V467,afio-usart10-remap,3,USART10_TX,PD11,#,reference,candidates(datasheet-pin-table+rm-remap-grid:en)
CH32V467,afio-usart2-remap,0,USART2_CK,PA4,#,reference,candidates(datasheet-pin-table-default:en)
CH32V467,afio-usart2-remap,0,USART2_CTS,PA0-WKUP,#,reference,candidates(datasheet-pin-table-default:en)
CH32V467,afio-usart2-remap,0,USART2_RTS,PA1,#,reference,candidates(datasheet-pin-table-default:en)
CH32V467,afio-usart2-remap,0,USART2_RX,PA3,#,reference,candidates(datasheet-pin-table-default:en)
CH32V467,afio-usart2-remap,0,USART2_TX,PA2,#,reference,candidates(datasheet-pin-table-default:en)
CH32V467,afio-usart2-remap,1,USART2_CK,PD7,#,reference,candidates(datasheet-pin-table+rm-remap-grid:en)
CH32V467,afio-usart2-remap,1,USART2_CTS,PD3,#,reference,candidates(datasheet-pin-table+rm-remap-grid:en)
CH32V467,afio-usart2-remap,1,USART2_RTS,PD4,#,reference,candidates(datasheet-pin-table+rm-remap-grid:en)
CH32V467,afio-usart2-remap,1,USART2_RX,PD6,#,reference,candidates(datasheet-pin-table+rm-remap-grid:en)
CH32V467,afio-usart2-remap,1,USART2_TX,PD5,#,reference,candidates(datasheet-pin-table+rm-remap-grid:en)
CH32V467,afio-usart3-remap,0,USART3_CK,PB12,#,reference,candidates(datasheet-pin-table-default:en)
CH32V467,afio-usart3-remap,0,USART3_CTS,PB13,#,reference,candidates(datasheet-pin-table-default:en)
CH32V467,afio-usart3-remap,0,USART3_RTS,PB14,#,reference,candidates(datasheet-pin-table-default:en)
CH32V467,afio-usart3-remap,0,USART3_RX,PB11,#,reference,candidates(datasheet-pin-table-default:en)
CH32V467,afio-usart3-remap,0,USART3_TX,PB10,#,reference,candidates(datasheet-pin-table-default:en)
CH32V467,afio-usart3-remap,1,USART3_CK,PC12,#,reference,candidates(datasheet-pin-table+rm-remap-grid:en)
CH32V467,afio-usart3-remap,1,USART3_CTS,PB13,#,reference,candidates(datasheet-pin-table+rm-remap-grid:en)
CH32V467,afio-usart3-remap,1,USART3_RTS,PB14,#,reference,candidates(datasheet-pin-table+rm-remap-grid:en)
CH32V467,afio-usart3-remap,1,USART3_RX,PC11,#,reference,candidates(datasheet-pin-table+rm-remap-grid:en)
CH32V467,afio-usart3-remap,1,USART3_TX,PC10,#,reference,candidates(datasheet-pin-table+rm-remap-grid:en)
CH32V467,afio-usart3-remap,2,USART3_CK,PD10,#,reference,candidates(datasheet-pin-table+rm-remap-grid:en)
CH32V467,afio-usart3-remap,2,USART3_CTS,PD11,#,reference,candidates(datasheet-pin-table+rm-remap-grid:en)
CH32V467,afio-usart3-remap,2,USART3_RTS,PD12,#,reference,candidates(datasheet-pin-table+rm-remap-grid:en)
CH32V467,afio-usart3-remap,2,USART3_RX,PA14,#,reference,candidates(datasheet-pin-table+rm-remap-grid:en)
CH32V467,afio-usart3-remap,2,USART3_TX,PA13,#,reference,candidates(datasheet-pin-table+rm-remap-grid:en)
CH32V467,afio-usart3-remap,3,USART3_CK,PD10,#,reference,candidates(datasheet-pin-table+rm-remap-grid:en)
CH32V467,afio-usart3-remap,3,USART3_CTS,PD11,#,reference,candidates(datasheet-pin-table+rm-remap-grid:en)
CH32V467,afio-usart3-remap,3,USART3_RTS,PD12,#,reference,candidates(datasheet-pin-table+rm-remap-grid:en)
CH32V467,afio-usart3-remap,3,USART3_RX,PD9,#,reference,candidates(datasheet-pin-table+rm-remap-grid:en)
CH32V467,afio-usart3-remap,3,USART3_TX,PD8,#,reference,candidates(datasheet-pin-table+rm-remap-grid:en)
CH32V467,afio-usart4-remap,0,USART4_CK,PC12,#,reference,candidates(datasheet-pin-table-default:en)
CH32V467,afio-usart4-remap,0,USART4_CTS,PA13,#,reference,candidates(datasheet-pin-table-default:en)
CH32V467,afio-usart4-remap,0,USART4_RTS,PD2,#,reference,candidates(datasheet-pin-table-default:en)
CH32V467,afio-usart4-remap,0,USART4_RX,PC11,#,reference,candidates(datasheet-pin-table-default:en)
CH32V467,afio-usart4-remap,0,USART4_TX,PC10,#,reference,candidates(datasheet-pin-table-default:en)
CH32V467,afio-usart4-remap,1,USART4_CK,PB2,#,reference,candidates(datasheet-pin-table+rm-remap-grid:en)
CH32V467,afio-usart4-remap,1,USART4_CTS,PC4,#,reference,candidates(datasheet-pin-table+rm-remap-grid:en)
CH32V467,afio-usart4-remap,1,USART4_RTS,PC5,#,reference,candidates(datasheet-pin-table+rm-remap-grid:en)
CH32V467,afio-usart4-remap,1,USART4_RX,PB1,#,reference,candidates(datasheet-pin-table+rm-remap-grid:en)
CH32V467,afio-usart4-remap,1,USART4_TX,PB0,#,reference,candidates(datasheet-pin-table+rm-remap-grid:en)
CH32V467,afio-usart4-remap,2,USART4_CK,PE12,#,reference,candidates(datasheet-pin-table+rm-remap-grid:en)
CH32V467,afio-usart4-remap,2,USART4_CTS,PB8,#,reference,candidates(datasheet-pin-table+rm-remap-grid:en)
CH32V467,afio-usart4-remap,2,USART4_RTS,PB9,#,reference,candidates(datasheet-pin-table+rm-remap-grid:en)
CH32V467,afio-usart4-remap,2,USART4_RX,PE1,#,reference,candidates(datasheet-pin-table+rm-remap-grid:en)
CH32V467,afio-usart4-remap,2,USART4_TX,PE0,#,reference,candidates(datasheet-pin-table+rm-remap-grid:en)
CH32V467,afio-usart4-remap,3,USART4_CK,PE12,#,reference,candidates(datasheet-pin-table+rm-remap-grid:en)
CH32V467,afio-usart4-remap,3,USART4_CTS,PB8,#,reference,candidates(datasheet-pin-table+rm-remap-grid:en)
CH32V467,afio-usart4-remap,3,USART4_RTS,PB9,#,reference,candidates(datasheet-pin-table+rm-remap-grid:en)
CH32V467,afio-usart4-remap,3,USART4_RX,PE1,#,reference,candidates(datasheet-pin-table+rm-remap-grid:en)
CH32V467,afio-usart4-remap,3,USART4_TX,PE0,#,reference,candidates(datasheet-pin-table+rm-remap-grid:en)
CH32V467,afio-usart5-remap,0,USART5_CK,PB5,#,reference,candidates(datasheet-pin-table-default:en)
CH32V467,afio-usart5-remap,0,USART5_CTS,PB3,#,reference,candidates(datasheet-pin-table-default:en)
CH32V467,afio-usart5-remap,0,USART5_RTS,PB4,#,reference,candidates(datasheet-pin-table-default:en)
CH32V467,afio-usart5-remap,0,USART5_RX,PD2,#,reference,candidates(datasheet-pin-table-default:en)
CH32V467,afio-usart5-remap,0,USART5_TX,PC12,#,reference,candidates(datasheet-pin-table-default:en)
CH32V467,afio-usart5-remap,1,USART5_CK,PB3,#,reference,candidates(datasheet-pin-table+rm-remap-grid:en)
CH32V467,afio-usart5-remap,1,USART5_CTS,PB8,#,reference,candidates(datasheet-pin-table+rm-remap-grid:en)
CH32V467,afio-usart5-remap,1,USART5_RTS,PB9,#,reference,candidates(datasheet-pin-table+rm-remap-grid:en)
CH32V467,afio-usart5-remap,1,USART5_RX,PB5,#,reference,candidates(datasheet-pin-table+rm-remap-grid:en)
CH32V467,afio-usart5-remap,1,USART5_TX,PB4,#,reference,candidates(datasheet-pin-table+rm-remap-grid:en)
CH32V467,afio-usart5-remap,2,USART5_CK,PB2,#,reference,candidates(datasheet-pin-table+rm-remap-grid:en)
CH32V467,afio-usart5-remap,2,USART5_CTS,PB0,#,reference,candidates(datasheet-pin-table+rm-remap-grid:en)
CH32V467,afio-usart5-remap,2,USART5_RTS,PB1,#,reference,candidates(datasheet-pin-table+rm-remap-grid:en)
CH32V467,afio-usart5-remap,2,USART5_RX,PE9,#,reference,candidates(datasheet-pin-table+rm-remap-grid:en)
CH32V467,afio-usart5-remap,2,USART5_TX,PE8,#,reference,candidates(datasheet-pin-table+rm-remap-grid:en)
CH32V467,afio-usart5-remap,3,USART5_CK,PB2,#,reference,candidates(datasheet-pin-table+rm-remap-grid:en)
CH32V467,afio-usart5-remap,3,USART5_CTS,PB0,#,reference,candidates(datasheet-pin-table+rm-remap-grid:en)
CH32V467,afio-usart5-remap,3,USART5_RTS,PB1,#,reference,candidates(datasheet-pin-table+rm-remap-grid:en)
CH32V467,afio-usart5-remap,3,USART5_RX,PE9,#,reference,candidates(datasheet-pin-table+rm-remap-grid:en)
CH32V467,afio-usart5-remap,3,USART5_TX,PE8,#,reference,candidates(datasheet-pin-table+rm-remap-grid:en)
CH32V467,afio-usart6-remap,0,USART6_CK,PB0,#,reference,candidates(datasheet-pin-table-default:en)
CH32V467,afio-usart6-remap,0,USART6_CTS,PC2,#,reference,candidates(datasheet-pin-table-default:en)
CH32V467,afio-usart6-remap,0,USART6_RTS,PC3,#,reference,candidates(datasheet-pin-table-default:en)
CH32V467,afio-usart6-remap,0,USART6_RX,PC1,#,reference,candidates(datasheet-pin-table-default:en)
CH32V467,afio-usart6-remap,0,USART6_TX,PC0,#,reference,candidates(datasheet-pin-table-default:en)
CH32V467,afio-usart6-remap,1,USART6_CK,PB5,#,reference,candidates(datasheet-pin-table+rm-remap-grid:en)
CH32V467,afio-usart6-remap,1,USART6_CTS,PE0,#,reference,candidates(datasheet-pin-table+rm-remap-grid:en)
CH32V467,afio-usart6-remap,1,USART6_RTS,PE1,#,reference,candidates(datasheet-pin-table+rm-remap-grid:en)
CH32V467,afio-usart6-remap,1,USART6_RX,PB9,#,reference,candidates(datasheet-pin-table+rm-remap-grid:en)
CH32V467,afio-usart6-remap,1,USART6_TX,PB8,#,reference,candidates(datasheet-pin-table+rm-remap-grid:en)
CH32V467,afio-usart6-remap,2,USART6_CK,PA13,#,reference,candidates(datasheet-pin-table+rm-remap-grid:en)
CH32V467,afio-usart6-remap,2,USART6_CTS,PA14,#,reference,candidates(datasheet-pin-table+rm-remap-grid:en)
CH32V467,afio-usart6-remap,2,USART6_RTS,PA15,#,reference,candidates(datasheet-pin-table+rm-remap-grid:en)
CH32V467,afio-usart6-remap,2,USART6_RX,PE11,#,reference,candidates(datasheet-pin-table+rm-remap-grid:en)
CH32V467,afio-usart6-remap,2,USART6_TX,PE10,#,reference,candidates(datasheet-pin-table+rm-remap-grid:en)
CH32V467,afio-usart6-remap,3,USART6_CK,PA5,#,reference,candidates(datasheet-pin-table+rm-remap-grid:en)
CH32V467,afio-usart6-remap,3,USART6_CTS,PC2,#,reference,candidates(datasheet-pin-table+rm-remap-grid:en)
CH32V467,afio-usart6-remap,3,USART6_RTS,PC3,#,reference,candidates(datasheet-pin-table+rm-remap-grid:en)
CH32V467,afio-usart6-remap,3,USART6_RX,PC1,#,reference,candidates(datasheet-pin-table+rm-remap-grid:en)
CH32V467,afio-usart6-remap,3,USART6_TX,PC0,#,reference,candidates(datasheet-pin-table+rm-remap-grid:en)
CH32V467,afio-usart7-remap,0,USART7_CK,PC1,#,reference,candidates(datasheet-pin-table-default:en)
CH32V467,afio-usart7-remap,0,USART7_CTS,PC4,#,reference,candidates(datasheet-pin-table-default:en)
CH32V467,afio-usart7-remap,0,USART7_RTS,PC5,#,reference,candidates(datasheet-pin-table-default:en)
CH32V467,afio-usart7-remap,0,USART7_RX,PC3,#,reference,candidates(datasheet-pin-table-default:en)
CH32V467,afio-usart7-remap,0,USART7_TX,PC2,#,reference,candidates(datasheet-pin-table-default:en)
CH32V467,afio-usart7-remap,1,USART7_CK,PB0,#,reference,candidates(datasheet-pin-table+rm-remap-grid:en)
CH32V467,afio-usart7-remap,1,USART7_CTS,PC4,#,reference,candidates(datasheet-pin-table+rm-remap-grid:en)
CH32V467,afio-usart7-remap,1,USART7_RTS,PC5,#,reference,candidates(datasheet-pin-table+rm-remap-grid:en)
CH32V467,afio-usart7-remap,1,USART7_RX,PA7,#,reference,candidates(datasheet-pin-table+rm-remap-grid:en)
CH32V467,afio-usart7-remap,1,USART7_TX,PA6,#,reference,candidates(datasheet-pin-table+rm-remap-grid:en)
CH32V467,afio-usart7-remap,2,USART7_CK,PA8,#,reference,candidates(datasheet-pin-table+rm-remap-grid:en)
CH32V467,afio-usart7-remap,2,USART7_CTS,PB6,#,reference,candidates(datasheet-pin-table+rm-remap-grid:en)
CH32V467,afio-usart7-remap,2,USART7_RTS,PB7,#,reference,candidates(datasheet-pin-table+rm-remap-grid:en)
CH32V467,afio-usart7-remap,2,USART7_RX,PA10,#,reference,candidates(datasheet-pin-table+rm-remap-grid:en)
CH32V467,afio-usart7-remap,2,USART7_TX,PA9,#,reference,candidates(datasheet-pin-table+rm-remap-grid:en)
CH32V467,afio-usart7-remap,3,USART7_CK,PA8,#,reference,candidates(datasheet-pin-table+rm-remap-grid:en)
CH32V467,afio-usart7-remap,3,USART7_CTS,PC8,#,reference,candidates(datasheet-pin-table+rm-remap-grid:en)
CH32V467,afio-usart7-remap,3,USART7_RTS,PC9,#,reference,candidates(datasheet-pin-table+rm-remap-grid:en)
CH32V467,afio-usart7-remap,3,USART7_RX,PA10,#,reference,candidates(datasheet-pin-table+rm-remap-grid:en)
CH32V467,afio-usart7-remap,3,USART7_TX,PA9,#,reference,candidates(datasheet-pin-table+rm-remap-grid:en)
CH32V467,afio-usart8-remap,0,USART8_CK,PA7,#,reference,candidates(datasheet-pin-table-default:en)
CH32V467,afio-usart8-remap,0,USART8_CTS,PB0,#,reference,candidates(datasheet-pin-table-default:en)
CH32V467,afio-usart8-remap,0,USART8_RTS,PB1,#,reference,candidates(datasheet-pin-table-default:en)
CH32V467,afio-usart8-remap,0,USART8_RX,PC5,#,reference,candidates(datasheet-pin-table-default:en)
CH32V467,afio-usart8-remap,0,USART8_TX,PC4,#,reference,candidates(datasheet-pin-table-default:en)
CH32V467,afio-usart8-remap,1,USART8_CK,PB15,#,reference,candidates(datasheet-pin-table+rm-remap-grid:en)
CH32V467,afio-usart8-remap,1,USART8_CTS,PE10,#,reference,candidates(datasheet-pin-table+rm-remap-grid:en)
CH32V467,afio-usart8-remap,1,USART8_RTS,PE11,#,reference,candidates(datasheet-pin-table+rm-remap-grid:en)
CH32V467,afio-usart8-remap,1,USART8_RX,PA15,#,reference,candidates(datasheet-pin-table+rm-remap-grid:en)
CH32V467,afio-usart8-remap,1,USART8_TX,PA14,#,reference,candidates(datasheet-pin-table+rm-remap-grid:en)
CH32V467,afio-usart8-remap,2,USART8_CK,PB11,#,reference,candidates(datasheet-pin-table+rm-remap-grid:en)
CH32V467,afio-usart8-remap,2,USART8_CTS,PB13,#,reference,candidates(datasheet-pin-table+rm-remap-grid:en)
CH32V467,afio-usart8-remap,2,USART8_RTS,PB12,#,reference,candidates(datasheet-pin-table+rm-remap-grid:en)
CH32V467,afio-usart8-remap,2,USART8_RX,PB14,#,reference,candidates(datasheet-pin-table+rm-remap-grid:en)
CH32V467,afio-usart8-remap,2,USART8_TX,PB15,#,reference,candidates(datasheet-pin-table+rm-remap-grid:en)
CH32V467,afio-usart8-remap,3,USART8_CK,PB11,#,reference,candidates(datasheet-pin-table+rm-remap-grid:en)
CH32V467,afio-usart8-remap,3,USART8_CTS,PB13,#,reference,candidates(datasheet-pin-table+rm-remap-grid:en)
CH32V467,afio-usart8-remap,3,USART8_RTS,PB12,#,reference,candidates(datasheet-pin-table+rm-remap-grid:en)
CH32V467,afio-usart8-remap,3,USART8_RX,PB14,#,reference,candidates(datasheet-pin-table+rm-remap-grid:en)
CH32V467,afio-usart8-remap,3,USART8_TX,PB15,#,reference,candidates(datasheet-pin-table+rm-remap-grid:en)
CH32V467,afio-usart9-remap,0,USART9_CK,PD8,#,reference,candidates(datasheet-pin-table-default:en)
CH32V467,afio-usart9-remap,0,USART9_CTS,PE8,#,reference,candidates(datasheet-pin-table-default:en)
CH32V467,afio-usart9-remap,0,USART9_RTS,PE9,#,reference,candidates(datasheet-pin-table-default:en)
CH32V467,afio-usart9-remap,0,USART9_RX,PB2,#,reference,candidates(datasheet-pin-table-default:en)
CH32V467,afio-usart9-remap,0,USART9_TX,PB1,#,reference,candidates(datasheet-pin-table-default:en)
CH32V467,afio-usart9-remap,1,USART9_CK,PD8,#,reference,candidates(datasheet-pin-table+rm-remap-grid:en)
CH32V467,afio-usart9-remap,1,USART9_CTS,PE8,#,reference,candidates(datasheet-pin-table+rm-remap-grid:en)
CH32V467,afio-usart9-remap,1,USART9_RTS,PE9,#,reference,candidates(datasheet-pin-table+rm-remap-grid:en)
CH32V467,afio-usart9-remap,1,USART9_RX,PA5,#,reference,candidates(datasheet-pin-table+rm-remap-grid:en)
CH32V467,afio-usart9-remap,1,USART9_TX,PA4,#,reference,candidates(datasheet-pin-table+rm-remap-grid:en)
CH32V467,afio-usart9-remap,2,USART9_CK,PE2,#,reference,candidates(datasheet-pin-table+rm-remap-grid:en)
CH32V467,afio-usart9-remap,2,USART9_CTS,PE5,#,reference,candidates(datasheet-pin-table+rm-remap-grid:en)
CH32V467,afio-usart9-remap,2,USART9_RTS,PE6,#,reference,candidates(datasheet-pin-table+rm-remap-grid:en)
CH32V467,afio-usart9-remap,2,USART9_RX,PE4,#,reference,candidates(datasheet-pin-table+rm-remap-grid:en)
CH32V467,afio-usart9-remap,2,USART9_TX,PE3,#,reference,candidates(datasheet-pin-table+rm-remap-grid:en)
CH32V467,afio-usart9-remap,3,USART9_CK,PE2,#,reference,candidates(datasheet-pin-table+rm-remap-grid:en)
CH32V467,afio-usart9-remap,3,USART9_CTS,PE5,#,reference,candidates(datasheet-pin-table+rm-remap-grid:en)
CH32V467,afio-usart9-remap,3,USART9_RTS,PE6,#,reference,candidates(datasheet-pin-table+rm-remap-grid:en)
CH32V467,afio-usart9-remap,3,USART9_RX,PE4,#,reference,candidates(datasheet-pin-table+rm-remap-grid:en)
CH32V467,afio-usart9-remap,3,USART9_TX,PE3,#,reference,candidates(datasheet-pin-table+rm-remap-grid:en)
CH32X033,afio-i2c1-remap,0,SCL,PA10,#,reference,candidates(datasheet-pin-table-default:en)
CH32X033,afio-i2c1-remap,0,SDA,PA11,#,reference,candidates(datasheet-pin-table-default:en)
CH32X033,afio-i2c1-remap,2,SCL,PC16,#,reference,candidates(datasheet-pin-table+rm-remap-grid:en)
CH32X033,afio-i2c1-remap,2,SDA,PC17,#,reference,candidates(datasheet-pin-table+rm-remap-grid:en)
CH32X033,afio-i2c1-remap,3,SCL,PC19,#,reference,candidates(datasheet-pin-table+rm-remap-grid:en)
CH32X033,afio-i2c1-remap,3,SDA,PC18,#,reference,candidates(datasheet-pin-table+rm-remap-grid:en)
CH32X033,afio-i2c1-remap,4,SCL,PC17,#,reference,candidates(datasheet-pin-table+rm-remap-grid:en)
CH32X033,afio-i2c1-remap,4,SDA,PC16,#,reference,candidates(datasheet-pin-table+rm-remap-grid:en)
CH32X033,afio-i2c1-remap,5,SCL,PC18,#,reference,candidates(datasheet-pin-table+rm-remap-grid:en)
CH32X033,afio-i2c1-remap,5,SDA,PC19,#,reference,candidates(datasheet-pin-table+rm-remap-grid:en)
CH32X033,afio-pioc-remap,0,PIOC_IO0,PC18,#,reference,candidates(datasheet-pin-table-default:en)
CH32X033,afio-pioc-remap,0,PIOC_IO1,PC19,#,reference,candidates(datasheet-pin-table-default:en)
CH32X033,afio-spi1-remap,0,CS,PA4,#,reference,candidates(datasheet-pin-table-default:en)
CH32X033,afio-spi1-remap,0,MISO,PA6,#,reference,candidates(datasheet-pin-table-default:en)
CH32X033,afio-spi1-remap,0,MOSI,PA7,#,reference,candidates(datasheet-pin-table-default:en)
CH32X033,afio-spi1-remap,0,SCK,PA5,#,reference,candidates(datasheet-pin-table-default:en)
CH32X033,afio-spi1-remap,1,MOSI,PA9,#,reference,candidates(datasheet-pin-table+rm-remap-grid:en)
CH32X033,afio-spi1-remap,2,MISO,PA9,#,reference,candidates(datasheet-pin-table+rm-remap-grid:en)
CH32X033,afio-spi1-remap,2,MOSI,PA10,#,reference,candidates(datasheet-pin-table+rm-remap-grid:en)
CH32X033,afio-spi1-remap,2,SCK,PA11,#,reference,candidates(datasheet-pin-table+rm-remap-grid:en)
CH32X033,afio-tim1-remap,0,T1C2N,PB7,#,reference,candidates(datasheet-pin-table-default:en)
CH32X033,afio-tim1-remap,0,T1C4,PC16,#,reference,candidates(datasheet-pin-table-default:en)
CH32X033,afio-tim1-remap,0,T1ET,PC17,#,reference,candidates(datasheet-pin-table-default:en)
CH32X033,afio-tim1-remap,1,T1BK,PA6,#,reference,candidates(datasheet-pin-table+rm-remap-grid:en)
CH32X033,afio-tim1-remap,1,T1C1N,PA7,#,reference,candidates(datasheet-pin-table+rm-remap-grid:en)
CH32X033,afio-tim1-remap,1,T1C2N,PB0,#,reference,candidates(datasheet-pin-table+rm-remap-grid:en)
CH32X033,afio-tim1-remap,1,T1C3N,PB1,#,reference,candidates(datasheet-pin-table+rm-remap-grid:en)
CH32X033,afio-tim1-remap,1,T1C4,PC16,#,reference,candidates(datasheet-pin-table+rm-remap-grid:en)
CH32X033,afio-tim1-remap,1,T1ET,PC17,#,reference,candidates(datasheet-pin-table+rm-remap-grid:en)
CH32X033,afio-tim1-remap,2,T1C2N,PB7,#,reference,candidates(datasheet-pin-table+rm-remap-grid:en)
CH32X033,afio-tim1-remap,2,T1ET,PC18,#,reference,candidates(datasheet-pin-table+rm-remap-grid:en)
CH32X033,afio-tim1-remap,3,T1C4,PC3,#,reference,candidates(datasheet-pin-table+rm-remap-grid:en)
CH32X033,afio-tim1-remap,3,T1ET,PC18,#,reference,candidates(datasheet-pin-table+rm-remap-grid:en)
CH32X033,afio-tim2-remap,0,T2C1,PA0,#,reference,candidates(datasheet-pin-table-default:en)
CH32X033,afio-tim2-remap,0,T2C2,PA1,#,reference,candidates(datasheet-pin-table-default:en)
CH32X033,afio-tim2-remap,0,T2C3,PA2,#,reference,candidates(datasheet-pin-table-default:en)
CH32X033,afio-tim2-remap,0,T2C4,PA3,#,reference,candidates(datasheet-pin-table-default:en)
CH32X033,afio-tim2-remap,1,T2BK,PA9,#,reference,candidates(datasheet-pin-table+rm-remap-grid:en)
CH32X033,afio-tim2-remap,1,T2C3,PA2,#,reference,candidates(datasheet-pin-table+rm-remap-grid:en)
CH32X033,afio-tim2-remap,1,T2C4,PA3,#,reference,candidates(datasheet-pin-table+rm-remap-grid:en)
CH32X033,afio-tim2-remap,2,T2C1,PA0,#,reference,candidates(datasheet-pin-table+rm-remap-grid:en)
CH32X033,afio-tim2-remap,2,T2C1N,PC3,#,reference,candidates(datasheet-pin-table+rm-remap-grid:en)
CH32X033,afio-tim2-remap,2,T2C2,PA1,#,reference,candidates(datasheet-pin-table+rm-remap-grid:en)
CH32X033,afio-tim2-remap,3,T2BK,PA9,#,reference,candidates(datasheet-pin-table+rm-remap-grid:en)
CH32X033,afio-tim2-remap,4,T2C3N,PC3,#,reference,candidates(datasheet-pin-table+rm-remap-grid:en)
CH32X033,afio-tim2-remap,5,T2C1,PC19,#,reference,candidates(datasheet-pin-table+rm-remap-grid:en)
CH32X033,afio-tim2-remap,5,T2C1N,PC18,#,reference,candidates(datasheet-pin-table+rm-remap-grid:en)
CH32X033,afio-tim2-remap,5,T2ET,PA2,#,reference,candidates(datasheet-pin-table+rm-remap-grid:en)
CH32X033,afio-tim2-remap,6,T2C1,PC19,#,reference,candidates(datasheet-pin-table+rm-remap-grid:en)
CH32X033,afio-tim2-remap,6,T2ET,PA2,#,reference,candidates(datasheet-pin-table+rm-remap-grid:en)
CH32X033,afio-tim3-remap,0,T3C1,PA6,#,reference,candidates(datasheet-pin-table-default:en)
CH32X033,afio-tim3-remap,0,T3C2,PA7,#,reference,candidates(datasheet-pin-table-default:en)
CH32X033,afio-tim3-remap,2,T3C1,PC19,#,reference,candidates(datasheet-pin-table+rm-remap-grid:en)
CH32X033,afio-tim3-remap,2,T3C2,PC18,#,reference,candidates(datasheet-pin-table+rm-remap-grid:en)
CH32X033,afio-tim3-remap,3,T3C1,PA3,#,reference,candidates(datasheet-pin-table+rm-remap-grid:en)
CH32X033,afio-tim3-remap,3,T3C2,PA4,#,reference,candidates(datasheet-pin-table+rm-remap-grid:en)
CH32X033,afio-usart1-remap,0,CTS1,PC16,#,reference,candidates(datasheet-pin-table-default:en)
CH32X033,afio-usart1-remap,0,RTS1,PC17,#,reference,candidates(datasheet-pin-table-default:en)
CH32X033,afio-usart1-remap,1,CTS1,PC16,#,reference,candidates(datasheet-pin-table+rm-remap-grid:en)
CH32X033,afio-usart1-remap,1,RTS1,PC17,#,reference,candidates(datasheet-pin-table+rm-remap-grid:en)
CH32X033,afio-usart1-remap,1,RX1,PA11,#,reference,candidates(datasheet-pin-table+rm-remap-grid:en)
CH32X033,afio-usart1-remap,1,TX1,PA10,#,reference,candidates(datasheet-pin-table+rm-remap-grid:en)
CH32X033,afio-usart1-remap,2,CTS1,PA9,#,reference,candidates(datasheet-pin-table+rm-remap-grid:en)
CH32X033,afio-usart1-remap,3,TX1,PA7,#,reference,candidates(datasheet-pin-table+rm-remap-grid:en)
CH32X033,afio-usart2-remap,0,CK2,PA4,#,reference,candidates(datasheet-pin-table-default:en)
CH32X033,afio-usart2-remap,0,CTS2,PA0,#,reference,candidates(datasheet-pin-table-default:en)
CH32X033,afio-usart2-remap,0,RTS2,PA1,#,reference,candidates(datasheet-pin-table-default:en)
CH32X033,afio-usart2-remap,0,RX2,PA3,#,reference,candidates(datasheet-pin-table-default:en)
CH32X033,afio-usart2-remap,0,TX2,PA2,#,reference,candidates(datasheet-pin-table-default:en)
CH32X033,afio-usart2-remap,1,CTS2,PA1,#,reference,candidates(datasheet-pin-table+rm-remap-grid:en)
CH32X033,afio-usart2-remap,1,RTS2,PA2,#,reference,candidates(datasheet-pin-table+rm-remap-grid:en)
CH32X033,afio-usart2-remap,3,RTS2,PC3,#,reference,candidates(datasheet-pin-table+rm-remap-grid:en)
CH32X033,afio-usart2-remap,4,RTS2,PC3,#,reference,candidates(datasheet-pin-table+rm-remap-grid:en)
CH32X033,afio-usart3-remap,0,RTS3,PB7,#,reference,candidates(datasheet-pin-table-default:en)
CH32X033,afio-usart3-remap,1,RTS3,PB7,#,reference,candidates(datasheet-pin-table+rm-remap-grid:en)
CH32X033,afio-usart3-remap,1,RX3,PC19,#,reference,candidates(datasheet-pin-table+rm-remap-grid:en)
CH32X033,afio-usart3-remap,1,TX3,PC18,#,reference,candidates(datasheet-pin-table+rm-remap-grid:en)
CH32X033,afio-usart3-remap,2,CTS3,PA3,#,reference,candidates(datasheet-pin-table+rm-remap-grid:en)
CH32X033,afio-usart3-remap,2,RTS3,PA4,#,reference,candidates(datasheet-pin-table+rm-remap-grid:en)
CH32X033,afio-usart4-remap,0,RX4,PB1,#,reference,candidates(datasheet-pin-table-default:en)
CH32X033,afio-usart4-remap,0,TX4,PB0,#,reference,candidates(datasheet-pin-table-default:en)
CH32X033,afio-usart4-remap,1,CK4,PA6,#,reference,candidates(datasheet-pin-table+rm-remap-grid:en)
CH32X033,afio-usart4-remap,1,CTS4,PA7,#,reference,candidates(datasheet-pin-table+rm-remap-grid:en)
CH32X033,afio-usart4-remap,1,RX4,PA9,#,reference,candidates(datasheet-pin-table+rm-remap-grid:en)
CH32X033,afio-usart4-remap,1,TX4,PA5,#,reference,candidates(datasheet-pin-table+rm-remap-grid:en)
CH32X033,afio-usart4-remap,2,RX4,PC17,#,reference,candidates(datasheet-pin-table+rm-remap-grid:en)
CH32X033,afio-usart4-remap,2,TX4,PC16,#,reference,candidates(datasheet-pin-table+rm-remap-grid:en)
CH32X033,afio-usart4-remap,3,RX4,PA10,#,reference,candidates(datasheet-pin-table+rm-remap-grid:en)
CH32X033,afio-usart4-remap,4,CTS4,PA5,#,reference,candidates(datasheet-pin-table+rm-remap-grid:en)
CH32X033,afio-usart4-remap,4,RTS4,PA6,#,reference,candidates(datasheet-pin-table+rm-remap-grid:en)
CH32X033,afio-usart4-remap,4,RX4,PC19,#,reference,candidates(datasheet-pin-table+rm-remap-grid:en)
CH32X033,afio-usart4-remap,5,RX4,PC16,#,reference,candidates(datasheet-pin-table+rm-remap-grid:en)
CH32X033,afio-usart4-remap,5,TX4,PC17,#,reference,candidates(datasheet-pin-table+rm-remap-grid:en)
CH32X035,afio-i2c1-remap,0,SCL,PA10,#,reference,candidates(datasheet-pin-table-default:en)
CH32X035,afio-i2c1-remap,0,SDA,PA11,#,reference,candidates(datasheet-pin-table-default:en)
CH32X035,afio-i2c1-remap,1,SCL,PA13,#,reference,candidates(datasheet-pin-table+rm-remap-grid:en)
CH32X035,afio-i2c1-remap,1,SDA,PA14,#,reference,candidates(datasheet-pin-table+rm-remap-grid:en)
CH32X035,afio-i2c1-remap,2,SCL,PC16,#,reference,candidates(datasheet-pin-table+rm-remap-grid:en)
CH32X035,afio-i2c1-remap,2,SDA,PC17,#,reference,candidates(datasheet-pin-table+rm-remap-grid:en)
CH32X035,afio-i2c1-remap,3,SCL,PC19,#,reference,candidates(datasheet-pin-table+rm-remap-grid:en)
CH32X035,afio-i2c1-remap,3,SDA,PC18,#,reference,candidates(datasheet-pin-table+rm-remap-grid:en)
CH32X035,afio-i2c1-remap,4,SCL,PC17,#,reference,candidates(datasheet-pin-table+rm-remap-grid:en)
CH32X035,afio-i2c1-remap,4,SDA,PC16,#,reference,candidates(datasheet-pin-table+rm-remap-grid:en)
CH32X035,afio-i2c1-remap,5,SCL,PC18,#,reference,candidates(datasheet-pin-table+rm-remap-grid:en)
CH32X035,afio-i2c1-remap,5,SDA,PC19,#,reference,candidates(datasheet-pin-table+rm-remap-grid:en)
CH32X035,afio-pioc-remap,0,PIOC_IO0,PC18,#,reference,candidates(datasheet-pin-table-default:en)
CH32X035,afio-pioc-remap,0,PIOC_IO1,PC19,#,reference,candidates(datasheet-pin-table-default:en)
CH32X035,afio-pioc-remap,1,PIOC_IO0,PC7,#,reference,candidates(datasheet-pin-table+rm-remap-grid:en)
CH32X035,afio-spi1-remap,0,CS,PA4,#,reference,candidates(datasheet-pin-table-default:en)
CH32X035,afio-spi1-remap,0,MISO,PA6,#,reference,candidates(datasheet-pin-table-default:en)
CH32X035,afio-spi1-remap,0,MOSI,PA7,#,reference,candidates(datasheet-pin-table-default:en)
CH32X035,afio-spi1-remap,0,SCK,PA5,#,reference,candidates(datasheet-pin-table-default:en)
CH32X035,afio-spi1-remap,1,CS,PB21,#,reference,candidates(datasheet-pin-table+rm-remap-grid:en)
CH32X035,afio-spi1-remap,1,MISO,PA8,#,reference,candidates(datasheet-pin-table+rm-remap-grid:en)
CH32X035,afio-spi1-remap,1,MOSI,PA9,#,reference,candidates(datasheet-pin-table+rm-remap-grid:en)
CH32X035,afio-spi1-remap,1,SCK,PB15,#,reference,candidates(datasheet-pin-table+rm-remap-grid:en)
CH32X035,afio-spi1-remap,2,CS,PA12,#,reference,candidates(datasheet-pin-table+rm-remap-grid:en)
CH32X035,afio-spi1-remap,2,MISO,PA9,#,reference,candidates(datasheet-pin-table+rm-remap-grid:en)
CH32X035,afio-spi1-remap,2,MOSI,PA10,#,reference,candidates(datasheet-pin-table+rm-remap-grid:en)
CH32X035,afio-spi1-remap,2,SCK,PA11,#,reference,candidates(datasheet-pin-table+rm-remap-grid:en)
CH32X035,afio-spi1-remap,3,CS,PC4,#,reference,candidates(datasheet-pin-table+rm-remap-grid:en)
CH32X035,afio-spi1-remap,3,MISO,PC6,#,reference,candidates(datasheet-pin-table+rm-remap-grid:en)
CH32X035,afio-spi1-remap,3,MOSI,PC7,#,reference,candidates(datasheet-pin-table+rm-remap-grid:en)
CH32X035,afio-spi1-remap,3,SCK,PC5,#,reference,candidates(datasheet-pin-table+rm-remap-grid:en)
CH32X035,afio-tim1-remap,0,T1BK,PB5,#,reference,candidates(datasheet-pin-table-default:en)
CH32X035,afio-tim1-remap,0,T1C1,PB9,#,reference,candidates(datasheet-pin-table-default:en)
CH32X035,afio-tim1-remap,0,T1C1N,PB6,#,reference,candidates(datasheet-pin-table-default:en)
CH32X035,afio-tim1-remap,0,T1C2,PB10,#,reference,candidates(datasheet-pin-table-default:en)
CH32X035,afio-tim1-remap,0,T1C2N,PB7,#,reference,candidates(datasheet-pin-table-default:en)
CH32X035,afio-tim1-remap,0,T1C3,PB11,#,reference,candidates(datasheet-pin-table-default:en)
CH32X035,afio-tim1-remap,0,T1C3N,PB8,#,reference,candidates(datasheet-pin-table-default:en)
CH32X035,afio-tim1-remap,0,T1C4,PC16,#,reference,candidates(datasheet-pin-table-default:en)
CH32X035,afio-tim1-remap,0,T1ET,PC17,#,reference,candidates(datasheet-pin-table-default:en)
CH32X035,afio-tim1-remap,1,T1BK,PA6,#,reference,candidates(datasheet-pin-table+rm-remap-grid:en)
CH32X035,afio-tim1-remap,1,T1C1,PB9,#,reference,candidates(datasheet-pin-table+rm-remap-grid:en)
CH32X035,afio-tim1-remap,1,T1C1N,PA7,#,reference,candidates(datasheet-pin-table+rm-remap-grid:en)
CH32X035,afio-tim1-remap,1,T1C2,PB10,#,reference,candidates(datasheet-pin-table+rm-remap-grid:en)
CH32X035,afio-tim1-remap,1,T1C2N,PB0,#,reference,candidates(datasheet-pin-table+rm-remap-grid:en)
CH32X035,afio-tim1-remap,1,T1C3,PB11,#,reference,candidates(datasheet-pin-table+rm-remap-grid:en)
CH32X035,afio-tim1-remap,1,T1C3N,PB1,#,reference,candidates(datasheet-pin-table+rm-remap-grid:en)
CH32X035,afio-tim1-remap,1,T1C4,PC16,#,reference,candidates(datasheet-pin-table+rm-remap-grid:en)
CH32X035,afio-tim1-remap,1,T1ET,PC17,#,reference,candidates(datasheet-pin-table+rm-remap-grid:en)
CH32X035,afio-tim1-remap,2,T1BK,PB5,#,reference,candidates(datasheet-pin-table+rm-remap-grid:en)
CH32X035,afio-tim1-remap,2,T1C1,PB9,#,reference,candidates(datasheet-pin-table+rm-remap-grid:en)
CH32X035,afio-tim1-remap,2,T1C1N,PB6,#,reference,candidates(datasheet-pin-table+rm-remap-grid:en)
CH32X035,afio-tim1-remap,2,T1C2,PB10,#,reference,candidates(datasheet-pin-table+rm-remap-grid:en)
CH32X035,afio-tim1-remap,2,T1C2N,PB7,#,reference,candidates(datasheet-pin-table+rm-remap-grid:en)
CH32X035,afio-tim1-remap,2,T1C3,PB11,#,reference,candidates(datasheet-pin-table+rm-remap-grid:en)
CH32X035,afio-tim1-remap,2,T1C3N,PB8,#,reference,candidates(datasheet-pin-table+rm-remap-grid:en)
CH32X035,afio-tim1-remap,2,T1C4,PB12,#,reference,candidates(datasheet-pin-table+rm-remap-grid:en)
CH32X035,afio-tim1-remap,2,T1ET,PC18,#,reference,candidates(datasheet-pin-table+rm-remap-grid:en)
CH32X035,afio-tim1-remap,3,T1BK,PC4,#,reference,candidates(datasheet-pin-table+rm-remap-grid:en)
CH32X035,afio-tim1-remap,3,T1C1,PC0,#,reference,candidates(datasheet-pin-table+rm-remap-grid:en)
CH32X035,afio-tim1-remap,3,T1C1N,PC5,#,reference,candidates(datasheet-pin-table+rm-remap-grid:en)
CH32X035,afio-tim1-remap,3,T1C2,PC1,#,reference,candidates(datasheet-pin-table+rm-remap-grid:en)
CH32X035,afio-tim1-remap,3,T1C2N,PC6,#,reference,candidates(datasheet-pin-table+rm-remap-grid:en)
CH32X035,afio-tim1-remap,3,T1C3,PC2,#,reference,candidates(datasheet-pin-table+rm-remap-grid:en)
CH32X035,afio-tim1-remap,3,T1C3N,PC7,#,reference,candidates(datasheet-pin-table+rm-remap-grid:en)
CH32X035,afio-tim1-remap,3,T1C4,PC3,#,reference,candidates(datasheet-pin-table+rm-remap-grid:en)
CH32X035,afio-tim1-remap,3,T1ET,PC18,#,reference,candidates(datasheet-pin-table+rm-remap-grid:en)
CH32X035,afio-tim1-remap,4,T1C3,PC14,#,reference,candidates(datasheet-pin-table+rm-remap-grid:en)
CH32X035,afio-tim1-remap,4,T1ET,PC15,#,reference,candidates(datasheet-pin-table+rm-remap-grid:en)
CH32X035,afio-tim2-remap,0,T2BK,PA20,#,reference,candidates(datasheet-pin-table-default:en)
CH32X035,afio-tim2-remap,0,T2C1,PA0,#,reference,candidates(datasheet-pin-table-default:en)
CH32X035,afio-tim2-remap,0,T2C1N,PA21,#,reference,candidates(datasheet-pin-table-default:en)
CH32X035,afio-tim2-remap,0,T2C2,PA1,#,reference,candidates(datasheet-pin-table-default:en)
CH32X035,afio-tim2-remap,0,T2C2N,PA22,#,reference,candidates(datasheet-pin-table-default:en)
CH32X035,afio-tim2-remap,0,T2C3,PA2,#,reference,candidates(datasheet-pin-table-default:en)
CH32X035,afio-tim2-remap,0,T2C3N,PA23,#,reference,candidates(datasheet-pin-table-default:en)
CH32X035,afio-tim2-remap,0,T2C4,PA3,#,reference,candidates(datasheet-pin-table-default:en)
CH32X035,afio-tim2-remap,0,T2ET,PA19,#,reference,candidates(datasheet-pin-table-default:en)
CH32X035,afio-tim2-remap,1,T2BK,PA9,#,reference,candidates(datasheet-pin-table+rm-remap-grid:en)
CH32X035,afio-tim2-remap,1,T2C1,PB21,#,reference,candidates(datasheet-pin-table+rm-remap-grid:en)
CH32X035,afio-tim2-remap,1,T2C1N,PA12,#,reference,candidates(datasheet-pin-table+rm-remap-grid:en)
CH32X035,afio-tim2-remap,1,T2C2,PB15,#,reference,candidates(datasheet-pin-table+rm-remap-grid:en)
CH32X035,afio-tim2-remap,1,T2C2N,PA13,#,reference,candidates(datasheet-pin-table+rm-remap-grid:en)
CH32X035,afio-tim2-remap,1,T2C3,PA2,#,reference,candidates(datasheet-pin-table+rm-remap-grid:en)
CH32X035,afio-tim2-remap,1,T2C3N,PA14,#,reference,candidates(datasheet-pin-table+rm-remap-grid:en)
CH32X035,afio-tim2-remap,1,T2C4,PA3,#,reference,candidates(datasheet-pin-table+rm-remap-grid:en)
CH32X035,afio-tim2-remap,1,T2ET,PA18,#,reference,candidates(datasheet-pin-table+rm-remap-grid:en)
CH32X035,afio-tim2-remap,2,T2BK,PA20,#,reference,candidates(datasheet-pin-table+rm-remap-grid:en)
CH32X035,afio-tim2-remap,2,T2C1,PA0,#,reference,candidates(datasheet-pin-table+rm-remap-grid:en)
CH32X035,afio-tim2-remap,2,T2C1N,PC3,#,reference,candidates(datasheet-pin-table+rm-remap-grid:en)
CH32X035,afio-tim2-remap,2,T2C2,PA1,#,reference,candidates(datasheet-pin-table+rm-remap-grid:en)
CH32X035,afio-tim2-remap,2,T2C2N,PA22,#,reference,candidates(datasheet-pin-table+rm-remap-grid:en)
CH32X035,afio-tim2-remap,2,T2C3,PB3,#,reference,candidates(datasheet-pin-table+rm-remap-grid:en)
CH32X035,afio-tim2-remap,2,T2C3N,PA23,#,reference,candidates(datasheet-pin-table+rm-remap-grid:en)
CH32X035,afio-tim2-remap,2,T2C4,PB4,#,reference,candidates(datasheet-pin-table+rm-remap-grid:en)
CH32X035,afio-tim2-remap,2,T2ET,PA19,#,reference,candidates(datasheet-pin-table+rm-remap-grid:en)
CH32X035,afio-tim2-remap,3,T2BK,PA9,#,reference,candidates(datasheet-pin-table+rm-remap-grid:en)
CH32X035,afio-tim2-remap,3,T2C1,PB21,#,reference,candidates(datasheet-pin-table+rm-remap-grid:en)
CH32X035,afio-tim2-remap,3,T2C1N,PA12,#,reference,candidates(datasheet-pin-table+rm-remap-grid:en)
CH32X035,afio-tim2-remap,3,T2C2,PB15,#,reference,candidates(datasheet-pin-table+rm-remap-grid:en)
CH32X035,afio-tim2-remap,3,T2C2N,PA13,#,reference,candidates(datasheet-pin-table+rm-remap-grid:en)
CH32X035,afio-tim2-remap,3,T2C3,PB3,#,reference,candidates(datasheet-pin-table+rm-remap-grid:en)
CH32X035,afio-tim2-remap,3,T2C3N,PA14,#,reference,candidates(datasheet-pin-table+rm-remap-grid:en)
CH32X035,afio-tim2-remap,3,T2C4,PB4,#,reference,candidates(datasheet-pin-table+rm-remap-grid:en)
CH32X035,afio-tim2-remap,3,T2ET,PA18,#,reference,candidates(datasheet-pin-table+rm-remap-grid:en)
CH32X035,afio-tim2-remap,4,T2BK,PC0,#,reference,candidates(datasheet-pin-table+rm-remap-grid:en)
CH32X035,afio-tim2-remap,4,T2C1,PB16,#,reference,candidates(datasheet-pin-table+rm-remap-grid:en)
CH32X035,afio-tim2-remap,4,T2C1N,PC1,#,reference,candidates(datasheet-pin-table+rm-remap-grid:en)
CH32X035,afio-tim2-remap,4,T2C2,PB17,#,reference,candidates(datasheet-pin-table+rm-remap-grid:en)
CH32X035,afio-tim2-remap,4,T2C2N,PC2,#,reference,candidates(datasheet-pin-table+rm-remap-grid:en)
CH32X035,afio-tim2-remap,4,T2C3,PB18,#,reference,candidates(datasheet-pin-table+rm-remap-grid:en)
CH32X035,afio-tim2-remap,4,T2C3N,PC3,#,reference,candidates(datasheet-pin-table+rm-remap-grid:en)
CH32X035,afio-tim2-remap,4,T2C4,PB19,#,reference,candidates(datasheet-pin-table+rm-remap-grid:en)
CH32X035,afio-tim2-remap,4,T2ET,PC4,#,reference,candidates(datasheet-pin-table+rm-remap-grid:en)
CH32X035,afio-tim2-remap,5,T2BK,PB4,#,reference,candidates(datasheet-pin-table+rm-remap-grid:en)
CH32X035,afio-tim2-remap,5,T2C1,PC19,#,reference,candidates(datasheet-pin-table+rm-remap-grid:en)
CH32X035,afio-tim2-remap,5,T2C1N,PC18,#,reference,candidates(datasheet-pin-table+rm-remap-grid:en)
CH32X035,afio-tim2-remap,5,T2C2,PA12,#,reference,candidates(datasheet-pin-table+rm-remap-grid:en)
CH32X035,afio-tim2-remap,5,T2C2N,PB12,#,reference,candidates(datasheet-pin-table+rm-remap-grid:en)
CH32X035,afio-tim2-remap,5,T2C3,PA13,#,reference,candidates(datasheet-pin-table+rm-remap-grid:en)
CH32X035,afio-tim2-remap,5,T2C3N,PB3,#,reference,candidates(datasheet-pin-table+rm-remap-grid:en)
CH32X035,afio-tim2-remap,5,T2C4,PC0,#,reference,candidates(datasheet-pin-table+rm-remap-grid:en)
CH32X035,afio-tim2-remap,5,T2ET,PA2,#,reference,candidates(datasheet-pin-table+rm-remap-grid:en)
CH32X035,afio-tim2-remap,6,T2BK,PB4,#,reference,candidates(datasheet-pin-table+rm-remap-grid:en)
CH32X035,afio-tim2-remap,6,T2C1,PC19,#,reference,candidates(datasheet-pin-table+rm-remap-grid:en)
CH32X035,afio-tim2-remap,6,T2C1N,PB11,#,reference,candidates(datasheet-pin-table+rm-remap-grid:en)
CH32X035,afio-tim2-remap,6,T2C2,PC14,#,reference,candidates(datasheet-pin-table+rm-remap-grid:en)
CH32X035,afio-tim2-remap,6,T2C2N,PB12,#,reference,candidates(datasheet-pin-table+rm-remap-grid:en)
CH32X035,afio-tim2-remap,6,T2C3,PC15,#,reference,candidates(datasheet-pin-table+rm-remap-grid:en)
CH32X035,afio-tim2-remap,6,T2C3N,PB3,#,reference,candidates(datasheet-pin-table+rm-remap-grid:en)
CH32X035,afio-tim2-remap,6,T2C4,PC0,#,reference,candidates(datasheet-pin-table+rm-remap-grid:en)
CH32X035,afio-tim2-remap,6,T2ET,PA2,#,reference,candidates(datasheet-pin-table+rm-remap-grid:en)
CH32X035,afio-tim3-remap,0,T3C1,PA6,#,reference,candidates(datasheet-pin-table-default:en)
CH32X035,afio-tim3-remap,0,T3C2,PA7,#,reference,candidates(datasheet-pin-table-default:en)
CH32X035,afio-tim3-remap,1,T3C1,PB4,#,reference,candidates(datasheet-pin-table+rm-remap-grid:en)
CH32X035,afio-tim3-remap,1,T3C2,PB5,#,reference,candidates(datasheet-pin-table+rm-remap-grid:en)
CH32X035,afio-tim3-remap,2,T3C1,PC19,#,reference,candidates(datasheet-pin-table+rm-remap-grid:en)
CH32X035,afio-tim3-remap,2,T3C2,PC18,#,reference,candidates(datasheet-pin-table+rm-remap-grid:en)
CH32X035,afio-tim3-remap,3,T3C1,PA3,#,reference,candidates(datasheet-pin-table+rm-remap-grid:en)
CH32X035,afio-tim3-remap,3,T3C2,PA4,#,reference,candidates(datasheet-pin-table+rm-remap-grid:en)
CH32X035,afio-usart1-remap,0,CK1,PB9,#,reference,candidates(datasheet-pin-table-default:en)
CH32X035,afio-usart1-remap,0,CTS1,PC16,#,reference,candidates(datasheet-pin-table-default:en)
CH32X035,afio-usart1-remap,0,RTS1,PC17,#,reference,candidates(datasheet-pin-table-default:en)
CH32X035,afio-usart1-remap,0,RX1,PB11,#,reference,candidates(datasheet-pin-table-default:en)
CH32X035,afio-usart1-remap,0,TX1,PB10,#,reference,candidates(datasheet-pin-table-default:en)
CH32X035,afio-usart1-remap,1,CK1,PB9,#,reference,candidates(datasheet-pin-table+rm-remap-grid:en)
CH32X035,afio-usart1-remap,1,CTS1,PC16,#,reference,candidates(datasheet-pin-table+rm-remap-grid:en)
CH32X035,afio-usart1-remap,1,RTS1,PC17,#,reference,candidates(datasheet-pin-table+rm-remap-grid:en)
CH32X035,afio-usart1-remap,1,RX1,PA11,#,reference,candidates(datasheet-pin-table+rm-remap-grid:en)
CH32X035,afio-usart1-remap,1,TX1,PA10,#,reference,candidates(datasheet-pin-table+rm-remap-grid:en)
CH32X035,afio-usart1-remap,2,CK1,PB5,#,reference,candidates(datasheet-pin-table+rm-remap-grid:en)
CH32X035,afio-usart1-remap,2,CTS1,PA9,#,reference,candidates(datasheet-pin-table+rm-remap-grid:en)
CH32X035,afio-usart1-remap,2,RTS1,PA8,#,reference,candidates(datasheet-pin-table+rm-remap-grid:en)
CH32X035,afio-usart1-remap,2,RX1,PB11,#,reference,candidates(datasheet-pin-table+rm-remap-grid:en)
CH32X035,afio-usart1-remap,2,TX1,PB10,#,reference,candidates(datasheet-pin-table+rm-remap-grid:en)
CH32X035,afio-usart1-remap,3,CK1,PB12,#,reference,candidates(datasheet-pin-table+rm-remap-grid:en)
CH32X035,afio-usart1-remap,3,CTS1,PA13,#,reference,candidates(datasheet-pin-table+rm-remap-grid:en)
CH32X035,afio-usart1-remap,3,RTS1,PA14,#,reference,candidates(datasheet-pin-table+rm-remap-grid:en)
CH32X035,afio-usart1-remap,3,RX1,PB2,#,reference,candidates(datasheet-pin-table+rm-remap-grid:en)
CH32X035,afio-usart1-remap,3,TX1,PA7,#,reference,candidates(datasheet-pin-table+rm-remap-grid:en)
CH32X035,afio-usart2-remap,0,CK2,PA4,#,reference,candidates(datasheet-pin-table-default:en)
CH32X035,afio-usart2-remap,0,CTS2,PA0,#,reference,candidates(datasheet-pin-table-default:en)
CH32X035,afio-usart2-remap,0,RTS2,PA1,#,reference,candidates(datasheet-pin-table-default:en)
CH32X035,afio-usart2-remap,0,RX2,PA3,#,reference,candidates(datasheet-pin-table-default:en)
CH32X035,afio-usart2-remap,0,TX2,PA2,#,reference,candidates(datasheet-pin-table-default:en)
CH32X035,afio-usart2-remap,1,CK2,PA23,#,reference,candidates(datasheet-pin-table+rm-remap-grid:en)
CH32X035,afio-usart2-remap,1,CTS2,PA1,#,reference,candidates(datasheet-pin-table+rm-remap-grid:en)
CH32X035,afio-usart2-remap,1,RTS2,PA2,#,reference,candidates(datasheet-pin-table+rm-remap-grid:en)
CH32X035,afio-usart2-remap,1,RX2,PA19,#,reference,candidates(datasheet-pin-table+rm-remap-grid:en)
CH32X035,afio-usart2-remap,1,TX2,PA20,#,reference,candidates(datasheet-pin-table+rm-remap-grid:en)
CH32X035,afio-usart2-remap,2,CK2,PA22,#,reference,candidates(datasheet-pin-table+rm-remap-grid:en)
CH32X035,afio-usart2-remap,2,CTS2,PA17,#,reference,candidates(datasheet-pin-table+rm-remap-grid:en)
CH32X035,afio-usart2-remap,2,RTS2,PA21,#,reference,candidates(datasheet-pin-table+rm-remap-grid:en)
CH32X035,afio-usart2-remap,2,RX2,PA16,#,reference,candidates(datasheet-pin-table+rm-remap-grid:en)
CH32X035,afio-usart2-remap,2,TX2,PA15,#,reference,candidates(datasheet-pin-table+rm-remap-grid:en)
CH32X035,afio-usart2-remap,3,CK2,PB20,#,reference,candidates(datasheet-pin-table+rm-remap-grid:en)
CH32X035,afio-usart2-remap,3,CTS2,PC2,#,reference,candidates(datasheet-pin-table+rm-remap-grid:en)
CH32X035,afio-usart2-remap,3,RTS2,PC3,#,reference,candidates(datasheet-pin-table+rm-remap-grid:en)
CH32X035,afio-usart2-remap,3,RX2,PC1,#,reference,candidates(datasheet-pin-table+rm-remap-grid:en)
CH32X035,afio-usart2-remap,3,TX2,PC0,#,reference,candidates(datasheet-pin-table+rm-remap-grid:en)
CH32X035,afio-usart2-remap,4,CK2,PA22,#,reference,candidates(datasheet-pin-table+rm-remap-grid:en)
CH32X035,afio-usart2-remap,4,CTS2,PA17,#,reference,candidates(datasheet-pin-table+rm-remap-grid:en)
CH32X035,afio-usart2-remap,4,RTS2,PC3,#,reference,candidates(datasheet-pin-table+rm-remap-grid:en)
CH32X035,afio-usart2-remap,4,RX2,PA16,#,reference,candidates(datasheet-pin-table+rm-remap-grid:en)
CH32X035,afio-usart2-remap,4,TX2,PA15,#,reference,candidates(datasheet-pin-table+rm-remap-grid:en)
CH32X035,afio-usart3-remap,0,CK3,PB5,#,reference,candidates(datasheet-pin-table-default:en)
CH32X035,afio-usart3-remap,0,CTS3,PB6,#,reference,candidates(datasheet-pin-table-default:en)
CH32X035,afio-usart3-remap,0,RTS3,PB7,#,reference,candidates(datasheet-pin-table-default:en)
CH32X035,afio-usart3-remap,0,RX3,PB4,#,reference,candidates(datasheet-pin-table-default:en)
CH32X035,afio-usart3-remap,0,TX3,PB3,#,reference,candidates(datasheet-pin-table-default:en)
CH32X035,afio-usart3-remap,1,CK3,PB5,#,reference,candidates(datasheet-pin-table+rm-remap-grid:en)
CH32X035,afio-usart3-remap,1,CTS3,PB6,#,reference,candidates(datasheet-pin-table+rm-remap-grid:en)
CH32X035,afio-usart3-remap,1,RTS3,PB7,#,reference,candidates(datasheet-pin-table+rm-remap-grid:en)
CH32X035,afio-usart3-remap,1,RX3,PC19,#,reference,candidates(datasheet-pin-table+rm-remap-grid:en)
CH32X035,afio-usart3-remap,1,TX3,PC18,#,reference,candidates(datasheet-pin-table+rm-remap-grid:en)
CH32X035,afio-usart3-remap,2,CK3,PB8,#,reference,candidates(datasheet-pin-table+rm-remap-grid:en)
CH32X035,afio-usart3-remap,2,CTS3,PA3,#,reference,candidates(datasheet-pin-table+rm-remap-grid:en)
CH32X035,afio-usart3-remap,2,RTS3,PA4,#,reference,candidates(datasheet-pin-table+rm-remap-grid:en)
CH32X035,afio-usart3-remap,2,RX3,PB14,#,reference,candidates(datasheet-pin-table+rm-remap-grid:en)
CH32X035,afio-usart3-remap,2,TX3,PA18,#,reference,candidates(datasheet-pin-table+rm-remap-grid:en)
CH32X035,afio-usart3-remap,3,CTS3,PB18,#,reference,candidates(datasheet-pin-table+rm-remap-grid:en)
CH32X035,afio-usart3-remap,3,RTS3,PB19,#,reference,candidates(datasheet-pin-table+rm-remap-grid:en)
CH32X035,afio-usart3-remap,3,RX3,PB17,#,reference,candidates(datasheet-pin-table+rm-remap-grid:en)
CH32X035,afio-usart3-remap,3,TX3,PB16,#,reference,candidates(datasheet-pin-table+rm-remap-grid:en)
CH32X035,afio-usart4-remap,0,CK4,PB2,#,reference,candidates(datasheet-pin-table-default:en)
CH32X035,afio-usart4-remap,0,CTS4,PB15,#,reference,candidates(datasheet-pin-table-default:en)
CH32X035,afio-usart4-remap,0,RTS4,PA8,#,reference,candidates(datasheet-pin-table-default:en)
CH32X035,afio-usart4-remap,0,RX4,PB1,#,reference,candidates(datasheet-pin-table-default:en)
CH32X035,afio-usart4-remap,0,TX4,PB0,#,reference,candidates(datasheet-pin-table-default:en)
CH32X035,afio-usart4-remap,1,CK4,PA6,#,reference,candidates(datasheet-pin-table+rm-remap-grid:en)
CH32X035,afio-usart4-remap,1,CTS4,PA7,#,reference,candidates(datasheet-pin-table+rm-remap-grid:en)
CH32X035,afio-usart4-remap,1,RTS4,PB21,#,reference,candidates(datasheet-pin-table+rm-remap-grid:en)
CH32X035,afio-usart4-remap,1,RX4,PA9,#,reference,candidates(datasheet-pin-table+rm-remap-grid:en)
CH32X035,afio-usart4-remap,1,TX4,PA5,#,reference,candidates(datasheet-pin-table+rm-remap-grid:en)
CH32X035,afio-usart4-remap,2,CK4,PB2,#,reference,candidates(datasheet-pin-table+rm-remap-grid:en)
CH32X035,afio-usart4-remap,2,CTS4,PB15,#,reference,candidates(datasheet-pin-table+rm-remap-grid:en)
CH32X035,afio-usart4-remap,2,RTS4,PA8,#,reference,candidates(datasheet-pin-table+rm-remap-grid:en)
CH32X035,afio-usart4-remap,2,RX4,PC17,#,reference,candidates(datasheet-pin-table+rm-remap-grid:en)
CH32X035,afio-usart4-remap,2,TX4,PC16,#,reference,candidates(datasheet-pin-table+rm-remap-grid:en)
CH32X035,afio-usart4-remap,3,CK4,PB8,#,reference,candidates(datasheet-pin-table+rm-remap-grid:en)
CH32X035,afio-usart4-remap,3,CTS4,PA14,#,reference,candidates(datasheet-pin-table+rm-remap-grid:en)
CH32X035,afio-usart4-remap,3,RTS4,PA13,#,reference,candidates(datasheet-pin-table+rm-remap-grid:en)
CH32X035,afio-usart4-remap,3,RX4,PA10,#,reference,candidates(datasheet-pin-table+rm-remap-grid:en)
CH32X035,afio-usart4-remap,3,TX4,PB9,#,reference,candidates(datasheet-pin-table+rm-remap-grid:en)
CH32X035,afio-usart4-remap,4,CK4,PA8,#,reference,candidates(datasheet-pin-table+rm-remap-grid:en)
CH32X035,afio-usart4-remap,4,CTS4,PA5,#,reference,candidates(datasheet-pin-table+rm-remap-grid:en)
CH32X035,afio-usart4-remap,4,RTS4,PA6,#,reference,candidates(datasheet-pin-table+rm-remap-grid:en)
CH32X035,afio-usart4-remap,4,RX4,PC19,#,reference,candidates(datasheet-pin-table+rm-remap-grid:en)
CH32X035,afio-usart4-remap,4,TX4,PB13,#,reference,candidates(datasheet-pin-table+rm-remap-grid:en)
CH32X035,afio-usart4-remap,5,CK4,PB2,#,reference,candidates(datasheet-pin-table+rm-remap-grid:en)
CH32X035,afio-usart4-remap,5,CTS4,PB15,#,reference,candidates(datasheet-pin-table+rm-remap-grid:en)
CH32X035,afio-usart4-remap,5,RTS4,PA8,#,reference,candidates(datasheet-pin-table+rm-remap-grid:en)
CH32X035,afio-usart4-remap,5,RX4,PC16,#,reference,candidates(datasheet-pin-table+rm-remap-grid:en)
CH32X035,afio-usart4-remap,5,TX4,PC17,#,reference,candidates(datasheet-pin-table+rm-remap-grid:en)
CH32X315,afio-pd0-1-remap,0,PD0,XI,#,reference,candidates(datasheet-pin-table-default:en)
